file,prefix_replay_kwh,stored_prefix_kwh,last_prefix_bucket_available_ns,cut_ns,prefix_available_at_cut
BEV1_2024-07-24_drive1.csv,4.8932854895160046e-05,4.8932854895160046e-05,1721801548000000000,1721801547000000000,False
BEV1_2024-07-24_drive2.csv,0.00010056854265409147,0.000100568542654,1721833183000000000,1721833182000000000,False
BEV1_2024-07-25_drive1.csv,4.965819961805145e-05,4.965819961805145e-05,1721891025000000000,1721891024000000000,False
BEV1_2024-07-25_drive2.csv,5.005062622413081e-05,5.005062622413081e-05,1721922526000000000,1721922525000000000,False
BEV1_2024-07-25_drive3.csv,9.981426666172997e-05,9.981426666172996e-05,1721926321000000000,1721926320000000000,False
BEV1_2024-07-27_drive1.csv,4.9372302212020716e-05,4.937230221202072e-05,1722062071000000000,1722062070000000000,False
BEV1_2024-07-27_drive3.csv,0.0009338620234042926,0.0009338620234042,1722082154000000000,1722082153000000000,False
BEV1_2024-07-27_drive4.csv,0.00024755802120832323,0.0002475580212083,1722088422000000000,1722088421000000000,False
BEV1_2024-07-29_drive1.csv,4.926295636398787e-05,4.926295636398787e-05,1722233289000000000,1722233288000000000,False
BEV1_2024-07-29_drive2.csv,4.936936308860125e-05,4.936936308860125e-05,1722267542000000000,1722267541000000000,False
BEV1_2024-07-30_drive1.csv,4.915565497885765e-05,4.915565497885765e-05,1722321120000000000,1722321119000000000,False
BEV1_2024-07-30_drive2.csv,0.0013147808097762263,0.0013147808097762,1722352515000000000,1722352514000000000,False
BEV1_2024-07-31_drive1.csv,4.8760411245070645e-05,4.8760411245070645e-05,1722404880000000000,1722404879000000000,False
BEV1_2024-07-31_drive2.csv,9.899202310415875e-05,9.899202310415875e-05,1722437767000000000,1722437766000000000,False
BEV1_2024-07-31_drive3.csv,4.915695043083491e-05,4.915695043083491e-05,1722446735000000000,1722446734000000000,False
BEV1_2024-08-01_drive1.csv,4.863734226669683e-05,4.863734226669683e-05,1722493629000000000,1722493628000000000,False
BEV1_2024-08-01_drive2.csv,5.0178187722217504e-05,5.0178187722217504e-05,1722526584000000000,1722526583000000000,False
BEV1_2024-08-02_drive1.csv,4.942512260087077e-05,4.942512260087077e-05,1722587260000000000,1722587259000000000,False
BEV1_2024-08-06_drive1.csv,0.00011656070166390132,0.0001165607016639,1722958663000000000,1722958662000000000,False
BEV1_2024-08-06_drive2.csv,9.889854062779423e-05,9.889854062779424e-05,1722963751000000000,1722963750000000000,False
BEV1_2024-08-06_drive3.csv,0.0001357852722421908,0.0001357852722421,1722967803000000000,1722967802000000000,False
BEV1_2024-08-08_drive1.csv,4.938305728921679e-05,4.938305728921679e-05,1723093838000000000,1723093837000000000,False
BEV1_2024-08-10_drive1.csv,0.0001967401412915008,0.0001967401412915,1723270418000000000,1723270417000000000,False
BEV1_2024-08-10_drive2.csv,0.00012509047436110572,0.0001250904743611,1723273344000000000,1723273343000000000,False
BEV1_2024-08-10_drive3.csv,0.00014529700044877848,0.0001452970004487,1723285031000000000,1723285030000000000,False
BEV1_2024-08-10_drive4.csv,0.0003313074706736062,0.0003313074706736,1723317135000000000,1723317134000000000,False
BEV1_2024-08-10_drive5.csv,0.00012155278872221648,0.0001215527887222,1723329973000000000,1723329972000000000,False
BEV1_2024-08-11_drive1.csv,0.00015517669171565088,0.0001551766917156,1723357578000000000,1723357577000000000,False
BEV1_2024-08-11_drive2.csv,0.0002949306326152887,0.0002949306326152,1723361534000000000,1723361533000000000,False
BEV1_2024-08-11_drive3.csv,0.000817786006729162,0.0008177860067291,1723383497000000000,1723383496000000000,False
BEV1_2024-08-29_drive1.csv,0.0005672697198333285,0.0005672697198333,1724944859000000000,1724944858000000000,False
BEV1_2024-08-30_drive1.csv,5.005094617005796e-05,5.005094617005796e-05,1724999764000000000,1724999763000000000,False
BEV1_2024-08-30_drive2.csv,4.9304782035710306e-05,4.930478203571031e-05,1725007858000000000,1725007857000000000,False
BEV1_2024-08-31_drive1.csv,4.938093830909101e-05,4.938093830909101e-05,1725128903000000000,1725128902000000000,False
BEV1_2024-08-31_drive2.csv,4.935504945790812e-05,4.935504945790812e-05,1725137036000000000,1725137035000000000,False
BEV1_2024-09-01_drive1.csv,0.0003828223846705865,0.0003828223846705,1725178919000000000,1725178918000000000,False
BEV1_2024-09-01_drive2.csv,0.00029019965432638457,0.0002901996543263,1725186214000000000,1725186213000000000,False
BEV1_2024-09-01_drive3.csv,0.0007493655952547122,0.0007493655952547,1725197847000000000,1725197846000000000,False
BEV1_2024-09-01_drive4.csv,0.00020977936333332997,0.0002097793633333,1725205094000000000,1725205093000000000,False
BEV1_2024-09-01_drive5.csv,0.0003856667813819395,0.0003856667813819,1725214245000000000,1725214244000000000,False
BEV1_2024-09-02_drive1.csv,4.96137254166626e-05,4.96137254166626e-05,1725258190000000000,1725258189000000000,False
BEV1_2024-09-02_drive2.csv,9.896591456860714e-05,9.896591456860714e-05,1725292135000000000,1725292134000000000,False
BEV1_2024-09-03_drive1.csv,5.802866376412932e-05,5.802866376412932e-05,1725351479000000000,1725351478000000000,False
BEV1_2024-09-03_drive2.csv,0.0004012644266388834,0.0004012644266388,1725358053000000000,1725358052000000000,False
BEV1_2024-09-03_drive3.csv,0.0005837511051874955,0.0005837511051874,1725367288000000000,1725367287000000000,False
BEV1_2024-09-03_drive5.csv,9.668979965662639e-05,9.66897996566264e-05,1725381327000000000,1725381326000000000,False
BEV1_2024-09-03_drive6.csv,4.942404234113516e-05,4.942404234113516e-05,1725389465000000000,1725389464000000000,False
BEV1_2024-09-04_drive1.csv,4.929493555555163e-05,4.929493555555163e-05,1725429458000000000,1725429457000000000,False
BEV1_2024-09-04_drive2.csv,0.00011890464437499492,0.0001189046443749,1725463973000000000,1725463972000000000,False
BEV1_2024-09-17_drive1.csv,0.0036708194534379917,0.0036708194534379,1726588231000000000,1726588230000000000,False
BEV1_2024-09-18_drive1.csv,9.798146689814051e-05,9.798146689814052e-05,1726643141000000000,1726643140000000000,False
BEV1_2024-09-18_drive2.csv,4.989654911837782e-05,4.989654911837782e-05,1726674560000000000,1726674559000000000,False
BEV1_2024-09-18_drive3.csv,4.948494648989494e-05,4.948494648989494e-05,1726687170000000000,1726687169000000000,False
BEV1_2024-09-18_drive4.csv,0.00010047688880516374,0.0001004768888051,1726691241000000000,1726691240000000000,False
BEV1_2024-09-19_drive1.csv,4.925765434013221e-05,4.925765434013221e-05,1726727145000000000,1726727144000000000,False
BEV1_2024-09-19_drive2.csv,5.1674476763884984e-05,5.167447676388498e-05,1726757276000000000,1726757275000000000,False
BEV1_2024-09-20_drive1.csv,9.842512975650324e-05,9.842512975650324e-05,1726811475000000000,1726811474000000000,False
BEV1_2024-09-20_drive2.csv,5.0006634663678154e-05,5.000663466367816e-05,1726834494000000000,1726834493000000000,False
BEV1_2024-09-20_drive3.csv,4.9173616337675685e-05,4.9173616337675685e-05,1726846656000000000,1726846655000000000,False
BEV1_2024-09-21_drive1.csv,4.9219758348897687e-05,4.9219758348897687e-05,1726906765000000000,1726906764000000000,False
BEV1_2024-09-21_drive2.csv,0.00033943200556201333,0.000339432005562,1726934825000000000,1726934824000000000,False
BEV1_2024-09-22_drive1.csv,4.90924741745612e-05,4.90924741745612e-05,1726996002000000000,1726996001000000000,False
BEV1_2024-09-22_drive2.csv,5.5500071874995736e-05,5.5500071874995736e-05,1727015329000000000,1727015328000000000,False
BEV1_2024-09-23_drive1.csv,4.8898972497456606e-05,4.8898972497456606e-05,1727071093000000000,1727071092000000000,False
BEV1_2024-09-23_drive2.csv,9.993683231007125e-05,9.993683231007125e-05,1727106524000000000,1727106523000000000,False
BEV1_2024-09-24_drive1.csv,9.730857313500381e-05,9.73085731350038e-05,1727164957000000000,1727164956000000000,False
BEV1_2024-09-24_drive2.csv,4.886807403771822e-05,4.886807403771822e-05,1727175778000000000,1727175777000000000,False
BEV1_2024-09-24_drive3.csv,9.771204666395356e-05,9.771204666395356e-05,1727193382000000000,1727193381000000000,False
BEV1_2024-09-25_drive1.csv,9.830898235390994e-05,9.830898235390994e-05,1727247766000000000,1727247765000000000,False
BEV1_2024-09-25_drive2.csv,0.00015944658250758646,0.0001594465825075,1727277799000000000,1727277798000000000,False
BEV1_2024-09-26_drive1.csv,9.890656491704414e-05,9.890656491704414e-05,1727329136000000000,1727329135000000000,False
BEV1_2024-09-26_drive2.csv,9.860549751036519e-05,9.86054975103652e-05,1727364817000000000,1727364816000000000,False
BEV1_2024-09-27_drive1.csv,4.970651870772567e-05,4.970651870772567e-05,1727416116000000000,1727416115000000000,False
BEV1_2024-10-01_drive1.csv,9.811565935717883e-05,9.811565935717885e-05,1727800627000000000,1727800626000000000,False
BEV1_2024-10-02_drive1.csv,9.850313558365417e-05,9.850313558365416e-05,1727852826000000000,1727852825000000000,False
BEV1_2024-10-02_drive2.csv,0.00010313300486805208,0.000103133004868,1727861980000000000,1727861979000000000,False
BEV1_2024-10-02_drive3.csv,4.916075279390723e-05,4.916075279390723e-05,1727878021000000000,1727878020000000000,False
BEV1_2024-10-03_drive1.csv,9.655482772915878e-05,9.655482772915878e-05,1727935615000000000,1727935614000000000,False
BEV1_2024-10-03_drive2.csv,5.276855247446594e-05,5.276855247446594e-05,1727951698000000000,1727951697000000000,False
BEV1_2024-10-03_drive3.csv,4.9987620527773494e-05,4.998762052777349e-05,1727970908000000000,1727970907000000000,False
BEV1_2024-10-04_drive1.csv,9.629678489284832e-05,9.629678489284832e-05,1728021194000000000,1728021193000000000,False
BEV1_2024-10-20_drive1.csv,4.891288394994685e-05,4.891288394994685e-05,1729418328000000000,1729418327000000000,False
BEV1_2024-10-20_drive2.csv,4.891084030249563e-05,4.891084030249563e-05,1729423429000000000,1729423428000000000,False
BEV1_2024-10-22_drive1.csv,9.820470164553384e-05,9.820470164553384e-05,1729575852000000000,1729575851000000000,False
BEV1_2024-10-22_drive2.csv,0.00012882308904165894,0.0001288230890416,1729608832000000000,1729608831000000000,False
BEV1_2024-10-24_drive1.csv,9.736465475925271e-05,9.736465475925271e-05,1729749762000000000,1729749761000000000,False
BEV1_2024-10-24_drive2.csv,4.952318097373978e-05,4.952318097373978e-05,1729782723000000000,1729782722000000000,False
BEV1_2024-10-24_drive3.csv,5.192488892600944e-05,5.192488892600944e-05,1729798989000000000,1729798988000000000,False
BEV1_2024-10-25_drive1.csv,9.843677878967713e-05,9.843677878967712e-05,1729836282000000000,1729836281000000000,False
BEV1_2024-10-25_drive2.csv,0.0001000041050153009,0.0001000041050153,1729868291000000000,1729868290000000000,False
BEV1_2024-10-27_drive1.csv,0.00014084962533585078,0.0001408496253358,1730025989000000000,1730025988000000000,False
BEV1_2024-10-27_drive2.csv,9.447237355775187e-05,9.447237355775188e-05,1730035116000000000,1730035115000000000,False
BEV1_2024-10-27_drive3.csv,9.849911104760974e-05,9.849911104760974e-05,1730056446000000000,1730056445000000000,False
BEV1_2024-10-28_drive1.csv,9.804754980859856e-05,9.804754980859856e-05,1730099310000000000,1730099309000000000,False
BEV1_2024-10-28_drive2.csv,4.904293680654915e-05,4.904293680654915e-05,1730130917000000000,1730130916000000000,False
BEV1_2024-10-29_drive1.csv,9.84028656827778e-05,9.84028656827778e-05,1730183210000000000,1730183209000000000,False
BEV1_2024-10-29_drive2.csv,7.8714262858478e-05,7.8714262858478e-05,1730220931000000000,1730220930000000000,False
BEV1_2024-10-30_drive1.csv,4.762944096527316e-05,4.762944096527316e-05,1730290198000000000,1730290197000000000,False
BEV1_2024-10-30_drive2.csv,4.9288632568812225e-05,4.928863256881223e-05,1730306250000000000,1730306249000000000,False
BEV1_2024-10-31_drive1.csv,4.795609803471737e-05,4.795609803471737e-05,1730361182000000000,1730361181000000000,False
BEV1_2024-10-31_drive2.csv,0.00028093673146527243,0.0002809367314652,1730381212000000000,1730381211000000000,False
BEV1_2024-10-31_drive3.csv,8.399209852082768e-05,8.399209852082768e-05,1730386320000000000,1730386319000000000,False
BEV1_2024-10-31_drive4.csv,0.00018154544843446084,0.0001815454484344,1730391517000000000,1730391516000000000,False
BEV1_2024-10-31_drive5.csv,0.00025957433128205414,0.000259574331282,1730396721000000000,1730396720000000000,False
BEV1_2024-11-01_drive1.csv,0.0004921668259486483,0.0004921668259486,1730473663000000000,1730473662000000000,False
BEV1_2024-11-02_drive1.csv,0.00054848211826192,0.0005484821182619,1730539876000000000,1730539875000000000,False
BEV1_2024-11-02_drive2.csv,0.00033937946699136594,0.0003393794669913,1730548126000000000,1730548125000000000,False
BEV1_2024-11-02_drive3.csv,0.00019202910888888437,0.0001920291088888,1730554000000000000,1730553999000000000,False
BEV1_2024-11-02_drive4.csv,0.0001291056090740684,0.000129105609074,1730568924000000000,1730568923000000000,False
BEV1_2024-11-02_drive5.csv,1.6908381958330434e-05,1.6908381958330434e-05,1730576260000000000,1730576259000000000,False
BEV1_2024-11-04_drive2.csv,0.00036398475762655186,0.0003639847576265,1730737894000000000,1730737893000000000,False
BEV1_2024-11-05_drive1.csv,0.0003256385476358276,0.0003256385476358,1730789256000000000,1730789255000000000,False
BEV1_2024-11-05_drive2.csv,0.000696356667385518,0.0006963566673855,1730824950000000000,1730824949000000000,False
BEV1_2024-11-06_drive1.csv,7.248514993248103e-05,7.248514993248103e-05,1730881447000000000,1730881446000000000,False
BEV1_2024-11-06_drive3.csv,0.00010637643722018123,0.0001063764372201,1730919129000000000,1730919128000000000,False
BEV1_2024-11-06_drive4.csv,0.00019714985462587393,0.0001971498546258,1730923697000000000,1730923696000000000,False
BEV1_2024-11-07_drive1.csv,0.0001331232454386087,0.0001331232454386,1730964713000000000,1730964712000000000,False
BEV1_2024-11-07_drive2.csv,0.00020601636777952287,0.0002060163677795,1730997131000000000,1730997130000000000,False
BEV1_2024-11-08_drive1.csv,8.884002468200798e-05,8.884002468200798e-05,1731056599000000000,1731056598000000000,False
BEV1_2024-11-08_drive2.csv,0.0001597390035537872,0.0001597390035537,1731067758000000000,1731067757000000000,False
BEV1_2024-11-08_drive3.csv,0.0002629651614936229,0.0002629651614936,1731088169000000000,1731088168000000000,False
BEV1_2024-11-08_drive4.csv,0.000231794924185695,0.0002317949241856,1731106387000000000,1731106386000000000,False
BEV1_2024-11-10_drive1.csv,0.0001376049419480182,0.000137604941948,1731254329000000000,1731254328000000000,False
BEV1_2024-11-10_drive2.csv,0.00011613842827539306,0.0001161384282753,1731258285000000000,1731258284000000000,False
BEV1_2024-11-10_drive3.csv,0.00010418308305800172,0.000104183083058,1731267958000000000,1731267957000000000,False
BEV1_2024-11-10_drive4.csv,0.000146618568000703,0.0001466185680007,1731270643000000000,1731270642000000000,False
BEV1_2024-11-11_drive1.csv,0.00011308722713425399,0.0001130872271342,1731322216000000000,1731322215000000000,False
BEV1_2024-11-11_drive2.csv,0.00017200159737473407,0.0001720015973747,1731343883000000000,1731343882000000000,False
BEV1_2024-11-11_drive3.csv,0.00019260716080349348,0.0001926071608034,1731344484000000000,1731344483000000000,False
BEV1_2024-11-11_drive4.csv,0.00010619071509166577,0.0001061907150916,1731347963000000000,1731347962000000000,False
BEV1_2024-11-12_drive1.csv,7.404791856022454e-05,7.404791856022454e-05,1731394894000000000,1731394893000000000,False
BEV1_2024-11-12_drive2.csv,0.0001840889617079596,0.0001840889617079,1731429774000000000,1731429773000000000,False
BEV1_2024-11-13_drive1.csv,0.00038909081109020523,0.0003890908110902,1731483811000000000,1731483810000000000,False
BEV1_2024-11-13_drive2.csv,0.00018513329908757258,0.0001851332990875,1731516090000000000,1731516089000000000,False
BEV1_2024-11-13_drive3.csv,0.00023004845002458645,0.0002300484500245,1731521232000000000,1731521231000000000,False
BEV1_2024-11-13_drive4.csv,0.00022067016922656864,0.0002206701692265,1731534107000000000,1731534106000000000,False
BEV1_2024-11-14_drive1.csv,0.0001071134741714845,0.0001071134741714,1731567187000000000,1731567186000000000,False
BEV1_2024-11-14_drive2.csv,0.0001490593678142055,0.0001490593678142,1731578375000000000,1731578374000000000,False
BEV1_2024-11-14_drive3.csv,0.00027398154848502803,0.000273981548485,1731600368000000000,1731600367000000000,False
BEV1_2024-11-15_drive1.csv,7.603876641097631e-05,7.603876641097631e-05,1731681556000000000,1731681555000000000,False
BEV1_2024-11-17_drive1.csv,0.0004313336904793429,0.0004313336904793,1731883304000000000,1731883303000000000,False
BEV1_2024-11-17_drive2.csv,0.0004544508212013843,0.0004544508212013,1731885758000000000,1731885757000000000,False
BEV1_2024-11-18_drive1.csv,8.923954377288546e-05,8.923954377288546e-05,1731915434000000000,1731915433000000000,False
BEV1_2024-11-18_drive2.csv,0.00045457414565392817,0.0004545741456539,1731946173000000000,1731946172000000000,False
BEV1_2024-11-18_drive3.csv,0.00045680025577192875,0.0004568002557719,1731947952000000000,1731947951000000000,False
BEV1_2024-11-19_drive1.csv,0.00027545775820820987,0.0002754577582082,1732001260000000000,1732001259000000000,False
BEV1_2024-11-19_drive2.csv,0.00026062995521998077,0.0002606299552199,1732032552000000000,1732032551000000000,False
BEV1_2024-11-20_drive1.csv,0.00013961531745361385,0.0001396153174536,1732089008000000000,1732089007000000000,False
BEV1_2024-11-20_drive2.csv,0.0002743125993621361,0.0002743125993621,1732121600000000000,1732121599000000000,False
BEV1_2024-11-20_drive3.csv,0.00016570024085879083,0.0001657002408587,1732126664000000000,1732126663000000000,False
BEV1_2024-11-20_drive4.csv,0.0007315208267435164,0.0007315208267435,1732132958000000000,1732132957000000000,False
BEV1_2024-11-21_drive1.csv,0.00026219628301757793,0.0002621962830175,1732170426000000000,1732170425000000000,False
BEV1_2024-11-21_drive2.csv,0.00012448977275526438,0.0001244897727552,1732199335000000000,1732199334000000000,False
BEV1_2024-11-21_drive3.csv,7.304871098503153e-05,7.304871098503153e-05,1732211708000000000,1732211707000000000,False
BEV1_2024-11-21_drive4.csv,0.00013701164027815515,0.0001370116402781,1732219730000000000,1732219729000000000,False
BEV1_2024-11-22_drive1.csv,0.00021689048901343512,0.0002168904890134,1732267108000000000,1732267107000000000,False
BEV1_2024-11-22_drive2.csv,0.00020038462359821133,0.0002003846235982,1732275303000000000,1732275302000000000,False
BEV1_2024-11-22_drive4.csv,7.975805986554356e-05,7.975805986554356e-05,1732297412000000000,1732297411000000000,False
BEV1_2024-11-22_drive5.csv,0.0012293890509640748,0.001229389050964,1732309427000000000,1732309426000000000,False
BEV1_2024-11-23_drive1.csv,0.000239158570696685,0.0002391585706966,1732368184000000000,1732368183000000000,False
BEV1_2024-11-23_drive2.csv,0.00010198798663548362,0.0001019879866354,1732369184000000000,1732369183000000000,False
BEV1_2024-11-23_drive3.csv,0.000711090964034078,0.000711090964034,1732380558000000000,1732380557000000000,False
BEV1_2024-11-23_drive4.csv,6.842239231874203e-05,6.842239231874203e-05,1732383741000000000,1732383740000000000,False
BEV1_2024-11-24_drive1.csv,0.0001364980173914188,0.0001364980173914,1732442891000000000,1732442890000000000,False
BEV1_2024-11-24_drive2.csv,0.00010838149957312415,0.0001083814995731,1732443893000000000,1732443892000000000,False
BEV1_2024-11-25_drive1.csv,0.0007224595081033207,0.0007224595081033,1732519627000000000,1732519626000000000,False
BEV1_2024-11-25_drive2.csv,9.309105468691261e-05,9.30910546869126e-05,1732537991000000000,1732537990000000000,False
BEV1_2024-11-25_drive3.csv,0.00017421579834097582,0.0001742157983409,1732542462000000000,1732542461000000000,False
BEV1_2024-11-25_drive4.csv,0.0001993422996691462,0.0001993422996691,1732553131000000000,1732553130000000000,False
BEV1_2024-11-26_drive1.csv,0.00023690955986470727,0.0002369095598647,1732606016000000000,1732606015000000000,False
BEV1_2024-11-26_drive2.csv,0.00010598261443224559,0.0001059826144322,1732637226000000000,1732637225000000000,False
BEV1_2024-11-28_drive1.csv,0.00010259485862195297,0.0001025948586219,1732777893000000000,1732777892000000000,False
BEV1_2024-11-28_drive2.csv,7.108980166005618e-05,7.108980166005618e-05,1732793639000000000,1732793638000000000,False
BEV1_2024-11-28_drive3.csv,0.000110547745621716,0.0001105477456217,1732805035000000000,1732805034000000000,False
BEV1_2024-11-28_drive4.csv,6.938361315620461e-05,6.938361315620461e-05,1732813638000000000,1732813637000000000,False
BEV1_2024-11-28_drive5.csv,0.00035198637270747853,0.0003519863727074,1732822720000000000,1732822719000000000,False
BEV1_2024-11-29_drive1.csv,0.00010343166907449895,0.0001034316690744,1732862640000000000,1732862639000000000,False
BEV1_2024-11-29_drive2.csv,0.00010413561453237572,0.0001041356145323,1732897946000000000,1732897945000000000,False
BEV1_2024-11-30_drive1.csv,0.00022252589370390008,0.0002225258937039,1732964492000000000,1732964491000000000,False
BEV1_2024-11-30_drive2.csv,0.0002291103652300515,0.00022911036523,1732965661000000000,1732965660000000000,False
BEV1_2024-11-30_drive3.csv,0.00011494261890206263,0.000114942618902,1732969312000000000,1732969311000000000,False
BEV1_2024-11-30_drive4.csv,0.00016368672452825027,0.0001636867245282,1732973458000000000,1732973457000000000,False
BEV1_2024-12-01_drive1.csv,0.00010835070123376747,0.0001083507012337,1733068776000000000,1733068775000000000,False
BEV1_2024-12-01_drive2.csv,0.00010779795388285068,0.0001077979538828,1733069883000000000,1733069882000000000,False
BEV1_2024-12-01_drive3.csv,0.00012869508217828792,0.0001286950821782,1733073113000000000,1733073112000000000,False
BEV1_2024-12-01_drive4.csv,0.00014633773646780223,0.0001463377364678,1733074872000000000,1733074871000000000,False
BEV1_2024-12-01_drive5.csv,0.00014860495082427472,0.0001486049508242,1733075513000000000,1733075512000000000,False
BEV1_2024-12-01_drive6.csv,0.00029337331320806624,0.000293373313208,1733077526000000000,1733077525000000000,False
BEV1_2024-12-02_drive1.csv,0.0002505987083139533,0.0002505987083139,1733125031000000000,1733125030000000000,False
BEV1_2024-12-02_drive2.csv,0.0003993170433461223,0.0003993170433461,1733156552000000000,1733156551000000000,False
BEV1_2024-12-02_drive3.csv,0.00037813454928064096,0.0003781345492806,1733160750000000000,1733160749000000000,False
BEV1_2024-12-02_drive4.csv,0.0003023453866145029,0.0003023453866145,1733161580000000000,1733161579000000000,False
BEV1_2024-12-02_drive5.csv,0.00029833408535518476,0.0002983340853551,1733162791000000000,1733162790000000000,False
BEV1_2024-12-02_drive6.csv,0.00014104903910416196,0.0001410490391041,1733169788000000000,1733169787000000000,False
BEV1_2024-12-03_drive1.csv,0.00013209456117553424,0.0001320945611755,1733209065000000000,1733209064000000000,False
BEV1_2024-12-03_drive2.csv,0.0001374575405362754,0.0001374575405362,1733231960000000000,1733231959000000000,False
BEV1_2024-12-03_drive3.csv,0.00025474084084740076,0.0002547408408474,1733236852000000000,1733236851000000000,False
BEV1_2024-12-03_drive4.csv,0.00010875303538793728,0.0001087530353879,1733240299000000000,1733240298000000000,False
BEV1_2024-12-04_drive1.csv,0.00012265210034346602,0.0001226521003434,1733329900000000000,1733329899000000000,False
BEV1_2024-12-04_drive2.csv,0.0002158789682610508,0.000215878968261,1733332778000000000,1733332777000000000,False
BEV1_2024-12-04_drive3.csv,0.0001266028011720627,0.000126602801172,1733338102000000000,1733338101000000000,False
BEV1_2024-12-05_drive1.csv,0.00013187156520408355,0.000131871565204,1733384382000000000,1733384381000000000,False
BEV1_2024-12-05_drive2.csv,0.00038535136907963863,0.0003853513690796,1733416472000000000,1733416471000000000,False
BEV1_2024-12-05_drive3.csv,9.901314477005954e-05,9.901314477005954e-05,1733418045000000000,1733418044000000000,False
BEV1_2024-12-05_drive4.csv,4.15857949236073e-05,4.15857949236073e-05,1733419313000000000,1733419312000000000,False
BEV1_2024-12-06_drive1.csv,0.0001723469093065888,0.0001723469093065,1733468210000000000,1733468209000000000,False
BEV1_2024-12-06_drive2.csv,9.520246782348774e-05,9.520246782348774e-05,1733500657000000000,1733500656000000000,False
BEV1_2024-12-06_drive3.csv,0.0003912438481562153,0.0003912438481562,1733508251000000000,1733508250000000000,False
BEV1_2024-12-06_drive4.csv,0.0002890491304197987,0.0002890491304197,1733525346000000000,1733525345000000000,False
BEV1_2024-12-07_drive1.csv,0.00038236876848898085,0.0003823687684889,1733567512000000000,1733567511000000000,False
BEV1_2024-12-07_drive3.csv,0.00024218296696477753,0.0002421829669647,1733584777000000000,1733584776000000000,False
BEV1_2024-12-07_drive4.csv,0.00023321711163888542,0.0002332171116388,1733591069000000000,1733591068000000000,False
BEV1_2024-12-08_drive1.csv,0.00021368114453569783,0.0002136811445356,1733616068000000000,1733616067000000000,False
BEV1_2024-12-08_drive2.csv,0.00022234460939411018,0.0002223446093941,1733658532000000000,1733658531000000000,False
BEV1_2024-12-08_drive3.csv,0.0006720011667343138,0.0006720011667343,1733667879000000000,1733667878000000000,False
BEV1_2024-12-08_drive4.csv,0.00011520255036110622,0.0001152025503611,1733672684000000000,1733672683000000000,False
BEV1_2024-12-09_drive1.csv,0.00013140066337782364,0.0001314006633778,1733732099000000000,1733732098000000000,False
BEV1_2024-12-09_drive2.csv,8.780341711805138e-05,8.780341711805138e-05,1733738739000000000,1733738738000000000,False
BEV1_2024-12-09_drive3.csv,0.00020739312011115014,0.0002073931201111,1733750784000000000,1733750783000000000,False
BEV1_2024-12-09_drive4.csv,0.00011004008574274902,0.0001100400857427,1733758679000000000,1733758678000000000,False
BEV1_2024-12-09_drive5.csv,0.00028883236700759835,0.0002888323670075,1733761120000000000,1733761119000000000,False
BEV1_2024-12-09_drive6.csv,0.00016729083740206398,0.000167290837402,1733764109000000000,1733764108000000000,False
BEV1_2024-12-10_drive1.csv,0.00018744663288933468,0.0001874466328893,1733821431000000000,1733821430000000000,False
BEV1_2024-12-10_drive2.csv,0.0001544718628428493,0.0001544718628428,1733822420000000000,1733822419000000000,False
BEV1_2024-12-10_drive3.csv,0.00010403948607203357,0.000104039486072,1733848799000000000,1733848798000000000,False
BEV1_2024-12-10_drive4.csv,0.0003288147498299268,0.0003288147498299,1733858534000000000,1733858533000000000,False
BEV1_2024-12-11_drive1.csv,0.0004281928606781305,0.0004281928606781,1733900854000000000,1733900853000000000,False
BEV1_2024-12-11_drive2.csv,0.0002977966404998537,0.0002977966404998,1733932834000000000,1733932833000000000,False
BEV1_2024-12-11_drive3.csv,0.00012232475563888335,0.0001223247556388,1733950976000000000,1733950975000000000,False
BEV1_2024-12-12_drive1.csv,0.00010326300192034881,0.0001032630019203,1733992139000000000,1733992138000000000,False
BEV1_2024-12-12_drive2.csv,0.00012954408659012726,0.0001295440865901,1734001401000000000,1734001400000000000,False
BEV1_2024-12-12_drive3.csv,0.00021711552354268543,0.0002171155235426,1734014303000000000,1734014302000000000,False
BEV1_2025-01-07_drive1.csv,0.0005960687187561723,0.0005960687187561,1736233735000000000,1736233734000000000,False
BEV1_2025-01-07_drive2.csv,0.00024483780790630574,0.0002448378079063,1736266821000000000,1736266820000000000,False
BEV1_2025-01-07_drive3.csv,0.0004176329385665012,0.0004176329385665,1736270877000000000,1736270876000000000,False
BEV1_2025-01-08_drive1.csv,0.00024875674110107633,0.000248756741101,1736321669000000000,1736321668000000000,False
BEV1_2025-01-08_drive2.csv,0.00017892530385128915,0.0001789253038512,1736354227000000000,1736354226000000000,False
BEV1_2025-01-08_drive3.csv,0.00042906665786805065,0.000429066657868,1736371923000000000,1736371922000000000,False
BEV1_2025-01-09_drive1.csv,0.0002179793088560963,0.000217979308856,1736405230000000000,1736405229000000000,False
BEV1_2025-01-09_drive2.csv,0.0018708597153703176,0.0018708597153703,1736437952000000000,1736437951000000000,False
BEV1_2025-01-12_drive1.csv,0.00020577909261451058,0.0002057790926145,1736689765000000000,1736689764000000000,False
BEV1_2025-01-12_drive2.csv,0.00013028539877777247,0.0001302853987777,1736700606000000000,1736700605000000000,False
BEV1_2025-01-13_drive1.csv,0.0001688593271616592,0.0001688593271616,1736752158000000000,1736752157000000000,False
BEV1_2025-01-13_drive2.csv,0.00018727470121775923,0.0001872747012177,1736784933000000000,1736784932000000000,False
BEV1_2025-01-14_drive1.csv,0.0001853552821266236,0.0001853552821266,1736840036000000000,1736840035000000000,False
BEV1_2025-01-14_drive2.csv,0.0007481403991877744,0.0007481403991877,1736871475000000000,1736871474000000000,False
BEV1_2025-01-14_drive3.csv,0.0004930944569744817,0.0004930944569744,1736875208000000000,1736875207000000000,False
BEV1_2025-01-15_drive1.csv,0.00017947546286601492,0.000179475462866,1736966293000000000,1736966292000000000,False
BEV1_2025-01-15_drive2.csv,0.00018160435858523654,0.0001816043585852,1736968499000000000,1736968498000000000,False
BEV1_2025-01-16_drive1.csv,0.00019143494803394674,0.0001914349480339,1737013439000000000,1737013438000000000,False
BEV1_2025-01-16_drive2.csv,0.0003533108085822102,0.0003533108085822,1737046308000000000,1737046307000000000,False
BEV1_2025-01-16_drive3.csv,0.00019873553038781452,0.0001987355303878,1737049486000000000,1737049485000000000,False
BEV1_2025-01-16_drive4.csv,0.00046518596733148955,0.0004651859673314,1737061970000000000,1737061969000000000,False
BEV1_2025-01-17_drive1.csv,0.0001189541264534625,0.0001189541264534,1737135733000000000,1737135732000000000,False
BEV1_2025-01-17_drive2.csv,0.00033892541090570704,0.0003389254109057,1737142628000000000,1737142627000000000,False
BEV1_2025-01-18_drive1.csv,0.0001840326871490862,0.000184032687149,1737192069000000000,1737192068000000000,False
BEV1_2025-01-18_drive2.csv,0.00011273793637197627,0.0001127379363719,1737222299000000000,1737222298000000000,False
BEV1_2025-01-18_drive3.csv,0.00042138242678968496,0.0004213824267896,1737224126000000000,1737224125000000000,False
BEV1_2025-01-18_drive4.csv,0.0007188657246273058,0.0007188657246273,1737233223000000000,1737233222000000000,False
BEV1_2025-01-19_drive1.csv,0.00033775660557873265,0.0003377566055787,1737289469000000000,1737289468000000000,False
BEV1_2025-01-19_drive3.csv,0.00015622940675826455,0.0001562294067582,1737292020000000000,1737292019000000000,False
BEV1_2025-01-19_drive4.csv,0.00010741484335357899,0.0001074148433535,1737292862000000000,1737292861000000000,False
BEV1_2025-01-19_drive5.csv,0.0004158163821386155,0.0004158163821386,1737319696000000000,1737319695000000000,False
BEV1_2025-01-20_drive1.csv,0.0003599172071987089,0.0003599172071987,1737386110000000000,1737386109000000000,False
BEV1_2025-01-20_drive2.csv,0.0007362851468085041,0.0007362851468085,1737388615000000000,1737388614000000000,False
BEV1_2025-01-21_drive1.csv,0.000366340183334249,0.0003663401833342,1737445079000000000,1737445078000000000,False
BEV1_2025-01-21_drive2.csv,0.0006894705643295848,0.0006894705643295,1737477177000000000,1737477176000000000,False
BEV1_2025-01-22_drive1.csv,0.00020951718172106947,0.000209517181721,1737528349000000000,1737528348000000000,False
BEV1_2025-01-22_drive2.csv,0.0007335998090704501,0.0007335998090704,1737560795000000000,1737560794000000000,False
BEV1_2025-01-22_drive3.csv,0.0002686518146126486,0.0002686518146126,1737582879000000000,1737582878000000000,False
BEV1_2025-01-23_drive1.csv,0.00032713338362138863,0.0003271333836213,1737616865000000000,1737616864000000000,False
BEV1_2025-01-23_drive2.csv,0.0002311584222285486,0.0002311584222285,1737647403000000000,1737647402000000000,False
BEV1_2025-01-23_drive3.csv,0.00015473310888447525,0.0001547331088844,1737649483000000000,1737649482000000000,False
BEV1_2025-01-23_drive4.csv,0.00015773944507086783,0.0001577394450708,1737651188000000000,1737651187000000000,False
BEV1_2025-01-23_drive5.csv,0.0002122695428369953,0.0002122695428369,1737654480000000000,1737654479000000000,False
BEV1_2025-01-23_drive6.csv,0.00035798266495889574,0.0003579826649588,1737665979000000000,1737665978000000000,False
BEV1_2025-01-27_drive1.csv,0.00027102614208341426,0.0002710261420834,1737962593000000000,1737962592000000000,False
BEV1_2025-01-27_drive2.csv,0.000140706731076898,0.0001407067310768,1737991152000000000,1737991151000000000,False
BEV1_2025-01-27_drive3.csv,0.0001639775977110722,0.000163977597711,1737999331000000000,1737999330000000000,False
BEV1_2025-01-27_drive4.csv,0.00022419422566207666,0.000224194225662,1738002263000000000,1738002262000000000,False
BEV1_2025-01-27_drive5.csv,0.00014441051259044558,0.0001444105125904,1738003204000000000,1738003203000000000,False
BEV1_2025-01-27_drive6.csv,0.0001426959346865299,0.0001426959346865,1738014866000000000,1738014865000000000,False
BEV1_2025-01-28_drive1.csv,0.00043656662113283787,0.0004365666211328,1738061475000000000,1738061474000000000,False
BEV1_2025-01-28_drive2.csv,8.434668172616094e-05,8.434668172616094e-05,1738081308000000000,1738081307000000000,False
BEV1_2025-01-29_drive1.csv,0.0002623844078405123,0.0002623844078405,1738133291000000000,1738133290000000000,False
BEV1_2025-01-29_drive2.csv,6.998860993237392e-05,6.998860993237392e-05,1738168077000000000,1738168076000000000,False
BEV1_2025-01-29_drive3.csv,0.00019912847907910733,0.0001991284790791,1738176422000000000,1738176421000000000,False
BEV1_2025-01-30_drive1.csv,0.00011297209160486809,0.0001129720916048,1738220858000000000,1738220857000000000,False
BEV1_2025-01-30_drive2.csv,0.00010619566977618682,0.0001061956697761,1738253824000000000,1738253823000000000,False
BEV1_2025-01-30_drive3.csv,0.0002000019417123208,0.0002000019417123,1738259348000000000,1738259347000000000,False
BEV1_2025-01-30_drive4.csv,0.00020510215400128108,0.0002051021540012,1738269078000000000,1738269077000000000,False
BEV1_2025-01-31_drive1.csv,0.00011756597337737365,0.0001175659733773,1738309896000000000,1738309895000000000,False
BEV1_2025-01-31_drive2.csv,0.0002469584112399097,0.0002469584112399,1738321732000000000,1738321731000000000,False
BEV1_2025-01-31_drive3.csv,0.00016489173320910003,0.0001648917332091,1738322268000000000,1738322267000000000,False
BEV1_2025-01-31_drive4.csv,0.00021020121069634717,0.0002102012106963,1738325673000000000,1738325672000000000,False
BEV1_2025-01-31_drive5.csv,0.00023582064723301385,0.000235820647233,1738333588000000000,1738333587000000000,False
BEV1_2025-01-31_drive6.csv,0.00017598797182621272,0.0001759879718262,1738339568000000000,1738339567000000000,False
BEV1_2025-02-02_drive1.csv,0.0001547600018662188,0.0001547600018662,1738502902000000000,1738502901000000000,False
BEV1_2025-02-02_drive2.csv,0.00011114226031850799,0.0001111422603185,1738504057000000000,1738504056000000000,False
BEV1_2025-02-02_drive3.csv,0.00014942723474772266,0.0001494272347477,1738505426000000000,1738505425000000000,False
BEV1_2025-02-02_drive4.csv,0.000151495670463257,0.0001514956704632,1738510638000000000,1738510637000000000,False
BEV1_2025-02-02_drive6.csv,0.00033727497998654833,0.0003372749799865,1738525699000000000,1738525698000000000,False
BEV1_2025-02-03_drive1.csv,9.327738588712805e-05,9.327738588712805e-05,1738566642000000000,1738566641000000000,False
BEV1_2025-02-03_drive2.csv,0.00021415791594033012,0.0002141579159403,1738597229000000000,1738597228000000000,False
BEV1_2025-02-03_drive3.csv,0.0014674737855555511,0.0014674737855555,1738606432000000000,1738606431000000000,False
BEV1_2025-02-04_drive1.csv,0.00017732907269521136,0.0001773290726952,1738653055000000000,1738653054000000000,False
BEV1_2025-02-04_drive2.csv,7.839213303924797e-05,7.839213303924797e-05,1738683967000000000,1738683966000000000,False
BEV1_2025-02-04_drive3.csv,0.00021832538702308508,0.000218325387023,1738694269000000000,1738694268000000000,False
BEV1_2025-02-05_drive1.csv,0.0002083216785680305,0.000208321678568,1738740082000000000,1738740081000000000,False
BEV1_2025-02-05_drive2.csv,0.0017802306634722136,0.0017802306634722,1738774947000000000,1738774946000000000,False
BEV1_2025-02-05_drive3.csv,0.0001055073490398325,0.0001055073490398,1738777726000000000,1738777725000000000,False
BEV1_2025-02-06_drive1.csv,0.00021423338412358497,0.0002142333841235,1738825078000000000,1738825077000000000,False
BEV1_2025-02-06_drive2.csv,0.00010620795542291138,0.0001062079554229,1738860006000000000,1738860005000000000,False
BEV1_2025-02-07_drive1.csv,0.00023841956494493745,0.0002384195649449,1738910093000000000,1738910092000000000,False
BEV1_2025-02-07_drive2.csv,0.0016338252410624955,0.0016338252410624,1738915318000000000,1738915317000000000,False
BEV1_2025-02-09_drive1.csv,0.00033230728591269386,0.0003323072859126,1739136664000000000,1739136663000000000,False
BEV1_2025-02-09_drive2.csv,0.0001111146824574916,0.0001111146824574,1739140620000000000,1739140619000000000,False
BEV1_2025-02-10_drive1.csv,0.0003349686711486032,0.0003349686711486,1739194708000000000,1739194707000000000,False
BEV1_2025-02-10_drive2.csv,0.0002739316581352866,0.0002739316581352,1739196677000000000,1739196676000000000,False
BEV1_2025-02-10_drive3.csv,0.0003402645873234909,0.0003402645873234,1739206850000000000,1739206849000000000,False
BEV1_2025-02-10_drive4.csv,0.0002878087293077219,0.0002878087293077,1739208613000000000,1739208612000000000,False
BEV1_2025-02-10_drive5.csv,0.000137314675428408,0.0001373146754284,1739215961000000000,1739215960000000000,False
BEV1_2025-02-11_drive1.csv,0.000340470018740637,0.0003404700187406,1739256860000000000,1739256859000000000,False
BEV1_2025-02-11_drive2.csv,0.0003296213131808514,0.0003296213131808,1739289675000000000,1739289674000000000,False
BEV1_2025-02-11_drive3.csv,0.0003902396436805454,0.0003902396436805,1739299566000000000,1739299565000000000,False
BEV1_2025-02-12_drive1.csv,0.00038111498776561116,0.0003811149877656,1739344779000000000,1739344778000000000,False
BEV1_2025-02-12_drive2.csv,0.00023137170839989416,0.0002313717083998,1739376684000000000,1739376683000000000,False
BEV1_2025-02-12_drive3.csv,0.00018068090698919386,0.0001806809069891,1739381491000000000,1739381490000000000,False
BEV1_2025-02-12_drive4.csv,0.00042917510090722925,0.0004291751009072,1739386257000000000,1739386256000000000,False
BEV1_2025-02-13_drive1.csv,0.00022773922922792036,0.0002277392292279,1739432680000000000,1739432679000000000,False
BEV1_2025-02-13_drive2.csv,0.0006757363533055458,0.0006757363533055,1739465556000000000,1739465555000000000,False
BEV1_2025-02-13_drive3.csv,0.0004987808094722173,0.0004987808094722,1739479377000000000,1739479376000000000,False
BEV1_2025-02-13_drive4.csv,0.00016484914496938224,0.0001648491449693,1739480060000000000,1739480059000000000,False
BEV1_2025-02-14_drive1.csv,0.00014802790721267433,0.0001480279072126,1739545998000000000,1739545997000000000,False
BEV1_2025-02-14_drive2.csv,0.000315320023123289,0.0003153200231232,1739552082000000000,1739552081000000000,False
BEV1_2025-02-14_drive3.csv,0.0005470142056050154,0.000547014205605,1739557039000000000,1739557038000000000,False
BEV1_2025-02-14_drive4.csv,0.000721997495824537,0.0007219974958245,1739566750000000000,1739566749000000000,False
BEV1_2025-02-15_drive1.csv,0.00017781523510636846,0.0001778152351063,1739607527000000000,1739607526000000000,False
BEV1_2025-02-15_drive2.csv,0.0003909883040138836,0.0003909883040138,1739613588000000000,1739613587000000000,False
BEV1_2025-02-15_drive3.csv,0.00024343121741332894,0.0002434312174133,1739614254000000000,1739614253000000000,False
BEV1_2025-02-15_drive4.csv,0.0005930639856581556,0.0005930639856581,1739635405000000000,1739635404000000000,False
BEV1_2025-02-15_drive5.csv,0.0007761248615138787,0.0007761248615138,1739659068000000000,1739659067000000000,False
BEV1_2025-02-16_drive1.csv,0.0003976809498871636,0.0003976809498871,1739707684000000000,1739707683000000000,False
BEV1_2025-02-16_drive2.csv,0.0006769832011968733,0.0006769832011968,1739711099000000000,1739711098000000000,False
BEV1_2025-02-16_drive3.csv,0.00040487772509655386,0.0004048777250965,1739711678000000000,1739711677000000000,False
BEV1_2025-02-17_drive1.csv,0.00019825556624305203,0.000198255566243,1739787276000000000,1739787275000000000,False
BEV1_2025-02-17_drive2.csv,0.00014407782971963737,0.0001440778297196,1739793861000000000,1739793860000000000,False
BEV1_2025-02-17_drive3.csv,0.00010603068431684986,0.0001060306843168,1739795975000000000,1739795974000000000,False
BEV1_2025-02-17_drive4.csv,8.628784744791251e-05,8.628784744791251e-05,1739799218000000000,1739799217000000000,False
BEV1_2025-02-17_drive5.csv,0.0002278353292344062,0.0002278353292344,1739800437000000000,1739800436000000000,False
BEV1_2025-02-17_drive6.csv,0.00015017043452879842,0.0001501704345287,1739801292000000000,1739801291000000000,False
BEV1_2025-02-17_drive7.csv,0.0001267008462449373,0.0001267008462449,1739802707000000000,1739802706000000000,False
BEV1_2025-02-18_drive1.csv,7.638655039358052e-05,7.638655039358052e-05,1739862678000000000,1739862677000000000,False
BEV1_2025-05-23_drive1.csv,8.200133771258117e-05,8.200133771258117e-05,1747995812000000000,1747995811000000000,False
BEV1_2025-05-23_drive2.csv,0.00026936792310724175,0.0002693679231072,1747997978000000000,1747997977000000000,False
BEV1_2025-05-23_drive3.csv,0.0005250407426886489,0.0005250407426886,1748007886000000000,1748007885000000000,False
BEV1_2025-05-23_drive4.csv,0.0004664370260415306,0.0004664370260415,1748013019000000000,1748013018000000000,False
BEV1_2025-05-24_drive1.csv,7.288913636342259e-05,7.288913636342259e-05,1748085092000000000,1748085091000000000,False
BEV1_2025-05-24_drive2.csv,0.00014637965550236973,0.0001463796555023,1748094112000000000,1748094111000000000,False
BEV1_2025-05-24_drive3.csv,0.00019223998594393603,0.0001922399859439,1748101969000000000,1748101968000000000,False
BEV1_2025-05-24_drive4.csv,0.00021993210935178297,0.0002199321093517,1748104029000000000,1748104028000000000,False
BEV1_2025-05-25_drive1.csv,0.00042591207821848537,0.0004259120782184,1748184947000000000,1748184946000000000,False
BEV1_2025-05-25_drive2.csv,8.771803051445167e-05,8.771803051445167e-05,1748194828000000000,1748194827000000000,False
BEV1_2025-05-26_drive1.csv,0.0001123868645157321,0.0001123868645157,1748240245000000000,1748240244000000000,False
BEV1_2025-05-26_drive2.csv,7.000752588684172e-05,7.000752588684172e-05,1748263927000000000,1748263926000000000,False
BEV1_2025-05-26_drive3.csv,0.00035782730274347614,0.0003578273027434,1748270371000000000,1748270370000000000,False
BEV1_2025-05-26_drive4.csv,9.023907220056927e-05,9.023907220056928e-05,1748276046000000000,1748276045000000000,False
BEV1_2025-05-26_drive5.csv,8.797867828915721e-05,8.797867828915721e-05,1748279543000000000,1748279542000000000,False
BEV1_2025-05-27_drive1.csv,7.643956374587991e-05,7.643956374587991e-05,1748326895000000000,1748326894000000000,False
BEV2_2024-05-16_drive1.csv,0.00022688752673224105,0.0002268875267322,1715875485000000000,1715875484000000000,False
BEV2_2024-05-17_drive2.csv,0.00019359535729165573,0.0001935953572916,1715962824000000000,1715962823000000000,False
BEV2_2024-05-18_drive1.csv,0.00025999684805554405,0.0002599968480555,1716023173000000000,1716023172000000000,False
BEV2_2024-05-18_drive2.csv,0.0002140653602286505,0.0002140653602286,1716033535000000000,1716033534000000000,False
BEV2_2024-05-18_drive3.csv,0.00022149493204782784,0.0002214949320478,1716044847000000000,1716044846000000000,False
BEV2_2024-05-18_drive4.csv,0.00021635081937610933,0.0002163508193761,1716049797000000000,1716049796000000000,False
BEV2_2024-05-18_drive5.csv,0.0004419444287222169,0.0004419444287222,1716053327000000000,1716053326000000000,False
BEV2_2024-05-18_drive6.csv,9.144634717160245e-05,9.144634717160244e-05,1716057348000000000,1716057347000000000,False
BEV2_2024-05-18_drive7.csv,0.00022284656417474643,0.0002228465641747,1716061080000000000,1716061079000000000,False
BEV2_2024-05-19_drive1.csv,0.0003184294196429613,0.0003184294196429,1716101496000000000,1716101495000000000,False
BEV2_2024-05-19_drive2.csv,0.0002123415900693409,0.0002123415900693,1716103685000000000,1716103684000000000,False
BEV2_2024-05-19_drive4.csv,0.00028387437550328595,0.0002838743755032,1716118062000000000,1716118061000000000,False
BEV2_2024-05-19_drive5.csv,0.0002070649982300214,0.00020706499823,1716132162000000000,1716132161000000000,False
BEV2_2024-05-19_drive6.csv,0.0004693201300138841,0.0004693201300138,1716141672000000000,1716141671000000000,False
BEV2_2024-05-19_drive7.csv,0.0003624980132995401,0.0003624980132995,1716146569000000000,1716146568000000000,False
BEV2_2024-05-20_drive1.csv,0.00021108640088180342,0.0002110864008818,1716229174000000000,1716229173000000000,False
BEV2_2024-05-21_drive1.csv,0.000259180646016615,0.0002591806460166,1716271206000000000,1716271205000000000,False
BEV2_2024-05-21_drive2.csv,0.00019898858542019034,0.0001989885854201,1716286371000000000,1716286370000000000,False
BEV2_2024-05-21_drive3.csv,0.0002988449348664119,0.0002988449348664,1716291696000000000,1716291695000000000,False
BEV2_2024-05-21_drive4.csv,0.0002273811957574349,0.0002273811957574,1716305437000000000,1716305436000000000,False
BEV2_2024-05-21_drive5.csv,0.0011986464343246418,0.0011986464343246,1716311374000000000,1716311373000000000,False
BEV2_2024-05-21_drive6.csv,0.00044080515115277243,0.0004408051511527,1716314916000000000,1716314915000000000,False
BEV2_2024-05-21_drive7.csv,0.00039909045448568905,0.0003990904544856,1716319115000000000,1716319114000000000,False
BEV2_2024-05-21_drive8.csv,9.502813073388551e-05,9.502813073388552e-05,1716323094000000000,1716323093000000000,False
BEV2_2024-05-22_drive1.csv,0.0003764250049307665,0.0003764250049307,1716353788000000000,1716353787000000000,False
BEV2_2024-05-22_drive2.csv,0.0004310607959822823,0.0004310607959822,1716402679000000000,1716402678000000000,False
BEV2_2024-05-23_drive1.csv,0.000398361716101858,0.0003983617161018,1716443931000000000,1716443930000000000,False
BEV2_2024-06-14_drive1.csv,0.0006468089714007489,0.0006468089714007,1718389469000000000,1718389468000000000,False
BEV2_2024-06-14_drive2.csv,0.00032180552579920706,0.0003218055257992,1718395303000000000,1718395302000000000,False
BEV2_2024-06-15_drive1.csv,0.000308042320746362,0.0003080423207463,1718444893000000000,1718444892000000000,False
BEV2_2024-06-15_drive2.csv,0.0003318903158348591,0.0003318903158348,1718454726000000000,1718454725000000000,False
BEV2_2024-06-15_drive3.csv,0.00031754633599100876,0.000317546335991,1718463734000000000,1718463733000000000,False
BEV2_2024-06-18_drive1.csv,0.0002649586655760703,0.000264958665576,1718728492000000000,1718728491000000000,False
BEV2_2024-06-19_drive1.csv,0.0003423161838248638,0.0003423161838248,1718776074000000000,1718776073000000000,False
BEV2_2024-06-19_drive2.csv,0.00031048409339027346,0.0003104840933902,1718783799000000000,1718783798000000000,False
BEV2_2024-06-19_drive3.csv,0.0003195939342599805,0.0003195939342599,1718793027000000000,1718793026000000000,False
BEV2_2024-06-19_drive4.csv,0.00033532870082665845,0.0003353287008266,1718807687000000000,1718807686000000000,False
BEV2_2024-06-19_drive5.csv,0.00028523772886110513,0.0002852377288611,1718810597000000000,1718810596000000000,False
BEV2_2024-06-19_drive6.csv,0.00034828146952523795,0.0003482814695252,1718818909000000000,1718818908000000000,False
BEV2_2024-06-19_drive7.csv,0.0003653069700685388,0.0003653069700685,1718831861000000000,1718831860000000000,False
BEV2_2024-06-20_drive1.csv,0.0003915247537352863,0.0003915247537352,1718876520000000000,1718876519000000000,False
BEV2_2024-06-20_drive2.csv,8.954854118575809e-05,8.954854118575809e-05,1718905366000000000,1718905365000000000,False
BEV2_2024-06-21_drive1.csv,0.00036181801722292347,0.0003618180172229,1718949093000000000,1718949092000000000,False
BEV2_2024-06-21_drive10.csv,0.0004337865394933551,0.0004337865394933,1718993718000000000,1718993717000000000,False
BEV2_2024-06-21_drive2.csv,0.0004071234015879442,0.0004071234015879,1718995394000000000,1718995393000000000,False
BEV2_2024-06-21_drive3.csv,0.0003478837317932127,0.0003478837317932,1718959032000000000,1718959031000000000,False
BEV2_2024-06-21_drive4.csv,0.0003117554606716766,0.0003117554606716,1718965025000000000,1718965024000000000,False
BEV2_2024-06-21_drive5.csv,4.5151589833326856e-05,4.5151589833326856e-05,1718977713000000000,1718977712000000000,False
BEV2_2024-06-21_drive6.csv,0.0004066195824841479,0.0004066195824841,1718982537000000000,1718982536000000000,False
BEV2_2024-06-21_drive7.csv,0.0004179224009775447,0.0004179224009775,1718986216000000000,1718986215000000000,False
BEV2_2024-06-21_drive8.csv,0.0008327265667070516,0.000832726566707,1718987739000000000,1718987738000000000,False
BEV2_2024-06-21_drive9.csv,0.0002949193311674687,0.0002949193311674,1718991873000000000,1718991872000000000,False
BEV2_2024-06-22_drive1.csv,0.0004896298645147962,0.0004896298645147,1719051972000000000,1719051971000000000,False
BEV2_2024-06-22_drive2.csv,0.0003022252629075482,0.0003022252629075,1719056875000000000,1719056874000000000,False
BEV2_2024-06-22_drive3.csv,0.0003414296741289204,0.0003414296741289,1719068348000000000,1719068347000000000,False
BEV2_2024-06-22_drive4.csv,0.0004500135694620542,0.000450013569462,1719070630000000000,1719070629000000000,False
BEV2_2024-06-22_drive5.csv,0.00029283419037240285,0.0002928341903724,1719076806000000000,1719076805000000000,False
BEV2_2024-06-22_drive6.csv,0.0003079909574840678,0.000307990957484,1719080768000000000,1719080767000000000,False
BEV2_2024-06-22_drive7.csv,0.0003395760282825866,0.0003395760282825,1719095815000000000,1719095814000000000,False
BEV2_2024-06-23_drive1.csv,0.00036959408944365626,0.0003695940894436,1719124560000000000,1719124559000000000,False
BEV2_2024-06-23_drive2.csv,0.0002009115811966041,0.0002009115811966,1719126905000000000,1719126904000000000,False
BEV2_2024-06-23_drive3.csv,0.0003389197314942837,0.0003389197314942,1719133793000000000,1719133792000000000,False
BEV2_2024-06-23_drive4.csv,0.0004521641371649461,0.0004521641371649,1719135525000000000,1719135524000000000,False
BEV2_2024-06-24_drive1.csv,0.00052623071583312,0.0005262307158331,1719208414000000000,1719208413000000000,False
BEV2_2024-06-24_drive2.csv,0.0004633589863049604,0.0004633589863049,1719242753000000000,1719242752000000000,False
BEV2_2024-06-24_drive3.csv,0.00041026819999276734,0.0004102681999927,1719246308000000000,1719246307000000000,False
BEV2_2024-06-24_drive4.csv,0.0004145886963838673,0.0004145886963838,1719248892000000000,1719248891000000000,False
BEV2_2024-06-25_drive1.csv,0.0005201726337162136,0.0005201726337162,1719288821000000000,1719288820000000000,False
BEV2_2024-06-25_drive2.csv,0.00043422465669707355,0.000434224656697,1719296462000000000,1719296461000000000,False
BEV2_2024-06-25_drive3.csv,0.0017855520618958382,0.0017855520618958,1719309440000000000,1719309439000000000,False
BEV2_2024-06-25_drive5.csv,0.0004986344109160347,0.000498634410916,1719331160000000000,1719331159000000000,False
BEV2_2024-06-26_drive1.csv,0.0005324575874758155,0.0005324575874758,1719382211000000000,1719382210000000000,False
BEV2_2024-06-26_drive2.csv,0.0005083493651720424,0.000508349365172,1719394734000000000,1719394733000000000,False
BEV2_2024-06-26_drive3.csv,0.0001122303744331006,0.0001122303744331,1719398226000000000,1719398225000000000,False
BEV2_2024-06-26_drive4.csv,0.00019982765646217896,0.0001998276564621,1719407584000000000,1719407583000000000,False
BEV2_2024-06-26_drive7.csv,0.0004723389874158151,0.0004723389874158,1719426853000000000,1719426852000000000,False
BEV2_2024-06-27_drive7.csv,0.00045489670830437445,0.0004548967083043,1719504674000000000,1719504673000000000,False
BEV2_2024-06-27_drive8.csv,0.0003751303244999948,0.0003751303244999,1719511831000000000,1719511830000000000,False
BEV2_2024-06-28_drive2.csv,0.00044215259563787227,0.0004421525956378,1719568366000000000,1719568365000000000,False
BEV2_2024-06-29_drive7.csv,0.0003709699791768693,0.0003709699791768,1719678837000000000,1719678836000000000,False
BEV2_2024-06-29_drive8.csv,0.00029762810512499587,0.0002976281051249,1719683480000000000,1719683479000000000,False
BEV2_2024-06-30_drive6.csv,0.00010038686282219205,0.0001003868628221,1719762050000000000,1719762049000000000,False
BEV2_2024-07-04_drive1.csv,0.0001298249236598589,0.0001298249236598,1720072587000000000,1720072586000000000,False
BEV2_2024-07-05_drive3.csv,0.0006342223243155708,0.0006342223243155,1720173971000000000,1720173970000000000,False
BEV2_2024-07-05_drive4.csv,0.00019133082844964292,0.0001913308284496,1720175284000000000,1720175283000000000,False
BEV2_2024-07-05_drive5.csv,0.00017612420696700337,0.000176124206967,1720179626000000000,1720179625000000000,False
BEV2_2024-07-05_drive6.csv,0.00017726442426798725,0.0001772644242679,1720185776000000000,1720185775000000000,False
BEV2_2024-07-05_drive8.csv,0.00021215225793550408,0.0002121522579355,1720208174000000000,1720208173000000000,False
BEV2_2024-07-05_drive9.csv,0.00020891982569361234,0.0002089198256936,1720216901000000000,1720216900000000000,False
BEV2_2024-07-29_drive1.csv,0.00046509209038367283,0.0004650920903836,1722254704000000000,1722254703000000000,False
BEV2_2024-07-29_drive2.csv,0.0002990876991666498,0.0002990876991666,1722261080000000000,1722261079000000000,False
BEV2_2024-07-29_drive3.csv,0.00031359644525704713,0.000313596445257,1722271976000000000,1722271975000000000,False
BEV2_2024-07-29_drive4.csv,0.0004863705630486069,0.0004863705630486,1722282984000000000,1722282983000000000,False
BEV2_2024-07-30_drive2.csv,0.00044059741123163884,0.0004405974112316,1722359026000000000,1722359025000000000,False
BEV2_2024-07-30_drive3.csv,0.00035809593387639316,0.0003580959338763,1722368330000000000,1722368329000000000,False
BEV2_2024-07-31_drive2.csv,0.0003325900736105993,0.0003325900736105,1722427215000000000,1722427214000000000,False
BEV2_2024-07-31_drive3.csv,0.00035278217585775636,0.0003527821758577,1722434617000000000,1722434616000000000,False
BEV2_2024-07-31_drive4.csv,0.00018375457671059722,0.0001837545767105,1722439258000000000,1722439257000000000,False
BEV2_2024-07-31_drive5.csv,0.00038182834491047476,0.0003818283449104,1722441506000000000,1722441505000000000,False
BEV2_2024-08-01_drive1.csv,0.0003924506026404139,0.0003924506026404,1722495040000000000,1722495039000000000,False
BEV2_2024-08-01_drive2.csv,0.0002765738483610672,0.000276573848361,1722509561000000000,1722509560000000000,False
BEV2_2024-08-01_drive3.csv,0.00034119043091573886,0.0003411904309157,1722526997000000000,1722526996000000000,False
BEV2_2024-08-01_drive4.csv,0.0003483309229404685,0.0003483309229404,1722530285000000000,1722530284000000000,False
BEV2_2024-08-01_drive5.csv,0.00034316910466252907,0.0003431691046625,1722543144000000000,1722543143000000000,False
BEV2_2024-08-02_drive1.csv,0.00042970810082496643,0.0004297081008249,1722580647000000000,1722580646000000000,False
BEV2_2024-08-02_drive2.csv,0.00034002086246527315,0.0003400208624652,1722583873000000000,1722583872000000000,False
BEV2_2024-08-02_drive3.csv,0.0004445948123425683,0.0004445948123425,1722585828000000000,1722585827000000000,False
BEV2_2024-08-02_drive4.csv,0.00047791487694575106,0.0004779148769457,1722589667000000000,1722589666000000000,False
BEV2_2024-08-02_drive5.csv,8.768724511110616e-05,8.768724511110616e-05,1722598726000000000,1722598725000000000,False
BEV2_2024-08-02_drive8.csv,0.0006097050817872483,0.0006097050817872,1722630116000000000,1722630115000000000,False
BEV2_2024-08-03_drive1.csv,0.00010741132776544439,0.0001074113277654,1722669038000000000,1722669037000000000,False
BEV2_2024-08-03_drive2.csv,0.00031145525250117934,0.0003114552525011,1722670171000000000,1722670170000000000,False
BEV2_2024-08-03_drive3.csv,0.00043241823062329016,0.0004324182306232,1722678103000000000,1722678102000000000,False
BEV2_2024-08-03_drive4.csv,0.00046445388873140827,0.0004644538887314,1722687767000000000,1722687766000000000,False
BEV2_2024-08-04_drive1.csv,0.0006246038019409512,0.0006246038019409,1722773120000000000,1722773119000000000,False
BEV2_2024-08-04_drive2.csv,9.367814709735878e-05,9.367814709735878e-05,1722786644000000000,1722786643000000000,False
BEV2_2024-08-04_drive4.csv,0.000498215381620346,0.0004982153816203,1722793568000000000,1722793567000000000,False
BEV2_2024-08-05_drive1.csv,0.0008947846489980567,0.000894784648998,1722841093000000000,1722841092000000000,False
BEV2_2024-08-05_drive2.csv,0.0006185117098727218,0.0006185117098727,1722871299000000000,1722871298000000000,False
BEV2_2024-08-05_drive3.csv,0.00018593323640096496,0.0001859332364009,1722880575000000000,1722880574000000000,False
BEV2_2024-08-06_drive1.csv,0.00021179532290493576,0.0002117953229049,1722926514000000000,1722926513000000000,False
BEV2_2024-08-06_drive2.csv,0.0002182481689444331,0.0002182481689444,1722947773000000000,1722947772000000000,False
BEV2_2024-08-06_drive3.csv,7.97223959670107e-05,7.97223959670107e-05,1722954253000000000,1722954252000000000,False
BEV2_2024-08-06_drive4.csv,0.0002034736437540988,0.000203473643754,1722960948000000000,1722960947000000000,False
BEV2_2024-08-06_drive5.csv,0.00018202507439196507,0.0001820250743919,1722963100000000000,1722963099000000000,False
BEV2_2024-08-07_drive1.csv,0.00024618699981943245,0.0002461869998194,1723010622000000000,1723010621000000000,False
BEV2_2024-08-07_drive2.csv,0.00025978742305467597,0.0002597874230546,1723014109000000000,1723014108000000000,False
BEV2_2024-08-07_drive3.csv,0.00019991791237498812,0.0001999179123749,1723015269000000000,1723015268000000000,False
BEV2_2024-08-07_drive4.csv,0.0002140345123423915,0.0002140345123423,1723025607000000000,1723025606000000000,False
BEV2_2024-08-07_drive5.csv,0.00021051693132387073,0.0002105169313238,1723027922000000000,1723027921000000000,False
BEV2_2024-08-07_drive6.csv,0.00022512617386563394,0.0002251261738656,1723041582000000000,1723041581000000000,False
BEV2_2024-08-07_drive7.csv,0.00010125139185659474,0.0001012513918565,1723047695000000000,1723047694000000000,False
BEV2_2024-08-07_drive8.csv,0.0001945159455694325,0.0001945159455694,1723057158000000000,1723057157000000000,False
BEV2_2024-08-07_drive9.csv,0.00034250538618618275,0.0003425053861861,1723060924000000000,1723060923000000000,False
BEV2_2024-08-08_drive1.csv,0.00031300232308791314,0.0003130023230879,1723099858000000000,1723099857000000000,False
BEV2_2024-08-08_drive2.csv,0.00010392896439582722,0.0001039289643958,1723107806000000000,1723107805000000000,False
BEV2_2024-08-08_drive3.csv,0.00021495159762123826,0.0002149515976212,1723137949000000000,1723137948000000000,False
BEV2_2024-08-08_drive4.csv,0.00020659051199322157,0.0002065905119932,1723146281000000000,1723146280000000000,False
BEV2_2024-08-09_drive2.csv,0.00023184080243835852,0.0002318408024383,1723211569000000000,1723211568000000000,False
BEV2_2024-08-09_drive3.csv,0.00020171318546225223,0.0002017131854622,1723213620000000000,1723213619000000000,False
BEV2_2024-08-09_drive4.csv,0.0003430040176588895,0.0003430040176588,1723216138000000000,1723216137000000000,False
BEV2_2024-08-09_drive5.csv,0.00021043983028129715,0.0002104398302812,1723223496000000000,1723223495000000000,False
BEV2_2024-08-09_drive6.csv,0.00022245818499742355,0.0002224581849974,1723232582000000000,1723232581000000000,False
BEV2_2024-08-09_drive7.csv,9.721726736189663e-05,9.721726736189663e-05,1723238239000000000,1723238238000000000,False
BEV2_2024-08-09_drive8.csv,0.00019107231555173294,0.0001910723155517,1723239819000000000,1723239818000000000,False
BEV2_2024-08-10_drive1.csv,0.0002585325619756107,0.0002585325619756,1723291569000000000,1723291568000000000,False
BEV2_2024-08-10_drive2.csv,0.0001862719872372596,0.0001862719872372,1723302995000000000,1723302994000000000,False
BEV2_2024-08-11_drive1.csv,0.00023734747152208595,0.000237347471522,1723360725000000000,1723360724000000000,False
BEV2_2024-08-11_drive2.csv,0.00021691623024401672,0.000216916230244,1723368328000000000,1723368327000000000,False
BEV2_2024-08-11_drive3.csv,0.0009525524567916624,0.0009525524567916,1723373154000000000,1723373153000000000,False
BEV2_2024-08-11_drive4.csv,7.812572815471033e-05,7.812572815471033e-05,1723378423000000000,1723378422000000000,False
BEV2_2024-08-12_drive2.csv,0.00016057029173754695,0.0001605702917375,1723487260000000000,1723487259000000000,False
BEV2_2024-08-13_drive1.csv,0.00024136286094188317,0.0002413628609418,1723528425000000000,1723528424000000000,False
BEV2_2024-08-13_drive2.csv,0.00021005011899767346,0.0002100501189976,1723541556000000000,1723541555000000000,False
BEV2_2024-08-13_drive3.csv,0.0002047080125833217,0.0002047080125833,1723545373000000000,1723545372000000000,False
BEV2_2024-08-13_drive4.csv,0.00020857869755554388,0.0002085786975555,1723559833000000000,1723559832000000000,False
BEV2_2024-08-13_drive5.csv,0.0001762110950308556,0.0001762110950308,1723561275000000000,1723561274000000000,False
BEV2_2024-08-13_drive6.csv,0.00019097980376246002,0.0001909798037624,1723565568000000000,1723565567000000000,False
BEV2_2024-08-13_drive7.csv,0.00025107444144520396,0.0002510744414452,1723567423000000000,1723567422000000000,False
BEV2_2024-08-13_drive8.csv,0.00019447342304242747,0.0001944734230424,1723572006000000000,1723572005000000000,False
BEV2_2024-08-14_drive1.csv,0.0002533584306249882,0.0002533584306249,1723625229000000000,1723625228000000000,False
BEV2_2024-08-14_drive2.csv,0.00020101589568980292,0.0002010158956898,1723627864000000000,1723627863000000000,False
BEV2_2024-08-14_drive3.csv,0.0006401809352591639,0.0006401809352591,1723630393000000000,1723630392000000000,False
BEV2_2024-08-14_drive5.csv,0.0002567846433657295,0.0002567846433657,1723656160000000000,1723656159000000000,False
BEV2_2024-08-14_drive6.csv,0.0002120621528425812,0.0002120621528425,1723666265000000000,1723666264000000000,False
BEV2_2024-08-14_drive7.csv,0.0001808603946232536,0.0001808603946232,1723667186000000000,1723667185000000000,False
BEV2_2024-08-15_drive1.csv,0.00019872392112518393,0.0001987239211251,1723707325000000000,1723707324000000000,False
BEV2_2024-08-15_drive10.csv,0.0002651708580044202,0.0002651708580044,1723740690000000000,1723740689000000000,False
BEV2_2024-08-15_drive11.csv,0.00028754219398228955,0.0002875421939822,1723741826000000000,1723741825000000000,False
BEV2_2024-08-15_drive2.csv,0.0002008811954474808,0.0002008811954474,1723749028000000000,1723749027000000000,False
BEV2_2024-08-15_drive3.csv,0.00032710801297221813,0.0003271080129722,1723760119000000000,1723760118000000000,False
BEV2_2024-08-15_drive4.csv,0.00022865145004481827,0.0002286514500448,1723715858000000000,1723715857000000000,False
BEV2_2024-08-15_drive5.csv,0.00016961604832071953,0.0001696160483207,1723719925000000000,1723719924000000000,False
BEV2_2024-08-15_drive6.csv,0.00016379934125914525,0.0001637993412591,1723723810000000000,1723723809000000000,False
BEV2_2024-08-15_drive7.csv,0.00019660988489162865,0.0001966098848916,1723728487000000000,1723728486000000000,False
BEV2_2024-08-15_drive8.csv,0.0002469885875093598,0.0002469885875093,1723734255000000000,1723734254000000000,False
BEV2_2024-08-15_drive9.csv,0.0001862374118812182,0.0001862374118812,1723735916000000000,1723735915000000000,False
BEV2_2024-08-16_drive1.csv,0.00022345913197375356,0.0002234591319737,1723787981000000000,1723787980000000000,False
BEV2_2024-08-16_drive2.csv,0.00019601336413424802,0.0001960133641342,1723792091000000000,1723792090000000000,False
BEV2_2024-08-16_drive3.csv,0.00017451886840299998,0.0001745188684029,1723800293000000000,1723800292000000000,False
BEV2_2024-08-16_drive4.csv,0.00020328582663368245,0.0002032858266336,1723802194000000000,1723802193000000000,False
BEV2_2024-08-16_drive5.csv,0.00018248069084378295,0.0001824806908437,1723812335000000000,1723812334000000000,False
BEV2_2024-08-16_drive6.csv,0.00019143596072428927,0.0001914359607242,1723837019000000000,1723837018000000000,False
BEV2_2024-08-16_drive7.csv,0.0003503515304852661,0.0003503515304852,1723850701000000000,1723850700000000000,False
BEV2_2024-08-17_drive1.csv,5.5199688347217575e-05,5.5199688347217575e-05,1723891090000000000,1723891089000000000,False
BEV2_2024-08-17_drive2.csv,0.00026917573708788636,0.0002691757370878,1723895643000000000,1723895642000000000,False
BEV2_2024-08-17_drive4.csv,0.0003143194582945867,0.0003143194582945,1723911318000000000,1723911317000000000,False
BEV2_2024-08-17_drive5.csv,0.0002965414909068002,0.0002965414909068,1723914008000000000,1723914007000000000,False
BEV2_2024-08-17_drive6.csv,0.00031565299733921,0.0003156529973392,1723917895000000000,1723917894000000000,False
BEV2_2024-08-17_drive7.csv,0.000335619366557521,0.0003356193665575,1723938875000000000,1723938874000000000,False
BEV2_2024-08-18_drive1.csv,0.00037425940520387625,0.0003742594052038,1723966203000000000,1723966202000000000,False
BEV2_2024-08-18_drive2.csv,0.00029060850211621106,0.0002906085021162,1723978366000000000,1723978365000000000,False
BEV2_2024-08-18_drive3.csv,0.00026720808570847976,0.0002672080857084,1723983210000000000,1723983209000000000,False
BEV2_2024-08-18_drive4.csv,0.00028402039941202923,0.000284020399412,1723986485000000000,1723986484000000000,False
BEV2_2024-08-18_drive5.csv,0.00032183158909755987,0.0003218315890975,1723993612000000000,1723993611000000000,False
BEV2_2024-08-18_drive6.csv,0.000270078463897439,0.0002700784638974,1723998387000000000,1723998386000000000,False
BEV2_2024-08-18_drive7.csv,0.0003278612931361948,0.0003278612931361,1724004213000000000,1724004212000000000,False
BEV2_2024-08-18_drive8.csv,0.00034094025906342856,0.0003409402590634,1724023978000000000,1724023977000000000,False
BEV2_2024-08-19_drive1.csv,0.00035102247577185116,0.0003510224757718,1724058180000000000,1724058179000000000,False
BEV2_2024-08-19_drive2.csv,9.170679547302e-05,9.170679547302e-05,1724059465000000000,1724059464000000000,False
BEV2_2024-08-19_drive4.csv,0.0003298526133456208,0.0003298526133456,1724079421000000000,1724079420000000000,False
BEV2_2024-08-19_drive5.csv,0.000335502075080888,0.0003355020750808,1724084402000000000,1724084401000000000,False
BEV2_2024-08-19_drive6.csv,0.00029028498344141633,0.0002902849834414,1724088806000000000,1724088805000000000,False
BEV2_2024-08-19_drive7.csv,0.0005864207350833287,0.0005864207350833,1724092589000000000,1724092588000000000,False
BEV2_2024-08-19_drive8.csv,0.0003359649504149427,0.0003359649504149,1724103980000000000,1724103979000000000,False
BEV2_2024-08-20_drive1.csv,0.0003697382303316666,0.0003697382303316,1724133554000000000,1724133553000000000,False
BEV2_2024-08-20_drive3.csv,0.00030257586412474173,0.0003025758641247,1724150101000000000,1724150100000000000,False
BEV2_2024-08-20_drive4.csv,0.00020160736823502323,0.000201607368235,1724168786000000000,1724168785000000000,False
BEV2_2024-08-20_drive5.csv,0.000305872214262918,0.0003058722142629,1724171744000000000,1724171743000000000,False
BEV2_2024-08-20_drive6.csv,9.166361367581555e-05,9.166361367581556e-05,1724185607000000000,1724185606000000000,False
BEV2_2024-08-21_drive1.csv,0.0003831915623976115,0.0003831915623976,1724219152000000000,1724219151000000000,False
BEV2_2024-08-21_drive2.csv,0.0003692153918080316,0.000369215391808,1724220539000000000,1724220538000000000,False
BEV2_2024-08-22_drive1.csv,0.0003744154541880515,0.000374415454188,1724327114000000000,1724327113000000000,False
BEV2_2024-08-22_drive2.csv,0.0003074724222472733,0.0003074724222472,1724334765000000000,1724334764000000000,False
BEV2_2024-08-22_drive3.csv,0.00028231837209363655,0.0002823183720936,1724338224000000000,1724338223000000000,False
BEV2_2024-08-22_drive4.csv,0.0002908447027269804,0.0002908447027269,1724342548000000000,1724342547000000000,False
BEV2_2024-08-22_drive5.csv,0.00028116860607707073,0.000281168606077,1724349647000000000,1724349646000000000,False
BEV2_2024-08-22_drive6.csv,0.00044155722588888374,0.0004415572258888,1724353684000000000,1724353683000000000,False
BEV2_2024-08-23_drive1.csv,0.0003580324542672606,0.0003580324542672,1724394271000000000,1724394270000000000,False
BEV2_2024-08-23_drive4.csv,0.0003315786212965699,0.0003315786212965,1724420116000000000,1724420115000000000,False
BEV2_2024-08-23_drive5.csv,0.00045700225927972765,0.0004570022592797,1724423866000000000,1724423865000000000,False
BEV2_2024-08-23_drive6.csv,0.0002874570734596074,0.0002874570734596,1724431208000000000,1724431207000000000,False
BEV2_2024-08-23_drive7.csv,0.00027993857702273957,0.0002799385770227,1724436071000000000,1724436070000000000,False
BEV2_2024-08-23_drive8.csv,0.0003020477253975642,0.0003020477253975,1724443180000000000,1724443179000000000,False
BEV2_2024-08-24_drive1.csv,0.0006391430828290175,0.000639143082829,1724491588000000000,1724491587000000000,False
BEV2_2024-08-24_drive2.csv,0.0002965131188024585,0.0002965131188024,1724510616000000000,1724510615000000000,False
BEV2_2024-08-24_drive3.csv,0.00042001017380734835,0.0004200101738073,1724516908000000000,1724516907000000000,False
BEV2_2024-08-24_drive4.csv,0.0003534515866857904,0.0003534515866857,1724529558000000000,1724529557000000000,False
BEV2_2024-08-25_drive1.csv,0.002382020248794643,0.0023820202487946,1724573981000000000,1724573980000000000,False
BEV2_2024-08-25_drive2.csv,8.031531123720194e-05,8.031531123720194e-05,1724576481000000000,1724576480000000000,False
BEV2_2024-08-25_drive3.csv,0.0007686907908131693,0.0007686907908131,1724587194000000000,1724587193000000000,False
BEV2_2024-08-25_drive4.csv,0.00020033347918652907,0.0002003334791865,1724591351000000000,1724591350000000000,False
BEV2_2024-08-25_drive5.csv,0.00036274875424072335,0.0003627487542407,1724598830000000000,1724598829000000000,False
BEV2_2024-08-25_drive6.csv,0.0005859976767777801,0.0005859976767777,1724623140000000000,1724623139000000000,False
BEV2_2024-08-26_drive2.csv,0.000516060526320971,0.0005160605263209,1724693328000000000,1724693327000000000,False
BEV2_2024-08-26_drive3.csv,0.0005009211896218959,0.0005009211896218,1724704237000000000,1724704236000000000,False
BEV2_2024-08-27_drive2.csv,0.00045767063415845874,0.0004576706341584,1724753162000000000,1724753161000000000,False
BEV2_2024-08-28_drive2.csv,0.00021106411974086638,0.0002110641197408,1724858022000000000,1724858021000000000,False
BEV2_2024-08-28_drive3.csv,0.0001626064683914842,0.0001626064683914,1724862634000000000,1724862633000000000,False
BEV2_2024-08-28_drive4.csv,0.0002128614811543091,0.0002128614811543,1724873315000000000,1724873314000000000,False
BEV2_2024-08-29_drive1.csv,0.0003500153351710119,0.000350015335171,1724911281000000000,1724911280000000000,False
BEV2_2024-08-29_drive2.csv,0.0002314887188402655,0.0002314887188402,1724914688000000000,1724914687000000000,False
BEV2_2024-08-29_drive3.csv,0.00019719956894597636,0.0001971995689459,1724916339000000000,1724916338000000000,False
BEV2_2024-08-29_drive4.csv,0.0008344124779410241,0.000834412477941,1724925500000000000,1724925499000000000,False
BEV2_2024-08-29_drive5.csv,0.00022001998013887835,0.0002200199801388,1724928193000000000,1724928192000000000,False
BEV2_2024-08-29_drive6.csv,0.00023051456501189266,0.0002305145650118,1724953197000000000,1724953196000000000,False
BEV2_2024-08-29_drive7.csv,0.00017102667197067047,0.0001710266719706,1724954523000000000,1724954522000000000,False
BEV2_2024-08-29_drive8.csv,0.00024234020528856882,0.0002423402052885,1724961958000000000,1724961957000000000,False
BEV2_2024-08-30_drive1.csv,0.00020840305294057528,0.0002084030529405,1725003120000000000,1725003119000000000,False
BEV2_2024-08-30_drive2.csv,0.00019516922292591387,0.0001951692229259,1725007474000000000,1725007473000000000,False
BEV2_2024-08-30_drive3.csv,0.00021385180211196228,0.0002138518021119,1725009962000000000,1725009961000000000,False
BEV2_2024-08-30_drive4.csv,0.00010855136111110484,0.0001085513611111,1725015264000000000,1725015263000000000,False
BEV2_2024-08-30_drive5.csv,4.39036642777716e-05,4.39036642777716e-05,1725032291000000000,1725032290000000000,False
BEV2_2024-08-30_drive6.csv,0.00018615022875918764,0.0001861502287591,1725054217000000000,1725054216000000000,False
BEV2_2024-08-31_drive1.csv,0.0002775246235019841,0.0002775246235019,1725090591000000000,1725090590000000000,False
BEV2_2024-08-31_drive2.csv,0.00019476501513187954,0.0001947650151318,1725096436000000000,1725096435000000000,False
BEV2_2024-08-31_drive4.csv,0.00018741918522714645,0.0001874191852271,1725135097000000000,1725135096000000000,False
BEV2_2024-09-01_drive1.csv,0.0003664818807291612,0.0003664818807291,1725178434000000000,1725178433000000000,False
BEV2_2024-09-01_drive3.csv,0.00035445739624304486,0.000354457396243,1725194790000000000,1725194789000000000,False
BEV2_2024-09-01_drive4.csv,9.497850056583773e-05,9.497850056583772e-05,1725204229000000000,1725204228000000000,False
BEV2_2024-09-01_drive5.csv,0.0002743449321653744,0.0002743449321653,1725213017000000000,1725213016000000000,False
BEV2_2024-09-02_drive1.csv,0.00044086815106950583,0.0004408681510695,1725275843000000000,1725275842000000000,False
BEV2_2024-09-02_drive2.csv,0.0001697962032831606,0.0001697962032831,1725282410000000000,1725282409000000000,False
BEV2_2024-09-02_drive3.csv,0.0002896920357916504,0.0002896920357916,1725286676000000000,1725286675000000000,False
BEV2_2024-09-03_drive1.csv,0.00038705613791404573,0.000387056137914,1725343867000000000,1725343866000000000,False
BEV2_2024-09-03_drive2.csv,5.23542477499947e-05,5.23542477499947e-05,1725355856000000000,1725355855000000000,False
BEV2_2024-09-03_drive3.csv,0.0002881408551733908,0.0002881408551733,1725358703000000000,1725358702000000000,False
BEV2_2024-09-03_drive4.csv,0.00031093787502383454,0.0003109378750238,1725369669000000000,1725369668000000000,False
BEV2_2024-09-03_drive5.csv,0.0002998496903477016,0.0002998496903477,1725374528000000000,1725374527000000000,False
BEV2_2024-09-03_drive6.csv,0.0003339022631582573,0.0003339022631582,1725379361000000000,1725379360000000000,False
BEV2_2024-09-04_drive1.csv,0.0003479827658347699,0.0003479827658347,1725430178000000000,1725430177000000000,False
BEV2_2024-09-04_drive2.csv,0.00033028516249121925,0.0003302851624912,1725445474000000000,1725445473000000000,False
BEV2_2024-09-04_drive3.csv,0.0003125246396162705,0.0003125246396162,1725449663000000000,1725449662000000000,False
BEV2_2024-09-04_drive4.csv,0.0004600899397117073,0.0004600899397117,1725455453000000000,1725455452000000000,False
BEV2_2024-09-04_drive5.csv,0.0003653784198553826,0.0003653784198553,1725458419000000000,1725458418000000000,False
BEV2_2024-09-06_drive1.csv,0.0004614464860607366,0.0004614464860607,1725610756000000000,1725610755000000000,False
BEV2_2024-09-06_drive2.csv,0.000315316193046145,0.0003153161930461,1725618660000000000,1725618659000000000,False
BEV2_2024-09-06_drive3.csv,0.00036722845507180895,0.0003672284550718,1725641719000000000,1725641718000000000,False
BEV2_2024-09-07_drive1.csv,0.0004005463071364453,0.0004005463071364,1725702030000000000,1725702029000000000,False
BEV2_2024-09-07_drive2.csv,0.00033449011660786746,0.0003344901166078,1725703164000000000,1725703163000000000,False
BEV2_2024-09-07_drive3.csv,0.00011747672439622613,0.0001174767243962,1725711686000000000,1725711685000000000,False
BEV2_2024-09-07_drive4.csv,0.0003232041853653379,0.0003232041853653,1725717268000000000,1725717267000000000,False
BEV2_2024-09-07_drive5.csv,0.0003087149223662479,0.0003087149223662,1725719512000000000,1725719511000000000,False
BEV2_2024-09-07_drive6.csv,0.0003180721708676001,0.0003180721708676,1725725254000000000,1725725253000000000,False
BEV2_2024-09-08_drive2.csv,0.00045990540337379924,0.0004599054033737,1725789911000000000,1725789910000000000,False
BEV2_2024-09-08_drive3.csv,0.000307728032435979,0.0003077280324359,1725794063000000000,1725794062000000000,False
BEV2_2024-09-08_drive4.csv,0.00032883338174601474,0.000328833381746,1725798662000000000,1725798661000000000,False
BEV2_2024-09-08_drive5.csv,0.0003399376974832807,0.0003399376974832,1725803094000000000,1725803093000000000,False
BEV2_2024-09-09_drive1.csv,0.0004032685888325054,0.0004032685888325,1725861985000000000,1725861984000000000,False
BEV2_2024-09-09_drive2.csv,0.00022060550916673456,0.0002206055091667,1725896168000000000,1725896167000000000,False
BEV2_2024-09-09_drive3.csv,0.00026703003231047496,0.0002670300323104,1725899491000000000,1725899490000000000,False
BEV2_2024-09-10_drive1.csv,0.00033917352175258733,0.0003391735217525,1725937584000000000,1725937583000000000,False
BEV2_2024-09-10_drive2.csv,0.0003643503213948935,0.0003643503213948,1725953225000000000,1725953224000000000,False
BEV2_2024-09-10_drive3.csv,0.0003450982979160901,0.000345098297916,1725971949000000000,1725971948000000000,False
BEV2_2024-09-10_drive5.csv,0.0003470312022054537,0.0003470312022054,1725991715000000000,1725991714000000000,False
BEV2_2024-09-10_drive6.csv,0.0004050866426527723,0.0004050866426527,1725997787000000000,1725997786000000000,False
BEV2_2024-09-11_drive1.csv,0.00011089686935004583,0.00011089686935,1726038857000000000,1726038856000000000,False
BEV2_2024-09-11_drive2.csv,0.00045171527769103954,0.000451715277691,1726051604000000000,1726051603000000000,False
BEV2_2024-09-11_drive3.csv,0.0002713277940972169,0.0002713277940972,1726066345000000000,1726066344000000000,False
BEV2_2024-09-12_drive1.csv,0.000314362315023137,0.0003143623150231,1726135833000000000,1726135832000000000,False
BEV2_2024-09-12_drive2.csv,0.000255413326811188,0.0002554133268111,1726137036000000000,1726137035000000000,False
BEV2_2024-09-12_drive3.csv,0.0003139525605439716,0.0003139525605439,1726137345000000000,1726137344000000000,False
BEV2_2024-09-12_drive4.csv,0.00047699792517403515,0.000476997925174,1726138300000000000,1726138299000000000,False
BEV2_2024-09-12_drive5.csv,0.0005051639250474258,0.0005051639250474,1726138658000000000,1726138657000000000,False
BEV2_2024-09-12_drive6.csv,0.000468950073673604,0.0004689500736736,1726146746000000000,1726146745000000000,False
BEV2_2024-09-12_drive8.csv,0.00023171022439273537,0.0002317102243927,1726156064000000000,1726156063000000000,False
BEV2_2024-09-13_drive1.csv,0.00022040658331866865,0.0002204065833186,1726207342000000000,1726207341000000000,False
BEV2_2024-09-13_drive2.csv,0.0003920542546762063,0.0003920542546762,1726219726000000000,1726219725000000000,False
BEV2_2024-09-13_drive3.csv,0.0003250772623024597,0.0003250772623024,1726220610000000000,1726220609000000000,False
BEV2_2024-09-13_drive4.csv,0.00046811300242403844,0.000468113002424,1726239324000000000,1726239323000000000,False
BEV2_2024-09-13_drive5.csv,0.0001952242180895573,0.0001952242180895,1726243375000000000,1726243374000000000,False
BEV2_2024-09-13_drive6.csv,0.0030466603878728216,0.0030466603878728,1726252224000000000,1726252223000000000,False
BEV2_2024-09-13_drive7.csv,0.00018088193210415664,0.0001808819321041,1726259396000000000,1726259395000000000,False
BEV2_2024-09-13_drive8.csv,0.00018234551651331263,0.0001823455165133,1726267018000000000,1726267017000000000,False
BEV2_2024-09-14_drive1.csv,0.0003632561060932423,0.0003632561060932,1726295938000000000,1726295937000000000,False
BEV2_2024-09-14_drive2.csv,0.00028516345525367325,0.0002851634552536,1726300516000000000,1726300515000000000,False
BEV2_2024-09-14_drive3.csv,0.0003696758180717493,0.0003696758180717,1726303914000000000,1726303913000000000,False
BEV2_2024-09-14_drive5.csv,0.00047396960380109655,0.000473969603801,1726319070000000000,1726319069000000000,False
BEV2_2024-09-14_drive7.csv,0.0006433998143196783,0.0006433998143196,1726326244000000000,1726326243000000000,False
BEV2_2024-09-14_drive8.csv,0.00011802650917534139,0.0001180265091753,1726331744000000000,1726331743000000000,False
BEV2_2024-09-14_drive9.csv,0.00022858738819009052,0.00022858738819,1726338680000000000,1726338679000000000,False
BEV2_2024-09-15_drive1.csv,0.000299248254809017,0.000299248254809,1726389243000000000,1726389242000000000,False
BEV2_2024-09-15_drive2.csv,0.0004638806955555486,0.0004638806955555,1726392091000000000,1726392090000000000,False
BEV2_2024-09-15_drive3.csv,0.0010339275425154228,0.0010339275425154,1726404068000000000,1726404067000000000,False
BEV2_2024-09-15_drive4.csv,0.00020815440627857358,0.0002081544062785,1726412509000000000,1726412508000000000,False
BEV2_2024-09-15_drive5.csv,0.00043832582231335775,0.0004383258223133,1726415029000000000,1726415028000000000,False
BEV2_2024-09-15_drive6.csv,0.0005529938932109458,0.0005529938932109,1726433242000000000,1726433241000000000,False
BEV2_2024-09-15_drive7.csv,0.00047816439187946887,0.0004781643918794,1726433899000000000,1726433898000000000,False
BEV2_2024-09-15_drive8.csv,0.00010738593540222222,0.0001073859354022,1726434968000000000,1726434967000000000,False
BEV2_2024-09-16_drive2.csv,0.0004392508690763841,0.0004392508690763,1726480392000000000,1726480391000000000,False
BEV2_2024-09-16_drive3.csv,0.00026779466319071254,0.0002677946631907,1726486643000000000,1726486642000000000,False
BEV2_2024-09-16_drive4.csv,0.00012491727199238952,0.0001249172719923,1726491364000000000,1726491363000000000,False
BEV2_2024-09-16_drive5.csv,0.0007479242413779751,0.0007479242413779,1726493454000000000,1726493453000000000,False
BEV2_2024-09-16_drive6.csv,0.0004120156166437153,0.0004120156166437,1726501297000000000,1726501296000000000,False
BEV2_2024-09-17_drive1.csv,0.0007796486010734509,0.0007796486010734,1726568239000000000,1726568238000000000,False
BEV2_2024-09-17_drive2.csv,0.00031762855131356525,0.0003176285513135,1726588594000000000,1726588593000000000,False
BEV2_2024-09-17_drive3.csv,0.00024622643379299246,0.0002462264337929,1726596877000000000,1726596876000000000,False
BEV2_2024-09-18_drive1.csv,0.0008339887759888271,0.0008339887759888,1726638665000000000,1726638664000000000,False
BEV2_2024-09-18_drive2.csv,0.0003256254328350553,0.000325625432835,1726654771000000000,1726654770000000000,False
BEV2_2024-09-18_drive3.csv,0.00024442660541310046,0.0002444266054131,1726666449000000000,1726666448000000000,False
BEV2_2024-09-18_drive4.csv,0.00043950883518963275,0.0004395088351896,1726670166000000000,1726670165000000000,False
BEV2_2024-09-18_drive5.csv,0.00019282606206028557,0.0001928260620602,1726675734000000000,1726675733000000000,False
BEV2_2024-09-19_drive1.csv,0.0005163913518764215,0.0005163913518764,1726725051000000000,1726725050000000000,False
BEV2_2024-09-19_drive2.csv,0.00022752826109788537,0.0002275282610978,1726760925000000000,1726760924000000000,False
BEV2_2024-09-20_drive1.csv,0.0004649841213976002,0.0004649841213976,1726810237000000000,1726810236000000000,False
BEV2_2024-09-20_drive2.csv,0.0004275447272083651,0.0004275447272083,1726847947000000000,1726847946000000000,False
BEV2_2024-09-20_drive3.csv,0.0004942333033827619,0.0004942333033827,1726852366000000000,1726852365000000000,False
BEV2_2024-09-20_drive4.csv,0.00031884927589761303,0.0003188492758976,1726860795000000000,1726860794000000000,False
BEV2_2024-09-21_drive1.csv,0.00026584100308665046,0.0002658410030866,1726916797000000000,1726916796000000000,False
BEV2_2024-09-21_drive2.csv,0.0001931782889228873,0.0001931782889228,1726919973000000000,1726919972000000000,False
BEV2_2024-09-21_drive3.csv,0.000638007679152539,0.0006380076791525,1726921496000000000,1726921495000000000,False
BEV2_2024-09-21_drive4.csv,0.00019080294920399994,0.0001908029492039,1726922838000000000,1726922837000000000,False
BEV2_2024-09-21_drive5.csv,0.0003294635118333159,0.0003294635118333,1726939621000000000,1726939620000000000,False
BEV2_2024-09-21_drive6.csv,0.00023158220374305095,0.000231582203743,1726946613000000000,1726946612000000000,False
BEV2_2024-09-21_drive7.csv,0.00020185233832141182,0.0002018523383214,1726950748000000000,1726950747000000000,False
BEV2_2024-09-22_drive1.csv,0.00029013658031943864,0.0002901365803194,1726996615000000000,1726996614000000000,False
BEV2_2024-09-22_drive2.csv,0.0005593083299075657,0.0005593083299075,1726999509000000000,1726999508000000000,False
BEV2_2024-09-22_drive3.csv,0.000608113622974986,0.0006081136229749,1727006161000000000,1727006160000000000,False
BEV2_2024-09-23_drive1.csv,0.0007073067121743794,0.0007073067121743,1727071514000000000,1727071513000000000,False
BEV2_2024-09-23_drive2.csv,0.00043735384219862776,0.0004373538421986,1727081383000000000,1727081382000000000,False
BEV2_2024-09-23_drive3.csv,0.0006535528968357427,0.0006535528968357,1727084534000000000,1727084533000000000,False
BEV2_2024-09-24_drive1.csv,0.0004691402310075636,0.0004691402310075,1727214798000000000,1727214797000000000,False
BEV2_2024-09-25_drive1.csv,0.0010359285376876507,0.0010359285376876,1727247903000000000,1727247902000000000,False
BEV2_2024-09-25_drive2.csv,0.0011364354555575742,0.0011364354555575,1727249135000000000,1727249134000000000,False
BEV2_2024-09-25_drive3.csv,0.0005722442121400957,0.00057224421214,1727270058000000000,1727270057000000000,False
BEV2_2024-09-25_drive4.csv,0.00017247226077765748,0.0001724722607776,1727287965000000000,1727287964000000000,False
BEV2_2024-09-26_drive1.csv,0.0005340163089139427,0.0005340163089139,1727329705000000000,1727329704000000000,False
BEV2_2024-09-26_drive2.csv,0.0005877535646842799,0.0005877535646842,1727369948000000000,1727369947000000000,False
BEV2_2024-09-26_drive3.csv,0.0005079996907683638,0.0005079996907683,1727370555000000000,1727370554000000000,False
BEV2_2024-09-27_drive1.csv,0.0005235429240317533,0.0005235429240317,1727415956000000000,1727415955000000000,False
BEV2_2024-09-27_drive2.csv,0.0006247043332533923,0.0006247043332533,1727430557000000000,1727430556000000000,False
BEV2_2024-09-27_drive3.csv,0.00029077253649999467,0.0002907725364999,1727453802000000000,1727453801000000000,False
BEV2_2024-09-27_drive4.csv,0.0003489855377381126,0.0003489855377381,1727455495000000000,1727455494000000000,False
BEV2_2024-09-27_drive5.csv,0.0003604519658419967,0.0003604519658419,1727472916000000000,1727472915000000000,False
BEV2_2024-09-28_drive1.csv,0.0003663337065385479,0.0003663337065385,1727512977000000000,1727512976000000000,False
BEV2_2024-09-28_drive2.csv,0.0004384618602522992,0.0004384618602522,1727520094000000000,1727520093000000000,False
BEV2_2024-09-28_drive4.csv,0.0003276762976789955,0.0003276762976789,1727537958000000000,1727537957000000000,False
BEV2_2024-09-28_drive5.csv,0.00024731273862700994,0.000247312738627,1727539627000000000,1727539626000000000,False
BEV2_2024-09-28_drive6.csv,0.00030278642864482567,0.0003027864286448,1727544724000000000,1727544723000000000,False
BEV2_2024-09-29_drive1.csv,0.0005063567046226608,0.0005063567046226,1727584052000000000,1727584051000000000,False
BEV2_2024-09-29_drive2.csv,0.00023724666095869163,0.0002372466609586,1727609057000000000,1727609056000000000,False
BEV2_2024-09-29_drive3.csv,9.389034104166104e-05,9.389034104166104e-05,1727615881000000000,1727615880000000000,False
BEV2_2024-09-29_drive4.csv,0.0007432398145176436,0.0007432398145176,1727625426000000000,1727625425000000000,False
BEV2_2024-09-29_drive5.csv,0.0003528276525382324,0.0003528276525382,1727638370000000000,1727638369000000000,False
BEV2_2024-09-30_drive1.csv,0.0003927487476800027,0.00039274874768,1727674986000000000,1727674985000000000,False
BEV2_2024-09-30_drive2.csv,0.00019218167654320583,0.0001921816765432,1727689021000000000,1727689020000000000,False
BEV2_2024-09-30_drive3.csv,0.0006650326236956598,0.0006650326236956,1727689768000000000,1727689767000000000,False
BEV2_2024-09-30_drive4.csv,0.0003688779079004974,0.0003688779079004,1727693143000000000,1727693142000000000,False
BEV2_2024-09-30_drive5.csv,0.0005349956541388797,0.0005349956541388,1727713237000000000,1727713236000000000,False
BEV2_2024-09-30_drive6.csv,0.00022228460694783688,0.0002222846069478,1727720899000000000,1727720898000000000,False
BEV2_2024-10-01_drive1.csv,0.0006475177534138235,0.0006475177534138,1727765225000000000,1727765224000000000,False
BEV2_2024-10-01_drive2.csv,0.00023697693535801382,0.000236976935358,1727794848000000000,1727794847000000000,False
BEV2_2024-10-01_drive3.csv,0.00040032531677082787,0.0004003253167708,1727803620000000000,1727803619000000000,False
BEV2_2024-10-02_drive1.csv,0.0005873740864327158,0.0005873740864327,1727848001000000000,1727848000000000000,False
BEV2_2024-10-02_drive2.csv,0.0003079669001859451,0.0003079669001859,1727860914000000000,1727860913000000000,False
BEV2_2024-10-02_drive3.csv,0.00023651396478702584,0.000236513964787,1727868687000000000,1727868686000000000,False
BEV2_2024-10-02_drive4.csv,0.0002753887290948069,0.0002753887290948,1727886070000000000,1727886069000000000,False
BEV2_2024-10-02_drive5.csv,0.0004813446273510696,0.000481344627351,1727888969000000000,1727888968000000000,False
BEV2_2024-10-03_drive1.csv,0.000278621357839502,0.0002786213578395,1727934347000000000,1727934346000000000,False
BEV2_2024-10-03_drive2.csv,0.0002099668793148061,0.0002099668793148,1727948473000000000,1727948472000000000,False
BEV2_2024-10-03_drive3.csv,0.00020236773007280593,0.0002023677300728,1727950025000000000,1727950024000000000,False
BEV2_2024-10-03_drive4.csv,0.0002698927219945947,0.0002698927219945,1727974631000000000,1727974630000000000,False
BEV2_2024-10-03_drive5.csv,0.0002024563354207677,0.0002024563354207,1727976645000000000,1727976644000000000,False
BEV2_2024-10-03_drive6.csv,0.0004216842263811895,0.0004216842263811,1727983912000000000,1727983911000000000,False
BEV2_2024-10-04_drive1.csv,0.0016155340680555508,0.0016155340680555,1728020671000000000,1728020670000000000,False
BEV2_2024-10-04_drive2.csv,0.00020957969405682028,0.0002095796940568,1728063555000000000,1728063554000000000,False
BEV2_2024-10-05_drive1.csv,0.00027155506230570886,0.0002715550623057,1728107669000000000,1728107668000000000,False
BEV2_2024-10-06_drive1.csv,0.00035198261069745705,0.0003519826106974,1728221839000000000,1728221838000000000,False
BEV2_2024-10-06_drive2.csv,0.005313565836917433,0.0053135658369174,1728227448000000000,1728227447000000000,False
BEV2_2024-10-06_drive3.csv,-0.003189081328014961,-0.0031890813280149,1728232669000000000,1728232668000000000,False
BEV2_2024-10-07_drive1.csv,0.0023656934083055438,0.0023656934083055,1728283174000000000,1728283173000000000,False
BEV2_2024-10-07_drive2.csv,0.005954038289986711,0.0059540382899867,1728326103000000000,1728326102000000000,False
BEV2_2024-10-08_drive1.csv,0.0021235838692546154,0.0021235838692546,1728367496000000000,1728367495000000000,False
BEV2_2024-10-08_drive2.csv,0.0030161334423792823,0.0030161334423792,1728379249000000000,1728379248000000000,False
BEV2_2024-10-08_drive3.csv,0.00014712331069487278,0.0001471233106948,1728386482000000000,1728386481000000000,False
BEV2_2024-10-08_drive4.csv,0.0008860620710586276,0.0008860620710586,1728391258000000000,1728391257000000000,False
BEV2_2024-10-08_drive5.csv,0.004291850998632706,0.0042918509986327,1728395420000000000,1728395419000000000,False
BEV2_2024-10-08_drive6.csv,0.0003037959489027723,0.0003037959489027,1728412453000000000,1728412452000000000,False
BEV2_2024-10-08_drive7.csv,0.00011858894744054092,0.0001185889474405,1728415183000000000,1728415182000000000,False
BEV2_2024-10-09_drive1.csv,0.0002626767010100403,0.00026267670101,1728452701000000000,1728452700000000000,False
BEV2_2024-10-09_drive2.csv,0.0005809520310756915,0.0005809520310756,1728465037000000000,1728465036000000000,False
BEV2_2024-10-09_drive3.csv,0.00034678137717562754,0.0003467813771756,1728480473000000000,1728480472000000000,False
BEV2_2024-10-09_drive4.csv,0.0006359634718513861,0.0006359634718513,1728489556000000000,1728489555000000000,False
BEV2_2024-10-10_drive1.csv,0.00041231654224448773,0.0004123165422444,1728538874000000000,1728538873000000000,False
BEV2_2024-10-10_drive2.csv,0.0002979434659686865,0.0002979434659686,1728569414000000000,1728569413000000000,False
BEV2_2024-10-10_drive3.csv,0.00020266771977905452,0.000202667719779,1728576474000000000,1728576473000000000,False
BEV2_2024-10-11_drive2.csv,0.0004126962213333246,0.0004126962213333,1728667539000000000,1728667538000000000,False
BEV2_2024-10-11_drive3.csv,0.00024130516003258737,0.0002413051600325,1728670143000000000,1728670142000000000,False
BEV2_2024-10-11_drive4.csv,0.0005399426691666575,0.0005399426691666,1728677102000000000,1728677101000000000,False
BEV2_2024-10-12_drive1.csv,0.0003213744504878019,0.0003213744504878,1728749709000000000,1728749708000000000,False
BEV2_2024-10-12_drive2.csv,0.00021502004531645885,0.0002150200453164,1728756661000000000,1728756660000000000,False
BEV2_2024-10-13_drive1.csv,0.00028626653163579124,0.0002862665316357,1728807727000000000,1728807726000000000,False
BEV2_2024-10-13_drive2.csv,0.00019196756593054537,0.0001919675659305,1728813852000000000,1728813851000000000,False
BEV2_2024-10-13_drive3.csv,0.00026909930496314243,0.0002690993049631,1728820404000000000,1728820403000000000,False
BEV2_2024-10-13_drive4.csv,0.0002129316259861077,0.0002129316259861,1728830279000000000,1728830278000000000,False
BEV2_2024-10-13_drive5.csv,0.0005765755198634162,0.0005765755198634,1728850536000000000,1728850535000000000,False
BEV2_2024-10-14_drive1.csv,0.0005469012989725002,0.0005469012989725,1728884478000000000,1728884477000000000,False
BEV2_2024-10-14_drive2.csv,0.00046440609858592984,0.0004644060985859,1728899783000000000,1728899782000000000,False
BEV2_2024-10-14_drive3.csv,8.591945633332792e-05,8.591945633332792e-05,1728902758000000000,1728902757000000000,False
BEV2_2024-10-14_drive4.csv,0.0006536732517786169,0.0006536732517786,1728914972000000000,1728914971000000000,False
BEV2_2024-10-14_drive5.csv,0.00022336875463052316,0.0002233687546305,1728918224000000000,1728918223000000000,False
BEV2_2024-10-15_drive1.csv,0.0002640132184480932,0.000264013218448,1728972673000000000,1728972672000000000,False
BEV2_2024-10-15_drive2.csv,0.00037345763019134756,0.0003734576301913,1728988963000000000,1728988962000000000,False
BEV2_2024-10-16_drive1.csv,0.0003600425894256332,0.0003600425894256,1729051305000000000,1729051304000000000,False
BEV2_2024-10-16_drive2.csv,0.0004933005982395748,0.0004933005982395,1729051831000000000,1729051830000000000,False
BEV2_2024-10-16_drive3.csv,0.00022371862234007203,0.00022371862234,1729062099000000000,1729062098000000000,False
BEV2_2024-10-16_drive4.csv,0.00037353626425906905,0.000373536264259,1729071328000000000,1729071327000000000,False
BEV2_2024-10-16_drive5.csv,0.00039951566047221216,0.0003995156604722,1729071890000000000,1729071889000000000,False
BEV2_2024-10-16_drive6.csv,0.0001919244793509903,0.0001919244793509,1729080296000000000,1729080295000000000,False
BEV2_2024-10-17_drive1.csv,0.0009737349128310099,0.000973734912831,1729203726000000000,1729203725000000000,False
BEV2_2024-10-18_drive1.csv,0.00029485815185801976,0.000294858151858,1729232965000000000,1729232964000000000,False
BEV2_2024-10-18_drive2.csv,0.00021481846920311362,0.0002148184692031,1729248368000000000,1729248367000000000,False
BEV2_2024-10-18_drive3.csv,9.163241833332796e-05,9.163241833332796e-05,1729263885000000000,1729263884000000000,False
BEV2_2024-10-18_drive4.csv,0.000422367133467486,0.0004223671334674,1729279401000000000,1729279400000000000,False
BEV2_2024-10-19_drive1.csv,0.00022864208559012015,0.0002286420855901,1729341324000000000,1729341323000000000,False
BEV2_2024-10-19_drive2.csv,0.0001347031949526853,0.0001347031949526,1729345524000000000,1729345523000000000,False
BEV2_2024-10-19_drive3.csv,0.0001887168712929004,0.0001887168712929,1729349707000000000,1729349706000000000,False
BEV2_2024-10-19_drive4.csv,0.0003899148491753086,0.0003899148491753,1729361677000000000,1729361676000000000,False
BEV2_2024-10-19_drive5.csv,0.00041914157722209227,0.000419141577222,1729363195000000000,1729363194000000000,False
BEV2_2024-10-20_drive1.csv,0.0002495857609045526,0.0002495857609045,1729416344000000000,1729416343000000000,False
BEV2_2024-10-20_drive2.csv,0.0003076529291874947,0.0003076529291874,1729419525000000000,1729419524000000000,False
BEV2_2024-10-20_drive3.csv,0.00022173468771910114,0.0002217346877191,1729442082000000000,1729442081000000000,False
BEV2_2024-10-20_drive4.csv,0.00032769497942498167,0.0003276949794249,1729448516000000000,1729448515000000000,False
BEV2_2024-10-20_drive5.csv,0.00017206344530150535,0.0001720634453015,1729449463000000000,1729449462000000000,False
BEV2_2024-10-21_drive1.csv,0.00029792930522939157,0.0002979293052293,1729490484000000000,1729490483000000000,False
BEV2_2024-10-21_drive2.csv,0.00019966866967520647,0.0001996686696752,1729506222000000000,1729506221000000000,False
BEV2_2024-10-21_drive3.csv,0.0002215872713447843,0.0002215872713447,1729511836000000000,1729511835000000000,False
BEV2_2024-10-23_drive1.csv,0.0015693164147550615,0.001569316414755,1729719385000000000,1729719384000000000,False
BEV2_2024-10-24_drive1.csv,0.0001286383209372956,0.0001286383209372,1729747699000000000,1729747698000000000,False
BEV2_2024-10-24_drive2.csv,0.0005924441448847766,0.0005924441448847,1729783248000000000,1729783247000000000,False
BEV2_2024-10-25_drive1.csv,0.00044245146447545274,0.0004424514644754,1729835582000000000,1729835581000000000,False
BEV2_2024-10-25_drive2.csv,0.0004804561240237526,0.0004804561240237,1729875639000000000,1729875638000000000,False
BEV2_2024-10-26_drive1.csv,0.0008554675724545969,0.0008554675724545,1729946470000000000,1729946469000000000,False
BEV2_2024-10-26_drive2.csv,0.0002063268068796181,0.0002063268068796,1729963594000000000,1729963593000000000,False
BEV2_2024-10-26_drive3.csv,0.00022683050898765066,0.0002268305089876,1729974003000000000,1729974002000000000,False
BEV2_2024-10-27_drive1.csv,0.000287428087187316,0.0002874280871873,1730024327000000000,1730024326000000000,False
BEV2_2024-10-27_drive2.csv,0.0004227893967838855,0.0004227893967838,1730027318000000000,1730027317000000000,False
BEV2_2024-10-27_drive3.csv,0.0003969558141698645,0.0003969558141698,1730034529000000000,1730034528000000000,False
BEV2_2024-10-27_drive4.csv,0.0005317672818302077,0.0005317672818302,1730047093000000000,1730047092000000000,False
BEV2_2024-10-27_drive5.csv,0.00030965954873057183,0.0003096595487305,1730060989000000000,1730060988000000000,False
BEV2_2024-10-28_drive1.csv,0.00018866044342643403,0.0001886604434264,1730099583000000000,1730099582000000000,False
BEV2_2024-10-28_drive2.csv,0.0002494066183220766,0.000249406618322,1730114119000000000,1730114118000000000,False
BEV2_2024-10-28_drive3.csv,0.0007090525511618416,0.0007090525511618,1730130138000000000,1730130137000000000,False
BEV2_2024-10-28_drive4.csv,0.0007503816772581347,0.0007503816772581,1730132599000000000,1730132598000000000,False
BEV2_2024-10-29_drive1.csv,0.000525238153007689,0.0005252381530076,1730189158000000000,1730189157000000000,False
BEV2_2024-10-29_drive2.csv,0.0005126705748132632,0.0005126705748132,1730190363000000000,1730190362000000000,False
BEV2_2024-10-29_drive3.csv,0.00023818806404882263,0.0002381880640488,1730215358000000000,1730215357000000000,False
BEV2_2024-10-29_drive4.csv,0.0003146409447495499,0.0003146409447495,1730216547000000000,1730216546000000000,False
BEV2_2024-10-30_drive1.csv,0.0002634680400330275,0.000263468040033,1730271500000000000,1730271499000000000,False
BEV2_2024-10-30_drive2.csv,0.0005610408984497032,0.0005610408984497,1730284201000000000,1730284200000000000,False
BEV2_2024-10-30_drive3.csv,0.00021637131898147847,0.0002163713189814,1730288583000000000,1730288582000000000,False
BEV2_2024-10-30_drive4.csv,0.0005943935758823811,0.0005943935758823,1730298873000000000,1730298872000000000,False
BEV2_2024-10-30_drive5.csv,0.0005760111203738519,0.0005760111203738,1730307793000000000,1730307792000000000,False
BEV2_2024-10-30_drive6.csv,0.0003332582277449313,0.0003332582277449,1730316119000000000,1730316118000000000,False
BEV2_2024-10-31_drive1.csv,0.0022218985023711273,0.0022218985023711,1730357196000000000,1730357195000000000,False
BEV2_2024-10-31_drive2.csv,0.00015412765012472887,0.0001541276501247,1730367835000000000,1730367834000000000,False
BEV2_2024-10-31_drive3.csv,0.0007910940805161883,0.0007910940805161,1730372519000000000,1730372518000000000,False
BEV2_2024-10-31_drive4.csv,0.00040664885124641446,0.0004066488512464,1730373839000000000,1730373838000000000,False
BEV2_2024-10-31_drive5.csv,0.0004017860104830152,0.000401786010483,1730392502000000000,1730392501000000000,False
BEV2_2024-10-31_drive6.csv,0.00025260284624072885,0.0002526028462407,1730398863000000000,1730398862000000000,False
BEV2_2024-10-31_drive7.csv,0.00017927914242745933,0.0001792791424274,1730405707000000000,1730405706000000000,False
BEV2_2024-11-01_drive1.csv,0.0002555514492739164,0.0002555514492739,1730429077000000000,1730429076000000000,False
BEV2_2024-11-04_drive1.csv,0.0006410171653634805,0.0006410171653634,1730717737000000000,1730717736000000000,False
BEV2_2024-11-04_drive2.csv,0.0004237410130516418,0.0004237410130516,1730723427000000000,1730723426000000000,False
BEV2_2024-11-04_drive3.csv,0.00018438814397992955,0.0001843881439799,1730724758000000000,1730724757000000000,False
BEV2_2024-11-04_drive4.csv,0.0003986086576944396,0.0003986086576944,1730728467000000000,1730728466000000000,False
BEV2_2024-11-04_drive5.csv,0.0005692706433947526,0.0005692706433947,1730735932000000000,1730735931000000000,False
BEV2_2024-11-04_drive6.csv,0.0005008411765238946,0.0005008411765238,1730737872000000000,1730737871000000000,False
BEV2_2024-11-04_drive7.csv,0.0006071673698178918,0.0006071673698178,1730741317000000000,1730741316000000000,False
BEV2_2024-11-04_drive8.csv,0.0005891177243423604,0.0005891177243423,1730753317000000000,1730753316000000000,False
BEV2_2024-11-05_drive1.csv,0.00010882476189688583,0.0001088247618968,1730789362000000000,1730789361000000000,False
BEV2_2024-11-05_drive2.csv,0.0006416563446979063,0.0006416563446979,1730825803000000000,1730825802000000000,False
BEV2_2024-11-12_drive1.csv,0.0002003465302951285,0.0002003465302951,1731431044000000000,1731431043000000000,False
BEV2_2024-11-13_drive1.csv,0.000581611317550339,0.0005816113175503,1731482010000000000,1731482009000000000,False
BEV2_2024-11-13_drive2.csv,0.0002536237711267326,0.0002536237711267,1731510423000000000,1731510422000000000,False
BEV2_2024-11-13_drive3.csv,0.0008781214852455921,0.0008781214852455,1731523491000000000,1731523490000000000,False
BEV2_2024-11-13_drive4.csv,0.0001969453392314708,0.0001969453392314,1731532085000000000,1731532084000000000,False
BEV2_2024-11-14_drive1.csv,0.00043548778719400207,0.000435487787194,1731567075000000000,1731567074000000000,False
BEV2_2024-11-14_drive2.csv,0.0005022256319183948,0.0005022256319183,1731577831000000000,1731577830000000000,False
BEV2_2024-11-14_drive3.csv,0.0005679153615606482,0.0005679153615606,1731606435000000000,1731606434000000000,False
BEV2_2024-11-15_drive2.csv,0.0005120207453958226,0.0005120207453958,1731652114000000000,1731652113000000000,False
BEV2_2024-11-15_drive3.csv,0.0005714730401505353,0.0005714730401505,1731659795000000000,1731659794000000000,False
BEV2_2024-11-15_drive4.csv,0.00017765719677815742,0.0001776571967781,1731668471000000000,1731668470000000000,False
BEV2_2024-11-15_drive5.csv,0.00022095990686419272,0.0002209599068641,1731672903000000000,1731672902000000000,False
BEV2_2024-11-15_drive6.csv,0.0004534691467361004,0.0004534691467361,1731693613000000000,1731693612000000000,False
BEV2_2024-11-15_drive7.csv,0.0006921357781712126,0.0006921357781712,1731694424000000000,1731694423000000000,False
BEV2_2024-11-15_drive8.csv,0.00010940647835022478,0.0001094064783502,1731706405000000000,1731706404000000000,False
BEV2_2024-11-16_drive1.csv,0.0002790750230131058,0.0002790750230131,1731744594000000000,1731744593000000000,False
BEV2_2024-11-16_drive2.csv,0.00020655472095485174,0.0002065547209548,1731747174000000000,1731747173000000000,False
BEV2_2024-11-16_drive3.csv,0.00019263933162759364,0.0001926393316275,1731751707000000000,1731751706000000000,False
BEV2_2024-11-16_drive4.csv,0.00024306908862074342,0.0002430690886207,1731752632000000000,1731752631000000000,False
BEV2_2024-11-16_drive5.csv,0.00043743920560053104,0.0004374392056005,1731764915000000000,1731764914000000000,False
BEV2_2024-11-16_drive6.csv,0.00027159193929735627,0.0002715919392973,1731775549000000000,1731775548000000000,False
BEV2_2024-11-16_drive7.csv,0.00039071740386546457,0.0003907174038654,1731778020000000000,1731778019000000000,False
BEV2_2024-11-17_drive1.csv,0.00023964958996374266,0.0002396495899637,1731844385000000000,1731844384000000000,False
BEV2_2024-11-17_drive2.csv,0.00037531921517889666,0.0003753192151788,1731874253000000000,1731874252000000000,False
BEV2_2024-11-18_drive1.csv,0.00040564206221063834,0.0004056420622106,1731913484000000000,1731913483000000000,False
BEV2_2024-11-18_drive2.csv,0.0006217148001230056,0.000621714800123,1731927067000000000,1731927066000000000,False
BEV2_2024-11-18_drive3.csv,0.00038949391878394056,0.0003894939187839,1731930047000000000,1731930046000000000,False
BEV2_2024-11-18_drive4.csv,0.0004491042362767092,0.0004491042362767,1731948362000000000,1731948361000000000,False
BEV2_2024-11-19_drive1.csv,0.0004279213869362684,0.0004279213869362,1731999410000000000,1731999409000000000,False
BEV2_2024-11-19_drive2.csv,0.0005120080003993275,0.0005120080003993,1732037402000000000,1732037401000000000,False
BEV2_2024-11-20_drive1.csv,0.004851532089135014,0.004851532089135,1732083580000000000,1732083579000000000,False
BEV2_2024-11-20_drive2.csv,0.0007549628149004695,0.0007549628149004,1732093795000000000,1732093794000000000,False
BEV2_2024-11-20_drive3.csv,0.0005142795727198785,0.0005142795727198,1732110330000000000,1732110329000000000,False
BEV2_2024-11-20_drive4.csv,0.0005758125253280803,0.000575812525328,1732122293000000000,1732122292000000000,False
BEV2_2024-11-21_drive1.csv,0.0008302714723400406,0.00083027147234,1732188488000000000,1732188487000000000,False
BEV2_2024-11-21_drive2.csv,0.0004561846230823576,0.0004561846230823,1732208881000000000,1732208880000000000,False
BEV2_2024-11-21_drive3.csv,0.0002132723827436018,0.0002132723827436,1732209520000000000,1732209519000000000,False
BEV2_2024-11-21_drive4.csv,0.0012354581653657203,0.0012354581653657,1732209898000000000,1732209897000000000,False
BEV2_2024-11-21_drive5.csv,0.00035513094487846437,0.0003551309448784,1732210817000000000,1732210816000000000,False
BEV2_2024-11-21_drive6.csv,0.0003548782370948983,0.0003548782370948,1732216484000000000,1732216483000000000,False
BEV2_2024-11-21_drive7.csv,0.0008359372253041396,0.0008359372253041,1732229253000000000,1732229252000000000,False
BEV2_2024-11-22_drive1.csv,0.0002506047112864442,0.0002506047112864,1732255255000000000,1732255254000000000,False
BEV2_2024-11-22_drive2.csv,0.0004940875720736109,0.0004940875720736,1732266087000000000,1732266086000000000,False
BEV2_2024-11-22_drive3.csv,0.0003215768585870508,0.000321576858587,1732270260000000000,1732270259000000000,False
BEV2_2024-11-23_drive1.csv,0.00039300972961692237,0.0003930097296169,1732352076000000000,1732352075000000000,False
BEV2_2024-11-23_drive2.csv,0.00258824079326388,0.0025882407932638,1732375823000000000,1732375822000000000,False
BEV2_2024-11-23_drive3.csv,0.020578156327062093,0.020578156327062,1732380470000000000,1732380469000000000,False
BEV2_2024-11-24_drive1.csv,-0.009318036974680402,-0.0093180369746804,1732454731000000000,1732454730000000000,False
BEV2_2024-11-24_drive2.csv,0.00042946448874999437,0.0004294644887499,1732469727000000000,1732469726000000000,False
BEV2_2024-11-26_drive1.csv,0.01567121535675883,0.0156712153567588,1732621463000000000,1732621462000000000,False
BEV2_2024-11-26_drive2.csv,0.00023157471517668774,0.0002315747151766,1732639216000000000,1732639215000000000,False
BEV2_2024-11-27_drive1.csv,0.007281066267683283,0.0072810662676832,1732692401000000000,1732692400000000000,False
BEV2_2024-11-27_drive2.csv,0.00063697062109431,0.0006369706210943,1732693228000000000,1732693227000000000,False
BEV2_2024-11-27_drive3.csv,0.0004697530546933901,0.0004697530546933,1732718344000000000,1732718343000000000,False
BEV2_2024-11-27_drive4.csv,0.0006058536057937724,0.0006058536057937,1732727288000000000,1732727287000000000,False
BEV2_2024-11-27_drive5.csv,0.0007998055478354094,0.0007998055478354,1732736891000000000,1732736890000000000,False
BEV2_2024-11-28_drive1.csv,0.0009974230497101725,0.0009974230497101,1732776502000000000,1732776501000000000,False
BEV2_2024-11-28_drive2.csv,0.00021735118833313423,0.0002173511883331,1732791450000000000,1732791449000000000,False
BEV2_2024-11-28_drive3.csv,0.0003897023165365711,0.0003897023165365,1732807413000000000,1732807412000000000,False
BEV2_2024-11-28_drive4.csv,0.00044204335248453395,0.0004420433524845,1732814250000000000,1732814249000000000,False
BEV2_2024-11-29_drive1.csv,0.0009324553180822861,0.0009324553180822,1732864052000000000,1732864051000000000,False
BEV2_2024-11-29_drive2.csv,0.0007631203339008932,0.0007631203339008,1732883122000000000,1732883121000000000,False
BEV2_2024-11-29_drive3.csv,0.0004387579557945413,0.0004387579557945,1732904649000000000,1732904648000000000,False
BEV2_2024-11-29_drive4.csv,0.0001877636025677497,0.0001877636025677,1732911644000000000,1732911643000000000,False
BEV2_2024-11-29_drive5.csv,0.0007700943343609459,0.0007700943343609,1732912606000000000,1732912605000000000,False
BEV2_2024-11-30_drive1.csv,0.00046114778205624997,0.0004611477820562,1732958979000000000,1732958978000000000,False
BEV2_2024-11-30_drive2.csv,0.0007264707812576808,0.0007264707812576,1732965684000000000,1732965683000000000,False
BEV2_2024-11-30_drive3.csv,0.0007228673964705828,0.0007228673964705,1732974670000000000,1732974669000000000,False
BEV2_2024-11-30_drive4.csv,0.0007404517776986631,0.0007404517776986,1732975336000000000,1732975335000000000,False
BEV2_2024-11-30_drive5.csv,0.00024393008000606908,0.000243930080006,1732982407000000000,1732982406000000000,False
BEV2_2024-11-30_drive6.csv,0.0007179178628397481,0.0007179178628397,1732984475000000000,1732984474000000000,False
BEV2_2024-11-30_drive7.csv,0.0003984193849904861,0.0003984193849904,1732987799000000000,1732987798000000000,False
BEV2_2024-12-01_drive1.csv,0.001567122924448849,0.0015671229244488,1733042060000000000,1733042059000000000,False
BEV2_2024-12-01_drive2.csv,0.000515419724812727,0.0005154197248127,1733042996000000000,1733042995000000000,False
BEV2_2024-12-01_drive3.csv,0.0007934555150601732,0.0007934555150601,1733044887000000000,1733044886000000000,False
BEV2_2024-12-01_drive4.csv,0.00045822345424664725,0.0004582234542466,1733048241000000000,1733048240000000000,False
BEV2_2024-12-01_drive5.csv,0.0005691075761055543,0.0005691075761055,1733052784000000000,1733052783000000000,False
BEV2_2024-12-01_drive6.csv,0.00043270092733307123,0.000432700927333,1733063520000000000,1733063519000000000,False
BEV2_2024-12-01_drive7.csv,0.0006125501688502945,0.0006125501688502,1733079681000000000,1733079680000000000,False
BEV2_2024-12-01_drive8.csv,0.0007600718995320825,0.000760071899532,1733080983000000000,1733080982000000000,False
BEV2_2024-12-08_drive1.csv,0.00047113762921140303,0.0004711376292114,1733650585000000000,1733650584000000000,False
BEV2_2024-12-08_drive2.csv,0.00025988919068225717,0.0002598891906822,1733653083000000000,1733653082000000000,False
BEV2_2024-12-08_drive3.csv,0.0003799692265380399,0.000379969226538,1733656989000000000,1733656988000000000,False
BEV2_2024-12-08_drive4.csv,0.0007289655706550905,0.000728965570655,1733664641000000000,1733664640000000000,False
BEV2_2024-12-08_drive5.csv,0.0005277540372711274,0.0005277540372711,1733669406000000000,1733669405000000000,False
BEV2_2024-12-08_drive6.csv,0.0003584133634508374,0.0003584133634508,1733674035000000000,1733674034000000000,False
BEV2_2024-12-09_drive1.csv,0.0006905085008562857,0.0006905085008562,1733726708000000000,1733726707000000000,False
BEV2_2024-12-09_drive2.csv,0.00026315371781549717,0.0002631537178154,1733741586000000000,1733741585000000000,False
BEV2_2024-12-09_drive3.csv,0.0003381229267043303,0.0003381229267043,1733746013000000000,1733746012000000000,False
BEV2_2024-12-09_drive4.csv,0.0003368187342785452,0.0003368187342785,1733761912000000000,1733761911000000000,False
BEV2_2024-12-09_drive5.csv,0.0003308534109236058,0.0003308534109236,1733776397000000000,1733776396000000000,False
BEV2_2024-12-09_drive6.csv,0.0004403828734103264,0.0004403828734103,1733778196000000000,1733778195000000000,False
BEV2_2024-12-10_drive1.csv,0.0003418035092408952,0.0003418035092408,1733813081000000000,1733813080000000000,False
BEV2_2024-12-10_drive2.csv,0.0003744241243568071,0.0003744241243568,1733851505000000000,1733851504000000000,False
BEV2_2024-12-10_drive3.csv,0.0006812811047363185,0.0006812811047363,1733852414000000000,1733852413000000000,False
BEV2_2024-12-11_drive1.csv,0.0006307268304171622,0.0006307268304171,1733900034000000000,1733900033000000000,False
BEV2_2024-12-11_drive2.csv,0.0001977138460493518,0.0001977138460493,1733936542000000000,1733936541000000000,False
BEV2_2024-12-12_drive1.csv,0.001790897010778235,0.0017908970107782,1733985838000000000,1733985837000000000,False
BEV2_2024-12-12_drive2.csv,0.00010613004903639777,0.0001061300490363,1734001315000000000,1734001314000000000,False
BEV2_2024-12-12_drive3.csv,0.0008187803133158989,0.0008187803133158,1734017272000000000,1734017271000000000,False
BEV2_2024-12-13_drive1.csv,0.0008906089775204474,0.0008906089775204,1734072428000000000,1734072427000000000,False
BEV2_2024-12-13_drive2.csv,0.00019636268360291877,0.0001963626836029,1734110886000000000,1734110885000000000,False
BEV2_2024-12-13_drive4.csv,0.0004425096838158145,0.0004425096838158,1734127131000000000,1734127130000000000,False
BEV2_2024-12-14_drive1.csv,0.00033887418774975153,0.0003388741877497,1734167210000000000,1734167209000000000,False
BEV2_2024-12-14_drive2.csv,0.0003408092157769504,0.0003408092157769,1734178451000000000,1734178450000000000,False
BEV2_2024-12-14_drive3.csv,0.0003111003177053669,0.0003111003177053,1734184577000000000,1734184576000000000,False
BEV2_2024-12-14_drive4.csv,0.00031008442469903497,0.000310084424699,1734194631000000000,1734194630000000000,False
BEV2_2024-12-14_drive5.csv,0.0003254577202353779,0.0003254577202353,1734198593000000000,1734198592000000000,False
BEV2_2024-12-14_drive6.csv,0.0004412066221191819,0.0004412066221191,1734206853000000000,1734206852000000000,False
BEV2_2024-12-15_drive1.csv,0.0005079284473679237,0.0005079284473679,1734252942000000000,1734252941000000000,False
BEV2_2024-12-15_drive2.csv,0.0005287969615775914,0.0005287969615775,1734255801000000000,1734255800000000000,False
BEV2_2024-12-15_drive3.csv,0.00027050443223762,0.0002705044322376,1734268084000000000,1734268083000000000,False
BEV2_2024-12-15_drive4.csv,0.0003580679500020494,0.000358067950002,1734279306000000000,1734279305000000000,False
BEV2_2024-12-15_drive5.csv,0.0004441119920277606,0.0004441119920277,1734290628000000000,1734290627000000000,False
BEV2_2024-12-15_drive6.csv,0.0007199913448866673,0.0007199913448866,1734292394000000000,1734292393000000000,False
BEV2_2024-12-15_drive7.csv,0.00046129787873146525,0.0004612978787314,1734305678000000000,1734305677000000000,False
BEV2_2024-12-16_drive1.csv,0.0003176267156894412,0.0003176267156894,1734332156000000000,1734332155000000000,False
BEV2_2024-12-17_drive1.csv,0.0031789278091135078,0.0031789278091135,1734453175000000000,1734453174000000000,False
BEV2_2024-12-19_drive2.csv,0.0004120790364340917,0.000412079036434,1734632472000000000,1734632471000000000,False
BEV2_2024-12-20_drive1.csv,-0.007250758466645236,-0.0072507584666452,1734718995000000000,1734718994000000000,False
BEV2_2024-12-22_drive1.csv,-0.003134184026063558,-0.0031341840260635,1734893219000000000,1734893218000000000,False
BEV2_2024-12-23_drive1.csv,0.00046276045072684684,0.0004627604507268,1734941690000000000,1734941689000000000,False
BEV2_2024-12-23_drive2.csv,0.006759611552131796,0.0067596115521317,1734980509000000000,1734980508000000000,False
BEV2_2024-12-24_drive1.csv,0.00018340512599187002,0.0001834051259918,1735052818000000000,1735052817000000000,False
BEV2_2024-12-24_drive2.csv,0.0036036137168201665,0.0036036137168201,1735062272000000000,1735062271000000000,False
BEV2_2024-12-26_drive1.csv,0.02152638299321334,0.0215263829932133,1735221612000000000,1735221611000000000,False
BEV2_2024-12-27_drive1.csv,0.014748700760182861,0.0147487007601828,1735329425000000000,1735329424000000000,False
BEV2_2024-12-28_drive1.csv,0.0057576220190306915,0.0057576220190306,1735376938000000000,1735376937000000000,False
BEV2_2024-12-28_drive2.csv,0.0005700505549947877,0.0005700505549947,1735396890000000000,1735396889000000000,False
BEV2_2024-12-31_drive1.csv,0.006940375898585529,0.0069403758985855,1735631888000000000,1735631887000000000,False
BEV2_2024-12-31_drive2.csv,0.005902279824717233,0.0059022798247172,1735646969000000000,1735646968000000000,False
BEV2_2024-12-31_drive3.csv,0.0034377234431615055,0.0034377234431615,1735652707000000000,1735652706000000000,False
BEV2_2024-12-31_drive4.csv,0.00018222389192814326,0.0001822238919281,1735656933000000000,1735656932000000000,False
BEV2_2024-12-31_drive5.csv,0.005509334184509252,0.0055093341845092,1735659825000000000,1735659824000000000,False
BEV2_2025-01-01_drive1.csv,-0.001099852288362724,-0.0010998522883627,1735759420000000000,1735759419000000000,False
BEV2_2025-01-01_drive2.csv,-0.0008358391168141667,-0.0008358391168141,1735761283000000000,1735761282000000000,False
BEV2_2025-01-02_drive1.csv,0.0005686931360682416,0.0005686931360682,1735817799000000000,1735817798000000000,False
BEV2_2025-01-02_drive2.csv,0.0061236937368272315,0.0061236937368272,1735822453000000000,1735822452000000000,False
BEV2_2025-01-03_drive1.csv,0.004991815797444968,0.0049918157974449,1735913724000000000,1735913723000000000,False
BEV2_2025-01-03_drive2.csv,0.01387243278673794,0.0138724327867379,1735946622000000000,1735946621000000000,False
BEV2_2025-01-04_drive1.csv,0.013401292658289687,0.0134012926582896,1735973770000000000,1735973769000000000,False
BEV2_2025-01-04_drive2.csv,-0.02079919467772194,-0.0207991946777219,1735992721000000000,1735992720000000000,False
BEV2_2025-01-04_drive3.csv,0.000748546098519543,0.0007485460985195,1736011556000000000,1736011555000000000,False
BEV2_2025-01-04_drive4.csv,-0.0007555165440118145,-0.0007555165440118,1736029115000000000,1736029114000000000,False
BEV2_2025-01-05_drive1.csv,0.0002616710052488904,0.0002616710052488,1736099470000000000,1736099469000000000,False
BEV2_2025-01-05_drive2.csv,0.0037370537858631607,0.0037370537858631,1736111843000000000,1736111842000000000,False
BEV2_2025-01-05_drive3.csv,0.011865571583768508,0.0118655715837685,1736113975000000000,1736113974000000000,False
BEV2_2025-01-05_drive4.csv,0.00020807002899175063,0.0002080700289917,1736116324000000000,1736116323000000000,False
BEV2_2025-01-07_drive1.csv,0.00046034322746285323,0.0004603432274628,1736280251000000000,1736280250000000000,False
BEV2_2025-01-09_drive1.csv,0.0005339550756280946,0.000533955075628,1736407579000000000,1736407578000000000,False
BEV2_2025-01-09_drive2.csv,0.004246036365583324,0.0042460363655833,1736422880000000000,1736422879000000000,False
BEV2_2025-01-09_drive5.csv,0.0003061608299217554,0.0003061608299217,1736446365000000000,1736446364000000000,False
BEV2_2025-01-10_drive1.csv,0.0010311925585469999,0.0010311925585469,1736529888000000000,1736529887000000000,False
BEV2_2025-01-11_drive1.csv,0.010053773073284006,0.010053773073284,1736602301000000000,1736602300000000000,False
BEV2_2025-01-11_drive2.csv,0.0076828195473148935,0.0076828195473148,1736613580000000000,1736613579000000000,False
BEV2_2025-01-12_drive1.csv,0.0002977035013958288,0.0002977035013958,1736671108000000000,1736671107000000000,False
BEV2_2025-01-12_drive2.csv,0.0005000914574728525,0.0005000914574728,1736704126000000000,1736704125000000000,False
BEV2_2025-01-12_drive3.csv,0.0021104754277195587,0.0021104754277195,1736710263000000000,1736710262000000000,False
BEV2_2025-01-15_drive1.csv,0.0004964772302719168,0.0004964772302719,1736947931000000000,1736947930000000000,False
BEV2_2025-01-16_drive1.csv,0.015664702889354114,0.0156647028893541,1737057516000000000,1737057515000000000,False
BEV2_2025-01-17_drive1.csv,-0.006030154728880274,-0.0060301547288802,1737097704000000000,1737097703000000000,False
BEV2_2025-01-17_drive2.csv,-0.005417096773259826,-0.0054170967732598,1737131489000000000,1737131488000000000,False
BEV2_2025-01-18_drive1.csv,0.015269410115480386,0.0152694101154803,1737187259000000000,1737187258000000000,False
BEV2_2025-01-20_drive1.csv,-0.0014792617516150724,-0.001479261751615,1737369614000000000,1737369613000000000,False
BEV2_2025-01-22_drive1.csv,0.01120583465932664,0.0112058346593266,1737531141000000000,1737531140000000000,False
BEV2_2025-01-22_drive2.csv,0.0047173982154634884,0.0047173982154634,1737563764000000000,1737563763000000000,False
BEV2_2025-01-24_drive1.csv,0.00762847169753687,0.0076284716975368,1737702987000000000,1737702986000000000,False
BEV2_2025-01-24_drive2.csv,-0.013628713219169638,-0.0136287132191696,1737725479000000000,1737725478000000000,False
BEV2_2025-01-25_drive2.csv,-0.00246629808952342,-0.0024662980895234,1737823925000000000,1737823924000000000,False
BEV2_2025-01-27_drive1.csv,0.011791988951313358,0.0117919889513133,1737960875000000000,1737960874000000000,False
BEV2_2025-01-27_drive2.csv,0.0057478956586873905,0.0057478956586873,1737991092000000000,1737991091000000000,False
BEV2_2025-01-29_drive1.csv,0.009207425055833322,0.0092074250558333,1738135457000000000,1738135456000000000,False
BEV2_2025-01-29_drive2.csv,0.0006223139947223086,0.0006223139947223,1738161531000000000,1738161530000000000,False
BEV2_2025-01-30_drive1.csv,0.00011399414507725249,0.0001139941450772,1738243456000000000,1738243455000000000,False
BEV2_2025-01-30_drive2.csv,0.00013311388736935193,0.0001331138873693,1738250137000000000,1738250136000000000,False
BEV2_2025-01-30_drive3.csv,0.000411554750723175,0.0004115547507231,1738257673000000000,1738257672000000000,False
BEV2_2025-01-31_drive1.csv,0.0002951739850323975,0.0002951739850323,1738322519000000000,1738322518000000000,False
BEV2_2025-01-31_drive2.csv,0.0003463105342104941,0.0003463105342104,1738337315000000000,1738337314000000000,False
BEV2_2025-01-31_drive3.csv,0.000405458058871519,0.0004054580588715,1738342578000000000,1738342577000000000,False
BEV2_2025-02-01_drive1.csv,0.00020872251464582856,0.0002087225146458,1738416134000000000,1738416133000000000,False
BEV2_2025-02-01_drive2.csv,0.0002175305292426122,0.0002175305292426,1738432076000000000,1738432075000000000,False
BEV2_2025-02-01_drive3.csv,0.0006215290604166561,0.0006215290604166,1738432670000000000,1738432669000000000,False
BEV2_2025-02-01_drive4.csv,0.0002564670114117543,0.0002564670114117,1738435068000000000,1738435067000000000,False
BEV2_2025-02-01_drive5.csv,0.0005235088720385709,0.0005235088720385,1738441387000000000,1738441386000000000,False
BEV2_2025-02-01_drive6.csv,0.0002790658975620555,0.000279065897562,1738452647000000000,1738452646000000000,False
BEV2_2025-02-02_drive1.csv,0.0006305364061085064,0.0006305364061085,1738485228000000000,1738485227000000000,False
BEV2_2025-02-02_drive2.csv,0.000450693497846781,0.0004506934978467,1738491219000000000,1738491218000000000,False
BEV2_2025-02-02_drive3.csv,0.00041399612129636794,0.0004139961212963,1738504017000000000,1738504016000000000,False
BEV2_2025-02-02_drive4.csv,0.00026170731157290655,0.0002617073115729,1738518842000000000,1738518841000000000,False
BEV2_2025-02-02_drive5.csv,0.0006458348749288092,0.0006458348749288,1738519278000000000,1738519277000000000,False
BEV2_2025-02-02_drive6.csv,0.0005917320682900227,0.00059173206829,1738521761000000000,1738521760000000000,False
BEV2_2025-02-02_drive7.csv,0.0002373054582499951,0.0002373054582499,1738525425000000000,1738525424000000000,False
BEV2_2025-02-02_drive8.csv,0.003135951341124557,0.0031359513411245,1738536073000000000,1738536072000000000,False
BEV2_2025-02-03_drive1.csv,0.0028172145448078605,0.0028172145448078,1738561097000000000,1738561096000000000,False
BEV2_2025-02-03_drive2.csv,0.0005726921211751612,0.0005726921211751,1738562956000000000,1738562955000000000,False
BEV2_2025-02-03_drive3.csv,0.00026786206863714404,0.0002678620686371,1738563585000000000,1738563584000000000,False
BEV2_2025-02-03_drive4.csv,0.000125959607223953,0.0001259596072239,1738571755000000000,1738571754000000000,False
BEV2_2025-02-03_drive5.csv,0.00022704263332681794,0.0002270426333268,1738598873000000000,1738598872000000000,False
BEV2_2025-02-03_drive6.csv,0.00108471524721527,0.0010847152472152,1738611541000000000,1738611540000000000,False
BEV2_2025-02-03_drive7.csv,0.0002622040462074545,0.0002622040462074,1738625175000000000,1738625174000000000,False
BEV2_2025-02-04_drive1.csv,0.0007325690111111022,0.0007325690111111,1738650986000000000,1738650985000000000,False
BEV2_2025-02-04_drive2.csv,0.0001775737520343059,0.0001775737520343,1738653410000000000,1738653409000000000,False
BEV2_2025-02-04_drive3.csv,0.00021542992753471182,0.0002154299275347,1738676141000000000,1738676140000000000,False
BEV2_2025-02-04_drive4.csv,0.0004813498042062906,0.0004813498042062,1738685615000000000,1738685614000000000,False
BEV2_2025-02-05_drive1.csv,0.01502088199299485,0.0150208819929948,1738749890000000000,1738749889000000000,False
BEV2_2025-02-05_drive2.csv,0.008055834175576511,0.0080558341755765,1738773961000000000,1738773960000000000,False
BEV2_2025-02-06_drive1.csv,0.0007689642356068283,0.0007689642356068,1738825519000000000,1738825518000000000,False
BEV2_2025-02-06_drive2.csv,0.00822032271464014,0.0082203227146401,1738859083000000000,1738859082000000000,False
BEV2_2025-02-07_drive1.csv,0.0016782429292816316,0.0016782429292816,1738934985000000000,1738934984000000000,False
BEV2_2025-02-07_drive2.csv,0.003779810559746088,0.003779810559746,1738939329000000000,1738939328000000000,False
BEV2_2025-02-07_drive3.csv,0.00028937752120524384,0.0002893775212052,1738944819000000000,1738944818000000000,False
BEV2_2025-02-09_drive1.csv,0.02030321127733522,0.0203032112773352,1739129409000000000,1739129408000000000,False
BEV2_2025-02-11_drive1.csv,0.002151195438535343,0.0021511954385353,1739254222000000000,1739254221000000000,False
BEV2_2025-02-11_drive2.csv,0.007876283923758911,0.0078762839237589,1739304606000000000,1739304605000000000,False
BEV2_2025-02-12_drive1.csv,0.0007999192113372926,0.0007999192113372,1739342720000000000,1739342719000000000,False
BEV2_2025-02-12_drive2.csv,0.00036761319000408693,0.000367613190004,1739380257000000000,1739380256000000000,False
BEV2_2025-02-12_drive3.csv,0.012039215046909715,0.0120392150469097,1739392707000000000,1739392706000000000,False
BEV2_2025-02-14_drive1.csv,0.013345931356221242,0.0133459313562212,1739546741000000000,1739546740000000000,False
BEV2_2025-02-14_drive2.csv,0.0002581145118194972,0.0002581145118194,1739549229000000000,1739549228000000000,False
BEV2_2025-02-15_drive1.csv,0.0001802507228626704,0.0001802507228626,1739609071000000000,1739609070000000000,False
BEV2_2025-02-15_drive2.csv,0.00021485890202228847,0.0002148589020222,1739613378000000000,1739613377000000000,False
BEV2_2025-02-15_drive3.csv,0.00021008068212347028,0.0002100806821234,1739623970000000000,1739623969000000000,False
BEV2_2025-02-15_drive4.csv,9.518020522458953e-05,9.518020522458953e-05,1739639372000000000,1739639371000000000,False
BEV2_2025-02-15_drive5.csv,0.00020044181116004255,0.00020044181116,1739643437000000000,1739643436000000000,False
BEV2_2025-02-15_drive6.csv,0.0003436772134351766,0.0003436772134351,1739653577000000000,1739653576000000000,False
BEV2_2025-02-16_drive1.csv,0.0006563852235169675,0.0006563852235169,1739696594000000000,1739696593000000000,False
BEV2_2025-02-16_drive2.csv,0.0005224412194930513,0.000522441219493,1739704039000000000,1739704038000000000,False
BEV2_2025-02-16_drive3.csv,0.0005012832606692638,0.0005012832606692,1739710223000000000,1739710222000000000,False
BEV2_2025-02-16_drive4.csv,0.000392233482884809,0.0003922334828848,1739722157000000000,1739722156000000000,False
BEV2_2025-02-16_drive6.csv,0.0006413929000405713,0.0006413929000405,1739730990000000000,1739730989000000000,False
BEV2_2025-02-16_drive7.csv,0.00054829025204398,0.0005482902520439,1739737423000000000,1739737422000000000,False
BEV2_2025-02-16_drive8.csv,0.00036851855668397254,0.0003685185566839,1739738733000000000,1739738732000000000,False
BEV2_2025-02-17_drive1.csv,0.005073747013502106,0.0050737470135021,1739774474000000000,1739774473000000000,False
BEV2_2025-02-17_drive2.csv,0.0004598334710209293,0.0004598334710209,1739791547000000000,1739791546000000000,False
BEV2_2025-02-17_drive3.csv,0.00220828019073302,0.002208280190733,1739800548000000000,1739800547000000000,False
BEV2_2025-02-19_drive1.csv,0.013608844762572297,0.0136088447625722,1739955512000000000,1739955511000000000,False
BEV2_2025-02-19_drive2.csv,0.006265063920598583,0.0062650639205985,1739981222000000000,1739981221000000000,False
BEV2_2025-02-21_drive1.csv,0.00032888908149994353,0.0003288890814999,1740160363000000000,1740160362000000000,False
BEV2_2025-02-22_drive1.csv,0.0003331016955892161,0.0003331016955892,1740220904000000000,1740220903000000000,False
BEV2_2025-02-23_drive1.csv,0.007073025326354157,0.0070730253263541,1740299872000000000,1740299871000000000,False
BEV2_2025-02-24_drive1.csv,-0.0014638785970336565,-0.0014638785970336,1740409856000000000,1740409855000000000,False
BEV2_2025-02-24_drive2.csv,-0.0018855940218586481,-0.0018855940218586,1740411574000000000,1740411573000000000,False
BEV2_2025-02-26_drive1.csv,-0.007167775195191606,-0.0071677751951916,1740555995000000000,1740555994000000000,False
BEV2_2025-02-26_drive2.csv,0.0003892734631488657,0.0003892734631488,1740590657000000000,1740590656000000000,False
BEV2_2025-02-27_drive1.csv,0.0035048093954660377,0.003504809395466,1740638395000000000,1740638394000000000,False
BEV2_2025-02-27_drive2.csv,0.00040495780918363064,0.0004049578091836,1740639088000000000,1740639087000000000,False
BEV2_2025-02-27_drive3.csv,0.00046524197214322077,0.0004652419721432,1740675277000000000,1740675276000000000,False
BEV2_2025-02-27_drive4.csv,0.00018657180908332723,0.0001865718090833,1740676451000000000,1740676450000000000,False
BEV2_2025-02-28_drive1.csv,0.00043939730053155657,0.0004393973005315,1740725603000000000,1740725602000000000,False
BEV2_2025-02-28_drive2.csv,0.0002539903514444322,0.0002539903514444,1740732918000000000,1740732917000000000,False
BEV2_2025-02-28_drive3.csv,0.00045655131983332565,0.0004565513198333,1740733558000000000,1740733557000000000,False
BEV2_2025-02-28_drive4.csv,0.000463648681483931,0.0004636486814839,1740740549000000000,1740740548000000000,False
BEV2_2025-02-28_drive5.csv,0.000485539350453552,0.0004855393504535,1740767575000000000,1740767574000000000,False
BEV2_2025-03-02_drive1.csv,0.00022012576974000727,0.00022012576974,1740906979000000000,1740906978000000000,False
BEV2_2025-03-02_drive2.csv,0.0005097434352936433,0.0005097434352936,1740908388000000000,1740908387000000000,False
BEV2_2025-03-02_drive3.csv,0.0002875218448479824,0.0002875218448479,1740919395000000000,1740919394000000000,False
BEV2_2025-03-02_drive4.csv,0.00021241581568819828,0.0002124158156881,1740925109000000000,1740925108000000000,False
BEV2_2025-03-02_drive5.csv,0.00019393352083717995,0.0001939335208371,1740937348000000000,1740937347000000000,False
BEV2_2025-03-02_drive6.csv,0.00020881856826850933,0.0002088185682685,1740953577000000000,1740953576000000000,False
BEV2_2025-03-03_drive1.csv,0.0005905532629861007,0.0005905532629861,1740984558000000000,1740984557000000000,False
BEV2_2025-03-03_drive2.csv,0.00040512172561110016,0.0004051217256111,1741022299000000000,1741022298000000000,False
BEV2_2025-03-04_drive1.csv,0.002019835569976553,0.0020198355699765,1741057982000000000,1741057981000000000,False
BEV2_2025-03-06_drive1.csv,0.0005440695767840156,0.000544069576784,1741281290000000000,1741281289000000000,False
BEV2_2025-03-07_drive1.csv,0.0004722229026466216,0.0004722229026466,1741331771000000000,1741331770000000000,False
BEV2_2025-03-07_drive2.csv,0.0008763423027126733,0.0008763423027126,1741356614000000000,1741356613000000000,False
BEV2_2025-03-07_drive3.csv,0.00020054754846353701,0.0002005475484635,1741365841000000000,1741365840000000000,False
BEV2_2025-03-07_drive4.csv,0.0004842769785453598,0.0004842769785453,1741366149000000000,1741366148000000000,False
BEV2_2025-03-07_drive5.csv,0.0002543321567255005,0.0002543321567255,1741368517000000000,1741368516000000000,False
BEV2_2025-03-07_drive6.csv,0.0014796361271546751,0.0014796361271546,1741369617000000000,1741369616000000000,False
BEV2_2025-03-08_drive1.csv,0.00038672957228186295,0.0003867295722818,1741424379000000000,1741424378000000000,False
BEV2_2025-03-08_drive2.csv,0.00040680461338116214,0.0004068046133811,1741426164000000000,1741426163000000000,False
BEV2_2025-03-08_drive3.csv,0.00032535203394788985,0.0003253520339478,1741458258000000000,1741458257000000000,False
BEV2_2025-03-08_drive4.csv,0.00020282033125259554,0.0002028203312525,1741466168000000000,1741466167000000000,False
BEV2_2025-03-09_drive1.csv,0.00019450057450693886,0.0001945005745069,1741513766000000000,1741513765000000000,False
BEV2_2025-03-09_drive2.csv,0.00021141595238106616,0.000211415952381,1741517141000000000,1741517140000000000,False
BEV2_2025-03-09_drive3.csv,0.00020544398370832506,0.0002054439837083,1741519387000000000,1741519386000000000,False
BEV2_2025-03-09_drive4.csv,0.00013271184189478995,0.0001327118418947,1741528367000000000,1741528366000000000,False
BEV2_2025-03-09_drive5.csv,0.00020099804409094566,0.0002009980440909,1741536213000000000,1741536212000000000,False
BEV2_2025-03-09_drive6.csv,0.00025051156950042336,0.0002505115695004,1741549687000000000,1741549686000000000,False
BEV2_2025-03-09_drive7.csv,0.0005017992744243218,0.0005017992744243,1741550828000000000,1741550827000000000,False
BEV2_2025-03-10_drive1.csv,0.00040252264067095037,0.0004025226406709,1741588429000000000,1741588428000000000,False
BEV2_2025-03-10_drive2.csv,0.00024452511302581765,0.0002445251130258,1741600968000000000,1741600967000000000,False
BEV2_2025-03-10_drive3.csv,0.00039526756850932125,0.0003952675685093,1741623900000000000,1741623899000000000,False
BEV2_2025-03-11_drive1.csv,0.00020619848262637717,0.0002061984826263,1741674792000000000,1741674791000000000,False
BEV2_2025-03-11_drive2.csv,0.00030619431780852085,0.0003061943178085,1741706822000000000,1741706821000000000,False
BEV2_2025-03-11_drive3.csv,0.00041673999971765605,0.0004167399997176,1741712153000000000,1741712152000000000,False
BEV2_2025-03-11_drive4.csv,0.0007460818992095023,0.0007460818992095,1741724901000000000,1741724900000000000,False
BEV2_2025-03-11_drive5.csv,0.0005945820784392155,0.0005945820784392,1741725455000000000,1741725454000000000,False
BEV2_2025-03-12_drive1.csv,0.0014035971620083819,0.0014035971620083,1741759688000000000,1741759687000000000,False
BEV2_2025-03-12_drive2.csv,0.00021884231679845841,0.0002188423167984,1741788397000000000,1741788396000000000,False
BEV2_2025-03-12_drive3.csv,0.00036681659498411987,0.0003668165949841,1741801353000000000,1741801352000000000,False
BEV2_2025-03-12_drive4.csv,0.0003931271528333277,0.0003931271528333,1741808550000000000,1741808549000000000,False
BEV2_2025-03-13_drive1.csv,0.0006558973022919529,0.0006558973022919,1741848060000000000,1741848059000000000,False
BEV2_2025-03-13_drive2.csv,0.0005774570544031838,0.0005774570544031,1741881142000000000,1741881141000000000,False
BEV2_2025-03-13_drive3.csv,0.00044917649912517763,0.0004491764991251,1741883644000000000,1741883643000000000,False
BEV2_2025-03-13_drive4.csv,0.000604339356376511,0.0006043393563765,1741897585000000000,1741897584000000000,False
BEV2_2025-03-14_drive1.csv,0.004730677988175292,0.0047306779881752,1741935266000000000,1741935265000000000,False
BEV2_2025-03-14_drive2.csv,9.748119431249598e-05,9.748119431249598e-05,1741942699000000000,1741942698000000000,False
BEV2_2025-03-14_drive3.csv,0.00020076837760122154,0.0002007683776012,1741943189000000000,1741943188000000000,False
BEV2_2025-03-14_drive4.csv,0.0002149466989014172,0.0002149466989014,1741951373000000000,1741951372000000000,False
BEV2_2025-03-14_drive5.csv,0.00030214928032638335,0.0003021492803263,1741958336000000000,1741958335000000000,False
BEV2_2025-03-14_drive6.csv,0.00023683665221353728,0.0002368366522135,1741970692000000000,1741970691000000000,False
BEV2_2025-03-14_drive7.csv,0.0003167410406865434,0.0003167410406865,1741972095000000000,1741972094000000000,False
BEV2_2025-03-14_drive8.csv,0.0002490868191848798,0.0002490868191848,1741976397000000000,1741976396000000000,False
BEV2_2025-03-15_drive1.csv,0.0002041222798480623,0.000204122279848,1742032906000000000,1742032905000000000,False
BEV2_2025-03-15_drive2.csv,0.006965046008346779,0.0069650460083467,1742033496000000000,1742033495000000000,False
BEV2_2025-03-15_drive3.csv,0.00016962334901131295,0.0001696233490113,1742034929000000000,1742034928000000000,False
BEV2_2025-03-15_drive4.csv,0.0002789974724984844,0.0002789974724984,1742039032000000000,1742039031000000000,False
BEV2_2025-03-15_drive5.csv,0.00036765628788030207,0.0003676562878803,1742045881000000000,1742045880000000000,False
BEV2_2025-03-15_drive6.csv,0.0003226893944334826,0.0003226893944334,1742050425000000000,1742050424000000000,False
BEV2_2025-03-15_drive7.csv,0.0005571627989790658,0.000557162798979,1742054277000000000,1742054276000000000,False
BEV2_2025-03-15_drive8.csv,0.0008751668415288999,0.0008751668415288,1742058013000000000,1742058012000000000,False
BEV2_2025-03-16_drive1.csv,0.0003672925463048865,0.0003672925463048,1742117713000000000,1742117712000000000,False
BEV2_2025-03-16_drive2.csv,0.00045882531416799,0.0004588253141679,1742118557000000000,1742118556000000000,False
BEV2_2025-03-16_drive3.csv,0.0004516318641874961,0.0004516318641874,1742120954000000000,1742120953000000000,False
BEV2_2025-03-16_drive4.csv,0.00023982275604744985,0.0002398227560474,1742125827000000000,1742125826000000000,False
BEV2_2025-03-16_drive5.csv,0.00014269506698192522,0.0001426950669819,1742128727000000000,1742128726000000000,False
BEV2_2025-03-16_drive6.csv,0.00029927132451602694,0.000299271324516,1742129406000000000,1742129405000000000,False
BEV2_2025-03-16_drive7.csv,0.0002855108448285483,0.0002855108448285,1742143210000000000,1742143209000000000,False
BEV2_2025-03-17_drive1.csv,0.0006084145745489616,0.0006084145745489,1742193679000000000,1742193678000000000,False
BEV2_2025-03-18_drive1.csv,0.010150678906641428,0.0101506789066414,1742282398000000000,1742282397000000000,False
BEV2_2025-03-18_drive2.csv,0.0008618690566107392,0.0008618690566107,1742313758000000000,1742313757000000000,False
BEV2_2025-03-20_drive1.csv,-0.004049319313865223,-0.0040493193138652,1742471953000000000,1742471952000000000,False
BEV2_2025-03-20_drive2.csv,-0.009796912939794723,-0.0097969129397947,1742488761000000000,1742488760000000000,False
BEV2_2025-03-22_drive1.csv,-0.00462180960159295,-0.0046218096015929,1742629639000000000,1742629638000000000,False
BEV2_2025-03-22_drive2.csv,-0.004299641345586431,-0.0042996413455864,1742643006000000000,1742643005000000000,False
BEV2_2025-03-22_drive3.csv,0.008808624841579354,0.0088086248415793,1742651510000000000,1742651509000000000,False
BEV2_2025-03-22_drive4.csv,0.014970528617763882,0.0149705286177638,1742660096000000000,1742660095000000000,False
BEV2_2025-03-23_drive1.csv,0.00015435078558419498,0.0001543507855841,1742722512000000000,1742722511000000000,False
BEV2_2025-03-23_drive2.csv,0.00011175169536564037,0.0001117516953656,1742755816000000000,1742755815000000000,False
BEV2_2025-03-24_drive1.csv,0.000926902977301122,0.0009269029773011,1742815513000000000,1742815512000000000,False
BEV2_2025-03-26_drive1.csv,-1.5626278264264237e-05,-1.5626278264264237e-05,1742971477000000000,1742971476000000000,False
BEV2_2025-03-28_drive1.csv,-0.0045134482273055665,-0.0045134482273055,1743170078000000000,1743170077000000000,False
BEV2_2025-03-28_drive2.csv,0.0014720503175840636,0.001472050317584,1743175468000000000,1743175467000000000,False
BEV2_2025-03-28_drive3.csv,-0.0011647401174120465,-0.001164740117412,1743189421000000000,1743189420000000000,False
BEV2_2025-03-29_drive1.csv,0.0003216381286926832,0.0003216381286926,1743252829000000000,1743252828000000000,False
BEV2_2025-03-29_drive2.csv,0.0001478203032615693,0.0001478203032615,1743259411000000000,1743259410000000000,False
BEV2_2025-03-29_drive3.csv,0.000379293310046299,0.0003792933100462,1743269308000000000,1743269307000000000,False
BEV2_2025-03-30_drive2.csv,0.0004897614790452668,0.0004897614790452,1743360297000000000,1743360296000000000,False
BEV2_2025-03-31_drive1.csv,-0.001412021843057247,-0.0014120218430572,1743400480000000000,1743400479000000000,False
BEV2_2025-03-31_drive2.csv,0.009934373132499175,0.0099343731324991,1743431298000000000,1743431297000000000,False
BEV2_2025-04-01_drive1.csv,-0.0028129714334985665,-0.0028129714334985,1743504041000000000,1743504040000000000,False
BEV2_2025-04-01_drive2.csv,0.010209360669833323,0.0102093606698333,1743522580000000000,1743522579000000000,False
BEV2_2025-04-03_drive1.csv,0.004852765460931949,0.0048527654609319,1743661430000000000,1743661429000000000,False
BEV2_2025-04-03_drive2.csv,0.0005272994919675165,0.0005272994919675,1743693138000000000,1743693137000000000,False
BEV2_2025-04-04_drive1.csv,0.0002638723396419641,0.0002638723396419,1743784498000000000,1743784497000000000,False
BEV2_2025-04-04_drive2.csv,0.0003659887271356744,0.0003659887271356,1743795107000000000,1743795106000000000,False
BEV2_2025-04-04_drive3.csv,0.0029961072117558334,0.0029961072117558,1743798540000000000,1743798539000000000,False
BEV2_2025-04-05_drive1.csv,0.02455508550941549,0.0245550855094154,1743851995000000000,1743851994000000000,False
BEV2_2025-04-05_drive2.csv,0.00030313048727082474,0.0003031304872708,1743871650000000000,1743871649000000000,False
BEV2_2025-04-06_drive1.csv,0.0005765285522338324,0.0005765285522338,1743929346000000000,1743929345000000000,False
BEV2_2025-04-07_drive1.csv,0.007605315752185424,0.0076053157521854,1744017295000000000,1744017294000000000,False
BEV2_2025-04-07_drive2.csv,0.0025380597627569193,0.0025380597627569,1744037155000000000,1744037154000000000,False
BEV2_2025-04-10_drive1.csv,0.00048289353256540754,0.0004828935325654,1744284929000000000,1744284928000000000,False
BEV2_2025-04-11_drive1.csv,0.005000751863008795,0.0050007518630087,1744352274000000000,1744352273000000000,False
BEV2_2025-04-11_drive2.csv,0.009104319904015558,0.0091043199040155,1744386693000000000,1744386692000000000,False
BEV2_2025-04-11_drive3.csv,0.001490300986046822,0.0014903009860468,1744390138000000000,1744390137000000000,False
BEV2_2025-04-12_drive1.csv,0.019758691287451256,0.0197586912874512,1744481024000000000,1744481023000000000,False
BEV2_2025-04-13_drive1.csv,0.0006846338719928745,0.0006846338719928,1744535391000000000,1744535390000000000,False
BEV2_2025-04-14_drive1.csv,0.005381173024980123,0.0053811730249801,1744616982000000000,1744616981000000000,False
BEV2_2025-04-14_drive2.csv,0.0012894421984957047,0.0012894421984957,1744621175000000000,1744621174000000000,False
BEV2_2025-04-14_drive3.csv,0.0012498819343776855,0.0012498819343776,1744633202000000000,1744633201000000000,False
BEV2_2025-04-14_drive4.csv,0.008310423399000934,0.0083104233990009,1744639373000000000,1744639372000000000,False
BEV2_2025-04-14_drive5.csv,-0.00228917806262141,-0.0022891780626214,1744643931000000000,1744643930000000000,False
BEV2_2025-04-14_drive6.csv,0.0004221633346695288,0.0004221633346695,1744655481000000000,1744655480000000000,False
BEV2_2025-04-15_drive1.csv,-0.005337442312229175,-0.0053374423122291,1744736390000000000,1744736389000000000,False
BEV2_2025-04-16_drive1.csv,0.00518765708044932,0.0051876570804493,1744785233000000000,1744785232000000000,False
BEV2_2025-04-16_drive2.csv,0.0007384728275941238,0.0007384728275941,1744817114000000000,1744817113000000000,False
BEV2_2025-04-17_drive1.csv,0.010442063520711828,0.0104420635207118,1744869603000000000,1744869602000000000,False
BEV2_2025-04-17_drive2.csv,-0.0016164442382047093,-0.0016164442382047,1744903238000000000,1744903237000000000,False
BEV2_2025-04-17_drive3.csv,0.009604119202166663,0.0096041192021666,1744907109000000000,1744907108000000000,False
BEV2_2025-04-17_drive5.csv,0.002569030852079234,0.0025690308520792,1744922351000000000,1744922350000000000,False
BEV2_2025-04-18_drive1.csv,0.0003514094912873293,0.0003514094912873,1744967668000000000,1744967667000000000,False
BEV2_2025-04-22_drive1.csv,0.00265459437063888,0.0026545943706388,1745301071000000000,1745301070000000000,False
BEV2_2025-04-22_drive2.csv,-0.0076599991029428945,-0.0076599991029428,1745314135000000000,1745314134000000000,False
BEV2_2025-04-22_drive4.csv,0.0036025330053030876,0.003602533005303,1745353967000000000,1745353966000000000,False
BEV2_2025-04-23_drive1.csv,0.009974325129046977,0.0099743251290469,1745384997000000000,1745384996000000000,False
BEV2_2025-04-25_drive1.csv,0.0002694976000911088,0.0002694976000911,1745574268000000000,1745574267000000000,False
BEV2_2025-04-25_drive2.csv,0.0006274222231998814,0.0006274222231998,1745583526000000000,1745583525000000000,False
BEV2_2025-04-25_drive3.csv,-0.0076129704602839465,-0.0076129704602839,1745602554000000000,1745602553000000000,False
BEV2_2025-04-26_drive1.csv,-0.0022820965781470107,-0.002282096578147,1745673509000000000,1745673508000000000,False
BEV2_2025-04-26_drive2.csv,-0.0007972804115525981,-0.0007972804115525,1745684411000000000,1745684410000000000,False
BEV2_2025-04-26_drive3.csv,0.003443723058715887,0.0034437230587158,1745688015000000000,1745688014000000000,False
BEV2_2025-04-27_drive1.csv,-0.00022221066186459333,-0.0002222106618645,1745746414000000000,1745746413000000000,False
BEV2_2025-04-27_drive2.csv,0.001034373129833328,0.0010343731298333,1745750761000000000,1745750760000000000,False
BEV2_2025-04-27_drive3.csv,0.000495881120140233,0.0004958811201402,1745751346000000000,1745751345000000000,False
BEV2_2025-04-27_drive4.csv,-0.0017219162631075626,-0.0017219162631075,1745752042000000000,1745752041000000000,False
BEV2_2025-04-27_drive5.csv,0.00016454039402082836,0.0001645403940208,1745758373000000000,1745758372000000000,False
BEV2_2025-04-29_drive1.csv,0.002429528471303711,0.0024295284713037,1745913711000000000,1745913710000000000,False
BEV2_2025-04-29_drive2.csv,0.019370786221318367,0.0193707862213183,1745940028000000000,1745940027000000000,False
BEV2_2025-04-30_drive1.csv,0.02042989597205589,0.0204298959720558,1745993318000000000,1745993317000000000,False
