file,cut_ns,first_remaining_gps_ns,last_remaining_gps_ns,source_D_km,distance_replay_km,visible_remaining_plausible_km,crossing_cut_gps_chord_km,first_gps_offset_s,last_gps_offset_s,unfiltered_geometry_km,unique_geometry_points,spatial_sample_points
BEV1_2024-07-24_drive1.csv,1721801547000000000,1721801547000000000,1721804043000000000,14.758635413321027,14.758635413321025,14.758635413321025,0.0,0.0,0.0,18.026143185531122,875,362
BEV1_2024-07-24_drive2.csv,1721833182000000000,1721833182000000000,1721835671000000000,14.67503109073881,14.67503109073881,14.67503109073881,0.0,0.0,0.0,17.986036462221882,910,361
BEV1_2024-07-25_drive1.csv,1721891024000000000,1721891024000000000,1721893984000000000,22.511921856260507,22.511921856260507,22.511921856260507,0.0,0.0,0.0,24.481665949483716,1184,491
BEV1_2024-07-25_drive2.csv,1721922525000000000,1721922525000000000,1721924936000000000,17.567144268448473,17.567144268448473,17.567144268448473,0.0,0.0,0.0,18.10327518807966,1127,364
BEV1_2024-07-25_drive3.csv,1721926320000000000,1721926320000000000,1721927578000000000,4.241332865595166,4.241332865595166,4.241332865595166,0.0,0.0,1.0,4.465319240030742,337,91
BEV1_2024-07-27_drive1.csv,1722062070000000000,1722062070000000000,1722066939000000000,47.66343177233314,47.66343177233313,47.66343177233313,0.0,0.0,0.0,62.92827955467765,2251,1260
BEV1_2024-07-27_drive3.csv,1722082153000000000,1722082153000000000,1722085136000000000,33.809109973557355,33.809109973557355,33.809109973557355,0.0,0.0,0.0,40.72158113330678,1852,816
BEV1_2024-07-27_drive4.csv,1722088421000000000,1722088421000000000,1722091883000000000,45.6715617762703,45.671561776270295,45.671561776270295,0.0,0.0,0.0,54.15140901556671,2322,1085
BEV1_2024-07-29_drive1.csv,1722233288000000000,1722233288000000000,1722235124000000000,21.225613683622434,21.225613683622434,21.225613683622434,0.0,0.0,0.0,21.58017112510729,1292,433
BEV1_2024-07-29_drive2.csv,1722267541000000000,1722267541000000000,1722272594000000000,23.40814428052285,23.408144280522848,23.408144280522848,0.0,0.0,0.0,25.428271652757886,1358,510
BEV1_2024-07-30_drive1.csv,1722321119000000000,1722321119000000000,1722323605000000000,14.34175475343979,14.341754753439789,14.341754753439789,0.0,0.0,1.0,18.026756776533716,901,362
BEV1_2024-07-30_drive2.csv,1722352514000000000,1722352514000000000,1722354978000000000,14.381389745142634,14.381389745142632,14.381389745142632,0.0,0.0,1.0,17.978186049394598,889,361
BEV1_2024-07-31_drive1.csv,1722404879000000000,1722404879000000000,1722407799000000000,20.905772386754585,20.905772386754585,20.905772386754585,0.0,0.0,0.0,21.577126659801316,1265,433
BEV1_2024-07-31_drive2.csv,1722437766000000000,1722437766000000000,1722443957000000000,32.14480880882378,32.144808808823775,32.144808808823775,0.0,0.0,1.0,34.79199049657866,1991,697
BEV1_2024-07-31_drive3.csv,1722446734000000000,1722446734000000000,1722447947000000000,4.941165557983426,4.941165557983426,4.941165557983426,0.0,0.0,1.0,5.000930505466449,433,102
BEV1_2024-08-01_drive1.csv,1722493628000000000,1722493628000000000,1722496112000000000,15.11754980359898,15.117549803598981,15.117549803598981,0.0,0.0,0.0,18.01356871417256,907,362
BEV1_2024-08-01_drive2.csv,1722526583000000000,1722526583000000000,1722529031000000000,14.357224232367054,14.357224232367054,14.357224232367054,0.0,0.0,1.0,17.97380914971366,922,361
BEV1_2024-08-02_drive1.csv,1722587259000000000,1722587259000000000,1722589744000000000,16.788983732352705,16.788983732352705,16.788983732352705,0.0,0.0,1.0,19.774718215592628,843,397
BEV1_2024-08-06_drive1.csv,1722958662000000000,1722958662000000000,1722960981000000000,21.98332272521295,21.98332272521295,21.98332272521295,0.0,0.0,0.0,22.187722646770638,1440,445
BEV1_2024-08-06_drive2.csv,1722963750000000000,1722963750000000000,1722966422000000000,1.0643773306934228,1.0643773306934228,1.0643773306934228,0.0,0.0,1.0,1.0643773306934228,255,23
BEV1_2024-08-06_drive3.csv,1722967802000000000,1722967802000000000,1722969082000000000,1.2318974396690985,1.2318974396690983,1.2318974396690983,0.0,0.0,1.0,1.2318974396690978,276,26
BEV1_2024-08-08_drive1.csv,1723093837000000000,1723093837000000000,1723096239000000000,20.07540527721473,20.07540527721474,20.07540527721474,0.0,0.0,0.0,20.20161340013511,1189,406
BEV1_2024-08-10_drive1.csv,1723270417000000000,1723270417000000000,1723271985000000000,1.251733109896746,1.2517331098967457,1.2517331098967457,0.0,0.0,0.0,1.3654637695943417,188,29
BEV1_2024-08-10_drive2.csv,1723273343000000000,1723273343000000000,1723280871000000000,143.57821067948635,143.57821067948635,143.57821067948635,0.0,0.0,1.0,184.63369087691785,5672,3694
BEV1_2024-08-10_drive3.csv,1723285030000000000,1723285030000000000,1723287202000000000,10.138290490538708,10.138290490538708,10.138290490538708,0.0,0.0,0.0,10.255177532473901,889,207
BEV1_2024-08-10_drive4.csv,1723317134000000000,1723317134000000000,1723328294000000000,201.23654811817465,201.23654811817462,201.23654811817462,0.0,0.0,0.0,279.8192731316071,8143,5598
BEV1_2024-08-10_drive5.csv,1723329972000000000,1723329972000000000,1723332622000000000,31.03927593217707,31.039275932177073,31.039275932177073,0.0,0.0,1.0,42.13612078459651,1478,844
BEV1_2024-08-11_drive1.csv,1723357577000000000,1723357577000000000,1723360145000000000,5.280606900342455,5.280606900342454,5.280606900342454,0.0,0.0,1.0,5.280606900342453,580,107
BEV1_2024-08-11_drive2.csv,1723361533000000000,1723361533000000000,1723364822000000000,60.73676859632669,60.736768596326684,60.736768596326684,0.0,0.0,0.0,78.05722315219589,2509,1563
BEV1_2024-08-11_drive3.csv,1723383496000000000,1723383496000000000,1723386729000000000,4.300268535268515,4.300268535268514,4.300268535268514,0.0,0.0,1.0,4.300268535268512,605,88
BEV1_2024-08-29_drive1.csv,1724944858000000000,1724944858000000000,1724947164000000000,20.870890644607883,20.870890644607886,20.870890644607886,0.0,0.0,0.0,23.080107427370404,1318,463
BEV1_2024-08-30_drive1.csv,1724999763000000000,1724999763000000000,1725000938000000000,8.690508607591703,8.690508607591703,8.690508607591703,0.0,0.0,0.0,9.028618609043418,553,182
BEV1_2024-08-30_drive2.csv,1725007857000000000,1725007857000000000,1725014189000000000,25.66994166730632,25.669941667306325,25.669941667306325,0.0,0.0,1.0,28.28188409930189,1745,567
BEV1_2024-08-31_drive1.csv,1725128902000000000,1725128902000000000,1725131492000000000,5.499775910221644,5.4997759102216435,5.4997759102216435,0.0,0.0,1.0,5.569405024118531,539,113
BEV1_2024-08-31_drive2.csv,1725137035000000000,1725137035000000000,1725138236000000000,5.256934927247567,5.256934927247567,5.256934927247567,0.0,0.0,0.0,5.582886798413184,459,113
BEV1_2024-09-01_drive1.csv,1725178918000000000,1725178918000000000,1725179080000000000,0.1588220656462368,0.15882206564623674,0.15882206564623674,0.0,0.0,0.0,0.15882206564623674,87,5
BEV1_2024-09-01_drive2.csv,1725186213000000000,1725186213000000000,1725188188000000000,15.341477112950145,15.341477112950145,15.341477112950145,0.0,0.0,0.0,15.953776573045758,969,321
BEV1_2024-09-01_drive3.csv,1725197846000000000,1725197846000000000,1725199886000000000,15.727599352846322,15.72759935284632,15.72759935284632,0.0,0.0,0.0,15.905827937110118,953,320
BEV1_2024-09-01_drive4.csv,1725205093000000000,1725205093000000000,1725212490000000000,169.4550126250787,169.45501262507872,169.45501262507872,0.0,0.0,0.0,223.6987505375027,6122,4475
BEV1_2024-09-01_drive5.csv,1725214244000000000,1725214244000000000,1725219322000000000,98.9104579010064,98.9104579010064,98.9104579010064,0.0,0.0,0.0,132.55185886331273,3922,2653
BEV1_2024-09-02_drive1.csv,1725258189000000000,1725258189000000000,1725260732000000000,2.389657222490684,2.389657222490684,2.389657222490684,0.0,0.0,0.0,2.389657222490683,452,49
BEV1_2024-09-02_drive2.csv,1725292134000000000,1725292134000000000,1725294710000000000,2.4640399340180164,2.4640399340180164,2.4640399340180164,0.0,0.0,1.0,2.464039934018015,463,51
BEV1_2024-09-03_drive1.csv,1725351478000000000,1725351478000000000,1725355530000000000,61.96740006142744,61.967400061427426,61.967400061427426,0.0,0.0,0.0,80.61328274763751,2421,1614
BEV1_2024-09-03_drive2.csv,1725358052000000000,1725358052000000000,1725366678000000000,195.2391550487196,195.23915504871957,195.23915504871957,0.0,0.0,0.0,253.11039778837426,7195,5064
BEV1_2024-09-03_drive3.csv,1725367287000000000,1725367287000000000,1725368483000000000,2.2328064041654296,2.2328064041654296,2.2328064041654296,0.0,0.0,1.0,2.2328064041654296,222,46
BEV1_2024-09-03_drive5.csv,1725381326000000000,1725381326000000000,1725383925000000000,4.44023860146031,4.440238601460311,4.440238601460311,0.0,0.0,0.0,4.51040170524785,456,92
BEV1_2024-09-03_drive6.csv,1725389464000000000,1725389464000000000,1725390681000000000,4.469119038734317,4.469119038734318,4.469119038734318,0.0,0.0,1.0,4.528710727240779,460,92
BEV1_2024-09-04_drive1.csv,1725429457000000000,1725429457000000000,1725432417000000000,23.06203175851464,23.062031758514642,23.062031758514642,0.0,0.0,0.0,24.491435703984834,1270,491
BEV1_2024-09-04_drive2.csv,1725463972000000000,1725463972000000000,1725466125000000000,20.823081767634143,20.823081767634143,20.823081767634143,0.0,0.0,0.0,22.411550393938768,1473,450
BEV1_2024-09-17_drive1.csv,1726588230000000000,1726588230000000000,1726589504000000000,0.5397537251157664,0.5397537251157664,0.5397537251157664,0.0,0.0,1.0,0.5397537251157664,108,12
BEV1_2024-09-18_drive1.csv,1726643140000000000,1726643140000000000,1726646005000000000,21.86771564168521,21.86771564168521,21.86771564168521,0.0,0.0,0.0,24.49920739143537,1145,491
BEV1_2024-09-18_drive2.csv,1726674559000000000,1726674559000000000,1726678173000000000,22.596086796887608,22.596086796887604,22.596086796887604,0.0,0.0,0.0,23.19025434206907,1552,465
BEV1_2024-09-18_drive3.csv,1726687169000000000,1726687169000000000,1726688471000000000,2.047204216133029,2.0472042161330286,2.0472042161330286,0.0,0.0,1.0,2.183012625897827,244,45
BEV1_2024-09-18_drive4.csv,1726691240000000000,1726691240000000000,1726692554000000000,1.9289208185033653,1.9289208185033653,1.9289208185033653,0.0,0.0,0.0,1.9289208185033653,208,40
BEV1_2024-09-19_drive1.csv,1726727144000000000,1726727144000000000,1726729597000000000,14.87390005043116,14.87390005043116,14.87390005043116,0.0,0.0,1.0,17.781641625562468,962,357
BEV1_2024-09-19_drive2.csv,1726757275000000000,1726757275000000000,1726761029000000000,15.18035357930234,15.180353579302341,15.180353579302341,0.0,0.0,1.0,18.00221054000278,1023,362
BEV1_2024-09-20_drive1.csv,1726811474000000000,1726811474000000000,1726814488000000000,21.021271941625024,21.021271941625024,21.021271941625024,0.0,0.0,0.0,21.585355171611635,1437,433
BEV1_2024-09-20_drive2.csv,1726834493000000000,1726834493000000000,1726836965000000000,15.386418422341146,15.386418422341146,15.386418422341146,0.0,0.0,1.0,16.82034297976787,893,338
BEV1_2024-09-20_drive3.csv,1726846655000000000,1726846655000000000,1726850489000000000,9.1242741805917,9.124274180591701,9.124274180591701,0.0,0.0,0.0,9.271773480186482,678,187
BEV1_2024-09-21_drive1.csv,1726906764000000000,1726906764000000000,1726912691000000000,74.20619285898198,74.20619285898198,74.20619285898198,0.0,0.0,1.0,92.31053283714611,3322,1848
BEV1_2024-09-21_drive2.csv,1726934824000000000,1726934824000000000,1726942921000000000,84.32074947363576,84.32074947363576,84.32074947363576,0.0,0.0,1.0,101.34380338984845,4717,2028
BEV1_2024-09-22_drive1.csv,1726996001000000000,1726996001000000000,1726997517000000000,0.1577558466308778,0.15775584663087788,0.15775584663087788,0.0,0.0,0.0,0.15775584663087783,75,5
BEV1_2024-09-22_drive2.csv,1727015328000000000,1727015328000000000,1727016672000000000,0.1592086371735267,0.1592086371735268,0.1592086371735268,0.0,0.0,1.0,0.15920863717352673,74,5
BEV1_2024-09-23_drive1.csv,1727071092000000000,1727071092000000000,1727074280000000000,24.43223727388633,24.432237273886326,24.432237273886326,0.0,0.0,0.0,27.466727515856057,1598,551
BEV1_2024-09-23_drive2.csv,1727106523000000000,1727106523000000000,1727110089000000000,22.733516559835884,22.733516559835884,22.733516559835884,0.0,0.0,0.0,23.582807508693854,1687,473
BEV1_2024-09-24_drive1.csv,1727164956000000000,1727164956000000000,1727167478000000000,8.476919037180231,8.476919037180231,8.476919037180231,0.0,0.0,0.0,8.61758875511963,651,174
BEV1_2024-09-24_drive2.csv,1727175777000000000,1727175777000000000,1727178446000000000,15.485265792372546,15.485265792372546,15.485265792372546,0.0,0.0,0.0,16.926430740035077,965,340
BEV1_2024-09-24_drive3.csv,1727193381000000000,1727193381000000000,1727197070000000000,21.473275905205224,21.473275905205227,21.473275905205227,0.0,0.0,0.0,22.003570085614086,1450,442
BEV1_2024-09-25_drive1.csv,1727247765000000000,1727247765000000000,1727251494000000000,21.233336008985862,21.233336008985866,21.233336008985866,0.0,0.0,1.0,21.604300473409566,1289,434
BEV1_2024-09-25_drive2.csv,1727277798000000000,1727277798000000000,1727280052000000000,21.18600253189046,21.18600253189046,21.18600253189046,0.0,0.0,0.0,21.633186104326846,1565,434
BEV1_2024-09-26_drive1.csv,1727329135000000000,1727329135000000000,1727332969000000000,14.327616214236029,14.327616214236027,14.327616214236027,0.0,0.0,1.0,18.023206248216187,918,362
BEV1_2024-09-26_drive2.csv,1727364816000000000,1727364816000000000,1727367244000000000,17.090979104711774,17.090979104711778,17.090979104711778,0.0,0.0,1.0,17.976026121020734,1001,361
BEV1_2024-09-27_drive1.csv,1727416115000000000,1727416115000000000,1727419735000000000,23.40828092268636,23.408280922686362,23.408280922686362,0.0,0.0,1.0,25.062333658967457,1586,503
BEV1_2024-10-01_drive1.csv,1727800626000000000,1727800626000000000,1727804373000000000,21.289337933121026,21.289337933121026,21.289337933121026,0.0,0.0,0.0,21.632179823369682,1345,434
BEV1_2024-10-02_drive1.csv,1727852825000000000,1727852825000000000,1727854655000000000,22.47933778498489,22.479337784984892,22.479337784984892,0.0,0.0,0.0,24.489832561979973,1170,491
BEV1_2024-10-02_drive2.csv,1727861979000000000,1727861979000000000,1727865569000000000,54.31129094640865,54.31129094640865,54.31129094640865,0.0,0.0,0.0,73.5964546748509,2275,1473
BEV1_2024-10-02_drive3.csv,1727878020000000000,1727878020000000000,1727883920000000000,63.650251239949824,63.650251239949824,63.650251239949824,0.0,0.0,0.0,75.49308350637256,3079,1511
BEV1_2024-10-03_drive1.csv,1727935614000000000,1727935614000000000,1727939244000000000,24.97687793040376,24.976877930403756,24.976877930403756,0.0,0.0,1.0,27.464127082788547,1663,551
BEV1_2024-10-03_drive2.csv,1727951697000000000,1727951697000000000,1727951842000000000,0.0846987582894306,0.08469875828943069,0.08469875828943069,0.0,0.0,0.0,0.08469875828943069,33,3
BEV1_2024-10-03_drive3.csv,1727970907000000000,1727970907000000000,1727974600000000000,21.715825597246425,21.715825597246422,21.715825597246422,0.0,0.0,1.0,22.05227531226336,1416,443
BEV1_2024-10-04_drive1.csv,1728021193000000000,1728021193000000000,1728024523000000000,22.671035626563835,22.671035626563835,22.671035626563835,0.0,0.0,0.0,23.03402604406986,1795,462
BEV1_2024-10-20_drive1.csv,1729418327000000000,1729418327000000000,1729422043000000000,10.795083387624077,10.795083387624077,10.795083387624077,0.0,0.0,0.0,11.156137827859238,1210,225
BEV1_2024-10-20_drive2.csv,1729423428000000000,1729423428000000000,1729425927000000000,8.258460856739754,8.258460856739756,8.258460856739756,0.0,0.0,0.0,8.339036718707058,755,168
BEV1_2024-10-22_drive1.csv,1729575851000000000,1729575851000000000,1729578320000000000,15.595576489666492,15.595576489666492,15.595576489666492,0.0,0.0,1.0,18.027152939398924,977,362
BEV1_2024-10-22_drive2.csv,1729608831000000000,1729608831000000000,1729611268000000000,15.398630746776726,15.398630746776728,15.398630746776728,0.0,0.0,0.0,17.98543063660949,989,361
BEV1_2024-10-24_drive1.csv,1729749761000000000,1729749761000000000,1729752225000000000,15.88451216391162,15.88451216391162,15.88451216391162,0.0,0.0,0.0,18.031967126326283,989,362
BEV1_2024-10-24_drive2.csv,1729782722000000000,1729782722000000000,1729784731000000000,14.82673141100268,14.82673141100268,14.82673141100268,0.0,0.0,0.0,18.004999069130125,980,362
BEV1_2024-10-24_drive3.csv,1729798988000000000,1729798988000000000,1729800288000000000,0.1844689905180861,0.18446899051808618,0.18446899051808618,0.0,0.0,1.0,0.1844689905180862,161,5
BEV1_2024-10-25_drive1.csv,1729836281000000000,1729836281000000000,1729838735000000000,15.14636863914664,15.14636863914664,15.14636863914664,0.0,0.0,0.0,18.01547571994834,980,362
BEV1_2024-10-25_drive2.csv,1729868290000000000,1729868290000000000,1729872136000000000,14.642142547982267,14.642142547982264,14.642142547982264,0.0,0.0,1.0,17.97398744360385,927,361
BEV1_2024-10-27_drive1.csv,1730025988000000000,1730025988000000000,1730029574000000000,31.09375752660933,31.09375752660933,31.09375752660933,0.0,0.0,1.0,39.8380901403211,1711,798
BEV1_2024-10-27_drive2.csv,1730035115000000000,1730035115000000000,1730040950000000000,43.93690444044199,43.93690444044198,43.93690444044198,0.0,0.0,0.0,55.21318897935746,2493,1106
BEV1_2024-10-27_drive3.csv,1730056445000000000,1730056445000000000,1730057789000000000,0.1509359919083398,0.1509359919083399,0.1509359919083399,0.0,0.0,0.0,0.15093599190833992,74,5
BEV1_2024-10-28_drive1.csv,1730099309000000000,1730099309000000000,1730101820000000000,15.6487955178023,15.648795517802299,15.648795517802299,0.0,0.0,0.0,18.023035589683364,892,362
BEV1_2024-10-28_drive2.csv,1730130916000000000,1730130916000000000,1730134764000000000,15.279530289480586,15.279530289480586,15.279530289480586,0.0,0.0,0.0,17.98251572475747,921,361
BEV1_2024-10-29_drive1.csv,1730183209000000000,1730183209000000000,1730186213000000000,20.99881232143788,20.998812321437878,20.998812321437878,0.0,0.0,0.0,21.587426251951396,1275,433
BEV1_2024-10-29_drive2.csv,1730220930000000000,1730220930000000000,1730228686000000000,24.05413538312857,24.05413538312858,24.05413538312858,0.0,0.0,1.0,24.56163668893317,1737,493
BEV1_2024-10-30_drive1.csv,1730290197000000000,1730290197000000000,1730297936000000000,28.36818414785988,28.36818414785988,28.36818414785988,0.0,0.0,0.0,31.32526184701148,1659,628
BEV1_2024-10-30_drive2.csv,1730306249000000000,1730306249000000000,1730316837000000000,11.245213459943248,11.245213459943248,11.245213459943248,0.0,0.0,0.0,11.667250411680904,1175,235
BEV1_2024-10-31_drive1.csv,1730361181000000000,1730361181000000000,1730363722000000000,22.045860794728107,22.045860794728107,22.045860794728107,0.0,0.0,0.0,24.508832552010713,1165,492
BEV1_2024-10-31_drive2.csv,1730381211000000000,1730381211000000000,1730382899000000000,23.262686005602944,23.262686005602944,23.262686005602944,0.0,0.0,0.0,25.448393531873172,1279,510
BEV1_2024-10-31_drive3.csv,1730386319000000000,1730386319000000000,1730391058000000000,36.36149087210893,36.36149087210894,36.36149087210894,0.0,0.0,0.0,43.663015284348056,2126,875
BEV1_2024-10-31_drive4.csv,1730391516000000000,1730391516000000000,1730395400000000000,40.52354734283989,40.52354734283989,40.52354734283989,0.0,0.0,1.0,50.94645930128916,2727,1020
BEV1_2024-10-31_drive5.csv,1730396720000000000,1730396720000000000,1730403167000000000,85.57714062199689,85.57714062199689,85.57714062199689,0.0,0.0,1.0,112.1071007415164,4351,2244
BEV1_2024-11-01_drive1.csv,1730473662000000000,1730473662000000000,1730474833000000000,2.78759240204444,2.78759240204444,2.78759240204444,0.0,0.0,0.0,2.787592402044435,522,57
BEV1_2024-11-02_drive1.csv,1730539875000000000,1730539875000000000,1730540172000000000,0.4416986291623815,0.4416986291623815,0.4416986291623815,0.0,0.0,0.0,0.44169862916238156,131,10
BEV1_2024-11-02_drive2.csv,1730548125000000000,1730548125000000000,1730552027000000000,53.26249898485328,53.26249898485328,53.26249898485328,0.0,0.0,1.0,64.60727502740271,2443,1294
BEV1_2024-11-02_drive3.csv,1730553999000000000,1730554000000000000,1730558039000000000,38.27815128518682,38.27815128518682,38.27815128518682,0.0,1.0,1.0,39.985346336754304,2537,801
BEV1_2024-11-02_drive4.csv,1730568923000000000,1730568924000000000,1730573040000000000,66.09107175762752,66.09107175762752,66.09107175762752,0.0,1.0,0.0,80.12928638102805,3190,1604
BEV1_2024-11-02_drive5.csv,1730576259000000000,1730576259000000000,1730577160000000000,3.5500750401371706,3.55007504013717,3.55007504013717,0.0,0.0,1.0,3.6164358710786138,388,74
BEV1_2024-11-04_drive2.csv,1730737893000000000,1730737893000000000,1730739391000000000,15.778033331453972,15.778033331453972,15.778033331453972,0.0,0.0,0.0,17.97479986846745,982,361
BEV1_2024-11-05_drive1.csv,1730789255000000000,1730789255000000000,1730791120000000000,20.976541363734743,20.976541363734746,20.976541363734746,0.0,0.0,0.0,21.649559514952056,1381,434
BEV1_2024-11-05_drive2.csv,1730824949000000000,1730824949000000000,1730826712000000000,22.50647804435908,22.50647804435908,22.50647804435908,0.0,0.0,0.0,24.619626914197287,1257,494
BEV1_2024-11-06_drive1.csv,1730881446000000000,1730881447000000000,1730883039000000000,22.348493274950386,22.348493274950386,22.348493274950386,0.0,1.0,0.0,24.567730840572796,1153,493
BEV1_2024-11-06_drive3.csv,1730919128000000000,1730919128000000000,1730919505000000000,2.1925398345505367,2.192539834550537,2.192539834550537,0.0,0.0,1.0,2.1925398345505362,246,45
BEV1_2024-11-06_drive4.csv,1730923696000000000,1730923696000000000,1730924007000000000,1.8562384384864528,1.8562384384864528,1.8562384384864528,0.0,0.0,0.0,1.9327123085259175,217,40
BEV1_2024-11-07_drive1.csv,1730964712000000000,1730964712000000000,1730966115000000000,15.092697296998905,15.092697296998903,15.092697296998903,0.0,0.0,1.0,18.046190721215503,1005,362
BEV1_2024-11-07_drive2.csv,1730997130000000000,1730997130000000000,1730998600000000000,15.236204964151582,15.236204964151582,15.236204964151582,0.0,0.0,1.0,18.003907158292176,1009,362
BEV1_2024-11-08_drive1.csv,1731056598000000000,1731056598000000000,1731057880000000000,8.88364905311833,8.88364905311833,8.88364905311833,0.0,0.0,0.0,8.93932984611688,625,180
BEV1_2024-11-08_drive2.csv,1731067757000000000,1731067757000000000,1731068939000000000,8.648206666081098,8.648206666081098,8.648206666081098,0.0,0.0,0.0,8.783240150049911,624,177
BEV1_2024-11-08_drive3.csv,1731088168000000000,1731088168000000000,1731089416000000000,6.60955907488347,6.60955907488347,6.60955907488347,0.0,0.0,1.0,6.6751190158757945,773,135
BEV1_2024-11-08_drive4.csv,1731106386000000000,1731106386000000000,1731107011000000000,4.388636414756694,4.388636414756695,4.388636414756695,0.0,0.0,1.0,4.529689695243416,468,92
BEV1_2024-11-10_drive1.csv,1731254328000000000,1731254328000000000,1731254856000000000,3.325516700981168,3.3255167009811677,3.3255167009811677,0.0,0.0,1.0,3.3255167009811686,384,68
BEV1_2024-11-10_drive2.csv,1731258284000000000,1731258284000000000,1731258849000000000,3.2957000631333733,3.2957000631333733,3.2957000631333733,0.0,0.0,0.0,3.37607982977116,345,69
BEV1_2024-11-10_drive3.csv,1731267957000000000,1731267957000000000,1731268782000000000,4.585605942245161,4.58560594224516,4.58560594224516,0.0,0.0,0.0,4.690868470132859,396,95
BEV1_2024-11-10_drive4.csv,1731270642000000000,1731270642000000000,1731271115000000000,4.387842837211826,4.387842837211826,4.387842837211826,0.0,0.0,1.0,4.682300602673842,339,95
BEV1_2024-11-11_drive1.csv,1731322215000000000,1731322215000000000,1731328261000000000,115.94223922677104,115.94223922677104,115.94223922677104,0.0,0.0,0.0,149.02801459269895,4880,2982
BEV1_2024-11-11_drive2.csv,1731343882000000000,1731343882000000000,1731344271000000000,0.3200538213013044,0.3200538213013045,0.3200538213013045,0.0,0.0,0.0,0.32005382130130455,197,8
BEV1_2024-11-11_drive3.csv,1731344483000000000,1731344483000000000,1731345342000000000,3.624030777607163,3.624030777607163,3.624030777607163,0.0,0.0,1.0,3.6240307776071656,579,74
BEV1_2024-11-11_drive4.csv,1731347962000000000,1731347962000000000,1731354342000000000,112.3894420909918,112.38944209099179,112.38944209099179,0.0,0.0,1.0,141.3689497805627,4550,2829
BEV1_2024-11-12_drive1.csv,1731394893000000000,1731394893000000000,1731397159000000000,23.13103505160575,23.13103505160575,23.13103505160575,0.0,0.0,0.0,24.50563583735535,1454,492
BEV1_2024-11-12_drive2.csv,1731429773000000000,1731429773000000000,1731432074000000000,24.59053264721761,24.590532647217618,24.590532647217618,0.0,0.0,0.0,26.999837358383658,1534,541
BEV1_2024-11-13_drive1.csv,1731483810000000000,1731483810000000000,1731485015000000000,15.122443662221606,15.122443662221606,15.122443662221606,0.0,0.0,1.0,18.043134491142304,876,362
BEV1_2024-11-13_drive2.csv,1731516089000000000,1731516089000000000,1731517680000000000,15.373936525040705,15.373936525040707,15.373936525040707,0.0,0.0,0.0,17.992848589224227,1135,361
BEV1_2024-11-13_drive3.csv,1731521231000000000,1731521231000000000,1731521959000000000,6.2797270204717766,6.279727020471777,6.279727020471777,0.0,0.0,1.0,6.350283129882959,482,129
BEV1_2024-11-13_drive4.csv,1731534106000000000,1731534106000000000,1731534950000000000,6.8451577071156615,6.8451577071156615,6.8451577071156615,0.0,0.0,0.0,6.993453680765909,527,141
BEV1_2024-11-14_drive1.csv,1731567186000000000,1731567186000000000,1731568637000000000,8.610733351517831,8.610733351517831,8.610733351517831,0.0,0.0,0.0,8.808551420141331,723,178
BEV1_2024-11-14_drive2.csv,1731578374000000000,1731578374000000000,1731579574000000000,15.633587479056782,15.633587479056782,15.633587479056782,0.0,0.0,0.0,16.879047721651702,890,339
BEV1_2024-11-14_drive3.csv,1731600367000000000,1731600367000000000,1731602455000000000,23.42728798714263,23.427287987142634,23.427287987142634,0.0,0.0,1.0,25.310815510776013,1507,508
BEV1_2024-11-15_drive1.csv,1731681555000000000,1731681555000000000,1731686610000000000,94.5506483308774,94.55064833087741,94.55064833087741,0.0,0.0,1.0,125.19524188964938,3863,2505
BEV1_2024-11-17_drive1.csv,1731883303000000000,1731883303000000000,1731884666000000000,20.91248633691261,20.912486336912607,20.912486336912607,0.0,0.0,0.0,25.777890799146014,999,517
BEV1_2024-11-17_drive2.csv,1731885757000000000,1731885757000000000,1731890568000000000,87.35427730687434,87.35427730687435,87.35427730687435,0.0,0.0,0.0,110.40517389165105,3545,2210
BEV1_2024-11-18_drive1.csv,1731915433000000000,1731915433000000000,1731916841000000000,14.959122950664325,14.959122950664327,14.959122950664327,0.0,0.0,1.0,18.06522873238958,907,363
BEV1_2024-11-18_drive2.csv,1731946172000000000,1731946172000000000,1731947611000000000,14.32229922342058,14.322299223420579,14.322299223420579,0.0,0.0,0.0,17.276201245713672,945,347
BEV1_2024-11-18_drive3.csv,1731947951000000000,1731947951000000000,1731948436000000000,0.8448689952256039,0.844868995225604,0.844868995225604,0.0,0.0,1.0,0.8448689952256042,241,18
BEV1_2024-11-19_drive1.csv,1732001259000000000,1732001259000000000,1732002583000000000,14.676304138272474,14.676304138272474,14.676304138272474,0.0,0.0,0.0,18.034957858018707,921,362
BEV1_2024-11-19_drive2.csv,1732032551000000000,1732032551000000000,1732033954000000000,15.719908177844026,15.719908177844024,15.719908177844024,0.0,0.0,0.0,17.975295388698765,985,361
BEV1_2024-11-20_drive1.csv,1732089007000000000,1732089007000000000,1732091039000000000,23.952159965967983,23.95215996596799,23.95215996596799,0.0,0.0,0.0,24.494603404269874,1323,491
BEV1_2024-11-20_drive2.csv,1732121599000000000,1732121599000000000,1732123579000000000,21.58451090140221,21.58451090140221,21.58451090140221,0.0,0.0,0.0,22.018104870118027,1459,442
BEV1_2024-11-20_drive3.csv,1732126663000000000,1732126663000000000,1732127310000000000,4.441103539407793,4.441103539407793,4.441103539407793,0.0,0.0,0.0,4.51849183381635,440,92
BEV1_2024-11-20_drive4.csv,1732132957000000000,1732132957000000000,1732133928000000000,4.533251730367311,4.53325173036731,4.53325173036731,0.0,0.0,0.0,4.53325173036731,496,92
BEV1_2024-11-21_drive1.csv,1732170425000000000,1732170425000000000,1732172523000000000,23.26565846820354,23.26565846820354,23.26565846820354,0.0,0.0,1.0,24.87024917817729,1386,499
BEV1_2024-11-21_drive2.csv,1732199334000000000,1732199334000000000,1732203118000000000,55.38547877327292,55.38547877327292,55.38547877327292,0.0,0.0,0.0,72.31420326985587,2639,1448
BEV1_2024-11-21_drive3.csv,1732211707000000000,1732211707000000000,1732212496000000000,3.667560898688304,3.667560898688304,3.667560898688304,0.0,0.0,0.0,3.6675608986883046,615,75
BEV1_2024-11-21_drive4.csv,1732219729000000000,1732219729000000000,1732222981000000000,51.516793559202085,51.516793559202085,51.516793559202085,0.0,0.0,0.0,63.68951160942422,2605,1275
BEV1_2024-11-22_drive1.csv,1732267107000000000,1732267108000000000,1732267866000000000,7.915478459949508,7.915478459949508,7.915478459949507,0.0,1.0,1.0,8.382449665575503,553,169
BEV1_2024-11-22_drive2.csv,1732275302000000000,1732275302000000000,1732278516000000000,52.85857387422733,52.858573874227325,52.858573874227325,0.0,0.0,0.0,67.7403063431276,2388,1356
BEV1_2024-11-22_drive4.csv,1732297411000000000,1732297411000000000,1732299788000000000,20.57829379038999,20.57829379038999,20.57829379038999,0.0,0.0,0.0,22.48076668885584,1260,451
BEV1_2024-11-22_drive5.csv,1732309426000000000,1732309426000000000,1732311656000000000,19.09168329828833,19.09168329828833,19.09168329828833,0.0,0.0,0.0,19.67497117656568,1309,395
BEV1_2024-11-23_drive1.csv,1732368183000000000,1732368183000000000,1732369071000000000,2.975686732997385,2.975686732997385,2.975686732997385,0.0,0.0,1.0,2.975686732997385,586,61
BEV1_2024-11-23_drive2.csv,1732369183000000000,1732369183000000000,1732369405000000000,0.0768317688569679,0.07683176885696791,0.07683176885696791,0.0,0.0,1.0,0.07683176885696787,64,3
BEV1_2024-11-23_drive3.csv,1732380557000000000,1732380557000000000,1732380957000000000,0.8635021837032789,0.8635021837032788,0.8635021837032788,0.0,0.0,1.0,0.8635021837032788,160,19
BEV1_2024-11-23_drive4.csv,1732383740000000000,1732383740000000000,1732384776000000000,4.346160285894058,4.346160285894058,4.346160285894058,0.0,0.0,1.0,4.485262519120669,386,91
BEV1_2024-11-24_drive1.csv,1732442890000000000,1732442890000000000,1732443488000000000,4.286046805006736,4.286046805006736,4.286046805006736,0.0,0.0,1.0,4.412166502893065,378,90
BEV1_2024-11-24_drive2.csv,1732443892000000000,1732443892000000000,1732444518000000000,5.099727750463452,5.099727750463452,5.099727750463452,0.0,0.0,0.0,5.155608119273993,440,105
BEV1_2024-11-25_drive1.csv,1732519626000000000,1732519626000000000,1732519761000000000,0.1501305818370706,0.15013058183707065,0.15013058183707065,0.0,0.0,0.0,0.15013058183707068,65,5
BEV1_2024-11-25_drive2.csv,1732537990000000000,1732537990000000000,1732540746000000000,50.55618598664888,50.55618598664887,50.55618598664887,0.0,0.0,1.0,62.70571239294968,2178,1256
BEV1_2024-11-25_drive3.csv,1732542461000000000,1732542461000000000,1732543148000000000,3.410905412585084,3.410905412585084,3.410905412585084,0.0,0.0,1.0,3.410905412585086,521,70
BEV1_2024-11-25_drive4.csv,1732553130000000000,1732553130000000000,1732556106000000000,45.14889719668942,45.14889719668942,45.14889719668942,0.0,0.0,0.0,59.60919067796674,2186,1194
BEV1_2024-11-26_drive1.csv,1732606015000000000,1732606015000000000,1732608191000000000,22.99612995758933,22.996129957589332,22.996129957589332,0.0,0.0,0.0,24.492090976863544,1378,491
BEV1_2024-11-26_drive2.csv,1732637225000000000,1732637225000000000,1732639378000000000,22.6070859934332,22.607085993433202,22.607085993433202,0.0,0.0,1.0,24.54342754378526,1445,492
BEV1_2024-11-28_drive1.csv,1732777892000000000,1732777892000000000,1732780249000000000,23.411108600587127,23.411108600587127,23.411108600587127,0.0,0.0,0.0,24.866245657854133,1455,499
BEV1_2024-11-28_drive2.csv,1732793638000000000,1732793638000000000,1732794819000000000,15.56245491931212,15.56245491931212,15.56245491931212,0.0,0.0,0.0,16.855435335893613,898,339
BEV1_2024-11-28_drive3.csv,1732805034000000000,1732805034000000000,1732807390000000000,15.259406776653297,15.259406776653297,15.259406776653297,0.0,0.0,1.0,17.01257828609595,1057,342
BEV1_2024-11-28_drive4.csv,1732813637000000000,1732813637000000000,1732815945000000000,20.354688667787865,20.35468866778786,20.35468866778786,0.0,0.0,0.0,20.917360345305386,1481,420
BEV1_2024-11-28_drive5.csv,1732822719000000000,1732822719000000000,1732823319000000000,3.37061638478869,3.37061638478869,3.37061638478869,0.0,0.0,0.0,3.427986491943382,387,70
BEV1_2024-11-29_drive1.csv,1732862639000000000,1732862639000000000,1732864916000000000,22.86084343878949,22.860843438789495,22.860843438789495,0.0,0.0,1.0,24.93630687801543,1459,500
BEV1_2024-11-29_drive2.csv,1732897945000000000,1732897945000000000,1732900148000000000,22.84088172049701,22.840881720497002,22.840881720497002,0.0,0.0,1.0,24.99771998562579,1446,501
BEV1_2024-11-30_drive1.csv,1732964491000000000,1732964491000000000,1732965004000000000,2.1273332183568323,2.1273332183568323,2.1273332183568323,0.0,0.0,0.0,2.1273332183568314,314,44
BEV1_2024-11-30_drive2.csv,1732965660000000000,1732965660000000000,1732967415000000000,1.7383013299221637,1.7383013299221637,1.7383013299221637,0.0,0.0,1.0,1.7383013299221624,276,36
BEV1_2024-11-30_drive3.csv,1732969311000000000,1732969311000000000,1732970015000000000,2.6206382524999947,2.6206382524999947,2.6206382524999947,0.0,0.0,1.0,2.690870464771857,319,55
BEV1_2024-11-30_drive4.csv,1732973457000000000,1732973457000000000,1732974580000000000,4.622642464359817,4.622642464359817,4.622642464359817,0.0,0.0,1.0,4.681170317154133,514,95
BEV1_2024-12-01_drive1.csv,1733068775000000000,1733068775000000000,1733069498000000000,4.357176777094713,4.357176777094713,4.357176777094713,0.0,0.0,1.0,4.414655633443318,434,90
BEV1_2024-12-01_drive2.csv,1733069882000000000,1733069882000000000,1733071047000000000,3.646660294539616,3.6466602945396165,3.6466602945396165,0.0,0.0,0.0,3.6466602945396174,421,74
BEV1_2024-12-01_drive3.csv,1733073112000000000,1733073112000000000,1733074054000000000,5.767033181966827,5.767033181966827,5.767033181966827,0.0,0.0,0.0,5.767033181966822,601,117
BEV1_2024-12-01_drive4.csv,1733074871000000000,1733074871000000000,1733074915000000000,0.0243770251710282,0.024377025171028244,0.024377025171028244,0.0,0.0,1.0,0.02437702517102825,33,2
BEV1_2024-12-01_drive5.csv,1733075512000000000,1733075512000000000,1733076738000000000,7.58499968536398,7.5849996853639805,7.5849996853639805,0.0,0.0,0.0,7.644696644461343,504,154
BEV1_2024-12-01_drive6.csv,1733077525000000000,1733077525000000000,1733078088000000000,0.5482108985251086,0.5482108985251086,0.5482108985251086,0.0,0.0,1.0,0.548210898525108,128,12
BEV1_2024-12-02_drive1.csv,1733125030000000000,1733125030000000000,1733126402000000000,16.556250084914954,16.556250084914954,16.556250084914954,0.0,0.0,0.0,18.04396481233744,1011,362
BEV1_2024-12-02_drive2.csv,1733156551000000000,1733156551000000000,1733158698000000000,20.121603302760672,20.121603302760672,20.121603302760672,0.0,0.0,0.0,22.814030193510742,1370,458
BEV1_2024-12-02_drive3.csv,1733160749000000000,1733160749000000000,1733161183000000000,3.883895766407592,3.8838957664075915,3.8838957664075915,0.0,0.0,1.0,3.9440330487673996,262,80
BEV1_2024-12-02_drive4.csv,1733161579000000000,1733161579000000000,1733162013000000000,2.974798170786812,2.974798170786812,2.974798170786812,0.0,0.0,1.0,2.9747981707868134,258,61
BEV1_2024-12-02_drive5.csv,1733162790000000000,1733162790000000000,1733164277000000000,2.9099498614575228,2.909949861457523,2.909949861457523,0.0,0.0,0.0,2.9099498614575285,444,60
BEV1_2024-12-02_drive6.csv,1733169787000000000,1733169787000000000,1733170931000000000,0.187058544421165,0.187058544421165,0.187058544421165,0.0,0.0,0.0,0.18705854442116496,82,5
BEV1_2024-12-03_drive1.csv,1733209064000000000,1733209064000000000,1733211364000000000,23.15474883364389,23.15474883364389,23.15474883364389,0.0,0.0,0.0,24.89225813754824,1555,499
BEV1_2024-12-03_drive2.csv,1733231959000000000,1733231959000000000,1733235686000000000,50.028050929031295,50.0280509290313,50.0280509290313,0.0,0.0,0.0,58.137489249788075,2484,1164
BEV1_2024-12-03_drive3.csv,1733236851000000000,1733236851000000000,1733237466000000000,6.416508521421283,6.416508521421282,6.416508521421282,0.0,0.0,1.0,6.587530576864727,495,133
BEV1_2024-12-03_drive4.csv,1733240298000000000,1733240298000000000,1733241358000000000,6.511285701934032,6.511285701934032,6.511285701934032,0.0,0.0,0.0,6.585107169353851,662,133
BEV1_2024-12-04_drive1.csv,1733329899000000000,1733329899000000000,1733330516000000000,4.844253518656052,4.844253518656052,4.844253518656052,0.0,0.0,0.0,4.921873968063519,421,100
BEV1_2024-12-04_drive2.csv,1733332777000000000,1733332777000000000,1733333367000000000,5.197846155371685,5.1978461553716855,5.1978461553716855,0.0,0.0,1.0,5.277843911950695,419,107
BEV1_2024-12-04_drive3.csv,1733338101000000000,1733338101000000000,1733338833000000000,4.900480115781585,4.900480115781584,4.900480115781584,0.0,0.0,1.0,4.97916529647931,466,101
BEV1_2024-12-05_drive1.csv,1733384381000000000,1733384381000000000,1733385734000000000,15.08750863334356,15.08750863334356,15.08750863334356,0.0,0.0,1.0,18.038554735807416,952,362
BEV1_2024-12-05_drive2.csv,1733416471000000000,1733416471000000000,1733417865000000000,14.900825090124094,14.900825090124092,14.900825090124092,0.0,0.0,0.0,17.979026810732453,987,361
BEV1_2024-12-05_drive3.csv,1733418044000000000,1733418044000000000,1733418789000000000,8.112805583170315,8.112805583170315,8.112805583170315,0.0,0.0,0.0,8.38410767843538,514,169
BEV1_2024-12-05_drive4.csv,1733419312000000000,1733419312000000000,1733420042000000000,8.10389116773722,8.10389116773722,8.10389116773722,0.0,0.0,1.0,8.400330541479013,484,170
BEV1_2024-12-06_drive1.csv,1733468209000000000,1733468209000000000,1733470450000000000,22.65256259734365,22.652562597343643,22.652562597343643,0.0,0.0,0.0,24.87546429602749,1366,499
BEV1_2024-12-06_drive2.csv,1733500656000000000,1733500656000000000,1733502683000000000,23.419796569713945,23.419796569713945,23.419796569713945,0.0,0.0,0.0,24.927806548421305,1420,500
BEV1_2024-12-06_drive3.csv,1733508250000000000,1733508250000000000,1733509217000000000,4.301218358917444,4.301218358917444,4.301218358917444,0.0,0.0,0.0,4.515319586444145,529,92
BEV1_2024-12-06_drive4.csv,1733525345000000000,1733525345000000000,1733526573000000000,5.094111559825946,5.094111559825946,5.094111559825946,0.0,0.0,1.0,5.094111559825946,528,103
BEV1_2024-12-07_drive1.csv,1733567511000000000,1733567511000000000,1733567799000000000,0.16719044917326,0.16719044917326,0.16719044917326,0.0,0.0,0.0,0.16719044917326015,144,5
BEV1_2024-12-07_drive3.csv,1733584776000000000,1733584776000000000,1733590417000000000,97.3423327905946,97.34233279059461,97.34233279059461,0.0,0.0,0.0,120.69983099192004,4380,2415
BEV1_2024-12-07_drive4.csv,1733591068000000000,1733591068000000000,1733595685000000000,39.17627146075792,39.17627146075793,39.17627146075793,0.0,0.0,1.0,40.42348258178281,3112,810
BEV1_2024-12-08_drive1.csv,1733616067000000000,1733616067000000000,1733617537000000000,10.53069341154632,10.530693411546316,10.530693411546316,0.0,0.0,1.0,10.588215148684073,810,213
BEV1_2024-12-08_drive2.csv,1733658531000000000,1733658531000000000,1733660634000000000,11.489126572663691,11.48912657266369,11.48912657266369,0.0,0.0,0.0,11.688344904671332,1265,235
BEV1_2024-12-08_drive3.csv,1733667878000000000,1733667878000000000,1733670328000000000,36.44850394141952,36.44850394141952,36.44850394141952,0.0,0.0,0.0,41.97281369633422,1902,841
BEV1_2024-12-08_drive4.csv,1733672683000000000,1733672683000000000,1733679846000000000,135.382293465423,135.382293465423,135.382293465423,0.0,0.0,0.0,174.25921779286597,5826,3487
BEV1_2024-12-09_drive1.csv,1733732098000000000,1733732098000000000,1733733933000000000,21.308435472638948,21.308435472638948,21.308435472638948,0.0,0.0,1.0,26.036861460518242,1242,522
BEV1_2024-12-09_drive2.csv,1733738738000000000,1733738738000000000,1733738875000000000,0.1313408741100557,0.1313408741100557,0.1313408741100557,0.0,0.0,1.0,0.13134087411005574,56,4
BEV1_2024-12-09_drive3.csv,1733750783000000000,1733750783000000000,1733751943000000000,15.248760891436206,15.248760891436206,15.248760891436206,0.0,0.0,1.0,16.829256757494278,866,338
BEV1_2024-12-09_drive4.csv,1733758678000000000,1733758678000000000,1733759257000000000,4.217337998749665,4.217337998749665,4.217337998749665,0.0,0.0,0.0,4.2956944585576355,368,87
BEV1_2024-12-09_drive5.csv,1733761119000000000,1733761119000000000,1733761760000000000,3.402812734967896,3.402812734967896,3.402812734967896,0.0,0.0,1.0,3.402812734967894,371,70
BEV1_2024-12-09_drive6.csv,1733764108000000000,1733764108000000000,1733764716000000000,4.664305114158527,4.664305114158526,4.664305114158526,0.0,0.0,1.0,4.664305114158525,373,95
BEV1_2024-12-10_drive1.csv,1733821430000000000,1733821430000000000,1733821904000000000,4.196019424480998,4.196019424480998,4.196019424480998,0.0,0.0,1.0,4.196019424480998,328,85
BEV1_2024-12-10_drive2.csv,1733822419000000000,1733822419000000000,1733823862000000000,20.169027045577828,20.169027045577828,20.169027045577828,0.0,0.0,1.0,22.686925533085503,1124,455
BEV1_2024-12-10_drive3.csv,1733848798000000000,1733848798000000000,1733850305000000000,19.12195887669556,19.121958876695558,19.121958876695558,0.0,0.0,0.0,20.39789213789003,1132,409
BEV1_2024-12-10_drive4.csv,1733858533000000000,1733858533000000000,1733859022000000000,2.75423758046269,2.75423758046269,2.75423758046269,0.0,0.0,0.0,2.754237580462688,357,57
BEV1_2024-12-11_drive1.csv,1733900853000000000,1733900853000000000,1733905967000000000,53.449639948137374,53.449639948137374,53.449639948137374,0.0,0.0,1.0,70.16761588161187,3205,1405
BEV1_2024-12-11_drive2.csv,1733932833000000000,1733932833000000000,1733938798000000000,33.1233241870254,33.1233241870254,33.1233241870254,0.0,0.0,0.0,36.962141372676655,3485,741
BEV1_2024-12-11_drive3.csv,1733950975000000000,1733950975000000000,1733955469000000000,65.1644500743098,65.1644500743098,65.1644500743098,0.0,0.0,0.0,85.40546363899026,3158,1710
BEV1_2024-12-12_drive1.csv,1733992138000000000,1733992138000000000,1733993091000000000,8.295354783141214,8.295354783141214,8.295354783141214,0.0,0.0,1.0,8.754820731394942,612,177
BEV1_2024-12-12_drive2.csv,1734001400000000000,1734001400000000000,1734004604000000000,54.08384903812128,54.08384903812128,54.08384903812128,0.0,0.0,0.0,67.60987806598612,2326,1354
BEV1_2024-12-12_drive3.csv,1734014302000000000,1734014302000000000,1734019833000000000,59.57543177162592,59.575431771625915,59.575431771625915,0.0,0.0,0.0,71.26198312827404,3496,1427
BEV1_2025-01-07_drive1.csv,1736233734000000000,1736233734000000000,1736235007000000000,18.03917442613263,18.03917442613263,18.03917442613263,0.0,0.0,1.0,18.039174426132607,1076,362
BEV1_2025-01-07_drive2.csv,1736266820000000000,1736266820000000000,1736268560000000000,21.04809868238911,21.04809868238911,21.04809868238911,0.0,0.0,0.0,21.04809868238912,1257,422
BEV1_2025-01-07_drive3.csv,1736270876000000000,1736270876000000000,1736271940000000000,4.760707267445054,4.760707267445053,4.760707267445053,0.0,0.0,1.0,4.760707267445051,542,97
BEV1_2025-01-08_drive1.csv,1736321668000000000,1736321668000000000,1736323105000000000,18.04879465067064,18.048794650670644,18.048794650670644,0.0,0.0,0.0,18.04879465067065,1163,362
BEV1_2025-01-08_drive2.csv,1736354226000000000,1736354226000000000,1736356455000000000,18.03646671859013,18.03646671859013,18.03646671859013,0.0,0.0,0.0,18.0364667185901,1592,362
BEV1_2025-01-08_drive3.csv,1736371922000000000,1736371922000000000,1736372745000000000,0.1561441263416996,0.15614412634169964,0.15614412634169964,0.0,0.0,0.0,0.15614412634169955,122,5
BEV1_2025-01-09_drive1.csv,1736405229000000000,1736405229000000000,1736406941000000000,18.040459517625514,18.040459517625514,18.040459517625514,0.0,0.0,0.0,18.040459517625504,1512,362
BEV1_2025-01-09_drive2.csv,1736437951000000000,1736437951000000000,1736439858000000000,17.98531112293834,17.98531112293834,17.98531112293834,0.0,0.0,1.0,17.985311122938384,1303,361
BEV1_2025-01-12_drive1.csv,1736689764000000000,1736689764000000000,1736690309000000000,0.1404951282191682,0.14049512821916824,0.14049512821916824,0.0,0.0,0.0,0.14049512821916835,162,4
BEV1_2025-01-12_drive2.csv,1736700605000000000,1736700605000000000,1736701154000000000,0.7159075157081026,0.7159075157081026,0.7159075157081026,0.0,0.0,0.0,0.7159075157081017,243,16
BEV1_2025-01-13_drive1.csv,1736752157000000000,1736752157000000000,1736753455000000000,18.037143161097383,18.037143161097383,18.037143161097383,0.0,0.0,0.0,18.0371431610974,1137,362
BEV1_2025-01-13_drive2.csv,1736784932000000000,1736784932000000000,1736786707000000000,17.993681658512198,17.993681658512195,17.993681658512195,0.0,0.0,1.0,17.99368165851221,1183,361
BEV1_2025-01-14_drive1.csv,1736840035000000000,1736840035000000000,1736841588000000000,17.71443128786747,17.71443128786747,17.71443128786747,0.0,0.0,0.0,18.03609718163718,1085,362
BEV1_2025-01-14_drive2.csv,1736871474000000000,1736871474000000000,1736873784000000000,21.066630513377497,21.066630513377493,21.066630513377493,0.0,0.0,0.0,21.06663051337741,1282,423
BEV1_2025-01-14_drive3.csv,1736875207000000000,1736875207000000000,1736875951000000000,4.760403850581216,4.760403850581216,4.760403850581216,0.0,0.0,1.0,4.760403850581217,543,97
BEV1_2025-01-15_drive1.csv,1736966292000000000,1736966292000000000,1736966541000000000,0.5763925739618555,0.5763925739618555,0.5763925739618555,0.0,0.0,1.0,0.5763925739618556,132,13
BEV1_2025-01-15_drive2.csv,1736968498000000000,1736968498000000000,1736968656000000000,0.5741735227405882,0.5741735227405882,0.5741735227405882,0.0,0.0,0.0,0.5741735227405879,141,13
BEV1_2025-01-16_drive1.csv,1737013438000000000,1737013438000000000,1737015332000000000,21.71713205758096,21.717132057580958,21.717132057580958,0.0,0.0,0.0,21.717132057580987,1676,436
BEV1_2025-01-16_drive2.csv,1737046307000000000,1737046307000000000,1737048167000000000,24.56000226915034,24.56000226915034,24.56000226915034,0.0,0.0,0.0,24.56000226915035,1504,493
BEV1_2025-01-16_drive3.csv,1737049485000000000,1737049485000000000,1737050178000000000,5.849857868760985,5.849857868760984,5.849857868760984,0.0,0.0,1.0,5.849857868760989,617,118
BEV1_2025-01-16_drive4.csv,1737061969000000000,1737061969000000000,1737063220000000000,5.719215439102749,5.719215439102749,5.719215439102749,0.0,0.0,0.0,5.719215439102748,693,116
BEV1_2025-01-17_drive1.csv,1737135732000000000,1737135732000000000,1737136400000000000,3.901828946773516,3.901828946773516,3.901828946773516,0.0,0.0,0.0,3.901828946773516,515,80
BEV1_2025-01-17_drive2.csv,1737142627000000000,1737142627000000000,1737143588000000000,3.737035834408285,3.737035834408284,3.737035834408284,0.0,0.0,0.0,3.7370358344082852,529,76
BEV1_2025-01-18_drive1.csv,1737192068000000000,1737192068000000000,1737193885000000000,7.348130191261768,7.348130191261768,7.348130191261768,0.0,0.0,1.0,7.348130191261759,917,148
BEV1_2025-01-18_drive2.csv,1737222298000000000,1737222298000000000,1737222685000000000,1.0778839338645403,1.0778839338645403,1.0778839338645403,0.0,0.0,1.0,1.077883933864541,242,23
BEV1_2025-01-18_drive3.csv,1737224125000000000,1737224125000000000,1737224934000000000,5.862633469797833,5.862633469797833,5.862633469797833,0.0,0.0,1.0,5.862633469797831,564,119
BEV1_2025-01-18_drive4.csv,1737233222000000000,1737233222000000000,1737234077000000000,6.744666754168504,6.744666754168504,6.744666754168504,0.0,0.0,1.0,6.744666754168504,570,136
BEV1_2025-01-19_drive1.csv,1737289468000000000,1737289468000000000,1737291103000000000,8.130325133543092,8.130325133543092,8.130325133543092,0.0,0.0,1.0,8.130325133543097,696,164
BEV1_2025-01-19_drive3.csv,1737292019000000000,1737292019000000000,1737292745000000000,7.489279013297705,7.489279013297705,7.489279013297705,0.0,0.0,1.0,7.489279013297703,642,151
BEV1_2025-01-19_drive4.csv,1737292861000000000,1737292861000000000,1737293940000000000,0.1598964372987068,0.1598964372987068,0.1598964372987068,0.0,0.0,0.0,0.1598964372987069,100,5
BEV1_2025-01-19_drive5.csv,1737319695000000000,1737319695000000000,1737319803000000000,0.1512139455552434,0.15121394555524337,0.15121394555524337,0.0,0.0,0.0,0.1512139455552434,74,5
BEV1_2025-01-20_drive1.csv,1737386109000000000,1737386109000000000,1737386963000000000,6.591427930215117,6.591427930215116,6.591427930215116,0.0,0.0,1.0,6.591427930215111,658,133
BEV1_2025-01-20_drive2.csv,1737388614000000000,1737388614000000000,1737389795000000000,6.573218372898084,6.573218372898084,6.573218372898084,0.0,0.0,1.0,6.573218372898085,677,133
BEV1_2025-01-21_drive1.csv,1737445078000000000,1737445078000000000,1737446357000000000,17.930360694715315,17.93036069471531,17.93036069471531,0.0,0.0,1.0,18.042442946622593,1046,362
BEV1_2025-01-21_drive2.csv,1737477176000000000,1737477176000000000,1737478721000000000,17.9885331393853,17.988533139385297,17.988533139385297,0.0,0.0,0.0,17.988533139385332,1191,361
BEV1_2025-01-22_drive1.csv,1737528348000000000,1737528348000000000,1737529636000000000,18.018329459473,18.018329459472994,18.018329459472994,0.0,0.0,0.0,18.01832945947299,1049,362
BEV1_2025-01-22_drive2.csv,1737560794000000000,1737560794000000000,1737562863000000000,18.00787228353013,18.00787228353013,18.00787228353013,0.0,0.0,1.0,18.007872283530126,1085,362
BEV1_2025-01-22_drive3.csv,1737582878000000000,1737582878000000000,1737582989000000000,0.1506495491252367,0.15064954912523676,0.15064954912523676,0.0,0.0,1.0,0.1506495491252367,73,5
BEV1_2025-01-23_drive1.csv,1737616864000000000,1737616864000000000,1737618892000000000,21.589857723675284,21.589857723675287,21.589857723675287,0.0,0.0,1.0,21.589857723675294,1767,433
BEV1_2025-01-23_drive2.csv,1737647402000000000,1737647402000000000,1737648731000000000,13.604916861694525,13.604916861694523,13.604916861694523,0.0,0.0,1.0,13.604916861694543,1044,274
BEV1_2025-01-23_drive3.csv,1737649482000000000,1737649482000000000,1737650380000000000,11.931689491908,11.931689491907996,11.931689491907996,0.0,0.0,1.0,11.931689491908001,769,240
BEV1_2025-01-23_drive4.csv,1737651187000000000,1737651187000000000,1737651572000000000,1.964130945047795,1.964130945047795,1.964130945047795,0.0,0.0,1.0,1.9641309450477933,328,41
BEV1_2025-01-23_drive5.csv,1737654479000000000,1737654479000000000,1737655199000000000,5.722864009608076,5.722864009608076,5.722864009608076,0.0,0.0,0.0,5.722864009608076,584,116
BEV1_2025-01-23_drive6.csv,1737665978000000000,1737665978000000000,1737667404000000000,5.582819154865351,5.5828191548653505,5.5828191548653505,0.0,0.0,1.0,5.582819154865348,582,113
BEV1_2025-01-27_drive1.csv,1737962592000000000,1737962592000000000,1737963886000000000,18.02520527575388,18.025205275753876,18.025205275753876,0.0,0.0,0.0,18.02520527575386,1111,362
BEV1_2025-01-27_drive2.csv,1737991151000000000,1737991151000000000,1737992526000000000,14.253824419589076,14.253824419589076,14.253824419589076,0.0,0.0,1.0,17.982084553204526,872,361
BEV1_2025-01-27_drive3.csv,1737999330000000000,1737999330000000000,1737999835000000000,4.207946257761477,4.207946257761476,4.207946257761476,0.0,0.0,0.0,4.207946257761475,418,86
BEV1_2025-01-27_drive4.csv,1738002262000000000,1738002262000000000,1738003070000000000,4.484384430839847,4.484384430839847,4.484384430839847,0.0,0.0,0.0,4.484384430839848,455,91
BEV1_2025-01-27_drive5.csv,1738003203000000000,1738003203000000000,1738003622000000000,0.1705800738661942,0.17058007386619423,0.17058007386619423,0.0,0.0,0.0,0.17058007386619428,177,5
BEV1_2025-01-27_drive6.csv,1738014865000000000,1738014865000000000,1738014978000000000,0.153165589500769,0.15316558950076908,0.15316558950076908,0.0,0.0,0.0,0.1531655895007691,69,5
BEV1_2025-01-28_drive1.csv,1738061474000000000,1738061474000000000,1738064236000000000,64.88816857552995,64.88816857552996,64.88816857552996,0.0,0.0,0.0,64.88816857552992,2501,1299
BEV1_2025-01-28_drive2.csv,1738081307000000000,1738081307000000000,1738084973000000000,56.07586813342829,56.0758681334283,56.0758681334283,0.0,0.0,1.0,62.905153329464696,2756,1260
BEV1_2025-01-29_drive1.csv,1738133290000000000,1738133290000000000,1738135036000000000,21.58562613660604,21.585626136606038,21.585626136606038,0.0,0.0,0.0,21.585626136606056,1553,433
BEV1_2025-01-29_drive2.csv,1738168076000000000,1738168076000000000,1738169589000000000,20.42459953486922,20.42459953486922,20.42459953486922,0.0,0.0,0.0,20.424599534869245,1208,410
BEV1_2025-01-29_drive3.csv,1738176421000000000,1738176421000000000,1738176924000000000,2.6782620718178927,2.6782620718178927,2.6782620718178927,0.0,0.0,1.0,2.678262071817894,423,55
BEV1_2025-01-30_drive1.csv,1738220857000000000,1738220857000000000,1738223144000000000,21.959249659008915,21.95924965900891,21.95924965900891,0.0,0.0,0.0,21.95924965900889,1862,441
BEV1_2025-01-30_drive2.csv,1738253823000000000,1738253823000000000,1738255692000000000,24.949764668852588,24.949764668852588,24.949764668852588,0.0,0.0,1.0,24.949764668852573,1537,500
BEV1_2025-01-30_drive3.csv,1738259347000000000,1738259347000000000,1738260106000000000,6.015001261976916,6.015001261976916,6.015001261976916,0.0,0.0,1.0,6.015001261976909,601,122
BEV1_2025-01-30_drive4.csv,1738269077000000000,1738269077000000000,1738269975000000000,5.403159489536219,5.403159489536219,5.403159489536219,0.0,0.0,0.0,5.403159489536224,548,110
BEV1_2025-01-31_drive1.csv,1738309895000000000,1738309895000000000,1738311708000000000,22.92644099005858,22.92644099005858,22.92644099005858,0.0,0.0,0.0,22.926440990058598,1639,460
BEV1_2025-01-31_drive2.csv,1738321731000000000,1738321731000000000,1738321835000000000,0.4426839241003103,0.4426839241003103,0.4426839241003103,0.0,0.0,0.0,0.4426839241003104,89,10
BEV1_2025-01-31_drive3.csv,1738322267000000000,1738322267000000000,1738323691000000000,31.589299872914346,31.589299872914346,31.589299872914346,0.0,0.0,0.0,31.5892998729143,1331,633
BEV1_2025-01-31_drive4.csv,1738325672000000000,1738325672000000000,1738328577000000000,7.31797765361485,7.31797765361485,7.31797765361485,0.0,0.0,0.0,7.31797765361486,859,148
BEV1_2025-01-31_drive5.csv,1738333587000000000,1738333587000000000,1738334415000000000,9.027734025226405,9.027734025226401,9.027734025226401,0.0,0.0,1.0,9.027734025226396,634,182
BEV1_2025-01-31_drive6.csv,1738339567000000000,1738339567000000000,1738340502000000000,9.1320537940949,9.132053794094903,9.132053794094903,0.0,0.0,1.0,9.132053794094912,697,184
BEV1_2025-02-02_drive1.csv,1738502901000000000,1738502901000000000,1738503528000000000,5.886689883142184,5.886689883142185,5.886689883142185,0.0,0.0,0.0,5.886689883142187,518,119
BEV1_2025-02-02_drive2.csv,1738504056000000000,1738504056000000000,1738504742000000000,0.5362432268647437,0.5362432268647437,0.5362432268647437,0.0,0.0,0.0,0.5362432268647435,165,12
BEV1_2025-02-02_drive3.csv,1738505425000000000,1738505425000000000,1738506907000000000,12.284929729092726,12.284929729092728,12.284929729092728,0.0,0.0,0.0,12.2849297290927,1120,247
BEV1_2025-02-02_drive4.csv,1738510637000000000,1738510637000000000,1738512176000000000,2.107740209210524,2.1077402092105237,2.1077402092105237,0.0,0.0,0.0,2.107740209210524,365,44
BEV1_2025-02-02_drive6.csv,1738525698000000000,1738525698000000000,1738526609000000000,7.505081677967995,7.505081677967995,7.505081677967995,0.0,0.0,1.0,7.505081677967988,552,152
BEV1_2025-02-03_drive1.csv,1738566641000000000,1738566641000000000,1738567967000000000,18.015020793334667,18.015020793334667,18.015020793334667,0.0,0.0,0.0,18.015020793334635,1102,362
BEV1_2025-02-03_drive2.csv,1738597228000000000,1738597228000000000,1738599830000000000,24.71582100209352,24.715821002093524,24.715821002093524,0.0,0.0,1.0,24.715821002093485,2012,496
BEV1_2025-02-03_drive3.csv,1738606431000000000,1738606431000000000,1738606926000000000,1.9151675621046416,1.9151675621046418,1.9151675621046418,0.0,0.0,1.0,1.9151675621046411,370,40
BEV1_2025-02-04_drive1.csv,1738653054000000000,1738653054000000000,1738654386000000000,18.03197757923904,18.03197757923904,18.03197757923904,0.0,0.0,1.0,18.031977579239005,1184,362
BEV1_2025-02-04_drive2.csv,1738683966000000000,1738683966000000000,1738686427000000000,18.475543780231813,18.47554378023181,18.47554378023181,0.0,0.0,1.0,18.475543780231828,1211,371
BEV1_2025-02-04_drive3.csv,1738694268000000000,1738694268000000000,1738694498000000000,0.2021146765929797,0.2021146765929797,0.2021146765929797,0.0,0.0,1.0,0.2021146765929797,101,6
BEV1_2025-02-05_drive1.csv,1738740081000000000,1738740081000000000,1738741991000000000,21.63510540864467,21.63510540864467,21.63510540864467,0.0,0.0,0.0,21.6351054086447,1562,434
BEV1_2025-02-05_drive2.csv,1738774946000000000,1738774946000000000,1738776747000000000,18.09960170044865,18.09960170044865,18.09960170044865,0.0,0.0,1.0,18.099601700448634,1439,363
BEV1_2025-02-05_drive3.csv,1738777725000000000,1738777725000000000,1738778255000000000,4.467144052931648,4.467144052931648,4.467144052931648,0.0,0.0,0.0,4.467144052931648,405,91
BEV1_2025-02-06_drive1.csv,1738825077000000000,1738825077000000000,1738827082000000000,21.586775874566243,21.586775874566243,21.586775874566243,0.0,0.0,0.0,21.58677587456627,1702,433
BEV1_2025-02-06_drive2.csv,1738860005000000000,1738860005000000000,1738861792000000000,24.553707598615496,24.553707598615492,24.553707598615492,0.0,0.0,1.0,24.55370759861551,1467,493
BEV1_2025-02-07_drive1.csv,1738910092000000000,1738910092000000000,1738910201000000000,0.1323549515241493,0.13235495152414933,0.13235495152414933,0.0,0.0,1.0,0.13235495152414928,81,4
BEV1_2025-02-07_drive2.csv,1738915317000000000,1738915317000000000,1738920389000000000,125.5891602179546,125.5891602179546,125.5891602179546,0.0,0.0,1.0,125.7238865038955,4343,2516
BEV1_2025-02-09_drive1.csv,1739136663000000000,1739136663000000000,1739138909000000000,25.60617307425765,25.60617307425765,25.60617307425765,0.0,0.0,0.0,25.672597911761653,1112,515
BEV1_2025-02-09_drive2.csv,1739140619000000000,1739140619000000000,1739144257000000000,103.03882174914364,103.03882174914364,103.03882174914364,0.0,0.0,1.0,103.1763818936132,3463,2065
BEV1_2025-02-10_drive1.csv,1739194707000000000,1739194707000000000,1739195484000000000,8.39650583524896,8.39650583524896,8.39650583524896,0.0,0.0,0.0,8.396505835248943,637,169
BEV1_2025-02-10_drive2.csv,1739196676000000000,1739196676000000000,1739196848000000000,1.1279468256625618,1.1279468256625618,1.1279468256625618,0.0,0.0,1.0,1.1279468256625615,159,24
BEV1_2025-02-10_drive3.csv,1739206849000000000,1739206849000000000,1739207709000000000,9.134951929285556,9.134951929285556,9.134951929285556,0.0,0.0,1.0,9.134951929285554,679,184
BEV1_2025-02-10_drive4.csv,1739208612000000000,1739208612000000000,1739209271000000000,6.253031938622319,6.253031938622319,6.253031938622319,0.0,0.0,1.0,6.253031938622322,604,127
BEV1_2025-02-10_drive5.csv,1739215960000000000,1739215960000000000,1739216632000000000,4.649227302632806,4.649227302632806,4.649227302632806,0.0,0.0,0.0,4.649227302632808,512,94
BEV1_2025-02-11_drive1.csv,1739256859000000000,1739256859000000000,1739258377000000000,18.08499552046391,18.084995520463906,18.084995520463906,0.0,0.0,1.0,18.08499552046391,1070,363
BEV1_2025-02-11_drive2.csv,1739289674000000000,1739289674000000000,1739291925000000000,20.16283546548661,20.16283546548661,20.16283546548661,0.0,0.0,0.0,20.162835465486577,1556,405
BEV1_2025-02-11_drive3.csv,1739299565000000000,1739299565000000000,1739299779000000000,0.0025454051511295,0.002545405151129505,0.002545405151129505,0.0,0.0,1.0,0.002545405151129505,11,2
BEV1_2025-02-12_drive1.csv,1739344778000000000,1739344778000000000,1739346021000000000,18.020759991723736,18.020759991723736,18.020759991723736,0.0,0.0,0.0,18.020759991723732,1061,362
BEV1_2025-02-12_drive2.csv,1739376683000000000,1739376683000000000,1739379113000000000,19.008101923956623,19.008101923956623,19.008101923956623,0.0,0.0,0.0,21.422393749364183,1185,430
BEV1_2025-02-12_drive3.csv,1739381490000000000,1739381490000000000,1739383121000000000,1.5343186242115012,1.5343186242115012,1.5343186242115012,0.0,0.0,0.0,1.534318624211501,273,32
BEV1_2025-02-12_drive4.csv,1739386256000000000,1739386256000000000,1739388312000000000,4.777149877688869,4.777149877688869,4.777149877688869,0.0,0.0,0.0,4.777149877688869,529,97
BEV1_2025-02-13_drive1.csv,1739432679000000000,1739432679000000000,1739433989000000000,16.222417884606237,16.222417884606234,16.222417884606234,0.0,0.0,1.0,18.04852428147265,985,362
BEV1_2025-02-13_drive2.csv,1739465555000000000,1739465555000000000,1739467224000000000,18.008272522630794,18.008272522630794,18.008272522630794,0.0,0.0,0.0,18.008272522630794,1136,362
BEV1_2025-02-13_drive3.csv,1739479376000000000,1739479376000000000,1739479935000000000,2.803636794777725,2.803636794777725,2.803636794777725,0.0,0.0,0.0,2.803636794777726,351,58
BEV1_2025-02-13_drive4.csv,1739480059000000000,1739480059000000000,1739481159000000000,3.184306587531376,3.184306587531376,3.184306587531376,0.0,0.0,1.0,3.184306587531376,408,65
BEV1_2025-02-14_drive1.csv,1739545997000000000,1739545997000000000,1739546841000000000,2.4112880242714674,2.411288024271468,2.411288024271468,0.0,0.0,1.0,2.411288024271465,566,50
BEV1_2025-02-14_drive2.csv,1739552081000000000,1739552081000000000,1739552947000000000,2.697809178802972,2.697809178802972,2.697809178802972,0.0,0.0,1.0,2.6978091788029706,609,55
BEV1_2025-02-14_drive3.csv,1739557038000000000,1739557038000000000,1739558506000000000,6.36901989829402,6.369019898294021,6.369019898294021,0.0,0.0,1.0,6.369019898294022,966,129
BEV1_2025-02-14_drive4.csv,1739566749000000000,1739566749000000000,1739567771000000000,6.829307486363732,6.8293074863637315,6.8293074863637315,0.0,0.0,0.0,6.829307486363734,599,138
BEV1_2025-02-15_drive1.csv,1739607526000000000,1739607526000000000,1739607670000000000,0.1435411783056242,0.14354117830562424,0.14354117830562424,0.0,0.0,1.0,0.14354117830562416,101,4
BEV1_2025-02-15_drive2.csv,1739613587000000000,1739613587000000000,1739613987000000000,1.094928095536248,1.0949280955362481,1.0949280955362481,0.0,0.0,1.0,1.0949280955362493,271,23
BEV1_2025-02-15_drive3.csv,1739614253000000000,1739614253000000000,1739617419000000000,60.66727361238624,60.66727361238624,60.66727361238624,0.0,0.0,0.0,60.667273612386396,2328,1215
BEV1_2025-02-15_drive4.csv,1739635404000000000,1739635404000000000,1739636450000000000,7.838986824439701,7.838986824439701,7.838986824439701,0.0,0.0,1.0,7.838986824439702,739,158
BEV1_2025-02-15_drive5.csv,1739659067000000000,1739659067000000000,1739662868000000000,67.30867123486065,67.30867123486065,67.30867123486065,0.0,0.0,0.0,67.30867123486067,3364,1348
BEV1_2025-02-16_drive1.csv,1739707683000000000,1739707683000000000,1739708115000000000,2.922930206528512,2.9229302065285117,2.9229302065285117,0.0,0.0,0.0,2.922930206528512,310,60
BEV1_2025-02-16_drive2.csv,1739711098000000000,1739711098000000000,1739711230000000000,0.1870581212884473,0.18705812128844734,0.18705812128844734,0.0,0.0,0.0,0.1870581212884473,107,5
BEV1_2025-02-16_drive3.csv,1739711677000000000,1739711677000000000,1739712249000000000,2.887401331682453,2.887401331682453,2.887401331682453,0.0,0.0,0.0,2.8874013316824527,360,59
BEV1_2025-02-17_drive1.csv,1739787275000000000,1739787275000000000,1739789724000000000,60.42416741933844,60.42416741933843,60.42416741933843,0.0,0.0,1.0,60.49128737272594,2271,1211
BEV1_2025-02-17_drive2.csv,1739793860000000000,1739793860000000000,1739794766000000000,5.966303673418618,5.966303673418618,5.966303673418618,0.0,0.0,0.0,5.966303673418619,645,121
BEV1_2025-02-17_drive3.csv,1739795974000000000,1739795974000000000,1739798920000000000,50.390817583012,50.390817583011994,50.390817583011994,0.0,0.0,0.0,50.390817583012016,2440,1009
BEV1_2025-02-17_drive4.csv,1739799217000000000,1739799217000000000,1739800055000000000,2.2519901382400467,2.2519901382400467,2.2519901382400467,0.0,0.0,0.0,2.251990138240047,326,47
BEV1_2025-02-17_drive5.csv,1739800436000000000,1739800436000000000,1739800641000000000,0.1216094373390894,0.12160943733908942,0.12160943733908942,0.0,0.0,1.0,0.12160943733908935,84,4
BEV1_2025-02-17_drive6.csv,1739801291000000000,1739801291000000000,1739802281000000000,0.0530132291669114,0.05301322916691146,0.05301322916691146,0.0,0.0,0.0,0.053013229166911466,80,3
BEV1_2025-02-17_drive7.csv,1739802706000000000,1739802706000000000,1739803229000000000,1.303995702258101,1.303995702258101,1.303995702258101,0.0,0.0,0.0,1.303995702258102,250,28
BEV1_2025-02-18_drive1.csv,1739862677000000000,1739862677000000000,1739864624000000000,21.96939026743884,21.969390267438833,21.969390267438833,0.0,0.0,0.0,21.96939026743886,1707,441
BEV1_2025-05-23_drive1.csv,1747995811000000000,1747995811000000000,1747996203000000000,1.1699817125000902,1.1699817125000904,1.1699817125000904,0.0,0.0,1.0,1.16998171250009,229,25
BEV1_2025-05-23_drive2.csv,1747997977000000000,1747997977000000000,1748000979000000000,62.2947718813456,62.29477188134559,62.29477188134559,0.0,0.0,0.0,62.364139586010545,2568,1249
BEV1_2025-05-23_drive3.csv,1748007885000000000,1748007885000000000,1748008817000000000,8.349377412882024,8.349377412882024,8.349377412882024,0.0,0.0,1.0,8.349377412882028,612,168
BEV1_2025-05-23_drive4.csv,1748013018000000000,1748013018000000000,1748013824000000000,8.38844362040365,8.38844362040365,8.38844362040365,0.0,0.0,1.0,8.388443620403654,598,169
BEV1_2025-05-24_drive1.csv,1748085091000000000,1748085091000000000,1748085860000000000,6.950714050424244,6.950714050424245,6.950714050424245,0.0,0.0,1.0,6.950714050424244,580,141
BEV1_2025-05-24_drive2.csv,1748094111000000000,1748094111000000000,1748094786000000000,4.886095162930911,4.886095162930911,4.886095162930911,0.0,0.0,1.0,4.8860951629309035,550,99
BEV1_2025-05-24_drive3.csv,1748101968000000000,1748101968000000000,1748102605000000000,4.703239813647174,4.703239813647174,4.703239813647174,0.0,0.0,0.0,4.703239813647174,472,96
BEV1_2025-05-24_drive4.csv,1748104028000000000,1748104028000000000,1748104688000000000,4.497189036933831,4.497189036933831,4.497189036933831,0.0,0.0,0.0,4.497189036933833,447,91
BEV1_2025-05-25_drive1.csv,1748184946000000000,1748184946000000000,1748186165000000000,23.550604141502767,23.550604141502767,23.550604141502767,0.0,0.0,1.0,23.55060414150273,1166,473
BEV1_2025-05-25_drive2.csv,1748194827000000000,1748194827000000000,1748196625000000000,23.805327542020443,23.805327542020443,23.805327542020443,0.0,0.0,0.0,23.877123783742075,1250,479
BEV1_2025-05-26_drive1.csv,1748240244000000000,1748240244000000000,1748242356000000000,21.56817048354983,21.56817048354983,21.56817048354983,0.0,0.0,0.0,21.568170483549856,1744,433
BEV1_2025-05-26_drive2.csv,1748263926000000000,1748263926000000000,1748267416000000000,23.098224110658727,23.098224110658727,23.098224110658727,0.0,0.0,1.0,23.09822411065876,1325,463
BEV1_2025-05-26_drive3.csv,1748270370000000000,1748270370000000000,1748270713000000000,1.9454167111463692,1.9454167111463692,1.9454167111463692,0.0,0.0,0.0,1.945416711146368,257,40
BEV1_2025-05-26_drive4.csv,1748276045000000000,1748276045000000000,1748277145000000000,12.927089666352051,12.927089666352053,12.927089666352053,0.0,0.0,0.0,12.927089666352058,1006,260
BEV1_2025-05-26_drive5.csv,1748279542000000000,1748279542000000000,1748280599000000000,12.467868001452374,12.467868001452377,12.467868001452377,0.0,0.0,1.0,12.467868001452377,907,251
BEV1_2025-05-27_drive1.csv,1748326894000000000,1748326894000000000,1748328913000000000,21.322688898598035,21.32268889859803,21.32268889859803,0.0,0.0,1.0,21.558071459448517,1658,433
BEV2_2024-05-16_drive1.csv,1715875484000000000,1715875484000000000,1715876606000000000,5.195659129734151,5.195659129734151,5.195659129734151,0.0,0.0,1.0,5.26720932229174,494,107
BEV2_2024-05-17_drive2.csv,1715962823000000000,1715962823000000000,1715966932000000000,60.96840313753393,60.968403137533926,60.968403137533926,0.0,0.0,0.0,72.13919783031574,2988,1444
BEV2_2024-05-18_drive1.csv,1716023172000000000,1716023172000000000,1716029145000000000,8.381069314440527,8.381069314440527,8.381069314440527,0.0,0.0,1.0,8.38106931444054,1300,169
BEV2_2024-05-18_drive2.csv,1716033534000000000,1716033534000000000,1716041292000000000,65.65820574049943,65.65820574049943,65.65820574049943,0.0,0.0,1.0,74.93637787142112,3860,1500
BEV2_2024-05-18_drive3.csv,1716044846000000000,1716044846000000000,1716048173000000000,35.4952526223462,35.4952526223462,35.4952526223462,0.0,0.0,0.0,45.77919493986302,1842,917
BEV2_2024-05-18_drive4.csv,1716049796000000000,1716049796000000000,1716051781000000000,24.88437260632617,24.884372606326178,24.884372606326178,0.0,0.0,0.0,28.909180740049088,1413,580
BEV2_2024-05-18_drive5.csv,1716053326000000000,1716053326000000000,1716054026000000000,4.813995978320194,4.813995978320193,4.813995978320193,0.0,0.0,0.0,4.813995978320194,491,98
BEV2_2024-05-18_drive6.csv,1716057347000000000,1716057347000000000,1716058647000000000,2.2513747380494693,2.251374738049469,2.251374738049469,0.0,0.0,1.0,2.251374738049467,278,47
BEV2_2024-05-18_drive7.csv,1716061079000000000,1716061079000000000,1716062310000000000,2.3907151673710048,2.3907151673710043,2.3907151673710043,0.0,0.0,1.0,2.3907151673710034,345,49
BEV2_2024-05-19_drive1.csv,1716101495000000000,1716101495000000000,1716102864000000000,1.1071462194297894,1.1071462194297894,1.1071462194297894,0.0,0.0,1.0,1.1071462194297896,166,24
BEV2_2024-05-19_drive2.csv,1716103684000000000,1716103684000000000,1716105092000000000,0.9364759475292712,0.9364759475292713,0.9364759475292713,0.0,0.0,0.0,0.9364759475292711,148,20
BEV2_2024-05-19_drive4.csv,1716118061000000000,1716118061000000000,1716125351000000000,103.1385835283434,103.13858352834342,103.13858352834342,0.0,0.0,1.0,134.3122445786825,4815,2688
BEV2_2024-05-19_drive5.csv,1716132161000000000,1716132161000000000,1716139694000000000,117.59477320001452,117.59477320001453,117.59477320001453,0.0,0.0,0.0,145.70502112428315,5627,2916
BEV2_2024-05-19_drive6.csv,1716141671000000000,1716141671000000000,1716142700000000000,15.67338199612309,15.67338199612309,15.67338199612309,0.0,0.0,1.0,19.00664304177138,752,382
BEV2_2024-05-19_drive7.csv,1716146568000000000,1716146568000000000,1716147696000000000,3.6580393943447,3.6580393943446987,3.6580393943446987,0.0,0.0,1.0,3.6580393943447014,383,75
BEV2_2024-05-20_drive1.csv,1716229173000000000,1716229173000000000,1716231544000000000,6.730778021910058,6.730778021910058,6.730778021910058,0.0,0.0,1.0,6.730778021910069,816,136
BEV2_2024-05-21_drive1.csv,1716271205000000000,1716271205000000000,1716273284000000000,6.265634119935,6.265634119935001,6.265634119935001,0.0,0.0,0.0,6.265634119934999,1008,127
BEV2_2024-05-21_drive2.csv,1716286370000000000,1716286370000000000,1716287634000000000,2.5257126916477626,2.5257126916477626,2.5257126916477626,0.0,0.0,0.0,2.525712691647765,368,52
BEV2_2024-05-21_drive3.csv,1716291695000000000,1716291695000000000,1716294134000000000,6.477128919654108,6.477128919654108,6.477128919654108,0.0,0.0,0.0,6.4771289196541035,878,131
BEV2_2024-05-21_drive4.csv,1716305436000000000,1716305436000000000,1716306862000000000,14.65817418693465,14.65817418693465,14.65817418693465,0.0,0.0,1.0,18.90690655094408,961,380
BEV2_2024-05-21_drive5.csv,1716311373000000000,1716311373000000000,1716313033000000000,8.894973027002301,8.8949730270023,8.8949730270023,0.0,0.0,0.0,9.013880006500216,899,182
BEV2_2024-05-21_drive6.csv,1716314915000000000,1716314915000000000,1716315718000000000,4.904813461583163,4.904813461583162,4.904813461583162,0.0,0.0,1.0,4.904813461583166,519,100
BEV2_2024-05-21_drive7.csv,1716319114000000000,1716319114000000000,1716320455000000000,1.489986392101586,1.4899863921015863,1.4899863921015863,0.0,0.0,1.0,1.4899863921015848,200,31
BEV2_2024-05-21_drive8.csv,1716323093000000000,1716323093000000000,1716329203000000000,65.04424429469594,65.04424429469594,65.04424429469594,0.0,0.0,1.0,79.75033058879745,3834,1597
BEV2_2024-05-22_drive1.csv,1716353787000000000,1716353787000000000,1716354852000000000,4.642376148627978,4.642376148627978,4.642376148627978,0.0,0.0,1.0,4.642376148627977,560,94
BEV2_2024-05-22_drive2.csv,1716402678000000000,1716402678000000000,1716404196000000000,4.462156806677352,4.462156806677352,4.462156806677352,0.0,0.0,0.0,4.462156806677352,580,91
BEV2_2024-05-23_drive1.csv,1716443930000000000,1716443930000000000,1716445777000000000,6.187630487695959,6.187630487695958,6.187630487695958,0.0,0.0,1.0,6.187630487695966,981,125
BEV2_2024-06-14_drive1.csv,1718389468000000000,1718389468000000000,1718390669000000000,2.313728589937774,2.313728589937774,2.313728589937774,0.0,0.0,0.0,2.313728589937774,272,48
BEV2_2024-06-14_drive2.csv,1718395302000000000,1718395302000000000,1718396549000000000,2.533412943972796,2.5334129439727966,2.5334129439727966,0.0,0.0,0.0,2.5334129439727966,338,52
BEV2_2024-06-15_drive1.csv,1718444892000000000,1718444892000000000,1718450694000000000,18.388579963397664,18.388579963397667,18.388579963397667,0.0,0.0,0.0,18.87175254886018,2002,379
BEV2_2024-06-15_drive2.csv,1718454725000000000,1718454725000000000,1718459985000000000,62.71113373111048,62.71113373111048,62.71113373111048,0.0,0.0,1.0,75.84345646733841,3379,1518
BEV2_2024-06-15_drive3.csv,1718463733000000000,1718463733000000000,1718469337000000000,53.675101970977806,53.675101970977806,53.675101970977806,0.0,0.0,0.0,67.69079404677217,2867,1355
BEV2_2024-06-18_drive1.csv,1718728491000000000,1718728491000000000,1718731813000000000,24.771576084012885,24.771576084012885,24.771576084012885,0.0,0.0,0.0,28.462806350120193,1662,571
BEV2_2024-06-19_drive1.csv,1718776073000000000,1718776073000000000,1718779361000000000,6.45828516039442,6.45828516039442,6.45828516039442,0.0,0.0,0.0,6.458285160394428,906,131
BEV2_2024-06-19_drive2.csv,1718783798000000000,1718783798000000000,1718786140000000000,5.040106801499823,5.040106801499822,5.040106801499822,0.0,0.0,1.0,5.040106801499825,742,102
BEV2_2024-06-19_drive3.csv,1718793026000000000,1718793026000000000,1718795233000000000,6.429478700831664,6.429478700831664,6.429478700831664,0.0,0.0,0.0,6.4294787008316625,939,130
BEV2_2024-06-19_drive4.csv,1718807686000000000,1718807686000000000,1718808059000000000,1.7939823878301404,1.7939823878301404,1.7939823878301404,0.0,0.0,0.0,1.7939823878301402,256,37
BEV2_2024-06-19_drive5.csv,1718810596000000000,1718810596000000000,1718811667000000000,1.6813902345333205,1.6813902345333205,1.6813902345333205,0.0,0.0,0.0,1.6813902345333198,275,35
BEV2_2024-06-19_drive6.csv,1718818908000000000,1718818908000000000,1718819962000000000,4.469947435301315,4.469947435301315,4.469947435301315,0.0,0.0,0.0,4.4699474353013136,514,91
BEV2_2024-06-19_drive7.csv,1718831860000000000,1718831860000000000,1718833105000000000,2.5813253946439083,2.5813253946439083,2.5813253946439083,0.0,0.0,1.0,2.5813253946439065,330,53
BEV2_2024-06-20_drive1.csv,1718876519000000000,1718876519000000000,1718877679000000000,2.762514939465538,2.762514939465538,2.762514939465538,0.0,0.0,0.0,2.762514939465539,404,57
BEV2_2024-06-20_drive2.csv,1718905365000000000,1718905365000000000,1718906468000000000,3.682124635798612,3.682124635798612,3.682124635798612,0.0,0.0,1.0,3.6821246357986137,453,75
BEV2_2024-06-21_drive1.csv,1718949092000000000,1718949092000000000,1718951496000000000,6.666763492189709,6.666763492189709,6.666763492189709,0.0,0.0,1.0,6.666763492189704,900,135
BEV2_2024-06-21_drive10.csv,1718993717000000000,1718993717000000000,1718994721000000000,1.9886741272710755,1.9886741272710757,1.9886741272710757,0.0,0.0,1.0,1.9886741272710757,251,41
BEV2_2024-06-21_drive2.csv,1718995393000000000,1718995393000000000,1718996310000000000,2.301352203140174,2.301352203140174,2.301352203140174,0.0,0.0,0.0,2.3013522031401745,300,48
BEV2_2024-06-21_drive3.csv,1718959031000000000,1718959031000000000,1718960915000000000,3.014748527178074,3.0147485271780745,3.0147485271780745,0.0,0.0,1.0,3.014748527178074,565,62
BEV2_2024-06-21_drive4.csv,1718965024000000000,1718965024000000000,1718968723000000000,6.431144762759693,6.431144762759692,6.431144762759692,0.0,0.0,0.0,6.431144762759684,957,130
BEV2_2024-06-21_drive5.csv,1718977712000000000,1718977712000000000,1718978046000000000,0.1614939207700449,0.16149392077004493,0.16149392077004493,0.0,0.0,1.0,0.16149392077004493,51,5
BEV2_2024-06-21_drive6.csv,1718982536000000000,1718982536000000000,1718983452000000000,2.580161410630425,2.580161410630425,2.580161410630425,0.0,0.0,1.0,2.5801614106304243,376,53
BEV2_2024-06-21_drive7.csv,1718986215000000000,1718986215000000000,1718987394000000000,2.4959247562624194,2.4959247562624194,2.4959247562624194,0.0,0.0,1.0,2.4959247562624203,404,51
BEV2_2024-06-21_drive8.csv,1718987738000000000,1718987738000000000,1718988479000000000,2.639032869210095,2.639032869210095,2.639032869210095,0.0,0.0,1.0,2.639032869210095,331,54
BEV2_2024-06-21_drive9.csv,1718991872000000000,1718991872000000000,1718992905000000000,3.679378115867504,3.679378115867504,3.679378115867504,0.0,0.0,0.0,3.6793781158675034,440,75
BEV2_2024-06-22_drive1.csv,1719051971000000000,1719051971000000000,1719052589000000000,3.018298321050914,3.0182983210509136,3.0182983210509136,0.0,0.0,0.0,3.0182983210509144,387,62
BEV2_2024-06-22_drive2.csv,1719056874000000000,1719056874000000000,1719065119000000000,66.08198999405346,66.08198999405346,66.08198999405346,0.0,0.0,1.0,78.27557020892179,4537,1567
BEV2_2024-06-22_drive3.csv,1719068347000000000,1719068347000000000,1719070377000000000,14.257758987211602,14.257758987211602,14.257758987211602,0.0,0.0,1.0,15.044887448499747,1250,302
BEV2_2024-06-22_drive4.csv,1719070629000000000,1719070629000000000,1719074858000000000,60.87147648791737,60.87147648791738,60.87147648791738,0.0,0.0,1.0,77.31632786426484,2854,1548
BEV2_2024-06-22_drive5.csv,1719076805000000000,1719076805000000000,1719077841000000000,3.6666980758593706,3.6666980758593706,3.6666980758593706,0.0,0.0,0.0,3.6666980758593715,431,75
BEV2_2024-06-22_drive6.csv,1719080767000000000,1719080767000000000,1719081395000000000,3.155193325956786,3.155193325956786,3.155193325956786,0.0,0.0,0.0,3.155193325956786,378,65
BEV2_2024-06-22_drive7.csv,1719095814000000000,1719095814000000000,1719096731000000000,2.58809879425052,2.5880987942505196,2.5880987942505196,0.0,0.0,0.0,2.588098794250519,350,53
BEV2_2024-06-23_drive1.csv,1719124559000000000,1719124559000000000,1719125614000000000,2.222280523751229,2.222280523751229,2.222280523751229,0.0,0.0,1.0,2.2222805237512278,440,46
BEV2_2024-06-23_drive2.csv,1719126904000000000,1719126905000000000,1719129334000000000,31.77680036754071,31.77680036754071,31.776800367540712,0.0,1.0,0.0,40.16130394392489,1519,805
BEV2_2024-06-23_drive3.csv,1719133792000000000,1719133792000000000,1719134709000000000,2.370191017124774,2.370191017124774,2.370191017124774,0.0,0.0,0.0,2.370191017124774,324,49
BEV2_2024-06-23_drive4.csv,1719135524000000000,1719135524000000000,1719137595000000000,27.19741110005478,27.197411100054776,27.197411100054776,0.0,0.0,0.0,34.029621438656456,1499,682
BEV2_2024-06-24_drive1.csv,1719208413000000000,1719208413000000000,1719210481000000000,6.504816439533244,6.504816439533244,6.504816439533244,0.0,0.0,1.0,6.504816439533239,900,132
BEV2_2024-06-24_drive2.csv,1719242752000000000,1719242752000000000,1719243714000000000,2.7997282294932653,2.7997282294932653,2.7997282294932653,0.0,0.0,1.0,2.7997282294932684,479,57
BEV2_2024-06-24_drive3.csv,1719246307000000000,1719246307000000000,1719247317000000000,3.650714983078122,3.6507149830781214,3.6507149830781214,0.0,0.0,1.0,3.650714983078125,481,75
BEV2_2024-06-24_drive4.csv,1719248891000000000,1719248891000000000,1719250747000000000,19.74494518967767,19.744945189677672,19.744945189677672,0.0,0.0,0.0,19.802496299252862,1348,398
BEV2_2024-06-25_drive1.csv,1719288820000000000,1719288820000000000,1719292196000000000,38.566089854230135,38.56608985423013,38.56608985423013,0.0,0.0,0.0,43.87727099949525,2034,879
BEV2_2024-06-25_drive2.csv,1719296461000000000,1719296461000000000,1719300516000000000,38.02498942637125,38.02498942637124,38.02498942637124,0.0,0.0,1.0,50.13423091768712,2018,1004
BEV2_2024-06-25_drive3.csv,1719309439000000000,1719309439000000000,1719312251000000000,22.440764880941032,22.440764880941025,22.440764880941025,0.0,0.0,1.0,22.52127056067812,2046,452
BEV2_2024-06-25_drive5.csv,1719331159000000000,1719331159000000000,1719333437000000000,12.880733026552864,12.880733026552864,12.880733026552864,0.0,0.0,0.0,12.942496144528057,1289,260
BEV2_2024-06-26_drive1.csv,1719382210000000000,1719382210000000000,1719382789000000000,2.3903904689198656,2.3903904689198656,2.3903904689198656,0.0,0.0,0.0,2.3903904689198647,401,49
BEV2_2024-06-26_drive2.csv,1719394733000000000,1719394733000000000,1719397963000000000,26.09690666682904,26.09690666682904,26.09690666682904,0.0,0.0,1.0,30.653937113835166,2083,615
BEV2_2024-06-26_drive3.csv,1719398225000000000,1719398227000000000,1719399143000000000,1.6299846155436502,1.6299846155436502,1.6299846155436502,0.0,2.0,0.0,1.6299846155436493,195,34
BEV2_2024-06-26_drive4.csv,1719407583000000000,1719407584000000000,1719409173000000000,18.312918957005387,18.312918957005387,18.312918957005387,0.0,1.0,0.0,20.815568082520567,1018,418
BEV2_2024-06-26_drive7.csv,1719426852000000000,1719426852000000000,1719430778000000000,58.79739314521323,58.79739314521323,58.79739314521323,0.0,0.0,0.0,74.09466270157566,2892,1483
BEV2_2024-06-27_drive7.csv,1719504673000000000,1719504673000000000,1719505935000000000,1.8676236419345893,1.8676236419345893,1.8676236419345893,0.0,0.0,0.0,1.8676236419345884,338,39
BEV2_2024-06-27_drive8.csv,1719511830000000000,1719511830000000000,1719514253000000000,13.770704970696746,13.770704970696748,13.770704970696748,0.0,0.0,0.0,13.896233945531831,1299,279
BEV2_2024-06-28_drive2.csv,1719568365000000000,1719568365000000000,1719572686000000000,59.81395715892722,59.81395715892722,59.81395715892722,0.0,0.0,0.0,75.20303799625933,2766,1506
BEV2_2024-06-29_drive7.csv,1719678836000000000,1719678836000000000,1719679592000000000,2.490382526856372,2.490382526856372,2.490382526856372,0.0,0.0,0.0,2.4903825268563717,319,51
BEV2_2024-06-29_drive8.csv,1719683479000000000,1719683479000000000,1719687286000000000,20.48948629924868,20.489486299248682,20.489486299248682,0.0,0.0,0.0,20.608411564643713,1671,414
BEV2_2024-06-30_drive6.csv,1719762049000000000,1719762052000000000,1719766090000000000,53.83907259877628,53.83907259877628,53.83907259877628,0.0,3.0,0.0,65.68027221666077,2911,1315
BEV2_2024-07-04_drive1.csv,1720072586000000000,1720072589000000000,1720073768000000000,2.264871651157902,2.264871651157902,2.264871651157902,0.0,3.0,0.0,2.264871651157901,354,47
BEV2_2024-07-05_drive3.csv,1720173970000000000,1720173970000000000,1720174846000000000,3.562197990926477,3.562197990926477,3.562197990926477,0.0,0.0,1.0,3.5621979909264803,511,73
BEV2_2024-07-05_drive4.csv,1720175283000000000,1720175283000000000,1720179321000000000,21.78310116556868,21.78310116556868,21.78310116556868,0.0,0.0,1.0,24.773345586023208,1629,497
BEV2_2024-07-05_drive5.csv,1720179625000000000,1720179625000000000,1720185681000000000,75.13204714862411,75.1320471486241,75.1320471486241,0.0,0.0,0.0,88.89200261997375,4326,1779
BEV2_2024-07-05_drive6.csv,1720185775000000000,1720185775000000000,1720187875000000000,6.445539199448428,6.445539199448428,6.445539199448428,0.0,0.0,1.0,6.559378297205808,742,133
BEV2_2024-07-05_drive8.csv,1720208173000000000,1720208173000000000,1720209461000000000,5.793248048147726,5.793248048147726,5.793248048147726,0.0,0.0,1.0,5.7932480481477215,661,117
BEV2_2024-07-05_drive9.csv,1720216900000000000,1720216900000000000,1720218078000000000,3.675068822021731,3.675068822021731,3.675068822021731,0.0,0.0,1.0,3.6750688220217307,435,75
BEV2_2024-07-29_drive1.csv,1722254703000000000,1722254703000000000,1722259833000000000,63.92193041933874,63.92193041933875,63.92193041933875,0.0,0.0,1.0,78.95343199523874,3631,1581
BEV2_2024-07-29_drive2.csv,1722261079000000000,1722261079000000000,1722263278000000000,8.58218898124717,8.58218898124717,8.58218898124717,0.0,0.0,0.0,8.582188981247157,1052,173
BEV2_2024-07-29_drive3.csv,1722271975000000000,1722271975000000000,1722275880000000000,53.89016653960943,53.89016653960943,53.89016653960943,0.0,0.0,0.0,67.86244718764803,2708,1359
BEV2_2024-07-29_drive4.csv,1722282983000000000,1722282983000000000,1722283542000000000,2.336241759344654,2.3362417593446545,2.3362417593446545,0.0,0.0,0.0,2.336241759344653,335,48
BEV2_2024-07-30_drive2.csv,1722359025000000000,1722359025000000000,1722361228000000000,5.883300758247566,5.883300758247566,5.883300758247566,0.0,0.0,1.0,5.883300758247567,836,119
BEV2_2024-07-30_drive3.csv,1722368329000000000,1722368329000000000,1722369366000000000,5.655760321194259,5.6557603211942595,5.6557603211942595,0.0,0.0,1.0,5.65576032119426,670,115
BEV2_2024-07-31_drive2.csv,1722427214000000000,1722427214000000000,1722427955000000000,2.748883486239498,2.7488834862394986,2.7488834862394986,0.0,0.0,0.0,2.748883486239499,402,56
BEV2_2024-07-31_drive3.csv,1722434616000000000,1722434616000000000,1722438774000000000,16.410218607737733,16.410218607737733,16.410218607737733,0.0,0.0,0.0,16.41021860773774,1678,330
BEV2_2024-07-31_drive4.csv,1722439257000000000,1722439257000000000,1722441297000000000,12.16812709652735,12.168127096527352,12.168127096527352,0.0,0.0,1.0,14.137615475427962,847,284
BEV2_2024-07-31_drive5.csv,1722441505000000000,1722441505000000000,1722442561000000000,1.6334790598044466,1.6334790598044469,1.6334790598044469,0.0,0.0,1.0,1.6334790598044466,254,34
BEV2_2024-08-01_drive1.csv,1722495039000000000,1722495039000000000,1722496234000000000,2.158314066038112,2.1583140660381117,2.1583140660381117,0.0,0.0,0.0,2.1583140660381117,312,45
BEV2_2024-08-01_drive2.csv,1722509560000000000,1722509560000000000,1722510603000000000,2.746285130261209,2.746285130261209,2.746285130261209,0.0,0.0,1.0,2.746285130261209,449,56
BEV2_2024-08-01_drive3.csv,1722526996000000000,1722526996000000000,1722528937000000000,5.713345486537786,5.713345486537787,5.713345486537787,0.0,0.0,0.0,5.713345486537786,699,116
BEV2_2024-08-01_drive4.csv,1722530284000000000,1722530284000000000,1722531466000000000,1.9271759705249176,1.9271759705249178,1.9271759705249178,0.0,0.0,1.0,1.9271759705249167,276,40
BEV2_2024-08-01_drive5.csv,1722543143000000000,1722543143000000000,1722545192000000000,6.51589940417809,6.51589940417809,6.51589940417809,0.0,0.0,0.0,6.515899404178097,657,132
BEV2_2024-08-02_drive1.csv,1722580646000000000,1722580646000000000,1722581116000000000,2.073475738870698,2.073475738870698,2.073475738870698,0.0,0.0,0.0,2.073475738870698,224,43
BEV2_2024-08-02_drive2.csv,1722583872000000000,1722583872000000000,1722584537000000000,2.671979679806542,2.671979679806542,2.671979679806542,0.0,0.0,0.0,2.6719796798065407,368,55
BEV2_2024-08-02_drive3.csv,1722585827000000000,1722585827000000000,1722586742000000000,1.17921133952197,1.1792113395219697,1.1792113395219697,0.0,0.0,1.0,1.1792113395219697,182,25
BEV2_2024-08-02_drive4.csv,1722589666000000000,1722589666000000000,1722592035000000000,5.08328717612331,5.08328717612331,5.08328717612331,0.0,0.0,0.0,5.083287176123307,653,103
BEV2_2024-08-02_drive5.csv,1722598725000000000,1722598725000000000,1722604067000000000,52.008011898537504,52.00801189853749,52.00801189853749,0.0,0.0,1.0,63.860540742404716,2925,1279
BEV2_2024-08-02_drive8.csv,1722630115000000000,1722630115000000000,1722630294000000000,0.0429072731045614,0.042907273104561446,0.042907273104561446,0.0,0.0,0.0,0.04290727310456145,70,2
BEV2_2024-08-03_drive1.csv,1722669037000000000,1722669039000000000,1722669767000000000,2.3156159712969804,2.3156159712969804,2.3156159712969804,0.0,2.0,1.0,2.3156159712969804,297,48
BEV2_2024-08-03_drive2.csv,1722670170000000000,1722670170000000000,1722671440000000000,2.328639217124379,2.328639217124379,2.328639217124379,0.0,0.0,1.0,2.3286392171243797,251,48
BEV2_2024-08-03_drive3.csv,1722678102000000000,1722678102000000000,1722680372000000000,8.005494938656284,8.005494938656284,8.005494938656284,0.0,0.0,1.0,8.005494938656287,890,162
BEV2_2024-08-03_drive4.csv,1722687766000000000,1722687766000000000,1722689720000000000,8.137769484348638,8.137769484348638,8.137769484348638,0.0,0.0,0.0,8.13776948434865,852,164
BEV2_2024-08-04_drive1.csv,1722773119000000000,1722773119000000000,1722774921000000000,3.8351192527230418,3.8351192527230413,3.8351192527230413,0.0,0.0,0.0,3.8351192527230404,388,78
BEV2_2024-08-04_drive2.csv,1722786643000000000,1722786645000000000,1722787796000000000,3.8140216540496543,3.8140216540496543,3.8140216540496543,0.0,2.0,0.0,3.8140216540496534,472,78
BEV2_2024-08-04_drive4.csv,1722793567000000000,1722793567000000000,1722794216000000000,0.9127698368045536,0.9127698368045536,0.9127698368045536,0.0,0.0,0.0,0.912769836804553,171,20
BEV2_2024-08-05_drive1.csv,1722841092000000000,1722841092000000000,1722844202000000000,60.70529935795883,60.70529935795883,60.70529935795883,0.0,0.0,0.0,79.56373333434756,2492,1593
BEV2_2024-08-05_drive2.csv,1722871298000000000,1722871298000000000,1722875537000000000,55.62059235248788,55.62059235248786,55.62059235248786,0.0,0.0,1.0,75.44356732727901,2654,1510
BEV2_2024-08-05_drive3.csv,1722880574000000000,1722880574000000000,1722882310000000000,13.492449688036972,13.492449688036972,13.492449688036972,0.0,0.0,0.0,13.614580792151518,1170,274
BEV2_2024-08-06_drive1.csv,1722926513000000000,1722926513000000000,1722927746000000000,2.1758226119723627,2.1758226119723627,2.1758226119723627,0.0,0.0,0.0,2.175822611972364,323,45
BEV2_2024-08-06_drive2.csv,1722947772000000000,1722947772000000000,1722948840000000000,2.753195465021015,2.7531954650210153,2.7531954650210153,0.0,0.0,1.0,2.753195465021015,405,57
BEV2_2024-08-06_drive3.csv,1722954252000000000,1722954252000000000,1722956442000000000,4.944603521971615,4.944603521971615,4.944603521971615,0.0,0.0,0.0,4.944603521971611,602,100
BEV2_2024-08-06_drive4.csv,1722960947000000000,1722960947000000000,1722962046000000000,4.810989779973622,4.810989779973621,4.810989779973621,0.0,0.0,0.0,4.810989779973623,567,98
BEV2_2024-08-06_drive5.csv,1722963099000000000,1722963099000000000,1722964304000000000,6.569934088893436,6.569934088893435,6.569934088893435,0.0,0.0,0.0,6.569934088893436,709,133
BEV2_2024-08-07_drive1.csv,1723010621000000000,1723010621000000000,1723013101000000000,34.82211744387949,34.8221174438795,34.8221174438795,0.0,0.0,0.0,39.43005890368554,1873,790
BEV2_2024-08-07_drive2.csv,1723014108000000000,1723014108000000000,1723015026000000000,4.316369365048928,4.316369365048928,4.316369365048928,0.0,0.0,0.0,4.316369365048928,449,88
BEV2_2024-08-07_drive3.csv,1723015268000000000,1723015268000000000,1723016948000000000,10.380091785527792,10.380091785527792,10.380091785527792,0.0,0.0,1.0,10.380091785527812,928,209
BEV2_2024-08-07_drive4.csv,1723025606000000000,1723025606000000000,1723026524000000000,3.082419045795876,3.0824190457958753,3.0824190457958753,0.0,0.0,0.0,3.0824190457958744,344,63
BEV2_2024-08-07_drive5.csv,1723027921000000000,1723027921000000000,1723029847000000000,2.529316013903192,2.529316013903192,2.529316013903192,0.0,0.0,0.0,2.529316013903192,456,52
BEV2_2024-08-07_drive6.csv,1723041581000000000,1723041581000000000,1723044230000000000,33.58538476890048,33.58538476890048,33.58538476890048,0.0,0.0,1.0,38.34817901688728,1931,768
BEV2_2024-08-07_drive7.csv,1723047694000000000,1723047695000000000,1723049406000000000,5.445771951651432,5.445771951651432,5.445771951651432,0.0,1.0,0.0,5.445771951651432,839,110
BEV2_2024-08-07_drive8.csv,1723057157000000000,1723057157000000000,1723058068000000000,3.6731631841506425,3.673163184150643,3.673163184150643,0.0,0.0,0.0,3.6731631841506465,413,75
BEV2_2024-08-07_drive9.csv,1723060923000000000,1723060923000000000,1723062200000000000,5.662599717148559,5.662599717148559,5.662599717148559,0.0,0.0,1.0,5.662599717148562,643,115
BEV2_2024-08-08_drive1.csv,1723099857000000000,1723099857000000000,1723099968000000000,0.0528221873839798,0.052822187383979896,0.052822187383979896,0.0,0.0,0.0,0.05282218738397989,42,3
BEV2_2024-08-08_drive2.csv,1723107805000000000,1723107805000000000,1723109003000000000,6.381992589057493,6.381992589057494,6.381992589057494,0.0,0.0,1.0,6.381992589057492,772,129
BEV2_2024-08-08_drive3.csv,1723137948000000000,1723137948000000000,1723139048000000000,2.5354624089351847,2.535462408935185,2.535462408935185,0.0,0.0,0.0,2.5354624089351865,389,52
BEV2_2024-08-08_drive4.csv,1723146280000000000,1723146280000000000,1723146733000000000,2.5385531047534715,2.5385531047534715,2.5385531047534715,0.0,0.0,0.0,2.5385531047534706,332,52
BEV2_2024-08-09_drive2.csv,1723211568000000000,1723211568000000000,1723212616000000000,2.824624078301115,2.824624078301115,2.824624078301115,0.0,0.0,1.0,2.8246240783011163,435,58
BEV2_2024-08-09_drive3.csv,1723213619000000000,1723213619000000000,1723215673000000000,6.1923875203899446,6.1923875203899446,6.1923875203899446,0.0,0.0,0.0,6.192387520389948,854,125
BEV2_2024-08-09_drive4.csv,1723216137000000000,1723216137000000000,1723217397000000000,4.16564178137169,4.165641781371689,4.165641781371689,0.0,0.0,0.0,4.16564178137169,586,85
BEV2_2024-08-09_drive5.csv,1723223495000000000,1723223495000000000,1723224593000000000,2.557030421153724,2.5570304211537236,2.5570304211537236,0.0,0.0,0.0,2.5570304211537223,435,53
BEV2_2024-08-09_drive6.csv,1723232581000000000,1723232581000000000,1723233499000000000,2.658923926941299,2.658923926941299,2.658923926941299,0.0,0.0,0.0,2.6589239269413003,359,55
BEV2_2024-08-09_drive7.csv,1723238238000000000,1723238238000000000,1723239455000000000,1.8708876525962623,1.8708876525962626,1.8708876525962626,0.0,0.0,0.0,1.8708876525962632,238,39
BEV2_2024-08-09_drive8.csv,1723239818000000000,1723239818000000000,1723240735000000000,1.921702815810613,1.921702815810613,1.921702815810613,0.0,0.0,1.0,1.921702815810613,266,40
BEV2_2024-08-10_drive1.csv,1723291568000000000,1723291568000000000,1723298794000000000,64.945913811871,64.945913811871,64.945913811871,0.0,0.0,1.0,75.94852759791937,4701,1520
BEV2_2024-08-10_drive2.csv,1723302994000000000,1723302994000000000,1723307075000000000,50.954021841641385,50.95402184164138,50.95402184164138,0.0,0.0,0.0,63.533337778146574,2736,1272
BEV2_2024-08-11_drive1.csv,1723360724000000000,1723360724000000000,1723362508000000000,29.9729923918906,29.972992391890593,29.972992391890593,0.0,0.0,0.0,39.00606786062518,1346,782
BEV2_2024-08-11_drive2.csv,1723368327000000000,1723368327000000000,1723370325000000000,25.712399987643742,25.71239998764375,25.71239998764375,0.0,0.0,0.0,31.88303220197308,1537,639
BEV2_2024-08-11_drive3.csv,1723373153000000000,1723373153000000000,1723375572000000000,4.358009938413873,4.358009938413873,4.358009938413873,0.0,0.0,0.0,4.358009938413874,572,89
BEV2_2024-08-11_drive4.csv,1723378422000000000,1723378422000000000,1723380050000000000,5.4161060230813245,5.4161060230813245,5.4161060230813245,0.0,0.0,0.0,5.416106023081323,569,110
BEV2_2024-08-12_drive2.csv,1723487259000000000,1723487259000000000,1723488172000000000,3.689779530300165,3.6897795303001653,3.6897795303001653,0.0,0.0,1.0,3.689779530300164,446,75
BEV2_2024-08-13_drive1.csv,1723528424000000000,1723528424000000000,1723528874000000000,2.0489930227464743,2.0489930227464743,2.0489930227464743,0.0,0.0,0.0,2.048993022746473,311,42
BEV2_2024-08-13_drive2.csv,1723541555000000000,1723541555000000000,1723542473000000000,2.730249944167637,2.730249944167637,2.730249944167637,0.0,0.0,0.0,2.730249944167636,407,56
BEV2_2024-08-13_drive3.csv,1723545372000000000,1723545372000000000,1723546530000000000,2.107684737615689,2.107684737615689,2.107684737615689,0.0,0.0,1.0,2.107684737615687,321,44
BEV2_2024-08-13_drive4.csv,1723559832000000000,1723559832000000000,1723560699000000000,2.748126308310729,2.748126308310729,2.748126308310729,0.0,0.0,0.0,2.748126308310729,455,56
BEV2_2024-08-13_drive5.csv,1723561274000000000,1723561274000000000,1723564048000000000,6.281028055889271,6.281028055889273,6.281028055889273,0.0,0.0,0.0,6.281028055889272,908,127
BEV2_2024-08-13_drive6.csv,1723565567000000000,1723565567000000000,1723566485000000000,4.62889711655918,4.62889711655918,4.62889711655918,0.0,0.0,0.0,4.628897116559181,494,94
BEV2_2024-08-13_drive7.csv,1723567422000000000,1723567422000000000,1723568358000000000,5.434028635547497,5.434028635547497,5.434028635547497,0.0,0.0,1.0,5.434028635547497,632,110
BEV2_2024-08-13_drive8.csv,1723572005000000000,1723572005000000000,1723573017000000000,5.42449596920898,5.42449596920898,5.42449596920898,0.0,0.0,0.0,5.4244959692089845,664,110
BEV2_2024-08-14_drive1.csv,1723625228000000000,1723625228000000000,1723627277000000000,10.966529715962317,10.966529715962315,10.966529715962315,0.0,0.0,1.0,12.82027382968429,761,258
BEV2_2024-08-14_drive2.csv,1723627863000000000,1723627863000000000,1723629060000000000,1.9053395190267224,1.9053395190267226,1.9053395190267226,0.0,0.0,0.0,1.9053395190267228,265,40
BEV2_2024-08-14_drive3.csv,1723630392000000000,1723630392000000000,1723632629000000000,12.010230733119997,12.010230733119997,12.010230733119997,0.0,0.0,0.0,14.051474858487534,872,283
BEV2_2024-08-14_drive5.csv,1723656159000000000,1723656159000000000,1723657535000000000,5.659151812610179,5.659151812610179,5.659151812610179,0.0,0.0,0.0,5.659151812610181,758,115
BEV2_2024-08-14_drive6.csv,1723666264000000000,1723666264000000000,1723666918000000000,1.818880728460122,1.8188807284601216,1.8188807284601216,0.0,0.0,1.0,1.8188807284601212,232,38
BEV2_2024-08-14_drive7.csv,1723667185000000000,1723667185000000000,1723667775000000000,2.490409425716986,2.490409425716986,2.490409425716986,0.0,0.0,0.0,2.4904094257169866,360,51
BEV2_2024-08-15_drive1.csv,1723707324000000000,1723707324000000000,1723708449000000000,0.146016293842419,0.1460162938424191,0.1460162938424191,0.0,0.0,0.0,0.1460162938424191,45,4
BEV2_2024-08-15_drive10.csv,1723740689000000000,1723740689000000000,1723741406000000000,7.630724084105584,7.630724084105584,7.630724084105584,0.0,0.0,1.0,7.8230877876710405,426,158
BEV2_2024-08-15_drive11.csv,1723741825000000000,1723741825000000000,1723746006000000000,45.86752893179989,45.86752893179989,45.86752893179989,0.0,0.0,0.0,49.97572954930371,2639,1001
BEV2_2024-08-15_drive2.csv,1723749027000000000,1723749027000000000,1723749678000000000,3.513943798441141,3.5139437984411415,3.5139437984411415,0.0,0.0,0.0,3.513943798441141,385,72
BEV2_2024-08-15_drive3.csv,1723760118000000000,1723760118000000000,1723761303000000000,4.211390054808039,4.211390054808039,4.211390054808039,0.0,0.0,0.0,4.211390054808034,458,86
BEV2_2024-08-15_drive4.csv,1723715857000000000,1723715857000000000,1723717875000000000,3.440752906364437,3.4407529063644375,3.4407529063644375,0.0,0.0,0.0,3.4407529063644384,471,70
BEV2_2024-08-15_drive5.csv,1723719924000000000,1723719924000000000,1723721984000000000,4.848238056533055,4.848238056533055,4.848238056533055,0.0,0.0,1.0,4.8482380565330505,559,98
BEV2_2024-08-15_drive6.csv,1723723809000000000,1723723809000000000,1723727733000000000,48.79088107774495,48.790881077744956,48.790881077744956,0.0,0.0,1.0,70.1314533129725,2510,1404
BEV2_2024-08-15_drive7.csv,1723728486000000000,1723728486000000000,1723730224000000000,7.366607407376499,7.366607407376499,7.366607407376499,0.0,0.0,1.0,7.366607407376492,690,149
BEV2_2024-08-15_drive8.csv,1723734254000000000,1723734254000000000,1723735736000000000,12.665274716061464,12.665274716061464,12.665274716061464,0.0,0.0,1.0,15.467059916749845,925,311
BEV2_2024-08-15_drive9.csv,1723735915000000000,1723735915000000000,1723739510000000000,55.5196337642422,55.5196337642422,55.5196337642422,0.0,0.0,1.0,70.75674054668161,2422,1417
BEV2_2024-08-16_drive1.csv,1723787980000000000,1723787980000000000,1723790502000000000,34.92564745446701,34.92564745446701,34.92564745446701,0.0,0.0,1.0,39.18971350196406,1847,785
BEV2_2024-08-16_drive2.csv,1723792090000000000,1723792090000000000,1723794025000000000,20.09170248502359,20.09170248502359,20.09170248502359,0.0,0.0,0.0,20.474352062503232,1250,411
BEV2_2024-08-16_drive3.csv,1723800292000000000,1723800292000000000,1723800977000000000,1.7821447536477222,1.7821447536477222,1.7821447536477222,0.0,0.0,1.0,1.782144753647723,350,37
BEV2_2024-08-16_drive4.csv,1723802193000000000,1723802193000000000,1723803232000000000,7.3983393581160115,7.3983393581160115,7.3983393581160115,0.0,0.0,1.0,8.044013639290347,577,162
BEV2_2024-08-16_drive5.csv,1723812334000000000,1723812334000000000,1723814270000000000,22.330497448488096,22.330497448488092,22.330497448488092,0.0,0.0,0.0,24.63074165393683,1407,494
BEV2_2024-08-16_drive6.csv,1723837018000000000,1723837018000000000,1723839502000000000,35.39123109737704,35.39123109737704,35.39123109737704,0.0,0.0,0.0,39.106582419561306,1922,784
BEV2_2024-08-16_drive7.csv,1723850700000000000,1723850700000000000,1723859875000000000,109.91912827124638,109.91912827124638,109.91912827124638,0.0,0.0,0.0,135.57404596597482,6065,2713
BEV2_2024-08-17_drive1.csv,1723891089000000000,1723891089000000000,1723891448000000000,0.0873792282600241,0.08737922826002417,0.08737922826002417,0.0,0.0,0.0,0.08737922826002417,33,3
BEV2_2024-08-17_drive2.csv,1723895642000000000,1723895642000000000,1723898194000000000,3.7281066314184512,3.7281066314184512,3.7281066314184512,0.0,0.0,0.0,3.72810663141845,467,76
BEV2_2024-08-17_drive4.csv,1723911317000000000,1723911317000000000,1723912434000000000,2.0081605951041133,2.008160595104113,2.008160595104113,0.0,0.0,1.0,2.0081605951041137,331,42
BEV2_2024-08-17_drive5.csv,1723914007000000000,1723914007000000000,1723915032000000000,3.662241743293646,3.6622417432936474,3.6622417432936474,0.0,0.0,0.0,3.6622417432936465,502,75
BEV2_2024-08-17_drive6.csv,1723917894000000000,1723917894000000000,1723919257000000000,6.914188445506328,6.914188445506328,6.914188445506328,0.0,0.0,0.0,6.914188445506327,823,140
BEV2_2024-08-17_drive7.csv,1723938874000000000,1723938874000000000,1723939520000000000,2.633986158720068,2.633986158720068,2.633986158720068,0.0,0.0,1.0,2.6339861587200684,300,54
BEV2_2024-08-18_drive1.csv,1723966202000000000,1723966202000000000,1723967415000000000,5.197558455405632,5.197558455405632,5.197558455405632,0.0,0.0,0.0,5.197558455405638,630,105
BEV2_2024-08-18_drive2.csv,1723978365000000000,1723978365000000000,1723980351000000000,7.958084254364477,7.958084254364479,7.958084254364479,0.0,0.0,0.0,7.958084254364476,931,161
BEV2_2024-08-18_drive3.csv,1723983209000000000,1723983209000000000,1723984315000000000,2.092674780473174,2.092674780473174,2.092674780473174,0.0,0.0,1.0,2.092674780473174,308,43
BEV2_2024-08-18_drive4.csv,1723986484000000000,1723986484000000000,1723990626000000000,50.36701734048691,50.367017340486896,50.367017340486896,0.0,0.0,1.0,61.89049620116987,2679,1239
BEV2_2024-08-18_drive5.csv,1723993611000000000,1723993611000000000,1723997012000000000,45.10218573231303,45.10218573231303,45.10218573231303,0.0,0.0,1.0,63.99697353417056,2399,1281
BEV2_2024-08-18_drive6.csv,1723998386000000000,1723998386000000000,1723999400000000000,4.419912915982604,4.419912915982604,4.419912915982604,0.0,0.0,1.0,4.419912915982603,645,90
BEV2_2024-08-18_drive7.csv,1724004212000000000,1724004212000000000,1724005153000000000,3.5431220899966203,3.5431220899966194,3.5431220899966194,0.0,0.0,0.0,3.5431220899966185,462,72
BEV2_2024-08-18_drive8.csv,1724023977000000000,1724023977000000000,1724024623000000000,3.256415088750246,3.256415088750246,3.256415088750246,0.0,0.0,0.0,3.2564150887502454,406,67
BEV2_2024-08-19_drive1.csv,1724058179000000000,1724058179000000000,1724059206000000000,1.9490865814960256,1.9490865814960254,1.9490865814960254,0.0,0.0,0.0,1.9490865814960245,252,40
BEV2_2024-08-19_drive2.csv,1724059464000000000,1724059465000000000,1724061172000000000,7.048786401718493,7.048786401718493,7.048786401718493,0.0,1.0,1.0,7.048786401718491,810,142
BEV2_2024-08-19_drive4.csv,1724079420000000000,1724079420000000000,1724081795000000000,27.531876228156367,27.53187622815636,27.53187622815636,0.0,0.0,1.0,31.453612932754385,1523,631
BEV2_2024-08-19_drive5.csv,1724084401000000000,1724084401000000000,1724085561000000000,4.600782722569065,4.600782722569065,4.600782722569065,0.0,0.0,0.0,4.600782722569066,624,94
BEV2_2024-08-19_drive6.csv,1724088805000000000,1724088805000000000,1724090083000000000,8.651994307764124,8.651994307764124,8.651994307764124,0.0,0.0,0.0,8.707986190785823,893,176
BEV2_2024-08-19_drive7.csv,1724092588000000000,1724092588000000000,1724093265000000000,4.232725050914092,4.232725050914092,4.232725050914092,0.0,0.0,0.0,4.232725050914092,389,86
BEV2_2024-08-19_drive8.csv,1724103979000000000,1724103979000000000,1724104683000000000,2.6769374284694782,2.6769374284694782,2.6769374284694782,0.0,0.0,1.0,2.6769374284694765,339,55
BEV2_2024-08-20_drive1.csv,1724133553000000000,1724133553000000000,1724134201000000000,2.1204255399871506,2.120425539987151,2.120425539987151,0.0,0.0,0.0,2.1204255399871506,273,44
BEV2_2024-08-20_drive3.csv,1724150100000000000,1724150100000000000,1724151166000000000,3.735424347865321,3.7354243478653206,3.7354243478653206,0.0,0.0,1.0,3.7354243478653197,514,76
BEV2_2024-08-20_drive4.csv,1724168785000000000,1724168786000000000,1724169557000000000,2.7858291330722342,2.7858291330722342,2.785829133072234,0.0,1.0,0.0,2.7858291330722342,451,57
BEV2_2024-08-20_drive5.csv,1724171743000000000,1724171743000000000,1724172809000000000,5.436534765981667,5.436534765981668,5.436534765981668,0.0,0.0,0.0,5.436534765981669,656,110
BEV2_2024-08-20_drive6.csv,1724185606000000000,1724185606000000000,1724187115000000000,4.153490752178934,4.153490752178934,4.153490752178934,0.0,0.0,1.0,4.1534907521789375,498,85
BEV2_2024-08-21_drive1.csv,1724219151000000000,1724219151000000000,1724219824000000000,2.017324158137336,2.017324158137336,2.017324158137336,0.0,0.0,0.0,2.0173241581373365,264,42
BEV2_2024-08-21_drive2.csv,1724220538000000000,1724220538000000000,1724231858000000000,128.0059394123156,128.0059394123156,128.0059394123156,0.0,0.0,0.0,150.5864488321526,7850,3013
BEV2_2024-08-22_drive1.csv,1724327113000000000,1724327113000000000,1724333416000000000,103.60682686827153,103.60682686827151,103.60682686827151,0.0,0.0,0.0,129.51593783460072,4441,2592
BEV2_2024-08-22_drive2.csv,1724334764000000000,1724334764000000000,1724336021000000000,4.210517521599348,4.210517521599347,4.210517521599347,0.0,0.0,1.0,4.2105175215993516,589,86
BEV2_2024-08-22_drive3.csv,1724338223000000000,1724338223000000000,1724338862000000000,2.7471198470399387,2.7471198470399387,2.7471198470399387,0.0,0.0,0.0,2.7471198470399396,324,56
BEV2_2024-08-22_drive4.csv,1724342547000000000,1724342547000000000,1724343718000000000,5.510132939850092,5.510132939850092,5.510132939850092,0.0,0.0,0.0,5.510132939850079,660,112
BEV2_2024-08-22_drive5.csv,1724349646000000000,1724349646000000000,1724350721000000000,5.830529076459103,5.8305290764591025,5.8305290764591025,0.0,0.0,0.0,5.830529076459101,701,118
BEV2_2024-08-22_drive6.csv,1724353683000000000,1724353683000000000,1724355166000000000,4.771867284251945,4.771867284251945,4.771867284251945,0.0,0.0,0.0,4.771867284251945,462,97
BEV2_2024-08-23_drive1.csv,1724394270000000000,1724394270000000000,1724396387000000000,8.385214208509987,8.385214208509987,8.385214208509987,0.0,0.0,0.0,8.38521420851,1012,169
BEV2_2024-08-23_drive4.csv,1724420115000000000,1724420115000000000,1724421828000000000,5.091020348145886,5.091020348145887,5.091020348145887,0.0,0.0,1.0,5.091020348145884,672,103
BEV2_2024-08-23_drive5.csv,1724423865000000000,1724423865000000000,1724425127000000000,4.671652275137646,4.671652275137646,4.671652275137646,0.0,0.0,0.0,4.737572378078433,632,96
BEV2_2024-08-23_drive6.csv,1724431207000000000,1724431207000000000,1724432905000000000,9.983961337140675,9.983961337140677,9.983961337140677,0.0,0.0,1.0,9.983961337140677,1125,201
BEV2_2024-08-23_drive7.csv,1724436070000000000,1724436070000000000,1724437096000000000,5.5810777462245165,5.5810777462245165,5.5810777462245165,0.0,0.0,0.0,5.581077746224513,546,113
BEV2_2024-08-23_drive8.csv,1724443179000000000,1724443179000000000,1724444210000000000,6.337543305835222,6.337543305835222,6.337543305835222,0.0,0.0,1.0,6.337543305835227,700,128
BEV2_2024-08-24_drive1.csv,1724491587000000000,1724491587000000000,1724494051000000000,25.335014818586604,25.3350148185866,25.3350148185866,0.0,0.0,0.0,25.397256812509895,1579,509
BEV2_2024-08-24_drive2.csv,1724510615000000000,1724510615000000000,1724515114000000000,25.440363825702143,25.44036382570215,25.44036382570215,0.0,0.0,0.0,25.956934673176423,1698,521
BEV2_2024-08-24_drive3.csv,1724516907000000000,1724516907000000000,1724517941000000000,4.628371522455479,4.628371522455479,4.628371522455479,0.0,0.0,1.0,4.628371522455479,477,94
BEV2_2024-08-24_drive4.csv,1724529557000000000,1724529557000000000,1724530252000000000,1.6175758503822162,1.617575850382216,1.617575850382216,0.0,0.0,0.0,1.6175758503822166,266,34
BEV2_2024-08-25_drive1.csv,1724573980000000000,1724573980000000000,1724574835000000000,3.287715534025825,3.287715534025825,3.287715534025825,0.0,0.0,0.0,3.287715534025825,504,67
BEV2_2024-08-25_drive2.csv,1724576480000000000,1724576480000000000,1724577582000000000,1.330574968186725,1.330574968186725,1.330574968186725,0.0,0.0,0.0,1.3305749681867245,236,28
BEV2_2024-08-25_drive3.csv,1724587193000000000,1724587193000000000,1724588640000000000,15.604068320397053,15.604068320397053,15.604068320397053,0.0,0.0,0.0,19.382773244531084,842,389
BEV2_2024-08-25_drive4.csv,1724591350000000000,1724591351000000000,1724594411000000000,38.27179352629288,38.27179352629288,38.27179352629288,0.0,1.0,1.0,46.36059731773143,2126,929
BEV2_2024-08-25_drive5.csv,1724598829000000000,1724598829000000000,1724602633000000000,50.66889754675159,50.66889754675158,50.66889754675158,0.0,0.0,0.0,65.2962774533699,2450,1307
BEV2_2024-08-25_drive6.csv,1724623139000000000,1724623139000000000,1724624244000000000,3.6662761779757744,3.6662761779757744,3.6662761779757744,0.0,0.0,1.0,3.6662761779757758,351,75
BEV2_2024-08-26_drive2.csv,1724693327000000000,1724693327000000000,1724697466000000000,14.99851583680408,14.998515836804081,14.998515836804081,0.0,0.0,0.0,14.99851583680408,1927,301
BEV2_2024-08-26_drive3.csv,1724704236000000000,1724704236000000000,1724705231000000000,5.911708195502091,5.911708195502091,5.911708195502091,0.0,0.0,0.0,5.911708195502093,665,120
BEV2_2024-08-27_drive2.csv,1724753161000000000,1724753161000000000,1724753872000000000,2.904316981406032,2.9043169814060317,2.9043169814060317,0.0,0.0,1.0,2.904316981406032,450,60
BEV2_2024-08-28_drive2.csv,1724858021000000000,1724858021000000000,1724862221000000000,55.87027623739696,55.87027623739694,55.87027623739694,0.0,0.0,0.0,66.69507422448622,2665,1335
BEV2_2024-08-28_drive3.csv,1724862633000000000,1724862633000000000,1724863898000000000,15.736637531778248,15.736637531778246,15.736637531778246,0.0,0.0,1.0,19.318695135668698,786,388
BEV2_2024-08-28_drive4.csv,1724873314000000000,1724873314000000000,1724874232000000000,0.0626649541678399,0.06266495416784004,0.06266495416784004,0.0,0.0,0.0,0.06266495416784003,32,3
BEV2_2024-08-29_drive1.csv,1724911280000000000,1724911280000000000,1724914435000000000,31.183083911634824,31.18308391163482,31.18308391163482,0.0,0.0,1.0,39.47751501865289,1701,791
BEV2_2024-08-29_drive2.csv,1724914687000000000,1724914687000000000,1724915605000000000,0.7566918388601752,0.7566918388601752,0.7566918388601752,0.0,0.0,0.0,0.7566918388601753,150,17
BEV2_2024-08-29_drive3.csv,1724916338000000000,1724916338000000000,1724919334000000000,36.931865587070185,36.931865587070185,36.931865587070185,0.0,0.0,1.0,40.73738864276106,2191,816
BEV2_2024-08-29_drive4.csv,1724925499000000000,1724925499000000000,1724926509000000000,2.7857430512910826,2.7857430512910826,2.7857430512910826,0.0,0.0,1.0,2.7857430512910817,466,57
BEV2_2024-08-29_drive5.csv,1724928192000000000,1724928192000000000,1724929359000000000,2.0562398170148684,2.0562398170148684,2.0562398170148684,0.0,0.0,0.0,2.05623981701487,280,43
BEV2_2024-08-29_drive6.csv,1724953196000000000,1724953196000000000,1724953953000000000,2.8210923743916703,2.8210923743916707,2.8210923743916707,0.0,0.0,0.0,2.8210923743916716,399,58
BEV2_2024-08-29_drive7.csv,1724954522000000000,1724954522000000000,1724955693000000000,2.4522381950760748,2.4522381950760748,2.4522381950760748,0.0,0.0,1.0,2.452238195076074,373,51
BEV2_2024-08-29_drive8.csv,1724961957000000000,1724961957000000000,1724963119000000000,2.462081476704358,2.462081476704359,2.462081476704359,0.0,0.0,1.0,2.4620814767043573,340,51
BEV2_2024-08-30_drive1.csv,1725003119000000000,1725003119000000000,1725004154000000000,4.956094859441992,4.956094859441991,4.956094859441991,0.0,0.0,1.0,4.956094859441997,529,101
BEV2_2024-08-30_drive2.csv,1725007473000000000,1725007473000000000,1725009581000000000,2.973632232276388,2.973632232276388,2.973632232276388,0.0,0.0,0.0,2.9736322322763877,503,61
BEV2_2024-08-30_drive3.csv,1725009961000000000,1725009961000000000,1725010906000000000,3.321799327598787,3.321799327598787,3.321799327598787,0.0,0.0,0.0,3.3217993275987867,529,68
BEV2_2024-08-30_drive4.csv,1725015263000000000,1725015263000000000,1725015742000000000,2.062960867713877,2.062960867713877,2.062960867713877,0.0,0.0,0.0,2.0629608677138784,322,43
BEV2_2024-08-30_drive5.csv,1725032290000000000,1725032290000000000,1725037679000000000,19.49764330502087,19.49764330502087,19.49764330502087,0.0,0.0,0.0,19.633285542529002,2224,394
BEV2_2024-08-30_drive6.csv,1725054216000000000,1725054216000000000,1725057227000000000,16.313354860524434,16.313354860524434,16.313354860524434,0.0,0.0,0.0,16.373737088760084,1414,329
BEV2_2024-08-31_drive1.csv,1725090590000000000,1725090590000000000,1725095694000000000,70.83323810339652,70.83323810339651,70.83323810339651,0.0,0.0,1.0,81.45811073930714,3900,1631
BEV2_2024-08-31_drive2.csv,1725096435000000000,1725096435000000000,1725104279000000000,105.3447433086429,105.34474330864289,105.34474330864289,0.0,0.0,0.0,125.70362786014567,5722,2516
BEV2_2024-08-31_drive4.csv,1725135096000000000,1725135097000000000,1725136719000000000,22.10730967198865,22.10730967198865,22.10730967198865,0.0,1.0,0.0,22.9091322661919,1299,460
BEV2_2024-09-01_drive1.csv,1725178433000000000,1725178433000000000,1725179153000000000,3.46526697293599,3.46526697293599,3.46526697293599,0.0,0.0,0.0,3.46526697293599,493,71
BEV2_2024-09-01_drive3.csv,1725194789000000000,1725194789000000000,1725199776000000000,51.74102850975079,51.741028509750784,51.741028509750784,0.0,0.0,1.0,64.28132692732635,2726,1287
BEV2_2024-09-01_drive4.csv,1725204228000000000,1725204229000000000,1725205273000000000,3.913386834514785,3.9133868345147853,3.9133868345147853,0.0,1.0,0.0,3.9133868345147835,614,80
BEV2_2024-09-01_drive5.csv,1725213016000000000,1725213016000000000,1725216058000000000,48.73510263107917,48.73510263107917,48.73510263107917,0.0,0.0,0.0,63.410579137721065,2352,1270
BEV2_2024-09-02_drive1.csv,1725275842000000000,1725275842000000000,1725278088000000000,11.761410386632814,11.761410386632814,11.761410386632814,0.0,0.0,0.0,11.761410386632784,1219,237
BEV2_2024-09-02_drive2.csv,1725282409000000000,1725282409000000000,1725284852000000000,22.85502400201686,22.85502400201686,22.85502400201686,0.0,0.0,0.0,26.525507165952344,1124,532
BEV2_2024-09-02_drive3.csv,1725286675000000000,1725286675000000000,1725288308000000000,21.2360679912924,21.236067991292405,21.236067991292405,0.0,0.0,1.0,25.740424333503256,1085,516
BEV2_2024-09-03_drive1.csv,1725343866000000000,1725343866000000000,1725344874000000000,4.312121557398728,4.3121215573987275,4.3121215573987275,0.0,0.0,1.0,4.312121557398729,720,88
BEV2_2024-09-03_drive2.csv,1725355855000000000,1725355855000000000,1725356650000000000,2.779865332384625,2.7798653323846256,2.7798653323846256,0.0,0.0,0.0,2.7798653323846207,416,57
BEV2_2024-09-03_drive3.csv,1725358702000000000,1725358702000000000,1725359727000000000,4.938092148394224,4.938092148394224,4.938092148394224,0.0,0.0,0.0,4.938092148394222,619,100
BEV2_2024-09-03_drive4.csv,1725369668000000000,1725369668000000000,1725370600000000000,1.316517405955685,1.316517405955685,1.316517405955685,0.0,0.0,1.0,1.3165174059556846,269,28
BEV2_2024-09-03_drive5.csv,1725374527000000000,1725374527000000000,1725376165000000000,5.585550830996008,5.5855508309960085,5.5855508309960085,0.0,0.0,1.0,5.585550830996004,825,113
BEV2_2024-09-03_drive6.csv,1725379360000000000,1725379360000000000,1725380542000000000,2.5158157506454373,2.5158157506454373,2.5158157506454373,0.0,0.0,1.0,2.515815750645436,330,52
BEV2_2024-09-04_drive1.csv,1725430177000000000,1725430177000000000,1725431624000000000,4.781324905692864,4.781324905692864,4.781324905692864,0.0,0.0,0.0,4.7813249056928635,767,97
BEV2_2024-09-04_drive2.csv,1725445473000000000,1725445473000000000,1725446550000000000,2.7720648953736955,2.7720648953736955,2.7720648953736955,0.0,0.0,0.0,2.772064895373697,515,57
BEV2_2024-09-04_drive3.csv,1725449662000000000,1725449662000000000,1725451431000000000,3.080126636077028,3.080126636077028,3.080126636077028,0.0,0.0,1.0,3.0801266360770247,461,63
BEV2_2024-09-04_drive4.csv,1725455452000000000,1725455452000000000,1725456122000000000,0.6860742916289149,0.6860742916289149,0.6860742916289149,0.0,0.0,0.0,0.6860742916289141,146,15
BEV2_2024-09-04_drive5.csv,1725458418000000000,1725458418000000000,1725461522000000000,23.691543207504484,23.691543207504488,23.691543207504488,0.0,0.0,1.0,27.527915475793435,1732,552
BEV2_2024-09-06_drive1.csv,1725610755000000000,1725610755000000000,1725612942000000000,22.359184182908457,22.359184182908457,22.359184182908457,0.0,0.0,0.0,27.25146614529587,1169,547
BEV2_2024-09-06_drive2.csv,1725618659000000000,1725618659000000000,1725619814000000000,3.146530197583041,3.146530197583041,3.146530197583041,0.0,0.0,0.0,3.1465301975830413,427,64
BEV2_2024-09-06_drive3.csv,1725641718000000000,1725641718000000000,1725642463000000000,2.7366750934204607,2.7366750934204607,2.7366750934204607,0.0,0.0,0.0,2.7366750934204576,436,56
BEV2_2024-09-07_drive1.csv,1725702029000000000,1725702029000000000,1725702946000000000,3.308270207464338,3.3082702074643384,3.3082702074643384,0.0,0.0,1.0,3.308270207464339,442,68
BEV2_2024-09-07_drive2.csv,1725703163000000000,1725703163000000000,1725704110000000000,3.096248289034341,3.0962482890343415,3.0962482890343415,0.0,0.0,1.0,3.096248289034341,464,63
BEV2_2024-09-07_drive3.csv,1725711685000000000,1725711685000000000,1725716473000000000,39.78404751917566,39.78404751917566,39.78404751917566,0.0,0.0,1.0,56.73159531290935,2341,1136
BEV2_2024-09-07_drive4.csv,1725717267000000000,1725717267000000000,1725718877000000000,7.527474065854566,7.527474065854566,7.527474065854566,0.0,0.0,0.0,7.527474065854568,880,152
BEV2_2024-09-07_drive5.csv,1725719511000000000,1725719511000000000,1725721666000000000,5.421654797421056,5.421654797421056,5.421654797421056,0.0,0.0,1.0,5.421654797421058,650,110
BEV2_2024-09-07_drive6.csv,1725725253000000000,1725725253000000000,1725726434000000000,2.507339901211361,2.5073399012113615,2.5073399012113615,0.0,0.0,0.0,2.5073399012113593,330,52
BEV2_2024-09-08_drive2.csv,1725789910000000000,1725789910000000000,1725791713000000000,15.656277551803392,15.656277551803393,15.656277551803393,0.0,0.0,0.0,16.221854630095606,976,326
BEV2_2024-09-08_drive3.csv,1725794062000000000,1725794062000000000,1725795839000000000,19.430116036755717,19.430116036755706,19.430116036755706,0.0,0.0,0.0,23.587073475838174,1221,473
BEV2_2024-09-08_drive4.csv,1725798661000000000,1725798661000000000,1725802266000000000,57.33296587233503,57.33296587233504,57.33296587233504,0.0,0.0,0.0,69.95945975630899,2710,1401
BEV2_2024-09-08_drive5.csv,1725803093000000000,1725803093000000000,1725804876000000000,6.948993138315811,6.94899313831581,6.94899313831581,0.0,0.0,0.0,6.948993138315805,756,140
BEV2_2024-09-09_drive1.csv,1725861984000000000,1725861984000000000,1725863039000000000,3.917111095737492,3.917111095737492,3.917111095737492,0.0,0.0,0.0,3.9171110957374924,575,80
BEV2_2024-09-09_drive2.csv,1725896167000000000,1725896167000000000,1725897091000000000,2.829567739485692,2.829567739485692,2.829567739485692,0.0,0.0,0.0,2.8295677394856913,533,58
BEV2_2024-09-09_drive3.csv,1725899490000000000,1725899490000000000,1725903604000000000,8.787435021263338,8.787435021263338,8.787435021263338,0.0,0.0,1.0,8.78743502126335,1101,177
BEV2_2024-09-10_drive1.csv,1725937583000000000,1725937583000000000,1725939115000000000,10.219449935071491,10.219449935071491,10.219449935071491,0.0,0.0,0.0,10.276282636417335,941,207
BEV2_2024-09-10_drive2.csv,1725953224000000000,1725953224000000000,1725954435000000000,2.1146096594955783,2.1146096594955783,2.1146096594955783,0.0,0.0,0.0,2.1146096594955806,298,44
BEV2_2024-09-10_drive3.csv,1725971948000000000,1725971948000000000,1725976202000000000,56.59453225198857,56.59453225198857,56.59453225198857,0.0,0.0,1.0,69.39902384721002,3334,1389
BEV2_2024-09-10_drive5.csv,1725991714000000000,1725991714000000000,1725995623000000000,73.58431740934665,73.58431740934665,73.58431740934665,0.0,0.0,0.0,91.98047723095938,3172,1841
BEV2_2024-09-10_drive6.csv,1725997786000000000,1725997786000000000,1725999283000000000,5.361317941629369,5.361317941629369,5.361317941629369,0.0,0.0,0.0,5.361317941629371,595,109
BEV2_2024-09-11_drive1.csv,1726038856000000000,1726038857000000000,1726041060000000000,18.698205677117823,18.698205677117823,18.698205677117823,0.0,1.0,0.0,23.105368647560102,972,464
BEV2_2024-09-11_drive2.csv,1726051603000000000,1726051603000000000,1726054998000000000,52.29337211967324,52.293372119673236,52.293372119673236,0.0,0.0,0.0,59.34011123213105,2720,1188
BEV2_2024-09-11_drive3.csv,1726066344000000000,1726066344000000000,1726071013000000000,59.67826283635112,59.67826283635112,59.67826283635112,0.0,0.0,0.0,76.11921689847216,3010,1524
BEV2_2024-09-12_drive1.csv,1726135832000000000,1726135832000000000,1726136865000000000,5.640747444549909,5.64074744454991,5.64074744454991,0.0,0.0,0.0,5.640747444549907,605,114
BEV2_2024-09-12_drive2.csv,1726137035000000000,1726137035000000000,1726137205000000000,0.8674934841008484,0.8674934841008483,0.8674934841008483,0.0,0.0,1.0,0.8674934841008484,94,19
BEV2_2024-09-12_drive3.csv,1726137344000000000,1726137344000000000,1726137759000000000,1.5514056413339914,1.5514056413339914,1.5514056413339914,0.0,0.0,0.0,1.5514056413339914,199,33
BEV2_2024-09-12_drive4.csv,1726138299000000000,1726138299000000000,1726138581000000000,1.6694730372865192,1.6694730372865192,1.6694730372865192,0.0,0.0,0.0,1.6694730372865187,186,35
BEV2_2024-09-12_drive5.csv,1726138657000000000,1726138657000000000,1726138729000000000,0.0594384410490603,0.05943844104906039,0.05943844104906039,0.0,0.0,1.0,0.0594384410490604,54,3
BEV2_2024-09-12_drive6.csv,1726146745000000000,1726146745000000000,1726147513000000000,5.4819041225996985,5.481904122599699,5.481904122599699,0.0,0.0,1.0,5.481904122599696,446,111
BEV2_2024-09-12_drive8.csv,1726156063000000000,1726156063000000000,1726156762000000000,1.8390413709373143,1.8390413709373143,1.8390413709373143,0.0,0.0,1.0,1.839041370937316,307,38
BEV2_2024-09-13_drive1.csv,1726207341000000000,1726207341000000000,1726207817000000000,2.1662699541085297,2.1662699541085297,2.1662699541085297,0.0,0.0,1.0,2.16626995410853,279,45
BEV2_2024-09-13_drive2.csv,1726219725000000000,1726219725000000000,1726220529000000000,2.7152223360976944,2.7152223360976944,2.7152223360976944,0.0,0.0,1.0,2.7152223360976935,435,56
BEV2_2024-09-13_drive3.csv,1726220609000000000,1726220609000000000,1726221029000000000,2.1308312311483166,2.130831231148316,2.130831231148316,0.0,0.0,1.0,2.130831231148316,293,44
BEV2_2024-09-13_drive4.csv,1726239323000000000,1726239323000000000,1726241099000000000,8.082314082653449,8.082314082653449,8.082314082653449,0.0,0.0,0.0,8.082314082653436,1074,163
BEV2_2024-09-13_drive5.csv,1726243374000000000,1726243374000000000,1726244427000000000,5.191683110668419,5.191683110668419,5.191683110668419,0.0,0.0,0.0,5.19168311066842,645,105
BEV2_2024-09-13_drive6.csv,1726252223000000000,1726252223000000000,1726252255000000000,0.0764064406826482,0.07640644068264829,0.07640644068264829,0.0,0.0,0.0,0.07640644068264829,21,3
BEV2_2024-09-13_drive7.csv,1726259395000000000,1726259395000000000,1726261171000000000,6.445594168534267,6.445594168534268,6.445594168534268,0.0,0.0,0.0,6.445594168534267,763,130
BEV2_2024-09-13_drive8.csv,1726267017000000000,1726267017000000000,1726269788000000000,8.638150173305455,8.638150173305455,8.638150173305455,0.0,0.0,0.0,8.63815017330546,918,174
BEV2_2024-09-14_drive1.csv,1726295937000000000,1726295937000000000,1726296345000000000,3.4356904518282843,3.4356904518282843,3.4356904518282843,0.0,0.0,1.0,3.4356904518282856,336,70
BEV2_2024-09-14_drive2.csv,1726300515000000000,1726300515000000000,1726301417000000000,4.238034557452519,4.238034557452519,4.238034557452519,0.0,0.0,0.0,4.23803455745252,557,86
BEV2_2024-09-14_drive3.csv,1726303913000000000,1726303913000000000,1726307454000000000,47.33274904034269,47.332749040342684,47.332749040342684,0.0,0.0,0.0,57.111838559003026,2558,1144
BEV2_2024-09-14_drive5.csv,1726319069000000000,1726319069000000000,1726320509000000000,7.85301403117904,7.85301403117904,7.85301403117904,0.0,0.0,0.0,7.984779699008267,758,161
BEV2_2024-09-14_drive7.csv,1726326243000000000,1726326243000000000,1726327173000000000,4.628607671605001,4.628607671605001,4.628607671605001,0.0,0.0,0.0,4.6286076716049935,542,94
BEV2_2024-09-14_drive8.csv,1726331743000000000,1726331743000000000,1726333567000000000,23.869862650449388,23.869862650449388,23.869862650449388,0.0,0.0,1.0,29.432237232791916,1397,590
BEV2_2024-09-14_drive9.csv,1726338679000000000,1726338679000000000,1726340612000000000,24.23051389027819,24.23051389027819,24.23051389027819,0.0,0.0,0.0,30.28698842050197,1476,607
BEV2_2024-09-15_drive1.csv,1726389242000000000,1726389242000000000,1726389892000000000,2.7063630627032422,2.7063630627032422,2.7063630627032422,0.0,0.0,0.0,2.706363062703246,442,56
BEV2_2024-09-15_drive2.csv,1726392090000000000,1726392090000000000,1726392428000000000,1.364641876205759,1.3646418762057588,1.3646418762057588,0.0,0.0,0.0,1.3646418762057595,246,29
BEV2_2024-09-15_drive3.csv,1726404067000000000,1726404067000000000,1726407819000000000,50.44110260128721,50.44110260128721,50.44110260128721,0.0,0.0,1.0,63.877776014203384,2643,1279
BEV2_2024-09-15_drive4.csv,1726412508000000000,1726412508000000000,1726413612000000000,7.414081456819737,7.414081456819737,7.414081456819737,0.0,0.0,0.0,7.54295668744309,716,152
BEV2_2024-09-15_drive5.csv,1726415028000000000,1726415028000000000,1726419125000000000,56.66813724702638,56.66813724702638,56.66813724702638,0.0,0.0,0.0,71.40171069827556,3122,1430
BEV2_2024-09-15_drive6.csv,1726433241000000000,1726433241000000000,1726433710000000000,2.6450685140514465,2.645068514051447,2.645068514051447,0.0,0.0,1.0,2.6450685140514487,295,54
BEV2_2024-09-15_drive7.csv,1726433898000000000,1726433898000000000,1726434534000000000,1.055454696251924,1.0554546962519242,1.0554546962519242,0.0,0.0,0.0,1.0554546962519233,142,23
BEV2_2024-09-15_drive8.csv,1726434967000000000,1726434967000000000,1726435349000000000,2.7173836296089178,2.7173836296089178,2.7173836296089178,0.0,0.0,1.0,2.717383629608917,321,56
BEV2_2024-09-16_drive2.csv,1726480391000000000,1726480391000000000,1726480466000000000,0.0396406696942112,0.0396406696942113,0.0396406696942113,0.0,0.0,0.0,0.0396406696942113,35,2
BEV2_2024-09-16_drive3.csv,1726486642000000000,1726486642000000000,1726487433000000000,3.762720866178114,3.762720866178114,3.762720866178114,0.0,0.0,1.0,3.762720866178113,558,77
BEV2_2024-09-16_drive4.csv,1726491363000000000,1726491363000000000,1726491868000000000,2.3817991697080423,2.381799169708042,2.381799169708042,0.0,0.0,1.0,2.3817991697080414,355,49
BEV2_2024-09-16_drive5.csv,1726493453000000000,1726493453000000000,1726493911000000000,2.0908207909586003,2.0908207909586003,2.0908207909586003,0.0,0.0,1.0,2.0908207909586007,295,43
BEV2_2024-09-16_drive6.csv,1726501296000000000,1726501296000000000,1726503013000000000,4.605385755848967,4.605385755848967,4.605385755848967,0.0,0.0,0.0,4.6053857558489675,821,94
BEV2_2024-09-17_drive1.csv,1726568238000000000,1726568238000000000,1726574032000000000,99.33884016464066,99.33884016464066,99.33884016464066,0.0,0.0,0.0,124.39394305329371,4535,2489
BEV2_2024-09-17_drive2.csv,1726588593000000000,1726588593000000000,1726594512000000000,103.1533616956742,103.15336169567419,103.15336169567419,0.0,0.0,1.0,128.0050419726989,4795,2562
BEV2_2024-09-17_drive3.csv,1726596876000000000,1726596876000000000,1726598883000000000,4.992161899656711,4.992161899656711,4.992161899656711,0.0,0.0,0.0,4.992161899656709,759,101
BEV2_2024-09-18_drive1.csv,1726638664000000000,1726638664000000000,1726639248000000000,2.1980076393414163,2.1980076393414163,2.1980076393414163,0.0,0.0,0.0,2.198007639341418,370,45
BEV2_2024-09-18_drive2.csv,1726654770000000000,1726654770000000000,1726655554000000000,2.800838523252919,2.800838523252919,2.800838523252919,0.0,0.0,0.0,2.800838523252922,512,58
BEV2_2024-09-18_drive3.csv,1726666448000000000,1726666448000000000,1726668956000000000,21.417588971862983,21.417588971862983,21.417588971862983,0.0,0.0,1.0,24.987260814918756,1559,501
BEV2_2024-09-18_drive4.csv,1726670165000000000,1726670165000000000,1726671251000000000,2.741453110413772,2.7414531104137714,2.7414531104137714,0.0,0.0,0.0,2.741453110413772,462,56
BEV2_2024-09-18_drive5.csv,1726675733000000000,1726675733000000000,1726676182000000000,1.1458986803329017,1.1458986803329017,1.1458986803329017,0.0,0.0,0.0,1.1458986803329012,254,24
BEV2_2024-09-19_drive1.csv,1726725050000000000,1726725050000000000,1726728301000000000,61.44865088518458,61.44865088518459,61.44865088518459,0.0,0.0,0.0,79.55225702479356,2597,1593
BEV2_2024-09-19_drive2.csv,1726760924000000000,1726760924000000000,1726765613000000000,51.08663114802222,51.086631148022214,51.086631148022214,0.0,0.0,0.0,71.5006234750007,2563,1432
BEV2_2024-09-20_drive1.csv,1726810236000000000,1726810236000000000,1726810715000000000,2.475367422361961,2.475367422361961,2.475367422361961,0.0,0.0,0.0,2.4753674223619617,296,51
BEV2_2024-09-20_drive2.csv,1726847946000000000,1726847946000000000,1726850419000000000,9.92743258753529,9.92743258753529,9.92743258753529,0.0,0.0,1.0,9.927432587535305,1339,200
BEV2_2024-09-20_drive3.csv,1726852365000000000,1726852365000000000,1726854191000000000,7.76333120171213,7.763331201712131,7.763331201712131,0.0,0.0,0.0,7.763331201712147,941,157
BEV2_2024-09-20_drive4.csv,1726860794000000000,1726860794000000000,1726861191000000000,1.2975934475721096,1.2975934475721096,1.2975934475721096,0.0,0.0,1.0,1.2975934475721105,221,27
BEV2_2024-09-21_drive1.csv,1726916796000000000,1726916796000000000,1726918922000000000,32.63551852288699,32.63551852288699,32.63551852288699,0.0,0.0,0.0,37.94368963918426,1679,760
BEV2_2024-09-21_drive2.csv,1726919972000000000,1726919972000000000,1726921424000000000,13.491533746491251,13.491533746491251,13.491533746491251,0.0,0.0,1.0,17.961799824049276,776,361
BEV2_2024-09-21_drive3.csv,1726921495000000000,1726921495000000000,1726922558000000000,17.369756053391793,17.369756053391793,17.369756053391793,0.0,0.0,0.0,19.691570934044957,894,395
BEV2_2024-09-21_drive4.csv,1726922837000000000,1726922838000000000,1726926790000000000,52.84724305734632,52.84724305734632,52.84724305734632,0.0,1.0,0.0,64.06787282964775,3035,1283
BEV2_2024-09-21_drive5.csv,1726939620000000000,1726939620000000000,1726943255000000000,57.10704275537624,57.10704275537625,57.10704275537625,0.0,0.0,0.0,67.84143359191023,2901,1358
BEV2_2024-09-21_drive6.csv,1726946612000000000,1726946612000000000,1726947019000000000,1.8271780928690635,1.8271780928690633,1.8271780928690633,0.0,0.0,0.0,1.8271780928690637,237,38
BEV2_2024-09-21_drive7.csv,1726950747000000000,1726950747000000000,1726951353000000000,1.9509070540283555,1.9509070540283555,1.9509070540283555,0.0,0.0,0.0,1.950907054028357,288,41
BEV2_2024-09-22_drive1.csv,1726996614000000000,1726996614000000000,1726997493000000000,3.070775014329703,3.070775014329703,3.070775014329703,0.0,0.0,1.0,3.0707750143297017,509,63
BEV2_2024-09-22_drive2.csv,1726999508000000000,1726999508000000000,1727000063000000000,2.078336651638048,2.0783366516380473,2.0783366516380473,0.0,0.0,1.0,2.0783366516380477,334,43
BEV2_2024-09-22_drive3.csv,1727006160000000000,1727006160000000000,1727007296000000000,4.530004861581923,4.530004861581923,4.530004861581923,0.0,0.0,1.0,4.5300048615819195,622,92
BEV2_2024-09-23_drive1.csv,1727071513000000000,1727071513000000000,1727072122000000000,2.478509439244008,2.478509439244008,2.478509439244008,0.0,0.0,0.0,2.4785094392440077,448,51
BEV2_2024-09-23_drive2.csv,1727081382000000000,1727081382000000000,1727082306000000000,2.857441672078634,2.857441672078634,2.857441672078634,0.0,0.0,0.0,2.857441672078633,449,59
BEV2_2024-09-23_drive3.csv,1727084533000000000,1727084533000000000,1727085433000000000,4.287640722107736,4.287640722107735,4.287640722107735,0.0,0.0,0.0,4.355302976823524,640,89
BEV2_2024-09-24_drive1.csv,1727214797000000000,1727214797000000000,1727215450000000000,4.215932718539399,4.2159327185394,4.2159327185394,0.0,0.0,0.0,4.215932718539401,511,86
BEV2_2024-09-25_drive1.csv,1727247902000000000,1727247902000000000,1727248915000000000,3.321624388966219,3.3216243889662196,3.3216243889662196,0.0,0.0,1.0,3.321624388966223,400,68
BEV2_2024-09-25_drive2.csv,1727249134000000000,1727249134000000000,1727249380000000000,0.903978982044745,0.9039789820447449,0.9039789820447449,0.0,0.0,1.0,0.9039789820447455,138,20
BEV2_2024-09-25_drive3.csv,1727270057000000000,1727270057000000000,1727270499000000000,2.098983547132541,2.098983547132542,2.098983547132542,0.0,0.0,0.0,2.0989835471325424,289,43
BEV2_2024-09-25_drive4.csv,1727287964000000000,1727287964000000000,1727288819000000000,2.8864539540365115,2.8864539540365115,2.8864539540365115,0.0,0.0,1.0,2.8864539540365106,488,59
BEV2_2024-09-26_drive1.csv,1727329704000000000,1727329704000000000,1727330296000000000,2.270270092496706,2.270270092496706,2.270270092496706,0.0,0.0,0.0,2.2702700924967045,378,47
BEV2_2024-09-26_drive2.csv,1727369947000000000,1727369947000000000,1727370478000000000,1.7167707151773628,1.7167707151773626,1.7167707151773626,0.0,0.0,1.0,1.7167707151773628,287,36
BEV2_2024-09-26_drive3.csv,1727370554000000000,1727370554000000000,1727371182000000000,2.989050159062878,2.989050159062878,2.989050159062878,0.0,0.0,1.0,2.989050159062879,458,61
BEV2_2024-09-27_drive1.csv,1727415955000000000,1727415955000000000,1727419177000000000,61.6944225712266,61.694422571226596,61.694422571226596,0.0,0.0,0.0,79.25134451053239,2651,1587
BEV2_2024-09-27_drive2.csv,1727430556000000000,1727430556000000000,1727433590000000000,58.80652931012192,58.806529310121924,58.806529310121924,0.0,0.0,1.0,75.74143211078463,2481,1516
BEV2_2024-09-27_drive3.csv,1727453801000000000,1727453801000000000,1727454347000000000,2.536067880290246,2.5360678802902457,2.5360678802902457,0.0,0.0,0.0,2.536067880290245,345,52
BEV2_2024-09-27_drive4.csv,1727455494000000000,1727455494000000000,1727458648000000000,61.62254111811343,61.62254111811343,61.62254111811343,0.0,0.0,1.0,76.49056954450245,2599,1531
BEV2_2024-09-27_drive5.csv,1727472915000000000,1727472915000000000,1727476028000000000,53.12030312451292,53.12030312451293,53.12030312451293,0.0,0.0,0.0,69.50530536923118,2466,1392
BEV2_2024-09-28_drive1.csv,1727512976000000000,1727512976000000000,1727514976000000000,24.365504902442588,24.365504902442588,24.365504902442588,0.0,0.0,1.0,30.06419993292663,1435,603
BEV2_2024-09-28_drive2.csv,1727520093000000000,1727520093000000000,1727521666000000000,22.51407440191301,22.514074401913014,22.514074401913014,0.0,0.0,0.0,28.75914472302024,1192,577
BEV2_2024-09-28_drive4.csv,1727537957000000000,1727537957000000000,1727539218000000000,7.486388629242761,7.486388629242763,7.486388629242763,0.0,0.0,0.0,7.5438766542435625,805,152
BEV2_2024-09-28_drive5.csv,1727539626000000000,1727539626000000000,1727543176000000000,56.87995879557788,56.87995879557788,56.87995879557788,0.0,0.0,1.0,68.21629874463089,2678,1366
BEV2_2024-09-28_drive6.csv,1727544723000000000,1727544723000000000,1727545363000000000,2.710947247683757,2.710947247683757,2.710947247683757,0.0,0.0,0.0,2.710947247683757,401,56
BEV2_2024-09-29_drive1.csv,1727584051000000000,1727584051000000000,1727585915000000000,26.92402242659616,26.92402242659616,26.92402242659616,0.0,0.0,0.0,34.772092706065976,1274,697
BEV2_2024-09-29_drive2.csv,1727609056000000000,1727609056000000000,1727612188000000000,36.12861622553554,36.12861622553554,36.12861622553554,0.0,0.0,0.0,41.01343494661144,2099,822
BEV2_2024-09-29_drive3.csv,1727615880000000000,1727615880000000000,1727616428000000000,4.234501549719883,4.234501549719884,4.234501549719884,0.0,0.0,1.0,4.234501549719878,409,86
BEV2_2024-09-29_drive4.csv,1727625425000000000,1727625425000000000,1727625919000000000,2.7802772508167384,2.780277250816739,2.780277250816739,0.0,0.0,0.0,2.780277250816741,404,57
BEV2_2024-09-29_drive5.csv,1727638369000000000,1727638369000000000,1727640705000000000,7.842799654164258,7.842799654164258,7.842799654164258,0.0,0.0,1.0,7.84279965416425,1006,158
BEV2_2024-09-30_drive1.csv,1727674985000000000,1727674985000000000,1727675470000000000,2.253714036992406,2.253714036992406,2.253714036992406,0.0,0.0,0.0,2.2537140369924074,313,47
BEV2_2024-09-30_drive2.csv,1727689020000000000,1727689021000000000,1727689625000000000,2.787008718600977,2.787008718600977,2.787008718600977,0.0,1.0,1.0,2.78700871860098,418,57
BEV2_2024-09-30_drive3.csv,1727689767000000000,1727689767000000000,1727690045000000000,1.197607317175625,1.197607317175625,1.197607317175625,0.0,0.0,0.0,1.1976073171756247,169,25
BEV2_2024-09-30_drive4.csv,1727693142000000000,1727693142000000000,1727693794000000000,3.6020454092522485,3.6020454092522485,3.6020454092522485,0.0,0.0,0.0,3.6020454092522494,483,74
BEV2_2024-09-30_drive5.csv,1727713236000000000,1727713236000000000,1727713936000000000,2.8106160436708008,2.810616043670801,2.810616043670801,0.0,0.0,0.0,2.8106160436708043,448,58
BEV2_2024-09-30_drive6.csv,1727720898000000000,1727720898000000000,1727726088000000000,108.5698404413487,108.5698404413487,108.5698404413487,0.0,0.0,0.0,140.7604487692061,4265,2817
BEV2_2024-10-01_drive1.csv,1727765224000000000,1727765224000000000,1727766425000000000,10.825585170582652,10.825585170582652,10.825585170582652,0.0,0.0,0.0,10.881259894886684,846,219
BEV2_2024-10-01_drive2.csv,1727794847000000000,1727794847000000000,1727800668000000000,110.30437233218515,110.30437233218514,110.30437233218514,0.0,0.0,0.0,138.5738957803391,4799,2773
BEV2_2024-10-01_drive3.csv,1727803619000000000,1727803619000000000,1727804224000000000,4.78361713582416,4.7836171358241595,4.7836171358241595,0.0,0.0,0.0,4.783617135824164,471,97
BEV2_2024-10-02_drive1.csv,1727848000000000000,1727848000000000000,1727851645000000000,57.59991580630175,57.599915806301745,57.599915806301745,0.0,0.0,1.0,79.57461399914486,2764,1593
BEV2_2024-10-02_drive2.csv,1727860913000000000,1727860913000000000,1727864652000000000,60.95905866292618,60.95905866292618,60.95905866292618,0.0,0.0,0.0,81.65130950134962,2699,1635
BEV2_2024-10-02_drive3.csv,1727868686000000000,1727868686000000000,1727869369000000000,2.0488154765799576,2.048815476579957,2.048815476579957,0.0,0.0,1.0,2.0488154765799558,360,42
BEV2_2024-10-02_drive4.csv,1727886069000000000,1727886069000000000,1727886695000000000,3.0766451973830025,3.0766451973830025,3.0766451973830025,0.0,0.0,1.0,3.076645197383003,436,63
BEV2_2024-10-02_drive5.csv,1727888968000000000,1727888968000000000,1727889624000000000,3.422264342272296,3.422264342272296,3.422264342272296,0.0,0.0,1.0,3.422264342272294,436,70
BEV2_2024-10-03_drive1.csv,1727934346000000000,1727934346000000000,1727934955000000000,2.0412373922321203,2.0412373922321203,2.0412373922321203,0.0,0.0,0.0,2.04123739223212,321,42
BEV2_2024-10-03_drive2.csv,1727948472000000000,1727948472000000000,1727948936000000000,2.5815684997607447,2.5815684997607447,2.5815684997607447,0.0,0.0,1.0,2.581568499760742,371,53
BEV2_2024-10-03_drive3.csv,1727950024000000000,1727950024000000000,1727950692000000000,2.904034431909305,2.904034431909305,2.904034431909305,0.0,0.0,0.0,2.9040344319093014,421,60
BEV2_2024-10-03_drive4.csv,1727974630000000000,1727974630000000000,1727975281000000000,2.7370836317635963,2.7370836317635963,2.7370836317635963,0.0,0.0,1.0,2.737083631763595,450,56
BEV2_2024-10-03_drive5.csv,1727976644000000000,1727976644000000000,1727977818000000000,6.824312694135492,6.824312694135491,6.824312694135491,0.0,0.0,1.0,6.824312694135493,868,138
BEV2_2024-10-03_drive6.csv,1727983911000000000,1727983911000000000,1727985204000000000,7.511700373092687,7.511700373092687,7.511700373092687,0.0,0.0,0.0,7.511700373092687,979,152
BEV2_2024-10-04_drive1.csv,1728020670000000000,1728020670000000000,1728021171000000000,2.175490033163728,2.175490033163728,2.175490033163728,0.0,0.0,1.0,2.175490033163729,270,45
BEV2_2024-10-04_drive2.csv,1728063554000000000,1728063554000000000,1728064422000000000,4.47513644972127,4.47513644972127,4.47513644972127,0.0,0.0,1.0,4.475136449721273,687,91
BEV2_2024-10-05_drive1.csv,1728107668000000000,1728107668000000000,1728107714000000000,0.0368481300820595,0.036848130082059574,0.036848130082059574,0.0,0.0,1.0,0.03684813008205957,34,2
BEV2_2024-10-06_drive1.csv,1728221838000000000,1728221838000000000,1728222176000000000,0.5964239839079357,0.5964239839079356,0.5964239839079356,0.0,0.0,1.0,0.5964239839079349,195,13
BEV2_2024-10-06_drive2.csv,1728227447000000000,1728227447000000000,1728227874000000000,2.915971769541044,2.915971769541044,2.915971769541044,0.0,0.0,1.0,2.9834480240965573,347,61
BEV2_2024-10-06_drive3.csv,1728232668000000000,1728232668000000000,1728232745000000000,0.4311069002471934,0.4311069002471934,0.4311069002471934,0.0,0.0,0.0,0.43110690024719345,50,10
BEV2_2024-10-07_drive1.csv,1728283173000000000,1728283173000000000,1728283214000000000,0.1003689694426359,0.10036896944263599,0.10036896944263599,0.0,0.0,0.0,0.10036896944263597,29,4
BEV2_2024-10-07_drive2.csv,1728326102000000000,1728326102000000000,1728326283000000000,1.0678654490225368,1.0678654490225368,1.0678654490225368,0.0,0.0,0.0,1.0678654490225368,141,23
BEV2_2024-10-08_drive1.csv,1728367495000000000,1728367495000000000,1728370047000000000,49.4935625090725,49.493562509072504,49.493562509072504,0.0,0.0,1.0,65.00936240129197,2095,1302
BEV2_2024-10-08_drive2.csv,1728379248000000000,1728379248000000000,1728384052000000000,50.256628020611934,50.256628020611934,50.256628020611934,0.0,0.0,1.0,66.21111007438851,3005,1326
BEV2_2024-10-08_drive3.csv,1728386481000000000,1728386481000000000,1728387135000000000,1.9733575661908167,1.9733575661908174,1.9733575661908174,0.0,0.0,1.0,1.9733575661908174,343,41
BEV2_2024-10-08_drive4.csv,1728391257000000000,1728391257000000000,1728391991000000000,3.3137494183556564,3.3137494183556564,3.3137494183556564,0.0,0.0,0.0,3.313749418355655,460,68
BEV2_2024-10-08_drive5.csv,1728395419000000000,1728395419000000000,1728399435000000000,47.58741725511617,47.58741725511617,47.58741725511617,0.0,0.0,0.0,59.3772955552717,2827,1189
BEV2_2024-10-08_drive6.csv,1728412452000000000,1728412452000000000,1728415038000000000,4.454790559546742,4.454790559546742,4.454790559546742,0.0,0.0,1.0,4.45479055954674,639,91
BEV2_2024-10-08_drive7.csv,1728415182000000000,1728415182000000000,1728416190000000000,4.441857978143018,4.441857978143018,4.441857978143018,0.0,0.0,0.0,4.441857978143018,605,90
BEV2_2024-10-09_drive1.csv,1728452700000000000,1728452700000000000,1728452799000000000,0.0819443510709079,0.08194435107090799,0.08194435107090799,0.0,0.0,0.0,0.08194435107090799,42,3
BEV2_2024-10-09_drive2.csv,1728465036000000000,1728465036000000000,1728465422000000000,2.498525900359203,2.4985259003592026,2.4985259003592026,0.0,0.0,0.0,2.4985259003592026,299,51
BEV2_2024-10-09_drive3.csv,1728480472000000000,1728480472000000000,1728480907000000000,2.1863706484677907,2.1863706484677907,2.1863706484677907,0.0,0.0,0.0,2.1863706484677894,330,45
BEV2_2024-10-09_drive4.csv,1728489555000000000,1728489555000000000,1728490244000000000,2.820562595108431,2.820562595108431,2.820562595108431,0.0,0.0,0.0,2.8205625951084294,492,58
BEV2_2024-10-10_drive1.csv,1728538873000000000,1728538873000000000,1728539286000000000,2.1588889537568425,2.1588889537568425,2.1588889537568425,0.0,0.0,0.0,2.1588889537568448,325,45
BEV2_2024-10-10_drive2.csv,1728569413000000000,1728569413000000000,1728570992000000000,6.215323682838111,6.215323682838111,6.215323682838111,0.0,0.0,0.0,6.215323682838104,937,126
BEV2_2024-10-10_drive3.csv,1728576473000000000,1728576473000000000,1728578431000000000,4.403392915569897,4.403392915569898,4.403392915569898,0.0,0.0,0.0,4.403392915569898,749,90
BEV2_2024-10-11_drive2.csv,1728667538000000000,1728667538000000000,1728668240000000000,2.764816366403433,2.7648163664034326,2.7648163664034326,0.0,0.0,0.0,2.764816366403434,489,57
BEV2_2024-10-11_drive3.csv,1728670142000000000,1728670142000000000,1728670721000000000,2.5505834091079507,2.5505834091079507,2.5505834091079507,0.0,0.0,0.0,2.55058340910795,353,53
BEV2_2024-10-11_drive4.csv,1728677101000000000,1728677101000000000,1728678484000000000,2.674443491146312,2.6744434911463113,2.6744434911463113,0.0,0.0,0.0,2.674443491146309,489,55
BEV2_2024-10-12_drive1.csv,1728749708000000000,1728749708000000000,1728750311000000000,1.4116800744741482,1.4116800744741478,1.4116800744741478,0.0,0.0,1.0,1.4116800744741484,240,30
BEV2_2024-10-12_drive2.csv,1728756660000000000,1728756660000000000,1728756924000000000,1.2921813908318125,1.2921813908318125,1.2921813908318125,0.0,0.0,0.0,1.292181390831812,208,27
BEV2_2024-10-13_drive1.csv,1728807726000000000,1728807726000000000,1728809416000000000,21.614558013372235,21.61455801337224,21.61455801337224,0.0,0.0,0.0,27.410867445536965,1206,550
BEV2_2024-10-13_drive2.csv,1728813851000000000,1728813851000000000,1728815663000000000,22.59512371558316,22.595123715583153,22.595123715583153,0.0,0.0,1.0,27.16374086863011,1304,545
BEV2_2024-10-13_drive3.csv,1728820403000000000,1728820403000000000,1728820949000000000,1.9646492986702184,1.9646492986702186,1.9646492986702186,0.0,0.0,0.0,1.9646492986702202,349,41
BEV2_2024-10-13_drive4.csv,1728830278000000000,1728830278000000000,1728830881000000000,2.605113913126785,2.605113913126785,2.605113913126785,0.0,0.0,0.0,2.605113913126787,352,54
BEV2_2024-10-13_drive5.csv,1728850535000000000,1728850535000000000,1728852374000000000,7.106128961662677,7.106128961662677,7.106128961662677,0.0,0.0,1.0,7.106128961662683,840,144
BEV2_2024-10-14_drive1.csv,1728884477000000000,1728884477000000000,1728887810000000000,55.08496075032837,55.08496075032837,55.08496075032837,0.0,0.0,0.0,72.35986077208301,2531,1449
BEV2_2024-10-14_drive2.csv,1728899782000000000,1728899782000000000,1728900850000000000,6.537586143195533,6.537586143195532,6.537586143195532,0.0,0.0,1.0,6.595794280705318,715,133
BEV2_2024-10-14_drive3.csv,1728902757000000000,1728902757000000000,1728910393000000000,75.92805416302318,75.92805416302318,75.92805416302318,0.0,0.0,1.0,90.29934182897267,5072,1807
BEV2_2024-10-14_drive4.csv,1728914971000000000,1728914971000000000,1728917537000000000,37.83576021897776,37.835760218977754,37.835760218977754,0.0,0.0,1.0,46.3973155099851,1987,929
BEV2_2024-10-14_drive5.csv,1728918223000000000,1728918223000000000,1728919765000000000,17.184624008835897,17.184624008835897,17.184624008835897,0.0,0.0,0.0,18.65412734471603,1086,375
BEV2_2024-10-15_drive1.csv,1728972672000000000,1728972672000000000,1728972817000000000,0.5018770790309816,0.5018770790309817,0.5018770790309817,0.0,0.0,0.0,0.5018770790309819,101,12
BEV2_2024-10-15_drive2.csv,1728988962000000000,1728988962000000000,1728989117000000000,0.0968080174950066,0.09680801749500662,0.09680801749500662,0.0,0.0,1.0,0.09680801749500657,47,3
BEV2_2024-10-16_drive1.csv,1729051304000000000,1729051304000000000,1729051413000000000,0.4894963767335139,0.489496376733514,0.489496376733514,0.0,0.0,0.0,0.48949637673351387,77,11
BEV2_2024-10-16_drive2.csv,1729051830000000000,1729051830000000000,1729053128000000000,5.69205569032964,5.69205569032964,5.69205569032964,0.0,0.0,0.0,5.692055690329648,771,115
BEV2_2024-10-16_drive3.csv,1729062098000000000,1729062098000000000,1729062507000000000,2.3277580055633598,2.3277580055633593,2.3277580055633593,0.0,0.0,0.0,2.327758005563359,325,48
BEV2_2024-10-16_drive4.csv,1729071327000000000,1729071327000000000,1729071595000000000,1.636140003058472,1.636140003058472,1.636140003058472,0.0,0.0,0.0,1.6361400030584716,202,34
BEV2_2024-10-16_drive5.csv,1729071889000000000,1729071889000000000,1729072101000000000,1.0743525704992307,1.0743525704992307,1.0743525704992307,0.0,0.0,0.0,1.0743525704992305,164,23
BEV2_2024-10-16_drive6.csv,1729080295000000000,1729080295000000000,1729082162000000000,20.35089600636284,20.35089600636284,20.35089600636284,0.0,0.0,1.0,24.846317720174138,1387,498
BEV2_2024-10-17_drive1.csv,1729203725000000000,1729203725000000000,1729205102000000000,20.915513112131265,20.915513112131265,20.915513112131265,0.0,0.0,0.0,26.782346096953297,1080,537
BEV2_2024-10-18_drive1.csv,1729232964000000000,1729232964000000000,1729236911000000000,51.80627463381953,51.80627463381953,51.80627463381953,0.0,0.0,0.0,65.12008312894389,2820,1304
BEV2_2024-10-18_drive2.csv,1729248367000000000,1729248367000000000,1729251967000000000,52.18880010317217,52.18880010317217,52.18880010317217,0.0,0.0,1.0,64.41041023993385,2768,1290
BEV2_2024-10-18_drive3.csv,1729263884000000000,1729263884000000000,1729264387000000000,1.9517955284402853,1.9517955284402853,1.9517955284402853,0.0,0.0,1.0,1.9517955284402861,358,41
BEV2_2024-10-18_drive4.csv,1729279400000000000,1729279400000000000,1729280302000000000,3.050234630118521,3.0502346301185206,3.0502346301185206,0.0,0.0,1.0,3.050234630118522,408,63
BEV2_2024-10-19_drive1.csv,1729341323000000000,1729341323000000000,1729344854000000000,57.072323579515846,57.072323579515846,57.072323579515846,0.0,0.0,0.0,69.26988858535191,2732,1387
BEV2_2024-10-19_drive2.csv,1729345523000000000,1729345523000000000,1729346655000000000,6.182628791624925,6.182628791624925,6.182628791624925,0.0,0.0,1.0,6.1826287916249205,662,125
BEV2_2024-10-19_drive3.csv,1729349706000000000,1729349706000000000,1729353998000000000,52.83047873983727,52.83047873983727,52.83047873983727,0.0,0.0,0.0,63.98505232075644,2982,1281
BEV2_2024-10-19_drive4.csv,1729361676000000000,1729361676000000000,1729363015000000000,15.06470421204484,15.064704212044838,15.064704212044838,0.0,0.0,1.0,17.759591370499358,925,357
BEV2_2024-10-19_drive5.csv,1729363194000000000,1729363194000000000,1729363427000000000,1.1770422705116554,1.1770422705116554,1.1770422705116554,0.0,0.0,1.0,1.1770422705116554,164,25
BEV2_2024-10-20_drive1.csv,1729416343000000000,1729416343000000000,1729417129000000000,2.9247142463620204,2.9247142463620204,2.9247142463620204,0.0,0.0,0.0,2.9247142463620217,459,60
BEV2_2024-10-20_drive2.csv,1729419524000000000,1729419524000000000,1729419880000000000,1.3972263451828413,1.3972263451828413,1.3972263451828413,0.0,0.0,0.0,1.397226345182841,223,29
BEV2_2024-10-20_drive3.csv,1729442081000000000,1729442081000000000,1729443317000000000,4.782404345165065,4.782404345165066,4.782404345165066,0.0,0.0,1.0,4.782404345165067,684,97
BEV2_2024-10-20_drive4.csv,1729448515000000000,1729448515000000000,1729449145000000000,2.071986024373801,2.071986024373801,2.071986024373801,0.0,0.0,0.0,2.071986024373803,310,43
BEV2_2024-10-20_drive5.csv,1729449462000000000,1729449462000000000,1729449975000000000,2.412322908254053,2.412322908254054,2.412322908254054,0.0,0.0,0.0,2.412322908254052,298,50
BEV2_2024-10-21_drive1.csv,1729490483000000000,1729490483000000000,1729491207000000000,2.1883530120502503,2.1883530120502503,2.1883530120502503,0.0,0.0,0.0,2.188353012050251,427,45
BEV2_2024-10-21_drive2.csv,1729506221000000000,1729506221000000000,1729506338000000000,0.0347510410771532,0.03475104107715321,0.03475104107715321,0.0,0.0,0.0,0.03475104107715322,46,2
BEV2_2024-10-21_drive3.csv,1729511835000000000,1729511835000000000,1729513716000000000,20.71030495230852,20.71030495230852,20.71030495230852,0.0,0.0,0.0,22.979523490328386,1459,461
BEV2_2024-10-23_drive1.csv,1729719384000000000,1729719384000000000,1729720833000000000,20.991861317430327,20.991861317430327,20.991861317430327,0.0,0.0,0.0,26.841862597515046,1103,538
BEV2_2024-10-24_drive1.csv,1729747698000000000,1729747698000000000,1729748387000000000,3.677385633457948,3.6773856334579476,3.6773856334579476,0.0,0.0,1.0,3.6773856334579493,450,75
BEV2_2024-10-24_drive2.csv,1729783247000000000,1729783247000000000,1729784165000000000,4.062758513679995,4.062758513679995,4.062758513679995,0.0,0.0,1.0,4.062758513679992,502,83
BEV2_2024-10-25_drive1.csv,1729835581000000000,1729835581000000000,1729836177000000000,2.1035222151311945,2.103522215131194,2.103522215131194,0.0,0.0,0.0,2.1035222151311945,328,44
BEV2_2024-10-25_drive2.csv,1729875638000000000,1729875638000000000,1729876742000000000,3.282851609586962,3.282851609586962,3.282851609586962,0.0,0.0,0.0,3.282851609586961,570,67
BEV2_2024-10-26_drive1.csv,1729946469000000000,1729946469000000000,1729951228000000000,55.348663211860185,55.348663211860185,55.348663211860185,0.0,0.0,0.0,66.88652775596607,3078,1339
BEV2_2024-10-26_drive2.csv,1729963593000000000,1729963593000000000,1729964917000000000,6.834239323670524,6.8342393236705234,6.8342393236705234,0.0,0.0,0.0,6.834239323670522,917,138
BEV2_2024-10-26_drive3.csv,1729974002000000000,1729974003000000000,1729977175000000000,54.762601542294654,54.762601542294654,54.762601542294654,0.0,1.0,0.0,70.4340540067761,2420,1410
BEV2_2024-10-27_drive1.csv,1730024326000000000,1730024326000000000,1730024903000000000,2.5579471220111367,2.5579471220111367,2.5579471220111367,0.0,0.0,0.0,2.557947122011134,391,53
BEV2_2024-10-27_drive2.csv,1730027317000000000,1730027317000000000,1730027721000000000,1.4133073829063263,1.4133073829063263,1.4133073829063263,0.0,0.0,1.0,1.4133073829063276,230,30
BEV2_2024-10-27_drive3.csv,1730034528000000000,1730034528000000000,1730037742000000000,37.865512269443656,37.865512269443656,37.865512269443656,0.0,0.0,0.0,43.83773265661043,2160,878
BEV2_2024-10-27_drive4.csv,1730047092000000000,1730047092000000000,1730049255000000000,34.19736562227016,34.19736562227016,34.19736562227016,0.0,0.0,0.0,38.465037294302554,1809,771
BEV2_2024-10-27_drive5.csv,1730060988000000000,1730060988000000000,1730063075000000000,4.486131700575735,4.486131700575735,4.486131700575735,0.0,0.0,1.0,4.486131700575734,623,91
BEV2_2024-10-28_drive1.csv,1730099582000000000,1730099582000000000,1730100101000000000,2.066337424941951,2.066337424941951,2.066337424941951,0.0,0.0,1.0,2.06633742494195,291,43
BEV2_2024-10-28_drive2.csv,1730114118000000000,1730114118000000000,1730114685000000000,2.8297095157685845,2.8297095157685845,2.8297095157685845,0.0,0.0,1.0,2.8297095157685814,413,58
BEV2_2024-10-28_drive3.csv,1730130137000000000,1730130137000000000,1730131471000000000,11.438396596154558,11.438396596154558,11.438396596154558,0.0,0.0,1.0,13.131989449886094,837,264
BEV2_2024-10-28_drive4.csv,1730132598000000000,1730132598000000000,1730135266000000000,11.086222422449447,11.086222422449449,11.086222422449449,0.0,0.0,0.0,13.335504356759818,885,268
BEV2_2024-10-29_drive1.csv,1730189157000000000,1730189157000000000,1730190177000000000,5.708157258493826,5.708157258493826,5.708157258493826,0.0,0.0,1.0,5.7081572584938245,692,116
BEV2_2024-10-29_drive2.csv,1730190362000000000,1730190362000000000,1730193493000000000,59.895175563447765,59.895175563447765,59.895175563447765,0.0,0.0,1.0,79.62453051196073,2506,1594
BEV2_2024-10-29_drive3.csv,1730215357000000000,1730215357000000000,1730216076000000000,4.9798697475904605,4.9798697475904605,4.9798697475904605,0.0,0.0,0.0,4.979869747590462,553,101
BEV2_2024-10-29_drive4.csv,1730216546000000000,1730216546000000000,1730220254000000000,79.31393894009219,79.3139389400922,79.3139389400922,0.0,0.0,1.0,79.38082198297842,3332,1589
BEV2_2024-10-30_drive1.csv,1730271499000000000,1730271499000000000,1730271988000000000,2.037003129936729,2.037003129936729,2.037003129936729,0.0,0.0,0.0,2.0370031299367297,354,42
BEV2_2024-10-30_drive2.csv,1730284200000000000,1730284200000000000,1730284739000000000,2.7719559317300986,2.7719559317300986,2.7719559317300986,0.0,0.0,1.0,2.771955931730099,430,57
BEV2_2024-10-30_drive3.csv,1730288582000000000,1730288582000000000,1730289032000000000,2.0960055767807257,2.0960055767807257,2.0960055767807257,0.0,0.0,1.0,2.096005576780725,347,43
BEV2_2024-10-30_drive4.csv,1730298872000000000,1730298872000000000,1730299323000000000,2.194468100390462,2.194468100390461,2.194468100390461,0.0,0.0,1.0,2.1944681003904636,388,45
BEV2_2024-10-30_drive5.csv,1730307792000000000,1730307792000000000,1730308530000000000,3.129841232317152,3.129841232317152,3.129841232317152,0.0,0.0,0.0,3.1298412323171494,622,64
BEV2_2024-10-30_drive6.csv,1730316118000000000,1730316118000000000,1730317325000000000,5.704284651396502,5.7042846513965015,5.7042846513965015,0.0,0.0,0.0,5.704284651396505,750,116
BEV2_2024-10-31_drive1.csv,1730357195000000000,1730357195000000000,1730357725000000000,2.18738506351204,2.1873850635120395,2.1873850635120395,0.0,0.0,0.0,2.18738506351204,373,45
BEV2_2024-10-31_drive2.csv,1730367834000000000,1730367834000000000,1730367895000000000,0.1077652577697969,0.10776525776979694,0.10776525776979694,0.0,0.0,1.0,0.10776525776979694,46,4
BEV2_2024-10-31_drive3.csv,1730372518000000000,1730372518000000000,1730373083000000000,2.766956702211275,2.766956702211275,2.766956702211275,0.0,0.0,0.0,2.766956702211274,451,57
BEV2_2024-10-31_drive4.csv,1730373838000000000,1730373838000000000,1730374384000000000,2.1027652321071297,2.10276523210713,2.10276523210713,0.0,0.0,0.0,2.10276523210713,377,44
BEV2_2024-10-31_drive5.csv,1730392501000000000,1730392501000000000,1730393368000000000,3.324963690584319,3.324963690584319,3.324963690584319,0.0,0.0,1.0,3.3249636905843194,710,68
BEV2_2024-10-31_drive6.csv,1730398862000000000,1730398862000000000,1730399411000000000,2.85167920154585,2.851679201545849,2.851679201545849,0.0,0.0,0.0,2.8516792015458474,477,59
BEV2_2024-10-31_drive7.csv,1730405706000000000,1730405706000000000,1730406741000000000,4.328689420795705,4.328689420795705,4.328689420795705,0.0,0.0,1.0,4.328689420795706,568,88
BEV2_2024-11-01_drive1.csv,1730429076000000000,1730429076000000000,1730434385000000000,125.38816854899108,125.38816854899109,125.38816854899109,0.0,0.0,1.0,128.0300167685271,5005,2562
BEV2_2024-11-04_drive1.csv,1730717736000000000,1730717736000000000,1730723037000000000,115.09677551497046,115.09677551497046,115.09677551497046,0.0,0.0,1.0,118.65130874227495,5024,2375
BEV2_2024-11-04_drive2.csv,1730723426000000000,1730723426000000000,1730724457000000000,5.956196937058181,5.9561969370581815,5.9561969370581815,0.0,0.0,0.0,5.956196937058184,813,121
BEV2_2024-11-04_drive3.csv,1730724757000000000,1730724757000000000,1730725570000000000,13.530206666566269,13.530206666566265,13.530206666566265,0.0,0.0,0.0,13.662389088802625,719,275
BEV2_2024-11-04_drive4.csv,1730728466000000000,1730728466000000000,1730732293000000000,56.90487608717186,56.90487608717186,56.90487608717186,0.0,0.0,0.0,61.640229795092125,3176,1234
BEV2_2024-11-04_drive5.csv,1730735931000000000,1730735931000000000,1730737191000000000,6.354264548512125,6.354264548512126,6.354264548512126,0.0,0.0,1.0,6.354264548512125,876,129
BEV2_2024-11-04_drive6.csv,1730737871000000000,1730737871000000000,1730738331000000000,2.2999686794429564,2.2999686794429564,2.2999686794429564,0.0,0.0,0.0,2.299968679442956,396,47
BEV2_2024-11-04_drive7.csv,1730741316000000000,1730741316000000000,1730742901000000000,12.674643676317748,12.67464367631775,12.67464367631775,0.0,0.0,1.0,12.67464367631773,1251,255
BEV2_2024-11-04_drive8.csv,1730753316000000000,1730753316000000000,1730756531000000000,54.90074653103095,54.900746531030954,54.900746531030954,0.0,0.0,0.0,59.15627483761069,2776,1185
BEV2_2024-11-05_drive1.csv,1730789361000000000,1730789361000000000,1730790069000000000,2.1759979398248825,2.1759979398248825,2.1759979398248825,0.0,0.0,0.0,2.1759979398248825,401,45
BEV2_2024-11-05_drive2.csv,1730825802000000000,1730825802000000000,1730826536000000000,2.909549645818798,2.9095496458187986,2.9095496458187986,0.0,0.0,0.0,2.909549645818798,566,60
BEV2_2024-11-12_drive1.csv,1731431043000000000,1731431043000000000,1731434190000000000,77.48253548046893,77.48253548046894,77.48253548046894,0.0,0.0,0.0,80.73550570374816,2919,1616
BEV2_2024-11-13_drive1.csv,1731482009000000000,1731482009000000000,1731482698000000000,2.500475222502505,2.500475222502505,2.500475222502505,0.0,0.0,0.0,2.5004752225025046,434,52
BEV2_2024-11-13_drive2.csv,1731510422000000000,1731510422000000000,1731511664000000000,8.693162498311512,8.693162498311512,8.693162498311512,0.0,0.0,0.0,8.693162498311507,1036,175
BEV2_2024-11-13_drive3.csv,1731523490000000000,1731523490000000000,1731524476000000000,3.720175481196587,3.7201754811965877,3.7201754811965877,0.0,0.0,1.0,3.720175481196591,536,76
BEV2_2024-11-13_drive4.csv,1731532084000000000,1731532084000000000,1731532821000000000,3.0724901905965365,3.0724901905965365,3.0724901905965365,0.0,0.0,1.0,3.072490190596539,446,63
BEV2_2024-11-14_drive1.csv,1731567074000000000,1731567074000000000,1731567781000000000,2.205978630226132,2.2059786302261326,2.2059786302261326,0.0,0.0,1.0,2.2059786302261335,432,46
BEV2_2024-11-14_drive2.csv,1731577830000000000,1731577830000000000,1731580784000000000,31.958282576508,31.958282576507994,31.958282576507994,0.0,0.0,1.0,31.95828257650801,2383,641
BEV2_2024-11-14_drive3.csv,1731606434000000000,1731606434000000000,1731608953000000000,33.16092534720728,33.16092534720728,33.16092534720728,0.0,0.0,0.0,33.160925347207275,2167,665
BEV2_2024-11-15_drive2.csv,1731652113000000000,1731652113000000000,1731652233000000000,0.5392452527192758,0.5392452527192758,0.5392452527192758,0.0,0.0,1.0,0.5392452527192754,108,12
BEV2_2024-11-15_drive3.csv,1731659794000000000,1731659794000000000,1731660158000000000,1.956874308844613,1.956874308844613,1.956874308844613,0.0,0.0,1.0,1.9568743088446132,303,41
BEV2_2024-11-15_drive4.csv,1731668470000000000,1731668470000000000,1731669031000000000,2.546976247866839,2.546976247866839,2.546976247866839,0.0,0.0,0.0,2.54697624786684,442,52
BEV2_2024-11-15_drive5.csv,1731672902000000000,1731672902000000000,1731673349000000000,2.121385057335854,2.121385057335854,2.121385057335854,0.0,0.0,0.0,2.1213850573358535,347,44
BEV2_2024-11-15_drive6.csv,1731693612000000000,1731693612000000000,1731694240000000000,2.802199144626387,2.8021991446263863,2.8021991446263863,0.0,0.0,0.0,2.802199144626384,540,58
BEV2_2024-11-15_drive7.csv,1731694423000000000,1731694423000000000,1731697723000000000,14.558823929056333,14.55882392905633,14.55882392905633,0.0,0.0,1.0,14.558823929056343,1652,293
BEV2_2024-11-15_drive8.csv,1731706404000000000,1731706404000000000,1731709239000000000,16.75719945819101,16.75719945819101,16.75719945819101,0.0,0.0,1.0,16.757199458191028,1667,337
BEV2_2024-11-16_drive1.csv,1731744593000000000,1731744593000000000,1731744997000000000,2.500299222770723,2.500299222770723,2.500299222770723,0.0,0.0,1.0,2.5002992227707224,346,52
BEV2_2024-11-16_drive2.csv,1731747173000000000,1731747173000000000,1731747774000000000,2.4201383061112045,2.4201383061112045,2.4201383061112045,0.0,0.0,1.0,2.4201383061112023,356,50
BEV2_2024-11-16_drive3.csv,1731751706000000000,1731751706000000000,1731752411000000000,3.489477073560888,3.489477073560888,3.489477073560888,0.0,0.0,1.0,3.4894770735608907,562,71
BEV2_2024-11-16_drive4.csv,1731752631000000000,1731752631000000000,1731753046000000000,2.53779120377813,2.53779120377813,2.53779120377813,0.0,0.0,0.0,2.5377912037781316,364,52
BEV2_2024-11-16_drive5.csv,1731764914000000000,1731764914000000000,1731769659000000000,74.9384934535224,74.9384934535224,74.9384934535224,0.0,0.0,0.0,75.00928198698332,4124,1502
BEV2_2024-11-16_drive6.csv,1731775548000000000,1731775548000000000,1731776876000000000,7.5589782692297875,7.5589782692297875,7.5589782692297875,0.0,0.0,0.0,7.558978269229783,902,153
BEV2_2024-11-16_drive7.csv,1731778019000000000,1731778019000000000,1731782333000000000,75.90409325999455,75.90409325999455,75.90409325999455,0.0,0.0,0.0,75.90409325999464,3972,1520
BEV2_2024-11-17_drive1.csv,1731844384000000000,1731844384000000000,1731844533000000000,0.7194648434710341,0.7194648434710341,0.7194648434710341,0.0,0.0,1.0,0.7194648434710338,123,16
BEV2_2024-11-17_drive2.csv,1731874252000000000,1731874252000000000,1731875687000000000,4.401217534336256,4.401217534336256,4.401217534336256,0.0,0.0,0.0,4.401217534336259,635,90
BEV2_2024-11-18_drive1.csv,1731913483000000000,1731913483000000000,1731914311000000000,2.185303267827951,2.185303267827951,2.185303267827951,0.0,0.0,0.0,2.1853032678279503,474,45
BEV2_2024-11-18_drive2.csv,1731927066000000000,1731927066000000000,1731927681000000000,2.8005403258237624,2.8005403258237624,2.8005403258237624,0.0,0.0,0.0,2.800540325823769,483,58
BEV2_2024-11-18_drive3.csv,1731930046000000000,1731930046000000000,1731930438000000000,2.056156889581629,2.056156889581629,2.056156889581629,0.0,0.0,0.0,2.056156889581627,314,43
BEV2_2024-11-18_drive4.csv,1731948361000000000,1731948361000000000,1731949059000000000,2.8264583005146084,2.8264583005146084,2.8264583005146084,0.0,0.0,0.0,2.8264583005146076,601,58
BEV2_2024-11-19_drive1.csv,1731999409000000000,1731999409000000000,1732000214000000000,2.277638371413276,2.2776383714132757,2.2776383714132757,0.0,0.0,1.0,2.277638371413276,443,47
BEV2_2024-11-19_drive2.csv,1732037401000000000,1732037401000000000,1732038126000000000,2.832903341434979,2.832903341434979,2.832903341434979,0.0,0.0,1.0,2.832903341434977,547,58
BEV2_2024-11-20_drive1.csv,1732083579000000000,1732083579000000000,1732084113000000000,2.2509925503313912,2.2509925503313912,2.2509925503313912,0.0,0.0,0.0,2.2509925503313912,350,47
BEV2_2024-11-20_drive2.csv,1732093794000000000,1732093794000000000,1732097114000000000,67.35741891212687,67.35741891212689,67.35741891212689,0.0,0.0,1.0,75.2192320019108,2832,1506
BEV2_2024-11-20_drive3.csv,1732110329000000000,1732110329000000000,1732113530000000000,72.46682889781913,72.46682889781913,72.46682889781913,0.0,0.0,0.0,76.98862107430959,2828,1541
BEV2_2024-11-20_drive4.csv,1732122292000000000,1732122292000000000,1732122883000000000,2.3256905697428856,2.3256905697428856,2.3256905697428856,0.0,0.0,1.0,2.3256905697428856,485,48
BEV2_2024-11-21_drive1.csv,1732188487000000000,1732188487000000000,1732188878000000000,2.1056879254645646,2.1056879254645646,2.1056879254645646,0.0,0.0,1.0,2.105687925464564,331,44
BEV2_2024-11-21_drive2.csv,1732208880000000000,1732208880000000000,1732209370000000000,2.426385519574879,2.426385519574879,2.426385519574879,0.0,0.0,1.0,2.4263855195748762,389,50
BEV2_2024-11-21_drive3.csv,1732209519000000000,1732209519000000000,1732209796000000000,1.5775777969302531,1.5775777969302531,1.5775777969302531,0.0,0.0,1.0,1.5775777969302545,243,33
BEV2_2024-11-21_drive4.csv,1732209897000000000,1732209897000000000,1732210597000000000,1.9522540098084011,1.9522540098084014,1.9522540098084014,0.0,0.0,0.0,1.9522540098084014,398,41
BEV2_2024-11-21_drive5.csv,1732210816000000000,1732210816000000000,1732211076000000000,1.253834986222044,1.253834986222044,1.253834986222044,0.0,0.0,0.0,1.2538349862220428,231,27
BEV2_2024-11-21_drive6.csv,1732216483000000000,1732216483000000000,1732217429000000000,4.8334079231567415,4.8334079231567415,4.8334079231567415,0.0,0.0,0.0,4.833407923156743,660,98
BEV2_2024-11-21_drive7.csv,1732229252000000000,1732229252000000000,1732229677000000000,2.621441979620092,2.621441979620092,2.621441979620092,0.0,0.0,0.0,2.6214419796200934,353,54
BEV2_2024-11-22_drive1.csv,1732255254000000000,1732255254000000000,1732255979000000000,3.594320066988037,3.594320066988036,3.594320066988036,0.0,0.0,1.0,3.594320066988036,432,73
BEV2_2024-11-22_drive2.csv,1732266086000000000,1732266086000000000,1732268943000000000,66.95040020419074,66.95040020419071,66.95040020419071,0.0,0.0,1.0,69.41677286090597,2652,1390
BEV2_2024-11-22_drive3.csv,1732270259000000000,1732270259000000000,1732270783000000000,4.374686408885732,4.374686408885732,4.374686408885732,0.0,0.0,0.0,4.374686408885731,476,89
BEV2_2024-11-23_drive1.csv,1732352075000000000,1732352075000000000,1732353117000000000,3.3119317424785404,3.3119317424785404,3.3119317424785404,0.0,0.0,1.0,3.311931742478539,392,68
BEV2_2024-11-23_drive2.csv,1732375822000000000,1732375822000000000,1732375985000000000,1.2682140494264684,1.2682140494264682,1.2682140494264682,0.0,0.0,1.0,1.2682140494264675,134,27
BEV2_2024-11-23_drive3.csv,1732380469000000000,1732380469000000000,1732380719000000000,1.9000868896665184,1.9000868896665182,1.9000868896665182,0.0,0.0,0.0,1.9000868896665177,204,40
BEV2_2024-11-24_drive1.csv,1732454730000000000,1732454730000000000,1732455748000000000,12.202655657717282,12.202655657717285,12.202655657717285,0.0,0.0,0.0,12.202655657717285,884,246
BEV2_2024-11-24_drive2.csv,1732469726000000000,1732469726000000000,1732474520000000000,73.888833253108,73.88883325310802,73.88883325310802,0.0,0.0,0.0,73.88883325310799,4604,1479
BEV2_2024-11-26_drive1.csv,1732621462000000000,1732621462000000000,1732622429000000000,19.806119240568314,19.806119240568314,19.806119240568314,0.0,0.0,1.0,19.80611924056833,930,398
BEV2_2024-11-26_drive2.csv,1732639215000000000,1732639215000000000,1732640851000000000,31.608081249962414,31.60808124996241,31.60808124996241,0.0,0.0,1.0,31.608081249962417,1472,634
BEV2_2024-11-27_drive1.csv,1732692400000000000,1732692400000000000,1732692916000000000,2.049830523702794,2.049830523702794,2.049830523702794,0.0,0.0,0.0,2.0498305237027945,402,42
BEV2_2024-11-27_drive2.csv,1732693227000000000,1732693227000000000,1732694064000000000,4.278121102230537,4.278121102230537,4.278121102230537,0.0,0.0,1.0,4.2781211022305365,744,87
BEV2_2024-11-27_drive3.csv,1732718343000000000,1732718343000000000,1732718746000000000,1.8909984061126748,1.8909984061126746,1.8909984061126746,0.0,0.0,0.0,1.8909984061126743,351,39
BEV2_2024-11-27_drive4.csv,1732727287000000000,1732727287000000000,1732728725000000000,3.93271429173632,3.9327142917363185,3.9327142917363185,0.0,0.0,0.0,3.9327142917363194,591,80
BEV2_2024-11-27_drive5.csv,1732736890000000000,1732736890000000000,1732737677000000000,3.153031217188789,3.153031217188789,3.153031217188789,0.0,0.0,0.0,3.1530312171887904,520,65
BEV2_2024-11-28_drive1.csv,1732776501000000000,1732776501000000000,1732777319000000000,2.2043842316578384,2.2043842316578384,2.2043842316578384,0.0,0.0,1.0,2.2043842316578357,448,46
BEV2_2024-11-28_drive2.csv,1732791449000000000,1732791450000000000,1732794602000000000,74.88372408242566,74.88372408242566,74.88372408242566,0.0,1.0,1.0,74.9402696043741,2937,1500
BEV2_2024-11-28_drive3.csv,1732807412000000000,1732807412000000000,1732810963000000000,80.58904184576534,80.58904184576532,80.58904184576532,0.0,0.0,1.0,80.65701603362713,3373,1615
BEV2_2024-11-28_drive4.csv,1732814249000000000,1732814249000000000,1732816074000000000,11.573673943331444,11.573673943331444,11.573673943331444,0.0,0.0,0.0,11.573673943331457,1184,233
BEV2_2024-11-29_drive1.csv,1732864051000000000,1732864051000000000,1732865184000000000,2.5971810490742264,2.5971810490742264,2.5971810490742264,0.0,0.0,1.0,2.5971810490742264,655,53
BEV2_2024-11-29_drive2.csv,1732883121000000000,1732883121000000000,1732883673000000000,2.4353119734336457,2.435311973433646,2.435311973433646,0.0,0.0,1.0,2.4353119734336475,415,50
BEV2_2024-11-29_drive3.csv,1732904648000000000,1732904648000000000,1732906063000000000,4.51924484128197,4.519244841281971,4.519244841281971,0.0,0.0,0.0,4.5192448412819655,766,92
BEV2_2024-11-29_drive4.csv,1732911643000000000,1732911644000000000,1732912492000000000,5.887187479612589,5.887187479612589,5.887187479612589,0.0,1.0,1.0,5.88718747961259,751,119
BEV2_2024-11-29_drive5.csv,1732912605000000000,1732912605000000000,1732912892000000000,1.6058877322731837,1.605887732273184,1.605887732273184,0.0,0.0,0.0,1.6058877322731842,245,34
BEV2_2024-11-30_drive1.csv,1732958978000000000,1732958978000000000,1732959957000000000,5.081130028165273,5.081130028165272,5.081130028165272,0.0,0.0,1.0,5.08113002816527,741,103
BEV2_2024-11-30_drive2.csv,1732965683000000000,1732965683000000000,1732966880000000000,5.017799376416763,5.017799376416763,5.017799376416763,0.0,0.0,0.0,5.01779937641676,850,102
BEV2_2024-11-30_drive3.csv,1732974669000000000,1732974669000000000,1732975186000000000,2.037120148601685,2.0371201486016854,2.0371201486016854,0.0,0.0,1.0,2.0371201486016837,323,42
BEV2_2024-11-30_drive4.csv,1732975335000000000,1732975335000000000,1732978647000000000,68.04933974494149,68.04933974494148,68.04933974494148,0.0,0.0,1.0,68.1166232263611,3037,1364
BEV2_2024-11-30_drive5.csv,1732982406000000000,1732982407000000000,1732983674000000000,6.362120808245239,6.362120808245239,6.362120808245239,0.0,1.0,0.0,6.362120808245233,909,129
BEV2_2024-11-30_drive6.csv,1732984474000000000,1732984474000000000,1732986810000000000,49.58555823156391,49.585558231563894,49.585558231563894,0.0,0.0,0.0,49.585558231563915,2143,993
BEV2_2024-11-30_drive7.csv,1732987798000000000,1732987798000000000,1732989848000000000,22.02453965907222,22.02453965907222,22.02453965907222,0.0,0.0,0.0,22.024539659072257,1506,442
BEV2_2024-12-01_drive1.csv,1733042059000000000,1733042059000000000,1733042740000000000,2.067356620361705,2.067356620361705,2.067356620361705,0.0,0.0,1.0,2.067356620361704,360,43
BEV2_2024-12-01_drive2.csv,1733042995000000000,1733042995000000000,1733043310000000000,0.7216081609687848,0.7216081609687848,0.7216081609687848,0.0,0.0,0.0,0.7216081609687846,169,16
BEV2_2024-12-01_drive3.csv,1733044886000000000,1733044886000000000,1733045195000000000,1.238147648538768,1.2381476485387681,1.2381476485387681,0.0,0.0,0.0,1.2381476485387675,209,26
BEV2_2024-12-01_drive4.csv,1733048240000000000,1733048240000000000,1733048324000000000,0.0624907033824991,0.062490703382499124,0.062490703382499124,0.0,0.0,0.0,0.06249070338249911,53,3
BEV2_2024-12-01_drive5.csv,1733052783000000000,1733052783000000000,1733053711000000000,3.7954149295591577,3.7954149295591577,3.7954149295591577,0.0,0.0,0.0,3.7954149295591573,630,77
BEV2_2024-12-01_drive6.csv,1733063519000000000,1733063519000000000,1733064181000000000,4.249184206600823,4.249184206600823,4.249184206600823,0.0,0.0,0.0,4.249184206600823,561,86
BEV2_2024-12-01_drive7.csv,1733079680000000000,1733079680000000000,1733080845000000000,6.232378734346202,6.232378734346202,6.232378734346202,0.0,0.0,1.0,6.2323787343462085,787,126
BEV2_2024-12-01_drive8.csv,1733080982000000000,1733080982000000000,1733081334000000000,2.196767163495109,2.1967671634951094,2.1967671634951094,0.0,0.0,0.0,2.196767163495109,312,45
BEV2_2024-12-08_drive1.csv,1733650584000000000,1733650584000000000,1733651245000000000,3.1936754494964035,3.193675449496403,3.193675449496403,0.0,0.0,0.0,3.193675449496403,528,65
BEV2_2024-12-08_drive2.csv,1733653082000000000,1733653082000000000,1733653504000000000,1.263774212792392,1.263774212792392,1.263774212792392,0.0,0.0,0.0,1.2637742127923923,218,27
BEV2_2024-12-08_drive3.csv,1733656988000000000,1733656988000000000,1733658139000000000,5.277098143670022,5.277098143670023,5.277098143670023,0.0,0.0,1.0,5.277098143670024,759,107
BEV2_2024-12-08_drive4.csv,1733664640000000000,1733664640000000000,1733667944000000000,69.22896305315099,69.22896305315099,69.22896305315099,0.0,0.0,0.0,69.22896305315105,3038,1386
BEV2_2024-12-08_drive5.csv,1733669405000000000,1733669405000000000,1733670304000000000,6.168504159947052,6.168504159947052,6.168504159947052,0.0,0.0,0.0,6.168504159947043,751,125
BEV2_2024-12-08_drive6.csv,1733674034000000000,1733674034000000000,1733677640000000000,65.35984750593472,65.35984750593472,65.35984750593472,0.0,0.0,0.0,65.42627604422614,3287,1310
BEV2_2024-12-09_drive1.csv,1733726707000000000,1733726707000000000,1733729167000000000,7.949290098649225,7.949290098649225,7.949290098649225,0.0,0.0,1.0,7.94929009864922,1552,160
BEV2_2024-12-09_drive2.csv,1733741585000000000,1733741586000000000,1733742407000000000,2.7715964279703384,2.7715964279703384,2.7715964279703384,0.0,1.0,1.0,2.771596427970338,633,57
BEV2_2024-12-09_drive3.csv,1733746012000000000,1733746012000000000,1733746888000000000,11.16399802061476,11.163998020614759,11.163998020614759,0.0,0.0,1.0,11.796896642313353,661,237
BEV2_2024-12-09_drive4.csv,1733761911000000000,1733761912000000000,1733763210000000000,3.7619297805145537,3.7619297805145537,3.7619297805145537,0.0,1.0,1.0,3.761929780514552,618,77
BEV2_2024-12-09_drive5.csv,1733776396000000000,1733776396000000000,1733777018000000000,3.153656564958474,3.153656564958474,3.153656564958474,0.0,0.0,0.0,3.1536565649584762,478,65
BEV2_2024-12-09_drive6.csv,1733778195000000000,1733778195000000000,1733779957000000000,3.992679451141013,3.992679451141014,3.992679451141014,0.0,0.0,1.0,3.9926794511410115,580,81
BEV2_2024-12-10_drive1.csv,1733813080000000000,1733813080000000000,1733814058000000000,3.5251002119055723,3.525100211905572,3.525100211905572,0.0,0.0,0.0,3.5251002119055728,610,72
BEV2_2024-12-10_drive2.csv,1733851504000000000,1733851504000000000,1733852238000000000,3.654201855741436,3.654201855741436,3.654201855741436,0.0,0.0,1.0,3.654201855741438,545,75
BEV2_2024-12-10_drive3.csv,1733852413000000000,1733852413000000000,1733853022000000000,2.6662989097588063,2.6662989097588063,2.6662989097588063,0.0,0.0,0.0,2.6662989097588063,440,55
BEV2_2024-12-11_drive1.csv,1733900033000000000,1733900033000000000,1733901060000000000,2.4608818932883287,2.460881893288329,2.460881893288329,0.0,0.0,0.0,2.460881893288334,587,51
BEV2_2024-12-11_drive2.csv,1733936541000000000,1733936542000000000,1733937249000000000,2.846346611014387,2.846346611014387,2.846346611014387,0.0,1.0,1.0,2.8463466110143867,590,58
BEV2_2024-12-12_drive1.csv,1733985837000000000,1733985837000000000,1733991003000000000,74.94845764509138,74.9484576450914,74.9484576450914,0.0,0.0,1.0,74.94845764509142,3662,1500
BEV2_2024-12-12_drive2.csv,1734001314000000000,1734001314000000000,1734005928000000000,75.93670720902266,75.93670720902267,75.93670720902267,0.0,0.0,0.0,75.93670720902237,3499,1520
BEV2_2024-12-12_drive3.csv,1734017271000000000,1734017271000000000,1734017916000000000,2.821291047082621,2.821291047082621,2.821291047082621,0.0,0.0,1.0,2.8212910470826222,513,58
BEV2_2024-12-13_drive1.csv,1734072427000000000,1734072427000000000,1734074415000000000,4.866559601396534,4.866559601396533,4.866559601396533,0.0,0.0,0.0,4.866559601396521,1040,99
BEV2_2024-12-13_drive2.csv,1734110885000000000,1734110885000000000,1734111653000000000,2.6851880532460832,2.6851880532460832,2.6851880532460832,0.0,0.0,0.0,2.685188053246081,561,55
BEV2_2024-12-13_drive4.csv,1734127130000000000,1734127130000000000,1734128005000000000,4.367904531079914,4.3679045310799145,4.3679045310799145,0.0,0.0,0.0,4.36790453107991,718,89
BEV2_2024-12-14_drive1.csv,1734167209000000000,1734167209000000000,1734168409000000000,7.998241798546101,7.998241798546101,7.998241798546101,0.0,0.0,1.0,7.998241798546103,993,161
BEV2_2024-12-14_drive2.csv,1734178450000000000,1734178450000000000,1734179615000000000,5.709036873999822,5.709036873999822,5.709036873999822,0.0,0.0,1.0,5.709036873999824,827,116
BEV2_2024-12-14_drive3.csv,1734184576000000000,1734184576000000000,1734187499000000000,10.59877458064886,10.598774580648861,10.598774580648861,0.0,0.0,1.0,10.598774580648863,2264,213
BEV2_2024-12-14_drive4.csv,1734194630000000000,1734194630000000000,1734195954000000000,5.835311628845016,5.835311628845016,5.835311628845016,0.0,0.0,0.0,5.835311628845011,1011,118
BEV2_2024-12-14_drive5.csv,1734198592000000000,1734198592000000000,1734199805000000000,4.878715705010014,4.878715705010014,4.878715705010014,0.0,0.0,0.0,4.878715705010015,733,99
BEV2_2024-12-14_drive6.csv,1734206852000000000,1734206852000000000,1734207796000000000,5.6764829140551605,5.6764829140551605,5.6764829140551605,0.0,0.0,0.0,5.676482914055151,758,115
BEV2_2024-12-15_drive1.csv,1734252941000000000,1734252941000000000,1734253809000000000,3.852399427083199,3.852399427083199,3.852399427083199,0.0,0.0,0.0,3.852399427083195,579,79
BEV2_2024-12-15_drive2.csv,1734255800000000000,1734255800000000000,1734256386000000000,1.4309521111008503,1.4309521111008503,1.4309521111008503,0.0,0.0,1.0,1.4309521111008496,349,30
BEV2_2024-12-15_drive3.csv,1734268083000000000,1734268085000000000,1734272048000000000,63.74553199808428,63.745531998084275,63.745531998084275,0.0,2.0,0.0,63.745531998084196,3525,1276
BEV2_2024-12-15_drive4.csv,1734279305000000000,1734279306000000000,1734283182000000000,65.06847150170223,65.06847150170223,65.06847150170223,0.0,1.0,1.0,65.4738918423941,3450,1311
BEV2_2024-12-15_drive5.csv,1734290627000000000,1734290627000000000,1734291786000000000,6.102925105281319,6.10292510528132,6.10292510528132,0.0,0.0,1.0,6.102925105281327,867,124
BEV2_2024-12-15_drive6.csv,1734292393000000000,1734292393000000000,1734294049000000000,4.561634729347075,4.561634729347074,4.561634729347074,0.0,0.0,0.0,4.561634729347072,762,93
BEV2_2024-12-15_drive7.csv,1734305677000000000,1734305677000000000,1734306830000000000,5.869486062085609,5.869486062085609,5.869486062085609,0.0,0.0,0.0,5.869486062085606,715,119
BEV2_2024-12-16_drive1.csv,1734332155000000000,1734332155000000000,1734332810000000000,2.2018085608043587,2.2018085608043587,2.2018085608043587,0.0,0.0,1.0,2.201808560804358,404,46
BEV2_2024-12-17_drive1.csv,1734453174000000000,1734453174000000000,1734454835000000000,36.72943952712159,36.729439527121585,36.729439527121585,0.0,0.0,0.0,39.249894827838105,1499,786
BEV2_2024-12-19_drive2.csv,1734632471000000000,1734632471000000000,1734633761000000000,2.7470498198999853,2.7470498198999853,2.7470498198999853,0.0,0.0,0.0,2.7470498198999884,512,56
BEV2_2024-12-20_drive1.csv,1734718994000000000,1734718994000000000,1734720393000000000,5.174381680177681,5.174381680177682,5.174381680177682,0.0,0.0,1.0,5.174381680177683,696,105
BEV2_2024-12-22_drive1.csv,1734893218000000000,1734893218000000000,1734893679000000000,2.562112749996922,2.562112749996922,2.562112749996922,0.0,0.0,0.0,2.562112749996921,371,53
BEV2_2024-12-23_drive1.csv,1734941689000000000,1734941689000000000,1734945986000000000,82.52320033675029,82.52320033675029,82.52320033675029,0.0,0.0,1.0,83.18584901337967,3321,1665
BEV2_2024-12-23_drive2.csv,1734980508000000000,1734980508000000000,1734982156000000000,34.26964134455173,34.26964134455173,34.26964134455173,0.0,0.0,0.0,34.40402546611879,1578,690
BEV2_2024-12-24_drive1.csv,1735052817000000000,1735052817000000000,1735054026000000000,1.8991132945092213,1.8991132945092215,1.8991132945092215,0.0,0.0,0.0,1.8991132945092228,297,39
BEV2_2024-12-24_drive2.csv,1735062271000000000,1735062271000000000,1735062403000000000,0.8204976461637046,0.8204976461637046,0.8204976461637046,0.0,0.0,0.0,0.8204976461637048,124,18
BEV2_2024-12-26_drive1.csv,1735221611000000000,1735221611000000000,1735223591000000000,32.619034050880046,32.61903405088005,32.61903405088005,0.0,0.0,0.0,32.75514819341672,1696,657
BEV2_2024-12-27_drive1.csv,1735329424000000000,1735329424000000000,1735333624000000000,76.13065539898403,76.13065539898403,76.13065539898403,0.0,0.0,1.0,76.19721730317725,3990,1525
BEV2_2024-12-28_drive1.csv,1735376937000000000,1735376937000000000,1735377390000000000,6.036809768342013,6.036809768342014,6.036809768342014,0.0,0.0,0.0,6.036809768342015,420,122
BEV2_2024-12-28_drive2.csv,1735396889000000000,1735396889000000000,1735397075000000000,0.2836241207103819,0.2836241207103819,0.2836241207103819,0.0,0.0,0.0,0.28362412071038184,128,7
BEV2_2024-12-31_drive1.csv,1735631887000000000,1735631887000000000,1735634752000000000,39.45851448257286,39.45851448257286,39.45851448257286,0.0,0.0,1.0,39.65667553959042,1904,795
BEV2_2024-12-31_drive2.csv,1735646968000000000,1735646968000000000,1735650426000000000,48.364704264385104,48.364704264385104,48.364704264385104,0.0,0.0,0.0,48.43281126309885,2521,970
BEV2_2024-12-31_drive3.csv,1735652706000000000,1735652706000000000,1735654442000000000,24.92742188912103,24.927421889121035,24.927421889121035,0.0,0.0,1.0,27.03134681482741,1331,542
BEV2_2024-12-31_drive4.csv,1735656932000000000,1735656932000000000,1735657185000000000,2.211539719694997,2.211539719694997,2.211539719694997,0.0,0.0,1.0,2.2115397196949957,222,46
BEV2_2024-12-31_drive5.csv,1735659824000000000,1735659824000000000,1735660014000000000,1.005738818755292,1.005738818755292,1.005738818755292,0.0,0.0,0.0,1.0057388187552923,105,22
BEV2_2025-01-01_drive1.csv,1735759419000000000,1735759419000000000,1735759731000000000,2.257253261065658,2.2572532610656584,2.2572532610656584,0.0,0.0,1.0,2.2572532610656597,269,47
BEV2_2025-01-01_drive2.csv,1735761282000000000,1735761282000000000,1735762369000000000,23.111077954386523,23.111077954386523,23.111077954386523,0.0,0.0,1.0,23.11107795438652,1015,464
BEV2_2025-01-02_drive1.csv,1735817798000000000,1735817798000000000,1735818033000000000,2.023280650160427,2.0232806501604275,2.0232806501604275,0.0,0.0,0.0,2.023280650160426,182,42
BEV2_2025-01-02_drive2.csv,1735822452000000000,1735822452000000000,1735822702000000000,5.527625476614697,5.527625476614697,5.527625476614697,0.0,0.0,1.0,5.861971692704268,210,119
BEV2_2025-01-03_drive1.csv,1735913723000000000,1735913723000000000,1735915183000000000,25.30098981002015,25.30098981002015,25.30098981002015,0.0,0.0,0.0,25.433342737072522,1397,510
BEV2_2025-01-03_drive2.csv,1735946621000000000,1735946621000000000,1735947464000000000,20.136241419780504,20.136241419780504,20.136241419780504,0.0,0.0,1.0,20.136241419780493,809,404
BEV2_2025-01-04_drive1.csv,1735973769000000000,1735973769000000000,1735976375000000000,44.6613471737595,44.661347173759495,44.661347173759495,0.0,0.0,1.0,44.999591302126056,2427,901
BEV2_2025-01-04_drive2.csv,1735992720000000000,1735992720000000000,1735992965000000000,2.622949645969426,2.6229496459694257,2.6229496459694257,0.0,0.0,1.0,2.6229496459694266,231,54
BEV2_2025-01-04_drive3.csv,1736011555000000000,1736011555000000000,1736011899000000000,1.413134876670006,1.413134876670006,1.413134876670006,0.0,0.0,0.0,1.413134876670006,205,30
BEV2_2025-01-04_drive4.csv,1736029114000000000,1736029114000000000,1736030519000000000,4.429442628565177,4.429442628565178,4.429442628565178,0.0,0.0,0.0,4.429442628565177,626,90
BEV2_2025-01-05_drive1.csv,1736099469000000000,1736099469000000000,1736099791000000000,1.1378586487451137,1.1378586487451137,1.1378586487451137,0.0,0.0,0.0,1.137858648745113,175,24
BEV2_2025-01-05_drive2.csv,1736111842000000000,1736111842000000000,1736112057000000000,0.6833949753581635,0.6833949753581635,0.6833949753581635,0.0,0.0,1.0,0.6833949753581636,138,15
BEV2_2025-01-05_drive3.csv,1736113974000000000,1736113974000000000,1736114895000000000,20.17355318724242,20.17355318724242,20.17355318724242,0.0,0.0,1.0,20.173553187242426,859,405
BEV2_2025-01-05_drive4.csv,1736116323000000000,1736116323000000000,1736117320000000000,3.926528810566501,3.9265288105665013,3.9265288105665013,0.0,0.0,0.0,3.9265288105664995,452,80
BEV2_2025-01-07_drive1.csv,1736280250000000000,1736280250000000000,1736280733000000000,1.8625289169661587,1.8625289169661587,1.8625289169661587,0.0,0.0,1.0,1.8625289169661587,282,39
BEV2_2025-01-09_drive1.csv,1736407578000000000,1736407578000000000,1736408010000000000,1.4068378608114518,1.4068378608114518,1.4068378608114518,0.0,0.0,0.0,1.4068378608114536,326,30
BEV2_2025-01-09_drive2.csv,1736422879000000000,1736422879000000000,1736423190000000000,0.9910576578199872,0.9910576578199872,0.9910576578199872,0.0,0.0,1.0,0.9910576578199877,222,21
BEV2_2025-01-09_drive5.csv,1736446364000000000,1736446364000000000,1736446665000000000,0.8449571557091362,0.8449571557091362,0.8449571557091362,0.0,0.0,0.0,0.8449571557091362,182,18
BEV2_2025-01-10_drive1.csv,1736529887000000000,1736529887000000000,1736530176000000000,1.11212410005564,1.1121241000556399,1.1121241000556399,0.0,0.0,0.0,1.1121241000556399,195,24
BEV2_2025-01-11_drive1.csv,1736602300000000000,1736602300000000000,1736607410000000000,69.19043746881178,69.19043746881178,69.19043746881178,0.0,0.0,1.0,69.64761864244223,3608,1394
BEV2_2025-01-11_drive2.csv,1736613579000000000,1736613579000000000,1736616102000000000,47.71901608357816,47.71901608357816,47.71901608357816,0.0,0.0,0.0,47.775024656986375,2345,957
BEV2_2025-01-12_drive1.csv,1736671107000000000,1736671107000000000,1736672574000000000,5.26112592364707,5.26112592364707,5.26112592364707,0.0,0.0,1.0,5.26112592364707,883,107
BEV2_2025-01-12_drive2.csv,1736704125000000000,1736704125000000000,1736705213000000000,5.692300788097937,5.692300788097937,5.692300788097937,0.0,0.0,1.0,5.69230078809793,879,115
BEV2_2025-01-12_drive3.csv,1736710262000000000,1736710262000000000,1736710366000000000,0.6839481113135991,0.6839481113135991,0.6839481113135991,0.0,0.0,0.0,0.6839481113135989,97,15
BEV2_2025-01-15_drive1.csv,1736947930000000000,1736947930000000000,1736949187000000000,10.995335405913488,10.995335405913487,10.995335405913487,0.0,0.0,0.0,10.995335405913476,1074,221
BEV2_2025-01-16_drive1.csv,1737057515000000000,1737057515000000000,1737062687000000000,111.3154689649487,111.3154689649487,111.3154689649487,0.0,0.0,0.0,111.38068388567788,4794,2229
BEV2_2025-01-17_drive1.csv,1737097703000000000,1737097703000000000,1737100539000000000,77.65396364356302,77.65396364356302,77.65396364356302,0.0,0.0,1.0,77.65396364356323,2765,1555
BEV2_2025-01-17_drive2.csv,1737131488000000000,1737131488000000000,1737134926000000000,56.276541366876366,56.276541366876366,56.276541366876366,0.0,0.0,0.0,56.27654136687638,3018,1127
BEV2_2025-01-18_drive1.csv,1737187258000000000,1737187258000000000,1737188536000000000,33.04237412333335,33.04237412333336,33.04237412333336,0.0,0.0,0.0,33.04237412333333,1266,662
BEV2_2025-01-20_drive1.csv,1737369613000000000,1737369613000000000,1737369846000000000,1.2058487550949717,1.2058487550949717,1.2058487550949717,0.0,0.0,1.0,1.2058487550949728,215,26
BEV2_2025-01-22_drive1.csv,1737531140000000000,1737531140000000000,1737532884000000000,41.48947401782017,41.48947401782018,41.48947401782018,0.0,0.0,0.0,41.76076513791824,1571,837
BEV2_2025-01-22_drive2.csv,1737563763000000000,1737563763000000000,1737565515000000000,30.744940454980718,30.74494045498072,30.74494045498072,0.0,0.0,1.0,30.80529712707183,1426,618
BEV2_2025-01-24_drive1.csv,1737702986000000000,1737702986000000000,1737707808000000000,47.5806165520766,47.58061655207659,47.58061655207659,0.0,0.0,0.0,47.58061655207667,4056,953
BEV2_2025-01-24_drive2.csv,1737725478000000000,1737725478000000000,1737727748000000000,26.210768760137324,26.210768760137327,26.210768760137327,0.0,0.0,0.0,26.2107687601373,1859,526
BEV2_2025-01-25_drive2.csv,1737823924000000000,1737823924000000000,1737824708000000000,3.929120728425975,3.9291207284259744,3.9291207284259744,0.0,0.0,0.0,3.929120728425973,507,80
BEV2_2025-01-27_drive1.csv,1737960874000000000,1737960874000000000,1737962226000000000,22.01992544079129,22.019925440791294,22.019925440791294,0.0,0.0,0.0,22.01992544079131,1207,442
BEV2_2025-01-27_drive2.csv,1737991091000000000,1737991091000000000,1737992597000000000,22.47050150071956,22.470501500719557,22.470501500719557,0.0,0.0,0.0,22.47050150071952,1074,451
BEV2_2025-01-29_drive1.csv,1738135456000000000,1738135456000000000,1738136776000000000,25.16407183284633,25.164071832846336,25.164071832846336,0.0,0.0,0.0,25.30115234744245,1158,508
BEV2_2025-01-29_drive2.csv,1738161530000000000,1738161530000000000,1738165011000000000,80.51052243348114,80.51052243348113,80.51052243348113,0.0,0.0,1.0,80.70597411399588,3057,1616
BEV2_2025-01-30_drive1.csv,1738243455000000000,1738243455000000000,1738246824000000000,37.6331220989572,37.6331220989572,37.6331220989572,0.0,0.0,1.0,37.70094074581112,2765,756
BEV2_2025-01-30_drive2.csv,1738250136000000000,1738250136000000000,1738252919000000000,26.144305330387542,26.144305330387542,26.144305330387542,0.0,0.0,1.0,26.144305330387557,2031,524
BEV2_2025-01-30_drive3.csv,1738257672000000000,1738257672000000000,1738258736000000000,3.678830343086823,3.6788303430868226,3.6788303430868226,0.0,0.0,0.0,3.678830343086824,609,75
BEV2_2025-01-31_drive1.csv,1738322518000000000,1738322518000000000,1738323015000000000,2.047377237699326,2.047377237699326,2.047377237699326,0.0,0.0,0.0,2.0473772376993242,329,42
BEV2_2025-01-31_drive2.csv,1738337314000000000,1738337314000000000,1738337380000000000,0.1624387283195564,0.16243872831955647,0.16243872831955647,0.0,0.0,0.0,0.16243872831955647,54,5
BEV2_2025-01-31_drive3.csv,1738342577000000000,1738342577000000000,1738343157000000000,2.3877621813492587,2.3877621813492587,2.3877621813492587,0.0,0.0,0.0,2.3877621813492613,452,49
BEV2_2025-02-01_drive1.csv,1738416133000000000,1738416133000000000,1738416434000000000,1.903563224085679,1.903563224085679,1.903563224085679,0.0,0.0,1.0,1.9035632240856797,242,40
BEV2_2025-02-01_drive2.csv,1738432075000000000,1738432075000000000,1738432576000000000,3.0724445939006,3.0724445939005993,3.0724445939005993,0.0,0.0,0.0,3.0724445939005967,416,63
BEV2_2025-02-01_drive3.csv,1738432669000000000,1738432669000000000,1738433000000000000,1.893172976752305,1.8931729767523047,1.8931729767523047,0.0,0.0,1.0,1.8931729767523038,193,39
BEV2_2025-02-01_drive4.csv,1738435067000000000,1738435067000000000,1738435507000000000,2.3863622864563565,2.3863622864563556,2.3863622864563556,0.0,0.0,0.0,2.3863622864563583,352,49
BEV2_2025-02-01_drive5.csv,1738441386000000000,1738441386000000000,1738441692000000000,1.9081482756613095,1.9081482756613097,1.9081482756613097,0.0,0.0,1.0,1.9081482756613093,261,40
BEV2_2025-02-01_drive6.csv,1738452646000000000,1738452646000000000,1738452975000000000,2.388434526586629,2.3884345265866287,2.3884345265866287,0.0,0.0,1.0,2.3884345265866287,310,49
BEV2_2025-02-02_drive1.csv,1738485227000000000,1738485227000000000,1738485950000000000,1.9044134265130128,1.9044134265130126,1.9044134265130126,0.0,0.0,1.0,1.9044134265130133,253,40
BEV2_2025-02-02_drive2.csv,1738491218000000000,1738491218000000000,1738491677000000000,2.3873005483360004,2.3873005483360004,2.3873005483360004,0.0,0.0,1.0,2.3873005483360012,402,49
BEV2_2025-02-02_drive3.csv,1738504016000000000,1738504016000000000,1738504460000000000,1.90400154958526,1.9040015495852596,1.9040015495852596,0.0,0.0,0.0,1.9040015495852596,279,40
BEV2_2025-02-02_drive4.csv,1738518841000000000,1738518841000000000,1738519175000000000,2.363639371630659,2.3636393716306587,2.3636393716306587,0.0,0.0,0.0,2.363639371630657,292,49
BEV2_2025-02-02_drive5.csv,1738519277000000000,1738519277000000000,1738521197000000000,6.335295766457872,6.335295766457872,6.335295766457872,0.0,0.0,0.0,6.335295766457872,785,128
BEV2_2025-02-02_drive6.csv,1738521760000000000,1738521760000000000,1738522135000000000,1.9720580333922264,1.9720580333922264,1.9720580333922264,0.0,0.0,1.0,1.9720580333922269,284,41
BEV2_2025-02-02_drive7.csv,1738525424000000000,1738525424000000000,1738525698000000000,1.9013383555861767,1.9013383555861774,1.9013383555861774,0.0,0.0,1.0,1.9013383555861774,237,40
BEV2_2025-02-02_drive8.csv,1738536072000000000,1738536072000000000,1738536439000000000,2.395417523195289,2.395417523195288,2.395417523195288,0.0,0.0,1.0,2.3954175231952894,327,49
BEV2_2025-02-03_drive1.csv,1738561096000000000,1738561096000000000,1738562869000000000,4.021469601746867,4.021469601746867,4.021469601746867,0.0,0.0,1.0,4.021469601746865,431,82
BEV2_2025-02-03_drive2.csv,1738562955000000000,1738562955000000000,1738562969000000000,0.0134968927921962,0.01349689279219626,0.01349689279219626,0.0,0.0,1.0,0.013496892792196262,6,2
BEV2_2025-02-03_drive3.csv,1738563584000000000,1738563584000000000,1738564258000000000,3.6029018450410177,3.6029018450410177,3.6029018450410177,0.0,0.0,0.0,3.60290184504102,498,74
BEV2_2025-02-03_drive4.csv,1738571754000000000,1738571754000000000,1738571819000000000,0.0111011838284775,0.01110118382847754,0.01110118382847754,0.0,0.0,1.0,0.01110118382847754,14,2
BEV2_2025-02-03_drive5.csv,1738598872000000000,1738598872000000000,1738599238000000000,1.6109585510572892,1.6109585510572892,1.6109585510572892,0.0,0.0,0.0,1.6109585510572884,308,34
BEV2_2025-02-03_drive6.csv,1738611540000000000,1738611540000000000,1738612155000000000,1.89906809137102,1.8990680913710194,1.8990680913710194,0.0,0.0,0.0,1.8990680913710187,262,39
BEV2_2025-02-03_drive7.csv,1738625174000000000,1738625174000000000,1738625517000000000,2.384101955187475,2.3841019551874756,2.3841019551874756,0.0,0.0,0.0,2.3841019551874756,305,49
BEV2_2025-02-04_drive1.csv,1738650985000000000,1738650985000000000,1738651593000000000,2.137659061571901,2.1376590615719007,2.1376590615719007,0.0,0.0,1.0,2.1376590615719,364,44
BEV2_2025-02-04_drive2.csv,1738653409000000000,1738653409000000000,1738656962000000000,30.59770795295363,30.59770795295363,30.59770795295363,0.0,0.0,0.0,30.597707952953588,3203,613
BEV2_2025-02-04_drive3.csv,1738676140000000000,1738676140000000000,1738678441000000000,27.320056239865867,27.32005623986586,27.32005623986586,0.0,0.0,1.0,27.320056239865878,1808,548
BEV2_2025-02-04_drive4.csv,1738685614000000000,1738685614000000000,1738686319000000000,2.393109502894594,2.3931095028945935,2.3931095028945935,0.0,0.0,0.0,2.393109502894593,409,49
BEV2_2025-02-05_drive1.csv,1738749889000000000,1738749889000000000,1738752032000000000,55.606129880495104,55.60612988049512,55.60612988049512,0.0,0.0,0.0,55.60612988049505,2085,1114
BEV2_2025-02-05_drive2.csv,1738773960000000000,1738773960000000000,1738776371000000000,64.31613279172083,64.31613279172083,64.31613279172083,0.0,0.0,1.0,64.31613279172072,2245,1288
BEV2_2025-02-06_drive1.csv,1738825518000000000,1738825518000000000,1738829022000000000,57.02557670720729,57.02557670720729,57.02557670720729,0.0,0.0,1.0,64.71745588342047,2234,1296
BEV2_2025-02-06_drive2.csv,1738859082000000000,1738859082000000000,1738861632000000000,53.9697933518692,53.9697933518692,53.9697933518692,0.0,0.0,0.0,53.96979335186926,2309,1081
BEV2_2025-02-07_drive1.csv,1738934984000000000,1738934984000000000,1738937598000000000,50.74091944229572,50.74091944229572,50.74091944229572,0.0,0.0,1.0,50.88229536312828,2400,1019
BEV2_2025-02-07_drive2.csv,1738939328000000000,1738939328000000000,1738939413000000000,0.0885984708991512,0.08859847089915127,0.08859847089915127,0.0,0.0,1.0,0.08859847089915125,64,3
BEV2_2025-02-07_drive3.csv,1738944818000000000,1738944818000000000,1738946941000000000,40.47227972223886,40.47227972223886,40.47227972223886,0.0,0.0,1.0,40.54033140077011,1942,812
BEV2_2025-02-09_drive1.csv,1739129408000000000,1739129408000000000,1739129995000000000,7.250259789888304,7.250259789888304,7.250259789888304,0.0,0.0,1.0,7.250259789888313,576,147
BEV2_2025-02-11_drive1.csv,1739254221000000000,1739254221000000000,1739256821000000000,17.537580799828916,17.537580799828916,17.537580799828916,0.0,0.0,1.0,17.5375807998289,2282,352
BEV2_2025-02-11_drive2.csv,1739304605000000000,1739304605000000000,1739306256000000000,22.79054166820153,22.790541668201534,22.790541668201534,0.0,0.0,0.0,22.790541668201534,1477,457
BEV2_2025-02-12_drive1.csv,1739342719000000000,1739342719000000000,1739344962000000000,13.719485195650424,13.719485195650426,13.719485195650426,0.0,0.0,0.0,13.719485195650446,1843,276
BEV2_2025-02-12_drive2.csv,1739380256000000000,1739380256000000000,1739382669000000000,28.63469794933195,28.634697949331947,28.634697949331947,0.0,0.0,0.0,28.764399286360014,1646,577
BEV2_2025-02-12_drive3.csv,1739392706000000000,1739392706000000000,1739393483000000000,8.576898913970007,8.576898913970005,8.576898913970005,0.0,0.0,1.0,9.379060882688615,646,189
BEV2_2025-02-14_drive1.csv,1739546740000000000,1739546740000000000,1739548206000000000,27.52092698523528,27.52092698523528,27.52092698523528,0.0,0.0,1.0,27.52092698523534,1351,552
BEV2_2025-02-14_drive2.csv,1739549228000000000,1739549228000000000,1739549934000000000,1.125121533458207,1.125121533458207,1.125121533458207,0.0,0.0,0.0,1.1251215334582068,217,24
BEV2_2025-02-15_drive1.csv,1739609070000000000,1739609070000000000,1739609763000000000,1.963639933965092,1.963639933965092,1.963639933965092,0.0,0.0,1.0,1.963639933965091,373,41
BEV2_2025-02-15_drive2.csv,1739613377000000000,1739613377000000000,1739613588000000000,0.8468255457353029,0.8468255457353028,0.8468255457353028,0.0,0.0,0.0,0.8468255457353032,197,18
BEV2_2025-02-15_drive3.csv,1739623969000000000,1739623969000000000,1739624204000000000,0.785815510308064,0.785815510308064,0.785815510308064,0.0,0.0,0.0,0.7858155103080638,187,17
BEV2_2025-02-15_drive4.csv,1739639371000000000,1739639372000000000,1739640048000000000,1.915174963554424,1.9151749635544242,1.9151749635544242,0.0,1.0,1.0,1.9151749635544235,378,40
BEV2_2025-02-15_drive5.csv,1739643436000000000,1739643436000000000,1739651428000000000,154.92757886393093,154.92757886393093,154.92757886393093,0.0,0.0,1.0,154.9927045074191,7424,3101
BEV2_2025-02-15_drive6.csv,1739653576000000000,1739653576000000000,1739653978000000000,2.3228912771871792,2.322891277187179,2.322891277187179,0.0,0.0,1.0,2.322891277187179,292,48
BEV2_2025-02-16_drive1.csv,1739696593000000000,1739696593000000000,1739697129000000000,3.4648047377230498,3.4648047377230498,3.4648047377230498,0.0,0.0,0.0,3.46480473772305,473,71
BEV2_2025-02-16_drive2.csv,1739704038000000000,1739704038000000000,1739704877000000000,3.7526095837196434,3.752609583719643,3.752609583719643,0.0,0.0,1.0,3.752609583719644,560,77
BEV2_2025-02-16_drive3.csv,1739710222000000000,1739710222000000000,1739717215000000000,144.13192368913354,144.13192368913354,144.13192368913354,0.0,0.0,1.0,144.19984149715157,6410,2885
BEV2_2025-02-16_drive4.csv,1739722156000000000,1739722156000000000,1739723329000000000,7.558125846950912,7.558125846950912,7.558125846950912,0.0,0.0,0.0,7.558125846950909,888,153
BEV2_2025-02-16_drive6.csv,1739730989000000000,1739730989000000000,1739733531000000000,8.858794019318127,8.858794019318127,8.858794019318127,0.0,0.0,0.0,8.858794019318113,1173,179
BEV2_2025-02-16_drive7.csv,1739737422000000000,1739737422000000000,1739738148000000000,2.3249036679673667,2.324903667967366,2.324903667967366,0.0,0.0,1.0,2.324903667967366,423,48
BEV2_2025-02-16_drive8.csv,1739738732000000000,1739738732000000000,1739739177000000000,1.9111704988165577,1.911170498816558,1.911170498816558,0.0,0.0,0.0,1.9111704988165585,314,40
BEV2_2025-02-17_drive1.csv,1739774473000000000,1739774473000000000,1739775119000000000,2.190139810840789,2.1901398108407886,2.1901398108407886,0.0,0.0,1.0,2.1901398108407872,395,45
BEV2_2025-02-17_drive2.csv,1739791546000000000,1739791546000000000,1739793250000000000,9.32632800202159,9.326328002021588,9.326328002021588,0.0,0.0,1.0,9.32632800202161,1308,188
BEV2_2025-02-17_drive3.csv,1739800547000000000,1739800547000000000,1739800769000000000,1.1232292059132358,1.1232292059132358,1.1232292059132358,0.0,0.0,1.0,1.1232292059132363,198,24
BEV2_2025-02-19_drive1.csv,1739955511000000000,1739955511000000000,1739957542000000000,50.84281879191627,50.84281879191627,50.84281879191627,0.0,0.0,0.0,56.19109378938553,1854,1125
BEV2_2025-02-19_drive2.csv,1739981221000000000,1739981221000000000,1739983198000000000,53.44049824717472,53.440498247174716,53.440498247174716,0.0,0.0,0.0,53.50234764257008,1944,1072
BEV2_2025-02-21_drive1.csv,1740160362000000000,1740160362000000000,1740161575000000000,3.9046485454981417,3.904648545498141,3.904648545498141,0.0,0.0,1.0,3.904648545498136,709,80
BEV2_2025-02-22_drive1.csv,1740220903000000000,1740220903000000000,1740222253000000000,3.405278482442593,3.405278482442593,3.405278482442593,0.0,0.0,1.0,3.4052784824425952,573,70
BEV2_2025-02-23_drive1.csv,1740299871000000000,1740299871000000000,1740300108000000000,1.271634451827809,1.2716344518278089,1.2716344518278089,0.0,0.0,1.0,1.271634451827809,184,27
BEV2_2025-02-24_drive1.csv,1740409855000000000,1740409855000000000,1740410224000000000,1.1573813516416795,1.1573813516416795,1.1573813516416795,0.0,0.0,1.0,1.1573813516416798,212,25
BEV2_2025-02-24_drive2.csv,1740411573000000000,1740411573000000000,1740411604000000000,0.0242096489542456,0.024209648954245683,0.024209648954245683,0.0,0.0,0.0,0.024209648954245683,17,2
BEV2_2025-02-26_drive1.csv,1740555994000000000,1740555994000000000,1740556317000000000,1.2273510313313534,1.2273510313313534,1.2273510313313534,0.0,0.0,0.0,1.2273510313313547,176,26
BEV2_2025-02-26_drive2.csv,1740590656000000000,1740590656000000000,1740593895000000000,83.0393485182459,83.0393485182459,83.0393485182459,0.0,0.0,1.0,83.76844440826278,3087,1677
BEV2_2025-02-27_drive1.csv,1740638394000000000,1740638394000000000,1740638633000000000,0.559573878861594,0.5595738788615939,0.5595738788615939,0.0,0.0,0.0,0.5595738788615939,112,13
BEV2_2025-02-27_drive2.csv,1740639087000000000,1740639087000000000,1740640646000000000,6.179687399146404,6.179687399146404,6.179687399146404,0.0,0.0,0.0,6.179687399146408,1111,125
BEV2_2025-02-27_drive3.csv,1740675276000000000,1740675276000000000,1740676222000000000,4.013509123211172,4.013509123211172,4.013509123211172,0.0,0.0,0.0,4.01350912321117,765,82
BEV2_2025-02-27_drive4.csv,1740676450000000000,1740676450000000000,1740677072000000000,2.5704360672623,2.5704360672623,2.5704360672623,0.0,0.0,1.0,2.5704360672623023,402,53
BEV2_2025-02-28_drive1.csv,1740725602000000000,1740725602000000000,1740726228000000000,2.282043840957292,2.282043840957292,2.282043840957292,0.0,0.0,1.0,2.2820438409572934,449,47
BEV2_2025-02-28_drive2.csv,1740732917000000000,1740732917000000000,1740733457000000000,1.7733197798327485,1.7733197798327487,1.7733197798327487,0.0,0.0,1.0,1.7733197798327482,302,37
BEV2_2025-02-28_drive3.csv,1740733557000000000,1740733557000000000,1740734161000000000,2.809637566308657,2.8096375663086572,2.8096375663086572,0.0,0.0,0.0,2.8096375663086515,456,58
BEV2_2025-02-28_drive4.csv,1740740548000000000,1740740548000000000,1740740890000000000,1.6150847641488602,1.6150847641488602,1.6150847641488602,0.0,0.0,0.0,1.6150847641488595,331,34
BEV2_2025-02-28_drive5.csv,1740767574000000000,1740767574000000000,1740768165000000000,2.540085600100717,2.5400856001007175,2.5400856001007175,0.0,0.0,1.0,2.5400856001007175,449,52
BEV2_2025-03-02_drive1.csv,1740906978000000000,1740906978000000000,1740907386000000000,2.4791349318421747,2.4791349318421747,2.4791349318421747,0.0,0.0,0.0,2.479134931842174,346,51
BEV2_2025-03-02_drive2.csv,1740908387000000000,1740908387000000000,1740908751000000000,1.2548304444107372,1.2548304444107372,1.2548304444107372,0.0,0.0,1.0,1.2548304444107377,231,27
BEV2_2025-03-02_drive3.csv,1740919394000000000,1740919394000000000,1740924325000000000,68.83968881231758,68.83968881231758,68.83968881231758,0.0,0.0,1.0,68.90777374166525,3638,1380
BEV2_2025-03-02_drive4.csv,1740925108000000000,1740925108000000000,1740926237000000000,6.183128583193825,6.183128583193825,6.183128583193825,0.0,0.0,1.0,6.1831285831938265,812,125
BEV2_2025-03-02_drive5.csv,1740937347000000000,1740937347000000000,1740938006000000000,1.7496063517563034,1.7496063517563034,1.7496063517563034,0.0,0.0,1.0,1.7496063517563047,417,36
BEV2_2025-03-02_drive6.csv,1740953576000000000,1740953576000000000,1740956722000000000,66.68975231742512,66.6897523174251,66.6897523174251,0.0,0.0,0.0,66.6897523174251,2953,1335
BEV2_2025-03-03_drive1.csv,1740984557000000000,1740984557000000000,1740985041000000000,2.312406093319985,2.312406093319985,2.312406093319985,0.0,0.0,0.0,2.312406093319984,340,48
BEV2_2025-03-03_drive2.csv,1741022298000000000,1741022298000000000,1741022952000000000,2.5562606157202064,2.5562606157202064,2.5562606157202064,0.0,0.0,0.0,2.556260615720204,514,53
BEV2_2025-03-04_drive1.csv,1741057981000000000,1741057981000000000,1741059351000000000,24.834984745669157,24.834984745669157,24.834984745669157,0.0,0.0,1.0,24.83498474566917,1134,498
BEV2_2025-03-06_drive1.csv,1741281289000000000,1741281289000000000,1741283113000000000,26.68188909033281,26.68188909033281,26.68188909033281,0.0,0.0,1.0,26.681889090332746,1623,535
BEV2_2025-03-07_drive1.csv,1741331770000000000,1741331770000000000,1741332325000000000,2.219827446461872,2.2198274464618715,2.2198274464618715,0.0,0.0,1.0,2.2198274464618697,391,46
BEV2_2025-03-07_drive2.csv,1741356613000000000,1741356613000000000,1741356710000000000,0.0329118431807289,0.032911843180728845,0.032911843180728845,0.0,0.0,0.0,0.03291184318072884,47,2
BEV2_2025-03-07_drive3.csv,1741365840000000000,1741365840000000000,1741365961000000000,0.2496336054495977,0.24963360544959778,0.24963360544959778,0.0,0.0,1.0,0.2496336054495978,75,6
BEV2_2025-03-07_drive4.csv,1741366148000000000,1741366148000000000,1741366921000000000,2.392304891212861,2.392304891212861,2.392304891212861,0.0,0.0,0.0,2.3923048912128624,482,49
BEV2_2025-03-07_drive5.csv,1741368516000000000,1741368516000000000,1741368952000000000,2.256138954811844,2.256138954811844,2.256138954811844,0.0,0.0,1.0,2.2561389548118433,316,47
BEV2_2025-03-07_drive6.csv,1741369616000000000,1741369616000000000,1741370106000000000,2.504211138130042,2.504211138130042,2.504211138130042,0.0,0.0,0.0,2.504211138130042,358,52
BEV2_2025-03-08_drive1.csv,1741424378000000000,1741424378000000000,1741425992000000000,3.383162012022533,3.3831620120225327,3.3831620120225327,0.0,0.0,1.0,3.38316201202253,502,69
BEV2_2025-03-08_drive2.csv,1741426163000000000,1741426163000000000,1741426693000000000,2.6001117035402483,2.6001117035402483,2.6001117035402483,0.0,0.0,1.0,2.600111703540249,413,54
BEV2_2025-03-08_drive3.csv,1741458257000000000,1741458257000000000,1741459010000000000,3.8972730018611887,3.8972730018611887,3.8972730018611887,0.0,0.0,1.0,3.897273001861189,592,79
BEV2_2025-03-08_drive4.csv,1741466167000000000,1741466167000000000,1741466598000000000,2.382846578776047,2.3828465787760464,2.3828465787760464,0.0,0.0,1.0,2.3828465787760478,323,49
BEV2_2025-03-09_drive1.csv,1741513765000000000,1741513765000000000,1741514387000000000,1.9569108899779544,1.9569108899779546,1.9569108899779546,0.0,0.0,1.0,1.9569108899779548,403,41
BEV2_2025-03-09_drive2.csv,1741517140000000000,1741517140000000000,1741517530000000000,1.212876817895685,1.212876817895685,1.212876817895685,0.0,0.0,1.0,1.2128768178956848,245,26
BEV2_2025-03-09_drive3.csv,1741519386000000000,1741519386000000000,1741520347000000000,5.03741920529836,5.037419205298359,5.037419205298359,0.0,0.0,0.0,5.037419205298353,771,102
BEV2_2025-03-09_drive4.csv,1741528366000000000,1741528366000000000,1741532192000000000,63.78092448217731,63.7809244821773,63.7809244821773,0.0,0.0,1.0,64.05550145452085,3146,1283
BEV2_2025-03-09_drive5.csv,1741536212000000000,1741536212000000000,1741540101000000000,67.78620940930003,67.78620940930003,67.78620940930003,0.0,0.0,1.0,67.8465439546081,3253,1358
BEV2_2025-03-09_drive6.csv,1741549686000000000,1741549686000000000,1741550334000000000,1.8475405371279825,1.8475405371279825,1.8475405371279825,0.0,0.0,1.0,1.847540537127983,320,38
BEV2_2025-03-09_drive7.csv,1741550827000000000,1741550827000000000,1741551380000000000,2.498582339560066,2.4985823395600666,2.4985823395600666,0.0,0.0,1.0,2.498582339560066,366,51
BEV2_2025-03-10_drive1.csv,1741588428000000000,1741588428000000000,1741588926000000000,2.512508474262595,2.512508474262595,2.512508474262595,0.0,0.0,0.0,2.5125084742625945,393,52
BEV2_2025-03-10_drive2.csv,1741600967000000000,1741600967000000000,1741601017000000000,0.0182366551011973,0.018236655101197354,0.018236655101197354,0.0,0.0,0.0,0.018236655101197364,27,2
BEV2_2025-03-10_drive3.csv,1741623899000000000,1741623899000000000,1741624753000000000,2.5936355897369543,2.5936355897369543,2.5936355897369543,0.0,0.0,0.0,2.5936355897369525,511,53
BEV2_2025-03-11_drive1.csv,1741674791000000000,1741674791000000000,1741675512000000000,2.272564991171646,2.272564991171646,2.272564991171646,0.0,0.0,1.0,2.2725649911716457,466,47
BEV2_2025-03-11_drive2.csv,1741706821000000000,1741706821000000000,1741707563000000000,2.580828018096766,2.580828018096766,2.580828018096766,0.0,0.0,0.0,2.580828018096767,480,53
BEV2_2025-03-11_drive3.csv,1741712152000000000,1741712152000000000,1741712978000000000,2.644499228218504,2.6444992282185042,2.6444992282185042,0.0,0.0,1.0,2.644499228218504,545,54
BEV2_2025-03-11_drive4.csv,1741724900000000000,1741724900000000000,1741725369000000000,2.071276382479281,2.0712763824792804,2.0712763824792804,0.0,0.0,1.0,2.071276382479281,358,43
BEV2_2025-03-11_drive5.csv,1741725454000000000,1741725454000000000,1741725591000000000,0.6291609880918104,0.6291609880918104,0.6291609880918104,0.0,0.0,0.0,0.6291609880918102,115,14
BEV2_2025-03-12_drive1.csv,1741759687000000000,1741759687000000000,1741766687000000000,118.61681416499748,118.61681416499748,118.61681416499748,0.0,0.0,1.0,118.74929167255084,5939,2376
BEV2_2025-03-12_drive2.csv,1741788396000000000,1741788396000000000,1741794612000000000,123.5655971141568,123.56559711415679,123.56559711415679,0.0,0.0,0.0,123.62320690208776,5876,2474
BEV2_2025-03-12_drive3.csv,1741801352000000000,1741801352000000000,1741801775000000000,1.9353049666435576,1.935304966643558,1.935304966643558,0.0,0.0,0.0,1.9353049666435564,293,40
BEV2_2025-03-12_drive4.csv,1741808549000000000,1741808549000000000,1741809142000000000,2.501142728054829,2.5011427280548295,2.5011427280548295,0.0,0.0,0.0,2.5011427280548304,393,52
BEV2_2025-03-13_drive1.csv,1741848059000000000,1741848059000000000,1741848744000000000,2.432225326271836,2.432225326271836,2.432225326271836,0.0,0.0,0.0,2.4322253262718365,429,50
BEV2_2025-03-13_drive2.csv,1741881141000000000,1741881141000000000,1741881817000000000,2.7635735417119616,2.763573541711961,2.763573541711961,0.0,0.0,0.0,2.763573541711961,507,57
BEV2_2025-03-13_drive3.csv,1741883643000000000,1741883643000000000,1741887746000000000,70.33462936452685,70.33462936452683,70.33462936452683,0.0,0.0,1.0,70.46195505484498,2930,1411
BEV2_2025-03-13_drive4.csv,1741897584000000000,1741897584000000000,1741900457000000000,62.06901902204709,62.06901902204709,62.06901902204709,0.0,0.0,1.0,65.93459947072597,2574,1320
BEV2_2025-03-14_drive1.csv,1741935265000000000,1741935265000000000,1741937357000000000,6.291162442372462,6.291162442372462,6.291162442372462,0.0,0.0,1.0,6.291162442372458,1205,127
BEV2_2025-03-14_drive2.csv,1741942698000000000,1741942698000000000,1741943069000000000,2.341477175415726,2.3414771754157266,2.3414771754157266,0.0,0.0,1.0,2.3414771754157284,331,48
BEV2_2025-03-14_drive3.csv,1741943188000000000,1741943188000000000,1741943999000000000,3.4684336244648994,3.4684336244648994,3.4684336244648994,0.0,0.0,1.0,3.4684336244648994,567,71
BEV2_2025-03-14_drive4.csv,1741951372000000000,1741951372000000000,1741952242000000000,3.672446105570852,3.672446105570852,3.672446105570852,0.0,0.0,1.0,3.6724461055708515,557,75
BEV2_2025-03-14_drive5.csv,1741958335000000000,1741958335000000000,1741958920000000000,2.2462080755627483,2.2462080755627483,2.2462080755627483,0.0,0.0,0.0,2.246208075562749,320,46
BEV2_2025-03-14_drive6.csv,1741970691000000000,1741970692000000000,1741971335000000000,2.6119578845735143,2.6119578845735143,2.6119578845735143,0.0,1.0,1.0,2.6119578845735143,424,54
BEV2_2025-03-14_drive7.csv,1741972094000000000,1741972094000000000,1741973180000000000,4.5002356040640175,4.5002356040640175,4.5002356040640175,0.0,0.0,1.0,4.500235604064022,710,92
BEV2_2025-03-14_drive8.csv,1741976396000000000,1741976396000000000,1741977476000000000,4.805720084240486,4.805720084240486,4.805720084240486,0.0,0.0,1.0,4.805720084240489,815,98
BEV2_2025-03-15_drive1.csv,1742032905000000000,1742032905000000000,1742033252000000000,3.034250009933908,3.0342500099339076,3.0342500099339076,0.0,0.0,0.0,3.0342500099339076,330,62
BEV2_2025-03-15_drive2.csv,1742033495000000000,1742033495000000000,1742033837000000000,2.474703221011598,2.474703221011598,2.474703221011598,0.0,0.0,1.0,2.4747032210115982,279,51
BEV2_2025-03-15_drive3.csv,1742034928000000000,1742034928000000000,1742035450000000000,2.6929484853382646,2.6929484853382646,2.6929484853382646,0.0,0.0,0.0,2.692948485338263,419,55
BEV2_2025-03-15_drive4.csv,1742039031000000000,1742039031000000000,1742039559000000000,2.6348895549084443,2.6348895549084443,2.6348895549084443,0.0,0.0,0.0,2.634889554908442,478,54
BEV2_2025-03-15_drive5.csv,1742045880000000000,1742045880000000000,1742049660000000000,69.12072680684508,69.12072680684508,69.12072680684508,0.0,0.0,1.0,69.32143645818486,3398,1388
BEV2_2025-03-15_drive6.csv,1742050424000000000,1742050425000000000,1742051338000000000,6.198239235561769,6.198239235561769,6.198239235561769,0.0,1.0,0.0,6.198239235561774,738,125
BEV2_2025-03-15_drive7.csv,1742054276000000000,1742054276000000000,1742057043000000000,37.23558665607075,37.23558665607075,37.23558665607075,0.0,0.0,0.0,46.94022833563747,2156,940
BEV2_2025-03-15_drive8.csv,1742058012000000000,1742058012000000000,1742059068000000000,18.55826795629741,18.55826795629741,18.55826795629741,0.0,0.0,0.0,18.558267956297417,897,373
BEV2_2025-03-16_drive1.csv,1742117712000000000,1742117712000000000,1742118144000000000,1.888382997833248,1.8883829978332474,1.8883829978332474,0.0,0.0,1.0,1.8883829978332483,309,39
BEV2_2025-03-16_drive2.csv,1742118556000000000,1742118556000000000,1742119098000000000,1.285399658639642,1.285399658639642,1.285399658639642,0.0,0.0,0.0,1.2853996586396423,353,27
BEV2_2025-03-16_drive3.csv,1742120953000000000,1742120953000000000,1742121546000000000,1.4636909539090466,1.4636909539090466,1.4636909539090466,0.0,0.0,0.0,1.4636909539090477,350,31
BEV2_2025-03-16_drive4.csv,1742125826000000000,1742125827000000000,1742126707000000000,5.180963657107678,5.180963657107678,5.180963657107678,0.0,1.0,1.0,5.180963657107682,683,105
BEV2_2025-03-16_drive5.csv,1742128726000000000,1742128726000000000,1742129319000000000,0.0357049983400387,0.03570499834003879,0.03570499834003879,0.0,0.0,0.0,0.035704998340038784,35,2
BEV2_2025-03-16_drive6.csv,1742129405000000000,1742129405000000000,1742130785000000000,26.03957894224698,26.039578942246983,26.039578942246983,0.0,0.0,0.0,26.039578942246997,1302,522
BEV2_2025-03-16_drive7.csv,1742143209000000000,1742143209000000000,1742144893000000000,26.43827858007608,26.438278580076076,26.438278580076076,0.0,0.0,1.0,26.505498706964094,1579,532
BEV2_2025-03-17_drive1.csv,1742193678000000000,1742193678000000000,1742194190000000000,2.127209671715221,2.127209671715221,2.127209671715221,0.0,0.0,0.0,2.127209671715221,346,44
BEV2_2025-03-18_drive1.csv,1742282397000000000,1742282397000000000,1742284955000000000,72.87751909395857,72.87751909395857,72.87751909395857,0.0,0.0,1.0,72.99883507131999,2465,1461
BEV2_2025-03-18_drive2.csv,1742313757000000000,1742313757000000000,1742317240000000000,83.04699708852033,83.04699708852033,83.04699708852033,0.0,0.0,0.0,83.04699708852054,3192,1662
BEV2_2025-03-20_drive1.csv,1742471952000000000,1742471952000000000,1742473211000000000,24.39558392901953,24.39558392901953,24.39558392901953,0.0,0.0,0.0,24.395583929019555,1104,489
BEV2_2025-03-20_drive2.csv,1742488760000000000,1742488760000000000,1742491692000000000,61.7625464932263,61.7625464932263,61.7625464932263,0.0,0.0,0.0,61.834787059676984,2593,1238
BEV2_2025-03-22_drive1.csv,1742629638000000000,1742629638000000000,1742630146000000000,7.135557482741984,7.135557482741984,7.135557482741984,0.0,0.0,1.0,7.13555748274198,494,144
BEV2_2025-03-22_drive2.csv,1742643005000000000,1742643005000000000,1742643572000000000,3.3947704482492527,3.3947704482492522,3.3947704482492522,0.0,0.0,1.0,3.394770448249251,480,69
BEV2_2025-03-22_drive3.csv,1742651509000000000,1742651509000000000,1742653876000000000,50.36415043096811,50.36415043096811,50.36415043096811,0.0,0.0,0.0,50.43232478176869,2191,1010
BEV2_2025-03-22_drive4.csv,1742660095000000000,1742660095000000000,1742662409000000000,43.08424363053743,43.08424363053743,43.08424363053743,0.0,0.0,0.0,43.08424363053755,1860,863
BEV2_2025-03-23_drive1.csv,1742722511000000000,1742722511000000000,1742723049000000000,1.5318047416705314,1.5318047416705314,1.5318047416705314,0.0,0.0,0.0,1.5318047416705312,391,32
BEV2_2025-03-23_drive2.csv,1742755815000000000,1742755816000000000,1742756734000000000,3.678561909118801,3.678561909118801,3.678561909118801,0.0,1.0,1.0,3.6785619091187987,542,75
BEV2_2025-03-24_drive1.csv,1742815512000000000,1742815512000000000,1742815544000000000,0.0142001861854138,0.014200186185413875,0.014200186185413875,0.0,0.0,1.0,0.014200186185413872,23,2
BEV2_2025-03-26_drive1.csv,1742971476000000000,1742971476000000000,1742974186000000000,51.49785496638743,51.49785496638743,51.49785496638743,0.0,0.0,1.0,67.43178936250334,2122,1350
BEV2_2025-03-28_drive1.csv,1743170077000000000,1743170077000000000,1743170275000000000,0.6178635334170043,0.6178635334170042,0.6178635334170042,0.0,0.0,1.0,0.617863533417004,169,14
BEV2_2025-03-28_drive2.csv,1743175467000000000,1743175467000000000,1743175672000000000,0.9894054268575728,0.9894054268575725,0.9894054268575725,0.0,0.0,1.0,0.9894054268575727,114,21
BEV2_2025-03-28_drive3.csv,1743189420000000000,1743189420000000000,1743190475000000000,8.798452443506548,8.798452443506548,8.798452443506548,0.0,0.0,1.0,8.798452443506532,862,177
BEV2_2025-03-29_drive1.csv,1743252828000000000,1743252828000000000,1743254804000000000,5.8922098288820575,5.8922098288820575,5.8922098288820575,0.0,0.0,0.0,5.892209828882059,1013,119
BEV2_2025-03-29_drive2.csv,1743259410000000000,1743259410000000000,1743260391000000000,4.12490986722235,4.12490986722235,4.12490986722235,0.0,0.0,1.0,4.124909867222345,686,84
BEV2_2025-03-29_drive3.csv,1743269307000000000,1743269307000000000,1743272178000000000,63.70855286801565,63.708552868015644,63.708552868015644,0.0,0.0,1.0,63.777271300494384,2664,1277
BEV2_2025-03-30_drive2.csv,1743360296000000000,1743360296000000000,1743362252000000000,4.507597870278857,4.507597870278857,4.507597870278857,0.0,0.0,1.0,4.507597870278863,804,92
BEV2_2025-03-31_drive1.csv,1743400479000000000,1743400479000000000,1743400622000000000,0.0869506968592403,0.0869506968592403,0.0869506968592403,0.0,0.0,1.0,0.08695069685924033,53,3
BEV2_2025-03-31_drive2.csv,1743431297000000000,1743431297000000000,1743432860000000000,6.599638890319478,6.599638890319477,6.599638890319477,0.0,0.0,1.0,6.599638890319478,1065,133
BEV2_2025-04-01_drive1.csv,1743504040000000000,1743504040000000000,1743504262000000000,0.8987702879924191,0.8987702879924191,0.8987702879924191,0.0,0.0,0.0,0.8987702879924189,168,19
BEV2_2025-04-01_drive2.csv,1743522579000000000,1743522579000000000,1743524866000000000,62.2504685555737,62.2504685555737,62.2504685555737,0.0,0.0,1.0,62.25046855557391,2229,1247
BEV2_2025-04-03_drive1.csv,1743661429000000000,1743661429000000000,1743664365000000000,75.22036741807669,75.22036741807668,75.22036741807668,0.0,0.0,1.0,75.34939087845264,2869,1508
BEV2_2025-04-03_drive2.csv,1743693137000000000,1743693137000000000,1743698103000000000,81.37424530743942,81.37424530743942,81.37424530743942,0.0,0.0,1.0,81.44300511851601,4357,1630
BEV2_2025-04-04_drive1.csv,1743784497000000000,1743784497000000000,1743785001000000000,0.0409915464599855,0.040991546459985574,0.040991546459985574,0.0,0.0,0.0,0.040991546459985574,25,2
BEV2_2025-04-04_drive2.csv,1743795106000000000,1743795106000000000,1743795546000000000,2.994805125678675,2.994805125678675,2.994805125678675,0.0,0.0,1.0,2.9948051256786754,322,61
BEV2_2025-04-04_drive3.csv,1743798539000000000,1743798539000000000,1743798735000000000,1.7404649093030609,1.7404649093030606,1.7404649093030606,0.0,0.0,1.0,1.7404649093030606,189,36
BEV2_2025-04-05_drive1.csv,1743851994000000000,1743851994000000000,1743853165000000000,7.180646469189158,7.180646469189158,7.180646469189158,0.0,0.0,0.0,7.180646469189164,824,145
BEV2_2025-04-05_drive2.csv,1743871649000000000,1743871649000000000,1743872326000000000,2.8714598262779525,2.8714598262779525,2.8714598262779525,0.0,0.0,0.0,2.871459826277955,532,59
BEV2_2025-04-06_drive1.csv,1743929345000000000,1743929345000000000,1743930393000000000,3.532589801842512,3.532589801842512,3.532589801842512,0.0,0.0,0.0,3.532589801842512,708,72
BEV2_2025-04-07_drive1.csv,1744017294000000000,1744017294000000000,1744019084000000000,40.98867214568696,40.98867214568696,40.98867214568696,0.0,0.0,1.0,40.98867214568692,1604,821
BEV2_2025-04-07_drive2.csv,1744037154000000000,1744037154000000000,1744041428000000000,72.96677174953442,72.96677174953442,72.96677174953442,0.0,0.0,1.0,76.37450136102493,3884,1529
BEV2_2025-04-10_drive1.csv,1744284928000000000,1744284928000000000,1744286566000000000,22.98750402641803,22.98750402641803,22.98750402641803,0.0,0.0,0.0,22.987504026418016,1410,461
BEV2_2025-04-11_drive1.csv,1744352273000000000,1744352273000000000,1744355181000000000,79.11095265856233,79.11095265856234,79.11095265856234,0.0,0.0,0.0,79.17122110048686,2785,1585
BEV2_2025-04-11_drive2.csv,1744386692000000000,1744386692000000000,1744389245000000000,67.8519926355048,67.8519926355048,67.8519926355048,0.0,0.0,0.0,68.9341880488752,2504,1380
BEV2_2025-04-11_drive3.csv,1744390137000000000,1744390137000000000,1744391288000000000,4.393995419135334,4.393995419135335,4.393995419135335,0.0,0.0,1.0,4.393995419135335,801,89
BEV2_2025-04-12_drive1.csv,1744481023000000000,1744481023000000000,1744481278000000000,2.3574245190289287,2.3574245190289282,2.3574245190289282,0.0,0.0,0.0,2.357424519028929,233,49
BEV2_2025-04-13_drive1.csv,1744535390000000000,1744535390000000000,1744535760000000000,1.0126843336649676,1.0126843336649676,1.0126843336649676,0.0,0.0,0.0,1.012684333664967,240,22
BEV2_2025-04-14_drive1.csv,1744616981000000000,1744616981000000000,1744617299000000000,4.095773072314868,4.095773072314868,4.095773072314868,0.0,0.0,0.0,4.095773072314867,279,83
BEV2_2025-04-14_drive2.csv,1744621174000000000,1744621174000000000,1744622507000000000,23.22134090878403,23.22134090878403,23.22134090878403,0.0,0.0,0.0,23.221340908784065,1201,466
BEV2_2025-04-14_drive3.csv,1744633201000000000,1744633201000000000,1744636860000000000,69.13831453726729,69.13831453726728,69.13831453726728,0.0,0.0,1.0,69.26887251137104,3413,1387
BEV2_2025-04-14_drive4.csv,1744639372000000000,1744639372000000000,1744640035000000000,2.419186247314097,2.419186247314098,2.419186247314098,0.0,0.0,0.0,2.4191862473140957,449,50
BEV2_2025-04-14_drive5.csv,1744643930000000000,1744643930000000000,1744646945000000000,62.00846755686321,62.00846755686321,62.00846755686321,0.0,0.0,0.0,62.267411838732286,2682,1247
BEV2_2025-04-14_drive6.csv,1744655480000000000,1744655480000000000,1744655886000000000,0.8993409685922175,0.8993409685922175,0.8993409685922175,0.0,0.0,0.0,0.8993409685922175,185,19
BEV2_2025-04-15_drive1.csv,1744736389000000000,1744736389000000000,1744736505000000000,0.7178545950412827,0.7178545950412828,0.7178545950412828,0.0,0.0,0.0,0.7178545950412827,106,16
BEV2_2025-04-16_drive1.csv,1744785232000000000,1744785232000000000,1744785461000000000,0.8953772575868865,0.8953772575868865,0.8953772575868865,0.0,0.0,0.0,0.8953772575868857,158,19
BEV2_2025-04-16_drive2.csv,1744817113000000000,1744817113000000000,1744820002000000000,73.04904804594348,73.0490480459435,73.0490480459435,0.0,0.0,1.0,73.11413286811867,2730,1464
BEV2_2025-04-17_drive1.csv,1744869602000000000,1744869602000000000,1744871663000000000,55.22397528755913,55.22397528755912,55.22397528755912,0.0,0.0,1.0,55.291578969632354,2001,1107
BEV2_2025-04-17_drive2.csv,1744903237000000000,1744903237000000000,1744906092000000000,70.0683700376162,70.0683700376162,70.0683700376162,0.0,0.0,0.0,70.2001573439981,2772,1406
BEV2_2025-04-17_drive3.csv,1744907108000000000,1744907108000000000,1744911669000000000,61.25414890232785,61.254148902327834,61.254148902327834,0.0,0.0,0.0,61.31880892497984,3922,1228
BEV2_2025-04-17_drive5.csv,1744922350000000000,1744922350000000000,1744927620000000000,65.80729214358725,65.80729214358725,65.80729214358725,0.0,0.0,0.0,65.80729214358708,4153,1318
BEV2_2025-04-18_drive1.csv,1744967667000000000,1744967667000000000,1744967885000000000,1.4551903900927528,1.4551903900927528,1.4551903900927528,0.0,0.0,0.0,1.4551903900927525,157,31
BEV2_2025-04-22_drive1.csv,1745301070000000000,1745301070000000000,1745303969000000000,73.41358820310695,73.41358820310695,73.41358820310695,0.0,0.0,1.0,73.4135882031072,2837,1470
BEV2_2025-04-22_drive2.csv,1745314134000000000,1745314134000000000,1745316777000000000,69.82490123980928,69.82490123980926,69.82490123980926,0.0,0.0,1.0,69.88749408076421,2540,1399
BEV2_2025-04-22_drive4.csv,1745353966000000000,1745353966000000000,1745354140000000000,0.4983097246386507,0.4983097246386507,0.4983097246386507,0.0,0.0,0.0,0.49830972463865086,99,11
BEV2_2025-04-23_drive1.csv,1745384996000000000,1745384996000000000,1745386041000000000,14.094295174649377,14.094295174649377,14.094295174649377,0.0,0.0,0.0,14.094295174649394,1008,283
BEV2_2025-04-25_drive1.csv,1745574267000000000,1745574267000000000,1745575151000000000,4.3947562641922655,4.3947562641922655,4.3947562641922655,0.0,0.0,0.0,4.394756264192266,589,89
BEV2_2025-04-25_drive2.csv,1745583525000000000,1745583525000000000,1745585752000000000,27.99395941595957,27.993959415959566,27.993959415959566,0.0,0.0,1.0,27.993959415959544,1847,561
BEV2_2025-04-25_drive3.csv,1745602553000000000,1745602553000000000,1745602799000000000,0.5213677548385437,0.5213677548385437,0.5213677548385437,0.0,0.0,0.0,0.5213677548385438,147,12
BEV2_2025-04-26_drive1.csv,1745673508000000000,1745673508000000000,1745675794000000000,40.73399390499024,40.733993904990236,40.733993904990236,0.0,0.0,1.0,41.23066139660275,1810,826
BEV2_2025-04-26_drive2.csv,1745684410000000000,1745684410000000000,1745686145000000000,39.45562953739973,39.45562953739973,39.45562953739973,0.0,0.0,1.0,39.519511028109456,1525,792
BEV2_2025-04-26_drive3.csv,1745688014000000000,1745688014000000000,1745688771000000000,11.37986120434242,11.379861204342422,11.379861204342422,0.0,0.0,0.0,15.624778941531243,591,314
BEV2_2025-04-27_drive1.csv,1745746413000000000,1745746413000000000,1745746870000000000,1.5442335395609248,1.5442335395609246,1.5442335395609246,0.0,0.0,1.0,1.5442335395609252,362,32
BEV2_2025-04-27_drive2.csv,1745750760000000000,1745750760000000000,1745751145000000000,1.055098358455509,1.055098358455509,1.055098358455509,0.0,0.0,1.0,1.055098358455509,177,23
BEV2_2025-04-27_drive3.csv,1745751345000000000,1745751345000000000,1745751515000000000,0.3450208695844796,0.34502086958447964,0.34502086958447964,0.0,0.0,0.0,0.34502086958447975,108,8
BEV2_2025-04-27_drive4.csv,1745752041000000000,1745752041000000000,1745752212000000000,0.9920201034141184,0.9920201034141183,0.9920201034141183,0.0,0.0,1.0,0.9920201034141183,152,21
BEV2_2025-04-27_drive5.csv,1745758372000000000,1745758372000000000,1745758537000000000,1.0574531248537455,1.0574531248537458,1.0574531248537458,0.0,0.0,1.0,1.0574531248537458,152,23
BEV2_2025-04-29_drive1.csv,1745913710000000000,1745913710000000000,1745914022000000000,1.568154411739033,1.568154411739033,1.568154411739033,0.0,0.0,0.0,1.568154411739034,278,33
BEV2_2025-04-29_drive2.csv,1745940027000000000,1745940027000000000,1745940129000000000,0.6872922378775063,0.6872922378775064,0.6872922378775064,0.0,0.0,0.0,0.6872922378775066,100,15
BEV2_2025-04-30_drive1.csv,1745993317000000000,1745993317000000000,1745995384000000000,45.34022457847651,45.3402245784765,45.3402245784765,0.0,0.0,0.0,55.66598017356319,1759,1115
