file,vehicle,t_cut,start_utc,end_utc,split,od_key,D
BEV1_2024-07-24_drive1.csv,BEV1,2024-07-24 06:12:27+00:00,2024-07-24 06:12:26+00:00,2024-07-24 06:54:03+00:00,train,1492:22677>1460:22627|14,14.758635413321027
BEV1_2024-07-24_drive2.csv,BEV1,2024-07-24 14:59:42+00:00,2024-07-24 14:59:40+00:00,2024-07-24 15:41:11+00:00,train,1460:22627>1492:22677|14,14.67503109073881
BEV1_2024-07-25_drive1.csv,BEV1,2024-07-25 07:03:44+00:00,2024-07-25 07:03:43+00:00,2024-07-25 07:53:04+00:00,train,1492:22677>1552:22706|22,22.511921856260507
BEV1_2024-07-25_drive2.csv,BEV1,2024-07-25 15:48:45+00:00,2024-07-25 15:48:44+00:00,2024-07-25 16:28:56+00:00,train,1552:22706>1496:22682|17,17.567144268448473
BEV1_2024-07-25_drive3.csv,BEV1,2024-07-25 16:52:00+00:00,2024-07-25 16:51:58+00:00,2024-07-25 17:12:59+00:00,train,1496:22682>1492:22677|4,4.241332865595166
BEV1_2024-07-27_drive1.csv,BEV1,2024-07-27 06:34:30+00:00,2024-07-27 06:34:29+00:00,2024-07-27 07:55:39+00:00,train,1492:22677>1318:22645|47,47.66343177233314
BEV1_2024-07-27_drive3.csv,BEV1,2024-07-27 12:09:13+00:00,2024-07-27 12:09:12+00:00,2024-07-27 12:58:56+00:00,train,1318:22645>1351:22736|33,33.809109973557355
BEV1_2024-07-27_drive4.csv,BEV1,2024-07-27 13:53:41+00:00,2024-07-27 13:53:39+00:00,2024-07-27 14:51:23+00:00,train,1351:22736>1492:22677|45,45.6715617762703
BEV1_2024-07-29_drive1.csv,BEV1,2024-07-29 06:08:08+00:00,2024-07-29 06:08:07+00:00,2024-07-29 06:38:44+00:00,train,1492:22677>1552:22706|21,21.225613683622434
BEV1_2024-07-29_drive2.csv,BEV1,2024-07-29 15:39:01+00:00,2024-07-29 15:39:00+00:00,2024-07-29 17:03:14+00:00,train,1552:22706>1492:22677|23,23.40814428052285
BEV1_2024-07-30_drive1.csv,BEV1,2024-07-30 06:31:59+00:00,2024-07-30 06:31:58+00:00,2024-07-30 07:13:26+00:00,train,1492:22677>1460:22627|14,14.34175475343979
BEV1_2024-07-30_drive2.csv,BEV1,2024-07-30 15:15:14+00:00,2024-07-30 15:15:12+00:00,2024-07-30 15:56:19+00:00,train,1460:22627>1492:22677|14,14.381389745142634
BEV1_2024-07-31_drive1.csv,BEV1,2024-07-31 05:47:59+00:00,2024-07-31 05:47:58+00:00,2024-07-31 06:36:39+00:00,train,1492:22677>1552:22706|20,20.905772386754585
BEV1_2024-07-31_drive2.csv,BEV1,2024-07-31 14:56:06+00:00,2024-07-31 14:56:04+00:00,2024-07-31 16:39:18+00:00,train,1552:22706>1480:22684|32,32.14480880882378
BEV1_2024-07-31_drive3.csv,BEV1,2024-07-31 17:25:34+00:00,2024-07-31 17:25:33+00:00,2024-07-31 17:45:48+00:00,train,1480:22684>1492:22677|4,4.941165557983426
BEV1_2024-08-01_drive1.csv,BEV1,2024-08-01 06:27:08+00:00,2024-08-01 06:27:07+00:00,2024-08-01 07:08:32+00:00,train,1492:22677>1460:22627|15,15.11754980359898
BEV1_2024-08-01_drive2.csv,BEV1,2024-08-01 15:36:23+00:00,2024-08-01 15:36:22+00:00,2024-08-01 16:17:12+00:00,train,1460:22627>1492:22677|14,14.357224232367054
BEV1_2024-08-02_drive1.csv,BEV1,2024-08-02 08:27:39+00:00,2024-08-02 08:27:38+00:00,2024-08-02 09:09:05+00:00,train,1492:22677>1540:22701|16,16.788983732352705
BEV1_2024-08-06_drive1.csv,BEV1,2024-08-06 15:37:42+00:00,2024-08-06 15:37:41+00:00,2024-08-06 16:16:21+00:00,train,1552:22706>1492:22677|21,21.98332272521295
BEV1_2024-08-06_drive2.csv,BEV1,2024-08-06 17:02:30+00:00,2024-08-06 17:02:28+00:00,2024-08-06 17:47:03+00:00,train,1492:22677>1489:22676|1,1.0643773306934228
BEV1_2024-08-06_drive3.csv,BEV1,2024-08-06 18:10:02+00:00,2024-08-06 18:10:00+00:00,2024-08-06 18:31:23+00:00,train,1489:22676>1492:22677|1,1.2318974396690985
BEV1_2024-08-08_drive1.csv,BEV1,2024-08-08 05:10:37+00:00,2024-08-08 05:10:36+00:00,2024-08-08 05:50:39+00:00,train,1492:22677>1548:22708|20,20.07540527721473
BEV1_2024-08-10_drive1.csv,BEV1,2024-08-10 06:13:37+00:00,2024-08-10 06:13:36+00:00,2024-08-10 06:39:45+00:00,train,995:21306>992:21308|1,1.251733109896746
BEV1_2024-08-10_drive2.csv,BEV1,2024-08-10 07:02:23+00:00,2024-08-10 07:02:22+00:00,2024-08-10 09:07:52+00:00,train,992:21308>623:21771|143,143.57821067948635
BEV1_2024-08-10_drive3.csv,BEV1,2024-08-10 10:17:10+00:00,2024-08-10 10:17:08+00:00,2024-08-10 10:53:22+00:00,train,623:21771>631:21747|10,10.138290490538708
BEV1_2024-08-10_drive4.csv,BEV1,2024-08-10 19:12:14+00:00,2024-08-10 19:12:13+00:00,2024-08-10 22:18:14+00:00,train,631:21747>1207:22526|201,201.23654811817465
BEV1_2024-08-10_drive5.csv,BEV1,2024-08-10 22:46:12+00:00,2024-08-10 22:46:11+00:00,2024-08-10 23:30:23+00:00,train,1207:22526>1245:22657|31,31.03927593217707
BEV1_2024-08-11_drive1.csv,BEV1,2024-08-11 06:26:17+00:00,2024-08-11 06:26:15+00:00,2024-08-11 07:09:06+00:00,train,1245:22657>1256:22663|5,5.280606900342455
BEV1_2024-08-11_drive2.csv,BEV1,2024-08-11 07:32:13+00:00,2024-08-11 07:32:12+00:00,2024-08-11 08:27:02+00:00,train,1256:22663>1492:22678|60,60.73676859632669
BEV1_2024-08-11_drive3.csv,BEV1,2024-08-11 13:38:16+00:00,2024-08-11 13:38:15+00:00,2024-08-11 14:32:10+00:00,train,1492:22678>1492:22677|4,4.300268535268515
BEV1_2024-08-29_drive1.csv,BEV1,2024-08-29 15:20:58+00:00,2024-08-29 15:20:57+00:00,2024-08-29 15:59:24+00:00,train,1552:22706>1492:22677|20,20.870890644607883
BEV1_2024-08-30_drive1.csv,BEV1,2024-08-30 06:36:03+00:00,2024-08-30 06:36:02+00:00,2024-08-30 06:55:38+00:00,train,1492:22677>1509:22677|8,8.690508607591703
BEV1_2024-08-30_drive2.csv,BEV1,2024-08-30 08:50:57+00:00,2024-08-30 08:50:56+00:00,2024-08-30 10:36:30+00:00,train,1509:22677>1492:22677|25,25.66994166730632
BEV1_2024-08-31_drive1.csv,BEV1,2024-08-31 18:28:22+00:00,2024-08-31 18:28:21+00:00,2024-08-31 19:11:33+00:00,train,1492:22677>1479:22688|5,5.499775910221644
BEV1_2024-08-31_drive2.csv,BEV1,2024-08-31 20:43:55+00:00,2024-08-31 20:43:54+00:00,2024-08-31 21:03:56+00:00,train,1479:22688>1492:22677|5,5.256934927247567
BEV1_2024-09-01_drive1.csv,BEV1,2024-09-01 08:21:58+00:00,2024-09-01 08:21:55+00:00,2024-09-01 08:24:40+00:00,train,1492:22677>1492:22678|0,0.1588220656462368
BEV1_2024-09-01_drive2.csv,BEV1,2024-09-01 10:23:33+00:00,2024-09-01 10:23:32+00:00,2024-09-01 10:56:28+00:00,train,1492:22678>1499:22720|15,15.341477112950145
BEV1_2024-09-01_drive3.csv,BEV1,2024-09-01 13:37:26+00:00,2024-09-01 13:37:25+00:00,2024-09-01 14:11:26+00:00,train,1499:22720>1492:22678|15,15.727599352846322
BEV1_2024-09-01_drive4.csv,BEV1,2024-09-01 15:38:13+00:00,2024-09-01 15:38:12+00:00,2024-09-01 17:41:30+00:00,train,1492:22678>2108:22514|169,169.4550126250787
BEV1_2024-09-01_drive5.csv,BEV1,2024-09-01 18:10:44+00:00,2024-09-01 18:10:43+00:00,2024-09-01 19:35:22+00:00,train,2108:22514>2421:22203|98,98.9104579010064
BEV1_2024-09-02_drive1.csv,BEV1,2024-09-02 06:23:09+00:00,2024-09-02 06:23:08+00:00,2024-09-02 07:05:32+00:00,train,2421:22203>2426:22208|2,2.389657222490684
BEV1_2024-09-02_drive2.csv,BEV1,2024-09-02 15:48:54+00:00,2024-09-02 15:48:52+00:00,2024-09-02 16:31:51+00:00,train,2426:22208>2421:22203|2,2.4640399340180164
BEV1_2024-09-03_drive1.csv,BEV1,2024-09-03 08:17:58+00:00,2024-09-03 08:17:57+00:00,2024-09-03 09:25:30+00:00,train,2421:22203>2266:22433|61,61.96740006142744
BEV1_2024-09-03_drive2.csv,BEV1,2024-09-03 10:07:32+00:00,2024-09-03 10:07:31+00:00,2024-09-03 12:31:18+00:00,train,2266:22433>1500:22687|195,195.2391550487196
BEV1_2024-09-03_drive3.csv,BEV1,2024-09-03 12:41:27+00:00,2024-09-03 12:41:26+00:00,2024-09-03 13:01:24+00:00,train,1500:22687>1496:22682|2,2.2328064041654296
BEV1_2024-09-03_drive5.csv,BEV1,2024-09-03 16:35:26+00:00,2024-09-03 16:35:24+00:00,2024-09-03 17:18:45+00:00,train,1492:22677>1489:22687|4,4.44023860146031
BEV1_2024-09-03_drive6.csv,BEV1,2024-09-03 18:51:04+00:00,2024-09-03 18:51:03+00:00,2024-09-03 19:11:22+00:00,train,1489:22687>1492:22677|4,4.469119038734317
BEV1_2024-09-04_drive1.csv,BEV1,2024-09-04 05:57:37+00:00,2024-09-04 05:57:36+00:00,2024-09-04 06:46:57+00:00,train,1492:22677>1552:22706|23,23.06203175851464
BEV1_2024-09-04_drive2.csv,BEV1,2024-09-04 15:32:52+00:00,2024-09-04 15:32:51+00:00,2024-09-04 16:08:45+00:00,train,1552:22706>1492:22677|20,20.823081767634143
BEV1_2024-09-17_drive1.csv,BEV1,2024-09-17 15:50:30+00:00,2024-09-17 15:50:29+00:00,2024-09-17 16:11:45+00:00,train,1491:22676>1492:22677|0,0.5397537251157664
BEV1_2024-09-18_drive1.csv,BEV1,2024-09-18 07:05:40+00:00,2024-09-18 07:05:38+00:00,2024-09-18 07:53:25+00:00,train,1492:22677>1552:22706|21,21.86771564168521
BEV1_2024-09-18_drive2.csv,BEV1,2024-09-18 15:49:19+00:00,2024-09-18 15:49:18+00:00,2024-09-18 16:49:33+00:00,train,1552:22706>1492:22677|22,22.596086796887608
BEV1_2024-09-18_drive3.csv,BEV1,2024-09-18 19:19:29+00:00,2024-09-18 19:19:28+00:00,2024-09-18 19:41:12+00:00,train,1492:22677>1489:22681|2,2.047204216133029
BEV1_2024-09-18_drive4.csv,BEV1,2024-09-18 20:27:20+00:00,2024-09-18 20:27:18+00:00,2024-09-18 20:49:14+00:00,train,1489:22681>1492:22677|1,1.9289208185033653
BEV1_2024-09-19_drive1.csv,BEV1,2024-09-19 06:25:44+00:00,2024-09-19 06:25:43+00:00,2024-09-19 07:06:38+00:00,train,1492:22677>1460:22628|14,14.87390005043116
BEV1_2024-09-19_drive2.csv,BEV1,2024-09-19 14:47:55+00:00,2024-09-19 14:47:54+00:00,2024-09-19 15:50:30+00:00,train,1460:22628>1492:22677|15,15.18035357930234
BEV1_2024-09-20_drive1.csv,BEV1,2024-09-20 05:51:14+00:00,2024-09-20 05:51:12+00:00,2024-09-20 06:41:28+00:00,train,1492:22677>1552:22706|21,21.021271941625024
BEV1_2024-09-20_drive2.csv,BEV1,2024-09-20 12:14:53+00:00,2024-09-20 12:14:52+00:00,2024-09-20 12:56:06+00:00,train,1552:22706>1511:22678|15,15.386418422341146
BEV1_2024-09-20_drive3.csv,BEV1,2024-09-20 15:37:35+00:00,2024-09-20 15:37:34+00:00,2024-09-20 16:41:29+00:00,train,1511:22678>1492:22677|9,9.1242741805917
BEV1_2024-09-21_drive1.csv,BEV1,2024-09-21 08:19:24+00:00,2024-09-21 08:19:23+00:00,2024-09-21 09:58:12+00:00,train,1492:22677>1288:22577|74,74.20619285898198
BEV1_2024-09-21_drive2.csv,BEV1,2024-09-21 16:07:04+00:00,2024-09-21 16:07:03+00:00,2024-09-21 18:22:02+00:00,train,1288:22577>1492:22677|84,84.32074947363576
BEV1_2024-09-22_drive1.csv,BEV1,2024-09-22 09:06:41+00:00,2024-09-22 09:06:40+00:00,2024-09-22 09:31:57+00:00,train,1492:22677>1492:22678|0,0.1577558466308778
BEV1_2024-09-22_drive2.csv,BEV1,2024-09-22 14:28:48+00:00,2024-09-22 14:28:47+00:00,2024-09-22 14:51:13+00:00,train,1492:22678>1492:22677|0,0.1592086371735267
BEV1_2024-09-23_drive1.csv,BEV1,2024-09-23 05:58:12+00:00,2024-09-23 05:58:11+00:00,2024-09-23 06:51:20+00:00,train,1492:22677>1552:22706|24,24.43223727388633
BEV1_2024-09-23_drive2.csv,BEV1,2024-09-23 15:48:43+00:00,2024-09-23 15:48:41+00:00,2024-09-23 16:48:09+00:00,train,1552:22706>1492:22677|22,22.733516559835884
BEV1_2024-09-24_drive1.csv,BEV1,2024-09-24 08:02:36+00:00,2024-09-24 08:02:34+00:00,2024-09-24 08:44:38+00:00,train,1492:22677>1511:22677|8,8.476919037180231
BEV1_2024-09-24_drive2.csv,BEV1,2024-09-24 11:02:57+00:00,2024-09-24 11:02:56+00:00,2024-09-24 11:47:26+00:00,train,1511:22677>1552:22706|15,15.485265792372546
BEV1_2024-09-24_drive3.csv,BEV1,2024-09-24 15:56:21+00:00,2024-09-24 15:56:19+00:00,2024-09-24 16:57:50+00:00,train,1552:22706>1492:22677|21,21.473275905205224
BEV1_2024-09-25_drive1.csv,BEV1,2024-09-25 07:02:45+00:00,2024-09-25 07:02:43+00:00,2024-09-25 08:04:55+00:00,train,1492:22677>1552:22706|21,21.233336008985862
BEV1_2024-09-25_drive2.csv,BEV1,2024-09-25 15:23:18+00:00,2024-09-25 15:23:16+00:00,2024-09-25 16:00:52+00:00,train,1552:22706>1492:22677|21,21.18600253189046
BEV1_2024-09-26_drive1.csv,BEV1,2024-09-26 05:38:55+00:00,2024-09-26 05:38:53+00:00,2024-09-26 06:42:50+00:00,train,1492:22677>1460:22627|14,14.327616214236029
BEV1_2024-09-26_drive2.csv,BEV1,2024-09-26 15:33:36+00:00,2024-09-26 15:33:34+00:00,2024-09-26 16:14:05+00:00,train,1460:22627>1492:22677|17,17.090979104711774
BEV1_2024-09-27_drive1.csv,BEV1,2024-09-27 05:48:35+00:00,2024-09-27 05:48:34+00:00,2024-09-27 06:48:56+00:00,train,1492:22677>1552:22706|23,23.40828092268636
BEV1_2024-10-01_drive1.csv,BEV1,2024-10-01 16:37:06+00:00,2024-10-01 16:37:04+00:00,2024-10-01 17:39:33+00:00,train,1552:22706>1492:22677|21,21.289337933121026
BEV1_2024-10-02_drive1.csv,BEV1,2024-10-02 07:07:05+00:00,2024-10-02 07:07:03+00:00,2024-10-02 07:37:35+00:00,train,1492:22677>1552:22706|22,22.47933778498489
BEV1_2024-10-02_drive2.csv,BEV1,2024-10-02 09:39:39+00:00,2024-10-02 09:39:38+00:00,2024-10-02 10:39:29+00:00,train,1552:22706>1311:22647|54,54.31129094640865
BEV1_2024-10-02_drive3.csv,BEV1,2024-10-02 14:07:00+00:00,2024-10-02 14:06:59+00:00,2024-10-02 15:45:20+00:00,train,1311:22647>1492:22677|63,63.650251239949824
BEV1_2024-10-03_drive1.csv,BEV1,2024-10-03 06:06:54+00:00,2024-10-03 06:06:52+00:00,2024-10-03 07:07:25+00:00,train,1492:22677>1552:22706|24,24.97687793040376
BEV1_2024-10-03_drive2.csv,BEV1,2024-10-03 10:34:57+00:00,2024-10-03 10:34:56+00:00,2024-10-03 10:37:22+00:00,train,1552:22706>1552:22706|0,0.0846987582894306
BEV1_2024-10-03_drive3.csv,BEV1,2024-10-03 15:55:07+00:00,2024-10-03 15:55:06+00:00,2024-10-03 16:56:41+00:00,train,1552:22706>1492:22677|21,21.715825597246425
BEV1_2024-10-04_drive1.csv,BEV1,2024-10-04 05:53:13+00:00,2024-10-04 05:53:11+00:00,2024-10-04 06:48:43+00:00,train,1492:22677>1552:22706|22,22.671035626563835
BEV1_2024-10-20_drive1.csv,BEV1,2024-10-20 09:58:47+00:00,2024-10-20 09:58:46+00:00,2024-10-20 11:00:43+00:00,train,1492:22677>1508:22690|10,10.795083387624077
BEV1_2024-10-20_drive2.csv,BEV1,2024-10-20 11:23:48+00:00,2024-10-20 11:23:47+00:00,2024-10-20 12:05:27+00:00,train,1508:22690>1492:22677|8,8.258460856739754
BEV1_2024-10-22_drive1.csv,BEV1,2024-10-22 05:44:11+00:00,2024-10-22 05:44:09+00:00,2024-10-22 06:25:21+00:00,train,1492:22677>1460:22627|15,15.595576489666492
BEV1_2024-10-22_drive2.csv,BEV1,2024-10-22 14:53:51+00:00,2024-10-22 14:53:49+00:00,2024-10-22 15:34:28+00:00,train,1460:22627>1492:22677|15,15.398630746776726
BEV1_2024-10-24_drive1.csv,BEV1,2024-10-24 06:02:41+00:00,2024-10-24 06:02:39+00:00,2024-10-24 06:43:45+00:00,train,1492:22677>1460:22627|15,15.88451216391162
BEV1_2024-10-24_drive2.csv,BEV1,2024-10-24 15:12:02+00:00,2024-10-24 15:12:01+00:00,2024-10-24 15:45:31+00:00,train,1460:22627>1492:22678|14,14.82673141100268
BEV1_2024-10-24_drive3.csv,BEV1,2024-10-24 19:43:08+00:00,2024-10-24 19:43:07+00:00,2024-10-24 20:04:49+00:00,train,1492:22678>1492:22677|0,0.1844689905180861
BEV1_2024-10-25_drive1.csv,BEV1,2024-10-25 06:04:41+00:00,2024-10-25 06:04:39+00:00,2024-10-25 06:45:35+00:00,train,1492:22677>1460:22627|15,15.14636863914664
BEV1_2024-10-25_drive2.csv,BEV1,2024-10-25 14:58:10+00:00,2024-10-25 14:58:08+00:00,2024-10-25 16:02:17+00:00,train,1460:22627>1492:22677|14,14.642142547982267
BEV1_2024-10-27_drive1.csv,BEV1,2024-10-27 10:46:28+00:00,2024-10-27 10:46:26+00:00,2024-10-27 11:46:15+00:00,train,1492:22677>1375:22667|31,31.09375752660933
BEV1_2024-10-27_drive2.csv,BEV1,2024-10-27 13:18:35+00:00,2024-10-27 13:18:34+00:00,2024-10-27 14:55:50+00:00,train,1375:22667>1492:22678|43,43.93690444044199
BEV1_2024-10-27_drive3.csv,BEV1,2024-10-27 19:14:05+00:00,2024-10-27 19:14:03+00:00,2024-10-27 19:36:29+00:00,train,1492:22678>1492:22677|0,0.1509359919083398
BEV1_2024-10-28_drive1.csv,BEV1,2024-10-28 07:08:29+00:00,2024-10-28 07:08:27+00:00,2024-10-28 07:50:20+00:00,train,1492:22677>1460:22627|15,15.6487955178023
BEV1_2024-10-28_drive2.csv,BEV1,2024-10-28 15:55:16+00:00,2024-10-28 15:55:15+00:00,2024-10-28 16:59:24+00:00,train,1460:22627>1492:22677|15,15.279530289480586
BEV1_2024-10-29_drive1.csv,BEV1,2024-10-29 06:26:49+00:00,2024-10-29 06:26:47+00:00,2024-10-29 07:16:53+00:00,train,1492:22677>1552:22706|20,20.99881232143788
BEV1_2024-10-29_drive2.csv,BEV1,2024-10-29 16:55:30+00:00,2024-10-29 16:55:29+00:00,2024-10-29 19:04:47+00:00,train,1552:22706>1492:22677|24,24.05413538312857
BEV1_2024-10-30_drive1.csv,BEV1,2024-10-30 12:09:57+00:00,2024-10-30 12:09:56+00:00,2024-10-30 14:18:56+00:00,train,1492:22677>1492:22677|28,28.36818414785988
BEV1_2024-10-30_drive2.csv,BEV1,2024-10-30 16:37:29+00:00,2024-10-30 16:37:28+00:00,2024-10-30 19:33:57+00:00,train,1492:22677>1492:22677|11,11.245213459943248
BEV1_2024-10-31_drive1.csv,BEV1,2024-10-31 07:53:01+00:00,2024-10-31 07:53:00+00:00,2024-10-31 08:35:22+00:00,train,1492:22677>1552:22706|22,22.045860794728107
BEV1_2024-10-31_drive2.csv,BEV1,2024-10-31 13:26:51+00:00,2024-10-31 13:26:50+00:00,2024-10-31 13:54:59+00:00,train,1552:22706>1492:22678|23,23.262686005602944
BEV1_2024-10-31_drive3.csv,BEV1,2024-10-31 14:51:59+00:00,2024-10-31 14:51:58+00:00,2024-10-31 16:10:58+00:00,train,1492:22678>1393:22596|36,36.36149087210893
BEV1_2024-10-31_drive4.csv,BEV1,2024-10-31 16:18:36+00:00,2024-10-31 16:18:34+00:00,2024-10-31 17:23:21+00:00,train,1393:22596>1217:22634|40,40.52354734283989
BEV1_2024-10-31_drive5.csv,BEV1,2024-10-31 17:45:20+00:00,2024-10-31 17:45:17+00:00,2024-10-31 19:32:48+00:00,train,1217:22634>862:22552|85,85.57714062199689
BEV1_2024-11-01_drive1.csv,BEV1,2024-11-01 15:07:42+00:00,2024-11-01 15:07:39+00:00,2024-11-01 15:27:13+00:00,train,862:22552>860:22558|2,2.78759240204444
BEV1_2024-11-02_drive1.csv,BEV1,2024-11-02 09:31:15+00:00,2024-11-02 09:31:12+00:00,2024-11-02 09:36:12+00:00,train,862:22551>862:22552|0,0.4416986291623815
BEV1_2024-11-02_drive2.csv,BEV1,2024-11-02 11:48:45+00:00,2024-11-02 11:48:43+00:00,2024-11-02 12:53:48+00:00,train,862:22552>762:22662|53,53.26249898485328
BEV1_2024-11-02_drive3.csv,BEV1,2024-11-02 13:26:39+00:00,2024-11-02 13:26:38+00:00,2024-11-02 14:34:00+00:00,train,762:22662>668:22730|38,38.27815128518682
BEV1_2024-11-02_drive4.csv,BEV1,2024-11-02 17:35:23+00:00,2024-11-02 17:35:22+00:00,2024-11-02 18:44:00+00:00,train,668:22730>854:22550|66,66.09107175762752
BEV1_2024-11-02_drive5.csv,BEV1,2024-11-02 19:37:39+00:00,2024-11-02 19:37:38+00:00,2024-11-02 19:52:41+00:00,train,854:22550>862:22551|3,3.5500750401371706
BEV1_2024-11-04_drive2.csv,BEV1,2024-11-04 16:31:33+00:00,2024-11-04 16:31:31+00:00,2024-11-04 16:56:31+00:00,train,1460:22627>1492:22677|15,15.778033331453972
BEV1_2024-11-05_drive1.csv,BEV1,2024-11-05 06:47:35+00:00,2024-11-05 06:47:32+00:00,2024-11-05 07:18:40+00:00,train,1492:22677>1552:22706|20,20.976541363734743
BEV1_2024-11-05_drive2.csv,BEV1,2024-11-05 16:42:29+00:00,2024-11-05 16:42:26+00:00,2024-11-05 17:11:52+00:00,train,1552:22706>1492:22677|22,22.50647804435908
BEV1_2024-11-06_drive1.csv,BEV1,2024-11-06 08:24:06+00:00,2024-11-06 08:24:05+00:00,2024-11-06 08:50:39+00:00,train,1492:22677>1552:22706|22,22.348493274950386
BEV1_2024-11-06_drive3.csv,BEV1,2024-11-06 18:52:08+00:00,2024-11-06 18:52:07+00:00,2024-11-06 18:58:26+00:00,train,1492:22677>1489:22681|2,2.1925398345505367
BEV1_2024-11-06_drive4.csv,BEV1,2024-11-06 20:08:16+00:00,2024-11-06 20:08:15+00:00,2024-11-06 20:13:27+00:00,train,1489:22681>1492:22677|1,1.8562384384864528
BEV1_2024-11-07_drive1.csv,BEV1,2024-11-07 07:31:52+00:00,2024-11-07 07:31:51+00:00,2024-11-07 07:55:16+00:00,train,1492:22677>1460:22627|15,15.092697296998905
BEV1_2024-11-07_drive2.csv,BEV1,2024-11-07 16:32:10+00:00,2024-11-07 16:32:09+00:00,2024-11-07 16:56:41+00:00,train,1460:22627>1492:22677|15,15.236204964151582
BEV1_2024-11-08_drive1.csv,BEV1,2024-11-08 09:03:18+00:00,2024-11-08 09:03:17+00:00,2024-11-08 09:24:40+00:00,train,1492:22677>1511:22677|8,8.88364905311833
BEV1_2024-11-08_drive2.csv,BEV1,2024-11-08 12:09:17+00:00,2024-11-08 12:09:15+00:00,2024-11-08 12:28:59+00:00,train,1511:22677>1492:22677|8,8.648206666081098
BEV1_2024-11-08_drive3.csv,BEV1,2024-11-08 17:49:28+00:00,2024-11-08 17:49:26+00:00,2024-11-08 18:10:17+00:00,train,1492:22677>1489:22687|6,6.60955907488347
BEV1_2024-11-08_drive4.csv,BEV1,2024-11-08 22:53:06+00:00,2024-11-08 22:53:05+00:00,2024-11-08 23:03:32+00:00,train,1489:22687>1492:22677|4,4.388636414756694
BEV1_2024-11-10_drive1.csv,BEV1,2024-11-10 15:58:48+00:00,2024-11-10 15:58:47+00:00,2024-11-10 16:07:37+00:00,train,1492:22677>1489:22673|3,3.325516700981168
BEV1_2024-11-10_drive2.csv,BEV1,2024-11-10 17:04:44+00:00,2024-11-10 17:04:43+00:00,2024-11-10 17:14:09+00:00,train,1489:22673>1492:22678|3,3.2957000631333733
BEV1_2024-11-10_drive3.csv,BEV1,2024-11-10 19:45:57+00:00,2024-11-10 19:45:56+00:00,2024-11-10 19:59:42+00:00,train,1492:22678>1498:22684|4,4.585605942245161
BEV1_2024-11-10_drive4.csv,BEV1,2024-11-10 20:30:42+00:00,2024-11-10 20:30:41+00:00,2024-11-10 20:38:36+00:00,train,1498:22684>1492:22677|4,4.387842837211826
BEV1_2024-11-11_drive1.csv,BEV1,2024-11-11 10:50:15+00:00,2024-11-11 10:50:14+00:00,2024-11-11 12:31:01+00:00,train,1492:22677>1950:22680|115,115.94223922677104
BEV1_2024-11-11_drive2.csv,BEV1,2024-11-11 16:51:22+00:00,2024-11-11 16:51:20+00:00,2024-11-11 16:57:51+00:00,train,1950:22680>1950:22680|0,0.3200538213013044
BEV1_2024-11-11_drive3.csv,BEV1,2024-11-11 17:01:23+00:00,2024-11-11 17:01:22+00:00,2024-11-11 17:15:43+00:00,train,1950:22680>1948:22672|3,3.624030777607163
BEV1_2024-11-11_drive4.csv,BEV1,2024-11-11 17:59:22+00:00,2024-11-11 17:59:21+00:00,2024-11-11 19:45:43+00:00,train,1948:22672>1492:22677|112,112.3894420909918
BEV1_2024-11-12_drive1.csv,BEV1,2024-11-12 07:01:33+00:00,2024-11-12 07:01:32+00:00,2024-11-12 07:39:19+00:00,train,1492:22677>1552:22706|23,23.13103505160575
BEV1_2024-11-12_drive2.csv,BEV1,2024-11-12 16:42:53+00:00,2024-11-12 16:42:51+00:00,2024-11-12 17:21:14+00:00,train,1552:22706>1492:22677|24,24.59053264721761
BEV1_2024-11-13_drive1.csv,BEV1,2024-11-13 07:43:30+00:00,2024-11-13 07:43:28+00:00,2024-11-13 08:03:36+00:00,train,1492:22677>1460:22628|15,15.122443662221606
BEV1_2024-11-13_drive2.csv,BEV1,2024-11-13 16:41:29+00:00,2024-11-13 16:41:28+00:00,2024-11-13 17:08:00+00:00,train,1460:22628>1492:22677|15,15.373936525040705
BEV1_2024-11-13_drive3.csv,BEV1,2024-11-13 18:07:11+00:00,2024-11-13 18:07:09+00:00,2024-11-13 18:19:20+00:00,train,1492:22677>1504:22678|6,6.2797270204717766
BEV1_2024-11-13_drive4.csv,BEV1,2024-11-13 21:41:46+00:00,2024-11-13 21:41:45+00:00,2024-11-13 21:55:50+00:00,train,1504:22678>1492:22677|6,6.8451577071156615
BEV1_2024-11-14_drive1.csv,BEV1,2024-11-14 06:53:06+00:00,2024-11-14 06:53:05+00:00,2024-11-14 07:17:17+00:00,train,1492:22677>1511:22677|8,8.610733351517831
BEV1_2024-11-14_drive2.csv,BEV1,2024-11-14 09:59:34+00:00,2024-11-14 09:59:32+00:00,2024-11-14 10:19:34+00:00,train,1511:22677>1552:22706|15,15.633587479056782
BEV1_2024-11-14_drive3.csv,BEV1,2024-11-14 16:06:07+00:00,2024-11-14 16:06:05+00:00,2024-11-14 16:40:56+00:00,train,1552:22706>1492:22677|23,23.42728798714263
BEV1_2024-11-15_drive1.csv,BEV1,2024-11-15 14:39:15+00:00,2024-11-15 14:39:14+00:00,2024-11-15 16:03:31+00:00,train,1492:22677>1254:22474|94,94.5506483308774
BEV1_2024-11-17_drive1.csv,BEV1,2024-11-17 22:41:43+00:00,2024-11-17 22:41:42+00:00,2024-11-17 23:04:26+00:00,train,1254:22474>1344:22480|20,20.91248633691261
BEV1_2024-11-17_drive2.csv,BEV1,2024-11-17 23:22:37+00:00,2024-11-17 23:22:36+00:00,2024-11-18 00:42:48+00:00,train,1344:22480>1492:22678|87,87.35427730687434
BEV1_2024-11-18_drive1.csv,BEV1,2024-11-18 07:37:13+00:00,2024-11-18 07:37:12+00:00,2024-11-18 08:00:42+00:00,train,1492:22678>1460:22627|14,14.959122950664325
BEV1_2024-11-18_drive2.csv,BEV1,2024-11-18 16:09:32+00:00,2024-11-18 16:09:30+00:00,2024-11-18 16:33:31+00:00,train,1460:22627>1492:22676|14,14.32229922342058
BEV1_2024-11-18_drive3.csv,BEV1,2024-11-18 16:39:11+00:00,2024-11-18 16:39:09+00:00,2024-11-18 16:47:17+00:00,train,1492:22676>1492:22677|0,0.8448689952256039
BEV1_2024-11-19_drive1.csv,BEV1,2024-11-19 07:27:39+00:00,2024-11-19 07:27:37+00:00,2024-11-19 07:49:43+00:00,train,1492:22677>1460:22627|14,14.676304138272474
BEV1_2024-11-19_drive2.csv,BEV1,2024-11-19 16:09:11+00:00,2024-11-19 16:09:09+00:00,2024-11-19 16:32:34+00:00,train,1460:22627>1492:22677|15,15.719908177844026
BEV1_2024-11-20_drive1.csv,BEV1,2024-11-20 07:50:07+00:00,2024-11-20 07:50:06+00:00,2024-11-20 08:23:59+00:00,train,1492:22677>1552:22706|23,23.952159965967983
BEV1_2024-11-20_drive2.csv,BEV1,2024-11-20 16:53:19+00:00,2024-11-20 16:53:18+00:00,2024-11-20 17:26:19+00:00,train,1552:22706>1492:22677|21,21.58451090140221
BEV1_2024-11-20_drive3.csv,BEV1,2024-11-20 18:17:43+00:00,2024-11-20 18:17:42+00:00,2024-11-20 18:28:30+00:00,train,1492:22677>1489:22687|4,4.441103539407793
BEV1_2024-11-20_drive4.csv,BEV1,2024-11-20 20:02:37+00:00,2024-11-20 20:02:35+00:00,2024-11-20 20:18:48+00:00,train,1489:22687>1492:22677|4,4.533251730367311
BEV1_2024-11-21_drive1.csv,BEV1,2024-11-21 06:27:05+00:00,2024-11-21 06:27:04+00:00,2024-11-21 07:02:04+00:00,train,1492:22677>1552:22706|23,23.26565846820354
BEV1_2024-11-21_drive2.csv,BEV1,2024-11-21 14:28:54+00:00,2024-11-21 14:28:53+00:00,2024-11-21 15:31:58+00:00,train,1552:22706>1313:22648|55,55.38547877327292
BEV1_2024-11-21_drive3.csv,BEV1,2024-11-21 17:55:07+00:00,2024-11-21 17:55:06+00:00,2024-11-21 18:08:16+00:00,train,1313:22648>1319:22653|3,3.667560898688304
BEV1_2024-11-21_drive4.csv,BEV1,2024-11-21 20:08:49+00:00,2024-11-21 20:08:48+00:00,2024-11-21 21:03:01+00:00,train,1319:22653>1492:22677|51,51.516793559202085
BEV1_2024-11-22_drive1.csv,BEV1,2024-11-22 09:18:27+00:00,2024-11-22 09:18:26+00:00,2024-11-22 09:31:07+00:00,train,1492:22677>1511:22677|7,7.915478459949508
BEV1_2024-11-22_drive2.csv,BEV1,2024-11-22 11:35:02+00:00,2024-11-22 11:35:01+00:00,2024-11-22 12:28:36+00:00,train,1511:22677>1313:22648|52,52.85857387422733
BEV1_2024-11-22_drive4.csv,BEV1,2024-11-22 17:43:31+00:00,2024-11-22 17:43:30+00:00,2024-11-22 18:23:08+00:00,train,1492:22677>1547:22703|20,20.57829379038999
BEV1_2024-11-22_drive5.csv,BEV1,2024-11-22 21:03:46+00:00,2024-11-22 21:03:45+00:00,2024-11-22 21:40:56+00:00,train,1547:22703>1492:22677|19,19.09168329828833
BEV1_2024-11-23_drive1.csv,BEV1,2024-11-23 13:23:03+00:00,2024-11-23 13:23:01+00:00,2024-11-23 13:37:52+00:00,train,1492:22677>1496:22679|2,2.975686732997385
BEV1_2024-11-23_drive2.csv,BEV1,2024-11-23 13:39:43+00:00,2024-11-23 13:39:42+00:00,2024-11-23 13:43:26+00:00,train,1496:22679>1496:22679|0,0.0768317688569679
BEV1_2024-11-23_drive3.csv,BEV1,2024-11-23 16:49:17+00:00,2024-11-23 16:49:15+00:00,2024-11-23 16:55:58+00:00,train,1496:22679>1496:22682|0,0.8635021837032789
BEV1_2024-11-23_drive4.csv,BEV1,2024-11-23 17:42:20+00:00,2024-11-23 17:42:19+00:00,2024-11-23 17:59:37+00:00,train,1496:22682>1492:22677|4,4.346160285894058
BEV1_2024-11-24_drive1.csv,BEV1,2024-11-24 10:08:10+00:00,2024-11-24 10:08:09+00:00,2024-11-24 10:18:09+00:00,train,1492:22677>1481:22684|4,4.286046805006736
BEV1_2024-11-24_drive2.csv,BEV1,2024-11-24 10:24:52+00:00,2024-11-24 10:24:51+00:00,2024-11-24 10:35:18+00:00,train,1481:22684>1492:22677|5,5.099727750463452
BEV1_2024-11-25_drive1.csv,BEV1,2024-11-25 07:27:06+00:00,2024-11-25 07:27:05+00:00,2024-11-25 07:29:21+00:00,train,1492:22677>1492:22678|0,0.1501305818370706
BEV1_2024-11-25_drive2.csv,BEV1,2024-11-25 12:33:10+00:00,2024-11-25 12:33:09+00:00,2024-11-25 13:19:07+00:00,train,1492:22678>1313:22647|50,50.55618598664888
BEV1_2024-11-25_drive3.csv,BEV1,2024-11-25 13:47:41+00:00,2024-11-25 13:47:40+00:00,2024-11-25 13:59:09+00:00,train,1313:22647>1319:22653|3,3.410905412585084
BEV1_2024-11-25_drive4.csv,BEV1,2024-11-25 16:45:30+00:00,2024-11-25 16:45:28+00:00,2024-11-25 17:35:06+00:00,train,1319:22653>1492:22677|45,45.14889719668942
BEV1_2024-11-26_drive1.csv,BEV1,2024-11-26 07:26:55+00:00,2024-11-26 07:26:54+00:00,2024-11-26 08:03:11+00:00,train,1492:22677>1552:22706|22,22.99612995758933
BEV1_2024-11-26_drive2.csv,BEV1,2024-11-26 16:07:05+00:00,2024-11-26 16:07:04+00:00,2024-11-26 16:42:59+00:00,train,1552:22706>1492:22677|22,22.6070859934332
BEV1_2024-11-28_drive1.csv,BEV1,2024-11-28 07:11:32+00:00,2024-11-28 07:11:31+00:00,2024-11-28 07:50:49+00:00,train,1492:22677>1552:22706|23,23.411108600587127
BEV1_2024-11-28_drive2.csv,BEV1,2024-11-28 11:33:58+00:00,2024-11-28 11:33:57+00:00,2024-11-28 11:53:39+00:00,train,1552:22706>1511:22678|15,15.56245491931212
BEV1_2024-11-28_drive3.csv,BEV1,2024-11-28 14:43:54+00:00,2024-11-28 14:43:53+00:00,2024-11-28 15:23:11+00:00,train,1511:22678>1552:22706|15,15.259406776653297
BEV1_2024-11-28_drive4.csv,BEV1,2024-11-28 17:07:17+00:00,2024-11-28 17:07:16+00:00,2024-11-28 17:45:45+00:00,train,1552:22706>1492:22680|20,20.354688667787865
BEV1_2024-11-28_drive5.csv,BEV1,2024-11-28 19:38:39+00:00,2024-11-28 19:38:38+00:00,2024-11-28 19:48:39+00:00,train,1492:22680>1492:22677|3,3.37061638478869
BEV1_2024-11-29_drive1.csv,BEV1,2024-11-29 06:43:59+00:00,2024-11-29 06:43:58+00:00,2024-11-29 07:21:57+00:00,train,1492:22677>1552:22706|22,22.86084343878949
BEV1_2024-11-29_drive2.csv,BEV1,2024-11-29 16:32:25+00:00,2024-11-29 16:32:24+00:00,2024-11-29 17:09:09+00:00,train,1552:22706>1492:22677|22,22.84088172049701
BEV1_2024-11-30_drive1.csv,BEV1,2024-11-30 11:01:31+00:00,2024-11-30 11:01:29+00:00,2024-11-30 11:10:04+00:00,train,1492:22677>1496:22677|2,2.1273332183568323
BEV1_2024-11-30_drive2.csv,BEV1,2024-11-30 11:21:00+00:00,2024-11-30 11:20:58+00:00,2024-11-30 11:50:16+00:00,train,1496:22677>1496:22682|1,1.7383013299221637
BEV1_2024-11-30_drive3.csv,BEV1,2024-11-30 12:21:51+00:00,2024-11-30 12:21:50+00:00,2024-11-30 12:33:36+00:00,train,1496:22682>1495:22680|2,2.6206382524999947
BEV1_2024-11-30_drive4.csv,BEV1,2024-11-30 13:30:57+00:00,2024-11-30 13:30:55+00:00,2024-11-30 13:49:41+00:00,train,1495:22680>1492:22677|4,4.622642464359817
BEV1_2024-12-01_drive1.csv,BEV1,2024-12-01 15:59:35+00:00,2024-12-01 15:59:34+00:00,2024-12-01 16:11:39+00:00,validation,1492:22677>1481:22684|4,4.357176777094713
BEV1_2024-12-01_drive2.csv,BEV1,2024-12-01 16:18:02+00:00,2024-12-01 16:18:01+00:00,2024-12-01 16:37:27+00:00,validation,1481:22684>1489:22687|3,3.646660294539616
BEV1_2024-12-01_drive3.csv,BEV1,2024-12-01 17:11:52+00:00,2024-12-01 17:11:51+00:00,2024-12-01 17:27:34+00:00,validation,1489:22687>1501:22696|5,5.767033181966827
BEV1_2024-12-01_drive4.csv,BEV1,2024-12-01 17:41:11+00:00,2024-12-01 17:41:10+00:00,2024-12-01 17:41:56+00:00,validation,1501:22696>1501:22696|0,0.0243770251710282
BEV1_2024-12-01_drive5.csv,BEV1,2024-12-01 17:51:52+00:00,2024-12-01 17:51:51+00:00,2024-12-01 18:12:18+00:00,validation,1501:22696>1490:22678|7,7.58499968536398
BEV1_2024-12-01_drive6.csv,BEV1,2024-12-01 18:25:25+00:00,2024-12-01 18:25:23+00:00,2024-12-01 18:34:49+00:00,validation,1490:22678>1492:22677|0,0.5482108985251086
BEV1_2024-12-02_drive1.csv,BEV1,2024-12-02 07:37:10+00:00,2024-12-02 07:37:09+00:00,2024-12-02 08:00:02+00:00,validation,1492:22677>1460:22627|16,16.556250084914954
BEV1_2024-12-02_drive2.csv,BEV1,2024-12-02 16:22:31+00:00,2024-12-02 16:22:29+00:00,2024-12-02 16:58:18+00:00,validation,1460:22627>1498:22682|20,20.121603302760672
BEV1_2024-12-02_drive3.csv,BEV1,2024-12-02 17:32:29+00:00,2024-12-02 17:32:27+00:00,2024-12-02 17:39:44+00:00,validation,1498:22682>1489:22676|3,3.883895766407592
BEV1_2024-12-02_drive4.csv,BEV1,2024-12-02 17:46:19+00:00,2024-12-02 17:46:17+00:00,2024-12-02 17:53:34+00:00,validation,1489:22676>1492:22678|2,2.974798170786812
BEV1_2024-12-02_drive5.csv,BEV1,2024-12-02 18:06:30+00:00,2024-12-02 18:06:28+00:00,2024-12-02 18:31:17+00:00,validation,1492:22678>1492:22678|2,2.9099498614575228
BEV1_2024-12-02_drive6.csv,BEV1,2024-12-02 20:03:07+00:00,2024-12-02 20:03:06+00:00,2024-12-02 20:22:11+00:00,validation,1492:22678>1492:22677|0,0.187058544421165
BEV1_2024-12-03_drive1.csv,BEV1,2024-12-03 06:57:44+00:00,2024-12-03 06:57:43+00:00,2024-12-03 07:36:04+00:00,validation,1492:22677>1552:22706|23,23.15474883364389
BEV1_2024-12-03_drive2.csv,BEV1,2024-12-03 13:19:19+00:00,2024-12-03 13:19:18+00:00,2024-12-03 14:21:26+00:00,validation,1552:22706>1492:22677|50,50.028050929031295
BEV1_2024-12-03_drive3.csv,BEV1,2024-12-03 14:40:51+00:00,2024-12-03 14:40:49+00:00,2024-12-03 14:51:07+00:00,validation,1492:22677>1498:22691|6,6.416508521421283
BEV1_2024-12-03_drive4.csv,BEV1,2024-12-03 15:38:18+00:00,2024-12-03 15:38:17+00:00,2024-12-03 15:55:58+00:00,validation,1498:22691>1492:22677|6,6.511285701934032
BEV1_2024-12-04_drive1.csv,BEV1,2024-12-04 16:31:39+00:00,2024-12-04 16:31:38+00:00,2024-12-04 16:41:56+00:00,validation,1492:22677>1498:22682|4,4.844253518656052
BEV1_2024-12-04_drive2.csv,BEV1,2024-12-04 17:19:37+00:00,2024-12-04 17:19:36+00:00,2024-12-04 17:29:28+00:00,validation,1498:22682>1481:22684|5,5.197846155371685
BEV1_2024-12-04_drive3.csv,BEV1,2024-12-04 18:48:21+00:00,2024-12-04 18:48:20+00:00,2024-12-04 19:00:34+00:00,validation,1481:22684>1492:22677|4,4.900480115781585
BEV1_2024-12-05_drive1.csv,BEV1,2024-12-05 07:39:41+00:00,2024-12-05 07:39:40+00:00,2024-12-05 08:02:15+00:00,validation,1492:22677>1460:22627|15,15.08750863334356
BEV1_2024-12-05_drive2.csv,BEV1,2024-12-05 16:34:31+00:00,2024-12-05 16:34:29+00:00,2024-12-05 16:57:45+00:00,validation,1460:22627>1492:22677|14,14.900825090124094
BEV1_2024-12-05_drive3.csv,BEV1,2024-12-05 17:00:44+00:00,2024-12-05 17:00:43+00:00,2024-12-05 17:13:09+00:00,validation,1492:22677>1511:22677|8,8.112805583170315
BEV1_2024-12-05_drive4.csv,BEV1,2024-12-05 17:21:52+00:00,2024-12-05 17:21:51+00:00,2024-12-05 17:34:03+00:00,validation,1511:22677>1492:22677|8,8.10389116773722
BEV1_2024-12-06_drive1.csv,BEV1,2024-12-06 06:56:49+00:00,2024-12-06 06:56:48+00:00,2024-12-06 07:34:10+00:00,validation,1492:22677>1552:22706|22,22.65256259734365
BEV1_2024-12-06_drive2.csv,BEV1,2024-12-06 15:57:36+00:00,2024-12-06 15:57:35+00:00,2024-12-06 16:31:23+00:00,validation,1552:22706>1492:22677|23,23.419796569713945
BEV1_2024-12-06_drive3.csv,BEV1,2024-12-06 18:04:10+00:00,2024-12-06 18:04:08+00:00,2024-12-06 18:20:17+00:00,validation,1492:22677>1489:22687|4,4.301218358917444
BEV1_2024-12-06_drive4.csv,BEV1,2024-12-06 22:49:05+00:00,2024-12-06 22:49:03+00:00,2024-12-06 23:09:34+00:00,validation,1489:22687>1492:22677|5,5.094111559825946
BEV1_2024-12-07_drive1.csv,BEV1,2024-12-07 10:31:51+00:00,2024-12-07 10:31:49+00:00,2024-12-07 10:36:39+00:00,validation,1492:22677>1492:22678|0,0.16719044917326
BEV1_2024-12-07_drive3.csv,BEV1,2024-12-07 15:19:36+00:00,2024-12-07 15:19:34+00:00,2024-12-07 16:53:37+00:00,validation,1217:22634>881:22594|97,97.3423327905946
BEV1_2024-12-07_drive4.csv,BEV1,2024-12-07 17:04:28+00:00,2024-12-07 17:04:27+00:00,2024-12-07 18:21:26+00:00,validation,881:22594>885:22576|39,39.17627146075792
BEV1_2024-12-08_drive1.csv,BEV1,2024-12-08 00:01:07+00:00,2024-12-08 00:01:05+00:00,2024-12-08 00:25:38+00:00,validation,885:22576>862:22552|10,10.53069341154632
BEV1_2024-12-08_drive2.csv,BEV1,2024-12-08 11:48:51+00:00,2024-12-08 11:48:50+00:00,2024-12-08 12:23:54+00:00,validation,862:22552>836:22554|11,11.489126572663691
BEV1_2024-12-08_drive3.csv,BEV1,2024-12-08 14:24:38+00:00,2024-12-08 14:24:36+00:00,2024-12-08 15:05:28+00:00,validation,836:22554>917:22622|36,36.44850394141952
BEV1_2024-12-08_drive4.csv,BEV1,2024-12-08 15:44:43+00:00,2024-12-08 15:44:42+00:00,2024-12-08 17:44:06+00:00,validation,917:22622>1492:22677|135,135.382293465423
BEV1_2024-12-09_drive1.csv,BEV1,2024-12-09 08:14:58+00:00,2024-12-09 08:14:57+00:00,2024-12-09 08:45:34+00:00,validation,1492:22677>1552:22706|21,21.308435472638948
BEV1_2024-12-09_drive2.csv,BEV1,2024-12-09 10:05:38+00:00,2024-12-09 10:05:37+00:00,2024-12-09 10:07:56+00:00,validation,1552:22706>1552:22706|0,0.1313408741100557
BEV1_2024-12-09_drive3.csv,BEV1,2024-12-09 13:26:23+00:00,2024-12-09 13:26:22+00:00,2024-12-09 13:45:44+00:00,validation,1552:22706>1511:22678|15,15.248760891436206
BEV1_2024-12-09_drive4.csv,BEV1,2024-12-09 15:37:58+00:00,2024-12-09 15:37:57+00:00,2024-12-09 15:47:37+00:00,validation,1511:22678>1498:22682|4,4.217337998749665
BEV1_2024-12-09_drive5.csv,BEV1,2024-12-09 16:18:39+00:00,2024-12-09 16:18:37+00:00,2024-12-09 16:29:21+00:00,validation,1498:22682>1496:22679|3,3.402812734967896
BEV1_2024-12-09_drive6.csv,BEV1,2024-12-09 17:08:28+00:00,2024-12-09 17:08:27+00:00,2024-12-09 17:18:37+00:00,validation,1496:22679>1492:22677|4,4.664305114158527
BEV1_2024-12-10_drive1.csv,BEV1,2024-12-10 09:03:50+00:00,2024-12-10 09:03:49+00:00,2024-12-10 09:11:45+00:00,validation,1492:22677>1496:22682|4,4.196019424480998
BEV1_2024-12-10_drive2.csv,BEV1,2024-12-10 09:20:19+00:00,2024-12-10 09:20:17+00:00,2024-12-10 09:44:23+00:00,validation,1496:22682>1552:22706|20,20.169027045577828
BEV1_2024-12-10_drive3.csv,BEV1,2024-12-10 16:39:58+00:00,2024-12-10 16:39:57+00:00,2024-12-10 17:05:05+00:00,validation,1552:22706>1496:22679|19,19.12195887669556
BEV1_2024-12-10_drive4.csv,BEV1,2024-12-10 19:22:13+00:00,2024-12-10 19:22:12+00:00,2024-12-10 19:30:22+00:00,validation,1496:22679>1492:22677|2,2.75423758046269
BEV1_2024-12-11_drive1.csv,BEV1,2024-12-11 07:07:33+00:00,2024-12-11 07:07:31+00:00,2024-12-11 08:32:48+00:00,validation,1492:22677>1313:22647|53,53.449639948137374
BEV1_2024-12-11_drive2.csv,BEV1,2024-12-11 16:00:33+00:00,2024-12-11 16:00:32+00:00,2024-12-11 17:39:58+00:00,validation,1313:22647>1218:22634|33,33.1233241870254
BEV1_2024-12-11_drive3.csv,BEV1,2024-12-11 21:02:55+00:00,2024-12-11 21:02:54+00:00,2024-12-11 22:17:49+00:00,validation,1218:22634>1492:22677|65,65.1644500743098
BEV1_2024-12-12_drive1.csv,BEV1,2024-12-12 08:28:58+00:00,2024-12-12 08:28:57+00:00,2024-12-12 08:44:52+00:00,validation,1492:22677>1511:22677|8,8.295354783141214
BEV1_2024-12-12_drive2.csv,BEV1,2024-12-12 11:03:20+00:00,2024-12-12 11:03:18+00:00,2024-12-12 11:56:44+00:00,validation,1511:22677>1313:22647|54,54.08384903812128
BEV1_2024-12-12_drive3.csv,BEV1,2024-12-12 14:38:22+00:00,2024-12-12 14:38:20+00:00,2024-12-12 16:10:33+00:00,validation,1313:22647>1492:22677|59,59.57543177162592
BEV1_2025-01-07_drive1.csv,BEV1,2025-01-07 07:08:54+00:00,2025-01-07 07:08:52+00:00,2025-01-07 07:30:08+00:00,validation,1492:22677>1460:22627|18,18.03917442613263
BEV1_2025-01-07_drive2.csv,BEV1,2025-01-07 16:20:20+00:00,2025-01-07 16:20:19+00:00,2025-01-07 16:49:20+00:00,validation,1460:22627>1496:22682|21,21.04809868238911
BEV1_2025-01-07_drive3.csv,BEV1,2025-01-07 17:27:56+00:00,2025-01-07 17:27:54+00:00,2025-01-07 17:45:41+00:00,validation,1496:22682>1492:22677|4,4.760707267445054
BEV1_2025-01-08_drive1.csv,BEV1,2025-01-08 07:34:28+00:00,2025-01-08 07:34:27+00:00,2025-01-08 07:58:25+00:00,validation,1492:22677>1460:22627|18,18.04879465067064
BEV1_2025-01-08_drive2.csv,BEV1,2025-01-08 16:37:06+00:00,2025-01-08 16:37:05+00:00,2025-01-08 17:14:15+00:00,validation,1460:22627>1492:22678|18,18.03646671859013
BEV1_2025-01-08_drive3.csv,BEV1,2025-01-08 21:32:02+00:00,2025-01-08 21:32:01+00:00,2025-01-08 21:45:45+00:00,validation,1492:22678>1492:22677|0,0.1561441263416996
BEV1_2025-01-09_drive1.csv,BEV1,2025-01-09 06:47:09+00:00,2025-01-09 06:47:08+00:00,2025-01-09 07:15:41+00:00,validation,1492:22677>1460:22627|18,18.040459517625514
BEV1_2025-01-09_drive2.csv,BEV1,2025-01-09 15:52:31+00:00,2025-01-09 15:52:29+00:00,2025-01-09 16:24:19+00:00,validation,1460:22627>1492:22677|17,17.98531112293834
BEV1_2025-01-12_drive1.csv,BEV1,2025-01-12 13:49:24+00:00,2025-01-12 13:49:23+00:00,2025-01-12 13:58:29+00:00,validation,1492:22677>1492:22678|0,0.1404951282191682
BEV1_2025-01-12_drive2.csv,BEV1,2025-01-12 16:50:05+00:00,2025-01-12 16:50:04+00:00,2025-01-12 16:59:14+00:00,validation,1492:22678>1492:22677|0,0.7159075157081026
BEV1_2025-01-13_drive1.csv,BEV1,2025-01-13 07:09:17+00:00,2025-01-13 07:09:16+00:00,2025-01-13 07:30:55+00:00,validation,1492:22677>1460:22627|18,18.037143161097383
BEV1_2025-01-13_drive2.csv,BEV1,2025-01-13 16:15:32+00:00,2025-01-13 16:15:31+00:00,2025-01-13 16:45:08+00:00,validation,1460:22627>1492:22677|17,17.993681658512198
BEV1_2025-01-14_drive1.csv,BEV1,2025-01-14 07:33:55+00:00,2025-01-14 07:33:54+00:00,2025-01-14 07:59:48+00:00,validation,1492:22677>1460:22627|17,17.71443128786747
BEV1_2025-01-14_drive2.csv,BEV1,2025-01-14 16:17:54+00:00,2025-01-14 16:17:52+00:00,2025-01-14 16:56:24+00:00,validation,1460:22627>1496:22682|21,21.066630513377497
BEV1_2025-01-14_drive3.csv,BEV1,2025-01-14 17:20:07+00:00,2025-01-14 17:20:05+00:00,2025-01-14 17:32:32+00:00,validation,1496:22682>1492:22677|4,4.760403850581216
BEV1_2025-01-15_drive1.csv,BEV1,2025-01-15 18:38:12+00:00,2025-01-15 18:38:10+00:00,2025-01-15 18:42:22+00:00,validation,1492:22677>1490:22678|0,0.5763925739618555
BEV1_2025-01-15_drive2.csv,BEV1,2025-01-15 19:14:58+00:00,2025-01-15 19:14:57+00:00,2025-01-15 19:17:36+00:00,validation,1490:22678>1492:22677|0,0.5741735227405882
BEV1_2025-01-16_drive1.csv,BEV1,2025-01-16 07:43:58+00:00,2025-01-16 07:43:57+00:00,2025-01-16 08:15:32+00:00,validation,1492:22677>1552:22706|21,21.71713205758096
BEV1_2025-01-16_drive2.csv,BEV1,2025-01-16 16:51:47+00:00,2025-01-16 16:51:45+00:00,2025-01-16 17:22:47+00:00,validation,1552:22706>1492:22677|24,24.56000226915034
BEV1_2025-01-16_drive3.csv,BEV1,2025-01-16 17:44:45+00:00,2025-01-16 17:44:44+00:00,2025-01-16 17:56:19+00:00,validation,1492:22677>1502:22681|5,5.849857868760985
BEV1_2025-01-16_drive4.csv,BEV1,2025-01-16 21:12:49+00:00,2025-01-16 21:12:48+00:00,2025-01-16 21:33:40+00:00,validation,1502:22681>1492:22677|5,5.719215439102749
BEV1_2025-01-17_drive1.csv,BEV1,2025-01-17 17:42:12+00:00,2025-01-17 17:42:11+00:00,2025-01-17 17:53:20+00:00,validation,1492:22677>1497:22669|3,3.901828946773516
BEV1_2025-01-17_drive2.csv,BEV1,2025-01-17 19:37:07+00:00,2025-01-17 19:37:06+00:00,2025-01-17 19:53:08+00:00,validation,1497:22669>1492:22677|3,3.737035834408285
BEV1_2025-01-18_drive1.csv,BEV1,2025-01-18 09:21:08+00:00,2025-01-18 09:21:07+00:00,2025-01-18 09:51:26+00:00,validation,1492:22677>1492:22677|7,7.348130191261768
BEV1_2025-01-18_drive2.csv,BEV1,2025-01-18 17:44:58+00:00,2025-01-18 17:44:57+00:00,2025-01-18 17:51:26+00:00,validation,1492:22677>1489:22676|1,1.0778839338645403
BEV1_2025-01-18_drive3.csv,BEV1,2025-01-18 18:15:25+00:00,2025-01-18 18:15:23+00:00,2025-01-18 18:28:55+00:00,validation,1489:22676>1504:22677|5,5.862633469797833
BEV1_2025-01-18_drive4.csv,BEV1,2025-01-18 20:47:02+00:00,2025-01-18 20:47:00+00:00,2025-01-18 21:01:18+00:00,validation,1504:22677>1492:22677|6,6.744666754168504
BEV1_2025-01-19_drive1.csv,BEV1,2025-01-19 12:24:28+00:00,2025-01-19 12:24:26+00:00,2025-01-19 12:51:44+00:00,validation,1492:22677>1501:22696|8,8.130325133543092
BEV1_2025-01-19_drive3.csv,BEV1,2025-01-19 13:06:59+00:00,2025-01-19 13:06:58+00:00,2025-01-19 13:19:06+00:00,validation,1501:22695>1492:22677|7,7.489279013297705
BEV1_2025-01-19_drive4.csv,BEV1,2025-01-19 13:21:01+00:00,2025-01-19 13:21:00+00:00,2025-01-19 13:39:00+00:00,validation,1492:22677>1492:22678|0,0.1598964372987068
BEV1_2025-01-19_drive5.csv,BEV1,2025-01-19 20:48:15+00:00,2025-01-19 20:48:13+00:00,2025-01-19 20:50:03+00:00,validation,1492:22678>1492:22677|0,0.1512139455552434
BEV1_2025-01-20_drive1.csv,BEV1,2025-01-20 15:15:09+00:00,2025-01-20 15:15:07+00:00,2025-01-20 15:29:24+00:00,validation,1492:22677>1498:22691|6,6.591427930215117
BEV1_2025-01-20_drive2.csv,BEV1,2025-01-20 15:56:54+00:00,2025-01-20 15:56:52+00:00,2025-01-20 16:16:36+00:00,validation,1498:22691>1492:22677|6,6.573218372898084
BEV1_2025-01-21_drive1.csv,BEV1,2025-01-21 07:37:58+00:00,2025-01-21 07:37:56+00:00,2025-01-21 07:59:18+00:00,validation,1492:22677>1460:22627|17,17.930360694715315
BEV1_2025-01-21_drive2.csv,BEV1,2025-01-21 16:32:56+00:00,2025-01-21 16:32:54+00:00,2025-01-21 16:58:41+00:00,validation,1460:22627>1492:22677|17,17.9885331393853
BEV1_2025-01-22_drive1.csv,BEV1,2025-01-22 06:45:48+00:00,2025-01-22 06:45:47+00:00,2025-01-22 07:07:16+00:00,validation,1492:22677>1460:22627|18,18.018329459473
BEV1_2025-01-22_drive2.csv,BEV1,2025-01-22 15:46:34+00:00,2025-01-22 15:46:32+00:00,2025-01-22 16:21:04+00:00,validation,1460:22627>1492:22678|18,18.00787228353013
BEV1_2025-01-22_drive3.csv,BEV1,2025-01-22 21:54:38+00:00,2025-01-22 21:54:37+00:00,2025-01-22 21:56:30+00:00,validation,1492:22678>1492:22677|0,0.1506495491252367
BEV1_2025-01-23_drive1.csv,BEV1,2025-01-23 07:21:04+00:00,2025-01-23 07:21:02+00:00,2025-01-23 07:54:53+00:00,validation,1492:22677>1552:22706|21,21.589857723675284
BEV1_2025-01-23_drive2.csv,BEV1,2025-01-23 15:50:02+00:00,2025-01-23 15:50:01+00:00,2025-01-23 16:12:12+00:00,validation,1552:22706>1528:22676|13,13.604916861694525
BEV1_2025-01-23_drive3.csv,BEV1,2025-01-23 16:24:42+00:00,2025-01-23 16:24:41+00:00,2025-01-23 16:39:41+00:00,validation,1528:22676>1496:22675|11,11.931689491908
BEV1_2025-01-23_drive4.csv,BEV1,2025-01-23 16:53:07+00:00,2025-01-23 16:53:06+00:00,2025-01-23 16:59:33+00:00,validation,1496:22675>1492:22677|1,1.964130945047795
BEV1_2025-01-23_drive5.csv,BEV1,2025-01-23 17:47:59+00:00,2025-01-23 17:47:58+00:00,2025-01-23 17:59:59+00:00,validation,1492:22677>1502:22681|5,5.722864009608076
BEV1_2025-01-23_drive6.csv,BEV1,2025-01-23 20:59:38+00:00,2025-01-23 20:59:37+00:00,2025-01-23 21:23:25+00:00,validation,1502:22681>1492:22677|5,5.582819154865351
BEV1_2025-01-27_drive1.csv,BEV1,2025-01-27 07:23:12+00:00,2025-01-27 07:23:11+00:00,2025-01-27 07:44:46+00:00,calibration,1492:22677>1460:22627|18,18.02520527575388
BEV1_2025-01-27_drive2.csv,BEV1,2025-01-27 15:19:11+00:00,2025-01-27 15:19:10+00:00,2025-01-27 15:42:07+00:00,calibration,1460:22627>1492:22677|14,14.253824419589076
BEV1_2025-01-27_drive3.csv,BEV1,2025-01-27 17:35:30+00:00,2025-01-27 17:35:29+00:00,2025-01-27 17:43:55+00:00,calibration,1492:22677>1496:22682|4,4.207946257761477
BEV1_2025-01-27_drive4.csv,BEV1,2025-01-27 18:24:22+00:00,2025-01-27 18:24:21+00:00,2025-01-27 18:37:50+00:00,calibration,1496:22682>1492:22677|4,4.484384430839847
BEV1_2025-01-27_drive5.csv,BEV1,2025-01-27 18:40:03+00:00,2025-01-27 18:40:02+00:00,2025-01-27 18:47:02+00:00,calibration,1492:22677>1492:22678|0,0.1705800738661942
BEV1_2025-01-27_drive6.csv,BEV1,2025-01-27 21:54:25+00:00,2025-01-27 21:54:24+00:00,2025-01-27 21:56:18+00:00,calibration,1492:22678>1492:22677|0,0.153165589500769
BEV1_2025-01-28_drive1.csv,BEV1,2025-01-28 10:51:14+00:00,2025-01-28 10:51:12+00:00,2025-01-28 11:37:16+00:00,calibration,1492:22677>1313:22648|64,64.88816857552995
BEV1_2025-01-28_drive2.csv,BEV1,2025-01-28 16:21:47+00:00,2025-01-28 16:21:46+00:00,2025-01-28 17:22:54+00:00,calibration,1313:22648>1492:22677|56,56.07586813342829
BEV1_2025-01-29_drive1.csv,BEV1,2025-01-29 06:48:10+00:00,2025-01-29 06:48:08+00:00,2025-01-29 07:17:16+00:00,calibration,1492:22677>1552:22706|21,21.58562613660604
BEV1_2025-01-29_drive2.csv,BEV1,2025-01-29 16:27:56+00:00,2025-01-29 16:27:55+00:00,2025-01-29 16:53:09+00:00,calibration,1552:22706>1496:22679|20,20.42459953486922
BEV1_2025-01-29_drive3.csv,BEV1,2025-01-29 18:47:01+00:00,2025-01-29 18:47:00+00:00,2025-01-29 18:55:25+00:00,calibration,1496:22679>1492:22677|2,2.6782620718178927
BEV1_2025-01-30_drive1.csv,BEV1,2025-01-30 07:07:37+00:00,2025-01-30 07:07:36+00:00,2025-01-30 07:45:44+00:00,calibration,1492:22677>1552:22706|21,21.959249659008915
BEV1_2025-01-30_drive2.csv,BEV1,2025-01-30 16:17:03+00:00,2025-01-30 16:17:02+00:00,2025-01-30 16:48:13+00:00,calibration,1552:22706>1492:22677|24,24.949764668852588
BEV1_2025-01-30_drive3.csv,BEV1,2025-01-30 17:49:07+00:00,2025-01-30 17:49:06+00:00,2025-01-30 18:01:47+00:00,calibration,1492:22677>1502:22681|6,6.015001261976916
BEV1_2025-01-30_drive4.csv,BEV1,2025-01-30 20:31:17+00:00,2025-01-30 20:31:16+00:00,2025-01-30 20:46:15+00:00,calibration,1502:22681>1492:22677|5,5.403159489536219
BEV1_2025-01-31_drive1.csv,BEV1,2025-01-31 07:51:35+00:00,2025-01-31 07:51:34+00:00,2025-01-31 08:21:48+00:00,calibration,1492:22677>1552:22706|22,22.92644099005858
BEV1_2025-01-31_drive2.csv,BEV1,2025-01-31 11:08:51+00:00,2025-01-31 11:08:50+00:00,2025-01-31 11:10:35+00:00,calibration,1552:22706>1551:22706|0,0.4426839241003103
BEV1_2025-01-31_drive3.csv,BEV1,2025-01-31 11:17:47+00:00,2025-01-31 11:17:46+00:00,2025-01-31 11:41:31+00:00,calibration,1551:22706>1481:22684|31,31.589299872914346
BEV1_2025-01-31_drive4.csv,BEV1,2025-01-31 12:14:32+00:00,2025-01-31 12:14:31+00:00,2025-01-31 13:02:57+00:00,calibration,1481:22684>1492:22677|7,7.31797765361485
BEV1_2025-01-31_drive5.csv,BEV1,2025-01-31 14:26:27+00:00,2025-01-31 14:26:25+00:00,2025-01-31 14:40:16+00:00,calibration,1492:22677>1509:22677|9,9.027734025226405
BEV1_2025-01-31_drive6.csv,BEV1,2025-01-31 16:06:07+00:00,2025-01-31 16:06:06+00:00,2025-01-31 16:21:43+00:00,calibration,1509:22677>1492:22677|9,9.1320537940949
BEV1_2025-02-02_drive1.csv,BEV1,2025-02-02 13:28:21+00:00,2025-02-02 13:28:20+00:00,2025-02-02 13:38:48+00:00,calibration,1492:22677>1502:22684|5,5.886689883142184
BEV1_2025-02-02_drive2.csv,BEV1,2025-02-02 13:47:36+00:00,2025-02-02 13:47:35+00:00,2025-02-02 13:59:02+00:00,calibration,1502:22684>1500:22684|0,0.5362432268647437
BEV1_2025-02-02_drive3.csv,BEV1,2025-02-02 14:10:25+00:00,2025-02-02 14:10:24+00:00,2025-02-02 14:35:07+00:00,calibration,1500:22684>1486:22682|12,12.284929729092726
BEV1_2025-02-02_drive4.csv,BEV1,2025-02-02 15:37:17+00:00,2025-02-02 15:37:15+00:00,2025-02-02 16:02:56+00:00,calibration,1486:22682>1489:22687|2,2.107740209210524
BEV1_2025-02-02_drive6.csv,BEV1,2025-02-02 19:48:18+00:00,2025-02-02 19:48:17+00:00,2025-02-02 20:03:30+00:00,calibration,1501:22696>1492:22677|7,7.505081677967995
BEV1_2025-02-03_drive1.csv,BEV1,2025-02-03 07:10:41+00:00,2025-02-03 07:10:40+00:00,2025-02-03 07:32:47+00:00,calibration,1492:22677>1460:22627|18,18.015020793334667
BEV1_2025-02-03_drive2.csv,BEV1,2025-02-03 15:40:28+00:00,2025-02-03 15:40:27+00:00,2025-02-03 16:23:51+00:00,calibration,1460:22627>1496:22676|24,24.71582100209352
BEV1_2025-02-03_drive3.csv,BEV1,2025-02-03 18:13:51+00:00,2025-02-03 18:13:50+00:00,2025-02-03 18:22:07+00:00,calibration,1496:22676>1492:22677|1,1.9151675621046416
BEV1_2025-02-04_drive1.csv,BEV1,2025-02-04 07:10:54+00:00,2025-02-04 07:10:53+00:00,2025-02-04 07:33:07+00:00,calibration,1492:22677>1460:22627|18,18.03197757923904
BEV1_2025-02-04_drive2.csv,BEV1,2025-02-04 15:46:06+00:00,2025-02-04 15:46:05+00:00,2025-02-04 16:27:08+00:00,calibration,1460:22627>1492:22677|18,18.475543780231813
BEV1_2025-02-04_drive3.csv,BEV1,2025-02-04 18:37:48+00:00,2025-02-04 18:37:46+00:00,2025-02-04 18:41:39+00:00,calibration,1492:22677>1492:22678|0,0.2021146765929797
BEV1_2025-02-05_drive1.csv,BEV1,2025-02-05 07:21:21+00:00,2025-02-05 07:21:20+00:00,2025-02-05 07:53:11+00:00,calibration,1492:22678>1552:22706|21,21.63510540864467
BEV1_2025-02-05_drive2.csv,BEV1,2025-02-05 17:02:26+00:00,2025-02-05 17:02:24+00:00,2025-02-05 17:32:28+00:00,calibration,1552:22706>1496:22682|18,18.09960170044865
BEV1_2025-02-05_drive3.csv,BEV1,2025-02-05 17:48:45+00:00,2025-02-05 17:48:44+00:00,2025-02-05 17:57:35+00:00,calibration,1496:22682>1492:22677|4,4.467144052931648
BEV1_2025-02-06_drive1.csv,BEV1,2025-02-06 06:57:57+00:00,2025-02-06 06:57:55+00:00,2025-02-06 07:31:22+00:00,calibration,1492:22677>1552:22706|21,21.586775874566243
BEV1_2025-02-06_drive2.csv,BEV1,2025-02-06 16:40:05+00:00,2025-02-06 16:40:04+00:00,2025-02-06 17:09:53+00:00,calibration,1552:22706>1492:22677|24,24.553707598615496
BEV1_2025-02-07_drive1.csv,BEV1,2025-02-07 06:34:52+00:00,2025-02-07 06:34:51+00:00,2025-02-07 06:36:42+00:00,calibration,1492:22677>1492:22678|0,0.1323549515241493
BEV1_2025-02-07_drive2.csv,BEV1,2025-02-07 08:01:57+00:00,2025-02-07 08:01:56+00:00,2025-02-07 09:26:30+00:00,calibration,1492:22678>1254:22474|125,125.5891602179546
BEV1_2025-02-09_drive1.csv,BEV1,2025-02-09 21:31:03+00:00,2025-02-09 21:31:02+00:00,2025-02-09 22:08:29+00:00,calibration,1254:22474>1344:22480|25,25.60617307425765
BEV1_2025-02-09_drive2.csv,BEV1,2025-02-09 22:36:59+00:00,2025-02-09 22:36:58+00:00,2025-02-09 23:37:38+00:00,calibration,1344:22480>1492:22677|103,103.03882174914364
BEV1_2025-02-10_drive1.csv,BEV1,2025-02-10 13:38:27+00:00,2025-02-10 13:38:25+00:00,2025-02-10 13:51:24+00:00,calibration,1492:22677>1511:22677|8,8.39650583524896
BEV1_2025-02-10_drive2.csv,BEV1,2025-02-10 14:11:16+00:00,2025-02-10 14:11:15+00:00,2025-02-10 14:14:09+00:00,calibration,1511:22677>1509:22677|1,1.1279468256625618
BEV1_2025-02-10_drive3.csv,BEV1,2025-02-10 17:00:49+00:00,2025-02-10 17:00:48+00:00,2025-02-10 17:15:10+00:00,calibration,1509:22677>1492:22677|9,9.134951929285556
BEV1_2025-02-10_drive4.csv,BEV1,2025-02-10 17:30:12+00:00,2025-02-10 17:30:10+00:00,2025-02-10 17:41:12+00:00,calibration,1492:22677>1495:22680|6,6.253031938622319
BEV1_2025-02-10_drive5.csv,BEV1,2025-02-10 19:32:40+00:00,2025-02-10 19:32:39+00:00,2025-02-10 19:43:52+00:00,calibration,1495:22680>1492:22678|4,4.649227302632806
BEV1_2025-02-11_drive1.csv,BEV1,2025-02-11 06:54:19+00:00,2025-02-11 06:54:17+00:00,2025-02-11 07:19:38+00:00,calibration,1492:22678>1460:22627|18,18.08499552046391
BEV1_2025-02-11_drive2.csv,BEV1,2025-02-11 16:01:14+00:00,2025-02-11 16:01:13+00:00,2025-02-11 16:38:45+00:00,calibration,1460:22627>1489:22672|20,20.16283546548661
BEV1_2025-02-11_drive3.csv,BEV1,2025-02-11 18:46:05+00:00,2025-02-11 18:46:03+00:00,2025-02-11 18:49:40+00:00,calibration,1492:22677>1492:22677|0,0.0025454051511295
BEV1_2025-02-12_drive1.csv,BEV1,2025-02-12 07:19:38+00:00,2025-02-12 07:19:36+00:00,2025-02-12 07:40:21+00:00,calibration,1492:22677>1460:22627|18,18.020759991723736
BEV1_2025-02-12_drive2.csv,BEV1,2025-02-12 16:11:23+00:00,2025-02-12 16:11:22+00:00,2025-02-12 16:51:53+00:00,calibration,1460:22627>1498:22682|19,19.008101923956623
BEV1_2025-02-12_drive3.csv,BEV1,2025-02-12 17:31:30+00:00,2025-02-12 17:31:29+00:00,2025-02-12 17:58:41+00:00,calibration,1498:22682>1496:22682|1,1.5343186242115012
BEV1_2025-02-12_drive4.csv,BEV1,2025-02-12 18:50:56+00:00,2025-02-12 18:50:54+00:00,2025-02-12 19:25:12+00:00,calibration,1496:22682>1492:22677|4,4.777149877688869
BEV1_2025-02-13_drive1.csv,BEV1,2025-02-13 07:44:39+00:00,2025-02-13 07:44:38+00:00,2025-02-13 08:06:30+00:00,calibration,1492:22677>1460:22628|16,16.222417884606237
BEV1_2025-02-13_drive2.csv,BEV1,2025-02-13 16:52:35+00:00,2025-02-13 16:52:33+00:00,2025-02-13 17:20:24+00:00,calibration,1460:22628>1492:22678|18,18.008272522630794
BEV1_2025-02-13_drive3.csv,BEV1,2025-02-13 20:42:56+00:00,2025-02-13 20:42:55+00:00,2025-02-13 20:52:15+00:00,calibration,1492:22678>1493:22681|2,2.803636794777725
BEV1_2025-02-13_drive4.csv,BEV1,2025-02-13 20:54:19+00:00,2025-02-13 20:54:18+00:00,2025-02-13 21:12:40+00:00,calibration,1493:22681>1492:22677|3,3.184306587531376
BEV1_2025-02-14_drive1.csv,BEV1,2025-02-14 15:13:17+00:00,2025-02-14 15:13:16+00:00,2025-02-14 15:27:22+00:00,calibration,1492:22677>1497:22677|2,2.4112880242714674
BEV1_2025-02-14_drive2.csv,BEV1,2025-02-14 16:54:41+00:00,2025-02-14 16:54:39+00:00,2025-02-14 17:09:08+00:00,calibration,1497:22677>1492:22677|2,2.697809178802972
BEV1_2025-02-14_drive3.csv,BEV1,2025-02-14 18:17:18+00:00,2025-02-14 18:17:16+00:00,2025-02-14 18:41:47+00:00,calibration,1492:22677>1505:22678|6,6.36901989829402
BEV1_2025-02-14_drive4.csv,BEV1,2025-02-14 20:59:09+00:00,2025-02-14 20:59:07+00:00,2025-02-14 21:16:11+00:00,calibration,1505:22678>1492:22677|6,6.829307486363732
BEV1_2025-02-15_drive1.csv,BEV1,2025-02-15 08:18:46+00:00,2025-02-15 08:18:45+00:00,2025-02-15 08:21:11+00:00,calibration,1492:22677>1492:22678|0,0.1435411783056242
BEV1_2025-02-15_drive2.csv,BEV1,2025-02-15 09:59:47+00:00,2025-02-15 09:59:46+00:00,2025-02-15 10:06:28+00:00,calibration,1492:22678>1492:22675|1,1.094928095536248
BEV1_2025-02-15_drive3.csv,BEV1,2025-02-15 10:10:53+00:00,2025-02-15 10:10:52+00:00,2025-02-15 11:03:39+00:00,calibration,1492:22675>1316:22651|60,60.66727361238624
BEV1_2025-02-15_drive4.csv,BEV1,2025-02-15 16:03:24+00:00,2025-02-15 16:03:22+00:00,2025-02-15 16:20:51+00:00,calibration,1316:22651>1292:22662|7,7.838986824439701
BEV1_2025-02-15_drive5.csv,BEV1,2025-02-15 22:37:47+00:00,2025-02-15 22:37:45+00:00,2025-02-15 23:41:08+00:00,calibration,1292:22662>1492:22678|67,67.30867123486065
BEV1_2025-02-16_drive1.csv,BEV1,2025-02-16 12:08:03+00:00,2025-02-16 12:08:01+00:00,2025-02-16 12:15:15+00:00,future,1492:22678>1485:22682|2,2.922930206528512
BEV1_2025-02-16_drive2.csv,BEV1,2025-02-16 13:04:58+00:00,2025-02-16 13:04:57+00:00,2025-02-16 13:07:10+00:00,future,1485:22682>1486:22682|0,0.1870581212884473
BEV1_2025-02-16_drive3.csv,BEV1,2025-02-16 13:14:37+00:00,2025-02-16 13:14:35+00:00,2025-02-16 13:24:09+00:00,future,1486:22682>1492:22677|2,2.887401331682453
BEV1_2025-02-17_drive1.csv,BEV1,2025-02-17 10:14:35+00:00,2025-02-17 10:14:34+00:00,2025-02-17 10:55:25+00:00,future,1492:22677>1308:22654|60,60.42416741933844
BEV1_2025-02-17_drive2.csv,BEV1,2025-02-17 12:04:20+00:00,2025-02-17 12:04:19+00:00,2025-02-17 12:19:26+00:00,future,1308:22654>1317:22653|5,5.966303673418618
BEV1_2025-02-17_drive3.csv,BEV1,2025-02-17 12:39:34+00:00,2025-02-17 12:39:33+00:00,2025-02-17 13:28:40+00:00,future,1317:22653>1454:22625|50,50.390817583012
BEV1_2025-02-17_drive4.csv,BEV1,2025-02-17 13:33:37+00:00,2025-02-17 13:33:36+00:00,2025-02-17 13:47:35+00:00,future,1454:22625>1459:22628|2,2.2519901382400467
BEV1_2025-02-17_drive5.csv,BEV1,2025-02-17 13:53:56+00:00,2025-02-17 13:53:55+00:00,2025-02-17 13:57:22+00:00,future,1459:22628>1458:22628|0,0.1216094373390894
BEV1_2025-02-17_drive6.csv,BEV1,2025-02-17 14:08:11+00:00,2025-02-17 14:08:10+00:00,2025-02-17 14:24:41+00:00,future,1458:22628>1458:22628|0,0.0530132291669114
BEV1_2025-02-17_drive7.csv,BEV1,2025-02-17 14:31:46+00:00,2025-02-17 14:31:45+00:00,2025-02-17 14:40:29+00:00,future,1458:22628>1460:22627|1,1.303995702258101
BEV1_2025-02-18_drive1.csv,BEV1,2025-02-18 07:11:17+00:00,2025-02-18 07:11:16+00:00,2025-02-18 07:43:44+00:00,future,1492:22677>1552:22706|21,21.96939026743884
BEV1_2025-05-23_drive1.csv,BEV1,2025-05-23 10:23:31+00:00,2025-05-23 10:23:30+00:00,2025-05-23 10:30:04+00:00,future,1310:22648>1313:22647|1,1.1699817125000902
BEV1_2025-05-23_drive2.csv,BEV1,2025-05-23 10:59:37+00:00,2025-05-23 10:59:35+00:00,2025-05-23 11:49:39+00:00,future,1313:22647>1492:22678|62,62.2947718813456
BEV1_2025-05-23_drive3.csv,BEV1,2025-05-23 13:44:45+00:00,2025-05-23 13:44:43+00:00,2025-05-23 14:00:18+00:00,future,1492:22678>1511:22678|8,8.349377412882024
BEV1_2025-05-23_drive4.csv,BEV1,2025-05-23 15:10:18+00:00,2025-05-23 15:10:16+00:00,2025-05-23 15:23:45+00:00,future,1511:22678>1492:22678|8,8.38844362040365
BEV1_2025-05-24_drive1.csv,BEV1,2025-05-24 11:11:31+00:00,2025-05-24 11:11:30+00:00,2025-05-24 11:24:21+00:00,future,1492:22678>1499:22693|6,6.950714050424244
BEV1_2025-05-24_drive2.csv,BEV1,2025-05-24 13:41:51+00:00,2025-05-24 13:41:50+00:00,2025-05-24 13:53:07+00:00,future,1499:22693>1489:22687|4,4.886095162930911
BEV1_2025-05-24_drive3.csv,BEV1,2025-05-24 15:52:48+00:00,2025-05-24 15:52:47+00:00,2025-05-24 16:03:25+00:00,future,1489:22687>1496:22682|4,4.703239813647174
BEV1_2025-05-24_drive4.csv,BEV1,2025-05-24 16:27:08+00:00,2025-05-24 16:27:07+00:00,2025-05-24 16:38:08+00:00,future,1496:22682>1492:22677|4,4.497189036933831
BEV1_2025-05-25_drive1.csv,BEV1,2025-05-25 14:55:46+00:00,2025-05-25 14:55:44+00:00,2025-05-25 15:16:06+00:00,future,1492:22677>1531:22623|23,23.550604141502767
BEV1_2025-05-25_drive2.csv,BEV1,2025-05-25 17:40:27+00:00,2025-05-25 17:40:26+00:00,2025-05-25 18:10:25+00:00,future,1531:22623>1492:22678|23,23.805327542020443
BEV1_2025-05-26_drive1.csv,BEV1,2025-05-26 06:17:24+00:00,2025-05-26 06:17:23+00:00,2025-05-26 06:52:36+00:00,future,1492:22678>1552:22706|21,21.56817048354983
BEV1_2025-05-26_drive2.csv,BEV1,2025-05-26 12:52:06+00:00,2025-05-26 12:52:05+00:00,2025-05-26 13:50:17+00:00,future,1552:22706>1489:22681|23,23.098224110658727
BEV1_2025-05-26_drive3.csv,BEV1,2025-05-26 14:39:30+00:00,2025-05-26 14:39:28+00:00,2025-05-26 14:45:13+00:00,future,1489:22681>1492:22678|1,1.9454167111463692
BEV1_2025-05-26_drive4.csv,BEV1,2025-05-26 16:14:05+00:00,2025-05-26 16:14:04+00:00,2025-05-26 16:32:25+00:00,future,1492:22678>1528:22691|12,12.927089666352051
BEV1_2025-05-26_drive5.csv,BEV1,2025-05-26 17:12:22+00:00,2025-05-26 17:12:21+00:00,2025-05-26 17:30:00+00:00,future,1528:22691>1492:22678|12,12.467868001452374
BEV1_2025-05-27_drive1.csv,BEV1,2025-05-27 06:21:34+00:00,2025-05-27 06:21:33+00:00,2025-05-27 06:55:14+00:00,future,1492:22678>1552:22706|21,21.322688898598035
BEV2_2024-05-16_drive1.csv,BEV2,2024-05-16 16:04:44+00:00,2024-05-16 16:04:42+00:00,2024-05-16 16:23:27+00:00,train,1552:22706>1543:22693|5,5.195659129734151
BEV2_2024-05-17_drive2.csv,BEV2,2024-05-17 16:20:23+00:00,2024-05-17 16:20:21+00:00,2024-05-17 17:28:52+00:00,train,1552:22706>1318:22645|60,60.96840313753393
BEV2_2024-05-18_drive1.csv,BEV2,2024-05-18 09:06:12+00:00,2024-05-18 09:06:10+00:00,2024-05-18 10:45:46+00:00,train,1318:22645>1318:22645|8,8.381069314440527
BEV2_2024-05-18_drive2.csv,BEV2,2024-05-18 11:58:54+00:00,2024-05-18 11:58:52+00:00,2024-05-18 14:08:13+00:00,train,1318:22645>1236:22808|65,65.65820574049943
BEV2_2024-05-18_drive3.csv,BEV2,2024-05-18 15:07:26+00:00,2024-05-18 15:07:24+00:00,2024-05-18 16:02:53+00:00,train,1236:22808>1251:22656|35,35.4952526223462
BEV2_2024-05-18_drive4.csv,BEV2,2024-05-18 16:29:56+00:00,2024-05-18 16:29:54+00:00,2024-05-18 17:03:01+00:00,train,1251:22656>1313:22659|24,24.88437260632617
BEV2_2024-05-18_drive5.csv,BEV2,2024-05-18 17:28:46+00:00,2024-05-18 17:28:45+00:00,2024-05-18 17:40:26+00:00,train,1313:22659>1318:22645|4,4.813995978320194
BEV2_2024-05-18_drive6.csv,BEV2,2024-05-18 18:35:47+00:00,2024-05-18 18:35:46+00:00,2024-05-18 18:57:28+00:00,train,1318:22645>1316:22651|2,2.2513747380494693
BEV2_2024-05-18_drive7.csv,BEV2,2024-05-18 19:37:59+00:00,2024-05-18 19:37:57+00:00,2024-05-18 19:58:31+00:00,train,1316:22651>1318:22646|2,2.3907151673710048
BEV2_2024-05-19_drive1.csv,BEV2,2024-05-19 06:51:35+00:00,2024-05-19 06:51:33+00:00,2024-05-19 07:14:25+00:00,train,1318:22646>1315:22647|1,1.1071462194297894
BEV2_2024-05-19_drive2.csv,BEV2,2024-05-19 07:28:04+00:00,2024-05-19 07:28:02+00:00,2024-05-19 07:51:32+00:00,train,1315:22647>1318:22645|0,0.9364759475292712
BEV2_2024-05-19_drive4.csv,BEV2,2024-05-19 11:27:41+00:00,2024-05-19 11:27:39+00:00,2024-05-19 13:29:12+00:00,train,1318:22645>1679:22798|103,103.1385835283434
BEV2_2024-05-19_drive5.csv,BEV2,2024-05-19 15:22:41+00:00,2024-05-19 15:22:39+00:00,2024-05-19 17:28:14+00:00,train,1679:22798>1261:22651|117,117.59477320001452
BEV2_2024-05-19_drive6.csv,BEV2,2024-05-19 18:01:11+00:00,2024-05-19 18:01:10+00:00,2024-05-19 18:18:21+00:00,train,1261:22651>1318:22645|15,15.67338199612309
BEV2_2024-05-19_drive7.csv,BEV2,2024-05-19 19:22:48+00:00,2024-05-19 19:22:45+00:00,2024-05-19 19:41:37+00:00,train,1318:22645>1318:22645|3,3.6580393943447
BEV2_2024-05-20_drive1.csv,BEV2,2024-05-20 18:19:33+00:00,2024-05-20 18:19:31+00:00,2024-05-20 18:59:05+00:00,train,1318:22645>1318:22645|6,6.730778021910058
BEV2_2024-05-21_drive1.csv,BEV2,2024-05-21 06:00:05+00:00,2024-05-21 06:00:03+00:00,2024-05-21 06:34:44+00:00,train,1318:22645>1313:22647|6,6.265634119935
BEV2_2024-05-21_drive2.csv,BEV2,2024-05-21 10:12:50+00:00,2024-05-21 10:12:48+00:00,2024-05-21 10:33:54+00:00,train,1313:22647>1318:22645|2,2.5257126916477626
BEV2_2024-05-21_drive3.csv,BEV2,2024-05-21 11:41:35+00:00,2024-05-21 11:41:33+00:00,2024-05-21 12:22:14+00:00,train,1318:22645>1318:22645|6,6.477128919654108
BEV2_2024-05-21_drive4.csv,BEV2,2024-05-21 15:30:36+00:00,2024-05-21 15:30:34+00:00,2024-05-21 15:54:23+00:00,train,1318:22645>1263:22658|14,14.65817418693465
BEV2_2024-05-21_drive5.csv,BEV2,2024-05-21 17:09:33+00:00,2024-05-21 17:09:30+00:00,2024-05-21 17:37:13+00:00,train,1241:22818>1233:22828|8,8.894973027002301
BEV2_2024-05-21_drive6.csv,BEV2,2024-05-21 18:08:35+00:00,2024-05-21 18:08:34+00:00,2024-05-21 18:21:59+00:00,train,1233:22828>1242:22821|4,4.904813461583163
BEV2_2024-05-21_drive7.csv,BEV2,2024-05-21 19:18:34+00:00,2024-05-21 19:18:31+00:00,2024-05-21 19:40:56+00:00,train,1242:22821>1245:22822|1,1.489986392101586
BEV2_2024-05-21_drive8.csv,BEV2,2024-05-21 20:24:53+00:00,2024-05-21 20:24:52+00:00,2024-05-21 22:06:44+00:00,train,1245:22822>1318:22645|65,65.04424429469594
BEV2_2024-05-22_drive1.csv,BEV2,2024-05-22 04:56:27+00:00,2024-05-22 04:56:24+00:00,2024-05-22 05:14:13+00:00,train,1318:22645>1321:22656|4,4.642376148627978
BEV2_2024-05-22_drive2.csv,BEV2,2024-05-22 18:31:18+00:00,2024-05-22 18:31:15+00:00,2024-05-22 18:56:36+00:00,train,1321:22656>1318:22645|4,4.462156806677352
BEV2_2024-05-23_drive1.csv,BEV2,2024-05-23 05:58:50+00:00,2024-05-23 05:58:47+00:00,2024-05-23 06:29:38+00:00,train,1318:22645>1313:22648|6,6.187630487695959
BEV2_2024-06-14_drive1.csv,BEV2,2024-06-14 18:24:28+00:00,2024-06-14 18:24:26+00:00,2024-06-14 18:44:29+00:00,train,1318:22645>1313:22647|2,2.313728589937774
BEV2_2024-06-14_drive2.csv,BEV2,2024-06-14 20:01:42+00:00,2024-06-14 20:01:39+00:00,2024-06-14 20:22:29+00:00,train,1313:22647>1318:22645|2,2.533412943972796
BEV2_2024-06-15_drive1.csv,BEV2,2024-06-15 09:48:12+00:00,2024-06-15 09:48:09+00:00,2024-06-15 11:24:54+00:00,train,1318:22645>1318:22645|18,18.388579963397664
BEV2_2024-06-15_drive2.csv,BEV2,2024-06-15 12:32:05+00:00,2024-06-15 12:32:02+00:00,2024-06-15 13:59:46+00:00,train,1318:22645>1236:22808|62,62.71113373111048
BEV2_2024-06-15_drive3.csv,BEV2,2024-06-15 15:02:13+00:00,2024-06-15 15:02:10+00:00,2024-06-15 16:35:37+00:00,train,1236:22808>1318:22645|53,53.675101970977806
BEV2_2024-06-18_drive1.csv,BEV2,2024-06-18 16:34:51+00:00,2024-06-18 16:34:48+00:00,2024-06-18 17:30:13+00:00,train,1256:22662>1318:22645|24,24.771576084012885
BEV2_2024-06-19_drive1.csv,BEV2,2024-06-19 05:47:53+00:00,2024-06-19 05:47:50+00:00,2024-06-19 06:42:41+00:00,train,1318:22645>1313:22648|6,6.45828516039442
BEV2_2024-06-19_drive2.csv,BEV2,2024-06-19 07:56:38+00:00,2024-06-19 07:56:35+00:00,2024-06-19 08:35:41+00:00,train,1313:22648>1318:22645|5,5.040106801499823
BEV2_2024-06-19_drive3.csv,BEV2,2024-06-19 10:30:26+00:00,2024-06-19 10:30:23+00:00,2024-06-19 11:07:13+00:00,train,1318:22645>1318:22645|6,6.429478700831664
BEV2_2024-06-19_drive4.csv,BEV2,2024-06-19 14:34:46+00:00,2024-06-19 14:34:43+00:00,2024-06-19 14:40:59+00:00,train,1318:22645>1320:22648|1,1.7939823878301404
BEV2_2024-06-19_drive5.csv,BEV2,2024-06-19 15:23:16+00:00,2024-06-19 15:23:15+00:00,2024-06-19 15:41:07+00:00,train,1320:22648>1318:22645|1,1.6813902345333205
BEV2_2024-06-19_drive6.csv,BEV2,2024-06-19 17:41:48+00:00,2024-06-19 17:41:45+00:00,2024-06-19 17:59:22+00:00,train,1318:22645>1313:22647|4,4.469947435301315
BEV2_2024-06-19_drive7.csv,BEV2,2024-06-19 21:17:40+00:00,2024-06-19 21:17:37+00:00,2024-06-19 21:38:26+00:00,train,1313:22647>1318:22645|2,2.5813253946439083
BEV2_2024-06-20_drive1.csv,BEV2,2024-06-20 09:41:59+00:00,2024-06-20 09:41:56+00:00,2024-06-20 10:01:19+00:00,train,1318:22645>1318:22645|2,2.762514939465538
BEV2_2024-06-20_drive2.csv,BEV2,2024-06-20 17:42:45+00:00,2024-06-20 17:42:44+00:00,2024-06-20 18:01:09+00:00,train,1318:22645>1318:22645|3,3.682124635798612
BEV2_2024-06-21_drive1.csv,BEV2,2024-06-21 05:51:32+00:00,2024-06-21 05:51:29+00:00,2024-06-21 06:31:37+00:00,train,1318:22645>1318:22645|6,6.666763492189709
BEV2_2024-06-21_drive10.csv,BEV2,2024-06-21 18:15:17+00:00,2024-06-21 18:15:13+00:00,2024-06-21 18:32:02+00:00,train,1318:22645>1313:22647|1,1.9886741272710755
BEV2_2024-06-21_drive2.csv,BEV2,2024-06-21 18:43:13+00:00,2024-06-21 18:43:10+00:00,2024-06-21 18:58:30+00:00,train,1313:22647>1318:22645|2,2.301352203140174
BEV2_2024-06-21_drive3.csv,BEV2,2024-06-21 08:37:11+00:00,2024-06-21 08:37:08+00:00,2024-06-21 09:08:36+00:00,train,1318:22645>1316:22653|3,3.014748527178074
BEV2_2024-06-21_drive4.csv,BEV2,2024-06-21 10:17:04+00:00,2024-06-21 10:17:01+00:00,2024-06-21 11:18:43+00:00,train,1316:22653>1313:22648|6,6.431144762759693
BEV2_2024-06-21_drive5.csv,BEV2,2024-06-21 13:48:32+00:00,2024-06-21 13:48:31+00:00,2024-06-21 13:54:07+00:00,train,1313:22648>1313:22647|0,0.1614939207700449
BEV2_2024-06-21_drive6.csv,BEV2,2024-06-21 15:08:56+00:00,2024-06-21 15:08:53+00:00,2024-06-21 15:24:13+00:00,train,1313:22647>1318:22645|2,2.580161410630425
BEV2_2024-06-21_drive7.csv,BEV2,2024-06-21 16:10:15+00:00,2024-06-21 16:10:12+00:00,2024-06-21 16:29:55+00:00,train,1318:22645>1317:22652|2,2.4959247562624194
BEV2_2024-06-21_drive8.csv,BEV2,2024-06-21 16:35:38+00:00,2024-06-21 16:35:34+00:00,2024-06-21 16:48:00+00:00,train,1317:22652>1318:22645|2,2.639032869210095
BEV2_2024-06-21_drive9.csv,BEV2,2024-06-21 17:44:32+00:00,2024-06-21 17:44:29+00:00,2024-06-21 18:01:45+00:00,train,1318:22645>1318:22645|3,3.679378115867504
BEV2_2024-06-22_drive1.csv,BEV2,2024-06-22 10:26:11+00:00,2024-06-22 10:26:08+00:00,2024-06-22 10:36:29+00:00,train,1318:22645>1310:22648|3,3.018298321050914
BEV2_2024-06-22_drive2.csv,BEV2,2024-06-22 11:47:54+00:00,2024-06-22 11:47:51+00:00,2024-06-22 14:05:20+00:00,train,1310:22648>1236:22808|66,66.08198999405346
BEV2_2024-06-22_drive3.csv,BEV2,2024-06-22 14:59:07+00:00,2024-06-22 14:59:04+00:00,2024-06-22 15:32:58+00:00,train,1236:22808>1245:22822|14,14.257758987211602
BEV2_2024-06-22_drive4.csv,BEV2,2024-06-22 15:37:09+00:00,2024-06-22 15:37:05+00:00,2024-06-22 16:47:39+00:00,train,1245:22822>1318:22645|60,60.87147648791737
BEV2_2024-06-22_drive5.csv,BEV2,2024-06-22 17:20:05+00:00,2024-06-22 17:20:02+00:00,2024-06-22 17:37:21+00:00,train,1318:22645>1318:22645|3,3.6666980758593706
BEV2_2024-06-22_drive6.csv,BEV2,2024-06-22 18:26:07+00:00,2024-06-22 18:26:04+00:00,2024-06-22 18:36:35+00:00,train,1318:22645>1313:22647|3,3.155193325956786
BEV2_2024-06-22_drive7.csv,BEV2,2024-06-22 22:36:54+00:00,2024-06-22 22:36:51+00:00,2024-06-22 22:52:11+00:00,train,1313:22647>1318:22645|2,2.58809879425052
BEV2_2024-06-23_drive1.csv,BEV2,2024-06-23 06:35:59+00:00,2024-06-23 06:35:56+00:00,2024-06-23 06:53:35+00:00,train,1318:22645>1315:22648|2,2.222280523751229
BEV2_2024-06-23_drive2.csv,BEV2,2024-06-23 07:15:04+00:00,2024-06-23 07:15:02+00:00,2024-06-23 07:55:34+00:00,train,1315:22648>1394:22700|31,31.77680036754071
BEV2_2024-06-23_drive3.csv,BEV2,2024-06-23 09:09:52+00:00,2024-06-23 09:09:49+00:00,2024-06-23 09:25:09+00:00,train,1394:22700>1386:22699|2,2.370191017124774
BEV2_2024-06-23_drive4.csv,BEV2,2024-06-23 09:38:44+00:00,2024-06-23 09:38:40+00:00,2024-06-23 10:13:15+00:00,train,1386:22699>1318:22646|27,27.19741110005478
BEV2_2024-06-24_drive1.csv,BEV2,2024-06-24 05:53:33+00:00,2024-06-24 05:53:29+00:00,2024-06-24 06:28:02+00:00,train,1318:22646>1313:22648|6,6.504816439533244
BEV2_2024-06-24_drive2.csv,BEV2,2024-06-24 15:25:52+00:00,2024-06-24 15:25:48+00:00,2024-06-24 15:41:55+00:00,train,1313:22648>1318:22645|2,2.7997282294932653
BEV2_2024-06-24_drive3.csv,BEV2,2024-06-24 16:25:07+00:00,2024-06-24 16:25:03+00:00,2024-06-24 16:41:58+00:00,train,1318:22645>1318:22645|3,3.650714983078122
BEV2_2024-06-24_drive4.csv,BEV2,2024-06-24 17:08:11+00:00,2024-06-24 17:08:07+00:00,2024-06-24 17:39:07+00:00,train,1318:22645>1318:22645|19,19.74494518967767
BEV2_2024-06-25_drive1.csv,BEV2,2024-06-25 04:13:40+00:00,2024-06-25 04:13:36+00:00,2024-06-25 05:09:56+00:00,train,1318:22645>1466:22625|38,38.566089854230135
BEV2_2024-06-25_drive2.csv,BEV2,2024-06-25 06:21:01+00:00,2024-06-25 06:20:57+00:00,2024-06-25 07:28:37+00:00,train,1466:22625>1313:22648|38,38.02498942637125
BEV2_2024-06-25_drive3.csv,BEV2,2024-06-25 09:57:19+00:00,2024-06-25 09:57:15+00:00,2024-06-25 10:44:12+00:00,train,1313:22648>1313:22648|22,22.440764880941032
BEV2_2024-06-25_drive5.csv,BEV2,2024-06-25 15:59:19+00:00,2024-06-25 15:59:15+00:00,2024-06-25 16:37:17+00:00,train,1313:22648>1318:22645|12,12.880733026552864
BEV2_2024-06-26_drive1.csv,BEV2,2024-06-26 06:10:10+00:00,2024-06-26 06:10:06+00:00,2024-06-26 06:19:49+00:00,train,1318:22645>1313:22648|2,2.3903904689198656
BEV2_2024-06-26_drive2.csv,BEV2,2024-06-26 09:38:53+00:00,2024-06-26 09:38:49+00:00,2024-06-26 10:32:44+00:00,train,1313:22648>1315:22646|26,26.09690666682904
BEV2_2024-06-26_drive3.csv,BEV2,2024-06-26 10:37:05+00:00,2024-06-26 10:37:04+00:00,2024-06-26 10:52:23+00:00,train,1315:22646>1313:22648|1,1.6299846155436502
BEV2_2024-06-26_drive4.csv,BEV2,2024-06-26 13:13:03+00:00,2024-06-26 13:13:01+00:00,2024-06-26 13:39:33+00:00,train,1313:22648>1241:22648|18,18.312918957005387
BEV2_2024-06-26_drive7.csv,BEV2,2024-06-26 18:34:12+00:00,2024-06-26 18:34:08+00:00,2024-06-26 19:39:38+00:00,train,1237:22806>1318:22645|58,58.79739314521323
BEV2_2024-06-27_drive7.csv,BEV2,2024-06-27 16:11:13+00:00,2024-06-27 16:11:09+00:00,2024-06-27 16:32:15+00:00,train,1318:22645>1318:22645|1,1.8676236419345893
BEV2_2024-06-27_drive8.csv,BEV2,2024-06-27 18:10:30+00:00,2024-06-27 18:10:29+00:00,2024-06-27 18:50:53+00:00,train,1318:22645>1318:22645|13,13.770704970696746
BEV2_2024-06-28_drive2.csv,BEV2,2024-06-28 09:52:45+00:00,2024-06-28 09:52:41+00:00,2024-06-28 11:04:46+00:00,train,1313:22648>1552:22706|59,59.81395715892722
BEV2_2024-06-29_drive7.csv,BEV2,2024-06-29 16:33:56+00:00,2024-06-29 16:33:52+00:00,2024-06-29 16:46:32+00:00,train,1318:22645>1317:22652|2,2.490382526856372
BEV2_2024-06-29_drive8.csv,BEV2,2024-06-29 17:51:19+00:00,2024-06-29 17:51:18+00:00,2024-06-29 18:54:46+00:00,train,1317:22652>1318:22645|20,20.48948629924868
BEV2_2024-06-30_drive6.csv,BEV2,2024-06-30 15:40:49+00:00,2024-06-30 15:40:48+00:00,2024-06-30 16:48:10+00:00,train,1236:22808>1318:22645|53,53.83907259877628
BEV2_2024-07-04_drive1.csv,BEV2,2024-07-04 05:56:26+00:00,2024-07-04 05:56:25+00:00,2024-07-04 06:16:08+00:00,train,1318:22645>1313:22648|2,2.264871651157902
BEV2_2024-07-05_drive3.csv,BEV2,2024-07-05 10:06:10+00:00,2024-07-05 10:06:08+00:00,2024-07-05 10:20:47+00:00,train,1313:22648>1318:22645|3,3.562197990926477
BEV2_2024-07-05_drive4.csv,BEV2,2024-07-05 10:28:03+00:00,2024-07-05 10:28:01+00:00,2024-07-05 11:35:22+00:00,train,1318:22645>1326:22670|21,21.78310116556868
BEV2_2024-07-05_drive5.csv,BEV2,2024-07-05 11:40:25+00:00,2024-07-05 11:40:23+00:00,2024-07-05 13:21:21+00:00,train,1326:22670>1245:22822|75,75.13204714862411
BEV2_2024-07-05_drive6.csv,BEV2,2024-07-05 13:22:55+00:00,2024-07-05 13:22:53+00:00,2024-07-05 13:57:56+00:00,train,1245:22822>1236:22808|6,6.445539199448428
BEV2_2024-07-05_drive8.csv,BEV2,2024-07-05 19:36:13+00:00,2024-07-05 19:36:11+00:00,2024-07-05 19:57:42+00:00,train,1318:22645>1318:22645|5,5.793248048147726
BEV2_2024-07-05_drive9.csv,BEV2,2024-07-05 22:01:40+00:00,2024-07-05 22:01:38+00:00,2024-07-05 22:21:19+00:00,train,1318:22645>1318:22645|3,3.675068822021731
BEV2_2024-07-29_drive1.csv,BEV2,2024-07-29 12:05:03+00:00,2024-07-29 12:05:00+00:00,2024-07-29 13:30:34+00:00,train,1318:22645>1251:22818|63,63.92193041933874
BEV2_2024-07-29_drive2.csv,BEV2,2024-07-29 13:51:19+00:00,2024-07-29 13:51:16+00:00,2024-07-29 14:27:58+00:00,train,1251:22818>1236:22808|8,8.58218898124717
BEV2_2024-07-29_drive3.csv,BEV2,2024-07-29 16:52:55+00:00,2024-07-29 16:52:52+00:00,2024-07-29 17:58:00+00:00,train,1236:22808>1317:22652|53,53.89016653960943
BEV2_2024-07-29_drive4.csv,BEV2,2024-07-29 19:56:23+00:00,2024-07-29 19:56:22+00:00,2024-07-29 20:05:42+00:00,train,1317:22652>1318:22645|2,2.336241759344654
BEV2_2024-07-30_drive2.csv,BEV2,2024-07-30 17:03:45+00:00,2024-07-30 17:03:42+00:00,2024-07-30 17:40:29+00:00,train,1318:22645>1318:22645|5,5.883300758247566
BEV2_2024-07-30_drive3.csv,BEV2,2024-07-30 19:38:49+00:00,2024-07-30 19:38:46+00:00,2024-07-30 19:56:07+00:00,train,1318:22645>1318:22645|5,5.655760321194259
BEV2_2024-07-31_drive2.csv,BEV2,2024-07-31 12:00:14+00:00,2024-07-31 12:00:11+00:00,2024-07-31 12:12:35+00:00,train,1313:22648>1318:22645|2,2.748883486239498
BEV2_2024-07-31_drive3.csv,BEV2,2024-07-31 14:03:36+00:00,2024-07-31 14:03:33+00:00,2024-07-31 15:12:54+00:00,train,1318:22645>1326:22670|16,16.410218607737733
BEV2_2024-07-31_drive4.csv,BEV2,2024-07-31 15:20:57+00:00,2024-07-31 15:20:55+00:00,2024-07-31 15:54:58+00:00,train,1326:22670>1315:22645|12,12.16812709652735
BEV2_2024-07-31_drive5.csv,BEV2,2024-07-31 15:58:25+00:00,2024-07-31 15:58:22+00:00,2024-07-31 16:16:02+00:00,train,1315:22645>1318:22645|1,1.6334790598044466
BEV2_2024-08-01_drive1.csv,BEV2,2024-08-01 06:50:39+00:00,2024-08-01 06:50:36+00:00,2024-08-01 07:10:34+00:00,train,1318:22645>1313:22648|2,2.158314066038112
BEV2_2024-08-01_drive2.csv,BEV2,2024-08-01 10:52:40+00:00,2024-08-01 10:52:37+00:00,2024-08-01 11:10:04+00:00,train,1313:22648>1318:22645|2,2.746285130261209
BEV2_2024-08-01_drive3.csv,BEV2,2024-08-01 15:43:16+00:00,2024-08-01 15:43:13+00:00,2024-08-01 16:15:37+00:00,train,1318:22645>1316:22650|5,5.713345486537786
BEV2_2024-08-01_drive4.csv,BEV2,2024-08-01 16:38:04+00:00,2024-08-01 16:38:01+00:00,2024-08-01 16:57:47+00:00,train,1316:22650>1318:22645|1,1.9271759705249176
BEV2_2024-08-01_drive5.csv,BEV2,2024-08-01 20:12:23+00:00,2024-08-01 20:12:20+00:00,2024-08-01 20:46:32+00:00,train,1318:22645>1318:22645|6,6.51589940417809
BEV2_2024-08-02_drive1.csv,BEV2,2024-08-02 06:37:26+00:00,2024-08-02 06:37:23+00:00,2024-08-02 06:45:16+00:00,train,1318:22645>1318:22651|2,2.073475738870698
BEV2_2024-08-02_drive2.csv,BEV2,2024-08-02 07:31:12+00:00,2024-08-02 07:31:11+00:00,2024-08-02 07:42:17+00:00,train,1318:22651>1318:22645|2,2.671979679806542
BEV2_2024-08-02_drive3.csv,BEV2,2024-08-02 08:03:47+00:00,2024-08-02 08:03:43+00:00,2024-08-02 08:19:03+00:00,train,1318:22645>1315:22648|1,1.17921133952197
BEV2_2024-08-02_drive4.csv,BEV2,2024-08-02 09:07:46+00:00,2024-08-02 09:07:42+00:00,2024-08-02 09:47:15+00:00,train,1315:22648>1318:22645|5,5.08328717612331
BEV2_2024-08-02_drive5.csv,BEV2,2024-08-02 11:38:45+00:00,2024-08-02 11:38:44+00:00,2024-08-02 13:07:48+00:00,train,1318:22645>1236:22808|52,52.008011898537504
BEV2_2024-08-02_drive8.csv,BEV2,2024-08-02 20:21:55+00:00,2024-08-02 20:21:51+00:00,2024-08-02 20:24:54+00:00,train,964:22878>964:22878|0,0.0429072731045614
BEV2_2024-08-03_drive1.csv,BEV2,2024-08-03 07:10:37+00:00,2024-08-03 07:10:36+00:00,2024-08-03 07:22:48+00:00,train,964:22878>967:22882|2,2.3156159712969804
BEV2_2024-08-03_drive2.csv,BEV2,2024-08-03 07:29:30+00:00,2024-08-03 07:29:27+00:00,2024-08-03 07:50:41+00:00,train,967:22882>964:22878|2,2.328639217124379
BEV2_2024-08-03_drive3.csv,BEV2,2024-08-03 09:41:42+00:00,2024-08-03 09:41:38+00:00,2024-08-03 10:19:33+00:00,train,964:22878>946:22868|8,8.005494938656284
BEV2_2024-08-03_drive4.csv,BEV2,2024-08-03 12:22:46+00:00,2024-08-03 12:22:42+00:00,2024-08-03 12:55:20+00:00,train,946:22868>964:22878|8,8.137769484348638
BEV2_2024-08-04_drive1.csv,BEV2,2024-08-04 12:05:19+00:00,2024-08-04 12:05:15+00:00,2024-08-04 12:35:21+00:00,train,964:22878>954:22879|3,3.8351192527230418
BEV2_2024-08-04_drive2.csv,BEV2,2024-08-04 15:50:43+00:00,2024-08-04 15:50:42+00:00,2024-08-04 16:09:56+00:00,train,954:22879>964:22878|3,3.8140216540496543
BEV2_2024-08-04_drive4.csv,BEV2,2024-08-04 17:46:07+00:00,2024-08-04 17:46:03+00:00,2024-08-04 17:56:56+00:00,train,963:22879>964:22878|0,0.9127698368045536
BEV2_2024-08-05_drive1.csv,BEV2,2024-08-05 06:58:12+00:00,2024-08-05 06:58:08+00:00,2024-08-05 07:50:02+00:00,train,1318:22645>1552:22706|60,60.70529935795883
BEV2_2024-08-05_drive2.csv,BEV2,2024-08-05 15:21:38+00:00,2024-08-05 15:21:36+00:00,2024-08-05 16:32:18+00:00,train,1552:22706>1318:22645|55,55.62059235248788
BEV2_2024-08-05_drive3.csv,BEV2,2024-08-05 17:56:14+00:00,2024-08-05 17:56:12+00:00,2024-08-05 18:25:10+00:00,train,1318:22645>1318:22645|13,13.492449688036972
BEV2_2024-08-06_drive1.csv,BEV2,2024-08-06 06:41:53+00:00,2024-08-06 06:41:51+00:00,2024-08-06 07:02:26+00:00,train,1318:22645>1313:22648|2,2.1758226119723627
BEV2_2024-08-06_drive2.csv,BEV2,2024-08-06 12:36:12+00:00,2024-08-06 12:36:10+00:00,2024-08-06 12:54:01+00:00,train,1313:22648>1318:22645|2,2.753195465021015
BEV2_2024-08-06_drive3.csv,BEV2,2024-08-06 14:24:12+00:00,2024-08-06 14:24:11+00:00,2024-08-06 15:00:42+00:00,train,1318:22645>1317:22659|4,4.944603521971615
BEV2_2024-08-06_drive4.csv,BEV2,2024-08-06 16:15:47+00:00,2024-08-06 16:15:45+00:00,2024-08-06 16:34:06+00:00,train,1317:22659>1318:22645|4,4.810989779973622
BEV2_2024-08-06_drive5.csv,BEV2,2024-08-06 16:51:39+00:00,2024-08-06 16:51:37+00:00,2024-08-06 17:11:44+00:00,train,1318:22645>1318:22645|6,6.569934088893436
BEV2_2024-08-07_drive1.csv,BEV2,2024-08-07 06:03:41+00:00,2024-08-07 06:03:39+00:00,2024-08-07 06:45:01+00:00,train,1318:22645>1451:22628|34,34.82211744387949
BEV2_2024-08-07_drive2.csv,BEV2,2024-08-07 07:01:48+00:00,2024-08-07 07:01:46+00:00,2024-08-07 07:17:06+00:00,train,1451:22628>1460:22625|4,4.316369365048928
BEV2_2024-08-07_drive3.csv,BEV2,2024-08-07 07:21:08+00:00,2024-08-07 07:21:06+00:00,2024-08-07 07:49:09+00:00,train,1460:22625>1451:22628|10,10.380091785527792
BEV2_2024-08-07_drive4.csv,BEV2,2024-08-07 10:13:26+00:00,2024-08-07 10:13:24+00:00,2024-08-07 10:28:44+00:00,train,1451:22628>1455:22625|3,3.082419045795876
BEV2_2024-08-07_drive5.csv,BEV2,2024-08-07 10:52:01+00:00,2024-08-07 10:51:59+00:00,2024-08-07 11:24:07+00:00,train,1455:22625>1451:22628|2,2.529316013903192
BEV2_2024-08-07_drive6.csv,BEV2,2024-08-07 14:39:41+00:00,2024-08-07 14:39:39+00:00,2024-08-07 15:23:51+00:00,train,1451:22628>1318:22645|33,33.58538476890048
BEV2_2024-08-07_drive7.csv,BEV2,2024-08-07 16:21:34+00:00,2024-08-07 16:21:33+00:00,2024-08-07 16:50:06+00:00,train,1318:22645>1318:22645|5,5.445771951651432
BEV2_2024-08-07_drive8.csv,BEV2,2024-08-07 18:59:17+00:00,2024-08-07 18:59:15+00:00,2024-08-07 19:14:28+00:00,train,1318:22645>1318:22645|3,3.6731631841506425
BEV2_2024-08-07_drive9.csv,BEV2,2024-08-07 20:02:03+00:00,2024-08-07 20:02:00+00:00,2024-08-07 20:23:21+00:00,train,1318:22645>1318:22645|5,5.662599717148559
BEV2_2024-08-08_drive1.csv,BEV2,2024-08-08 06:50:57+00:00,2024-08-08 06:50:55+00:00,2024-08-08 06:52:48+00:00,train,1318:22645>1318:22645|0,0.0528221873839798
BEV2_2024-08-08_drive2.csv,BEV2,2024-08-08 09:03:25+00:00,2024-08-08 09:03:24+00:00,2024-08-08 09:23:24+00:00,train,1318:22645>1318:22645|6,6.381992589057493
BEV2_2024-08-08_drive3.csv,BEV2,2024-08-08 17:25:48+00:00,2024-08-08 17:25:46+00:00,2024-08-08 17:44:08+00:00,train,1318:22645>1317:22652|2,2.5354624089351847
BEV2_2024-08-08_drive4.csv,BEV2,2024-08-08 19:44:40+00:00,2024-08-08 19:44:38+00:00,2024-08-08 19:52:13+00:00,train,1317:22652>1318:22645|2,2.5385531047534715
BEV2_2024-08-09_drive2.csv,BEV2,2024-08-09 13:52:48+00:00,2024-08-09 13:52:46+00:00,2024-08-09 14:10:17+00:00,train,1313:22648>1318:22645|2,2.824624078301115
BEV2_2024-08-09_drive3.csv,BEV2,2024-08-09 14:26:59+00:00,2024-08-09 14:26:57+00:00,2024-08-09 15:01:13+00:00,train,1318:22645>1323:22652|6,6.1923875203899446
BEV2_2024-08-09_drive4.csv,BEV2,2024-08-09 15:08:57+00:00,2024-08-09 15:08:54+00:00,2024-08-09 15:29:57+00:00,train,1323:22652>1318:22645|4,4.16564178137169
BEV2_2024-08-09_drive5.csv,BEV2,2024-08-09 17:11:35+00:00,2024-08-09 17:11:33+00:00,2024-08-09 17:29:53+00:00,train,1318:22645>1317:22652|2,2.557030421153724
BEV2_2024-08-09_drive6.csv,BEV2,2024-08-09 19:43:01+00:00,2024-08-09 19:42:59+00:00,2024-08-09 19:58:19+00:00,train,1317:22652>1318:22645|2,2.658923926941299
BEV2_2024-08-09_drive7.csv,BEV2,2024-08-09 21:17:18+00:00,2024-08-09 21:17:17+00:00,2024-08-09 21:37:35+00:00,train,1318:22645>1316:22651|1,1.8708876525962623
BEV2_2024-08-09_drive8.csv,BEV2,2024-08-09 21:43:38+00:00,2024-08-09 21:43:36+00:00,2024-08-09 21:58:56+00:00,train,1316:22651>1318:22645|1,1.921702815810613
BEV2_2024-08-10_drive1.csv,BEV2,2024-08-10 12:06:08+00:00,2024-08-10 12:06:06+00:00,2024-08-10 14:06:35+00:00,train,1318:22645>1236:22808|64,64.945913811871
BEV2_2024-08-10_drive2.csv,BEV2,2024-08-10 15:16:34+00:00,2024-08-10 15:16:32+00:00,2024-08-10 16:24:35+00:00,train,1236:22808>1318:22645|50,50.954021841641385
BEV2_2024-08-11_drive1.csv,BEV2,2024-08-11 07:18:44+00:00,2024-08-11 07:18:42+00:00,2024-08-11 07:48:28+00:00,train,1318:22645>1394:22700|29,29.9729923918906
BEV2_2024-08-11_drive2.csv,BEV2,2024-08-11 09:25:27+00:00,2024-08-11 09:25:25+00:00,2024-08-11 09:58:45+00:00,train,1394:22700>1315:22649|25,25.712399987643742
BEV2_2024-08-11_drive3.csv,BEV2,2024-08-11 10:45:53+00:00,2024-08-11 10:45:52+00:00,2024-08-11 11:26:12+00:00,train,1315:22649>1318:22645|4,4.358009938413873
BEV2_2024-08-11_drive4.csv,BEV2,2024-08-11 12:13:42+00:00,2024-08-11 12:13:41+00:00,2024-08-11 12:40:50+00:00,train,1318:22645>1318:22645|5,5.4161060230813245
BEV2_2024-08-12_drive2.csv,BEV2,2024-08-12 18:27:39+00:00,2024-08-12 18:27:38+00:00,2024-08-12 18:42:53+00:00,train,1318:22645>1318:22645|3,3.689779530300165
BEV2_2024-08-13_drive1.csv,BEV2,2024-08-13 05:53:44+00:00,2024-08-13 05:53:42+00:00,2024-08-13 06:01:14+00:00,train,1318:22645>1313:22648|2,2.0489930227464743
BEV2_2024-08-13_drive2.csv,BEV2,2024-08-13 09:32:35+00:00,2024-08-13 09:32:33+00:00,2024-08-13 09:47:53+00:00,train,1313:22648>1318:22645|2,2.730249944167637
BEV2_2024-08-13_drive3.csv,BEV2,2024-08-13 10:36:12+00:00,2024-08-13 10:36:10+00:00,2024-08-13 10:55:31+00:00,train,1318:22645>1313:22648|2,2.107684737615689
BEV2_2024-08-13_drive4.csv,BEV2,2024-08-13 14:37:12+00:00,2024-08-13 14:37:10+00:00,2024-08-13 14:51:39+00:00,train,1313:22648>1318:22645|2,2.748126308310729
BEV2_2024-08-13_drive5.csv,BEV2,2024-08-13 15:01:14+00:00,2024-08-13 15:01:12+00:00,2024-08-13 15:47:28+00:00,train,1318:22645>1317:22659|6,6.281028055889271
BEV2_2024-08-13_drive6.csv,BEV2,2024-08-13 16:12:47+00:00,2024-08-13 16:12:45+00:00,2024-08-13 16:28:05+00:00,train,1317:22659>1318:22645|4,4.62889711655918
BEV2_2024-08-13_drive7.csv,BEV2,2024-08-13 16:43:42+00:00,2024-08-13 16:43:40+00:00,2024-08-13 16:59:19+00:00,train,1318:22645>1318:22645|5,5.434028635547497
BEV2_2024-08-13_drive8.csv,BEV2,2024-08-13 18:00:05+00:00,2024-08-13 18:00:03+00:00,2024-08-13 18:16:57+00:00,train,1318:22645>1318:22645|5,5.42449596920898
BEV2_2024-08-14_drive1.csv,BEV2,2024-08-14 08:47:08+00:00,2024-08-14 08:47:06+00:00,2024-08-14 09:21:18+00:00,train,1318:22645>1355:22637|10,10.966529715962317
BEV2_2024-08-14_drive2.csv,BEV2,2024-08-14 09:31:03+00:00,2024-08-14 09:31:01+00:00,2024-08-14 09:51:00+00:00,train,1355:22637>1353:22633|1,1.9053395190267224
BEV2_2024-08-14_drive3.csv,BEV2,2024-08-14 10:13:12+00:00,2024-08-14 10:13:10+00:00,2024-08-14 10:50:29+00:00,train,1353:22633>1318:22645|12,12.010230733119997
BEV2_2024-08-14_drive5.csv,BEV2,2024-08-14 17:22:39+00:00,2024-08-14 17:22:37+00:00,2024-08-14 17:45:35+00:00,train,1318:22645>1318:22645|5,5.659151812610179
BEV2_2024-08-14_drive6.csv,BEV2,2024-08-14 20:11:04+00:00,2024-08-14 20:11:02+00:00,2024-08-14 20:21:59+00:00,train,1318:22645>1316:22651|1,1.818880728460122
BEV2_2024-08-14_drive7.csv,BEV2,2024-08-14 20:26:25+00:00,2024-08-14 20:26:23+00:00,2024-08-14 20:36:15+00:00,train,1316:22651>1318:22645|2,2.490409425716986
BEV2_2024-08-15_drive1.csv,BEV2,2024-08-15 07:35:24+00:00,2024-08-15 07:35:22+00:00,2024-08-15 07:54:09+00:00,train,1318:22645>1318:22646|0,0.146016293842419
BEV2_2024-08-15_drive10.csv,BEV2,2024-08-15 16:51:29+00:00,2024-08-15 16:51:27+00:00,2024-08-15 17:03:27+00:00,train,1393:22619>1424:22622|7,7.630724084105584
BEV2_2024-08-15_drive11.csv,BEV2,2024-08-15 17:10:25+00:00,2024-08-15 17:10:22+00:00,2024-08-15 18:20:06+00:00,train,1424:22622>1318:22645|45,45.86752893179989
BEV2_2024-08-15_drive2.csv,BEV2,2024-08-15 19:10:27+00:00,2024-08-15 19:10:25+00:00,2024-08-15 19:21:18+00:00,train,1318:22645>1313:22647|3,3.513943798441141
BEV2_2024-08-15_drive3.csv,BEV2,2024-08-15 22:15:18+00:00,2024-08-15 22:15:17+00:00,2024-08-15 22:35:03+00:00,train,1313:22647>1318:22645|4,4.211390054808039
BEV2_2024-08-15_drive4.csv,BEV2,2024-08-15 09:57:37+00:00,2024-08-15 09:57:35+00:00,2024-08-15 10:31:15+00:00,train,1318:22646>1318:22645|3,3.440752906364437
BEV2_2024-08-15_drive5.csv,BEV2,2024-08-15 11:05:24+00:00,2024-08-15 11:05:22+00:00,2024-08-15 11:39:45+00:00,train,1318:22645>1318:22645|4,4.848238056533055
BEV2_2024-08-15_drive6.csv,BEV2,2024-08-15 12:10:09+00:00,2024-08-15 12:10:07+00:00,2024-08-15 13:15:34+00:00,train,1318:22645>1245:22822|48,48.79088107774495
BEV2_2024-08-15_drive7.csv,BEV2,2024-08-15 13:28:06+00:00,2024-08-15 13:28:04+00:00,2024-08-15 13:57:05+00:00,train,1245:22822>1236:22808|7,7.366607407376499
BEV2_2024-08-15_drive8.csv,BEV2,2024-08-15 15:04:14+00:00,2024-08-15 15:04:12+00:00,2024-08-15 15:28:57+00:00,train,1236:22808>1243:22752|12,12.665274716061464
BEV2_2024-08-15_drive9.csv,BEV2,2024-08-15 15:31:55+00:00,2024-08-15 15:31:53+00:00,2024-08-15 16:31:51+00:00,train,1243:22752>1393:22619|55,55.5196337642422
BEV2_2024-08-16_drive1.csv,BEV2,2024-08-16 05:59:40+00:00,2024-08-16 05:59:38+00:00,2024-08-16 06:41:43+00:00,train,1318:22645>1451:22628|34,34.92564745446701
BEV2_2024-08-16_drive2.csv,BEV2,2024-08-16 07:08:10+00:00,2024-08-16 07:08:08+00:00,2024-08-16 07:40:25+00:00,train,1451:22628>1496:22677|20,20.09170248502359
BEV2_2024-08-16_drive3.csv,BEV2,2024-08-16 09:24:52+00:00,2024-08-16 09:24:50+00:00,2024-08-16 09:36:18+00:00,train,1496:22677>1494:22672|1,1.7821447536477222
BEV2_2024-08-16_drive4.csv,BEV2,2024-08-16 09:56:33+00:00,2024-08-16 09:56:31+00:00,2024-08-16 10:13:53+00:00,train,1494:22672>1493:22686|7,7.3983393581160115
BEV2_2024-08-16_drive5.csv,BEV2,2024-08-16 12:45:34+00:00,2024-08-16 12:45:32+00:00,2024-08-16 13:17:50+00:00,train,1493:22686>1451:22628|22,22.330497448488096
BEV2_2024-08-16_drive6.csv,BEV2,2024-08-16 19:36:58+00:00,2024-08-16 19:36:56+00:00,2024-08-16 20:18:22+00:00,train,1451:22628>1318:22645|35,35.39123109737704
BEV2_2024-08-16_drive7.csv,BEV2,2024-08-16 23:25:00+00:00,2024-08-16 23:24:57+00:00,2024-08-17 01:57:55+00:00,train,1318:22645>1318:22645|109,109.91912827124638
BEV2_2024-08-17_drive1.csv,BEV2,2024-08-17 10:38:09+00:00,2024-08-17 10:38:08+00:00,2024-08-17 10:44:08+00:00,train,1318:22645>1318:22645|0,0.0873792282600241
BEV2_2024-08-17_drive2.csv,BEV2,2024-08-17 11:54:02+00:00,2024-08-17 11:53:59+00:00,2024-08-17 12:36:34+00:00,train,1318:22645>1313:22648|3,3.7281066314184512
BEV2_2024-08-17_drive4.csv,BEV2,2024-08-17 16:15:17+00:00,2024-08-17 16:15:14+00:00,2024-08-17 16:33:55+00:00,train,1316:22650>1318:22645|2,2.0081605951041133
BEV2_2024-08-17_drive5.csv,BEV2,2024-08-17 17:00:07+00:00,2024-08-17 17:00:04+00:00,2024-08-17 17:17:12+00:00,train,1318:22645>1318:22645|3,3.662241743293646
BEV2_2024-08-17_drive6.csv,BEV2,2024-08-17 18:04:54+00:00,2024-08-17 18:04:51+00:00,2024-08-17 18:27:37+00:00,train,1318:22645>1313:22647|6,6.914188445506328
BEV2_2024-08-17_drive7.csv,BEV2,2024-08-17 23:54:34+00:00,2024-08-17 23:54:31+00:00,2024-08-18 00:05:21+00:00,train,1313:22647>1318:22645|2,2.633986158720068
BEV2_2024-08-18_drive1.csv,BEV2,2024-08-18 07:30:02+00:00,2024-08-18 07:29:59+00:00,2024-08-18 07:50:15+00:00,train,1318:22645>1313:22647|5,5.197558455405632
BEV2_2024-08-18_drive2.csv,BEV2,2024-08-18 10:52:45+00:00,2024-08-18 10:52:42+00:00,2024-08-18 11:25:51+00:00,train,1313:22647>1318:22645|7,7.958084254364477
BEV2_2024-08-18_drive3.csv,BEV2,2024-08-18 12:13:29+00:00,2024-08-18 12:13:26+00:00,2024-08-18 12:31:56+00:00,train,1318:22645>1313:22648|2,2.092674780473174
BEV2_2024-08-18_drive4.csv,BEV2,2024-08-18 13:08:04+00:00,2024-08-18 13:08:01+00:00,2024-08-18 14:17:07+00:00,train,1313:22648>1236:22808|50,50.36701734048691
BEV2_2024-08-18_drive5.csv,BEV2,2024-08-18 15:06:51+00:00,2024-08-18 15:06:48+00:00,2024-08-18 16:03:33+00:00,train,1236:22808>1313:22647|45,45.10218573231303
BEV2_2024-08-18_drive6.csv,BEV2,2024-08-18 16:26:26+00:00,2024-08-18 16:26:23+00:00,2024-08-18 16:43:21+00:00,train,1313:22647>1318:22645|4,4.419912915982604
BEV2_2024-08-18_drive7.csv,BEV2,2024-08-18 18:03:32+00:00,2024-08-18 18:03:29+00:00,2024-08-18 18:19:13+00:00,train,1318:22645>1313:22647|3,3.5431220899966203
BEV2_2024-08-18_drive8.csv,BEV2,2024-08-18 23:32:57+00:00,2024-08-18 23:32:54+00:00,2024-08-18 23:43:43+00:00,train,1313:22647>1318:22645|3,3.256415088750246
BEV2_2024-08-19_drive1.csv,BEV2,2024-08-19 09:02:59+00:00,2024-08-19 09:02:56+00:00,2024-08-19 09:20:06+00:00,train,1318:22645>1315:22645|1,1.9490865814960256
BEV2_2024-08-19_drive2.csv,BEV2,2024-08-19 09:24:24+00:00,2024-08-19 09:24:23+00:00,2024-08-19 09:52:53+00:00,train,1315:22645>1318:22645|7,7.048786401718493
BEV2_2024-08-19_drive4.csv,BEV2,2024-08-19 14:57:00+00:00,2024-08-19 14:56:57+00:00,2024-08-19 15:36:36+00:00,train,1227:22658>1318:22646|27,27.531876228156367
BEV2_2024-08-19_drive5.csv,BEV2,2024-08-19 16:20:01+00:00,2024-08-19 16:19:58+00:00,2024-08-19 16:39:21+00:00,train,1318:22646>1318:22646|4,4.600782722569065
BEV2_2024-08-19_drive6.csv,BEV2,2024-08-19 17:33:25+00:00,2024-08-19 17:33:22+00:00,2024-08-19 17:54:43+00:00,train,1318:22646>1313:22659|8,8.651994307764124
BEV2_2024-08-19_drive7.csv,BEV2,2024-08-19 18:36:28+00:00,2024-08-19 18:36:27+00:00,2024-08-19 18:47:45+00:00,train,1313:22659>1313:22647|4,4.232725050914092
BEV2_2024-08-19_drive8.csv,BEV2,2024-08-19 21:46:19+00:00,2024-08-19 21:46:16+00:00,2024-08-19 21:58:04+00:00,train,1313:22647>1318:22645|2,2.6769374284694782
BEV2_2024-08-20_drive1.csv,BEV2,2024-08-20 05:59:13+00:00,2024-08-20 05:59:10+00:00,2024-08-20 06:10:01+00:00,train,1318:22645>1313:22647|2,2.1204255399871506
BEV2_2024-08-20_drive3.csv,BEV2,2024-08-20 10:35:00+00:00,2024-08-20 10:34:57+00:00,2024-08-20 10:52:47+00:00,train,1318:22645>1313:22648|3,3.735424347865321
BEV2_2024-08-20_drive4.csv,BEV2,2024-08-20 15:46:25+00:00,2024-08-20 15:46:23+00:00,2024-08-20 15:59:17+00:00,train,1313:22648>1318:22645|2,2.7858291330722342
BEV2_2024-08-20_drive5.csv,BEV2,2024-08-20 16:35:43+00:00,2024-08-20 16:35:40+00:00,2024-08-20 16:53:29+00:00,train,1318:22645>1318:22645|5,5.436534765981667
BEV2_2024-08-20_drive6.csv,BEV2,2024-08-20 20:26:46+00:00,2024-08-20 20:26:45+00:00,2024-08-20 20:51:56+00:00,train,1318:22645>1318:22646|4,4.153490752178934
BEV2_2024-08-21_drive1.csv,BEV2,2024-08-21 05:45:51+00:00,2024-08-21 05:45:48+00:00,2024-08-21 05:57:04+00:00,train,1318:22646>1313:22647|2,2.017324158137336
BEV2_2024-08-21_drive2.csv,BEV2,2024-08-21 06:08:58+00:00,2024-08-21 06:08:55+00:00,2024-08-21 09:17:38+00:00,train,1313:22647>940:22541|128,128.0059394123156
BEV2_2024-08-22_drive1.csv,BEV2,2024-08-22 11:45:13+00:00,2024-08-22 11:45:10+00:00,2024-08-22 13:30:16+00:00,train,940:22541>1318:22645|103,103.60682686827153
BEV2_2024-08-22_drive2.csv,BEV2,2024-08-22 13:52:44+00:00,2024-08-22 13:52:41+00:00,2024-08-22 14:13:42+00:00,train,1318:22645>1318:22645|4,4.210517521599348
BEV2_2024-08-22_drive3.csv,BEV2,2024-08-22 14:50:23+00:00,2024-08-22 14:50:20+00:00,2024-08-22 15:01:02+00:00,train,1318:22645>1318:22645|2,2.7471198470399387
BEV2_2024-08-22_drive4.csv,BEV2,2024-08-22 16:02:27+00:00,2024-08-22 16:02:24+00:00,2024-08-22 16:21:58+00:00,train,1318:22645>1318:22645|5,5.510132939850092
BEV2_2024-08-22_drive5.csv,BEV2,2024-08-22 18:00:46+00:00,2024-08-22 18:00:43+00:00,2024-08-22 18:18:41+00:00,train,1318:22645>1313:22659|5,5.830529076459103
BEV2_2024-08-22_drive6.csv,BEV2,2024-08-22 19:08:03+00:00,2024-08-22 19:08:02+00:00,2024-08-22 19:32:46+00:00,train,1313:22659>1318:22645|4,4.771867284251945
BEV2_2024-08-23_drive1.csv,BEV2,2024-08-23 06:24:30+00:00,2024-08-23 06:24:27+00:00,2024-08-23 06:59:47+00:00,train,1318:22645>1313:22647|8,8.385214208509987
BEV2_2024-08-23_drive4.csv,BEV2,2024-08-23 13:35:15+00:00,2024-08-23 13:35:12+00:00,2024-08-23 14:03:49+00:00,train,1318:22645>1317:22659|5,5.091020348145886
BEV2_2024-08-23_drive5.csv,BEV2,2024-08-23 14:37:45+00:00,2024-08-23 14:37:41+00:00,2024-08-23 14:58:47+00:00,train,1317:22659>1318:22645|4,4.671652275137646
BEV2_2024-08-23_drive6.csv,BEV2,2024-08-23 16:40:07+00:00,2024-08-23 16:40:04+00:00,2024-08-23 17:08:26+00:00,train,1318:22645>1318:22645|9,9.983961337140675
BEV2_2024-08-23_drive7.csv,BEV2,2024-08-23 18:01:10+00:00,2024-08-23 18:01:07+00:00,2024-08-23 18:18:16+00:00,train,1318:22645>1318:22645|5,5.5810777462245165
BEV2_2024-08-23_drive8.csv,BEV2,2024-08-23 19:59:39+00:00,2024-08-23 19:59:36+00:00,2024-08-23 20:16:51+00:00,train,1318:22645>1318:22646|6,6.337543305835222
BEV2_2024-08-24_drive1.csv,BEV2,2024-08-24 09:26:27+00:00,2024-08-24 09:26:23+00:00,2024-08-24 10:07:31+00:00,train,1318:22646>1357:22595|25,25.335014818586604
BEV2_2024-08-24_drive2.csv,BEV2,2024-08-24 14:43:35+00:00,2024-08-24 14:43:33+00:00,2024-08-24 15:58:34+00:00,train,1357:22595>1318:22645|25,25.440363825702143
BEV2_2024-08-24_drive3.csv,BEV2,2024-08-24 16:28:27+00:00,2024-08-24 16:28:23+00:00,2024-08-24 16:45:42+00:00,train,1318:22645>1316:22646|4,4.628371522455479
BEV2_2024-08-24_drive4.csv,BEV2,2024-08-24 19:59:17+00:00,2024-08-24 19:59:13+00:00,2024-08-24 20:10:52+00:00,train,1316:22646>1318:22645|1,1.6175758503822162
BEV2_2024-08-25_drive1.csv,BEV2,2024-08-25 08:19:40+00:00,2024-08-25 08:19:38+00:00,2024-08-25 08:33:55+00:00,train,1318:22645>1314:22648|3,3.287715534025825
BEV2_2024-08-25_drive2.csv,BEV2,2024-08-25 09:01:20+00:00,2024-08-25 09:01:19+00:00,2024-08-25 09:19:42+00:00,train,1314:22648>1318:22645|1,1.330574968186725
BEV2_2024-08-25_drive3.csv,BEV2,2024-08-25 11:59:53+00:00,2024-08-25 11:59:49+00:00,2024-08-25 12:24:00+00:00,train,1318:22645>1258:22652|15,15.604068320397053
BEV2_2024-08-25_drive4.csv,BEV2,2024-08-25 13:09:10+00:00,2024-08-25 13:09:08+00:00,2024-08-25 14:00:12+00:00,train,1258:22652>1236:22808|38,38.27179352629288
BEV2_2024-08-25_drive5.csv,BEV2,2024-08-25 15:13:49+00:00,2024-08-25 15:13:46+00:00,2024-08-25 16:17:13+00:00,train,1236:22808>1318:22645|50,50.66889754675159
BEV2_2024-08-25_drive6.csv,BEV2,2024-08-25 21:58:59+00:00,2024-08-25 21:58:55+00:00,2024-08-25 22:17:25+00:00,train,1318:22645>1318:22645|3,3.6662761779757744
BEV2_2024-08-26_drive2.csv,BEV2,2024-08-26 17:28:47+00:00,2024-08-26 17:28:43+00:00,2024-08-26 18:37:46+00:00,train,1313:22648>1321:22652|14,14.99851583680408
BEV2_2024-08-26_drive3.csv,BEV2,2024-08-26 20:30:36+00:00,2024-08-26 20:30:32+00:00,2024-08-26 20:47:11+00:00,train,1321:22652>1318:22645|5,5.911708195502091
BEV2_2024-08-27_drive2.csv,BEV2,2024-08-27 10:06:01+00:00,2024-08-27 10:05:57+00:00,2024-08-27 10:17:53+00:00,train,1313:22648>1318:22645|2,2.904316981406032
BEV2_2024-08-28_drive2.csv,BEV2,2024-08-28 15:13:41+00:00,2024-08-28 15:13:39+00:00,2024-08-28 16:23:41+00:00,train,1552:22706>1378:22611|55,55.87027623739696
BEV2_2024-08-28_drive3.csv,BEV2,2024-08-28 16:30:33+00:00,2024-08-28 16:30:31+00:00,2024-08-28 16:51:39+00:00,train,1378:22611>1318:22645|15,15.736637531778248
BEV2_2024-08-28_drive4.csv,BEV2,2024-08-28 19:28:34+00:00,2024-08-28 19:28:32+00:00,2024-08-28 19:43:52+00:00,train,1318:22645>1318:22645|0,0.0626649541678399
BEV2_2024-08-29_drive1.csv,BEV2,2024-08-29 06:01:20+00:00,2024-08-29 06:01:17+00:00,2024-08-29 06:53:56+00:00,train,1318:22645>1451:22628|31,31.183083911634824
BEV2_2024-08-29_drive2.csv,BEV2,2024-08-29 06:58:07+00:00,2024-08-29 06:58:05+00:00,2024-08-29 07:13:25+00:00,train,1451:22628>1453:22627|0,0.7566918388601752
BEV2_2024-08-29_drive3.csv,BEV2,2024-08-29 07:25:38+00:00,2024-08-29 07:25:36+00:00,2024-08-29 08:15:35+00:00,train,1453:22627>1313:22648|36,36.931865587070185
BEV2_2024-08-29_drive4.csv,BEV2,2024-08-29 09:58:19+00:00,2024-08-29 09:58:17+00:00,2024-08-29 10:15:10+00:00,train,1313:22648>1318:22645|2,2.7857430512910826
BEV2_2024-08-29_drive5.csv,BEV2,2024-08-29 10:43:12+00:00,2024-08-29 10:43:10+00:00,2024-08-29 11:02:39+00:00,train,1318:22645>1313:22648|2,2.0562398170148684
BEV2_2024-08-29_drive6.csv,BEV2,2024-08-29 17:39:56+00:00,2024-08-29 17:39:54+00:00,2024-08-29 17:52:33+00:00,train,1313:22648>1318:22645|2,2.8210923743916703
BEV2_2024-08-29_drive7.csv,BEV2,2024-08-29 18:02:02+00:00,2024-08-29 18:02:00+00:00,2024-08-29 18:21:34+00:00,train,1318:22645>1317:22652|2,2.4522381950760748
BEV2_2024-08-29_drive8.csv,BEV2,2024-08-29 20:05:57+00:00,2024-08-29 20:05:55+00:00,2024-08-29 20:25:20+00:00,train,1317:22652>1318:22645|2,2.462081476704358
BEV2_2024-08-30_drive1.csv,BEV2,2024-08-30 07:31:59+00:00,2024-08-30 07:31:57+00:00,2024-08-30 07:49:15+00:00,train,1318:22645>1308:22656|4,4.956094859441992
BEV2_2024-08-30_drive2.csv,BEV2,2024-08-30 08:44:33+00:00,2024-08-30 08:44:31+00:00,2024-08-30 09:19:41+00:00,train,1308:22656>1315:22654|2,2.973632232276388
BEV2_2024-08-30_drive3.csv,BEV2,2024-08-30 09:26:01+00:00,2024-08-30 09:25:59+00:00,2024-08-30 09:41:46+00:00,train,1315:22654>1318:22645|3,3.321799327598787
BEV2_2024-08-30_drive4.csv,BEV2,2024-08-30 10:54:23+00:00,2024-08-30 10:54:22+00:00,2024-08-30 11:02:22+00:00,train,1318:22645>1313:22648|2,2.062960867713877
BEV2_2024-08-30_drive5.csv,BEV2,2024-08-30 15:38:10+00:00,2024-08-30 15:38:09+00:00,2024-08-30 17:07:59+00:00,train,1313:22648>1318:22645|19,19.49764330502087
BEV2_2024-08-30_drive6.csv,BEV2,2024-08-30 21:43:36+00:00,2024-08-30 21:43:34+00:00,2024-08-30 22:33:47+00:00,train,1318:22645>1318:22645|16,16.313354860524434
BEV2_2024-08-31_drive1.csv,BEV2,2024-08-31 07:49:50+00:00,2024-08-31 07:49:48+00:00,2024-08-31 09:14:55+00:00,train,1318:22645>1305:22644|70,70.83323810339652
BEV2_2024-08-31_drive2.csv,BEV2,2024-08-31 09:27:15+00:00,2024-08-31 09:27:13+00:00,2024-08-31 11:37:59+00:00,train,1305:22644>901:22800|105,105.3447433086429
BEV2_2024-08-31_drive4.csv,BEV2,2024-08-31 20:11:36+00:00,2024-08-31 20:11:34+00:00,2024-08-31 20:38:39+00:00,train,1357:22595>1318:22645|22,22.10730967198865
BEV2_2024-09-01_drive1.csv,BEV2,2024-09-01 08:13:53+00:00,2024-09-01 08:13:52+00:00,2024-09-01 08:25:53+00:00,train,1318:22645>1315:22649|3,3.46526697293599
BEV2_2024-09-01_drive3.csv,BEV2,2024-09-01 12:46:29+00:00,2024-09-01 12:46:27+00:00,2024-09-01 14:09:37+00:00,train,1318:22645>1236:22808|51,51.74102850975079
BEV2_2024-09-01_drive4.csv,BEV2,2024-09-01 15:23:48+00:00,2024-09-01 15:23:47+00:00,2024-09-01 15:41:13+00:00,train,1236:22808>1230:22799|3,3.913386834514785
BEV2_2024-09-01_drive5.csv,BEV2,2024-09-01 17:50:16+00:00,2024-09-01 17:50:13+00:00,2024-09-01 18:40:58+00:00,train,1230:22799>1318:22645|48,48.73510263107917
BEV2_2024-09-02_drive1.csv,BEV2,2024-09-02 11:17:22+00:00,2024-09-02 11:17:19+00:00,2024-09-02 11:54:48+00:00,train,1318:22645>1318:22645|11,11.761410386632814
BEV2_2024-09-02_drive2.csv,BEV2,2024-09-02 13:06:49+00:00,2024-09-02 13:06:47+00:00,2024-09-02 13:47:32+00:00,train,1318:22645>1402:22618|22,22.85502400201686
BEV2_2024-09-02_drive3.csv,BEV2,2024-09-02 14:17:55+00:00,2024-09-02 14:17:52+00:00,2024-09-02 14:45:09+00:00,train,1402:22618>1318:22645|21,21.2360679912924
BEV2_2024-09-03_drive1.csv,BEV2,2024-09-03 06:11:06+00:00,2024-09-03 06:11:03+00:00,2024-09-03 06:27:55+00:00,train,1318:22645>1313:22648|4,4.312121557398728
BEV2_2024-09-03_drive2.csv,BEV2,2024-09-03 09:30:55+00:00,2024-09-03 09:30:54+00:00,2024-09-03 09:44:10+00:00,train,1313:22648>1318:22645|2,2.779865332384625
BEV2_2024-09-03_drive3.csv,BEV2,2024-09-03 10:18:22+00:00,2024-09-03 10:18:19+00:00,2024-09-03 10:35:27+00:00,train,1318:22645>1311:22648|4,4.938092148394224
BEV2_2024-09-03_drive4.csv,BEV2,2024-09-03 13:21:08+00:00,2024-09-03 13:21:05+00:00,2024-09-03 13:36:41+00:00,train,1311:22648>1313:22647|1,1.316517405955685
BEV2_2024-09-03_drive5.csv,BEV2,2024-09-03 14:42:07+00:00,2024-09-03 14:42:04+00:00,2024-09-03 15:09:26+00:00,train,1313:22647>1320:22653|5,5.585550830996008
BEV2_2024-09-03_drive6.csv,BEV2,2024-09-03 16:02:40+00:00,2024-09-03 16:02:37+00:00,2024-09-03 16:22:23+00:00,train,1320:22653>1317:22659|2,2.5158157506454373
BEV2_2024-09-04_drive1.csv,BEV2,2024-09-04 06:09:37+00:00,2024-09-04 06:09:34+00:00,2024-09-04 06:33:44+00:00,train,1318:22645>1313:22648|4,4.781324905692864
BEV2_2024-09-04_drive2.csv,BEV2,2024-09-04 10:24:33+00:00,2024-09-04 10:24:30+00:00,2024-09-04 10:42:30+00:00,train,1313:22648>1318:22645|2,2.7720648953736955
BEV2_2024-09-04_drive3.csv,BEV2,2024-09-04 11:34:22+00:00,2024-09-04 11:34:19+00:00,2024-09-04 12:03:52+00:00,train,1318:22645>1319:22654|3,3.080126636077028
BEV2_2024-09-04_drive4.csv,BEV2,2024-09-04 13:10:52+00:00,2024-09-04 13:10:49+00:00,2024-09-04 13:22:02+00:00,train,1319:22654>1320:22653|0,0.6860742916289149
BEV2_2024-09-04_drive5.csv,BEV2,2024-09-04 14:00:18+00:00,2024-09-04 14:00:15+00:00,2024-09-04 14:52:03+00:00,train,1320:22653>1256:22662|23,23.691543207504484
BEV2_2024-09-06_drive1.csv,BEV2,2024-09-06 08:19:15+00:00,2024-09-06 08:19:12+00:00,2024-09-06 08:55:42+00:00,train,1256:22662>1318:22645|22,22.359184182908457
BEV2_2024-09-06_drive2.csv,BEV2,2024-09-06 10:30:59+00:00,2024-09-06 10:30:56+00:00,2024-09-06 10:50:14+00:00,train,1318:22645>1313:22648|3,3.146530197583041
BEV2_2024-09-06_drive3.csv,BEV2,2024-09-06 16:55:18+00:00,2024-09-06 16:55:15+00:00,2024-09-06 17:07:43+00:00,train,1313:22648>1318:22645|2,2.7366750934204607
BEV2_2024-09-07_drive1.csv,BEV2,2024-09-07 09:40:29+00:00,2024-09-07 09:40:26+00:00,2024-09-07 09:55:47+00:00,train,1318:22645>1320:22653|3,3.308270207464338
BEV2_2024-09-07_drive2.csv,BEV2,2024-09-07 09:59:23+00:00,2024-09-07 09:59:20+00:00,2024-09-07 10:15:11+00:00,train,1320:22653>1318:22645|3,3.096248289034341
BEV2_2024-09-07_drive3.csv,BEV2,2024-09-07 12:21:25+00:00,2024-09-07 12:21:23+00:00,2024-09-07 13:41:14+00:00,train,1318:22645>1318:22645|39,39.78404751917566
BEV2_2024-09-07_drive4.csv,BEV2,2024-09-07 13:54:27+00:00,2024-09-07 13:54:24+00:00,2024-09-07 14:21:17+00:00,train,1318:22645>1319:22663|7,7.527474065854566
BEV2_2024-09-07_drive5.csv,BEV2,2024-09-07 14:31:51+00:00,2024-09-07 14:31:48+00:00,2024-09-07 15:07:47+00:00,train,1319:22663>1318:22645|5,5.421654797421056
BEV2_2024-09-07_drive6.csv,BEV2,2024-09-07 16:07:33+00:00,2024-09-07 16:07:30+00:00,2024-09-07 16:27:14+00:00,train,1318:22645>1317:22652|2,2.507339901211361
BEV2_2024-09-08_drive2.csv,BEV2,2024-09-08 10:05:10+00:00,2024-09-08 10:05:07+00:00,2024-09-08 10:35:13+00:00,train,1394:22700>1361:22700|15,15.656277551803392
BEV2_2024-09-08_drive3.csv,BEV2,2024-09-08 11:14:22+00:00,2024-09-08 11:14:19+00:00,2024-09-08 11:43:59+00:00,train,1361:22700>1318:22645|19,19.430116036755717
BEV2_2024-09-08_drive4.csv,BEV2,2024-09-08 12:31:01+00:00,2024-09-08 12:30:58+00:00,2024-09-08 13:31:06+00:00,train,1318:22645>1247:22825|57,57.33296587233503
BEV2_2024-09-08_drive5.csv,BEV2,2024-09-08 13:44:53+00:00,2024-09-08 13:44:50+00:00,2024-09-08 14:14:36+00:00,train,1247:22825>1236:22808|6,6.948993138315811
BEV2_2024-09-09_drive1.csv,BEV2,2024-09-09 06:06:24+00:00,2024-09-09 06:06:21+00:00,2024-09-09 06:23:59+00:00,train,1318:22645>1313:22648|3,3.917111095737492
BEV2_2024-09-09_drive2.csv,BEV2,2024-09-09 15:36:07+00:00,2024-09-09 15:36:05+00:00,2024-09-09 15:51:31+00:00,train,1313:22648>1318:22645|2,2.829567739485692
BEV2_2024-09-09_drive3.csv,BEV2,2024-09-09 16:31:30+00:00,2024-09-09 16:31:27+00:00,2024-09-09 17:40:05+00:00,train,1318:22645>1318:22646|8,8.787435021263338
BEV2_2024-09-10_drive1.csv,BEV2,2024-09-10 03:06:23+00:00,2024-09-10 03:06:20+00:00,2024-09-10 03:31:55+00:00,train,1318:22646>1318:22646|10,10.219449935071491
BEV2_2024-09-10_drive2.csv,BEV2,2024-09-10 07:27:04+00:00,2024-09-10 07:27:01+00:00,2024-09-10 07:47:15+00:00,train,1318:22646>1313:22648|2,2.1146096594955783
BEV2_2024-09-10_drive3.csv,BEV2,2024-09-10 12:39:08+00:00,2024-09-10 12:39:05+00:00,2024-09-10 13:50:03+00:00,train,1313:22648>1077:22696|56,56.59453225198857
BEV2_2024-09-10_drive5.csv,BEV2,2024-09-10 18:08:34+00:00,2024-09-10 18:08:31+00:00,2024-09-10 19:13:43+00:00,train,1039:22735>1313:22659|73,73.58431740934665
BEV2_2024-09-10_drive6.csv,BEV2,2024-09-10 19:49:46+00:00,2024-09-10 19:49:45+00:00,2024-09-10 20:14:43+00:00,train,1313:22659>1318:22645|5,5.361317941629369
BEV2_2024-09-11_drive1.csv,BEV2,2024-09-11 07:14:16+00:00,2024-09-11 07:14:15+00:00,2024-09-11 07:51:00+00:00,train,1318:22645>1384:22622|18,18.698205677117823
BEV2_2024-09-11_drive2.csv,BEV2,2024-09-11 10:46:43+00:00,2024-09-11 10:46:39+00:00,2024-09-11 11:43:18+00:00,train,1384:22622>1552:22706|52,52.29337211967324
BEV2_2024-09-11_drive3.csv,BEV2,2024-09-11 14:52:24+00:00,2024-09-11 14:52:23+00:00,2024-09-11 16:10:13+00:00,train,1552:22706>1318:22645|59,59.67826283635112
BEV2_2024-09-12_drive1.csv,BEV2,2024-09-12 10:10:32+00:00,2024-09-12 10:10:30+00:00,2024-09-12 10:27:45+00:00,train,1318:22645>1319:22651|5,5.640747444549909
BEV2_2024-09-12_drive2.csv,BEV2,2024-09-12 10:30:35+00:00,2024-09-12 10:30:33+00:00,2024-09-12 10:33:26+00:00,train,1319:22651>1316:22650|0,0.8674934841008484
BEV2_2024-09-12_drive3.csv,BEV2,2024-09-12 10:35:44+00:00,2024-09-12 10:35:42+00:00,2024-09-12 10:42:39+00:00,train,1316:22650>1315:22645|1,1.5514056413339914
BEV2_2024-09-12_drive4.csv,BEV2,2024-09-12 10:51:39+00:00,2024-09-12 10:51:37+00:00,2024-09-12 10:56:21+00:00,train,1315:22645>1318:22645|1,1.6694730372865192
BEV2_2024-09-12_drive5.csv,BEV2,2024-09-12 10:57:37+00:00,2024-09-12 10:57:35+00:00,2024-09-12 10:58:50+00:00,train,1318:22645>1318:22645|0,0.0594384410490603
BEV2_2024-09-12_drive6.csv,BEV2,2024-09-12 13:12:25+00:00,2024-09-12 13:12:23+00:00,2024-09-12 13:25:14+00:00,train,1318:22645>1329:22650|5,5.4819041225996985
BEV2_2024-09-12_drive8.csv,BEV2,2024-09-12 15:47:43+00:00,2024-09-12 15:47:41+00:00,2024-09-12 15:59:23+00:00,train,1318:22645>1318:22645|1,1.8390413709373143
BEV2_2024-09-13_drive1.csv,BEV2,2024-09-13 06:02:21+00:00,2024-09-13 06:02:20+00:00,2024-09-13 06:10:18+00:00,train,1318:22645>1313:22648|2,2.1662699541085297
BEV2_2024-09-13_drive2.csv,BEV2,2024-09-13 09:28:45+00:00,2024-09-13 09:28:43+00:00,2024-09-13 09:42:10+00:00,train,1313:22648>1318:22647|2,2.7152223360976944
BEV2_2024-09-13_drive3.csv,BEV2,2024-09-13 09:43:29+00:00,2024-09-13 09:43:27+00:00,2024-09-13 09:50:30+00:00,train,1318:22647>1313:22648|2,2.1308312311483166
BEV2_2024-09-13_drive4.csv,BEV2,2024-09-13 14:55:23+00:00,2024-09-13 14:55:21+00:00,2024-09-13 15:24:59+00:00,train,1313:22648>1317:22659|8,8.082314082653449
BEV2_2024-09-13_drive5.csv,BEV2,2024-09-13 16:02:54+00:00,2024-09-13 16:02:52+00:00,2024-09-13 16:20:27+00:00,train,1317:22659>1318:22646|5,5.191683110668419
BEV2_2024-09-13_drive6.csv,BEV2,2024-09-13 18:30:23+00:00,2024-09-13 18:30:21+00:00,2024-09-13 18:30:55+00:00,train,1318:22646>1318:22645|0,0.0764064406826482
BEV2_2024-09-13_drive7.csv,BEV2,2024-09-13 20:29:55+00:00,2024-09-13 20:29:53+00:00,2024-09-13 20:59:31+00:00,train,1318:22645>1318:22645|6,6.445594168534267
BEV2_2024-09-13_drive8.csv,BEV2,2024-09-13 22:36:57+00:00,2024-09-13 22:36:55+00:00,2024-09-13 23:23:08+00:00,train,1318:22645>1318:22645|8,8.638150173305455
BEV2_2024-09-14_drive1.csv,BEV2,2024-09-14 06:38:57+00:00,2024-09-14 06:38:55+00:00,2024-09-14 06:45:46+00:00,train,1318:22645>1321:22656|3,3.4356904518282843
BEV2_2024-09-14_drive2.csv,BEV2,2024-09-14 07:55:15+00:00,2024-09-14 07:55:13+00:00,2024-09-14 08:10:17+00:00,train,1321:22656>1318:22645|4,4.238034557452519
BEV2_2024-09-14_drive3.csv,BEV2,2024-09-14 08:51:53+00:00,2024-09-14 08:51:51+00:00,2024-09-14 09:50:54+00:00,train,1318:22645>1313:22647|47,47.33274904034269
BEV2_2024-09-14_drive5.csv,BEV2,2024-09-14 13:04:29+00:00,2024-09-14 13:04:27+00:00,2024-09-14 13:28:29+00:00,train,1318:22645>1318:22645|7,7.85301403117904
BEV2_2024-09-14_drive7.csv,BEV2,2024-09-14 15:04:03+00:00,2024-09-14 15:04:00+00:00,2024-09-14 15:19:33+00:00,train,1317:22659>1318:22645|4,4.628607671605001
BEV2_2024-09-14_drive8.csv,BEV2,2024-09-14 16:35:43+00:00,2024-09-14 16:35:42+00:00,2024-09-14 17:06:08+00:00,train,1318:22645>1225:22632|23,23.869862650449388
BEV2_2024-09-14_drive9.csv,BEV2,2024-09-14 18:31:19+00:00,2024-09-14 18:31:17+00:00,2024-09-14 19:03:32+00:00,train,1225:22632>1318:22645|24,24.23051389027819
BEV2_2024-09-15_drive1.csv,BEV2,2024-09-15 08:34:02+00:00,2024-09-15 08:34:00+00:00,2024-09-15 08:44:52+00:00,train,1318:22645>1315:22648|2,2.7063630627032422
BEV2_2024-09-15_drive2.csv,BEV2,2024-09-15 09:21:30+00:00,2024-09-15 09:21:28+00:00,2024-09-15 09:27:08+00:00,train,1315:22648>1318:22645|1,1.364641876205759
BEV2_2024-09-15_drive3.csv,BEV2,2024-09-15 12:41:07+00:00,2024-09-15 12:41:05+00:00,2024-09-15 13:43:40+00:00,train,1318:22645>1236:22808|50,50.44110260128721
BEV2_2024-09-15_drive4.csv,BEV2,2024-09-15 15:01:48+00:00,2024-09-15 15:01:47+00:00,2024-09-15 15:20:12+00:00,train,1236:22808>1245:22822|7,7.414081456819737
BEV2_2024-09-15_drive5.csv,BEV2,2024-09-15 15:43:48+00:00,2024-09-15 15:43:46+00:00,2024-09-15 16:52:05+00:00,train,1245:22822>1318:22645|56,56.66813724702638
BEV2_2024-09-15_drive6.csv,BEV2,2024-09-15 20:47:21+00:00,2024-09-15 20:47:19+00:00,2024-09-15 20:55:11+00:00,train,1318:22645>1315:22648|2,2.6450685140514465
BEV2_2024-09-15_drive7.csv,BEV2,2024-09-15 20:58:18+00:00,2024-09-15 20:58:16+00:00,2024-09-15 21:08:54+00:00,train,1315:22648>1316:22651|1,1.055454696251924
BEV2_2024-09-15_drive8.csv,BEV2,2024-09-15 21:16:07+00:00,2024-09-15 21:16:06+00:00,2024-09-15 21:22:30+00:00,train,1316:22651>1318:22645|2,2.7173836296089178
BEV2_2024-09-16_drive2.csv,BEV2,2024-09-16 09:53:11+00:00,2024-09-16 09:53:10+00:00,2024-09-16 09:54:26+00:00,train,1313:22648>1313:22648|0,0.0396406696942112
BEV2_2024-09-16_drive3.csv,BEV2,2024-09-16 11:37:22+00:00,2024-09-16 11:37:20+00:00,2024-09-16 11:50:34+00:00,train,1313:22648>1317:22652|3,3.762720866178114
BEV2_2024-09-16_drive4.csv,BEV2,2024-09-16 12:56:03+00:00,2024-09-16 12:56:02+00:00,2024-09-16 13:04:29+00:00,train,1317:22652>1318:22645|2,2.3817991697080423
BEV2_2024-09-16_drive5.csv,BEV2,2024-09-16 13:30:53+00:00,2024-09-16 13:30:50+00:00,2024-09-16 13:38:32+00:00,train,1318:22645>1313:22648|2,2.0908207909586003
BEV2_2024-09-16_drive6.csv,BEV2,2024-09-16 15:41:36+00:00,2024-09-16 15:41:34+00:00,2024-09-16 16:10:13+00:00,train,1313:22648>1318:22645|4,4.605385755848967
BEV2_2024-09-17_drive1.csv,BEV2,2024-09-17 10:17:18+00:00,2024-09-17 10:17:15+00:00,2024-09-17 11:53:52+00:00,train,1318:22645>1385:22955|99,99.33884016464066
BEV2_2024-09-17_drive2.csv,BEV2,2024-09-17 15:56:33+00:00,2024-09-17 15:56:31+00:00,2024-09-17 17:35:13+00:00,train,1385:22955>1316:22647|103,103.1533616956742
BEV2_2024-09-17_drive3.csv,BEV2,2024-09-17 18:14:36+00:00,2024-09-17 18:14:34+00:00,2024-09-17 18:48:03+00:00,train,1316:22647>1318:22645|4,4.992161899656711
BEV2_2024-09-18_drive1.csv,BEV2,2024-09-18 05:51:04+00:00,2024-09-18 05:51:01+00:00,2024-09-18 06:00:48+00:00,train,1318:22645>1313:22648|2,2.1980076393414163
BEV2_2024-09-18_drive2.csv,BEV2,2024-09-18 10:19:30+00:00,2024-09-18 10:19:27+00:00,2024-09-18 10:32:34+00:00,train,1313:22648>1318:22645|2,2.800838523252919
BEV2_2024-09-18_drive3.csv,BEV2,2024-09-18 13:34:08+00:00,2024-09-18 13:34:07+00:00,2024-09-18 14:15:57+00:00,train,1318:22645>1319:22653|21,21.417588971862983
BEV2_2024-09-18_drive4.csv,BEV2,2024-09-18 14:36:05+00:00,2024-09-18 14:36:03+00:00,2024-09-18 14:54:11+00:00,train,1319:22653>1318:22645|2,2.741453110413772
BEV2_2024-09-18_drive5.csv,BEV2,2024-09-18 16:08:53+00:00,2024-09-18 16:08:51+00:00,2024-09-18 16:16:22+00:00,train,1318:22645>1315:22648|1,1.1458986803329017
BEV2_2024-09-19_drive1.csv,BEV2,2024-09-19 05:50:50+00:00,2024-09-19 05:50:48+00:00,2024-09-19 06:45:01+00:00,train,1318:22645>1552:22706|61,61.44865088518458
BEV2_2024-09-19_drive2.csv,BEV2,2024-09-19 15:48:44+00:00,2024-09-19 15:48:42+00:00,2024-09-19 17:06:53+00:00,train,1552:22706>1318:22645|51,51.08663114802222
BEV2_2024-09-20_drive1.csv,BEV2,2024-09-20 05:30:36+00:00,2024-09-20 05:30:34+00:00,2024-09-20 05:38:35+00:00,train,1318:22645>1313:22648|2,2.475367422361961
BEV2_2024-09-20_drive2.csv,BEV2,2024-09-20 15:59:06+00:00,2024-09-20 15:59:04+00:00,2024-09-20 16:40:20+00:00,train,1313:22648>1318:22646|9,9.92743258753529
BEV2_2024-09-20_drive3.csv,BEV2,2024-09-20 17:12:45+00:00,2024-09-20 17:12:42+00:00,2024-09-20 17:43:11+00:00,train,1318:22646>1315:22648|7,7.76333120171213
BEV2_2024-09-20_drive4.csv,BEV2,2024-09-20 19:33:14+00:00,2024-09-20 19:33:11+00:00,2024-09-20 19:39:52+00:00,train,1315:22648>1318:22645|1,1.2975934475721096
BEV2_2024-09-21_drive1.csv,BEV2,2024-09-21 11:06:36+00:00,2024-09-21 11:06:34+00:00,2024-09-21 11:42:02+00:00,train,1318:22645>1318:22645|32,32.63551852288699
BEV2_2024-09-21_drive2.csv,BEV2,2024-09-21 11:59:32+00:00,2024-09-21 11:59:30+00:00,2024-09-21 12:23:45+00:00,train,1318:22645>1326:22670|13,13.491533746491251
BEV2_2024-09-21_drive3.csv,BEV2,2024-09-21 12:24:55+00:00,2024-09-21 12:24:52+00:00,2024-09-21 12:42:38+00:00,train,1326:22670>1318:22645|17,17.369756053391793
BEV2_2024-09-21_drive4.csv,BEV2,2024-09-21 12:47:17+00:00,2024-09-21 12:47:16+00:00,2024-09-21 13:53:10+00:00,train,1318:22645>1236:22808|52,52.84724305734632
BEV2_2024-09-21_drive5.csv,BEV2,2024-09-21 17:27:00+00:00,2024-09-21 17:26:57+00:00,2024-09-21 18:27:35+00:00,train,1236:22808>1318:22645|57,57.10704275537624
BEV2_2024-09-21_drive6.csv,BEV2,2024-09-21 19:23:32+00:00,2024-09-21 19:23:31+00:00,2024-09-21 19:30:19+00:00,train,1318:22645>1316:22651|1,1.8271780928690635
BEV2_2024-09-21_drive7.csv,BEV2,2024-09-21 20:32:27+00:00,2024-09-21 20:32:25+00:00,2024-09-21 20:42:33+00:00,train,1316:22651>1318:22645|1,1.9509070540283555
BEV2_2024-09-22_drive1.csv,BEV2,2024-09-22 09:16:54+00:00,2024-09-22 09:16:53+00:00,2024-09-22 09:31:34+00:00,train,1318:22645>1314:22648|3,3.070775014329703
BEV2_2024-09-22_drive2.csv,BEV2,2024-09-22 10:05:08+00:00,2024-09-22 10:05:05+00:00,2024-09-22 10:14:24+00:00,train,1314:22648>1318:22645|2,2.078336651638048
BEV2_2024-09-22_drive3.csv,BEV2,2024-09-22 11:56:00+00:00,2024-09-22 11:55:57+00:00,2024-09-22 12:14:57+00:00,train,1318:22645>1318:22645|4,4.530004861581923
BEV2_2024-09-23_drive1.csv,BEV2,2024-09-23 06:05:13+00:00,2024-09-23 06:05:10+00:00,2024-09-23 06:15:22+00:00,train,1318:22645>1313:22648|2,2.478509439244008
BEV2_2024-09-23_drive2.csv,BEV2,2024-09-23 08:49:42+00:00,2024-09-23 08:49:39+00:00,2024-09-23 09:05:06+00:00,train,1313:22648>1318:22645|2,2.857441672078634
BEV2_2024-09-23_drive3.csv,BEV2,2024-09-23 09:42:13+00:00,2024-09-23 09:42:10+00:00,2024-09-23 09:57:13+00:00,train,1318:22645>1321:22656|4,4.287640722107736
BEV2_2024-09-24_drive1.csv,BEV2,2024-09-24 21:53:17+00:00,2024-09-24 21:53:14+00:00,2024-09-24 22:04:10+00:00,train,1321:22656>1318:22646|4,4.215932718539399
BEV2_2024-09-25_drive1.csv,BEV2,2024-09-25 07:05:02+00:00,2024-09-25 07:04:59+00:00,2024-09-25 07:21:56+00:00,train,1318:22646>1315:22647|3,3.321624388966219
BEV2_2024-09-25_drive2.csv,BEV2,2024-09-25 07:25:34+00:00,2024-09-25 07:25:31+00:00,2024-09-25 07:29:41+00:00,train,1315:22647>1318:22645|0,0.903978982044745
BEV2_2024-09-25_drive3.csv,BEV2,2024-09-25 13:14:17+00:00,2024-09-25 13:14:14+00:00,2024-09-25 13:21:39+00:00,train,1318:22645>1313:22648|2,2.098983547132541
BEV2_2024-09-25_drive4.csv,BEV2,2024-09-25 18:12:44+00:00,2024-09-25 18:12:43+00:00,2024-09-25 18:27:00+00:00,train,1313:22648>1318:22645|2,2.8864539540365115
BEV2_2024-09-26_drive1.csv,BEV2,2024-09-26 05:48:24+00:00,2024-09-26 05:48:22+00:00,2024-09-26 05:58:16+00:00,train,1318:22645>1313:22648|2,2.270270092496706
BEV2_2024-09-26_drive2.csv,BEV2,2024-09-26 16:59:07+00:00,2024-09-26 16:59:04+00:00,2024-09-26 17:07:59+00:00,train,1313:22648>1312:22647|1,1.7167707151773628
BEV2_2024-09-26_drive3.csv,BEV2,2024-09-26 17:09:14+00:00,2024-09-26 17:09:12+00:00,2024-09-26 17:19:43+00:00,train,1312:22647>1318:22645|2,2.989050159062878
BEV2_2024-09-27_drive1.csv,BEV2,2024-09-27 05:45:55+00:00,2024-09-27 05:45:53+00:00,2024-09-27 06:39:37+00:00,train,1318:22645>1540:22693|61,61.6944225712266
BEV2_2024-09-27_drive2.csv,BEV2,2024-09-27 09:49:16+00:00,2024-09-27 09:49:13+00:00,2024-09-27 10:39:51+00:00,train,1540:22693>1313:22647|58,58.80652931012192
BEV2_2024-09-27_drive3.csv,BEV2,2024-09-27 16:16:41+00:00,2024-09-27 16:16:40+00:00,2024-09-27 16:25:47+00:00,train,1313:22647>1318:22645|2,2.536067880290246
BEV2_2024-09-27_drive4.csv,BEV2,2024-09-27 16:44:54+00:00,2024-09-27 16:44:51+00:00,2024-09-27 17:37:29+00:00,train,1318:22645>1407:22759|61,61.62254111811343
BEV2_2024-09-27_drive5.csv,BEV2,2024-09-27 21:35:15+00:00,2024-09-27 21:35:12+00:00,2024-09-27 22:27:08+00:00,train,1407:22759>1318:22645|53,53.12030312451292
BEV2_2024-09-28_drive1.csv,BEV2,2024-09-28 08:42:56+00:00,2024-09-28 08:42:53+00:00,2024-09-28 09:16:17+00:00,train,1318:22645>1226:22640|24,24.365504902442588
BEV2_2024-09-28_drive2.csv,BEV2,2024-09-28 10:41:33+00:00,2024-09-28 10:41:30+00:00,2024-09-28 11:07:46+00:00,train,1226:22640>1318:22645|22,22.51407440191301
BEV2_2024-09-28_drive4.csv,BEV2,2024-09-28 15:39:17+00:00,2024-09-28 15:39:14+00:00,2024-09-28 16:00:18+00:00,train,1236:22808>1245:22822|7,7.486388629242761
BEV2_2024-09-28_drive5.csv,BEV2,2024-09-28 16:07:06+00:00,2024-09-28 16:07:04+00:00,2024-09-28 17:06:17+00:00,train,1245:22822>1316:22651|56,56.87995879557788
BEV2_2024-09-28_drive6.csv,BEV2,2024-09-28 17:32:03+00:00,2024-09-28 17:32:00+00:00,2024-09-28 17:42:43+00:00,train,1316:22651>1318:22645|2,2.710947247683757
BEV2_2024-09-29_drive1.csv,BEV2,2024-09-29 04:27:31+00:00,2024-09-29 04:27:28+00:00,2024-09-29 04:58:35+00:00,train,1318:22645>1213:22665|26,26.92402242659616
BEV2_2024-09-29_drive2.csv,BEV2,2024-09-29 11:24:16+00:00,2024-09-29 11:24:15+00:00,2024-09-29 12:16:28+00:00,train,1213:22665>1313:22659|36,36.12861622553554
BEV2_2024-09-29_drive3.csv,BEV2,2024-09-29 13:18:00+00:00,2024-09-29 13:17:59+00:00,2024-09-29 13:27:09+00:00,train,1313:22659>1313:22647|4,4.234501549719883
BEV2_2024-09-29_drive4.csv,BEV2,2024-09-29 15:57:05+00:00,2024-09-29 15:57:02+00:00,2024-09-29 16:05:19+00:00,train,1313:22647>1318:22645|2,2.7802772508167384
BEV2_2024-09-29_drive5.csv,BEV2,2024-09-29 19:32:49+00:00,2024-09-29 19:32:46+00:00,2024-09-29 20:11:46+00:00,train,1318:22645>1318:22645|7,7.842799654164258
BEV2_2024-09-30_drive1.csv,BEV2,2024-09-30 05:43:05+00:00,2024-09-30 05:43:03+00:00,2024-09-30 05:51:10+00:00,train,1318:22645>1313:22648|2,2.253714036992406
BEV2_2024-09-30_drive2.csv,BEV2,2024-09-30 09:37:00+00:00,2024-09-30 09:36:59+00:00,2024-09-30 09:47:06+00:00,train,1313:22648>1318:22645|2,2.787008718600977
BEV2_2024-09-30_drive3.csv,BEV2,2024-09-30 09:49:27+00:00,2024-09-30 09:49:24+00:00,2024-09-30 09:54:05+00:00,train,1318:22645>1315:22648|1,1.197607317175625
BEV2_2024-09-30_drive4.csv,BEV2,2024-09-30 10:45:42+00:00,2024-09-30 10:45:39+00:00,2024-09-30 10:56:34+00:00,train,1315:22648>1313:22648|3,3.6020454092522485
BEV2_2024-09-30_drive5.csv,BEV2,2024-09-30 16:20:36+00:00,2024-09-30 16:20:34+00:00,2024-09-30 16:32:16+00:00,train,1313:22648>1318:22645|2,2.8106160436708008
BEV2_2024-09-30_drive6.csv,BEV2,2024-09-30 18:28:18+00:00,2024-09-30 18:28:16+00:00,2024-09-30 19:54:48+00:00,train,1318:22645>855:22833|108,108.5698404413487
BEV2_2024-10-01_drive1.csv,BEV2,2024-10-01 06:47:04+00:00,2024-10-01 06:47:02+00:00,2024-10-01 07:07:05+00:00,train,855:22833>839:22806|10,10.825585170582652
BEV2_2024-10-01_drive2.csv,BEV2,2024-10-01 15:00:47+00:00,2024-10-01 15:00:45+00:00,2024-10-01 16:37:48+00:00,train,839:22806>1313:22659|110,110.30437233218515
BEV2_2024-10-01_drive3.csv,BEV2,2024-10-01 17:26:59+00:00,2024-10-01 17:26:58+00:00,2024-10-01 17:37:04+00:00,train,1313:22659>1318:22645|4,4.78361713582416
BEV2_2024-10-02_drive1.csv,BEV2,2024-10-02 05:46:40+00:00,2024-10-02 05:46:38+00:00,2024-10-02 06:47:26+00:00,train,1318:22645>1552:22706|57,57.59991580630175
BEV2_2024-10-02_drive2.csv,BEV2,2024-10-02 09:21:53+00:00,2024-10-02 09:21:51+00:00,2024-10-02 10:24:12+00:00,train,1552:22706>1315:22648|60,60.95905866292618
BEV2_2024-10-02_drive3.csv,BEV2,2024-10-02 11:31:26+00:00,2024-10-02 11:31:24+00:00,2024-10-02 11:42:50+00:00,train,1315:22648>1313:22647|2,2.0488154765799576
BEV2_2024-10-02_drive4.csv,BEV2,2024-10-02 16:21:09+00:00,2024-10-02 16:21:08+00:00,2024-10-02 16:31:36+00:00,train,1313:22647>1312:22652|3,3.0766451973830025
BEV2_2024-10-02_drive5.csv,BEV2,2024-10-02 17:09:28+00:00,2024-10-02 17:09:26+00:00,2024-10-02 17:20:25+00:00,train,1312:22652>1318:22645|3,3.422264342272296
BEV2_2024-10-03_drive1.csv,BEV2,2024-10-03 05:45:46+00:00,2024-10-03 05:45:45+00:00,2024-10-03 05:55:55+00:00,train,1318:22645>1313:22647|2,2.0412373922321203
BEV2_2024-10-03_drive2.csv,BEV2,2024-10-03 09:41:12+00:00,2024-10-03 09:41:10+00:00,2024-10-03 09:48:57+00:00,train,1313:22647>1318:22645|2,2.5815684997607447
BEV2_2024-10-03_drive3.csv,BEV2,2024-10-03 10:07:04+00:00,2024-10-03 10:07:02+00:00,2024-10-03 10:18:12+00:00,train,1318:22645>1313:22648|2,2.904034431909305
BEV2_2024-10-03_drive4.csv,BEV2,2024-10-03 16:57:10+00:00,2024-10-03 16:57:09+00:00,2024-10-03 17:08:02+00:00,train,1313:22648>1318:22645|2,2.7370836317635963
BEV2_2024-10-03_drive5.csv,BEV2,2024-10-03 17:30:44+00:00,2024-10-03 17:30:42+00:00,2024-10-03 17:50:19+00:00,train,1318:22645>1318:22645|6,6.824312694135492
BEV2_2024-10-03_drive6.csv,BEV2,2024-10-03 19:31:51+00:00,2024-10-03 19:31:49+00:00,2024-10-03 19:53:24+00:00,train,1318:22645>1318:22645|7,7.511700373092687
BEV2_2024-10-04_drive1.csv,BEV2,2024-10-04 05:44:30+00:00,2024-10-04 05:44:29+00:00,2024-10-04 05:52:52+00:00,train,1318:22645>1313:22648|2,2.175490033163728
BEV2_2024-10-04_drive2.csv,BEV2,2024-10-04 17:39:14+00:00,2024-10-04 17:39:13+00:00,2024-10-04 17:53:43+00:00,train,1313:22648>1317:22652|4,4.47513644972127
BEV2_2024-10-05_drive1.csv,BEV2,2024-10-05 05:54:28+00:00,2024-10-05 05:54:27+00:00,2024-10-05 05:55:15+00:00,train,1322:22641>1322:22641|0,0.0368481300820595
BEV2_2024-10-06_drive1.csv,BEV2,2024-10-06 13:37:18+00:00,2024-10-06 13:37:17+00:00,2024-10-06 13:42:57+00:00,train,1237:22809>1236:22808|0,0.5964239839079357
BEV2_2024-10-06_drive2.csv,BEV2,2024-10-06 15:10:47+00:00,2024-10-06 15:10:46+00:00,2024-10-06 15:17:55+00:00,train,1240:22825>1245:22822|2,2.915971769541044
BEV2_2024-10-06_drive3.csv,BEV2,2024-10-06 16:37:48+00:00,2024-10-06 16:37:47+00:00,2024-10-06 16:39:05+00:00,train,1317:22646>1316:22647|0,0.4311069002471934
BEV2_2024-10-07_drive1.csv,BEV2,2024-10-07 06:39:33+00:00,2024-10-07 06:39:31+00:00,2024-10-07 06:40:14+00:00,train,1313:22647>1313:22648|0,0.1003689694426359
BEV2_2024-10-07_drive2.csv,BEV2,2024-10-07 18:35:02+00:00,2024-10-07 18:35:01+00:00,2024-10-07 18:38:03+00:00,train,1315:22648>1318:22645|1,1.0678654490225368
BEV2_2024-10-08_drive1.csv,BEV2,2024-10-08 06:04:55+00:00,2024-10-08 06:04:54+00:00,2024-10-08 06:47:28+00:00,train,1319:22666>1552:22706|49,49.4935625090725
BEV2_2024-10-08_drive2.csv,BEV2,2024-10-08 09:20:48+00:00,2024-10-08 09:20:47+00:00,2024-10-08 10:40:53+00:00,train,1463:22710>1236:22808|50,50.256628020611934
BEV2_2024-10-08_drive3.csv,BEV2,2024-10-08 11:21:21+00:00,2024-10-08 11:21:20+00:00,2024-10-08 11:32:16+00:00,train,1243:22816>1246:22821|1,1.9733575661908167
BEV2_2024-10-08_drive4.csv,BEV2,2024-10-08 12:40:57+00:00,2024-10-08 12:40:55+00:00,2024-10-08 12:53:11+00:00,train,1238:22818>1236:22808|3,3.3137494183556564
BEV2_2024-10-08_drive5.csv,BEV2,2024-10-08 13:50:19+00:00,2024-10-08 13:50:18+00:00,2024-10-08 14:57:15+00:00,train,1235:22803>1313:22647|47,47.58741725511617
BEV2_2024-10-08_drive6.csv,BEV2,2024-10-08 18:34:12+00:00,2024-10-08 18:34:11+00:00,2024-10-08 19:17:19+00:00,train,1318:22645>1318:22645|4,4.454790559546742
BEV2_2024-10-08_drive7.csv,BEV2,2024-10-08 19:19:42+00:00,2024-10-08 19:19:41+00:00,2024-10-08 19:36:30+00:00,train,1318:22645>1318:22645|4,4.441857978143018
BEV2_2024-10-09_drive1.csv,BEV2,2024-10-09 05:45:00+00:00,2024-10-09 05:44:58+00:00,2024-10-09 05:46:39+00:00,train,1318:22645>1318:22645|0,0.0819443510709079
BEV2_2024-10-09_drive2.csv,BEV2,2024-10-09 09:10:36+00:00,2024-10-09 09:10:34+00:00,2024-10-09 09:17:02+00:00,train,1318:22645>1313:22648|2,2.498525900359203
BEV2_2024-10-09_drive3.csv,BEV2,2024-10-09 13:27:52+00:00,2024-10-09 13:27:50+00:00,2024-10-09 13:35:07+00:00,train,1313:22648>1311:22648|2,2.1863706484677907
BEV2_2024-10-09_drive4.csv,BEV2,2024-10-09 15:59:15+00:00,2024-10-09 15:59:13+00:00,2024-10-09 16:10:44+00:00,train,1311:22648>1318:22646|2,2.820562595108431
BEV2_2024-10-10_drive1.csv,BEV2,2024-10-10 05:41:13+00:00,2024-10-10 05:41:11+00:00,2024-10-10 05:48:06+00:00,train,1318:22646>1313:22648|2,2.1588889537568425
BEV2_2024-10-10_drive2.csv,BEV2,2024-10-10 14:10:13+00:00,2024-10-10 14:10:12+00:00,2024-10-10 14:36:32+00:00,train,1313:22648>1318:22655|6,6.215323682838111
BEV2_2024-10-10_drive3.csv,BEV2,2024-10-10 16:07:53+00:00,2024-10-10 16:07:51+00:00,2024-10-10 16:40:31+00:00,train,1318:22655>1318:22645|4,4.403392915569897
BEV2_2024-10-11_drive2.csv,BEV2,2024-10-11 17:25:38+00:00,2024-10-11 17:25:36+00:00,2024-10-11 17:37:20+00:00,train,1313:22648>1318:22645|2,2.764816366403433
BEV2_2024-10-11_drive3.csv,BEV2,2024-10-11 18:09:02+00:00,2024-10-11 18:09:00+00:00,2024-10-11 18:18:41+00:00,train,1318:22645>1317:22653|2,2.5505834091079507
BEV2_2024-10-11_drive4.csv,BEV2,2024-10-11 20:05:01+00:00,2024-10-11 20:04:59+00:00,2024-10-11 20:28:04+00:00,train,1317:22653>1318:22645|2,2.674443491146312
BEV2_2024-10-12_drive1.csv,BEV2,2024-10-12 16:15:08+00:00,2024-10-12 16:15:06+00:00,2024-10-12 16:25:12+00:00,train,1318:22645>1315:22648|1,1.4116800744741482
BEV2_2024-10-12_drive2.csv,BEV2,2024-10-12 18:11:00+00:00,2024-10-12 18:10:58+00:00,2024-10-12 18:15:24+00:00,train,1315:22648>1318:22645|1,1.2921813908318125
BEV2_2024-10-13_drive1.csv,BEV2,2024-10-13 08:22:06+00:00,2024-10-13 08:22:04+00:00,2024-10-13 08:50:16+00:00,train,1318:22645>1364:22585|21,21.614558013372235
BEV2_2024-10-13_drive2.csv,BEV2,2024-10-13 10:04:11+00:00,2024-10-13 10:04:09+00:00,2024-10-13 10:34:24+00:00,train,1364:22585>1318:22645|22,22.59512371558316
BEV2_2024-10-13_drive3.csv,BEV2,2024-10-13 11:53:23+00:00,2024-10-13 11:53:21+00:00,2024-10-13 12:02:29+00:00,train,1318:22645>1313:22647|1,1.9646492986702184
BEV2_2024-10-13_drive4.csv,BEV2,2024-10-13 14:37:58+00:00,2024-10-13 14:37:57+00:00,2024-10-13 14:48:01+00:00,train,1313:22647>1318:22645|2,2.605113913126785
BEV2_2024-10-13_drive5.csv,BEV2,2024-10-13 20:15:35+00:00,2024-10-13 20:15:33+00:00,2024-10-13 20:46:15+00:00,train,1318:22645>1318:22645|7,7.106128961662677
BEV2_2024-10-14_drive1.csv,BEV2,2024-10-14 05:41:17+00:00,2024-10-14 05:41:15+00:00,2024-10-14 06:36:50+00:00,train,1318:22645>1540:22693|55,55.08496075032837
BEV2_2024-10-14_drive2.csv,BEV2,2024-10-14 09:56:22+00:00,2024-10-14 09:56:20+00:00,2024-10-14 10:14:11+00:00,train,1540:22693>1552:22706|6,6.537586143195533
BEV2_2024-10-14_drive3.csv,BEV2,2024-10-14 10:45:57+00:00,2024-10-14 10:45:56+00:00,2024-10-14 12:53:14+00:00,train,1552:22706>1230:22803|75,75.92805416302318
BEV2_2024-10-14_drive4.csv,BEV2,2024-10-14 14:09:31+00:00,2024-10-14 14:09:29+00:00,2024-10-14 14:52:18+00:00,train,1230:22803>1263:22653|37,37.83576021897776
BEV2_2024-10-14_drive5.csv,BEV2,2024-10-14 15:03:43+00:00,2024-10-14 15:03:42+00:00,2024-10-14 15:29:25+00:00,train,1263:22653>1318:22645|17,17.184624008835897
BEV2_2024-10-15_drive1.csv,BEV2,2024-10-15 06:11:12+00:00,2024-10-15 06:11:10+00:00,2024-10-15 06:13:37+00:00,train,1318:22645>1318:22645|0,0.5018770790309816
BEV2_2024-10-15_drive2.csv,BEV2,2024-10-15 10:42:42+00:00,2024-10-15 10:42:40+00:00,2024-10-15 10:45:18+00:00,train,1318:22645>1318:22645|0,0.0968080174950066
BEV2_2024-10-16_drive1.csv,BEV2,2024-10-16 04:01:44+00:00,2024-10-16 04:01:42+00:00,2024-10-16 04:03:33+00:00,train,1318:22645>1318:22645|0,0.4894963767335139
BEV2_2024-10-16_drive2.csv,BEV2,2024-10-16 04:10:30+00:00,2024-10-16 04:10:28+00:00,2024-10-16 04:32:08+00:00,train,1318:22645>1318:22645|5,5.69205569032964
BEV2_2024-10-16_drive3.csv,BEV2,2024-10-16 07:01:38+00:00,2024-10-16 07:01:37+00:00,2024-10-16 07:08:27+00:00,train,1318:22645>1313:22647|2,2.3277580055633598
BEV2_2024-10-16_drive4.csv,BEV2,2024-10-16 09:35:27+00:00,2024-10-16 09:35:26+00:00,2024-10-16 09:39:55+00:00,train,1313:22647>1315:22647|1,1.636140003058472
BEV2_2024-10-16_drive5.csv,BEV2,2024-10-16 09:44:49+00:00,2024-10-16 09:44:47+00:00,2024-10-16 09:48:21+00:00,train,1315:22647>1318:22645|1,1.0743525704992307
BEV2_2024-10-16_drive6.csv,BEV2,2024-10-16 12:04:55+00:00,2024-10-16 12:04:54+00:00,2024-10-16 12:36:03+00:00,train,1318:22645>1256:22662|20,20.35089600636284
BEV2_2024-10-17_drive1.csv,BEV2,2024-10-17 22:22:05+00:00,2024-10-17 22:22:03+00:00,2024-10-17 22:45:02+00:00,train,1256:22662>1318:22645|20,20.915513112131265
BEV2_2024-10-18_drive1.csv,BEV2,2024-10-18 06:29:24+00:00,2024-10-18 06:29:23+00:00,2024-10-18 07:35:11+00:00,train,1318:22645>1234:22807|51,51.80627463381953
BEV2_2024-10-18_drive2.csv,BEV2,2024-10-18 10:46:07+00:00,2024-10-18 10:46:05+00:00,2024-10-18 11:46:08+00:00,train,1234:22807>1313:22647|52,52.18880010317217
BEV2_2024-10-18_drive3.csv,BEV2,2024-10-18 15:04:44+00:00,2024-10-18 15:04:43+00:00,2024-10-18 15:13:08+00:00,train,1313:22647>1310:22648|1,1.9517955284402853
BEV2_2024-10-18_drive4.csv,BEV2,2024-10-18 19:23:20+00:00,2024-10-18 19:23:18+00:00,2024-10-18 19:38:23+00:00,train,1310:22648>1318:22645|3,3.050234630118521
BEV2_2024-10-19_drive1.csv,BEV2,2024-10-19 12:35:23+00:00,2024-10-19 12:35:22+00:00,2024-10-19 13:34:14+00:00,train,1318:22645>1245:22822|57,57.072323579515846
BEV2_2024-10-19_drive2.csv,BEV2,2024-10-19 13:45:23+00:00,2024-10-19 13:45:22+00:00,2024-10-19 14:04:16+00:00,train,1245:22822>1236:22808|6,6.182628791624925
BEV2_2024-10-19_drive3.csv,BEV2,2024-10-19 14:55:06+00:00,2024-10-19 14:55:04+00:00,2024-10-19 16:06:38+00:00,train,1236:22808>1318:22645|52,52.83047873983727
BEV2_2024-10-19_drive4.csv,BEV2,2024-10-19 18:14:36+00:00,2024-10-19 18:14:34+00:00,2024-10-19 18:36:56+00:00,train,1318:22645>1315:22648|15,15.06470421204484
BEV2_2024-10-19_drive5.csv,BEV2,2024-10-19 18:39:54+00:00,2024-10-19 18:39:52+00:00,2024-10-19 18:43:48+00:00,train,1315:22648>1318:22645|1,1.1770422705116554
BEV2_2024-10-20_drive1.csv,BEV2,2024-10-20 09:25:43+00:00,2024-10-20 09:25:41+00:00,2024-10-20 09:38:49+00:00,train,1318:22645>1315:22649|2,2.9247142463620204
BEV2_2024-10-20_drive2.csv,BEV2,2024-10-20 10:18:44+00:00,2024-10-20 10:18:43+00:00,2024-10-20 10:24:40+00:00,train,1315:22649>1318:22645|1,1.3972263451828413
BEV2_2024-10-20_drive3.csv,BEV2,2024-10-20 16:34:41+00:00,2024-10-20 16:34:39+00:00,2024-10-20 16:55:18+00:00,train,1318:22645>1318:22645|4,4.782404345165065
BEV2_2024-10-20_drive4.csv,BEV2,2024-10-20 18:21:55+00:00,2024-10-20 18:21:52+00:00,2024-10-20 18:32:25+00:00,train,1318:22645>1316:22651|2,2.071986024373801
BEV2_2024-10-20_drive5.csv,BEV2,2024-10-20 18:37:42+00:00,2024-10-20 18:37:40+00:00,2024-10-20 18:46:15+00:00,train,1316:22651>1318:22645|2,2.412322908254053
BEV2_2024-10-21_drive1.csv,BEV2,2024-10-21 06:01:23+00:00,2024-10-21 06:01:22+00:00,2024-10-21 06:13:27+00:00,train,1318:22645>1313:22648|2,2.1883530120502503
BEV2_2024-10-21_drive2.csv,BEV2,2024-10-21 10:23:41+00:00,2024-10-21 10:23:39+00:00,2024-10-21 10:25:38+00:00,train,1313:22648>1313:22648|0,0.0347510410771532
BEV2_2024-10-21_drive3.csv,BEV2,2024-10-21 11:57:15+00:00,2024-10-21 11:57:13+00:00,2024-10-21 12:28:36+00:00,train,1313:22648>1256:22662|20,20.71030495230852
BEV2_2024-10-23_drive1.csv,BEV2,2024-10-23 21:36:24+00:00,2024-10-23 21:36:22+00:00,2024-10-23 22:00:33+00:00,train,1256:22662>1318:22645|20,20.991861317430327
BEV2_2024-10-24_drive1.csv,BEV2,2024-10-24 05:28:18+00:00,2024-10-24 05:28:17+00:00,2024-10-24 05:39:48+00:00,train,1318:22645>1321:22656|3,3.677385633457948
BEV2_2024-10-24_drive2.csv,BEV2,2024-10-24 15:20:47+00:00,2024-10-24 15:20:45+00:00,2024-10-24 15:36:06+00:00,train,1321:22656>1318:22646|4,4.062758513679995
BEV2_2024-10-25_drive1.csv,BEV2,2024-10-25 05:53:01+00:00,2024-10-25 05:52:59+00:00,2024-10-25 06:02:57+00:00,train,1318:22646>1313:22648|2,2.1035222151311945
BEV2_2024-10-25_drive2.csv,BEV2,2024-10-25 17:00:38+00:00,2024-10-25 17:00:36+00:00,2024-10-25 17:19:02+00:00,train,1313:22648>1318:22645|3,3.282851609586962
BEV2_2024-10-26_drive1.csv,BEV2,2024-10-26 12:41:09+00:00,2024-10-26 12:41:06+00:00,2024-10-26 14:00:28+00:00,train,1318:22645>1236:22808|55,55.348663211860185
BEV2_2024-10-26_drive2.csv,BEV2,2024-10-26 17:26:33+00:00,2024-10-26 17:26:31+00:00,2024-10-26 17:48:37+00:00,train,1236:22808>1249:22821|6,6.834239323670524
BEV2_2024-10-26_drive3.csv,BEV2,2024-10-26 20:20:02+00:00,2024-10-26 20:20:01+00:00,2024-10-26 21:12:55+00:00,train,1249:22821>1318:22645|54,54.762601542294654
BEV2_2024-10-27_drive1.csv,BEV2,2024-10-27 10:18:46+00:00,2024-10-27 10:18:44+00:00,2024-10-27 10:28:23+00:00,train,1318:22645>1315:22649|2,2.5579471220111367
BEV2_2024-10-27_drive2.csv,BEV2,2024-10-27 11:08:37+00:00,2024-10-27 11:08:35+00:00,2024-10-27 11:15:22+00:00,train,1315:22649>1318:22645|1,1.4133073829063263
BEV2_2024-10-27_drive3.csv,BEV2,2024-10-27 13:08:48+00:00,2024-10-27 13:08:46+00:00,2024-10-27 14:02:22+00:00,train,1318:22645>1451:22628|37,37.865512269443656
BEV2_2024-10-27_drive4.csv,BEV2,2024-10-27 16:38:12+00:00,2024-10-27 16:38:10+00:00,2024-10-27 17:14:15+00:00,train,1451:22628>1318:22645|34,34.19736562227016
BEV2_2024-10-27_drive5.csv,BEV2,2024-10-27 20:29:48+00:00,2024-10-27 20:29:46+00:00,2024-10-27 21:04:36+00:00,train,1318:22645>1318:22645|4,4.486131700575735
BEV2_2024-10-28_drive1.csv,BEV2,2024-10-28 07:13:02+00:00,2024-10-28 07:13:00+00:00,2024-10-28 07:21:42+00:00,train,1318:22645>1313:22648|2,2.066337424941951
BEV2_2024-10-28_drive2.csv,BEV2,2024-10-28 11:15:18+00:00,2024-10-28 11:15:17+00:00,2024-10-28 11:24:46+00:00,train,1313:22648>1318:22645|2,2.8297095157685845
BEV2_2024-10-28_drive3.csv,BEV2,2024-10-28 15:42:17+00:00,2024-10-28 15:42:14+00:00,2024-10-28 16:04:32+00:00,train,1318:22645>1355:22637|11,11.438396596154558
BEV2_2024-10-28_drive4.csv,BEV2,2024-10-28 16:23:18+00:00,2024-10-28 16:23:15+00:00,2024-10-28 17:07:46+00:00,train,1355:22637>1318:22645|11,11.086222422449447
BEV2_2024-10-29_drive1.csv,BEV2,2024-10-29 08:05:57+00:00,2024-10-29 08:05:55+00:00,2024-10-29 08:22:58+00:00,train,1318:22645>1318:22645|5,5.708157258493826
BEV2_2024-10-29_drive2.csv,BEV2,2024-10-29 08:26:02+00:00,2024-10-29 08:26:00+00:00,2024-10-29 09:18:14+00:00,train,1318:22645>1552:22706|59,59.895175563447765
BEV2_2024-10-29_drive3.csv,BEV2,2024-10-29 15:22:37+00:00,2024-10-29 15:22:36+00:00,2024-10-29 15:34:36+00:00,train,1552:22706>1544:22714|4,4.9798697475904605
BEV2_2024-10-29_drive4.csv,BEV2,2024-10-29 15:42:26+00:00,2024-10-29 15:42:23+00:00,2024-10-29 16:44:15+00:00,train,1544:22714>1318:22645|79,79.31393894009219
BEV2_2024-10-30_drive1.csv,BEV2,2024-10-30 06:58:19+00:00,2024-10-30 06:58:17+00:00,2024-10-30 07:06:28+00:00,train,1318:22645>1313:22648|2,2.037003129936729
BEV2_2024-10-30_drive2.csv,BEV2,2024-10-30 10:30:00+00:00,2024-10-30 10:29:58+00:00,2024-10-30 10:39:00+00:00,train,1313:22648>1318:22645|2,2.7719559317300986
BEV2_2024-10-30_drive3.csv,BEV2,2024-10-30 11:43:02+00:00,2024-10-30 11:43:01+00:00,2024-10-30 11:50:33+00:00,train,1318:22645>1313:22648|2,2.0960055767807257
BEV2_2024-10-30_drive4.csv,BEV2,2024-10-30 14:34:32+00:00,2024-10-30 14:34:29+00:00,2024-10-30 14:42:04+00:00,train,1313:22648>1310:22648|2,2.194468100390462
BEV2_2024-10-30_drive5.csv,BEV2,2024-10-30 17:03:12+00:00,2024-10-30 17:03:09+00:00,2024-10-30 17:15:30+00:00,train,1310:22648>1318:22645|3,3.129841232317152
BEV2_2024-10-30_drive6.csv,BEV2,2024-10-30 19:21:58+00:00,2024-10-30 19:21:55+00:00,2024-10-30 19:42:05+00:00,train,1318:22645>1318:22645|5,5.704284651396502
BEV2_2024-10-31_drive1.csv,BEV2,2024-10-31 06:46:35+00:00,2024-10-31 06:46:32+00:00,2024-10-31 06:55:25+00:00,train,1318:22645>1313:22648|2,2.18738506351204
BEV2_2024-10-31_drive2.csv,BEV2,2024-10-31 09:43:54+00:00,2024-10-31 09:43:52+00:00,2024-10-31 09:44:56+00:00,train,1313:22648>1313:22648|0,0.1077652577697969
BEV2_2024-10-31_drive3.csv,BEV2,2024-10-31 11:01:58+00:00,2024-10-31 11:01:55+00:00,2024-10-31 11:11:23+00:00,train,1313:22648>1318:22645|2,2.766956702211275
BEV2_2024-10-31_drive4.csv,BEV2,2024-10-31 11:23:58+00:00,2024-10-31 11:23:55+00:00,2024-10-31 11:33:04+00:00,train,1318:22645>1313:22648|2,2.1027652321071297
BEV2_2024-10-31_drive5.csv,BEV2,2024-10-31 16:35:01+00:00,2024-10-31 16:34:59+00:00,2024-10-31 16:49:29+00:00,train,1313:22648>1317:22652|3,3.324963690584319
BEV2_2024-10-31_drive6.csv,BEV2,2024-10-31 18:21:02+00:00,2024-10-31 18:21:00+00:00,2024-10-31 18:30:11+00:00,train,1317:22652>1318:22646|2,2.85167920154585
BEV2_2024-10-31_drive7.csv,BEV2,2024-10-31 20:15:06+00:00,2024-10-31 20:15:04+00:00,2024-10-31 20:32:22+00:00,train,1318:22646>1318:22645|4,4.328689420795705
BEV2_2024-11-01_drive1.csv,BEV2,2024-11-01 02:44:36+00:00,2024-11-01 02:44:35+00:00,2024-11-01 04:13:06+00:00,train,1318:22645>1509:22911|125,125.38816854899108
BEV2_2024-11-04_drive1.csv,BEV2,2024-11-04 10:55:36+00:00,2024-11-04 10:55:34+00:00,2024-11-04 12:23:58+00:00,train,1509:22911>1318:22645|115,115.09677551497046
BEV2_2024-11-04_drive2.csv,BEV2,2024-11-04 12:30:26+00:00,2024-11-04 12:30:24+00:00,2024-11-04 12:47:37+00:00,train,1318:22645>1318:22645|5,5.956196937058181
BEV2_2024-11-04_drive3.csv,BEV2,2024-11-04 12:52:37+00:00,2024-11-04 12:52:35+00:00,2024-11-04 13:06:10+00:00,train,1318:22645>1313:22659|13,13.530206666566269
BEV2_2024-11-04_drive4.csv,BEV2,2024-11-04 13:54:26+00:00,2024-11-04 13:54:25+00:00,2024-11-04 14:58:13+00:00,train,1313:22659>1236:22808|56,56.90487608717186
BEV2_2024-11-04_drive5.csv,BEV2,2024-11-04 15:58:51+00:00,2024-11-04 15:58:49+00:00,2024-11-04 16:19:52+00:00,train,1236:22808>1245:22822|6,6.354264548512125
BEV2_2024-11-04_drive6.csv,BEV2,2024-11-04 16:31:11+00:00,2024-11-04 16:31:09+00:00,2024-11-04 16:38:51+00:00,train,1245:22822>1242:22821|2,2.2999686794429564
BEV2_2024-11-04_drive7.csv,BEV2,2024-11-04 17:28:36+00:00,2024-11-04 17:28:34+00:00,2024-11-04 17:55:02+00:00,train,1242:22821>1248:22782|12,12.674643676317748
BEV2_2024-11-04_drive8.csv,BEV2,2024-11-04 20:48:36+00:00,2024-11-04 20:48:34+00:00,2024-11-04 21:42:11+00:00,train,1248:22782>1318:22645|54,54.90074653103095
BEV2_2024-11-05_drive1.csv,BEV2,2024-11-05 06:49:21+00:00,2024-11-05 06:49:20+00:00,2024-11-05 07:01:09+00:00,train,1318:22645>1313:22648|2,2.1759979398248825
BEV2_2024-11-05_drive2.csv,BEV2,2024-11-05 16:56:42+00:00,2024-11-05 16:56:40+00:00,2024-11-05 17:08:56+00:00,train,1313:22648>1318:22645|2,2.909549645818798
BEV2_2024-11-12_drive1.csv,BEV2,2024-11-12 17:04:03+00:00,2024-11-12 17:04:01+00:00,2024-11-12 17:56:30+00:00,train,1552:22706>1318:22645|77,77.48253548046893
BEV2_2024-11-13_drive1.csv,BEV2,2024-11-13 07:13:29+00:00,2024-11-13 07:13:27+00:00,2024-11-13 07:24:58+00:00,train,1318:22645>1313:22648|2,2.500475222502505
BEV2_2024-11-13_drive2.csv,BEV2,2024-11-13 15:07:02+00:00,2024-11-13 15:07:01+00:00,2024-11-13 15:27:44+00:00,train,1313:22648>1309:22656|8,8.693162498311512
BEV2_2024-11-13_drive3.csv,BEV2,2024-11-13 18:44:50+00:00,2024-11-13 18:44:47+00:00,2024-11-13 19:01:17+00:00,train,1309:22656>1316:22651|3,3.720175481196587
BEV2_2024-11-13_drive4.csv,BEV2,2024-11-13 21:08:04+00:00,2024-11-13 21:08:02+00:00,2024-11-13 21:20:22+00:00,train,1316:22651>1318:22645|3,3.0724901905965365
BEV2_2024-11-14_drive1.csv,BEV2,2024-11-14 06:51:14+00:00,2024-11-14 06:51:12+00:00,2024-11-14 07:03:02+00:00,train,1318:22645>1313:22648|2,2.205978630226132
BEV2_2024-11-14_drive2.csv,BEV2,2024-11-14 09:50:30+00:00,2024-11-14 09:50:28+00:00,2024-11-14 10:39:45+00:00,train,1313:22648>1218:22649|31,31.958282576508
BEV2_2024-11-14_drive3.csv,BEV2,2024-11-14 17:47:14+00:00,2024-11-14 17:47:12+00:00,2024-11-14 18:29:13+00:00,train,1218:22649>1318:22645|33,33.16092534720728
BEV2_2024-11-15_drive2.csv,BEV2,2024-11-15 06:28:33+00:00,2024-11-15 06:28:31+00:00,2024-11-15 06:30:34+00:00,train,1318:22645>1318:22645|0,0.5392452527192758
BEV2_2024-11-15_drive3.csv,BEV2,2024-11-15 08:36:34+00:00,2024-11-15 08:36:32+00:00,2024-11-15 08:42:39+00:00,train,1318:22645>1313:22647|1,1.956874308844613
BEV2_2024-11-15_drive4.csv,BEV2,2024-11-15 11:01:10+00:00,2024-11-15 11:01:09+00:00,2024-11-15 11:10:31+00:00,train,1313:22647>1318:22645|2,2.546976247866839
BEV2_2024-11-15_drive5.csv,BEV2,2024-11-15 12:15:02+00:00,2024-11-15 12:15:01+00:00,2024-11-15 12:22:29+00:00,train,1318:22645>1313:22648|2,2.121385057335854
BEV2_2024-11-15_drive6.csv,BEV2,2024-11-15 18:00:12+00:00,2024-11-15 18:00:10+00:00,2024-11-15 18:10:40+00:00,train,1313:22648>1318:22645|2,2.802199144626387
BEV2_2024-11-15_drive7.csv,BEV2,2024-11-15 18:13:43+00:00,2024-11-15 18:13:40+00:00,2024-11-15 19:08:44+00:00,train,1318:22645>1317:22652|14,14.558823929056333
BEV2_2024-11-15_drive8.csv,BEV2,2024-11-15 21:33:24+00:00,2024-11-15 21:33:23+00:00,2024-11-15 22:20:40+00:00,train,1317:22652>1318:22645|16,16.75719945819101
BEV2_2024-11-16_drive1.csv,BEV2,2024-11-16 08:09:53+00:00,2024-11-16 08:09:51+00:00,2024-11-16 08:16:38+00:00,train,1318:22645>1317:22652|2,2.500299222770723
BEV2_2024-11-16_drive2.csv,BEV2,2024-11-16 08:52:53+00:00,2024-11-16 08:52:51+00:00,2024-11-16 09:02:55+00:00,train,1317:22652>1318:22645|2,2.4201383061112045
BEV2_2024-11-16_drive3.csv,BEV2,2024-11-16 10:08:26+00:00,2024-11-16 10:08:24+00:00,2024-11-16 10:20:12+00:00,train,1318:22645>1320:22653|3,3.489477073560888
BEV2_2024-11-16_drive4.csv,BEV2,2024-11-16 10:23:51+00:00,2024-11-16 10:23:50+00:00,2024-11-16 10:30:46+00:00,train,1320:22653>1318:22645|2,2.53779120377813
BEV2_2024-11-16_drive5.csv,BEV2,2024-11-16 13:48:34+00:00,2024-11-16 13:48:32+00:00,2024-11-16 15:07:39+00:00,train,1318:22645>1236:22808|74,74.9384934535224
BEV2_2024-11-16_drive6.csv,BEV2,2024-11-16 16:45:48+00:00,2024-11-16 16:45:47+00:00,2024-11-16 17:07:56+00:00,train,1236:22808>1245:22822|7,7.5589782692297875
BEV2_2024-11-16_drive7.csv,BEV2,2024-11-16 17:26:59+00:00,2024-11-16 17:26:57+00:00,2024-11-16 18:38:53+00:00,train,1245:22822>1318:22645|75,75.90409325999455
BEV2_2024-11-17_drive1.csv,BEV2,2024-11-17 11:53:04+00:00,2024-11-17 11:53:02+00:00,2024-11-17 11:55:34+00:00,train,1318:22645>1318:22646|0,0.7194648434710341
BEV2_2024-11-17_drive2.csv,BEV2,2024-11-17 20:10:52+00:00,2024-11-17 20:10:50+00:00,2024-11-17 20:34:47+00:00,train,1318:22646>1318:22646|4,4.401217534336256
BEV2_2024-11-18_drive1.csv,BEV2,2024-11-18 07:04:43+00:00,2024-11-18 07:04:41+00:00,2024-11-18 07:18:31+00:00,train,1318:22646>1313:22648|2,2.185303267827951
BEV2_2024-11-18_drive2.csv,BEV2,2024-11-18 10:51:06+00:00,2024-11-18 10:51:04+00:00,2024-11-18 11:01:21+00:00,train,1313:22648>1318:22645|2,2.8005403258237624
BEV2_2024-11-18_drive3.csv,BEV2,2024-11-18 11:40:46+00:00,2024-11-18 11:40:44+00:00,2024-11-18 11:47:18+00:00,train,1318:22645>1313:22648|2,2.056156889581629
BEV2_2024-11-18_drive4.csv,BEV2,2024-11-18 16:46:01+00:00,2024-11-18 16:45:59+00:00,2024-11-18 16:57:39+00:00,train,1313:22648>1318:22645|2,2.8264583005146084
BEV2_2024-11-19_drive1.csv,BEV2,2024-11-19 06:56:49+00:00,2024-11-19 06:56:47+00:00,2024-11-19 07:10:15+00:00,train,1318:22645>1313:22648|2,2.277638371413276
BEV2_2024-11-19_drive2.csv,BEV2,2024-11-19 17:30:01+00:00,2024-11-19 17:29:59+00:00,2024-11-19 17:42:07+00:00,train,1313:22648>1318:22645|2,2.832903341434979
BEV2_2024-11-20_drive1.csv,BEV2,2024-11-20 06:19:39+00:00,2024-11-20 06:19:38+00:00,2024-11-20 06:28:33+00:00,train,1318:22645>1313:22648|2,2.2509925503313912
BEV2_2024-11-20_drive2.csv,BEV2,2024-11-20 09:09:54+00:00,2024-11-20 09:09:52+00:00,2024-11-20 10:05:15+00:00,train,1313:22648>1552:22706|67,67.35741891212687
BEV2_2024-11-20_drive3.csv,BEV2,2024-11-20 13:45:29+00:00,2024-11-20 13:45:27+00:00,2024-11-20 14:38:50+00:00,train,1552:22706>1311:22647|72,72.46682889781913
BEV2_2024-11-20_drive4.csv,BEV2,2024-11-20 17:04:52+00:00,2024-11-20 17:04:50+00:00,2024-11-20 17:14:44+00:00,train,1311:22647>1318:22645|2,2.3256905697428856
BEV2_2024-11-21_drive1.csv,BEV2,2024-11-21 11:28:07+00:00,2024-11-21 11:28:06+00:00,2024-11-21 11:34:39+00:00,train,1318:22645>1313:22648|2,2.1056879254645646
BEV2_2024-11-21_drive2.csv,BEV2,2024-11-21 17:08:00+00:00,2024-11-21 17:07:58+00:00,2024-11-21 17:16:11+00:00,train,1313:22648>1316:22650|2,2.426385519574879
BEV2_2024-11-21_drive3.csv,BEV2,2024-11-21 17:18:39+00:00,2024-11-21 17:18:38+00:00,2024-11-21 17:23:17+00:00,train,1316:22650>1313:22647|1,1.5775777969302531
BEV2_2024-11-21_drive4.csv,BEV2,2024-11-21 17:24:57+00:00,2024-11-21 17:24:53+00:00,2024-11-21 17:36:37+00:00,train,1313:22647>1315:22646|1,1.9522540098084011
BEV2_2024-11-21_drive5.csv,BEV2,2024-11-21 17:40:16+00:00,2024-11-21 17:40:14+00:00,2024-11-21 17:44:36+00:00,train,1315:22646>1318:22645|1,1.253834986222044
BEV2_2024-11-21_drive6.csv,BEV2,2024-11-21 19:14:43+00:00,2024-11-21 19:14:41+00:00,2024-11-21 19:30:29+00:00,train,1318:22645>1313:22647|4,4.8334079231567415
BEV2_2024-11-21_drive7.csv,BEV2,2024-11-21 22:47:32+00:00,2024-11-21 22:47:30+00:00,2024-11-21 22:54:37+00:00,train,1313:22647>1318:22645|2,2.621441979620092
BEV2_2024-11-22_drive1.csv,BEV2,2024-11-22 06:00:54+00:00,2024-11-22 06:00:52+00:00,2024-11-22 06:13:00+00:00,train,1318:22645>1321:22656|3,3.594320066988037
BEV2_2024-11-22_drive2.csv,BEV2,2024-11-22 09:01:26+00:00,2024-11-22 09:01:24+00:00,2024-11-22 09:49:04+00:00,train,1321:22656>1552:22706|66,66.95040020419074
BEV2_2024-11-22_drive3.csv,BEV2,2024-11-22 10:10:59+00:00,2024-11-22 10:10:58+00:00,2024-11-22 10:19:43+00:00,train,1552:22706>1556:22696|4,4.374686408885732
BEV2_2024-11-23_drive1.csv,BEV2,2024-11-23 08:54:35+00:00,2024-11-23 08:54:33+00:00,2024-11-23 09:11:58+00:00,train,1318:22645>1324:22651|3,3.3119317424785404
BEV2_2024-11-23_drive2.csv,BEV2,2024-11-23 15:30:22+00:00,2024-11-23 15:30:20+00:00,2024-11-23 15:33:06+00:00,train,1447:22626>1451:22628|1,1.2682140494264684
BEV2_2024-11-23_drive3.csv,BEV2,2024-11-23 16:47:49+00:00,2024-11-23 16:47:47+00:00,2024-11-23 16:51:59+00:00,train,1322:22642>1318:22645|1,1.9000868896665184
BEV2_2024-11-24_drive1.csv,BEV2,2024-11-24 13:25:30+00:00,2024-11-24 13:25:28+00:00,2024-11-24 13:42:28+00:00,train,1237:22781>1251:22818|12,12.202655657717282
BEV2_2024-11-24_drive2.csv,BEV2,2024-11-24 17:35:26+00:00,2024-11-24 17:35:25+00:00,2024-11-24 18:55:20+00:00,train,1233:22828>1318:22645|73,73.888833253108
BEV2_2024-11-26_drive1.csv,BEV2,2024-11-26 11:44:22+00:00,2024-11-26 11:44:20+00:00,2024-11-26 12:00:30+00:00,train,1481:22711>1552:22706|19,19.806119240568314
BEV2_2024-11-26_drive2.csv,BEV2,2024-11-26 16:40:15+00:00,2024-11-26 16:40:14+00:00,2024-11-26 17:07:32+00:00,train,1404:22685>1320:22650|31,31.608081249962414
BEV2_2024-11-27_drive1.csv,BEV2,2024-11-27 07:26:40+00:00,2024-11-27 07:26:38+00:00,2024-11-27 07:35:16+00:00,train,1318:22645>1313:22647|2,2.049830523702794
BEV2_2024-11-27_drive2.csv,BEV2,2024-11-27 07:40:27+00:00,2024-11-27 07:40:25+00:00,2024-11-27 07:54:25+00:00,train,1313:22647>1313:22647|4,4.278121102230537
BEV2_2024-11-27_drive3.csv,BEV2,2024-11-27 14:39:03+00:00,2024-11-27 14:39:01+00:00,2024-11-27 14:45:46+00:00,train,1313:22647>1310:22648|1,1.8909984061126748
BEV2_2024-11-27_drive4.csv,BEV2,2024-11-27 17:08:07+00:00,2024-11-27 17:08:05+00:00,2024-11-27 17:32:05+00:00,train,1310:22648>1316:22653|3,3.93271429173632
BEV2_2024-11-27_drive5.csv,BEV2,2024-11-27 19:48:10+00:00,2024-11-27 19:48:07+00:00,2024-11-27 20:01:17+00:00,train,1316:22653>1318:22645|3,3.153031217188789
BEV2_2024-11-28_drive1.csv,BEV2,2024-11-28 06:48:21+00:00,2024-11-28 06:48:18+00:00,2024-11-28 07:02:00+00:00,train,1318:22645>1313:22648|2,2.2043842316578384
BEV2_2024-11-28_drive2.csv,BEV2,2024-11-28 10:57:29+00:00,2024-11-28 10:57:28+00:00,2024-11-28 11:50:03+00:00,train,1313:22648>1552:22706|74,74.88372408242566
BEV2_2024-11-28_drive3.csv,BEV2,2024-11-28 15:23:32+00:00,2024-11-28 15:23:30+00:00,2024-11-28 16:22:44+00:00,train,1552:22706>1318:22645|80,80.58904184576534
BEV2_2024-11-28_drive4.csv,BEV2,2024-11-28 17:17:29+00:00,2024-11-28 17:17:26+00:00,2024-11-28 17:47:54+00:00,train,1318:22645>1318:22645|11,11.573673943331444
BEV2_2024-11-29_drive1.csv,BEV2,2024-11-29 07:07:31+00:00,2024-11-29 07:07:28+00:00,2024-11-29 07:26:25+00:00,train,1318:22645>1317:22652|2,2.5971810490742264
BEV2_2024-11-29_drive2.csv,BEV2,2024-11-29 12:25:21+00:00,2024-11-29 12:25:18+00:00,2024-11-29 12:34:34+00:00,train,1317:22652>1313:22647|2,2.4353119734336457
BEV2_2024-11-29_drive3.csv,BEV2,2024-11-29 18:24:08+00:00,2024-11-29 18:24:06+00:00,2024-11-29 18:47:43+00:00,train,1313:22647>1318:22645|4,4.51924484128197
BEV2_2024-11-29_drive4.csv,BEV2,2024-11-29 20:20:43+00:00,2024-11-29 20:20:42+00:00,2024-11-29 20:34:53+00:00,train,1318:22645>1316:22645|5,5.887187479612589
BEV2_2024-11-29_drive5.csv,BEV2,2024-11-29 20:36:45+00:00,2024-11-29 20:36:42+00:00,2024-11-29 20:41:32+00:00,train,1316:22645>1318:22645|1,1.6058877322731837
BEV2_2024-11-30_drive1.csv,BEV2,2024-11-30 09:29:38+00:00,2024-11-30 09:29:35+00:00,2024-11-30 09:45:58+00:00,train,1318:22645>1318:22645|5,5.081130028165273
BEV2_2024-11-30_drive2.csv,BEV2,2024-11-30 11:21:23+00:00,2024-11-30 11:21:20+00:00,2024-11-30 11:41:20+00:00,train,1318:22645>1318:22645|5,5.017799376416763
BEV2_2024-11-30_drive3.csv,BEV2,2024-11-30 13:51:09+00:00,2024-11-30 13:51:06+00:00,2024-11-30 13:59:47+00:00,train,1318:22645>1313:22647|2,2.037120148601685
BEV2_2024-11-30_drive4.csv,BEV2,2024-11-30 14:02:15+00:00,2024-11-30 14:02:12+00:00,2024-11-30 14:57:28+00:00,train,1313:22647>1236:22808|68,68.04933974494149
BEV2_2024-11-30_drive5.csv,BEV2,2024-11-30 16:00:06+00:00,2024-11-30 16:00:05+00:00,2024-11-30 16:21:14+00:00,train,1236:22808>1245:22822|6,6.362120808245239
BEV2_2024-11-30_drive6.csv,BEV2,2024-11-30 16:34:34+00:00,2024-11-30 16:34:31+00:00,2024-11-30 17:13:30+00:00,train,1245:22822>1251:22656|49,49.58555823156391
BEV2_2024-11-30_drive7.csv,BEV2,2024-11-30 17:29:58+00:00,2024-11-30 17:29:56+00:00,2024-11-30 18:04:08+00:00,train,1251:22656>1318:22645|22,22.02453965907222
BEV2_2024-12-01_drive1.csv,BEV2,2024-12-01 08:34:19+00:00,2024-12-01 08:34:18+00:00,2024-12-01 08:45:41+00:00,validation,1318:22645>1316:22651|2,2.067356620361705
BEV2_2024-12-01_drive2.csv,BEV2,2024-12-01 08:49:55+00:00,2024-12-01 08:49:53+00:00,2024-12-01 08:55:10+00:00,validation,1316:22651>1315:22648|0,0.7216081609687848
BEV2_2024-12-01_drive3.csv,BEV2,2024-12-01 09:21:26+00:00,2024-12-01 09:21:23+00:00,2024-12-01 09:26:35+00:00,validation,1315:22648>1318:22645|1,1.238147648538768
BEV2_2024-12-01_drive4.csv,BEV2,2024-12-01 10:17:20+00:00,2024-12-01 10:17:17+00:00,2024-12-01 10:18:44+00:00,validation,1318:22645>1318:22645|0,0.0624907033824991
BEV2_2024-12-01_drive5.csv,BEV2,2024-12-01 11:33:03+00:00,2024-12-01 11:33:01+00:00,2024-12-01 11:48:31+00:00,validation,1318:22645>1318:22645|3,3.7954149295591577
BEV2_2024-12-01_drive6.csv,BEV2,2024-12-01 14:31:59+00:00,2024-12-01 14:31:57+00:00,2024-12-01 14:43:01+00:00,validation,1318:22645>1318:22646|4,4.249184206600823
BEV2_2024-12-01_drive7.csv,BEV2,2024-12-01 19:01:20+00:00,2024-12-01 19:01:17+00:00,2024-12-01 19:20:46+00:00,validation,1318:22646>1320:22650|6,6.232378734346202
BEV2_2024-12-01_drive8.csv,BEV2,2024-12-01 19:23:02+00:00,2024-12-01 19:22:59+00:00,2024-12-01 19:28:54+00:00,validation,1320:22650>1318:22645|2,2.196767163495109
BEV2_2024-12-08_drive1.csv,BEV2,2024-12-08 09:36:24+00:00,2024-12-08 09:36:21+00:00,2024-12-08 09:47:25+00:00,validation,1318:22645>1314:22648|3,3.1936754494964035
BEV2_2024-12-08_drive2.csv,BEV2,2024-12-08 10:18:02+00:00,2024-12-08 10:17:59+00:00,2024-12-08 10:25:04+00:00,validation,1314:22648>1318:22645|1,1.263774212792392
BEV2_2024-12-08_drive3.csv,BEV2,2024-12-08 11:23:08+00:00,2024-12-08 11:23:05+00:00,2024-12-08 11:42:20+00:00,validation,1318:22645>1318:22645|5,5.277098143670022
BEV2_2024-12-08_drive4.csv,BEV2,2024-12-08 13:30:40+00:00,2024-12-08 13:30:37+00:00,2024-12-08 14:25:44+00:00,validation,1318:22645>1245:22822|69,69.22896305315099
BEV2_2024-12-08_drive5.csv,BEV2,2024-12-08 14:50:05+00:00,2024-12-08 14:50:02+00:00,2024-12-08 15:05:04+00:00,validation,1245:22822>1236:22808|6,6.168504159947052
BEV2_2024-12-08_drive6.csv,BEV2,2024-12-08 16:07:14+00:00,2024-12-08 16:07:12+00:00,2024-12-08 17:07:20+00:00,validation,1236:22808>1318:22645|65,65.35984750593472
BEV2_2024-12-09_drive1.csv,BEV2,2024-12-09 06:45:07+00:00,2024-12-09 06:45:04+00:00,2024-12-09 07:26:08+00:00,validation,1318:22645>1313:22648|7,7.949290098649225
BEV2_2024-12-09_drive2.csv,BEV2,2024-12-09 10:53:05+00:00,2024-12-09 10:53:04+00:00,2024-12-09 11:06:48+00:00,validation,1313:22648>1318:22645|2,2.7715964279703384
BEV2_2024-12-09_drive3.csv,BEV2,2024-12-09 12:06:52+00:00,2024-12-09 12:06:50+00:00,2024-12-09 12:21:29+00:00,validation,1318:22645>1310:22657|11,11.16399802061476
BEV2_2024-12-09_drive4.csv,BEV2,2024-12-09 16:31:51+00:00,2024-12-09 16:31:50+00:00,2024-12-09 16:53:31+00:00,validation,1310:22657>1316:22651|3,3.7619297805145537
BEV2_2024-12-09_drive5.csv,BEV2,2024-12-09 20:33:16+00:00,2024-12-09 20:33:13+00:00,2024-12-09 20:43:38+00:00,validation,1316:22651>1318:22645|3,3.153656564958474
BEV2_2024-12-09_drive6.csv,BEV2,2024-12-09 21:03:15+00:00,2024-12-09 21:03:12+00:00,2024-12-09 21:32:38+00:00,validation,1318:22645>1318:22645|3,3.992679451141013
BEV2_2024-12-10_drive1.csv,BEV2,2024-12-10 06:44:40+00:00,2024-12-10 06:44:37+00:00,2024-12-10 07:00:58+00:00,validation,1318:22645>1321:22656|3,3.5251002119055723
BEV2_2024-12-10_drive2.csv,BEV2,2024-12-10 17:25:04+00:00,2024-12-10 17:25:01+00:00,2024-12-10 17:37:19+00:00,validation,1321:22656>1313:22647|3,3.654201855741436
BEV2_2024-12-10_drive3.csv,BEV2,2024-12-10 17:40:13+00:00,2024-12-10 17:40:10+00:00,2024-12-10 17:50:22+00:00,validation,1313:22647>1318:22645|2,2.6662989097588063
BEV2_2024-12-11_drive1.csv,BEV2,2024-12-11 06:53:53+00:00,2024-12-11 06:53:50+00:00,2024-12-11 07:11:00+00:00,validation,1318:22645>1313:22648|2,2.4608818932883287
BEV2_2024-12-11_drive2.csv,BEV2,2024-12-11 17:02:21+00:00,2024-12-11 17:02:20+00:00,2024-12-11 17:14:10+00:00,validation,1313:22648>1318:22645|2,2.846346611014387
BEV2_2024-12-12_drive1.csv,BEV2,2024-12-12 06:43:57+00:00,2024-12-12 06:43:54+00:00,2024-12-12 08:10:04+00:00,validation,1318:22645>1552:22706|74,74.94845764509138
BEV2_2024-12-12_drive2.csv,BEV2,2024-12-12 11:01:54+00:00,2024-12-12 11:01:53+00:00,2024-12-12 12:18:48+00:00,validation,1552:22706>1313:22648|75,75.93670720902266
BEV2_2024-12-12_drive3.csv,BEV2,2024-12-12 15:27:51+00:00,2024-12-12 15:27:48+00:00,2024-12-12 15:38:37+00:00,validation,1313:22648>1318:22645|2,2.821291047082621
BEV2_2024-12-13_drive1.csv,BEV2,2024-12-13 06:47:07+00:00,2024-12-13 06:47:04+00:00,2024-12-13 07:20:15+00:00,validation,1318:22645>1316:22653|4,4.866559601396534
BEV2_2024-12-13_drive2.csv,BEV2,2024-12-13 17:28:05+00:00,2024-12-13 17:28:04+00:00,2024-12-13 17:40:53+00:00,validation,1316:22653>1318:22645|2,2.6851880532460832
BEV2_2024-12-13_drive4.csv,BEV2,2024-12-13 21:58:50+00:00,2024-12-13 21:58:47+00:00,2024-12-13 22:13:25+00:00,validation,1317:22652>1318:22645|4,4.367904531079914
BEV2_2024-12-14_drive1.csv,BEV2,2024-12-14 09:06:49+00:00,2024-12-14 09:06:46+00:00,2024-12-14 09:26:50+00:00,validation,1318:22645>1318:22646|7,7.998241798546101
BEV2_2024-12-14_drive2.csv,BEV2,2024-12-14 12:14:10+00:00,2024-12-14 12:14:07+00:00,2024-12-14 12:33:36+00:00,validation,1318:22646>1318:22645|5,5.709036873999822
BEV2_2024-12-14_drive3.csv,BEV2,2024-12-14 13:56:16+00:00,2024-12-14 13:56:13+00:00,2024-12-14 14:45:00+00:00,validation,1318:22645>1318:22645|10,10.59877458064886
BEV2_2024-12-14_drive4.csv,BEV2,2024-12-14 16:43:50+00:00,2024-12-14 16:43:47+00:00,2024-12-14 17:05:54+00:00,validation,1318:22645>1318:22645|5,5.835311628845016
BEV2_2024-12-14_drive5.csv,BEV2,2024-12-14 17:49:52+00:00,2024-12-14 17:49:49+00:00,2024-12-14 18:10:05+00:00,validation,1318:22645>1318:22645|4,4.878715705010014
BEV2_2024-12-14_drive6.csv,BEV2,2024-12-14 20:07:32+00:00,2024-12-14 20:07:29+00:00,2024-12-14 20:23:16+00:00,validation,1318:22645>1318:22645|5,5.6764829140551605
BEV2_2024-12-15_drive1.csv,BEV2,2024-12-15 08:55:41+00:00,2024-12-15 08:55:38+00:00,2024-12-15 09:10:09+00:00,validation,1318:22645>1315:22649|3,3.852399427083199
BEV2_2024-12-15_drive2.csv,BEV2,2024-12-15 09:43:20+00:00,2024-12-15 09:43:18+00:00,2024-12-15 09:53:07+00:00,validation,1315:22649>1318:22645|1,1.4309521111008503
BEV2_2024-12-15_drive3.csv,BEV2,2024-12-15 13:08:03+00:00,2024-12-15 13:08:02+00:00,2024-12-15 14:14:08+00:00,validation,1318:22645>1236:22808|63,63.74553199808428
BEV2_2024-12-15_drive4.csv,BEV2,2024-12-15 16:15:05+00:00,2024-12-15 16:15:04+00:00,2024-12-15 17:19:43+00:00,validation,1236:22808>1318:22645|65,65.06847150170223
BEV2_2024-12-15_drive5.csv,BEV2,2024-12-15 19:23:47+00:00,2024-12-15 19:23:44+00:00,2024-12-15 19:43:07+00:00,validation,1318:22645>1318:22645|6,6.102925105281319
BEV2_2024-12-15_drive6.csv,BEV2,2024-12-15 19:53:13+00:00,2024-12-15 19:53:10+00:00,2024-12-15 20:20:49+00:00,validation,1318:22645>1318:22645|4,4.561634729347075
BEV2_2024-12-15_drive7.csv,BEV2,2024-12-15 23:34:37+00:00,2024-12-15 23:34:34+00:00,2024-12-15 23:53:50+00:00,validation,1318:22645>1318:22645|5,5.869486062085609
BEV2_2024-12-16_drive1.csv,BEV2,2024-12-16 06:55:55+00:00,2024-12-16 06:55:52+00:00,2024-12-16 07:06:51+00:00,validation,1318:22645>1313:22648|2,2.2018085608043587
BEV2_2024-12-17_drive1.csv,BEV2,2024-12-17 16:32:54+00:00,2024-12-17 16:32:53+00:00,2024-12-17 17:00:35+00:00,validation,1410:22684>1552:22706|36,36.72943952712159
BEV2_2024-12-19_drive2.csv,BEV2,2024-12-19 18:21:11+00:00,2024-12-19 18:21:10+00:00,2024-12-19 18:42:41+00:00,validation,1320:22653>1318:22645|2,2.7470498198999853
BEV2_2024-12-20_drive1.csv,BEV2,2024-12-20 18:23:14+00:00,2024-12-20 18:23:12+00:00,2024-12-20 18:46:34+00:00,validation,1330:22652>1317:22652|5,5.174381680177681
BEV2_2024-12-22_drive1.csv,BEV2,2024-12-22 18:46:58+00:00,2024-12-22 18:46:57+00:00,2024-12-22 18:54:39+00:00,validation,1311:22646>1318:22645|2,2.562112749996922
BEV2_2024-12-23_drive1.csv,BEV2,2024-12-23 08:14:49+00:00,2024-12-23 08:14:48+00:00,2024-12-23 09:26:27+00:00,validation,1315:22648>1045:22730|82,82.52320033675029
BEV2_2024-12-23_drive2.csv,BEV2,2024-12-23 19:01:48+00:00,2024-12-23 19:01:47+00:00,2024-12-23 19:29:16+00:00,validation,1213:22666>1318:22645|34,34.26964134455173
BEV2_2024-12-24_drive1.csv,BEV2,2024-12-24 15:06:57+00:00,2024-12-24 15:06:56+00:00,2024-12-24 15:27:06+00:00,validation,1316:22651>1318:22645|1,1.8991132945092213
BEV2_2024-12-24_drive2.csv,BEV2,2024-12-24 17:44:31+00:00,2024-12-24 17:44:29+00:00,2024-12-24 17:46:43+00:00,validation,1355:22593>1357:22595|0,0.8204976461637046
BEV2_2024-12-26_drive1.csv,BEV2,2024-12-26 14:00:11+00:00,2024-12-26 14:00:10+00:00,2024-12-26 14:33:11+00:00,validation,1257:22688>1236:22808|32,32.619034050880046
BEV2_2024-12-27_drive1.csv,BEV2,2024-12-27 19:57:04+00:00,2024-12-27 19:57:02+00:00,2024-12-27 21:07:05+00:00,validation,1322:22640>1318:22645|76,76.13065539898403
BEV2_2024-12-28_drive1.csv,BEV2,2024-12-28 09:08:57+00:00,2024-12-28 09:08:55+00:00,2024-12-28 09:16:30+00:00,validation,1315:22642>1323:22642|6,6.036809768342013
BEV2_2024-12-28_drive2.csv,BEV2,2024-12-28 14:41:29+00:00,2024-12-28 14:41:28+00:00,2024-12-28 14:44:35+00:00,validation,1317:22659>1317:22659|0,0.2836241207103819
BEV2_2024-12-31_drive1.csv,BEV2,2024-12-31 07:58:07+00:00,2024-12-31 07:58:06+00:00,2024-12-31 08:45:53+00:00,validation,1251:22709>1318:22645|39,39.45851448257286
BEV2_2024-12-31_drive2.csv,BEV2,2024-12-31 12:09:28+00:00,2024-12-31 12:09:27+00:00,2024-12-31 13:07:06+00:00,validation,1252:22677>1249:22821|48,48.364704264385104
BEV2_2024-12-31_drive3.csv,BEV2,2024-12-31 13:45:06+00:00,2024-12-31 13:45:04+00:00,2024-12-31 14:14:03+00:00,validation,1249:22670>1318:22645|24,24.92742188912103
BEV2_2024-12-31_drive4.csv,BEV2,2024-12-31 14:55:32+00:00,2024-12-31 14:55:30+00:00,2024-12-31 14:59:46+00:00,validation,1444:22625>1451:22628|2,2.211539719694997
BEV2_2024-12-31_drive5.csv,BEV2,2024-12-31 15:43:44+00:00,2024-12-31 15:43:42+00:00,2024-12-31 15:46:54+00:00,validation,1319:22643>1318:22645|1,1.005738818755292
BEV2_2025-01-01_drive1.csv,BEV2,2025-01-01 19:23:39+00:00,2025-01-01 19:23:37+00:00,2025-01-01 19:28:52+00:00,validation,1444:22626>1451:22628|2,2.257253261065658
BEV2_2025-01-01_drive2.csv,BEV2,2025-01-01 19:54:42+00:00,2025-01-01 19:54:40+00:00,2025-01-01 20:12:50+00:00,validation,1392:22619>1318:22645|23,23.111077954386523
BEV2_2025-01-02_drive1.csv,BEV2,2025-01-02 11:36:38+00:00,2025-01-02 11:36:36+00:00,2025-01-02 11:40:33+00:00,validation,1322:22641>1318:22645|2,2.023280650160427
BEV2_2025-01-02_drive2.csv,BEV2,2025-01-02 12:54:12+00:00,2025-01-02 12:54:11+00:00,2025-01-02 12:58:23+00:00,validation,1327:22639>1305:22644|5,5.527625476614697
BEV2_2025-01-03_drive1.csv,BEV2,2025-01-03 14:15:23+00:00,2025-01-03 14:15:22+00:00,2025-01-03 14:39:43+00:00,validation,1245:22746>1249:22824|25,25.30098981002015
BEV2_2025-01-03_drive2.csv,BEV2,2025-01-03 23:23:41+00:00,2025-01-03 23:23:39+00:00,2025-01-03 23:37:45+00:00,validation,1254:22651>1318:22645|20,20.136241419780504
BEV2_2025-01-04_drive1.csv,BEV2,2025-01-04 06:56:09+00:00,2025-01-04 06:56:07+00:00,2025-01-04 07:39:36+00:00,validation,1264:22651>1323:22642|44,44.6613471737595
BEV2_2025-01-04_drive2.csv,BEV2,2025-01-04 12:12:00+00:00,2025-01-04 12:11:58+00:00,2025-01-04 12:16:06+00:00,validation,1323:22640>1318:22645|2,2.622949645969426
BEV2_2025-01-04_drive3.csv,BEV2,2025-01-04 17:25:55+00:00,2025-01-04 17:25:54+00:00,2025-01-04 17:31:39+00:00,validation,1311:22646>1315:22647|1,1.413134876670006
BEV2_2025-01-04_drive4.csv,BEV2,2025-01-04 22:18:34+00:00,2025-01-04 22:18:33+00:00,2025-01-04 22:41:59+00:00,validation,1312:22646>1318:22645|4,4.429442628565177
BEV2_2025-01-05_drive1.csv,BEV2,2025-01-05 17:51:09+00:00,2025-01-05 17:51:08+00:00,2025-01-05 17:56:31+00:00,validation,1315:22648>1318:22645|1,1.1378586487451137
BEV2_2025-01-05_drive2.csv,BEV2,2025-01-05 21:17:22+00:00,2025-01-05 21:17:21+00:00,2025-01-05 21:20:58+00:00,validation,1216:22636>1214:22636|0,0.6833949753581635
BEV2_2025-01-05_drive3.csv,BEV2,2025-01-05 21:52:54+00:00,2025-01-05 21:52:52+00:00,2025-01-05 22:08:16+00:00,validation,1254:22651>1318:22645|20,20.17355318724242
BEV2_2025-01-05_drive4.csv,BEV2,2025-01-05 22:32:03+00:00,2025-01-05 22:32:02+00:00,2025-01-05 22:48:40+00:00,validation,1312:22646>1318:22645|3,3.926528810566501
BEV2_2025-01-07_drive1.csv,BEV2,2025-01-07 20:04:10+00:00,2025-01-07 20:04:09+00:00,2025-01-07 20:12:14+00:00,validation,1316:22651>1318:22645|1,1.8625289169661587
BEV2_2025-01-09_drive1.csv,BEV2,2025-01-09 07:26:18+00:00,2025-01-09 07:26:17+00:00,2025-01-09 07:33:30+00:00,validation,1316:22650>1313:22648|1,1.4068378608114518
BEV2_2025-01-09_drive2.csv,BEV2,2025-01-09 11:41:19+00:00,2025-01-09 11:41:17+00:00,2025-01-09 11:46:31+00:00,validation,1318:22650>1317:22652|0,0.9910576578199872
BEV2_2025-01-09_drive5.csv,BEV2,2025-01-09 18:12:44+00:00,2025-01-09 18:12:43+00:00,2025-01-09 18:17:45+00:00,validation,1316:22647>1318:22645|0,0.8449571557091362
BEV2_2025-01-10_drive1.csv,BEV2,2025-01-10 17:24:47+00:00,2025-01-10 17:24:45+00:00,2025-01-10 17:29:36+00:00,validation,1315:22648>1318:22645|1,1.11212410005564
BEV2_2025-01-11_drive1.csv,BEV2,2025-01-11 13:31:40+00:00,2025-01-11 13:31:38+00:00,2025-01-11 14:56:51+00:00,validation,1307:22643>1236:22808|69,69.19043746881178
BEV2_2025-01-11_drive2.csv,BEV2,2025-01-11 16:39:39+00:00,2025-01-11 16:39:38+00:00,2025-01-11 17:21:42+00:00,validation,1245:22743>1318:22645|47,47.71901608357816
BEV2_2025-01-12_drive1.csv,BEV2,2025-01-12 08:38:27+00:00,2025-01-12 08:38:26+00:00,2025-01-12 09:02:55+00:00,validation,1318:22645>1315:22648|5,5.26112592364707
BEV2_2025-01-12_drive2.csv,BEV2,2025-01-12 17:48:45+00:00,2025-01-12 17:48:44+00:00,2025-01-12 18:06:54+00:00,validation,1315:22648>1318:22645|5,5.692300788097937
BEV2_2025-01-12_drive3.csv,BEV2,2025-01-12 19:31:02+00:00,2025-01-12 19:31:01+00:00,2025-01-12 19:32:46+00:00,validation,1314:22649>1313:22647|0,0.6839481113135991
BEV2_2025-01-15_drive1.csv,BEV2,2025-01-15 13:32:10+00:00,2025-01-15 13:32:08+00:00,2025-01-15 13:53:07+00:00,validation,1242:22665>1214:22666|10,10.995335405913488
BEV2_2025-01-16_drive1.csv,BEV2,2025-01-16 19:58:35+00:00,2025-01-16 19:58:33+00:00,2025-01-16 21:24:47+00:00,validation,967:22653>1316:22651|111,111.3154689649487
BEV2_2025-01-17_drive1.csv,BEV2,2025-01-17 07:08:23+00:00,2025-01-17 07:08:22+00:00,2025-01-17 07:55:40+00:00,validation,1322:22641>1552:22706|77,77.65396364356302
BEV2_2025-01-17_drive2.csv,BEV2,2025-01-17 16:31:28+00:00,2025-01-17 16:31:27+00:00,2025-01-17 17:28:46+00:00,validation,1373:22691>1252:22724|56,56.276541366876366
BEV2_2025-01-18_drive1.csv,BEV2,2025-01-18 08:00:58+00:00,2025-01-18 08:00:56+00:00,2025-01-18 08:22:16+00:00,validation,1258:22695>1323:22642|33,33.04237412333335
BEV2_2025-01-20_drive1.csv,BEV2,2025-01-20 10:40:13+00:00,2025-01-20 10:40:12+00:00,2025-01-20 10:44:07+00:00,validation,1315:22648>1318:22645|1,1.2058487550949717
BEV2_2025-01-22_drive1.csv,BEV2,2025-01-22 07:32:20+00:00,2025-01-22 07:32:18+00:00,2025-01-22 08:01:24+00:00,validation,1401:22688>1552:22706|41,41.48947401782017
BEV2_2025-01-22_drive2.csv,BEV2,2025-01-22 16:36:03+00:00,2025-01-22 16:36:01+00:00,2025-01-22 17:05:16+00:00,validation,1403:22686>1317:22651|30,30.744940454980718
BEV2_2025-01-24_drive1.csv,BEV2,2025-01-24 07:16:26+00:00,2025-01-24 07:16:25+00:00,2025-01-24 08:36:48+00:00,calibration,1258:22697>1236:22808|47,47.5806165520766
BEV2_2025-01-24_drive2.csv,BEV2,2025-01-24 13:31:18+00:00,2025-01-24 13:31:16+00:00,2025-01-24 14:09:08+00:00,calibration,1252:22677>1313:22648|26,26.210768760137324
BEV2_2025-01-25_drive2.csv,BEV2,2025-01-25 16:52:04+00:00,2025-01-25 16:52:03+00:00,2025-01-25 17:05:08+00:00,calibration,1321:22657>1318:22645|3,3.929120728425975
BEV2_2025-01-27_drive1.csv,BEV2,2025-01-27 06:54:34+00:00,2025-01-27 06:54:32+00:00,2025-01-27 07:17:06+00:00,calibration,1472:22710>1552:22706|22,22.01992544079129
BEV2_2025-01-27_drive2.csv,BEV2,2025-01-27 15:18:11+00:00,2025-01-27 15:18:10+00:00,2025-01-27 15:43:17+00:00,calibration,1372:22691>1315:22648|22,22.47050150071956
BEV2_2025-01-29_drive1.csv,BEV2,2025-01-29 07:24:16+00:00,2025-01-29 07:24:14+00:00,2025-01-29 07:46:16+00:00,calibration,1459:22708>1552:22706|25,25.16407183284633
BEV2_2025-01-29_drive2.csv,BEV2,2025-01-29 14:38:50+00:00,2025-01-29 14:38:48+00:00,2025-01-29 15:36:52+00:00,calibration,1552:22706>1318:22645|80,80.51052243348114
BEV2_2025-01-30_drive1.csv,BEV2,2025-01-30 13:24:15+00:00,2025-01-30 13:24:14+00:00,2025-01-30 14:20:25+00:00,calibration,1318:22645>1318:22646|37,37.6331220989572
BEV2_2025-01-30_drive2.csv,BEV2,2025-01-30 15:15:36+00:00,2025-01-30 15:15:35+00:00,2025-01-30 16:02:00+00:00,calibration,1318:22646>1318:22645|26,26.144305330387542
BEV2_2025-01-30_drive3.csv,BEV2,2025-01-30 17:21:12+00:00,2025-01-30 17:21:10+00:00,2025-01-30 17:38:56+00:00,calibration,1318:22645>1318:22645|3,3.678830343086823
BEV2_2025-01-31_drive1.csv,BEV2,2025-01-31 11:21:58+00:00,2025-01-31 11:21:56+00:00,2025-01-31 11:30:15+00:00,calibration,1318:22645>1313:22648|2,2.047377237699326
BEV2_2025-01-31_drive2.csv,BEV2,2025-01-31 15:28:34+00:00,2025-01-31 15:28:32+00:00,2025-01-31 15:29:40+00:00,calibration,1313:22648>1313:22647|0,0.1624387283195564
BEV2_2025-01-31_drive3.csv,BEV2,2025-01-31 16:56:17+00:00,2025-01-31 16:56:15+00:00,2025-01-31 17:05:57+00:00,calibration,1313:22647>1318:22645|2,2.3877621813492587
BEV2_2025-02-01_drive1.csv,BEV2,2025-02-01 13:22:13+00:00,2025-02-01 13:22:12+00:00,2025-02-01 13:27:15+00:00,calibration,1318:22645>1313:22647|1,1.903563224085679
BEV2_2025-02-01_drive2.csv,BEV2,2025-02-01 17:47:55+00:00,2025-02-01 17:47:53+00:00,2025-02-01 17:56:16+00:00,calibration,1313:22647>1319:22651|3,3.0724445939006
BEV2_2025-02-01_drive3.csv,BEV2,2025-02-01 17:57:49+00:00,2025-02-01 17:57:47+00:00,2025-02-01 18:03:21+00:00,calibration,1319:22651>1313:22647|1,1.893172976752305
BEV2_2025-02-01_drive4.csv,BEV2,2025-02-01 18:37:47+00:00,2025-02-01 18:37:45+00:00,2025-02-01 18:45:07+00:00,calibration,1313:22647>1318:22645|2,2.3863622864563565
BEV2_2025-02-01_drive5.csv,BEV2,2025-02-01 20:23:06+00:00,2025-02-01 20:23:04+00:00,2025-02-01 20:28:13+00:00,calibration,1318:22645>1313:22647|1,1.9081482756613095
BEV2_2025-02-01_drive6.csv,BEV2,2025-02-01 23:30:46+00:00,2025-02-01 23:30:44+00:00,2025-02-01 23:36:16+00:00,calibration,1313:22647>1318:22645|2,2.388434526586629
BEV2_2025-02-02_drive1.csv,BEV2,2025-02-02 08:33:47+00:00,2025-02-02 08:33:45+00:00,2025-02-02 08:45:51+00:00,calibration,1318:22645>1313:22647|1,1.9044134265130128
BEV2_2025-02-02_drive2.csv,BEV2,2025-02-02 10:13:38+00:00,2025-02-02 10:13:36+00:00,2025-02-02 10:21:18+00:00,calibration,1313:22647>1318:22645|2,2.3873005483360004
BEV2_2025-02-02_drive3.csv,BEV2,2025-02-02 13:46:56+00:00,2025-02-02 13:46:54+00:00,2025-02-02 13:54:20+00:00,calibration,1318:22645>1313:22647|1,1.90400154958526
BEV2_2025-02-02_drive4.csv,BEV2,2025-02-02 17:54:01+00:00,2025-02-02 17:53:59+00:00,2025-02-02 17:59:35+00:00,calibration,1313:22647>1318:22645|2,2.363639371630659
BEV2_2025-02-02_drive5.csv,BEV2,2025-02-02 18:01:17+00:00,2025-02-02 18:01:15+00:00,2025-02-02 18:33:17+00:00,calibration,1318:22645>1316:22651|6,6.335295766457872
BEV2_2025-02-02_drive6.csv,BEV2,2025-02-02 18:42:40+00:00,2025-02-02 18:42:38+00:00,2025-02-02 18:48:56+00:00,calibration,1316:22651>1318:22645|1,1.9720580333922264
BEV2_2025-02-02_drive7.csv,BEV2,2025-02-02 19:43:44+00:00,2025-02-02 19:43:43+00:00,2025-02-02 19:48:19+00:00,calibration,1318:22645>1313:22647|1,1.9013383555861767
BEV2_2025-02-02_drive8.csv,BEV2,2025-02-02 22:41:12+00:00,2025-02-02 22:41:10+00:00,2025-02-02 22:47:20+00:00,calibration,1313:22647>1318:22645|2,2.395417523195289
BEV2_2025-02-03_drive1.csv,BEV2,2025-02-03 05:38:16+00:00,2025-02-03 05:38:14+00:00,2025-02-03 06:07:50+00:00,calibration,1318:22645>1321:22655|4,4.021469601746867
BEV2_2025-02-03_drive2.csv,BEV2,2025-02-03 06:09:15+00:00,2025-02-03 06:09:13+00:00,2025-02-03 06:09:30+00:00,calibration,1321:22655>1321:22655|0,0.0134968927921962
BEV2_2025-02-03_drive3.csv,BEV2,2025-02-03 06:19:44+00:00,2025-02-03 06:19:42+00:00,2025-02-03 06:30:58+00:00,calibration,1321:22655>1313:22648|3,3.6029018450410177
BEV2_2025-02-03_drive4.csv,BEV2,2025-02-03 08:35:54+00:00,2025-02-03 08:35:53+00:00,2025-02-03 08:37:00+00:00,calibration,1313:22648>1313:22648|0,0.0111011838284775
BEV2_2025-02-03_drive5.csv,BEV2,2025-02-03 16:07:52+00:00,2025-02-03 16:07:51+00:00,2025-02-03 16:13:58+00:00,calibration,1313:22648>1315:22647|1,1.6109585510572892
BEV2_2025-02-03_drive6.csv,BEV2,2025-02-03 19:39:00+00:00,2025-02-03 19:38:58+00:00,2025-02-03 19:49:15+00:00,calibration,1318:22645>1313:22647|1,1.89906809137102
BEV2_2025-02-03_drive7.csv,BEV2,2025-02-03 23:26:14+00:00,2025-02-03 23:26:12+00:00,2025-02-03 23:31:57+00:00,calibration,1313:22647>1318:22645|2,2.384101955187475
BEV2_2025-02-04_drive1.csv,BEV2,2025-02-04 06:36:25+00:00,2025-02-04 06:36:23+00:00,2025-02-04 06:46:34+00:00,calibration,1318:22645>1313:22647|2,2.137659061571901
BEV2_2025-02-04_drive2.csv,BEV2,2025-02-04 07:16:49+00:00,2025-02-04 07:16:47+00:00,2025-02-04 08:16:02+00:00,calibration,1313:22647>1227:22658|30,30.59770795295363
BEV2_2025-02-04_drive3.csv,BEV2,2025-02-04 13:35:40+00:00,2025-02-04 13:35:38+00:00,2025-02-04 14:14:02+00:00,calibration,1227:22658>1313:22647|27,27.320056239865867
BEV2_2025-02-04_drive4.csv,BEV2,2025-02-04 16:13:34+00:00,2025-02-04 16:13:32+00:00,2025-02-04 16:25:19+00:00,calibration,1313:22647>1318:22645|2,2.393109502894594
BEV2_2025-02-05_drive1.csv,BEV2,2025-02-05 10:04:49+00:00,2025-02-05 10:04:47+00:00,2025-02-05 10:40:32+00:00,calibration,1347:22690>1552:22706|55,55.606129880495104
BEV2_2025-02-05_drive2.csv,BEV2,2025-02-05 16:46:00+00:00,2025-02-05 16:45:59+00:00,2025-02-05 17:26:12+00:00,calibration,1491:22714>1318:22645|64,64.31613279172083
BEV2_2025-02-06_drive1.csv,BEV2,2025-02-06 07:05:18+00:00,2025-02-06 07:05:16+00:00,2025-02-06 08:03:43+00:00,calibration,1321:22667>1552:22706|57,57.02557670720729
BEV2_2025-02-06_drive2.csv,BEV2,2025-02-06 16:24:42+00:00,2025-02-06 16:24:40+00:00,2025-02-06 17:07:12+00:00,calibration,1482:22712>1318:22645|53,53.9697933518692
BEV2_2025-02-07_drive1.csv,BEV2,2025-02-07 13:29:44+00:00,2025-02-07 13:29:43+00:00,2025-02-07 14:13:19+00:00,calibration,1263:22656>1245:22822|50,50.74091944229572
BEV2_2025-02-07_drive2.csv,BEV2,2025-02-07 14:42:08+00:00,2025-02-07 14:42:06+00:00,2025-02-07 14:43:34+00:00,calibration,1236:22808>1236:22808|0,0.0885984708991512
BEV2_2025-02-07_drive3.csv,BEV2,2025-02-07 16:13:38+00:00,2025-02-07 16:13:37+00:00,2025-02-07 16:49:02+00:00,calibration,1236:22797>1256:22662|40,40.47227972223886
BEV2_2025-02-09_drive1.csv,BEV2,2025-02-09 19:30:08+00:00,2025-02-09 19:30:06+00:00,2025-02-09 19:39:56+00:00,calibration,1309:22642>1316:22647|7,7.250259789888304
BEV2_2025-02-11_drive1.csv,BEV2,2025-02-11 06:10:21+00:00,2025-02-11 06:10:19+00:00,2025-02-11 06:53:42+00:00,calibration,1280:22650>1221:22644|17,17.537580799828916
BEV2_2025-02-11_drive2.csv,BEV2,2025-02-11 20:10:05+00:00,2025-02-11 20:10:04+00:00,2025-02-11 20:37:36+00:00,calibration,1268:22651>1318:22645|22,22.79054166820153
BEV2_2025-02-12_drive1.csv,BEV2,2025-02-12 06:45:19+00:00,2025-02-12 06:45:17+00:00,2025-02-12 07:22:42+00:00,calibration,1267:22651>1221:22644|13,13.719485195650424
BEV2_2025-02-12_drive2.csv,BEV2,2025-02-12 17:10:56+00:00,2025-02-12 17:10:55+00:00,2025-02-12 17:51:09+00:00,calibration,1221:22652>1256:22718|28,28.63469794933195
BEV2_2025-02-12_drive3.csv,BEV2,2025-02-12 20:38:26+00:00,2025-02-12 20:38:24+00:00,2025-02-12 20:51:24+00:00,calibration,1251:22651>1221:22644|8,8.576898913970007
BEV2_2025-02-14_drive1.csv,BEV2,2025-02-14 15:25:40+00:00,2025-02-14 15:25:39+00:00,2025-02-14 15:50:07+00:00,calibration,1228:22639>1318:22645|27,27.52092698523528
BEV2_2025-02-14_drive2.csv,BEV2,2025-02-14 16:07:08+00:00,2025-02-14 16:07:06+00:00,2025-02-14 16:18:54+00:00,calibration,1318:22645>1318:22645|1,1.125121533458207
BEV2_2025-02-15_drive1.csv,BEV2,2025-02-15 08:44:30+00:00,2025-02-15 08:44:29+00:00,2025-02-15 08:56:04+00:00,calibration,1318:22645>1316:22651|1,1.963639933965092
BEV2_2025-02-15_drive2.csv,BEV2,2025-02-15 09:56:17+00:00,2025-02-15 09:56:15+00:00,2025-02-15 09:59:48+00:00,calibration,1316:22651>1317:22652|0,0.8468255457353029
BEV2_2025-02-15_drive3.csv,BEV2,2025-02-15 12:52:49+00:00,2025-02-15 12:52:47+00:00,2025-02-15 12:56:44+00:00,calibration,1317:22652>1316:22651|0,0.785815510308064
BEV2_2025-02-15_drive4.csv,BEV2,2025-02-15 17:09:31+00:00,2025-02-15 17:09:30+00:00,2025-02-15 17:20:49+00:00,calibration,1316:22651>1318:22645|1,1.915174963554424
BEV2_2025-02-15_drive5.csv,BEV2,2025-02-15 18:17:16+00:00,2025-02-15 18:17:14+00:00,2025-02-15 20:30:29+00:00,calibration,1318:22645>1317:22652|154,154.92757886393093
BEV2_2025-02-15_drive6.csv,BEV2,2025-02-15 21:06:16+00:00,2025-02-15 21:06:14+00:00,2025-02-15 21:12:59+00:00,calibration,1317:22652>1318:22645|2,2.3228912771871792
BEV2_2025-02-16_drive1.csv,BEV2,2025-02-16 09:03:13+00:00,2025-02-16 09:03:11+00:00,2025-02-16 09:12:09+00:00,future,1318:22645>1318:22654|3,3.4648047377230498
BEV2_2025-02-16_drive2.csv,BEV2,2025-02-16 11:07:18+00:00,2025-02-16 11:07:17+00:00,2025-02-16 11:21:18+00:00,future,1318:22654>1318:22645|3,3.7526095837196434
BEV2_2025-02-16_drive3.csv,BEV2,2025-02-16 12:50:22+00:00,2025-02-16 12:50:20+00:00,2025-02-16 14:46:56+00:00,future,1318:22645>1236:22808|144,144.13192368913354
BEV2_2025-02-16_drive4.csv,BEV2,2025-02-16 16:09:16+00:00,2025-02-16 16:09:13+00:00,2025-02-16 16:28:49+00:00,future,1236:22808>1245:22822|7,7.558125846950912
BEV2_2025-02-16_drive6.csv,BEV2,2025-02-16 18:36:29+00:00,2025-02-16 18:36:28+00:00,2025-02-16 19:18:51+00:00,future,1313:22659>1318:22645|8,8.858794019318127
BEV2_2025-02-16_drive7.csv,BEV2,2025-02-16 20:23:42+00:00,2025-02-16 20:23:40+00:00,2025-02-16 20:35:49+00:00,future,1318:22645>1316:22651|2,2.3249036679673667
BEV2_2025-02-16_drive8.csv,BEV2,2025-02-16 20:45:32+00:00,2025-02-16 20:45:29+00:00,2025-02-16 20:52:57+00:00,future,1316:22651>1318:22645|1,1.9111704988165577
BEV2_2025-02-17_drive1.csv,BEV2,2025-02-17 06:41:13+00:00,2025-02-17 06:41:10+00:00,2025-02-17 06:52:00+00:00,future,1318:22645>1313:22648|2,2.190139810840789
BEV2_2025-02-17_drive2.csv,BEV2,2025-02-17 11:25:46+00:00,2025-02-17 11:25:44+00:00,2025-02-17 11:54:11+00:00,future,1313:22648>1313:22648|9,9.32632800202159
BEV2_2025-02-17_drive3.csv,BEV2,2025-02-17 13:55:47+00:00,2025-02-17 13:55:46+00:00,2025-02-17 13:59:30+00:00,future,1315:22648>1318:22645|1,1.1232292059132358
BEV2_2025-02-19_drive1.csv,BEV2,2025-02-19 08:58:31+00:00,2025-02-19 08:58:30+00:00,2025-02-19 09:32:22+00:00,future,1345:22688>1552:22706|50,50.84281879191627
BEV2_2025-02-19_drive2.csv,BEV2,2025-02-19 16:07:01+00:00,2025-02-19 16:07:00+00:00,2025-02-19 16:39:58+00:00,future,1475:22710>1313:22647|53,53.44049824717472
BEV2_2025-02-21_drive1.csv,BEV2,2025-02-21 17:52:42+00:00,2025-02-21 17:52:41+00:00,2025-02-21 18:12:56+00:00,future,1316:22651>1318:22645|3,3.9046485454981417
BEV2_2025-02-22_drive1.csv,BEV2,2025-02-22 10:41:43+00:00,2025-02-22 10:41:42+00:00,2025-02-22 11:04:14+00:00,future,1320:22653>1318:22645|3,3.405278482442593
BEV2_2025-02-23_drive1.csv,BEV2,2025-02-23 08:37:51+00:00,2025-02-23 08:37:49+00:00,2025-02-23 08:41:49+00:00,future,1314:22647>1314:22648|1,1.271634451827809
BEV2_2025-02-24_drive1.csv,BEV2,2025-02-24 15:10:55+00:00,2025-02-24 15:10:53+00:00,2025-02-24 15:17:05+00:00,future,1316:22648>1318:22645|1,1.1573813516416795
BEV2_2025-02-24_drive2.csv,BEV2,2025-02-24 15:39:33+00:00,2025-02-24 15:39:32+00:00,2025-02-24 15:40:04+00:00,future,1318:22645>1318:22645|0,0.0242096489542456
BEV2_2025-02-26_drive1.csv,BEV2,2025-02-26 07:46:34+00:00,2025-02-26 07:46:32+00:00,2025-02-26 07:51:57+00:00,future,1549:22708>1552:22706|1,1.2273510313313534
BEV2_2025-02-26_drive2.csv,BEV2,2025-02-26 17:24:16+00:00,2025-02-26 17:24:15+00:00,2025-02-26 18:18:16+00:00,future,1552:22706>1318:22646|83,83.0393485182459
BEV2_2025-02-27_drive1.csv,BEV2,2025-02-27 06:39:54+00:00,2025-02-27 06:39:52+00:00,2025-02-27 06:43:53+00:00,future,1318:22646>1318:22645|0,0.559573878861594
BEV2_2025-02-27_drive2.csv,BEV2,2025-02-27 06:51:27+00:00,2025-02-27 06:51:25+00:00,2025-02-27 07:17:26+00:00,future,1318:22645>1313:22648|6,6.179687399146404
BEV2_2025-02-27_drive3.csv,BEV2,2025-02-27 16:54:36+00:00,2025-02-27 16:54:34+00:00,2025-02-27 17:10:22+00:00,future,1313:22648>1320:22653|4,4.013509123211172
BEV2_2025-02-27_drive4.csv,BEV2,2025-02-27 17:14:10+00:00,2025-02-27 17:14:09+00:00,2025-02-27 17:24:33+00:00,future,1320:22653>1318:22645|2,2.5704360672623
BEV2_2025-02-28_drive1.csv,BEV2,2025-02-28 06:53:22+00:00,2025-02-28 06:53:20+00:00,2025-02-28 07:03:49+00:00,future,1318:22645>1313:22648|2,2.282043840957292
BEV2_2025-02-28_drive2.csv,BEV2,2025-02-28 08:55:17+00:00,2025-02-28 08:55:15+00:00,2025-02-28 09:04:18+00:00,future,1313:22648>1315:22645|1,1.7733197798327485
BEV2_2025-02-28_drive3.csv,BEV2,2025-02-28 09:05:57+00:00,2025-02-28 09:05:55+00:00,2025-02-28 09:16:01+00:00,future,1315:22645>1311:22648|2,2.809637566308657
BEV2_2025-02-28_drive4.csv,BEV2,2025-02-28 11:02:28+00:00,2025-02-28 11:02:26+00:00,2025-02-28 11:08:10+00:00,future,1311:22648>1313:22648|1,1.6150847641488602
BEV2_2025-02-28_drive5.csv,BEV2,2025-02-28 18:32:54+00:00,2025-02-28 18:32:52+00:00,2025-02-28 18:42:46+00:00,future,1313:22648>1318:22645|2,2.540085600100717
BEV2_2025-03-02_drive1.csv,BEV2,2025-03-02 09:16:18+00:00,2025-03-02 09:16:16+00:00,2025-03-02 09:23:06+00:00,future,1318:22645>1315:22648|2,2.4791349318421747
BEV2_2025-03-02_drive2.csv,BEV2,2025-03-02 09:39:47+00:00,2025-03-02 09:39:45+00:00,2025-03-02 09:45:52+00:00,future,1315:22648>1318:22645|1,1.2548304444107372
BEV2_2025-03-02_drive3.csv,BEV2,2025-03-02 12:43:14+00:00,2025-03-02 12:43:12+00:00,2025-03-02 14:05:26+00:00,future,1318:22645>1245:22822|68,68.83968881231758
BEV2_2025-03-02_drive4.csv,BEV2,2025-03-02 14:18:28+00:00,2025-03-02 14:18:26+00:00,2025-03-02 14:37:18+00:00,future,1245:22822>1236:22808|6,6.183128583193825
BEV2_2025-03-02_drive5.csv,BEV2,2025-03-02 17:42:27+00:00,2025-03-02 17:42:25+00:00,2025-03-02 17:53:27+00:00,future,1236:22808>1238:22806|1,1.7496063517563034
BEV2_2025-03-02_drive6.csv,BEV2,2025-03-02 22:12:56+00:00,2025-03-02 22:12:54+00:00,2025-03-02 23:05:22+00:00,future,1238:22806>1318:22645|66,66.68975231742512
BEV2_2025-03-03_drive1.csv,BEV2,2025-03-03 06:49:17+00:00,2025-03-03 06:49:15+00:00,2025-03-03 06:57:21+00:00,future,1318:22645>1313:22648|2,2.312406093319985
BEV2_2025-03-03_drive2.csv,BEV2,2025-03-03 17:18:18+00:00,2025-03-03 17:18:16+00:00,2025-03-03 17:29:12+00:00,future,1313:22648>1318:22645|2,2.5562606157202064
BEV2_2025-03-04_drive1.csv,BEV2,2025-03-04 03:13:01+00:00,2025-03-04 03:12:59+00:00,2025-03-04 03:35:52+00:00,future,1318:22645>1256:22662|24,24.834984745669157
BEV2_2025-03-06_drive1.csv,BEV2,2025-03-06 17:14:49+00:00,2025-03-06 17:14:47+00:00,2025-03-06 17:45:14+00:00,future,1256:22662>1318:22645|26,26.68188909033281
BEV2_2025-03-07_drive1.csv,BEV2,2025-03-07 07:16:10+00:00,2025-03-07 07:16:08+00:00,2025-03-07 07:25:26+00:00,future,1318:22645>1313:22648|2,2.219827446461872
BEV2_2025-03-07_drive2.csv,BEV2,2025-03-07 14:10:13+00:00,2025-03-07 14:10:11+00:00,2025-03-07 14:11:50+00:00,future,1313:22648>1313:22648|0,0.0329118431807289
BEV2_2025-03-07_drive3.csv,BEV2,2025-03-07 16:44:00+00:00,2025-03-07 16:43:59+00:00,2025-03-07 16:46:02+00:00,future,1313:22648>1313:22647|0,0.2496336054495977
BEV2_2025-03-07_drive4.csv,BEV2,2025-03-07 16:49:08+00:00,2025-03-07 16:49:06+00:00,2025-03-07 17:02:01+00:00,future,1313:22647>1318:22645|2,2.392304891212861
BEV2_2025-03-07_drive5.csv,BEV2,2025-03-07 17:28:36+00:00,2025-03-07 17:28:34+00:00,2025-03-07 17:35:53+00:00,future,1318:22645>1318:22652|2,2.256138954811844
BEV2_2025-03-07_drive6.csv,BEV2,2025-03-07 17:46:56+00:00,2025-03-07 17:46:54+00:00,2025-03-07 17:55:06+00:00,future,1318:22652>1318:22645|2,2.504211138130042
BEV2_2025-03-08_drive1.csv,BEV2,2025-03-08 08:59:38+00:00,2025-03-08 08:59:36+00:00,2025-03-08 09:26:33+00:00,future,1318:22645>1313:22647|3,3.383162012022533
BEV2_2025-03-08_drive2.csv,BEV2,2025-03-08 09:29:23+00:00,2025-03-08 09:29:21+00:00,2025-03-08 09:38:14+00:00,future,1313:22647>1318:22645|2,2.6001117035402483
BEV2_2025-03-08_drive3.csv,BEV2,2025-03-08 18:24:17+00:00,2025-03-08 18:24:15+00:00,2025-03-08 18:36:51+00:00,future,1318:22645>1317:22652|3,3.8972730018611887
BEV2_2025-03-08_drive4.csv,BEV2,2025-03-08 20:36:07+00:00,2025-03-08 20:36:05+00:00,2025-03-08 20:43:19+00:00,future,1317:22652>1318:22645|2,2.382846578776047
BEV2_2025-03-09_drive1.csv,BEV2,2025-03-09 09:49:25+00:00,2025-03-09 09:49:24+00:00,2025-03-09 09:59:48+00:00,future,1318:22645>1315:22648|1,1.9569108899779544
BEV2_2025-03-09_drive2.csv,BEV2,2025-03-09 10:45:40+00:00,2025-03-09 10:45:38+00:00,2025-03-09 10:52:11+00:00,future,1315:22648>1318:22645|1,1.212876817895685
BEV2_2025-03-09_drive3.csv,BEV2,2025-03-09 11:23:06+00:00,2025-03-09 11:23:04+00:00,2025-03-09 11:39:07+00:00,future,1318:22645>1318:22645|5,5.03741920529836
BEV2_2025-03-09_drive4.csv,BEV2,2025-03-09 13:52:46+00:00,2025-03-09 13:52:45+00:00,2025-03-09 14:56:33+00:00,future,1318:22645>1236:22808|63,63.78092448217731
BEV2_2025-03-09_drive5.csv,BEV2,2025-03-09 16:03:32+00:00,2025-03-09 16:03:30+00:00,2025-03-09 17:08:22+00:00,future,1236:22808>1318:22645|67,67.78620940930003
BEV2_2025-03-09_drive6.csv,BEV2,2025-03-09 19:48:06+00:00,2025-03-09 19:48:04+00:00,2025-03-09 19:58:55+00:00,future,1318:22645>1316:22651|1,1.8475405371279825
BEV2_2025-03-09_drive7.csv,BEV2,2025-03-09 20:07:07+00:00,2025-03-09 20:07:05+00:00,2025-03-09 20:16:21+00:00,future,1316:22651>1318:22645|2,2.498582339560066
BEV2_2025-03-10_drive1.csv,BEV2,2025-03-10 06:33:48+00:00,2025-03-10 06:33:46+00:00,2025-03-10 06:42:06+00:00,future,1318:22645>1313:22648|2,2.512508474262595
BEV2_2025-03-10_drive2.csv,BEV2,2025-03-10 10:02:47+00:00,2025-03-10 10:02:45+00:00,2025-03-10 10:03:37+00:00,future,1313:22648>1313:22648|0,0.0182366551011973
BEV2_2025-03-10_drive3.csv,BEV2,2025-03-10 16:24:59+00:00,2025-03-10 16:24:57+00:00,2025-03-10 16:39:13+00:00,future,1313:22648>1318:22645|2,2.5936355897369543
BEV2_2025-03-11_drive1.csv,BEV2,2025-03-11 06:33:11+00:00,2025-03-11 06:33:10+00:00,2025-03-11 06:45:13+00:00,future,1318:22645>1313:22648|2,2.272564991171646
BEV2_2025-03-11_drive2.csv,BEV2,2025-03-11 15:27:01+00:00,2025-03-11 15:27:00+00:00,2025-03-11 15:39:23+00:00,future,1313:22648>1318:22645|2,2.580828018096766
BEV2_2025-03-11_drive3.csv,BEV2,2025-03-11 16:55:52+00:00,2025-03-11 16:55:50+00:00,2025-03-11 17:09:39+00:00,future,1318:22645>1317:22652|2,2.644499228218504
BEV2_2025-03-11_drive4.csv,BEV2,2025-03-11 20:28:20+00:00,2025-03-11 20:28:17+00:00,2025-03-11 20:36:10+00:00,future,1317:22652>1318:22647|2,2.071276382479281
BEV2_2025-03-11_drive5.csv,BEV2,2025-03-11 20:37:34+00:00,2025-03-11 20:37:32+00:00,2025-03-11 20:39:51+00:00,future,1318:22647>1318:22645|0,0.6291609880918104
BEV2_2025-03-12_drive1.csv,BEV2,2025-03-12 06:08:07+00:00,2025-03-12 06:08:04+00:00,2025-03-12 08:04:48+00:00,future,1318:22645>1530:22908|118,118.61681416499748
BEV2_2025-03-12_drive2.csv,BEV2,2025-03-12 14:06:36+00:00,2025-03-12 14:06:34+00:00,2025-03-12 15:50:12+00:00,future,1530:22908>1318:22645|123,123.5655971141568
BEV2_2025-03-12_drive3.csv,BEV2,2025-03-12 17:42:32+00:00,2025-03-12 17:42:30+00:00,2025-03-12 17:49:35+00:00,future,1318:22645>1313:22647|1,1.9353049666435576
BEV2_2025-03-12_drive4.csv,BEV2,2025-03-12 19:42:29+00:00,2025-03-12 19:42:28+00:00,2025-03-12 19:52:22+00:00,future,1313:22647>1318:22645|2,2.501142728054829
BEV2_2025-03-13_drive1.csv,BEV2,2025-03-13 06:40:59+00:00,2025-03-13 06:40:56+00:00,2025-03-13 06:52:24+00:00,future,1318:22645>1313:22648|2,2.432225326271836
BEV2_2025-03-13_drive2.csv,BEV2,2025-03-13 15:52:21+00:00,2025-03-13 15:52:19+00:00,2025-03-13 16:03:37+00:00,future,1313:22648>1318:22645|2,2.7635735417119616
BEV2_2025-03-13_drive3.csv,BEV2,2025-03-13 16:34:03+00:00,2025-03-13 16:34:01+00:00,2025-03-13 17:42:27+00:00,future,1318:22645>1496:22675|70,70.33462936452685
BEV2_2025-03-13_drive4.csv,BEV2,2025-03-13 20:26:24+00:00,2025-03-13 20:26:22+00:00,2025-03-13 21:14:18+00:00,future,1496:22675>1318:22646|62,62.06901902204709
BEV2_2025-03-14_drive1.csv,BEV2,2025-03-14 06:54:25+00:00,2025-03-14 06:54:22+00:00,2025-03-14 07:29:18+00:00,future,1318:22646>1313:22647|6,6.291162442372462
BEV2_2025-03-14_drive2.csv,BEV2,2025-03-14 08:58:18+00:00,2025-03-14 08:58:17+00:00,2025-03-14 09:04:30+00:00,future,1313:22647>1318:22645|2,2.341477175415726
BEV2_2025-03-14_drive3.csv,BEV2,2025-03-14 09:06:28+00:00,2025-03-14 09:06:26+00:00,2025-03-14 09:20:00+00:00,future,1318:22645>1310:22648|3,3.4684336244648994
BEV2_2025-03-14_drive4.csv,BEV2,2025-03-14 11:22:52+00:00,2025-03-14 11:22:51+00:00,2025-03-14 11:37:23+00:00,future,1310:22648>1317:22652|3,3.672446105570852
BEV2_2025-03-14_drive5.csv,BEV2,2025-03-14 13:18:55+00:00,2025-03-14 13:18:54+00:00,2025-03-14 13:28:40+00:00,future,1317:22652>1313:22648|2,2.2462080755627483
BEV2_2025-03-14_drive6.csv,BEV2,2025-03-14 16:44:51+00:00,2025-03-14 16:44:50+00:00,2025-03-14 16:55:36+00:00,future,1313:22648>1318:22645|2,2.6119578845735143
BEV2_2025-03-14_drive7.csv,BEV2,2025-03-14 17:08:14+00:00,2025-03-14 17:08:11+00:00,2025-03-14 17:26:21+00:00,future,1318:22645>1318:22645|4,4.5002356040640175
BEV2_2025-03-14_drive8.csv,BEV2,2025-03-14 18:19:56+00:00,2025-03-14 18:19:54+00:00,2025-03-14 18:37:57+00:00,future,1318:22645>1318:22645|4,4.805720084240486
BEV2_2025-03-15_drive1.csv,BEV2,2025-03-15 10:01:45+00:00,2025-03-15 10:01:43+00:00,2025-03-15 10:07:32+00:00,future,1318:22645>1323:22642|3,3.034250009933908
BEV2_2025-03-15_drive2.csv,BEV2,2025-03-15 10:11:35+00:00,2025-03-15 10:11:32+00:00,2025-03-15 10:17:18+00:00,future,1323:22642>1318:22645|2,2.474703221011598
BEV2_2025-03-15_drive3.csv,BEV2,2025-03-15 10:35:28+00:00,2025-03-15 10:35:26+00:00,2025-03-15 10:44:10+00:00,future,1318:22645>1317:22652|2,2.6929484853382646
BEV2_2025-03-15_drive4.csv,BEV2,2025-03-15 11:43:51+00:00,2025-03-15 11:43:49+00:00,2025-03-15 11:52:39+00:00,future,1317:22652>1318:22645|2,2.6348895549084443
BEV2_2025-03-15_drive5.csv,BEV2,2025-03-15 13:38:00+00:00,2025-03-15 13:37:58+00:00,2025-03-15 14:41:01+00:00,future,1318:22645>1245:22822|69,69.12072680684508
BEV2_2025-03-15_drive6.csv,BEV2,2025-03-15 14:53:44+00:00,2025-03-15 14:53:43+00:00,2025-03-15 15:08:58+00:00,future,1245:22822>1236:22808|6,6.198239235561769
BEV2_2025-03-15_drive7.csv,BEV2,2025-03-15 15:57:56+00:00,2025-03-15 15:57:54+00:00,2025-03-15 16:44:03+00:00,future,1236:22808>1263:22653|37,37.23558665607075
BEV2_2025-03-15_drive8.csv,BEV2,2025-03-15 17:00:12+00:00,2025-03-15 17:00:09+00:00,2025-03-15 17:17:48+00:00,future,1263:22653>1318:22645|18,18.55826795629741
BEV2_2025-03-16_drive1.csv,BEV2,2025-03-16 09:35:12+00:00,2025-03-16 09:35:10+00:00,2025-03-16 09:42:25+00:00,future,1318:22645>1316:22651|1,1.888382997833248
BEV2_2025-03-16_drive2.csv,BEV2,2025-03-16 09:49:16+00:00,2025-03-16 09:49:14+00:00,2025-03-16 09:58:18+00:00,future,1316:22651>1315:22649|1,1.285399658639642
BEV2_2025-03-16_drive3.csv,BEV2,2025-03-16 10:29:13+00:00,2025-03-16 10:29:12+00:00,2025-03-16 10:39:06+00:00,future,1315:22649>1318:22645|1,1.4636909539090466
BEV2_2025-03-16_drive4.csv,BEV2,2025-03-16 11:50:26+00:00,2025-03-16 11:50:25+00:00,2025-03-16 12:05:08+00:00,future,1318:22645>1318:22645|5,5.180963657107678
BEV2_2025-03-16_drive5.csv,BEV2,2025-03-16 12:38:46+00:00,2025-03-16 12:38:45+00:00,2025-03-16 12:48:39+00:00,future,1318:22645>1318:22645|0,0.0357049983400387
BEV2_2025-03-16_drive6.csv,BEV2,2025-03-16 12:50:05+00:00,2025-03-16 12:50:03+00:00,2025-03-16 13:13:05+00:00,future,1318:22645>1357:22595|26,26.03957894224698
BEV2_2025-03-16_drive7.csv,BEV2,2025-03-16 16:40:09+00:00,2025-03-16 16:40:07+00:00,2025-03-16 17:08:14+00:00,future,1357:22595>1318:22646|26,26.43827858007608
BEV2_2025-03-17_drive1.csv,BEV2,2025-03-17 06:41:18+00:00,2025-03-17 06:41:15+00:00,2025-03-17 06:49:50+00:00,future,1318:22646>1313:22648|2,2.127209671715221
BEV2_2025-03-18_drive1.csv,BEV2,2025-03-18 07:19:57+00:00,2025-03-18 07:19:56+00:00,2025-03-18 08:02:36+00:00,future,1305:22653>1552:22706|72,72.87751909395857
BEV2_2025-03-18_drive2.csv,BEV2,2025-03-18 16:02:37+00:00,2025-03-18 16:02:34+00:00,2025-03-18 17:00:40+00:00,future,1552:22706>1318:22645|83,83.04699708852033
BEV2_2025-03-20_drive1.csv,BEV2,2025-03-20 11:59:12+00:00,2025-03-20 11:59:11+00:00,2025-03-20 12:20:11+00:00,future,1462:22708>1552:22706|24,24.39558392901953
BEV2_2025-03-20_drive2.csv,BEV2,2025-03-20 16:39:20+00:00,2025-03-20 16:39:19+00:00,2025-03-20 17:28:12+00:00,future,1501:22714>1318:22646|61,61.7625464932263
BEV2_2025-03-22_drive1.csv,BEV2,2025-03-22 07:47:18+00:00,2025-03-22 07:47:17+00:00,2025-03-22 07:55:47+00:00,future,1305:22643>1318:22645|7,7.135557482741984
BEV2_2025-03-22_drive2.csv,BEV2,2025-03-22 11:30:05+00:00,2025-03-22 11:30:03+00:00,2025-03-22 11:39:33+00:00,future,1313:22653>1318:22646|3,3.3947704482492527
BEV2_2025-03-22_drive3.csv,BEV2,2025-03-22 13:51:49+00:00,2025-03-22 13:51:48+00:00,2025-03-22 14:31:16+00:00,future,1263:22658>1245:22822|50,50.36415043096811
BEV2_2025-03-22_drive4.csv,BEV2,2025-03-22 16:14:55+00:00,2025-03-22 16:14:53+00:00,2025-03-22 16:53:29+00:00,future,1235:22797>1262:22653|43,43.08424363053743
BEV2_2025-03-23_drive1.csv,BEV2,2025-03-23 09:35:11+00:00,2025-03-23 09:35:10+00:00,2025-03-23 09:44:09+00:00,future,1315:22648>1314:22648|1,1.5318047416705314
BEV2_2025-03-23_drive2.csv,BEV2,2025-03-23 18:50:15+00:00,2025-03-23 18:50:14+00:00,2025-03-23 19:05:35+00:00,future,1318:22645>1318:22645|3,3.678561909118801
BEV2_2025-03-24_drive1.csv,BEV2,2025-03-24 11:25:12+00:00,2025-03-24 11:25:09+00:00,2025-03-24 11:25:45+00:00,future,1313:22648>1313:22648|0,0.0142001861854138
BEV2_2025-03-26_drive1.csv,BEV2,2025-03-26 06:44:36+00:00,2025-03-26 06:44:35+00:00,2025-03-26 07:29:47+00:00,future,1315:22659>1552:22706|51,51.49785496638743
BEV2_2025-03-28_drive1.csv,BEV2,2025-03-28 13:54:37+00:00,2025-03-28 13:54:35+00:00,2025-03-28 13:57:56+00:00,future,1320:22653>1320:22655|0,0.6178635334170043
BEV2_2025-03-28_drive2.csv,BEV2,2025-03-28 15:24:27+00:00,2025-03-28 15:24:26+00:00,2025-03-28 15:27:53+00:00,future,1315:22650>1313:22647|0,0.9894054268575728
BEV2_2025-03-28_drive3.csv,BEV2,2025-03-28 19:17:00+00:00,2025-03-28 19:16:58+00:00,2025-03-28 19:34:36+00:00,future,1315:22651>1318:22645|8,8.798452443506548
BEV2_2025-03-29_drive1.csv,BEV2,2025-03-29 12:53:48+00:00,2025-03-29 12:53:46+00:00,2025-03-29 13:26:44+00:00,future,1316:22651>1318:22645|5,5.8922098288820575
BEV2_2025-03-29_drive2.csv,BEV2,2025-03-29 14:43:30+00:00,2025-03-29 14:43:29+00:00,2025-03-29 14:59:52+00:00,future,1235:22797>1236:22808|4,4.12490986722235
BEV2_2025-03-29_drive3.csv,BEV2,2025-03-29 17:28:27+00:00,2025-03-29 17:28:26+00:00,2025-03-29 18:16:19+00:00,future,1236:22805>1318:22645|63,63.70855286801565
BEV2_2025-03-30_drive2.csv,BEV2,2025-03-30 18:44:56+00:00,2025-03-30 18:44:55+00:00,2025-03-30 19:17:33+00:00,future,1318:22645>1318:22645|4,4.507597870278857
BEV2_2025-03-31_drive1.csv,BEV2,2025-03-31 05:54:39+00:00,2025-03-31 05:54:37+00:00,2025-03-31 05:57:03+00:00,future,1313:22647>1313:22648|0,0.0869506968592403
BEV2_2025-03-31_drive2.csv,BEV2,2025-03-31 14:28:17+00:00,2025-03-31 14:28:15+00:00,2025-03-31 14:54:21+00:00,future,1318:22646>1318:22645|6,6.599638890319478
BEV2_2025-04-01_drive1.csv,BEV2,2025-04-01 10:40:40+00:00,2025-04-01 10:40:39+00:00,2025-04-01 10:44:22+00:00,future,1549:22707>1552:22706|0,0.8987702879924191
BEV2_2025-04-01_drive2.csv,BEV2,2025-04-01 15:49:39+00:00,2025-04-01 15:49:37+00:00,2025-04-01 16:27:47+00:00,future,1483:22712>1318:22645|62,62.2504685555737
BEV2_2025-04-03_drive1.csv,BEV2,2025-04-03 06:23:49+00:00,2025-04-03 06:23:48+00:00,2025-04-03 07:12:46+00:00,future,1312:22641>1552:22707|75,75.22036741807669
BEV2_2025-04-03_drive2.csv,BEV2,2025-04-03 15:12:17+00:00,2025-04-03 15:12:14+00:00,2025-04-03 16:35:04+00:00,future,1552:22706>1318:22645|81,81.37424530743942
BEV2_2025-04-04_drive1.csv,BEV2,2025-04-04 16:34:57+00:00,2025-04-04 16:34:55+00:00,2025-04-04 16:43:21+00:00,future,1318:22645>1318:22645|0,0.0409915464599855
BEV2_2025-04-04_drive2.csv,BEV2,2025-04-04 19:31:46+00:00,2025-04-04 19:31:44+00:00,2025-04-04 19:39:07+00:00,future,1312:22654>1318:22645|2,2.994805125678675
BEV2_2025-04-04_drive3.csv,BEV2,2025-04-04 20:28:59+00:00,2025-04-04 20:28:58+00:00,2025-04-04 20:32:16+00:00,future,1322:22642>1318:22645|1,1.7404649093030609
BEV2_2025-04-05_drive1.csv,BEV2,2025-04-05 11:19:54+00:00,2025-04-05 11:19:52+00:00,2025-04-05 11:39:25+00:00,future,1314:22659>1318:22645|7,7.180646469189158
BEV2_2025-04-05_drive2.csv,BEV2,2025-04-05 16:47:29+00:00,2025-04-05 16:47:27+00:00,2025-04-05 16:58:46+00:00,future,1241:22817>1249:22821|2,2.8714598262779525
BEV2_2025-04-06_drive1.csv,BEV2,2025-04-06 08:49:05+00:00,2025-04-06 08:49:03+00:00,2025-04-06 09:06:33+00:00,future,1318:22645>1315:22648|3,3.532589801842512
BEV2_2025-04-07_drive1.csv,BEV2,2025-04-07 09:14:54+00:00,2025-04-07 09:14:52+00:00,2025-04-07 09:44:45+00:00,future,1044:22714>928:22630|40,40.98867214568696
BEV2_2025-04-07_drive2.csv,BEV2,2025-04-07 14:45:54+00:00,2025-04-07 14:45:53+00:00,2025-04-07 15:57:09+00:00,future,993:22684>1256:22662|72,72.96677174953442
BEV2_2025-04-10_drive1.csv,BEV2,2025-04-10 11:35:28+00:00,2025-04-10 11:35:26+00:00,2025-04-10 12:02:46+00:00,future,1256:22662>1313:22648|22,22.98750402641803
BEV2_2025-04-11_drive1.csv,BEV2,2025-04-11 06:17:53+00:00,2025-04-11 06:17:52+00:00,2025-04-11 07:06:21+00:00,future,1319:22644>1552:22706|79,79.11095265856233
BEV2_2025-04-11_drive2.csv,BEV2,2025-04-11 15:51:32+00:00,2025-04-11 15:51:30+00:00,2025-04-11 16:34:05+00:00,future,1511:22714>1318:22645|67,67.8519926355048
BEV2_2025-04-11_drive3.csv,BEV2,2025-04-11 16:48:57+00:00,2025-04-11 16:48:55+00:00,2025-04-11 17:08:09+00:00,future,1320:22648>1317:22652|4,4.393995419135334
BEV2_2025-04-12_drive1.csv,BEV2,2025-04-12 18:03:43+00:00,2025-04-12 18:03:41+00:00,2025-04-12 18:07:58+00:00,future,1322:22640>1318:22645|2,2.3574245190289287
BEV2_2025-04-13_drive1.csv,BEV2,2025-04-13 09:09:50+00:00,2025-04-13 09:09:48+00:00,2025-04-13 09:16:00+00:00,future,1315:22647>1318:22645|1,1.0126843336649676
BEV2_2025-04-14_drive1.csv,BEV2,2025-04-14 07:49:41+00:00,2025-04-14 07:49:40+00:00,2025-04-14 07:54:59+00:00,future,1329:22639>1318:22645|4,4.095773072314868
BEV2_2025-04-14_drive2.csv,BEV2,2025-04-14 08:59:34+00:00,2025-04-14 08:59:32+00:00,2025-04-14 09:21:47+00:00,future,1326:22650>1318:22645|23,23.22134090878403
BEV2_2025-04-14_drive3.csv,BEV2,2025-04-14 12:20:01+00:00,2025-04-14 12:19:59+00:00,2025-04-14 13:21:01+00:00,future,1318:22645>1245:22822|69,69.13831453726729
BEV2_2025-04-14_drive4.csv,BEV2,2025-04-14 14:02:52+00:00,2025-04-14 14:02:50+00:00,2025-04-14 14:13:55+00:00,future,1238:22815>1236:22808|2,2.419186247314097
BEV2_2025-04-14_drive5.csv,BEV2,2025-04-14 15:18:50+00:00,2025-04-14 15:18:48+00:00,2025-04-14 16:09:05+00:00,future,1237:22798>1318:22645|62,62.00846755686321
BEV2_2025-04-14_drive6.csv,BEV2,2025-04-14 18:31:20+00:00,2025-04-14 18:31:18+00:00,2025-04-14 18:38:06+00:00,future,1319:22650>1320:22648|0,0.8993409685922175
BEV2_2025-04-15_drive1.csv,BEV2,2025-04-15 16:59:49+00:00,2025-04-15 16:59:47+00:00,2025-04-15 17:01:45+00:00,future,1319:22644>1318:22645|0,0.7178545950412827
BEV2_2025-04-16_drive1.csv,BEV2,2025-04-16 06:33:52+00:00,2025-04-16 06:33:50+00:00,2025-04-16 06:37:41+00:00,future,1549:22707>1552:22706|0,0.8953772575868865
BEV2_2025-04-16_drive2.csv,BEV2,2025-04-16 15:25:13+00:00,2025-04-16 15:25:11+00:00,2025-04-16 16:13:23+00:00,future,1543:22708>1315:22647|73,73.04904804594348
BEV2_2025-04-17_drive1.csv,BEV2,2025-04-17 06:00:02+00:00,2025-04-17 06:00:00+00:00,2025-04-17 06:34:24+00:00,future,1348:22691>1552:22706|55,55.22397528755913
BEV2_2025-04-17_drive2.csv,BEV2,2025-04-17 15:20:37+00:00,2025-04-17 15:20:36+00:00,2025-04-17 16:08:12+00:00,future,1515:22714>1318:22645|70,70.0683700376162
BEV2_2025-04-17_drive3.csv,BEV2,2025-04-17 16:25:08+00:00,2025-04-17 16:25:07+00:00,2025-04-17 17:41:09+00:00,future,1288:22648>1313:22647|61,61.25414890232785
BEV2_2025-04-17_drive5.csv,BEV2,2025-04-17 20:39:10+00:00,2025-04-17 20:39:09+00:00,2025-04-17 22:07:00+00:00,future,1310:22641>1318:22645|65,65.80729214358725
BEV2_2025-04-18_drive1.csv,BEV2,2025-04-18 09:14:27+00:00,2025-04-18 09:14:26+00:00,2025-04-18 09:18:05+00:00,future,1313:22647>1315:22646|1,1.4551903900927528
BEV2_2025-04-22_drive1.csv,BEV2,2025-04-22 05:51:10+00:00,2025-04-22 05:51:08+00:00,2025-04-22 06:39:30+00:00,future,1305:22643>1552:22706|73,73.41358820310695
BEV2_2025-04-22_drive2.csv,BEV2,2025-04-22 09:28:54+00:00,2025-04-22 09:28:52+00:00,2025-04-22 10:12:58+00:00,future,1553:22700>1308:22654|69,69.82490123980928
BEV2_2025-04-22_drive4.csv,BEV2,2025-04-22 20:32:46+00:00,2025-04-22 20:32:45+00:00,2025-04-22 20:35:40+00:00,future,1317:22646>1318:22645|0,0.4983097246386507
BEV2_2025-04-23_drive1.csv,BEV2,2025-04-23 05:09:56+00:00,2025-04-23 05:09:54+00:00,2025-04-23 05:27:21+00:00,future,1288:22648>1256:22662|14,14.094295174649377
BEV2_2025-04-25_drive1.csv,BEV2,2025-04-25 09:44:27+00:00,2025-04-25 09:44:26+00:00,2025-04-25 09:59:11+00:00,future,1220:22659>1220:22645|4,4.3947562641922655
BEV2_2025-04-25_drive2.csv,BEV2,2025-04-25 12:18:45+00:00,2025-04-25 12:18:44+00:00,2025-04-25 12:55:53+00:00,future,1220:22645>1313:22648|27,27.99395941595957
BEV2_2025-04-25_drive3.csv,BEV2,2025-04-25 17:35:53+00:00,2025-04-25 17:35:52+00:00,2025-04-25 17:39:59+00:00,future,1316:22647>1315:22648|0,0.5213677548385437
BEV2_2025-04-26_drive1.csv,BEV2,2025-04-26 13:18:28+00:00,2025-04-26 13:18:27+00:00,2025-04-26 13:56:35+00:00,future,1248:22661>1236:22808|40,40.73399390499024
BEV2_2025-04-26_drive2.csv,BEV2,2025-04-26 16:20:10+00:00,2025-04-26 16:20:09+00:00,2025-04-26 16:49:06+00:00,future,1238:22794>1251:22656|39,39.45562953739973
BEV2_2025-04-26_drive3.csv,BEV2,2025-04-26 17:20:14+00:00,2025-04-26 17:20:13+00:00,2025-04-26 17:32:51+00:00,future,1272:22651>1318:22645|11,11.37986120434242
BEV2_2025-04-27_drive1.csv,BEV2,2025-04-27 09:33:33+00:00,2025-04-27 09:33:31+00:00,2025-04-27 09:41:11+00:00,future,1315:22648>1318:22645|1,1.5442335395609248
BEV2_2025-04-27_drive2.csv,BEV2,2025-04-27 10:46:00+00:00,2025-04-27 10:45:59+00:00,2025-04-27 10:52:26+00:00,future,1315:22648>1318:22645|1,1.055098358455509
BEV2_2025-04-27_drive3.csv,BEV2,2025-04-27 10:55:45+00:00,2025-04-27 10:55:43+00:00,2025-04-27 10:58:35+00:00,future,1316:22647>1315:22648|0,0.3450208695844796
BEV2_2025-04-27_drive4.csv,BEV2,2025-04-27 11:07:21+00:00,2025-04-27 11:07:19+00:00,2025-04-27 11:10:13+00:00,future,1316:22648>1318:22645|0,0.9920201034141184
BEV2_2025-04-27_drive5.csv,BEV2,2025-04-27 12:52:52+00:00,2025-04-27 12:52:51+00:00,2025-04-27 12:55:38+00:00,future,1315:22648>1318:22645|1,1.0574531248537455
BEV2_2025-04-29_drive1.csv,BEV2,2025-04-29 08:01:50+00:00,2025-04-29 08:01:48+00:00,2025-04-29 08:07:02+00:00,future,1311:22649>1313:22648|1,1.568154411739033
BEV2_2025-04-29_drive2.csv,BEV2,2025-04-29 15:20:27+00:00,2025-04-29 15:20:25+00:00,2025-04-29 15:22:09+00:00,future,1316:22647>1319:22647|0,0.6872922378775063
BEV2_2025-04-30_drive1.csv,BEV2,2025-04-30 06:08:37+00:00,2025-04-30 06:08:35+00:00,2025-04-30 06:43:04+00:00,future,1347:22690>1552:22706|45,45.34022457847651
