file,feature,source,bucket_ns,available_ns,cut_ns
BEV1_2024-07-24_drive1.csv,soc,SOCave292,1721801546000000000,1721801547000000000,1721801547000000000
BEV1_2024-07-24_drive1.csv,ambient_c,VCRIGHT_tempAmbientRaw,1721801546000000000,1721801547000000000,1721801547000000000
BEV1_2024-07-24_drive1.csv,pack_min_c,BMSminPackTemperature,1721801546000000000,1721801547000000000,1721801547000000000
BEV1_2024-07-24_drive1.csv,pack_max_c,BMSmaxPackTemperature,1721801546000000000,1721801547000000000,1721801547000000000
BEV1_2024-07-24_drive1.csv,preconditioning_request,UI_batteryPreconditioningRequest,1721801546000000000,1721801547000000000,1721801547000000000
BEV1_2024-07-24_drive2.csv,soc,SOCave292,1721833181000000000,1721833182000000000,1721833182000000000
BEV1_2024-07-24_drive2.csv,ambient_c,VCRIGHT_tempAmbientRaw,1721833181000000000,1721833182000000000,1721833182000000000
BEV1_2024-07-24_drive2.csv,pack_min_c,BMSminPackTemperature,1721833181000000000,1721833182000000000,1721833182000000000
BEV1_2024-07-24_drive2.csv,pack_max_c,BMSmaxPackTemperature,1721833181000000000,1721833182000000000,1721833182000000000
BEV1_2024-07-24_drive2.csv,preconditioning_request,UI_batteryPreconditioningRequest,1721833181000000000,1721833182000000000,1721833182000000000
BEV1_2024-07-25_drive1.csv,soc,SOCave292,1721891023000000000,1721891024000000000,1721891024000000000
BEV1_2024-07-25_drive1.csv,ambient_c,VCRIGHT_tempAmbientRaw,1721891023000000000,1721891024000000000,1721891024000000000
BEV1_2024-07-25_drive1.csv,pack_min_c,BMSminPackTemperature,1721891023000000000,1721891024000000000,1721891024000000000
BEV1_2024-07-25_drive1.csv,pack_max_c,BMSmaxPackTemperature,1721891023000000000,1721891024000000000,1721891024000000000
BEV1_2024-07-25_drive1.csv,preconditioning_request,UI_batteryPreconditioningRequest,1721891023000000000,1721891024000000000,1721891024000000000
BEV1_2024-07-25_drive2.csv,soc,SOCave292,1721922524000000000,1721922525000000000,1721922525000000000
BEV1_2024-07-25_drive2.csv,ambient_c,VCRIGHT_tempAmbientRaw,1721922524000000000,1721922525000000000,1721922525000000000
BEV1_2024-07-25_drive2.csv,pack_min_c,BMSminPackTemperature,1721922524000000000,1721922525000000000,1721922525000000000
BEV1_2024-07-25_drive2.csv,pack_max_c,BMSmaxPackTemperature,1721922524000000000,1721922525000000000,1721922525000000000
BEV1_2024-07-25_drive2.csv,preconditioning_request,UI_batteryPreconditioningRequest,1721922524000000000,1721922525000000000,1721922525000000000
BEV1_2024-07-25_drive3.csv,soc,SOCave292,1721926319000000000,1721926320000000000,1721926320000000000
BEV1_2024-07-25_drive3.csv,ambient_c,VCRIGHT_tempAmbientRaw,1721926319000000000,1721926320000000000,1721926320000000000
BEV1_2024-07-25_drive3.csv,pack_min_c,BMSminPackTemperature,1721926319000000000,1721926320000000000,1721926320000000000
BEV1_2024-07-25_drive3.csv,pack_max_c,BMSmaxPackTemperature,1721926319000000000,1721926320000000000,1721926320000000000
BEV1_2024-07-25_drive3.csv,preconditioning_request,UI_batteryPreconditioningRequest,1721926319000000000,1721926320000000000,1721926320000000000
BEV1_2024-07-27_drive1.csv,soc,SOCave292,1722062069000000000,1722062070000000000,1722062070000000000
BEV1_2024-07-27_drive1.csv,ambient_c,VCRIGHT_tempAmbientRaw,1722062069000000000,1722062070000000000,1722062070000000000
BEV1_2024-07-27_drive1.csv,pack_min_c,BMSminPackTemperature,1722062069000000000,1722062070000000000,1722062070000000000
BEV1_2024-07-27_drive1.csv,pack_max_c,BMSmaxPackTemperature,1722062069000000000,1722062070000000000,1722062070000000000
BEV1_2024-07-27_drive1.csv,preconditioning_request,UI_batteryPreconditioningRequest,1722062069000000000,1722062070000000000,1722062070000000000
BEV1_2024-07-27_drive3.csv,soc,SOCave292,1722082152000000000,1722082153000000000,1722082153000000000
BEV1_2024-07-27_drive3.csv,ambient_c,VCRIGHT_tempAmbientRaw,1722082152000000000,1722082153000000000,1722082153000000000
BEV1_2024-07-27_drive3.csv,pack_min_c,BMSminPackTemperature,1722082152000000000,1722082153000000000,1722082153000000000
BEV1_2024-07-27_drive3.csv,pack_max_c,BMSmaxPackTemperature,1722082152000000000,1722082153000000000,1722082153000000000
BEV1_2024-07-27_drive3.csv,preconditioning_request,UI_batteryPreconditioningRequest,1722082152000000000,1722082153000000000,1722082153000000000
BEV1_2024-07-27_drive4.csv,soc,SOCave292,1722088420000000000,1722088421000000000,1722088421000000000
BEV1_2024-07-27_drive4.csv,ambient_c,VCRIGHT_tempAmbientRaw,1722088420000000000,1722088421000000000,1722088421000000000
BEV1_2024-07-27_drive4.csv,pack_min_c,BMSminPackTemperature,1722088420000000000,1722088421000000000,1722088421000000000
BEV1_2024-07-27_drive4.csv,pack_max_c,BMSmaxPackTemperature,1722088420000000000,1722088421000000000,1722088421000000000
BEV1_2024-07-27_drive4.csv,preconditioning_request,UI_batteryPreconditioningRequest,1722088420000000000,1722088421000000000,1722088421000000000
BEV1_2024-07-29_drive1.csv,soc,SOCave292,1722233287000000000,1722233288000000000,1722233288000000000
BEV1_2024-07-29_drive1.csv,ambient_c,VCRIGHT_tempAmbientRaw,1722233287000000000,1722233288000000000,1722233288000000000
BEV1_2024-07-29_drive1.csv,pack_min_c,BMSminPackTemperature,1722233287000000000,1722233288000000000,1722233288000000000
BEV1_2024-07-29_drive1.csv,pack_max_c,BMSmaxPackTemperature,1722233287000000000,1722233288000000000,1722233288000000000
BEV1_2024-07-29_drive1.csv,preconditioning_request,UI_batteryPreconditioningRequest,1722233287000000000,1722233288000000000,1722233288000000000
BEV1_2024-07-29_drive2.csv,soc,SOCave292,1722267540000000000,1722267541000000000,1722267541000000000
BEV1_2024-07-29_drive2.csv,ambient_c,VCRIGHT_tempAmbientRaw,1722267540000000000,1722267541000000000,1722267541000000000
BEV1_2024-07-29_drive2.csv,pack_min_c,BMSminPackTemperature,1722267540000000000,1722267541000000000,1722267541000000000
BEV1_2024-07-29_drive2.csv,pack_max_c,BMSmaxPackTemperature,1722267540000000000,1722267541000000000,1722267541000000000
BEV1_2024-07-29_drive2.csv,preconditioning_request,UI_batteryPreconditioningRequest,1722267540000000000,1722267541000000000,1722267541000000000
BEV1_2024-07-30_drive1.csv,soc,SOCave292,1722321118000000000,1722321119000000000,1722321119000000000
BEV1_2024-07-30_drive1.csv,ambient_c,VCRIGHT_tempAmbientRaw,1722321118000000000,1722321119000000000,1722321119000000000
BEV1_2024-07-30_drive1.csv,pack_min_c,BMSminPackTemperature,1722321118000000000,1722321119000000000,1722321119000000000
BEV1_2024-07-30_drive1.csv,pack_max_c,BMSmaxPackTemperature,1722321118000000000,1722321119000000000,1722321119000000000
BEV1_2024-07-30_drive1.csv,preconditioning_request,UI_batteryPreconditioningRequest,1722321118000000000,1722321119000000000,1722321119000000000
BEV1_2024-07-30_drive2.csv,soc,SOCave292,1722352513000000000,1722352514000000000,1722352514000000000
BEV1_2024-07-30_drive2.csv,ambient_c,VCRIGHT_tempAmbientRaw,1722352513000000000,1722352514000000000,1722352514000000000
BEV1_2024-07-30_drive2.csv,pack_min_c,BMSminPackTemperature,1722352513000000000,1722352514000000000,1722352514000000000
BEV1_2024-07-30_drive2.csv,pack_max_c,BMSmaxPackTemperature,1722352513000000000,1722352514000000000,1722352514000000000
BEV1_2024-07-30_drive2.csv,preconditioning_request,UI_batteryPreconditioningRequest,1722352513000000000,1722352514000000000,1722352514000000000
BEV1_2024-07-31_drive1.csv,soc,SOCave292,1722404878000000000,1722404879000000000,1722404879000000000
BEV1_2024-07-31_drive1.csv,ambient_c,VCRIGHT_tempAmbientRaw,1722404878000000000,1722404879000000000,1722404879000000000
BEV1_2024-07-31_drive1.csv,pack_min_c,BMSminPackTemperature,1722404878000000000,1722404879000000000,1722404879000000000
BEV1_2024-07-31_drive1.csv,pack_max_c,BMSmaxPackTemperature,1722404878000000000,1722404879000000000,1722404879000000000
BEV1_2024-07-31_drive1.csv,preconditioning_request,UI_batteryPreconditioningRequest,1722404878000000000,1722404879000000000,1722404879000000000
BEV1_2024-07-31_drive2.csv,soc,SOCave292,1722437765000000000,1722437766000000000,1722437766000000000
BEV1_2024-07-31_drive2.csv,ambient_c,VCRIGHT_tempAmbientRaw,1722437765000000000,1722437766000000000,1722437766000000000
BEV1_2024-07-31_drive2.csv,pack_min_c,BMSminPackTemperature,1722437765000000000,1722437766000000000,1722437766000000000
BEV1_2024-07-31_drive2.csv,pack_max_c,BMSmaxPackTemperature,1722437765000000000,1722437766000000000,1722437766000000000
BEV1_2024-07-31_drive2.csv,preconditioning_request,UI_batteryPreconditioningRequest,1722437765000000000,1722437766000000000,1722437766000000000
BEV1_2024-07-31_drive3.csv,soc,SOCave292,1722446733000000000,1722446734000000000,1722446734000000000
BEV1_2024-07-31_drive3.csv,ambient_c,VCRIGHT_tempAmbientRaw,1722446733000000000,1722446734000000000,1722446734000000000
BEV1_2024-07-31_drive3.csv,pack_min_c,BMSminPackTemperature,1722446733000000000,1722446734000000000,1722446734000000000
BEV1_2024-07-31_drive3.csv,pack_max_c,BMSmaxPackTemperature,1722446733000000000,1722446734000000000,1722446734000000000
BEV1_2024-08-01_drive1.csv,soc,SOCave292,1722493627000000000,1722493628000000000,1722493628000000000
BEV1_2024-08-01_drive1.csv,ambient_c,VCRIGHT_tempAmbientRaw,1722493627000000000,1722493628000000000,1722493628000000000
BEV1_2024-08-01_drive1.csv,pack_min_c,BMSminPackTemperature,1722493627000000000,1722493628000000000,1722493628000000000
BEV1_2024-08-01_drive1.csv,pack_max_c,BMSmaxPackTemperature,1722493627000000000,1722493628000000000,1722493628000000000
BEV1_2024-08-01_drive2.csv,soc,SOCave292,1722526582000000000,1722526583000000000,1722526583000000000
BEV1_2024-08-01_drive2.csv,ambient_c,VCRIGHT_tempAmbientRaw,1722526582000000000,1722526583000000000,1722526583000000000
BEV1_2024-08-01_drive2.csv,pack_min_c,BMSminPackTemperature,1722526582000000000,1722526583000000000,1722526583000000000
BEV1_2024-08-01_drive2.csv,pack_max_c,BMSmaxPackTemperature,1722526582000000000,1722526583000000000,1722526583000000000
BEV1_2024-08-02_drive1.csv,soc,SOCave292,1722587258000000000,1722587259000000000,1722587259000000000
BEV1_2024-08-02_drive1.csv,ambient_c,VCRIGHT_tempAmbientRaw,1722587258000000000,1722587259000000000,1722587259000000000
BEV1_2024-08-02_drive1.csv,pack_min_c,BMSminPackTemperature,1722587258000000000,1722587259000000000,1722587259000000000
BEV1_2024-08-02_drive1.csv,pack_max_c,BMSmaxPackTemperature,1722587258000000000,1722587259000000000,1722587259000000000
BEV1_2024-08-02_drive1.csv,preconditioning_request,UI_batteryPreconditioningRequest,1722587258000000000,1722587259000000000,1722587259000000000
BEV1_2024-08-06_drive1.csv,soc,SOCave292,1722958661000000000,1722958662000000000,1722958662000000000
BEV1_2024-08-06_drive1.csv,ambient_c,VCRIGHT_tempAmbientRaw,1722958661000000000,1722958662000000000,1722958662000000000
BEV1_2024-08-06_drive1.csv,pack_min_c,BMSminPackTemperature,1722958661000000000,1722958662000000000,1722958662000000000
BEV1_2024-08-06_drive1.csv,pack_max_c,BMSmaxPackTemperature,1722958661000000000,1722958662000000000,1722958662000000000
BEV1_2024-08-06_drive1.csv,preconditioning_request,UI_batteryPreconditioningRequest,1722958661000000000,1722958662000000000,1722958662000000000
BEV1_2024-08-06_drive2.csv,soc,SOCave292,1722963749000000000,1722963750000000000,1722963750000000000
BEV1_2024-08-06_drive2.csv,ambient_c,VCRIGHT_tempAmbientRaw,1722963749000000000,1722963750000000000,1722963750000000000
BEV1_2024-08-06_drive2.csv,pack_min_c,BMSminPackTemperature,1722963749000000000,1722963750000000000,1722963750000000000
BEV1_2024-08-06_drive2.csv,pack_max_c,BMSmaxPackTemperature,1722963749000000000,1722963750000000000,1722963750000000000
BEV1_2024-08-06_drive2.csv,preconditioning_request,UI_batteryPreconditioningRequest,1722963749000000000,1722963750000000000,1722963750000000000
BEV1_2024-08-06_drive3.csv,soc,SOCave292,1722967801000000000,1722967802000000000,1722967802000000000
BEV1_2024-08-06_drive3.csv,ambient_c,VCRIGHT_tempAmbientRaw,1722967801000000000,1722967802000000000,1722967802000000000
BEV1_2024-08-06_drive3.csv,pack_min_c,BMSminPackTemperature,1722967801000000000,1722967802000000000,1722967802000000000
BEV1_2024-08-06_drive3.csv,pack_max_c,BMSmaxPackTemperature,1722967801000000000,1722967802000000000,1722967802000000000
BEV1_2024-08-06_drive3.csv,preconditioning_request,UI_batteryPreconditioningRequest,1722967801000000000,1722967802000000000,1722967802000000000
BEV1_2024-08-08_drive1.csv,soc,SOCave292,1723093836000000000,1723093837000000000,1723093837000000000
BEV1_2024-08-08_drive1.csv,ambient_c,VCRIGHT_tempAmbientRaw,1723093836000000000,1723093837000000000,1723093837000000000
BEV1_2024-08-08_drive1.csv,pack_min_c,BMSminPackTemperature,1723093836000000000,1723093837000000000,1723093837000000000
BEV1_2024-08-08_drive1.csv,pack_max_c,BMSmaxPackTemperature,1723093836000000000,1723093837000000000,1723093837000000000
BEV1_2024-08-08_drive1.csv,preconditioning_request,UI_batteryPreconditioningRequest,1723093836000000000,1723093837000000000,1723093837000000000
BEV1_2024-08-10_drive1.csv,soc,SOCave292,1723270416000000000,1723270417000000000,1723270417000000000
BEV1_2024-08-10_drive1.csv,ambient_c,VCRIGHT_tempAmbientRaw,1723270416000000000,1723270417000000000,1723270417000000000
BEV1_2024-08-10_drive1.csv,pack_min_c,BMSminPackTemperature,1723270416000000000,1723270417000000000,1723270417000000000
BEV1_2024-08-10_drive1.csv,pack_max_c,BMSmaxPackTemperature,1723270416000000000,1723270417000000000,1723270417000000000
BEV1_2024-08-10_drive1.csv,preconditioning_request,UI_batteryPreconditioningRequest,1723270416000000000,1723270417000000000,1723270417000000000
BEV1_2024-08-10_drive2.csv,soc,SOCave292,1723273342000000000,1723273343000000000,1723273343000000000
BEV1_2024-08-10_drive2.csv,ambient_c,VCRIGHT_tempAmbientRaw,1723273342000000000,1723273343000000000,1723273343000000000
BEV1_2024-08-10_drive2.csv,pack_min_c,BMSminPackTemperature,1723273342000000000,1723273343000000000,1723273343000000000
BEV1_2024-08-10_drive2.csv,pack_max_c,BMSmaxPackTemperature,1723273342000000000,1723273343000000000,1723273343000000000
BEV1_2024-08-10_drive2.csv,preconditioning_request,UI_batteryPreconditioningRequest,1723273342000000000,1723273343000000000,1723273343000000000
BEV1_2024-08-10_drive3.csv,soc,SOCave292,1723285029000000000,1723285030000000000,1723285030000000000
BEV1_2024-08-10_drive3.csv,ambient_c,VCRIGHT_tempAmbientRaw,1723285029000000000,1723285030000000000,1723285030000000000
BEV1_2024-08-10_drive3.csv,pack_min_c,BMSminPackTemperature,1723285029000000000,1723285030000000000,1723285030000000000
BEV1_2024-08-10_drive3.csv,pack_max_c,BMSmaxPackTemperature,1723285029000000000,1723285030000000000,1723285030000000000
BEV1_2024-08-10_drive3.csv,preconditioning_request,UI_batteryPreconditioningRequest,1723285029000000000,1723285030000000000,1723285030000000000
BEV1_2024-08-10_drive4.csv,soc,SOCave292,1723317133000000000,1723317134000000000,1723317134000000000
BEV1_2024-08-10_drive4.csv,ambient_c,VCRIGHT_tempAmbientRaw,1723317133000000000,1723317134000000000,1723317134000000000
BEV1_2024-08-10_drive4.csv,pack_min_c,BMSminPackTemperature,1723317133000000000,1723317134000000000,1723317134000000000
BEV1_2024-08-10_drive4.csv,pack_max_c,BMSmaxPackTemperature,1723317133000000000,1723317134000000000,1723317134000000000
BEV1_2024-08-10_drive4.csv,preconditioning_request,UI_batteryPreconditioningRequest,1723317133000000000,1723317134000000000,1723317134000000000
BEV1_2024-08-10_drive5.csv,soc,SOCave292,1723329971000000000,1723329972000000000,1723329972000000000
BEV1_2024-08-10_drive5.csv,ambient_c,VCRIGHT_tempAmbientRaw,1723329971000000000,1723329972000000000,1723329972000000000
BEV1_2024-08-10_drive5.csv,pack_min_c,BMSminPackTemperature,1723329971000000000,1723329972000000000,1723329972000000000
BEV1_2024-08-10_drive5.csv,pack_max_c,BMSmaxPackTemperature,1723329971000000000,1723329972000000000,1723329972000000000
BEV1_2024-08-10_drive5.csv,preconditioning_request,UI_batteryPreconditioningRequest,1723329971000000000,1723329972000000000,1723329972000000000
BEV1_2024-08-11_drive1.csv,soc,SOCave292,1723357576000000000,1723357577000000000,1723357577000000000
BEV1_2024-08-11_drive1.csv,ambient_c,VCRIGHT_tempAmbientRaw,1723357576000000000,1723357577000000000,1723357577000000000
BEV1_2024-08-11_drive1.csv,pack_min_c,BMSminPackTemperature,1723357576000000000,1723357577000000000,1723357577000000000
BEV1_2024-08-11_drive1.csv,pack_max_c,BMSmaxPackTemperature,1723357576000000000,1723357577000000000,1723357577000000000
BEV1_2024-08-11_drive1.csv,preconditioning_request,UI_batteryPreconditioningRequest,1723357576000000000,1723357577000000000,1723357577000000000
BEV1_2024-08-11_drive2.csv,soc,SOCave292,1723361532000000000,1723361533000000000,1723361533000000000
BEV1_2024-08-11_drive2.csv,ambient_c,VCRIGHT_tempAmbientRaw,1723361532000000000,1723361533000000000,1723361533000000000
BEV1_2024-08-11_drive2.csv,pack_min_c,BMSminPackTemperature,1723361532000000000,1723361533000000000,1723361533000000000
BEV1_2024-08-11_drive2.csv,pack_max_c,BMSmaxPackTemperature,1723361532000000000,1723361533000000000,1723361533000000000
BEV1_2024-08-11_drive2.csv,preconditioning_request,UI_batteryPreconditioningRequest,1723361532000000000,1723361533000000000,1723361533000000000
BEV1_2024-08-11_drive3.csv,soc,SOCave292,1723383495000000000,1723383496000000000,1723383496000000000
BEV1_2024-08-11_drive3.csv,ambient_c,VCRIGHT_tempAmbientRaw,1723383495000000000,1723383496000000000,1723383496000000000
BEV1_2024-08-11_drive3.csv,pack_min_c,BMSminPackTemperature,1723383495000000000,1723383496000000000,1723383496000000000
BEV1_2024-08-11_drive3.csv,pack_max_c,BMSmaxPackTemperature,1723383495000000000,1723383496000000000,1723383496000000000
BEV1_2024-08-11_drive3.csv,preconditioning_request,UI_batteryPreconditioningRequest,1723383495000000000,1723383496000000000,1723383496000000000
BEV1_2024-08-29_drive1.csv,soc,SOCave292,1724944857000000000,1724944858000000000,1724944858000000000
BEV1_2024-08-29_drive1.csv,ambient_c,VCRIGHT_tempAmbientRaw,1724944857000000000,1724944858000000000,1724944858000000000
BEV1_2024-08-29_drive1.csv,pack_min_c,BMSminPackTemperature,1724944857000000000,1724944858000000000,1724944858000000000
BEV1_2024-08-29_drive1.csv,pack_max_c,BMSmaxPackTemperature,1724944857000000000,1724944858000000000,1724944858000000000
BEV1_2024-08-29_drive1.csv,preconditioning_request,UI_batteryPreconditioningRequest,1724944857000000000,1724944858000000000,1724944858000000000
BEV1_2024-08-30_drive1.csv,soc,SOCave292,1724999762000000000,1724999763000000000,1724999763000000000
BEV1_2024-08-30_drive1.csv,ambient_c,VCRIGHT_tempAmbientRaw,1724999762000000000,1724999763000000000,1724999763000000000
BEV1_2024-08-30_drive1.csv,pack_min_c,BMSminPackTemperature,1724999762000000000,1724999763000000000,1724999763000000000
BEV1_2024-08-30_drive1.csv,pack_max_c,BMSmaxPackTemperature,1724999762000000000,1724999763000000000,1724999763000000000
BEV1_2024-08-30_drive1.csv,preconditioning_request,UI_batteryPreconditioningRequest,1724999762000000000,1724999763000000000,1724999763000000000
BEV1_2024-08-30_drive2.csv,soc,SOCave292,1725007856000000000,1725007857000000000,1725007857000000000
BEV1_2024-08-30_drive2.csv,ambient_c,VCRIGHT_tempAmbientRaw,1725007856000000000,1725007857000000000,1725007857000000000
BEV1_2024-08-30_drive2.csv,pack_min_c,BMSminPackTemperature,1725007856000000000,1725007857000000000,1725007857000000000
BEV1_2024-08-30_drive2.csv,pack_max_c,BMSmaxPackTemperature,1725007856000000000,1725007857000000000,1725007857000000000
BEV1_2024-08-30_drive2.csv,preconditioning_request,UI_batteryPreconditioningRequest,1725007856000000000,1725007857000000000,1725007857000000000
BEV1_2024-08-31_drive1.csv,soc,SOCave292,1725128901000000000,1725128902000000000,1725128902000000000
BEV1_2024-08-31_drive1.csv,ambient_c,VCRIGHT_tempAmbientRaw,1725128901000000000,1725128902000000000,1725128902000000000
BEV1_2024-08-31_drive1.csv,pack_min_c,BMSminPackTemperature,1725128901000000000,1725128902000000000,1725128902000000000
BEV1_2024-08-31_drive1.csv,pack_max_c,BMSmaxPackTemperature,1725128901000000000,1725128902000000000,1725128902000000000
BEV1_2024-08-31_drive1.csv,preconditioning_request,UI_batteryPreconditioningRequest,1725128901000000000,1725128902000000000,1725128902000000000
BEV1_2024-08-31_drive2.csv,soc,SOCave292,1725137034000000000,1725137035000000000,1725137035000000000
BEV1_2024-08-31_drive2.csv,ambient_c,VCRIGHT_tempAmbientRaw,1725137034000000000,1725137035000000000,1725137035000000000
BEV1_2024-08-31_drive2.csv,pack_min_c,BMSminPackTemperature,1725137034000000000,1725137035000000000,1725137035000000000
BEV1_2024-08-31_drive2.csv,pack_max_c,BMSmaxPackTemperature,1725137034000000000,1725137035000000000,1725137035000000000
BEV1_2024-08-31_drive2.csv,preconditioning_request,UI_batteryPreconditioningRequest,1725137034000000000,1725137035000000000,1725137035000000000
BEV1_2024-09-01_drive1.csv,soc,SOCave292,1725178917000000000,1725178918000000000,1725178918000000000
BEV1_2024-09-01_drive1.csv,ambient_c,VCRIGHT_tempAmbientRaw,1725178917000000000,1725178918000000000,1725178918000000000
BEV1_2024-09-01_drive1.csv,pack_min_c,BMSminPackTemperature,1725178917000000000,1725178918000000000,1725178918000000000
BEV1_2024-09-01_drive1.csv,pack_max_c,BMSmaxPackTemperature,1725178917000000000,1725178918000000000,1725178918000000000
BEV1_2024-09-01_drive1.csv,preconditioning_request,UI_batteryPreconditioningRequest,1725178917000000000,1725178918000000000,1725178918000000000
BEV1_2024-09-01_drive2.csv,soc,SOCave292,1725186212000000000,1725186213000000000,1725186213000000000
BEV1_2024-09-01_drive2.csv,ambient_c,VCRIGHT_tempAmbientRaw,1725186212000000000,1725186213000000000,1725186213000000000
BEV1_2024-09-01_drive2.csv,pack_min_c,BMSminPackTemperature,1725186212000000000,1725186213000000000,1725186213000000000
BEV1_2024-09-01_drive2.csv,pack_max_c,BMSmaxPackTemperature,1725186212000000000,1725186213000000000,1725186213000000000
BEV1_2024-09-01_drive2.csv,preconditioning_request,UI_batteryPreconditioningRequest,1725186212000000000,1725186213000000000,1725186213000000000
BEV1_2024-09-01_drive3.csv,soc,SOCave292,1725197845000000000,1725197846000000000,1725197846000000000
BEV1_2024-09-01_drive3.csv,ambient_c,VCRIGHT_tempAmbientRaw,1725197845000000000,1725197846000000000,1725197846000000000
BEV1_2024-09-01_drive3.csv,pack_min_c,BMSminPackTemperature,1725197845000000000,1725197846000000000,1725197846000000000
BEV1_2024-09-01_drive3.csv,pack_max_c,BMSmaxPackTemperature,1725197845000000000,1725197846000000000,1725197846000000000
BEV1_2024-09-01_drive3.csv,preconditioning_request,UI_batteryPreconditioningRequest,1725197845000000000,1725197846000000000,1725197846000000000
BEV1_2024-09-01_drive4.csv,soc,SOCave292,1725205092000000000,1725205093000000000,1725205093000000000
BEV1_2024-09-01_drive4.csv,ambient_c,VCRIGHT_tempAmbientRaw,1725205092000000000,1725205093000000000,1725205093000000000
BEV1_2024-09-01_drive4.csv,pack_min_c,BMSminPackTemperature,1725205092000000000,1725205093000000000,1725205093000000000
BEV1_2024-09-01_drive4.csv,pack_max_c,BMSmaxPackTemperature,1725205092000000000,1725205093000000000,1725205093000000000
BEV1_2024-09-01_drive4.csv,preconditioning_request,UI_batteryPreconditioningRequest,1725205092000000000,1725205093000000000,1725205093000000000
BEV1_2024-09-01_drive5.csv,soc,SOCave292,1725214243000000000,1725214244000000000,1725214244000000000
BEV1_2024-09-01_drive5.csv,ambient_c,VCRIGHT_tempAmbientRaw,1725214243000000000,1725214244000000000,1725214244000000000
BEV1_2024-09-01_drive5.csv,pack_min_c,BMSminPackTemperature,1725214243000000000,1725214244000000000,1725214244000000000
BEV1_2024-09-01_drive5.csv,pack_max_c,BMSmaxPackTemperature,1725214243000000000,1725214244000000000,1725214244000000000
BEV1_2024-09-01_drive5.csv,preconditioning_request,UI_batteryPreconditioningRequest,1725214243000000000,1725214244000000000,1725214244000000000
BEV1_2024-09-02_drive1.csv,soc,SOCave292,1725258188000000000,1725258189000000000,1725258189000000000
BEV1_2024-09-02_drive1.csv,ambient_c,VCRIGHT_tempAmbientRaw,1725258188000000000,1725258189000000000,1725258189000000000
BEV1_2024-09-02_drive1.csv,pack_min_c,BMSminPackTemperature,1725258188000000000,1725258189000000000,1725258189000000000
BEV1_2024-09-02_drive1.csv,pack_max_c,BMSmaxPackTemperature,1725258188000000000,1725258189000000000,1725258189000000000
BEV1_2024-09-02_drive1.csv,preconditioning_request,UI_batteryPreconditioningRequest,1725258188000000000,1725258189000000000,1725258189000000000
BEV1_2024-09-02_drive2.csv,soc,SOCave292,1725292133000000000,1725292134000000000,1725292134000000000
BEV1_2024-09-02_drive2.csv,ambient_c,VCRIGHT_tempAmbientRaw,1725292133000000000,1725292134000000000,1725292134000000000
BEV1_2024-09-02_drive2.csv,pack_min_c,BMSminPackTemperature,1725292133000000000,1725292134000000000,1725292134000000000
BEV1_2024-09-02_drive2.csv,pack_max_c,BMSmaxPackTemperature,1725292133000000000,1725292134000000000,1725292134000000000
BEV1_2024-09-02_drive2.csv,preconditioning_request,UI_batteryPreconditioningRequest,1725292133000000000,1725292134000000000,1725292134000000000
BEV1_2024-09-03_drive1.csv,soc,SOCave292,1725351477000000000,1725351478000000000,1725351478000000000
BEV1_2024-09-03_drive1.csv,ambient_c,VCRIGHT_tempAmbientRaw,1725351477000000000,1725351478000000000,1725351478000000000
BEV1_2024-09-03_drive1.csv,pack_min_c,BMSminPackTemperature,1725351477000000000,1725351478000000000,1725351478000000000
BEV1_2024-09-03_drive1.csv,pack_max_c,BMSmaxPackTemperature,1725351477000000000,1725351478000000000,1725351478000000000
BEV1_2024-09-03_drive1.csv,preconditioning_request,UI_batteryPreconditioningRequest,1725351477000000000,1725351478000000000,1725351478000000000
BEV1_2024-09-03_drive2.csv,soc,SOCave292,1725358051000000000,1725358052000000000,1725358052000000000
BEV1_2024-09-03_drive2.csv,ambient_c,VCRIGHT_tempAmbientRaw,1725358051000000000,1725358052000000000,1725358052000000000
BEV1_2024-09-03_drive2.csv,pack_min_c,BMSminPackTemperature,1725358051000000000,1725358052000000000,1725358052000000000
BEV1_2024-09-03_drive2.csv,pack_max_c,BMSmaxPackTemperature,1725358051000000000,1725358052000000000,1725358052000000000
BEV1_2024-09-03_drive2.csv,preconditioning_request,UI_batteryPreconditioningRequest,1725358051000000000,1725358052000000000,1725358052000000000
BEV1_2024-09-03_drive3.csv,soc,SOCave292,1725367286000000000,1725367287000000000,1725367287000000000
BEV1_2024-09-03_drive3.csv,ambient_c,VCRIGHT_tempAmbientRaw,1725367286000000000,1725367287000000000,1725367287000000000
BEV1_2024-09-03_drive3.csv,pack_min_c,BMSminPackTemperature,1725367286000000000,1725367287000000000,1725367287000000000
BEV1_2024-09-03_drive3.csv,pack_max_c,BMSmaxPackTemperature,1725367286000000000,1725367287000000000,1725367287000000000
BEV1_2024-09-03_drive3.csv,preconditioning_request,UI_batteryPreconditioningRequest,1725367286000000000,1725367287000000000,1725367287000000000
BEV1_2024-09-03_drive5.csv,soc,SOCave292,1725381325000000000,1725381326000000000,1725381326000000000
BEV1_2024-09-03_drive5.csv,ambient_c,VCRIGHT_tempAmbientRaw,1725381325000000000,1725381326000000000,1725381326000000000
BEV1_2024-09-03_drive5.csv,pack_min_c,BMSminPackTemperature,1725381325000000000,1725381326000000000,1725381326000000000
BEV1_2024-09-03_drive5.csv,pack_max_c,BMSmaxPackTemperature,1725381325000000000,1725381326000000000,1725381326000000000
BEV1_2024-09-03_drive5.csv,preconditioning_request,UI_batteryPreconditioningRequest,1725381325000000000,1725381326000000000,1725381326000000000
BEV1_2024-09-03_drive6.csv,soc,SOCave292,1725389463000000000,1725389464000000000,1725389464000000000
BEV1_2024-09-03_drive6.csv,ambient_c,VCRIGHT_tempAmbientRaw,1725389463000000000,1725389464000000000,1725389464000000000
BEV1_2024-09-03_drive6.csv,pack_min_c,BMSminPackTemperature,1725389463000000000,1725389464000000000,1725389464000000000
BEV1_2024-09-03_drive6.csv,pack_max_c,BMSmaxPackTemperature,1725389463000000000,1725389464000000000,1725389464000000000
BEV1_2024-09-03_drive6.csv,preconditioning_request,UI_batteryPreconditioningRequest,1725389463000000000,1725389464000000000,1725389464000000000
BEV1_2024-09-04_drive1.csv,soc,SOCave292,1725429456000000000,1725429457000000000,1725429457000000000
BEV1_2024-09-04_drive1.csv,ambient_c,VCRIGHT_tempAmbientRaw,1725429456000000000,1725429457000000000,1725429457000000000
BEV1_2024-09-04_drive1.csv,pack_min_c,BMSminPackTemperature,1725429456000000000,1725429457000000000,1725429457000000000
BEV1_2024-09-04_drive1.csv,pack_max_c,BMSmaxPackTemperature,1725429456000000000,1725429457000000000,1725429457000000000
BEV1_2024-09-04_drive1.csv,preconditioning_request,UI_batteryPreconditioningRequest,1725429456000000000,1725429457000000000,1725429457000000000
BEV1_2024-09-04_drive2.csv,soc,SOCave292,1725463971000000000,1725463972000000000,1725463972000000000
BEV1_2024-09-04_drive2.csv,ambient_c,VCRIGHT_tempAmbientRaw,1725463971000000000,1725463972000000000,1725463972000000000
BEV1_2024-09-04_drive2.csv,pack_min_c,BMSminPackTemperature,1725463971000000000,1725463972000000000,1725463972000000000
BEV1_2024-09-04_drive2.csv,pack_max_c,BMSmaxPackTemperature,1725463971000000000,1725463972000000000,1725463972000000000
BEV1_2024-09-04_drive2.csv,preconditioning_request,UI_batteryPreconditioningRequest,1725463971000000000,1725463972000000000,1725463972000000000
BEV1_2024-09-17_drive1.csv,soc,SOCave292,1726588229000000000,1726588230000000000,1726588230000000000
BEV1_2024-09-17_drive1.csv,ambient_c,VCRIGHT_tempAmbientRaw,1726588229000000000,1726588230000000000,1726588230000000000
BEV1_2024-09-17_drive1.csv,pack_min_c,BMSminPackTemperature,1726588229000000000,1726588230000000000,1726588230000000000
BEV1_2024-09-17_drive1.csv,pack_max_c,BMSmaxPackTemperature,1726588229000000000,1726588230000000000,1726588230000000000
BEV1_2024-09-17_drive1.csv,preconditioning_request,UI_batteryPreconditioningRequest,1726588229000000000,1726588230000000000,1726588230000000000
BEV1_2024-09-18_drive1.csv,soc,SOCave292,1726643139000000000,1726643140000000000,1726643140000000000
BEV1_2024-09-18_drive1.csv,ambient_c,VCRIGHT_tempAmbientRaw,1726643139000000000,1726643140000000000,1726643140000000000
BEV1_2024-09-18_drive1.csv,pack_min_c,BMSminPackTemperature,1726643139000000000,1726643140000000000,1726643140000000000
BEV1_2024-09-18_drive1.csv,pack_max_c,BMSmaxPackTemperature,1726643139000000000,1726643140000000000,1726643140000000000
BEV1_2024-09-18_drive1.csv,preconditioning_request,UI_batteryPreconditioningRequest,1726643139000000000,1726643140000000000,1726643140000000000
BEV1_2024-09-18_drive2.csv,soc,SOCave292,1726674558000000000,1726674559000000000,1726674559000000000
BEV1_2024-09-18_drive2.csv,ambient_c,VCRIGHT_tempAmbientRaw,1726674558000000000,1726674559000000000,1726674559000000000
BEV1_2024-09-18_drive2.csv,pack_min_c,BMSminPackTemperature,1726674558000000000,1726674559000000000,1726674559000000000
BEV1_2024-09-18_drive2.csv,pack_max_c,BMSmaxPackTemperature,1726674558000000000,1726674559000000000,1726674559000000000
BEV1_2024-09-18_drive2.csv,preconditioning_request,UI_batteryPreconditioningRequest,1726674558000000000,1726674559000000000,1726674559000000000
BEV1_2024-09-18_drive3.csv,soc,SOCave292,1726687168000000000,1726687169000000000,1726687169000000000
BEV1_2024-09-18_drive3.csv,ambient_c,VCRIGHT_tempAmbientRaw,1726687168000000000,1726687169000000000,1726687169000000000
BEV1_2024-09-18_drive3.csv,pack_min_c,BMSminPackTemperature,1726687168000000000,1726687169000000000,1726687169000000000
BEV1_2024-09-18_drive3.csv,pack_max_c,BMSmaxPackTemperature,1726687168000000000,1726687169000000000,1726687169000000000
BEV1_2024-09-18_drive3.csv,preconditioning_request,UI_batteryPreconditioningRequest,1726687168000000000,1726687169000000000,1726687169000000000
BEV1_2024-09-18_drive4.csv,soc,SOCave292,1726691239000000000,1726691240000000000,1726691240000000000
BEV1_2024-09-18_drive4.csv,ambient_c,VCRIGHT_tempAmbientRaw,1726691239000000000,1726691240000000000,1726691240000000000
BEV1_2024-09-18_drive4.csv,pack_min_c,BMSminPackTemperature,1726691239000000000,1726691240000000000,1726691240000000000
BEV1_2024-09-18_drive4.csv,pack_max_c,BMSmaxPackTemperature,1726691239000000000,1726691240000000000,1726691240000000000
BEV1_2024-09-18_drive4.csv,preconditioning_request,UI_batteryPreconditioningRequest,1726691239000000000,1726691240000000000,1726691240000000000
BEV1_2024-09-19_drive1.csv,soc,SOCave292,1726727143000000000,1726727144000000000,1726727144000000000
BEV1_2024-09-19_drive1.csv,ambient_c,VCRIGHT_tempAmbientRaw,1726727143000000000,1726727144000000000,1726727144000000000
BEV1_2024-09-19_drive1.csv,pack_min_c,BMSminPackTemperature,1726727143000000000,1726727144000000000,1726727144000000000
BEV1_2024-09-19_drive1.csv,pack_max_c,BMSmaxPackTemperature,1726727143000000000,1726727144000000000,1726727144000000000
BEV1_2024-09-19_drive1.csv,preconditioning_request,UI_batteryPreconditioningRequest,1726727143000000000,1726727144000000000,1726727144000000000
BEV1_2024-09-19_drive2.csv,soc,SOCave292,1726757274000000000,1726757275000000000,1726757275000000000
BEV1_2024-09-19_drive2.csv,ambient_c,VCRIGHT_tempAmbientRaw,1726757274000000000,1726757275000000000,1726757275000000000
BEV1_2024-09-19_drive2.csv,pack_min_c,BMSminPackTemperature,1726757274000000000,1726757275000000000,1726757275000000000
BEV1_2024-09-19_drive2.csv,pack_max_c,BMSmaxPackTemperature,1726757274000000000,1726757275000000000,1726757275000000000
BEV1_2024-09-19_drive2.csv,preconditioning_request,UI_batteryPreconditioningRequest,1726757274000000000,1726757275000000000,1726757275000000000
BEV1_2024-09-20_drive1.csv,soc,SOCave292,1726811473000000000,1726811474000000000,1726811474000000000
BEV1_2024-09-20_drive1.csv,ambient_c,VCRIGHT_tempAmbientRaw,1726811473000000000,1726811474000000000,1726811474000000000
BEV1_2024-09-20_drive1.csv,pack_min_c,BMSminPackTemperature,1726811473000000000,1726811474000000000,1726811474000000000
BEV1_2024-09-20_drive1.csv,pack_max_c,BMSmaxPackTemperature,1726811473000000000,1726811474000000000,1726811474000000000
BEV1_2024-09-20_drive1.csv,preconditioning_request,UI_batteryPreconditioningRequest,1726811473000000000,1726811474000000000,1726811474000000000
BEV1_2024-09-20_drive2.csv,soc,SOCave292,1726834492000000000,1726834493000000000,1726834493000000000
BEV1_2024-09-20_drive2.csv,ambient_c,VCRIGHT_tempAmbientRaw,1726834492000000000,1726834493000000000,1726834493000000000
BEV1_2024-09-20_drive2.csv,pack_min_c,BMSminPackTemperature,1726834492000000000,1726834493000000000,1726834493000000000
BEV1_2024-09-20_drive2.csv,pack_max_c,BMSmaxPackTemperature,1726834492000000000,1726834493000000000,1726834493000000000
BEV1_2024-09-20_drive2.csv,preconditioning_request,UI_batteryPreconditioningRequest,1726834492000000000,1726834493000000000,1726834493000000000
BEV1_2024-09-20_drive3.csv,soc,SOCave292,1726846654000000000,1726846655000000000,1726846655000000000
BEV1_2024-09-20_drive3.csv,ambient_c,VCRIGHT_tempAmbientRaw,1726846654000000000,1726846655000000000,1726846655000000000
BEV1_2024-09-20_drive3.csv,pack_min_c,BMSminPackTemperature,1726846654000000000,1726846655000000000,1726846655000000000
BEV1_2024-09-20_drive3.csv,pack_max_c,BMSmaxPackTemperature,1726846654000000000,1726846655000000000,1726846655000000000
BEV1_2024-09-20_drive3.csv,preconditioning_request,UI_batteryPreconditioningRequest,1726846654000000000,1726846655000000000,1726846655000000000
BEV1_2024-09-21_drive1.csv,soc,SOCave292,1726906763000000000,1726906764000000000,1726906764000000000
BEV1_2024-09-21_drive1.csv,ambient_c,VCRIGHT_tempAmbientRaw,1726906763000000000,1726906764000000000,1726906764000000000
BEV1_2024-09-21_drive1.csv,pack_min_c,BMSminPackTemperature,1726906763000000000,1726906764000000000,1726906764000000000
BEV1_2024-09-21_drive1.csv,pack_max_c,BMSmaxPackTemperature,1726906763000000000,1726906764000000000,1726906764000000000
BEV1_2024-09-21_drive1.csv,preconditioning_request,UI_batteryPreconditioningRequest,1726906763000000000,1726906764000000000,1726906764000000000
BEV1_2024-09-21_drive2.csv,soc,SOCave292,1726934823000000000,1726934824000000000,1726934824000000000
BEV1_2024-09-21_drive2.csv,ambient_c,VCRIGHT_tempAmbientRaw,1726934823000000000,1726934824000000000,1726934824000000000
BEV1_2024-09-21_drive2.csv,pack_min_c,BMSminPackTemperature,1726934823000000000,1726934824000000000,1726934824000000000
BEV1_2024-09-21_drive2.csv,pack_max_c,BMSmaxPackTemperature,1726934823000000000,1726934824000000000,1726934824000000000
BEV1_2024-09-21_drive2.csv,preconditioning_request,UI_batteryPreconditioningRequest,1726934823000000000,1726934824000000000,1726934824000000000
BEV1_2024-09-22_drive1.csv,soc,SOCave292,1726996000000000000,1726996001000000000,1726996001000000000
BEV1_2024-09-22_drive1.csv,ambient_c,VCRIGHT_tempAmbientRaw,1726996000000000000,1726996001000000000,1726996001000000000
BEV1_2024-09-22_drive1.csv,pack_min_c,BMSminPackTemperature,1726996000000000000,1726996001000000000,1726996001000000000
BEV1_2024-09-22_drive1.csv,pack_max_c,BMSmaxPackTemperature,1726996000000000000,1726996001000000000,1726996001000000000
BEV1_2024-09-22_drive2.csv,soc,SOCave292,1727015327000000000,1727015328000000000,1727015328000000000
BEV1_2024-09-22_drive2.csv,ambient_c,VCRIGHT_tempAmbientRaw,1727015327000000000,1727015328000000000,1727015328000000000
BEV1_2024-09-22_drive2.csv,pack_min_c,BMSminPackTemperature,1727015327000000000,1727015328000000000,1727015328000000000
BEV1_2024-09-22_drive2.csv,pack_max_c,BMSmaxPackTemperature,1727015327000000000,1727015328000000000,1727015328000000000
BEV1_2024-09-22_drive2.csv,preconditioning_request,UI_batteryPreconditioningRequest,1727015327000000000,1727015328000000000,1727015328000000000
BEV1_2024-09-23_drive1.csv,soc,SOCave292,1727071091000000000,1727071092000000000,1727071092000000000
BEV1_2024-09-23_drive1.csv,ambient_c,VCRIGHT_tempAmbientRaw,1727071091000000000,1727071092000000000,1727071092000000000
BEV1_2024-09-23_drive1.csv,pack_min_c,BMSminPackTemperature,1727071091000000000,1727071092000000000,1727071092000000000
BEV1_2024-09-23_drive1.csv,pack_max_c,BMSmaxPackTemperature,1727071091000000000,1727071092000000000,1727071092000000000
BEV1_2024-09-23_drive1.csv,preconditioning_request,UI_batteryPreconditioningRequest,1727071091000000000,1727071092000000000,1727071092000000000
BEV1_2024-09-23_drive2.csv,soc,SOCave292,1727106522000000000,1727106523000000000,1727106523000000000
BEV1_2024-09-23_drive2.csv,ambient_c,VCRIGHT_tempAmbientRaw,1727106522000000000,1727106523000000000,1727106523000000000
BEV1_2024-09-23_drive2.csv,pack_min_c,BMSminPackTemperature,1727106522000000000,1727106523000000000,1727106523000000000
BEV1_2024-09-23_drive2.csv,pack_max_c,BMSmaxPackTemperature,1727106522000000000,1727106523000000000,1727106523000000000
BEV1_2024-09-23_drive2.csv,preconditioning_request,UI_batteryPreconditioningRequest,1727106522000000000,1727106523000000000,1727106523000000000
BEV1_2024-09-24_drive1.csv,soc,SOCave292,1727164955000000000,1727164956000000000,1727164956000000000
BEV1_2024-09-24_drive1.csv,ambient_c,VCRIGHT_tempAmbientRaw,1727164955000000000,1727164956000000000,1727164956000000000
BEV1_2024-09-24_drive1.csv,pack_min_c,BMSminPackTemperature,1727164955000000000,1727164956000000000,1727164956000000000
BEV1_2024-09-24_drive1.csv,pack_max_c,BMSmaxPackTemperature,1727164955000000000,1727164956000000000,1727164956000000000
BEV1_2024-09-24_drive1.csv,preconditioning_request,UI_batteryPreconditioningRequest,1727164955000000000,1727164956000000000,1727164956000000000
BEV1_2024-09-24_drive2.csv,soc,SOCave292,1727175776000000000,1727175777000000000,1727175777000000000
BEV1_2024-09-24_drive2.csv,ambient_c,VCRIGHT_tempAmbientRaw,1727175776000000000,1727175777000000000,1727175777000000000
BEV1_2024-09-24_drive2.csv,pack_min_c,BMSminPackTemperature,1727175776000000000,1727175777000000000,1727175777000000000
BEV1_2024-09-24_drive2.csv,pack_max_c,BMSmaxPackTemperature,1727175776000000000,1727175777000000000,1727175777000000000
BEV1_2024-09-24_drive3.csv,soc,SOCave292,1727193380000000000,1727193381000000000,1727193381000000000
BEV1_2024-09-24_drive3.csv,ambient_c,VCRIGHT_tempAmbientRaw,1727193380000000000,1727193381000000000,1727193381000000000
BEV1_2024-09-24_drive3.csv,pack_min_c,BMSminPackTemperature,1727193380000000000,1727193381000000000,1727193381000000000
BEV1_2024-09-24_drive3.csv,pack_max_c,BMSmaxPackTemperature,1727193380000000000,1727193381000000000,1727193381000000000
BEV1_2024-09-24_drive3.csv,preconditioning_request,UI_batteryPreconditioningRequest,1727193380000000000,1727193381000000000,1727193381000000000
BEV1_2024-09-25_drive1.csv,soc,SOCave292,1727247764000000000,1727247765000000000,1727247765000000000
BEV1_2024-09-25_drive1.csv,ambient_c,VCRIGHT_tempAmbientRaw,1727247764000000000,1727247765000000000,1727247765000000000
BEV1_2024-09-25_drive1.csv,pack_min_c,BMSminPackTemperature,1727247764000000000,1727247765000000000,1727247765000000000
BEV1_2024-09-25_drive1.csv,pack_max_c,BMSmaxPackTemperature,1727247764000000000,1727247765000000000,1727247765000000000
BEV1_2024-09-25_drive1.csv,preconditioning_request,UI_batteryPreconditioningRequest,1727247764000000000,1727247765000000000,1727247765000000000
BEV1_2024-09-25_drive2.csv,soc,SOCave292,1727277797000000000,1727277798000000000,1727277798000000000
BEV1_2024-09-25_drive2.csv,ambient_c,VCRIGHT_tempAmbientRaw,1727277797000000000,1727277798000000000,1727277798000000000
BEV1_2024-09-25_drive2.csv,pack_min_c,BMSminPackTemperature,1727277797000000000,1727277798000000000,1727277798000000000
BEV1_2024-09-25_drive2.csv,pack_max_c,BMSmaxPackTemperature,1727277797000000000,1727277798000000000,1727277798000000000
BEV1_2024-09-25_drive2.csv,preconditioning_request,UI_batteryPreconditioningRequest,1727277797000000000,1727277798000000000,1727277798000000000
BEV1_2024-09-26_drive1.csv,soc,SOCave292,1727329134000000000,1727329135000000000,1727329135000000000
BEV1_2024-09-26_drive1.csv,ambient_c,VCRIGHT_tempAmbientRaw,1727329134000000000,1727329135000000000,1727329135000000000
BEV1_2024-09-26_drive1.csv,pack_min_c,BMSminPackTemperature,1727329134000000000,1727329135000000000,1727329135000000000
BEV1_2024-09-26_drive1.csv,pack_max_c,BMSmaxPackTemperature,1727329134000000000,1727329135000000000,1727329135000000000
BEV1_2024-09-26_drive1.csv,preconditioning_request,UI_batteryPreconditioningRequest,1727329134000000000,1727329135000000000,1727329135000000000
BEV1_2024-09-26_drive2.csv,soc,SOCave292,1727364815000000000,1727364816000000000,1727364816000000000
BEV1_2024-09-26_drive2.csv,ambient_c,VCRIGHT_tempAmbientRaw,1727364815000000000,1727364816000000000,1727364816000000000
BEV1_2024-09-26_drive2.csv,pack_min_c,BMSminPackTemperature,1727364815000000000,1727364816000000000,1727364816000000000
BEV1_2024-09-26_drive2.csv,pack_max_c,BMSmaxPackTemperature,1727364815000000000,1727364816000000000,1727364816000000000
BEV1_2024-09-26_drive2.csv,preconditioning_request,UI_batteryPreconditioningRequest,1727364815000000000,1727364816000000000,1727364816000000000
BEV1_2024-09-27_drive1.csv,soc,SOCave292,1727416114000000000,1727416115000000000,1727416115000000000
BEV1_2024-09-27_drive1.csv,ambient_c,VCRIGHT_tempAmbientRaw,1727416114000000000,1727416115000000000,1727416115000000000
BEV1_2024-09-27_drive1.csv,pack_min_c,BMSminPackTemperature,1727416114000000000,1727416115000000000,1727416115000000000
BEV1_2024-09-27_drive1.csv,pack_max_c,BMSmaxPackTemperature,1727416114000000000,1727416115000000000,1727416115000000000
BEV1_2024-09-27_drive1.csv,preconditioning_request,UI_batteryPreconditioningRequest,1727416114000000000,1727416115000000000,1727416115000000000
BEV1_2024-10-01_drive1.csv,soc,SOCave292,1727800625000000000,1727800626000000000,1727800626000000000
BEV1_2024-10-01_drive1.csv,ambient_c,VCRIGHT_tempAmbientRaw,1727800625000000000,1727800626000000000,1727800626000000000
BEV1_2024-10-01_drive1.csv,pack_min_c,BMSminPackTemperature,1727800625000000000,1727800626000000000,1727800626000000000
BEV1_2024-10-01_drive1.csv,pack_max_c,BMSmaxPackTemperature,1727800625000000000,1727800626000000000,1727800626000000000
BEV1_2024-10-01_drive1.csv,preconditioning_request,UI_batteryPreconditioningRequest,1727800625000000000,1727800626000000000,1727800626000000000
BEV1_2024-10-02_drive1.csv,soc,SOCave292,1727852824000000000,1727852825000000000,1727852825000000000
BEV1_2024-10-02_drive1.csv,ambient_c,VCRIGHT_tempAmbientRaw,1727852824000000000,1727852825000000000,1727852825000000000
BEV1_2024-10-02_drive1.csv,pack_min_c,BMSminPackTemperature,1727852824000000000,1727852825000000000,1727852825000000000
BEV1_2024-10-02_drive1.csv,pack_max_c,BMSmaxPackTemperature,1727852824000000000,1727852825000000000,1727852825000000000
BEV1_2024-10-02_drive1.csv,preconditioning_request,UI_batteryPreconditioningRequest,1727852824000000000,1727852825000000000,1727852825000000000
BEV1_2024-10-02_drive2.csv,soc,SOCave292,1727861978000000000,1727861979000000000,1727861979000000000
BEV1_2024-10-02_drive2.csv,ambient_c,VCRIGHT_tempAmbientRaw,1727861978000000000,1727861979000000000,1727861979000000000
BEV1_2024-10-02_drive2.csv,pack_min_c,BMSminPackTemperature,1727861978000000000,1727861979000000000,1727861979000000000
BEV1_2024-10-02_drive2.csv,pack_max_c,BMSmaxPackTemperature,1727861978000000000,1727861979000000000,1727861979000000000
BEV1_2024-10-02_drive2.csv,preconditioning_request,UI_batteryPreconditioningRequest,1727861978000000000,1727861979000000000,1727861979000000000
BEV1_2024-10-02_drive3.csv,soc,SOCave292,1727878019000000000,1727878020000000000,1727878020000000000
BEV1_2024-10-02_drive3.csv,ambient_c,VCRIGHT_tempAmbientRaw,1727878019000000000,1727878020000000000,1727878020000000000
BEV1_2024-10-02_drive3.csv,pack_min_c,BMSminPackTemperature,1727878019000000000,1727878020000000000,1727878020000000000
BEV1_2024-10-02_drive3.csv,pack_max_c,BMSmaxPackTemperature,1727878019000000000,1727878020000000000,1727878020000000000
BEV1_2024-10-02_drive3.csv,preconditioning_request,UI_batteryPreconditioningRequest,1727878019000000000,1727878020000000000,1727878020000000000
BEV1_2024-10-03_drive1.csv,soc,SOCave292,1727935613000000000,1727935614000000000,1727935614000000000
BEV1_2024-10-03_drive1.csv,ambient_c,VCRIGHT_tempAmbientRaw,1727935613000000000,1727935614000000000,1727935614000000000
BEV1_2024-10-03_drive1.csv,pack_min_c,BMSminPackTemperature,1727935613000000000,1727935614000000000,1727935614000000000
BEV1_2024-10-03_drive1.csv,pack_max_c,BMSmaxPackTemperature,1727935613000000000,1727935614000000000,1727935614000000000
BEV1_2024-10-03_drive1.csv,preconditioning_request,UI_batteryPreconditioningRequest,1727935613000000000,1727935614000000000,1727935614000000000
BEV1_2024-10-03_drive2.csv,soc,SOCave292,1727951696000000000,1727951697000000000,1727951697000000000
BEV1_2024-10-03_drive2.csv,ambient_c,VCRIGHT_tempAmbientRaw,1727951696000000000,1727951697000000000,1727951697000000000
BEV1_2024-10-03_drive2.csv,pack_min_c,BMSminPackTemperature,1727951696000000000,1727951697000000000,1727951697000000000
BEV1_2024-10-03_drive2.csv,pack_max_c,BMSmaxPackTemperature,1727951696000000000,1727951697000000000,1727951697000000000
BEV1_2024-10-03_drive2.csv,preconditioning_request,UI_batteryPreconditioningRequest,1727951696000000000,1727951697000000000,1727951697000000000
BEV1_2024-10-03_drive3.csv,soc,SOCave292,1727970906000000000,1727970907000000000,1727970907000000000
BEV1_2024-10-03_drive3.csv,ambient_c,VCRIGHT_tempAmbientRaw,1727970906000000000,1727970907000000000,1727970907000000000
BEV1_2024-10-03_drive3.csv,pack_min_c,BMSminPackTemperature,1727970906000000000,1727970907000000000,1727970907000000000
BEV1_2024-10-03_drive3.csv,pack_max_c,BMSmaxPackTemperature,1727970906000000000,1727970907000000000,1727970907000000000
BEV1_2024-10-04_drive1.csv,soc,SOCave292,1728021192000000000,1728021193000000000,1728021193000000000
BEV1_2024-10-04_drive1.csv,ambient_c,VCRIGHT_tempAmbientRaw,1728021192000000000,1728021193000000000,1728021193000000000
BEV1_2024-10-04_drive1.csv,pack_min_c,BMSminPackTemperature,1728021192000000000,1728021193000000000,1728021193000000000
BEV1_2024-10-04_drive1.csv,pack_max_c,BMSmaxPackTemperature,1728021192000000000,1728021193000000000,1728021193000000000
BEV1_2024-10-04_drive1.csv,preconditioning_request,UI_batteryPreconditioningRequest,1728021192000000000,1728021193000000000,1728021193000000000
BEV1_2024-10-20_drive1.csv,soc,SOCave292,1729418326000000000,1729418327000000000,1729418327000000000
BEV1_2024-10-20_drive1.csv,ambient_c,VCRIGHT_tempAmbientRaw,1729418326000000000,1729418327000000000,1729418327000000000
BEV1_2024-10-20_drive1.csv,pack_min_c,BMSminPackTemperature,1729418326000000000,1729418327000000000,1729418327000000000
BEV1_2024-10-20_drive1.csv,pack_max_c,BMSmaxPackTemperature,1729418326000000000,1729418327000000000,1729418327000000000
BEV1_2024-10-20_drive1.csv,preconditioning_request,UI_batteryPreconditioningRequest,1729418326000000000,1729418327000000000,1729418327000000000
BEV1_2024-10-20_drive2.csv,soc,SOCave292,1729423427000000000,1729423428000000000,1729423428000000000
BEV1_2024-10-20_drive2.csv,ambient_c,VCRIGHT_tempAmbientRaw,1729423427000000000,1729423428000000000,1729423428000000000
BEV1_2024-10-20_drive2.csv,pack_min_c,BMSminPackTemperature,1729423427000000000,1729423428000000000,1729423428000000000
BEV1_2024-10-20_drive2.csv,pack_max_c,BMSmaxPackTemperature,1729423427000000000,1729423428000000000,1729423428000000000
BEV1_2024-10-20_drive2.csv,preconditioning_request,UI_batteryPreconditioningRequest,1729423427000000000,1729423428000000000,1729423428000000000
BEV1_2024-10-22_drive1.csv,soc,SOCave292,1729575850000000000,1729575851000000000,1729575851000000000
BEV1_2024-10-22_drive1.csv,ambient_c,VCRIGHT_tempAmbientRaw,1729575850000000000,1729575851000000000,1729575851000000000
BEV1_2024-10-22_drive1.csv,pack_min_c,BMSminPackTemperature,1729575850000000000,1729575851000000000,1729575851000000000
BEV1_2024-10-22_drive1.csv,pack_max_c,BMSmaxPackTemperature,1729575850000000000,1729575851000000000,1729575851000000000
BEV1_2024-10-22_drive1.csv,preconditioning_request,UI_batteryPreconditioningRequest,1729575850000000000,1729575851000000000,1729575851000000000
BEV1_2024-10-22_drive2.csv,soc,SOCave292,1729608830000000000,1729608831000000000,1729608831000000000
BEV1_2024-10-22_drive2.csv,ambient_c,VCRIGHT_tempAmbientRaw,1729608830000000000,1729608831000000000,1729608831000000000
BEV1_2024-10-22_drive2.csv,pack_min_c,BMSminPackTemperature,1729608830000000000,1729608831000000000,1729608831000000000
BEV1_2024-10-22_drive2.csv,pack_max_c,BMSmaxPackTemperature,1729608830000000000,1729608831000000000,1729608831000000000
BEV1_2024-10-22_drive2.csv,preconditioning_request,UI_batteryPreconditioningRequest,1729608830000000000,1729608831000000000,1729608831000000000
BEV1_2024-10-24_drive1.csv,soc,SOCave292,1729749760000000000,1729749761000000000,1729749761000000000
BEV1_2024-10-24_drive1.csv,ambient_c,VCRIGHT_tempAmbientRaw,1729749760000000000,1729749761000000000,1729749761000000000
BEV1_2024-10-24_drive1.csv,pack_min_c,BMSminPackTemperature,1729749760000000000,1729749761000000000,1729749761000000000
BEV1_2024-10-24_drive1.csv,pack_max_c,BMSmaxPackTemperature,1729749760000000000,1729749761000000000,1729749761000000000
BEV1_2024-10-24_drive1.csv,preconditioning_request,UI_batteryPreconditioningRequest,1729749760000000000,1729749761000000000,1729749761000000000
BEV1_2024-10-24_drive2.csv,soc,SOCave292,1729782721000000000,1729782722000000000,1729782722000000000
BEV1_2024-10-24_drive2.csv,ambient_c,VCRIGHT_tempAmbientRaw,1729782721000000000,1729782722000000000,1729782722000000000
BEV1_2024-10-24_drive2.csv,pack_min_c,BMSminPackTemperature,1729782721000000000,1729782722000000000,1729782722000000000
BEV1_2024-10-24_drive2.csv,pack_max_c,BMSmaxPackTemperature,1729782721000000000,1729782722000000000,1729782722000000000
BEV1_2024-10-24_drive3.csv,soc,SOCave292,1729798987000000000,1729798988000000000,1729798988000000000
BEV1_2024-10-24_drive3.csv,ambient_c,VCRIGHT_tempAmbientRaw,1729798987000000000,1729798988000000000,1729798988000000000
BEV1_2024-10-24_drive3.csv,pack_min_c,BMSminPackTemperature,1729798987000000000,1729798988000000000,1729798988000000000
BEV1_2024-10-24_drive3.csv,pack_max_c,BMSmaxPackTemperature,1729798987000000000,1729798988000000000,1729798988000000000
BEV1_2024-10-24_drive3.csv,preconditioning_request,UI_batteryPreconditioningRequest,1729798987000000000,1729798988000000000,1729798988000000000
BEV1_2024-10-25_drive1.csv,soc,SOCave292,1729836280000000000,1729836281000000000,1729836281000000000
BEV1_2024-10-25_drive1.csv,ambient_c,VCRIGHT_tempAmbientRaw,1729836280000000000,1729836281000000000,1729836281000000000
BEV1_2024-10-25_drive1.csv,pack_min_c,BMSminPackTemperature,1729836280000000000,1729836281000000000,1729836281000000000
BEV1_2024-10-25_drive1.csv,pack_max_c,BMSmaxPackTemperature,1729836280000000000,1729836281000000000,1729836281000000000
BEV1_2024-10-25_drive1.csv,preconditioning_request,UI_batteryPreconditioningRequest,1729836280000000000,1729836281000000000,1729836281000000000
BEV1_2024-10-25_drive2.csv,soc,SOCave292,1729868289000000000,1729868290000000000,1729868290000000000
BEV1_2024-10-25_drive2.csv,ambient_c,VCRIGHT_tempAmbientRaw,1729868289000000000,1729868290000000000,1729868290000000000
BEV1_2024-10-25_drive2.csv,pack_min_c,BMSminPackTemperature,1729868289000000000,1729868290000000000,1729868290000000000
BEV1_2024-10-25_drive2.csv,pack_max_c,BMSmaxPackTemperature,1729868289000000000,1729868290000000000,1729868290000000000
BEV1_2024-10-25_drive2.csv,preconditioning_request,UI_batteryPreconditioningRequest,1729868289000000000,1729868290000000000,1729868290000000000
BEV1_2024-10-27_drive1.csv,soc,SOCave292,1730025987000000000,1730025988000000000,1730025988000000000
BEV1_2024-10-27_drive1.csv,ambient_c,VCRIGHT_tempAmbientRaw,1730025987000000000,1730025988000000000,1730025988000000000
BEV1_2024-10-27_drive1.csv,pack_min_c,BMSminPackTemperature,1730025987000000000,1730025988000000000,1730025988000000000
BEV1_2024-10-27_drive1.csv,pack_max_c,BMSmaxPackTemperature,1730025987000000000,1730025988000000000,1730025988000000000
BEV1_2024-10-27_drive1.csv,preconditioning_request,UI_batteryPreconditioningRequest,1730025987000000000,1730025988000000000,1730025988000000000
BEV1_2024-10-27_drive2.csv,soc,SOCave292,1730035114000000000,1730035115000000000,1730035115000000000
BEV1_2024-10-27_drive2.csv,ambient_c,VCRIGHT_tempAmbientRaw,1730035114000000000,1730035115000000000,1730035115000000000
BEV1_2024-10-27_drive2.csv,pack_min_c,BMSminPackTemperature,1730035114000000000,1730035115000000000,1730035115000000000
BEV1_2024-10-27_drive2.csv,pack_max_c,BMSmaxPackTemperature,1730035114000000000,1730035115000000000,1730035115000000000
BEV1_2024-10-27_drive2.csv,preconditioning_request,UI_batteryPreconditioningRequest,1730035114000000000,1730035115000000000,1730035115000000000
BEV1_2024-10-27_drive3.csv,soc,SOCave292,1730056444000000000,1730056445000000000,1730056445000000000
BEV1_2024-10-27_drive3.csv,ambient_c,VCRIGHT_tempAmbientRaw,1730056444000000000,1730056445000000000,1730056445000000000
BEV1_2024-10-27_drive3.csv,pack_min_c,BMSminPackTemperature,1730056444000000000,1730056445000000000,1730056445000000000
BEV1_2024-10-27_drive3.csv,pack_max_c,BMSmaxPackTemperature,1730056444000000000,1730056445000000000,1730056445000000000
BEV1_2024-10-27_drive3.csv,preconditioning_request,UI_batteryPreconditioningRequest,1730056444000000000,1730056445000000000,1730056445000000000
BEV1_2024-10-28_drive1.csv,soc,SOCave292,1730099308000000000,1730099309000000000,1730099309000000000
BEV1_2024-10-28_drive1.csv,ambient_c,VCRIGHT_tempAmbientRaw,1730099308000000000,1730099309000000000,1730099309000000000
BEV1_2024-10-28_drive1.csv,pack_min_c,BMSminPackTemperature,1730099308000000000,1730099309000000000,1730099309000000000
BEV1_2024-10-28_drive1.csv,pack_max_c,BMSmaxPackTemperature,1730099308000000000,1730099309000000000,1730099309000000000
BEV1_2024-10-28_drive1.csv,preconditioning_request,UI_batteryPreconditioningRequest,1730099308000000000,1730099309000000000,1730099309000000000
BEV1_2024-10-28_drive2.csv,soc,SOCave292,1730130915000000000,1730130916000000000,1730130916000000000
BEV1_2024-10-28_drive2.csv,ambient_c,VCRIGHT_tempAmbientRaw,1730130915000000000,1730130916000000000,1730130916000000000
BEV1_2024-10-28_drive2.csv,pack_min_c,BMSminPackTemperature,1730130915000000000,1730130916000000000,1730130916000000000
BEV1_2024-10-28_drive2.csv,pack_max_c,BMSmaxPackTemperature,1730130915000000000,1730130916000000000,1730130916000000000
BEV1_2024-10-28_drive2.csv,preconditioning_request,UI_batteryPreconditioningRequest,1730130915000000000,1730130916000000000,1730130916000000000
BEV1_2024-10-29_drive1.csv,soc,SOCave292,1730183208000000000,1730183209000000000,1730183209000000000
BEV1_2024-10-29_drive1.csv,ambient_c,VCRIGHT_tempAmbientRaw,1730183208000000000,1730183209000000000,1730183209000000000
BEV1_2024-10-29_drive1.csv,pack_min_c,BMSminPackTemperature,1730183208000000000,1730183209000000000,1730183209000000000
BEV1_2024-10-29_drive1.csv,pack_max_c,BMSmaxPackTemperature,1730183208000000000,1730183209000000000,1730183209000000000
BEV1_2024-10-29_drive1.csv,preconditioning_request,UI_batteryPreconditioningRequest,1730183208000000000,1730183209000000000,1730183209000000000
BEV1_2024-10-29_drive2.csv,soc,SOCave292,1730220929000000000,1730220930000000000,1730220930000000000
BEV1_2024-10-29_drive2.csv,ambient_c,VCRIGHT_tempAmbientRaw,1730220929000000000,1730220930000000000,1730220930000000000
BEV1_2024-10-29_drive2.csv,pack_min_c,BMSminPackTemperature,1730220929000000000,1730220930000000000,1730220930000000000
BEV1_2024-10-29_drive2.csv,pack_max_c,BMSmaxPackTemperature,1730220929000000000,1730220930000000000,1730220930000000000
BEV1_2024-10-29_drive2.csv,preconditioning_request,UI_batteryPreconditioningRequest,1730220929000000000,1730220930000000000,1730220930000000000
BEV1_2024-10-30_drive1.csv,soc,SOCave292,1730290196000000000,1730290197000000000,1730290197000000000
BEV1_2024-10-30_drive1.csv,ambient_c,VCRIGHT_tempAmbientRaw,1730290196000000000,1730290197000000000,1730290197000000000
BEV1_2024-10-30_drive1.csv,pack_min_c,BMSminPackTemperature,1730290196000000000,1730290197000000000,1730290197000000000
BEV1_2024-10-30_drive1.csv,pack_max_c,BMSmaxPackTemperature,1730290196000000000,1730290197000000000,1730290197000000000
BEV1_2024-10-30_drive1.csv,preconditioning_request,UI_batteryPreconditioningRequest,1730290196000000000,1730290197000000000,1730290197000000000
BEV1_2024-10-30_drive2.csv,soc,SOCave292,1730306248000000000,1730306249000000000,1730306249000000000
BEV1_2024-10-30_drive2.csv,ambient_c,VCRIGHT_tempAmbientRaw,1730306248000000000,1730306249000000000,1730306249000000000
BEV1_2024-10-30_drive2.csv,pack_min_c,BMSminPackTemperature,1730306248000000000,1730306249000000000,1730306249000000000
BEV1_2024-10-30_drive2.csv,pack_max_c,BMSmaxPackTemperature,1730306248000000000,1730306249000000000,1730306249000000000
BEV1_2024-10-30_drive2.csv,preconditioning_request,UI_batteryPreconditioningRequest,1730306248000000000,1730306249000000000,1730306249000000000
BEV1_2024-10-31_drive1.csv,soc,SOCave292,1730361180000000000,1730361181000000000,1730361181000000000
BEV1_2024-10-31_drive1.csv,ambient_c,VCRIGHT_tempAmbientRaw,1730361180000000000,1730361181000000000,1730361181000000000
BEV1_2024-10-31_drive1.csv,pack_min_c,BMSminPackTemperature,1730361180000000000,1730361181000000000,1730361181000000000
BEV1_2024-10-31_drive1.csv,pack_max_c,BMSmaxPackTemperature,1730361180000000000,1730361181000000000,1730361181000000000
BEV1_2024-10-31_drive1.csv,preconditioning_request,UI_batteryPreconditioningRequest,1730361180000000000,1730361181000000000,1730361181000000000
BEV1_2024-10-31_drive2.csv,soc,SOCave292,1730381210000000000,1730381211000000000,1730381211000000000
BEV1_2024-10-31_drive2.csv,ambient_c,VCRIGHT_tempAmbientRaw,1730381210000000000,1730381211000000000,1730381211000000000
BEV1_2024-10-31_drive2.csv,pack_min_c,BMSminPackTemperature,1730381210000000000,1730381211000000000,1730381211000000000
BEV1_2024-10-31_drive2.csv,pack_max_c,BMSmaxPackTemperature,1730381210000000000,1730381211000000000,1730381211000000000
BEV1_2024-10-31_drive2.csv,preconditioning_request,UI_batteryPreconditioningRequest,1730381210000000000,1730381211000000000,1730381211000000000
BEV1_2024-10-31_drive3.csv,soc,SOCave292,1730386318000000000,1730386319000000000,1730386319000000000
BEV1_2024-10-31_drive3.csv,ambient_c,VCRIGHT_tempAmbientRaw,1730386318000000000,1730386319000000000,1730386319000000000
BEV1_2024-10-31_drive3.csv,pack_min_c,BMSminPackTemperature,1730386318000000000,1730386319000000000,1730386319000000000
BEV1_2024-10-31_drive3.csv,pack_max_c,BMSmaxPackTemperature,1730386318000000000,1730386319000000000,1730386319000000000
BEV1_2024-10-31_drive3.csv,preconditioning_request,UI_batteryPreconditioningRequest,1730386318000000000,1730386319000000000,1730386319000000000
BEV1_2024-10-31_drive4.csv,soc,SOCave292,1730391515000000000,1730391516000000000,1730391516000000000
BEV1_2024-10-31_drive4.csv,ambient_c,VCRIGHT_tempAmbientRaw,1730391515000000000,1730391516000000000,1730391516000000000
BEV1_2024-10-31_drive4.csv,pack_min_c,BMSminPackTemperature,1730391515000000000,1730391516000000000,1730391516000000000
BEV1_2024-10-31_drive4.csv,pack_max_c,BMSmaxPackTemperature,1730391515000000000,1730391516000000000,1730391516000000000
BEV1_2024-10-31_drive4.csv,preconditioning_request,UI_batteryPreconditioningRequest,1730391515000000000,1730391516000000000,1730391516000000000
BEV1_2024-10-31_drive5.csv,soc,SOCave292,1730396719000000000,1730396720000000000,1730396720000000000
BEV1_2024-10-31_drive5.csv,ambient_c,VCRIGHT_tempAmbientRaw,1730396719000000000,1730396720000000000,1730396720000000000
BEV1_2024-10-31_drive5.csv,pack_min_c,BMSminPackTemperature,1730396719000000000,1730396720000000000,1730396720000000000
BEV1_2024-10-31_drive5.csv,pack_max_c,BMSmaxPackTemperature,1730396719000000000,1730396720000000000,1730396720000000000
BEV1_2024-10-31_drive5.csv,preconditioning_request,UI_batteryPreconditioningRequest,1730396719000000000,1730396720000000000,1730396720000000000
BEV1_2024-11-01_drive1.csv,soc,SOCave292,1730473661000000000,1730473662000000000,1730473662000000000
BEV1_2024-11-01_drive1.csv,ambient_c,VCRIGHT_tempAmbientRaw,1730473661000000000,1730473662000000000,1730473662000000000
BEV1_2024-11-01_drive1.csv,pack_min_c,BMSminPackTemperature,1730473661000000000,1730473662000000000,1730473662000000000
BEV1_2024-11-01_drive1.csv,pack_max_c,BMSmaxPackTemperature,1730473661000000000,1730473662000000000,1730473662000000000
BEV1_2024-11-01_drive1.csv,preconditioning_request,UI_batteryPreconditioningRequest,1730473661000000000,1730473662000000000,1730473662000000000
BEV1_2024-11-02_drive1.csv,soc,SOCave292,1730539874000000000,1730539875000000000,1730539875000000000
BEV1_2024-11-02_drive1.csv,ambient_c,VCRIGHT_tempAmbientRaw,1730539874000000000,1730539875000000000,1730539875000000000
BEV1_2024-11-02_drive1.csv,pack_min_c,BMSminPackTemperature,1730539874000000000,1730539875000000000,1730539875000000000
BEV1_2024-11-02_drive1.csv,pack_max_c,BMSmaxPackTemperature,1730539874000000000,1730539875000000000,1730539875000000000
BEV1_2024-11-02_drive1.csv,preconditioning_request,UI_batteryPreconditioningRequest,1730539874000000000,1730539875000000000,1730539875000000000
BEV1_2024-11-02_drive2.csv,soc,SOCave292,1730548124000000000,1730548125000000000,1730548125000000000
BEV1_2024-11-02_drive2.csv,ambient_c,VCRIGHT_tempAmbientRaw,1730548124000000000,1730548125000000000,1730548125000000000
BEV1_2024-11-02_drive2.csv,pack_min_c,BMSminPackTemperature,1730548124000000000,1730548125000000000,1730548125000000000
BEV1_2024-11-02_drive2.csv,pack_max_c,BMSmaxPackTemperature,1730548124000000000,1730548125000000000,1730548125000000000
BEV1_2024-11-02_drive2.csv,preconditioning_request,UI_batteryPreconditioningRequest,1730548124000000000,1730548125000000000,1730548125000000000
BEV1_2024-11-02_drive3.csv,soc,SOCave292,1730553998000000000,1730553999000000000,1730553999000000000
BEV1_2024-11-02_drive3.csv,ambient_c,VCRIGHT_tempAmbientRaw,1730553998000000000,1730553999000000000,1730553999000000000
BEV1_2024-11-02_drive3.csv,pack_min_c,BMSminPackTemperature,1730553998000000000,1730553999000000000,1730553999000000000
BEV1_2024-11-02_drive3.csv,pack_max_c,BMSmaxPackTemperature,1730553998000000000,1730553999000000000,1730553999000000000
BEV1_2024-11-02_drive4.csv,soc,SOCave292,1730568922000000000,1730568923000000000,1730568923000000000
BEV1_2024-11-02_drive4.csv,ambient_c,VCRIGHT_tempAmbientRaw,1730568922000000000,1730568923000000000,1730568923000000000
BEV1_2024-11-02_drive4.csv,pack_min_c,BMSminPackTemperature,1730568922000000000,1730568923000000000,1730568923000000000
BEV1_2024-11-02_drive4.csv,pack_max_c,BMSmaxPackTemperature,1730568922000000000,1730568923000000000,1730568923000000000
BEV1_2024-11-02_drive4.csv,preconditioning_request,UI_batteryPreconditioningRequest,1730568922000000000,1730568923000000000,1730568923000000000
BEV1_2024-11-02_drive5.csv,soc,SOCave292,1730576258000000000,1730576259000000000,1730576259000000000
BEV1_2024-11-02_drive5.csv,ambient_c,VCRIGHT_tempAmbientRaw,1730576258000000000,1730576259000000000,1730576259000000000
BEV1_2024-11-02_drive5.csv,pack_min_c,BMSminPackTemperature,1730576258000000000,1730576259000000000,1730576259000000000
BEV1_2024-11-02_drive5.csv,pack_max_c,BMSmaxPackTemperature,1730576258000000000,1730576259000000000,1730576259000000000
BEV1_2024-11-02_drive5.csv,preconditioning_request,UI_batteryPreconditioningRequest,1730576258000000000,1730576259000000000,1730576259000000000
BEV1_2024-11-04_drive2.csv,soc,SOCave292,1730737892000000000,1730737893000000000,1730737893000000000
BEV1_2024-11-04_drive2.csv,ambient_c,VCRIGHT_tempAmbientRaw,1730737892000000000,1730737893000000000,1730737893000000000
BEV1_2024-11-04_drive2.csv,pack_min_c,BMSminPackTemperature,1730737892000000000,1730737893000000000,1730737893000000000
BEV1_2024-11-04_drive2.csv,pack_max_c,BMSmaxPackTemperature,1730737892000000000,1730737893000000000,1730737893000000000
BEV1_2024-11-04_drive2.csv,preconditioning_request,UI_batteryPreconditioningRequest,1730737892000000000,1730737893000000000,1730737893000000000
BEV1_2024-11-05_drive1.csv,soc,SOCave292,1730789254000000000,1730789255000000000,1730789255000000000
BEV1_2024-11-05_drive1.csv,ambient_c,VCRIGHT_tempAmbientRaw,1730789254000000000,1730789255000000000,1730789255000000000
BEV1_2024-11-05_drive1.csv,pack_min_c,BMSminPackTemperature,1730789254000000000,1730789255000000000,1730789255000000000
BEV1_2024-11-05_drive1.csv,pack_max_c,BMSmaxPackTemperature,1730789254000000000,1730789255000000000,1730789255000000000
BEV1_2024-11-05_drive1.csv,preconditioning_request,UI_batteryPreconditioningRequest,1730789254000000000,1730789255000000000,1730789255000000000
BEV1_2024-11-05_drive2.csv,soc,SOCave292,1730824948000000000,1730824949000000000,1730824949000000000
BEV1_2024-11-05_drive2.csv,ambient_c,VCRIGHT_tempAmbientRaw,1730824948000000000,1730824949000000000,1730824949000000000
BEV1_2024-11-05_drive2.csv,pack_min_c,BMSminPackTemperature,1730824948000000000,1730824949000000000,1730824949000000000
BEV1_2024-11-05_drive2.csv,pack_max_c,BMSmaxPackTemperature,1730824948000000000,1730824949000000000,1730824949000000000
BEV1_2024-11-05_drive2.csv,preconditioning_request,UI_batteryPreconditioningRequest,1730824948000000000,1730824949000000000,1730824949000000000
BEV1_2024-11-06_drive1.csv,soc,SOCave292,1730881445000000000,1730881446000000000,1730881446000000000
BEV1_2024-11-06_drive1.csv,ambient_c,VCRIGHT_tempAmbientRaw,1730881445000000000,1730881446000000000,1730881446000000000
BEV1_2024-11-06_drive1.csv,pack_min_c,BMSminPackTemperature,1730881445000000000,1730881446000000000,1730881446000000000
BEV1_2024-11-06_drive1.csv,pack_max_c,BMSmaxPackTemperature,1730881445000000000,1730881446000000000,1730881446000000000
BEV1_2024-11-06_drive3.csv,soc,SOCave292,1730919127000000000,1730919128000000000,1730919128000000000
BEV1_2024-11-06_drive3.csv,ambient_c,VCRIGHT_tempAmbientRaw,1730919127000000000,1730919128000000000,1730919128000000000
BEV1_2024-11-06_drive3.csv,pack_min_c,BMSminPackTemperature,1730919127000000000,1730919128000000000,1730919128000000000
BEV1_2024-11-06_drive3.csv,pack_max_c,BMSmaxPackTemperature,1730919127000000000,1730919128000000000,1730919128000000000
BEV1_2024-11-06_drive3.csv,preconditioning_request,UI_batteryPreconditioningRequest,1730919127000000000,1730919128000000000,1730919128000000000
BEV1_2024-11-06_drive4.csv,soc,SOCave292,1730923695000000000,1730923696000000000,1730923696000000000
BEV1_2024-11-06_drive4.csv,ambient_c,VCRIGHT_tempAmbientRaw,1730923695000000000,1730923696000000000,1730923696000000000
BEV1_2024-11-06_drive4.csv,pack_min_c,BMSminPackTemperature,1730923695000000000,1730923696000000000,1730923696000000000
BEV1_2024-11-06_drive4.csv,pack_max_c,BMSmaxPackTemperature,1730923695000000000,1730923696000000000,1730923696000000000
BEV1_2024-11-06_drive4.csv,preconditioning_request,UI_batteryPreconditioningRequest,1730923695000000000,1730923696000000000,1730923696000000000
BEV1_2024-11-07_drive1.csv,soc,SOCave292,1730964711000000000,1730964712000000000,1730964712000000000
BEV1_2024-11-07_drive1.csv,ambient_c,VCRIGHT_tempAmbientRaw,1730964711000000000,1730964712000000000,1730964712000000000
BEV1_2024-11-07_drive1.csv,pack_min_c,BMSminPackTemperature,1730964711000000000,1730964712000000000,1730964712000000000
BEV1_2024-11-07_drive1.csv,pack_max_c,BMSmaxPackTemperature,1730964711000000000,1730964712000000000,1730964712000000000
BEV1_2024-11-07_drive1.csv,preconditioning_request,UI_batteryPreconditioningRequest,1730964711000000000,1730964712000000000,1730964712000000000
BEV1_2024-11-07_drive2.csv,soc,SOCave292,1730997129000000000,1730997130000000000,1730997130000000000
BEV1_2024-11-07_drive2.csv,ambient_c,VCRIGHT_tempAmbientRaw,1730997129000000000,1730997130000000000,1730997130000000000
BEV1_2024-11-07_drive2.csv,pack_min_c,BMSminPackTemperature,1730997129000000000,1730997130000000000,1730997130000000000
BEV1_2024-11-07_drive2.csv,pack_max_c,BMSmaxPackTemperature,1730997129000000000,1730997130000000000,1730997130000000000
BEV1_2024-11-07_drive2.csv,preconditioning_request,UI_batteryPreconditioningRequest,1730997129000000000,1730997130000000000,1730997130000000000
BEV1_2024-11-08_drive1.csv,soc,SOCave292,1731056597000000000,1731056598000000000,1731056598000000000
BEV1_2024-11-08_drive1.csv,ambient_c,VCRIGHT_tempAmbientRaw,1731056597000000000,1731056598000000000,1731056598000000000
BEV1_2024-11-08_drive1.csv,pack_min_c,BMSminPackTemperature,1731056597000000000,1731056598000000000,1731056598000000000
BEV1_2024-11-08_drive1.csv,pack_max_c,BMSmaxPackTemperature,1731056597000000000,1731056598000000000,1731056598000000000
BEV1_2024-11-08_drive1.csv,preconditioning_request,UI_batteryPreconditioningRequest,1731056597000000000,1731056598000000000,1731056598000000000
BEV1_2024-11-08_drive2.csv,soc,SOCave292,1731067756000000000,1731067757000000000,1731067757000000000
BEV1_2024-11-08_drive2.csv,ambient_c,VCRIGHT_tempAmbientRaw,1731067756000000000,1731067757000000000,1731067757000000000
BEV1_2024-11-08_drive2.csv,pack_min_c,BMSminPackTemperature,1731067756000000000,1731067757000000000,1731067757000000000
BEV1_2024-11-08_drive2.csv,pack_max_c,BMSmaxPackTemperature,1731067756000000000,1731067757000000000,1731067757000000000
BEV1_2024-11-08_drive2.csv,preconditioning_request,UI_batteryPreconditioningRequest,1731067756000000000,1731067757000000000,1731067757000000000
BEV1_2024-11-08_drive3.csv,soc,SOCave292,1731088167000000000,1731088168000000000,1731088168000000000
BEV1_2024-11-08_drive3.csv,ambient_c,VCRIGHT_tempAmbientRaw,1731088167000000000,1731088168000000000,1731088168000000000
BEV1_2024-11-08_drive3.csv,pack_min_c,BMSminPackTemperature,1731088167000000000,1731088168000000000,1731088168000000000
BEV1_2024-11-08_drive3.csv,pack_max_c,BMSmaxPackTemperature,1731088167000000000,1731088168000000000,1731088168000000000
BEV1_2024-11-08_drive3.csv,preconditioning_request,UI_batteryPreconditioningRequest,1731088167000000000,1731088168000000000,1731088168000000000
BEV1_2024-11-08_drive4.csv,soc,SOCave292,1731106385000000000,1731106386000000000,1731106386000000000
BEV1_2024-11-08_drive4.csv,ambient_c,VCRIGHT_tempAmbientRaw,1731106385000000000,1731106386000000000,1731106386000000000
BEV1_2024-11-08_drive4.csv,pack_min_c,BMSminPackTemperature,1731106385000000000,1731106386000000000,1731106386000000000
BEV1_2024-11-08_drive4.csv,pack_max_c,BMSmaxPackTemperature,1731106385000000000,1731106386000000000,1731106386000000000
BEV1_2024-11-08_drive4.csv,preconditioning_request,UI_batteryPreconditioningRequest,1731106385000000000,1731106386000000000,1731106386000000000
BEV1_2024-11-10_drive1.csv,soc,SOCave292,1731254327000000000,1731254328000000000,1731254328000000000
BEV1_2024-11-10_drive1.csv,ambient_c,VCRIGHT_tempAmbientRaw,1731254327000000000,1731254328000000000,1731254328000000000
BEV1_2024-11-10_drive1.csv,pack_min_c,BMSminPackTemperature,1731254327000000000,1731254328000000000,1731254328000000000
BEV1_2024-11-10_drive1.csv,pack_max_c,BMSmaxPackTemperature,1731254327000000000,1731254328000000000,1731254328000000000
BEV1_2024-11-10_drive1.csv,preconditioning_request,UI_batteryPreconditioningRequest,1731254327000000000,1731254328000000000,1731254328000000000
BEV1_2024-11-10_drive2.csv,soc,SOCave292,1731258283000000000,1731258284000000000,1731258284000000000
BEV1_2024-11-10_drive2.csv,ambient_c,VCRIGHT_tempAmbientRaw,1731258283000000000,1731258284000000000,1731258284000000000
BEV1_2024-11-10_drive2.csv,pack_min_c,BMSminPackTemperature,1731258283000000000,1731258284000000000,1731258284000000000
BEV1_2024-11-10_drive2.csv,pack_max_c,BMSmaxPackTemperature,1731258283000000000,1731258284000000000,1731258284000000000
BEV1_2024-11-10_drive2.csv,preconditioning_request,UI_batteryPreconditioningRequest,1731258283000000000,1731258284000000000,1731258284000000000
BEV1_2024-11-10_drive3.csv,soc,SOCave292,1731267956000000000,1731267957000000000,1731267957000000000
BEV1_2024-11-10_drive3.csv,ambient_c,VCRIGHT_tempAmbientRaw,1731267956000000000,1731267957000000000,1731267957000000000
BEV1_2024-11-10_drive3.csv,pack_min_c,BMSminPackTemperature,1731267956000000000,1731267957000000000,1731267957000000000
BEV1_2024-11-10_drive3.csv,pack_max_c,BMSmaxPackTemperature,1731267956000000000,1731267957000000000,1731267957000000000
BEV1_2024-11-10_drive3.csv,preconditioning_request,UI_batteryPreconditioningRequest,1731267956000000000,1731267957000000000,1731267957000000000
BEV1_2024-11-10_drive4.csv,soc,SOCave292,1731270641000000000,1731270642000000000,1731270642000000000
BEV1_2024-11-10_drive4.csv,ambient_c,VCRIGHT_tempAmbientRaw,1731270641000000000,1731270642000000000,1731270642000000000
BEV1_2024-11-10_drive4.csv,pack_min_c,BMSminPackTemperature,1731270641000000000,1731270642000000000,1731270642000000000
BEV1_2024-11-10_drive4.csv,pack_max_c,BMSmaxPackTemperature,1731270641000000000,1731270642000000000,1731270642000000000
BEV1_2024-11-10_drive4.csv,preconditioning_request,UI_batteryPreconditioningRequest,1731270641000000000,1731270642000000000,1731270642000000000
BEV1_2024-11-11_drive1.csv,soc,SOCave292,1731322214000000000,1731322215000000000,1731322215000000000
BEV1_2024-11-11_drive1.csv,ambient_c,VCRIGHT_tempAmbientRaw,1731322214000000000,1731322215000000000,1731322215000000000
BEV1_2024-11-11_drive1.csv,pack_min_c,BMSminPackTemperature,1731322214000000000,1731322215000000000,1731322215000000000
BEV1_2024-11-11_drive1.csv,pack_max_c,BMSmaxPackTemperature,1731322214000000000,1731322215000000000,1731322215000000000
BEV1_2024-11-11_drive1.csv,preconditioning_request,UI_batteryPreconditioningRequest,1731322214000000000,1731322215000000000,1731322215000000000
BEV1_2024-11-11_drive2.csv,soc,SOCave292,1731343881000000000,1731343882000000000,1731343882000000000
BEV1_2024-11-11_drive2.csv,ambient_c,VCRIGHT_tempAmbientRaw,1731343881000000000,1731343882000000000,1731343882000000000
BEV1_2024-11-11_drive2.csv,pack_min_c,BMSminPackTemperature,1731343881000000000,1731343882000000000,1731343882000000000
BEV1_2024-11-11_drive2.csv,pack_max_c,BMSmaxPackTemperature,1731343881000000000,1731343882000000000,1731343882000000000
BEV1_2024-11-11_drive2.csv,preconditioning_request,UI_batteryPreconditioningRequest,1731343881000000000,1731343882000000000,1731343882000000000
BEV1_2024-11-11_drive3.csv,soc,SOCave292,1731344482000000000,1731344483000000000,1731344483000000000
BEV1_2024-11-11_drive3.csv,ambient_c,VCRIGHT_tempAmbientRaw,1731344482000000000,1731344483000000000,1731344483000000000
BEV1_2024-11-11_drive3.csv,pack_min_c,BMSminPackTemperature,1731344482000000000,1731344483000000000,1731344483000000000
BEV1_2024-11-11_drive3.csv,pack_max_c,BMSmaxPackTemperature,1731344482000000000,1731344483000000000,1731344483000000000
BEV1_2024-11-11_drive3.csv,preconditioning_request,UI_batteryPreconditioningRequest,1731344482000000000,1731344483000000000,1731344483000000000
BEV1_2024-11-11_drive4.csv,soc,SOCave292,1731347961000000000,1731347962000000000,1731347962000000000
BEV1_2024-11-11_drive4.csv,ambient_c,VCRIGHT_tempAmbientRaw,1731347961000000000,1731347962000000000,1731347962000000000
BEV1_2024-11-11_drive4.csv,pack_min_c,BMSminPackTemperature,1731347961000000000,1731347962000000000,1731347962000000000
BEV1_2024-11-11_drive4.csv,pack_max_c,BMSmaxPackTemperature,1731347961000000000,1731347962000000000,1731347962000000000
BEV1_2024-11-11_drive4.csv,preconditioning_request,UI_batteryPreconditioningRequest,1731347961000000000,1731347962000000000,1731347962000000000
BEV1_2024-11-12_drive1.csv,soc,SOCave292,1731394892000000000,1731394893000000000,1731394893000000000
BEV1_2024-11-12_drive1.csv,ambient_c,VCRIGHT_tempAmbientRaw,1731394892000000000,1731394893000000000,1731394893000000000
BEV1_2024-11-12_drive1.csv,pack_min_c,BMSminPackTemperature,1731394892000000000,1731394893000000000,1731394893000000000
BEV1_2024-11-12_drive1.csv,pack_max_c,BMSmaxPackTemperature,1731394892000000000,1731394893000000000,1731394893000000000
BEV1_2024-11-12_drive1.csv,preconditioning_request,UI_batteryPreconditioningRequest,1731394892000000000,1731394893000000000,1731394893000000000
BEV1_2024-11-12_drive2.csv,soc,SOCave292,1731429772000000000,1731429773000000000,1731429773000000000
BEV1_2024-11-12_drive2.csv,ambient_c,VCRIGHT_tempAmbientRaw,1731429772000000000,1731429773000000000,1731429773000000000
BEV1_2024-11-12_drive2.csv,pack_min_c,BMSminPackTemperature,1731429772000000000,1731429773000000000,1731429773000000000
BEV1_2024-11-12_drive2.csv,pack_max_c,BMSmaxPackTemperature,1731429772000000000,1731429773000000000,1731429773000000000
BEV1_2024-11-12_drive2.csv,preconditioning_request,UI_batteryPreconditioningRequest,1731429772000000000,1731429773000000000,1731429773000000000
BEV1_2024-11-13_drive1.csv,soc,SOCave292,1731483809000000000,1731483810000000000,1731483810000000000
BEV1_2024-11-13_drive1.csv,ambient_c,VCRIGHT_tempAmbientRaw,1731483809000000000,1731483810000000000,1731483810000000000
BEV1_2024-11-13_drive1.csv,pack_min_c,BMSminPackTemperature,1731483809000000000,1731483810000000000,1731483810000000000
BEV1_2024-11-13_drive1.csv,pack_max_c,BMSmaxPackTemperature,1731483809000000000,1731483810000000000,1731483810000000000
BEV1_2024-11-13_drive1.csv,preconditioning_request,UI_batteryPreconditioningRequest,1731483809000000000,1731483810000000000,1731483810000000000
BEV1_2024-11-13_drive2.csv,soc,SOCave292,1731516088000000000,1731516089000000000,1731516089000000000
BEV1_2024-11-13_drive2.csv,ambient_c,VCRIGHT_tempAmbientRaw,1731516088000000000,1731516089000000000,1731516089000000000
BEV1_2024-11-13_drive2.csv,pack_min_c,BMSminPackTemperature,1731516088000000000,1731516089000000000,1731516089000000000
BEV1_2024-11-13_drive2.csv,pack_max_c,BMSmaxPackTemperature,1731516088000000000,1731516089000000000,1731516089000000000
BEV1_2024-11-13_drive2.csv,preconditioning_request,UI_batteryPreconditioningRequest,1731516088000000000,1731516089000000000,1731516089000000000
BEV1_2024-11-13_drive3.csv,soc,SOCave292,1731521230000000000,1731521231000000000,1731521231000000000
BEV1_2024-11-13_drive3.csv,ambient_c,VCRIGHT_tempAmbientRaw,1731521230000000000,1731521231000000000,1731521231000000000
BEV1_2024-11-13_drive3.csv,pack_min_c,BMSminPackTemperature,1731521230000000000,1731521231000000000,1731521231000000000
BEV1_2024-11-13_drive3.csv,pack_max_c,BMSmaxPackTemperature,1731521230000000000,1731521231000000000,1731521231000000000
BEV1_2024-11-13_drive3.csv,preconditioning_request,UI_batteryPreconditioningRequest,1731521230000000000,1731521231000000000,1731521231000000000
BEV1_2024-11-13_drive4.csv,soc,SOCave292,1731534105000000000,1731534106000000000,1731534106000000000
BEV1_2024-11-13_drive4.csv,ambient_c,VCRIGHT_tempAmbientRaw,1731534105000000000,1731534106000000000,1731534106000000000
BEV1_2024-11-13_drive4.csv,pack_min_c,BMSminPackTemperature,1731534105000000000,1731534106000000000,1731534106000000000
BEV1_2024-11-13_drive4.csv,pack_max_c,BMSmaxPackTemperature,1731534105000000000,1731534106000000000,1731534106000000000
BEV1_2024-11-13_drive4.csv,preconditioning_request,UI_batteryPreconditioningRequest,1731534105000000000,1731534106000000000,1731534106000000000
BEV1_2024-11-14_drive1.csv,soc,SOCave292,1731567185000000000,1731567186000000000,1731567186000000000
BEV1_2024-11-14_drive1.csv,ambient_c,VCRIGHT_tempAmbientRaw,1731567185000000000,1731567186000000000,1731567186000000000
BEV1_2024-11-14_drive1.csv,pack_min_c,BMSminPackTemperature,1731567185000000000,1731567186000000000,1731567186000000000
BEV1_2024-11-14_drive1.csv,pack_max_c,BMSmaxPackTemperature,1731567185000000000,1731567186000000000,1731567186000000000
BEV1_2024-11-14_drive1.csv,preconditioning_request,UI_batteryPreconditioningRequest,1731567185000000000,1731567186000000000,1731567186000000000
BEV1_2024-11-14_drive2.csv,soc,SOCave292,1731578373000000000,1731578374000000000,1731578374000000000
BEV1_2024-11-14_drive2.csv,ambient_c,VCRIGHT_tempAmbientRaw,1731578373000000000,1731578374000000000,1731578374000000000
BEV1_2024-11-14_drive2.csv,pack_min_c,BMSminPackTemperature,1731578373000000000,1731578374000000000,1731578374000000000
BEV1_2024-11-14_drive2.csv,pack_max_c,BMSmaxPackTemperature,1731578373000000000,1731578374000000000,1731578374000000000
BEV1_2024-11-14_drive2.csv,preconditioning_request,UI_batteryPreconditioningRequest,1731578373000000000,1731578374000000000,1731578374000000000
BEV1_2024-11-14_drive3.csv,soc,SOCave292,1731600366000000000,1731600367000000000,1731600367000000000
BEV1_2024-11-14_drive3.csv,ambient_c,VCRIGHT_tempAmbientRaw,1731600366000000000,1731600367000000000,1731600367000000000
BEV1_2024-11-14_drive3.csv,pack_min_c,BMSminPackTemperature,1731600366000000000,1731600367000000000,1731600367000000000
BEV1_2024-11-14_drive3.csv,pack_max_c,BMSmaxPackTemperature,1731600366000000000,1731600367000000000,1731600367000000000
BEV1_2024-11-14_drive3.csv,preconditioning_request,UI_batteryPreconditioningRequest,1731600366000000000,1731600367000000000,1731600367000000000
BEV1_2024-11-15_drive1.csv,soc,SOCave292,1731681554000000000,1731681555000000000,1731681555000000000
BEV1_2024-11-15_drive1.csv,ambient_c,VCRIGHT_tempAmbientRaw,1731681554000000000,1731681555000000000,1731681555000000000
BEV1_2024-11-15_drive1.csv,pack_min_c,BMSminPackTemperature,1731681554000000000,1731681555000000000,1731681555000000000
BEV1_2024-11-15_drive1.csv,pack_max_c,BMSmaxPackTemperature,1731681554000000000,1731681555000000000,1731681555000000000
BEV1_2024-11-15_drive1.csv,preconditioning_request,UI_batteryPreconditioningRequest,1731681554000000000,1731681555000000000,1731681555000000000
BEV1_2024-11-17_drive1.csv,soc,SOCave292,1731883302000000000,1731883303000000000,1731883303000000000
BEV1_2024-11-17_drive1.csv,ambient_c,VCRIGHT_tempAmbientRaw,1731883302000000000,1731883303000000000,1731883303000000000
BEV1_2024-11-17_drive1.csv,pack_min_c,BMSminPackTemperature,1731883302000000000,1731883303000000000,1731883303000000000
BEV1_2024-11-17_drive1.csv,pack_max_c,BMSmaxPackTemperature,1731883302000000000,1731883303000000000,1731883303000000000
BEV1_2024-11-17_drive1.csv,preconditioning_request,UI_batteryPreconditioningRequest,1731883302000000000,1731883303000000000,1731883303000000000
BEV1_2024-11-17_drive2.csv,soc,SOCave292,1731885756000000000,1731885757000000000,1731885757000000000
BEV1_2024-11-17_drive2.csv,ambient_c,VCRIGHT_tempAmbientRaw,1731885756000000000,1731885757000000000,1731885757000000000
BEV1_2024-11-17_drive2.csv,pack_min_c,BMSminPackTemperature,1731885756000000000,1731885757000000000,1731885757000000000
BEV1_2024-11-17_drive2.csv,pack_max_c,BMSmaxPackTemperature,1731885756000000000,1731885757000000000,1731885757000000000
BEV1_2024-11-17_drive2.csv,preconditioning_request,UI_batteryPreconditioningRequest,1731885756000000000,1731885757000000000,1731885757000000000
BEV1_2024-11-18_drive1.csv,soc,SOCave292,1731915432000000000,1731915433000000000,1731915433000000000
BEV1_2024-11-18_drive1.csv,ambient_c,VCRIGHT_tempAmbientRaw,1731915432000000000,1731915433000000000,1731915433000000000
BEV1_2024-11-18_drive1.csv,pack_min_c,BMSminPackTemperature,1731915432000000000,1731915433000000000,1731915433000000000
BEV1_2024-11-18_drive1.csv,pack_max_c,BMSmaxPackTemperature,1731915432000000000,1731915433000000000,1731915433000000000
BEV1_2024-11-18_drive1.csv,preconditioning_request,UI_batteryPreconditioningRequest,1731915432000000000,1731915433000000000,1731915433000000000
BEV1_2024-11-18_drive2.csv,soc,SOCave292,1731946171000000000,1731946172000000000,1731946172000000000
BEV1_2024-11-18_drive2.csv,ambient_c,VCRIGHT_tempAmbientRaw,1731946171000000000,1731946172000000000,1731946172000000000
BEV1_2024-11-18_drive2.csv,pack_min_c,BMSminPackTemperature,1731946171000000000,1731946172000000000,1731946172000000000
BEV1_2024-11-18_drive2.csv,pack_max_c,BMSmaxPackTemperature,1731946171000000000,1731946172000000000,1731946172000000000
BEV1_2024-11-18_drive2.csv,preconditioning_request,UI_batteryPreconditioningRequest,1731946171000000000,1731946172000000000,1731946172000000000
BEV1_2024-11-18_drive3.csv,soc,SOCave292,1731947950000000000,1731947951000000000,1731947951000000000
BEV1_2024-11-18_drive3.csv,ambient_c,VCRIGHT_tempAmbientRaw,1731947950000000000,1731947951000000000,1731947951000000000
BEV1_2024-11-18_drive3.csv,pack_min_c,BMSminPackTemperature,1731947950000000000,1731947951000000000,1731947951000000000
BEV1_2024-11-18_drive3.csv,pack_max_c,BMSmaxPackTemperature,1731947950000000000,1731947951000000000,1731947951000000000
BEV1_2024-11-18_drive3.csv,preconditioning_request,UI_batteryPreconditioningRequest,1731947950000000000,1731947951000000000,1731947951000000000
BEV1_2024-11-19_drive1.csv,soc,SOCave292,1732001258000000000,1732001259000000000,1732001259000000000
BEV1_2024-11-19_drive1.csv,ambient_c,VCRIGHT_tempAmbientRaw,1732001258000000000,1732001259000000000,1732001259000000000
BEV1_2024-11-19_drive1.csv,pack_min_c,BMSminPackTemperature,1732001258000000000,1732001259000000000,1732001259000000000
BEV1_2024-11-19_drive1.csv,pack_max_c,BMSmaxPackTemperature,1732001258000000000,1732001259000000000,1732001259000000000
BEV1_2024-11-19_drive1.csv,preconditioning_request,UI_batteryPreconditioningRequest,1732001258000000000,1732001259000000000,1732001259000000000
BEV1_2024-11-19_drive2.csv,soc,SOCave292,1732032550000000000,1732032551000000000,1732032551000000000
BEV1_2024-11-19_drive2.csv,ambient_c,VCRIGHT_tempAmbientRaw,1732032550000000000,1732032551000000000,1732032551000000000
BEV1_2024-11-19_drive2.csv,pack_min_c,BMSminPackTemperature,1732032550000000000,1732032551000000000,1732032551000000000
BEV1_2024-11-19_drive2.csv,pack_max_c,BMSmaxPackTemperature,1732032550000000000,1732032551000000000,1732032551000000000
BEV1_2024-11-19_drive2.csv,preconditioning_request,UI_batteryPreconditioningRequest,1732032550000000000,1732032551000000000,1732032551000000000
BEV1_2024-11-20_drive1.csv,soc,SOCave292,1732089006000000000,1732089007000000000,1732089007000000000
BEV1_2024-11-20_drive1.csv,ambient_c,VCRIGHT_tempAmbientRaw,1732089006000000000,1732089007000000000,1732089007000000000
BEV1_2024-11-20_drive1.csv,pack_min_c,BMSminPackTemperature,1732089006000000000,1732089007000000000,1732089007000000000
BEV1_2024-11-20_drive1.csv,pack_max_c,BMSmaxPackTemperature,1732089006000000000,1732089007000000000,1732089007000000000
BEV1_2024-11-20_drive1.csv,preconditioning_request,UI_batteryPreconditioningRequest,1732089006000000000,1732089007000000000,1732089007000000000
BEV1_2024-11-20_drive2.csv,soc,SOCave292,1732121598000000000,1732121599000000000,1732121599000000000
BEV1_2024-11-20_drive2.csv,ambient_c,VCRIGHT_tempAmbientRaw,1732121598000000000,1732121599000000000,1732121599000000000
BEV1_2024-11-20_drive2.csv,pack_min_c,BMSminPackTemperature,1732121598000000000,1732121599000000000,1732121599000000000
BEV1_2024-11-20_drive2.csv,pack_max_c,BMSmaxPackTemperature,1732121598000000000,1732121599000000000,1732121599000000000
BEV1_2024-11-20_drive2.csv,preconditioning_request,UI_batteryPreconditioningRequest,1732121598000000000,1732121599000000000,1732121599000000000
BEV1_2024-11-20_drive3.csv,soc,SOCave292,1732126662000000000,1732126663000000000,1732126663000000000
BEV1_2024-11-20_drive3.csv,ambient_c,VCRIGHT_tempAmbientRaw,1732126662000000000,1732126663000000000,1732126663000000000
BEV1_2024-11-20_drive3.csv,pack_min_c,BMSminPackTemperature,1732126662000000000,1732126663000000000,1732126663000000000
BEV1_2024-11-20_drive3.csv,pack_max_c,BMSmaxPackTemperature,1732126662000000000,1732126663000000000,1732126663000000000
BEV1_2024-11-20_drive3.csv,preconditioning_request,UI_batteryPreconditioningRequest,1732126662000000000,1732126663000000000,1732126663000000000
BEV1_2024-11-20_drive4.csv,soc,SOCave292,1732132956000000000,1732132957000000000,1732132957000000000
BEV1_2024-11-20_drive4.csv,ambient_c,VCRIGHT_tempAmbientRaw,1732132956000000000,1732132957000000000,1732132957000000000
BEV1_2024-11-20_drive4.csv,pack_min_c,BMSminPackTemperature,1732132956000000000,1732132957000000000,1732132957000000000
BEV1_2024-11-20_drive4.csv,pack_max_c,BMSmaxPackTemperature,1732132956000000000,1732132957000000000,1732132957000000000
BEV1_2024-11-20_drive4.csv,preconditioning_request,UI_batteryPreconditioningRequest,1732132956000000000,1732132957000000000,1732132957000000000
BEV1_2024-11-21_drive1.csv,soc,SOCave292,1732170424000000000,1732170425000000000,1732170425000000000
BEV1_2024-11-21_drive1.csv,ambient_c,VCRIGHT_tempAmbientRaw,1732170424000000000,1732170425000000000,1732170425000000000
BEV1_2024-11-21_drive1.csv,pack_min_c,BMSminPackTemperature,1732170424000000000,1732170425000000000,1732170425000000000
BEV1_2024-11-21_drive1.csv,pack_max_c,BMSmaxPackTemperature,1732170424000000000,1732170425000000000,1732170425000000000
BEV1_2024-11-21_drive1.csv,preconditioning_request,UI_batteryPreconditioningRequest,1732170424000000000,1732170425000000000,1732170425000000000
BEV1_2024-11-21_drive2.csv,soc,SOCave292,1732199333000000000,1732199334000000000,1732199334000000000
BEV1_2024-11-21_drive2.csv,ambient_c,VCRIGHT_tempAmbientRaw,1732199333000000000,1732199334000000000,1732199334000000000
BEV1_2024-11-21_drive2.csv,pack_min_c,BMSminPackTemperature,1732199333000000000,1732199334000000000,1732199334000000000
BEV1_2024-11-21_drive2.csv,pack_max_c,BMSmaxPackTemperature,1732199333000000000,1732199334000000000,1732199334000000000
BEV1_2024-11-21_drive2.csv,preconditioning_request,UI_batteryPreconditioningRequest,1732199333000000000,1732199334000000000,1732199334000000000
BEV1_2024-11-21_drive3.csv,soc,SOCave292,1732211706000000000,1732211707000000000,1732211707000000000
BEV1_2024-11-21_drive3.csv,ambient_c,VCRIGHT_tempAmbientRaw,1732211706000000000,1732211707000000000,1732211707000000000
BEV1_2024-11-21_drive3.csv,pack_min_c,BMSminPackTemperature,1732211706000000000,1732211707000000000,1732211707000000000
BEV1_2024-11-21_drive3.csv,pack_max_c,BMSmaxPackTemperature,1732211706000000000,1732211707000000000,1732211707000000000
BEV1_2024-11-21_drive3.csv,preconditioning_request,UI_batteryPreconditioningRequest,1732211706000000000,1732211707000000000,1732211707000000000
BEV1_2024-11-21_drive4.csv,soc,SOCave292,1732219728000000000,1732219729000000000,1732219729000000000
BEV1_2024-11-21_drive4.csv,ambient_c,VCRIGHT_tempAmbientRaw,1732219728000000000,1732219729000000000,1732219729000000000
BEV1_2024-11-21_drive4.csv,pack_min_c,BMSminPackTemperature,1732219728000000000,1732219729000000000,1732219729000000000
BEV1_2024-11-21_drive4.csv,pack_max_c,BMSmaxPackTemperature,1732219728000000000,1732219729000000000,1732219729000000000
BEV1_2024-11-21_drive4.csv,preconditioning_request,UI_batteryPreconditioningRequest,1732219728000000000,1732219729000000000,1732219729000000000
BEV1_2024-11-22_drive1.csv,soc,SOCave292,1732267106000000000,1732267107000000000,1732267107000000000
BEV1_2024-11-22_drive1.csv,ambient_c,VCRIGHT_tempAmbientRaw,1732267106000000000,1732267107000000000,1732267107000000000
BEV1_2024-11-22_drive1.csv,pack_min_c,BMSminPackTemperature,1732267106000000000,1732267107000000000,1732267107000000000
BEV1_2024-11-22_drive1.csv,pack_max_c,BMSmaxPackTemperature,1732267106000000000,1732267107000000000,1732267107000000000
BEV1_2024-11-22_drive1.csv,preconditioning_request,UI_batteryPreconditioningRequest,1732267106000000000,1732267107000000000,1732267107000000000
BEV1_2024-11-22_drive2.csv,soc,SOCave292,1732275301000000000,1732275302000000000,1732275302000000000
BEV1_2024-11-22_drive2.csv,ambient_c,VCRIGHT_tempAmbientRaw,1732275301000000000,1732275302000000000,1732275302000000000
BEV1_2024-11-22_drive2.csv,pack_min_c,BMSminPackTemperature,1732275301000000000,1732275302000000000,1732275302000000000
BEV1_2024-11-22_drive2.csv,pack_max_c,BMSmaxPackTemperature,1732275301000000000,1732275302000000000,1732275302000000000
BEV1_2024-11-22_drive2.csv,preconditioning_request,UI_batteryPreconditioningRequest,1732275301000000000,1732275302000000000,1732275302000000000
BEV1_2024-11-22_drive4.csv,soc,SOCave292,1732297410000000000,1732297411000000000,1732297411000000000
BEV1_2024-11-22_drive4.csv,ambient_c,VCRIGHT_tempAmbientRaw,1732297410000000000,1732297411000000000,1732297411000000000
BEV1_2024-11-22_drive4.csv,pack_min_c,BMSminPackTemperature,1732297410000000000,1732297411000000000,1732297411000000000
BEV1_2024-11-22_drive4.csv,pack_max_c,BMSmaxPackTemperature,1732297410000000000,1732297411000000000,1732297411000000000
BEV1_2024-11-22_drive4.csv,preconditioning_request,UI_batteryPreconditioningRequest,1732297410000000000,1732297411000000000,1732297411000000000
BEV1_2024-11-22_drive5.csv,soc,SOCave292,1732309425000000000,1732309426000000000,1732309426000000000
BEV1_2024-11-22_drive5.csv,ambient_c,VCRIGHT_tempAmbientRaw,1732309425000000000,1732309426000000000,1732309426000000000
BEV1_2024-11-22_drive5.csv,pack_min_c,BMSminPackTemperature,1732309425000000000,1732309426000000000,1732309426000000000
BEV1_2024-11-22_drive5.csv,pack_max_c,BMSmaxPackTemperature,1732309425000000000,1732309426000000000,1732309426000000000
BEV1_2024-11-22_drive5.csv,preconditioning_request,UI_batteryPreconditioningRequest,1732309425000000000,1732309426000000000,1732309426000000000
BEV1_2024-11-23_drive1.csv,soc,SOCave292,1732368182000000000,1732368183000000000,1732368183000000000
BEV1_2024-11-23_drive1.csv,ambient_c,VCRIGHT_tempAmbientRaw,1732368182000000000,1732368183000000000,1732368183000000000
BEV1_2024-11-23_drive1.csv,pack_min_c,BMSminPackTemperature,1732368182000000000,1732368183000000000,1732368183000000000
BEV1_2024-11-23_drive1.csv,pack_max_c,BMSmaxPackTemperature,1732368182000000000,1732368183000000000,1732368183000000000
BEV1_2024-11-23_drive1.csv,preconditioning_request,UI_batteryPreconditioningRequest,1732368182000000000,1732368183000000000,1732368183000000000
BEV1_2024-11-23_drive2.csv,soc,SOCave292,1732369182000000000,1732369183000000000,1732369183000000000
BEV1_2024-11-23_drive2.csv,ambient_c,VCRIGHT_tempAmbientRaw,1732369182000000000,1732369183000000000,1732369183000000000
BEV1_2024-11-23_drive2.csv,pack_min_c,BMSminPackTemperature,1732369182000000000,1732369183000000000,1732369183000000000
BEV1_2024-11-23_drive2.csv,pack_max_c,BMSmaxPackTemperature,1732369182000000000,1732369183000000000,1732369183000000000
BEV1_2024-11-23_drive2.csv,preconditioning_request,UI_batteryPreconditioningRequest,1732369182000000000,1732369183000000000,1732369183000000000
BEV1_2024-11-23_drive3.csv,soc,SOCave292,1732380556000000000,1732380557000000000,1732380557000000000
BEV1_2024-11-23_drive3.csv,ambient_c,VCRIGHT_tempAmbientRaw,1732380556000000000,1732380557000000000,1732380557000000000
BEV1_2024-11-23_drive3.csv,pack_min_c,BMSminPackTemperature,1732380556000000000,1732380557000000000,1732380557000000000
BEV1_2024-11-23_drive3.csv,pack_max_c,BMSmaxPackTemperature,1732380556000000000,1732380557000000000,1732380557000000000
BEV1_2024-11-23_drive3.csv,preconditioning_request,UI_batteryPreconditioningRequest,1732380556000000000,1732380557000000000,1732380557000000000
BEV1_2024-11-23_drive4.csv,soc,SOCave292,1732383739000000000,1732383740000000000,1732383740000000000
BEV1_2024-11-23_drive4.csv,ambient_c,VCRIGHT_tempAmbientRaw,1732383739000000000,1732383740000000000,1732383740000000000
BEV1_2024-11-23_drive4.csv,pack_min_c,BMSminPackTemperature,1732383739000000000,1732383740000000000,1732383740000000000
BEV1_2024-11-23_drive4.csv,pack_max_c,BMSmaxPackTemperature,1732383739000000000,1732383740000000000,1732383740000000000
BEV1_2024-11-23_drive4.csv,preconditioning_request,UI_batteryPreconditioningRequest,1732383739000000000,1732383740000000000,1732383740000000000
BEV1_2024-11-24_drive1.csv,soc,SOCave292,1732442889000000000,1732442890000000000,1732442890000000000
BEV1_2024-11-24_drive1.csv,ambient_c,VCRIGHT_tempAmbientRaw,1732442889000000000,1732442890000000000,1732442890000000000
BEV1_2024-11-24_drive1.csv,pack_min_c,BMSminPackTemperature,1732442889000000000,1732442890000000000,1732442890000000000
BEV1_2024-11-24_drive1.csv,pack_max_c,BMSmaxPackTemperature,1732442889000000000,1732442890000000000,1732442890000000000
BEV1_2024-11-24_drive1.csv,preconditioning_request,UI_batteryPreconditioningRequest,1732442889000000000,1732442890000000000,1732442890000000000
BEV1_2024-11-24_drive2.csv,soc,SOCave292,1732443891000000000,1732443892000000000,1732443892000000000
BEV1_2024-11-24_drive2.csv,ambient_c,VCRIGHT_tempAmbientRaw,1732443891000000000,1732443892000000000,1732443892000000000
BEV1_2024-11-24_drive2.csv,pack_min_c,BMSminPackTemperature,1732443891000000000,1732443892000000000,1732443892000000000
BEV1_2024-11-24_drive2.csv,pack_max_c,BMSmaxPackTemperature,1732443891000000000,1732443892000000000,1732443892000000000
BEV1_2024-11-24_drive2.csv,preconditioning_request,UI_batteryPreconditioningRequest,1732443891000000000,1732443892000000000,1732443892000000000
BEV1_2024-11-25_drive1.csv,soc,SOCave292,1732519625000000000,1732519626000000000,1732519626000000000
BEV1_2024-11-25_drive1.csv,ambient_c,VCRIGHT_tempAmbientRaw,1732519625000000000,1732519626000000000,1732519626000000000
BEV1_2024-11-25_drive1.csv,pack_min_c,BMSminPackTemperature,1732519625000000000,1732519626000000000,1732519626000000000
BEV1_2024-11-25_drive1.csv,pack_max_c,BMSmaxPackTemperature,1732519625000000000,1732519626000000000,1732519626000000000
BEV1_2024-11-25_drive1.csv,preconditioning_request,UI_batteryPreconditioningRequest,1732519625000000000,1732519626000000000,1732519626000000000
BEV1_2024-11-25_drive2.csv,soc,SOCave292,1732537989000000000,1732537990000000000,1732537990000000000
BEV1_2024-11-25_drive2.csv,ambient_c,VCRIGHT_tempAmbientRaw,1732537989000000000,1732537990000000000,1732537990000000000
BEV1_2024-11-25_drive2.csv,pack_min_c,BMSminPackTemperature,1732537989000000000,1732537990000000000,1732537990000000000
BEV1_2024-11-25_drive2.csv,pack_max_c,BMSmaxPackTemperature,1732537989000000000,1732537990000000000,1732537990000000000
BEV1_2024-11-25_drive2.csv,preconditioning_request,UI_batteryPreconditioningRequest,1732537989000000000,1732537990000000000,1732537990000000000
BEV1_2024-11-25_drive3.csv,soc,SOCave292,1732542460000000000,1732542461000000000,1732542461000000000
BEV1_2024-11-25_drive3.csv,ambient_c,VCRIGHT_tempAmbientRaw,1732542460000000000,1732542461000000000,1732542461000000000
BEV1_2024-11-25_drive3.csv,pack_min_c,BMSminPackTemperature,1732542460000000000,1732542461000000000,1732542461000000000
BEV1_2024-11-25_drive3.csv,pack_max_c,BMSmaxPackTemperature,1732542460000000000,1732542461000000000,1732542461000000000
BEV1_2024-11-25_drive3.csv,preconditioning_request,UI_batteryPreconditioningRequest,1732542460000000000,1732542461000000000,1732542461000000000
BEV1_2024-11-25_drive4.csv,soc,SOCave292,1732553129000000000,1732553130000000000,1732553130000000000
BEV1_2024-11-25_drive4.csv,ambient_c,VCRIGHT_tempAmbientRaw,1732553129000000000,1732553130000000000,1732553130000000000
BEV1_2024-11-25_drive4.csv,pack_min_c,BMSminPackTemperature,1732553129000000000,1732553130000000000,1732553130000000000
BEV1_2024-11-25_drive4.csv,pack_max_c,BMSmaxPackTemperature,1732553129000000000,1732553130000000000,1732553130000000000
BEV1_2024-11-25_drive4.csv,preconditioning_request,UI_batteryPreconditioningRequest,1732553129000000000,1732553130000000000,1732553130000000000
BEV1_2024-11-26_drive1.csv,soc,SOCave292,1732606014000000000,1732606015000000000,1732606015000000000
BEV1_2024-11-26_drive1.csv,ambient_c,VCRIGHT_tempAmbientRaw,1732606014000000000,1732606015000000000,1732606015000000000
BEV1_2024-11-26_drive1.csv,pack_min_c,BMSminPackTemperature,1732606014000000000,1732606015000000000,1732606015000000000
BEV1_2024-11-26_drive1.csv,pack_max_c,BMSmaxPackTemperature,1732606014000000000,1732606015000000000,1732606015000000000
BEV1_2024-11-26_drive1.csv,preconditioning_request,UI_batteryPreconditioningRequest,1732606014000000000,1732606015000000000,1732606015000000000
BEV1_2024-11-26_drive2.csv,soc,SOCave292,1732637224000000000,1732637225000000000,1732637225000000000
BEV1_2024-11-26_drive2.csv,ambient_c,VCRIGHT_tempAmbientRaw,1732637224000000000,1732637225000000000,1732637225000000000
BEV1_2024-11-26_drive2.csv,pack_min_c,BMSminPackTemperature,1732637224000000000,1732637225000000000,1732637225000000000
BEV1_2024-11-26_drive2.csv,pack_max_c,BMSmaxPackTemperature,1732637224000000000,1732637225000000000,1732637225000000000
BEV1_2024-11-26_drive2.csv,preconditioning_request,UI_batteryPreconditioningRequest,1732637224000000000,1732637225000000000,1732637225000000000
BEV1_2024-11-28_drive1.csv,soc,SOCave292,1732777891000000000,1732777892000000000,1732777892000000000
BEV1_2024-11-28_drive1.csv,ambient_c,VCRIGHT_tempAmbientRaw,1732777891000000000,1732777892000000000,1732777892000000000
BEV1_2024-11-28_drive1.csv,pack_min_c,BMSminPackTemperature,1732777891000000000,1732777892000000000,1732777892000000000
BEV1_2024-11-28_drive1.csv,pack_max_c,BMSmaxPackTemperature,1732777891000000000,1732777892000000000,1732777892000000000
BEV1_2024-11-28_drive1.csv,preconditioning_request,UI_batteryPreconditioningRequest,1732777891000000000,1732777892000000000,1732777892000000000
BEV1_2024-11-28_drive2.csv,soc,SOCave292,1732793637000000000,1732793638000000000,1732793638000000000
BEV1_2024-11-28_drive2.csv,ambient_c,VCRIGHT_tempAmbientRaw,1732793637000000000,1732793638000000000,1732793638000000000
BEV1_2024-11-28_drive2.csv,pack_min_c,BMSminPackTemperature,1732793637000000000,1732793638000000000,1732793638000000000
BEV1_2024-11-28_drive2.csv,pack_max_c,BMSmaxPackTemperature,1732793637000000000,1732793638000000000,1732793638000000000
BEV1_2024-11-28_drive2.csv,preconditioning_request,UI_batteryPreconditioningRequest,1732793637000000000,1732793638000000000,1732793638000000000
BEV1_2024-11-28_drive3.csv,soc,SOCave292,1732805033000000000,1732805034000000000,1732805034000000000
BEV1_2024-11-28_drive3.csv,ambient_c,VCRIGHT_tempAmbientRaw,1732805033000000000,1732805034000000000,1732805034000000000
BEV1_2024-11-28_drive3.csv,pack_min_c,BMSminPackTemperature,1732805033000000000,1732805034000000000,1732805034000000000
BEV1_2024-11-28_drive3.csv,pack_max_c,BMSmaxPackTemperature,1732805033000000000,1732805034000000000,1732805034000000000
BEV1_2024-11-28_drive3.csv,preconditioning_request,UI_batteryPreconditioningRequest,1732805033000000000,1732805034000000000,1732805034000000000
BEV1_2024-11-28_drive4.csv,soc,SOCave292,1732813636000000000,1732813637000000000,1732813637000000000
BEV1_2024-11-28_drive4.csv,ambient_c,VCRIGHT_tempAmbientRaw,1732813636000000000,1732813637000000000,1732813637000000000
BEV1_2024-11-28_drive4.csv,pack_min_c,BMSminPackTemperature,1732813636000000000,1732813637000000000,1732813637000000000
BEV1_2024-11-28_drive4.csv,pack_max_c,BMSmaxPackTemperature,1732813636000000000,1732813637000000000,1732813637000000000
BEV1_2024-11-28_drive4.csv,preconditioning_request,UI_batteryPreconditioningRequest,1732813636000000000,1732813637000000000,1732813637000000000
BEV1_2024-11-28_drive5.csv,soc,SOCave292,1732822718000000000,1732822719000000000,1732822719000000000
BEV1_2024-11-28_drive5.csv,ambient_c,VCRIGHT_tempAmbientRaw,1732822718000000000,1732822719000000000,1732822719000000000
BEV1_2024-11-28_drive5.csv,pack_min_c,BMSminPackTemperature,1732822718000000000,1732822719000000000,1732822719000000000
BEV1_2024-11-28_drive5.csv,pack_max_c,BMSmaxPackTemperature,1732822718000000000,1732822719000000000,1732822719000000000
BEV1_2024-11-28_drive5.csv,preconditioning_request,UI_batteryPreconditioningRequest,1732822718000000000,1732822719000000000,1732822719000000000
BEV1_2024-11-29_drive1.csv,soc,SOCave292,1732862638000000000,1732862639000000000,1732862639000000000
BEV1_2024-11-29_drive1.csv,ambient_c,VCRIGHT_tempAmbientRaw,1732862638000000000,1732862639000000000,1732862639000000000
BEV1_2024-11-29_drive1.csv,pack_min_c,BMSminPackTemperature,1732862638000000000,1732862639000000000,1732862639000000000
BEV1_2024-11-29_drive1.csv,pack_max_c,BMSmaxPackTemperature,1732862638000000000,1732862639000000000,1732862639000000000
BEV1_2024-11-29_drive1.csv,preconditioning_request,UI_batteryPreconditioningRequest,1732862638000000000,1732862639000000000,1732862639000000000
BEV1_2024-11-29_drive2.csv,soc,SOCave292,1732897944000000000,1732897945000000000,1732897945000000000
BEV1_2024-11-29_drive2.csv,ambient_c,VCRIGHT_tempAmbientRaw,1732897944000000000,1732897945000000000,1732897945000000000
BEV1_2024-11-29_drive2.csv,pack_min_c,BMSminPackTemperature,1732897944000000000,1732897945000000000,1732897945000000000
BEV1_2024-11-29_drive2.csv,pack_max_c,BMSmaxPackTemperature,1732897944000000000,1732897945000000000,1732897945000000000
BEV1_2024-11-29_drive2.csv,preconditioning_request,UI_batteryPreconditioningRequest,1732897944000000000,1732897945000000000,1732897945000000000
BEV1_2024-11-30_drive1.csv,soc,SOCave292,1732964490000000000,1732964491000000000,1732964491000000000
BEV1_2024-11-30_drive1.csv,ambient_c,VCRIGHT_tempAmbientRaw,1732964490000000000,1732964491000000000,1732964491000000000
BEV1_2024-11-30_drive1.csv,pack_min_c,BMSminPackTemperature,1732964490000000000,1732964491000000000,1732964491000000000
BEV1_2024-11-30_drive1.csv,pack_max_c,BMSmaxPackTemperature,1732964490000000000,1732964491000000000,1732964491000000000
BEV1_2024-11-30_drive1.csv,preconditioning_request,UI_batteryPreconditioningRequest,1732964490000000000,1732964491000000000,1732964491000000000
BEV1_2024-11-30_drive2.csv,soc,SOCave292,1732965659000000000,1732965660000000000,1732965660000000000
BEV1_2024-11-30_drive2.csv,ambient_c,VCRIGHT_tempAmbientRaw,1732965659000000000,1732965660000000000,1732965660000000000
BEV1_2024-11-30_drive2.csv,pack_min_c,BMSminPackTemperature,1732965659000000000,1732965660000000000,1732965660000000000
BEV1_2024-11-30_drive2.csv,pack_max_c,BMSmaxPackTemperature,1732965659000000000,1732965660000000000,1732965660000000000
BEV1_2024-11-30_drive2.csv,preconditioning_request,UI_batteryPreconditioningRequest,1732965659000000000,1732965660000000000,1732965660000000000
BEV1_2024-11-30_drive3.csv,soc,SOCave292,1732969310000000000,1732969311000000000,1732969311000000000
BEV1_2024-11-30_drive3.csv,ambient_c,VCRIGHT_tempAmbientRaw,1732969310000000000,1732969311000000000,1732969311000000000
BEV1_2024-11-30_drive3.csv,pack_min_c,BMSminPackTemperature,1732969310000000000,1732969311000000000,1732969311000000000
BEV1_2024-11-30_drive3.csv,pack_max_c,BMSmaxPackTemperature,1732969310000000000,1732969311000000000,1732969311000000000
BEV1_2024-11-30_drive3.csv,preconditioning_request,UI_batteryPreconditioningRequest,1732969310000000000,1732969311000000000,1732969311000000000
BEV1_2024-11-30_drive4.csv,soc,SOCave292,1732973456000000000,1732973457000000000,1732973457000000000
BEV1_2024-11-30_drive4.csv,ambient_c,VCRIGHT_tempAmbientRaw,1732973456000000000,1732973457000000000,1732973457000000000
BEV1_2024-11-30_drive4.csv,pack_min_c,BMSminPackTemperature,1732973456000000000,1732973457000000000,1732973457000000000
BEV1_2024-11-30_drive4.csv,pack_max_c,BMSmaxPackTemperature,1732973456000000000,1732973457000000000,1732973457000000000
BEV1_2024-11-30_drive4.csv,preconditioning_request,UI_batteryPreconditioningRequest,1732973456000000000,1732973457000000000,1732973457000000000
BEV1_2024-12-01_drive1.csv,soc,SOCave292,1733068774000000000,1733068775000000000,1733068775000000000
BEV1_2024-12-01_drive1.csv,ambient_c,VCRIGHT_tempAmbientRaw,1733068774000000000,1733068775000000000,1733068775000000000
BEV1_2024-12-01_drive1.csv,pack_min_c,BMSminPackTemperature,1733068774000000000,1733068775000000000,1733068775000000000
BEV1_2024-12-01_drive1.csv,pack_max_c,BMSmaxPackTemperature,1733068774000000000,1733068775000000000,1733068775000000000
BEV1_2024-12-01_drive1.csv,preconditioning_request,UI_batteryPreconditioningRequest,1733068774000000000,1733068775000000000,1733068775000000000
BEV1_2024-12-01_drive2.csv,soc,SOCave292,1733069881000000000,1733069882000000000,1733069882000000000
BEV1_2024-12-01_drive2.csv,ambient_c,VCRIGHT_tempAmbientRaw,1733069881000000000,1733069882000000000,1733069882000000000
BEV1_2024-12-01_drive2.csv,pack_min_c,BMSminPackTemperature,1733069881000000000,1733069882000000000,1733069882000000000
BEV1_2024-12-01_drive2.csv,pack_max_c,BMSmaxPackTemperature,1733069881000000000,1733069882000000000,1733069882000000000
BEV1_2024-12-01_drive2.csv,preconditioning_request,UI_batteryPreconditioningRequest,1733069881000000000,1733069882000000000,1733069882000000000
BEV1_2024-12-01_drive3.csv,soc,SOCave292,1733073111000000000,1733073112000000000,1733073112000000000
BEV1_2024-12-01_drive3.csv,ambient_c,VCRIGHT_tempAmbientRaw,1733073111000000000,1733073112000000000,1733073112000000000
BEV1_2024-12-01_drive3.csv,pack_min_c,BMSminPackTemperature,1733073111000000000,1733073112000000000,1733073112000000000
BEV1_2024-12-01_drive3.csv,pack_max_c,BMSmaxPackTemperature,1733073111000000000,1733073112000000000,1733073112000000000
BEV1_2024-12-01_drive3.csv,preconditioning_request,UI_batteryPreconditioningRequest,1733073111000000000,1733073112000000000,1733073112000000000
BEV1_2024-12-01_drive4.csv,soc,SOCave292,1733074870000000000,1733074871000000000,1733074871000000000
BEV1_2024-12-01_drive4.csv,ambient_c,VCRIGHT_tempAmbientRaw,1733074870000000000,1733074871000000000,1733074871000000000
BEV1_2024-12-01_drive4.csv,pack_min_c,BMSminPackTemperature,1733074870000000000,1733074871000000000,1733074871000000000
BEV1_2024-12-01_drive4.csv,pack_max_c,BMSmaxPackTemperature,1733074870000000000,1733074871000000000,1733074871000000000
BEV1_2024-12-01_drive4.csv,preconditioning_request,UI_batteryPreconditioningRequest,1733074870000000000,1733074871000000000,1733074871000000000
BEV1_2024-12-01_drive5.csv,soc,SOCave292,1733075511000000000,1733075512000000000,1733075512000000000
BEV1_2024-12-01_drive5.csv,ambient_c,VCRIGHT_tempAmbientRaw,1733075511000000000,1733075512000000000,1733075512000000000
BEV1_2024-12-01_drive5.csv,pack_min_c,BMSminPackTemperature,1733075511000000000,1733075512000000000,1733075512000000000
BEV1_2024-12-01_drive5.csv,pack_max_c,BMSmaxPackTemperature,1733075511000000000,1733075512000000000,1733075512000000000
BEV1_2024-12-01_drive5.csv,preconditioning_request,UI_batteryPreconditioningRequest,1733075511000000000,1733075512000000000,1733075512000000000
BEV1_2024-12-01_drive6.csv,soc,SOCave292,1733077524000000000,1733077525000000000,1733077525000000000
BEV1_2024-12-01_drive6.csv,ambient_c,VCRIGHT_tempAmbientRaw,1733077524000000000,1733077525000000000,1733077525000000000
BEV1_2024-12-01_drive6.csv,pack_min_c,BMSminPackTemperature,1733077524000000000,1733077525000000000,1733077525000000000
BEV1_2024-12-01_drive6.csv,pack_max_c,BMSmaxPackTemperature,1733077524000000000,1733077525000000000,1733077525000000000
BEV1_2024-12-01_drive6.csv,preconditioning_request,UI_batteryPreconditioningRequest,1733077524000000000,1733077525000000000,1733077525000000000
BEV1_2024-12-02_drive1.csv,soc,SOCave292,1733125029000000000,1733125030000000000,1733125030000000000
BEV1_2024-12-02_drive1.csv,ambient_c,VCRIGHT_tempAmbientRaw,1733125029000000000,1733125030000000000,1733125030000000000
BEV1_2024-12-02_drive1.csv,pack_min_c,BMSminPackTemperature,1733125029000000000,1733125030000000000,1733125030000000000
BEV1_2024-12-02_drive1.csv,pack_max_c,BMSmaxPackTemperature,1733125029000000000,1733125030000000000,1733125030000000000
BEV1_2024-12-02_drive1.csv,preconditioning_request,UI_batteryPreconditioningRequest,1733125029000000000,1733125030000000000,1733125030000000000
BEV1_2024-12-02_drive2.csv,soc,SOCave292,1733156550000000000,1733156551000000000,1733156551000000000
BEV1_2024-12-02_drive2.csv,ambient_c,VCRIGHT_tempAmbientRaw,1733156550000000000,1733156551000000000,1733156551000000000
BEV1_2024-12-02_drive2.csv,pack_min_c,BMSminPackTemperature,1733156550000000000,1733156551000000000,1733156551000000000
BEV1_2024-12-02_drive2.csv,pack_max_c,BMSmaxPackTemperature,1733156550000000000,1733156551000000000,1733156551000000000
BEV1_2024-12-02_drive2.csv,preconditioning_request,UI_batteryPreconditioningRequest,1733156550000000000,1733156551000000000,1733156551000000000
BEV1_2024-12-02_drive3.csv,soc,SOCave292,1733160748000000000,1733160749000000000,1733160749000000000
BEV1_2024-12-02_drive3.csv,ambient_c,VCRIGHT_tempAmbientRaw,1733160748000000000,1733160749000000000,1733160749000000000
BEV1_2024-12-02_drive3.csv,pack_min_c,BMSminPackTemperature,1733160748000000000,1733160749000000000,1733160749000000000
BEV1_2024-12-02_drive3.csv,pack_max_c,BMSmaxPackTemperature,1733160748000000000,1733160749000000000,1733160749000000000
BEV1_2024-12-02_drive3.csv,preconditioning_request,UI_batteryPreconditioningRequest,1733160748000000000,1733160749000000000,1733160749000000000
BEV1_2024-12-02_drive4.csv,soc,SOCave292,1733161578000000000,1733161579000000000,1733161579000000000
BEV1_2024-12-02_drive4.csv,ambient_c,VCRIGHT_tempAmbientRaw,1733161578000000000,1733161579000000000,1733161579000000000
BEV1_2024-12-02_drive4.csv,pack_min_c,BMSminPackTemperature,1733161578000000000,1733161579000000000,1733161579000000000
BEV1_2024-12-02_drive4.csv,pack_max_c,BMSmaxPackTemperature,1733161578000000000,1733161579000000000,1733161579000000000
BEV1_2024-12-02_drive4.csv,preconditioning_request,UI_batteryPreconditioningRequest,1733161578000000000,1733161579000000000,1733161579000000000
BEV1_2024-12-02_drive5.csv,soc,SOCave292,1733162789000000000,1733162790000000000,1733162790000000000
BEV1_2024-12-02_drive5.csv,ambient_c,VCRIGHT_tempAmbientRaw,1733162789000000000,1733162790000000000,1733162790000000000
BEV1_2024-12-02_drive5.csv,pack_min_c,BMSminPackTemperature,1733162789000000000,1733162790000000000,1733162790000000000
BEV1_2024-12-02_drive5.csv,pack_max_c,BMSmaxPackTemperature,1733162789000000000,1733162790000000000,1733162790000000000
BEV1_2024-12-02_drive5.csv,preconditioning_request,UI_batteryPreconditioningRequest,1733162789000000000,1733162790000000000,1733162790000000000
BEV1_2024-12-02_drive6.csv,soc,SOCave292,1733169786000000000,1733169787000000000,1733169787000000000
BEV1_2024-12-02_drive6.csv,ambient_c,VCRIGHT_tempAmbientRaw,1733169786000000000,1733169787000000000,1733169787000000000
BEV1_2024-12-02_drive6.csv,pack_min_c,BMSminPackTemperature,1733169786000000000,1733169787000000000,1733169787000000000
BEV1_2024-12-02_drive6.csv,pack_max_c,BMSmaxPackTemperature,1733169786000000000,1733169787000000000,1733169787000000000
BEV1_2024-12-02_drive6.csv,preconditioning_request,UI_batteryPreconditioningRequest,1733169786000000000,1733169787000000000,1733169787000000000
BEV1_2024-12-03_drive1.csv,soc,SOCave292,1733209063000000000,1733209064000000000,1733209064000000000
BEV1_2024-12-03_drive1.csv,ambient_c,VCRIGHT_tempAmbientRaw,1733209063000000000,1733209064000000000,1733209064000000000
BEV1_2024-12-03_drive1.csv,pack_min_c,BMSminPackTemperature,1733209063000000000,1733209064000000000,1733209064000000000
BEV1_2024-12-03_drive1.csv,pack_max_c,BMSmaxPackTemperature,1733209063000000000,1733209064000000000,1733209064000000000
BEV1_2024-12-03_drive1.csv,preconditioning_request,UI_batteryPreconditioningRequest,1733209063000000000,1733209064000000000,1733209064000000000
BEV1_2024-12-03_drive2.csv,soc,SOCave292,1733231958000000000,1733231959000000000,1733231959000000000
BEV1_2024-12-03_drive2.csv,ambient_c,VCRIGHT_tempAmbientRaw,1733231958000000000,1733231959000000000,1733231959000000000
BEV1_2024-12-03_drive2.csv,pack_min_c,BMSminPackTemperature,1733231958000000000,1733231959000000000,1733231959000000000
BEV1_2024-12-03_drive2.csv,pack_max_c,BMSmaxPackTemperature,1733231958000000000,1733231959000000000,1733231959000000000
BEV1_2024-12-03_drive2.csv,preconditioning_request,UI_batteryPreconditioningRequest,1733231958000000000,1733231959000000000,1733231959000000000
BEV1_2024-12-03_drive3.csv,soc,SOCave292,1733236850000000000,1733236851000000000,1733236851000000000
BEV1_2024-12-03_drive3.csv,ambient_c,VCRIGHT_tempAmbientRaw,1733236850000000000,1733236851000000000,1733236851000000000
BEV1_2024-12-03_drive3.csv,pack_min_c,BMSminPackTemperature,1733236850000000000,1733236851000000000,1733236851000000000
BEV1_2024-12-03_drive3.csv,pack_max_c,BMSmaxPackTemperature,1733236850000000000,1733236851000000000,1733236851000000000
BEV1_2024-12-03_drive3.csv,preconditioning_request,UI_batteryPreconditioningRequest,1733236850000000000,1733236851000000000,1733236851000000000
BEV1_2024-12-03_drive4.csv,soc,SOCave292,1733240297000000000,1733240298000000000,1733240298000000000
BEV1_2024-12-03_drive4.csv,ambient_c,VCRIGHT_tempAmbientRaw,1733240297000000000,1733240298000000000,1733240298000000000
BEV1_2024-12-03_drive4.csv,pack_min_c,BMSminPackTemperature,1733240297000000000,1733240298000000000,1733240298000000000
BEV1_2024-12-03_drive4.csv,pack_max_c,BMSmaxPackTemperature,1733240297000000000,1733240298000000000,1733240298000000000
BEV1_2024-12-03_drive4.csv,preconditioning_request,UI_batteryPreconditioningRequest,1733240297000000000,1733240298000000000,1733240298000000000
BEV1_2024-12-04_drive1.csv,soc,SOCave292,1733329898000000000,1733329899000000000,1733329899000000000
BEV1_2024-12-04_drive1.csv,ambient_c,VCRIGHT_tempAmbientRaw,1733329898000000000,1733329899000000000,1733329899000000000
BEV1_2024-12-04_drive1.csv,pack_min_c,BMSminPackTemperature,1733329898000000000,1733329899000000000,1733329899000000000
BEV1_2024-12-04_drive1.csv,pack_max_c,BMSmaxPackTemperature,1733329898000000000,1733329899000000000,1733329899000000000
BEV1_2024-12-04_drive1.csv,preconditioning_request,UI_batteryPreconditioningRequest,1733329898000000000,1733329899000000000,1733329899000000000
BEV1_2024-12-04_drive2.csv,soc,SOCave292,1733332776000000000,1733332777000000000,1733332777000000000
BEV1_2024-12-04_drive2.csv,ambient_c,VCRIGHT_tempAmbientRaw,1733332776000000000,1733332777000000000,1733332777000000000
BEV1_2024-12-04_drive2.csv,pack_min_c,BMSminPackTemperature,1733332776000000000,1733332777000000000,1733332777000000000
BEV1_2024-12-04_drive2.csv,pack_max_c,BMSmaxPackTemperature,1733332776000000000,1733332777000000000,1733332777000000000
BEV1_2024-12-04_drive2.csv,preconditioning_request,UI_batteryPreconditioningRequest,1733332776000000000,1733332777000000000,1733332777000000000
BEV1_2024-12-04_drive3.csv,soc,SOCave292,1733338100000000000,1733338101000000000,1733338101000000000
BEV1_2024-12-04_drive3.csv,ambient_c,VCRIGHT_tempAmbientRaw,1733338100000000000,1733338101000000000,1733338101000000000
BEV1_2024-12-04_drive3.csv,pack_min_c,BMSminPackTemperature,1733338100000000000,1733338101000000000,1733338101000000000
BEV1_2024-12-04_drive3.csv,pack_max_c,BMSmaxPackTemperature,1733338100000000000,1733338101000000000,1733338101000000000
BEV1_2024-12-04_drive3.csv,preconditioning_request,UI_batteryPreconditioningRequest,1733338100000000000,1733338101000000000,1733338101000000000
BEV1_2024-12-05_drive1.csv,soc,SOCave292,1733384380000000000,1733384381000000000,1733384381000000000
BEV1_2024-12-05_drive1.csv,ambient_c,VCRIGHT_tempAmbientRaw,1733384380000000000,1733384381000000000,1733384381000000000
BEV1_2024-12-05_drive1.csv,pack_min_c,BMSminPackTemperature,1733384380000000000,1733384381000000000,1733384381000000000
BEV1_2024-12-05_drive1.csv,pack_max_c,BMSmaxPackTemperature,1733384380000000000,1733384381000000000,1733384381000000000
BEV1_2024-12-05_drive1.csv,preconditioning_request,UI_batteryPreconditioningRequest,1733384380000000000,1733384381000000000,1733384381000000000
BEV1_2024-12-05_drive2.csv,soc,SOCave292,1733416470000000000,1733416471000000000,1733416471000000000
BEV1_2024-12-05_drive2.csv,ambient_c,VCRIGHT_tempAmbientRaw,1733416470000000000,1733416471000000000,1733416471000000000
BEV1_2024-12-05_drive2.csv,pack_min_c,BMSminPackTemperature,1733416470000000000,1733416471000000000,1733416471000000000
BEV1_2024-12-05_drive2.csv,pack_max_c,BMSmaxPackTemperature,1733416470000000000,1733416471000000000,1733416471000000000
BEV1_2024-12-05_drive2.csv,preconditioning_request,UI_batteryPreconditioningRequest,1733416470000000000,1733416471000000000,1733416471000000000
BEV1_2024-12-05_drive3.csv,soc,SOCave292,1733418043000000000,1733418044000000000,1733418044000000000
BEV1_2024-12-05_drive3.csv,ambient_c,VCRIGHT_tempAmbientRaw,1733418043000000000,1733418044000000000,1733418044000000000
BEV1_2024-12-05_drive3.csv,pack_min_c,BMSminPackTemperature,1733418043000000000,1733418044000000000,1733418044000000000
BEV1_2024-12-05_drive3.csv,pack_max_c,BMSmaxPackTemperature,1733418043000000000,1733418044000000000,1733418044000000000
BEV1_2024-12-05_drive3.csv,preconditioning_request,UI_batteryPreconditioningRequest,1733418043000000000,1733418044000000000,1733418044000000000
BEV1_2024-12-05_drive4.csv,soc,SOCave292,1733419311000000000,1733419312000000000,1733419312000000000
BEV1_2024-12-05_drive4.csv,ambient_c,VCRIGHT_tempAmbientRaw,1733419311000000000,1733419312000000000,1733419312000000000
BEV1_2024-12-05_drive4.csv,pack_min_c,BMSminPackTemperature,1733419311000000000,1733419312000000000,1733419312000000000
BEV1_2024-12-05_drive4.csv,pack_max_c,BMSmaxPackTemperature,1733419311000000000,1733419312000000000,1733419312000000000
BEV1_2024-12-05_drive4.csv,preconditioning_request,UI_batteryPreconditioningRequest,1733419311000000000,1733419312000000000,1733419312000000000
BEV1_2024-12-06_drive1.csv,soc,SOCave292,1733468208000000000,1733468209000000000,1733468209000000000
BEV1_2024-12-06_drive1.csv,ambient_c,VCRIGHT_tempAmbientRaw,1733468208000000000,1733468209000000000,1733468209000000000
BEV1_2024-12-06_drive1.csv,pack_min_c,BMSminPackTemperature,1733468208000000000,1733468209000000000,1733468209000000000
BEV1_2024-12-06_drive1.csv,pack_max_c,BMSmaxPackTemperature,1733468208000000000,1733468209000000000,1733468209000000000
BEV1_2024-12-06_drive1.csv,preconditioning_request,UI_batteryPreconditioningRequest,1733468208000000000,1733468209000000000,1733468209000000000
BEV1_2024-12-06_drive2.csv,soc,SOCave292,1733500655000000000,1733500656000000000,1733500656000000000
BEV1_2024-12-06_drive2.csv,ambient_c,VCRIGHT_tempAmbientRaw,1733500655000000000,1733500656000000000,1733500656000000000
BEV1_2024-12-06_drive2.csv,pack_min_c,BMSminPackTemperature,1733500655000000000,1733500656000000000,1733500656000000000
BEV1_2024-12-06_drive2.csv,pack_max_c,BMSmaxPackTemperature,1733500655000000000,1733500656000000000,1733500656000000000
BEV1_2024-12-06_drive2.csv,preconditioning_request,UI_batteryPreconditioningRequest,1733500655000000000,1733500656000000000,1733500656000000000
BEV1_2024-12-06_drive3.csv,soc,SOCave292,1733508249000000000,1733508250000000000,1733508250000000000
BEV1_2024-12-06_drive3.csv,ambient_c,VCRIGHT_tempAmbientRaw,1733508249000000000,1733508250000000000,1733508250000000000
BEV1_2024-12-06_drive3.csv,pack_min_c,BMSminPackTemperature,1733508249000000000,1733508250000000000,1733508250000000000
BEV1_2024-12-06_drive3.csv,pack_max_c,BMSmaxPackTemperature,1733508249000000000,1733508250000000000,1733508250000000000
BEV1_2024-12-06_drive3.csv,preconditioning_request,UI_batteryPreconditioningRequest,1733508249000000000,1733508250000000000,1733508250000000000
BEV1_2024-12-06_drive4.csv,soc,SOCave292,1733525344000000000,1733525345000000000,1733525345000000000
BEV1_2024-12-06_drive4.csv,ambient_c,VCRIGHT_tempAmbientRaw,1733525344000000000,1733525345000000000,1733525345000000000
BEV1_2024-12-06_drive4.csv,pack_min_c,BMSminPackTemperature,1733525344000000000,1733525345000000000,1733525345000000000
BEV1_2024-12-06_drive4.csv,pack_max_c,BMSmaxPackTemperature,1733525344000000000,1733525345000000000,1733525345000000000
BEV1_2024-12-06_drive4.csv,preconditioning_request,UI_batteryPreconditioningRequest,1733525344000000000,1733525345000000000,1733525345000000000
BEV1_2024-12-07_drive1.csv,soc,SOCave292,1733567510000000000,1733567511000000000,1733567511000000000
BEV1_2024-12-07_drive1.csv,ambient_c,VCRIGHT_tempAmbientRaw,1733567510000000000,1733567511000000000,1733567511000000000
BEV1_2024-12-07_drive1.csv,pack_min_c,BMSminPackTemperature,1733567510000000000,1733567511000000000,1733567511000000000
BEV1_2024-12-07_drive1.csv,pack_max_c,BMSmaxPackTemperature,1733567510000000000,1733567511000000000,1733567511000000000
BEV1_2024-12-07_drive1.csv,preconditioning_request,UI_batteryPreconditioningRequest,1733567510000000000,1733567511000000000,1733567511000000000
BEV1_2024-12-07_drive3.csv,soc,SOCave292,1733584775000000000,1733584776000000000,1733584776000000000
BEV1_2024-12-07_drive3.csv,ambient_c,VCRIGHT_tempAmbientRaw,1733584775000000000,1733584776000000000,1733584776000000000
BEV1_2024-12-07_drive3.csv,pack_min_c,BMSminPackTemperature,1733584775000000000,1733584776000000000,1733584776000000000
BEV1_2024-12-07_drive3.csv,pack_max_c,BMSmaxPackTemperature,1733584775000000000,1733584776000000000,1733584776000000000
BEV1_2024-12-07_drive3.csv,preconditioning_request,UI_batteryPreconditioningRequest,1733584775000000000,1733584776000000000,1733584776000000000
BEV1_2024-12-07_drive4.csv,soc,SOCave292,1733591067000000000,1733591068000000000,1733591068000000000
BEV1_2024-12-07_drive4.csv,ambient_c,VCRIGHT_tempAmbientRaw,1733591067000000000,1733591068000000000,1733591068000000000
BEV1_2024-12-07_drive4.csv,pack_min_c,BMSminPackTemperature,1733591067000000000,1733591068000000000,1733591068000000000
BEV1_2024-12-07_drive4.csv,pack_max_c,BMSmaxPackTemperature,1733591067000000000,1733591068000000000,1733591068000000000
BEV1_2024-12-07_drive4.csv,preconditioning_request,UI_batteryPreconditioningRequest,1733591067000000000,1733591068000000000,1733591068000000000
BEV1_2024-12-08_drive1.csv,soc,SOCave292,1733616066000000000,1733616067000000000,1733616067000000000
BEV1_2024-12-08_drive1.csv,ambient_c,VCRIGHT_tempAmbientRaw,1733616066000000000,1733616067000000000,1733616067000000000
BEV1_2024-12-08_drive1.csv,pack_min_c,BMSminPackTemperature,1733616066000000000,1733616067000000000,1733616067000000000
BEV1_2024-12-08_drive1.csv,pack_max_c,BMSmaxPackTemperature,1733616066000000000,1733616067000000000,1733616067000000000
BEV1_2024-12-08_drive1.csv,preconditioning_request,UI_batteryPreconditioningRequest,1733616066000000000,1733616067000000000,1733616067000000000
BEV1_2024-12-08_drive2.csv,soc,SOCave292,1733658530000000000,1733658531000000000,1733658531000000000
BEV1_2024-12-08_drive2.csv,ambient_c,VCRIGHT_tempAmbientRaw,1733658530000000000,1733658531000000000,1733658531000000000
BEV1_2024-12-08_drive2.csv,pack_min_c,BMSminPackTemperature,1733658530000000000,1733658531000000000,1733658531000000000
BEV1_2024-12-08_drive2.csv,pack_max_c,BMSmaxPackTemperature,1733658530000000000,1733658531000000000,1733658531000000000
BEV1_2024-12-08_drive2.csv,preconditioning_request,UI_batteryPreconditioningRequest,1733658530000000000,1733658531000000000,1733658531000000000
BEV1_2024-12-08_drive3.csv,soc,SOCave292,1733667877000000000,1733667878000000000,1733667878000000000
BEV1_2024-12-08_drive3.csv,ambient_c,VCRIGHT_tempAmbientRaw,1733667877000000000,1733667878000000000,1733667878000000000
BEV1_2024-12-08_drive3.csv,pack_min_c,BMSminPackTemperature,1733667877000000000,1733667878000000000,1733667878000000000
BEV1_2024-12-08_drive3.csv,pack_max_c,BMSmaxPackTemperature,1733667877000000000,1733667878000000000,1733667878000000000
BEV1_2024-12-08_drive3.csv,preconditioning_request,UI_batteryPreconditioningRequest,1733667877000000000,1733667878000000000,1733667878000000000
BEV1_2024-12-08_drive4.csv,soc,SOCave292,1733672682000000000,1733672683000000000,1733672683000000000
BEV1_2024-12-08_drive4.csv,ambient_c,VCRIGHT_tempAmbientRaw,1733672682000000000,1733672683000000000,1733672683000000000
BEV1_2024-12-08_drive4.csv,pack_min_c,BMSminPackTemperature,1733672682000000000,1733672683000000000,1733672683000000000
BEV1_2024-12-08_drive4.csv,pack_max_c,BMSmaxPackTemperature,1733672682000000000,1733672683000000000,1733672683000000000
BEV1_2024-12-08_drive4.csv,preconditioning_request,UI_batteryPreconditioningRequest,1733672682000000000,1733672683000000000,1733672683000000000
BEV1_2024-12-09_drive1.csv,soc,SOCave292,1733732097000000000,1733732098000000000,1733732098000000000
BEV1_2024-12-09_drive1.csv,ambient_c,VCRIGHT_tempAmbientRaw,1733732097000000000,1733732098000000000,1733732098000000000
BEV1_2024-12-09_drive1.csv,pack_min_c,BMSminPackTemperature,1733732097000000000,1733732098000000000,1733732098000000000
BEV1_2024-12-09_drive1.csv,pack_max_c,BMSmaxPackTemperature,1733732097000000000,1733732098000000000,1733732098000000000
BEV1_2024-12-09_drive1.csv,preconditioning_request,UI_batteryPreconditioningRequest,1733732097000000000,1733732098000000000,1733732098000000000
BEV1_2024-12-09_drive2.csv,soc,SOCave292,1733738737000000000,1733738738000000000,1733738738000000000
BEV1_2024-12-09_drive2.csv,ambient_c,VCRIGHT_tempAmbientRaw,1733738737000000000,1733738738000000000,1733738738000000000
BEV1_2024-12-09_drive2.csv,pack_min_c,BMSminPackTemperature,1733738737000000000,1733738738000000000,1733738738000000000
BEV1_2024-12-09_drive2.csv,pack_max_c,BMSmaxPackTemperature,1733738737000000000,1733738738000000000,1733738738000000000
BEV1_2024-12-09_drive2.csv,preconditioning_request,UI_batteryPreconditioningRequest,1733738737000000000,1733738738000000000,1733738738000000000
BEV1_2024-12-09_drive3.csv,soc,SOCave292,1733750782000000000,1733750783000000000,1733750783000000000
BEV1_2024-12-09_drive3.csv,ambient_c,VCRIGHT_tempAmbientRaw,1733750782000000000,1733750783000000000,1733750783000000000
BEV1_2024-12-09_drive3.csv,pack_min_c,BMSminPackTemperature,1733750782000000000,1733750783000000000,1733750783000000000
BEV1_2024-12-09_drive3.csv,pack_max_c,BMSmaxPackTemperature,1733750782000000000,1733750783000000000,1733750783000000000
BEV1_2024-12-09_drive3.csv,preconditioning_request,UI_batteryPreconditioningRequest,1733750782000000000,1733750783000000000,1733750783000000000
BEV1_2024-12-09_drive4.csv,soc,SOCave292,1733758677000000000,1733758678000000000,1733758678000000000
BEV1_2024-12-09_drive4.csv,ambient_c,VCRIGHT_tempAmbientRaw,1733758677000000000,1733758678000000000,1733758678000000000
BEV1_2024-12-09_drive4.csv,pack_min_c,BMSminPackTemperature,1733758677000000000,1733758678000000000,1733758678000000000
BEV1_2024-12-09_drive4.csv,pack_max_c,BMSmaxPackTemperature,1733758677000000000,1733758678000000000,1733758678000000000
BEV1_2024-12-09_drive4.csv,preconditioning_request,UI_batteryPreconditioningRequest,1733758677000000000,1733758678000000000,1733758678000000000
BEV1_2024-12-09_drive5.csv,soc,SOCave292,1733761118000000000,1733761119000000000,1733761119000000000
BEV1_2024-12-09_drive5.csv,ambient_c,VCRIGHT_tempAmbientRaw,1733761118000000000,1733761119000000000,1733761119000000000
BEV1_2024-12-09_drive5.csv,pack_min_c,BMSminPackTemperature,1733761118000000000,1733761119000000000,1733761119000000000
BEV1_2024-12-09_drive5.csv,pack_max_c,BMSmaxPackTemperature,1733761118000000000,1733761119000000000,1733761119000000000
BEV1_2024-12-09_drive5.csv,preconditioning_request,UI_batteryPreconditioningRequest,1733761118000000000,1733761119000000000,1733761119000000000
BEV1_2024-12-09_drive6.csv,soc,SOCave292,1733764107000000000,1733764108000000000,1733764108000000000
BEV1_2024-12-09_drive6.csv,ambient_c,VCRIGHT_tempAmbientRaw,1733764107000000000,1733764108000000000,1733764108000000000
BEV1_2024-12-09_drive6.csv,pack_min_c,BMSminPackTemperature,1733764107000000000,1733764108000000000,1733764108000000000
BEV1_2024-12-09_drive6.csv,pack_max_c,BMSmaxPackTemperature,1733764107000000000,1733764108000000000,1733764108000000000
BEV1_2024-12-09_drive6.csv,preconditioning_request,UI_batteryPreconditioningRequest,1733764107000000000,1733764108000000000,1733764108000000000
BEV1_2024-12-10_drive1.csv,soc,SOCave292,1733821429000000000,1733821430000000000,1733821430000000000
BEV1_2024-12-10_drive1.csv,ambient_c,VCRIGHT_tempAmbientRaw,1733821429000000000,1733821430000000000,1733821430000000000
BEV1_2024-12-10_drive1.csv,pack_min_c,BMSminPackTemperature,1733821429000000000,1733821430000000000,1733821430000000000
BEV1_2024-12-10_drive1.csv,pack_max_c,BMSmaxPackTemperature,1733821429000000000,1733821430000000000,1733821430000000000
BEV1_2024-12-10_drive1.csv,preconditioning_request,UI_batteryPreconditioningRequest,1733821429000000000,1733821430000000000,1733821430000000000
BEV1_2024-12-10_drive2.csv,soc,SOCave292,1733822418000000000,1733822419000000000,1733822419000000000
BEV1_2024-12-10_drive2.csv,ambient_c,VCRIGHT_tempAmbientRaw,1733822418000000000,1733822419000000000,1733822419000000000
BEV1_2024-12-10_drive2.csv,pack_min_c,BMSminPackTemperature,1733822418000000000,1733822419000000000,1733822419000000000
BEV1_2024-12-10_drive2.csv,pack_max_c,BMSmaxPackTemperature,1733822418000000000,1733822419000000000,1733822419000000000
BEV1_2024-12-10_drive2.csv,preconditioning_request,UI_batteryPreconditioningRequest,1733822418000000000,1733822419000000000,1733822419000000000
BEV1_2024-12-10_drive3.csv,soc,SOCave292,1733848797000000000,1733848798000000000,1733848798000000000
BEV1_2024-12-10_drive3.csv,ambient_c,VCRIGHT_tempAmbientRaw,1733848797000000000,1733848798000000000,1733848798000000000
BEV1_2024-12-10_drive3.csv,pack_min_c,BMSminPackTemperature,1733848797000000000,1733848798000000000,1733848798000000000
BEV1_2024-12-10_drive3.csv,pack_max_c,BMSmaxPackTemperature,1733848797000000000,1733848798000000000,1733848798000000000
BEV1_2024-12-10_drive3.csv,preconditioning_request,UI_batteryPreconditioningRequest,1733848797000000000,1733848798000000000,1733848798000000000
BEV1_2024-12-10_drive4.csv,soc,SOCave292,1733858532000000000,1733858533000000000,1733858533000000000
BEV1_2024-12-10_drive4.csv,ambient_c,VCRIGHT_tempAmbientRaw,1733858532000000000,1733858533000000000,1733858533000000000
BEV1_2024-12-10_drive4.csv,pack_min_c,BMSminPackTemperature,1733858532000000000,1733858533000000000,1733858533000000000
BEV1_2024-12-10_drive4.csv,pack_max_c,BMSmaxPackTemperature,1733858532000000000,1733858533000000000,1733858533000000000
BEV1_2024-12-10_drive4.csv,preconditioning_request,UI_batteryPreconditioningRequest,1733858532000000000,1733858533000000000,1733858533000000000
BEV1_2024-12-11_drive1.csv,soc,SOCave292,1733900852000000000,1733900853000000000,1733900853000000000
BEV1_2024-12-11_drive1.csv,ambient_c,VCRIGHT_tempAmbientRaw,1733900852000000000,1733900853000000000,1733900853000000000
BEV1_2024-12-11_drive1.csv,pack_min_c,BMSminPackTemperature,1733900852000000000,1733900853000000000,1733900853000000000
BEV1_2024-12-11_drive1.csv,pack_max_c,BMSmaxPackTemperature,1733900852000000000,1733900853000000000,1733900853000000000
BEV1_2024-12-11_drive1.csv,preconditioning_request,UI_batteryPreconditioningRequest,1733900852000000000,1733900853000000000,1733900853000000000
BEV1_2024-12-11_drive2.csv,soc,SOCave292,1733932832000000000,1733932833000000000,1733932833000000000
BEV1_2024-12-11_drive2.csv,ambient_c,VCRIGHT_tempAmbientRaw,1733932832000000000,1733932833000000000,1733932833000000000
BEV1_2024-12-11_drive2.csv,pack_min_c,BMSminPackTemperature,1733932832000000000,1733932833000000000,1733932833000000000
BEV1_2024-12-11_drive2.csv,pack_max_c,BMSmaxPackTemperature,1733932832000000000,1733932833000000000,1733932833000000000
BEV1_2024-12-11_drive2.csv,preconditioning_request,UI_batteryPreconditioningRequest,1733932832000000000,1733932833000000000,1733932833000000000
BEV1_2024-12-11_drive3.csv,soc,SOCave292,1733950974000000000,1733950975000000000,1733950975000000000
BEV1_2024-12-11_drive3.csv,ambient_c,VCRIGHT_tempAmbientRaw,1733950974000000000,1733950975000000000,1733950975000000000
BEV1_2024-12-11_drive3.csv,pack_min_c,BMSminPackTemperature,1733950974000000000,1733950975000000000,1733950975000000000
BEV1_2024-12-11_drive3.csv,pack_max_c,BMSmaxPackTemperature,1733950974000000000,1733950975000000000,1733950975000000000
BEV1_2024-12-11_drive3.csv,preconditioning_request,UI_batteryPreconditioningRequest,1733950974000000000,1733950975000000000,1733950975000000000
BEV1_2024-12-12_drive1.csv,soc,SOCave292,1733992137000000000,1733992138000000000,1733992138000000000
BEV1_2024-12-12_drive1.csv,ambient_c,VCRIGHT_tempAmbientRaw,1733992137000000000,1733992138000000000,1733992138000000000
BEV1_2024-12-12_drive1.csv,pack_min_c,BMSminPackTemperature,1733992137000000000,1733992138000000000,1733992138000000000
BEV1_2024-12-12_drive1.csv,pack_max_c,BMSmaxPackTemperature,1733992137000000000,1733992138000000000,1733992138000000000
BEV1_2024-12-12_drive1.csv,preconditioning_request,UI_batteryPreconditioningRequest,1733992137000000000,1733992138000000000,1733992138000000000
BEV1_2024-12-12_drive2.csv,soc,SOCave292,1734001399000000000,1734001400000000000,1734001400000000000
BEV1_2024-12-12_drive2.csv,ambient_c,VCRIGHT_tempAmbientRaw,1734001399000000000,1734001400000000000,1734001400000000000
BEV1_2024-12-12_drive2.csv,pack_min_c,BMSminPackTemperature,1734001399000000000,1734001400000000000,1734001400000000000
BEV1_2024-12-12_drive2.csv,pack_max_c,BMSmaxPackTemperature,1734001399000000000,1734001400000000000,1734001400000000000
BEV1_2024-12-12_drive2.csv,preconditioning_request,UI_batteryPreconditioningRequest,1734001399000000000,1734001400000000000,1734001400000000000
BEV1_2024-12-12_drive3.csv,soc,SOCave292,1734014301000000000,1734014302000000000,1734014302000000000
BEV1_2024-12-12_drive3.csv,ambient_c,VCRIGHT_tempAmbientRaw,1734014301000000000,1734014302000000000,1734014302000000000
BEV1_2024-12-12_drive3.csv,pack_min_c,BMSminPackTemperature,1734014301000000000,1734014302000000000,1734014302000000000
BEV1_2024-12-12_drive3.csv,pack_max_c,BMSmaxPackTemperature,1734014301000000000,1734014302000000000,1734014302000000000
BEV1_2024-12-12_drive3.csv,preconditioning_request,UI_batteryPreconditioningRequest,1734014301000000000,1734014302000000000,1734014302000000000
BEV1_2025-01-07_drive1.csv,soc,SOCave292,1736233733000000000,1736233734000000000,1736233734000000000
BEV1_2025-01-07_drive1.csv,ambient_c,VCRIGHT_tempAmbientRaw,1736233733000000000,1736233734000000000,1736233734000000000
BEV1_2025-01-07_drive1.csv,pack_min_c,BMSminPackTemperature,1736233733000000000,1736233734000000000,1736233734000000000
BEV1_2025-01-07_drive1.csv,pack_max_c,BMSmaxPackTemperature,1736233733000000000,1736233734000000000,1736233734000000000
BEV1_2025-01-07_drive1.csv,preconditioning_request,UI_batteryPreconditioningRequest,1736233733000000000,1736233734000000000,1736233734000000000
BEV1_2025-01-07_drive2.csv,soc,SOCave292,1736266819000000000,1736266820000000000,1736266820000000000
BEV1_2025-01-07_drive2.csv,ambient_c,VCRIGHT_tempAmbientRaw,1736266819000000000,1736266820000000000,1736266820000000000
BEV1_2025-01-07_drive2.csv,pack_min_c,BMSminPackTemperature,1736266819000000000,1736266820000000000,1736266820000000000
BEV1_2025-01-07_drive2.csv,pack_max_c,BMSmaxPackTemperature,1736266819000000000,1736266820000000000,1736266820000000000
BEV1_2025-01-07_drive2.csv,preconditioning_request,UI_batteryPreconditioningRequest,1736266819000000000,1736266820000000000,1736266820000000000
BEV1_2025-01-07_drive3.csv,soc,SOCave292,1736270875000000000,1736270876000000000,1736270876000000000
BEV1_2025-01-07_drive3.csv,ambient_c,VCRIGHT_tempAmbientRaw,1736270875000000000,1736270876000000000,1736270876000000000
BEV1_2025-01-07_drive3.csv,pack_min_c,BMSminPackTemperature,1736270875000000000,1736270876000000000,1736270876000000000
BEV1_2025-01-07_drive3.csv,pack_max_c,BMSmaxPackTemperature,1736270875000000000,1736270876000000000,1736270876000000000
BEV1_2025-01-07_drive3.csv,preconditioning_request,UI_batteryPreconditioningRequest,1736270875000000000,1736270876000000000,1736270876000000000
BEV1_2025-01-08_drive1.csv,soc,SOCave292,1736321667000000000,1736321668000000000,1736321668000000000
BEV1_2025-01-08_drive1.csv,ambient_c,VCRIGHT_tempAmbientRaw,1736321667000000000,1736321668000000000,1736321668000000000
BEV1_2025-01-08_drive1.csv,pack_min_c,BMSminPackTemperature,1736321667000000000,1736321668000000000,1736321668000000000
BEV1_2025-01-08_drive1.csv,pack_max_c,BMSmaxPackTemperature,1736321667000000000,1736321668000000000,1736321668000000000
BEV1_2025-01-08_drive1.csv,preconditioning_request,UI_batteryPreconditioningRequest,1736321667000000000,1736321668000000000,1736321668000000000
BEV1_2025-01-08_drive2.csv,soc,SOCave292,1736354225000000000,1736354226000000000,1736354226000000000
BEV1_2025-01-08_drive2.csv,ambient_c,VCRIGHT_tempAmbientRaw,1736354225000000000,1736354226000000000,1736354226000000000
BEV1_2025-01-08_drive2.csv,pack_min_c,BMSminPackTemperature,1736354225000000000,1736354226000000000,1736354226000000000
BEV1_2025-01-08_drive2.csv,pack_max_c,BMSmaxPackTemperature,1736354225000000000,1736354226000000000,1736354226000000000
BEV1_2025-01-08_drive2.csv,preconditioning_request,UI_batteryPreconditioningRequest,1736354225000000000,1736354226000000000,1736354226000000000
BEV1_2025-01-08_drive3.csv,soc,SOCave292,1736371921000000000,1736371922000000000,1736371922000000000
BEV1_2025-01-08_drive3.csv,ambient_c,VCRIGHT_tempAmbientRaw,1736371921000000000,1736371922000000000,1736371922000000000
BEV1_2025-01-08_drive3.csv,pack_min_c,BMSminPackTemperature,1736371921000000000,1736371922000000000,1736371922000000000
BEV1_2025-01-08_drive3.csv,pack_max_c,BMSmaxPackTemperature,1736371921000000000,1736371922000000000,1736371922000000000
BEV1_2025-01-08_drive3.csv,preconditioning_request,UI_batteryPreconditioningRequest,1736371921000000000,1736371922000000000,1736371922000000000
BEV1_2025-01-09_drive1.csv,soc,SOCave292,1736405228000000000,1736405229000000000,1736405229000000000
BEV1_2025-01-09_drive1.csv,ambient_c,VCRIGHT_tempAmbientRaw,1736405228000000000,1736405229000000000,1736405229000000000
BEV1_2025-01-09_drive1.csv,pack_min_c,BMSminPackTemperature,1736405228000000000,1736405229000000000,1736405229000000000
BEV1_2025-01-09_drive1.csv,pack_max_c,BMSmaxPackTemperature,1736405228000000000,1736405229000000000,1736405229000000000
BEV1_2025-01-09_drive1.csv,preconditioning_request,UI_batteryPreconditioningRequest,1736405228000000000,1736405229000000000,1736405229000000000
BEV1_2025-01-09_drive2.csv,soc,SOCave292,1736437950000000000,1736437951000000000,1736437951000000000
BEV1_2025-01-09_drive2.csv,ambient_c,VCRIGHT_tempAmbientRaw,1736437950000000000,1736437951000000000,1736437951000000000
BEV1_2025-01-09_drive2.csv,pack_min_c,BMSminPackTemperature,1736437950000000000,1736437951000000000,1736437951000000000
BEV1_2025-01-09_drive2.csv,pack_max_c,BMSmaxPackTemperature,1736437950000000000,1736437951000000000,1736437951000000000
BEV1_2025-01-09_drive2.csv,preconditioning_request,UI_batteryPreconditioningRequest,1736437950000000000,1736437951000000000,1736437951000000000
BEV1_2025-01-12_drive1.csv,soc,SOCave292,1736689763000000000,1736689764000000000,1736689764000000000
BEV1_2025-01-12_drive1.csv,ambient_c,VCRIGHT_tempAmbientRaw,1736689763000000000,1736689764000000000,1736689764000000000
BEV1_2025-01-12_drive1.csv,pack_min_c,BMSminPackTemperature,1736689763000000000,1736689764000000000,1736689764000000000
BEV1_2025-01-12_drive1.csv,pack_max_c,BMSmaxPackTemperature,1736689763000000000,1736689764000000000,1736689764000000000
BEV1_2025-01-12_drive1.csv,preconditioning_request,UI_batteryPreconditioningRequest,1736689763000000000,1736689764000000000,1736689764000000000
BEV1_2025-01-12_drive2.csv,soc,SOCave292,1736700604000000000,1736700605000000000,1736700605000000000
BEV1_2025-01-12_drive2.csv,ambient_c,VCRIGHT_tempAmbientRaw,1736700604000000000,1736700605000000000,1736700605000000000
BEV1_2025-01-12_drive2.csv,pack_min_c,BMSminPackTemperature,1736700604000000000,1736700605000000000,1736700605000000000
BEV1_2025-01-12_drive2.csv,pack_max_c,BMSmaxPackTemperature,1736700604000000000,1736700605000000000,1736700605000000000
BEV1_2025-01-12_drive2.csv,preconditioning_request,UI_batteryPreconditioningRequest,1736700604000000000,1736700605000000000,1736700605000000000
BEV1_2025-01-13_drive1.csv,soc,SOCave292,1736752156000000000,1736752157000000000,1736752157000000000
BEV1_2025-01-13_drive1.csv,ambient_c,VCRIGHT_tempAmbientRaw,1736752156000000000,1736752157000000000,1736752157000000000
BEV1_2025-01-13_drive1.csv,pack_min_c,BMSminPackTemperature,1736752156000000000,1736752157000000000,1736752157000000000
BEV1_2025-01-13_drive1.csv,pack_max_c,BMSmaxPackTemperature,1736752156000000000,1736752157000000000,1736752157000000000
BEV1_2025-01-13_drive1.csv,preconditioning_request,UI_batteryPreconditioningRequest,1736752156000000000,1736752157000000000,1736752157000000000
BEV1_2025-01-13_drive2.csv,soc,SOCave292,1736784931000000000,1736784932000000000,1736784932000000000
BEV1_2025-01-13_drive2.csv,ambient_c,VCRIGHT_tempAmbientRaw,1736784931000000000,1736784932000000000,1736784932000000000
BEV1_2025-01-13_drive2.csv,pack_min_c,BMSminPackTemperature,1736784931000000000,1736784932000000000,1736784932000000000
BEV1_2025-01-13_drive2.csv,pack_max_c,BMSmaxPackTemperature,1736784931000000000,1736784932000000000,1736784932000000000
BEV1_2025-01-13_drive2.csv,preconditioning_request,UI_batteryPreconditioningRequest,1736784931000000000,1736784932000000000,1736784932000000000
BEV1_2025-01-14_drive1.csv,soc,SOCave292,1736840034000000000,1736840035000000000,1736840035000000000
BEV1_2025-01-14_drive1.csv,ambient_c,VCRIGHT_tempAmbientRaw,1736840034000000000,1736840035000000000,1736840035000000000
BEV1_2025-01-14_drive1.csv,pack_min_c,BMSminPackTemperature,1736840034000000000,1736840035000000000,1736840035000000000
BEV1_2025-01-14_drive1.csv,pack_max_c,BMSmaxPackTemperature,1736840034000000000,1736840035000000000,1736840035000000000
BEV1_2025-01-14_drive1.csv,preconditioning_request,UI_batteryPreconditioningRequest,1736840034000000000,1736840035000000000,1736840035000000000
BEV1_2025-01-14_drive2.csv,soc,SOCave292,1736871473000000000,1736871474000000000,1736871474000000000
BEV1_2025-01-14_drive2.csv,ambient_c,VCRIGHT_tempAmbientRaw,1736871473000000000,1736871474000000000,1736871474000000000
BEV1_2025-01-14_drive2.csv,pack_min_c,BMSminPackTemperature,1736871473000000000,1736871474000000000,1736871474000000000
BEV1_2025-01-14_drive2.csv,pack_max_c,BMSmaxPackTemperature,1736871473000000000,1736871474000000000,1736871474000000000
BEV1_2025-01-14_drive2.csv,preconditioning_request,UI_batteryPreconditioningRequest,1736871473000000000,1736871474000000000,1736871474000000000
BEV1_2025-01-14_drive3.csv,soc,SOCave292,1736875206000000000,1736875207000000000,1736875207000000000
BEV1_2025-01-14_drive3.csv,ambient_c,VCRIGHT_tempAmbientRaw,1736875206000000000,1736875207000000000,1736875207000000000
BEV1_2025-01-14_drive3.csv,pack_min_c,BMSminPackTemperature,1736875206000000000,1736875207000000000,1736875207000000000
BEV1_2025-01-14_drive3.csv,pack_max_c,BMSmaxPackTemperature,1736875206000000000,1736875207000000000,1736875207000000000
BEV1_2025-01-14_drive3.csv,preconditioning_request,UI_batteryPreconditioningRequest,1736875206000000000,1736875207000000000,1736875207000000000
BEV1_2025-01-15_drive1.csv,soc,SOCave292,1736966291000000000,1736966292000000000,1736966292000000000
BEV1_2025-01-15_drive1.csv,ambient_c,VCRIGHT_tempAmbientRaw,1736966291000000000,1736966292000000000,1736966292000000000
BEV1_2025-01-15_drive1.csv,pack_min_c,BMSminPackTemperature,1736966291000000000,1736966292000000000,1736966292000000000
BEV1_2025-01-15_drive1.csv,pack_max_c,BMSmaxPackTemperature,1736966291000000000,1736966292000000000,1736966292000000000
BEV1_2025-01-15_drive1.csv,preconditioning_request,UI_batteryPreconditioningRequest,1736966291000000000,1736966292000000000,1736966292000000000
BEV1_2025-01-15_drive2.csv,soc,SOCave292,1736968497000000000,1736968498000000000,1736968498000000000
BEV1_2025-01-15_drive2.csv,ambient_c,VCRIGHT_tempAmbientRaw,1736968497000000000,1736968498000000000,1736968498000000000
BEV1_2025-01-15_drive2.csv,pack_min_c,BMSminPackTemperature,1736968497000000000,1736968498000000000,1736968498000000000
BEV1_2025-01-15_drive2.csv,pack_max_c,BMSmaxPackTemperature,1736968497000000000,1736968498000000000,1736968498000000000
BEV1_2025-01-15_drive2.csv,preconditioning_request,UI_batteryPreconditioningRequest,1736968497000000000,1736968498000000000,1736968498000000000
BEV1_2025-01-16_drive1.csv,soc,SOCave292,1737013437000000000,1737013438000000000,1737013438000000000
BEV1_2025-01-16_drive1.csv,ambient_c,VCRIGHT_tempAmbientRaw,1737013437000000000,1737013438000000000,1737013438000000000
BEV1_2025-01-16_drive1.csv,pack_min_c,BMSminPackTemperature,1737013437000000000,1737013438000000000,1737013438000000000
BEV1_2025-01-16_drive1.csv,pack_max_c,BMSmaxPackTemperature,1737013437000000000,1737013438000000000,1737013438000000000
BEV1_2025-01-16_drive1.csv,preconditioning_request,UI_batteryPreconditioningRequest,1737013437000000000,1737013438000000000,1737013438000000000
BEV1_2025-01-16_drive2.csv,soc,SOCave292,1737046306000000000,1737046307000000000,1737046307000000000
BEV1_2025-01-16_drive2.csv,ambient_c,VCRIGHT_tempAmbientRaw,1737046306000000000,1737046307000000000,1737046307000000000
BEV1_2025-01-16_drive2.csv,pack_min_c,BMSminPackTemperature,1737046306000000000,1737046307000000000,1737046307000000000
BEV1_2025-01-16_drive2.csv,pack_max_c,BMSmaxPackTemperature,1737046306000000000,1737046307000000000,1737046307000000000
BEV1_2025-01-16_drive2.csv,preconditioning_request,UI_batteryPreconditioningRequest,1737046306000000000,1737046307000000000,1737046307000000000
BEV1_2025-01-16_drive3.csv,soc,SOCave292,1737049484000000000,1737049485000000000,1737049485000000000
BEV1_2025-01-16_drive3.csv,ambient_c,VCRIGHT_tempAmbientRaw,1737049484000000000,1737049485000000000,1737049485000000000
BEV1_2025-01-16_drive3.csv,pack_min_c,BMSminPackTemperature,1737049484000000000,1737049485000000000,1737049485000000000
BEV1_2025-01-16_drive3.csv,pack_max_c,BMSmaxPackTemperature,1737049484000000000,1737049485000000000,1737049485000000000
BEV1_2025-01-16_drive3.csv,preconditioning_request,UI_batteryPreconditioningRequest,1737049484000000000,1737049485000000000,1737049485000000000
BEV1_2025-01-16_drive4.csv,soc,SOCave292,1737061968000000000,1737061969000000000,1737061969000000000
BEV1_2025-01-16_drive4.csv,ambient_c,VCRIGHT_tempAmbientRaw,1737061968000000000,1737061969000000000,1737061969000000000
BEV1_2025-01-16_drive4.csv,pack_min_c,BMSminPackTemperature,1737061968000000000,1737061969000000000,1737061969000000000
BEV1_2025-01-16_drive4.csv,pack_max_c,BMSmaxPackTemperature,1737061968000000000,1737061969000000000,1737061969000000000
BEV1_2025-01-16_drive4.csv,preconditioning_request,UI_batteryPreconditioningRequest,1737061968000000000,1737061969000000000,1737061969000000000
BEV1_2025-01-17_drive1.csv,soc,SOCave292,1737135731000000000,1737135732000000000,1737135732000000000
BEV1_2025-01-17_drive1.csv,ambient_c,VCRIGHT_tempAmbientRaw,1737135731000000000,1737135732000000000,1737135732000000000
BEV1_2025-01-17_drive1.csv,pack_min_c,BMSminPackTemperature,1737135731000000000,1737135732000000000,1737135732000000000
BEV1_2025-01-17_drive1.csv,pack_max_c,BMSmaxPackTemperature,1737135731000000000,1737135732000000000,1737135732000000000
BEV1_2025-01-17_drive1.csv,preconditioning_request,UI_batteryPreconditioningRequest,1737135731000000000,1737135732000000000,1737135732000000000
BEV1_2025-01-17_drive2.csv,soc,SOCave292,1737142626000000000,1737142627000000000,1737142627000000000
BEV1_2025-01-17_drive2.csv,ambient_c,VCRIGHT_tempAmbientRaw,1737142626000000000,1737142627000000000,1737142627000000000
BEV1_2025-01-17_drive2.csv,pack_min_c,BMSminPackTemperature,1737142626000000000,1737142627000000000,1737142627000000000
BEV1_2025-01-17_drive2.csv,pack_max_c,BMSmaxPackTemperature,1737142626000000000,1737142627000000000,1737142627000000000
BEV1_2025-01-17_drive2.csv,preconditioning_request,UI_batteryPreconditioningRequest,1737142626000000000,1737142627000000000,1737142627000000000
BEV1_2025-01-18_drive1.csv,soc,SOCave292,1737192067000000000,1737192068000000000,1737192068000000000
BEV1_2025-01-18_drive1.csv,ambient_c,VCRIGHT_tempAmbientRaw,1737192067000000000,1737192068000000000,1737192068000000000
BEV1_2025-01-18_drive1.csv,pack_min_c,BMSminPackTemperature,1737192067000000000,1737192068000000000,1737192068000000000
BEV1_2025-01-18_drive1.csv,pack_max_c,BMSmaxPackTemperature,1737192067000000000,1737192068000000000,1737192068000000000
BEV1_2025-01-18_drive1.csv,preconditioning_request,UI_batteryPreconditioningRequest,1737192067000000000,1737192068000000000,1737192068000000000
BEV1_2025-01-18_drive2.csv,soc,SOCave292,1737222297000000000,1737222298000000000,1737222298000000000
BEV1_2025-01-18_drive2.csv,ambient_c,VCRIGHT_tempAmbientRaw,1737222297000000000,1737222298000000000,1737222298000000000
BEV1_2025-01-18_drive2.csv,pack_min_c,BMSminPackTemperature,1737222297000000000,1737222298000000000,1737222298000000000
BEV1_2025-01-18_drive2.csv,pack_max_c,BMSmaxPackTemperature,1737222297000000000,1737222298000000000,1737222298000000000
BEV1_2025-01-18_drive2.csv,preconditioning_request,UI_batteryPreconditioningRequest,1737222297000000000,1737222298000000000,1737222298000000000
BEV1_2025-01-18_drive3.csv,soc,SOCave292,1737224124000000000,1737224125000000000,1737224125000000000
BEV1_2025-01-18_drive3.csv,ambient_c,VCRIGHT_tempAmbientRaw,1737224124000000000,1737224125000000000,1737224125000000000
BEV1_2025-01-18_drive3.csv,pack_min_c,BMSminPackTemperature,1737224124000000000,1737224125000000000,1737224125000000000
BEV1_2025-01-18_drive3.csv,pack_max_c,BMSmaxPackTemperature,1737224124000000000,1737224125000000000,1737224125000000000
BEV1_2025-01-18_drive3.csv,preconditioning_request,UI_batteryPreconditioningRequest,1737224124000000000,1737224125000000000,1737224125000000000
BEV1_2025-01-18_drive4.csv,soc,SOCave292,1737233221000000000,1737233222000000000,1737233222000000000
BEV1_2025-01-18_drive4.csv,ambient_c,VCRIGHT_tempAmbientRaw,1737233221000000000,1737233222000000000,1737233222000000000
BEV1_2025-01-18_drive4.csv,pack_min_c,BMSminPackTemperature,1737233221000000000,1737233222000000000,1737233222000000000
BEV1_2025-01-18_drive4.csv,pack_max_c,BMSmaxPackTemperature,1737233221000000000,1737233222000000000,1737233222000000000
BEV1_2025-01-18_drive4.csv,preconditioning_request,UI_batteryPreconditioningRequest,1737233221000000000,1737233222000000000,1737233222000000000
BEV1_2025-01-19_drive1.csv,soc,SOCave292,1737289467000000000,1737289468000000000,1737289468000000000
BEV1_2025-01-19_drive1.csv,ambient_c,VCRIGHT_tempAmbientRaw,1737289467000000000,1737289468000000000,1737289468000000000
BEV1_2025-01-19_drive1.csv,pack_min_c,BMSminPackTemperature,1737289467000000000,1737289468000000000,1737289468000000000
BEV1_2025-01-19_drive1.csv,pack_max_c,BMSmaxPackTemperature,1737289467000000000,1737289468000000000,1737289468000000000
BEV1_2025-01-19_drive1.csv,preconditioning_request,UI_batteryPreconditioningRequest,1737289467000000000,1737289468000000000,1737289468000000000
BEV1_2025-01-19_drive3.csv,soc,SOCave292,1737292018000000000,1737292019000000000,1737292019000000000
BEV1_2025-01-19_drive3.csv,ambient_c,VCRIGHT_tempAmbientRaw,1737292018000000000,1737292019000000000,1737292019000000000
BEV1_2025-01-19_drive3.csv,pack_min_c,BMSminPackTemperature,1737292018000000000,1737292019000000000,1737292019000000000
BEV1_2025-01-19_drive3.csv,pack_max_c,BMSmaxPackTemperature,1737292018000000000,1737292019000000000,1737292019000000000
BEV1_2025-01-19_drive3.csv,preconditioning_request,UI_batteryPreconditioningRequest,1737292018000000000,1737292019000000000,1737292019000000000
BEV1_2025-01-19_drive4.csv,soc,SOCave292,1737292860000000000,1737292861000000000,1737292861000000000
BEV1_2025-01-19_drive4.csv,ambient_c,VCRIGHT_tempAmbientRaw,1737292860000000000,1737292861000000000,1737292861000000000
BEV1_2025-01-19_drive4.csv,pack_min_c,BMSminPackTemperature,1737292860000000000,1737292861000000000,1737292861000000000
BEV1_2025-01-19_drive4.csv,pack_max_c,BMSmaxPackTemperature,1737292860000000000,1737292861000000000,1737292861000000000
BEV1_2025-01-19_drive4.csv,preconditioning_request,UI_batteryPreconditioningRequest,1737292860000000000,1737292861000000000,1737292861000000000
BEV1_2025-01-19_drive5.csv,soc,SOCave292,1737319694000000000,1737319695000000000,1737319695000000000
BEV1_2025-01-19_drive5.csv,ambient_c,VCRIGHT_tempAmbientRaw,1737319694000000000,1737319695000000000,1737319695000000000
BEV1_2025-01-19_drive5.csv,pack_min_c,BMSminPackTemperature,1737319694000000000,1737319695000000000,1737319695000000000
BEV1_2025-01-19_drive5.csv,pack_max_c,BMSmaxPackTemperature,1737319694000000000,1737319695000000000,1737319695000000000
BEV1_2025-01-19_drive5.csv,preconditioning_request,UI_batteryPreconditioningRequest,1737319694000000000,1737319695000000000,1737319695000000000
BEV1_2025-01-20_drive1.csv,soc,SOCave292,1737386108000000000,1737386109000000000,1737386109000000000
BEV1_2025-01-20_drive1.csv,ambient_c,VCRIGHT_tempAmbientRaw,1737386108000000000,1737386109000000000,1737386109000000000
BEV1_2025-01-20_drive1.csv,pack_min_c,BMSminPackTemperature,1737386108000000000,1737386109000000000,1737386109000000000
BEV1_2025-01-20_drive1.csv,pack_max_c,BMSmaxPackTemperature,1737386108000000000,1737386109000000000,1737386109000000000
BEV1_2025-01-20_drive1.csv,preconditioning_request,UI_batteryPreconditioningRequest,1737386108000000000,1737386109000000000,1737386109000000000
BEV1_2025-01-20_drive2.csv,soc,SOCave292,1737388613000000000,1737388614000000000,1737388614000000000
BEV1_2025-01-20_drive2.csv,ambient_c,VCRIGHT_tempAmbientRaw,1737388613000000000,1737388614000000000,1737388614000000000
BEV1_2025-01-20_drive2.csv,pack_min_c,BMSminPackTemperature,1737388613000000000,1737388614000000000,1737388614000000000
BEV1_2025-01-20_drive2.csv,pack_max_c,BMSmaxPackTemperature,1737388613000000000,1737388614000000000,1737388614000000000
BEV1_2025-01-20_drive2.csv,preconditioning_request,UI_batteryPreconditioningRequest,1737388613000000000,1737388614000000000,1737388614000000000
BEV1_2025-01-21_drive1.csv,soc,SOCave292,1737445077000000000,1737445078000000000,1737445078000000000
BEV1_2025-01-21_drive1.csv,ambient_c,VCRIGHT_tempAmbientRaw,1737445077000000000,1737445078000000000,1737445078000000000
BEV1_2025-01-21_drive1.csv,pack_min_c,BMSminPackTemperature,1737445077000000000,1737445078000000000,1737445078000000000
BEV1_2025-01-21_drive1.csv,pack_max_c,BMSmaxPackTemperature,1737445077000000000,1737445078000000000,1737445078000000000
BEV1_2025-01-21_drive1.csv,preconditioning_request,UI_batteryPreconditioningRequest,1737445077000000000,1737445078000000000,1737445078000000000
BEV1_2025-01-21_drive2.csv,soc,SOCave292,1737477175000000000,1737477176000000000,1737477176000000000
BEV1_2025-01-21_drive2.csv,ambient_c,VCRIGHT_tempAmbientRaw,1737477175000000000,1737477176000000000,1737477176000000000
BEV1_2025-01-21_drive2.csv,pack_min_c,BMSminPackTemperature,1737477175000000000,1737477176000000000,1737477176000000000
BEV1_2025-01-21_drive2.csv,pack_max_c,BMSmaxPackTemperature,1737477175000000000,1737477176000000000,1737477176000000000
BEV1_2025-01-21_drive2.csv,preconditioning_request,UI_batteryPreconditioningRequest,1737477175000000000,1737477176000000000,1737477176000000000
BEV1_2025-01-22_drive1.csv,soc,SOCave292,1737528347000000000,1737528348000000000,1737528348000000000
BEV1_2025-01-22_drive1.csv,ambient_c,VCRIGHT_tempAmbientRaw,1737528347000000000,1737528348000000000,1737528348000000000
BEV1_2025-01-22_drive1.csv,pack_min_c,BMSminPackTemperature,1737528347000000000,1737528348000000000,1737528348000000000
BEV1_2025-01-22_drive1.csv,pack_max_c,BMSmaxPackTemperature,1737528347000000000,1737528348000000000,1737528348000000000
BEV1_2025-01-22_drive1.csv,preconditioning_request,UI_batteryPreconditioningRequest,1737528347000000000,1737528348000000000,1737528348000000000
BEV1_2025-01-22_drive2.csv,soc,SOCave292,1737560793000000000,1737560794000000000,1737560794000000000
BEV1_2025-01-22_drive2.csv,ambient_c,VCRIGHT_tempAmbientRaw,1737560793000000000,1737560794000000000,1737560794000000000
BEV1_2025-01-22_drive2.csv,pack_min_c,BMSminPackTemperature,1737560793000000000,1737560794000000000,1737560794000000000
BEV1_2025-01-22_drive2.csv,pack_max_c,BMSmaxPackTemperature,1737560793000000000,1737560794000000000,1737560794000000000
BEV1_2025-01-22_drive2.csv,preconditioning_request,UI_batteryPreconditioningRequest,1737560793000000000,1737560794000000000,1737560794000000000
BEV1_2025-01-22_drive3.csv,soc,SOCave292,1737582877000000000,1737582878000000000,1737582878000000000
BEV1_2025-01-22_drive3.csv,ambient_c,VCRIGHT_tempAmbientRaw,1737582877000000000,1737582878000000000,1737582878000000000
BEV1_2025-01-22_drive3.csv,pack_min_c,BMSminPackTemperature,1737582877000000000,1737582878000000000,1737582878000000000
BEV1_2025-01-22_drive3.csv,pack_max_c,BMSmaxPackTemperature,1737582877000000000,1737582878000000000,1737582878000000000
BEV1_2025-01-22_drive3.csv,preconditioning_request,UI_batteryPreconditioningRequest,1737582877000000000,1737582878000000000,1737582878000000000
BEV1_2025-01-23_drive1.csv,soc,SOCave292,1737616863000000000,1737616864000000000,1737616864000000000
BEV1_2025-01-23_drive1.csv,ambient_c,VCRIGHT_tempAmbientRaw,1737616863000000000,1737616864000000000,1737616864000000000
BEV1_2025-01-23_drive1.csv,pack_min_c,BMSminPackTemperature,1737616863000000000,1737616864000000000,1737616864000000000
BEV1_2025-01-23_drive1.csv,pack_max_c,BMSmaxPackTemperature,1737616863000000000,1737616864000000000,1737616864000000000
BEV1_2025-01-23_drive1.csv,preconditioning_request,UI_batteryPreconditioningRequest,1737616863000000000,1737616864000000000,1737616864000000000
BEV1_2025-01-23_drive2.csv,soc,SOCave292,1737647401000000000,1737647402000000000,1737647402000000000
BEV1_2025-01-23_drive2.csv,ambient_c,VCRIGHT_tempAmbientRaw,1737647401000000000,1737647402000000000,1737647402000000000
BEV1_2025-01-23_drive2.csv,pack_min_c,BMSminPackTemperature,1737647401000000000,1737647402000000000,1737647402000000000
BEV1_2025-01-23_drive2.csv,pack_max_c,BMSmaxPackTemperature,1737647401000000000,1737647402000000000,1737647402000000000
BEV1_2025-01-23_drive2.csv,preconditioning_request,UI_batteryPreconditioningRequest,1737647401000000000,1737647402000000000,1737647402000000000
BEV1_2025-01-23_drive3.csv,soc,SOCave292,1737649481000000000,1737649482000000000,1737649482000000000
BEV1_2025-01-23_drive3.csv,ambient_c,VCRIGHT_tempAmbientRaw,1737649481000000000,1737649482000000000,1737649482000000000
BEV1_2025-01-23_drive3.csv,pack_min_c,BMSminPackTemperature,1737649481000000000,1737649482000000000,1737649482000000000
BEV1_2025-01-23_drive3.csv,pack_max_c,BMSmaxPackTemperature,1737649481000000000,1737649482000000000,1737649482000000000
BEV1_2025-01-23_drive3.csv,preconditioning_request,UI_batteryPreconditioningRequest,1737649481000000000,1737649482000000000,1737649482000000000
BEV1_2025-01-23_drive4.csv,soc,SOCave292,1737651186000000000,1737651187000000000,1737651187000000000
BEV1_2025-01-23_drive4.csv,ambient_c,VCRIGHT_tempAmbientRaw,1737651186000000000,1737651187000000000,1737651187000000000
BEV1_2025-01-23_drive4.csv,pack_min_c,BMSminPackTemperature,1737651186000000000,1737651187000000000,1737651187000000000
BEV1_2025-01-23_drive4.csv,pack_max_c,BMSmaxPackTemperature,1737651186000000000,1737651187000000000,1737651187000000000
BEV1_2025-01-23_drive4.csv,preconditioning_request,UI_batteryPreconditioningRequest,1737651186000000000,1737651187000000000,1737651187000000000
BEV1_2025-01-23_drive5.csv,soc,SOCave292,1737654478000000000,1737654479000000000,1737654479000000000
BEV1_2025-01-23_drive5.csv,ambient_c,VCRIGHT_tempAmbientRaw,1737654478000000000,1737654479000000000,1737654479000000000
BEV1_2025-01-23_drive5.csv,pack_min_c,BMSminPackTemperature,1737654478000000000,1737654479000000000,1737654479000000000
BEV1_2025-01-23_drive5.csv,pack_max_c,BMSmaxPackTemperature,1737654478000000000,1737654479000000000,1737654479000000000
BEV1_2025-01-23_drive5.csv,preconditioning_request,UI_batteryPreconditioningRequest,1737654478000000000,1737654479000000000,1737654479000000000
BEV1_2025-01-23_drive6.csv,soc,SOCave292,1737665977000000000,1737665978000000000,1737665978000000000
BEV1_2025-01-23_drive6.csv,ambient_c,VCRIGHT_tempAmbientRaw,1737665977000000000,1737665978000000000,1737665978000000000
BEV1_2025-01-23_drive6.csv,pack_min_c,BMSminPackTemperature,1737665977000000000,1737665978000000000,1737665978000000000
BEV1_2025-01-23_drive6.csv,pack_max_c,BMSmaxPackTemperature,1737665977000000000,1737665978000000000,1737665978000000000
BEV1_2025-01-23_drive6.csv,preconditioning_request,UI_batteryPreconditioningRequest,1737665977000000000,1737665978000000000,1737665978000000000
BEV1_2025-01-27_drive1.csv,soc,SOCave292,1737962591000000000,1737962592000000000,1737962592000000000
BEV1_2025-01-27_drive1.csv,ambient_c,VCRIGHT_tempAmbientRaw,1737962591000000000,1737962592000000000,1737962592000000000
BEV1_2025-01-27_drive1.csv,pack_min_c,BMSminPackTemperature,1737962591000000000,1737962592000000000,1737962592000000000
BEV1_2025-01-27_drive1.csv,pack_max_c,BMSmaxPackTemperature,1737962591000000000,1737962592000000000,1737962592000000000
BEV1_2025-01-27_drive1.csv,preconditioning_request,UI_batteryPreconditioningRequest,1737962591000000000,1737962592000000000,1737962592000000000
BEV1_2025-01-27_drive2.csv,soc,SOCave292,1737991150000000000,1737991151000000000,1737991151000000000
BEV1_2025-01-27_drive2.csv,ambient_c,VCRIGHT_tempAmbientRaw,1737991150000000000,1737991151000000000,1737991151000000000
BEV1_2025-01-27_drive2.csv,pack_min_c,BMSminPackTemperature,1737991150000000000,1737991151000000000,1737991151000000000
BEV1_2025-01-27_drive2.csv,pack_max_c,BMSmaxPackTemperature,1737991150000000000,1737991151000000000,1737991151000000000
BEV1_2025-01-27_drive2.csv,preconditioning_request,UI_batteryPreconditioningRequest,1737991150000000000,1737991151000000000,1737991151000000000
BEV1_2025-01-27_drive3.csv,soc,SOCave292,1737999329000000000,1737999330000000000,1737999330000000000
BEV1_2025-01-27_drive3.csv,ambient_c,VCRIGHT_tempAmbientRaw,1737999329000000000,1737999330000000000,1737999330000000000
BEV1_2025-01-27_drive3.csv,pack_min_c,BMSminPackTemperature,1737999329000000000,1737999330000000000,1737999330000000000
BEV1_2025-01-27_drive3.csv,pack_max_c,BMSmaxPackTemperature,1737999329000000000,1737999330000000000,1737999330000000000
BEV1_2025-01-27_drive3.csv,preconditioning_request,UI_batteryPreconditioningRequest,1737999329000000000,1737999330000000000,1737999330000000000
BEV1_2025-01-27_drive4.csv,soc,SOCave292,1738002261000000000,1738002262000000000,1738002262000000000
BEV1_2025-01-27_drive4.csv,ambient_c,VCRIGHT_tempAmbientRaw,1738002261000000000,1738002262000000000,1738002262000000000
BEV1_2025-01-27_drive4.csv,pack_min_c,BMSminPackTemperature,1738002261000000000,1738002262000000000,1738002262000000000
BEV1_2025-01-27_drive4.csv,pack_max_c,BMSmaxPackTemperature,1738002261000000000,1738002262000000000,1738002262000000000
BEV1_2025-01-27_drive4.csv,preconditioning_request,UI_batteryPreconditioningRequest,1738002261000000000,1738002262000000000,1738002262000000000
BEV1_2025-01-27_drive5.csv,soc,SOCave292,1738003202000000000,1738003203000000000,1738003203000000000
BEV1_2025-01-27_drive5.csv,ambient_c,VCRIGHT_tempAmbientRaw,1738003202000000000,1738003203000000000,1738003203000000000
BEV1_2025-01-27_drive5.csv,pack_min_c,BMSminPackTemperature,1738003202000000000,1738003203000000000,1738003203000000000
BEV1_2025-01-27_drive5.csv,pack_max_c,BMSmaxPackTemperature,1738003202000000000,1738003203000000000,1738003203000000000
BEV1_2025-01-27_drive5.csv,preconditioning_request,UI_batteryPreconditioningRequest,1738003202000000000,1738003203000000000,1738003203000000000
BEV1_2025-01-27_drive6.csv,soc,SOCave292,1738014864000000000,1738014865000000000,1738014865000000000
BEV1_2025-01-27_drive6.csv,ambient_c,VCRIGHT_tempAmbientRaw,1738014864000000000,1738014865000000000,1738014865000000000
BEV1_2025-01-27_drive6.csv,pack_min_c,BMSminPackTemperature,1738014864000000000,1738014865000000000,1738014865000000000
BEV1_2025-01-27_drive6.csv,pack_max_c,BMSmaxPackTemperature,1738014864000000000,1738014865000000000,1738014865000000000
BEV1_2025-01-27_drive6.csv,preconditioning_request,UI_batteryPreconditioningRequest,1738014864000000000,1738014865000000000,1738014865000000000
BEV1_2025-01-28_drive1.csv,soc,SOCave292,1738061473000000000,1738061474000000000,1738061474000000000
BEV1_2025-01-28_drive1.csv,ambient_c,VCRIGHT_tempAmbientRaw,1738061473000000000,1738061474000000000,1738061474000000000
BEV1_2025-01-28_drive1.csv,pack_min_c,BMSminPackTemperature,1738061473000000000,1738061474000000000,1738061474000000000
BEV1_2025-01-28_drive1.csv,pack_max_c,BMSmaxPackTemperature,1738061473000000000,1738061474000000000,1738061474000000000
BEV1_2025-01-28_drive1.csv,preconditioning_request,UI_batteryPreconditioningRequest,1738061473000000000,1738061474000000000,1738061474000000000
BEV1_2025-01-28_drive2.csv,soc,SOCave292,1738081306000000000,1738081307000000000,1738081307000000000
BEV1_2025-01-28_drive2.csv,ambient_c,VCRIGHT_tempAmbientRaw,1738081306000000000,1738081307000000000,1738081307000000000
BEV1_2025-01-28_drive2.csv,pack_min_c,BMSminPackTemperature,1738081306000000000,1738081307000000000,1738081307000000000
BEV1_2025-01-28_drive2.csv,pack_max_c,BMSmaxPackTemperature,1738081306000000000,1738081307000000000,1738081307000000000
BEV1_2025-01-28_drive2.csv,preconditioning_request,UI_batteryPreconditioningRequest,1738081306000000000,1738081307000000000,1738081307000000000
BEV1_2025-01-29_drive1.csv,soc,SOCave292,1738133289000000000,1738133290000000000,1738133290000000000
BEV1_2025-01-29_drive1.csv,ambient_c,VCRIGHT_tempAmbientRaw,1738133289000000000,1738133290000000000,1738133290000000000
BEV1_2025-01-29_drive1.csv,pack_min_c,BMSminPackTemperature,1738133289000000000,1738133290000000000,1738133290000000000
BEV1_2025-01-29_drive1.csv,pack_max_c,BMSmaxPackTemperature,1738133289000000000,1738133290000000000,1738133290000000000
BEV1_2025-01-29_drive1.csv,preconditioning_request,UI_batteryPreconditioningRequest,1738133289000000000,1738133290000000000,1738133290000000000
BEV1_2025-01-29_drive2.csv,soc,SOCave292,1738168075000000000,1738168076000000000,1738168076000000000
BEV1_2025-01-29_drive2.csv,ambient_c,VCRIGHT_tempAmbientRaw,1738168075000000000,1738168076000000000,1738168076000000000
BEV1_2025-01-29_drive2.csv,pack_min_c,BMSminPackTemperature,1738168075000000000,1738168076000000000,1738168076000000000
BEV1_2025-01-29_drive2.csv,pack_max_c,BMSmaxPackTemperature,1738168075000000000,1738168076000000000,1738168076000000000
BEV1_2025-01-29_drive2.csv,preconditioning_request,UI_batteryPreconditioningRequest,1738168075000000000,1738168076000000000,1738168076000000000
BEV1_2025-01-29_drive3.csv,soc,SOCave292,1738176420000000000,1738176421000000000,1738176421000000000
BEV1_2025-01-29_drive3.csv,ambient_c,VCRIGHT_tempAmbientRaw,1738176420000000000,1738176421000000000,1738176421000000000
BEV1_2025-01-29_drive3.csv,pack_min_c,BMSminPackTemperature,1738176420000000000,1738176421000000000,1738176421000000000
BEV1_2025-01-29_drive3.csv,pack_max_c,BMSmaxPackTemperature,1738176420000000000,1738176421000000000,1738176421000000000
BEV1_2025-01-29_drive3.csv,preconditioning_request,UI_batteryPreconditioningRequest,1738176420000000000,1738176421000000000,1738176421000000000
BEV1_2025-01-30_drive1.csv,soc,SOCave292,1738220856000000000,1738220857000000000,1738220857000000000
BEV1_2025-01-30_drive1.csv,ambient_c,VCRIGHT_tempAmbientRaw,1738220856000000000,1738220857000000000,1738220857000000000
BEV1_2025-01-30_drive1.csv,pack_min_c,BMSminPackTemperature,1738220856000000000,1738220857000000000,1738220857000000000
BEV1_2025-01-30_drive1.csv,pack_max_c,BMSmaxPackTemperature,1738220856000000000,1738220857000000000,1738220857000000000
BEV1_2025-01-30_drive1.csv,preconditioning_request,UI_batteryPreconditioningRequest,1738220856000000000,1738220857000000000,1738220857000000000
BEV1_2025-01-30_drive2.csv,soc,SOCave292,1738253822000000000,1738253823000000000,1738253823000000000
BEV1_2025-01-30_drive2.csv,ambient_c,VCRIGHT_tempAmbientRaw,1738253822000000000,1738253823000000000,1738253823000000000
BEV1_2025-01-30_drive2.csv,pack_min_c,BMSminPackTemperature,1738253822000000000,1738253823000000000,1738253823000000000
BEV1_2025-01-30_drive2.csv,pack_max_c,BMSmaxPackTemperature,1738253822000000000,1738253823000000000,1738253823000000000
BEV1_2025-01-30_drive2.csv,preconditioning_request,UI_batteryPreconditioningRequest,1738253822000000000,1738253823000000000,1738253823000000000
BEV1_2025-01-30_drive3.csv,soc,SOCave292,1738259346000000000,1738259347000000000,1738259347000000000
BEV1_2025-01-30_drive3.csv,ambient_c,VCRIGHT_tempAmbientRaw,1738259346000000000,1738259347000000000,1738259347000000000
BEV1_2025-01-30_drive3.csv,pack_min_c,BMSminPackTemperature,1738259346000000000,1738259347000000000,1738259347000000000
BEV1_2025-01-30_drive3.csv,pack_max_c,BMSmaxPackTemperature,1738259346000000000,1738259347000000000,1738259347000000000
BEV1_2025-01-30_drive3.csv,preconditioning_request,UI_batteryPreconditioningRequest,1738259346000000000,1738259347000000000,1738259347000000000
BEV1_2025-01-30_drive4.csv,soc,SOCave292,1738269076000000000,1738269077000000000,1738269077000000000
BEV1_2025-01-30_drive4.csv,ambient_c,VCRIGHT_tempAmbientRaw,1738269076000000000,1738269077000000000,1738269077000000000
BEV1_2025-01-30_drive4.csv,pack_min_c,BMSminPackTemperature,1738269076000000000,1738269077000000000,1738269077000000000
BEV1_2025-01-30_drive4.csv,pack_max_c,BMSmaxPackTemperature,1738269076000000000,1738269077000000000,1738269077000000000
BEV1_2025-01-30_drive4.csv,preconditioning_request,UI_batteryPreconditioningRequest,1738269076000000000,1738269077000000000,1738269077000000000
BEV1_2025-01-31_drive1.csv,soc,SOCave292,1738309894000000000,1738309895000000000,1738309895000000000
BEV1_2025-01-31_drive1.csv,ambient_c,VCRIGHT_tempAmbientRaw,1738309894000000000,1738309895000000000,1738309895000000000
BEV1_2025-01-31_drive1.csv,pack_min_c,BMSminPackTemperature,1738309894000000000,1738309895000000000,1738309895000000000
BEV1_2025-01-31_drive1.csv,pack_max_c,BMSmaxPackTemperature,1738309894000000000,1738309895000000000,1738309895000000000
BEV1_2025-01-31_drive1.csv,preconditioning_request,UI_batteryPreconditioningRequest,1738309894000000000,1738309895000000000,1738309895000000000
BEV1_2025-01-31_drive2.csv,soc,SOCave292,1738321730000000000,1738321731000000000,1738321731000000000
BEV1_2025-01-31_drive2.csv,ambient_c,VCRIGHT_tempAmbientRaw,1738321730000000000,1738321731000000000,1738321731000000000
BEV1_2025-01-31_drive2.csv,pack_min_c,BMSminPackTemperature,1738321730000000000,1738321731000000000,1738321731000000000
BEV1_2025-01-31_drive2.csv,pack_max_c,BMSmaxPackTemperature,1738321730000000000,1738321731000000000,1738321731000000000
BEV1_2025-01-31_drive2.csv,preconditioning_request,UI_batteryPreconditioningRequest,1738321730000000000,1738321731000000000,1738321731000000000
BEV1_2025-01-31_drive3.csv,soc,SOCave292,1738322266000000000,1738322267000000000,1738322267000000000
BEV1_2025-01-31_drive3.csv,ambient_c,VCRIGHT_tempAmbientRaw,1738322266000000000,1738322267000000000,1738322267000000000
BEV1_2025-01-31_drive3.csv,pack_min_c,BMSminPackTemperature,1738322266000000000,1738322267000000000,1738322267000000000
BEV1_2025-01-31_drive3.csv,pack_max_c,BMSmaxPackTemperature,1738322266000000000,1738322267000000000,1738322267000000000
BEV1_2025-01-31_drive3.csv,preconditioning_request,UI_batteryPreconditioningRequest,1738322266000000000,1738322267000000000,1738322267000000000
BEV1_2025-01-31_drive4.csv,soc,SOCave292,1738325671000000000,1738325672000000000,1738325672000000000
BEV1_2025-01-31_drive4.csv,ambient_c,VCRIGHT_tempAmbientRaw,1738325671000000000,1738325672000000000,1738325672000000000
BEV1_2025-01-31_drive4.csv,pack_min_c,BMSminPackTemperature,1738325671000000000,1738325672000000000,1738325672000000000
BEV1_2025-01-31_drive4.csv,pack_max_c,BMSmaxPackTemperature,1738325671000000000,1738325672000000000,1738325672000000000
BEV1_2025-01-31_drive4.csv,preconditioning_request,UI_batteryPreconditioningRequest,1738325671000000000,1738325672000000000,1738325672000000000
BEV1_2025-01-31_drive5.csv,soc,SOCave292,1738333586000000000,1738333587000000000,1738333587000000000
BEV1_2025-01-31_drive5.csv,ambient_c,VCRIGHT_tempAmbientRaw,1738333586000000000,1738333587000000000,1738333587000000000
BEV1_2025-01-31_drive5.csv,pack_min_c,BMSminPackTemperature,1738333586000000000,1738333587000000000,1738333587000000000
BEV1_2025-01-31_drive5.csv,pack_max_c,BMSmaxPackTemperature,1738333586000000000,1738333587000000000,1738333587000000000
BEV1_2025-01-31_drive5.csv,preconditioning_request,UI_batteryPreconditioningRequest,1738333586000000000,1738333587000000000,1738333587000000000
BEV1_2025-01-31_drive6.csv,soc,SOCave292,1738339566000000000,1738339567000000000,1738339567000000000
BEV1_2025-01-31_drive6.csv,ambient_c,VCRIGHT_tempAmbientRaw,1738339566000000000,1738339567000000000,1738339567000000000
BEV1_2025-01-31_drive6.csv,pack_min_c,BMSminPackTemperature,1738339566000000000,1738339567000000000,1738339567000000000
BEV1_2025-01-31_drive6.csv,pack_max_c,BMSmaxPackTemperature,1738339566000000000,1738339567000000000,1738339567000000000
BEV1_2025-01-31_drive6.csv,preconditioning_request,UI_batteryPreconditioningRequest,1738339566000000000,1738339567000000000,1738339567000000000
BEV1_2025-02-02_drive1.csv,soc,SOCave292,1738502900000000000,1738502901000000000,1738502901000000000
BEV1_2025-02-02_drive1.csv,ambient_c,VCRIGHT_tempAmbientRaw,1738502900000000000,1738502901000000000,1738502901000000000
BEV1_2025-02-02_drive1.csv,pack_min_c,BMSminPackTemperature,1738502900000000000,1738502901000000000,1738502901000000000
BEV1_2025-02-02_drive1.csv,pack_max_c,BMSmaxPackTemperature,1738502900000000000,1738502901000000000,1738502901000000000
BEV1_2025-02-02_drive1.csv,preconditioning_request,UI_batteryPreconditioningRequest,1738502900000000000,1738502901000000000,1738502901000000000
BEV1_2025-02-02_drive2.csv,soc,SOCave292,1738504055000000000,1738504056000000000,1738504056000000000
BEV1_2025-02-02_drive2.csv,ambient_c,VCRIGHT_tempAmbientRaw,1738504055000000000,1738504056000000000,1738504056000000000
BEV1_2025-02-02_drive2.csv,pack_min_c,BMSminPackTemperature,1738504055000000000,1738504056000000000,1738504056000000000
BEV1_2025-02-02_drive2.csv,pack_max_c,BMSmaxPackTemperature,1738504055000000000,1738504056000000000,1738504056000000000
BEV1_2025-02-02_drive2.csv,preconditioning_request,UI_batteryPreconditioningRequest,1738504055000000000,1738504056000000000,1738504056000000000
BEV1_2025-02-02_drive3.csv,soc,SOCave292,1738505424000000000,1738505425000000000,1738505425000000000
BEV1_2025-02-02_drive3.csv,ambient_c,VCRIGHT_tempAmbientRaw,1738505424000000000,1738505425000000000,1738505425000000000
BEV1_2025-02-02_drive3.csv,pack_min_c,BMSminPackTemperature,1738505424000000000,1738505425000000000,1738505425000000000
BEV1_2025-02-02_drive3.csv,pack_max_c,BMSmaxPackTemperature,1738505424000000000,1738505425000000000,1738505425000000000
BEV1_2025-02-02_drive3.csv,preconditioning_request,UI_batteryPreconditioningRequest,1738505424000000000,1738505425000000000,1738505425000000000
BEV1_2025-02-02_drive4.csv,soc,SOCave292,1738510636000000000,1738510637000000000,1738510637000000000
BEV1_2025-02-02_drive4.csv,ambient_c,VCRIGHT_tempAmbientRaw,1738510636000000000,1738510637000000000,1738510637000000000
BEV1_2025-02-02_drive4.csv,pack_min_c,BMSminPackTemperature,1738510636000000000,1738510637000000000,1738510637000000000
BEV1_2025-02-02_drive4.csv,pack_max_c,BMSmaxPackTemperature,1738510636000000000,1738510637000000000,1738510637000000000
BEV1_2025-02-02_drive4.csv,preconditioning_request,UI_batteryPreconditioningRequest,1738510636000000000,1738510637000000000,1738510637000000000
BEV1_2025-02-02_drive6.csv,soc,SOCave292,1738525697000000000,1738525698000000000,1738525698000000000
BEV1_2025-02-02_drive6.csv,ambient_c,VCRIGHT_tempAmbientRaw,1738525697000000000,1738525698000000000,1738525698000000000
BEV1_2025-02-02_drive6.csv,pack_min_c,BMSminPackTemperature,1738525697000000000,1738525698000000000,1738525698000000000
BEV1_2025-02-02_drive6.csv,pack_max_c,BMSmaxPackTemperature,1738525697000000000,1738525698000000000,1738525698000000000
BEV1_2025-02-02_drive6.csv,preconditioning_request,UI_batteryPreconditioningRequest,1738525697000000000,1738525698000000000,1738525698000000000
BEV1_2025-02-03_drive1.csv,soc,SOCave292,1738566640000000000,1738566641000000000,1738566641000000000
BEV1_2025-02-03_drive1.csv,ambient_c,VCRIGHT_tempAmbientRaw,1738566640000000000,1738566641000000000,1738566641000000000
BEV1_2025-02-03_drive1.csv,pack_min_c,BMSminPackTemperature,1738566640000000000,1738566641000000000,1738566641000000000
BEV1_2025-02-03_drive1.csv,pack_max_c,BMSmaxPackTemperature,1738566640000000000,1738566641000000000,1738566641000000000
BEV1_2025-02-03_drive1.csv,preconditioning_request,UI_batteryPreconditioningRequest,1738566640000000000,1738566641000000000,1738566641000000000
BEV1_2025-02-03_drive2.csv,soc,SOCave292,1738597227000000000,1738597228000000000,1738597228000000000
BEV1_2025-02-03_drive2.csv,ambient_c,VCRIGHT_tempAmbientRaw,1738597227000000000,1738597228000000000,1738597228000000000
BEV1_2025-02-03_drive2.csv,pack_min_c,BMSminPackTemperature,1738597227000000000,1738597228000000000,1738597228000000000
BEV1_2025-02-03_drive2.csv,pack_max_c,BMSmaxPackTemperature,1738597227000000000,1738597228000000000,1738597228000000000
BEV1_2025-02-03_drive2.csv,preconditioning_request,UI_batteryPreconditioningRequest,1738597227000000000,1738597228000000000,1738597228000000000
BEV1_2025-02-03_drive3.csv,soc,SOCave292,1738606430000000000,1738606431000000000,1738606431000000000
BEV1_2025-02-03_drive3.csv,ambient_c,VCRIGHT_tempAmbientRaw,1738606430000000000,1738606431000000000,1738606431000000000
BEV1_2025-02-03_drive3.csv,pack_min_c,BMSminPackTemperature,1738606430000000000,1738606431000000000,1738606431000000000
BEV1_2025-02-03_drive3.csv,pack_max_c,BMSmaxPackTemperature,1738606430000000000,1738606431000000000,1738606431000000000
BEV1_2025-02-03_drive3.csv,preconditioning_request,UI_batteryPreconditioningRequest,1738606430000000000,1738606431000000000,1738606431000000000
BEV1_2025-02-04_drive1.csv,soc,SOCave292,1738653053000000000,1738653054000000000,1738653054000000000
BEV1_2025-02-04_drive1.csv,ambient_c,VCRIGHT_tempAmbientRaw,1738653053000000000,1738653054000000000,1738653054000000000
BEV1_2025-02-04_drive1.csv,pack_min_c,BMSminPackTemperature,1738653053000000000,1738653054000000000,1738653054000000000
BEV1_2025-02-04_drive1.csv,pack_max_c,BMSmaxPackTemperature,1738653053000000000,1738653054000000000,1738653054000000000
BEV1_2025-02-04_drive1.csv,preconditioning_request,UI_batteryPreconditioningRequest,1738653053000000000,1738653054000000000,1738653054000000000
BEV1_2025-02-04_drive2.csv,soc,SOCave292,1738683965000000000,1738683966000000000,1738683966000000000
BEV1_2025-02-04_drive2.csv,ambient_c,VCRIGHT_tempAmbientRaw,1738683965000000000,1738683966000000000,1738683966000000000
BEV1_2025-02-04_drive2.csv,pack_min_c,BMSminPackTemperature,1738683965000000000,1738683966000000000,1738683966000000000
BEV1_2025-02-04_drive2.csv,pack_max_c,BMSmaxPackTemperature,1738683965000000000,1738683966000000000,1738683966000000000
BEV1_2025-02-04_drive2.csv,preconditioning_request,UI_batteryPreconditioningRequest,1738683965000000000,1738683966000000000,1738683966000000000
BEV1_2025-02-04_drive3.csv,soc,SOCave292,1738694267000000000,1738694268000000000,1738694268000000000
BEV1_2025-02-04_drive3.csv,ambient_c,VCRIGHT_tempAmbientRaw,1738694267000000000,1738694268000000000,1738694268000000000
BEV1_2025-02-04_drive3.csv,pack_min_c,BMSminPackTemperature,1738694267000000000,1738694268000000000,1738694268000000000
BEV1_2025-02-04_drive3.csv,pack_max_c,BMSmaxPackTemperature,1738694267000000000,1738694268000000000,1738694268000000000
BEV1_2025-02-04_drive3.csv,preconditioning_request,UI_batteryPreconditioningRequest,1738694267000000000,1738694268000000000,1738694268000000000
BEV1_2025-02-05_drive1.csv,soc,SOCave292,1738740080000000000,1738740081000000000,1738740081000000000
BEV1_2025-02-05_drive1.csv,ambient_c,VCRIGHT_tempAmbientRaw,1738740080000000000,1738740081000000000,1738740081000000000
BEV1_2025-02-05_drive1.csv,pack_min_c,BMSminPackTemperature,1738740080000000000,1738740081000000000,1738740081000000000
BEV1_2025-02-05_drive1.csv,pack_max_c,BMSmaxPackTemperature,1738740080000000000,1738740081000000000,1738740081000000000
BEV1_2025-02-05_drive1.csv,preconditioning_request,UI_batteryPreconditioningRequest,1738740080000000000,1738740081000000000,1738740081000000000
BEV1_2025-02-05_drive2.csv,soc,SOCave292,1738774945000000000,1738774946000000000,1738774946000000000
BEV1_2025-02-05_drive2.csv,ambient_c,VCRIGHT_tempAmbientRaw,1738774945000000000,1738774946000000000,1738774946000000000
BEV1_2025-02-05_drive2.csv,pack_min_c,BMSminPackTemperature,1738774945000000000,1738774946000000000,1738774946000000000
BEV1_2025-02-05_drive2.csv,pack_max_c,BMSmaxPackTemperature,1738774945000000000,1738774946000000000,1738774946000000000
BEV1_2025-02-05_drive2.csv,preconditioning_request,UI_batteryPreconditioningRequest,1738774945000000000,1738774946000000000,1738774946000000000
BEV1_2025-02-05_drive3.csv,soc,SOCave292,1738777724000000000,1738777725000000000,1738777725000000000
BEV1_2025-02-05_drive3.csv,ambient_c,VCRIGHT_tempAmbientRaw,1738777724000000000,1738777725000000000,1738777725000000000
BEV1_2025-02-05_drive3.csv,pack_min_c,BMSminPackTemperature,1738777724000000000,1738777725000000000,1738777725000000000
BEV1_2025-02-05_drive3.csv,pack_max_c,BMSmaxPackTemperature,1738777724000000000,1738777725000000000,1738777725000000000
BEV1_2025-02-05_drive3.csv,preconditioning_request,UI_batteryPreconditioningRequest,1738777724000000000,1738777725000000000,1738777725000000000
BEV1_2025-02-06_drive1.csv,soc,SOCave292,1738825076000000000,1738825077000000000,1738825077000000000
BEV1_2025-02-06_drive1.csv,ambient_c,VCRIGHT_tempAmbientRaw,1738825076000000000,1738825077000000000,1738825077000000000
BEV1_2025-02-06_drive1.csv,pack_min_c,BMSminPackTemperature,1738825076000000000,1738825077000000000,1738825077000000000
BEV1_2025-02-06_drive1.csv,pack_max_c,BMSmaxPackTemperature,1738825076000000000,1738825077000000000,1738825077000000000
BEV1_2025-02-06_drive1.csv,preconditioning_request,UI_batteryPreconditioningRequest,1738825076000000000,1738825077000000000,1738825077000000000
BEV1_2025-02-06_drive2.csv,soc,SOCave292,1738860004000000000,1738860005000000000,1738860005000000000
BEV1_2025-02-06_drive2.csv,ambient_c,VCRIGHT_tempAmbientRaw,1738860004000000000,1738860005000000000,1738860005000000000
BEV1_2025-02-06_drive2.csv,pack_min_c,BMSminPackTemperature,1738860004000000000,1738860005000000000,1738860005000000000
BEV1_2025-02-06_drive2.csv,pack_max_c,BMSmaxPackTemperature,1738860004000000000,1738860005000000000,1738860005000000000
BEV1_2025-02-06_drive2.csv,preconditioning_request,UI_batteryPreconditioningRequest,1738860004000000000,1738860005000000000,1738860005000000000
BEV1_2025-02-07_drive1.csv,soc,SOCave292,1738910091000000000,1738910092000000000,1738910092000000000
BEV1_2025-02-07_drive1.csv,ambient_c,VCRIGHT_tempAmbientRaw,1738910091000000000,1738910092000000000,1738910092000000000
BEV1_2025-02-07_drive1.csv,pack_min_c,BMSminPackTemperature,1738910091000000000,1738910092000000000,1738910092000000000
BEV1_2025-02-07_drive1.csv,pack_max_c,BMSmaxPackTemperature,1738910091000000000,1738910092000000000,1738910092000000000
BEV1_2025-02-07_drive1.csv,preconditioning_request,UI_batteryPreconditioningRequest,1738910091000000000,1738910092000000000,1738910092000000000
BEV1_2025-02-07_drive2.csv,soc,SOCave292,1738915316000000000,1738915317000000000,1738915317000000000
BEV1_2025-02-07_drive2.csv,ambient_c,VCRIGHT_tempAmbientRaw,1738915316000000000,1738915317000000000,1738915317000000000
BEV1_2025-02-07_drive2.csv,pack_min_c,BMSminPackTemperature,1738915316000000000,1738915317000000000,1738915317000000000
BEV1_2025-02-07_drive2.csv,pack_max_c,BMSmaxPackTemperature,1738915316000000000,1738915317000000000,1738915317000000000
BEV1_2025-02-07_drive2.csv,preconditioning_request,UI_batteryPreconditioningRequest,1738915316000000000,1738915317000000000,1738915317000000000
BEV1_2025-02-09_drive1.csv,soc,SOCave292,1739136662000000000,1739136663000000000,1739136663000000000
BEV1_2025-02-09_drive1.csv,ambient_c,VCRIGHT_tempAmbientRaw,1739136662000000000,1739136663000000000,1739136663000000000
BEV1_2025-02-09_drive1.csv,pack_min_c,BMSminPackTemperature,1739136662000000000,1739136663000000000,1739136663000000000
BEV1_2025-02-09_drive1.csv,pack_max_c,BMSmaxPackTemperature,1739136662000000000,1739136663000000000,1739136663000000000
BEV1_2025-02-09_drive1.csv,preconditioning_request,UI_batteryPreconditioningRequest,1739136662000000000,1739136663000000000,1739136663000000000
BEV1_2025-02-09_drive2.csv,soc,SOCave292,1739140618000000000,1739140619000000000,1739140619000000000
BEV1_2025-02-09_drive2.csv,ambient_c,VCRIGHT_tempAmbientRaw,1739140618000000000,1739140619000000000,1739140619000000000
BEV1_2025-02-09_drive2.csv,pack_min_c,BMSminPackTemperature,1739140618000000000,1739140619000000000,1739140619000000000
BEV1_2025-02-09_drive2.csv,pack_max_c,BMSmaxPackTemperature,1739140618000000000,1739140619000000000,1739140619000000000
BEV1_2025-02-09_drive2.csv,preconditioning_request,UI_batteryPreconditioningRequest,1739140618000000000,1739140619000000000,1739140619000000000
BEV1_2025-02-10_drive1.csv,soc,SOCave292,1739194706000000000,1739194707000000000,1739194707000000000
BEV1_2025-02-10_drive1.csv,ambient_c,VCRIGHT_tempAmbientRaw,1739194706000000000,1739194707000000000,1739194707000000000
BEV1_2025-02-10_drive1.csv,pack_min_c,BMSminPackTemperature,1739194706000000000,1739194707000000000,1739194707000000000
BEV1_2025-02-10_drive1.csv,pack_max_c,BMSmaxPackTemperature,1739194706000000000,1739194707000000000,1739194707000000000
BEV1_2025-02-10_drive1.csv,preconditioning_request,UI_batteryPreconditioningRequest,1739194706000000000,1739194707000000000,1739194707000000000
BEV1_2025-02-10_drive2.csv,soc,SOCave292,1739196675000000000,1739196676000000000,1739196676000000000
BEV1_2025-02-10_drive2.csv,ambient_c,VCRIGHT_tempAmbientRaw,1739196675000000000,1739196676000000000,1739196676000000000
BEV1_2025-02-10_drive2.csv,pack_min_c,BMSminPackTemperature,1739196675000000000,1739196676000000000,1739196676000000000
BEV1_2025-02-10_drive2.csv,pack_max_c,BMSmaxPackTemperature,1739196675000000000,1739196676000000000,1739196676000000000
BEV1_2025-02-10_drive2.csv,preconditioning_request,UI_batteryPreconditioningRequest,1739196675000000000,1739196676000000000,1739196676000000000
BEV1_2025-02-10_drive3.csv,soc,SOCave292,1739206848000000000,1739206849000000000,1739206849000000000
BEV1_2025-02-10_drive3.csv,ambient_c,VCRIGHT_tempAmbientRaw,1739206848000000000,1739206849000000000,1739206849000000000
BEV1_2025-02-10_drive3.csv,pack_min_c,BMSminPackTemperature,1739206848000000000,1739206849000000000,1739206849000000000
BEV1_2025-02-10_drive3.csv,pack_max_c,BMSmaxPackTemperature,1739206848000000000,1739206849000000000,1739206849000000000
BEV1_2025-02-10_drive3.csv,preconditioning_request,UI_batteryPreconditioningRequest,1739206848000000000,1739206849000000000,1739206849000000000
BEV1_2025-02-10_drive4.csv,soc,SOCave292,1739208611000000000,1739208612000000000,1739208612000000000
BEV1_2025-02-10_drive4.csv,ambient_c,VCRIGHT_tempAmbientRaw,1739208611000000000,1739208612000000000,1739208612000000000
BEV1_2025-02-10_drive4.csv,pack_min_c,BMSminPackTemperature,1739208611000000000,1739208612000000000,1739208612000000000
BEV1_2025-02-10_drive4.csv,pack_max_c,BMSmaxPackTemperature,1739208611000000000,1739208612000000000,1739208612000000000
BEV1_2025-02-10_drive4.csv,preconditioning_request,UI_batteryPreconditioningRequest,1739208611000000000,1739208612000000000,1739208612000000000
BEV1_2025-02-10_drive5.csv,soc,SOCave292,1739215959000000000,1739215960000000000,1739215960000000000
BEV1_2025-02-10_drive5.csv,ambient_c,VCRIGHT_tempAmbientRaw,1739215959000000000,1739215960000000000,1739215960000000000
BEV1_2025-02-10_drive5.csv,pack_min_c,BMSminPackTemperature,1739215959000000000,1739215960000000000,1739215960000000000
BEV1_2025-02-10_drive5.csv,pack_max_c,BMSmaxPackTemperature,1739215959000000000,1739215960000000000,1739215960000000000
BEV1_2025-02-10_drive5.csv,preconditioning_request,UI_batteryPreconditioningRequest,1739215959000000000,1739215960000000000,1739215960000000000
BEV1_2025-02-11_drive1.csv,soc,SOCave292,1739256858000000000,1739256859000000000,1739256859000000000
BEV1_2025-02-11_drive1.csv,ambient_c,VCRIGHT_tempAmbientRaw,1739256858000000000,1739256859000000000,1739256859000000000
BEV1_2025-02-11_drive1.csv,pack_min_c,BMSminPackTemperature,1739256858000000000,1739256859000000000,1739256859000000000
BEV1_2025-02-11_drive1.csv,pack_max_c,BMSmaxPackTemperature,1739256858000000000,1739256859000000000,1739256859000000000
BEV1_2025-02-11_drive1.csv,preconditioning_request,UI_batteryPreconditioningRequest,1739256858000000000,1739256859000000000,1739256859000000000
BEV1_2025-02-11_drive2.csv,soc,SOCave292,1739289673000000000,1739289674000000000,1739289674000000000
BEV1_2025-02-11_drive2.csv,ambient_c,VCRIGHT_tempAmbientRaw,1739289673000000000,1739289674000000000,1739289674000000000
BEV1_2025-02-11_drive2.csv,pack_min_c,BMSminPackTemperature,1739289673000000000,1739289674000000000,1739289674000000000
BEV1_2025-02-11_drive2.csv,pack_max_c,BMSmaxPackTemperature,1739289673000000000,1739289674000000000,1739289674000000000
BEV1_2025-02-11_drive2.csv,preconditioning_request,UI_batteryPreconditioningRequest,1739289673000000000,1739289674000000000,1739289674000000000
BEV1_2025-02-11_drive3.csv,soc,SOCave292,1739299564000000000,1739299565000000000,1739299565000000000
BEV1_2025-02-11_drive3.csv,ambient_c,VCRIGHT_tempAmbientRaw,1739299564000000000,1739299565000000000,1739299565000000000
BEV1_2025-02-11_drive3.csv,pack_min_c,BMSminPackTemperature,1739299564000000000,1739299565000000000,1739299565000000000
BEV1_2025-02-11_drive3.csv,pack_max_c,BMSmaxPackTemperature,1739299564000000000,1739299565000000000,1739299565000000000
BEV1_2025-02-11_drive3.csv,preconditioning_request,UI_batteryPreconditioningRequest,1739299564000000000,1739299565000000000,1739299565000000000
BEV1_2025-02-12_drive1.csv,soc,SOCave292,1739344777000000000,1739344778000000000,1739344778000000000
BEV1_2025-02-12_drive1.csv,ambient_c,VCRIGHT_tempAmbientRaw,1739344777000000000,1739344778000000000,1739344778000000000
BEV1_2025-02-12_drive1.csv,pack_min_c,BMSminPackTemperature,1739344777000000000,1739344778000000000,1739344778000000000
BEV1_2025-02-12_drive1.csv,pack_max_c,BMSmaxPackTemperature,1739344777000000000,1739344778000000000,1739344778000000000
BEV1_2025-02-12_drive1.csv,preconditioning_request,UI_batteryPreconditioningRequest,1739344777000000000,1739344778000000000,1739344778000000000
BEV1_2025-02-12_drive2.csv,soc,SOCave292,1739376682000000000,1739376683000000000,1739376683000000000
BEV1_2025-02-12_drive2.csv,ambient_c,VCRIGHT_tempAmbientRaw,1739376682000000000,1739376683000000000,1739376683000000000
BEV1_2025-02-12_drive2.csv,pack_min_c,BMSminPackTemperature,1739376682000000000,1739376683000000000,1739376683000000000
BEV1_2025-02-12_drive2.csv,pack_max_c,BMSmaxPackTemperature,1739376682000000000,1739376683000000000,1739376683000000000
BEV1_2025-02-12_drive2.csv,preconditioning_request,UI_batteryPreconditioningRequest,1739376682000000000,1739376683000000000,1739376683000000000
BEV1_2025-02-12_drive3.csv,soc,SOCave292,1739381489000000000,1739381490000000000,1739381490000000000
BEV1_2025-02-12_drive3.csv,ambient_c,VCRIGHT_tempAmbientRaw,1739381489000000000,1739381490000000000,1739381490000000000
BEV1_2025-02-12_drive3.csv,pack_min_c,BMSminPackTemperature,1739381489000000000,1739381490000000000,1739381490000000000
BEV1_2025-02-12_drive3.csv,pack_max_c,BMSmaxPackTemperature,1739381489000000000,1739381490000000000,1739381490000000000
BEV1_2025-02-12_drive3.csv,preconditioning_request,UI_batteryPreconditioningRequest,1739381489000000000,1739381490000000000,1739381490000000000
BEV1_2025-02-12_drive4.csv,soc,SOCave292,1739386255000000000,1739386256000000000,1739386256000000000
BEV1_2025-02-12_drive4.csv,ambient_c,VCRIGHT_tempAmbientRaw,1739386255000000000,1739386256000000000,1739386256000000000
BEV1_2025-02-12_drive4.csv,pack_min_c,BMSminPackTemperature,1739386255000000000,1739386256000000000,1739386256000000000
BEV1_2025-02-12_drive4.csv,pack_max_c,BMSmaxPackTemperature,1739386255000000000,1739386256000000000,1739386256000000000
BEV1_2025-02-12_drive4.csv,preconditioning_request,UI_batteryPreconditioningRequest,1739386255000000000,1739386256000000000,1739386256000000000
BEV1_2025-02-13_drive1.csv,soc,SOCave292,1739432678000000000,1739432679000000000,1739432679000000000
BEV1_2025-02-13_drive1.csv,ambient_c,VCRIGHT_tempAmbientRaw,1739432678000000000,1739432679000000000,1739432679000000000
BEV1_2025-02-13_drive1.csv,pack_min_c,BMSminPackTemperature,1739432678000000000,1739432679000000000,1739432679000000000
BEV1_2025-02-13_drive1.csv,pack_max_c,BMSmaxPackTemperature,1739432678000000000,1739432679000000000,1739432679000000000
BEV1_2025-02-13_drive1.csv,preconditioning_request,UI_batteryPreconditioningRequest,1739432678000000000,1739432679000000000,1739432679000000000
BEV1_2025-02-13_drive2.csv,soc,SOCave292,1739465554000000000,1739465555000000000,1739465555000000000
BEV1_2025-02-13_drive2.csv,ambient_c,VCRIGHT_tempAmbientRaw,1739465554000000000,1739465555000000000,1739465555000000000
BEV1_2025-02-13_drive2.csv,pack_min_c,BMSminPackTemperature,1739465554000000000,1739465555000000000,1739465555000000000
BEV1_2025-02-13_drive2.csv,pack_max_c,BMSmaxPackTemperature,1739465554000000000,1739465555000000000,1739465555000000000
BEV1_2025-02-13_drive2.csv,preconditioning_request,UI_batteryPreconditioningRequest,1739465554000000000,1739465555000000000,1739465555000000000
BEV1_2025-02-13_drive3.csv,soc,SOCave292,1739479375000000000,1739479376000000000,1739479376000000000
BEV1_2025-02-13_drive3.csv,ambient_c,VCRIGHT_tempAmbientRaw,1739479375000000000,1739479376000000000,1739479376000000000
BEV1_2025-02-13_drive3.csv,pack_min_c,BMSminPackTemperature,1739479375000000000,1739479376000000000,1739479376000000000
BEV1_2025-02-13_drive3.csv,pack_max_c,BMSmaxPackTemperature,1739479375000000000,1739479376000000000,1739479376000000000
BEV1_2025-02-13_drive3.csv,preconditioning_request,UI_batteryPreconditioningRequest,1739479375000000000,1739479376000000000,1739479376000000000
BEV1_2025-02-13_drive4.csv,soc,SOCave292,1739480058000000000,1739480059000000000,1739480059000000000
BEV1_2025-02-13_drive4.csv,ambient_c,VCRIGHT_tempAmbientRaw,1739480058000000000,1739480059000000000,1739480059000000000
BEV1_2025-02-13_drive4.csv,pack_min_c,BMSminPackTemperature,1739480058000000000,1739480059000000000,1739480059000000000
BEV1_2025-02-13_drive4.csv,pack_max_c,BMSmaxPackTemperature,1739480058000000000,1739480059000000000,1739480059000000000
BEV1_2025-02-13_drive4.csv,preconditioning_request,UI_batteryPreconditioningRequest,1739480058000000000,1739480059000000000,1739480059000000000
BEV1_2025-02-14_drive1.csv,soc,SOCave292,1739545996000000000,1739545997000000000,1739545997000000000
BEV1_2025-02-14_drive1.csv,ambient_c,VCRIGHT_tempAmbientRaw,1739545996000000000,1739545997000000000,1739545997000000000
BEV1_2025-02-14_drive1.csv,pack_min_c,BMSminPackTemperature,1739545996000000000,1739545997000000000,1739545997000000000
BEV1_2025-02-14_drive1.csv,pack_max_c,BMSmaxPackTemperature,1739545996000000000,1739545997000000000,1739545997000000000
BEV1_2025-02-14_drive1.csv,preconditioning_request,UI_batteryPreconditioningRequest,1739545996000000000,1739545997000000000,1739545997000000000
BEV1_2025-02-14_drive2.csv,soc,SOCave292,1739552080000000000,1739552081000000000,1739552081000000000
BEV1_2025-02-14_drive2.csv,ambient_c,VCRIGHT_tempAmbientRaw,1739552080000000000,1739552081000000000,1739552081000000000
BEV1_2025-02-14_drive2.csv,pack_min_c,BMSminPackTemperature,1739552080000000000,1739552081000000000,1739552081000000000
BEV1_2025-02-14_drive2.csv,pack_max_c,BMSmaxPackTemperature,1739552080000000000,1739552081000000000,1739552081000000000
BEV1_2025-02-14_drive2.csv,preconditioning_request,UI_batteryPreconditioningRequest,1739552080000000000,1739552081000000000,1739552081000000000
BEV1_2025-02-14_drive3.csv,soc,SOCave292,1739557037000000000,1739557038000000000,1739557038000000000
BEV1_2025-02-14_drive3.csv,ambient_c,VCRIGHT_tempAmbientRaw,1739557037000000000,1739557038000000000,1739557038000000000
BEV1_2025-02-14_drive3.csv,pack_min_c,BMSminPackTemperature,1739557037000000000,1739557038000000000,1739557038000000000
BEV1_2025-02-14_drive3.csv,pack_max_c,BMSmaxPackTemperature,1739557037000000000,1739557038000000000,1739557038000000000
BEV1_2025-02-14_drive3.csv,preconditioning_request,UI_batteryPreconditioningRequest,1739557037000000000,1739557038000000000,1739557038000000000
BEV1_2025-02-14_drive4.csv,soc,SOCave292,1739566748000000000,1739566749000000000,1739566749000000000
BEV1_2025-02-14_drive4.csv,ambient_c,VCRIGHT_tempAmbientRaw,1739566748000000000,1739566749000000000,1739566749000000000
BEV1_2025-02-14_drive4.csv,pack_min_c,BMSminPackTemperature,1739566748000000000,1739566749000000000,1739566749000000000
BEV1_2025-02-14_drive4.csv,pack_max_c,BMSmaxPackTemperature,1739566748000000000,1739566749000000000,1739566749000000000
BEV1_2025-02-14_drive4.csv,preconditioning_request,UI_batteryPreconditioningRequest,1739566748000000000,1739566749000000000,1739566749000000000
BEV1_2025-02-15_drive1.csv,soc,SOCave292,1739607525000000000,1739607526000000000,1739607526000000000
BEV1_2025-02-15_drive1.csv,ambient_c,VCRIGHT_tempAmbientRaw,1739607525000000000,1739607526000000000,1739607526000000000
BEV1_2025-02-15_drive1.csv,pack_min_c,BMSminPackTemperature,1739607525000000000,1739607526000000000,1739607526000000000
BEV1_2025-02-15_drive1.csv,pack_max_c,BMSmaxPackTemperature,1739607525000000000,1739607526000000000,1739607526000000000
BEV1_2025-02-15_drive1.csv,preconditioning_request,UI_batteryPreconditioningRequest,1739607525000000000,1739607526000000000,1739607526000000000
BEV1_2025-02-15_drive2.csv,soc,SOCave292,1739613586000000000,1739613587000000000,1739613587000000000
BEV1_2025-02-15_drive2.csv,ambient_c,VCRIGHT_tempAmbientRaw,1739613586000000000,1739613587000000000,1739613587000000000
BEV1_2025-02-15_drive2.csv,pack_min_c,BMSminPackTemperature,1739613586000000000,1739613587000000000,1739613587000000000
BEV1_2025-02-15_drive2.csv,pack_max_c,BMSmaxPackTemperature,1739613586000000000,1739613587000000000,1739613587000000000
BEV1_2025-02-15_drive2.csv,preconditioning_request,UI_batteryPreconditioningRequest,1739613586000000000,1739613587000000000,1739613587000000000
BEV1_2025-02-15_drive3.csv,soc,SOCave292,1739614252000000000,1739614253000000000,1739614253000000000
BEV1_2025-02-15_drive3.csv,ambient_c,VCRIGHT_tempAmbientRaw,1739614252000000000,1739614253000000000,1739614253000000000
BEV1_2025-02-15_drive3.csv,pack_min_c,BMSminPackTemperature,1739614252000000000,1739614253000000000,1739614253000000000
BEV1_2025-02-15_drive3.csv,pack_max_c,BMSmaxPackTemperature,1739614252000000000,1739614253000000000,1739614253000000000
BEV1_2025-02-15_drive3.csv,preconditioning_request,UI_batteryPreconditioningRequest,1739614252000000000,1739614253000000000,1739614253000000000
BEV1_2025-02-15_drive4.csv,soc,SOCave292,1739635403000000000,1739635404000000000,1739635404000000000
BEV1_2025-02-15_drive4.csv,ambient_c,VCRIGHT_tempAmbientRaw,1739635403000000000,1739635404000000000,1739635404000000000
BEV1_2025-02-15_drive4.csv,pack_min_c,BMSminPackTemperature,1739635403000000000,1739635404000000000,1739635404000000000
BEV1_2025-02-15_drive4.csv,pack_max_c,BMSmaxPackTemperature,1739635403000000000,1739635404000000000,1739635404000000000
BEV1_2025-02-15_drive4.csv,preconditioning_request,UI_batteryPreconditioningRequest,1739635403000000000,1739635404000000000,1739635404000000000
BEV1_2025-02-15_drive5.csv,soc,SOCave292,1739659066000000000,1739659067000000000,1739659067000000000
BEV1_2025-02-15_drive5.csv,ambient_c,VCRIGHT_tempAmbientRaw,1739659066000000000,1739659067000000000,1739659067000000000
BEV1_2025-02-15_drive5.csv,pack_min_c,BMSminPackTemperature,1739659066000000000,1739659067000000000,1739659067000000000
BEV1_2025-02-15_drive5.csv,pack_max_c,BMSmaxPackTemperature,1739659066000000000,1739659067000000000,1739659067000000000
BEV1_2025-02-15_drive5.csv,preconditioning_request,UI_batteryPreconditioningRequest,1739659066000000000,1739659067000000000,1739659067000000000
BEV1_2025-02-16_drive1.csv,soc,SOCave292,1739707682000000000,1739707683000000000,1739707683000000000
BEV1_2025-02-16_drive1.csv,ambient_c,VCRIGHT_tempAmbientRaw,1739707682000000000,1739707683000000000,1739707683000000000
BEV1_2025-02-16_drive1.csv,pack_min_c,BMSminPackTemperature,1739707682000000000,1739707683000000000,1739707683000000000
BEV1_2025-02-16_drive1.csv,pack_max_c,BMSmaxPackTemperature,1739707682000000000,1739707683000000000,1739707683000000000
BEV1_2025-02-16_drive1.csv,preconditioning_request,UI_batteryPreconditioningRequest,1739707682000000000,1739707683000000000,1739707683000000000
BEV1_2025-02-16_drive2.csv,soc,SOCave292,1739711097000000000,1739711098000000000,1739711098000000000
BEV1_2025-02-16_drive2.csv,ambient_c,VCRIGHT_tempAmbientRaw,1739711097000000000,1739711098000000000,1739711098000000000
BEV1_2025-02-16_drive2.csv,pack_min_c,BMSminPackTemperature,1739711097000000000,1739711098000000000,1739711098000000000
BEV1_2025-02-16_drive2.csv,pack_max_c,BMSmaxPackTemperature,1739711097000000000,1739711098000000000,1739711098000000000
BEV1_2025-02-16_drive2.csv,preconditioning_request,UI_batteryPreconditioningRequest,1739711097000000000,1739711098000000000,1739711098000000000
BEV1_2025-02-16_drive3.csv,soc,SOCave292,1739711676000000000,1739711677000000000,1739711677000000000
BEV1_2025-02-16_drive3.csv,ambient_c,VCRIGHT_tempAmbientRaw,1739711676000000000,1739711677000000000,1739711677000000000
BEV1_2025-02-16_drive3.csv,pack_min_c,BMSminPackTemperature,1739711676000000000,1739711677000000000,1739711677000000000
BEV1_2025-02-16_drive3.csv,pack_max_c,BMSmaxPackTemperature,1739711676000000000,1739711677000000000,1739711677000000000
BEV1_2025-02-16_drive3.csv,preconditioning_request,UI_batteryPreconditioningRequest,1739711676000000000,1739711677000000000,1739711677000000000
BEV1_2025-02-17_drive1.csv,soc,SOCave292,1739787274000000000,1739787275000000000,1739787275000000000
BEV1_2025-02-17_drive1.csv,ambient_c,VCRIGHT_tempAmbientRaw,1739787274000000000,1739787275000000000,1739787275000000000
BEV1_2025-02-17_drive1.csv,pack_min_c,BMSminPackTemperature,1739787274000000000,1739787275000000000,1739787275000000000
BEV1_2025-02-17_drive1.csv,pack_max_c,BMSmaxPackTemperature,1739787274000000000,1739787275000000000,1739787275000000000
BEV1_2025-02-17_drive1.csv,preconditioning_request,UI_batteryPreconditioningRequest,1739787274000000000,1739787275000000000,1739787275000000000
BEV1_2025-02-17_drive2.csv,soc,SOCave292,1739793859000000000,1739793860000000000,1739793860000000000
BEV1_2025-02-17_drive2.csv,ambient_c,VCRIGHT_tempAmbientRaw,1739793859000000000,1739793860000000000,1739793860000000000
BEV1_2025-02-17_drive2.csv,pack_min_c,BMSminPackTemperature,1739793859000000000,1739793860000000000,1739793860000000000
BEV1_2025-02-17_drive2.csv,pack_max_c,BMSmaxPackTemperature,1739793859000000000,1739793860000000000,1739793860000000000
BEV1_2025-02-17_drive2.csv,preconditioning_request,UI_batteryPreconditioningRequest,1739793859000000000,1739793860000000000,1739793860000000000
BEV1_2025-02-17_drive3.csv,soc,SOCave292,1739795973000000000,1739795974000000000,1739795974000000000
BEV1_2025-02-17_drive3.csv,ambient_c,VCRIGHT_tempAmbientRaw,1739795973000000000,1739795974000000000,1739795974000000000
BEV1_2025-02-17_drive3.csv,pack_min_c,BMSminPackTemperature,1739795973000000000,1739795974000000000,1739795974000000000
BEV1_2025-02-17_drive3.csv,pack_max_c,BMSmaxPackTemperature,1739795973000000000,1739795974000000000,1739795974000000000
BEV1_2025-02-17_drive3.csv,preconditioning_request,UI_batteryPreconditioningRequest,1739795973000000000,1739795974000000000,1739795974000000000
BEV1_2025-02-17_drive4.csv,soc,SOCave292,1739799216000000000,1739799217000000000,1739799217000000000
BEV1_2025-02-17_drive4.csv,ambient_c,VCRIGHT_tempAmbientRaw,1739799216000000000,1739799217000000000,1739799217000000000
BEV1_2025-02-17_drive4.csv,pack_min_c,BMSminPackTemperature,1739799216000000000,1739799217000000000,1739799217000000000
BEV1_2025-02-17_drive4.csv,pack_max_c,BMSmaxPackTemperature,1739799216000000000,1739799217000000000,1739799217000000000
BEV1_2025-02-17_drive4.csv,preconditioning_request,UI_batteryPreconditioningRequest,1739799216000000000,1739799217000000000,1739799217000000000
BEV1_2025-02-17_drive5.csv,soc,SOCave292,1739800435000000000,1739800436000000000,1739800436000000000
BEV1_2025-02-17_drive5.csv,ambient_c,VCRIGHT_tempAmbientRaw,1739800435000000000,1739800436000000000,1739800436000000000
BEV1_2025-02-17_drive5.csv,pack_min_c,BMSminPackTemperature,1739800435000000000,1739800436000000000,1739800436000000000
BEV1_2025-02-17_drive5.csv,pack_max_c,BMSmaxPackTemperature,1739800435000000000,1739800436000000000,1739800436000000000
BEV1_2025-02-17_drive5.csv,preconditioning_request,UI_batteryPreconditioningRequest,1739800435000000000,1739800436000000000,1739800436000000000
BEV1_2025-02-17_drive6.csv,soc,SOCave292,1739801290000000000,1739801291000000000,1739801291000000000
BEV1_2025-02-17_drive6.csv,ambient_c,VCRIGHT_tempAmbientRaw,1739801290000000000,1739801291000000000,1739801291000000000
BEV1_2025-02-17_drive6.csv,pack_min_c,BMSminPackTemperature,1739801290000000000,1739801291000000000,1739801291000000000
BEV1_2025-02-17_drive6.csv,pack_max_c,BMSmaxPackTemperature,1739801290000000000,1739801291000000000,1739801291000000000
BEV1_2025-02-17_drive6.csv,preconditioning_request,UI_batteryPreconditioningRequest,1739801290000000000,1739801291000000000,1739801291000000000
BEV1_2025-02-17_drive7.csv,soc,SOCave292,1739802705000000000,1739802706000000000,1739802706000000000
BEV1_2025-02-17_drive7.csv,ambient_c,VCRIGHT_tempAmbientRaw,1739802705000000000,1739802706000000000,1739802706000000000
BEV1_2025-02-17_drive7.csv,pack_min_c,BMSminPackTemperature,1739802705000000000,1739802706000000000,1739802706000000000
BEV1_2025-02-17_drive7.csv,pack_max_c,BMSmaxPackTemperature,1739802705000000000,1739802706000000000,1739802706000000000
BEV1_2025-02-17_drive7.csv,preconditioning_request,UI_batteryPreconditioningRequest,1739802705000000000,1739802706000000000,1739802706000000000
BEV1_2025-02-18_drive1.csv,soc,SOCave292,1739862676000000000,1739862677000000000,1739862677000000000
BEV1_2025-02-18_drive1.csv,ambient_c,VCRIGHT_tempAmbientRaw,1739862676000000000,1739862677000000000,1739862677000000000
BEV1_2025-02-18_drive1.csv,pack_min_c,BMSminPackTemperature,1739862676000000000,1739862677000000000,1739862677000000000
BEV1_2025-02-18_drive1.csv,pack_max_c,BMSmaxPackTemperature,1739862676000000000,1739862677000000000,1739862677000000000
BEV1_2025-02-18_drive1.csv,preconditioning_request,UI_batteryPreconditioningRequest,1739862676000000000,1739862677000000000,1739862677000000000
BEV1_2025-05-23_drive1.csv,soc,SOCave292,1747995810000000000,1747995811000000000,1747995811000000000
BEV1_2025-05-23_drive1.csv,ambient_c,VCRIGHT_tempAmbientRaw,1747995810000000000,1747995811000000000,1747995811000000000
BEV1_2025-05-23_drive1.csv,pack_min_c,BMSminPackTemperature,1747995810000000000,1747995811000000000,1747995811000000000
BEV1_2025-05-23_drive1.csv,pack_max_c,BMSmaxPackTemperature,1747995810000000000,1747995811000000000,1747995811000000000
BEV1_2025-05-23_drive1.csv,preconditioning_request,UI_batteryPreconditioningRequest,1747995810000000000,1747995811000000000,1747995811000000000
BEV1_2025-05-23_drive2.csv,soc,SOCave292,1747997976000000000,1747997977000000000,1747997977000000000
BEV1_2025-05-23_drive2.csv,ambient_c,VCRIGHT_tempAmbientRaw,1747997976000000000,1747997977000000000,1747997977000000000
BEV1_2025-05-23_drive2.csv,pack_min_c,BMSminPackTemperature,1747997976000000000,1747997977000000000,1747997977000000000
BEV1_2025-05-23_drive2.csv,pack_max_c,BMSmaxPackTemperature,1747997976000000000,1747997977000000000,1747997977000000000
BEV1_2025-05-23_drive2.csv,preconditioning_request,UI_batteryPreconditioningRequest,1747997976000000000,1747997977000000000,1747997977000000000
BEV1_2025-05-23_drive3.csv,soc,SOCave292,1748007884000000000,1748007885000000000,1748007885000000000
BEV1_2025-05-23_drive3.csv,ambient_c,VCRIGHT_tempAmbientRaw,1748007884000000000,1748007885000000000,1748007885000000000
BEV1_2025-05-23_drive3.csv,pack_min_c,BMSminPackTemperature,1748007884000000000,1748007885000000000,1748007885000000000
BEV1_2025-05-23_drive3.csv,pack_max_c,BMSmaxPackTemperature,1748007884000000000,1748007885000000000,1748007885000000000
BEV1_2025-05-23_drive3.csv,preconditioning_request,UI_batteryPreconditioningRequest,1748007884000000000,1748007885000000000,1748007885000000000
BEV1_2025-05-23_drive4.csv,soc,SOCave292,1748013017000000000,1748013018000000000,1748013018000000000
BEV1_2025-05-23_drive4.csv,ambient_c,VCRIGHT_tempAmbientRaw,1748013017000000000,1748013018000000000,1748013018000000000
BEV1_2025-05-23_drive4.csv,pack_min_c,BMSminPackTemperature,1748013017000000000,1748013018000000000,1748013018000000000
BEV1_2025-05-23_drive4.csv,pack_max_c,BMSmaxPackTemperature,1748013017000000000,1748013018000000000,1748013018000000000
BEV1_2025-05-23_drive4.csv,preconditioning_request,UI_batteryPreconditioningRequest,1748013017000000000,1748013018000000000,1748013018000000000
BEV1_2025-05-24_drive1.csv,soc,SOCave292,1748085090000000000,1748085091000000000,1748085091000000000
BEV1_2025-05-24_drive1.csv,ambient_c,VCRIGHT_tempAmbientRaw,1748085090000000000,1748085091000000000,1748085091000000000
BEV1_2025-05-24_drive1.csv,pack_min_c,BMSminPackTemperature,1748085090000000000,1748085091000000000,1748085091000000000
BEV1_2025-05-24_drive1.csv,pack_max_c,BMSmaxPackTemperature,1748085090000000000,1748085091000000000,1748085091000000000
BEV1_2025-05-24_drive1.csv,preconditioning_request,UI_batteryPreconditioningRequest,1748085090000000000,1748085091000000000,1748085091000000000
BEV1_2025-05-24_drive2.csv,soc,SOCave292,1748094110000000000,1748094111000000000,1748094111000000000
BEV1_2025-05-24_drive2.csv,ambient_c,VCRIGHT_tempAmbientRaw,1748094110000000000,1748094111000000000,1748094111000000000
BEV1_2025-05-24_drive2.csv,pack_min_c,BMSminPackTemperature,1748094110000000000,1748094111000000000,1748094111000000000
BEV1_2025-05-24_drive2.csv,pack_max_c,BMSmaxPackTemperature,1748094110000000000,1748094111000000000,1748094111000000000
BEV1_2025-05-24_drive2.csv,preconditioning_request,UI_batteryPreconditioningRequest,1748094110000000000,1748094111000000000,1748094111000000000
BEV1_2025-05-24_drive3.csv,soc,SOCave292,1748101967000000000,1748101968000000000,1748101968000000000
BEV1_2025-05-24_drive3.csv,ambient_c,VCRIGHT_tempAmbientRaw,1748101967000000000,1748101968000000000,1748101968000000000
BEV1_2025-05-24_drive3.csv,pack_min_c,BMSminPackTemperature,1748101967000000000,1748101968000000000,1748101968000000000
BEV1_2025-05-24_drive3.csv,pack_max_c,BMSmaxPackTemperature,1748101967000000000,1748101968000000000,1748101968000000000
BEV1_2025-05-24_drive3.csv,preconditioning_request,UI_batteryPreconditioningRequest,1748101967000000000,1748101968000000000,1748101968000000000
BEV1_2025-05-24_drive4.csv,soc,SOCave292,1748104027000000000,1748104028000000000,1748104028000000000
BEV1_2025-05-24_drive4.csv,ambient_c,VCRIGHT_tempAmbientRaw,1748104027000000000,1748104028000000000,1748104028000000000
BEV1_2025-05-24_drive4.csv,pack_min_c,BMSminPackTemperature,1748104027000000000,1748104028000000000,1748104028000000000
BEV1_2025-05-24_drive4.csv,pack_max_c,BMSmaxPackTemperature,1748104027000000000,1748104028000000000,1748104028000000000
BEV1_2025-05-24_drive4.csv,preconditioning_request,UI_batteryPreconditioningRequest,1748104027000000000,1748104028000000000,1748104028000000000
BEV1_2025-05-25_drive1.csv,soc,SOCave292,1748184945000000000,1748184946000000000,1748184946000000000
BEV1_2025-05-25_drive1.csv,ambient_c,VCRIGHT_tempAmbientRaw,1748184945000000000,1748184946000000000,1748184946000000000
BEV1_2025-05-25_drive1.csv,pack_min_c,BMSminPackTemperature,1748184945000000000,1748184946000000000,1748184946000000000
BEV1_2025-05-25_drive1.csv,pack_max_c,BMSmaxPackTemperature,1748184945000000000,1748184946000000000,1748184946000000000
BEV1_2025-05-25_drive1.csv,preconditioning_request,UI_batteryPreconditioningRequest,1748184945000000000,1748184946000000000,1748184946000000000
BEV1_2025-05-25_drive2.csv,soc,SOCave292,1748194826000000000,1748194827000000000,1748194827000000000
BEV1_2025-05-25_drive2.csv,ambient_c,VCRIGHT_tempAmbientRaw,1748194826000000000,1748194827000000000,1748194827000000000
BEV1_2025-05-25_drive2.csv,pack_min_c,BMSminPackTemperature,1748194826000000000,1748194827000000000,1748194827000000000
BEV1_2025-05-25_drive2.csv,pack_max_c,BMSmaxPackTemperature,1748194826000000000,1748194827000000000,1748194827000000000
BEV1_2025-05-25_drive2.csv,preconditioning_request,UI_batteryPreconditioningRequest,1748194826000000000,1748194827000000000,1748194827000000000
BEV1_2025-05-26_drive1.csv,soc,SOCave292,1748240243000000000,1748240244000000000,1748240244000000000
BEV1_2025-05-26_drive1.csv,ambient_c,VCRIGHT_tempAmbientRaw,1748240243000000000,1748240244000000000,1748240244000000000
BEV1_2025-05-26_drive1.csv,pack_min_c,BMSminPackTemperature,1748240243000000000,1748240244000000000,1748240244000000000
BEV1_2025-05-26_drive1.csv,pack_max_c,BMSmaxPackTemperature,1748240243000000000,1748240244000000000,1748240244000000000
BEV1_2025-05-26_drive1.csv,preconditioning_request,UI_batteryPreconditioningRequest,1748240243000000000,1748240244000000000,1748240244000000000
BEV1_2025-05-26_drive2.csv,soc,SOCave292,1748263925000000000,1748263926000000000,1748263926000000000
BEV1_2025-05-26_drive2.csv,ambient_c,VCRIGHT_tempAmbientRaw,1748263925000000000,1748263926000000000,1748263926000000000
BEV1_2025-05-26_drive2.csv,pack_min_c,BMSminPackTemperature,1748263925000000000,1748263926000000000,1748263926000000000
BEV1_2025-05-26_drive2.csv,pack_max_c,BMSmaxPackTemperature,1748263925000000000,1748263926000000000,1748263926000000000
BEV1_2025-05-26_drive2.csv,preconditioning_request,UI_batteryPreconditioningRequest,1748263925000000000,1748263926000000000,1748263926000000000
BEV1_2025-05-26_drive3.csv,soc,SOCave292,1748270369000000000,1748270370000000000,1748270370000000000
BEV1_2025-05-26_drive3.csv,ambient_c,VCRIGHT_tempAmbientRaw,1748270369000000000,1748270370000000000,1748270370000000000
BEV1_2025-05-26_drive3.csv,pack_min_c,BMSminPackTemperature,1748270369000000000,1748270370000000000,1748270370000000000
BEV1_2025-05-26_drive3.csv,pack_max_c,BMSmaxPackTemperature,1748270369000000000,1748270370000000000,1748270370000000000
BEV1_2025-05-26_drive3.csv,preconditioning_request,UI_batteryPreconditioningRequest,1748270369000000000,1748270370000000000,1748270370000000000
BEV1_2025-05-26_drive4.csv,soc,SOCave292,1748276044000000000,1748276045000000000,1748276045000000000
BEV1_2025-05-26_drive4.csv,ambient_c,VCRIGHT_tempAmbientRaw,1748276044000000000,1748276045000000000,1748276045000000000
BEV1_2025-05-26_drive4.csv,pack_min_c,BMSminPackTemperature,1748276044000000000,1748276045000000000,1748276045000000000
BEV1_2025-05-26_drive4.csv,pack_max_c,BMSmaxPackTemperature,1748276044000000000,1748276045000000000,1748276045000000000
BEV1_2025-05-26_drive4.csv,preconditioning_request,UI_batteryPreconditioningRequest,1748276044000000000,1748276045000000000,1748276045000000000
BEV1_2025-05-26_drive5.csv,soc,SOCave292,1748279541000000000,1748279542000000000,1748279542000000000
BEV1_2025-05-26_drive5.csv,ambient_c,VCRIGHT_tempAmbientRaw,1748279541000000000,1748279542000000000,1748279542000000000
BEV1_2025-05-26_drive5.csv,pack_min_c,BMSminPackTemperature,1748279541000000000,1748279542000000000,1748279542000000000
BEV1_2025-05-26_drive5.csv,pack_max_c,BMSmaxPackTemperature,1748279541000000000,1748279542000000000,1748279542000000000
BEV1_2025-05-26_drive5.csv,preconditioning_request,UI_batteryPreconditioningRequest,1748279541000000000,1748279542000000000,1748279542000000000
BEV1_2025-05-27_drive1.csv,soc,SOCave292,1748326893000000000,1748326894000000000,1748326894000000000
BEV1_2025-05-27_drive1.csv,ambient_c,VCRIGHT_tempAmbientRaw,1748326893000000000,1748326894000000000,1748326894000000000
BEV1_2025-05-27_drive1.csv,pack_min_c,BMSminPackTemperature,1748326893000000000,1748326894000000000,1748326894000000000
BEV1_2025-05-27_drive1.csv,pack_max_c,BMSmaxPackTemperature,1748326893000000000,1748326894000000000,1748326894000000000
BEV1_2025-05-27_drive1.csv,preconditioning_request,UI_batteryPreconditioningRequest,1748326893000000000,1748326894000000000,1748326894000000000
BEV2_2024-05-16_drive1.csv,soc,SOCave292,1715875483000000000,1715875484000000000,1715875484000000000
BEV2_2024-05-16_drive1.csv,ambient_c,VCRIGHT_tempAmbientRaw,1715875483000000000,1715875484000000000,1715875484000000000
BEV2_2024-05-16_drive1.csv,pack_min_c,BMSminPackTemperature,1715875483000000000,1715875484000000000,1715875484000000000
BEV2_2024-05-16_drive1.csv,pack_max_c,BMSmaxPackTemperature,1715875483000000000,1715875484000000000,1715875484000000000
BEV2_2024-05-16_drive1.csv,preconditioning_request,UI_batteryPreconditioningRequest,1715875483000000000,1715875484000000000,1715875484000000000
BEV2_2024-05-17_drive2.csv,soc,SOCave292,1715962822000000000,1715962823000000000,1715962823000000000
BEV2_2024-05-17_drive2.csv,ambient_c,VCRIGHT_tempAmbientRaw,1715962822000000000,1715962823000000000,1715962823000000000
BEV2_2024-05-17_drive2.csv,pack_min_c,BMSminPackTemperature,1715962822000000000,1715962823000000000,1715962823000000000
BEV2_2024-05-17_drive2.csv,pack_max_c,BMSmaxPackTemperature,1715962822000000000,1715962823000000000,1715962823000000000
BEV2_2024-05-17_drive2.csv,preconditioning_request,UI_batteryPreconditioningRequest,1715962822000000000,1715962823000000000,1715962823000000000
BEV2_2024-05-18_drive1.csv,soc,SOCave292,1716023171000000000,1716023172000000000,1716023172000000000
BEV2_2024-05-18_drive1.csv,ambient_c,VCRIGHT_tempAmbientRaw,1716023171000000000,1716023172000000000,1716023172000000000
BEV2_2024-05-18_drive1.csv,pack_min_c,BMSminPackTemperature,1716023171000000000,1716023172000000000,1716023172000000000
BEV2_2024-05-18_drive1.csv,pack_max_c,BMSmaxPackTemperature,1716023171000000000,1716023172000000000,1716023172000000000
BEV2_2024-05-18_drive1.csv,preconditioning_request,UI_batteryPreconditioningRequest,1716023171000000000,1716023172000000000,1716023172000000000
BEV2_2024-05-18_drive2.csv,soc,SOCave292,1716033533000000000,1716033534000000000,1716033534000000000
BEV2_2024-05-18_drive2.csv,ambient_c,VCRIGHT_tempAmbientRaw,1716033533000000000,1716033534000000000,1716033534000000000
BEV2_2024-05-18_drive2.csv,pack_min_c,BMSminPackTemperature,1716033533000000000,1716033534000000000,1716033534000000000
BEV2_2024-05-18_drive2.csv,pack_max_c,BMSmaxPackTemperature,1716033533000000000,1716033534000000000,1716033534000000000
BEV2_2024-05-18_drive2.csv,preconditioning_request,UI_batteryPreconditioningRequest,1716033533000000000,1716033534000000000,1716033534000000000
BEV2_2024-05-18_drive3.csv,soc,SOCave292,1716044845000000000,1716044846000000000,1716044846000000000
BEV2_2024-05-18_drive3.csv,ambient_c,VCRIGHT_tempAmbientRaw,1716044845000000000,1716044846000000000,1716044846000000000
BEV2_2024-05-18_drive3.csv,pack_min_c,BMSminPackTemperature,1716044845000000000,1716044846000000000,1716044846000000000
BEV2_2024-05-18_drive3.csv,pack_max_c,BMSmaxPackTemperature,1716044845000000000,1716044846000000000,1716044846000000000
BEV2_2024-05-18_drive3.csv,preconditioning_request,UI_batteryPreconditioningRequest,1716044845000000000,1716044846000000000,1716044846000000000
BEV2_2024-05-18_drive4.csv,soc,SOCave292,1716049795000000000,1716049796000000000,1716049796000000000
BEV2_2024-05-18_drive4.csv,ambient_c,VCRIGHT_tempAmbientRaw,1716049795000000000,1716049796000000000,1716049796000000000
BEV2_2024-05-18_drive4.csv,pack_min_c,BMSminPackTemperature,1716049795000000000,1716049796000000000,1716049796000000000
BEV2_2024-05-18_drive4.csv,pack_max_c,BMSmaxPackTemperature,1716049795000000000,1716049796000000000,1716049796000000000
BEV2_2024-05-18_drive4.csv,preconditioning_request,UI_batteryPreconditioningRequest,1716049795000000000,1716049796000000000,1716049796000000000
BEV2_2024-05-18_drive5.csv,soc,SOCave292,1716053325000000000,1716053326000000000,1716053326000000000
BEV2_2024-05-18_drive5.csv,ambient_c,VCRIGHT_tempAmbientRaw,1716053325000000000,1716053326000000000,1716053326000000000
BEV2_2024-05-18_drive5.csv,pack_min_c,BMSminPackTemperature,1716053325000000000,1716053326000000000,1716053326000000000
BEV2_2024-05-18_drive5.csv,pack_max_c,BMSmaxPackTemperature,1716053325000000000,1716053326000000000,1716053326000000000
BEV2_2024-05-18_drive5.csv,preconditioning_request,UI_batteryPreconditioningRequest,1716053325000000000,1716053326000000000,1716053326000000000
BEV2_2024-05-18_drive6.csv,soc,SOCave292,1716057346000000000,1716057347000000000,1716057347000000000
BEV2_2024-05-18_drive6.csv,ambient_c,VCRIGHT_tempAmbientRaw,1716057346000000000,1716057347000000000,1716057347000000000
BEV2_2024-05-18_drive6.csv,pack_min_c,BMSminPackTemperature,1716057346000000000,1716057347000000000,1716057347000000000
BEV2_2024-05-18_drive6.csv,pack_max_c,BMSmaxPackTemperature,1716057346000000000,1716057347000000000,1716057347000000000
BEV2_2024-05-18_drive6.csv,preconditioning_request,UI_batteryPreconditioningRequest,1716057346000000000,1716057347000000000,1716057347000000000
BEV2_2024-05-18_drive7.csv,soc,SOCave292,1716061078000000000,1716061079000000000,1716061079000000000
BEV2_2024-05-18_drive7.csv,ambient_c,VCRIGHT_tempAmbientRaw,1716061078000000000,1716061079000000000,1716061079000000000
BEV2_2024-05-18_drive7.csv,pack_min_c,BMSminPackTemperature,1716061078000000000,1716061079000000000,1716061079000000000
BEV2_2024-05-18_drive7.csv,pack_max_c,BMSmaxPackTemperature,1716061078000000000,1716061079000000000,1716061079000000000
BEV2_2024-05-18_drive7.csv,preconditioning_request,UI_batteryPreconditioningRequest,1716061078000000000,1716061079000000000,1716061079000000000
BEV2_2024-05-19_drive1.csv,soc,SOCave292,1716101494000000000,1716101495000000000,1716101495000000000
BEV2_2024-05-19_drive1.csv,ambient_c,VCRIGHT_tempAmbientRaw,1716101494000000000,1716101495000000000,1716101495000000000
BEV2_2024-05-19_drive1.csv,pack_min_c,BMSminPackTemperature,1716101494000000000,1716101495000000000,1716101495000000000
BEV2_2024-05-19_drive1.csv,pack_max_c,BMSmaxPackTemperature,1716101494000000000,1716101495000000000,1716101495000000000
BEV2_2024-05-19_drive1.csv,preconditioning_request,UI_batteryPreconditioningRequest,1716101494000000000,1716101495000000000,1716101495000000000
BEV2_2024-05-19_drive2.csv,soc,SOCave292,1716103683000000000,1716103684000000000,1716103684000000000
BEV2_2024-05-19_drive2.csv,ambient_c,VCRIGHT_tempAmbientRaw,1716103683000000000,1716103684000000000,1716103684000000000
BEV2_2024-05-19_drive2.csv,pack_min_c,BMSminPackTemperature,1716103683000000000,1716103684000000000,1716103684000000000
BEV2_2024-05-19_drive2.csv,pack_max_c,BMSmaxPackTemperature,1716103683000000000,1716103684000000000,1716103684000000000
BEV2_2024-05-19_drive2.csv,preconditioning_request,UI_batteryPreconditioningRequest,1716103683000000000,1716103684000000000,1716103684000000000
BEV2_2024-05-19_drive4.csv,soc,SOCave292,1716118060000000000,1716118061000000000,1716118061000000000
BEV2_2024-05-19_drive4.csv,ambient_c,VCRIGHT_tempAmbientRaw,1716118060000000000,1716118061000000000,1716118061000000000
BEV2_2024-05-19_drive4.csv,pack_min_c,BMSminPackTemperature,1716118060000000000,1716118061000000000,1716118061000000000
BEV2_2024-05-19_drive4.csv,pack_max_c,BMSmaxPackTemperature,1716118060000000000,1716118061000000000,1716118061000000000
BEV2_2024-05-19_drive4.csv,preconditioning_request,UI_batteryPreconditioningRequest,1716118060000000000,1716118061000000000,1716118061000000000
BEV2_2024-05-19_drive5.csv,soc,SOCave292,1716132160000000000,1716132161000000000,1716132161000000000
BEV2_2024-05-19_drive5.csv,ambient_c,VCRIGHT_tempAmbientRaw,1716132160000000000,1716132161000000000,1716132161000000000
BEV2_2024-05-19_drive5.csv,pack_min_c,BMSminPackTemperature,1716132160000000000,1716132161000000000,1716132161000000000
BEV2_2024-05-19_drive5.csv,pack_max_c,BMSmaxPackTemperature,1716132160000000000,1716132161000000000,1716132161000000000
BEV2_2024-05-19_drive5.csv,preconditioning_request,UI_batteryPreconditioningRequest,1716132160000000000,1716132161000000000,1716132161000000000
BEV2_2024-05-19_drive6.csv,soc,SOCave292,1716141670000000000,1716141671000000000,1716141671000000000
BEV2_2024-05-19_drive6.csv,ambient_c,VCRIGHT_tempAmbientRaw,1716141670000000000,1716141671000000000,1716141671000000000
BEV2_2024-05-19_drive6.csv,pack_min_c,BMSminPackTemperature,1716141670000000000,1716141671000000000,1716141671000000000
BEV2_2024-05-19_drive6.csv,pack_max_c,BMSmaxPackTemperature,1716141670000000000,1716141671000000000,1716141671000000000
BEV2_2024-05-19_drive6.csv,preconditioning_request,UI_batteryPreconditioningRequest,1716141670000000000,1716141671000000000,1716141671000000000
BEV2_2024-05-19_drive7.csv,soc,SOCave292,1716146567000000000,1716146568000000000,1716146568000000000
BEV2_2024-05-19_drive7.csv,ambient_c,VCRIGHT_tempAmbientRaw,1716146567000000000,1716146568000000000,1716146568000000000
BEV2_2024-05-19_drive7.csv,pack_min_c,BMSminPackTemperature,1716146567000000000,1716146568000000000,1716146568000000000
BEV2_2024-05-19_drive7.csv,pack_max_c,BMSmaxPackTemperature,1716146567000000000,1716146568000000000,1716146568000000000
BEV2_2024-05-19_drive7.csv,preconditioning_request,UI_batteryPreconditioningRequest,1716146567000000000,1716146568000000000,1716146568000000000
BEV2_2024-05-20_drive1.csv,soc,SOCave292,1716229172000000000,1716229173000000000,1716229173000000000
BEV2_2024-05-20_drive1.csv,ambient_c,VCRIGHT_tempAmbientRaw,1716229172000000000,1716229173000000000,1716229173000000000
BEV2_2024-05-20_drive1.csv,pack_min_c,BMSminPackTemperature,1716229172000000000,1716229173000000000,1716229173000000000
BEV2_2024-05-20_drive1.csv,pack_max_c,BMSmaxPackTemperature,1716229172000000000,1716229173000000000,1716229173000000000
BEV2_2024-05-20_drive1.csv,preconditioning_request,UI_batteryPreconditioningRequest,1716229172000000000,1716229173000000000,1716229173000000000
BEV2_2024-05-21_drive1.csv,soc,SOCave292,1716271204000000000,1716271205000000000,1716271205000000000
BEV2_2024-05-21_drive1.csv,ambient_c,VCRIGHT_tempAmbientRaw,1716271204000000000,1716271205000000000,1716271205000000000
BEV2_2024-05-21_drive1.csv,pack_min_c,BMSminPackTemperature,1716271204000000000,1716271205000000000,1716271205000000000
BEV2_2024-05-21_drive1.csv,pack_max_c,BMSmaxPackTemperature,1716271204000000000,1716271205000000000,1716271205000000000
BEV2_2024-05-21_drive1.csv,preconditioning_request,UI_batteryPreconditioningRequest,1716271204000000000,1716271205000000000,1716271205000000000
BEV2_2024-05-21_drive2.csv,soc,SOCave292,1716286369000000000,1716286370000000000,1716286370000000000
BEV2_2024-05-21_drive2.csv,ambient_c,VCRIGHT_tempAmbientRaw,1716286369000000000,1716286370000000000,1716286370000000000
BEV2_2024-05-21_drive2.csv,pack_min_c,BMSminPackTemperature,1716286369000000000,1716286370000000000,1716286370000000000
BEV2_2024-05-21_drive2.csv,pack_max_c,BMSmaxPackTemperature,1716286369000000000,1716286370000000000,1716286370000000000
BEV2_2024-05-21_drive2.csv,preconditioning_request,UI_batteryPreconditioningRequest,1716286369000000000,1716286370000000000,1716286370000000000
BEV2_2024-05-21_drive3.csv,soc,SOCave292,1716291694000000000,1716291695000000000,1716291695000000000
BEV2_2024-05-21_drive3.csv,ambient_c,VCRIGHT_tempAmbientRaw,1716291694000000000,1716291695000000000,1716291695000000000
BEV2_2024-05-21_drive3.csv,pack_min_c,BMSminPackTemperature,1716291694000000000,1716291695000000000,1716291695000000000
BEV2_2024-05-21_drive3.csv,pack_max_c,BMSmaxPackTemperature,1716291694000000000,1716291695000000000,1716291695000000000
BEV2_2024-05-21_drive3.csv,preconditioning_request,UI_batteryPreconditioningRequest,1716291694000000000,1716291695000000000,1716291695000000000
BEV2_2024-05-21_drive4.csv,soc,SOCave292,1716305435000000000,1716305436000000000,1716305436000000000
BEV2_2024-05-21_drive4.csv,ambient_c,VCRIGHT_tempAmbientRaw,1716305435000000000,1716305436000000000,1716305436000000000
BEV2_2024-05-21_drive4.csv,pack_min_c,BMSminPackTemperature,1716305435000000000,1716305436000000000,1716305436000000000
BEV2_2024-05-21_drive4.csv,pack_max_c,BMSmaxPackTemperature,1716305435000000000,1716305436000000000,1716305436000000000
BEV2_2024-05-21_drive4.csv,preconditioning_request,UI_batteryPreconditioningRequest,1716305435000000000,1716305436000000000,1716305436000000000
BEV2_2024-05-21_drive5.csv,soc,SOCave292,1716311372000000000,1716311373000000000,1716311373000000000
BEV2_2024-05-21_drive5.csv,ambient_c,VCRIGHT_tempAmbientRaw,1716311372000000000,1716311373000000000,1716311373000000000
BEV2_2024-05-21_drive5.csv,pack_min_c,BMSminPackTemperature,1716311372000000000,1716311373000000000,1716311373000000000
BEV2_2024-05-21_drive5.csv,pack_max_c,BMSmaxPackTemperature,1716311372000000000,1716311373000000000,1716311373000000000
BEV2_2024-05-21_drive5.csv,preconditioning_request,UI_batteryPreconditioningRequest,1716311372000000000,1716311373000000000,1716311373000000000
BEV2_2024-05-21_drive6.csv,soc,SOCave292,1716314914000000000,1716314915000000000,1716314915000000000
BEV2_2024-05-21_drive6.csv,ambient_c,VCRIGHT_tempAmbientRaw,1716314914000000000,1716314915000000000,1716314915000000000
BEV2_2024-05-21_drive6.csv,pack_min_c,BMSminPackTemperature,1716314914000000000,1716314915000000000,1716314915000000000
BEV2_2024-05-21_drive6.csv,pack_max_c,BMSmaxPackTemperature,1716314914000000000,1716314915000000000,1716314915000000000
BEV2_2024-05-21_drive6.csv,preconditioning_request,UI_batteryPreconditioningRequest,1716314914000000000,1716314915000000000,1716314915000000000
BEV2_2024-05-21_drive7.csv,soc,SOCave292,1716319113000000000,1716319114000000000,1716319114000000000
BEV2_2024-05-21_drive7.csv,ambient_c,VCRIGHT_tempAmbientRaw,1716319113000000000,1716319114000000000,1716319114000000000
BEV2_2024-05-21_drive7.csv,pack_min_c,BMSminPackTemperature,1716319113000000000,1716319114000000000,1716319114000000000
BEV2_2024-05-21_drive7.csv,pack_max_c,BMSmaxPackTemperature,1716319113000000000,1716319114000000000,1716319114000000000
BEV2_2024-05-21_drive7.csv,preconditioning_request,UI_batteryPreconditioningRequest,1716319113000000000,1716319114000000000,1716319114000000000
BEV2_2024-05-21_drive8.csv,soc,SOCave292,1716323092000000000,1716323093000000000,1716323093000000000
BEV2_2024-05-21_drive8.csv,ambient_c,VCRIGHT_tempAmbientRaw,1716323092000000000,1716323093000000000,1716323093000000000
BEV2_2024-05-21_drive8.csv,pack_min_c,BMSminPackTemperature,1716323092000000000,1716323093000000000,1716323093000000000
BEV2_2024-05-21_drive8.csv,pack_max_c,BMSmaxPackTemperature,1716323092000000000,1716323093000000000,1716323093000000000
BEV2_2024-05-22_drive1.csv,soc,SOCave292,1716353786000000000,1716353787000000000,1716353787000000000
BEV2_2024-05-22_drive1.csv,ambient_c,VCRIGHT_tempAmbientRaw,1716353786000000000,1716353787000000000,1716353787000000000
BEV2_2024-05-22_drive1.csv,pack_min_c,BMSminPackTemperature,1716353786000000000,1716353787000000000,1716353787000000000
BEV2_2024-05-22_drive1.csv,pack_max_c,BMSmaxPackTemperature,1716353786000000000,1716353787000000000,1716353787000000000
BEV2_2024-05-22_drive1.csv,preconditioning_request,UI_batteryPreconditioningRequest,1716353786000000000,1716353787000000000,1716353787000000000
BEV2_2024-05-22_drive2.csv,soc,SOCave292,1716402677000000000,1716402678000000000,1716402678000000000
BEV2_2024-05-22_drive2.csv,ambient_c,VCRIGHT_tempAmbientRaw,1716402677000000000,1716402678000000000,1716402678000000000
BEV2_2024-05-22_drive2.csv,pack_min_c,BMSminPackTemperature,1716402677000000000,1716402678000000000,1716402678000000000
BEV2_2024-05-22_drive2.csv,pack_max_c,BMSmaxPackTemperature,1716402677000000000,1716402678000000000,1716402678000000000
BEV2_2024-05-22_drive2.csv,preconditioning_request,UI_batteryPreconditioningRequest,1716402677000000000,1716402678000000000,1716402678000000000
BEV2_2024-05-23_drive1.csv,soc,SOCave292,1716443929000000000,1716443930000000000,1716443930000000000
BEV2_2024-05-23_drive1.csv,ambient_c,VCRIGHT_tempAmbientRaw,1716443929000000000,1716443930000000000,1716443930000000000
BEV2_2024-05-23_drive1.csv,pack_min_c,BMSminPackTemperature,1716443929000000000,1716443930000000000,1716443930000000000
BEV2_2024-05-23_drive1.csv,pack_max_c,BMSmaxPackTemperature,1716443929000000000,1716443930000000000,1716443930000000000
BEV2_2024-05-23_drive1.csv,preconditioning_request,UI_batteryPreconditioningRequest,1716443929000000000,1716443930000000000,1716443930000000000
BEV2_2024-06-14_drive1.csv,soc,SOCave292,1718389467000000000,1718389468000000000,1718389468000000000
BEV2_2024-06-14_drive1.csv,ambient_c,VCRIGHT_tempAmbientRaw,1718389467000000000,1718389468000000000,1718389468000000000
BEV2_2024-06-14_drive1.csv,pack_min_c,BMSminPackTemperature,1718389467000000000,1718389468000000000,1718389468000000000
BEV2_2024-06-14_drive1.csv,pack_max_c,BMSmaxPackTemperature,1718389467000000000,1718389468000000000,1718389468000000000
BEV2_2024-06-14_drive1.csv,preconditioning_request,UI_batteryPreconditioningRequest,1718389467000000000,1718389468000000000,1718389468000000000
BEV2_2024-06-14_drive2.csv,soc,SOCave292,1718395301000000000,1718395302000000000,1718395302000000000
BEV2_2024-06-14_drive2.csv,ambient_c,VCRIGHT_tempAmbientRaw,1718395301000000000,1718395302000000000,1718395302000000000
BEV2_2024-06-14_drive2.csv,pack_min_c,BMSminPackTemperature,1718395301000000000,1718395302000000000,1718395302000000000
BEV2_2024-06-14_drive2.csv,pack_max_c,BMSmaxPackTemperature,1718395301000000000,1718395302000000000,1718395302000000000
BEV2_2024-06-14_drive2.csv,preconditioning_request,UI_batteryPreconditioningRequest,1718395301000000000,1718395302000000000,1718395302000000000
BEV2_2024-06-15_drive1.csv,soc,SOCave292,1718444891000000000,1718444892000000000,1718444892000000000
BEV2_2024-06-15_drive1.csv,ambient_c,VCRIGHT_tempAmbientRaw,1718444891000000000,1718444892000000000,1718444892000000000
BEV2_2024-06-15_drive1.csv,pack_min_c,BMSminPackTemperature,1718444891000000000,1718444892000000000,1718444892000000000
BEV2_2024-06-15_drive1.csv,pack_max_c,BMSmaxPackTemperature,1718444891000000000,1718444892000000000,1718444892000000000
BEV2_2024-06-15_drive1.csv,preconditioning_request,UI_batteryPreconditioningRequest,1718444891000000000,1718444892000000000,1718444892000000000
BEV2_2024-06-15_drive2.csv,soc,SOCave292,1718454724000000000,1718454725000000000,1718454725000000000
BEV2_2024-06-15_drive2.csv,ambient_c,VCRIGHT_tempAmbientRaw,1718454724000000000,1718454725000000000,1718454725000000000
BEV2_2024-06-15_drive2.csv,pack_min_c,BMSminPackTemperature,1718454724000000000,1718454725000000000,1718454725000000000
BEV2_2024-06-15_drive2.csv,pack_max_c,BMSmaxPackTemperature,1718454724000000000,1718454725000000000,1718454725000000000
BEV2_2024-06-15_drive2.csv,preconditioning_request,UI_batteryPreconditioningRequest,1718454724000000000,1718454725000000000,1718454725000000000
BEV2_2024-06-15_drive3.csv,soc,SOCave292,1718463732000000000,1718463733000000000,1718463733000000000
BEV2_2024-06-15_drive3.csv,ambient_c,VCRIGHT_tempAmbientRaw,1718463732000000000,1718463733000000000,1718463733000000000
BEV2_2024-06-15_drive3.csv,pack_min_c,BMSminPackTemperature,1718463732000000000,1718463733000000000,1718463733000000000
BEV2_2024-06-15_drive3.csv,pack_max_c,BMSmaxPackTemperature,1718463732000000000,1718463733000000000,1718463733000000000
BEV2_2024-06-15_drive3.csv,preconditioning_request,UI_batteryPreconditioningRequest,1718463732000000000,1718463733000000000,1718463733000000000
BEV2_2024-06-18_drive1.csv,soc,SOCave292,1718728490000000000,1718728491000000000,1718728491000000000
BEV2_2024-06-18_drive1.csv,ambient_c,VCRIGHT_tempAmbientRaw,1718728490000000000,1718728491000000000,1718728491000000000
BEV2_2024-06-18_drive1.csv,pack_min_c,BMSminPackTemperature,1718728490000000000,1718728491000000000,1718728491000000000
BEV2_2024-06-18_drive1.csv,pack_max_c,BMSmaxPackTemperature,1718728490000000000,1718728491000000000,1718728491000000000
BEV2_2024-06-18_drive1.csv,preconditioning_request,UI_batteryPreconditioningRequest,1718728490000000000,1718728491000000000,1718728491000000000
BEV2_2024-06-19_drive1.csv,soc,SOCave292,1718776072000000000,1718776073000000000,1718776073000000000
BEV2_2024-06-19_drive1.csv,ambient_c,VCRIGHT_tempAmbientRaw,1718776072000000000,1718776073000000000,1718776073000000000
BEV2_2024-06-19_drive1.csv,pack_min_c,BMSminPackTemperature,1718776072000000000,1718776073000000000,1718776073000000000
BEV2_2024-06-19_drive1.csv,pack_max_c,BMSmaxPackTemperature,1718776072000000000,1718776073000000000,1718776073000000000
BEV2_2024-06-19_drive1.csv,preconditioning_request,UI_batteryPreconditioningRequest,1718776072000000000,1718776073000000000,1718776073000000000
BEV2_2024-06-19_drive2.csv,soc,SOCave292,1718783797000000000,1718783798000000000,1718783798000000000
BEV2_2024-06-19_drive2.csv,ambient_c,VCRIGHT_tempAmbientRaw,1718783797000000000,1718783798000000000,1718783798000000000
BEV2_2024-06-19_drive2.csv,pack_min_c,BMSminPackTemperature,1718783797000000000,1718783798000000000,1718783798000000000
BEV2_2024-06-19_drive2.csv,pack_max_c,BMSmaxPackTemperature,1718783797000000000,1718783798000000000,1718783798000000000
BEV2_2024-06-19_drive2.csv,preconditioning_request,UI_batteryPreconditioningRequest,1718783797000000000,1718783798000000000,1718783798000000000
BEV2_2024-06-19_drive3.csv,soc,SOCave292,1718793025000000000,1718793026000000000,1718793026000000000
BEV2_2024-06-19_drive3.csv,ambient_c,VCRIGHT_tempAmbientRaw,1718793025000000000,1718793026000000000,1718793026000000000
BEV2_2024-06-19_drive3.csv,pack_min_c,BMSminPackTemperature,1718793025000000000,1718793026000000000,1718793026000000000
BEV2_2024-06-19_drive3.csv,pack_max_c,BMSmaxPackTemperature,1718793025000000000,1718793026000000000,1718793026000000000
BEV2_2024-06-19_drive3.csv,preconditioning_request,UI_batteryPreconditioningRequest,1718793025000000000,1718793026000000000,1718793026000000000
BEV2_2024-06-19_drive4.csv,soc,SOCave292,1718807685000000000,1718807686000000000,1718807686000000000
BEV2_2024-06-19_drive4.csv,ambient_c,VCRIGHT_tempAmbientRaw,1718807685000000000,1718807686000000000,1718807686000000000
BEV2_2024-06-19_drive4.csv,pack_min_c,BMSminPackTemperature,1718807685000000000,1718807686000000000,1718807686000000000
BEV2_2024-06-19_drive4.csv,pack_max_c,BMSmaxPackTemperature,1718807685000000000,1718807686000000000,1718807686000000000
BEV2_2024-06-19_drive4.csv,preconditioning_request,UI_batteryPreconditioningRequest,1718807685000000000,1718807686000000000,1718807686000000000
BEV2_2024-06-19_drive5.csv,soc,SOCave292,1718810595000000000,1718810596000000000,1718810596000000000
BEV2_2024-06-19_drive5.csv,ambient_c,VCRIGHT_tempAmbientRaw,1718810595000000000,1718810596000000000,1718810596000000000
BEV2_2024-06-19_drive5.csv,pack_min_c,BMSminPackTemperature,1718810595000000000,1718810596000000000,1718810596000000000
BEV2_2024-06-19_drive5.csv,pack_max_c,BMSmaxPackTemperature,1718810595000000000,1718810596000000000,1718810596000000000
BEV2_2024-06-19_drive5.csv,preconditioning_request,UI_batteryPreconditioningRequest,1718810595000000000,1718810596000000000,1718810596000000000
BEV2_2024-06-19_drive6.csv,soc,SOCave292,1718818907000000000,1718818908000000000,1718818908000000000
BEV2_2024-06-19_drive6.csv,ambient_c,VCRIGHT_tempAmbientRaw,1718818907000000000,1718818908000000000,1718818908000000000
BEV2_2024-06-19_drive6.csv,pack_min_c,BMSminPackTemperature,1718818907000000000,1718818908000000000,1718818908000000000
BEV2_2024-06-19_drive6.csv,pack_max_c,BMSmaxPackTemperature,1718818907000000000,1718818908000000000,1718818908000000000
BEV2_2024-06-19_drive6.csv,preconditioning_request,UI_batteryPreconditioningRequest,1718818907000000000,1718818908000000000,1718818908000000000
BEV2_2024-06-19_drive7.csv,soc,SOCave292,1718831859000000000,1718831860000000000,1718831860000000000
BEV2_2024-06-19_drive7.csv,ambient_c,VCRIGHT_tempAmbientRaw,1718831859000000000,1718831860000000000,1718831860000000000
BEV2_2024-06-19_drive7.csv,pack_min_c,BMSminPackTemperature,1718831859000000000,1718831860000000000,1718831860000000000
BEV2_2024-06-19_drive7.csv,pack_max_c,BMSmaxPackTemperature,1718831859000000000,1718831860000000000,1718831860000000000
BEV2_2024-06-19_drive7.csv,preconditioning_request,UI_batteryPreconditioningRequest,1718831859000000000,1718831860000000000,1718831860000000000
BEV2_2024-06-20_drive1.csv,soc,SOCave292,1718876518000000000,1718876519000000000,1718876519000000000
BEV2_2024-06-20_drive1.csv,ambient_c,VCRIGHT_tempAmbientRaw,1718876518000000000,1718876519000000000,1718876519000000000
BEV2_2024-06-20_drive1.csv,pack_min_c,BMSminPackTemperature,1718876518000000000,1718876519000000000,1718876519000000000
BEV2_2024-06-20_drive1.csv,pack_max_c,BMSmaxPackTemperature,1718876518000000000,1718876519000000000,1718876519000000000
BEV2_2024-06-20_drive1.csv,preconditioning_request,UI_batteryPreconditioningRequest,1718876518000000000,1718876519000000000,1718876519000000000
BEV2_2024-06-20_drive2.csv,soc,SOCave292,1718905364000000000,1718905365000000000,1718905365000000000
BEV2_2024-06-20_drive2.csv,ambient_c,VCRIGHT_tempAmbientRaw,1718905364000000000,1718905365000000000,1718905365000000000
BEV2_2024-06-20_drive2.csv,pack_min_c,BMSminPackTemperature,1718905364000000000,1718905365000000000,1718905365000000000
BEV2_2024-06-20_drive2.csv,pack_max_c,BMSmaxPackTemperature,1718905364000000000,1718905365000000000,1718905365000000000
BEV2_2024-06-20_drive2.csv,preconditioning_request,UI_batteryPreconditioningRequest,1718905364000000000,1718905365000000000,1718905365000000000
BEV2_2024-06-21_drive1.csv,soc,SOCave292,1718949091000000000,1718949092000000000,1718949092000000000
BEV2_2024-06-21_drive1.csv,ambient_c,VCRIGHT_tempAmbientRaw,1718949091000000000,1718949092000000000,1718949092000000000
BEV2_2024-06-21_drive1.csv,pack_min_c,BMSminPackTemperature,1718949091000000000,1718949092000000000,1718949092000000000
BEV2_2024-06-21_drive1.csv,pack_max_c,BMSmaxPackTemperature,1718949091000000000,1718949092000000000,1718949092000000000
BEV2_2024-06-21_drive1.csv,preconditioning_request,UI_batteryPreconditioningRequest,1718949091000000000,1718949092000000000,1718949092000000000
BEV2_2024-06-21_drive10.csv,soc,SOCave292,1718993716000000000,1718993717000000000,1718993717000000000
BEV2_2024-06-21_drive10.csv,ambient_c,VCRIGHT_tempAmbientRaw,1718993716000000000,1718993717000000000,1718993717000000000
BEV2_2024-06-21_drive10.csv,pack_min_c,BMSminPackTemperature,1718993716000000000,1718993717000000000,1718993717000000000
BEV2_2024-06-21_drive10.csv,pack_max_c,BMSmaxPackTemperature,1718993716000000000,1718993717000000000,1718993717000000000
BEV2_2024-06-21_drive10.csv,preconditioning_request,UI_batteryPreconditioningRequest,1718993716000000000,1718993717000000000,1718993717000000000
BEV2_2024-06-21_drive2.csv,soc,SOCave292,1718995392000000000,1718995393000000000,1718995393000000000
BEV2_2024-06-21_drive2.csv,ambient_c,VCRIGHT_tempAmbientRaw,1718995392000000000,1718995393000000000,1718995393000000000
BEV2_2024-06-21_drive2.csv,pack_min_c,BMSminPackTemperature,1718995392000000000,1718995393000000000,1718995393000000000
BEV2_2024-06-21_drive2.csv,pack_max_c,BMSmaxPackTemperature,1718995392000000000,1718995393000000000,1718995393000000000
BEV2_2024-06-21_drive2.csv,preconditioning_request,UI_batteryPreconditioningRequest,1718995392000000000,1718995393000000000,1718995393000000000
BEV2_2024-06-21_drive3.csv,soc,SOCave292,1718959030000000000,1718959031000000000,1718959031000000000
BEV2_2024-06-21_drive3.csv,ambient_c,VCRIGHT_tempAmbientRaw,1718959030000000000,1718959031000000000,1718959031000000000
BEV2_2024-06-21_drive3.csv,pack_min_c,BMSminPackTemperature,1718959030000000000,1718959031000000000,1718959031000000000
BEV2_2024-06-21_drive3.csv,pack_max_c,BMSmaxPackTemperature,1718959030000000000,1718959031000000000,1718959031000000000
BEV2_2024-06-21_drive3.csv,preconditioning_request,UI_batteryPreconditioningRequest,1718959030000000000,1718959031000000000,1718959031000000000
BEV2_2024-06-21_drive4.csv,soc,SOCave292,1718965023000000000,1718965024000000000,1718965024000000000
BEV2_2024-06-21_drive4.csv,ambient_c,VCRIGHT_tempAmbientRaw,1718965023000000000,1718965024000000000,1718965024000000000
BEV2_2024-06-21_drive4.csv,pack_min_c,BMSminPackTemperature,1718965023000000000,1718965024000000000,1718965024000000000
BEV2_2024-06-21_drive4.csv,pack_max_c,BMSmaxPackTemperature,1718965023000000000,1718965024000000000,1718965024000000000
BEV2_2024-06-21_drive4.csv,preconditioning_request,UI_batteryPreconditioningRequest,1718965023000000000,1718965024000000000,1718965024000000000
BEV2_2024-06-21_drive5.csv,soc,SOCave292,1718977711000000000,1718977712000000000,1718977712000000000
BEV2_2024-06-21_drive5.csv,ambient_c,VCRIGHT_tempAmbientRaw,1718977711000000000,1718977712000000000,1718977712000000000
BEV2_2024-06-21_drive5.csv,pack_min_c,BMSminPackTemperature,1718977711000000000,1718977712000000000,1718977712000000000
BEV2_2024-06-21_drive5.csv,pack_max_c,BMSmaxPackTemperature,1718977711000000000,1718977712000000000,1718977712000000000
BEV2_2024-06-21_drive5.csv,preconditioning_request,UI_batteryPreconditioningRequest,1718977711000000000,1718977712000000000,1718977712000000000
BEV2_2024-06-21_drive6.csv,soc,SOCave292,1718982535000000000,1718982536000000000,1718982536000000000
BEV2_2024-06-21_drive6.csv,ambient_c,VCRIGHT_tempAmbientRaw,1718982535000000000,1718982536000000000,1718982536000000000
BEV2_2024-06-21_drive6.csv,pack_min_c,BMSminPackTemperature,1718982535000000000,1718982536000000000,1718982536000000000
BEV2_2024-06-21_drive6.csv,pack_max_c,BMSmaxPackTemperature,1718982535000000000,1718982536000000000,1718982536000000000
BEV2_2024-06-21_drive6.csv,preconditioning_request,UI_batteryPreconditioningRequest,1718982535000000000,1718982536000000000,1718982536000000000
BEV2_2024-06-21_drive7.csv,soc,SOCave292,1718986214000000000,1718986215000000000,1718986215000000000
BEV2_2024-06-21_drive7.csv,ambient_c,VCRIGHT_tempAmbientRaw,1718986214000000000,1718986215000000000,1718986215000000000
BEV2_2024-06-21_drive7.csv,pack_min_c,BMSminPackTemperature,1718986214000000000,1718986215000000000,1718986215000000000
BEV2_2024-06-21_drive7.csv,pack_max_c,BMSmaxPackTemperature,1718986214000000000,1718986215000000000,1718986215000000000
BEV2_2024-06-21_drive7.csv,preconditioning_request,UI_batteryPreconditioningRequest,1718986214000000000,1718986215000000000,1718986215000000000
BEV2_2024-06-21_drive8.csv,soc,SOCave292,1718987737000000000,1718987738000000000,1718987738000000000
BEV2_2024-06-21_drive8.csv,ambient_c,VCRIGHT_tempAmbientRaw,1718987737000000000,1718987738000000000,1718987738000000000
BEV2_2024-06-21_drive8.csv,pack_min_c,BMSminPackTemperature,1718987737000000000,1718987738000000000,1718987738000000000
BEV2_2024-06-21_drive8.csv,pack_max_c,BMSmaxPackTemperature,1718987737000000000,1718987738000000000,1718987738000000000
BEV2_2024-06-21_drive8.csv,preconditioning_request,UI_batteryPreconditioningRequest,1718987737000000000,1718987738000000000,1718987738000000000
BEV2_2024-06-21_drive9.csv,soc,SOCave292,1718991871000000000,1718991872000000000,1718991872000000000
BEV2_2024-06-21_drive9.csv,ambient_c,VCRIGHT_tempAmbientRaw,1718991871000000000,1718991872000000000,1718991872000000000
BEV2_2024-06-21_drive9.csv,pack_min_c,BMSminPackTemperature,1718991871000000000,1718991872000000000,1718991872000000000
BEV2_2024-06-21_drive9.csv,pack_max_c,BMSmaxPackTemperature,1718991871000000000,1718991872000000000,1718991872000000000
BEV2_2024-06-21_drive9.csv,preconditioning_request,UI_batteryPreconditioningRequest,1718991871000000000,1718991872000000000,1718991872000000000
BEV2_2024-06-22_drive1.csv,soc,SOCave292,1719051970000000000,1719051971000000000,1719051971000000000
BEV2_2024-06-22_drive1.csv,ambient_c,VCRIGHT_tempAmbientRaw,1719051970000000000,1719051971000000000,1719051971000000000
BEV2_2024-06-22_drive1.csv,pack_min_c,BMSminPackTemperature,1719051970000000000,1719051971000000000,1719051971000000000
BEV2_2024-06-22_drive1.csv,pack_max_c,BMSmaxPackTemperature,1719051970000000000,1719051971000000000,1719051971000000000
BEV2_2024-06-22_drive1.csv,preconditioning_request,UI_batteryPreconditioningRequest,1719051970000000000,1719051971000000000,1719051971000000000
BEV2_2024-06-22_drive2.csv,soc,SOCave292,1719056873000000000,1719056874000000000,1719056874000000000
BEV2_2024-06-22_drive2.csv,ambient_c,VCRIGHT_tempAmbientRaw,1719056873000000000,1719056874000000000,1719056874000000000
BEV2_2024-06-22_drive2.csv,pack_min_c,BMSminPackTemperature,1719056873000000000,1719056874000000000,1719056874000000000
BEV2_2024-06-22_drive2.csv,pack_max_c,BMSmaxPackTemperature,1719056873000000000,1719056874000000000,1719056874000000000
BEV2_2024-06-22_drive2.csv,preconditioning_request,UI_batteryPreconditioningRequest,1719056873000000000,1719056874000000000,1719056874000000000
BEV2_2024-06-22_drive3.csv,soc,SOCave292,1719068346000000000,1719068347000000000,1719068347000000000
BEV2_2024-06-22_drive3.csv,ambient_c,VCRIGHT_tempAmbientRaw,1719068346000000000,1719068347000000000,1719068347000000000
BEV2_2024-06-22_drive3.csv,pack_min_c,BMSminPackTemperature,1719068346000000000,1719068347000000000,1719068347000000000
BEV2_2024-06-22_drive3.csv,pack_max_c,BMSmaxPackTemperature,1719068346000000000,1719068347000000000,1719068347000000000
BEV2_2024-06-22_drive3.csv,preconditioning_request,UI_batteryPreconditioningRequest,1719068346000000000,1719068347000000000,1719068347000000000
BEV2_2024-06-22_drive4.csv,soc,SOCave292,1719070628000000000,1719070629000000000,1719070629000000000
BEV2_2024-06-22_drive4.csv,ambient_c,VCRIGHT_tempAmbientRaw,1719070628000000000,1719070629000000000,1719070629000000000
BEV2_2024-06-22_drive4.csv,pack_min_c,BMSminPackTemperature,1719070628000000000,1719070629000000000,1719070629000000000
BEV2_2024-06-22_drive4.csv,pack_max_c,BMSmaxPackTemperature,1719070628000000000,1719070629000000000,1719070629000000000
BEV2_2024-06-22_drive4.csv,preconditioning_request,UI_batteryPreconditioningRequest,1719070628000000000,1719070629000000000,1719070629000000000
BEV2_2024-06-22_drive5.csv,soc,SOCave292,1719076804000000000,1719076805000000000,1719076805000000000
BEV2_2024-06-22_drive5.csv,ambient_c,VCRIGHT_tempAmbientRaw,1719076804000000000,1719076805000000000,1719076805000000000
BEV2_2024-06-22_drive5.csv,pack_min_c,BMSminPackTemperature,1719076804000000000,1719076805000000000,1719076805000000000
BEV2_2024-06-22_drive5.csv,pack_max_c,BMSmaxPackTemperature,1719076804000000000,1719076805000000000,1719076805000000000
BEV2_2024-06-22_drive5.csv,preconditioning_request,UI_batteryPreconditioningRequest,1719076804000000000,1719076805000000000,1719076805000000000
BEV2_2024-06-22_drive6.csv,soc,SOCave292,1719080766000000000,1719080767000000000,1719080767000000000
BEV2_2024-06-22_drive6.csv,ambient_c,VCRIGHT_tempAmbientRaw,1719080766000000000,1719080767000000000,1719080767000000000
BEV2_2024-06-22_drive6.csv,pack_min_c,BMSminPackTemperature,1719080766000000000,1719080767000000000,1719080767000000000
BEV2_2024-06-22_drive6.csv,pack_max_c,BMSmaxPackTemperature,1719080766000000000,1719080767000000000,1719080767000000000
BEV2_2024-06-22_drive6.csv,preconditioning_request,UI_batteryPreconditioningRequest,1719080766000000000,1719080767000000000,1719080767000000000
BEV2_2024-06-22_drive7.csv,soc,SOCave292,1719095813000000000,1719095814000000000,1719095814000000000
BEV2_2024-06-22_drive7.csv,ambient_c,VCRIGHT_tempAmbientRaw,1719095813000000000,1719095814000000000,1719095814000000000
BEV2_2024-06-22_drive7.csv,pack_min_c,BMSminPackTemperature,1719095813000000000,1719095814000000000,1719095814000000000
BEV2_2024-06-22_drive7.csv,pack_max_c,BMSmaxPackTemperature,1719095813000000000,1719095814000000000,1719095814000000000
BEV2_2024-06-22_drive7.csv,preconditioning_request,UI_batteryPreconditioningRequest,1719095813000000000,1719095814000000000,1719095814000000000
BEV2_2024-06-23_drive1.csv,soc,SOCave292,1719124558000000000,1719124559000000000,1719124559000000000
BEV2_2024-06-23_drive1.csv,ambient_c,VCRIGHT_tempAmbientRaw,1719124558000000000,1719124559000000000,1719124559000000000
BEV2_2024-06-23_drive1.csv,pack_min_c,BMSminPackTemperature,1719124558000000000,1719124559000000000,1719124559000000000
BEV2_2024-06-23_drive1.csv,pack_max_c,BMSmaxPackTemperature,1719124558000000000,1719124559000000000,1719124559000000000
BEV2_2024-06-23_drive1.csv,preconditioning_request,UI_batteryPreconditioningRequest,1719124558000000000,1719124559000000000,1719124559000000000
BEV2_2024-06-23_drive2.csv,soc,SOCave292,1719126903000000000,1719126904000000000,1719126904000000000
BEV2_2024-06-23_drive2.csv,ambient_c,VCRIGHT_tempAmbientRaw,1719126903000000000,1719126904000000000,1719126904000000000
BEV2_2024-06-23_drive2.csv,pack_min_c,BMSminPackTemperature,1719126903000000000,1719126904000000000,1719126904000000000
BEV2_2024-06-23_drive2.csv,pack_max_c,BMSmaxPackTemperature,1719126903000000000,1719126904000000000,1719126904000000000
BEV2_2024-06-23_drive2.csv,preconditioning_request,UI_batteryPreconditioningRequest,1719126903000000000,1719126904000000000,1719126904000000000
BEV2_2024-06-23_drive3.csv,soc,SOCave292,1719133791000000000,1719133792000000000,1719133792000000000
BEV2_2024-06-23_drive3.csv,ambient_c,VCRIGHT_tempAmbientRaw,1719133791000000000,1719133792000000000,1719133792000000000
BEV2_2024-06-23_drive3.csv,pack_min_c,BMSminPackTemperature,1719133791000000000,1719133792000000000,1719133792000000000
BEV2_2024-06-23_drive3.csv,pack_max_c,BMSmaxPackTemperature,1719133791000000000,1719133792000000000,1719133792000000000
BEV2_2024-06-23_drive3.csv,preconditioning_request,UI_batteryPreconditioningRequest,1719133791000000000,1719133792000000000,1719133792000000000
BEV2_2024-06-23_drive4.csv,soc,SOCave292,1719135523000000000,1719135524000000000,1719135524000000000
BEV2_2024-06-23_drive4.csv,ambient_c,VCRIGHT_tempAmbientRaw,1719135523000000000,1719135524000000000,1719135524000000000
BEV2_2024-06-23_drive4.csv,pack_min_c,BMSminPackTemperature,1719135523000000000,1719135524000000000,1719135524000000000
BEV2_2024-06-23_drive4.csv,pack_max_c,BMSmaxPackTemperature,1719135523000000000,1719135524000000000,1719135524000000000
BEV2_2024-06-23_drive4.csv,preconditioning_request,UI_batteryPreconditioningRequest,1719135523000000000,1719135524000000000,1719135524000000000
BEV2_2024-06-24_drive1.csv,soc,SOCave292,1719208412000000000,1719208413000000000,1719208413000000000
BEV2_2024-06-24_drive1.csv,ambient_c,VCRIGHT_tempAmbientRaw,1719208412000000000,1719208413000000000,1719208413000000000
BEV2_2024-06-24_drive1.csv,pack_min_c,BMSminPackTemperature,1719208412000000000,1719208413000000000,1719208413000000000
BEV2_2024-06-24_drive1.csv,pack_max_c,BMSmaxPackTemperature,1719208412000000000,1719208413000000000,1719208413000000000
BEV2_2024-06-24_drive1.csv,preconditioning_request,UI_batteryPreconditioningRequest,1719208412000000000,1719208413000000000,1719208413000000000
BEV2_2024-06-24_drive2.csv,soc,SOCave292,1719242751000000000,1719242752000000000,1719242752000000000
BEV2_2024-06-24_drive2.csv,ambient_c,VCRIGHT_tempAmbientRaw,1719242751000000000,1719242752000000000,1719242752000000000
BEV2_2024-06-24_drive2.csv,pack_min_c,BMSminPackTemperature,1719242751000000000,1719242752000000000,1719242752000000000
BEV2_2024-06-24_drive2.csv,pack_max_c,BMSmaxPackTemperature,1719242751000000000,1719242752000000000,1719242752000000000
BEV2_2024-06-24_drive2.csv,preconditioning_request,UI_batteryPreconditioningRequest,1719242751000000000,1719242752000000000,1719242752000000000
BEV2_2024-06-24_drive3.csv,soc,SOCave292,1719246306000000000,1719246307000000000,1719246307000000000
BEV2_2024-06-24_drive3.csv,ambient_c,VCRIGHT_tempAmbientRaw,1719246306000000000,1719246307000000000,1719246307000000000
BEV2_2024-06-24_drive3.csv,pack_min_c,BMSminPackTemperature,1719246306000000000,1719246307000000000,1719246307000000000
BEV2_2024-06-24_drive3.csv,pack_max_c,BMSmaxPackTemperature,1719246306000000000,1719246307000000000,1719246307000000000
BEV2_2024-06-24_drive3.csv,preconditioning_request,UI_batteryPreconditioningRequest,1719246306000000000,1719246307000000000,1719246307000000000
BEV2_2024-06-24_drive4.csv,soc,SOCave292,1719248890000000000,1719248891000000000,1719248891000000000
BEV2_2024-06-24_drive4.csv,ambient_c,VCRIGHT_tempAmbientRaw,1719248890000000000,1719248891000000000,1719248891000000000
BEV2_2024-06-24_drive4.csv,pack_min_c,BMSminPackTemperature,1719248890000000000,1719248891000000000,1719248891000000000
BEV2_2024-06-24_drive4.csv,pack_max_c,BMSmaxPackTemperature,1719248890000000000,1719248891000000000,1719248891000000000
BEV2_2024-06-24_drive4.csv,preconditioning_request,UI_batteryPreconditioningRequest,1719248890000000000,1719248891000000000,1719248891000000000
BEV2_2024-06-25_drive1.csv,soc,SOCave292,1719288819000000000,1719288820000000000,1719288820000000000
BEV2_2024-06-25_drive1.csv,ambient_c,VCRIGHT_tempAmbientRaw,1719288819000000000,1719288820000000000,1719288820000000000
BEV2_2024-06-25_drive1.csv,pack_min_c,BMSminPackTemperature,1719288819000000000,1719288820000000000,1719288820000000000
BEV2_2024-06-25_drive1.csv,pack_max_c,BMSmaxPackTemperature,1719288819000000000,1719288820000000000,1719288820000000000
BEV2_2024-06-25_drive1.csv,preconditioning_request,UI_batteryPreconditioningRequest,1719288819000000000,1719288820000000000,1719288820000000000
BEV2_2024-06-25_drive2.csv,soc,SOCave292,1719296460000000000,1719296461000000000,1719296461000000000
BEV2_2024-06-25_drive2.csv,ambient_c,VCRIGHT_tempAmbientRaw,1719296460000000000,1719296461000000000,1719296461000000000
BEV2_2024-06-25_drive2.csv,pack_min_c,BMSminPackTemperature,1719296460000000000,1719296461000000000,1719296461000000000
BEV2_2024-06-25_drive2.csv,pack_max_c,BMSmaxPackTemperature,1719296460000000000,1719296461000000000,1719296461000000000
BEV2_2024-06-25_drive2.csv,preconditioning_request,UI_batteryPreconditioningRequest,1719296460000000000,1719296461000000000,1719296461000000000
BEV2_2024-06-25_drive3.csv,soc,SOCave292,1719309438000000000,1719309439000000000,1719309439000000000
BEV2_2024-06-25_drive3.csv,ambient_c,VCRIGHT_tempAmbientRaw,1719309438000000000,1719309439000000000,1719309439000000000
BEV2_2024-06-25_drive3.csv,pack_min_c,BMSminPackTemperature,1719309438000000000,1719309439000000000,1719309439000000000
BEV2_2024-06-25_drive3.csv,pack_max_c,BMSmaxPackTemperature,1719309438000000000,1719309439000000000,1719309439000000000
BEV2_2024-06-25_drive3.csv,preconditioning_request,UI_batteryPreconditioningRequest,1719309438000000000,1719309439000000000,1719309439000000000
BEV2_2024-06-25_drive5.csv,soc,SOCave292,1719331158000000000,1719331159000000000,1719331159000000000
BEV2_2024-06-25_drive5.csv,ambient_c,VCRIGHT_tempAmbientRaw,1719331158000000000,1719331159000000000,1719331159000000000
BEV2_2024-06-25_drive5.csv,pack_min_c,BMSminPackTemperature,1719331158000000000,1719331159000000000,1719331159000000000
BEV2_2024-06-25_drive5.csv,pack_max_c,BMSmaxPackTemperature,1719331158000000000,1719331159000000000,1719331159000000000
BEV2_2024-06-25_drive5.csv,preconditioning_request,UI_batteryPreconditioningRequest,1719331158000000000,1719331159000000000,1719331159000000000
BEV2_2024-06-26_drive1.csv,soc,SOCave292,1719382209000000000,1719382210000000000,1719382210000000000
BEV2_2024-06-26_drive1.csv,ambient_c,VCRIGHT_tempAmbientRaw,1719382209000000000,1719382210000000000,1719382210000000000
BEV2_2024-06-26_drive1.csv,pack_min_c,BMSminPackTemperature,1719382209000000000,1719382210000000000,1719382210000000000
BEV2_2024-06-26_drive1.csv,pack_max_c,BMSmaxPackTemperature,1719382209000000000,1719382210000000000,1719382210000000000
BEV2_2024-06-26_drive1.csv,preconditioning_request,UI_batteryPreconditioningRequest,1719382209000000000,1719382210000000000,1719382210000000000
BEV2_2024-06-26_drive2.csv,soc,SOCave292,1719394732000000000,1719394733000000000,1719394733000000000
BEV2_2024-06-26_drive2.csv,ambient_c,VCRIGHT_tempAmbientRaw,1719394732000000000,1719394733000000000,1719394733000000000
BEV2_2024-06-26_drive2.csv,pack_min_c,BMSminPackTemperature,1719394732000000000,1719394733000000000,1719394733000000000
BEV2_2024-06-26_drive2.csv,pack_max_c,BMSmaxPackTemperature,1719394732000000000,1719394733000000000,1719394733000000000
BEV2_2024-06-26_drive2.csv,preconditioning_request,UI_batteryPreconditioningRequest,1719394732000000000,1719394733000000000,1719394733000000000
BEV2_2024-06-26_drive3.csv,soc,SOCave292,1719398224000000000,1719398225000000000,1719398225000000000
BEV2_2024-06-26_drive3.csv,ambient_c,VCRIGHT_tempAmbientRaw,1719398224000000000,1719398225000000000,1719398225000000000
BEV2_2024-06-26_drive3.csv,pack_min_c,BMSminPackTemperature,1719398224000000000,1719398225000000000,1719398225000000000
BEV2_2024-06-26_drive3.csv,pack_max_c,BMSmaxPackTemperature,1719398224000000000,1719398225000000000,1719398225000000000
BEV2_2024-06-26_drive4.csv,soc,SOCave292,1719407582000000000,1719407583000000000,1719407583000000000
BEV2_2024-06-26_drive4.csv,ambient_c,VCRIGHT_tempAmbientRaw,1719407582000000000,1719407583000000000,1719407583000000000
BEV2_2024-06-26_drive4.csv,pack_min_c,BMSminPackTemperature,1719407582000000000,1719407583000000000,1719407583000000000
BEV2_2024-06-26_drive4.csv,pack_max_c,BMSmaxPackTemperature,1719407582000000000,1719407583000000000,1719407583000000000
BEV2_2024-06-26_drive4.csv,preconditioning_request,UI_batteryPreconditioningRequest,1719407582000000000,1719407583000000000,1719407583000000000
BEV2_2024-06-26_drive7.csv,soc,SOCave292,1719426851000000000,1719426852000000000,1719426852000000000
BEV2_2024-06-26_drive7.csv,ambient_c,VCRIGHT_tempAmbientRaw,1719426851000000000,1719426852000000000,1719426852000000000
BEV2_2024-06-26_drive7.csv,pack_min_c,BMSminPackTemperature,1719426851000000000,1719426852000000000,1719426852000000000
BEV2_2024-06-26_drive7.csv,pack_max_c,BMSmaxPackTemperature,1719426851000000000,1719426852000000000,1719426852000000000
BEV2_2024-06-26_drive7.csv,preconditioning_request,UI_batteryPreconditioningRequest,1719426851000000000,1719426852000000000,1719426852000000000
BEV2_2024-06-27_drive7.csv,soc,SOCave292,1719504672000000000,1719504673000000000,1719504673000000000
BEV2_2024-06-27_drive7.csv,ambient_c,VCRIGHT_tempAmbientRaw,1719504672000000000,1719504673000000000,1719504673000000000
BEV2_2024-06-27_drive7.csv,pack_min_c,BMSminPackTemperature,1719504672000000000,1719504673000000000,1719504673000000000
BEV2_2024-06-27_drive7.csv,pack_max_c,BMSmaxPackTemperature,1719504672000000000,1719504673000000000,1719504673000000000
BEV2_2024-06-27_drive7.csv,preconditioning_request,UI_batteryPreconditioningRequest,1719504672000000000,1719504673000000000,1719504673000000000
BEV2_2024-06-27_drive8.csv,soc,SOCave292,1719511829000000000,1719511830000000000,1719511830000000000
BEV2_2024-06-27_drive8.csv,ambient_c,VCRIGHT_tempAmbientRaw,1719511829000000000,1719511830000000000,1719511830000000000
BEV2_2024-06-27_drive8.csv,pack_min_c,BMSminPackTemperature,1719511829000000000,1719511830000000000,1719511830000000000
BEV2_2024-06-27_drive8.csv,pack_max_c,BMSmaxPackTemperature,1719511829000000000,1719511830000000000,1719511830000000000
BEV2_2024-06-27_drive8.csv,preconditioning_request,UI_batteryPreconditioningRequest,1719511829000000000,1719511830000000000,1719511830000000000
BEV2_2024-06-28_drive2.csv,soc,SOCave292,1719568364000000000,1719568365000000000,1719568365000000000
BEV2_2024-06-28_drive2.csv,ambient_c,VCRIGHT_tempAmbientRaw,1719568364000000000,1719568365000000000,1719568365000000000
BEV2_2024-06-28_drive2.csv,pack_min_c,BMSminPackTemperature,1719568364000000000,1719568365000000000,1719568365000000000
BEV2_2024-06-28_drive2.csv,pack_max_c,BMSmaxPackTemperature,1719568364000000000,1719568365000000000,1719568365000000000
BEV2_2024-06-28_drive2.csv,preconditioning_request,UI_batteryPreconditioningRequest,1719568364000000000,1719568365000000000,1719568365000000000
BEV2_2024-06-29_drive7.csv,soc,SOCave292,1719678835000000000,1719678836000000000,1719678836000000000
BEV2_2024-06-29_drive7.csv,ambient_c,VCRIGHT_tempAmbientRaw,1719678835000000000,1719678836000000000,1719678836000000000
BEV2_2024-06-29_drive7.csv,pack_min_c,BMSminPackTemperature,1719678835000000000,1719678836000000000,1719678836000000000
BEV2_2024-06-29_drive7.csv,pack_max_c,BMSmaxPackTemperature,1719678835000000000,1719678836000000000,1719678836000000000
BEV2_2024-06-29_drive7.csv,preconditioning_request,UI_batteryPreconditioningRequest,1719678835000000000,1719678836000000000,1719678836000000000
BEV2_2024-06-29_drive8.csv,soc,SOCave292,1719683478000000000,1719683479000000000,1719683479000000000
BEV2_2024-06-29_drive8.csv,ambient_c,VCRIGHT_tempAmbientRaw,1719683478000000000,1719683479000000000,1719683479000000000
BEV2_2024-06-29_drive8.csv,pack_min_c,BMSminPackTemperature,1719683478000000000,1719683479000000000,1719683479000000000
BEV2_2024-06-29_drive8.csv,pack_max_c,BMSmaxPackTemperature,1719683478000000000,1719683479000000000,1719683479000000000
BEV2_2024-06-29_drive8.csv,preconditioning_request,UI_batteryPreconditioningRequest,1719683478000000000,1719683479000000000,1719683479000000000
BEV2_2024-06-30_drive6.csv,soc,SOCave292,1719762048000000000,1719762049000000000,1719762049000000000
BEV2_2024-06-30_drive6.csv,ambient_c,VCRIGHT_tempAmbientRaw,1719762048000000000,1719762049000000000,1719762049000000000
BEV2_2024-06-30_drive6.csv,pack_min_c,BMSminPackTemperature,1719762048000000000,1719762049000000000,1719762049000000000
BEV2_2024-06-30_drive6.csv,pack_max_c,BMSmaxPackTemperature,1719762048000000000,1719762049000000000,1719762049000000000
BEV2_2024-07-04_drive1.csv,soc,SOCave292,1720072585000000000,1720072586000000000,1720072586000000000
BEV2_2024-07-04_drive1.csv,ambient_c,VCRIGHT_tempAmbientRaw,1720072585000000000,1720072586000000000,1720072586000000000
BEV2_2024-07-04_drive1.csv,pack_min_c,BMSminPackTemperature,1720072585000000000,1720072586000000000,1720072586000000000
BEV2_2024-07-04_drive1.csv,pack_max_c,BMSmaxPackTemperature,1720072585000000000,1720072586000000000,1720072586000000000
BEV2_2024-07-05_drive3.csv,soc,SOCave292,1720173969000000000,1720173970000000000,1720173970000000000
BEV2_2024-07-05_drive3.csv,ambient_c,VCRIGHT_tempAmbientRaw,1720173969000000000,1720173970000000000,1720173970000000000
BEV2_2024-07-05_drive3.csv,pack_min_c,BMSminPackTemperature,1720173969000000000,1720173970000000000,1720173970000000000
BEV2_2024-07-05_drive3.csv,pack_max_c,BMSmaxPackTemperature,1720173969000000000,1720173970000000000,1720173970000000000
BEV2_2024-07-05_drive3.csv,preconditioning_request,UI_batteryPreconditioningRequest,1720173969000000000,1720173970000000000,1720173970000000000
BEV2_2024-07-05_drive4.csv,soc,SOCave292,1720175282000000000,1720175283000000000,1720175283000000000
BEV2_2024-07-05_drive4.csv,ambient_c,VCRIGHT_tempAmbientRaw,1720175282000000000,1720175283000000000,1720175283000000000
BEV2_2024-07-05_drive4.csv,pack_min_c,BMSminPackTemperature,1720175282000000000,1720175283000000000,1720175283000000000
BEV2_2024-07-05_drive4.csv,pack_max_c,BMSmaxPackTemperature,1720175282000000000,1720175283000000000,1720175283000000000
BEV2_2024-07-05_drive4.csv,preconditioning_request,UI_batteryPreconditioningRequest,1720175282000000000,1720175283000000000,1720175283000000000
BEV2_2024-07-05_drive5.csv,soc,SOCave292,1720179624000000000,1720179625000000000,1720179625000000000
BEV2_2024-07-05_drive5.csv,ambient_c,VCRIGHT_tempAmbientRaw,1720179624000000000,1720179625000000000,1720179625000000000
BEV2_2024-07-05_drive5.csv,pack_min_c,BMSminPackTemperature,1720179624000000000,1720179625000000000,1720179625000000000
BEV2_2024-07-05_drive5.csv,pack_max_c,BMSmaxPackTemperature,1720179624000000000,1720179625000000000,1720179625000000000
BEV2_2024-07-05_drive5.csv,preconditioning_request,UI_batteryPreconditioningRequest,1720179624000000000,1720179625000000000,1720179625000000000
BEV2_2024-07-05_drive6.csv,soc,SOCave292,1720185774000000000,1720185775000000000,1720185775000000000
BEV2_2024-07-05_drive6.csv,ambient_c,VCRIGHT_tempAmbientRaw,1720185774000000000,1720185775000000000,1720185775000000000
BEV2_2024-07-05_drive6.csv,pack_min_c,BMSminPackTemperature,1720185774000000000,1720185775000000000,1720185775000000000
BEV2_2024-07-05_drive6.csv,pack_max_c,BMSmaxPackTemperature,1720185774000000000,1720185775000000000,1720185775000000000
BEV2_2024-07-05_drive6.csv,preconditioning_request,UI_batteryPreconditioningRequest,1720185774000000000,1720185775000000000,1720185775000000000
BEV2_2024-07-05_drive8.csv,soc,SOCave292,1720208172000000000,1720208173000000000,1720208173000000000
BEV2_2024-07-05_drive8.csv,ambient_c,VCRIGHT_tempAmbientRaw,1720208172000000000,1720208173000000000,1720208173000000000
BEV2_2024-07-05_drive8.csv,pack_min_c,BMSminPackTemperature,1720208172000000000,1720208173000000000,1720208173000000000
BEV2_2024-07-05_drive8.csv,pack_max_c,BMSmaxPackTemperature,1720208172000000000,1720208173000000000,1720208173000000000
BEV2_2024-07-05_drive8.csv,preconditioning_request,UI_batteryPreconditioningRequest,1720208172000000000,1720208173000000000,1720208173000000000
BEV2_2024-07-05_drive9.csv,soc,SOCave292,1720216899000000000,1720216900000000000,1720216900000000000
BEV2_2024-07-05_drive9.csv,ambient_c,VCRIGHT_tempAmbientRaw,1720216899000000000,1720216900000000000,1720216900000000000
BEV2_2024-07-05_drive9.csv,pack_min_c,BMSminPackTemperature,1720216899000000000,1720216900000000000,1720216900000000000
BEV2_2024-07-05_drive9.csv,pack_max_c,BMSmaxPackTemperature,1720216899000000000,1720216900000000000,1720216900000000000
BEV2_2024-07-05_drive9.csv,preconditioning_request,UI_batteryPreconditioningRequest,1720216899000000000,1720216900000000000,1720216900000000000
BEV2_2024-07-29_drive1.csv,soc,SOCave292,1722254702000000000,1722254703000000000,1722254703000000000
BEV2_2024-07-29_drive1.csv,ambient_c,VCRIGHT_tempAmbientRaw,1722254702000000000,1722254703000000000,1722254703000000000
BEV2_2024-07-29_drive1.csv,pack_min_c,BMSminPackTemperature,1722254702000000000,1722254703000000000,1722254703000000000
BEV2_2024-07-29_drive1.csv,pack_max_c,BMSmaxPackTemperature,1722254702000000000,1722254703000000000,1722254703000000000
BEV2_2024-07-29_drive1.csv,preconditioning_request,UI_batteryPreconditioningRequest,1722254702000000000,1722254703000000000,1722254703000000000
BEV2_2024-07-29_drive2.csv,soc,SOCave292,1722261078000000000,1722261079000000000,1722261079000000000
BEV2_2024-07-29_drive2.csv,ambient_c,VCRIGHT_tempAmbientRaw,1722261078000000000,1722261079000000000,1722261079000000000
BEV2_2024-07-29_drive2.csv,pack_min_c,BMSminPackTemperature,1722261078000000000,1722261079000000000,1722261079000000000
BEV2_2024-07-29_drive2.csv,pack_max_c,BMSmaxPackTemperature,1722261078000000000,1722261079000000000,1722261079000000000
BEV2_2024-07-29_drive2.csv,preconditioning_request,UI_batteryPreconditioningRequest,1722261078000000000,1722261079000000000,1722261079000000000
BEV2_2024-07-29_drive3.csv,soc,SOCave292,1722271974000000000,1722271975000000000,1722271975000000000
BEV2_2024-07-29_drive3.csv,ambient_c,VCRIGHT_tempAmbientRaw,1722271974000000000,1722271975000000000,1722271975000000000
BEV2_2024-07-29_drive3.csv,pack_min_c,BMSminPackTemperature,1722271974000000000,1722271975000000000,1722271975000000000
BEV2_2024-07-29_drive3.csv,pack_max_c,BMSmaxPackTemperature,1722271974000000000,1722271975000000000,1722271975000000000
BEV2_2024-07-29_drive3.csv,preconditioning_request,UI_batteryPreconditioningRequest,1722271974000000000,1722271975000000000,1722271975000000000
BEV2_2024-07-29_drive4.csv,soc,SOCave292,1722282982000000000,1722282983000000000,1722282983000000000
BEV2_2024-07-29_drive4.csv,ambient_c,VCRIGHT_tempAmbientRaw,1722282982000000000,1722282983000000000,1722282983000000000
BEV2_2024-07-29_drive4.csv,pack_min_c,BMSminPackTemperature,1722282982000000000,1722282983000000000,1722282983000000000
BEV2_2024-07-29_drive4.csv,pack_max_c,BMSmaxPackTemperature,1722282982000000000,1722282983000000000,1722282983000000000
BEV2_2024-07-29_drive4.csv,preconditioning_request,UI_batteryPreconditioningRequest,1722282982000000000,1722282983000000000,1722282983000000000
BEV2_2024-07-30_drive2.csv,soc,SOCave292,1722359024000000000,1722359025000000000,1722359025000000000
BEV2_2024-07-30_drive2.csv,ambient_c,VCRIGHT_tempAmbientRaw,1722359024000000000,1722359025000000000,1722359025000000000
BEV2_2024-07-30_drive2.csv,pack_min_c,BMSminPackTemperature,1722359024000000000,1722359025000000000,1722359025000000000
BEV2_2024-07-30_drive2.csv,pack_max_c,BMSmaxPackTemperature,1722359024000000000,1722359025000000000,1722359025000000000
BEV2_2024-07-30_drive2.csv,preconditioning_request,UI_batteryPreconditioningRequest,1722359024000000000,1722359025000000000,1722359025000000000
BEV2_2024-07-30_drive3.csv,soc,SOCave292,1722368328000000000,1722368329000000000,1722368329000000000
BEV2_2024-07-30_drive3.csv,ambient_c,VCRIGHT_tempAmbientRaw,1722368328000000000,1722368329000000000,1722368329000000000
BEV2_2024-07-30_drive3.csv,pack_min_c,BMSminPackTemperature,1722368328000000000,1722368329000000000,1722368329000000000
BEV2_2024-07-30_drive3.csv,pack_max_c,BMSmaxPackTemperature,1722368328000000000,1722368329000000000,1722368329000000000
BEV2_2024-07-30_drive3.csv,preconditioning_request,UI_batteryPreconditioningRequest,1722368328000000000,1722368329000000000,1722368329000000000
BEV2_2024-07-31_drive2.csv,soc,SOCave292,1722427213000000000,1722427214000000000,1722427214000000000
BEV2_2024-07-31_drive2.csv,ambient_c,VCRIGHT_tempAmbientRaw,1722427213000000000,1722427214000000000,1722427214000000000
BEV2_2024-07-31_drive2.csv,pack_min_c,BMSminPackTemperature,1722427213000000000,1722427214000000000,1722427214000000000
BEV2_2024-07-31_drive2.csv,pack_max_c,BMSmaxPackTemperature,1722427213000000000,1722427214000000000,1722427214000000000
BEV2_2024-07-31_drive2.csv,preconditioning_request,UI_batteryPreconditioningRequest,1722427213000000000,1722427214000000000,1722427214000000000
BEV2_2024-07-31_drive3.csv,soc,SOCave292,1722434615000000000,1722434616000000000,1722434616000000000
BEV2_2024-07-31_drive3.csv,ambient_c,VCRIGHT_tempAmbientRaw,1722434615000000000,1722434616000000000,1722434616000000000
BEV2_2024-07-31_drive3.csv,pack_min_c,BMSminPackTemperature,1722434615000000000,1722434616000000000,1722434616000000000
BEV2_2024-07-31_drive3.csv,pack_max_c,BMSmaxPackTemperature,1722434615000000000,1722434616000000000,1722434616000000000
BEV2_2024-07-31_drive3.csv,preconditioning_request,UI_batteryPreconditioningRequest,1722434615000000000,1722434616000000000,1722434616000000000
BEV2_2024-07-31_drive4.csv,soc,SOCave292,1722439256000000000,1722439257000000000,1722439257000000000
BEV2_2024-07-31_drive4.csv,ambient_c,VCRIGHT_tempAmbientRaw,1722439256000000000,1722439257000000000,1722439257000000000
BEV2_2024-07-31_drive4.csv,pack_min_c,BMSminPackTemperature,1722439256000000000,1722439257000000000,1722439257000000000
BEV2_2024-07-31_drive4.csv,pack_max_c,BMSmaxPackTemperature,1722439256000000000,1722439257000000000,1722439257000000000
BEV2_2024-07-31_drive5.csv,soc,SOCave292,1722441504000000000,1722441505000000000,1722441505000000000
BEV2_2024-07-31_drive5.csv,ambient_c,VCRIGHT_tempAmbientRaw,1722441504000000000,1722441505000000000,1722441505000000000
BEV2_2024-07-31_drive5.csv,pack_min_c,BMSminPackTemperature,1722441504000000000,1722441505000000000,1722441505000000000
BEV2_2024-07-31_drive5.csv,pack_max_c,BMSmaxPackTemperature,1722441504000000000,1722441505000000000,1722441505000000000
BEV2_2024-07-31_drive5.csv,preconditioning_request,UI_batteryPreconditioningRequest,1722441504000000000,1722441505000000000,1722441505000000000
BEV2_2024-08-01_drive1.csv,soc,SOCave292,1722495038000000000,1722495039000000000,1722495039000000000
BEV2_2024-08-01_drive1.csv,ambient_c,VCRIGHT_tempAmbientRaw,1722495038000000000,1722495039000000000,1722495039000000000
BEV2_2024-08-01_drive1.csv,pack_min_c,BMSminPackTemperature,1722495038000000000,1722495039000000000,1722495039000000000
BEV2_2024-08-01_drive1.csv,pack_max_c,BMSmaxPackTemperature,1722495038000000000,1722495039000000000,1722495039000000000
BEV2_2024-08-01_drive1.csv,preconditioning_request,UI_batteryPreconditioningRequest,1722495038000000000,1722495039000000000,1722495039000000000
BEV2_2024-08-01_drive2.csv,soc,SOCave292,1722509559000000000,1722509560000000000,1722509560000000000
BEV2_2024-08-01_drive2.csv,ambient_c,VCRIGHT_tempAmbientRaw,1722509559000000000,1722509560000000000,1722509560000000000
BEV2_2024-08-01_drive2.csv,pack_min_c,BMSminPackTemperature,1722509559000000000,1722509560000000000,1722509560000000000
BEV2_2024-08-01_drive2.csv,pack_max_c,BMSmaxPackTemperature,1722509559000000000,1722509560000000000,1722509560000000000
BEV2_2024-08-01_drive2.csv,preconditioning_request,UI_batteryPreconditioningRequest,1722509559000000000,1722509560000000000,1722509560000000000
BEV2_2024-08-01_drive3.csv,soc,SOCave292,1722526995000000000,1722526996000000000,1722526996000000000
BEV2_2024-08-01_drive3.csv,ambient_c,VCRIGHT_tempAmbientRaw,1722526995000000000,1722526996000000000,1722526996000000000
BEV2_2024-08-01_drive3.csv,pack_min_c,BMSminPackTemperature,1722526995000000000,1722526996000000000,1722526996000000000
BEV2_2024-08-01_drive3.csv,pack_max_c,BMSmaxPackTemperature,1722526995000000000,1722526996000000000,1722526996000000000
BEV2_2024-08-01_drive3.csv,preconditioning_request,UI_batteryPreconditioningRequest,1722526995000000000,1722526996000000000,1722526996000000000
BEV2_2024-08-01_drive4.csv,soc,SOCave292,1722530283000000000,1722530284000000000,1722530284000000000
BEV2_2024-08-01_drive4.csv,ambient_c,VCRIGHT_tempAmbientRaw,1722530283000000000,1722530284000000000,1722530284000000000
BEV2_2024-08-01_drive4.csv,pack_min_c,BMSminPackTemperature,1722530283000000000,1722530284000000000,1722530284000000000
BEV2_2024-08-01_drive4.csv,pack_max_c,BMSmaxPackTemperature,1722530283000000000,1722530284000000000,1722530284000000000
BEV2_2024-08-01_drive4.csv,preconditioning_request,UI_batteryPreconditioningRequest,1722530283000000000,1722530284000000000,1722530284000000000
BEV2_2024-08-01_drive5.csv,soc,SOCave292,1722543142000000000,1722543143000000000,1722543143000000000
BEV2_2024-08-01_drive5.csv,ambient_c,VCRIGHT_tempAmbientRaw,1722543142000000000,1722543143000000000,1722543143000000000
BEV2_2024-08-01_drive5.csv,pack_min_c,BMSminPackTemperature,1722543142000000000,1722543143000000000,1722543143000000000
BEV2_2024-08-01_drive5.csv,pack_max_c,BMSmaxPackTemperature,1722543142000000000,1722543143000000000,1722543143000000000
BEV2_2024-08-01_drive5.csv,preconditioning_request,UI_batteryPreconditioningRequest,1722543142000000000,1722543143000000000,1722543143000000000
BEV2_2024-08-02_drive1.csv,soc,SOCave292,1722580645000000000,1722580646000000000,1722580646000000000
BEV2_2024-08-02_drive1.csv,ambient_c,VCRIGHT_tempAmbientRaw,1722580645000000000,1722580646000000000,1722580646000000000
BEV2_2024-08-02_drive1.csv,pack_min_c,BMSminPackTemperature,1722580645000000000,1722580646000000000,1722580646000000000
BEV2_2024-08-02_drive1.csv,pack_max_c,BMSmaxPackTemperature,1722580645000000000,1722580646000000000,1722580646000000000
BEV2_2024-08-02_drive1.csv,preconditioning_request,UI_batteryPreconditioningRequest,1722580645000000000,1722580646000000000,1722580646000000000
BEV2_2024-08-02_drive2.csv,soc,SOCave292,1722583871000000000,1722583872000000000,1722583872000000000
BEV2_2024-08-02_drive2.csv,ambient_c,VCRIGHT_tempAmbientRaw,1722583871000000000,1722583872000000000,1722583872000000000
BEV2_2024-08-02_drive2.csv,pack_min_c,BMSminPackTemperature,1722583871000000000,1722583872000000000,1722583872000000000
BEV2_2024-08-02_drive2.csv,pack_max_c,BMSmaxPackTemperature,1722583871000000000,1722583872000000000,1722583872000000000
BEV2_2024-08-02_drive2.csv,preconditioning_request,UI_batteryPreconditioningRequest,1722583871000000000,1722583872000000000,1722583872000000000
BEV2_2024-08-02_drive3.csv,soc,SOCave292,1722585826000000000,1722585827000000000,1722585827000000000
BEV2_2024-08-02_drive3.csv,ambient_c,VCRIGHT_tempAmbientRaw,1722585826000000000,1722585827000000000,1722585827000000000
BEV2_2024-08-02_drive3.csv,pack_min_c,BMSminPackTemperature,1722585826000000000,1722585827000000000,1722585827000000000
BEV2_2024-08-02_drive3.csv,pack_max_c,BMSmaxPackTemperature,1722585826000000000,1722585827000000000,1722585827000000000
BEV2_2024-08-02_drive3.csv,preconditioning_request,UI_batteryPreconditioningRequest,1722585826000000000,1722585827000000000,1722585827000000000
BEV2_2024-08-02_drive4.csv,soc,SOCave292,1722589665000000000,1722589666000000000,1722589666000000000
BEV2_2024-08-02_drive4.csv,ambient_c,VCRIGHT_tempAmbientRaw,1722589665000000000,1722589666000000000,1722589666000000000
BEV2_2024-08-02_drive4.csv,pack_min_c,BMSminPackTemperature,1722589665000000000,1722589666000000000,1722589666000000000
BEV2_2024-08-02_drive4.csv,pack_max_c,BMSmaxPackTemperature,1722589665000000000,1722589666000000000,1722589666000000000
BEV2_2024-08-02_drive4.csv,preconditioning_request,UI_batteryPreconditioningRequest,1722589665000000000,1722589666000000000,1722589666000000000
BEV2_2024-08-02_drive5.csv,soc,SOCave292,1722598724000000000,1722598725000000000,1722598725000000000
BEV2_2024-08-02_drive5.csv,ambient_c,VCRIGHT_tempAmbientRaw,1722598724000000000,1722598725000000000,1722598725000000000
BEV2_2024-08-02_drive5.csv,pack_min_c,BMSminPackTemperature,1722598724000000000,1722598725000000000,1722598725000000000
BEV2_2024-08-02_drive5.csv,pack_max_c,BMSmaxPackTemperature,1722598724000000000,1722598725000000000,1722598725000000000
BEV2_2024-08-02_drive5.csv,preconditioning_request,UI_batteryPreconditioningRequest,1722598724000000000,1722598725000000000,1722598725000000000
BEV2_2024-08-02_drive8.csv,soc,SOCave292,1722630114000000000,1722630115000000000,1722630115000000000
BEV2_2024-08-02_drive8.csv,ambient_c,VCRIGHT_tempAmbientRaw,1722630114000000000,1722630115000000000,1722630115000000000
BEV2_2024-08-02_drive8.csv,pack_min_c,BMSminPackTemperature,1722630114000000000,1722630115000000000,1722630115000000000
BEV2_2024-08-02_drive8.csv,pack_max_c,BMSmaxPackTemperature,1722630114000000000,1722630115000000000,1722630115000000000
BEV2_2024-08-02_drive8.csv,preconditioning_request,UI_batteryPreconditioningRequest,1722630114000000000,1722630115000000000,1722630115000000000
BEV2_2024-08-03_drive1.csv,soc,SOCave292,1722669036000000000,1722669037000000000,1722669037000000000
BEV2_2024-08-03_drive1.csv,ambient_c,VCRIGHT_tempAmbientRaw,1722669036000000000,1722669037000000000,1722669037000000000
BEV2_2024-08-03_drive1.csv,pack_min_c,BMSminPackTemperature,1722669036000000000,1722669037000000000,1722669037000000000
BEV2_2024-08-03_drive1.csv,pack_max_c,BMSmaxPackTemperature,1722669036000000000,1722669037000000000,1722669037000000000
BEV2_2024-08-03_drive1.csv,preconditioning_request,UI_batteryPreconditioningRequest,1722669036000000000,1722669037000000000,1722669037000000000
BEV2_2024-08-03_drive2.csv,soc,SOCave292,1722670169000000000,1722670170000000000,1722670170000000000
BEV2_2024-08-03_drive2.csv,ambient_c,VCRIGHT_tempAmbientRaw,1722670169000000000,1722670170000000000,1722670170000000000
BEV2_2024-08-03_drive2.csv,pack_min_c,BMSminPackTemperature,1722670169000000000,1722670170000000000,1722670170000000000
BEV2_2024-08-03_drive2.csv,pack_max_c,BMSmaxPackTemperature,1722670169000000000,1722670170000000000,1722670170000000000
BEV2_2024-08-03_drive2.csv,preconditioning_request,UI_batteryPreconditioningRequest,1722670168000000000,1722670169000000000,1722670170000000000
BEV2_2024-08-03_drive3.csv,soc,SOCave292,1722678101000000000,1722678102000000000,1722678102000000000
BEV2_2024-08-03_drive3.csv,ambient_c,VCRIGHT_tempAmbientRaw,1722678101000000000,1722678102000000000,1722678102000000000
BEV2_2024-08-03_drive3.csv,pack_min_c,BMSminPackTemperature,1722678101000000000,1722678102000000000,1722678102000000000
BEV2_2024-08-03_drive3.csv,pack_max_c,BMSmaxPackTemperature,1722678101000000000,1722678102000000000,1722678102000000000
BEV2_2024-08-03_drive3.csv,preconditioning_request,UI_batteryPreconditioningRequest,1722678101000000000,1722678102000000000,1722678102000000000
BEV2_2024-08-03_drive4.csv,soc,SOCave292,1722687765000000000,1722687766000000000,1722687766000000000
BEV2_2024-08-03_drive4.csv,ambient_c,VCRIGHT_tempAmbientRaw,1722687765000000000,1722687766000000000,1722687766000000000
BEV2_2024-08-03_drive4.csv,pack_min_c,BMSminPackTemperature,1722687765000000000,1722687766000000000,1722687766000000000
BEV2_2024-08-03_drive4.csv,pack_max_c,BMSmaxPackTemperature,1722687765000000000,1722687766000000000,1722687766000000000
BEV2_2024-08-03_drive4.csv,preconditioning_request,UI_batteryPreconditioningRequest,1722687765000000000,1722687766000000000,1722687766000000000
BEV2_2024-08-04_drive1.csv,soc,SOCave292,1722773118000000000,1722773119000000000,1722773119000000000
BEV2_2024-08-04_drive1.csv,ambient_c,VCRIGHT_tempAmbientRaw,1722773118000000000,1722773119000000000,1722773119000000000
BEV2_2024-08-04_drive1.csv,pack_min_c,BMSminPackTemperature,1722773118000000000,1722773119000000000,1722773119000000000
BEV2_2024-08-04_drive1.csv,pack_max_c,BMSmaxPackTemperature,1722773118000000000,1722773119000000000,1722773119000000000
BEV2_2024-08-04_drive1.csv,preconditioning_request,UI_batteryPreconditioningRequest,1722773118000000000,1722773119000000000,1722773119000000000
BEV2_2024-08-04_drive2.csv,soc,SOCave292,1722786642000000000,1722786643000000000,1722786643000000000
BEV2_2024-08-04_drive2.csv,ambient_c,VCRIGHT_tempAmbientRaw,1722786642000000000,1722786643000000000,1722786643000000000
BEV2_2024-08-04_drive2.csv,pack_min_c,BMSminPackTemperature,1722786642000000000,1722786643000000000,1722786643000000000
BEV2_2024-08-04_drive2.csv,pack_max_c,BMSmaxPackTemperature,1722786642000000000,1722786643000000000,1722786643000000000
BEV2_2024-08-04_drive4.csv,soc,SOCave292,1722793566000000000,1722793567000000000,1722793567000000000
BEV2_2024-08-04_drive4.csv,ambient_c,VCRIGHT_tempAmbientRaw,1722793566000000000,1722793567000000000,1722793567000000000
BEV2_2024-08-04_drive4.csv,pack_min_c,BMSminPackTemperature,1722793566000000000,1722793567000000000,1722793567000000000
BEV2_2024-08-04_drive4.csv,pack_max_c,BMSmaxPackTemperature,1722793566000000000,1722793567000000000,1722793567000000000
BEV2_2024-08-04_drive4.csv,preconditioning_request,UI_batteryPreconditioningRequest,1722793566000000000,1722793567000000000,1722793567000000000
BEV2_2024-08-05_drive1.csv,soc,SOCave292,1722841091000000000,1722841092000000000,1722841092000000000
BEV2_2024-08-05_drive1.csv,ambient_c,VCRIGHT_tempAmbientRaw,1722841091000000000,1722841092000000000,1722841092000000000
BEV2_2024-08-05_drive1.csv,pack_min_c,BMSminPackTemperature,1722841091000000000,1722841092000000000,1722841092000000000
BEV2_2024-08-05_drive1.csv,pack_max_c,BMSmaxPackTemperature,1722841091000000000,1722841092000000000,1722841092000000000
BEV2_2024-08-05_drive1.csv,preconditioning_request,UI_batteryPreconditioningRequest,1722841091000000000,1722841092000000000,1722841092000000000
BEV2_2024-08-05_drive2.csv,soc,SOCave292,1722871297000000000,1722871298000000000,1722871298000000000
BEV2_2024-08-05_drive2.csv,ambient_c,VCRIGHT_tempAmbientRaw,1722871297000000000,1722871298000000000,1722871298000000000
BEV2_2024-08-05_drive2.csv,pack_min_c,BMSminPackTemperature,1722871297000000000,1722871298000000000,1722871298000000000
BEV2_2024-08-05_drive2.csv,pack_max_c,BMSmaxPackTemperature,1722871297000000000,1722871298000000000,1722871298000000000
BEV2_2024-08-05_drive2.csv,preconditioning_request,UI_batteryPreconditioningRequest,1722871297000000000,1722871298000000000,1722871298000000000
BEV2_2024-08-05_drive3.csv,soc,SOCave292,1722880573000000000,1722880574000000000,1722880574000000000
BEV2_2024-08-05_drive3.csv,ambient_c,VCRIGHT_tempAmbientRaw,1722880573000000000,1722880574000000000,1722880574000000000
BEV2_2024-08-05_drive3.csv,pack_min_c,BMSminPackTemperature,1722880573000000000,1722880574000000000,1722880574000000000
BEV2_2024-08-05_drive3.csv,pack_max_c,BMSmaxPackTemperature,1722880573000000000,1722880574000000000,1722880574000000000
BEV2_2024-08-05_drive3.csv,preconditioning_request,UI_batteryPreconditioningRequest,1722880573000000000,1722880574000000000,1722880574000000000
BEV2_2024-08-06_drive1.csv,soc,SOCave292,1722926512000000000,1722926513000000000,1722926513000000000
BEV2_2024-08-06_drive1.csv,ambient_c,VCRIGHT_tempAmbientRaw,1722926512000000000,1722926513000000000,1722926513000000000
BEV2_2024-08-06_drive1.csv,pack_min_c,BMSminPackTemperature,1722926512000000000,1722926513000000000,1722926513000000000
BEV2_2024-08-06_drive1.csv,pack_max_c,BMSmaxPackTemperature,1722926512000000000,1722926513000000000,1722926513000000000
BEV2_2024-08-06_drive1.csv,preconditioning_request,UI_batteryPreconditioningRequest,1722926512000000000,1722926513000000000,1722926513000000000
BEV2_2024-08-06_drive2.csv,soc,SOCave292,1722947771000000000,1722947772000000000,1722947772000000000
BEV2_2024-08-06_drive2.csv,ambient_c,VCRIGHT_tempAmbientRaw,1722947771000000000,1722947772000000000,1722947772000000000
BEV2_2024-08-06_drive2.csv,pack_min_c,BMSminPackTemperature,1722947771000000000,1722947772000000000,1722947772000000000
BEV2_2024-08-06_drive2.csv,pack_max_c,BMSmaxPackTemperature,1722947771000000000,1722947772000000000,1722947772000000000
BEV2_2024-08-06_drive2.csv,preconditioning_request,UI_batteryPreconditioningRequest,1722947771000000000,1722947772000000000,1722947772000000000
BEV2_2024-08-06_drive3.csv,soc,SOCave292,1722954251000000000,1722954252000000000,1722954252000000000
BEV2_2024-08-06_drive3.csv,ambient_c,VCRIGHT_tempAmbientRaw,1722954251000000000,1722954252000000000,1722954252000000000
BEV2_2024-08-06_drive3.csv,pack_min_c,BMSminPackTemperature,1722954251000000000,1722954252000000000,1722954252000000000
BEV2_2024-08-06_drive3.csv,pack_max_c,BMSmaxPackTemperature,1722954251000000000,1722954252000000000,1722954252000000000
BEV2_2024-08-06_drive3.csv,preconditioning_request,UI_batteryPreconditioningRequest,1722954251000000000,1722954252000000000,1722954252000000000
BEV2_2024-08-06_drive4.csv,soc,SOCave292,1722960946000000000,1722960947000000000,1722960947000000000
BEV2_2024-08-06_drive4.csv,ambient_c,VCRIGHT_tempAmbientRaw,1722960946000000000,1722960947000000000,1722960947000000000
BEV2_2024-08-06_drive4.csv,pack_min_c,BMSminPackTemperature,1722960946000000000,1722960947000000000,1722960947000000000
BEV2_2024-08-06_drive4.csv,pack_max_c,BMSmaxPackTemperature,1722960946000000000,1722960947000000000,1722960947000000000
BEV2_2024-08-06_drive4.csv,preconditioning_request,UI_batteryPreconditioningRequest,1722960946000000000,1722960947000000000,1722960947000000000
BEV2_2024-08-06_drive5.csv,soc,SOCave292,1722963098000000000,1722963099000000000,1722963099000000000
BEV2_2024-08-06_drive5.csv,ambient_c,VCRIGHT_tempAmbientRaw,1722963098000000000,1722963099000000000,1722963099000000000
BEV2_2024-08-06_drive5.csv,pack_min_c,BMSminPackTemperature,1722963098000000000,1722963099000000000,1722963099000000000
BEV2_2024-08-06_drive5.csv,pack_max_c,BMSmaxPackTemperature,1722963098000000000,1722963099000000000,1722963099000000000
BEV2_2024-08-06_drive5.csv,preconditioning_request,UI_batteryPreconditioningRequest,1722963098000000000,1722963099000000000,1722963099000000000
BEV2_2024-08-07_drive1.csv,soc,SOCave292,1723010620000000000,1723010621000000000,1723010621000000000
BEV2_2024-08-07_drive1.csv,ambient_c,VCRIGHT_tempAmbientRaw,1723010620000000000,1723010621000000000,1723010621000000000
BEV2_2024-08-07_drive1.csv,pack_min_c,BMSminPackTemperature,1723010620000000000,1723010621000000000,1723010621000000000
BEV2_2024-08-07_drive1.csv,pack_max_c,BMSmaxPackTemperature,1723010620000000000,1723010621000000000,1723010621000000000
BEV2_2024-08-07_drive1.csv,preconditioning_request,UI_batteryPreconditioningRequest,1723010620000000000,1723010621000000000,1723010621000000000
BEV2_2024-08-07_drive2.csv,soc,SOCave292,1723014107000000000,1723014108000000000,1723014108000000000
BEV2_2024-08-07_drive2.csv,ambient_c,VCRIGHT_tempAmbientRaw,1723014107000000000,1723014108000000000,1723014108000000000
BEV2_2024-08-07_drive2.csv,pack_min_c,BMSminPackTemperature,1723014107000000000,1723014108000000000,1723014108000000000
BEV2_2024-08-07_drive2.csv,pack_max_c,BMSmaxPackTemperature,1723014107000000000,1723014108000000000,1723014108000000000
BEV2_2024-08-07_drive2.csv,preconditioning_request,UI_batteryPreconditioningRequest,1723014107000000000,1723014108000000000,1723014108000000000
BEV2_2024-08-07_drive3.csv,soc,SOCave292,1723015267000000000,1723015268000000000,1723015268000000000
BEV2_2024-08-07_drive3.csv,ambient_c,VCRIGHT_tempAmbientRaw,1723015267000000000,1723015268000000000,1723015268000000000
BEV2_2024-08-07_drive3.csv,pack_min_c,BMSminPackTemperature,1723015267000000000,1723015268000000000,1723015268000000000
BEV2_2024-08-07_drive3.csv,pack_max_c,BMSmaxPackTemperature,1723015267000000000,1723015268000000000,1723015268000000000
BEV2_2024-08-07_drive3.csv,preconditioning_request,UI_batteryPreconditioningRequest,1723015267000000000,1723015268000000000,1723015268000000000
BEV2_2024-08-07_drive4.csv,soc,SOCave292,1723025605000000000,1723025606000000000,1723025606000000000
BEV2_2024-08-07_drive4.csv,ambient_c,VCRIGHT_tempAmbientRaw,1723025605000000000,1723025606000000000,1723025606000000000
BEV2_2024-08-07_drive4.csv,pack_min_c,BMSminPackTemperature,1723025605000000000,1723025606000000000,1723025606000000000
BEV2_2024-08-07_drive4.csv,pack_max_c,BMSmaxPackTemperature,1723025605000000000,1723025606000000000,1723025606000000000
BEV2_2024-08-07_drive4.csv,preconditioning_request,UI_batteryPreconditioningRequest,1723025605000000000,1723025606000000000,1723025606000000000
BEV2_2024-08-07_drive5.csv,soc,SOCave292,1723027920000000000,1723027921000000000,1723027921000000000
BEV2_2024-08-07_drive5.csv,ambient_c,VCRIGHT_tempAmbientRaw,1723027920000000000,1723027921000000000,1723027921000000000
BEV2_2024-08-07_drive5.csv,pack_min_c,BMSminPackTemperature,1723027920000000000,1723027921000000000,1723027921000000000
BEV2_2024-08-07_drive5.csv,pack_max_c,BMSmaxPackTemperature,1723027920000000000,1723027921000000000,1723027921000000000
BEV2_2024-08-07_drive5.csv,preconditioning_request,UI_batteryPreconditioningRequest,1723027920000000000,1723027921000000000,1723027921000000000
BEV2_2024-08-07_drive6.csv,soc,SOCave292,1723041580000000000,1723041581000000000,1723041581000000000
BEV2_2024-08-07_drive6.csv,ambient_c,VCRIGHT_tempAmbientRaw,1723041580000000000,1723041581000000000,1723041581000000000
BEV2_2024-08-07_drive6.csv,pack_min_c,BMSminPackTemperature,1723041580000000000,1723041581000000000,1723041581000000000
BEV2_2024-08-07_drive6.csv,pack_max_c,BMSmaxPackTemperature,1723041580000000000,1723041581000000000,1723041581000000000
BEV2_2024-08-07_drive6.csv,preconditioning_request,UI_batteryPreconditioningRequest,1723041580000000000,1723041581000000000,1723041581000000000
BEV2_2024-08-07_drive7.csv,soc,SOCave292,1723047693000000000,1723047694000000000,1723047694000000000
BEV2_2024-08-07_drive7.csv,ambient_c,VCRIGHT_tempAmbientRaw,1723047693000000000,1723047694000000000,1723047694000000000
BEV2_2024-08-07_drive7.csv,pack_min_c,BMSminPackTemperature,1723047693000000000,1723047694000000000,1723047694000000000
BEV2_2024-08-07_drive7.csv,pack_max_c,BMSmaxPackTemperature,1723047693000000000,1723047694000000000,1723047694000000000
BEV2_2024-08-07_drive7.csv,preconditioning_request,UI_batteryPreconditioningRequest,1723047693000000000,1723047694000000000,1723047694000000000
BEV2_2024-08-07_drive8.csv,soc,SOCave292,1723057156000000000,1723057157000000000,1723057157000000000
BEV2_2024-08-07_drive8.csv,ambient_c,VCRIGHT_tempAmbientRaw,1723057156000000000,1723057157000000000,1723057157000000000
BEV2_2024-08-07_drive8.csv,pack_min_c,BMSminPackTemperature,1723057156000000000,1723057157000000000,1723057157000000000
BEV2_2024-08-07_drive8.csv,pack_max_c,BMSmaxPackTemperature,1723057156000000000,1723057157000000000,1723057157000000000
BEV2_2024-08-07_drive8.csv,preconditioning_request,UI_batteryPreconditioningRequest,1723057156000000000,1723057157000000000,1723057157000000000
BEV2_2024-08-07_drive9.csv,soc,SOCave292,1723060922000000000,1723060923000000000,1723060923000000000
BEV2_2024-08-07_drive9.csv,ambient_c,VCRIGHT_tempAmbientRaw,1723060922000000000,1723060923000000000,1723060923000000000
BEV2_2024-08-07_drive9.csv,pack_min_c,BMSminPackTemperature,1723060922000000000,1723060923000000000,1723060923000000000
BEV2_2024-08-07_drive9.csv,pack_max_c,BMSmaxPackTemperature,1723060922000000000,1723060923000000000,1723060923000000000
BEV2_2024-08-07_drive9.csv,preconditioning_request,UI_batteryPreconditioningRequest,1723060922000000000,1723060923000000000,1723060923000000000
BEV2_2024-08-08_drive1.csv,soc,SOCave292,1723099856000000000,1723099857000000000,1723099857000000000
BEV2_2024-08-08_drive1.csv,ambient_c,VCRIGHT_tempAmbientRaw,1723099856000000000,1723099857000000000,1723099857000000000
BEV2_2024-08-08_drive1.csv,pack_min_c,BMSminPackTemperature,1723099856000000000,1723099857000000000,1723099857000000000
BEV2_2024-08-08_drive1.csv,pack_max_c,BMSmaxPackTemperature,1723099856000000000,1723099857000000000,1723099857000000000
BEV2_2024-08-08_drive1.csv,preconditioning_request,UI_batteryPreconditioningRequest,1723099856000000000,1723099857000000000,1723099857000000000
BEV2_2024-08-08_drive2.csv,soc,SOCave292,1723107804000000000,1723107805000000000,1723107805000000000
BEV2_2024-08-08_drive2.csv,ambient_c,VCRIGHT_tempAmbientRaw,1723107804000000000,1723107805000000000,1723107805000000000
BEV2_2024-08-08_drive2.csv,pack_min_c,BMSminPackTemperature,1723107804000000000,1723107805000000000,1723107805000000000
BEV2_2024-08-08_drive2.csv,pack_max_c,BMSmaxPackTemperature,1723107804000000000,1723107805000000000,1723107805000000000
BEV2_2024-08-08_drive2.csv,preconditioning_request,UI_batteryPreconditioningRequest,1723107804000000000,1723107805000000000,1723107805000000000
BEV2_2024-08-08_drive3.csv,soc,SOCave292,1723137947000000000,1723137948000000000,1723137948000000000
BEV2_2024-08-08_drive3.csv,ambient_c,VCRIGHT_tempAmbientRaw,1723137947000000000,1723137948000000000,1723137948000000000
BEV2_2024-08-08_drive3.csv,pack_min_c,BMSminPackTemperature,1723137947000000000,1723137948000000000,1723137948000000000
BEV2_2024-08-08_drive3.csv,pack_max_c,BMSmaxPackTemperature,1723137947000000000,1723137948000000000,1723137948000000000
BEV2_2024-08-08_drive3.csv,preconditioning_request,UI_batteryPreconditioningRequest,1723137947000000000,1723137948000000000,1723137948000000000
BEV2_2024-08-08_drive4.csv,soc,SOCave292,1723146279000000000,1723146280000000000,1723146280000000000
BEV2_2024-08-08_drive4.csv,ambient_c,VCRIGHT_tempAmbientRaw,1723146279000000000,1723146280000000000,1723146280000000000
BEV2_2024-08-08_drive4.csv,pack_min_c,BMSminPackTemperature,1723146279000000000,1723146280000000000,1723146280000000000
BEV2_2024-08-08_drive4.csv,pack_max_c,BMSmaxPackTemperature,1723146279000000000,1723146280000000000,1723146280000000000
BEV2_2024-08-08_drive4.csv,preconditioning_request,UI_batteryPreconditioningRequest,1723146279000000000,1723146280000000000,1723146280000000000
BEV2_2024-08-09_drive2.csv,soc,SOCave292,1723211567000000000,1723211568000000000,1723211568000000000
BEV2_2024-08-09_drive2.csv,ambient_c,VCRIGHT_tempAmbientRaw,1723211567000000000,1723211568000000000,1723211568000000000
BEV2_2024-08-09_drive2.csv,pack_min_c,BMSminPackTemperature,1723211567000000000,1723211568000000000,1723211568000000000
BEV2_2024-08-09_drive2.csv,pack_max_c,BMSmaxPackTemperature,1723211567000000000,1723211568000000000,1723211568000000000
BEV2_2024-08-09_drive2.csv,preconditioning_request,UI_batteryPreconditioningRequest,1723211567000000000,1723211568000000000,1723211568000000000
BEV2_2024-08-09_drive3.csv,soc,SOCave292,1723213618000000000,1723213619000000000,1723213619000000000
BEV2_2024-08-09_drive3.csv,ambient_c,VCRIGHT_tempAmbientRaw,1723213618000000000,1723213619000000000,1723213619000000000
BEV2_2024-08-09_drive3.csv,pack_min_c,BMSminPackTemperature,1723213618000000000,1723213619000000000,1723213619000000000
BEV2_2024-08-09_drive3.csv,pack_max_c,BMSmaxPackTemperature,1723213618000000000,1723213619000000000,1723213619000000000
BEV2_2024-08-09_drive3.csv,preconditioning_request,UI_batteryPreconditioningRequest,1723213618000000000,1723213619000000000,1723213619000000000
BEV2_2024-08-09_drive4.csv,soc,SOCave292,1723216136000000000,1723216137000000000,1723216137000000000
BEV2_2024-08-09_drive4.csv,ambient_c,VCRIGHT_tempAmbientRaw,1723216136000000000,1723216137000000000,1723216137000000000
BEV2_2024-08-09_drive4.csv,pack_min_c,BMSminPackTemperature,1723216136000000000,1723216137000000000,1723216137000000000
BEV2_2024-08-09_drive4.csv,pack_max_c,BMSmaxPackTemperature,1723216136000000000,1723216137000000000,1723216137000000000
BEV2_2024-08-09_drive4.csv,preconditioning_request,UI_batteryPreconditioningRequest,1723216136000000000,1723216137000000000,1723216137000000000
BEV2_2024-08-09_drive5.csv,soc,SOCave292,1723223494000000000,1723223495000000000,1723223495000000000
BEV2_2024-08-09_drive5.csv,ambient_c,VCRIGHT_tempAmbientRaw,1723223494000000000,1723223495000000000,1723223495000000000
BEV2_2024-08-09_drive5.csv,pack_min_c,BMSminPackTemperature,1723223494000000000,1723223495000000000,1723223495000000000
BEV2_2024-08-09_drive5.csv,pack_max_c,BMSmaxPackTemperature,1723223494000000000,1723223495000000000,1723223495000000000
BEV2_2024-08-09_drive5.csv,preconditioning_request,UI_batteryPreconditioningRequest,1723223494000000000,1723223495000000000,1723223495000000000
BEV2_2024-08-09_drive6.csv,soc,SOCave292,1723232580000000000,1723232581000000000,1723232581000000000
BEV2_2024-08-09_drive6.csv,ambient_c,VCRIGHT_tempAmbientRaw,1723232580000000000,1723232581000000000,1723232581000000000
BEV2_2024-08-09_drive6.csv,pack_min_c,BMSminPackTemperature,1723232580000000000,1723232581000000000,1723232581000000000
BEV2_2024-08-09_drive6.csv,pack_max_c,BMSmaxPackTemperature,1723232580000000000,1723232581000000000,1723232581000000000
BEV2_2024-08-09_drive6.csv,preconditioning_request,UI_batteryPreconditioningRequest,1723232580000000000,1723232581000000000,1723232581000000000
BEV2_2024-08-09_drive7.csv,soc,SOCave292,1723238237000000000,1723238238000000000,1723238238000000000
BEV2_2024-08-09_drive7.csv,ambient_c,VCRIGHT_tempAmbientRaw,1723238237000000000,1723238238000000000,1723238238000000000
BEV2_2024-08-09_drive7.csv,pack_min_c,BMSminPackTemperature,1723238237000000000,1723238238000000000,1723238238000000000
BEV2_2024-08-09_drive7.csv,pack_max_c,BMSmaxPackTemperature,1723238237000000000,1723238238000000000,1723238238000000000
BEV2_2024-08-09_drive8.csv,soc,SOCave292,1723239817000000000,1723239818000000000,1723239818000000000
BEV2_2024-08-09_drive8.csv,ambient_c,VCRIGHT_tempAmbientRaw,1723239817000000000,1723239818000000000,1723239818000000000
BEV2_2024-08-09_drive8.csv,pack_min_c,BMSminPackTemperature,1723239817000000000,1723239818000000000,1723239818000000000
BEV2_2024-08-09_drive8.csv,pack_max_c,BMSmaxPackTemperature,1723239817000000000,1723239818000000000,1723239818000000000
BEV2_2024-08-09_drive8.csv,preconditioning_request,UI_batteryPreconditioningRequest,1723239817000000000,1723239818000000000,1723239818000000000
BEV2_2024-08-10_drive1.csv,soc,SOCave292,1723291567000000000,1723291568000000000,1723291568000000000
BEV2_2024-08-10_drive1.csv,ambient_c,VCRIGHT_tempAmbientRaw,1723291567000000000,1723291568000000000,1723291568000000000
BEV2_2024-08-10_drive1.csv,pack_min_c,BMSminPackTemperature,1723291567000000000,1723291568000000000,1723291568000000000
BEV2_2024-08-10_drive1.csv,pack_max_c,BMSmaxPackTemperature,1723291567000000000,1723291568000000000,1723291568000000000
BEV2_2024-08-10_drive1.csv,preconditioning_request,UI_batteryPreconditioningRequest,1723291567000000000,1723291568000000000,1723291568000000000
BEV2_2024-08-10_drive2.csv,soc,SOCave292,1723302993000000000,1723302994000000000,1723302994000000000
BEV2_2024-08-10_drive2.csv,ambient_c,VCRIGHT_tempAmbientRaw,1723302993000000000,1723302994000000000,1723302994000000000
BEV2_2024-08-10_drive2.csv,pack_min_c,BMSminPackTemperature,1723302993000000000,1723302994000000000,1723302994000000000
BEV2_2024-08-10_drive2.csv,pack_max_c,BMSmaxPackTemperature,1723302993000000000,1723302994000000000,1723302994000000000
BEV2_2024-08-10_drive2.csv,preconditioning_request,UI_batteryPreconditioningRequest,1723302993000000000,1723302994000000000,1723302994000000000
BEV2_2024-08-11_drive1.csv,soc,SOCave292,1723360723000000000,1723360724000000000,1723360724000000000
BEV2_2024-08-11_drive1.csv,ambient_c,VCRIGHT_tempAmbientRaw,1723360723000000000,1723360724000000000,1723360724000000000
BEV2_2024-08-11_drive1.csv,pack_min_c,BMSminPackTemperature,1723360723000000000,1723360724000000000,1723360724000000000
BEV2_2024-08-11_drive1.csv,pack_max_c,BMSmaxPackTemperature,1723360723000000000,1723360724000000000,1723360724000000000
BEV2_2024-08-11_drive1.csv,preconditioning_request,UI_batteryPreconditioningRequest,1723360723000000000,1723360724000000000,1723360724000000000
BEV2_2024-08-11_drive2.csv,soc,SOCave292,1723368326000000000,1723368327000000000,1723368327000000000
BEV2_2024-08-11_drive2.csv,ambient_c,VCRIGHT_tempAmbientRaw,1723368326000000000,1723368327000000000,1723368327000000000
BEV2_2024-08-11_drive2.csv,pack_min_c,BMSminPackTemperature,1723368326000000000,1723368327000000000,1723368327000000000
BEV2_2024-08-11_drive2.csv,pack_max_c,BMSmaxPackTemperature,1723368326000000000,1723368327000000000,1723368327000000000
BEV2_2024-08-11_drive2.csv,preconditioning_request,UI_batteryPreconditioningRequest,1723368326000000000,1723368327000000000,1723368327000000000
BEV2_2024-08-11_drive3.csv,soc,SOCave292,1723373152000000000,1723373153000000000,1723373153000000000
BEV2_2024-08-11_drive3.csv,ambient_c,VCRIGHT_tempAmbientRaw,1723373152000000000,1723373153000000000,1723373153000000000
BEV2_2024-08-11_drive3.csv,pack_min_c,BMSminPackTemperature,1723373152000000000,1723373153000000000,1723373153000000000
BEV2_2024-08-11_drive3.csv,pack_max_c,BMSmaxPackTemperature,1723373152000000000,1723373153000000000,1723373153000000000
BEV2_2024-08-11_drive3.csv,preconditioning_request,UI_batteryPreconditioningRequest,1723373152000000000,1723373153000000000,1723373153000000000
BEV2_2024-08-11_drive4.csv,soc,SOCave292,1723378421000000000,1723378422000000000,1723378422000000000
BEV2_2024-08-11_drive4.csv,ambient_c,VCRIGHT_tempAmbientRaw,1723378421000000000,1723378422000000000,1723378422000000000
BEV2_2024-08-11_drive4.csv,pack_min_c,BMSminPackTemperature,1723378421000000000,1723378422000000000,1723378422000000000
BEV2_2024-08-11_drive4.csv,pack_max_c,BMSmaxPackTemperature,1723378421000000000,1723378422000000000,1723378422000000000
BEV2_2024-08-12_drive2.csv,soc,SOCave292,1723487258000000000,1723487259000000000,1723487259000000000
BEV2_2024-08-12_drive2.csv,ambient_c,VCRIGHT_tempAmbientRaw,1723487258000000000,1723487259000000000,1723487259000000000
BEV2_2024-08-12_drive2.csv,pack_min_c,BMSminPackTemperature,1723487258000000000,1723487259000000000,1723487259000000000
BEV2_2024-08-12_drive2.csv,pack_max_c,BMSmaxPackTemperature,1723487258000000000,1723487259000000000,1723487259000000000
BEV2_2024-08-12_drive2.csv,preconditioning_request,UI_batteryPreconditioningRequest,1723487258000000000,1723487259000000000,1723487259000000000
BEV2_2024-08-13_drive1.csv,soc,SOCave292,1723528423000000000,1723528424000000000,1723528424000000000
BEV2_2024-08-13_drive1.csv,ambient_c,VCRIGHT_tempAmbientRaw,1723528423000000000,1723528424000000000,1723528424000000000
BEV2_2024-08-13_drive1.csv,pack_min_c,BMSminPackTemperature,1723528423000000000,1723528424000000000,1723528424000000000
BEV2_2024-08-13_drive1.csv,pack_max_c,BMSmaxPackTemperature,1723528423000000000,1723528424000000000,1723528424000000000
BEV2_2024-08-13_drive1.csv,preconditioning_request,UI_batteryPreconditioningRequest,1723528423000000000,1723528424000000000,1723528424000000000
BEV2_2024-08-13_drive2.csv,soc,SOCave292,1723541554000000000,1723541555000000000,1723541555000000000
BEV2_2024-08-13_drive2.csv,ambient_c,VCRIGHT_tempAmbientRaw,1723541554000000000,1723541555000000000,1723541555000000000
BEV2_2024-08-13_drive2.csv,pack_min_c,BMSminPackTemperature,1723541554000000000,1723541555000000000,1723541555000000000
BEV2_2024-08-13_drive2.csv,pack_max_c,BMSmaxPackTemperature,1723541554000000000,1723541555000000000,1723541555000000000
BEV2_2024-08-13_drive2.csv,preconditioning_request,UI_batteryPreconditioningRequest,1723541554000000000,1723541555000000000,1723541555000000000
BEV2_2024-08-13_drive3.csv,soc,SOCave292,1723545371000000000,1723545372000000000,1723545372000000000
BEV2_2024-08-13_drive3.csv,ambient_c,VCRIGHT_tempAmbientRaw,1723545371000000000,1723545372000000000,1723545372000000000
BEV2_2024-08-13_drive3.csv,pack_min_c,BMSminPackTemperature,1723545371000000000,1723545372000000000,1723545372000000000
BEV2_2024-08-13_drive3.csv,pack_max_c,BMSmaxPackTemperature,1723545371000000000,1723545372000000000,1723545372000000000
BEV2_2024-08-13_drive3.csv,preconditioning_request,UI_batteryPreconditioningRequest,1723545371000000000,1723545372000000000,1723545372000000000
BEV2_2024-08-13_drive4.csv,soc,SOCave292,1723559831000000000,1723559832000000000,1723559832000000000
BEV2_2024-08-13_drive4.csv,ambient_c,VCRIGHT_tempAmbientRaw,1723559831000000000,1723559832000000000,1723559832000000000
BEV2_2024-08-13_drive4.csv,pack_min_c,BMSminPackTemperature,1723559831000000000,1723559832000000000,1723559832000000000
BEV2_2024-08-13_drive4.csv,pack_max_c,BMSmaxPackTemperature,1723559831000000000,1723559832000000000,1723559832000000000
BEV2_2024-08-13_drive4.csv,preconditioning_request,UI_batteryPreconditioningRequest,1723559831000000000,1723559832000000000,1723559832000000000
BEV2_2024-08-13_drive5.csv,soc,SOCave292,1723561273000000000,1723561274000000000,1723561274000000000
BEV2_2024-08-13_drive5.csv,ambient_c,VCRIGHT_tempAmbientRaw,1723561273000000000,1723561274000000000,1723561274000000000
BEV2_2024-08-13_drive5.csv,pack_min_c,BMSminPackTemperature,1723561273000000000,1723561274000000000,1723561274000000000
BEV2_2024-08-13_drive5.csv,pack_max_c,BMSmaxPackTemperature,1723561273000000000,1723561274000000000,1723561274000000000
BEV2_2024-08-13_drive5.csv,preconditioning_request,UI_batteryPreconditioningRequest,1723561273000000000,1723561274000000000,1723561274000000000
BEV2_2024-08-13_drive6.csv,soc,SOCave292,1723565566000000000,1723565567000000000,1723565567000000000
BEV2_2024-08-13_drive6.csv,ambient_c,VCRIGHT_tempAmbientRaw,1723565566000000000,1723565567000000000,1723565567000000000
BEV2_2024-08-13_drive6.csv,pack_min_c,BMSminPackTemperature,1723565566000000000,1723565567000000000,1723565567000000000
BEV2_2024-08-13_drive6.csv,pack_max_c,BMSmaxPackTemperature,1723565566000000000,1723565567000000000,1723565567000000000
BEV2_2024-08-13_drive6.csv,preconditioning_request,UI_batteryPreconditioningRequest,1723565566000000000,1723565567000000000,1723565567000000000
BEV2_2024-08-13_drive7.csv,soc,SOCave292,1723567421000000000,1723567422000000000,1723567422000000000
BEV2_2024-08-13_drive7.csv,ambient_c,VCRIGHT_tempAmbientRaw,1723567421000000000,1723567422000000000,1723567422000000000
BEV2_2024-08-13_drive7.csv,pack_min_c,BMSminPackTemperature,1723567421000000000,1723567422000000000,1723567422000000000
BEV2_2024-08-13_drive7.csv,pack_max_c,BMSmaxPackTemperature,1723567421000000000,1723567422000000000,1723567422000000000
BEV2_2024-08-13_drive7.csv,preconditioning_request,UI_batteryPreconditioningRequest,1723567421000000000,1723567422000000000,1723567422000000000
BEV2_2024-08-13_drive8.csv,soc,SOCave292,1723572004000000000,1723572005000000000,1723572005000000000
BEV2_2024-08-13_drive8.csv,ambient_c,VCRIGHT_tempAmbientRaw,1723572004000000000,1723572005000000000,1723572005000000000
BEV2_2024-08-13_drive8.csv,pack_min_c,BMSminPackTemperature,1723572004000000000,1723572005000000000,1723572005000000000
BEV2_2024-08-13_drive8.csv,pack_max_c,BMSmaxPackTemperature,1723572004000000000,1723572005000000000,1723572005000000000
BEV2_2024-08-13_drive8.csv,preconditioning_request,UI_batteryPreconditioningRequest,1723572004000000000,1723572005000000000,1723572005000000000
BEV2_2024-08-14_drive1.csv,soc,SOCave292,1723625227000000000,1723625228000000000,1723625228000000000
BEV2_2024-08-14_drive1.csv,ambient_c,VCRIGHT_tempAmbientRaw,1723625227000000000,1723625228000000000,1723625228000000000
BEV2_2024-08-14_drive1.csv,pack_min_c,BMSminPackTemperature,1723625227000000000,1723625228000000000,1723625228000000000
BEV2_2024-08-14_drive1.csv,pack_max_c,BMSmaxPackTemperature,1723625227000000000,1723625228000000000,1723625228000000000
BEV2_2024-08-14_drive1.csv,preconditioning_request,UI_batteryPreconditioningRequest,1723625227000000000,1723625228000000000,1723625228000000000
BEV2_2024-08-14_drive2.csv,soc,SOCave292,1723627862000000000,1723627863000000000,1723627863000000000
BEV2_2024-08-14_drive2.csv,ambient_c,VCRIGHT_tempAmbientRaw,1723627862000000000,1723627863000000000,1723627863000000000
BEV2_2024-08-14_drive2.csv,pack_min_c,BMSminPackTemperature,1723627862000000000,1723627863000000000,1723627863000000000
BEV2_2024-08-14_drive2.csv,pack_max_c,BMSmaxPackTemperature,1723627862000000000,1723627863000000000,1723627863000000000
BEV2_2024-08-14_drive2.csv,preconditioning_request,UI_batteryPreconditioningRequest,1723627862000000000,1723627863000000000,1723627863000000000
BEV2_2024-08-14_drive3.csv,soc,SOCave292,1723630391000000000,1723630392000000000,1723630392000000000
BEV2_2024-08-14_drive3.csv,ambient_c,VCRIGHT_tempAmbientRaw,1723630391000000000,1723630392000000000,1723630392000000000
BEV2_2024-08-14_drive3.csv,pack_min_c,BMSminPackTemperature,1723630391000000000,1723630392000000000,1723630392000000000
BEV2_2024-08-14_drive3.csv,pack_max_c,BMSmaxPackTemperature,1723630391000000000,1723630392000000000,1723630392000000000
BEV2_2024-08-14_drive3.csv,preconditioning_request,UI_batteryPreconditioningRequest,1723630391000000000,1723630392000000000,1723630392000000000
BEV2_2024-08-14_drive5.csv,soc,SOCave292,1723656158000000000,1723656159000000000,1723656159000000000
BEV2_2024-08-14_drive5.csv,ambient_c,VCRIGHT_tempAmbientRaw,1723656158000000000,1723656159000000000,1723656159000000000
BEV2_2024-08-14_drive5.csv,pack_min_c,BMSminPackTemperature,1723656158000000000,1723656159000000000,1723656159000000000
BEV2_2024-08-14_drive5.csv,pack_max_c,BMSmaxPackTemperature,1723656158000000000,1723656159000000000,1723656159000000000
BEV2_2024-08-14_drive5.csv,preconditioning_request,UI_batteryPreconditioningRequest,1723656158000000000,1723656159000000000,1723656159000000000
BEV2_2024-08-14_drive6.csv,soc,SOCave292,1723666263000000000,1723666264000000000,1723666264000000000
BEV2_2024-08-14_drive6.csv,ambient_c,VCRIGHT_tempAmbientRaw,1723666263000000000,1723666264000000000,1723666264000000000
BEV2_2024-08-14_drive6.csv,pack_min_c,BMSminPackTemperature,1723666263000000000,1723666264000000000,1723666264000000000
BEV2_2024-08-14_drive6.csv,pack_max_c,BMSmaxPackTemperature,1723666263000000000,1723666264000000000,1723666264000000000
BEV2_2024-08-14_drive6.csv,preconditioning_request,UI_batteryPreconditioningRequest,1723666263000000000,1723666264000000000,1723666264000000000
BEV2_2024-08-14_drive7.csv,soc,SOCave292,1723667184000000000,1723667185000000000,1723667185000000000
BEV2_2024-08-14_drive7.csv,ambient_c,VCRIGHT_tempAmbientRaw,1723667184000000000,1723667185000000000,1723667185000000000
BEV2_2024-08-14_drive7.csv,pack_min_c,BMSminPackTemperature,1723667184000000000,1723667185000000000,1723667185000000000
BEV2_2024-08-14_drive7.csv,pack_max_c,BMSmaxPackTemperature,1723667184000000000,1723667185000000000,1723667185000000000
BEV2_2024-08-14_drive7.csv,preconditioning_request,UI_batteryPreconditioningRequest,1723667184000000000,1723667185000000000,1723667185000000000
BEV2_2024-08-15_drive1.csv,soc,SOCave292,1723707323000000000,1723707324000000000,1723707324000000000
BEV2_2024-08-15_drive1.csv,ambient_c,VCRIGHT_tempAmbientRaw,1723707323000000000,1723707324000000000,1723707324000000000
BEV2_2024-08-15_drive1.csv,pack_min_c,BMSminPackTemperature,1723707323000000000,1723707324000000000,1723707324000000000
BEV2_2024-08-15_drive1.csv,pack_max_c,BMSmaxPackTemperature,1723707323000000000,1723707324000000000,1723707324000000000
BEV2_2024-08-15_drive1.csv,preconditioning_request,UI_batteryPreconditioningRequest,1723707323000000000,1723707324000000000,1723707324000000000
BEV2_2024-08-15_drive10.csv,soc,SOCave292,1723740688000000000,1723740689000000000,1723740689000000000
BEV2_2024-08-15_drive10.csv,ambient_c,VCRIGHT_tempAmbientRaw,1723740688000000000,1723740689000000000,1723740689000000000
BEV2_2024-08-15_drive10.csv,pack_min_c,BMSminPackTemperature,1723740688000000000,1723740689000000000,1723740689000000000
BEV2_2024-08-15_drive10.csv,pack_max_c,BMSmaxPackTemperature,1723740688000000000,1723740689000000000,1723740689000000000
BEV2_2024-08-15_drive10.csv,preconditioning_request,UI_batteryPreconditioningRequest,1723740688000000000,1723740689000000000,1723740689000000000
BEV2_2024-08-15_drive11.csv,soc,SOCave292,1723741824000000000,1723741825000000000,1723741825000000000
BEV2_2024-08-15_drive11.csv,ambient_c,VCRIGHT_tempAmbientRaw,1723741824000000000,1723741825000000000,1723741825000000000
BEV2_2024-08-15_drive11.csv,pack_min_c,BMSminPackTemperature,1723741824000000000,1723741825000000000,1723741825000000000
BEV2_2024-08-15_drive11.csv,pack_max_c,BMSmaxPackTemperature,1723741824000000000,1723741825000000000,1723741825000000000
BEV2_2024-08-15_drive11.csv,preconditioning_request,UI_batteryPreconditioningRequest,1723741824000000000,1723741825000000000,1723741825000000000
BEV2_2024-08-15_drive2.csv,soc,SOCave292,1723749026000000000,1723749027000000000,1723749027000000000
BEV2_2024-08-15_drive2.csv,ambient_c,VCRIGHT_tempAmbientRaw,1723749026000000000,1723749027000000000,1723749027000000000
BEV2_2024-08-15_drive2.csv,pack_min_c,BMSminPackTemperature,1723749026000000000,1723749027000000000,1723749027000000000
BEV2_2024-08-15_drive2.csv,pack_max_c,BMSmaxPackTemperature,1723749026000000000,1723749027000000000,1723749027000000000
BEV2_2024-08-15_drive2.csv,preconditioning_request,UI_batteryPreconditioningRequest,1723749026000000000,1723749027000000000,1723749027000000000
BEV2_2024-08-15_drive3.csv,soc,SOCave292,1723760117000000000,1723760118000000000,1723760118000000000
BEV2_2024-08-15_drive3.csv,ambient_c,VCRIGHT_tempAmbientRaw,1723760117000000000,1723760118000000000,1723760118000000000
BEV2_2024-08-15_drive3.csv,pack_min_c,BMSminPackTemperature,1723760117000000000,1723760118000000000,1723760118000000000
BEV2_2024-08-15_drive3.csv,pack_max_c,BMSmaxPackTemperature,1723760117000000000,1723760118000000000,1723760118000000000
BEV2_2024-08-15_drive3.csv,preconditioning_request,UI_batteryPreconditioningRequest,1723760117000000000,1723760118000000000,1723760118000000000
BEV2_2024-08-15_drive4.csv,soc,SOCave292,1723715856000000000,1723715857000000000,1723715857000000000
BEV2_2024-08-15_drive4.csv,ambient_c,VCRIGHT_tempAmbientRaw,1723715856000000000,1723715857000000000,1723715857000000000
BEV2_2024-08-15_drive4.csv,pack_min_c,BMSminPackTemperature,1723715856000000000,1723715857000000000,1723715857000000000
BEV2_2024-08-15_drive4.csv,pack_max_c,BMSmaxPackTemperature,1723715856000000000,1723715857000000000,1723715857000000000
BEV2_2024-08-15_drive4.csv,preconditioning_request,UI_batteryPreconditioningRequest,1723715856000000000,1723715857000000000,1723715857000000000
BEV2_2024-08-15_drive5.csv,soc,SOCave292,1723719923000000000,1723719924000000000,1723719924000000000
BEV2_2024-08-15_drive5.csv,ambient_c,VCRIGHT_tempAmbientRaw,1723719923000000000,1723719924000000000,1723719924000000000
BEV2_2024-08-15_drive5.csv,pack_min_c,BMSminPackTemperature,1723719923000000000,1723719924000000000,1723719924000000000
BEV2_2024-08-15_drive5.csv,pack_max_c,BMSmaxPackTemperature,1723719923000000000,1723719924000000000,1723719924000000000
BEV2_2024-08-15_drive5.csv,preconditioning_request,UI_batteryPreconditioningRequest,1723719923000000000,1723719924000000000,1723719924000000000
BEV2_2024-08-15_drive6.csv,soc,SOCave292,1723723808000000000,1723723809000000000,1723723809000000000
BEV2_2024-08-15_drive6.csv,ambient_c,VCRIGHT_tempAmbientRaw,1723723808000000000,1723723809000000000,1723723809000000000
BEV2_2024-08-15_drive6.csv,pack_min_c,BMSminPackTemperature,1723723808000000000,1723723809000000000,1723723809000000000
BEV2_2024-08-15_drive6.csv,pack_max_c,BMSmaxPackTemperature,1723723808000000000,1723723809000000000,1723723809000000000
BEV2_2024-08-15_drive6.csv,preconditioning_request,UI_batteryPreconditioningRequest,1723723808000000000,1723723809000000000,1723723809000000000
BEV2_2024-08-15_drive7.csv,soc,SOCave292,1723728485000000000,1723728486000000000,1723728486000000000
BEV2_2024-08-15_drive7.csv,ambient_c,VCRIGHT_tempAmbientRaw,1723728485000000000,1723728486000000000,1723728486000000000
BEV2_2024-08-15_drive7.csv,pack_min_c,BMSminPackTemperature,1723728485000000000,1723728486000000000,1723728486000000000
BEV2_2024-08-15_drive7.csv,pack_max_c,BMSmaxPackTemperature,1723728485000000000,1723728486000000000,1723728486000000000
BEV2_2024-08-15_drive7.csv,preconditioning_request,UI_batteryPreconditioningRequest,1723728485000000000,1723728486000000000,1723728486000000000
BEV2_2024-08-15_drive8.csv,soc,SOCave292,1723734253000000000,1723734254000000000,1723734254000000000
BEV2_2024-08-15_drive8.csv,ambient_c,VCRIGHT_tempAmbientRaw,1723734253000000000,1723734254000000000,1723734254000000000
BEV2_2024-08-15_drive8.csv,pack_min_c,BMSminPackTemperature,1723734253000000000,1723734254000000000,1723734254000000000
BEV2_2024-08-15_drive8.csv,pack_max_c,BMSmaxPackTemperature,1723734253000000000,1723734254000000000,1723734254000000000
BEV2_2024-08-15_drive8.csv,preconditioning_request,UI_batteryPreconditioningRequest,1723734253000000000,1723734254000000000,1723734254000000000
BEV2_2024-08-15_drive9.csv,soc,SOCave292,1723735914000000000,1723735915000000000,1723735915000000000
BEV2_2024-08-15_drive9.csv,ambient_c,VCRIGHT_tempAmbientRaw,1723735914000000000,1723735915000000000,1723735915000000000
BEV2_2024-08-15_drive9.csv,pack_min_c,BMSminPackTemperature,1723735914000000000,1723735915000000000,1723735915000000000
BEV2_2024-08-15_drive9.csv,pack_max_c,BMSmaxPackTemperature,1723735914000000000,1723735915000000000,1723735915000000000
BEV2_2024-08-15_drive9.csv,preconditioning_request,UI_batteryPreconditioningRequest,1723735914000000000,1723735915000000000,1723735915000000000
BEV2_2024-08-16_drive1.csv,soc,SOCave292,1723787979000000000,1723787980000000000,1723787980000000000
BEV2_2024-08-16_drive1.csv,ambient_c,VCRIGHT_tempAmbientRaw,1723787979000000000,1723787980000000000,1723787980000000000
BEV2_2024-08-16_drive1.csv,pack_min_c,BMSminPackTemperature,1723787979000000000,1723787980000000000,1723787980000000000
BEV2_2024-08-16_drive1.csv,pack_max_c,BMSmaxPackTemperature,1723787979000000000,1723787980000000000,1723787980000000000
BEV2_2024-08-16_drive1.csv,preconditioning_request,UI_batteryPreconditioningRequest,1723787979000000000,1723787980000000000,1723787980000000000
BEV2_2024-08-16_drive2.csv,soc,SOCave292,1723792089000000000,1723792090000000000,1723792090000000000
BEV2_2024-08-16_drive2.csv,ambient_c,VCRIGHT_tempAmbientRaw,1723792089000000000,1723792090000000000,1723792090000000000
BEV2_2024-08-16_drive2.csv,pack_min_c,BMSminPackTemperature,1723792089000000000,1723792090000000000,1723792090000000000
BEV2_2024-08-16_drive2.csv,pack_max_c,BMSmaxPackTemperature,1723792089000000000,1723792090000000000,1723792090000000000
BEV2_2024-08-16_drive2.csv,preconditioning_request,UI_batteryPreconditioningRequest,1723792089000000000,1723792090000000000,1723792090000000000
BEV2_2024-08-16_drive3.csv,soc,SOCave292,1723800291000000000,1723800292000000000,1723800292000000000
BEV2_2024-08-16_drive3.csv,ambient_c,VCRIGHT_tempAmbientRaw,1723800291000000000,1723800292000000000,1723800292000000000
BEV2_2024-08-16_drive3.csv,pack_min_c,BMSminPackTemperature,1723800291000000000,1723800292000000000,1723800292000000000
BEV2_2024-08-16_drive3.csv,pack_max_c,BMSmaxPackTemperature,1723800291000000000,1723800292000000000,1723800292000000000
BEV2_2024-08-16_drive3.csv,preconditioning_request,UI_batteryPreconditioningRequest,1723800291000000000,1723800292000000000,1723800292000000000
BEV2_2024-08-16_drive4.csv,soc,SOCave292,1723802192000000000,1723802193000000000,1723802193000000000
BEV2_2024-08-16_drive4.csv,ambient_c,VCRIGHT_tempAmbientRaw,1723802192000000000,1723802193000000000,1723802193000000000
BEV2_2024-08-16_drive4.csv,pack_min_c,BMSminPackTemperature,1723802192000000000,1723802193000000000,1723802193000000000
BEV2_2024-08-16_drive4.csv,pack_max_c,BMSmaxPackTemperature,1723802192000000000,1723802193000000000,1723802193000000000
BEV2_2024-08-16_drive4.csv,preconditioning_request,UI_batteryPreconditioningRequest,1723802192000000000,1723802193000000000,1723802193000000000
BEV2_2024-08-16_drive5.csv,soc,SOCave292,1723812333000000000,1723812334000000000,1723812334000000000
BEV2_2024-08-16_drive5.csv,ambient_c,VCRIGHT_tempAmbientRaw,1723812333000000000,1723812334000000000,1723812334000000000
BEV2_2024-08-16_drive5.csv,pack_min_c,BMSminPackTemperature,1723812333000000000,1723812334000000000,1723812334000000000
BEV2_2024-08-16_drive5.csv,pack_max_c,BMSmaxPackTemperature,1723812333000000000,1723812334000000000,1723812334000000000
BEV2_2024-08-16_drive5.csv,preconditioning_request,UI_batteryPreconditioningRequest,1723812333000000000,1723812334000000000,1723812334000000000
BEV2_2024-08-16_drive6.csv,soc,SOCave292,1723837017000000000,1723837018000000000,1723837018000000000
BEV2_2024-08-16_drive6.csv,ambient_c,VCRIGHT_tempAmbientRaw,1723837017000000000,1723837018000000000,1723837018000000000
BEV2_2024-08-16_drive6.csv,pack_min_c,BMSminPackTemperature,1723837017000000000,1723837018000000000,1723837018000000000
BEV2_2024-08-16_drive6.csv,pack_max_c,BMSmaxPackTemperature,1723837017000000000,1723837018000000000,1723837018000000000
BEV2_2024-08-16_drive6.csv,preconditioning_request,UI_batteryPreconditioningRequest,1723837017000000000,1723837018000000000,1723837018000000000
BEV2_2024-08-16_drive7.csv,soc,SOCave292,1723850699000000000,1723850700000000000,1723850700000000000
BEV2_2024-08-16_drive7.csv,ambient_c,VCRIGHT_tempAmbientRaw,1723850699000000000,1723850700000000000,1723850700000000000
BEV2_2024-08-16_drive7.csv,pack_min_c,BMSminPackTemperature,1723850699000000000,1723850700000000000,1723850700000000000
BEV2_2024-08-16_drive7.csv,pack_max_c,BMSmaxPackTemperature,1723850699000000000,1723850700000000000,1723850700000000000
BEV2_2024-08-16_drive7.csv,preconditioning_request,UI_batteryPreconditioningRequest,1723850699000000000,1723850700000000000,1723850700000000000
BEV2_2024-08-17_drive1.csv,soc,SOCave292,1723891088000000000,1723891089000000000,1723891089000000000
BEV2_2024-08-17_drive1.csv,ambient_c,VCRIGHT_tempAmbientRaw,1723891088000000000,1723891089000000000,1723891089000000000
BEV2_2024-08-17_drive1.csv,pack_min_c,BMSminPackTemperature,1723891088000000000,1723891089000000000,1723891089000000000
BEV2_2024-08-17_drive1.csv,pack_max_c,BMSmaxPackTemperature,1723891088000000000,1723891089000000000,1723891089000000000
BEV2_2024-08-17_drive1.csv,preconditioning_request,UI_batteryPreconditioningRequest,1723891088000000000,1723891089000000000,1723891089000000000
BEV2_2024-08-17_drive2.csv,soc,SOCave292,1723895641000000000,1723895642000000000,1723895642000000000
BEV2_2024-08-17_drive2.csv,ambient_c,VCRIGHT_tempAmbientRaw,1723895641000000000,1723895642000000000,1723895642000000000
BEV2_2024-08-17_drive2.csv,pack_min_c,BMSminPackTemperature,1723895641000000000,1723895642000000000,1723895642000000000
BEV2_2024-08-17_drive2.csv,pack_max_c,BMSmaxPackTemperature,1723895641000000000,1723895642000000000,1723895642000000000
BEV2_2024-08-17_drive2.csv,preconditioning_request,UI_batteryPreconditioningRequest,1723895641000000000,1723895642000000000,1723895642000000000
BEV2_2024-08-17_drive4.csv,soc,SOCave292,1723911316000000000,1723911317000000000,1723911317000000000
BEV2_2024-08-17_drive4.csv,ambient_c,VCRIGHT_tempAmbientRaw,1723911316000000000,1723911317000000000,1723911317000000000
BEV2_2024-08-17_drive4.csv,pack_min_c,BMSminPackTemperature,1723911316000000000,1723911317000000000,1723911317000000000
BEV2_2024-08-17_drive4.csv,pack_max_c,BMSmaxPackTemperature,1723911316000000000,1723911317000000000,1723911317000000000
BEV2_2024-08-17_drive4.csv,preconditioning_request,UI_batteryPreconditioningRequest,1723911316000000000,1723911317000000000,1723911317000000000
BEV2_2024-08-17_drive5.csv,soc,SOCave292,1723914006000000000,1723914007000000000,1723914007000000000
BEV2_2024-08-17_drive5.csv,ambient_c,VCRIGHT_tempAmbientRaw,1723914006000000000,1723914007000000000,1723914007000000000
BEV2_2024-08-17_drive5.csv,pack_min_c,BMSminPackTemperature,1723914006000000000,1723914007000000000,1723914007000000000
BEV2_2024-08-17_drive5.csv,pack_max_c,BMSmaxPackTemperature,1723914006000000000,1723914007000000000,1723914007000000000
BEV2_2024-08-17_drive5.csv,preconditioning_request,UI_batteryPreconditioningRequest,1723914006000000000,1723914007000000000,1723914007000000000
BEV2_2024-08-17_drive6.csv,soc,SOCave292,1723917893000000000,1723917894000000000,1723917894000000000
BEV2_2024-08-17_drive6.csv,ambient_c,VCRIGHT_tempAmbientRaw,1723917893000000000,1723917894000000000,1723917894000000000
BEV2_2024-08-17_drive6.csv,pack_min_c,BMSminPackTemperature,1723917893000000000,1723917894000000000,1723917894000000000
BEV2_2024-08-17_drive6.csv,pack_max_c,BMSmaxPackTemperature,1723917893000000000,1723917894000000000,1723917894000000000
BEV2_2024-08-17_drive6.csv,preconditioning_request,UI_batteryPreconditioningRequest,1723917893000000000,1723917894000000000,1723917894000000000
BEV2_2024-08-17_drive7.csv,soc,SOCave292,1723938873000000000,1723938874000000000,1723938874000000000
BEV2_2024-08-17_drive7.csv,ambient_c,VCRIGHT_tempAmbientRaw,1723938873000000000,1723938874000000000,1723938874000000000
BEV2_2024-08-17_drive7.csv,pack_min_c,BMSminPackTemperature,1723938873000000000,1723938874000000000,1723938874000000000
BEV2_2024-08-17_drive7.csv,pack_max_c,BMSmaxPackTemperature,1723938873000000000,1723938874000000000,1723938874000000000
BEV2_2024-08-17_drive7.csv,preconditioning_request,UI_batteryPreconditioningRequest,1723938873000000000,1723938874000000000,1723938874000000000
BEV2_2024-08-18_drive1.csv,soc,SOCave292,1723966201000000000,1723966202000000000,1723966202000000000
BEV2_2024-08-18_drive1.csv,ambient_c,VCRIGHT_tempAmbientRaw,1723966201000000000,1723966202000000000,1723966202000000000
BEV2_2024-08-18_drive1.csv,pack_min_c,BMSminPackTemperature,1723966201000000000,1723966202000000000,1723966202000000000
BEV2_2024-08-18_drive1.csv,pack_max_c,BMSmaxPackTemperature,1723966201000000000,1723966202000000000,1723966202000000000
BEV2_2024-08-18_drive1.csv,preconditioning_request,UI_batteryPreconditioningRequest,1723966201000000000,1723966202000000000,1723966202000000000
BEV2_2024-08-18_drive2.csv,soc,SOCave292,1723978364000000000,1723978365000000000,1723978365000000000
BEV2_2024-08-18_drive2.csv,ambient_c,VCRIGHT_tempAmbientRaw,1723978364000000000,1723978365000000000,1723978365000000000
BEV2_2024-08-18_drive2.csv,pack_min_c,BMSminPackTemperature,1723978364000000000,1723978365000000000,1723978365000000000
BEV2_2024-08-18_drive2.csv,pack_max_c,BMSmaxPackTemperature,1723978364000000000,1723978365000000000,1723978365000000000
BEV2_2024-08-18_drive2.csv,preconditioning_request,UI_batteryPreconditioningRequest,1723978364000000000,1723978365000000000,1723978365000000000
BEV2_2024-08-18_drive3.csv,soc,SOCave292,1723983208000000000,1723983209000000000,1723983209000000000
BEV2_2024-08-18_drive3.csv,ambient_c,VCRIGHT_tempAmbientRaw,1723983208000000000,1723983209000000000,1723983209000000000
BEV2_2024-08-18_drive3.csv,pack_min_c,BMSminPackTemperature,1723983208000000000,1723983209000000000,1723983209000000000
BEV2_2024-08-18_drive3.csv,pack_max_c,BMSmaxPackTemperature,1723983208000000000,1723983209000000000,1723983209000000000
BEV2_2024-08-18_drive3.csv,preconditioning_request,UI_batteryPreconditioningRequest,1723983208000000000,1723983209000000000,1723983209000000000
BEV2_2024-08-18_drive4.csv,soc,SOCave292,1723986483000000000,1723986484000000000,1723986484000000000
BEV2_2024-08-18_drive4.csv,ambient_c,VCRIGHT_tempAmbientRaw,1723986483000000000,1723986484000000000,1723986484000000000
BEV2_2024-08-18_drive4.csv,pack_min_c,BMSminPackTemperature,1723986483000000000,1723986484000000000,1723986484000000000
BEV2_2024-08-18_drive4.csv,pack_max_c,BMSmaxPackTemperature,1723986483000000000,1723986484000000000,1723986484000000000
BEV2_2024-08-18_drive4.csv,preconditioning_request,UI_batteryPreconditioningRequest,1723986483000000000,1723986484000000000,1723986484000000000
BEV2_2024-08-18_drive5.csv,soc,SOCave292,1723993610000000000,1723993611000000000,1723993611000000000
BEV2_2024-08-18_drive5.csv,ambient_c,VCRIGHT_tempAmbientRaw,1723993610000000000,1723993611000000000,1723993611000000000
BEV2_2024-08-18_drive5.csv,pack_min_c,BMSminPackTemperature,1723993610000000000,1723993611000000000,1723993611000000000
BEV2_2024-08-18_drive5.csv,pack_max_c,BMSmaxPackTemperature,1723993610000000000,1723993611000000000,1723993611000000000
BEV2_2024-08-18_drive5.csv,preconditioning_request,UI_batteryPreconditioningRequest,1723993610000000000,1723993611000000000,1723993611000000000
BEV2_2024-08-18_drive6.csv,soc,SOCave292,1723998385000000000,1723998386000000000,1723998386000000000
BEV2_2024-08-18_drive6.csv,ambient_c,VCRIGHT_tempAmbientRaw,1723998385000000000,1723998386000000000,1723998386000000000
BEV2_2024-08-18_drive6.csv,pack_min_c,BMSminPackTemperature,1723998385000000000,1723998386000000000,1723998386000000000
BEV2_2024-08-18_drive6.csv,pack_max_c,BMSmaxPackTemperature,1723998385000000000,1723998386000000000,1723998386000000000
BEV2_2024-08-18_drive6.csv,preconditioning_request,UI_batteryPreconditioningRequest,1723998385000000000,1723998386000000000,1723998386000000000
BEV2_2024-08-18_drive7.csv,soc,SOCave292,1724004211000000000,1724004212000000000,1724004212000000000
BEV2_2024-08-18_drive7.csv,ambient_c,VCRIGHT_tempAmbientRaw,1724004211000000000,1724004212000000000,1724004212000000000
BEV2_2024-08-18_drive7.csv,pack_min_c,BMSminPackTemperature,1724004211000000000,1724004212000000000,1724004212000000000
BEV2_2024-08-18_drive7.csv,pack_max_c,BMSmaxPackTemperature,1724004211000000000,1724004212000000000,1724004212000000000
BEV2_2024-08-18_drive7.csv,preconditioning_request,UI_batteryPreconditioningRequest,1724004211000000000,1724004212000000000,1724004212000000000
BEV2_2024-08-18_drive8.csv,soc,SOCave292,1724023976000000000,1724023977000000000,1724023977000000000
BEV2_2024-08-18_drive8.csv,ambient_c,VCRIGHT_tempAmbientRaw,1724023976000000000,1724023977000000000,1724023977000000000
BEV2_2024-08-18_drive8.csv,pack_min_c,BMSminPackTemperature,1724023976000000000,1724023977000000000,1724023977000000000
BEV2_2024-08-18_drive8.csv,pack_max_c,BMSmaxPackTemperature,1724023976000000000,1724023977000000000,1724023977000000000
BEV2_2024-08-18_drive8.csv,preconditioning_request,UI_batteryPreconditioningRequest,1724023976000000000,1724023977000000000,1724023977000000000
BEV2_2024-08-19_drive1.csv,soc,SOCave292,1724058178000000000,1724058179000000000,1724058179000000000
BEV2_2024-08-19_drive1.csv,ambient_c,VCRIGHT_tempAmbientRaw,1724058178000000000,1724058179000000000,1724058179000000000
BEV2_2024-08-19_drive1.csv,pack_min_c,BMSminPackTemperature,1724058178000000000,1724058179000000000,1724058179000000000
BEV2_2024-08-19_drive1.csv,pack_max_c,BMSmaxPackTemperature,1724058178000000000,1724058179000000000,1724058179000000000
BEV2_2024-08-19_drive1.csv,preconditioning_request,UI_batteryPreconditioningRequest,1724058178000000000,1724058179000000000,1724058179000000000
BEV2_2024-08-19_drive2.csv,soc,SOCave292,1724059463000000000,1724059464000000000,1724059464000000000
BEV2_2024-08-19_drive2.csv,ambient_c,VCRIGHT_tempAmbientRaw,1724059463000000000,1724059464000000000,1724059464000000000
BEV2_2024-08-19_drive2.csv,pack_min_c,BMSminPackTemperature,1724059463000000000,1724059464000000000,1724059464000000000
BEV2_2024-08-19_drive2.csv,pack_max_c,BMSmaxPackTemperature,1724059463000000000,1724059464000000000,1724059464000000000
BEV2_2024-08-19_drive4.csv,soc,SOCave292,1724079419000000000,1724079420000000000,1724079420000000000
BEV2_2024-08-19_drive4.csv,ambient_c,VCRIGHT_tempAmbientRaw,1724079419000000000,1724079420000000000,1724079420000000000
BEV2_2024-08-19_drive4.csv,pack_min_c,BMSminPackTemperature,1724079419000000000,1724079420000000000,1724079420000000000
BEV2_2024-08-19_drive4.csv,pack_max_c,BMSmaxPackTemperature,1724079419000000000,1724079420000000000,1724079420000000000
BEV2_2024-08-19_drive4.csv,preconditioning_request,UI_batteryPreconditioningRequest,1724079419000000000,1724079420000000000,1724079420000000000
BEV2_2024-08-19_drive5.csv,soc,SOCave292,1724084400000000000,1724084401000000000,1724084401000000000
BEV2_2024-08-19_drive5.csv,ambient_c,VCRIGHT_tempAmbientRaw,1724084400000000000,1724084401000000000,1724084401000000000
BEV2_2024-08-19_drive5.csv,pack_min_c,BMSminPackTemperature,1724084400000000000,1724084401000000000,1724084401000000000
BEV2_2024-08-19_drive5.csv,pack_max_c,BMSmaxPackTemperature,1724084400000000000,1724084401000000000,1724084401000000000
BEV2_2024-08-19_drive5.csv,preconditioning_request,UI_batteryPreconditioningRequest,1724084400000000000,1724084401000000000,1724084401000000000
BEV2_2024-08-19_drive6.csv,soc,SOCave292,1724088804000000000,1724088805000000000,1724088805000000000
BEV2_2024-08-19_drive6.csv,ambient_c,VCRIGHT_tempAmbientRaw,1724088804000000000,1724088805000000000,1724088805000000000
BEV2_2024-08-19_drive6.csv,pack_min_c,BMSminPackTemperature,1724088804000000000,1724088805000000000,1724088805000000000
BEV2_2024-08-19_drive6.csv,pack_max_c,BMSmaxPackTemperature,1724088804000000000,1724088805000000000,1724088805000000000
BEV2_2024-08-19_drive6.csv,preconditioning_request,UI_batteryPreconditioningRequest,1724088804000000000,1724088805000000000,1724088805000000000
BEV2_2024-08-19_drive7.csv,soc,SOCave292,1724092587000000000,1724092588000000000,1724092588000000000
BEV2_2024-08-19_drive7.csv,ambient_c,VCRIGHT_tempAmbientRaw,1724092587000000000,1724092588000000000,1724092588000000000
BEV2_2024-08-19_drive7.csv,pack_min_c,BMSminPackTemperature,1724092587000000000,1724092588000000000,1724092588000000000
BEV2_2024-08-19_drive7.csv,pack_max_c,BMSmaxPackTemperature,1724092587000000000,1724092588000000000,1724092588000000000
BEV2_2024-08-19_drive7.csv,preconditioning_request,UI_batteryPreconditioningRequest,1724092587000000000,1724092588000000000,1724092588000000000
BEV2_2024-08-19_drive8.csv,soc,SOCave292,1724103978000000000,1724103979000000000,1724103979000000000
BEV2_2024-08-19_drive8.csv,ambient_c,VCRIGHT_tempAmbientRaw,1724103978000000000,1724103979000000000,1724103979000000000
BEV2_2024-08-19_drive8.csv,pack_min_c,BMSminPackTemperature,1724103978000000000,1724103979000000000,1724103979000000000
BEV2_2024-08-19_drive8.csv,pack_max_c,BMSmaxPackTemperature,1724103978000000000,1724103979000000000,1724103979000000000
BEV2_2024-08-19_drive8.csv,preconditioning_request,UI_batteryPreconditioningRequest,1724103978000000000,1724103979000000000,1724103979000000000
BEV2_2024-08-20_drive1.csv,soc,SOCave292,1724133552000000000,1724133553000000000,1724133553000000000
BEV2_2024-08-20_drive1.csv,ambient_c,VCRIGHT_tempAmbientRaw,1724133552000000000,1724133553000000000,1724133553000000000
BEV2_2024-08-20_drive1.csv,pack_min_c,BMSminPackTemperature,1724133552000000000,1724133553000000000,1724133553000000000
BEV2_2024-08-20_drive1.csv,pack_max_c,BMSmaxPackTemperature,1724133552000000000,1724133553000000000,1724133553000000000
BEV2_2024-08-20_drive1.csv,preconditioning_request,UI_batteryPreconditioningRequest,1724133552000000000,1724133553000000000,1724133553000000000
BEV2_2024-08-20_drive3.csv,soc,SOCave292,1724150099000000000,1724150100000000000,1724150100000000000
BEV2_2024-08-20_drive3.csv,ambient_c,VCRIGHT_tempAmbientRaw,1724150099000000000,1724150100000000000,1724150100000000000
BEV2_2024-08-20_drive3.csv,pack_min_c,BMSminPackTemperature,1724150099000000000,1724150100000000000,1724150100000000000
BEV2_2024-08-20_drive3.csv,pack_max_c,BMSmaxPackTemperature,1724150099000000000,1724150100000000000,1724150100000000000
BEV2_2024-08-20_drive3.csv,preconditioning_request,UI_batteryPreconditioningRequest,1724150099000000000,1724150100000000000,1724150100000000000
BEV2_2024-08-20_drive4.csv,soc,SOCave292,1724168784000000000,1724168785000000000,1724168785000000000
BEV2_2024-08-20_drive4.csv,ambient_c,VCRIGHT_tempAmbientRaw,1724168784000000000,1724168785000000000,1724168785000000000
BEV2_2024-08-20_drive4.csv,pack_min_c,BMSminPackTemperature,1724168784000000000,1724168785000000000,1724168785000000000
BEV2_2024-08-20_drive4.csv,pack_max_c,BMSmaxPackTemperature,1724168784000000000,1724168785000000000,1724168785000000000
BEV2_2024-08-20_drive4.csv,preconditioning_request,UI_batteryPreconditioningRequest,1724168784000000000,1724168785000000000,1724168785000000000
BEV2_2024-08-20_drive5.csv,soc,SOCave292,1724171742000000000,1724171743000000000,1724171743000000000
BEV2_2024-08-20_drive5.csv,ambient_c,VCRIGHT_tempAmbientRaw,1724171742000000000,1724171743000000000,1724171743000000000
BEV2_2024-08-20_drive5.csv,pack_min_c,BMSminPackTemperature,1724171742000000000,1724171743000000000,1724171743000000000
BEV2_2024-08-20_drive5.csv,pack_max_c,BMSmaxPackTemperature,1724171742000000000,1724171743000000000,1724171743000000000
BEV2_2024-08-20_drive5.csv,preconditioning_request,UI_batteryPreconditioningRequest,1724171742000000000,1724171743000000000,1724171743000000000
BEV2_2024-08-20_drive6.csv,soc,SOCave292,1724185605000000000,1724185606000000000,1724185606000000000
BEV2_2024-08-20_drive6.csv,ambient_c,VCRIGHT_tempAmbientRaw,1724185605000000000,1724185606000000000,1724185606000000000
BEV2_2024-08-20_drive6.csv,pack_min_c,BMSminPackTemperature,1724185605000000000,1724185606000000000,1724185606000000000
BEV2_2024-08-20_drive6.csv,pack_max_c,BMSmaxPackTemperature,1724185605000000000,1724185606000000000,1724185606000000000
BEV2_2024-08-21_drive1.csv,soc,SOCave292,1724219150000000000,1724219151000000000,1724219151000000000
BEV2_2024-08-21_drive1.csv,ambient_c,VCRIGHT_tempAmbientRaw,1724219150000000000,1724219151000000000,1724219151000000000
BEV2_2024-08-21_drive1.csv,pack_min_c,BMSminPackTemperature,1724219150000000000,1724219151000000000,1724219151000000000
BEV2_2024-08-21_drive1.csv,pack_max_c,BMSmaxPackTemperature,1724219150000000000,1724219151000000000,1724219151000000000
BEV2_2024-08-21_drive1.csv,preconditioning_request,UI_batteryPreconditioningRequest,1724219150000000000,1724219151000000000,1724219151000000000
BEV2_2024-08-21_drive2.csv,soc,SOCave292,1724220537000000000,1724220538000000000,1724220538000000000
BEV2_2024-08-21_drive2.csv,ambient_c,VCRIGHT_tempAmbientRaw,1724220537000000000,1724220538000000000,1724220538000000000
BEV2_2024-08-21_drive2.csv,pack_min_c,BMSminPackTemperature,1724220537000000000,1724220538000000000,1724220538000000000
BEV2_2024-08-21_drive2.csv,pack_max_c,BMSmaxPackTemperature,1724220537000000000,1724220538000000000,1724220538000000000
BEV2_2024-08-21_drive2.csv,preconditioning_request,UI_batteryPreconditioningRequest,1724220537000000000,1724220538000000000,1724220538000000000
BEV2_2024-08-22_drive1.csv,soc,SOCave292,1724327112000000000,1724327113000000000,1724327113000000000
BEV2_2024-08-22_drive1.csv,ambient_c,VCRIGHT_tempAmbientRaw,1724327112000000000,1724327113000000000,1724327113000000000
BEV2_2024-08-22_drive1.csv,pack_min_c,BMSminPackTemperature,1724327112000000000,1724327113000000000,1724327113000000000
BEV2_2024-08-22_drive1.csv,pack_max_c,BMSmaxPackTemperature,1724327112000000000,1724327113000000000,1724327113000000000
BEV2_2024-08-22_drive1.csv,preconditioning_request,UI_batteryPreconditioningRequest,1724327112000000000,1724327113000000000,1724327113000000000
BEV2_2024-08-22_drive2.csv,soc,SOCave292,1724334763000000000,1724334764000000000,1724334764000000000
BEV2_2024-08-22_drive2.csv,ambient_c,VCRIGHT_tempAmbientRaw,1724334763000000000,1724334764000000000,1724334764000000000
BEV2_2024-08-22_drive2.csv,pack_min_c,BMSminPackTemperature,1724334763000000000,1724334764000000000,1724334764000000000
BEV2_2024-08-22_drive2.csv,pack_max_c,BMSmaxPackTemperature,1724334763000000000,1724334764000000000,1724334764000000000
BEV2_2024-08-22_drive2.csv,preconditioning_request,UI_batteryPreconditioningRequest,1724334763000000000,1724334764000000000,1724334764000000000
BEV2_2024-08-22_drive3.csv,soc,SOCave292,1724338222000000000,1724338223000000000,1724338223000000000
BEV2_2024-08-22_drive3.csv,ambient_c,VCRIGHT_tempAmbientRaw,1724338222000000000,1724338223000000000,1724338223000000000
BEV2_2024-08-22_drive3.csv,pack_min_c,BMSminPackTemperature,1724338222000000000,1724338223000000000,1724338223000000000
BEV2_2024-08-22_drive3.csv,pack_max_c,BMSmaxPackTemperature,1724338222000000000,1724338223000000000,1724338223000000000
BEV2_2024-08-22_drive3.csv,preconditioning_request,UI_batteryPreconditioningRequest,1724338222000000000,1724338223000000000,1724338223000000000
BEV2_2024-08-22_drive4.csv,soc,SOCave292,1724342546000000000,1724342547000000000,1724342547000000000
BEV2_2024-08-22_drive4.csv,ambient_c,VCRIGHT_tempAmbientRaw,1724342546000000000,1724342547000000000,1724342547000000000
BEV2_2024-08-22_drive4.csv,pack_min_c,BMSminPackTemperature,1724342546000000000,1724342547000000000,1724342547000000000
BEV2_2024-08-22_drive4.csv,pack_max_c,BMSmaxPackTemperature,1724342546000000000,1724342547000000000,1724342547000000000
BEV2_2024-08-22_drive4.csv,preconditioning_request,UI_batteryPreconditioningRequest,1724342546000000000,1724342547000000000,1724342547000000000
BEV2_2024-08-22_drive5.csv,soc,SOCave292,1724349645000000000,1724349646000000000,1724349646000000000
BEV2_2024-08-22_drive5.csv,ambient_c,VCRIGHT_tempAmbientRaw,1724349645000000000,1724349646000000000,1724349646000000000
BEV2_2024-08-22_drive5.csv,pack_min_c,BMSminPackTemperature,1724349645000000000,1724349646000000000,1724349646000000000
BEV2_2024-08-22_drive5.csv,pack_max_c,BMSmaxPackTemperature,1724349645000000000,1724349646000000000,1724349646000000000
BEV2_2024-08-22_drive5.csv,preconditioning_request,UI_batteryPreconditioningRequest,1724349645000000000,1724349646000000000,1724349646000000000
BEV2_2024-08-22_drive6.csv,soc,SOCave292,1724353682000000000,1724353683000000000,1724353683000000000
BEV2_2024-08-22_drive6.csv,ambient_c,VCRIGHT_tempAmbientRaw,1724353682000000000,1724353683000000000,1724353683000000000
BEV2_2024-08-22_drive6.csv,pack_min_c,BMSminPackTemperature,1724353682000000000,1724353683000000000,1724353683000000000
BEV2_2024-08-22_drive6.csv,pack_max_c,BMSmaxPackTemperature,1724353682000000000,1724353683000000000,1724353683000000000
BEV2_2024-08-22_drive6.csv,preconditioning_request,UI_batteryPreconditioningRequest,1724353682000000000,1724353683000000000,1724353683000000000
BEV2_2024-08-23_drive1.csv,soc,SOCave292,1724394269000000000,1724394270000000000,1724394270000000000
BEV2_2024-08-23_drive1.csv,ambient_c,VCRIGHT_tempAmbientRaw,1724394269000000000,1724394270000000000,1724394270000000000
BEV2_2024-08-23_drive1.csv,pack_min_c,BMSminPackTemperature,1724394269000000000,1724394270000000000,1724394270000000000
BEV2_2024-08-23_drive1.csv,pack_max_c,BMSmaxPackTemperature,1724394269000000000,1724394270000000000,1724394270000000000
BEV2_2024-08-23_drive1.csv,preconditioning_request,UI_batteryPreconditioningRequest,1724394269000000000,1724394270000000000,1724394270000000000
BEV2_2024-08-23_drive4.csv,soc,SOCave292,1724420114000000000,1724420115000000000,1724420115000000000
BEV2_2024-08-23_drive4.csv,ambient_c,VCRIGHT_tempAmbientRaw,1724420114000000000,1724420115000000000,1724420115000000000
BEV2_2024-08-23_drive4.csv,pack_min_c,BMSminPackTemperature,1724420114000000000,1724420115000000000,1724420115000000000
BEV2_2024-08-23_drive4.csv,pack_max_c,BMSmaxPackTemperature,1724420114000000000,1724420115000000000,1724420115000000000
BEV2_2024-08-23_drive4.csv,preconditioning_request,UI_batteryPreconditioningRequest,1724420114000000000,1724420115000000000,1724420115000000000
BEV2_2024-08-23_drive5.csv,soc,SOCave292,1724423864000000000,1724423865000000000,1724423865000000000
BEV2_2024-08-23_drive5.csv,ambient_c,VCRIGHT_tempAmbientRaw,1724423864000000000,1724423865000000000,1724423865000000000
BEV2_2024-08-23_drive5.csv,pack_min_c,BMSminPackTemperature,1724423864000000000,1724423865000000000,1724423865000000000
BEV2_2024-08-23_drive5.csv,pack_max_c,BMSmaxPackTemperature,1724423864000000000,1724423865000000000,1724423865000000000
BEV2_2024-08-23_drive5.csv,preconditioning_request,UI_batteryPreconditioningRequest,1724423864000000000,1724423865000000000,1724423865000000000
BEV2_2024-08-23_drive6.csv,soc,SOCave292,1724431206000000000,1724431207000000000,1724431207000000000
BEV2_2024-08-23_drive6.csv,ambient_c,VCRIGHT_tempAmbientRaw,1724431206000000000,1724431207000000000,1724431207000000000
BEV2_2024-08-23_drive6.csv,pack_min_c,BMSminPackTemperature,1724431206000000000,1724431207000000000,1724431207000000000
BEV2_2024-08-23_drive6.csv,pack_max_c,BMSmaxPackTemperature,1724431206000000000,1724431207000000000,1724431207000000000
BEV2_2024-08-23_drive6.csv,preconditioning_request,UI_batteryPreconditioningRequest,1724431206000000000,1724431207000000000,1724431207000000000
BEV2_2024-08-23_drive7.csv,soc,SOCave292,1724436069000000000,1724436070000000000,1724436070000000000
BEV2_2024-08-23_drive7.csv,ambient_c,VCRIGHT_tempAmbientRaw,1724436069000000000,1724436070000000000,1724436070000000000
BEV2_2024-08-23_drive7.csv,pack_min_c,BMSminPackTemperature,1724436069000000000,1724436070000000000,1724436070000000000
BEV2_2024-08-23_drive7.csv,pack_max_c,BMSmaxPackTemperature,1724436069000000000,1724436070000000000,1724436070000000000
BEV2_2024-08-23_drive7.csv,preconditioning_request,UI_batteryPreconditioningRequest,1724436069000000000,1724436070000000000,1724436070000000000
BEV2_2024-08-23_drive8.csv,soc,SOCave292,1724443178000000000,1724443179000000000,1724443179000000000
BEV2_2024-08-23_drive8.csv,ambient_c,VCRIGHT_tempAmbientRaw,1724443178000000000,1724443179000000000,1724443179000000000
BEV2_2024-08-23_drive8.csv,pack_min_c,BMSminPackTemperature,1724443178000000000,1724443179000000000,1724443179000000000
BEV2_2024-08-23_drive8.csv,pack_max_c,BMSmaxPackTemperature,1724443178000000000,1724443179000000000,1724443179000000000
BEV2_2024-08-23_drive8.csv,preconditioning_request,UI_batteryPreconditioningRequest,1724443178000000000,1724443179000000000,1724443179000000000
BEV2_2024-08-24_drive1.csv,soc,SOCave292,1724491586000000000,1724491587000000000,1724491587000000000
BEV2_2024-08-24_drive1.csv,ambient_c,VCRIGHT_tempAmbientRaw,1724491586000000000,1724491587000000000,1724491587000000000
BEV2_2024-08-24_drive1.csv,pack_min_c,BMSminPackTemperature,1724491586000000000,1724491587000000000,1724491587000000000
BEV2_2024-08-24_drive1.csv,pack_max_c,BMSmaxPackTemperature,1724491586000000000,1724491587000000000,1724491587000000000
BEV2_2024-08-24_drive1.csv,preconditioning_request,UI_batteryPreconditioningRequest,1724491586000000000,1724491587000000000,1724491587000000000
BEV2_2024-08-24_drive2.csv,soc,SOCave292,1724510614000000000,1724510615000000000,1724510615000000000
BEV2_2024-08-24_drive2.csv,ambient_c,VCRIGHT_tempAmbientRaw,1724510614000000000,1724510615000000000,1724510615000000000
BEV2_2024-08-24_drive2.csv,pack_min_c,BMSminPackTemperature,1724510614000000000,1724510615000000000,1724510615000000000
BEV2_2024-08-24_drive2.csv,pack_max_c,BMSmaxPackTemperature,1724510614000000000,1724510615000000000,1724510615000000000
BEV2_2024-08-24_drive2.csv,preconditioning_request,UI_batteryPreconditioningRequest,1724510614000000000,1724510615000000000,1724510615000000000
BEV2_2024-08-24_drive3.csv,soc,SOCave292,1724516906000000000,1724516907000000000,1724516907000000000
BEV2_2024-08-24_drive3.csv,ambient_c,VCRIGHT_tempAmbientRaw,1724516906000000000,1724516907000000000,1724516907000000000
BEV2_2024-08-24_drive3.csv,pack_min_c,BMSminPackTemperature,1724516906000000000,1724516907000000000,1724516907000000000
BEV2_2024-08-24_drive3.csv,pack_max_c,BMSmaxPackTemperature,1724516906000000000,1724516907000000000,1724516907000000000
BEV2_2024-08-24_drive3.csv,preconditioning_request,UI_batteryPreconditioningRequest,1724516906000000000,1724516907000000000,1724516907000000000
BEV2_2024-08-24_drive4.csv,soc,SOCave292,1724529556000000000,1724529557000000000,1724529557000000000
BEV2_2024-08-24_drive4.csv,ambient_c,VCRIGHT_tempAmbientRaw,1724529556000000000,1724529557000000000,1724529557000000000
BEV2_2024-08-24_drive4.csv,pack_min_c,BMSminPackTemperature,1724529556000000000,1724529557000000000,1724529557000000000
BEV2_2024-08-24_drive4.csv,pack_max_c,BMSmaxPackTemperature,1724529556000000000,1724529557000000000,1724529557000000000
BEV2_2024-08-24_drive4.csv,preconditioning_request,UI_batteryPreconditioningRequest,1724529556000000000,1724529557000000000,1724529557000000000
BEV2_2024-08-25_drive1.csv,soc,SOCave292,1724573979000000000,1724573980000000000,1724573980000000000
BEV2_2024-08-25_drive1.csv,ambient_c,VCRIGHT_tempAmbientRaw,1724573979000000000,1724573980000000000,1724573980000000000
BEV2_2024-08-25_drive1.csv,pack_min_c,BMSminPackTemperature,1724573979000000000,1724573980000000000,1724573980000000000
BEV2_2024-08-25_drive1.csv,pack_max_c,BMSmaxPackTemperature,1724573979000000000,1724573980000000000,1724573980000000000
BEV2_2024-08-25_drive2.csv,soc,SOCave292,1724576479000000000,1724576480000000000,1724576480000000000
BEV2_2024-08-25_drive2.csv,ambient_c,VCRIGHT_tempAmbientRaw,1724576479000000000,1724576480000000000,1724576480000000000
BEV2_2024-08-25_drive2.csv,pack_min_c,BMSminPackTemperature,1724576479000000000,1724576480000000000,1724576480000000000
BEV2_2024-08-25_drive2.csv,pack_max_c,BMSmaxPackTemperature,1724576479000000000,1724576480000000000,1724576480000000000
BEV2_2024-08-25_drive2.csv,preconditioning_request,UI_batteryPreconditioningRequest,1724576479000000000,1724576480000000000,1724576480000000000
BEV2_2024-08-25_drive3.csv,soc,SOCave292,1724587192000000000,1724587193000000000,1724587193000000000
BEV2_2024-08-25_drive3.csv,ambient_c,VCRIGHT_tempAmbientRaw,1724587192000000000,1724587193000000000,1724587193000000000
BEV2_2024-08-25_drive3.csv,pack_min_c,BMSminPackTemperature,1724587192000000000,1724587193000000000,1724587193000000000
BEV2_2024-08-25_drive3.csv,pack_max_c,BMSmaxPackTemperature,1724587192000000000,1724587193000000000,1724587193000000000
BEV2_2024-08-25_drive3.csv,preconditioning_request,UI_batteryPreconditioningRequest,1724587192000000000,1724587193000000000,1724587193000000000
BEV2_2024-08-25_drive4.csv,soc,SOCave292,1724591349000000000,1724591350000000000,1724591350000000000
BEV2_2024-08-25_drive4.csv,ambient_c,VCRIGHT_tempAmbientRaw,1724591349000000000,1724591350000000000,1724591350000000000
BEV2_2024-08-25_drive4.csv,pack_min_c,BMSminPackTemperature,1724591349000000000,1724591350000000000,1724591350000000000
BEV2_2024-08-25_drive4.csv,pack_max_c,BMSmaxPackTemperature,1724591349000000000,1724591350000000000,1724591350000000000
BEV2_2024-08-25_drive4.csv,preconditioning_request,UI_batteryPreconditioningRequest,1724591349000000000,1724591350000000000,1724591350000000000
BEV2_2024-08-25_drive5.csv,soc,SOCave292,1724598828000000000,1724598829000000000,1724598829000000000
BEV2_2024-08-25_drive5.csv,ambient_c,VCRIGHT_tempAmbientRaw,1724598828000000000,1724598829000000000,1724598829000000000
BEV2_2024-08-25_drive5.csv,pack_min_c,BMSminPackTemperature,1724598828000000000,1724598829000000000,1724598829000000000
BEV2_2024-08-25_drive5.csv,pack_max_c,BMSmaxPackTemperature,1724598828000000000,1724598829000000000,1724598829000000000
BEV2_2024-08-25_drive5.csv,preconditioning_request,UI_batteryPreconditioningRequest,1724598827000000000,1724598828000000000,1724598829000000000
BEV2_2024-08-25_drive6.csv,soc,SOCave292,1724623138000000000,1724623139000000000,1724623139000000000
BEV2_2024-08-25_drive6.csv,ambient_c,VCRIGHT_tempAmbientRaw,1724623138000000000,1724623139000000000,1724623139000000000
BEV2_2024-08-25_drive6.csv,pack_min_c,BMSminPackTemperature,1724623138000000000,1724623139000000000,1724623139000000000
BEV2_2024-08-25_drive6.csv,pack_max_c,BMSmaxPackTemperature,1724623138000000000,1724623139000000000,1724623139000000000
BEV2_2024-08-25_drive6.csv,preconditioning_request,UI_batteryPreconditioningRequest,1724623138000000000,1724623139000000000,1724623139000000000
BEV2_2024-08-26_drive2.csv,soc,SOCave292,1724693326000000000,1724693327000000000,1724693327000000000
BEV2_2024-08-26_drive2.csv,ambient_c,VCRIGHT_tempAmbientRaw,1724693326000000000,1724693327000000000,1724693327000000000
BEV2_2024-08-26_drive2.csv,pack_min_c,BMSminPackTemperature,1724693326000000000,1724693327000000000,1724693327000000000
BEV2_2024-08-26_drive2.csv,pack_max_c,BMSmaxPackTemperature,1724693326000000000,1724693327000000000,1724693327000000000
BEV2_2024-08-26_drive2.csv,preconditioning_request,UI_batteryPreconditioningRequest,1724693326000000000,1724693327000000000,1724693327000000000
BEV2_2024-08-26_drive3.csv,soc,SOCave292,1724704235000000000,1724704236000000000,1724704236000000000
BEV2_2024-08-26_drive3.csv,ambient_c,VCRIGHT_tempAmbientRaw,1724704235000000000,1724704236000000000,1724704236000000000
BEV2_2024-08-26_drive3.csv,pack_min_c,BMSminPackTemperature,1724704235000000000,1724704236000000000,1724704236000000000
BEV2_2024-08-26_drive3.csv,pack_max_c,BMSmaxPackTemperature,1724704235000000000,1724704236000000000,1724704236000000000
BEV2_2024-08-26_drive3.csv,preconditioning_request,UI_batteryPreconditioningRequest,1724704235000000000,1724704236000000000,1724704236000000000
BEV2_2024-08-27_drive2.csv,soc,SOCave292,1724753160000000000,1724753161000000000,1724753161000000000
BEV2_2024-08-27_drive2.csv,ambient_c,VCRIGHT_tempAmbientRaw,1724753160000000000,1724753161000000000,1724753161000000000
BEV2_2024-08-27_drive2.csv,pack_min_c,BMSminPackTemperature,1724753160000000000,1724753161000000000,1724753161000000000
BEV2_2024-08-27_drive2.csv,pack_max_c,BMSmaxPackTemperature,1724753160000000000,1724753161000000000,1724753161000000000
BEV2_2024-08-27_drive2.csv,preconditioning_request,UI_batteryPreconditioningRequest,1724753160000000000,1724753161000000000,1724753161000000000
BEV2_2024-08-28_drive2.csv,soc,SOCave292,1724858020000000000,1724858021000000000,1724858021000000000
BEV2_2024-08-28_drive2.csv,ambient_c,VCRIGHT_tempAmbientRaw,1724858020000000000,1724858021000000000,1724858021000000000
BEV2_2024-08-28_drive2.csv,pack_min_c,BMSminPackTemperature,1724858020000000000,1724858021000000000,1724858021000000000
BEV2_2024-08-28_drive2.csv,pack_max_c,BMSmaxPackTemperature,1724858020000000000,1724858021000000000,1724858021000000000
BEV2_2024-08-28_drive2.csv,preconditioning_request,UI_batteryPreconditioningRequest,1724858020000000000,1724858021000000000,1724858021000000000
BEV2_2024-08-28_drive3.csv,soc,SOCave292,1724862632000000000,1724862633000000000,1724862633000000000
BEV2_2024-08-28_drive3.csv,ambient_c,VCRIGHT_tempAmbientRaw,1724862632000000000,1724862633000000000,1724862633000000000
BEV2_2024-08-28_drive3.csv,pack_min_c,BMSminPackTemperature,1724862632000000000,1724862633000000000,1724862633000000000
BEV2_2024-08-28_drive3.csv,pack_max_c,BMSmaxPackTemperature,1724862632000000000,1724862633000000000,1724862633000000000
BEV2_2024-08-28_drive3.csv,preconditioning_request,UI_batteryPreconditioningRequest,1724862632000000000,1724862633000000000,1724862633000000000
BEV2_2024-08-28_drive4.csv,soc,SOCave292,1724873313000000000,1724873314000000000,1724873314000000000
BEV2_2024-08-28_drive4.csv,ambient_c,VCRIGHT_tempAmbientRaw,1724873313000000000,1724873314000000000,1724873314000000000
BEV2_2024-08-28_drive4.csv,pack_min_c,BMSminPackTemperature,1724873313000000000,1724873314000000000,1724873314000000000
BEV2_2024-08-28_drive4.csv,pack_max_c,BMSmaxPackTemperature,1724873313000000000,1724873314000000000,1724873314000000000
BEV2_2024-08-28_drive4.csv,preconditioning_request,UI_batteryPreconditioningRequest,1724873313000000000,1724873314000000000,1724873314000000000
BEV2_2024-08-29_drive1.csv,soc,SOCave292,1724911279000000000,1724911280000000000,1724911280000000000
BEV2_2024-08-29_drive1.csv,ambient_c,VCRIGHT_tempAmbientRaw,1724911279000000000,1724911280000000000,1724911280000000000
BEV2_2024-08-29_drive1.csv,pack_min_c,BMSminPackTemperature,1724911279000000000,1724911280000000000,1724911280000000000
BEV2_2024-08-29_drive1.csv,pack_max_c,BMSmaxPackTemperature,1724911279000000000,1724911280000000000,1724911280000000000
BEV2_2024-08-29_drive1.csv,preconditioning_request,UI_batteryPreconditioningRequest,1724911279000000000,1724911280000000000,1724911280000000000
BEV2_2024-08-29_drive2.csv,soc,SOCave292,1724914686000000000,1724914687000000000,1724914687000000000
BEV2_2024-08-29_drive2.csv,ambient_c,VCRIGHT_tempAmbientRaw,1724914686000000000,1724914687000000000,1724914687000000000
BEV2_2024-08-29_drive2.csv,pack_min_c,BMSminPackTemperature,1724914686000000000,1724914687000000000,1724914687000000000
BEV2_2024-08-29_drive2.csv,pack_max_c,BMSmaxPackTemperature,1724914686000000000,1724914687000000000,1724914687000000000
BEV2_2024-08-29_drive2.csv,preconditioning_request,UI_batteryPreconditioningRequest,1724914686000000000,1724914687000000000,1724914687000000000
BEV2_2024-08-29_drive3.csv,soc,SOCave292,1724916337000000000,1724916338000000000,1724916338000000000
BEV2_2024-08-29_drive3.csv,ambient_c,VCRIGHT_tempAmbientRaw,1724916337000000000,1724916338000000000,1724916338000000000
BEV2_2024-08-29_drive3.csv,pack_min_c,BMSminPackTemperature,1724916337000000000,1724916338000000000,1724916338000000000
BEV2_2024-08-29_drive3.csv,pack_max_c,BMSmaxPackTemperature,1724916337000000000,1724916338000000000,1724916338000000000
BEV2_2024-08-29_drive3.csv,preconditioning_request,UI_batteryPreconditioningRequest,1724916337000000000,1724916338000000000,1724916338000000000
BEV2_2024-08-29_drive4.csv,soc,SOCave292,1724925498000000000,1724925499000000000,1724925499000000000
BEV2_2024-08-29_drive4.csv,ambient_c,VCRIGHT_tempAmbientRaw,1724925498000000000,1724925499000000000,1724925499000000000
BEV2_2024-08-29_drive4.csv,pack_min_c,BMSminPackTemperature,1724925498000000000,1724925499000000000,1724925499000000000
BEV2_2024-08-29_drive4.csv,pack_max_c,BMSmaxPackTemperature,1724925498000000000,1724925499000000000,1724925499000000000
BEV2_2024-08-29_drive4.csv,preconditioning_request,UI_batteryPreconditioningRequest,1724925498000000000,1724925499000000000,1724925499000000000
BEV2_2024-08-29_drive5.csv,soc,SOCave292,1724928191000000000,1724928192000000000,1724928192000000000
BEV2_2024-08-29_drive5.csv,ambient_c,VCRIGHT_tempAmbientRaw,1724928191000000000,1724928192000000000,1724928192000000000
BEV2_2024-08-29_drive5.csv,pack_min_c,BMSminPackTemperature,1724928191000000000,1724928192000000000,1724928192000000000
BEV2_2024-08-29_drive5.csv,pack_max_c,BMSmaxPackTemperature,1724928191000000000,1724928192000000000,1724928192000000000
BEV2_2024-08-29_drive5.csv,preconditioning_request,UI_batteryPreconditioningRequest,1724928191000000000,1724928192000000000,1724928192000000000
BEV2_2024-08-29_drive6.csv,soc,SOCave292,1724953195000000000,1724953196000000000,1724953196000000000
BEV2_2024-08-29_drive6.csv,ambient_c,VCRIGHT_tempAmbientRaw,1724953195000000000,1724953196000000000,1724953196000000000
BEV2_2024-08-29_drive6.csv,pack_min_c,BMSminPackTemperature,1724953195000000000,1724953196000000000,1724953196000000000
BEV2_2024-08-29_drive6.csv,pack_max_c,BMSmaxPackTemperature,1724953195000000000,1724953196000000000,1724953196000000000
BEV2_2024-08-29_drive6.csv,preconditioning_request,UI_batteryPreconditioningRequest,1724953195000000000,1724953196000000000,1724953196000000000
BEV2_2024-08-29_drive7.csv,soc,SOCave292,1724954521000000000,1724954522000000000,1724954522000000000
BEV2_2024-08-29_drive7.csv,ambient_c,VCRIGHT_tempAmbientRaw,1724954521000000000,1724954522000000000,1724954522000000000
BEV2_2024-08-29_drive7.csv,pack_min_c,BMSminPackTemperature,1724954521000000000,1724954522000000000,1724954522000000000
BEV2_2024-08-29_drive7.csv,pack_max_c,BMSmaxPackTemperature,1724954521000000000,1724954522000000000,1724954522000000000
BEV2_2024-08-29_drive7.csv,preconditioning_request,UI_batteryPreconditioningRequest,1724954521000000000,1724954522000000000,1724954522000000000
BEV2_2024-08-29_drive8.csv,soc,SOCave292,1724961956000000000,1724961957000000000,1724961957000000000
BEV2_2024-08-29_drive8.csv,ambient_c,VCRIGHT_tempAmbientRaw,1724961956000000000,1724961957000000000,1724961957000000000
BEV2_2024-08-29_drive8.csv,pack_min_c,BMSminPackTemperature,1724961956000000000,1724961957000000000,1724961957000000000
BEV2_2024-08-29_drive8.csv,pack_max_c,BMSmaxPackTemperature,1724961956000000000,1724961957000000000,1724961957000000000
BEV2_2024-08-29_drive8.csv,preconditioning_request,UI_batteryPreconditioningRequest,1724961956000000000,1724961957000000000,1724961957000000000
BEV2_2024-08-30_drive1.csv,soc,SOCave292,1725003118000000000,1725003119000000000,1725003119000000000
BEV2_2024-08-30_drive1.csv,ambient_c,VCRIGHT_tempAmbientRaw,1725003118000000000,1725003119000000000,1725003119000000000
BEV2_2024-08-30_drive1.csv,pack_min_c,BMSminPackTemperature,1725003118000000000,1725003119000000000,1725003119000000000
BEV2_2024-08-30_drive1.csv,pack_max_c,BMSmaxPackTemperature,1725003118000000000,1725003119000000000,1725003119000000000
BEV2_2024-08-30_drive1.csv,preconditioning_request,UI_batteryPreconditioningRequest,1725003118000000000,1725003119000000000,1725003119000000000
BEV2_2024-08-30_drive2.csv,soc,SOCave292,1725007472000000000,1725007473000000000,1725007473000000000
BEV2_2024-08-30_drive2.csv,ambient_c,VCRIGHT_tempAmbientRaw,1725007472000000000,1725007473000000000,1725007473000000000
BEV2_2024-08-30_drive2.csv,pack_min_c,BMSminPackTemperature,1725007472000000000,1725007473000000000,1725007473000000000
BEV2_2024-08-30_drive2.csv,pack_max_c,BMSmaxPackTemperature,1725007472000000000,1725007473000000000,1725007473000000000
BEV2_2024-08-30_drive2.csv,preconditioning_request,UI_batteryPreconditioningRequest,1725007472000000000,1725007473000000000,1725007473000000000
BEV2_2024-08-30_drive3.csv,soc,SOCave292,1725009960000000000,1725009961000000000,1725009961000000000
BEV2_2024-08-30_drive3.csv,ambient_c,VCRIGHT_tempAmbientRaw,1725009960000000000,1725009961000000000,1725009961000000000
BEV2_2024-08-30_drive3.csv,pack_min_c,BMSminPackTemperature,1725009960000000000,1725009961000000000,1725009961000000000
BEV2_2024-08-30_drive3.csv,pack_max_c,BMSmaxPackTemperature,1725009960000000000,1725009961000000000,1725009961000000000
BEV2_2024-08-30_drive3.csv,preconditioning_request,UI_batteryPreconditioningRequest,1725009960000000000,1725009961000000000,1725009961000000000
BEV2_2024-08-30_drive4.csv,soc,SOCave292,1725015262000000000,1725015263000000000,1725015263000000000
BEV2_2024-08-30_drive4.csv,ambient_c,VCRIGHT_tempAmbientRaw,1725015262000000000,1725015263000000000,1725015263000000000
BEV2_2024-08-30_drive4.csv,pack_min_c,BMSminPackTemperature,1725015262000000000,1725015263000000000,1725015263000000000
BEV2_2024-08-30_drive4.csv,pack_max_c,BMSmaxPackTemperature,1725015262000000000,1725015263000000000,1725015263000000000
BEV2_2024-08-30_drive5.csv,soc,SOCave292,1725032289000000000,1725032290000000000,1725032290000000000
BEV2_2024-08-30_drive5.csv,ambient_c,VCRIGHT_tempAmbientRaw,1725032289000000000,1725032290000000000,1725032290000000000
BEV2_2024-08-30_drive5.csv,pack_min_c,BMSminPackTemperature,1725032289000000000,1725032290000000000,1725032290000000000
BEV2_2024-08-30_drive5.csv,pack_max_c,BMSmaxPackTemperature,1725032289000000000,1725032290000000000,1725032290000000000
BEV2_2024-08-30_drive5.csv,preconditioning_request,UI_batteryPreconditioningRequest,1725032289000000000,1725032290000000000,1725032290000000000
BEV2_2024-08-30_drive6.csv,soc,SOCave292,1725054215000000000,1725054216000000000,1725054216000000000
BEV2_2024-08-30_drive6.csv,ambient_c,VCRIGHT_tempAmbientRaw,1725054215000000000,1725054216000000000,1725054216000000000
BEV2_2024-08-30_drive6.csv,pack_min_c,BMSminPackTemperature,1725054215000000000,1725054216000000000,1725054216000000000
BEV2_2024-08-30_drive6.csv,pack_max_c,BMSmaxPackTemperature,1725054215000000000,1725054216000000000,1725054216000000000
BEV2_2024-08-30_drive6.csv,preconditioning_request,UI_batteryPreconditioningRequest,1725054215000000000,1725054216000000000,1725054216000000000
BEV2_2024-08-31_drive1.csv,soc,SOCave292,1725090589000000000,1725090590000000000,1725090590000000000
BEV2_2024-08-31_drive1.csv,ambient_c,VCRIGHT_tempAmbientRaw,1725090589000000000,1725090590000000000,1725090590000000000
BEV2_2024-08-31_drive1.csv,pack_min_c,BMSminPackTemperature,1725090589000000000,1725090590000000000,1725090590000000000
BEV2_2024-08-31_drive1.csv,pack_max_c,BMSmaxPackTemperature,1725090589000000000,1725090590000000000,1725090590000000000
BEV2_2024-08-31_drive1.csv,preconditioning_request,UI_batteryPreconditioningRequest,1725090589000000000,1725090590000000000,1725090590000000000
BEV2_2024-08-31_drive2.csv,soc,SOCave292,1725096434000000000,1725096435000000000,1725096435000000000
BEV2_2024-08-31_drive2.csv,ambient_c,VCRIGHT_tempAmbientRaw,1725096434000000000,1725096435000000000,1725096435000000000
BEV2_2024-08-31_drive2.csv,pack_min_c,BMSminPackTemperature,1725096434000000000,1725096435000000000,1725096435000000000
BEV2_2024-08-31_drive2.csv,pack_max_c,BMSmaxPackTemperature,1725096434000000000,1725096435000000000,1725096435000000000
BEV2_2024-08-31_drive2.csv,preconditioning_request,UI_batteryPreconditioningRequest,1725096434000000000,1725096435000000000,1725096435000000000
BEV2_2024-08-31_drive4.csv,soc,SOCave292,1725135095000000000,1725135096000000000,1725135096000000000
BEV2_2024-08-31_drive4.csv,ambient_c,VCRIGHT_tempAmbientRaw,1725135095000000000,1725135096000000000,1725135096000000000
BEV2_2024-08-31_drive4.csv,pack_min_c,BMSminPackTemperature,1725135095000000000,1725135096000000000,1725135096000000000
BEV2_2024-08-31_drive4.csv,pack_max_c,BMSmaxPackTemperature,1725135095000000000,1725135096000000000,1725135096000000000
BEV2_2024-08-31_drive4.csv,preconditioning_request,UI_batteryPreconditioningRequest,1725135094000000000,1725135095000000000,1725135096000000000
BEV2_2024-09-01_drive1.csv,soc,SOCave292,1725178432000000000,1725178433000000000,1725178433000000000
BEV2_2024-09-01_drive1.csv,ambient_c,VCRIGHT_tempAmbientRaw,1725178432000000000,1725178433000000000,1725178433000000000
BEV2_2024-09-01_drive1.csv,pack_min_c,BMSminPackTemperature,1725178432000000000,1725178433000000000,1725178433000000000
BEV2_2024-09-01_drive1.csv,pack_max_c,BMSmaxPackTemperature,1725178432000000000,1725178433000000000,1725178433000000000
BEV2_2024-09-01_drive1.csv,preconditioning_request,UI_batteryPreconditioningRequest,1725178432000000000,1725178433000000000,1725178433000000000
BEV2_2024-09-01_drive3.csv,soc,SOCave292,1725194788000000000,1725194789000000000,1725194789000000000
BEV2_2024-09-01_drive3.csv,ambient_c,VCRIGHT_tempAmbientRaw,1725194788000000000,1725194789000000000,1725194789000000000
BEV2_2024-09-01_drive3.csv,pack_min_c,BMSminPackTemperature,1725194788000000000,1725194789000000000,1725194789000000000
BEV2_2024-09-01_drive3.csv,pack_max_c,BMSmaxPackTemperature,1725194788000000000,1725194789000000000,1725194789000000000
BEV2_2024-09-01_drive3.csv,preconditioning_request,UI_batteryPreconditioningRequest,1725194788000000000,1725194789000000000,1725194789000000000
BEV2_2024-09-01_drive4.csv,soc,SOCave292,1725204227000000000,1725204228000000000,1725204228000000000
BEV2_2024-09-01_drive4.csv,ambient_c,VCRIGHT_tempAmbientRaw,1725204227000000000,1725204228000000000,1725204228000000000
BEV2_2024-09-01_drive4.csv,pack_min_c,BMSminPackTemperature,1725204227000000000,1725204228000000000,1725204228000000000
BEV2_2024-09-01_drive4.csv,pack_max_c,BMSmaxPackTemperature,1725204227000000000,1725204228000000000,1725204228000000000
BEV2_2024-09-01_drive5.csv,soc,SOCave292,1725213015000000000,1725213016000000000,1725213016000000000
BEV2_2024-09-01_drive5.csv,ambient_c,VCRIGHT_tempAmbientRaw,1725213015000000000,1725213016000000000,1725213016000000000
BEV2_2024-09-01_drive5.csv,pack_min_c,BMSminPackTemperature,1725213015000000000,1725213016000000000,1725213016000000000
BEV2_2024-09-01_drive5.csv,pack_max_c,BMSmaxPackTemperature,1725213015000000000,1725213016000000000,1725213016000000000
BEV2_2024-09-01_drive5.csv,preconditioning_request,UI_batteryPreconditioningRequest,1725213015000000000,1725213016000000000,1725213016000000000
BEV2_2024-09-02_drive1.csv,soc,SOCave292,1725275841000000000,1725275842000000000,1725275842000000000
BEV2_2024-09-02_drive1.csv,ambient_c,VCRIGHT_tempAmbientRaw,1725275841000000000,1725275842000000000,1725275842000000000
BEV2_2024-09-02_drive1.csv,pack_min_c,BMSminPackTemperature,1725275841000000000,1725275842000000000,1725275842000000000
BEV2_2024-09-02_drive1.csv,pack_max_c,BMSmaxPackTemperature,1725275841000000000,1725275842000000000,1725275842000000000
BEV2_2024-09-02_drive1.csv,preconditioning_request,UI_batteryPreconditioningRequest,1725275841000000000,1725275842000000000,1725275842000000000
BEV2_2024-09-02_drive2.csv,soc,SOCave292,1725282408000000000,1725282409000000000,1725282409000000000
BEV2_2024-09-02_drive2.csv,ambient_c,VCRIGHT_tempAmbientRaw,1725282408000000000,1725282409000000000,1725282409000000000
BEV2_2024-09-02_drive2.csv,pack_min_c,BMSminPackTemperature,1725282408000000000,1725282409000000000,1725282409000000000
BEV2_2024-09-02_drive2.csv,pack_max_c,BMSmaxPackTemperature,1725282408000000000,1725282409000000000,1725282409000000000
BEV2_2024-09-02_drive2.csv,preconditioning_request,UI_batteryPreconditioningRequest,1725282408000000000,1725282409000000000,1725282409000000000
BEV2_2024-09-02_drive3.csv,soc,SOCave292,1725286674000000000,1725286675000000000,1725286675000000000
BEV2_2024-09-02_drive3.csv,ambient_c,VCRIGHT_tempAmbientRaw,1725286674000000000,1725286675000000000,1725286675000000000
BEV2_2024-09-02_drive3.csv,pack_min_c,BMSminPackTemperature,1725286674000000000,1725286675000000000,1725286675000000000
BEV2_2024-09-02_drive3.csv,pack_max_c,BMSmaxPackTemperature,1725286674000000000,1725286675000000000,1725286675000000000
BEV2_2024-09-02_drive3.csv,preconditioning_request,UI_batteryPreconditioningRequest,1725286674000000000,1725286675000000000,1725286675000000000
BEV2_2024-09-03_drive1.csv,soc,SOCave292,1725343865000000000,1725343866000000000,1725343866000000000
BEV2_2024-09-03_drive1.csv,ambient_c,VCRIGHT_tempAmbientRaw,1725343865000000000,1725343866000000000,1725343866000000000
BEV2_2024-09-03_drive1.csv,pack_min_c,BMSminPackTemperature,1725343865000000000,1725343866000000000,1725343866000000000
BEV2_2024-09-03_drive1.csv,pack_max_c,BMSmaxPackTemperature,1725343865000000000,1725343866000000000,1725343866000000000
BEV2_2024-09-03_drive1.csv,preconditioning_request,UI_batteryPreconditioningRequest,1725343865000000000,1725343866000000000,1725343866000000000
BEV2_2024-09-03_drive2.csv,soc,SOCave292,1725355854000000000,1725355855000000000,1725355855000000000
BEV2_2024-09-03_drive2.csv,ambient_c,VCRIGHT_tempAmbientRaw,1725355854000000000,1725355855000000000,1725355855000000000
BEV2_2024-09-03_drive2.csv,pack_min_c,BMSminPackTemperature,1725355854000000000,1725355855000000000,1725355855000000000
BEV2_2024-09-03_drive2.csv,pack_max_c,BMSmaxPackTemperature,1725355854000000000,1725355855000000000,1725355855000000000
BEV2_2024-09-03_drive2.csv,preconditioning_request,UI_batteryPreconditioningRequest,1725355854000000000,1725355855000000000,1725355855000000000
BEV2_2024-09-03_drive3.csv,soc,SOCave292,1725358701000000000,1725358702000000000,1725358702000000000
BEV2_2024-09-03_drive3.csv,ambient_c,VCRIGHT_tempAmbientRaw,1725358701000000000,1725358702000000000,1725358702000000000
BEV2_2024-09-03_drive3.csv,pack_min_c,BMSminPackTemperature,1725358701000000000,1725358702000000000,1725358702000000000
BEV2_2024-09-03_drive3.csv,pack_max_c,BMSmaxPackTemperature,1725358701000000000,1725358702000000000,1725358702000000000
BEV2_2024-09-03_drive3.csv,preconditioning_request,UI_batteryPreconditioningRequest,1725358701000000000,1725358702000000000,1725358702000000000
BEV2_2024-09-03_drive4.csv,soc,SOCave292,1725369667000000000,1725369668000000000,1725369668000000000
BEV2_2024-09-03_drive4.csv,ambient_c,VCRIGHT_tempAmbientRaw,1725369667000000000,1725369668000000000,1725369668000000000
BEV2_2024-09-03_drive4.csv,pack_min_c,BMSminPackTemperature,1725369667000000000,1725369668000000000,1725369668000000000
BEV2_2024-09-03_drive4.csv,pack_max_c,BMSmaxPackTemperature,1725369667000000000,1725369668000000000,1725369668000000000
BEV2_2024-09-03_drive4.csv,preconditioning_request,UI_batteryPreconditioningRequest,1725369667000000000,1725369668000000000,1725369668000000000
BEV2_2024-09-03_drive5.csv,soc,SOCave292,1725374526000000000,1725374527000000000,1725374527000000000
BEV2_2024-09-03_drive5.csv,ambient_c,VCRIGHT_tempAmbientRaw,1725374526000000000,1725374527000000000,1725374527000000000
BEV2_2024-09-03_drive5.csv,pack_min_c,BMSminPackTemperature,1725374526000000000,1725374527000000000,1725374527000000000
BEV2_2024-09-03_drive5.csv,pack_max_c,BMSmaxPackTemperature,1725374526000000000,1725374527000000000,1725374527000000000
BEV2_2024-09-03_drive5.csv,preconditioning_request,UI_batteryPreconditioningRequest,1725374526000000000,1725374527000000000,1725374527000000000
BEV2_2024-09-03_drive6.csv,soc,SOCave292,1725379359000000000,1725379360000000000,1725379360000000000
BEV2_2024-09-03_drive6.csv,ambient_c,VCRIGHT_tempAmbientRaw,1725379359000000000,1725379360000000000,1725379360000000000
BEV2_2024-09-03_drive6.csv,pack_min_c,BMSminPackTemperature,1725379359000000000,1725379360000000000,1725379360000000000
BEV2_2024-09-03_drive6.csv,pack_max_c,BMSmaxPackTemperature,1725379359000000000,1725379360000000000,1725379360000000000
BEV2_2024-09-03_drive6.csv,preconditioning_request,UI_batteryPreconditioningRequest,1725379359000000000,1725379360000000000,1725379360000000000
BEV2_2024-09-04_drive1.csv,soc,SOCave292,1725430176000000000,1725430177000000000,1725430177000000000
BEV2_2024-09-04_drive1.csv,ambient_c,VCRIGHT_tempAmbientRaw,1725430176000000000,1725430177000000000,1725430177000000000
BEV2_2024-09-04_drive1.csv,pack_min_c,BMSminPackTemperature,1725430176000000000,1725430177000000000,1725430177000000000
BEV2_2024-09-04_drive1.csv,pack_max_c,BMSmaxPackTemperature,1725430176000000000,1725430177000000000,1725430177000000000
BEV2_2024-09-04_drive1.csv,preconditioning_request,UI_batteryPreconditioningRequest,1725430176000000000,1725430177000000000,1725430177000000000
BEV2_2024-09-04_drive2.csv,soc,SOCave292,1725445472000000000,1725445473000000000,1725445473000000000
BEV2_2024-09-04_drive2.csv,ambient_c,VCRIGHT_tempAmbientRaw,1725445472000000000,1725445473000000000,1725445473000000000
BEV2_2024-09-04_drive2.csv,pack_min_c,BMSminPackTemperature,1725445472000000000,1725445473000000000,1725445473000000000
BEV2_2024-09-04_drive2.csv,pack_max_c,BMSmaxPackTemperature,1725445472000000000,1725445473000000000,1725445473000000000
BEV2_2024-09-04_drive2.csv,preconditioning_request,UI_batteryPreconditioningRequest,1725445472000000000,1725445473000000000,1725445473000000000
BEV2_2024-09-04_drive3.csv,soc,SOCave292,1725449661000000000,1725449662000000000,1725449662000000000
BEV2_2024-09-04_drive3.csv,ambient_c,VCRIGHT_tempAmbientRaw,1725449661000000000,1725449662000000000,1725449662000000000
BEV2_2024-09-04_drive3.csv,pack_min_c,BMSminPackTemperature,1725449661000000000,1725449662000000000,1725449662000000000
BEV2_2024-09-04_drive3.csv,pack_max_c,BMSmaxPackTemperature,1725449661000000000,1725449662000000000,1725449662000000000
BEV2_2024-09-04_drive3.csv,preconditioning_request,UI_batteryPreconditioningRequest,1725449661000000000,1725449662000000000,1725449662000000000
BEV2_2024-09-04_drive4.csv,soc,SOCave292,1725455451000000000,1725455452000000000,1725455452000000000
BEV2_2024-09-04_drive4.csv,ambient_c,VCRIGHT_tempAmbientRaw,1725455451000000000,1725455452000000000,1725455452000000000
BEV2_2024-09-04_drive4.csv,pack_min_c,BMSminPackTemperature,1725455451000000000,1725455452000000000,1725455452000000000
BEV2_2024-09-04_drive4.csv,pack_max_c,BMSmaxPackTemperature,1725455451000000000,1725455452000000000,1725455452000000000
BEV2_2024-09-04_drive4.csv,preconditioning_request,UI_batteryPreconditioningRequest,1725455451000000000,1725455452000000000,1725455452000000000
BEV2_2024-09-04_drive5.csv,soc,SOCave292,1725458417000000000,1725458418000000000,1725458418000000000
BEV2_2024-09-04_drive5.csv,ambient_c,VCRIGHT_tempAmbientRaw,1725458417000000000,1725458418000000000,1725458418000000000
BEV2_2024-09-04_drive5.csv,pack_min_c,BMSminPackTemperature,1725458417000000000,1725458418000000000,1725458418000000000
BEV2_2024-09-04_drive5.csv,pack_max_c,BMSmaxPackTemperature,1725458417000000000,1725458418000000000,1725458418000000000
BEV2_2024-09-04_drive5.csv,preconditioning_request,UI_batteryPreconditioningRequest,1725458417000000000,1725458418000000000,1725458418000000000
BEV2_2024-09-06_drive1.csv,soc,SOCave292,1725610754000000000,1725610755000000000,1725610755000000000
BEV2_2024-09-06_drive1.csv,ambient_c,VCRIGHT_tempAmbientRaw,1725610754000000000,1725610755000000000,1725610755000000000
BEV2_2024-09-06_drive1.csv,pack_min_c,BMSminPackTemperature,1725610754000000000,1725610755000000000,1725610755000000000
BEV2_2024-09-06_drive1.csv,pack_max_c,BMSmaxPackTemperature,1725610754000000000,1725610755000000000,1725610755000000000
BEV2_2024-09-06_drive1.csv,preconditioning_request,UI_batteryPreconditioningRequest,1725610754000000000,1725610755000000000,1725610755000000000
BEV2_2024-09-06_drive2.csv,soc,SOCave292,1725618658000000000,1725618659000000000,1725618659000000000
BEV2_2024-09-06_drive2.csv,ambient_c,VCRIGHT_tempAmbientRaw,1725618658000000000,1725618659000000000,1725618659000000000
BEV2_2024-09-06_drive2.csv,pack_min_c,BMSminPackTemperature,1725618658000000000,1725618659000000000,1725618659000000000
BEV2_2024-09-06_drive2.csv,pack_max_c,BMSmaxPackTemperature,1725618658000000000,1725618659000000000,1725618659000000000
BEV2_2024-09-06_drive2.csv,preconditioning_request,UI_batteryPreconditioningRequest,1725618658000000000,1725618659000000000,1725618659000000000
BEV2_2024-09-06_drive3.csv,soc,SOCave292,1725641717000000000,1725641718000000000,1725641718000000000
BEV2_2024-09-06_drive3.csv,ambient_c,VCRIGHT_tempAmbientRaw,1725641717000000000,1725641718000000000,1725641718000000000
BEV2_2024-09-06_drive3.csv,pack_min_c,BMSminPackTemperature,1725641717000000000,1725641718000000000,1725641718000000000
BEV2_2024-09-06_drive3.csv,pack_max_c,BMSmaxPackTemperature,1725641717000000000,1725641718000000000,1725641718000000000
BEV2_2024-09-06_drive3.csv,preconditioning_request,UI_batteryPreconditioningRequest,1725641717000000000,1725641718000000000,1725641718000000000
BEV2_2024-09-07_drive1.csv,soc,SOCave292,1725702028000000000,1725702029000000000,1725702029000000000
BEV2_2024-09-07_drive1.csv,ambient_c,VCRIGHT_tempAmbientRaw,1725702028000000000,1725702029000000000,1725702029000000000
BEV2_2024-09-07_drive1.csv,pack_min_c,BMSminPackTemperature,1725702028000000000,1725702029000000000,1725702029000000000
BEV2_2024-09-07_drive1.csv,pack_max_c,BMSmaxPackTemperature,1725702028000000000,1725702029000000000,1725702029000000000
BEV2_2024-09-07_drive1.csv,preconditioning_request,UI_batteryPreconditioningRequest,1725702028000000000,1725702029000000000,1725702029000000000
BEV2_2024-09-07_drive2.csv,soc,SOCave292,1725703162000000000,1725703163000000000,1725703163000000000
BEV2_2024-09-07_drive2.csv,ambient_c,VCRIGHT_tempAmbientRaw,1725703162000000000,1725703163000000000,1725703163000000000
BEV2_2024-09-07_drive2.csv,pack_min_c,BMSminPackTemperature,1725703162000000000,1725703163000000000,1725703163000000000
BEV2_2024-09-07_drive2.csv,pack_max_c,BMSmaxPackTemperature,1725703162000000000,1725703163000000000,1725703163000000000
BEV2_2024-09-07_drive2.csv,preconditioning_request,UI_batteryPreconditioningRequest,1725703162000000000,1725703163000000000,1725703163000000000
BEV2_2024-09-07_drive3.csv,soc,SOCave292,1725711684000000000,1725711685000000000,1725711685000000000
BEV2_2024-09-07_drive3.csv,ambient_c,VCRIGHT_tempAmbientRaw,1725711684000000000,1725711685000000000,1725711685000000000
BEV2_2024-09-07_drive3.csv,pack_min_c,BMSminPackTemperature,1725711684000000000,1725711685000000000,1725711685000000000
BEV2_2024-09-07_drive3.csv,pack_max_c,BMSmaxPackTemperature,1725711684000000000,1725711685000000000,1725711685000000000
BEV2_2024-09-07_drive3.csv,preconditioning_request,UI_batteryPreconditioningRequest,1725711684000000000,1725711685000000000,1725711685000000000
BEV2_2024-09-07_drive4.csv,soc,SOCave292,1725717266000000000,1725717267000000000,1725717267000000000
BEV2_2024-09-07_drive4.csv,ambient_c,VCRIGHT_tempAmbientRaw,1725717266000000000,1725717267000000000,1725717267000000000
BEV2_2024-09-07_drive4.csv,pack_min_c,BMSminPackTemperature,1725717266000000000,1725717267000000000,1725717267000000000
BEV2_2024-09-07_drive4.csv,pack_max_c,BMSmaxPackTemperature,1725717266000000000,1725717267000000000,1725717267000000000
BEV2_2024-09-07_drive4.csv,preconditioning_request,UI_batteryPreconditioningRequest,1725717266000000000,1725717267000000000,1725717267000000000
BEV2_2024-09-07_drive5.csv,soc,SOCave292,1725719510000000000,1725719511000000000,1725719511000000000
BEV2_2024-09-07_drive5.csv,ambient_c,VCRIGHT_tempAmbientRaw,1725719510000000000,1725719511000000000,1725719511000000000
BEV2_2024-09-07_drive5.csv,pack_min_c,BMSminPackTemperature,1725719510000000000,1725719511000000000,1725719511000000000
BEV2_2024-09-07_drive5.csv,pack_max_c,BMSmaxPackTemperature,1725719510000000000,1725719511000000000,1725719511000000000
BEV2_2024-09-07_drive5.csv,preconditioning_request,UI_batteryPreconditioningRequest,1725719510000000000,1725719511000000000,1725719511000000000
BEV2_2024-09-07_drive6.csv,soc,SOCave292,1725725252000000000,1725725253000000000,1725725253000000000
BEV2_2024-09-07_drive6.csv,ambient_c,VCRIGHT_tempAmbientRaw,1725725252000000000,1725725253000000000,1725725253000000000
BEV2_2024-09-07_drive6.csv,pack_min_c,BMSminPackTemperature,1725725252000000000,1725725253000000000,1725725253000000000
BEV2_2024-09-07_drive6.csv,pack_max_c,BMSmaxPackTemperature,1725725252000000000,1725725253000000000,1725725253000000000
BEV2_2024-09-07_drive6.csv,preconditioning_request,UI_batteryPreconditioningRequest,1725725252000000000,1725725253000000000,1725725253000000000
BEV2_2024-09-08_drive2.csv,soc,SOCave292,1725789909000000000,1725789910000000000,1725789910000000000
BEV2_2024-09-08_drive2.csv,ambient_c,VCRIGHT_tempAmbientRaw,1725789909000000000,1725789910000000000,1725789910000000000
BEV2_2024-09-08_drive2.csv,pack_min_c,BMSminPackTemperature,1725789909000000000,1725789910000000000,1725789910000000000
BEV2_2024-09-08_drive2.csv,pack_max_c,BMSmaxPackTemperature,1725789909000000000,1725789910000000000,1725789910000000000
BEV2_2024-09-08_drive2.csv,preconditioning_request,UI_batteryPreconditioningRequest,1725789909000000000,1725789910000000000,1725789910000000000
BEV2_2024-09-08_drive3.csv,soc,SOCave292,1725794061000000000,1725794062000000000,1725794062000000000
BEV2_2024-09-08_drive3.csv,ambient_c,VCRIGHT_tempAmbientRaw,1725794061000000000,1725794062000000000,1725794062000000000
BEV2_2024-09-08_drive3.csv,pack_min_c,BMSminPackTemperature,1725794061000000000,1725794062000000000,1725794062000000000
BEV2_2024-09-08_drive3.csv,pack_max_c,BMSmaxPackTemperature,1725794061000000000,1725794062000000000,1725794062000000000
BEV2_2024-09-08_drive3.csv,preconditioning_request,UI_batteryPreconditioningRequest,1725794061000000000,1725794062000000000,1725794062000000000
BEV2_2024-09-08_drive4.csv,soc,SOCave292,1725798660000000000,1725798661000000000,1725798661000000000
BEV2_2024-09-08_drive4.csv,ambient_c,VCRIGHT_tempAmbientRaw,1725798660000000000,1725798661000000000,1725798661000000000
BEV2_2024-09-08_drive4.csv,pack_min_c,BMSminPackTemperature,1725798660000000000,1725798661000000000,1725798661000000000
BEV2_2024-09-08_drive4.csv,pack_max_c,BMSmaxPackTemperature,1725798660000000000,1725798661000000000,1725798661000000000
BEV2_2024-09-08_drive4.csv,preconditioning_request,UI_batteryPreconditioningRequest,1725798660000000000,1725798661000000000,1725798661000000000
BEV2_2024-09-08_drive5.csv,soc,SOCave292,1725803092000000000,1725803093000000000,1725803093000000000
BEV2_2024-09-08_drive5.csv,ambient_c,VCRIGHT_tempAmbientRaw,1725803092000000000,1725803093000000000,1725803093000000000
BEV2_2024-09-08_drive5.csv,pack_min_c,BMSminPackTemperature,1725803092000000000,1725803093000000000,1725803093000000000
BEV2_2024-09-08_drive5.csv,pack_max_c,BMSmaxPackTemperature,1725803092000000000,1725803093000000000,1725803093000000000
BEV2_2024-09-08_drive5.csv,preconditioning_request,UI_batteryPreconditioningRequest,1725803092000000000,1725803093000000000,1725803093000000000
BEV2_2024-09-09_drive1.csv,soc,SOCave292,1725861983000000000,1725861984000000000,1725861984000000000
BEV2_2024-09-09_drive1.csv,ambient_c,VCRIGHT_tempAmbientRaw,1725861983000000000,1725861984000000000,1725861984000000000
BEV2_2024-09-09_drive1.csv,pack_min_c,BMSminPackTemperature,1725861983000000000,1725861984000000000,1725861984000000000
BEV2_2024-09-09_drive1.csv,pack_max_c,BMSmaxPackTemperature,1725861983000000000,1725861984000000000,1725861984000000000
BEV2_2024-09-09_drive1.csv,preconditioning_request,UI_batteryPreconditioningRequest,1725861983000000000,1725861984000000000,1725861984000000000
BEV2_2024-09-09_drive2.csv,soc,SOCave292,1725896166000000000,1725896167000000000,1725896167000000000
BEV2_2024-09-09_drive2.csv,ambient_c,VCRIGHT_tempAmbientRaw,1725896166000000000,1725896167000000000,1725896167000000000
BEV2_2024-09-09_drive2.csv,pack_min_c,BMSminPackTemperature,1725896166000000000,1725896167000000000,1725896167000000000
BEV2_2024-09-09_drive2.csv,pack_max_c,BMSmaxPackTemperature,1725896166000000000,1725896167000000000,1725896167000000000
BEV2_2024-09-09_drive2.csv,preconditioning_request,UI_batteryPreconditioningRequest,1725896165000000000,1725896166000000000,1725896167000000000
BEV2_2024-09-09_drive3.csv,soc,SOCave292,1725899489000000000,1725899490000000000,1725899490000000000
BEV2_2024-09-09_drive3.csv,ambient_c,VCRIGHT_tempAmbientRaw,1725899489000000000,1725899490000000000,1725899490000000000
BEV2_2024-09-09_drive3.csv,pack_min_c,BMSminPackTemperature,1725899489000000000,1725899490000000000,1725899490000000000
BEV2_2024-09-09_drive3.csv,pack_max_c,BMSmaxPackTemperature,1725899489000000000,1725899490000000000,1725899490000000000
BEV2_2024-09-09_drive3.csv,preconditioning_request,UI_batteryPreconditioningRequest,1725899489000000000,1725899490000000000,1725899490000000000
BEV2_2024-09-10_drive1.csv,soc,SOCave292,1725937582000000000,1725937583000000000,1725937583000000000
BEV2_2024-09-10_drive1.csv,ambient_c,VCRIGHT_tempAmbientRaw,1725937582000000000,1725937583000000000,1725937583000000000
BEV2_2024-09-10_drive1.csv,pack_min_c,BMSminPackTemperature,1725937582000000000,1725937583000000000,1725937583000000000
BEV2_2024-09-10_drive1.csv,pack_max_c,BMSmaxPackTemperature,1725937582000000000,1725937583000000000,1725937583000000000
BEV2_2024-09-10_drive1.csv,preconditioning_request,UI_batteryPreconditioningRequest,1725937582000000000,1725937583000000000,1725937583000000000
BEV2_2024-09-10_drive2.csv,soc,SOCave292,1725953223000000000,1725953224000000000,1725953224000000000
BEV2_2024-09-10_drive2.csv,ambient_c,VCRIGHT_tempAmbientRaw,1725953223000000000,1725953224000000000,1725953224000000000
BEV2_2024-09-10_drive2.csv,pack_min_c,BMSminPackTemperature,1725953223000000000,1725953224000000000,1725953224000000000
BEV2_2024-09-10_drive2.csv,pack_max_c,BMSmaxPackTemperature,1725953223000000000,1725953224000000000,1725953224000000000
BEV2_2024-09-10_drive2.csv,preconditioning_request,UI_batteryPreconditioningRequest,1725953223000000000,1725953224000000000,1725953224000000000
BEV2_2024-09-10_drive3.csv,soc,SOCave292,1725971947000000000,1725971948000000000,1725971948000000000
BEV2_2024-09-10_drive3.csv,ambient_c,VCRIGHT_tempAmbientRaw,1725971947000000000,1725971948000000000,1725971948000000000
BEV2_2024-09-10_drive3.csv,pack_min_c,BMSminPackTemperature,1725971947000000000,1725971948000000000,1725971948000000000
BEV2_2024-09-10_drive3.csv,pack_max_c,BMSmaxPackTemperature,1725971947000000000,1725971948000000000,1725971948000000000
BEV2_2024-09-10_drive3.csv,preconditioning_request,UI_batteryPreconditioningRequest,1725971947000000000,1725971948000000000,1725971948000000000
BEV2_2024-09-10_drive5.csv,soc,SOCave292,1725991713000000000,1725991714000000000,1725991714000000000
BEV2_2024-09-10_drive5.csv,ambient_c,VCRIGHT_tempAmbientRaw,1725991713000000000,1725991714000000000,1725991714000000000
BEV2_2024-09-10_drive5.csv,pack_min_c,BMSminPackTemperature,1725991713000000000,1725991714000000000,1725991714000000000
BEV2_2024-09-10_drive5.csv,pack_max_c,BMSmaxPackTemperature,1725991713000000000,1725991714000000000,1725991714000000000
BEV2_2024-09-10_drive5.csv,preconditioning_request,UI_batteryPreconditioningRequest,1725991713000000000,1725991714000000000,1725991714000000000
BEV2_2024-09-10_drive6.csv,soc,SOCave292,1725997785000000000,1725997786000000000,1725997786000000000
BEV2_2024-09-10_drive6.csv,ambient_c,VCRIGHT_tempAmbientRaw,1725997785000000000,1725997786000000000,1725997786000000000
BEV2_2024-09-10_drive6.csv,pack_min_c,BMSminPackTemperature,1725997785000000000,1725997786000000000,1725997786000000000
BEV2_2024-09-10_drive6.csv,pack_max_c,BMSmaxPackTemperature,1725997785000000000,1725997786000000000,1725997786000000000
BEV2_2024-09-10_drive6.csv,preconditioning_request,UI_batteryPreconditioningRequest,1725997785000000000,1725997786000000000,1725997786000000000
BEV2_2024-09-11_drive1.csv,soc,SOCave292,1726038855000000000,1726038856000000000,1726038856000000000
BEV2_2024-09-11_drive1.csv,ambient_c,VCRIGHT_tempAmbientRaw,1726038855000000000,1726038856000000000,1726038856000000000
BEV2_2024-09-11_drive1.csv,pack_min_c,BMSminPackTemperature,1726038855000000000,1726038856000000000,1726038856000000000
BEV2_2024-09-11_drive1.csv,pack_max_c,BMSmaxPackTemperature,1726038855000000000,1726038856000000000,1726038856000000000
BEV2_2024-09-11_drive2.csv,soc,SOCave292,1726051602000000000,1726051603000000000,1726051603000000000
BEV2_2024-09-11_drive2.csv,ambient_c,VCRIGHT_tempAmbientRaw,1726051602000000000,1726051603000000000,1726051603000000000
BEV2_2024-09-11_drive2.csv,pack_min_c,BMSminPackTemperature,1726051602000000000,1726051603000000000,1726051603000000000
BEV2_2024-09-11_drive2.csv,pack_max_c,BMSmaxPackTemperature,1726051602000000000,1726051603000000000,1726051603000000000
BEV2_2024-09-11_drive2.csv,preconditioning_request,UI_batteryPreconditioningRequest,1726051602000000000,1726051603000000000,1726051603000000000
BEV2_2024-09-11_drive3.csv,soc,SOCave292,1726066343000000000,1726066344000000000,1726066344000000000
BEV2_2024-09-11_drive3.csv,ambient_c,VCRIGHT_tempAmbientRaw,1726066343000000000,1726066344000000000,1726066344000000000
BEV2_2024-09-11_drive3.csv,pack_min_c,BMSminPackTemperature,1726066343000000000,1726066344000000000,1726066344000000000
BEV2_2024-09-11_drive3.csv,pack_max_c,BMSmaxPackTemperature,1726066343000000000,1726066344000000000,1726066344000000000
BEV2_2024-09-11_drive3.csv,preconditioning_request,UI_batteryPreconditioningRequest,1726066343000000000,1726066344000000000,1726066344000000000
BEV2_2024-09-12_drive1.csv,soc,SOCave292,1726135831000000000,1726135832000000000,1726135832000000000
BEV2_2024-09-12_drive1.csv,ambient_c,VCRIGHT_tempAmbientRaw,1726135831000000000,1726135832000000000,1726135832000000000
BEV2_2024-09-12_drive1.csv,pack_min_c,BMSminPackTemperature,1726135831000000000,1726135832000000000,1726135832000000000
BEV2_2024-09-12_drive1.csv,pack_max_c,BMSmaxPackTemperature,1726135831000000000,1726135832000000000,1726135832000000000
BEV2_2024-09-12_drive1.csv,preconditioning_request,UI_batteryPreconditioningRequest,1726135831000000000,1726135832000000000,1726135832000000000
BEV2_2024-09-12_drive2.csv,soc,SOCave292,1726137034000000000,1726137035000000000,1726137035000000000
BEV2_2024-09-12_drive2.csv,ambient_c,VCRIGHT_tempAmbientRaw,1726137034000000000,1726137035000000000,1726137035000000000
BEV2_2024-09-12_drive2.csv,pack_min_c,BMSminPackTemperature,1726137034000000000,1726137035000000000,1726137035000000000
BEV2_2024-09-12_drive2.csv,pack_max_c,BMSmaxPackTemperature,1726137034000000000,1726137035000000000,1726137035000000000
BEV2_2024-09-12_drive2.csv,preconditioning_request,UI_batteryPreconditioningRequest,1726137034000000000,1726137035000000000,1726137035000000000
BEV2_2024-09-12_drive3.csv,soc,SOCave292,1726137343000000000,1726137344000000000,1726137344000000000
BEV2_2024-09-12_drive3.csv,ambient_c,VCRIGHT_tempAmbientRaw,1726137343000000000,1726137344000000000,1726137344000000000
BEV2_2024-09-12_drive3.csv,pack_min_c,BMSminPackTemperature,1726137343000000000,1726137344000000000,1726137344000000000
BEV2_2024-09-12_drive3.csv,pack_max_c,BMSmaxPackTemperature,1726137343000000000,1726137344000000000,1726137344000000000
BEV2_2024-09-12_drive3.csv,preconditioning_request,UI_batteryPreconditioningRequest,1726137343000000000,1726137344000000000,1726137344000000000
BEV2_2024-09-12_drive4.csv,soc,SOCave292,1726138298000000000,1726138299000000000,1726138299000000000
BEV2_2024-09-12_drive4.csv,ambient_c,VCRIGHT_tempAmbientRaw,1726138298000000000,1726138299000000000,1726138299000000000
BEV2_2024-09-12_drive4.csv,pack_min_c,BMSminPackTemperature,1726138298000000000,1726138299000000000,1726138299000000000
BEV2_2024-09-12_drive4.csv,pack_max_c,BMSmaxPackTemperature,1726138298000000000,1726138299000000000,1726138299000000000
BEV2_2024-09-12_drive4.csv,preconditioning_request,UI_batteryPreconditioningRequest,1726138298000000000,1726138299000000000,1726138299000000000
BEV2_2024-09-12_drive5.csv,soc,SOCave292,1726138656000000000,1726138657000000000,1726138657000000000
BEV2_2024-09-12_drive5.csv,ambient_c,VCRIGHT_tempAmbientRaw,1726138656000000000,1726138657000000000,1726138657000000000
BEV2_2024-09-12_drive5.csv,pack_min_c,BMSminPackTemperature,1726138656000000000,1726138657000000000,1726138657000000000
BEV2_2024-09-12_drive5.csv,pack_max_c,BMSmaxPackTemperature,1726138656000000000,1726138657000000000,1726138657000000000
BEV2_2024-09-12_drive5.csv,preconditioning_request,UI_batteryPreconditioningRequest,1726138656000000000,1726138657000000000,1726138657000000000
BEV2_2024-09-12_drive6.csv,soc,SOCave292,1726146744000000000,1726146745000000000,1726146745000000000
BEV2_2024-09-12_drive6.csv,ambient_c,VCRIGHT_tempAmbientRaw,1726146744000000000,1726146745000000000,1726146745000000000
BEV2_2024-09-12_drive6.csv,pack_min_c,BMSminPackTemperature,1726146744000000000,1726146745000000000,1726146745000000000
BEV2_2024-09-12_drive6.csv,pack_max_c,BMSmaxPackTemperature,1726146744000000000,1726146745000000000,1726146745000000000
BEV2_2024-09-12_drive6.csv,preconditioning_request,UI_batteryPreconditioningRequest,1726146744000000000,1726146745000000000,1726146745000000000
BEV2_2024-09-12_drive8.csv,soc,SOCave292,1726156062000000000,1726156063000000000,1726156063000000000
BEV2_2024-09-12_drive8.csv,ambient_c,VCRIGHT_tempAmbientRaw,1726156062000000000,1726156063000000000,1726156063000000000
BEV2_2024-09-12_drive8.csv,pack_min_c,BMSminPackTemperature,1726156062000000000,1726156063000000000,1726156063000000000
BEV2_2024-09-12_drive8.csv,pack_max_c,BMSmaxPackTemperature,1726156062000000000,1726156063000000000,1726156063000000000
BEV2_2024-09-12_drive8.csv,preconditioning_request,UI_batteryPreconditioningRequest,1726156062000000000,1726156063000000000,1726156063000000000
BEV2_2024-09-13_drive1.csv,soc,SOCave292,1726207340000000000,1726207341000000000,1726207341000000000
BEV2_2024-09-13_drive1.csv,ambient_c,VCRIGHT_tempAmbientRaw,1726207340000000000,1726207341000000000,1726207341000000000
BEV2_2024-09-13_drive1.csv,pack_min_c,BMSminPackTemperature,1726207340000000000,1726207341000000000,1726207341000000000
BEV2_2024-09-13_drive1.csv,pack_max_c,BMSmaxPackTemperature,1726207340000000000,1726207341000000000,1726207341000000000
BEV2_2024-09-13_drive2.csv,soc,SOCave292,1726219724000000000,1726219725000000000,1726219725000000000
BEV2_2024-09-13_drive2.csv,ambient_c,VCRIGHT_tempAmbientRaw,1726219724000000000,1726219725000000000,1726219725000000000
BEV2_2024-09-13_drive2.csv,pack_min_c,BMSminPackTemperature,1726219724000000000,1726219725000000000,1726219725000000000
BEV2_2024-09-13_drive2.csv,pack_max_c,BMSmaxPackTemperature,1726219724000000000,1726219725000000000,1726219725000000000
BEV2_2024-09-13_drive2.csv,preconditioning_request,UI_batteryPreconditioningRequest,1726219724000000000,1726219725000000000,1726219725000000000
BEV2_2024-09-13_drive3.csv,soc,SOCave292,1726220608000000000,1726220609000000000,1726220609000000000
BEV2_2024-09-13_drive3.csv,ambient_c,VCRIGHT_tempAmbientRaw,1726220608000000000,1726220609000000000,1726220609000000000
BEV2_2024-09-13_drive3.csv,pack_min_c,BMSminPackTemperature,1726220608000000000,1726220609000000000,1726220609000000000
BEV2_2024-09-13_drive3.csv,pack_max_c,BMSmaxPackTemperature,1726220608000000000,1726220609000000000,1726220609000000000
BEV2_2024-09-13_drive3.csv,preconditioning_request,UI_batteryPreconditioningRequest,1726220608000000000,1726220609000000000,1726220609000000000
BEV2_2024-09-13_drive4.csv,soc,SOCave292,1726239322000000000,1726239323000000000,1726239323000000000
BEV2_2024-09-13_drive4.csv,ambient_c,VCRIGHT_tempAmbientRaw,1726239322000000000,1726239323000000000,1726239323000000000
BEV2_2024-09-13_drive4.csv,pack_min_c,BMSminPackTemperature,1726239322000000000,1726239323000000000,1726239323000000000
BEV2_2024-09-13_drive4.csv,pack_max_c,BMSmaxPackTemperature,1726239322000000000,1726239323000000000,1726239323000000000
BEV2_2024-09-13_drive4.csv,preconditioning_request,UI_batteryPreconditioningRequest,1726239322000000000,1726239323000000000,1726239323000000000
BEV2_2024-09-13_drive5.csv,soc,SOCave292,1726243373000000000,1726243374000000000,1726243374000000000
BEV2_2024-09-13_drive5.csv,ambient_c,VCRIGHT_tempAmbientRaw,1726243373000000000,1726243374000000000,1726243374000000000
BEV2_2024-09-13_drive5.csv,pack_min_c,BMSminPackTemperature,1726243373000000000,1726243374000000000,1726243374000000000
BEV2_2024-09-13_drive5.csv,pack_max_c,BMSmaxPackTemperature,1726243373000000000,1726243374000000000,1726243374000000000
BEV2_2024-09-13_drive5.csv,preconditioning_request,UI_batteryPreconditioningRequest,1726243373000000000,1726243374000000000,1726243374000000000
BEV2_2024-09-13_drive6.csv,soc,SOCave292,1726252222000000000,1726252223000000000,1726252223000000000
BEV2_2024-09-13_drive6.csv,ambient_c,VCRIGHT_tempAmbientRaw,1726252222000000000,1726252223000000000,1726252223000000000
BEV2_2024-09-13_drive6.csv,pack_min_c,BMSminPackTemperature,1726252222000000000,1726252223000000000,1726252223000000000
BEV2_2024-09-13_drive6.csv,pack_max_c,BMSmaxPackTemperature,1726252222000000000,1726252223000000000,1726252223000000000
BEV2_2024-09-13_drive6.csv,preconditioning_request,UI_batteryPreconditioningRequest,1726252222000000000,1726252223000000000,1726252223000000000
BEV2_2024-09-13_drive7.csv,soc,SOCave292,1726259394000000000,1726259395000000000,1726259395000000000
BEV2_2024-09-13_drive7.csv,ambient_c,VCRIGHT_tempAmbientRaw,1726259394000000000,1726259395000000000,1726259395000000000
BEV2_2024-09-13_drive7.csv,pack_min_c,BMSminPackTemperature,1726259394000000000,1726259395000000000,1726259395000000000
BEV2_2024-09-13_drive7.csv,pack_max_c,BMSmaxPackTemperature,1726259394000000000,1726259395000000000,1726259395000000000
BEV2_2024-09-13_drive7.csv,preconditioning_request,UI_batteryPreconditioningRequest,1726259394000000000,1726259395000000000,1726259395000000000
BEV2_2024-09-13_drive8.csv,soc,SOCave292,1726267016000000000,1726267017000000000,1726267017000000000
BEV2_2024-09-13_drive8.csv,ambient_c,VCRIGHT_tempAmbientRaw,1726267016000000000,1726267017000000000,1726267017000000000
BEV2_2024-09-13_drive8.csv,pack_min_c,BMSminPackTemperature,1726267016000000000,1726267017000000000,1726267017000000000
BEV2_2024-09-13_drive8.csv,pack_max_c,BMSmaxPackTemperature,1726267016000000000,1726267017000000000,1726267017000000000
BEV2_2024-09-13_drive8.csv,preconditioning_request,UI_batteryPreconditioningRequest,1726267016000000000,1726267017000000000,1726267017000000000
BEV2_2024-09-14_drive1.csv,soc,SOCave292,1726295936000000000,1726295937000000000,1726295937000000000
BEV2_2024-09-14_drive1.csv,ambient_c,VCRIGHT_tempAmbientRaw,1726295936000000000,1726295937000000000,1726295937000000000
BEV2_2024-09-14_drive1.csv,pack_min_c,BMSminPackTemperature,1726295936000000000,1726295937000000000,1726295937000000000
BEV2_2024-09-14_drive1.csv,pack_max_c,BMSmaxPackTemperature,1726295936000000000,1726295937000000000,1726295937000000000
BEV2_2024-09-14_drive1.csv,preconditioning_request,UI_batteryPreconditioningRequest,1726295936000000000,1726295937000000000,1726295937000000000
BEV2_2024-09-14_drive2.csv,soc,SOCave292,1726300514000000000,1726300515000000000,1726300515000000000
BEV2_2024-09-14_drive2.csv,ambient_c,VCRIGHT_tempAmbientRaw,1726300514000000000,1726300515000000000,1726300515000000000
BEV2_2024-09-14_drive2.csv,pack_min_c,BMSminPackTemperature,1726300514000000000,1726300515000000000,1726300515000000000
BEV2_2024-09-14_drive2.csv,pack_max_c,BMSmaxPackTemperature,1726300514000000000,1726300515000000000,1726300515000000000
BEV2_2024-09-14_drive2.csv,preconditioning_request,UI_batteryPreconditioningRequest,1726300514000000000,1726300515000000000,1726300515000000000
BEV2_2024-09-14_drive3.csv,soc,SOCave292,1726303912000000000,1726303913000000000,1726303913000000000
BEV2_2024-09-14_drive3.csv,ambient_c,VCRIGHT_tempAmbientRaw,1726303912000000000,1726303913000000000,1726303913000000000
BEV2_2024-09-14_drive3.csv,pack_min_c,BMSminPackTemperature,1726303912000000000,1726303913000000000,1726303913000000000
BEV2_2024-09-14_drive3.csv,pack_max_c,BMSmaxPackTemperature,1726303912000000000,1726303913000000000,1726303913000000000
BEV2_2024-09-14_drive3.csv,preconditioning_request,UI_batteryPreconditioningRequest,1726303912000000000,1726303913000000000,1726303913000000000
BEV2_2024-09-14_drive5.csv,soc,SOCave292,1726319068000000000,1726319069000000000,1726319069000000000
BEV2_2024-09-14_drive5.csv,ambient_c,VCRIGHT_tempAmbientRaw,1726319068000000000,1726319069000000000,1726319069000000000
BEV2_2024-09-14_drive5.csv,pack_min_c,BMSminPackTemperature,1726319068000000000,1726319069000000000,1726319069000000000
BEV2_2024-09-14_drive5.csv,pack_max_c,BMSmaxPackTemperature,1726319068000000000,1726319069000000000,1726319069000000000
BEV2_2024-09-14_drive5.csv,preconditioning_request,UI_batteryPreconditioningRequest,1726319068000000000,1726319069000000000,1726319069000000000
BEV2_2024-09-14_drive7.csv,soc,SOCave292,1726326242000000000,1726326243000000000,1726326243000000000
BEV2_2024-09-14_drive7.csv,ambient_c,VCRIGHT_tempAmbientRaw,1726326242000000000,1726326243000000000,1726326243000000000
BEV2_2024-09-14_drive7.csv,pack_min_c,BMSminPackTemperature,1726326242000000000,1726326243000000000,1726326243000000000
BEV2_2024-09-14_drive7.csv,pack_max_c,BMSmaxPackTemperature,1726326242000000000,1726326243000000000,1726326243000000000
BEV2_2024-09-14_drive7.csv,preconditioning_request,UI_batteryPreconditioningRequest,1726326242000000000,1726326243000000000,1726326243000000000
BEV2_2024-09-14_drive8.csv,soc,SOCave292,1726331742000000000,1726331743000000000,1726331743000000000
BEV2_2024-09-14_drive8.csv,ambient_c,VCRIGHT_tempAmbientRaw,1726331742000000000,1726331743000000000,1726331743000000000
BEV2_2024-09-14_drive8.csv,pack_min_c,BMSminPackTemperature,1726331742000000000,1726331743000000000,1726331743000000000
BEV2_2024-09-14_drive8.csv,pack_max_c,BMSmaxPackTemperature,1726331742000000000,1726331743000000000,1726331743000000000
BEV2_2024-09-14_drive8.csv,preconditioning_request,UI_batteryPreconditioningRequest,1726331742000000000,1726331743000000000,1726331743000000000
BEV2_2024-09-14_drive9.csv,soc,SOCave292,1726338678000000000,1726338679000000000,1726338679000000000
BEV2_2024-09-14_drive9.csv,ambient_c,VCRIGHT_tempAmbientRaw,1726338678000000000,1726338679000000000,1726338679000000000
BEV2_2024-09-14_drive9.csv,pack_min_c,BMSminPackTemperature,1726338678000000000,1726338679000000000,1726338679000000000
BEV2_2024-09-14_drive9.csv,pack_max_c,BMSmaxPackTemperature,1726338678000000000,1726338679000000000,1726338679000000000
BEV2_2024-09-14_drive9.csv,preconditioning_request,UI_batteryPreconditioningRequest,1726338678000000000,1726338679000000000,1726338679000000000
BEV2_2024-09-15_drive1.csv,soc,SOCave292,1726389241000000000,1726389242000000000,1726389242000000000
BEV2_2024-09-15_drive1.csv,ambient_c,VCRIGHT_tempAmbientRaw,1726389241000000000,1726389242000000000,1726389242000000000
BEV2_2024-09-15_drive1.csv,pack_min_c,BMSminPackTemperature,1726389241000000000,1726389242000000000,1726389242000000000
BEV2_2024-09-15_drive1.csv,pack_max_c,BMSmaxPackTemperature,1726389241000000000,1726389242000000000,1726389242000000000
BEV2_2024-09-15_drive1.csv,preconditioning_request,UI_batteryPreconditioningRequest,1726389241000000000,1726389242000000000,1726389242000000000
BEV2_2024-09-15_drive2.csv,soc,SOCave292,1726392089000000000,1726392090000000000,1726392090000000000
BEV2_2024-09-15_drive2.csv,ambient_c,VCRIGHT_tempAmbientRaw,1726392089000000000,1726392090000000000,1726392090000000000
BEV2_2024-09-15_drive2.csv,pack_min_c,BMSminPackTemperature,1726392089000000000,1726392090000000000,1726392090000000000
BEV2_2024-09-15_drive2.csv,pack_max_c,BMSmaxPackTemperature,1726392089000000000,1726392090000000000,1726392090000000000
BEV2_2024-09-15_drive2.csv,preconditioning_request,UI_batteryPreconditioningRequest,1726392089000000000,1726392090000000000,1726392090000000000
BEV2_2024-09-15_drive3.csv,soc,SOCave292,1726404066000000000,1726404067000000000,1726404067000000000
BEV2_2024-09-15_drive3.csv,ambient_c,VCRIGHT_tempAmbientRaw,1726404066000000000,1726404067000000000,1726404067000000000
BEV2_2024-09-15_drive3.csv,pack_min_c,BMSminPackTemperature,1726404066000000000,1726404067000000000,1726404067000000000
BEV2_2024-09-15_drive3.csv,pack_max_c,BMSmaxPackTemperature,1726404066000000000,1726404067000000000,1726404067000000000
BEV2_2024-09-15_drive3.csv,preconditioning_request,UI_batteryPreconditioningRequest,1726404066000000000,1726404067000000000,1726404067000000000
BEV2_2024-09-15_drive4.csv,soc,SOCave292,1726412507000000000,1726412508000000000,1726412508000000000
BEV2_2024-09-15_drive4.csv,ambient_c,VCRIGHT_tempAmbientRaw,1726412507000000000,1726412508000000000,1726412508000000000
BEV2_2024-09-15_drive4.csv,pack_min_c,BMSminPackTemperature,1726412507000000000,1726412508000000000,1726412508000000000
BEV2_2024-09-15_drive4.csv,pack_max_c,BMSmaxPackTemperature,1726412507000000000,1726412508000000000,1726412508000000000
BEV2_2024-09-15_drive5.csv,soc,SOCave292,1726415027000000000,1726415028000000000,1726415028000000000
BEV2_2024-09-15_drive5.csv,ambient_c,VCRIGHT_tempAmbientRaw,1726415027000000000,1726415028000000000,1726415028000000000
BEV2_2024-09-15_drive5.csv,pack_min_c,BMSminPackTemperature,1726415027000000000,1726415028000000000,1726415028000000000
BEV2_2024-09-15_drive5.csv,pack_max_c,BMSmaxPackTemperature,1726415027000000000,1726415028000000000,1726415028000000000
BEV2_2024-09-15_drive5.csv,preconditioning_request,UI_batteryPreconditioningRequest,1726415027000000000,1726415028000000000,1726415028000000000
BEV2_2024-09-15_drive6.csv,soc,SOCave292,1726433240000000000,1726433241000000000,1726433241000000000
BEV2_2024-09-15_drive6.csv,ambient_c,VCRIGHT_tempAmbientRaw,1726433240000000000,1726433241000000000,1726433241000000000
BEV2_2024-09-15_drive6.csv,pack_min_c,BMSminPackTemperature,1726433240000000000,1726433241000000000,1726433241000000000
BEV2_2024-09-15_drive6.csv,pack_max_c,BMSmaxPackTemperature,1726433240000000000,1726433241000000000,1726433241000000000
BEV2_2024-09-15_drive6.csv,preconditioning_request,UI_batteryPreconditioningRequest,1726433240000000000,1726433241000000000,1726433241000000000
BEV2_2024-09-15_drive7.csv,soc,SOCave292,1726433897000000000,1726433898000000000,1726433898000000000
BEV2_2024-09-15_drive7.csv,ambient_c,VCRIGHT_tempAmbientRaw,1726433897000000000,1726433898000000000,1726433898000000000
BEV2_2024-09-15_drive7.csv,pack_min_c,BMSminPackTemperature,1726433897000000000,1726433898000000000,1726433898000000000
BEV2_2024-09-15_drive7.csv,pack_max_c,BMSmaxPackTemperature,1726433897000000000,1726433898000000000,1726433898000000000
BEV2_2024-09-15_drive7.csv,preconditioning_request,UI_batteryPreconditioningRequest,1726433897000000000,1726433898000000000,1726433898000000000
BEV2_2024-09-15_drive8.csv,soc,SOCave292,1726434966000000000,1726434967000000000,1726434967000000000
BEV2_2024-09-15_drive8.csv,ambient_c,VCRIGHT_tempAmbientRaw,1726434966000000000,1726434967000000000,1726434967000000000
BEV2_2024-09-15_drive8.csv,pack_min_c,BMSminPackTemperature,1726434966000000000,1726434967000000000,1726434967000000000
BEV2_2024-09-15_drive8.csv,pack_max_c,BMSmaxPackTemperature,1726434966000000000,1726434967000000000,1726434967000000000
BEV2_2024-09-15_drive8.csv,preconditioning_request,UI_batteryPreconditioningRequest,1726434966000000000,1726434967000000000,1726434967000000000
BEV2_2024-09-16_drive2.csv,soc,SOCave292,1726480390000000000,1726480391000000000,1726480391000000000
BEV2_2024-09-16_drive2.csv,ambient_c,VCRIGHT_tempAmbientRaw,1726480390000000000,1726480391000000000,1726480391000000000
BEV2_2024-09-16_drive2.csv,pack_min_c,BMSminPackTemperature,1726480390000000000,1726480391000000000,1726480391000000000
BEV2_2024-09-16_drive2.csv,pack_max_c,BMSmaxPackTemperature,1726480390000000000,1726480391000000000,1726480391000000000
BEV2_2024-09-16_drive2.csv,preconditioning_request,UI_batteryPreconditioningRequest,1726480390000000000,1726480391000000000,1726480391000000000
BEV2_2024-09-16_drive3.csv,soc,SOCave292,1726486641000000000,1726486642000000000,1726486642000000000
BEV2_2024-09-16_drive3.csv,ambient_c,VCRIGHT_tempAmbientRaw,1726486641000000000,1726486642000000000,1726486642000000000
BEV2_2024-09-16_drive3.csv,pack_min_c,BMSminPackTemperature,1726486641000000000,1726486642000000000,1726486642000000000
BEV2_2024-09-16_drive3.csv,pack_max_c,BMSmaxPackTemperature,1726486641000000000,1726486642000000000,1726486642000000000
BEV2_2024-09-16_drive3.csv,preconditioning_request,UI_batteryPreconditioningRequest,1726486641000000000,1726486642000000000,1726486642000000000
BEV2_2024-09-16_drive4.csv,soc,SOCave292,1726491362000000000,1726491363000000000,1726491363000000000
BEV2_2024-09-16_drive4.csv,ambient_c,VCRIGHT_tempAmbientRaw,1726491362000000000,1726491363000000000,1726491363000000000
BEV2_2024-09-16_drive4.csv,pack_min_c,BMSminPackTemperature,1726491362000000000,1726491363000000000,1726491363000000000
BEV2_2024-09-16_drive4.csv,pack_max_c,BMSmaxPackTemperature,1726491362000000000,1726491363000000000,1726491363000000000
BEV2_2024-09-16_drive4.csv,preconditioning_request,UI_batteryPreconditioningRequest,1726491362000000000,1726491363000000000,1726491363000000000
BEV2_2024-09-16_drive5.csv,soc,SOCave292,1726493452000000000,1726493453000000000,1726493453000000000
BEV2_2024-09-16_drive5.csv,ambient_c,VCRIGHT_tempAmbientRaw,1726493452000000000,1726493453000000000,1726493453000000000
BEV2_2024-09-16_drive5.csv,pack_min_c,BMSminPackTemperature,1726493452000000000,1726493453000000000,1726493453000000000
BEV2_2024-09-16_drive5.csv,pack_max_c,BMSmaxPackTemperature,1726493452000000000,1726493453000000000,1726493453000000000
BEV2_2024-09-16_drive5.csv,preconditioning_request,UI_batteryPreconditioningRequest,1726493452000000000,1726493453000000000,1726493453000000000
BEV2_2024-09-16_drive6.csv,soc,SOCave292,1726501295000000000,1726501296000000000,1726501296000000000
BEV2_2024-09-16_drive6.csv,ambient_c,VCRIGHT_tempAmbientRaw,1726501295000000000,1726501296000000000,1726501296000000000
BEV2_2024-09-16_drive6.csv,pack_min_c,BMSminPackTemperature,1726501295000000000,1726501296000000000,1726501296000000000
BEV2_2024-09-16_drive6.csv,pack_max_c,BMSmaxPackTemperature,1726501295000000000,1726501296000000000,1726501296000000000
BEV2_2024-09-16_drive6.csv,preconditioning_request,UI_batteryPreconditioningRequest,1726501295000000000,1726501296000000000,1726501296000000000
BEV2_2024-09-17_drive1.csv,soc,SOCave292,1726568237000000000,1726568238000000000,1726568238000000000
BEV2_2024-09-17_drive1.csv,ambient_c,VCRIGHT_tempAmbientRaw,1726568237000000000,1726568238000000000,1726568238000000000
BEV2_2024-09-17_drive1.csv,pack_min_c,BMSminPackTemperature,1726568237000000000,1726568238000000000,1726568238000000000
BEV2_2024-09-17_drive1.csv,pack_max_c,BMSmaxPackTemperature,1726568237000000000,1726568238000000000,1726568238000000000
BEV2_2024-09-17_drive1.csv,preconditioning_request,UI_batteryPreconditioningRequest,1726568237000000000,1726568238000000000,1726568238000000000
BEV2_2024-09-17_drive2.csv,soc,SOCave292,1726588592000000000,1726588593000000000,1726588593000000000
BEV2_2024-09-17_drive2.csv,ambient_c,VCRIGHT_tempAmbientRaw,1726588592000000000,1726588593000000000,1726588593000000000
BEV2_2024-09-17_drive2.csv,pack_min_c,BMSminPackTemperature,1726588592000000000,1726588593000000000,1726588593000000000
BEV2_2024-09-17_drive2.csv,pack_max_c,BMSmaxPackTemperature,1726588592000000000,1726588593000000000,1726588593000000000
BEV2_2024-09-17_drive2.csv,preconditioning_request,UI_batteryPreconditioningRequest,1726588592000000000,1726588593000000000,1726588593000000000
BEV2_2024-09-17_drive3.csv,soc,SOCave292,1726596875000000000,1726596876000000000,1726596876000000000
BEV2_2024-09-17_drive3.csv,ambient_c,VCRIGHT_tempAmbientRaw,1726596875000000000,1726596876000000000,1726596876000000000
BEV2_2024-09-17_drive3.csv,pack_min_c,BMSminPackTemperature,1726596875000000000,1726596876000000000,1726596876000000000
BEV2_2024-09-17_drive3.csv,pack_max_c,BMSmaxPackTemperature,1726596875000000000,1726596876000000000,1726596876000000000
BEV2_2024-09-17_drive3.csv,preconditioning_request,UI_batteryPreconditioningRequest,1726596875000000000,1726596876000000000,1726596876000000000
BEV2_2024-09-18_drive1.csv,soc,SOCave292,1726638663000000000,1726638664000000000,1726638664000000000
BEV2_2024-09-18_drive1.csv,ambient_c,VCRIGHT_tempAmbientRaw,1726638663000000000,1726638664000000000,1726638664000000000
BEV2_2024-09-18_drive1.csv,pack_min_c,BMSminPackTemperature,1726638663000000000,1726638664000000000,1726638664000000000
BEV2_2024-09-18_drive1.csv,pack_max_c,BMSmaxPackTemperature,1726638663000000000,1726638664000000000,1726638664000000000
BEV2_2024-09-18_drive1.csv,preconditioning_request,UI_batteryPreconditioningRequest,1726638663000000000,1726638664000000000,1726638664000000000
BEV2_2024-09-18_drive2.csv,soc,SOCave292,1726654769000000000,1726654770000000000,1726654770000000000
BEV2_2024-09-18_drive2.csv,ambient_c,VCRIGHT_tempAmbientRaw,1726654769000000000,1726654770000000000,1726654770000000000
BEV2_2024-09-18_drive2.csv,pack_min_c,BMSminPackTemperature,1726654769000000000,1726654770000000000,1726654770000000000
BEV2_2024-09-18_drive2.csv,pack_max_c,BMSmaxPackTemperature,1726654769000000000,1726654770000000000,1726654770000000000
BEV2_2024-09-18_drive2.csv,preconditioning_request,UI_batteryPreconditioningRequest,1726654769000000000,1726654770000000000,1726654770000000000
BEV2_2024-09-18_drive3.csv,soc,SOCave292,1726666447000000000,1726666448000000000,1726666448000000000
BEV2_2024-09-18_drive3.csv,ambient_c,VCRIGHT_tempAmbientRaw,1726666447000000000,1726666448000000000,1726666448000000000
BEV2_2024-09-18_drive3.csv,pack_min_c,BMSminPackTemperature,1726666447000000000,1726666448000000000,1726666448000000000
BEV2_2024-09-18_drive3.csv,pack_max_c,BMSmaxPackTemperature,1726666447000000000,1726666448000000000,1726666448000000000
BEV2_2024-09-18_drive4.csv,soc,SOCave292,1726670164000000000,1726670165000000000,1726670165000000000
BEV2_2024-09-18_drive4.csv,ambient_c,VCRIGHT_tempAmbientRaw,1726670164000000000,1726670165000000000,1726670165000000000
BEV2_2024-09-18_drive4.csv,pack_min_c,BMSminPackTemperature,1726670164000000000,1726670165000000000,1726670165000000000
BEV2_2024-09-18_drive4.csv,pack_max_c,BMSmaxPackTemperature,1726670164000000000,1726670165000000000,1726670165000000000
BEV2_2024-09-18_drive4.csv,preconditioning_request,UI_batteryPreconditioningRequest,1726670164000000000,1726670165000000000,1726670165000000000
BEV2_2024-09-18_drive5.csv,soc,SOCave292,1726675732000000000,1726675733000000000,1726675733000000000
BEV2_2024-09-18_drive5.csv,ambient_c,VCRIGHT_tempAmbientRaw,1726675732000000000,1726675733000000000,1726675733000000000
BEV2_2024-09-18_drive5.csv,pack_min_c,BMSminPackTemperature,1726675732000000000,1726675733000000000,1726675733000000000
BEV2_2024-09-18_drive5.csv,pack_max_c,BMSmaxPackTemperature,1726675732000000000,1726675733000000000,1726675733000000000
BEV2_2024-09-18_drive5.csv,preconditioning_request,UI_batteryPreconditioningRequest,1726675732000000000,1726675733000000000,1726675733000000000
BEV2_2024-09-19_drive1.csv,soc,SOCave292,1726725049000000000,1726725050000000000,1726725050000000000
BEV2_2024-09-19_drive1.csv,ambient_c,VCRIGHT_tempAmbientRaw,1726725049000000000,1726725050000000000,1726725050000000000
BEV2_2024-09-19_drive1.csv,pack_min_c,BMSminPackTemperature,1726725049000000000,1726725050000000000,1726725050000000000
BEV2_2024-09-19_drive1.csv,pack_max_c,BMSmaxPackTemperature,1726725049000000000,1726725050000000000,1726725050000000000
BEV2_2024-09-19_drive1.csv,preconditioning_request,UI_batteryPreconditioningRequest,1726725049000000000,1726725050000000000,1726725050000000000
BEV2_2024-09-19_drive2.csv,soc,SOCave292,1726760923000000000,1726760924000000000,1726760924000000000
BEV2_2024-09-19_drive2.csv,ambient_c,VCRIGHT_tempAmbientRaw,1726760923000000000,1726760924000000000,1726760924000000000
BEV2_2024-09-19_drive2.csv,pack_min_c,BMSminPackTemperature,1726760923000000000,1726760924000000000,1726760924000000000
BEV2_2024-09-19_drive2.csv,pack_max_c,BMSmaxPackTemperature,1726760923000000000,1726760924000000000,1726760924000000000
BEV2_2024-09-19_drive2.csv,preconditioning_request,UI_batteryPreconditioningRequest,1726760923000000000,1726760924000000000,1726760924000000000
BEV2_2024-09-20_drive1.csv,soc,SOCave292,1726810235000000000,1726810236000000000,1726810236000000000
BEV2_2024-09-20_drive1.csv,ambient_c,VCRIGHT_tempAmbientRaw,1726810235000000000,1726810236000000000,1726810236000000000
BEV2_2024-09-20_drive1.csv,pack_min_c,BMSminPackTemperature,1726810235000000000,1726810236000000000,1726810236000000000
BEV2_2024-09-20_drive1.csv,pack_max_c,BMSmaxPackTemperature,1726810235000000000,1726810236000000000,1726810236000000000
BEV2_2024-09-20_drive1.csv,preconditioning_request,UI_batteryPreconditioningRequest,1726810235000000000,1726810236000000000,1726810236000000000
BEV2_2024-09-20_drive2.csv,soc,SOCave292,1726847945000000000,1726847946000000000,1726847946000000000
BEV2_2024-09-20_drive2.csv,ambient_c,VCRIGHT_tempAmbientRaw,1726847945000000000,1726847946000000000,1726847946000000000
BEV2_2024-09-20_drive2.csv,pack_min_c,BMSminPackTemperature,1726847945000000000,1726847946000000000,1726847946000000000
BEV2_2024-09-20_drive2.csv,pack_max_c,BMSmaxPackTemperature,1726847945000000000,1726847946000000000,1726847946000000000
BEV2_2024-09-20_drive2.csv,preconditioning_request,UI_batteryPreconditioningRequest,1726847945000000000,1726847946000000000,1726847946000000000
BEV2_2024-09-20_drive3.csv,soc,SOCave292,1726852364000000000,1726852365000000000,1726852365000000000
BEV2_2024-09-20_drive3.csv,ambient_c,VCRIGHT_tempAmbientRaw,1726852364000000000,1726852365000000000,1726852365000000000
BEV2_2024-09-20_drive3.csv,pack_min_c,BMSminPackTemperature,1726852364000000000,1726852365000000000,1726852365000000000
BEV2_2024-09-20_drive3.csv,pack_max_c,BMSmaxPackTemperature,1726852364000000000,1726852365000000000,1726852365000000000
BEV2_2024-09-20_drive3.csv,preconditioning_request,UI_batteryPreconditioningRequest,1726852364000000000,1726852365000000000,1726852365000000000
BEV2_2024-09-20_drive4.csv,soc,SOCave292,1726860793000000000,1726860794000000000,1726860794000000000
BEV2_2024-09-20_drive4.csv,ambient_c,VCRIGHT_tempAmbientRaw,1726860793000000000,1726860794000000000,1726860794000000000
BEV2_2024-09-20_drive4.csv,pack_min_c,BMSminPackTemperature,1726860793000000000,1726860794000000000,1726860794000000000
BEV2_2024-09-20_drive4.csv,pack_max_c,BMSmaxPackTemperature,1726860793000000000,1726860794000000000,1726860794000000000
BEV2_2024-09-20_drive4.csv,preconditioning_request,UI_batteryPreconditioningRequest,1726860792000000000,1726860793000000000,1726860794000000000
BEV2_2024-09-21_drive1.csv,soc,SOCave292,1726916795000000000,1726916796000000000,1726916796000000000
BEV2_2024-09-21_drive1.csv,ambient_c,VCRIGHT_tempAmbientRaw,1726916795000000000,1726916796000000000,1726916796000000000
BEV2_2024-09-21_drive1.csv,pack_min_c,BMSminPackTemperature,1726916795000000000,1726916796000000000,1726916796000000000
BEV2_2024-09-21_drive1.csv,pack_max_c,BMSmaxPackTemperature,1726916795000000000,1726916796000000000,1726916796000000000
BEV2_2024-09-21_drive1.csv,preconditioning_request,UI_batteryPreconditioningRequest,1726916795000000000,1726916796000000000,1726916796000000000
BEV2_2024-09-21_drive2.csv,soc,SOCave292,1726919971000000000,1726919972000000000,1726919972000000000
BEV2_2024-09-21_drive2.csv,ambient_c,VCRIGHT_tempAmbientRaw,1726919971000000000,1726919972000000000,1726919972000000000
BEV2_2024-09-21_drive2.csv,pack_min_c,BMSminPackTemperature,1726919971000000000,1726919972000000000,1726919972000000000
BEV2_2024-09-21_drive2.csv,pack_max_c,BMSmaxPackTemperature,1726919971000000000,1726919972000000000,1726919972000000000
BEV2_2024-09-21_drive2.csv,preconditioning_request,UI_batteryPreconditioningRequest,1726919971000000000,1726919972000000000,1726919972000000000
BEV2_2024-09-21_drive3.csv,soc,SOCave292,1726921494000000000,1726921495000000000,1726921495000000000
BEV2_2024-09-21_drive3.csv,ambient_c,VCRIGHT_tempAmbientRaw,1726921494000000000,1726921495000000000,1726921495000000000
BEV2_2024-09-21_drive3.csv,pack_min_c,BMSminPackTemperature,1726921494000000000,1726921495000000000,1726921495000000000
BEV2_2024-09-21_drive3.csv,pack_max_c,BMSmaxPackTemperature,1726921494000000000,1726921495000000000,1726921495000000000
BEV2_2024-09-21_drive3.csv,preconditioning_request,UI_batteryPreconditioningRequest,1726921494000000000,1726921495000000000,1726921495000000000
BEV2_2024-09-21_drive4.csv,soc,SOCave292,1726922836000000000,1726922837000000000,1726922837000000000
BEV2_2024-09-21_drive4.csv,ambient_c,VCRIGHT_tempAmbientRaw,1726922836000000000,1726922837000000000,1726922837000000000
BEV2_2024-09-21_drive4.csv,pack_min_c,BMSminPackTemperature,1726922836000000000,1726922837000000000,1726922837000000000
BEV2_2024-09-21_drive4.csv,pack_max_c,BMSmaxPackTemperature,1726922836000000000,1726922837000000000,1726922837000000000
BEV2_2024-09-21_drive5.csv,soc,SOCave292,1726939619000000000,1726939620000000000,1726939620000000000
BEV2_2024-09-21_drive5.csv,ambient_c,VCRIGHT_tempAmbientRaw,1726939619000000000,1726939620000000000,1726939620000000000
BEV2_2024-09-21_drive5.csv,pack_min_c,BMSminPackTemperature,1726939619000000000,1726939620000000000,1726939620000000000
BEV2_2024-09-21_drive5.csv,pack_max_c,BMSmaxPackTemperature,1726939619000000000,1726939620000000000,1726939620000000000
BEV2_2024-09-21_drive5.csv,preconditioning_request,UI_batteryPreconditioningRequest,1726939619000000000,1726939620000000000,1726939620000000000
BEV2_2024-09-21_drive6.csv,soc,SOCave292,1726946611000000000,1726946612000000000,1726946612000000000
BEV2_2024-09-21_drive6.csv,ambient_c,VCRIGHT_tempAmbientRaw,1726946611000000000,1726946612000000000,1726946612000000000
BEV2_2024-09-21_drive6.csv,pack_min_c,BMSminPackTemperature,1726946611000000000,1726946612000000000,1726946612000000000
BEV2_2024-09-21_drive6.csv,pack_max_c,BMSmaxPackTemperature,1726946611000000000,1726946612000000000,1726946612000000000
BEV2_2024-09-21_drive6.csv,preconditioning_request,UI_batteryPreconditioningRequest,1726946611000000000,1726946612000000000,1726946612000000000
BEV2_2024-09-21_drive7.csv,soc,SOCave292,1726950746000000000,1726950747000000000,1726950747000000000
BEV2_2024-09-21_drive7.csv,ambient_c,VCRIGHT_tempAmbientRaw,1726950746000000000,1726950747000000000,1726950747000000000
BEV2_2024-09-21_drive7.csv,pack_min_c,BMSminPackTemperature,1726950746000000000,1726950747000000000,1726950747000000000
BEV2_2024-09-21_drive7.csv,pack_max_c,BMSmaxPackTemperature,1726950746000000000,1726950747000000000,1726950747000000000
BEV2_2024-09-21_drive7.csv,preconditioning_request,UI_batteryPreconditioningRequest,1726950746000000000,1726950747000000000,1726950747000000000
BEV2_2024-09-22_drive1.csv,soc,SOCave292,1726996613000000000,1726996614000000000,1726996614000000000
BEV2_2024-09-22_drive1.csv,ambient_c,VCRIGHT_tempAmbientRaw,1726996613000000000,1726996614000000000,1726996614000000000
BEV2_2024-09-22_drive1.csv,pack_min_c,BMSminPackTemperature,1726996613000000000,1726996614000000000,1726996614000000000
BEV2_2024-09-22_drive1.csv,pack_max_c,BMSmaxPackTemperature,1726996613000000000,1726996614000000000,1726996614000000000
BEV2_2024-09-22_drive1.csv,preconditioning_request,UI_batteryPreconditioningRequest,1726996613000000000,1726996614000000000,1726996614000000000
BEV2_2024-09-22_drive2.csv,soc,SOCave292,1726999507000000000,1726999508000000000,1726999508000000000
BEV2_2024-09-22_drive2.csv,ambient_c,VCRIGHT_tempAmbientRaw,1726999507000000000,1726999508000000000,1726999508000000000
BEV2_2024-09-22_drive2.csv,pack_min_c,BMSminPackTemperature,1726999507000000000,1726999508000000000,1726999508000000000
BEV2_2024-09-22_drive2.csv,pack_max_c,BMSmaxPackTemperature,1726999507000000000,1726999508000000000,1726999508000000000
BEV2_2024-09-22_drive2.csv,preconditioning_request,UI_batteryPreconditioningRequest,1726999507000000000,1726999508000000000,1726999508000000000
BEV2_2024-09-22_drive3.csv,soc,SOCave292,1727006159000000000,1727006160000000000,1727006160000000000
BEV2_2024-09-22_drive3.csv,ambient_c,VCRIGHT_tempAmbientRaw,1727006159000000000,1727006160000000000,1727006160000000000
BEV2_2024-09-22_drive3.csv,pack_min_c,BMSminPackTemperature,1727006159000000000,1727006160000000000,1727006160000000000
BEV2_2024-09-22_drive3.csv,pack_max_c,BMSmaxPackTemperature,1727006159000000000,1727006160000000000,1727006160000000000
BEV2_2024-09-22_drive3.csv,preconditioning_request,UI_batteryPreconditioningRequest,1727006159000000000,1727006160000000000,1727006160000000000
BEV2_2024-09-23_drive1.csv,soc,SOCave292,1727071512000000000,1727071513000000000,1727071513000000000
BEV2_2024-09-23_drive1.csv,ambient_c,VCRIGHT_tempAmbientRaw,1727071512000000000,1727071513000000000,1727071513000000000
BEV2_2024-09-23_drive1.csv,pack_min_c,BMSminPackTemperature,1727071512000000000,1727071513000000000,1727071513000000000
BEV2_2024-09-23_drive1.csv,pack_max_c,BMSmaxPackTemperature,1727071512000000000,1727071513000000000,1727071513000000000
BEV2_2024-09-23_drive1.csv,preconditioning_request,UI_batteryPreconditioningRequest,1727071512000000000,1727071513000000000,1727071513000000000
BEV2_2024-09-23_drive2.csv,soc,SOCave292,1727081381000000000,1727081382000000000,1727081382000000000
BEV2_2024-09-23_drive2.csv,ambient_c,VCRIGHT_tempAmbientRaw,1727081381000000000,1727081382000000000,1727081382000000000
BEV2_2024-09-23_drive2.csv,pack_min_c,BMSminPackTemperature,1727081381000000000,1727081382000000000,1727081382000000000
BEV2_2024-09-23_drive2.csv,pack_max_c,BMSmaxPackTemperature,1727081381000000000,1727081382000000000,1727081382000000000
BEV2_2024-09-23_drive2.csv,preconditioning_request,UI_batteryPreconditioningRequest,1727081381000000000,1727081382000000000,1727081382000000000
BEV2_2024-09-23_drive3.csv,soc,SOCave292,1727084532000000000,1727084533000000000,1727084533000000000
BEV2_2024-09-23_drive3.csv,ambient_c,VCRIGHT_tempAmbientRaw,1727084532000000000,1727084533000000000,1727084533000000000
BEV2_2024-09-23_drive3.csv,pack_min_c,BMSminPackTemperature,1727084532000000000,1727084533000000000,1727084533000000000
BEV2_2024-09-23_drive3.csv,pack_max_c,BMSmaxPackTemperature,1727084532000000000,1727084533000000000,1727084533000000000
BEV2_2024-09-23_drive3.csv,preconditioning_request,UI_batteryPreconditioningRequest,1727084532000000000,1727084533000000000,1727084533000000000
BEV2_2024-09-24_drive1.csv,soc,SOCave292,1727214796000000000,1727214797000000000,1727214797000000000
BEV2_2024-09-24_drive1.csv,ambient_c,VCRIGHT_tempAmbientRaw,1727214796000000000,1727214797000000000,1727214797000000000
BEV2_2024-09-24_drive1.csv,pack_min_c,BMSminPackTemperature,1727214796000000000,1727214797000000000,1727214797000000000
BEV2_2024-09-24_drive1.csv,pack_max_c,BMSmaxPackTemperature,1727214796000000000,1727214797000000000,1727214797000000000
BEV2_2024-09-24_drive1.csv,preconditioning_request,UI_batteryPreconditioningRequest,1727214796000000000,1727214797000000000,1727214797000000000
BEV2_2024-09-25_drive1.csv,soc,SOCave292,1727247901000000000,1727247902000000000,1727247902000000000
BEV2_2024-09-25_drive1.csv,ambient_c,VCRIGHT_tempAmbientRaw,1727247901000000000,1727247902000000000,1727247902000000000
BEV2_2024-09-25_drive1.csv,pack_min_c,BMSminPackTemperature,1727247901000000000,1727247902000000000,1727247902000000000
BEV2_2024-09-25_drive1.csv,pack_max_c,BMSmaxPackTemperature,1727247901000000000,1727247902000000000,1727247902000000000
BEV2_2024-09-25_drive1.csv,preconditioning_request,UI_batteryPreconditioningRequest,1727247901000000000,1727247902000000000,1727247902000000000
BEV2_2024-09-25_drive2.csv,soc,SOCave292,1727249133000000000,1727249134000000000,1727249134000000000
BEV2_2024-09-25_drive2.csv,ambient_c,VCRIGHT_tempAmbientRaw,1727249133000000000,1727249134000000000,1727249134000000000
BEV2_2024-09-25_drive2.csv,pack_min_c,BMSminPackTemperature,1727249133000000000,1727249134000000000,1727249134000000000
BEV2_2024-09-25_drive2.csv,pack_max_c,BMSmaxPackTemperature,1727249133000000000,1727249134000000000,1727249134000000000
BEV2_2024-09-25_drive2.csv,preconditioning_request,UI_batteryPreconditioningRequest,1727249133000000000,1727249134000000000,1727249134000000000
BEV2_2024-09-25_drive3.csv,soc,SOCave292,1727270056000000000,1727270057000000000,1727270057000000000
BEV2_2024-09-25_drive3.csv,ambient_c,VCRIGHT_tempAmbientRaw,1727270056000000000,1727270057000000000,1727270057000000000
BEV2_2024-09-25_drive3.csv,pack_min_c,BMSminPackTemperature,1727270056000000000,1727270057000000000,1727270057000000000
BEV2_2024-09-25_drive3.csv,pack_max_c,BMSmaxPackTemperature,1727270056000000000,1727270057000000000,1727270057000000000
BEV2_2024-09-25_drive3.csv,preconditioning_request,UI_batteryPreconditioningRequest,1727270056000000000,1727270057000000000,1727270057000000000
BEV2_2024-09-25_drive4.csv,soc,SOCave292,1727287963000000000,1727287964000000000,1727287964000000000
BEV2_2024-09-25_drive4.csv,ambient_c,VCRIGHT_tempAmbientRaw,1727287963000000000,1727287964000000000,1727287964000000000
BEV2_2024-09-25_drive4.csv,pack_min_c,BMSminPackTemperature,1727287963000000000,1727287964000000000,1727287964000000000
BEV2_2024-09-25_drive4.csv,pack_max_c,BMSmaxPackTemperature,1727287963000000000,1727287964000000000,1727287964000000000
BEV2_2024-09-26_drive1.csv,soc,SOCave292,1727329703000000000,1727329704000000000,1727329704000000000
BEV2_2024-09-26_drive1.csv,ambient_c,VCRIGHT_tempAmbientRaw,1727329703000000000,1727329704000000000,1727329704000000000
BEV2_2024-09-26_drive1.csv,pack_min_c,BMSminPackTemperature,1727329703000000000,1727329704000000000,1727329704000000000
BEV2_2024-09-26_drive1.csv,pack_max_c,BMSmaxPackTemperature,1727329703000000000,1727329704000000000,1727329704000000000
BEV2_2024-09-26_drive1.csv,preconditioning_request,UI_batteryPreconditioningRequest,1727329703000000000,1727329704000000000,1727329704000000000
BEV2_2024-09-26_drive2.csv,soc,SOCave292,1727369946000000000,1727369947000000000,1727369947000000000
BEV2_2024-09-26_drive2.csv,ambient_c,VCRIGHT_tempAmbientRaw,1727369946000000000,1727369947000000000,1727369947000000000
BEV2_2024-09-26_drive2.csv,pack_min_c,BMSminPackTemperature,1727369946000000000,1727369947000000000,1727369947000000000
BEV2_2024-09-26_drive2.csv,pack_max_c,BMSmaxPackTemperature,1727369946000000000,1727369947000000000,1727369947000000000
BEV2_2024-09-26_drive2.csv,preconditioning_request,UI_batteryPreconditioningRequest,1727369946000000000,1727369947000000000,1727369947000000000
BEV2_2024-09-26_drive3.csv,soc,SOCave292,1727370553000000000,1727370554000000000,1727370554000000000
BEV2_2024-09-26_drive3.csv,ambient_c,VCRIGHT_tempAmbientRaw,1727370553000000000,1727370554000000000,1727370554000000000
BEV2_2024-09-26_drive3.csv,pack_min_c,BMSminPackTemperature,1727370553000000000,1727370554000000000,1727370554000000000
BEV2_2024-09-26_drive3.csv,pack_max_c,BMSmaxPackTemperature,1727370553000000000,1727370554000000000,1727370554000000000
BEV2_2024-09-26_drive3.csv,preconditioning_request,UI_batteryPreconditioningRequest,1727370553000000000,1727370554000000000,1727370554000000000
BEV2_2024-09-27_drive1.csv,soc,SOCave292,1727415954000000000,1727415955000000000,1727415955000000000
BEV2_2024-09-27_drive1.csv,ambient_c,VCRIGHT_tempAmbientRaw,1727415954000000000,1727415955000000000,1727415955000000000
BEV2_2024-09-27_drive1.csv,pack_min_c,BMSminPackTemperature,1727415954000000000,1727415955000000000,1727415955000000000
BEV2_2024-09-27_drive1.csv,pack_max_c,BMSmaxPackTemperature,1727415954000000000,1727415955000000000,1727415955000000000
BEV2_2024-09-27_drive1.csv,preconditioning_request,UI_batteryPreconditioningRequest,1727415954000000000,1727415955000000000,1727415955000000000
BEV2_2024-09-27_drive2.csv,soc,SOCave292,1727430555000000000,1727430556000000000,1727430556000000000
BEV2_2024-09-27_drive2.csv,ambient_c,VCRIGHT_tempAmbientRaw,1727430555000000000,1727430556000000000,1727430556000000000
BEV2_2024-09-27_drive2.csv,pack_min_c,BMSminPackTemperature,1727430555000000000,1727430556000000000,1727430556000000000
BEV2_2024-09-27_drive2.csv,pack_max_c,BMSmaxPackTemperature,1727430555000000000,1727430556000000000,1727430556000000000
BEV2_2024-09-27_drive2.csv,preconditioning_request,UI_batteryPreconditioningRequest,1727430555000000000,1727430556000000000,1727430556000000000
BEV2_2024-09-27_drive3.csv,soc,SOCave292,1727453800000000000,1727453801000000000,1727453801000000000
BEV2_2024-09-27_drive3.csv,ambient_c,VCRIGHT_tempAmbientRaw,1727453800000000000,1727453801000000000,1727453801000000000
BEV2_2024-09-27_drive3.csv,pack_min_c,BMSminPackTemperature,1727453800000000000,1727453801000000000,1727453801000000000
BEV2_2024-09-27_drive3.csv,pack_max_c,BMSmaxPackTemperature,1727453800000000000,1727453801000000000,1727453801000000000
BEV2_2024-09-27_drive3.csv,preconditioning_request,UI_batteryPreconditioningRequest,1727453800000000000,1727453801000000000,1727453801000000000
BEV2_2024-09-27_drive4.csv,soc,SOCave292,1727455493000000000,1727455494000000000,1727455494000000000
BEV2_2024-09-27_drive4.csv,ambient_c,VCRIGHT_tempAmbientRaw,1727455493000000000,1727455494000000000,1727455494000000000
BEV2_2024-09-27_drive4.csv,pack_min_c,BMSminPackTemperature,1727455493000000000,1727455494000000000,1727455494000000000
BEV2_2024-09-27_drive4.csv,pack_max_c,BMSmaxPackTemperature,1727455493000000000,1727455494000000000,1727455494000000000
BEV2_2024-09-27_drive4.csv,preconditioning_request,UI_batteryPreconditioningRequest,1727455493000000000,1727455494000000000,1727455494000000000
BEV2_2024-09-27_drive5.csv,soc,SOCave292,1727472914000000000,1727472915000000000,1727472915000000000
BEV2_2024-09-27_drive5.csv,ambient_c,VCRIGHT_tempAmbientRaw,1727472914000000000,1727472915000000000,1727472915000000000
BEV2_2024-09-27_drive5.csv,pack_min_c,BMSminPackTemperature,1727472914000000000,1727472915000000000,1727472915000000000
BEV2_2024-09-27_drive5.csv,pack_max_c,BMSmaxPackTemperature,1727472914000000000,1727472915000000000,1727472915000000000
BEV2_2024-09-27_drive5.csv,preconditioning_request,UI_batteryPreconditioningRequest,1727472914000000000,1727472915000000000,1727472915000000000
BEV2_2024-09-28_drive1.csv,soc,SOCave292,1727512975000000000,1727512976000000000,1727512976000000000
BEV2_2024-09-28_drive1.csv,ambient_c,VCRIGHT_tempAmbientRaw,1727512975000000000,1727512976000000000,1727512976000000000
BEV2_2024-09-28_drive1.csv,pack_min_c,BMSminPackTemperature,1727512975000000000,1727512976000000000,1727512976000000000
BEV2_2024-09-28_drive1.csv,pack_max_c,BMSmaxPackTemperature,1727512975000000000,1727512976000000000,1727512976000000000
BEV2_2024-09-28_drive1.csv,preconditioning_request,UI_batteryPreconditioningRequest,1727512975000000000,1727512976000000000,1727512976000000000
BEV2_2024-09-28_drive2.csv,soc,SOCave292,1727520092000000000,1727520093000000000,1727520093000000000
BEV2_2024-09-28_drive2.csv,ambient_c,VCRIGHT_tempAmbientRaw,1727520092000000000,1727520093000000000,1727520093000000000
BEV2_2024-09-28_drive2.csv,pack_min_c,BMSminPackTemperature,1727520092000000000,1727520093000000000,1727520093000000000
BEV2_2024-09-28_drive2.csv,pack_max_c,BMSmaxPackTemperature,1727520092000000000,1727520093000000000,1727520093000000000
BEV2_2024-09-28_drive2.csv,preconditioning_request,UI_batteryPreconditioningRequest,1727520092000000000,1727520093000000000,1727520093000000000
BEV2_2024-09-28_drive4.csv,soc,SOCave292,1727537956000000000,1727537957000000000,1727537957000000000
BEV2_2024-09-28_drive4.csv,ambient_c,VCRIGHT_tempAmbientRaw,1727537956000000000,1727537957000000000,1727537957000000000
BEV2_2024-09-28_drive4.csv,pack_min_c,BMSminPackTemperature,1727537956000000000,1727537957000000000,1727537957000000000
BEV2_2024-09-28_drive4.csv,pack_max_c,BMSmaxPackTemperature,1727537956000000000,1727537957000000000,1727537957000000000
BEV2_2024-09-28_drive4.csv,preconditioning_request,UI_batteryPreconditioningRequest,1727537956000000000,1727537957000000000,1727537957000000000
BEV2_2024-09-28_drive5.csv,soc,SOCave292,1727539625000000000,1727539626000000000,1727539626000000000
BEV2_2024-09-28_drive5.csv,ambient_c,VCRIGHT_tempAmbientRaw,1727539625000000000,1727539626000000000,1727539626000000000
BEV2_2024-09-28_drive5.csv,pack_min_c,BMSminPackTemperature,1727539625000000000,1727539626000000000,1727539626000000000
BEV2_2024-09-28_drive5.csv,pack_max_c,BMSmaxPackTemperature,1727539625000000000,1727539626000000000,1727539626000000000
BEV2_2024-09-28_drive5.csv,preconditioning_request,UI_batteryPreconditioningRequest,1727539624000000000,1727539625000000000,1727539626000000000
BEV2_2024-09-28_drive6.csv,soc,SOCave292,1727544722000000000,1727544723000000000,1727544723000000000
BEV2_2024-09-28_drive6.csv,ambient_c,VCRIGHT_tempAmbientRaw,1727544722000000000,1727544723000000000,1727544723000000000
BEV2_2024-09-28_drive6.csv,pack_min_c,BMSminPackTemperature,1727544722000000000,1727544723000000000,1727544723000000000
BEV2_2024-09-28_drive6.csv,pack_max_c,BMSmaxPackTemperature,1727544722000000000,1727544723000000000,1727544723000000000
BEV2_2024-09-28_drive6.csv,preconditioning_request,UI_batteryPreconditioningRequest,1727544722000000000,1727544723000000000,1727544723000000000
BEV2_2024-09-29_drive1.csv,soc,SOCave292,1727584050000000000,1727584051000000000,1727584051000000000
BEV2_2024-09-29_drive1.csv,ambient_c,VCRIGHT_tempAmbientRaw,1727584050000000000,1727584051000000000,1727584051000000000
BEV2_2024-09-29_drive1.csv,pack_min_c,BMSminPackTemperature,1727584050000000000,1727584051000000000,1727584051000000000
BEV2_2024-09-29_drive1.csv,pack_max_c,BMSmaxPackTemperature,1727584050000000000,1727584051000000000,1727584051000000000
BEV2_2024-09-29_drive1.csv,preconditioning_request,UI_batteryPreconditioningRequest,1727584050000000000,1727584051000000000,1727584051000000000
BEV2_2024-09-29_drive2.csv,soc,SOCave292,1727609055000000000,1727609056000000000,1727609056000000000
BEV2_2024-09-29_drive2.csv,ambient_c,VCRIGHT_tempAmbientRaw,1727609055000000000,1727609056000000000,1727609056000000000
BEV2_2024-09-29_drive2.csv,pack_min_c,BMSminPackTemperature,1727609055000000000,1727609056000000000,1727609056000000000
BEV2_2024-09-29_drive2.csv,pack_max_c,BMSmaxPackTemperature,1727609055000000000,1727609056000000000,1727609056000000000
BEV2_2024-09-29_drive3.csv,soc,SOCave292,1727615879000000000,1727615880000000000,1727615880000000000
BEV2_2024-09-29_drive3.csv,ambient_c,VCRIGHT_tempAmbientRaw,1727615879000000000,1727615880000000000,1727615880000000000
BEV2_2024-09-29_drive3.csv,pack_min_c,BMSminPackTemperature,1727615879000000000,1727615880000000000,1727615880000000000
BEV2_2024-09-29_drive3.csv,pack_max_c,BMSmaxPackTemperature,1727615879000000000,1727615880000000000,1727615880000000000
BEV2_2024-09-29_drive3.csv,preconditioning_request,UI_batteryPreconditioningRequest,1727615879000000000,1727615880000000000,1727615880000000000
BEV2_2024-09-29_drive4.csv,soc,SOCave292,1727625424000000000,1727625425000000000,1727625425000000000
BEV2_2024-09-29_drive4.csv,ambient_c,VCRIGHT_tempAmbientRaw,1727625424000000000,1727625425000000000,1727625425000000000
BEV2_2024-09-29_drive4.csv,pack_min_c,BMSminPackTemperature,1727625424000000000,1727625425000000000,1727625425000000000
BEV2_2024-09-29_drive4.csv,pack_max_c,BMSmaxPackTemperature,1727625424000000000,1727625425000000000,1727625425000000000
BEV2_2024-09-29_drive4.csv,preconditioning_request,UI_batteryPreconditioningRequest,1727625424000000000,1727625425000000000,1727625425000000000
BEV2_2024-09-29_drive5.csv,soc,SOCave292,1727638368000000000,1727638369000000000,1727638369000000000
BEV2_2024-09-29_drive5.csv,ambient_c,VCRIGHT_tempAmbientRaw,1727638368000000000,1727638369000000000,1727638369000000000
BEV2_2024-09-29_drive5.csv,pack_min_c,BMSminPackTemperature,1727638368000000000,1727638369000000000,1727638369000000000
BEV2_2024-09-29_drive5.csv,pack_max_c,BMSmaxPackTemperature,1727638368000000000,1727638369000000000,1727638369000000000
BEV2_2024-09-29_drive5.csv,preconditioning_request,UI_batteryPreconditioningRequest,1727638368000000000,1727638369000000000,1727638369000000000
BEV2_2024-09-30_drive1.csv,soc,SOCave292,1727674984000000000,1727674985000000000,1727674985000000000
BEV2_2024-09-30_drive1.csv,ambient_c,VCRIGHT_tempAmbientRaw,1727674984000000000,1727674985000000000,1727674985000000000
BEV2_2024-09-30_drive1.csv,pack_min_c,BMSminPackTemperature,1727674984000000000,1727674985000000000,1727674985000000000
BEV2_2024-09-30_drive1.csv,pack_max_c,BMSmaxPackTemperature,1727674984000000000,1727674985000000000,1727674985000000000
BEV2_2024-09-30_drive2.csv,soc,SOCave292,1727689019000000000,1727689020000000000,1727689020000000000
BEV2_2024-09-30_drive2.csv,ambient_c,VCRIGHT_tempAmbientRaw,1727689019000000000,1727689020000000000,1727689020000000000
BEV2_2024-09-30_drive2.csv,pack_min_c,BMSminPackTemperature,1727689019000000000,1727689020000000000,1727689020000000000
BEV2_2024-09-30_drive2.csv,pack_max_c,BMSmaxPackTemperature,1727689019000000000,1727689020000000000,1727689020000000000
BEV2_2024-09-30_drive3.csv,soc,SOCave292,1727689766000000000,1727689767000000000,1727689767000000000
BEV2_2024-09-30_drive3.csv,ambient_c,VCRIGHT_tempAmbientRaw,1727689766000000000,1727689767000000000,1727689767000000000
BEV2_2024-09-30_drive3.csv,pack_min_c,BMSminPackTemperature,1727689766000000000,1727689767000000000,1727689767000000000
BEV2_2024-09-30_drive3.csv,pack_max_c,BMSmaxPackTemperature,1727689766000000000,1727689767000000000,1727689767000000000
BEV2_2024-09-30_drive3.csv,preconditioning_request,UI_batteryPreconditioningRequest,1727689766000000000,1727689767000000000,1727689767000000000
BEV2_2024-09-30_drive4.csv,soc,SOCave292,1727693141000000000,1727693142000000000,1727693142000000000
BEV2_2024-09-30_drive4.csv,ambient_c,VCRIGHT_tempAmbientRaw,1727693141000000000,1727693142000000000,1727693142000000000
BEV2_2024-09-30_drive4.csv,pack_min_c,BMSminPackTemperature,1727693141000000000,1727693142000000000,1727693142000000000
BEV2_2024-09-30_drive4.csv,pack_max_c,BMSmaxPackTemperature,1727693141000000000,1727693142000000000,1727693142000000000
BEV2_2024-09-30_drive4.csv,preconditioning_request,UI_batteryPreconditioningRequest,1727693141000000000,1727693142000000000,1727693142000000000
BEV2_2024-09-30_drive5.csv,soc,SOCave292,1727713235000000000,1727713236000000000,1727713236000000000
BEV2_2024-09-30_drive5.csv,ambient_c,VCRIGHT_tempAmbientRaw,1727713235000000000,1727713236000000000,1727713236000000000
BEV2_2024-09-30_drive5.csv,pack_min_c,BMSminPackTemperature,1727713235000000000,1727713236000000000,1727713236000000000
BEV2_2024-09-30_drive5.csv,pack_max_c,BMSmaxPackTemperature,1727713235000000000,1727713236000000000,1727713236000000000
BEV2_2024-09-30_drive5.csv,preconditioning_request,UI_batteryPreconditioningRequest,1727713235000000000,1727713236000000000,1727713236000000000
BEV2_2024-09-30_drive6.csv,soc,SOCave292,1727720897000000000,1727720898000000000,1727720898000000000
BEV2_2024-09-30_drive6.csv,ambient_c,VCRIGHT_tempAmbientRaw,1727720897000000000,1727720898000000000,1727720898000000000
BEV2_2024-09-30_drive6.csv,pack_min_c,BMSminPackTemperature,1727720897000000000,1727720898000000000,1727720898000000000
BEV2_2024-09-30_drive6.csv,pack_max_c,BMSmaxPackTemperature,1727720897000000000,1727720898000000000,1727720898000000000
BEV2_2024-09-30_drive6.csv,preconditioning_request,UI_batteryPreconditioningRequest,1727720897000000000,1727720898000000000,1727720898000000000
BEV2_2024-10-01_drive1.csv,soc,SOCave292,1727765223000000000,1727765224000000000,1727765224000000000
BEV2_2024-10-01_drive1.csv,ambient_c,VCRIGHT_tempAmbientRaw,1727765223000000000,1727765224000000000,1727765224000000000
BEV2_2024-10-01_drive1.csv,pack_min_c,BMSminPackTemperature,1727765223000000000,1727765224000000000,1727765224000000000
BEV2_2024-10-01_drive1.csv,pack_max_c,BMSmaxPackTemperature,1727765223000000000,1727765224000000000,1727765224000000000
BEV2_2024-10-01_drive1.csv,preconditioning_request,UI_batteryPreconditioningRequest,1727765223000000000,1727765224000000000,1727765224000000000
BEV2_2024-10-01_drive2.csv,soc,SOCave292,1727794846000000000,1727794847000000000,1727794847000000000
BEV2_2024-10-01_drive2.csv,ambient_c,VCRIGHT_tempAmbientRaw,1727794846000000000,1727794847000000000,1727794847000000000
BEV2_2024-10-01_drive2.csv,pack_min_c,BMSminPackTemperature,1727794846000000000,1727794847000000000,1727794847000000000
BEV2_2024-10-01_drive2.csv,pack_max_c,BMSmaxPackTemperature,1727794846000000000,1727794847000000000,1727794847000000000
BEV2_2024-10-01_drive2.csv,preconditioning_request,UI_batteryPreconditioningRequest,1727794846000000000,1727794847000000000,1727794847000000000
BEV2_2024-10-01_drive3.csv,soc,SOCave292,1727803618000000000,1727803619000000000,1727803619000000000
BEV2_2024-10-01_drive3.csv,ambient_c,VCRIGHT_tempAmbientRaw,1727803618000000000,1727803619000000000,1727803619000000000
BEV2_2024-10-01_drive3.csv,pack_min_c,BMSminPackTemperature,1727803618000000000,1727803619000000000,1727803619000000000
BEV2_2024-10-01_drive3.csv,pack_max_c,BMSmaxPackTemperature,1727803618000000000,1727803619000000000,1727803619000000000
BEV2_2024-10-01_drive3.csv,preconditioning_request,UI_batteryPreconditioningRequest,1727803618000000000,1727803619000000000,1727803619000000000
BEV2_2024-10-02_drive1.csv,soc,SOCave292,1727847999000000000,1727848000000000000,1727848000000000000
BEV2_2024-10-02_drive1.csv,ambient_c,VCRIGHT_tempAmbientRaw,1727847999000000000,1727848000000000000,1727848000000000000
BEV2_2024-10-02_drive1.csv,pack_min_c,BMSminPackTemperature,1727847999000000000,1727848000000000000,1727848000000000000
BEV2_2024-10-02_drive1.csv,pack_max_c,BMSmaxPackTemperature,1727847999000000000,1727848000000000000,1727848000000000000
BEV2_2024-10-02_drive1.csv,preconditioning_request,UI_batteryPreconditioningRequest,1727847999000000000,1727848000000000000,1727848000000000000
BEV2_2024-10-02_drive2.csv,soc,SOCave292,1727860912000000000,1727860913000000000,1727860913000000000
BEV2_2024-10-02_drive2.csv,ambient_c,VCRIGHT_tempAmbientRaw,1727860912000000000,1727860913000000000,1727860913000000000
BEV2_2024-10-02_drive2.csv,pack_min_c,BMSminPackTemperature,1727860912000000000,1727860913000000000,1727860913000000000
BEV2_2024-10-02_drive2.csv,pack_max_c,BMSmaxPackTemperature,1727860912000000000,1727860913000000000,1727860913000000000
BEV2_2024-10-02_drive2.csv,preconditioning_request,UI_batteryPreconditioningRequest,1727860912000000000,1727860913000000000,1727860913000000000
BEV2_2024-10-02_drive3.csv,soc,SOCave292,1727868685000000000,1727868686000000000,1727868686000000000
BEV2_2024-10-02_drive3.csv,ambient_c,VCRIGHT_tempAmbientRaw,1727868685000000000,1727868686000000000,1727868686000000000
BEV2_2024-10-02_drive3.csv,pack_min_c,BMSminPackTemperature,1727868685000000000,1727868686000000000,1727868686000000000
BEV2_2024-10-02_drive3.csv,pack_max_c,BMSmaxPackTemperature,1727868685000000000,1727868686000000000,1727868686000000000
BEV2_2024-10-02_drive3.csv,preconditioning_request,UI_batteryPreconditioningRequest,1727868685000000000,1727868686000000000,1727868686000000000
BEV2_2024-10-02_drive4.csv,soc,SOCave292,1727886068000000000,1727886069000000000,1727886069000000000
BEV2_2024-10-02_drive4.csv,ambient_c,VCRIGHT_tempAmbientRaw,1727886068000000000,1727886069000000000,1727886069000000000
BEV2_2024-10-02_drive4.csv,pack_min_c,BMSminPackTemperature,1727886068000000000,1727886069000000000,1727886069000000000
BEV2_2024-10-02_drive4.csv,pack_max_c,BMSmaxPackTemperature,1727886068000000000,1727886069000000000,1727886069000000000
BEV2_2024-10-02_drive5.csv,soc,SOCave292,1727888967000000000,1727888968000000000,1727888968000000000
BEV2_2024-10-02_drive5.csv,ambient_c,VCRIGHT_tempAmbientRaw,1727888967000000000,1727888968000000000,1727888968000000000
BEV2_2024-10-02_drive5.csv,pack_min_c,BMSminPackTemperature,1727888967000000000,1727888968000000000,1727888968000000000
BEV2_2024-10-02_drive5.csv,pack_max_c,BMSmaxPackTemperature,1727888967000000000,1727888968000000000,1727888968000000000
BEV2_2024-10-02_drive5.csv,preconditioning_request,UI_batteryPreconditioningRequest,1727888967000000000,1727888968000000000,1727888968000000000
BEV2_2024-10-03_drive1.csv,soc,SOCave292,1727934345000000000,1727934346000000000,1727934346000000000
BEV2_2024-10-03_drive1.csv,ambient_c,VCRIGHT_tempAmbientRaw,1727934345000000000,1727934346000000000,1727934346000000000
BEV2_2024-10-03_drive1.csv,pack_min_c,BMSminPackTemperature,1727934345000000000,1727934346000000000,1727934346000000000
BEV2_2024-10-03_drive1.csv,pack_max_c,BMSmaxPackTemperature,1727934345000000000,1727934346000000000,1727934346000000000
BEV2_2024-10-03_drive2.csv,soc,SOCave292,1727948471000000000,1727948472000000000,1727948472000000000
BEV2_2024-10-03_drive2.csv,ambient_c,VCRIGHT_tempAmbientRaw,1727948471000000000,1727948472000000000,1727948472000000000
BEV2_2024-10-03_drive2.csv,pack_min_c,BMSminPackTemperature,1727948471000000000,1727948472000000000,1727948472000000000
BEV2_2024-10-03_drive2.csv,pack_max_c,BMSmaxPackTemperature,1727948471000000000,1727948472000000000,1727948472000000000
BEV2_2024-10-03_drive2.csv,preconditioning_request,UI_batteryPreconditioningRequest,1727948471000000000,1727948472000000000,1727948472000000000
BEV2_2024-10-03_drive3.csv,soc,SOCave292,1727950023000000000,1727950024000000000,1727950024000000000
BEV2_2024-10-03_drive3.csv,ambient_c,VCRIGHT_tempAmbientRaw,1727950023000000000,1727950024000000000,1727950024000000000
BEV2_2024-10-03_drive3.csv,pack_min_c,BMSminPackTemperature,1727950023000000000,1727950024000000000,1727950024000000000
BEV2_2024-10-03_drive3.csv,pack_max_c,BMSmaxPackTemperature,1727950023000000000,1727950024000000000,1727950024000000000
BEV2_2024-10-03_drive3.csv,preconditioning_request,UI_batteryPreconditioningRequest,1727950023000000000,1727950024000000000,1727950024000000000
BEV2_2024-10-03_drive4.csv,soc,SOCave292,1727974629000000000,1727974630000000000,1727974630000000000
BEV2_2024-10-03_drive4.csv,ambient_c,VCRIGHT_tempAmbientRaw,1727974629000000000,1727974630000000000,1727974630000000000
BEV2_2024-10-03_drive4.csv,pack_min_c,BMSminPackTemperature,1727974629000000000,1727974630000000000,1727974630000000000
BEV2_2024-10-03_drive4.csv,pack_max_c,BMSmaxPackTemperature,1727974629000000000,1727974630000000000,1727974630000000000
BEV2_2024-10-03_drive5.csv,soc,SOCave292,1727976643000000000,1727976644000000000,1727976644000000000
BEV2_2024-10-03_drive5.csv,ambient_c,VCRIGHT_tempAmbientRaw,1727976643000000000,1727976644000000000,1727976644000000000
BEV2_2024-10-03_drive5.csv,pack_min_c,BMSminPackTemperature,1727976643000000000,1727976644000000000,1727976644000000000
BEV2_2024-10-03_drive5.csv,pack_max_c,BMSmaxPackTemperature,1727976643000000000,1727976644000000000,1727976644000000000
BEV2_2024-10-03_drive5.csv,preconditioning_request,UI_batteryPreconditioningRequest,1727976643000000000,1727976644000000000,1727976644000000000
BEV2_2024-10-03_drive6.csv,soc,SOCave292,1727983910000000000,1727983911000000000,1727983911000000000
BEV2_2024-10-03_drive6.csv,ambient_c,VCRIGHT_tempAmbientRaw,1727983910000000000,1727983911000000000,1727983911000000000
BEV2_2024-10-03_drive6.csv,pack_min_c,BMSminPackTemperature,1727983910000000000,1727983911000000000,1727983911000000000
BEV2_2024-10-03_drive6.csv,pack_max_c,BMSmaxPackTemperature,1727983910000000000,1727983911000000000,1727983911000000000
BEV2_2024-10-03_drive6.csv,preconditioning_request,UI_batteryPreconditioningRequest,1727983910000000000,1727983911000000000,1727983911000000000
BEV2_2024-10-04_drive1.csv,soc,SOCave292,1728020669000000000,1728020670000000000,1728020670000000000
BEV2_2024-10-04_drive1.csv,ambient_c,VCRIGHT_tempAmbientRaw,1728020669000000000,1728020670000000000,1728020670000000000
BEV2_2024-10-04_drive1.csv,pack_min_c,BMSminPackTemperature,1728020669000000000,1728020670000000000,1728020670000000000
BEV2_2024-10-04_drive1.csv,pack_max_c,BMSmaxPackTemperature,1728020669000000000,1728020670000000000,1728020670000000000
BEV2_2024-10-04_drive1.csv,preconditioning_request,UI_batteryPreconditioningRequest,1728020669000000000,1728020670000000000,1728020670000000000
BEV2_2024-10-04_drive2.csv,soc,SOCave292,1728063553000000000,1728063554000000000,1728063554000000000
BEV2_2024-10-04_drive2.csv,ambient_c,VCRIGHT_tempAmbientRaw,1728063553000000000,1728063554000000000,1728063554000000000
BEV2_2024-10-04_drive2.csv,pack_min_c,BMSminPackTemperature,1728063553000000000,1728063554000000000,1728063554000000000
BEV2_2024-10-04_drive2.csv,pack_max_c,BMSmaxPackTemperature,1728063553000000000,1728063554000000000,1728063554000000000
BEV2_2024-10-04_drive2.csv,preconditioning_request,UI_batteryPreconditioningRequest,1728063553000000000,1728063554000000000,1728063554000000000
BEV2_2024-10-05_drive1.csv,soc,SOCave292,1728107667000000000,1728107668000000000,1728107668000000000
BEV2_2024-10-05_drive1.csv,ambient_c,VCRIGHT_tempAmbientRaw,1728107667000000000,1728107668000000000,1728107668000000000
BEV2_2024-10-05_drive1.csv,pack_min_c,BMSminPackTemperature,1728107667000000000,1728107668000000000,1728107668000000000
BEV2_2024-10-05_drive1.csv,pack_max_c,BMSmaxPackTemperature,1728107667000000000,1728107668000000000,1728107668000000000
BEV2_2024-10-05_drive1.csv,preconditioning_request,UI_batteryPreconditioningRequest,1728107667000000000,1728107668000000000,1728107668000000000
BEV2_2024-10-06_drive1.csv,soc,SOCave292,1728221837000000000,1728221838000000000,1728221838000000000
BEV2_2024-10-06_drive1.csv,ambient_c,VCRIGHT_tempAmbientRaw,1728221837000000000,1728221838000000000,1728221838000000000
BEV2_2024-10-06_drive1.csv,pack_min_c,BMSminPackTemperature,1728221837000000000,1728221838000000000,1728221838000000000
BEV2_2024-10-06_drive1.csv,pack_max_c,BMSmaxPackTemperature,1728221837000000000,1728221838000000000,1728221838000000000
BEV2_2024-10-06_drive1.csv,preconditioning_request,UI_batteryPreconditioningRequest,1728221837000000000,1728221838000000000,1728221838000000000
BEV2_2024-10-06_drive2.csv,soc,SOCave292,1728227446000000000,1728227447000000000,1728227447000000000
BEV2_2024-10-06_drive2.csv,ambient_c,VCRIGHT_tempAmbientRaw,1728227446000000000,1728227447000000000,1728227447000000000
BEV2_2024-10-06_drive2.csv,pack_min_c,BMSminPackTemperature,1728227446000000000,1728227447000000000,1728227447000000000
BEV2_2024-10-06_drive2.csv,pack_max_c,BMSmaxPackTemperature,1728227446000000000,1728227447000000000,1728227447000000000
BEV2_2024-10-06_drive2.csv,preconditioning_request,UI_batteryPreconditioningRequest,1728227446000000000,1728227447000000000,1728227447000000000
BEV2_2024-10-06_drive3.csv,soc,SOCave292,1728232667000000000,1728232668000000000,1728232668000000000
BEV2_2024-10-06_drive3.csv,ambient_c,VCRIGHT_tempAmbientRaw,1728232667000000000,1728232668000000000,1728232668000000000
BEV2_2024-10-06_drive3.csv,pack_min_c,BMSminPackTemperature,1728232667000000000,1728232668000000000,1728232668000000000
BEV2_2024-10-06_drive3.csv,pack_max_c,BMSmaxPackTemperature,1728232667000000000,1728232668000000000,1728232668000000000
BEV2_2024-10-06_drive3.csv,preconditioning_request,UI_batteryPreconditioningRequest,1728232667000000000,1728232668000000000,1728232668000000000
BEV2_2024-10-07_drive1.csv,soc,SOCave292,1728283172000000000,1728283173000000000,1728283173000000000
BEV2_2024-10-07_drive1.csv,ambient_c,VCRIGHT_tempAmbientRaw,1728283172000000000,1728283173000000000,1728283173000000000
BEV2_2024-10-07_drive1.csv,pack_min_c,BMSminPackTemperature,1728283172000000000,1728283173000000000,1728283173000000000
BEV2_2024-10-07_drive1.csv,pack_max_c,BMSmaxPackTemperature,1728283172000000000,1728283173000000000,1728283173000000000
BEV2_2024-10-07_drive1.csv,preconditioning_request,UI_batteryPreconditioningRequest,1728283172000000000,1728283173000000000,1728283173000000000
BEV2_2024-10-07_drive2.csv,soc,SOCave292,1728326101000000000,1728326102000000000,1728326102000000000
BEV2_2024-10-07_drive2.csv,ambient_c,VCRIGHT_tempAmbientRaw,1728326101000000000,1728326102000000000,1728326102000000000
BEV2_2024-10-07_drive2.csv,pack_min_c,BMSminPackTemperature,1728326101000000000,1728326102000000000,1728326102000000000
BEV2_2024-10-07_drive2.csv,pack_max_c,BMSmaxPackTemperature,1728326101000000000,1728326102000000000,1728326102000000000
BEV2_2024-10-07_drive2.csv,preconditioning_request,UI_batteryPreconditioningRequest,1728326101000000000,1728326102000000000,1728326102000000000
BEV2_2024-10-08_drive1.csv,soc,SOCave292,1728367494000000000,1728367495000000000,1728367495000000000
BEV2_2024-10-08_drive1.csv,ambient_c,VCRIGHT_tempAmbientRaw,1728367494000000000,1728367495000000000,1728367495000000000
BEV2_2024-10-08_drive1.csv,pack_min_c,BMSminPackTemperature,1728367494000000000,1728367495000000000,1728367495000000000
BEV2_2024-10-08_drive1.csv,pack_max_c,BMSmaxPackTemperature,1728367494000000000,1728367495000000000,1728367495000000000
BEV2_2024-10-08_drive1.csv,preconditioning_request,UI_batteryPreconditioningRequest,1728367494000000000,1728367495000000000,1728367495000000000
BEV2_2024-10-08_drive2.csv,soc,SOCave292,1728379247000000000,1728379248000000000,1728379248000000000
BEV2_2024-10-08_drive2.csv,ambient_c,VCRIGHT_tempAmbientRaw,1728379247000000000,1728379248000000000,1728379248000000000
BEV2_2024-10-08_drive2.csv,pack_min_c,BMSminPackTemperature,1728379247000000000,1728379248000000000,1728379248000000000
BEV2_2024-10-08_drive2.csv,pack_max_c,BMSmaxPackTemperature,1728379247000000000,1728379248000000000,1728379248000000000
BEV2_2024-10-08_drive2.csv,preconditioning_request,UI_batteryPreconditioningRequest,1728379247000000000,1728379248000000000,1728379248000000000
BEV2_2024-10-08_drive3.csv,soc,SOCave292,1728386480000000000,1728386481000000000,1728386481000000000
BEV2_2024-10-08_drive3.csv,ambient_c,VCRIGHT_tempAmbientRaw,1728386480000000000,1728386481000000000,1728386481000000000
BEV2_2024-10-08_drive3.csv,pack_min_c,BMSminPackTemperature,1728386480000000000,1728386481000000000,1728386481000000000
BEV2_2024-10-08_drive3.csv,pack_max_c,BMSmaxPackTemperature,1728386480000000000,1728386481000000000,1728386481000000000
BEV2_2024-10-08_drive3.csv,preconditioning_request,UI_batteryPreconditioningRequest,1728386480000000000,1728386481000000000,1728386481000000000
BEV2_2024-10-08_drive4.csv,soc,SOCave292,1728391256000000000,1728391257000000000,1728391257000000000
BEV2_2024-10-08_drive4.csv,ambient_c,VCRIGHT_tempAmbientRaw,1728391256000000000,1728391257000000000,1728391257000000000
BEV2_2024-10-08_drive4.csv,pack_min_c,BMSminPackTemperature,1728391256000000000,1728391257000000000,1728391257000000000
BEV2_2024-10-08_drive4.csv,pack_max_c,BMSmaxPackTemperature,1728391256000000000,1728391257000000000,1728391257000000000
BEV2_2024-10-08_drive4.csv,preconditioning_request,UI_batteryPreconditioningRequest,1728391256000000000,1728391257000000000,1728391257000000000
BEV2_2024-10-08_drive5.csv,soc,SOCave292,1728395418000000000,1728395419000000000,1728395419000000000
BEV2_2024-10-08_drive5.csv,ambient_c,VCRIGHT_tempAmbientRaw,1728395418000000000,1728395419000000000,1728395419000000000
BEV2_2024-10-08_drive5.csv,pack_min_c,BMSminPackTemperature,1728395418000000000,1728395419000000000,1728395419000000000
BEV2_2024-10-08_drive5.csv,pack_max_c,BMSmaxPackTemperature,1728395418000000000,1728395419000000000,1728395419000000000
BEV2_2024-10-08_drive6.csv,soc,SOCave292,1728412451000000000,1728412452000000000,1728412452000000000
BEV2_2024-10-08_drive6.csv,ambient_c,VCRIGHT_tempAmbientRaw,1728412451000000000,1728412452000000000,1728412452000000000
BEV2_2024-10-08_drive6.csv,pack_min_c,BMSminPackTemperature,1728412451000000000,1728412452000000000,1728412452000000000
BEV2_2024-10-08_drive6.csv,pack_max_c,BMSmaxPackTemperature,1728412451000000000,1728412452000000000,1728412452000000000
BEV2_2024-10-08_drive6.csv,preconditioning_request,UI_batteryPreconditioningRequest,1728412451000000000,1728412452000000000,1728412452000000000
BEV2_2024-10-08_drive7.csv,soc,SOCave292,1728415181000000000,1728415182000000000,1728415182000000000
BEV2_2024-10-08_drive7.csv,ambient_c,VCRIGHT_tempAmbientRaw,1728415181000000000,1728415182000000000,1728415182000000000
BEV2_2024-10-08_drive7.csv,pack_min_c,BMSminPackTemperature,1728415181000000000,1728415182000000000,1728415182000000000
BEV2_2024-10-08_drive7.csv,pack_max_c,BMSmaxPackTemperature,1728415181000000000,1728415182000000000,1728415182000000000
BEV2_2024-10-09_drive1.csv,soc,SOCave292,1728452699000000000,1728452700000000000,1728452700000000000
BEV2_2024-10-09_drive1.csv,ambient_c,VCRIGHT_tempAmbientRaw,1728452699000000000,1728452700000000000,1728452700000000000
BEV2_2024-10-09_drive1.csv,pack_min_c,BMSminPackTemperature,1728452699000000000,1728452700000000000,1728452700000000000
BEV2_2024-10-09_drive1.csv,pack_max_c,BMSmaxPackTemperature,1728452699000000000,1728452700000000000,1728452700000000000
BEV2_2024-10-09_drive1.csv,preconditioning_request,UI_batteryPreconditioningRequest,1728452699000000000,1728452700000000000,1728452700000000000
BEV2_2024-10-09_drive2.csv,soc,SOCave292,1728465035000000000,1728465036000000000,1728465036000000000
BEV2_2024-10-09_drive2.csv,ambient_c,VCRIGHT_tempAmbientRaw,1728465035000000000,1728465036000000000,1728465036000000000
BEV2_2024-10-09_drive2.csv,pack_min_c,BMSminPackTemperature,1728465035000000000,1728465036000000000,1728465036000000000
BEV2_2024-10-09_drive2.csv,pack_max_c,BMSmaxPackTemperature,1728465035000000000,1728465036000000000,1728465036000000000
BEV2_2024-10-09_drive2.csv,preconditioning_request,UI_batteryPreconditioningRequest,1728465035000000000,1728465036000000000,1728465036000000000
BEV2_2024-10-09_drive3.csv,soc,SOCave292,1728480471000000000,1728480472000000000,1728480472000000000
BEV2_2024-10-09_drive3.csv,ambient_c,VCRIGHT_tempAmbientRaw,1728480471000000000,1728480472000000000,1728480472000000000
BEV2_2024-10-09_drive3.csv,pack_min_c,BMSminPackTemperature,1728480471000000000,1728480472000000000,1728480472000000000
BEV2_2024-10-09_drive3.csv,pack_max_c,BMSmaxPackTemperature,1728480471000000000,1728480472000000000,1728480472000000000
BEV2_2024-10-09_drive3.csv,preconditioning_request,UI_batteryPreconditioningRequest,1728480471000000000,1728480472000000000,1728480472000000000
BEV2_2024-10-09_drive4.csv,soc,SOCave292,1728489554000000000,1728489555000000000,1728489555000000000
BEV2_2024-10-09_drive4.csv,ambient_c,VCRIGHT_tempAmbientRaw,1728489554000000000,1728489555000000000,1728489555000000000
BEV2_2024-10-09_drive4.csv,pack_min_c,BMSminPackTemperature,1728489554000000000,1728489555000000000,1728489555000000000
BEV2_2024-10-09_drive4.csv,pack_max_c,BMSmaxPackTemperature,1728489554000000000,1728489555000000000,1728489555000000000
BEV2_2024-10-09_drive4.csv,preconditioning_request,UI_batteryPreconditioningRequest,1728489554000000000,1728489555000000000,1728489555000000000
BEV2_2024-10-10_drive1.csv,soc,SOCave292,1728538872000000000,1728538873000000000,1728538873000000000
BEV2_2024-10-10_drive1.csv,ambient_c,VCRIGHT_tempAmbientRaw,1728538872000000000,1728538873000000000,1728538873000000000
BEV2_2024-10-10_drive1.csv,pack_min_c,BMSminPackTemperature,1728538872000000000,1728538873000000000,1728538873000000000
BEV2_2024-10-10_drive1.csv,pack_max_c,BMSmaxPackTemperature,1728538872000000000,1728538873000000000,1728538873000000000
BEV2_2024-10-10_drive1.csv,preconditioning_request,UI_batteryPreconditioningRequest,1728538872000000000,1728538873000000000,1728538873000000000
BEV2_2024-10-10_drive2.csv,soc,SOCave292,1728569412000000000,1728569413000000000,1728569413000000000
BEV2_2024-10-10_drive2.csv,ambient_c,VCRIGHT_tempAmbientRaw,1728569412000000000,1728569413000000000,1728569413000000000
BEV2_2024-10-10_drive2.csv,pack_min_c,BMSminPackTemperature,1728569412000000000,1728569413000000000,1728569413000000000
BEV2_2024-10-10_drive2.csv,pack_max_c,BMSmaxPackTemperature,1728569412000000000,1728569413000000000,1728569413000000000
BEV2_2024-10-10_drive3.csv,soc,SOCave292,1728576472000000000,1728576473000000000,1728576473000000000
BEV2_2024-10-10_drive3.csv,ambient_c,VCRIGHT_tempAmbientRaw,1728576472000000000,1728576473000000000,1728576473000000000
BEV2_2024-10-10_drive3.csv,pack_min_c,BMSminPackTemperature,1728576472000000000,1728576473000000000,1728576473000000000
BEV2_2024-10-10_drive3.csv,pack_max_c,BMSmaxPackTemperature,1728576472000000000,1728576473000000000,1728576473000000000
BEV2_2024-10-10_drive3.csv,preconditioning_request,UI_batteryPreconditioningRequest,1728576472000000000,1728576473000000000,1728576473000000000
BEV2_2024-10-11_drive2.csv,soc,SOCave292,1728667537000000000,1728667538000000000,1728667538000000000
BEV2_2024-10-11_drive2.csv,ambient_c,VCRIGHT_tempAmbientRaw,1728667537000000000,1728667538000000000,1728667538000000000
BEV2_2024-10-11_drive2.csv,pack_min_c,BMSminPackTemperature,1728667537000000000,1728667538000000000,1728667538000000000
BEV2_2024-10-11_drive2.csv,pack_max_c,BMSmaxPackTemperature,1728667537000000000,1728667538000000000,1728667538000000000
BEV2_2024-10-11_drive2.csv,preconditioning_request,UI_batteryPreconditioningRequest,1728667537000000000,1728667538000000000,1728667538000000000
BEV2_2024-10-11_drive3.csv,soc,SOCave292,1728670141000000000,1728670142000000000,1728670142000000000
BEV2_2024-10-11_drive3.csv,ambient_c,VCRIGHT_tempAmbientRaw,1728670141000000000,1728670142000000000,1728670142000000000
BEV2_2024-10-11_drive3.csv,pack_min_c,BMSminPackTemperature,1728670141000000000,1728670142000000000,1728670142000000000
BEV2_2024-10-11_drive3.csv,pack_max_c,BMSmaxPackTemperature,1728670141000000000,1728670142000000000,1728670142000000000
BEV2_2024-10-11_drive3.csv,preconditioning_request,UI_batteryPreconditioningRequest,1728670141000000000,1728670142000000000,1728670142000000000
BEV2_2024-10-11_drive4.csv,soc,SOCave292,1728677100000000000,1728677101000000000,1728677101000000000
BEV2_2024-10-11_drive4.csv,ambient_c,VCRIGHT_tempAmbientRaw,1728677100000000000,1728677101000000000,1728677101000000000
BEV2_2024-10-11_drive4.csv,pack_min_c,BMSminPackTemperature,1728677100000000000,1728677101000000000,1728677101000000000
BEV2_2024-10-11_drive4.csv,pack_max_c,BMSmaxPackTemperature,1728677100000000000,1728677101000000000,1728677101000000000
BEV2_2024-10-11_drive4.csv,preconditioning_request,UI_batteryPreconditioningRequest,1728677100000000000,1728677101000000000,1728677101000000000
BEV2_2024-10-12_drive1.csv,soc,SOCave292,1728749707000000000,1728749708000000000,1728749708000000000
BEV2_2024-10-12_drive1.csv,ambient_c,VCRIGHT_tempAmbientRaw,1728749707000000000,1728749708000000000,1728749708000000000
BEV2_2024-10-12_drive1.csv,pack_min_c,BMSminPackTemperature,1728749707000000000,1728749708000000000,1728749708000000000
BEV2_2024-10-12_drive1.csv,pack_max_c,BMSmaxPackTemperature,1728749707000000000,1728749708000000000,1728749708000000000
BEV2_2024-10-12_drive1.csv,preconditioning_request,UI_batteryPreconditioningRequest,1728749707000000000,1728749708000000000,1728749708000000000
BEV2_2024-10-12_drive2.csv,soc,SOCave292,1728756659000000000,1728756660000000000,1728756660000000000
BEV2_2024-10-12_drive2.csv,ambient_c,VCRIGHT_tempAmbientRaw,1728756659000000000,1728756660000000000,1728756660000000000
BEV2_2024-10-12_drive2.csv,pack_min_c,BMSminPackTemperature,1728756659000000000,1728756660000000000,1728756660000000000
BEV2_2024-10-12_drive2.csv,pack_max_c,BMSmaxPackTemperature,1728756659000000000,1728756660000000000,1728756660000000000
BEV2_2024-10-12_drive2.csv,preconditioning_request,UI_batteryPreconditioningRequest,1728756659000000000,1728756660000000000,1728756660000000000
BEV2_2024-10-13_drive1.csv,soc,SOCave292,1728807725000000000,1728807726000000000,1728807726000000000
BEV2_2024-10-13_drive1.csv,ambient_c,VCRIGHT_tempAmbientRaw,1728807725000000000,1728807726000000000,1728807726000000000
BEV2_2024-10-13_drive1.csv,pack_min_c,BMSminPackTemperature,1728807725000000000,1728807726000000000,1728807726000000000
BEV2_2024-10-13_drive1.csv,pack_max_c,BMSmaxPackTemperature,1728807725000000000,1728807726000000000,1728807726000000000
BEV2_2024-10-13_drive1.csv,preconditioning_request,UI_batteryPreconditioningRequest,1728807725000000000,1728807726000000000,1728807726000000000
BEV2_2024-10-13_drive2.csv,soc,SOCave292,1728813850000000000,1728813851000000000,1728813851000000000
BEV2_2024-10-13_drive2.csv,ambient_c,VCRIGHT_tempAmbientRaw,1728813850000000000,1728813851000000000,1728813851000000000
BEV2_2024-10-13_drive2.csv,pack_min_c,BMSminPackTemperature,1728813850000000000,1728813851000000000,1728813851000000000
BEV2_2024-10-13_drive2.csv,pack_max_c,BMSmaxPackTemperature,1728813850000000000,1728813851000000000,1728813851000000000
BEV2_2024-10-13_drive2.csv,preconditioning_request,UI_batteryPreconditioningRequest,1728813850000000000,1728813851000000000,1728813851000000000
BEV2_2024-10-13_drive3.csv,soc,SOCave292,1728820402000000000,1728820403000000000,1728820403000000000
BEV2_2024-10-13_drive3.csv,ambient_c,VCRIGHT_tempAmbientRaw,1728820402000000000,1728820403000000000,1728820403000000000
BEV2_2024-10-13_drive3.csv,pack_min_c,BMSminPackTemperature,1728820402000000000,1728820403000000000,1728820403000000000
BEV2_2024-10-13_drive3.csv,pack_max_c,BMSmaxPackTemperature,1728820402000000000,1728820403000000000,1728820403000000000
BEV2_2024-10-13_drive3.csv,preconditioning_request,UI_batteryPreconditioningRequest,1728820402000000000,1728820403000000000,1728820403000000000
BEV2_2024-10-13_drive4.csv,soc,SOCave292,1728830277000000000,1728830278000000000,1728830278000000000
BEV2_2024-10-13_drive4.csv,ambient_c,VCRIGHT_tempAmbientRaw,1728830277000000000,1728830278000000000,1728830278000000000
BEV2_2024-10-13_drive4.csv,pack_min_c,BMSminPackTemperature,1728830277000000000,1728830278000000000,1728830278000000000
BEV2_2024-10-13_drive4.csv,pack_max_c,BMSmaxPackTemperature,1728830277000000000,1728830278000000000,1728830278000000000
BEV2_2024-10-13_drive4.csv,preconditioning_request,UI_batteryPreconditioningRequest,1728830277000000000,1728830278000000000,1728830278000000000
BEV2_2024-10-13_drive5.csv,soc,SOCave292,1728850534000000000,1728850535000000000,1728850535000000000
BEV2_2024-10-13_drive5.csv,ambient_c,VCRIGHT_tempAmbientRaw,1728850534000000000,1728850535000000000,1728850535000000000
BEV2_2024-10-13_drive5.csv,pack_min_c,BMSminPackTemperature,1728850534000000000,1728850535000000000,1728850535000000000
BEV2_2024-10-13_drive5.csv,pack_max_c,BMSmaxPackTemperature,1728850534000000000,1728850535000000000,1728850535000000000
BEV2_2024-10-13_drive5.csv,preconditioning_request,UI_batteryPreconditioningRequest,1728850534000000000,1728850535000000000,1728850535000000000
BEV2_2024-10-14_drive1.csv,soc,SOCave292,1728884476000000000,1728884477000000000,1728884477000000000
BEV2_2024-10-14_drive1.csv,ambient_c,VCRIGHT_tempAmbientRaw,1728884476000000000,1728884477000000000,1728884477000000000
BEV2_2024-10-14_drive1.csv,pack_min_c,BMSminPackTemperature,1728884476000000000,1728884477000000000,1728884477000000000
BEV2_2024-10-14_drive1.csv,pack_max_c,BMSmaxPackTemperature,1728884476000000000,1728884477000000000,1728884477000000000
BEV2_2024-10-14_drive1.csv,preconditioning_request,UI_batteryPreconditioningRequest,1728884476000000000,1728884477000000000,1728884477000000000
BEV2_2024-10-14_drive2.csv,soc,SOCave292,1728899781000000000,1728899782000000000,1728899782000000000
BEV2_2024-10-14_drive2.csv,ambient_c,VCRIGHT_tempAmbientRaw,1728899781000000000,1728899782000000000,1728899782000000000
BEV2_2024-10-14_drive2.csv,pack_min_c,BMSminPackTemperature,1728899781000000000,1728899782000000000,1728899782000000000
BEV2_2024-10-14_drive2.csv,pack_max_c,BMSmaxPackTemperature,1728899781000000000,1728899782000000000,1728899782000000000
BEV2_2024-10-14_drive2.csv,preconditioning_request,UI_batteryPreconditioningRequest,1728899781000000000,1728899782000000000,1728899782000000000
BEV2_2024-10-14_drive3.csv,soc,SOCave292,1728902756000000000,1728902757000000000,1728902757000000000
BEV2_2024-10-14_drive3.csv,ambient_c,VCRIGHT_tempAmbientRaw,1728902756000000000,1728902757000000000,1728902757000000000
BEV2_2024-10-14_drive3.csv,pack_min_c,BMSminPackTemperature,1728902756000000000,1728902757000000000,1728902757000000000
BEV2_2024-10-14_drive3.csv,pack_max_c,BMSmaxPackTemperature,1728902756000000000,1728902757000000000,1728902757000000000
BEV2_2024-10-14_drive3.csv,preconditioning_request,UI_batteryPreconditioningRequest,1728902756000000000,1728902757000000000,1728902757000000000
BEV2_2024-10-14_drive4.csv,soc,SOCave292,1728914970000000000,1728914971000000000,1728914971000000000
BEV2_2024-10-14_drive4.csv,ambient_c,VCRIGHT_tempAmbientRaw,1728914970000000000,1728914971000000000,1728914971000000000
BEV2_2024-10-14_drive4.csv,pack_min_c,BMSminPackTemperature,1728914970000000000,1728914971000000000,1728914971000000000
BEV2_2024-10-14_drive4.csv,pack_max_c,BMSmaxPackTemperature,1728914970000000000,1728914971000000000,1728914971000000000
BEV2_2024-10-14_drive4.csv,preconditioning_request,UI_batteryPreconditioningRequest,1728914970000000000,1728914971000000000,1728914971000000000
BEV2_2024-10-14_drive5.csv,soc,SOCave292,1728918222000000000,1728918223000000000,1728918223000000000
BEV2_2024-10-14_drive5.csv,ambient_c,VCRIGHT_tempAmbientRaw,1728918222000000000,1728918223000000000,1728918223000000000
BEV2_2024-10-14_drive5.csv,pack_min_c,BMSminPackTemperature,1728918222000000000,1728918223000000000,1728918223000000000
BEV2_2024-10-14_drive5.csv,pack_max_c,BMSmaxPackTemperature,1728918222000000000,1728918223000000000,1728918223000000000
BEV2_2024-10-14_drive5.csv,preconditioning_request,UI_batteryPreconditioningRequest,1728918222000000000,1728918223000000000,1728918223000000000
BEV2_2024-10-15_drive1.csv,soc,SOCave292,1728972671000000000,1728972672000000000,1728972672000000000
BEV2_2024-10-15_drive1.csv,ambient_c,VCRIGHT_tempAmbientRaw,1728972671000000000,1728972672000000000,1728972672000000000
BEV2_2024-10-15_drive1.csv,pack_min_c,BMSminPackTemperature,1728972671000000000,1728972672000000000,1728972672000000000
BEV2_2024-10-15_drive1.csv,pack_max_c,BMSmaxPackTemperature,1728972671000000000,1728972672000000000,1728972672000000000
BEV2_2024-10-15_drive1.csv,preconditioning_request,UI_batteryPreconditioningRequest,1728972671000000000,1728972672000000000,1728972672000000000
BEV2_2024-10-15_drive2.csv,soc,SOCave292,1728988961000000000,1728988962000000000,1728988962000000000
BEV2_2024-10-15_drive2.csv,ambient_c,VCRIGHT_tempAmbientRaw,1728988961000000000,1728988962000000000,1728988962000000000
BEV2_2024-10-15_drive2.csv,pack_min_c,BMSminPackTemperature,1728988961000000000,1728988962000000000,1728988962000000000
BEV2_2024-10-15_drive2.csv,pack_max_c,BMSmaxPackTemperature,1728988961000000000,1728988962000000000,1728988962000000000
BEV2_2024-10-15_drive2.csv,preconditioning_request,UI_batteryPreconditioningRequest,1728988961000000000,1728988962000000000,1728988962000000000
BEV2_2024-10-16_drive1.csv,soc,SOCave292,1729051303000000000,1729051304000000000,1729051304000000000
BEV2_2024-10-16_drive1.csv,ambient_c,VCRIGHT_tempAmbientRaw,1729051303000000000,1729051304000000000,1729051304000000000
BEV2_2024-10-16_drive1.csv,pack_min_c,BMSminPackTemperature,1729051303000000000,1729051304000000000,1729051304000000000
BEV2_2024-10-16_drive1.csv,pack_max_c,BMSmaxPackTemperature,1729051303000000000,1729051304000000000,1729051304000000000
BEV2_2024-10-16_drive1.csv,preconditioning_request,UI_batteryPreconditioningRequest,1729051303000000000,1729051304000000000,1729051304000000000
BEV2_2024-10-16_drive2.csv,soc,SOCave292,1729051829000000000,1729051830000000000,1729051830000000000
BEV2_2024-10-16_drive2.csv,ambient_c,VCRIGHT_tempAmbientRaw,1729051829000000000,1729051830000000000,1729051830000000000
BEV2_2024-10-16_drive2.csv,pack_min_c,BMSminPackTemperature,1729051829000000000,1729051830000000000,1729051830000000000
BEV2_2024-10-16_drive2.csv,pack_max_c,BMSmaxPackTemperature,1729051829000000000,1729051830000000000,1729051830000000000
BEV2_2024-10-16_drive2.csv,preconditioning_request,UI_batteryPreconditioningRequest,1729051829000000000,1729051830000000000,1729051830000000000
BEV2_2024-10-16_drive3.csv,soc,SOCave292,1729062097000000000,1729062098000000000,1729062098000000000
BEV2_2024-10-16_drive3.csv,ambient_c,VCRIGHT_tempAmbientRaw,1729062097000000000,1729062098000000000,1729062098000000000
BEV2_2024-10-16_drive3.csv,pack_min_c,BMSminPackTemperature,1729062097000000000,1729062098000000000,1729062098000000000
BEV2_2024-10-16_drive3.csv,pack_max_c,BMSmaxPackTemperature,1729062097000000000,1729062098000000000,1729062098000000000
BEV2_2024-10-16_drive3.csv,preconditioning_request,UI_batteryPreconditioningRequest,1729062097000000000,1729062098000000000,1729062098000000000
BEV2_2024-10-16_drive4.csv,soc,SOCave292,1729071326000000000,1729071327000000000,1729071327000000000
BEV2_2024-10-16_drive4.csv,ambient_c,VCRIGHT_tempAmbientRaw,1729071326000000000,1729071327000000000,1729071327000000000
BEV2_2024-10-16_drive4.csv,pack_min_c,BMSminPackTemperature,1729071326000000000,1729071327000000000,1729071327000000000
BEV2_2024-10-16_drive4.csv,pack_max_c,BMSmaxPackTemperature,1729071326000000000,1729071327000000000,1729071327000000000
BEV2_2024-10-16_drive5.csv,soc,SOCave292,1729071888000000000,1729071889000000000,1729071889000000000
BEV2_2024-10-16_drive5.csv,ambient_c,VCRIGHT_tempAmbientRaw,1729071888000000000,1729071889000000000,1729071889000000000
BEV2_2024-10-16_drive5.csv,pack_min_c,BMSminPackTemperature,1729071888000000000,1729071889000000000,1729071889000000000
BEV2_2024-10-16_drive5.csv,pack_max_c,BMSmaxPackTemperature,1729071888000000000,1729071889000000000,1729071889000000000
BEV2_2024-10-16_drive5.csv,preconditioning_request,UI_batteryPreconditioningRequest,1729071888000000000,1729071889000000000,1729071889000000000
BEV2_2024-10-16_drive6.csv,soc,SOCave292,1729080294000000000,1729080295000000000,1729080295000000000
BEV2_2024-10-16_drive6.csv,ambient_c,VCRIGHT_tempAmbientRaw,1729080294000000000,1729080295000000000,1729080295000000000
BEV2_2024-10-16_drive6.csv,pack_min_c,BMSminPackTemperature,1729080294000000000,1729080295000000000,1729080295000000000
BEV2_2024-10-16_drive6.csv,pack_max_c,BMSmaxPackTemperature,1729080294000000000,1729080295000000000,1729080295000000000
BEV2_2024-10-16_drive6.csv,preconditioning_request,UI_batteryPreconditioningRequest,1729080294000000000,1729080295000000000,1729080295000000000
BEV2_2024-10-17_drive1.csv,soc,SOCave292,1729203724000000000,1729203725000000000,1729203725000000000
BEV2_2024-10-17_drive1.csv,ambient_c,VCRIGHT_tempAmbientRaw,1729203724000000000,1729203725000000000,1729203725000000000
BEV2_2024-10-17_drive1.csv,pack_min_c,BMSminPackTemperature,1729203724000000000,1729203725000000000,1729203725000000000
BEV2_2024-10-17_drive1.csv,pack_max_c,BMSmaxPackTemperature,1729203724000000000,1729203725000000000,1729203725000000000
BEV2_2024-10-17_drive1.csv,preconditioning_request,UI_batteryPreconditioningRequest,1729203724000000000,1729203725000000000,1729203725000000000
BEV2_2024-10-18_drive1.csv,soc,SOCave292,1729232963000000000,1729232964000000000,1729232964000000000
BEV2_2024-10-18_drive1.csv,ambient_c,VCRIGHT_tempAmbientRaw,1729232963000000000,1729232964000000000,1729232964000000000
BEV2_2024-10-18_drive1.csv,pack_min_c,BMSminPackTemperature,1729232963000000000,1729232964000000000,1729232964000000000
BEV2_2024-10-18_drive1.csv,pack_max_c,BMSmaxPackTemperature,1729232963000000000,1729232964000000000,1729232964000000000
BEV2_2024-10-18_drive2.csv,soc,SOCave292,1729248366000000000,1729248367000000000,1729248367000000000
BEV2_2024-10-18_drive2.csv,ambient_c,VCRIGHT_tempAmbientRaw,1729248366000000000,1729248367000000000,1729248367000000000
BEV2_2024-10-18_drive2.csv,pack_min_c,BMSminPackTemperature,1729248366000000000,1729248367000000000,1729248367000000000
BEV2_2024-10-18_drive2.csv,pack_max_c,BMSmaxPackTemperature,1729248366000000000,1729248367000000000,1729248367000000000
BEV2_2024-10-18_drive2.csv,preconditioning_request,UI_batteryPreconditioningRequest,1729248366000000000,1729248367000000000,1729248367000000000
BEV2_2024-10-18_drive3.csv,soc,SOCave292,1729263883000000000,1729263884000000000,1729263884000000000
BEV2_2024-10-18_drive3.csv,ambient_c,VCRIGHT_tempAmbientRaw,1729263883000000000,1729263884000000000,1729263884000000000
BEV2_2024-10-18_drive3.csv,pack_min_c,BMSminPackTemperature,1729263883000000000,1729263884000000000,1729263884000000000
BEV2_2024-10-18_drive3.csv,pack_max_c,BMSmaxPackTemperature,1729263883000000000,1729263884000000000,1729263884000000000
BEV2_2024-10-18_drive3.csv,preconditioning_request,UI_batteryPreconditioningRequest,1729263883000000000,1729263884000000000,1729263884000000000
BEV2_2024-10-18_drive4.csv,soc,SOCave292,1729279399000000000,1729279400000000000,1729279400000000000
BEV2_2024-10-18_drive4.csv,ambient_c,VCRIGHT_tempAmbientRaw,1729279399000000000,1729279400000000000,1729279400000000000
BEV2_2024-10-18_drive4.csv,pack_min_c,BMSminPackTemperature,1729279399000000000,1729279400000000000,1729279400000000000
BEV2_2024-10-18_drive4.csv,pack_max_c,BMSmaxPackTemperature,1729279399000000000,1729279400000000000,1729279400000000000
BEV2_2024-10-18_drive4.csv,preconditioning_request,UI_batteryPreconditioningRequest,1729279399000000000,1729279400000000000,1729279400000000000
BEV2_2024-10-19_drive1.csv,soc,SOCave292,1729341322000000000,1729341323000000000,1729341323000000000
BEV2_2024-10-19_drive1.csv,ambient_c,VCRIGHT_tempAmbientRaw,1729341322000000000,1729341323000000000,1729341323000000000
BEV2_2024-10-19_drive1.csv,pack_min_c,BMSminPackTemperature,1729341322000000000,1729341323000000000,1729341323000000000
BEV2_2024-10-19_drive1.csv,pack_max_c,BMSmaxPackTemperature,1729341322000000000,1729341323000000000,1729341323000000000
BEV2_2024-10-19_drive1.csv,preconditioning_request,UI_batteryPreconditioningRequest,1729341322000000000,1729341323000000000,1729341323000000000
BEV2_2024-10-19_drive2.csv,soc,SOCave292,1729345522000000000,1729345523000000000,1729345523000000000
BEV2_2024-10-19_drive2.csv,ambient_c,VCRIGHT_tempAmbientRaw,1729345522000000000,1729345523000000000,1729345523000000000
BEV2_2024-10-19_drive2.csv,pack_min_c,BMSminPackTemperature,1729345522000000000,1729345523000000000,1729345523000000000
BEV2_2024-10-19_drive2.csv,pack_max_c,BMSmaxPackTemperature,1729345522000000000,1729345523000000000,1729345523000000000
BEV2_2024-10-19_drive3.csv,soc,SOCave292,1729349705000000000,1729349706000000000,1729349706000000000
BEV2_2024-10-19_drive3.csv,ambient_c,VCRIGHT_tempAmbientRaw,1729349705000000000,1729349706000000000,1729349706000000000
BEV2_2024-10-19_drive3.csv,pack_min_c,BMSminPackTemperature,1729349705000000000,1729349706000000000,1729349706000000000
BEV2_2024-10-19_drive3.csv,pack_max_c,BMSmaxPackTemperature,1729349705000000000,1729349706000000000,1729349706000000000
BEV2_2024-10-19_drive3.csv,preconditioning_request,UI_batteryPreconditioningRequest,1729349705000000000,1729349706000000000,1729349706000000000
BEV2_2024-10-19_drive4.csv,soc,SOCave292,1729361675000000000,1729361676000000000,1729361676000000000
BEV2_2024-10-19_drive4.csv,ambient_c,VCRIGHT_tempAmbientRaw,1729361675000000000,1729361676000000000,1729361676000000000
BEV2_2024-10-19_drive4.csv,pack_min_c,BMSminPackTemperature,1729361675000000000,1729361676000000000,1729361676000000000
BEV2_2024-10-19_drive4.csv,pack_max_c,BMSmaxPackTemperature,1729361675000000000,1729361676000000000,1729361676000000000
BEV2_2024-10-19_drive4.csv,preconditioning_request,UI_batteryPreconditioningRequest,1729361675000000000,1729361676000000000,1729361676000000000
BEV2_2024-10-19_drive5.csv,soc,SOCave292,1729363193000000000,1729363194000000000,1729363194000000000
BEV2_2024-10-19_drive5.csv,ambient_c,VCRIGHT_tempAmbientRaw,1729363193000000000,1729363194000000000,1729363194000000000
BEV2_2024-10-19_drive5.csv,pack_min_c,BMSminPackTemperature,1729363193000000000,1729363194000000000,1729363194000000000
BEV2_2024-10-19_drive5.csv,pack_max_c,BMSmaxPackTemperature,1729363193000000000,1729363194000000000,1729363194000000000
BEV2_2024-10-19_drive5.csv,preconditioning_request,UI_batteryPreconditioningRequest,1729363193000000000,1729363194000000000,1729363194000000000
BEV2_2024-10-20_drive1.csv,soc,SOCave292,1729416342000000000,1729416343000000000,1729416343000000000
BEV2_2024-10-20_drive1.csv,ambient_c,VCRIGHT_tempAmbientRaw,1729416342000000000,1729416343000000000,1729416343000000000
BEV2_2024-10-20_drive1.csv,pack_min_c,BMSminPackTemperature,1729416342000000000,1729416343000000000,1729416343000000000
BEV2_2024-10-20_drive1.csv,pack_max_c,BMSmaxPackTemperature,1729416342000000000,1729416343000000000,1729416343000000000
BEV2_2024-10-20_drive1.csv,preconditioning_request,UI_batteryPreconditioningRequest,1729416342000000000,1729416343000000000,1729416343000000000
BEV2_2024-10-20_drive2.csv,soc,SOCave292,1729419523000000000,1729419524000000000,1729419524000000000
BEV2_2024-10-20_drive2.csv,ambient_c,VCRIGHT_tempAmbientRaw,1729419523000000000,1729419524000000000,1729419524000000000
BEV2_2024-10-20_drive2.csv,pack_min_c,BMSminPackTemperature,1729419523000000000,1729419524000000000,1729419524000000000
BEV2_2024-10-20_drive2.csv,pack_max_c,BMSmaxPackTemperature,1729419523000000000,1729419524000000000,1729419524000000000
BEV2_2024-10-20_drive2.csv,preconditioning_request,UI_batteryPreconditioningRequest,1729419523000000000,1729419524000000000,1729419524000000000
BEV2_2024-10-20_drive3.csv,soc,SOCave292,1729442080000000000,1729442081000000000,1729442081000000000
BEV2_2024-10-20_drive3.csv,ambient_c,VCRIGHT_tempAmbientRaw,1729442080000000000,1729442081000000000,1729442081000000000
BEV2_2024-10-20_drive3.csv,pack_min_c,BMSminPackTemperature,1729442080000000000,1729442081000000000,1729442081000000000
BEV2_2024-10-20_drive3.csv,pack_max_c,BMSmaxPackTemperature,1729442080000000000,1729442081000000000,1729442081000000000
BEV2_2024-10-20_drive3.csv,preconditioning_request,UI_batteryPreconditioningRequest,1729442080000000000,1729442081000000000,1729442081000000000
BEV2_2024-10-20_drive4.csv,soc,SOCave292,1729448514000000000,1729448515000000000,1729448515000000000
BEV2_2024-10-20_drive4.csv,ambient_c,VCRIGHT_tempAmbientRaw,1729448514000000000,1729448515000000000,1729448515000000000
BEV2_2024-10-20_drive4.csv,pack_min_c,BMSminPackTemperature,1729448514000000000,1729448515000000000,1729448515000000000
BEV2_2024-10-20_drive4.csv,pack_max_c,BMSmaxPackTemperature,1729448514000000000,1729448515000000000,1729448515000000000
BEV2_2024-10-20_drive4.csv,preconditioning_request,UI_batteryPreconditioningRequest,1729448514000000000,1729448515000000000,1729448515000000000
BEV2_2024-10-20_drive5.csv,soc,SOCave292,1729449461000000000,1729449462000000000,1729449462000000000
BEV2_2024-10-20_drive5.csv,ambient_c,VCRIGHT_tempAmbientRaw,1729449461000000000,1729449462000000000,1729449462000000000
BEV2_2024-10-20_drive5.csv,pack_min_c,BMSminPackTemperature,1729449461000000000,1729449462000000000,1729449462000000000
BEV2_2024-10-20_drive5.csv,pack_max_c,BMSmaxPackTemperature,1729449461000000000,1729449462000000000,1729449462000000000
BEV2_2024-10-20_drive5.csv,preconditioning_request,UI_batteryPreconditioningRequest,1729449461000000000,1729449462000000000,1729449462000000000
BEV2_2024-10-21_drive1.csv,soc,SOCave292,1729490482000000000,1729490483000000000,1729490483000000000
BEV2_2024-10-21_drive1.csv,ambient_c,VCRIGHT_tempAmbientRaw,1729490482000000000,1729490483000000000,1729490483000000000
BEV2_2024-10-21_drive1.csv,pack_min_c,BMSminPackTemperature,1729490482000000000,1729490483000000000,1729490483000000000
BEV2_2024-10-21_drive1.csv,pack_max_c,BMSmaxPackTemperature,1729490482000000000,1729490483000000000,1729490483000000000
BEV2_2024-10-21_drive1.csv,preconditioning_request,UI_batteryPreconditioningRequest,1729490482000000000,1729490483000000000,1729490483000000000
BEV2_2024-10-21_drive2.csv,soc,SOCave292,1729506220000000000,1729506221000000000,1729506221000000000
BEV2_2024-10-21_drive2.csv,ambient_c,VCRIGHT_tempAmbientRaw,1729506220000000000,1729506221000000000,1729506221000000000
BEV2_2024-10-21_drive2.csv,pack_min_c,BMSminPackTemperature,1729506220000000000,1729506221000000000,1729506221000000000
BEV2_2024-10-21_drive2.csv,pack_max_c,BMSmaxPackTemperature,1729506220000000000,1729506221000000000,1729506221000000000
BEV2_2024-10-21_drive2.csv,preconditioning_request,UI_batteryPreconditioningRequest,1729506220000000000,1729506221000000000,1729506221000000000
BEV2_2024-10-21_drive3.csv,soc,SOCave292,1729511834000000000,1729511835000000000,1729511835000000000
BEV2_2024-10-21_drive3.csv,ambient_c,VCRIGHT_tempAmbientRaw,1729511834000000000,1729511835000000000,1729511835000000000
BEV2_2024-10-21_drive3.csv,pack_min_c,BMSminPackTemperature,1729511834000000000,1729511835000000000,1729511835000000000
BEV2_2024-10-21_drive3.csv,pack_max_c,BMSmaxPackTemperature,1729511834000000000,1729511835000000000,1729511835000000000
BEV2_2024-10-21_drive3.csv,preconditioning_request,UI_batteryPreconditioningRequest,1729511834000000000,1729511835000000000,1729511835000000000
BEV2_2024-10-23_drive1.csv,soc,SOCave292,1729719383000000000,1729719384000000000,1729719384000000000
BEV2_2024-10-23_drive1.csv,ambient_c,VCRIGHT_tempAmbientRaw,1729719383000000000,1729719384000000000,1729719384000000000
BEV2_2024-10-23_drive1.csv,pack_min_c,BMSminPackTemperature,1729719383000000000,1729719384000000000,1729719384000000000
BEV2_2024-10-23_drive1.csv,pack_max_c,BMSmaxPackTemperature,1729719383000000000,1729719384000000000,1729719384000000000
BEV2_2024-10-23_drive1.csv,preconditioning_request,UI_batteryPreconditioningRequest,1729719383000000000,1729719384000000000,1729719384000000000
BEV2_2024-10-24_drive1.csv,soc,SOCave292,1729747697000000000,1729747698000000000,1729747698000000000
BEV2_2024-10-24_drive1.csv,ambient_c,VCRIGHT_tempAmbientRaw,1729747697000000000,1729747698000000000,1729747698000000000
BEV2_2024-10-24_drive1.csv,pack_min_c,BMSminPackTemperature,1729747697000000000,1729747698000000000,1729747698000000000
BEV2_2024-10-24_drive1.csv,pack_max_c,BMSmaxPackTemperature,1729747697000000000,1729747698000000000,1729747698000000000
BEV2_2024-10-24_drive1.csv,preconditioning_request,UI_batteryPreconditioningRequest,1729747697000000000,1729747698000000000,1729747698000000000
BEV2_2024-10-24_drive2.csv,soc,SOCave292,1729783246000000000,1729783247000000000,1729783247000000000
BEV2_2024-10-24_drive2.csv,ambient_c,VCRIGHT_tempAmbientRaw,1729783246000000000,1729783247000000000,1729783247000000000
BEV2_2024-10-24_drive2.csv,pack_min_c,BMSminPackTemperature,1729783246000000000,1729783247000000000,1729783247000000000
BEV2_2024-10-24_drive2.csv,pack_max_c,BMSmaxPackTemperature,1729783246000000000,1729783247000000000,1729783247000000000
BEV2_2024-10-24_drive2.csv,preconditioning_request,UI_batteryPreconditioningRequest,1729783246000000000,1729783247000000000,1729783247000000000
BEV2_2024-10-25_drive1.csv,soc,SOCave292,1729835580000000000,1729835581000000000,1729835581000000000
BEV2_2024-10-25_drive1.csv,ambient_c,VCRIGHT_tempAmbientRaw,1729835580000000000,1729835581000000000,1729835581000000000
BEV2_2024-10-25_drive1.csv,pack_min_c,BMSminPackTemperature,1729835580000000000,1729835581000000000,1729835581000000000
BEV2_2024-10-25_drive1.csv,pack_max_c,BMSmaxPackTemperature,1729835580000000000,1729835581000000000,1729835581000000000
BEV2_2024-10-25_drive1.csv,preconditioning_request,UI_batteryPreconditioningRequest,1729835580000000000,1729835581000000000,1729835581000000000
BEV2_2024-10-25_drive2.csv,soc,SOCave292,1729875637000000000,1729875638000000000,1729875638000000000
BEV2_2024-10-25_drive2.csv,ambient_c,VCRIGHT_tempAmbientRaw,1729875637000000000,1729875638000000000,1729875638000000000
BEV2_2024-10-25_drive2.csv,pack_min_c,BMSminPackTemperature,1729875637000000000,1729875638000000000,1729875638000000000
BEV2_2024-10-25_drive2.csv,pack_max_c,BMSmaxPackTemperature,1729875637000000000,1729875638000000000,1729875638000000000
BEV2_2024-10-25_drive2.csv,preconditioning_request,UI_batteryPreconditioningRequest,1729875637000000000,1729875638000000000,1729875638000000000
BEV2_2024-10-26_drive1.csv,soc,SOCave292,1729946468000000000,1729946469000000000,1729946469000000000
BEV2_2024-10-26_drive1.csv,ambient_c,VCRIGHT_tempAmbientRaw,1729946468000000000,1729946469000000000,1729946469000000000
BEV2_2024-10-26_drive1.csv,pack_min_c,BMSminPackTemperature,1729946468000000000,1729946469000000000,1729946469000000000
BEV2_2024-10-26_drive1.csv,pack_max_c,BMSmaxPackTemperature,1729946468000000000,1729946469000000000,1729946469000000000
BEV2_2024-10-26_drive1.csv,preconditioning_request,UI_batteryPreconditioningRequest,1729946468000000000,1729946469000000000,1729946469000000000
BEV2_2024-10-26_drive2.csv,soc,SOCave292,1729963592000000000,1729963593000000000,1729963593000000000
BEV2_2024-10-26_drive2.csv,ambient_c,VCRIGHT_tempAmbientRaw,1729963592000000000,1729963593000000000,1729963593000000000
BEV2_2024-10-26_drive2.csv,pack_min_c,BMSminPackTemperature,1729963592000000000,1729963593000000000,1729963593000000000
BEV2_2024-10-26_drive2.csv,pack_max_c,BMSmaxPackTemperature,1729963592000000000,1729963593000000000,1729963593000000000
BEV2_2024-10-26_drive2.csv,preconditioning_request,UI_batteryPreconditioningRequest,1729963592000000000,1729963593000000000,1729963593000000000
BEV2_2024-10-26_drive3.csv,soc,SOCave292,1729974001000000000,1729974002000000000,1729974002000000000
BEV2_2024-10-26_drive3.csv,ambient_c,VCRIGHT_tempAmbientRaw,1729974001000000000,1729974002000000000,1729974002000000000
BEV2_2024-10-26_drive3.csv,pack_min_c,BMSminPackTemperature,1729974001000000000,1729974002000000000,1729974002000000000
BEV2_2024-10-26_drive3.csv,pack_max_c,BMSmaxPackTemperature,1729974001000000000,1729974002000000000,1729974002000000000
BEV2_2024-10-27_drive1.csv,soc,SOCave292,1730024325000000000,1730024326000000000,1730024326000000000
BEV2_2024-10-27_drive1.csv,ambient_c,VCRIGHT_tempAmbientRaw,1730024325000000000,1730024326000000000,1730024326000000000
BEV2_2024-10-27_drive1.csv,pack_min_c,BMSminPackTemperature,1730024325000000000,1730024326000000000,1730024326000000000
BEV2_2024-10-27_drive1.csv,pack_max_c,BMSmaxPackTemperature,1730024325000000000,1730024326000000000,1730024326000000000
BEV2_2024-10-27_drive1.csv,preconditioning_request,UI_batteryPreconditioningRequest,1730024325000000000,1730024326000000000,1730024326000000000
BEV2_2024-10-27_drive2.csv,soc,SOCave292,1730027316000000000,1730027317000000000,1730027317000000000
BEV2_2024-10-27_drive2.csv,ambient_c,VCRIGHT_tempAmbientRaw,1730027316000000000,1730027317000000000,1730027317000000000
BEV2_2024-10-27_drive2.csv,pack_min_c,BMSminPackTemperature,1730027316000000000,1730027317000000000,1730027317000000000
BEV2_2024-10-27_drive2.csv,pack_max_c,BMSmaxPackTemperature,1730027316000000000,1730027317000000000,1730027317000000000
BEV2_2024-10-27_drive2.csv,preconditioning_request,UI_batteryPreconditioningRequest,1730027316000000000,1730027317000000000,1730027317000000000
BEV2_2024-10-27_drive3.csv,soc,SOCave292,1730034527000000000,1730034528000000000,1730034528000000000
BEV2_2024-10-27_drive3.csv,ambient_c,VCRIGHT_tempAmbientRaw,1730034527000000000,1730034528000000000,1730034528000000000
BEV2_2024-10-27_drive3.csv,pack_min_c,BMSminPackTemperature,1730034527000000000,1730034528000000000,1730034528000000000
BEV2_2024-10-27_drive3.csv,pack_max_c,BMSmaxPackTemperature,1730034527000000000,1730034528000000000,1730034528000000000
BEV2_2024-10-27_drive3.csv,preconditioning_request,UI_batteryPreconditioningRequest,1730034527000000000,1730034528000000000,1730034528000000000
BEV2_2024-10-27_drive4.csv,soc,SOCave292,1730047091000000000,1730047092000000000,1730047092000000000
BEV2_2024-10-27_drive4.csv,ambient_c,VCRIGHT_tempAmbientRaw,1730047091000000000,1730047092000000000,1730047092000000000
BEV2_2024-10-27_drive4.csv,pack_min_c,BMSminPackTemperature,1730047091000000000,1730047092000000000,1730047092000000000
BEV2_2024-10-27_drive4.csv,pack_max_c,BMSmaxPackTemperature,1730047091000000000,1730047092000000000,1730047092000000000
BEV2_2024-10-27_drive4.csv,preconditioning_request,UI_batteryPreconditioningRequest,1730047091000000000,1730047092000000000,1730047092000000000
BEV2_2024-10-27_drive5.csv,soc,SOCave292,1730060987000000000,1730060988000000000,1730060988000000000
BEV2_2024-10-27_drive5.csv,ambient_c,VCRIGHT_tempAmbientRaw,1730060987000000000,1730060988000000000,1730060988000000000
BEV2_2024-10-27_drive5.csv,pack_min_c,BMSminPackTemperature,1730060987000000000,1730060988000000000,1730060988000000000
BEV2_2024-10-27_drive5.csv,pack_max_c,BMSmaxPackTemperature,1730060987000000000,1730060988000000000,1730060988000000000
BEV2_2024-10-27_drive5.csv,preconditioning_request,UI_batteryPreconditioningRequest,1730060987000000000,1730060988000000000,1730060988000000000
BEV2_2024-10-28_drive1.csv,soc,SOCave292,1730099581000000000,1730099582000000000,1730099582000000000
BEV2_2024-10-28_drive1.csv,ambient_c,VCRIGHT_tempAmbientRaw,1730099581000000000,1730099582000000000,1730099582000000000
BEV2_2024-10-28_drive1.csv,pack_min_c,BMSminPackTemperature,1730099581000000000,1730099582000000000,1730099582000000000
BEV2_2024-10-28_drive1.csv,pack_max_c,BMSmaxPackTemperature,1730099581000000000,1730099582000000000,1730099582000000000
BEV2_2024-10-28_drive1.csv,preconditioning_request,UI_batteryPreconditioningRequest,1730099581000000000,1730099582000000000,1730099582000000000
BEV2_2024-10-28_drive2.csv,soc,SOCave292,1730114117000000000,1730114118000000000,1730114118000000000
BEV2_2024-10-28_drive2.csv,ambient_c,VCRIGHT_tempAmbientRaw,1730114117000000000,1730114118000000000,1730114118000000000
BEV2_2024-10-28_drive2.csv,pack_min_c,BMSminPackTemperature,1730114117000000000,1730114118000000000,1730114118000000000
BEV2_2024-10-28_drive2.csv,pack_max_c,BMSmaxPackTemperature,1730114117000000000,1730114118000000000,1730114118000000000
BEV2_2024-10-28_drive3.csv,soc,SOCave292,1730130136000000000,1730130137000000000,1730130137000000000
BEV2_2024-10-28_drive3.csv,ambient_c,VCRIGHT_tempAmbientRaw,1730130136000000000,1730130137000000000,1730130137000000000
BEV2_2024-10-28_drive3.csv,pack_min_c,BMSminPackTemperature,1730130136000000000,1730130137000000000,1730130137000000000
BEV2_2024-10-28_drive3.csv,pack_max_c,BMSmaxPackTemperature,1730130136000000000,1730130137000000000,1730130137000000000
BEV2_2024-10-28_drive3.csv,preconditioning_request,UI_batteryPreconditioningRequest,1730130136000000000,1730130137000000000,1730130137000000000
BEV2_2024-10-28_drive4.csv,soc,SOCave292,1730132597000000000,1730132598000000000,1730132598000000000
BEV2_2024-10-28_drive4.csv,ambient_c,VCRIGHT_tempAmbientRaw,1730132597000000000,1730132598000000000,1730132598000000000
BEV2_2024-10-28_drive4.csv,pack_min_c,BMSminPackTemperature,1730132597000000000,1730132598000000000,1730132598000000000
BEV2_2024-10-28_drive4.csv,pack_max_c,BMSmaxPackTemperature,1730132597000000000,1730132598000000000,1730132598000000000
BEV2_2024-10-28_drive4.csv,preconditioning_request,UI_batteryPreconditioningRequest,1730132597000000000,1730132598000000000,1730132598000000000
BEV2_2024-10-29_drive1.csv,soc,SOCave292,1730189156000000000,1730189157000000000,1730189157000000000
BEV2_2024-10-29_drive1.csv,ambient_c,VCRIGHT_tempAmbientRaw,1730189156000000000,1730189157000000000,1730189157000000000
BEV2_2024-10-29_drive1.csv,pack_min_c,BMSminPackTemperature,1730189156000000000,1730189157000000000,1730189157000000000
BEV2_2024-10-29_drive1.csv,pack_max_c,BMSmaxPackTemperature,1730189156000000000,1730189157000000000,1730189157000000000
BEV2_2024-10-29_drive1.csv,preconditioning_request,UI_batteryPreconditioningRequest,1730189156000000000,1730189157000000000,1730189157000000000
BEV2_2024-10-29_drive2.csv,soc,SOCave292,1730190361000000000,1730190362000000000,1730190362000000000
BEV2_2024-10-29_drive2.csv,ambient_c,VCRIGHT_tempAmbientRaw,1730190361000000000,1730190362000000000,1730190362000000000
BEV2_2024-10-29_drive2.csv,pack_min_c,BMSminPackTemperature,1730190361000000000,1730190362000000000,1730190362000000000
BEV2_2024-10-29_drive2.csv,pack_max_c,BMSmaxPackTemperature,1730190361000000000,1730190362000000000,1730190362000000000
BEV2_2024-10-29_drive2.csv,preconditioning_request,UI_batteryPreconditioningRequest,1730190361000000000,1730190362000000000,1730190362000000000
BEV2_2024-10-29_drive3.csv,soc,SOCave292,1730215356000000000,1730215357000000000,1730215357000000000
BEV2_2024-10-29_drive3.csv,ambient_c,VCRIGHT_tempAmbientRaw,1730215356000000000,1730215357000000000,1730215357000000000
BEV2_2024-10-29_drive3.csv,pack_min_c,BMSminPackTemperature,1730215356000000000,1730215357000000000,1730215357000000000
BEV2_2024-10-29_drive3.csv,pack_max_c,BMSmaxPackTemperature,1730215356000000000,1730215357000000000,1730215357000000000
BEV2_2024-10-29_drive4.csv,soc,SOCave292,1730216545000000000,1730216546000000000,1730216546000000000
BEV2_2024-10-29_drive4.csv,ambient_c,VCRIGHT_tempAmbientRaw,1730216545000000000,1730216546000000000,1730216546000000000
BEV2_2024-10-29_drive4.csv,pack_min_c,BMSminPackTemperature,1730216545000000000,1730216546000000000,1730216546000000000
BEV2_2024-10-29_drive4.csv,pack_max_c,BMSmaxPackTemperature,1730216545000000000,1730216546000000000,1730216546000000000
BEV2_2024-10-29_drive4.csv,preconditioning_request,UI_batteryPreconditioningRequest,1730216545000000000,1730216546000000000,1730216546000000000
BEV2_2024-10-30_drive1.csv,soc,SOCave292,1730271498000000000,1730271499000000000,1730271499000000000
BEV2_2024-10-30_drive1.csv,ambient_c,VCRIGHT_tempAmbientRaw,1730271498000000000,1730271499000000000,1730271499000000000
BEV2_2024-10-30_drive1.csv,pack_min_c,BMSminPackTemperature,1730271498000000000,1730271499000000000,1730271499000000000
BEV2_2024-10-30_drive1.csv,pack_max_c,BMSmaxPackTemperature,1730271498000000000,1730271499000000000,1730271499000000000
BEV2_2024-10-30_drive1.csv,preconditioning_request,UI_batteryPreconditioningRequest,1730271498000000000,1730271499000000000,1730271499000000000
BEV2_2024-10-30_drive2.csv,soc,SOCave292,1730284199000000000,1730284200000000000,1730284200000000000
BEV2_2024-10-30_drive2.csv,ambient_c,VCRIGHT_tempAmbientRaw,1730284199000000000,1730284200000000000,1730284200000000000
BEV2_2024-10-30_drive2.csv,pack_min_c,BMSminPackTemperature,1730284199000000000,1730284200000000000,1730284200000000000
BEV2_2024-10-30_drive2.csv,pack_max_c,BMSmaxPackTemperature,1730284199000000000,1730284200000000000,1730284200000000000
BEV2_2024-10-30_drive2.csv,preconditioning_request,UI_batteryPreconditioningRequest,1730284199000000000,1730284200000000000,1730284200000000000
BEV2_2024-10-30_drive3.csv,soc,SOCave292,1730288581000000000,1730288582000000000,1730288582000000000
BEV2_2024-10-30_drive3.csv,ambient_c,VCRIGHT_tempAmbientRaw,1730288581000000000,1730288582000000000,1730288582000000000
BEV2_2024-10-30_drive3.csv,pack_min_c,BMSminPackTemperature,1730288581000000000,1730288582000000000,1730288582000000000
BEV2_2024-10-30_drive3.csv,pack_max_c,BMSmaxPackTemperature,1730288581000000000,1730288582000000000,1730288582000000000
BEV2_2024-10-30_drive4.csv,soc,SOCave292,1730298871000000000,1730298872000000000,1730298872000000000
BEV2_2024-10-30_drive4.csv,ambient_c,VCRIGHT_tempAmbientRaw,1730298871000000000,1730298872000000000,1730298872000000000
BEV2_2024-10-30_drive4.csv,pack_min_c,BMSminPackTemperature,1730298871000000000,1730298872000000000,1730298872000000000
BEV2_2024-10-30_drive4.csv,pack_max_c,BMSmaxPackTemperature,1730298871000000000,1730298872000000000,1730298872000000000
BEV2_2024-10-30_drive4.csv,preconditioning_request,UI_batteryPreconditioningRequest,1730298871000000000,1730298872000000000,1730298872000000000
BEV2_2024-10-30_drive5.csv,soc,SOCave292,1730307791000000000,1730307792000000000,1730307792000000000
BEV2_2024-10-30_drive5.csv,ambient_c,VCRIGHT_tempAmbientRaw,1730307791000000000,1730307792000000000,1730307792000000000
BEV2_2024-10-30_drive5.csv,pack_min_c,BMSminPackTemperature,1730307791000000000,1730307792000000000,1730307792000000000
BEV2_2024-10-30_drive5.csv,pack_max_c,BMSmaxPackTemperature,1730307791000000000,1730307792000000000,1730307792000000000
BEV2_2024-10-30_drive5.csv,preconditioning_request,UI_batteryPreconditioningRequest,1730307791000000000,1730307792000000000,1730307792000000000
BEV2_2024-10-30_drive6.csv,soc,SOCave292,1730316117000000000,1730316118000000000,1730316118000000000
BEV2_2024-10-30_drive6.csv,ambient_c,VCRIGHT_tempAmbientRaw,1730316117000000000,1730316118000000000,1730316118000000000
BEV2_2024-10-30_drive6.csv,pack_min_c,BMSminPackTemperature,1730316117000000000,1730316118000000000,1730316118000000000
BEV2_2024-10-30_drive6.csv,pack_max_c,BMSmaxPackTemperature,1730316117000000000,1730316118000000000,1730316118000000000
BEV2_2024-10-30_drive6.csv,preconditioning_request,UI_batteryPreconditioningRequest,1730316117000000000,1730316118000000000,1730316118000000000
BEV2_2024-10-31_drive1.csv,soc,SOCave292,1730357194000000000,1730357195000000000,1730357195000000000
BEV2_2024-10-31_drive1.csv,ambient_c,VCRIGHT_tempAmbientRaw,1730357194000000000,1730357195000000000,1730357195000000000
BEV2_2024-10-31_drive1.csv,pack_min_c,BMSminPackTemperature,1730357194000000000,1730357195000000000,1730357195000000000
BEV2_2024-10-31_drive1.csv,pack_max_c,BMSmaxPackTemperature,1730357194000000000,1730357195000000000,1730357195000000000
BEV2_2024-10-31_drive1.csv,preconditioning_request,UI_batteryPreconditioningRequest,1730357194000000000,1730357195000000000,1730357195000000000
BEV2_2024-10-31_drive2.csv,soc,SOCave292,1730367833000000000,1730367834000000000,1730367834000000000
BEV2_2024-10-31_drive2.csv,ambient_c,VCRIGHT_tempAmbientRaw,1730367833000000000,1730367834000000000,1730367834000000000
BEV2_2024-10-31_drive2.csv,pack_min_c,BMSminPackTemperature,1730367833000000000,1730367834000000000,1730367834000000000
BEV2_2024-10-31_drive2.csv,pack_max_c,BMSmaxPackTemperature,1730367833000000000,1730367834000000000,1730367834000000000
BEV2_2024-10-31_drive2.csv,preconditioning_request,UI_batteryPreconditioningRequest,1730367833000000000,1730367834000000000,1730367834000000000
BEV2_2024-10-31_drive3.csv,soc,SOCave292,1730372517000000000,1730372518000000000,1730372518000000000
BEV2_2024-10-31_drive3.csv,ambient_c,VCRIGHT_tempAmbientRaw,1730372517000000000,1730372518000000000,1730372518000000000
BEV2_2024-10-31_drive3.csv,pack_min_c,BMSminPackTemperature,1730372517000000000,1730372518000000000,1730372518000000000
BEV2_2024-10-31_drive3.csv,pack_max_c,BMSmaxPackTemperature,1730372517000000000,1730372518000000000,1730372518000000000
BEV2_2024-10-31_drive3.csv,preconditioning_request,UI_batteryPreconditioningRequest,1730372517000000000,1730372518000000000,1730372518000000000
BEV2_2024-10-31_drive4.csv,soc,SOCave292,1730373837000000000,1730373838000000000,1730373838000000000
BEV2_2024-10-31_drive4.csv,ambient_c,VCRIGHT_tempAmbientRaw,1730373837000000000,1730373838000000000,1730373838000000000
BEV2_2024-10-31_drive4.csv,pack_min_c,BMSminPackTemperature,1730373837000000000,1730373838000000000,1730373838000000000
BEV2_2024-10-31_drive4.csv,pack_max_c,BMSmaxPackTemperature,1730373837000000000,1730373838000000000,1730373838000000000
BEV2_2024-10-31_drive4.csv,preconditioning_request,UI_batteryPreconditioningRequest,1730373837000000000,1730373838000000000,1730373838000000000
BEV2_2024-10-31_drive5.csv,soc,SOCave292,1730392500000000000,1730392501000000000,1730392501000000000
BEV2_2024-10-31_drive5.csv,ambient_c,VCRIGHT_tempAmbientRaw,1730392500000000000,1730392501000000000,1730392501000000000
BEV2_2024-10-31_drive5.csv,pack_min_c,BMSminPackTemperature,1730392500000000000,1730392501000000000,1730392501000000000
BEV2_2024-10-31_drive5.csv,pack_max_c,BMSmaxPackTemperature,1730392500000000000,1730392501000000000,1730392501000000000
BEV2_2024-10-31_drive5.csv,preconditioning_request,UI_batteryPreconditioningRequest,1730392500000000000,1730392501000000000,1730392501000000000
BEV2_2024-10-31_drive6.csv,soc,SOCave292,1730398861000000000,1730398862000000000,1730398862000000000
BEV2_2024-10-31_drive6.csv,ambient_c,VCRIGHT_tempAmbientRaw,1730398861000000000,1730398862000000000,1730398862000000000
BEV2_2024-10-31_drive6.csv,pack_min_c,BMSminPackTemperature,1730398861000000000,1730398862000000000,1730398862000000000
BEV2_2024-10-31_drive6.csv,pack_max_c,BMSmaxPackTemperature,1730398861000000000,1730398862000000000,1730398862000000000
BEV2_2024-10-31_drive6.csv,preconditioning_request,UI_batteryPreconditioningRequest,1730398861000000000,1730398862000000000,1730398862000000000
BEV2_2024-10-31_drive7.csv,soc,SOCave292,1730405705000000000,1730405706000000000,1730405706000000000
BEV2_2024-10-31_drive7.csv,ambient_c,VCRIGHT_tempAmbientRaw,1730405705000000000,1730405706000000000,1730405706000000000
BEV2_2024-10-31_drive7.csv,pack_min_c,BMSminPackTemperature,1730405705000000000,1730405706000000000,1730405706000000000
BEV2_2024-10-31_drive7.csv,pack_max_c,BMSmaxPackTemperature,1730405705000000000,1730405706000000000,1730405706000000000
BEV2_2024-10-31_drive7.csv,preconditioning_request,UI_batteryPreconditioningRequest,1730405705000000000,1730405706000000000,1730405706000000000
BEV2_2024-11-01_drive1.csv,soc,SOCave292,1730429075000000000,1730429076000000000,1730429076000000000
BEV2_2024-11-01_drive1.csv,ambient_c,VCRIGHT_tempAmbientRaw,1730429075000000000,1730429076000000000,1730429076000000000
BEV2_2024-11-01_drive1.csv,pack_min_c,BMSminPackTemperature,1730429075000000000,1730429076000000000,1730429076000000000
BEV2_2024-11-01_drive1.csv,pack_max_c,BMSmaxPackTemperature,1730429075000000000,1730429076000000000,1730429076000000000
BEV2_2024-11-04_drive1.csv,soc,SOCave292,1730717735000000000,1730717736000000000,1730717736000000000
BEV2_2024-11-04_drive1.csv,ambient_c,VCRIGHT_tempAmbientRaw,1730717735000000000,1730717736000000000,1730717736000000000
BEV2_2024-11-04_drive1.csv,pack_min_c,BMSminPackTemperature,1730717735000000000,1730717736000000000,1730717736000000000
BEV2_2024-11-04_drive1.csv,pack_max_c,BMSmaxPackTemperature,1730717735000000000,1730717736000000000,1730717736000000000
BEV2_2024-11-04_drive1.csv,preconditioning_request,UI_batteryPreconditioningRequest,1730717735000000000,1730717736000000000,1730717736000000000
BEV2_2024-11-04_drive2.csv,soc,SOCave292,1730723425000000000,1730723426000000000,1730723426000000000
BEV2_2024-11-04_drive2.csv,ambient_c,VCRIGHT_tempAmbientRaw,1730723425000000000,1730723426000000000,1730723426000000000
BEV2_2024-11-04_drive2.csv,pack_min_c,BMSminPackTemperature,1730723425000000000,1730723426000000000,1730723426000000000
BEV2_2024-11-04_drive2.csv,pack_max_c,BMSmaxPackTemperature,1730723425000000000,1730723426000000000,1730723426000000000
BEV2_2024-11-04_drive2.csv,preconditioning_request,UI_batteryPreconditioningRequest,1730723425000000000,1730723426000000000,1730723426000000000
BEV2_2024-11-04_drive3.csv,soc,SOCave292,1730724756000000000,1730724757000000000,1730724757000000000
BEV2_2024-11-04_drive3.csv,ambient_c,VCRIGHT_tempAmbientRaw,1730724756000000000,1730724757000000000,1730724757000000000
BEV2_2024-11-04_drive3.csv,pack_min_c,BMSminPackTemperature,1730724756000000000,1730724757000000000,1730724757000000000
BEV2_2024-11-04_drive3.csv,pack_max_c,BMSmaxPackTemperature,1730724756000000000,1730724757000000000,1730724757000000000
BEV2_2024-11-04_drive3.csv,preconditioning_request,UI_batteryPreconditioningRequest,1730724756000000000,1730724757000000000,1730724757000000000
BEV2_2024-11-04_drive4.csv,soc,SOCave292,1730728465000000000,1730728466000000000,1730728466000000000
BEV2_2024-11-04_drive4.csv,ambient_c,VCRIGHT_tempAmbientRaw,1730728465000000000,1730728466000000000,1730728466000000000
BEV2_2024-11-04_drive4.csv,pack_min_c,BMSminPackTemperature,1730728465000000000,1730728466000000000,1730728466000000000
BEV2_2024-11-04_drive4.csv,pack_max_c,BMSmaxPackTemperature,1730728465000000000,1730728466000000000,1730728466000000000
BEV2_2024-11-04_drive4.csv,preconditioning_request,UI_batteryPreconditioningRequest,1730728465000000000,1730728466000000000,1730728466000000000
BEV2_2024-11-04_drive5.csv,soc,SOCave292,1730735930000000000,1730735931000000000,1730735931000000000
BEV2_2024-11-04_drive5.csv,ambient_c,VCRIGHT_tempAmbientRaw,1730735930000000000,1730735931000000000,1730735931000000000
BEV2_2024-11-04_drive5.csv,pack_min_c,BMSminPackTemperature,1730735930000000000,1730735931000000000,1730735931000000000
BEV2_2024-11-04_drive5.csv,pack_max_c,BMSmaxPackTemperature,1730735930000000000,1730735931000000000,1730735931000000000
BEV2_2024-11-04_drive5.csv,preconditioning_request,UI_batteryPreconditioningRequest,1730735930000000000,1730735931000000000,1730735931000000000
BEV2_2024-11-04_drive6.csv,soc,SOCave292,1730737870000000000,1730737871000000000,1730737871000000000
BEV2_2024-11-04_drive6.csv,ambient_c,VCRIGHT_tempAmbientRaw,1730737870000000000,1730737871000000000,1730737871000000000
BEV2_2024-11-04_drive6.csv,pack_min_c,BMSminPackTemperature,1730737870000000000,1730737871000000000,1730737871000000000
BEV2_2024-11-04_drive6.csv,pack_max_c,BMSmaxPackTemperature,1730737870000000000,1730737871000000000,1730737871000000000
BEV2_2024-11-04_drive6.csv,preconditioning_request,UI_batteryPreconditioningRequest,1730737870000000000,1730737871000000000,1730737871000000000
BEV2_2024-11-04_drive7.csv,soc,SOCave292,1730741315000000000,1730741316000000000,1730741316000000000
BEV2_2024-11-04_drive7.csv,ambient_c,VCRIGHT_tempAmbientRaw,1730741315000000000,1730741316000000000,1730741316000000000
BEV2_2024-11-04_drive7.csv,pack_min_c,BMSminPackTemperature,1730741315000000000,1730741316000000000,1730741316000000000
BEV2_2024-11-04_drive7.csv,pack_max_c,BMSmaxPackTemperature,1730741315000000000,1730741316000000000,1730741316000000000
BEV2_2024-11-04_drive7.csv,preconditioning_request,UI_batteryPreconditioningRequest,1730741315000000000,1730741316000000000,1730741316000000000
BEV2_2024-11-04_drive8.csv,soc,SOCave292,1730753315000000000,1730753316000000000,1730753316000000000
BEV2_2024-11-04_drive8.csv,ambient_c,VCRIGHT_tempAmbientRaw,1730753315000000000,1730753316000000000,1730753316000000000
BEV2_2024-11-04_drive8.csv,pack_min_c,BMSminPackTemperature,1730753315000000000,1730753316000000000,1730753316000000000
BEV2_2024-11-04_drive8.csv,pack_max_c,BMSmaxPackTemperature,1730753315000000000,1730753316000000000,1730753316000000000
BEV2_2024-11-04_drive8.csv,preconditioning_request,UI_batteryPreconditioningRequest,1730753315000000000,1730753316000000000,1730753316000000000
BEV2_2024-11-05_drive1.csv,soc,SOCave292,1730789360000000000,1730789361000000000,1730789361000000000
BEV2_2024-11-05_drive1.csv,ambient_c,VCRIGHT_tempAmbientRaw,1730789360000000000,1730789361000000000,1730789361000000000
BEV2_2024-11-05_drive1.csv,pack_min_c,BMSminPackTemperature,1730789360000000000,1730789361000000000,1730789361000000000
BEV2_2024-11-05_drive1.csv,pack_max_c,BMSmaxPackTemperature,1730789360000000000,1730789361000000000,1730789361000000000
BEV2_2024-11-05_drive1.csv,preconditioning_request,UI_batteryPreconditioningRequest,1730789360000000000,1730789361000000000,1730789361000000000
BEV2_2024-11-05_drive2.csv,soc,SOCave292,1730825801000000000,1730825802000000000,1730825802000000000
BEV2_2024-11-05_drive2.csv,ambient_c,VCRIGHT_tempAmbientRaw,1730825801000000000,1730825802000000000,1730825802000000000
BEV2_2024-11-05_drive2.csv,pack_min_c,BMSminPackTemperature,1730825801000000000,1730825802000000000,1730825802000000000
BEV2_2024-11-05_drive2.csv,pack_max_c,BMSmaxPackTemperature,1730825801000000000,1730825802000000000,1730825802000000000
BEV2_2024-11-05_drive2.csv,preconditioning_request,UI_batteryPreconditioningRequest,1730825801000000000,1730825802000000000,1730825802000000000
BEV2_2024-11-12_drive1.csv,soc,SOCave292,1731431042000000000,1731431043000000000,1731431043000000000
BEV2_2024-11-12_drive1.csv,ambient_c,VCRIGHT_tempAmbientRaw,1731431042000000000,1731431043000000000,1731431043000000000
BEV2_2024-11-12_drive1.csv,pack_min_c,BMSminPackTemperature,1731431042000000000,1731431043000000000,1731431043000000000
BEV2_2024-11-12_drive1.csv,pack_max_c,BMSmaxPackTemperature,1731431042000000000,1731431043000000000,1731431043000000000
BEV2_2024-11-12_drive1.csv,preconditioning_request,UI_batteryPreconditioningRequest,1731431042000000000,1731431043000000000,1731431043000000000
BEV2_2024-11-13_drive1.csv,soc,SOCave292,1731482008000000000,1731482009000000000,1731482009000000000
BEV2_2024-11-13_drive1.csv,ambient_c,VCRIGHT_tempAmbientRaw,1731482008000000000,1731482009000000000,1731482009000000000
BEV2_2024-11-13_drive1.csv,pack_min_c,BMSminPackTemperature,1731482008000000000,1731482009000000000,1731482009000000000
BEV2_2024-11-13_drive1.csv,pack_max_c,BMSmaxPackTemperature,1731482008000000000,1731482009000000000,1731482009000000000
BEV2_2024-11-13_drive1.csv,preconditioning_request,UI_batteryPreconditioningRequest,1731482008000000000,1731482009000000000,1731482009000000000
BEV2_2024-11-13_drive2.csv,soc,SOCave292,1731510421000000000,1731510422000000000,1731510422000000000
BEV2_2024-11-13_drive2.csv,ambient_c,VCRIGHT_tempAmbientRaw,1731510421000000000,1731510422000000000,1731510422000000000
BEV2_2024-11-13_drive2.csv,pack_min_c,BMSminPackTemperature,1731510421000000000,1731510422000000000,1731510422000000000
BEV2_2024-11-13_drive2.csv,pack_max_c,BMSmaxPackTemperature,1731510421000000000,1731510422000000000,1731510422000000000
BEV2_2024-11-13_drive3.csv,soc,SOCave292,1731523489000000000,1731523490000000000,1731523490000000000
BEV2_2024-11-13_drive3.csv,ambient_c,VCRIGHT_tempAmbientRaw,1731523489000000000,1731523490000000000,1731523490000000000
BEV2_2024-11-13_drive3.csv,pack_min_c,BMSminPackTemperature,1731523489000000000,1731523490000000000,1731523490000000000
BEV2_2024-11-13_drive3.csv,pack_max_c,BMSmaxPackTemperature,1731523489000000000,1731523490000000000,1731523490000000000
BEV2_2024-11-13_drive3.csv,preconditioning_request,UI_batteryPreconditioningRequest,1731523489000000000,1731523490000000000,1731523490000000000
BEV2_2024-11-13_drive4.csv,soc,SOCave292,1731532083000000000,1731532084000000000,1731532084000000000
BEV2_2024-11-13_drive4.csv,ambient_c,VCRIGHT_tempAmbientRaw,1731532083000000000,1731532084000000000,1731532084000000000
BEV2_2024-11-13_drive4.csv,pack_min_c,BMSminPackTemperature,1731532083000000000,1731532084000000000,1731532084000000000
BEV2_2024-11-13_drive4.csv,pack_max_c,BMSmaxPackTemperature,1731532083000000000,1731532084000000000,1731532084000000000
BEV2_2024-11-13_drive4.csv,preconditioning_request,UI_batteryPreconditioningRequest,1731532083000000000,1731532084000000000,1731532084000000000
BEV2_2024-11-14_drive1.csv,soc,SOCave292,1731567073000000000,1731567074000000000,1731567074000000000
BEV2_2024-11-14_drive1.csv,ambient_c,VCRIGHT_tempAmbientRaw,1731567073000000000,1731567074000000000,1731567074000000000
BEV2_2024-11-14_drive1.csv,pack_min_c,BMSminPackTemperature,1731567073000000000,1731567074000000000,1731567074000000000
BEV2_2024-11-14_drive1.csv,pack_max_c,BMSmaxPackTemperature,1731567073000000000,1731567074000000000,1731567074000000000
BEV2_2024-11-14_drive1.csv,preconditioning_request,UI_batteryPreconditioningRequest,1731567073000000000,1731567074000000000,1731567074000000000
BEV2_2024-11-14_drive2.csv,soc,SOCave292,1731577829000000000,1731577830000000000,1731577830000000000
BEV2_2024-11-14_drive2.csv,ambient_c,VCRIGHT_tempAmbientRaw,1731577829000000000,1731577830000000000,1731577830000000000
BEV2_2024-11-14_drive2.csv,pack_min_c,BMSminPackTemperature,1731577829000000000,1731577830000000000,1731577830000000000
BEV2_2024-11-14_drive2.csv,pack_max_c,BMSmaxPackTemperature,1731577829000000000,1731577830000000000,1731577830000000000
BEV2_2024-11-14_drive2.csv,preconditioning_request,UI_batteryPreconditioningRequest,1731577829000000000,1731577830000000000,1731577830000000000
BEV2_2024-11-14_drive3.csv,soc,SOCave292,1731606433000000000,1731606434000000000,1731606434000000000
BEV2_2024-11-14_drive3.csv,ambient_c,VCRIGHT_tempAmbientRaw,1731606433000000000,1731606434000000000,1731606434000000000
BEV2_2024-11-14_drive3.csv,pack_min_c,BMSminPackTemperature,1731606433000000000,1731606434000000000,1731606434000000000
BEV2_2024-11-14_drive3.csv,pack_max_c,BMSmaxPackTemperature,1731606433000000000,1731606434000000000,1731606434000000000
BEV2_2024-11-14_drive3.csv,preconditioning_request,UI_batteryPreconditioningRequest,1731606433000000000,1731606434000000000,1731606434000000000
BEV2_2024-11-15_drive2.csv,soc,SOCave292,1731652112000000000,1731652113000000000,1731652113000000000
BEV2_2024-11-15_drive2.csv,ambient_c,VCRIGHT_tempAmbientRaw,1731652112000000000,1731652113000000000,1731652113000000000
BEV2_2024-11-15_drive2.csv,pack_min_c,BMSminPackTemperature,1731652112000000000,1731652113000000000,1731652113000000000
BEV2_2024-11-15_drive2.csv,pack_max_c,BMSmaxPackTemperature,1731652112000000000,1731652113000000000,1731652113000000000
BEV2_2024-11-15_drive2.csv,preconditioning_request,UI_batteryPreconditioningRequest,1731652112000000000,1731652113000000000,1731652113000000000
BEV2_2024-11-15_drive3.csv,soc,SOCave292,1731659793000000000,1731659794000000000,1731659794000000000
BEV2_2024-11-15_drive3.csv,ambient_c,VCRIGHT_tempAmbientRaw,1731659793000000000,1731659794000000000,1731659794000000000
BEV2_2024-11-15_drive3.csv,pack_min_c,BMSminPackTemperature,1731659793000000000,1731659794000000000,1731659794000000000
BEV2_2024-11-15_drive3.csv,pack_max_c,BMSmaxPackTemperature,1731659793000000000,1731659794000000000,1731659794000000000
BEV2_2024-11-15_drive3.csv,preconditioning_request,UI_batteryPreconditioningRequest,1731659793000000000,1731659794000000000,1731659794000000000
BEV2_2024-11-15_drive4.csv,soc,SOCave292,1731668469000000000,1731668470000000000,1731668470000000000
BEV2_2024-11-15_drive4.csv,ambient_c,VCRIGHT_tempAmbientRaw,1731668469000000000,1731668470000000000,1731668470000000000
BEV2_2024-11-15_drive4.csv,pack_min_c,BMSminPackTemperature,1731668469000000000,1731668470000000000,1731668470000000000
BEV2_2024-11-15_drive4.csv,pack_max_c,BMSmaxPackTemperature,1731668469000000000,1731668470000000000,1731668470000000000
BEV2_2024-11-15_drive5.csv,soc,SOCave292,1731672901000000000,1731672902000000000,1731672902000000000
BEV2_2024-11-15_drive5.csv,ambient_c,VCRIGHT_tempAmbientRaw,1731672901000000000,1731672902000000000,1731672902000000000
BEV2_2024-11-15_drive5.csv,pack_min_c,BMSminPackTemperature,1731672901000000000,1731672902000000000,1731672902000000000
BEV2_2024-11-15_drive5.csv,pack_max_c,BMSmaxPackTemperature,1731672901000000000,1731672902000000000,1731672902000000000
BEV2_2024-11-15_drive5.csv,preconditioning_request,UI_batteryPreconditioningRequest,1731672901000000000,1731672902000000000,1731672902000000000
BEV2_2024-11-15_drive6.csv,soc,SOCave292,1731693611000000000,1731693612000000000,1731693612000000000
BEV2_2024-11-15_drive6.csv,ambient_c,VCRIGHT_tempAmbientRaw,1731693611000000000,1731693612000000000,1731693612000000000
BEV2_2024-11-15_drive6.csv,pack_min_c,BMSminPackTemperature,1731693611000000000,1731693612000000000,1731693612000000000
BEV2_2024-11-15_drive6.csv,pack_max_c,BMSmaxPackTemperature,1731693611000000000,1731693612000000000,1731693612000000000
BEV2_2024-11-15_drive6.csv,preconditioning_request,UI_batteryPreconditioningRequest,1731693611000000000,1731693612000000000,1731693612000000000
BEV2_2024-11-15_drive7.csv,soc,SOCave292,1731694422000000000,1731694423000000000,1731694423000000000
BEV2_2024-11-15_drive7.csv,ambient_c,VCRIGHT_tempAmbientRaw,1731694422000000000,1731694423000000000,1731694423000000000
BEV2_2024-11-15_drive7.csv,pack_min_c,BMSminPackTemperature,1731694422000000000,1731694423000000000,1731694423000000000
BEV2_2024-11-15_drive7.csv,pack_max_c,BMSmaxPackTemperature,1731694422000000000,1731694423000000000,1731694423000000000
BEV2_2024-11-15_drive7.csv,preconditioning_request,UI_batteryPreconditioningRequest,1731694422000000000,1731694423000000000,1731694423000000000
BEV2_2024-11-15_drive8.csv,soc,SOCave292,1731706403000000000,1731706404000000000,1731706404000000000
BEV2_2024-11-15_drive8.csv,ambient_c,VCRIGHT_tempAmbientRaw,1731706403000000000,1731706404000000000,1731706404000000000
BEV2_2024-11-15_drive8.csv,pack_min_c,BMSminPackTemperature,1731706403000000000,1731706404000000000,1731706404000000000
BEV2_2024-11-15_drive8.csv,pack_max_c,BMSmaxPackTemperature,1731706403000000000,1731706404000000000,1731706404000000000
BEV2_2024-11-15_drive8.csv,preconditioning_request,UI_batteryPreconditioningRequest,1731706403000000000,1731706404000000000,1731706404000000000
BEV2_2024-11-16_drive1.csv,soc,SOCave292,1731744592000000000,1731744593000000000,1731744593000000000
BEV2_2024-11-16_drive1.csv,ambient_c,VCRIGHT_tempAmbientRaw,1731744592000000000,1731744593000000000,1731744593000000000
BEV2_2024-11-16_drive1.csv,pack_min_c,BMSminPackTemperature,1731744592000000000,1731744593000000000,1731744593000000000
BEV2_2024-11-16_drive1.csv,pack_max_c,BMSmaxPackTemperature,1731744592000000000,1731744593000000000,1731744593000000000
BEV2_2024-11-16_drive1.csv,preconditioning_request,UI_batteryPreconditioningRequest,1731744592000000000,1731744593000000000,1731744593000000000
BEV2_2024-11-16_drive2.csv,soc,SOCave292,1731747172000000000,1731747173000000000,1731747173000000000
BEV2_2024-11-16_drive2.csv,ambient_c,VCRIGHT_tempAmbientRaw,1731747172000000000,1731747173000000000,1731747173000000000
BEV2_2024-11-16_drive2.csv,pack_min_c,BMSminPackTemperature,1731747172000000000,1731747173000000000,1731747173000000000
BEV2_2024-11-16_drive2.csv,pack_max_c,BMSmaxPackTemperature,1731747172000000000,1731747173000000000,1731747173000000000
BEV2_2024-11-16_drive2.csv,preconditioning_request,UI_batteryPreconditioningRequest,1731747172000000000,1731747173000000000,1731747173000000000
BEV2_2024-11-16_drive3.csv,soc,SOCave292,1731751705000000000,1731751706000000000,1731751706000000000
BEV2_2024-11-16_drive3.csv,ambient_c,VCRIGHT_tempAmbientRaw,1731751705000000000,1731751706000000000,1731751706000000000
BEV2_2024-11-16_drive3.csv,pack_min_c,BMSminPackTemperature,1731751705000000000,1731751706000000000,1731751706000000000
BEV2_2024-11-16_drive3.csv,pack_max_c,BMSmaxPackTemperature,1731751705000000000,1731751706000000000,1731751706000000000
BEV2_2024-11-16_drive3.csv,preconditioning_request,UI_batteryPreconditioningRequest,1731751705000000000,1731751706000000000,1731751706000000000
BEV2_2024-11-16_drive4.csv,soc,SOCave292,1731752630000000000,1731752631000000000,1731752631000000000
BEV2_2024-11-16_drive4.csv,ambient_c,VCRIGHT_tempAmbientRaw,1731752630000000000,1731752631000000000,1731752631000000000
BEV2_2024-11-16_drive4.csv,pack_min_c,BMSminPackTemperature,1731752630000000000,1731752631000000000,1731752631000000000
BEV2_2024-11-16_drive4.csv,pack_max_c,BMSmaxPackTemperature,1731752630000000000,1731752631000000000,1731752631000000000
BEV2_2024-11-16_drive5.csv,soc,SOCave292,1731764913000000000,1731764914000000000,1731764914000000000
BEV2_2024-11-16_drive5.csv,ambient_c,VCRIGHT_tempAmbientRaw,1731764913000000000,1731764914000000000,1731764914000000000
BEV2_2024-11-16_drive5.csv,pack_min_c,BMSminPackTemperature,1731764913000000000,1731764914000000000,1731764914000000000
BEV2_2024-11-16_drive5.csv,pack_max_c,BMSmaxPackTemperature,1731764913000000000,1731764914000000000,1731764914000000000
BEV2_2024-11-16_drive5.csv,preconditioning_request,UI_batteryPreconditioningRequest,1731764913000000000,1731764914000000000,1731764914000000000
BEV2_2024-11-16_drive6.csv,soc,SOCave292,1731775547000000000,1731775548000000000,1731775548000000000
BEV2_2024-11-16_drive6.csv,ambient_c,VCRIGHT_tempAmbientRaw,1731775547000000000,1731775548000000000,1731775548000000000
BEV2_2024-11-16_drive6.csv,pack_min_c,BMSminPackTemperature,1731775547000000000,1731775548000000000,1731775548000000000
BEV2_2024-11-16_drive6.csv,pack_max_c,BMSmaxPackTemperature,1731775547000000000,1731775548000000000,1731775548000000000
BEV2_2024-11-16_drive7.csv,soc,SOCave292,1731778018000000000,1731778019000000000,1731778019000000000
BEV2_2024-11-16_drive7.csv,ambient_c,VCRIGHT_tempAmbientRaw,1731778018000000000,1731778019000000000,1731778019000000000
BEV2_2024-11-16_drive7.csv,pack_min_c,BMSminPackTemperature,1731778018000000000,1731778019000000000,1731778019000000000
BEV2_2024-11-16_drive7.csv,pack_max_c,BMSmaxPackTemperature,1731778018000000000,1731778019000000000,1731778019000000000
BEV2_2024-11-16_drive7.csv,preconditioning_request,UI_batteryPreconditioningRequest,1731778018000000000,1731778019000000000,1731778019000000000
BEV2_2024-11-17_drive1.csv,soc,SOCave292,1731844383000000000,1731844384000000000,1731844384000000000
BEV2_2024-11-17_drive1.csv,ambient_c,VCRIGHT_tempAmbientRaw,1731844383000000000,1731844384000000000,1731844384000000000
BEV2_2024-11-17_drive1.csv,pack_min_c,BMSminPackTemperature,1731844383000000000,1731844384000000000,1731844384000000000
BEV2_2024-11-17_drive1.csv,pack_max_c,BMSmaxPackTemperature,1731844383000000000,1731844384000000000,1731844384000000000
BEV2_2024-11-17_drive1.csv,preconditioning_request,UI_batteryPreconditioningRequest,1731844383000000000,1731844384000000000,1731844384000000000
BEV2_2024-11-17_drive2.csv,soc,SOCave292,1731874251000000000,1731874252000000000,1731874252000000000
BEV2_2024-11-17_drive2.csv,ambient_c,VCRIGHT_tempAmbientRaw,1731874251000000000,1731874252000000000,1731874252000000000
BEV2_2024-11-17_drive2.csv,pack_min_c,BMSminPackTemperature,1731874251000000000,1731874252000000000,1731874252000000000
BEV2_2024-11-17_drive2.csv,pack_max_c,BMSmaxPackTemperature,1731874251000000000,1731874252000000000,1731874252000000000
BEV2_2024-11-17_drive2.csv,preconditioning_request,UI_batteryPreconditioningRequest,1731874251000000000,1731874252000000000,1731874252000000000
BEV2_2024-11-18_drive1.csv,soc,SOCave292,1731913482000000000,1731913483000000000,1731913483000000000
BEV2_2024-11-18_drive1.csv,ambient_c,VCRIGHT_tempAmbientRaw,1731913482000000000,1731913483000000000,1731913483000000000
BEV2_2024-11-18_drive1.csv,pack_min_c,BMSminPackTemperature,1731913482000000000,1731913483000000000,1731913483000000000
BEV2_2024-11-18_drive1.csv,pack_max_c,BMSmaxPackTemperature,1731913482000000000,1731913483000000000,1731913483000000000
BEV2_2024-11-18_drive1.csv,preconditioning_request,UI_batteryPreconditioningRequest,1731913482000000000,1731913483000000000,1731913483000000000
BEV2_2024-11-18_drive2.csv,soc,SOCave292,1731927065000000000,1731927066000000000,1731927066000000000
BEV2_2024-11-18_drive2.csv,ambient_c,VCRIGHT_tempAmbientRaw,1731927065000000000,1731927066000000000,1731927066000000000
BEV2_2024-11-18_drive2.csv,pack_min_c,BMSminPackTemperature,1731927065000000000,1731927066000000000,1731927066000000000
BEV2_2024-11-18_drive2.csv,pack_max_c,BMSmaxPackTemperature,1731927065000000000,1731927066000000000,1731927066000000000
BEV2_2024-11-18_drive2.csv,preconditioning_request,UI_batteryPreconditioningRequest,1731927065000000000,1731927066000000000,1731927066000000000
BEV2_2024-11-18_drive3.csv,soc,SOCave292,1731930045000000000,1731930046000000000,1731930046000000000
BEV2_2024-11-18_drive3.csv,ambient_c,VCRIGHT_tempAmbientRaw,1731930045000000000,1731930046000000000,1731930046000000000
BEV2_2024-11-18_drive3.csv,pack_min_c,BMSminPackTemperature,1731930045000000000,1731930046000000000,1731930046000000000
BEV2_2024-11-18_drive3.csv,pack_max_c,BMSmaxPackTemperature,1731930045000000000,1731930046000000000,1731930046000000000
BEV2_2024-11-18_drive3.csv,preconditioning_request,UI_batteryPreconditioningRequest,1731930045000000000,1731930046000000000,1731930046000000000
BEV2_2024-11-18_drive4.csv,soc,SOCave292,1731948360000000000,1731948361000000000,1731948361000000000
BEV2_2024-11-18_drive4.csv,ambient_c,VCRIGHT_tempAmbientRaw,1731948360000000000,1731948361000000000,1731948361000000000
BEV2_2024-11-18_drive4.csv,pack_min_c,BMSminPackTemperature,1731948360000000000,1731948361000000000,1731948361000000000
BEV2_2024-11-18_drive4.csv,pack_max_c,BMSmaxPackTemperature,1731948360000000000,1731948361000000000,1731948361000000000
BEV2_2024-11-18_drive4.csv,preconditioning_request,UI_batteryPreconditioningRequest,1731948360000000000,1731948361000000000,1731948361000000000
BEV2_2024-11-19_drive1.csv,soc,SOCave292,1731999408000000000,1731999409000000000,1731999409000000000
BEV2_2024-11-19_drive1.csv,ambient_c,VCRIGHT_tempAmbientRaw,1731999408000000000,1731999409000000000,1731999409000000000
BEV2_2024-11-19_drive1.csv,pack_min_c,BMSminPackTemperature,1731999408000000000,1731999409000000000,1731999409000000000
BEV2_2024-11-19_drive1.csv,pack_max_c,BMSmaxPackTemperature,1731999408000000000,1731999409000000000,1731999409000000000
BEV2_2024-11-19_drive1.csv,preconditioning_request,UI_batteryPreconditioningRequest,1731999408000000000,1731999409000000000,1731999409000000000
BEV2_2024-11-19_drive2.csv,soc,SOCave292,1732037400000000000,1732037401000000000,1732037401000000000
BEV2_2024-11-19_drive2.csv,ambient_c,VCRIGHT_tempAmbientRaw,1732037400000000000,1732037401000000000,1732037401000000000
BEV2_2024-11-19_drive2.csv,pack_min_c,BMSminPackTemperature,1732037400000000000,1732037401000000000,1732037401000000000
BEV2_2024-11-19_drive2.csv,pack_max_c,BMSmaxPackTemperature,1732037400000000000,1732037401000000000,1732037401000000000
BEV2_2024-11-19_drive2.csv,preconditioning_request,UI_batteryPreconditioningRequest,1732037400000000000,1732037401000000000,1732037401000000000
BEV2_2024-11-20_drive1.csv,soc,SOCave292,1732083578000000000,1732083579000000000,1732083579000000000
BEV2_2024-11-20_drive1.csv,ambient_c,VCRIGHT_tempAmbientRaw,1732083578000000000,1732083579000000000,1732083579000000000
BEV2_2024-11-20_drive1.csv,pack_min_c,BMSminPackTemperature,1732083578000000000,1732083579000000000,1732083579000000000
BEV2_2024-11-20_drive1.csv,pack_max_c,BMSmaxPackTemperature,1732083578000000000,1732083579000000000,1732083579000000000
BEV2_2024-11-20_drive1.csv,preconditioning_request,UI_batteryPreconditioningRequest,1732083578000000000,1732083579000000000,1732083579000000000
BEV2_2024-11-20_drive2.csv,soc,SOCave292,1732093793000000000,1732093794000000000,1732093794000000000
BEV2_2024-11-20_drive2.csv,ambient_c,VCRIGHT_tempAmbientRaw,1732093793000000000,1732093794000000000,1732093794000000000
BEV2_2024-11-20_drive2.csv,pack_min_c,BMSminPackTemperature,1732093793000000000,1732093794000000000,1732093794000000000
BEV2_2024-11-20_drive2.csv,pack_max_c,BMSmaxPackTemperature,1732093793000000000,1732093794000000000,1732093794000000000
BEV2_2024-11-20_drive2.csv,preconditioning_request,UI_batteryPreconditioningRequest,1732093793000000000,1732093794000000000,1732093794000000000
BEV2_2024-11-20_drive3.csv,soc,SOCave292,1732110328000000000,1732110329000000000,1732110329000000000
BEV2_2024-11-20_drive3.csv,ambient_c,VCRIGHT_tempAmbientRaw,1732110328000000000,1732110329000000000,1732110329000000000
BEV2_2024-11-20_drive3.csv,pack_min_c,BMSminPackTemperature,1732110328000000000,1732110329000000000,1732110329000000000
BEV2_2024-11-20_drive3.csv,pack_max_c,BMSmaxPackTemperature,1732110328000000000,1732110329000000000,1732110329000000000
BEV2_2024-11-20_drive3.csv,preconditioning_request,UI_batteryPreconditioningRequest,1732110328000000000,1732110329000000000,1732110329000000000
BEV2_2024-11-20_drive4.csv,soc,SOCave292,1732122291000000000,1732122292000000000,1732122292000000000
BEV2_2024-11-20_drive4.csv,ambient_c,VCRIGHT_tempAmbientRaw,1732122291000000000,1732122292000000000,1732122292000000000
BEV2_2024-11-20_drive4.csv,pack_min_c,BMSminPackTemperature,1732122291000000000,1732122292000000000,1732122292000000000
BEV2_2024-11-20_drive4.csv,pack_max_c,BMSmaxPackTemperature,1732122291000000000,1732122292000000000,1732122292000000000
BEV2_2024-11-20_drive4.csv,preconditioning_request,UI_batteryPreconditioningRequest,1732122291000000000,1732122292000000000,1732122292000000000
BEV2_2024-11-21_drive1.csv,soc,SOCave292,1732188486000000000,1732188487000000000,1732188487000000000
BEV2_2024-11-21_drive1.csv,ambient_c,VCRIGHT_tempAmbientRaw,1732188486000000000,1732188487000000000,1732188487000000000
BEV2_2024-11-21_drive1.csv,pack_min_c,BMSminPackTemperature,1732188486000000000,1732188487000000000,1732188487000000000
BEV2_2024-11-21_drive1.csv,pack_max_c,BMSmaxPackTemperature,1732188486000000000,1732188487000000000,1732188487000000000
BEV2_2024-11-21_drive2.csv,soc,SOCave292,1732208879000000000,1732208880000000000,1732208880000000000
BEV2_2024-11-21_drive2.csv,ambient_c,VCRIGHT_tempAmbientRaw,1732208879000000000,1732208880000000000,1732208880000000000
BEV2_2024-11-21_drive2.csv,pack_min_c,BMSminPackTemperature,1732208879000000000,1732208880000000000,1732208880000000000
BEV2_2024-11-21_drive2.csv,pack_max_c,BMSmaxPackTemperature,1732208879000000000,1732208880000000000,1732208880000000000
BEV2_2024-11-21_drive2.csv,preconditioning_request,UI_batteryPreconditioningRequest,1732208879000000000,1732208880000000000,1732208880000000000
BEV2_2024-11-21_drive3.csv,soc,SOCave292,1732209518000000000,1732209519000000000,1732209519000000000
BEV2_2024-11-21_drive3.csv,ambient_c,VCRIGHT_tempAmbientRaw,1732209518000000000,1732209519000000000,1732209519000000000
BEV2_2024-11-21_drive3.csv,pack_min_c,BMSminPackTemperature,1732209518000000000,1732209519000000000,1732209519000000000
BEV2_2024-11-21_drive3.csv,pack_max_c,BMSmaxPackTemperature,1732209518000000000,1732209519000000000,1732209519000000000
BEV2_2024-11-21_drive3.csv,preconditioning_request,UI_batteryPreconditioningRequest,1732209518000000000,1732209519000000000,1732209519000000000
BEV2_2024-11-21_drive4.csv,soc,SOCave292,1732209896000000000,1732209897000000000,1732209897000000000
BEV2_2024-11-21_drive4.csv,ambient_c,VCRIGHT_tempAmbientRaw,1732209896000000000,1732209897000000000,1732209897000000000
BEV2_2024-11-21_drive4.csv,pack_min_c,BMSminPackTemperature,1732209896000000000,1732209897000000000,1732209897000000000
BEV2_2024-11-21_drive4.csv,pack_max_c,BMSmaxPackTemperature,1732209896000000000,1732209897000000000,1732209897000000000
BEV2_2024-11-21_drive4.csv,preconditioning_request,UI_batteryPreconditioningRequest,1732209896000000000,1732209897000000000,1732209897000000000
BEV2_2024-11-21_drive5.csv,soc,SOCave292,1732210815000000000,1732210816000000000,1732210816000000000
BEV2_2024-11-21_drive5.csv,ambient_c,VCRIGHT_tempAmbientRaw,1732210815000000000,1732210816000000000,1732210816000000000
BEV2_2024-11-21_drive5.csv,pack_min_c,BMSminPackTemperature,1732210815000000000,1732210816000000000,1732210816000000000
BEV2_2024-11-21_drive5.csv,pack_max_c,BMSmaxPackTemperature,1732210815000000000,1732210816000000000,1732210816000000000
BEV2_2024-11-21_drive5.csv,preconditioning_request,UI_batteryPreconditioningRequest,1732210815000000000,1732210816000000000,1732210816000000000
BEV2_2024-11-21_drive6.csv,soc,SOCave292,1732216482000000000,1732216483000000000,1732216483000000000
BEV2_2024-11-21_drive6.csv,ambient_c,VCRIGHT_tempAmbientRaw,1732216482000000000,1732216483000000000,1732216483000000000
BEV2_2024-11-21_drive6.csv,pack_min_c,BMSminPackTemperature,1732216482000000000,1732216483000000000,1732216483000000000
BEV2_2024-11-21_drive6.csv,pack_max_c,BMSmaxPackTemperature,1732216482000000000,1732216483000000000,1732216483000000000
BEV2_2024-11-21_drive6.csv,preconditioning_request,UI_batteryPreconditioningRequest,1732216482000000000,1732216483000000000,1732216483000000000
BEV2_2024-11-21_drive7.csv,soc,SOCave292,1732229251000000000,1732229252000000000,1732229252000000000
BEV2_2024-11-21_drive7.csv,ambient_c,VCRIGHT_tempAmbientRaw,1732229251000000000,1732229252000000000,1732229252000000000
BEV2_2024-11-21_drive7.csv,pack_min_c,BMSminPackTemperature,1732229251000000000,1732229252000000000,1732229252000000000
BEV2_2024-11-21_drive7.csv,pack_max_c,BMSmaxPackTemperature,1732229251000000000,1732229252000000000,1732229252000000000
BEV2_2024-11-21_drive7.csv,preconditioning_request,UI_batteryPreconditioningRequest,1732229251000000000,1732229252000000000,1732229252000000000
BEV2_2024-11-22_drive1.csv,soc,SOCave292,1732255253000000000,1732255254000000000,1732255254000000000
BEV2_2024-11-22_drive1.csv,ambient_c,VCRIGHT_tempAmbientRaw,1732255253000000000,1732255254000000000,1732255254000000000
BEV2_2024-11-22_drive1.csv,pack_min_c,BMSminPackTemperature,1732255253000000000,1732255254000000000,1732255254000000000
BEV2_2024-11-22_drive1.csv,pack_max_c,BMSmaxPackTemperature,1732255253000000000,1732255254000000000,1732255254000000000
BEV2_2024-11-22_drive1.csv,preconditioning_request,UI_batteryPreconditioningRequest,1732255253000000000,1732255254000000000,1732255254000000000
BEV2_2024-11-22_drive2.csv,soc,SOCave292,1732266085000000000,1732266086000000000,1732266086000000000
BEV2_2024-11-22_drive2.csv,ambient_c,VCRIGHT_tempAmbientRaw,1732266085000000000,1732266086000000000,1732266086000000000
BEV2_2024-11-22_drive2.csv,pack_min_c,BMSminPackTemperature,1732266085000000000,1732266086000000000,1732266086000000000
BEV2_2024-11-22_drive2.csv,pack_max_c,BMSmaxPackTemperature,1732266085000000000,1732266086000000000,1732266086000000000
BEV2_2024-11-22_drive2.csv,preconditioning_request,UI_batteryPreconditioningRequest,1732266085000000000,1732266086000000000,1732266086000000000
BEV2_2024-11-22_drive3.csv,soc,SOCave292,1732270258000000000,1732270259000000000,1732270259000000000
BEV2_2024-11-22_drive3.csv,ambient_c,VCRIGHT_tempAmbientRaw,1732270258000000000,1732270259000000000,1732270259000000000
BEV2_2024-11-22_drive3.csv,pack_min_c,BMSminPackTemperature,1732270258000000000,1732270259000000000,1732270259000000000
BEV2_2024-11-22_drive3.csv,pack_max_c,BMSmaxPackTemperature,1732270258000000000,1732270259000000000,1732270259000000000
BEV2_2024-11-23_drive1.csv,soc,SOCave292,1732352074000000000,1732352075000000000,1732352075000000000
BEV2_2024-11-23_drive1.csv,ambient_c,VCRIGHT_tempAmbientRaw,1732352074000000000,1732352075000000000,1732352075000000000
BEV2_2024-11-23_drive1.csv,pack_min_c,BMSminPackTemperature,1732352074000000000,1732352075000000000,1732352075000000000
BEV2_2024-11-23_drive1.csv,pack_max_c,BMSmaxPackTemperature,1732352074000000000,1732352075000000000,1732352075000000000
BEV2_2024-11-23_drive1.csv,preconditioning_request,UI_batteryPreconditioningRequest,1732352074000000000,1732352075000000000,1732352075000000000
BEV2_2024-11-23_drive2.csv,soc,SOCave292,1732375821000000000,1732375822000000000,1732375822000000000
BEV2_2024-11-23_drive2.csv,ambient_c,VCRIGHT_tempAmbientRaw,1732375821000000000,1732375822000000000,1732375822000000000
BEV2_2024-11-23_drive2.csv,pack_min_c,BMSminPackTemperature,1732375821000000000,1732375822000000000,1732375822000000000
BEV2_2024-11-23_drive2.csv,pack_max_c,BMSmaxPackTemperature,1732375821000000000,1732375822000000000,1732375822000000000
BEV2_2024-11-23_drive2.csv,preconditioning_request,UI_batteryPreconditioningRequest,1732375821000000000,1732375822000000000,1732375822000000000
BEV2_2024-11-23_drive3.csv,soc,SOCave292,1732380468000000000,1732380469000000000,1732380469000000000
BEV2_2024-11-23_drive3.csv,ambient_c,VCRIGHT_tempAmbientRaw,1732380468000000000,1732380469000000000,1732380469000000000
BEV2_2024-11-23_drive3.csv,pack_min_c,BMSminPackTemperature,1732380468000000000,1732380469000000000,1732380469000000000
BEV2_2024-11-23_drive3.csv,pack_max_c,BMSmaxPackTemperature,1732380468000000000,1732380469000000000,1732380469000000000
BEV2_2024-11-23_drive3.csv,preconditioning_request,UI_batteryPreconditioningRequest,1732380468000000000,1732380469000000000,1732380469000000000
BEV2_2024-11-24_drive1.csv,soc,SOCave292,1732454729000000000,1732454730000000000,1732454730000000000
BEV2_2024-11-24_drive1.csv,ambient_c,VCRIGHT_tempAmbientRaw,1732454729000000000,1732454730000000000,1732454730000000000
BEV2_2024-11-24_drive1.csv,pack_min_c,BMSminPackTemperature,1732454729000000000,1732454730000000000,1732454730000000000
BEV2_2024-11-24_drive1.csv,pack_max_c,BMSmaxPackTemperature,1732454729000000000,1732454730000000000,1732454730000000000
BEV2_2024-11-24_drive1.csv,preconditioning_request,UI_batteryPreconditioningRequest,1732454729000000000,1732454730000000000,1732454730000000000
BEV2_2024-11-24_drive2.csv,soc,SOCave292,1732469725000000000,1732469726000000000,1732469726000000000
BEV2_2024-11-24_drive2.csv,ambient_c,VCRIGHT_tempAmbientRaw,1732469725000000000,1732469726000000000,1732469726000000000
BEV2_2024-11-24_drive2.csv,pack_min_c,BMSminPackTemperature,1732469725000000000,1732469726000000000,1732469726000000000
BEV2_2024-11-24_drive2.csv,pack_max_c,BMSmaxPackTemperature,1732469725000000000,1732469726000000000,1732469726000000000
BEV2_2024-11-24_drive2.csv,preconditioning_request,UI_batteryPreconditioningRequest,1732469725000000000,1732469726000000000,1732469726000000000
BEV2_2024-11-26_drive1.csv,soc,SOCave292,1732621461000000000,1732621462000000000,1732621462000000000
BEV2_2024-11-26_drive1.csv,ambient_c,VCRIGHT_tempAmbientRaw,1732621461000000000,1732621462000000000,1732621462000000000
BEV2_2024-11-26_drive1.csv,pack_min_c,BMSminPackTemperature,1732621461000000000,1732621462000000000,1732621462000000000
BEV2_2024-11-26_drive1.csv,pack_max_c,BMSmaxPackTemperature,1732621461000000000,1732621462000000000,1732621462000000000
BEV2_2024-11-26_drive1.csv,preconditioning_request,UI_batteryPreconditioningRequest,1732621461000000000,1732621462000000000,1732621462000000000
BEV2_2024-11-26_drive2.csv,soc,SOCave292,1732639214000000000,1732639215000000000,1732639215000000000
BEV2_2024-11-26_drive2.csv,ambient_c,VCRIGHT_tempAmbientRaw,1732639214000000000,1732639215000000000,1732639215000000000
BEV2_2024-11-26_drive2.csv,pack_min_c,BMSminPackTemperature,1732639214000000000,1732639215000000000,1732639215000000000
BEV2_2024-11-26_drive2.csv,pack_max_c,BMSmaxPackTemperature,1732639214000000000,1732639215000000000,1732639215000000000
BEV2_2024-11-26_drive2.csv,preconditioning_request,UI_batteryPreconditioningRequest,1732639214000000000,1732639215000000000,1732639215000000000
BEV2_2024-11-27_drive1.csv,soc,SOCave292,1732692399000000000,1732692400000000000,1732692400000000000
BEV2_2024-11-27_drive1.csv,ambient_c,VCRIGHT_tempAmbientRaw,1732692399000000000,1732692400000000000,1732692400000000000
BEV2_2024-11-27_drive1.csv,pack_min_c,BMSminPackTemperature,1732692399000000000,1732692400000000000,1732692400000000000
BEV2_2024-11-27_drive1.csv,pack_max_c,BMSmaxPackTemperature,1732692399000000000,1732692400000000000,1732692400000000000
BEV2_2024-11-27_drive1.csv,preconditioning_request,UI_batteryPreconditioningRequest,1732692399000000000,1732692400000000000,1732692400000000000
BEV2_2024-11-27_drive2.csv,soc,SOCave292,1732693226000000000,1732693227000000000,1732693227000000000
BEV2_2024-11-27_drive2.csv,ambient_c,VCRIGHT_tempAmbientRaw,1732693226000000000,1732693227000000000,1732693227000000000
BEV2_2024-11-27_drive2.csv,pack_min_c,BMSminPackTemperature,1732693226000000000,1732693227000000000,1732693227000000000
BEV2_2024-11-27_drive2.csv,pack_max_c,BMSmaxPackTemperature,1732693226000000000,1732693227000000000,1732693227000000000
BEV2_2024-11-27_drive2.csv,preconditioning_request,UI_batteryPreconditioningRequest,1732693226000000000,1732693227000000000,1732693227000000000
BEV2_2024-11-27_drive3.csv,soc,SOCave292,1732718342000000000,1732718343000000000,1732718343000000000
BEV2_2024-11-27_drive3.csv,ambient_c,VCRIGHT_tempAmbientRaw,1732718342000000000,1732718343000000000,1732718343000000000
BEV2_2024-11-27_drive3.csv,pack_min_c,BMSminPackTemperature,1732718342000000000,1732718343000000000,1732718343000000000
BEV2_2024-11-27_drive3.csv,pack_max_c,BMSmaxPackTemperature,1732718342000000000,1732718343000000000,1732718343000000000
BEV2_2024-11-27_drive3.csv,preconditioning_request,UI_batteryPreconditioningRequest,1732718342000000000,1732718343000000000,1732718343000000000
BEV2_2024-11-27_drive4.csv,soc,SOCave292,1732727286000000000,1732727287000000000,1732727287000000000
BEV2_2024-11-27_drive4.csv,ambient_c,VCRIGHT_tempAmbientRaw,1732727286000000000,1732727287000000000,1732727287000000000
BEV2_2024-11-27_drive4.csv,pack_min_c,BMSminPackTemperature,1732727286000000000,1732727287000000000,1732727287000000000
BEV2_2024-11-27_drive4.csv,pack_max_c,BMSmaxPackTemperature,1732727286000000000,1732727287000000000,1732727287000000000
BEV2_2024-11-27_drive4.csv,preconditioning_request,UI_batteryPreconditioningRequest,1732727286000000000,1732727287000000000,1732727287000000000
BEV2_2024-11-27_drive5.csv,soc,SOCave292,1732736889000000000,1732736890000000000,1732736890000000000
BEV2_2024-11-27_drive5.csv,ambient_c,VCRIGHT_tempAmbientRaw,1732736889000000000,1732736890000000000,1732736890000000000
BEV2_2024-11-27_drive5.csv,pack_min_c,BMSminPackTemperature,1732736889000000000,1732736890000000000,1732736890000000000
BEV2_2024-11-27_drive5.csv,pack_max_c,BMSmaxPackTemperature,1732736889000000000,1732736890000000000,1732736890000000000
BEV2_2024-11-27_drive5.csv,preconditioning_request,UI_batteryPreconditioningRequest,1732736889000000000,1732736890000000000,1732736890000000000
BEV2_2024-11-28_drive1.csv,soc,SOCave292,1732776500000000000,1732776501000000000,1732776501000000000
BEV2_2024-11-28_drive1.csv,ambient_c,VCRIGHT_tempAmbientRaw,1732776500000000000,1732776501000000000,1732776501000000000
BEV2_2024-11-28_drive1.csv,pack_min_c,BMSminPackTemperature,1732776500000000000,1732776501000000000,1732776501000000000
BEV2_2024-11-28_drive1.csv,pack_max_c,BMSmaxPackTemperature,1732776500000000000,1732776501000000000,1732776501000000000
BEV2_2024-11-28_drive1.csv,preconditioning_request,UI_batteryPreconditioningRequest,1732776500000000000,1732776501000000000,1732776501000000000
BEV2_2024-11-28_drive2.csv,soc,SOCave292,1732791448000000000,1732791449000000000,1732791449000000000
BEV2_2024-11-28_drive2.csv,ambient_c,VCRIGHT_tempAmbientRaw,1732791448000000000,1732791449000000000,1732791449000000000
BEV2_2024-11-28_drive2.csv,pack_min_c,BMSminPackTemperature,1732791448000000000,1732791449000000000,1732791449000000000
BEV2_2024-11-28_drive2.csv,pack_max_c,BMSmaxPackTemperature,1732791448000000000,1732791449000000000,1732791449000000000
BEV2_2024-11-28_drive3.csv,soc,SOCave292,1732807411000000000,1732807412000000000,1732807412000000000
BEV2_2024-11-28_drive3.csv,ambient_c,VCRIGHT_tempAmbientRaw,1732807411000000000,1732807412000000000,1732807412000000000
BEV2_2024-11-28_drive3.csv,pack_min_c,BMSminPackTemperature,1732807411000000000,1732807412000000000,1732807412000000000
BEV2_2024-11-28_drive3.csv,pack_max_c,BMSmaxPackTemperature,1732807411000000000,1732807412000000000,1732807412000000000
BEV2_2024-11-28_drive3.csv,preconditioning_request,UI_batteryPreconditioningRequest,1732807411000000000,1732807412000000000,1732807412000000000
BEV2_2024-11-28_drive4.csv,soc,SOCave292,1732814248000000000,1732814249000000000,1732814249000000000
BEV2_2024-11-28_drive4.csv,ambient_c,VCRIGHT_tempAmbientRaw,1732814248000000000,1732814249000000000,1732814249000000000
BEV2_2024-11-28_drive4.csv,pack_min_c,BMSminPackTemperature,1732814248000000000,1732814249000000000,1732814249000000000
BEV2_2024-11-28_drive4.csv,pack_max_c,BMSmaxPackTemperature,1732814248000000000,1732814249000000000,1732814249000000000
BEV2_2024-11-28_drive4.csv,preconditioning_request,UI_batteryPreconditioningRequest,1732814248000000000,1732814249000000000,1732814249000000000
BEV2_2024-11-29_drive1.csv,soc,SOCave292,1732864050000000000,1732864051000000000,1732864051000000000
BEV2_2024-11-29_drive1.csv,ambient_c,VCRIGHT_tempAmbientRaw,1732864050000000000,1732864051000000000,1732864051000000000
BEV2_2024-11-29_drive1.csv,pack_min_c,BMSminPackTemperature,1732864050000000000,1732864051000000000,1732864051000000000
BEV2_2024-11-29_drive1.csv,pack_max_c,BMSmaxPackTemperature,1732864050000000000,1732864051000000000,1732864051000000000
BEV2_2024-11-29_drive1.csv,preconditioning_request,UI_batteryPreconditioningRequest,1732864050000000000,1732864051000000000,1732864051000000000
BEV2_2024-11-29_drive2.csv,soc,SOCave292,1732883120000000000,1732883121000000000,1732883121000000000
BEV2_2024-11-29_drive2.csv,ambient_c,VCRIGHT_tempAmbientRaw,1732883120000000000,1732883121000000000,1732883121000000000
BEV2_2024-11-29_drive2.csv,pack_min_c,BMSminPackTemperature,1732883120000000000,1732883121000000000,1732883121000000000
BEV2_2024-11-29_drive2.csv,pack_max_c,BMSmaxPackTemperature,1732883120000000000,1732883121000000000,1732883121000000000
BEV2_2024-11-29_drive2.csv,preconditioning_request,UI_batteryPreconditioningRequest,1732883120000000000,1732883121000000000,1732883121000000000
BEV2_2024-11-29_drive3.csv,soc,SOCave292,1732904647000000000,1732904648000000000,1732904648000000000
BEV2_2024-11-29_drive3.csv,ambient_c,VCRIGHT_tempAmbientRaw,1732904647000000000,1732904648000000000,1732904648000000000
BEV2_2024-11-29_drive3.csv,pack_min_c,BMSminPackTemperature,1732904647000000000,1732904648000000000,1732904648000000000
BEV2_2024-11-29_drive3.csv,pack_max_c,BMSmaxPackTemperature,1732904647000000000,1732904648000000000,1732904648000000000
BEV2_2024-11-29_drive3.csv,preconditioning_request,UI_batteryPreconditioningRequest,1732904647000000000,1732904648000000000,1732904648000000000
BEV2_2024-11-29_drive4.csv,soc,SOCave292,1732911642000000000,1732911643000000000,1732911643000000000
BEV2_2024-11-29_drive4.csv,ambient_c,VCRIGHT_tempAmbientRaw,1732911642000000000,1732911643000000000,1732911643000000000
BEV2_2024-11-29_drive4.csv,pack_min_c,BMSminPackTemperature,1732911642000000000,1732911643000000000,1732911643000000000
BEV2_2024-11-29_drive4.csv,pack_max_c,BMSmaxPackTemperature,1732911642000000000,1732911643000000000,1732911643000000000
BEV2_2024-11-29_drive5.csv,soc,SOCave292,1732912604000000000,1732912605000000000,1732912605000000000
BEV2_2024-11-29_drive5.csv,ambient_c,VCRIGHT_tempAmbientRaw,1732912604000000000,1732912605000000000,1732912605000000000
BEV2_2024-11-29_drive5.csv,pack_min_c,BMSminPackTemperature,1732912604000000000,1732912605000000000,1732912605000000000
BEV2_2024-11-29_drive5.csv,pack_max_c,BMSmaxPackTemperature,1732912604000000000,1732912605000000000,1732912605000000000
BEV2_2024-11-29_drive5.csv,preconditioning_request,UI_batteryPreconditioningRequest,1732912604000000000,1732912605000000000,1732912605000000000
BEV2_2024-11-30_drive1.csv,soc,SOCave292,1732958977000000000,1732958978000000000,1732958978000000000
BEV2_2024-11-30_drive1.csv,ambient_c,VCRIGHT_tempAmbientRaw,1732958977000000000,1732958978000000000,1732958978000000000
BEV2_2024-11-30_drive1.csv,pack_min_c,BMSminPackTemperature,1732958977000000000,1732958978000000000,1732958978000000000
BEV2_2024-11-30_drive1.csv,pack_max_c,BMSmaxPackTemperature,1732958977000000000,1732958978000000000,1732958978000000000
BEV2_2024-11-30_drive1.csv,preconditioning_request,UI_batteryPreconditioningRequest,1732958977000000000,1732958978000000000,1732958978000000000
BEV2_2024-11-30_drive2.csv,soc,SOCave292,1732965682000000000,1732965683000000000,1732965683000000000
BEV2_2024-11-30_drive2.csv,ambient_c,VCRIGHT_tempAmbientRaw,1732965682000000000,1732965683000000000,1732965683000000000
BEV2_2024-11-30_drive2.csv,pack_min_c,BMSminPackTemperature,1732965682000000000,1732965683000000000,1732965683000000000
BEV2_2024-11-30_drive2.csv,pack_max_c,BMSmaxPackTemperature,1732965682000000000,1732965683000000000,1732965683000000000
BEV2_2024-11-30_drive2.csv,preconditioning_request,UI_batteryPreconditioningRequest,1732965682000000000,1732965683000000000,1732965683000000000
BEV2_2024-11-30_drive3.csv,soc,SOCave292,1732974668000000000,1732974669000000000,1732974669000000000
BEV2_2024-11-30_drive3.csv,ambient_c,VCRIGHT_tempAmbientRaw,1732974668000000000,1732974669000000000,1732974669000000000
BEV2_2024-11-30_drive3.csv,pack_min_c,BMSminPackTemperature,1732974668000000000,1732974669000000000,1732974669000000000
BEV2_2024-11-30_drive3.csv,pack_max_c,BMSmaxPackTemperature,1732974668000000000,1732974669000000000,1732974669000000000
BEV2_2024-11-30_drive3.csv,preconditioning_request,UI_batteryPreconditioningRequest,1732974668000000000,1732974669000000000,1732974669000000000
BEV2_2024-11-30_drive4.csv,soc,SOCave292,1732975334000000000,1732975335000000000,1732975335000000000
BEV2_2024-11-30_drive4.csv,ambient_c,VCRIGHT_tempAmbientRaw,1732975334000000000,1732975335000000000,1732975335000000000
BEV2_2024-11-30_drive4.csv,pack_min_c,BMSminPackTemperature,1732975334000000000,1732975335000000000,1732975335000000000
BEV2_2024-11-30_drive4.csv,pack_max_c,BMSmaxPackTemperature,1732975334000000000,1732975335000000000,1732975335000000000
BEV2_2024-11-30_drive4.csv,preconditioning_request,UI_batteryPreconditioningRequest,1732975334000000000,1732975335000000000,1732975335000000000
BEV2_2024-11-30_drive5.csv,soc,SOCave292,1732982405000000000,1732982406000000000,1732982406000000000
BEV2_2024-11-30_drive5.csv,ambient_c,VCRIGHT_tempAmbientRaw,1732982405000000000,1732982406000000000,1732982406000000000
BEV2_2024-11-30_drive5.csv,pack_min_c,BMSminPackTemperature,1732982405000000000,1732982406000000000,1732982406000000000
BEV2_2024-11-30_drive5.csv,pack_max_c,BMSmaxPackTemperature,1732982405000000000,1732982406000000000,1732982406000000000
BEV2_2024-11-30_drive5.csv,preconditioning_request,UI_batteryPreconditioningRequest,1732982405000000000,1732982406000000000,1732982406000000000
BEV2_2024-11-30_drive6.csv,soc,SOCave292,1732984473000000000,1732984474000000000,1732984474000000000
BEV2_2024-11-30_drive6.csv,ambient_c,VCRIGHT_tempAmbientRaw,1732984473000000000,1732984474000000000,1732984474000000000
BEV2_2024-11-30_drive6.csv,pack_min_c,BMSminPackTemperature,1732984473000000000,1732984474000000000,1732984474000000000
BEV2_2024-11-30_drive6.csv,pack_max_c,BMSmaxPackTemperature,1732984473000000000,1732984474000000000,1732984474000000000
BEV2_2024-11-30_drive6.csv,preconditioning_request,UI_batteryPreconditioningRequest,1732984473000000000,1732984474000000000,1732984474000000000
BEV2_2024-11-30_drive7.csv,soc,SOCave292,1732987797000000000,1732987798000000000,1732987798000000000
BEV2_2024-11-30_drive7.csv,ambient_c,VCRIGHT_tempAmbientRaw,1732987797000000000,1732987798000000000,1732987798000000000
BEV2_2024-11-30_drive7.csv,pack_min_c,BMSminPackTemperature,1732987797000000000,1732987798000000000,1732987798000000000
BEV2_2024-11-30_drive7.csv,pack_max_c,BMSmaxPackTemperature,1732987797000000000,1732987798000000000,1732987798000000000
BEV2_2024-11-30_drive7.csv,preconditioning_request,UI_batteryPreconditioningRequest,1732987797000000000,1732987798000000000,1732987798000000000
BEV2_2024-12-01_drive1.csv,soc,SOCave292,1733042058000000000,1733042059000000000,1733042059000000000
BEV2_2024-12-01_drive1.csv,ambient_c,VCRIGHT_tempAmbientRaw,1733042058000000000,1733042059000000000,1733042059000000000
BEV2_2024-12-01_drive1.csv,pack_min_c,BMSminPackTemperature,1733042058000000000,1733042059000000000,1733042059000000000
BEV2_2024-12-01_drive1.csv,pack_max_c,BMSmaxPackTemperature,1733042058000000000,1733042059000000000,1733042059000000000
BEV2_2024-12-01_drive1.csv,preconditioning_request,UI_batteryPreconditioningRequest,1733042058000000000,1733042059000000000,1733042059000000000
BEV2_2024-12-01_drive2.csv,soc,SOCave292,1733042994000000000,1733042995000000000,1733042995000000000
BEV2_2024-12-01_drive2.csv,ambient_c,VCRIGHT_tempAmbientRaw,1733042994000000000,1733042995000000000,1733042995000000000
BEV2_2024-12-01_drive2.csv,pack_min_c,BMSminPackTemperature,1733042994000000000,1733042995000000000,1733042995000000000
BEV2_2024-12-01_drive2.csv,pack_max_c,BMSmaxPackTemperature,1733042994000000000,1733042995000000000,1733042995000000000
BEV2_2024-12-01_drive3.csv,soc,SOCave292,1733044885000000000,1733044886000000000,1733044886000000000
BEV2_2024-12-01_drive3.csv,ambient_c,VCRIGHT_tempAmbientRaw,1733044885000000000,1733044886000000000,1733044886000000000
BEV2_2024-12-01_drive3.csv,pack_min_c,BMSminPackTemperature,1733044885000000000,1733044886000000000,1733044886000000000
BEV2_2024-12-01_drive3.csv,pack_max_c,BMSmaxPackTemperature,1733044885000000000,1733044886000000000,1733044886000000000
BEV2_2024-12-01_drive3.csv,preconditioning_request,UI_batteryPreconditioningRequest,1733044885000000000,1733044886000000000,1733044886000000000
BEV2_2024-12-01_drive4.csv,soc,SOCave292,1733048239000000000,1733048240000000000,1733048240000000000
BEV2_2024-12-01_drive4.csv,ambient_c,VCRIGHT_tempAmbientRaw,1733048239000000000,1733048240000000000,1733048240000000000
BEV2_2024-12-01_drive4.csv,pack_min_c,BMSminPackTemperature,1733048239000000000,1733048240000000000,1733048240000000000
BEV2_2024-12-01_drive4.csv,pack_max_c,BMSmaxPackTemperature,1733048239000000000,1733048240000000000,1733048240000000000
BEV2_2024-12-01_drive4.csv,preconditioning_request,UI_batteryPreconditioningRequest,1733048239000000000,1733048240000000000,1733048240000000000
BEV2_2024-12-01_drive5.csv,soc,SOCave292,1733052782000000000,1733052783000000000,1733052783000000000
BEV2_2024-12-01_drive5.csv,ambient_c,VCRIGHT_tempAmbientRaw,1733052782000000000,1733052783000000000,1733052783000000000
BEV2_2024-12-01_drive5.csv,pack_min_c,BMSminPackTemperature,1733052782000000000,1733052783000000000,1733052783000000000
BEV2_2024-12-01_drive5.csv,pack_max_c,BMSmaxPackTemperature,1733052782000000000,1733052783000000000,1733052783000000000
BEV2_2024-12-01_drive5.csv,preconditioning_request,UI_batteryPreconditioningRequest,1733052782000000000,1733052783000000000,1733052783000000000
BEV2_2024-12-01_drive6.csv,soc,SOCave292,1733063518000000000,1733063519000000000,1733063519000000000
BEV2_2024-12-01_drive6.csv,ambient_c,VCRIGHT_tempAmbientRaw,1733063518000000000,1733063519000000000,1733063519000000000
BEV2_2024-12-01_drive6.csv,pack_min_c,BMSminPackTemperature,1733063518000000000,1733063519000000000,1733063519000000000
BEV2_2024-12-01_drive6.csv,pack_max_c,BMSmaxPackTemperature,1733063518000000000,1733063519000000000,1733063519000000000
BEV2_2024-12-01_drive6.csv,preconditioning_request,UI_batteryPreconditioningRequest,1733063518000000000,1733063519000000000,1733063519000000000
BEV2_2024-12-01_drive7.csv,soc,SOCave292,1733079679000000000,1733079680000000000,1733079680000000000
BEV2_2024-12-01_drive7.csv,ambient_c,VCRIGHT_tempAmbientRaw,1733079679000000000,1733079680000000000,1733079680000000000
BEV2_2024-12-01_drive7.csv,pack_min_c,BMSminPackTemperature,1733079679000000000,1733079680000000000,1733079680000000000
BEV2_2024-12-01_drive7.csv,pack_max_c,BMSmaxPackTemperature,1733079679000000000,1733079680000000000,1733079680000000000
BEV2_2024-12-01_drive7.csv,preconditioning_request,UI_batteryPreconditioningRequest,1733079679000000000,1733079680000000000,1733079680000000000
BEV2_2024-12-01_drive8.csv,soc,SOCave292,1733080981000000000,1733080982000000000,1733080982000000000
BEV2_2024-12-01_drive8.csv,ambient_c,VCRIGHT_tempAmbientRaw,1733080981000000000,1733080982000000000,1733080982000000000
BEV2_2024-12-01_drive8.csv,pack_min_c,BMSminPackTemperature,1733080981000000000,1733080982000000000,1733080982000000000
BEV2_2024-12-01_drive8.csv,pack_max_c,BMSmaxPackTemperature,1733080981000000000,1733080982000000000,1733080982000000000
BEV2_2024-12-01_drive8.csv,preconditioning_request,UI_batteryPreconditioningRequest,1733080981000000000,1733080982000000000,1733080982000000000
BEV2_2024-12-08_drive1.csv,soc,SOCave292,1733650583000000000,1733650584000000000,1733650584000000000
BEV2_2024-12-08_drive1.csv,ambient_c,VCRIGHT_tempAmbientRaw,1733650583000000000,1733650584000000000,1733650584000000000
BEV2_2024-12-08_drive1.csv,pack_min_c,BMSminPackTemperature,1733650583000000000,1733650584000000000,1733650584000000000
BEV2_2024-12-08_drive1.csv,pack_max_c,BMSmaxPackTemperature,1733650583000000000,1733650584000000000,1733650584000000000
BEV2_2024-12-08_drive1.csv,preconditioning_request,UI_batteryPreconditioningRequest,1733650583000000000,1733650584000000000,1733650584000000000
BEV2_2024-12-08_drive2.csv,soc,SOCave292,1733653081000000000,1733653082000000000,1733653082000000000
BEV2_2024-12-08_drive2.csv,ambient_c,VCRIGHT_tempAmbientRaw,1733653081000000000,1733653082000000000,1733653082000000000
BEV2_2024-12-08_drive2.csv,pack_min_c,BMSminPackTemperature,1733653081000000000,1733653082000000000,1733653082000000000
BEV2_2024-12-08_drive2.csv,pack_max_c,BMSmaxPackTemperature,1733653081000000000,1733653082000000000,1733653082000000000
BEV2_2024-12-08_drive2.csv,preconditioning_request,UI_batteryPreconditioningRequest,1733653081000000000,1733653082000000000,1733653082000000000
BEV2_2024-12-08_drive3.csv,soc,SOCave292,1733656987000000000,1733656988000000000,1733656988000000000
BEV2_2024-12-08_drive3.csv,ambient_c,VCRIGHT_tempAmbientRaw,1733656987000000000,1733656988000000000,1733656988000000000
BEV2_2024-12-08_drive3.csv,pack_min_c,BMSminPackTemperature,1733656987000000000,1733656988000000000,1733656988000000000
BEV2_2024-12-08_drive3.csv,pack_max_c,BMSmaxPackTemperature,1733656987000000000,1733656988000000000,1733656988000000000
BEV2_2024-12-08_drive3.csv,preconditioning_request,UI_batteryPreconditioningRequest,1733656987000000000,1733656988000000000,1733656988000000000
BEV2_2024-12-08_drive4.csv,soc,SOCave292,1733664639000000000,1733664640000000000,1733664640000000000
BEV2_2024-12-08_drive4.csv,ambient_c,VCRIGHT_tempAmbientRaw,1733664639000000000,1733664640000000000,1733664640000000000
BEV2_2024-12-08_drive4.csv,pack_min_c,BMSminPackTemperature,1733664639000000000,1733664640000000000,1733664640000000000
BEV2_2024-12-08_drive4.csv,pack_max_c,BMSmaxPackTemperature,1733664639000000000,1733664640000000000,1733664640000000000
BEV2_2024-12-08_drive4.csv,preconditioning_request,UI_batteryPreconditioningRequest,1733664639000000000,1733664640000000000,1733664640000000000
BEV2_2024-12-08_drive5.csv,soc,SOCave292,1733669404000000000,1733669405000000000,1733669405000000000
BEV2_2024-12-08_drive5.csv,ambient_c,VCRIGHT_tempAmbientRaw,1733669404000000000,1733669405000000000,1733669405000000000
BEV2_2024-12-08_drive5.csv,pack_min_c,BMSminPackTemperature,1733669404000000000,1733669405000000000,1733669405000000000
BEV2_2024-12-08_drive5.csv,pack_max_c,BMSmaxPackTemperature,1733669404000000000,1733669405000000000,1733669405000000000
BEV2_2024-12-08_drive5.csv,preconditioning_request,UI_batteryPreconditioningRequest,1733669404000000000,1733669405000000000,1733669405000000000
BEV2_2024-12-08_drive6.csv,soc,SOCave292,1733674033000000000,1733674034000000000,1733674034000000000
BEV2_2024-12-08_drive6.csv,ambient_c,VCRIGHT_tempAmbientRaw,1733674033000000000,1733674034000000000,1733674034000000000
BEV2_2024-12-08_drive6.csv,pack_min_c,BMSminPackTemperature,1733674033000000000,1733674034000000000,1733674034000000000
BEV2_2024-12-08_drive6.csv,pack_max_c,BMSmaxPackTemperature,1733674033000000000,1733674034000000000,1733674034000000000
BEV2_2024-12-08_drive6.csv,preconditioning_request,UI_batteryPreconditioningRequest,1733674032000000000,1733674033000000000,1733674034000000000
BEV2_2024-12-09_drive1.csv,soc,SOCave292,1733726706000000000,1733726707000000000,1733726707000000000
BEV2_2024-12-09_drive1.csv,ambient_c,VCRIGHT_tempAmbientRaw,1733726706000000000,1733726707000000000,1733726707000000000
BEV2_2024-12-09_drive1.csv,pack_min_c,BMSminPackTemperature,1733726706000000000,1733726707000000000,1733726707000000000
BEV2_2024-12-09_drive1.csv,pack_max_c,BMSmaxPackTemperature,1733726706000000000,1733726707000000000,1733726707000000000
BEV2_2024-12-09_drive1.csv,preconditioning_request,UI_batteryPreconditioningRequest,1733726706000000000,1733726707000000000,1733726707000000000
BEV2_2024-12-09_drive2.csv,soc,SOCave292,1733741584000000000,1733741585000000000,1733741585000000000
BEV2_2024-12-09_drive2.csv,ambient_c,VCRIGHT_tempAmbientRaw,1733741584000000000,1733741585000000000,1733741585000000000
BEV2_2024-12-09_drive2.csv,pack_min_c,BMSminPackTemperature,1733741584000000000,1733741585000000000,1733741585000000000
BEV2_2024-12-09_drive2.csv,pack_max_c,BMSmaxPackTemperature,1733741584000000000,1733741585000000000,1733741585000000000
BEV2_2024-12-09_drive3.csv,soc,SOCave292,1733746011000000000,1733746012000000000,1733746012000000000
BEV2_2024-12-09_drive3.csv,ambient_c,VCRIGHT_tempAmbientRaw,1733746011000000000,1733746012000000000,1733746012000000000
BEV2_2024-12-09_drive3.csv,pack_min_c,BMSminPackTemperature,1733746011000000000,1733746012000000000,1733746012000000000
BEV2_2024-12-09_drive3.csv,pack_max_c,BMSmaxPackTemperature,1733746011000000000,1733746012000000000,1733746012000000000
BEV2_2024-12-09_drive3.csv,preconditioning_request,UI_batteryPreconditioningRequest,1733746011000000000,1733746012000000000,1733746012000000000
BEV2_2024-12-09_drive4.csv,soc,SOCave292,1733761910000000000,1733761911000000000,1733761911000000000
BEV2_2024-12-09_drive4.csv,ambient_c,VCRIGHT_tempAmbientRaw,1733761910000000000,1733761911000000000,1733761911000000000
BEV2_2024-12-09_drive4.csv,pack_min_c,BMSminPackTemperature,1733761910000000000,1733761911000000000,1733761911000000000
BEV2_2024-12-09_drive4.csv,pack_max_c,BMSmaxPackTemperature,1733761910000000000,1733761911000000000,1733761911000000000
BEV2_2024-12-09_drive5.csv,soc,SOCave292,1733776395000000000,1733776396000000000,1733776396000000000
BEV2_2024-12-09_drive5.csv,ambient_c,VCRIGHT_tempAmbientRaw,1733776395000000000,1733776396000000000,1733776396000000000
BEV2_2024-12-09_drive5.csv,pack_min_c,BMSminPackTemperature,1733776395000000000,1733776396000000000,1733776396000000000
BEV2_2024-12-09_drive5.csv,pack_max_c,BMSmaxPackTemperature,1733776395000000000,1733776396000000000,1733776396000000000
BEV2_2024-12-09_drive5.csv,preconditioning_request,UI_batteryPreconditioningRequest,1733776395000000000,1733776396000000000,1733776396000000000
BEV2_2024-12-09_drive6.csv,soc,SOCave292,1733778194000000000,1733778195000000000,1733778195000000000
BEV2_2024-12-09_drive6.csv,ambient_c,VCRIGHT_tempAmbientRaw,1733778194000000000,1733778195000000000,1733778195000000000
BEV2_2024-12-09_drive6.csv,pack_min_c,BMSminPackTemperature,1733778194000000000,1733778195000000000,1733778195000000000
BEV2_2024-12-09_drive6.csv,pack_max_c,BMSmaxPackTemperature,1733778194000000000,1733778195000000000,1733778195000000000
BEV2_2024-12-09_drive6.csv,preconditioning_request,UI_batteryPreconditioningRequest,1733778194000000000,1733778195000000000,1733778195000000000
BEV2_2024-12-10_drive1.csv,soc,SOCave292,1733813079000000000,1733813080000000000,1733813080000000000
BEV2_2024-12-10_drive1.csv,ambient_c,VCRIGHT_tempAmbientRaw,1733813079000000000,1733813080000000000,1733813080000000000
BEV2_2024-12-10_drive1.csv,pack_min_c,BMSminPackTemperature,1733813079000000000,1733813080000000000,1733813080000000000
BEV2_2024-12-10_drive1.csv,pack_max_c,BMSmaxPackTemperature,1733813079000000000,1733813080000000000,1733813080000000000
BEV2_2024-12-10_drive1.csv,preconditioning_request,UI_batteryPreconditioningRequest,1733813079000000000,1733813080000000000,1733813080000000000
BEV2_2024-12-10_drive2.csv,soc,SOCave292,1733851503000000000,1733851504000000000,1733851504000000000
BEV2_2024-12-10_drive2.csv,ambient_c,VCRIGHT_tempAmbientRaw,1733851503000000000,1733851504000000000,1733851504000000000
BEV2_2024-12-10_drive2.csv,pack_min_c,BMSminPackTemperature,1733851503000000000,1733851504000000000,1733851504000000000
BEV2_2024-12-10_drive2.csv,pack_max_c,BMSmaxPackTemperature,1733851503000000000,1733851504000000000,1733851504000000000
BEV2_2024-12-10_drive2.csv,preconditioning_request,UI_batteryPreconditioningRequest,1733851503000000000,1733851504000000000,1733851504000000000
BEV2_2024-12-10_drive3.csv,soc,SOCave292,1733852412000000000,1733852413000000000,1733852413000000000
BEV2_2024-12-10_drive3.csv,ambient_c,VCRIGHT_tempAmbientRaw,1733852412000000000,1733852413000000000,1733852413000000000
BEV2_2024-12-10_drive3.csv,pack_min_c,BMSminPackTemperature,1733852412000000000,1733852413000000000,1733852413000000000
BEV2_2024-12-10_drive3.csv,pack_max_c,BMSmaxPackTemperature,1733852412000000000,1733852413000000000,1733852413000000000
BEV2_2024-12-10_drive3.csv,preconditioning_request,UI_batteryPreconditioningRequest,1733852412000000000,1733852413000000000,1733852413000000000
BEV2_2024-12-11_drive1.csv,soc,SOCave292,1733900032000000000,1733900033000000000,1733900033000000000
BEV2_2024-12-11_drive1.csv,ambient_c,VCRIGHT_tempAmbientRaw,1733900032000000000,1733900033000000000,1733900033000000000
BEV2_2024-12-11_drive1.csv,pack_min_c,BMSminPackTemperature,1733900032000000000,1733900033000000000,1733900033000000000
BEV2_2024-12-11_drive1.csv,pack_max_c,BMSmaxPackTemperature,1733900032000000000,1733900033000000000,1733900033000000000
BEV2_2024-12-11_drive1.csv,preconditioning_request,UI_batteryPreconditioningRequest,1733900032000000000,1733900033000000000,1733900033000000000
BEV2_2024-12-11_drive2.csv,soc,SOCave292,1733936540000000000,1733936541000000000,1733936541000000000
BEV2_2024-12-11_drive2.csv,ambient_c,VCRIGHT_tempAmbientRaw,1733936540000000000,1733936541000000000,1733936541000000000
BEV2_2024-12-11_drive2.csv,pack_min_c,BMSminPackTemperature,1733936540000000000,1733936541000000000,1733936541000000000
BEV2_2024-12-11_drive2.csv,pack_max_c,BMSmaxPackTemperature,1733936540000000000,1733936541000000000,1733936541000000000
BEV2_2024-12-12_drive1.csv,soc,SOCave292,1733985836000000000,1733985837000000000,1733985837000000000
BEV2_2024-12-12_drive1.csv,ambient_c,VCRIGHT_tempAmbientRaw,1733985836000000000,1733985837000000000,1733985837000000000
BEV2_2024-12-12_drive1.csv,pack_min_c,BMSminPackTemperature,1733985836000000000,1733985837000000000,1733985837000000000
BEV2_2024-12-12_drive1.csv,pack_max_c,BMSmaxPackTemperature,1733985836000000000,1733985837000000000,1733985837000000000
BEV2_2024-12-12_drive1.csv,preconditioning_request,UI_batteryPreconditioningRequest,1733985836000000000,1733985837000000000,1733985837000000000
BEV2_2024-12-12_drive2.csv,soc,SOCave292,1734001313000000000,1734001314000000000,1734001314000000000
BEV2_2024-12-12_drive2.csv,ambient_c,VCRIGHT_tempAmbientRaw,1734001313000000000,1734001314000000000,1734001314000000000
BEV2_2024-12-12_drive2.csv,pack_min_c,BMSminPackTemperature,1734001313000000000,1734001314000000000,1734001314000000000
BEV2_2024-12-12_drive2.csv,pack_max_c,BMSmaxPackTemperature,1734001313000000000,1734001314000000000,1734001314000000000
BEV2_2024-12-12_drive2.csv,preconditioning_request,UI_batteryPreconditioningRequest,1734001313000000000,1734001314000000000,1734001314000000000
BEV2_2024-12-12_drive3.csv,soc,SOCave292,1734017270000000000,1734017271000000000,1734017271000000000
BEV2_2024-12-12_drive3.csv,ambient_c,VCRIGHT_tempAmbientRaw,1734017270000000000,1734017271000000000,1734017271000000000
BEV2_2024-12-12_drive3.csv,pack_min_c,BMSminPackTemperature,1734017270000000000,1734017271000000000,1734017271000000000
BEV2_2024-12-12_drive3.csv,pack_max_c,BMSmaxPackTemperature,1734017270000000000,1734017271000000000,1734017271000000000
BEV2_2024-12-12_drive3.csv,preconditioning_request,UI_batteryPreconditioningRequest,1734017270000000000,1734017271000000000,1734017271000000000
BEV2_2024-12-13_drive1.csv,soc,SOCave292,1734072426000000000,1734072427000000000,1734072427000000000
BEV2_2024-12-13_drive1.csv,ambient_c,VCRIGHT_tempAmbientRaw,1734072426000000000,1734072427000000000,1734072427000000000
BEV2_2024-12-13_drive1.csv,pack_min_c,BMSminPackTemperature,1734072426000000000,1734072427000000000,1734072427000000000
BEV2_2024-12-13_drive1.csv,pack_max_c,BMSmaxPackTemperature,1734072426000000000,1734072427000000000,1734072427000000000
BEV2_2024-12-13_drive1.csv,preconditioning_request,UI_batteryPreconditioningRequest,1734072426000000000,1734072427000000000,1734072427000000000
BEV2_2024-12-13_drive2.csv,soc,SOCave292,1734110884000000000,1734110885000000000,1734110885000000000
BEV2_2024-12-13_drive2.csv,ambient_c,VCRIGHT_tempAmbientRaw,1734110884000000000,1734110885000000000,1734110885000000000
BEV2_2024-12-13_drive2.csv,pack_min_c,BMSminPackTemperature,1734110884000000000,1734110885000000000,1734110885000000000
BEV2_2024-12-13_drive2.csv,pack_max_c,BMSmaxPackTemperature,1734110884000000000,1734110885000000000,1734110885000000000
BEV2_2024-12-13_drive2.csv,preconditioning_request,UI_batteryPreconditioningRequest,1734110884000000000,1734110885000000000,1734110885000000000
BEV2_2024-12-13_drive4.csv,soc,SOCave292,1734127129000000000,1734127130000000000,1734127130000000000
BEV2_2024-12-13_drive4.csv,ambient_c,VCRIGHT_tempAmbientRaw,1734127129000000000,1734127130000000000,1734127130000000000
BEV2_2024-12-13_drive4.csv,pack_min_c,BMSminPackTemperature,1734127129000000000,1734127130000000000,1734127130000000000
BEV2_2024-12-13_drive4.csv,pack_max_c,BMSmaxPackTemperature,1734127129000000000,1734127130000000000,1734127130000000000
BEV2_2024-12-13_drive4.csv,preconditioning_request,UI_batteryPreconditioningRequest,1734127129000000000,1734127130000000000,1734127130000000000
BEV2_2024-12-14_drive1.csv,soc,SOCave292,1734167208000000000,1734167209000000000,1734167209000000000
BEV2_2024-12-14_drive1.csv,ambient_c,VCRIGHT_tempAmbientRaw,1734167208000000000,1734167209000000000,1734167209000000000
BEV2_2024-12-14_drive1.csv,pack_min_c,BMSminPackTemperature,1734167208000000000,1734167209000000000,1734167209000000000
BEV2_2024-12-14_drive1.csv,pack_max_c,BMSmaxPackTemperature,1734167208000000000,1734167209000000000,1734167209000000000
BEV2_2024-12-14_drive1.csv,preconditioning_request,UI_batteryPreconditioningRequest,1734167208000000000,1734167209000000000,1734167209000000000
BEV2_2024-12-14_drive2.csv,soc,SOCave292,1734178449000000000,1734178450000000000,1734178450000000000
BEV2_2024-12-14_drive2.csv,ambient_c,VCRIGHT_tempAmbientRaw,1734178449000000000,1734178450000000000,1734178450000000000
BEV2_2024-12-14_drive2.csv,pack_min_c,BMSminPackTemperature,1734178449000000000,1734178450000000000,1734178450000000000
BEV2_2024-12-14_drive2.csv,pack_max_c,BMSmaxPackTemperature,1734178449000000000,1734178450000000000,1734178450000000000
BEV2_2024-12-14_drive2.csv,preconditioning_request,UI_batteryPreconditioningRequest,1734178449000000000,1734178450000000000,1734178450000000000
BEV2_2024-12-14_drive3.csv,soc,SOCave292,1734184575000000000,1734184576000000000,1734184576000000000
BEV2_2024-12-14_drive3.csv,ambient_c,VCRIGHT_tempAmbientRaw,1734184575000000000,1734184576000000000,1734184576000000000
BEV2_2024-12-14_drive3.csv,pack_min_c,BMSminPackTemperature,1734184575000000000,1734184576000000000,1734184576000000000
BEV2_2024-12-14_drive3.csv,pack_max_c,BMSmaxPackTemperature,1734184575000000000,1734184576000000000,1734184576000000000
BEV2_2024-12-14_drive3.csv,preconditioning_request,UI_batteryPreconditioningRequest,1734184575000000000,1734184576000000000,1734184576000000000
BEV2_2024-12-14_drive4.csv,soc,SOCave292,1734194629000000000,1734194630000000000,1734194630000000000
BEV2_2024-12-14_drive4.csv,ambient_c,VCRIGHT_tempAmbientRaw,1734194629000000000,1734194630000000000,1734194630000000000
BEV2_2024-12-14_drive4.csv,pack_min_c,BMSminPackTemperature,1734194629000000000,1734194630000000000,1734194630000000000
BEV2_2024-12-14_drive4.csv,pack_max_c,BMSmaxPackTemperature,1734194629000000000,1734194630000000000,1734194630000000000
BEV2_2024-12-14_drive4.csv,preconditioning_request,UI_batteryPreconditioningRequest,1734194629000000000,1734194630000000000,1734194630000000000
BEV2_2024-12-14_drive5.csv,soc,SOCave292,1734198591000000000,1734198592000000000,1734198592000000000
BEV2_2024-12-14_drive5.csv,ambient_c,VCRIGHT_tempAmbientRaw,1734198591000000000,1734198592000000000,1734198592000000000
BEV2_2024-12-14_drive5.csv,pack_min_c,BMSminPackTemperature,1734198591000000000,1734198592000000000,1734198592000000000
BEV2_2024-12-14_drive5.csv,pack_max_c,BMSmaxPackTemperature,1734198591000000000,1734198592000000000,1734198592000000000
BEV2_2024-12-14_drive5.csv,preconditioning_request,UI_batteryPreconditioningRequest,1734198591000000000,1734198592000000000,1734198592000000000
BEV2_2024-12-14_drive6.csv,soc,SOCave292,1734206851000000000,1734206852000000000,1734206852000000000
BEV2_2024-12-14_drive6.csv,ambient_c,VCRIGHT_tempAmbientRaw,1734206851000000000,1734206852000000000,1734206852000000000
BEV2_2024-12-14_drive6.csv,pack_min_c,BMSminPackTemperature,1734206851000000000,1734206852000000000,1734206852000000000
BEV2_2024-12-14_drive6.csv,pack_max_c,BMSmaxPackTemperature,1734206851000000000,1734206852000000000,1734206852000000000
BEV2_2024-12-14_drive6.csv,preconditioning_request,UI_batteryPreconditioningRequest,1734206851000000000,1734206852000000000,1734206852000000000
BEV2_2024-12-15_drive1.csv,soc,SOCave292,1734252940000000000,1734252941000000000,1734252941000000000
BEV2_2024-12-15_drive1.csv,ambient_c,VCRIGHT_tempAmbientRaw,1734252940000000000,1734252941000000000,1734252941000000000
BEV2_2024-12-15_drive1.csv,pack_min_c,BMSminPackTemperature,1734252940000000000,1734252941000000000,1734252941000000000
BEV2_2024-12-15_drive1.csv,pack_max_c,BMSmaxPackTemperature,1734252940000000000,1734252941000000000,1734252941000000000
BEV2_2024-12-15_drive1.csv,preconditioning_request,UI_batteryPreconditioningRequest,1734252940000000000,1734252941000000000,1734252941000000000
BEV2_2024-12-15_drive2.csv,soc,SOCave292,1734255799000000000,1734255800000000000,1734255800000000000
BEV2_2024-12-15_drive2.csv,ambient_c,VCRIGHT_tempAmbientRaw,1734255799000000000,1734255800000000000,1734255800000000000
BEV2_2024-12-15_drive2.csv,pack_min_c,BMSminPackTemperature,1734255799000000000,1734255800000000000,1734255800000000000
BEV2_2024-12-15_drive2.csv,pack_max_c,BMSmaxPackTemperature,1734255799000000000,1734255800000000000,1734255800000000000
BEV2_2024-12-15_drive2.csv,preconditioning_request,UI_batteryPreconditioningRequest,1734255799000000000,1734255800000000000,1734255800000000000
BEV2_2024-12-15_drive3.csv,soc,SOCave292,1734268082000000000,1734268083000000000,1734268083000000000
BEV2_2024-12-15_drive3.csv,ambient_c,VCRIGHT_tempAmbientRaw,1734268082000000000,1734268083000000000,1734268083000000000
BEV2_2024-12-15_drive3.csv,pack_min_c,BMSminPackTemperature,1734268082000000000,1734268083000000000,1734268083000000000
BEV2_2024-12-15_drive3.csv,pack_max_c,BMSmaxPackTemperature,1734268082000000000,1734268083000000000,1734268083000000000
BEV2_2024-12-15_drive4.csv,soc,SOCave292,1734279304000000000,1734279305000000000,1734279305000000000
BEV2_2024-12-15_drive4.csv,ambient_c,VCRIGHT_tempAmbientRaw,1734279304000000000,1734279305000000000,1734279305000000000
BEV2_2024-12-15_drive4.csv,pack_min_c,BMSminPackTemperature,1734279304000000000,1734279305000000000,1734279305000000000
BEV2_2024-12-15_drive4.csv,pack_max_c,BMSmaxPackTemperature,1734279304000000000,1734279305000000000,1734279305000000000
BEV2_2024-12-15_drive5.csv,soc,SOCave292,1734290626000000000,1734290627000000000,1734290627000000000
BEV2_2024-12-15_drive5.csv,ambient_c,VCRIGHT_tempAmbientRaw,1734290626000000000,1734290627000000000,1734290627000000000
BEV2_2024-12-15_drive5.csv,pack_min_c,BMSminPackTemperature,1734290626000000000,1734290627000000000,1734290627000000000
BEV2_2024-12-15_drive5.csv,pack_max_c,BMSmaxPackTemperature,1734290626000000000,1734290627000000000,1734290627000000000
BEV2_2024-12-15_drive5.csv,preconditioning_request,UI_batteryPreconditioningRequest,1734290626000000000,1734290627000000000,1734290627000000000
BEV2_2024-12-15_drive6.csv,soc,SOCave292,1734292392000000000,1734292393000000000,1734292393000000000
BEV2_2024-12-15_drive6.csv,ambient_c,VCRIGHT_tempAmbientRaw,1734292392000000000,1734292393000000000,1734292393000000000
BEV2_2024-12-15_drive6.csv,pack_min_c,BMSminPackTemperature,1734292392000000000,1734292393000000000,1734292393000000000
BEV2_2024-12-15_drive6.csv,pack_max_c,BMSmaxPackTemperature,1734292392000000000,1734292393000000000,1734292393000000000
BEV2_2024-12-15_drive6.csv,preconditioning_request,UI_batteryPreconditioningRequest,1734292392000000000,1734292393000000000,1734292393000000000
BEV2_2024-12-15_drive7.csv,soc,SOCave292,1734305676000000000,1734305677000000000,1734305677000000000
BEV2_2024-12-15_drive7.csv,ambient_c,VCRIGHT_tempAmbientRaw,1734305676000000000,1734305677000000000,1734305677000000000
BEV2_2024-12-15_drive7.csv,pack_min_c,BMSminPackTemperature,1734305676000000000,1734305677000000000,1734305677000000000
BEV2_2024-12-15_drive7.csv,pack_max_c,BMSmaxPackTemperature,1734305676000000000,1734305677000000000,1734305677000000000
BEV2_2024-12-15_drive7.csv,preconditioning_request,UI_batteryPreconditioningRequest,1734305676000000000,1734305677000000000,1734305677000000000
BEV2_2024-12-16_drive1.csv,soc,SOCave292,1734332154000000000,1734332155000000000,1734332155000000000
BEV2_2024-12-16_drive1.csv,ambient_c,VCRIGHT_tempAmbientRaw,1734332154000000000,1734332155000000000,1734332155000000000
BEV2_2024-12-16_drive1.csv,pack_min_c,BMSminPackTemperature,1734332154000000000,1734332155000000000,1734332155000000000
BEV2_2024-12-16_drive1.csv,pack_max_c,BMSmaxPackTemperature,1734332154000000000,1734332155000000000,1734332155000000000
BEV2_2024-12-16_drive1.csv,preconditioning_request,UI_batteryPreconditioningRequest,1734332154000000000,1734332155000000000,1734332155000000000
BEV2_2024-12-17_drive1.csv,soc,SOCave292,1734453173000000000,1734453174000000000,1734453174000000000
BEV2_2024-12-17_drive1.csv,ambient_c,VCRIGHT_tempAmbientRaw,1734453173000000000,1734453174000000000,1734453174000000000
BEV2_2024-12-17_drive1.csv,pack_min_c,BMSminPackTemperature,1734453173000000000,1734453174000000000,1734453174000000000
BEV2_2024-12-17_drive1.csv,pack_max_c,BMSmaxPackTemperature,1734453173000000000,1734453174000000000,1734453174000000000
BEV2_2024-12-17_drive1.csv,preconditioning_request,UI_batteryPreconditioningRequest,1734453173000000000,1734453174000000000,1734453174000000000
BEV2_2024-12-19_drive2.csv,soc,SOCave292,1734632470000000000,1734632471000000000,1734632471000000000
BEV2_2024-12-19_drive2.csv,ambient_c,VCRIGHT_tempAmbientRaw,1734632470000000000,1734632471000000000,1734632471000000000
BEV2_2024-12-19_drive2.csv,pack_min_c,BMSminPackTemperature,1734632470000000000,1734632471000000000,1734632471000000000
BEV2_2024-12-19_drive2.csv,pack_max_c,BMSmaxPackTemperature,1734632470000000000,1734632471000000000,1734632471000000000
BEV2_2024-12-19_drive2.csv,preconditioning_request,UI_batteryPreconditioningRequest,1734632470000000000,1734632471000000000,1734632471000000000
BEV2_2024-12-20_drive1.csv,soc,SOCave292,1734718993000000000,1734718994000000000,1734718994000000000
BEV2_2024-12-20_drive1.csv,ambient_c,VCRIGHT_tempAmbientRaw,1734718993000000000,1734718994000000000,1734718994000000000
BEV2_2024-12-20_drive1.csv,pack_min_c,BMSminPackTemperature,1734718993000000000,1734718994000000000,1734718994000000000
BEV2_2024-12-20_drive1.csv,pack_max_c,BMSmaxPackTemperature,1734718993000000000,1734718994000000000,1734718994000000000
BEV2_2024-12-20_drive1.csv,preconditioning_request,UI_batteryPreconditioningRequest,1734718993000000000,1734718994000000000,1734718994000000000
BEV2_2024-12-22_drive1.csv,soc,SOCave292,1734893217000000000,1734893218000000000,1734893218000000000
BEV2_2024-12-22_drive1.csv,ambient_c,VCRIGHT_tempAmbientRaw,1734893217000000000,1734893218000000000,1734893218000000000
BEV2_2024-12-22_drive1.csv,pack_min_c,BMSminPackTemperature,1734893217000000000,1734893218000000000,1734893218000000000
BEV2_2024-12-22_drive1.csv,pack_max_c,BMSmaxPackTemperature,1734893217000000000,1734893218000000000,1734893218000000000
BEV2_2024-12-22_drive1.csv,preconditioning_request,UI_batteryPreconditioningRequest,1734893217000000000,1734893218000000000,1734893218000000000
BEV2_2024-12-23_drive1.csv,soc,SOCave292,1734941688000000000,1734941689000000000,1734941689000000000
BEV2_2024-12-23_drive1.csv,ambient_c,VCRIGHT_tempAmbientRaw,1734941688000000000,1734941689000000000,1734941689000000000
BEV2_2024-12-23_drive1.csv,pack_min_c,BMSminPackTemperature,1734941688000000000,1734941689000000000,1734941689000000000
BEV2_2024-12-23_drive1.csv,pack_max_c,BMSmaxPackTemperature,1734941688000000000,1734941689000000000,1734941689000000000
BEV2_2024-12-23_drive2.csv,soc,SOCave292,1734980507000000000,1734980508000000000,1734980508000000000
BEV2_2024-12-23_drive2.csv,ambient_c,VCRIGHT_tempAmbientRaw,1734980507000000000,1734980508000000000,1734980508000000000
BEV2_2024-12-23_drive2.csv,pack_min_c,BMSminPackTemperature,1734980507000000000,1734980508000000000,1734980508000000000
BEV2_2024-12-23_drive2.csv,pack_max_c,BMSmaxPackTemperature,1734980507000000000,1734980508000000000,1734980508000000000
BEV2_2024-12-23_drive2.csv,preconditioning_request,UI_batteryPreconditioningRequest,1734980507000000000,1734980508000000000,1734980508000000000
BEV2_2024-12-24_drive1.csv,soc,SOCave292,1735052816000000000,1735052817000000000,1735052817000000000
BEV2_2024-12-24_drive1.csv,ambient_c,VCRIGHT_tempAmbientRaw,1735052816000000000,1735052817000000000,1735052817000000000
BEV2_2024-12-24_drive1.csv,pack_min_c,BMSminPackTemperature,1735052816000000000,1735052817000000000,1735052817000000000
BEV2_2024-12-24_drive1.csv,pack_max_c,BMSmaxPackTemperature,1735052816000000000,1735052817000000000,1735052817000000000
BEV2_2024-12-24_drive1.csv,preconditioning_request,UI_batteryPreconditioningRequest,1735052816000000000,1735052817000000000,1735052817000000000
BEV2_2024-12-24_drive2.csv,soc,SOCave292,1735062270000000000,1735062271000000000,1735062271000000000
BEV2_2024-12-24_drive2.csv,ambient_c,VCRIGHT_tempAmbientRaw,1735062270000000000,1735062271000000000,1735062271000000000
BEV2_2024-12-24_drive2.csv,pack_min_c,BMSminPackTemperature,1735062270000000000,1735062271000000000,1735062271000000000
BEV2_2024-12-24_drive2.csv,pack_max_c,BMSmaxPackTemperature,1735062270000000000,1735062271000000000,1735062271000000000
BEV2_2024-12-24_drive2.csv,preconditioning_request,UI_batteryPreconditioningRequest,1735062270000000000,1735062271000000000,1735062271000000000
BEV2_2024-12-26_drive1.csv,soc,SOCave292,1735221610000000000,1735221611000000000,1735221611000000000
BEV2_2024-12-26_drive1.csv,ambient_c,VCRIGHT_tempAmbientRaw,1735221610000000000,1735221611000000000,1735221611000000000
BEV2_2024-12-26_drive1.csv,pack_min_c,BMSminPackTemperature,1735221610000000000,1735221611000000000,1735221611000000000
BEV2_2024-12-26_drive1.csv,pack_max_c,BMSmaxPackTemperature,1735221610000000000,1735221611000000000,1735221611000000000
BEV2_2024-12-26_drive1.csv,preconditioning_request,UI_batteryPreconditioningRequest,1735221610000000000,1735221611000000000,1735221611000000000
BEV2_2024-12-27_drive1.csv,soc,SOCave292,1735329423000000000,1735329424000000000,1735329424000000000
BEV2_2024-12-27_drive1.csv,ambient_c,VCRIGHT_tempAmbientRaw,1735329423000000000,1735329424000000000,1735329424000000000
BEV2_2024-12-27_drive1.csv,pack_min_c,BMSminPackTemperature,1735329423000000000,1735329424000000000,1735329424000000000
BEV2_2024-12-27_drive1.csv,pack_max_c,BMSmaxPackTemperature,1735329423000000000,1735329424000000000,1735329424000000000
BEV2_2024-12-27_drive1.csv,preconditioning_request,UI_batteryPreconditioningRequest,1735329423000000000,1735329424000000000,1735329424000000000
BEV2_2024-12-28_drive1.csv,soc,SOCave292,1735376936000000000,1735376937000000000,1735376937000000000
BEV2_2024-12-28_drive1.csv,ambient_c,VCRIGHT_tempAmbientRaw,1735376936000000000,1735376937000000000,1735376937000000000
BEV2_2024-12-28_drive1.csv,pack_min_c,BMSminPackTemperature,1735376936000000000,1735376937000000000,1735376937000000000
BEV2_2024-12-28_drive1.csv,pack_max_c,BMSmaxPackTemperature,1735376936000000000,1735376937000000000,1735376937000000000
BEV2_2024-12-28_drive1.csv,preconditioning_request,UI_batteryPreconditioningRequest,1735376936000000000,1735376937000000000,1735376937000000000
BEV2_2024-12-28_drive2.csv,soc,SOCave292,1735396888000000000,1735396889000000000,1735396889000000000
BEV2_2024-12-28_drive2.csv,ambient_c,VCRIGHT_tempAmbientRaw,1735396888000000000,1735396889000000000,1735396889000000000
BEV2_2024-12-28_drive2.csv,pack_min_c,BMSminPackTemperature,1735396888000000000,1735396889000000000,1735396889000000000
BEV2_2024-12-28_drive2.csv,pack_max_c,BMSmaxPackTemperature,1735396888000000000,1735396889000000000,1735396889000000000
BEV2_2024-12-31_drive1.csv,soc,SOCave292,1735631886000000000,1735631887000000000,1735631887000000000
BEV2_2024-12-31_drive1.csv,ambient_c,VCRIGHT_tempAmbientRaw,1735631886000000000,1735631887000000000,1735631887000000000
BEV2_2024-12-31_drive1.csv,pack_min_c,BMSminPackTemperature,1735631886000000000,1735631887000000000,1735631887000000000
BEV2_2024-12-31_drive1.csv,pack_max_c,BMSmaxPackTemperature,1735631886000000000,1735631887000000000,1735631887000000000
BEV2_2024-12-31_drive1.csv,preconditioning_request,UI_batteryPreconditioningRequest,1735631886000000000,1735631887000000000,1735631887000000000
BEV2_2024-12-31_drive2.csv,soc,SOCave292,1735646967000000000,1735646968000000000,1735646968000000000
BEV2_2024-12-31_drive2.csv,ambient_c,VCRIGHT_tempAmbientRaw,1735646967000000000,1735646968000000000,1735646968000000000
BEV2_2024-12-31_drive2.csv,pack_min_c,BMSminPackTemperature,1735646967000000000,1735646968000000000,1735646968000000000
BEV2_2024-12-31_drive2.csv,pack_max_c,BMSmaxPackTemperature,1735646967000000000,1735646968000000000,1735646968000000000
BEV2_2024-12-31_drive2.csv,preconditioning_request,UI_batteryPreconditioningRequest,1735646967000000000,1735646968000000000,1735646968000000000
BEV2_2024-12-31_drive3.csv,soc,SOCave292,1735652705000000000,1735652706000000000,1735652706000000000
BEV2_2024-12-31_drive3.csv,ambient_c,VCRIGHT_tempAmbientRaw,1735652705000000000,1735652706000000000,1735652706000000000
BEV2_2024-12-31_drive3.csv,pack_min_c,BMSminPackTemperature,1735652705000000000,1735652706000000000,1735652706000000000
BEV2_2024-12-31_drive3.csv,pack_max_c,BMSmaxPackTemperature,1735652705000000000,1735652706000000000,1735652706000000000
BEV2_2024-12-31_drive3.csv,preconditioning_request,UI_batteryPreconditioningRequest,1735652705000000000,1735652706000000000,1735652706000000000
BEV2_2024-12-31_drive4.csv,soc,SOCave292,1735656931000000000,1735656932000000000,1735656932000000000
BEV2_2024-12-31_drive4.csv,ambient_c,VCRIGHT_tempAmbientRaw,1735656931000000000,1735656932000000000,1735656932000000000
BEV2_2024-12-31_drive4.csv,pack_min_c,BMSminPackTemperature,1735656931000000000,1735656932000000000,1735656932000000000
BEV2_2024-12-31_drive4.csv,pack_max_c,BMSmaxPackTemperature,1735656931000000000,1735656932000000000,1735656932000000000
BEV2_2024-12-31_drive4.csv,preconditioning_request,UI_batteryPreconditioningRequest,1735656931000000000,1735656932000000000,1735656932000000000
BEV2_2024-12-31_drive5.csv,soc,SOCave292,1735659823000000000,1735659824000000000,1735659824000000000
BEV2_2024-12-31_drive5.csv,ambient_c,VCRIGHT_tempAmbientRaw,1735659823000000000,1735659824000000000,1735659824000000000
BEV2_2024-12-31_drive5.csv,pack_min_c,BMSminPackTemperature,1735659823000000000,1735659824000000000,1735659824000000000
BEV2_2024-12-31_drive5.csv,pack_max_c,BMSmaxPackTemperature,1735659823000000000,1735659824000000000,1735659824000000000
BEV2_2024-12-31_drive5.csv,preconditioning_request,UI_batteryPreconditioningRequest,1735659823000000000,1735659824000000000,1735659824000000000
BEV2_2025-01-01_drive1.csv,soc,SOCave292,1735759418000000000,1735759419000000000,1735759419000000000
BEV2_2025-01-01_drive1.csv,ambient_c,VCRIGHT_tempAmbientRaw,1735759418000000000,1735759419000000000,1735759419000000000
BEV2_2025-01-01_drive1.csv,pack_min_c,BMSminPackTemperature,1735759418000000000,1735759419000000000,1735759419000000000
BEV2_2025-01-01_drive1.csv,pack_max_c,BMSmaxPackTemperature,1735759418000000000,1735759419000000000,1735759419000000000
BEV2_2025-01-01_drive1.csv,preconditioning_request,UI_batteryPreconditioningRequest,1735759418000000000,1735759419000000000,1735759419000000000
BEV2_2025-01-01_drive2.csv,soc,SOCave292,1735761281000000000,1735761282000000000,1735761282000000000
BEV2_2025-01-01_drive2.csv,ambient_c,VCRIGHT_tempAmbientRaw,1735761281000000000,1735761282000000000,1735761282000000000
BEV2_2025-01-01_drive2.csv,pack_min_c,BMSminPackTemperature,1735761281000000000,1735761282000000000,1735761282000000000
BEV2_2025-01-01_drive2.csv,pack_max_c,BMSmaxPackTemperature,1735761281000000000,1735761282000000000,1735761282000000000
BEV2_2025-01-01_drive2.csv,preconditioning_request,UI_batteryPreconditioningRequest,1735761281000000000,1735761282000000000,1735761282000000000
BEV2_2025-01-02_drive1.csv,soc,SOCave292,1735817797000000000,1735817798000000000,1735817798000000000
BEV2_2025-01-02_drive1.csv,ambient_c,VCRIGHT_tempAmbientRaw,1735817797000000000,1735817798000000000,1735817798000000000
BEV2_2025-01-02_drive1.csv,pack_min_c,BMSminPackTemperature,1735817797000000000,1735817798000000000,1735817798000000000
BEV2_2025-01-02_drive1.csv,pack_max_c,BMSmaxPackTemperature,1735817797000000000,1735817798000000000,1735817798000000000
BEV2_2025-01-02_drive1.csv,preconditioning_request,UI_batteryPreconditioningRequest,1735817797000000000,1735817798000000000,1735817798000000000
BEV2_2025-01-02_drive2.csv,soc,SOCave292,1735822451000000000,1735822452000000000,1735822452000000000
BEV2_2025-01-02_drive2.csv,ambient_c,VCRIGHT_tempAmbientRaw,1735822451000000000,1735822452000000000,1735822452000000000
BEV2_2025-01-02_drive2.csv,pack_min_c,BMSminPackTemperature,1735822451000000000,1735822452000000000,1735822452000000000
BEV2_2025-01-02_drive2.csv,pack_max_c,BMSmaxPackTemperature,1735822451000000000,1735822452000000000,1735822452000000000
BEV2_2025-01-03_drive1.csv,soc,SOCave292,1735913722000000000,1735913723000000000,1735913723000000000
BEV2_2025-01-03_drive1.csv,ambient_c,VCRIGHT_tempAmbientRaw,1735913722000000000,1735913723000000000,1735913723000000000
BEV2_2025-01-03_drive1.csv,pack_min_c,BMSminPackTemperature,1735913722000000000,1735913723000000000,1735913723000000000
BEV2_2025-01-03_drive1.csv,pack_max_c,BMSmaxPackTemperature,1735913722000000000,1735913723000000000,1735913723000000000
BEV2_2025-01-03_drive2.csv,soc,SOCave292,1735946620000000000,1735946621000000000,1735946621000000000
BEV2_2025-01-03_drive2.csv,ambient_c,VCRIGHT_tempAmbientRaw,1735946620000000000,1735946621000000000,1735946621000000000
BEV2_2025-01-03_drive2.csv,pack_min_c,BMSminPackTemperature,1735946620000000000,1735946621000000000,1735946621000000000
BEV2_2025-01-03_drive2.csv,pack_max_c,BMSmaxPackTemperature,1735946620000000000,1735946621000000000,1735946621000000000
BEV2_2025-01-03_drive2.csv,preconditioning_request,UI_batteryPreconditioningRequest,1735946620000000000,1735946621000000000,1735946621000000000
BEV2_2025-01-04_drive1.csv,soc,SOCave292,1735973768000000000,1735973769000000000,1735973769000000000
BEV2_2025-01-04_drive1.csv,ambient_c,VCRIGHT_tempAmbientRaw,1735973768000000000,1735973769000000000,1735973769000000000
BEV2_2025-01-04_drive1.csv,pack_min_c,BMSminPackTemperature,1735973768000000000,1735973769000000000,1735973769000000000
BEV2_2025-01-04_drive1.csv,pack_max_c,BMSmaxPackTemperature,1735973768000000000,1735973769000000000,1735973769000000000
BEV2_2025-01-04_drive1.csv,preconditioning_request,UI_batteryPreconditioningRequest,1735973768000000000,1735973769000000000,1735973769000000000
BEV2_2025-01-04_drive2.csv,soc,SOCave292,1735992719000000000,1735992720000000000,1735992720000000000
BEV2_2025-01-04_drive2.csv,ambient_c,VCRIGHT_tempAmbientRaw,1735992719000000000,1735992720000000000,1735992720000000000
BEV2_2025-01-04_drive2.csv,pack_min_c,BMSminPackTemperature,1735992719000000000,1735992720000000000,1735992720000000000
BEV2_2025-01-04_drive2.csv,pack_max_c,BMSmaxPackTemperature,1735992719000000000,1735992720000000000,1735992720000000000
BEV2_2025-01-04_drive2.csv,preconditioning_request,UI_batteryPreconditioningRequest,1735992719000000000,1735992720000000000,1735992720000000000
BEV2_2025-01-04_drive3.csv,soc,SOCave292,1736011554000000000,1736011555000000000,1736011555000000000
BEV2_2025-01-04_drive3.csv,ambient_c,VCRIGHT_tempAmbientRaw,1736011554000000000,1736011555000000000,1736011555000000000
BEV2_2025-01-04_drive3.csv,pack_min_c,BMSminPackTemperature,1736011554000000000,1736011555000000000,1736011555000000000
BEV2_2025-01-04_drive3.csv,pack_max_c,BMSmaxPackTemperature,1736011554000000000,1736011555000000000,1736011555000000000
BEV2_2025-01-04_drive3.csv,preconditioning_request,UI_batteryPreconditioningRequest,1736011554000000000,1736011555000000000,1736011555000000000
BEV2_2025-01-04_drive4.csv,soc,SOCave292,1736029113000000000,1736029114000000000,1736029114000000000
BEV2_2025-01-04_drive4.csv,ambient_c,VCRIGHT_tempAmbientRaw,1736029113000000000,1736029114000000000,1736029114000000000
BEV2_2025-01-04_drive4.csv,pack_min_c,BMSminPackTemperature,1736029113000000000,1736029114000000000,1736029114000000000
BEV2_2025-01-04_drive4.csv,pack_max_c,BMSmaxPackTemperature,1736029113000000000,1736029114000000000,1736029114000000000
BEV2_2025-01-04_drive4.csv,preconditioning_request,UI_batteryPreconditioningRequest,1736029113000000000,1736029114000000000,1736029114000000000
BEV2_2025-01-05_drive1.csv,soc,SOCave292,1736099468000000000,1736099469000000000,1736099469000000000
BEV2_2025-01-05_drive1.csv,ambient_c,VCRIGHT_tempAmbientRaw,1736099468000000000,1736099469000000000,1736099469000000000
BEV2_2025-01-05_drive1.csv,pack_min_c,BMSminPackTemperature,1736099468000000000,1736099469000000000,1736099469000000000
BEV2_2025-01-05_drive1.csv,pack_max_c,BMSmaxPackTemperature,1736099468000000000,1736099469000000000,1736099469000000000
BEV2_2025-01-05_drive1.csv,preconditioning_request,UI_batteryPreconditioningRequest,1736099468000000000,1736099469000000000,1736099469000000000
BEV2_2025-01-05_drive2.csv,soc,SOCave292,1736111841000000000,1736111842000000000,1736111842000000000
BEV2_2025-01-05_drive2.csv,ambient_c,VCRIGHT_tempAmbientRaw,1736111841000000000,1736111842000000000,1736111842000000000
BEV2_2025-01-05_drive2.csv,pack_min_c,BMSminPackTemperature,1736111841000000000,1736111842000000000,1736111842000000000
BEV2_2025-01-05_drive2.csv,pack_max_c,BMSmaxPackTemperature,1736111841000000000,1736111842000000000,1736111842000000000
BEV2_2025-01-05_drive2.csv,preconditioning_request,UI_batteryPreconditioningRequest,1736111841000000000,1736111842000000000,1736111842000000000
BEV2_2025-01-05_drive3.csv,soc,SOCave292,1736113973000000000,1736113974000000000,1736113974000000000
BEV2_2025-01-05_drive3.csv,ambient_c,VCRIGHT_tempAmbientRaw,1736113973000000000,1736113974000000000,1736113974000000000
BEV2_2025-01-05_drive3.csv,pack_min_c,BMSminPackTemperature,1736113973000000000,1736113974000000000,1736113974000000000
BEV2_2025-01-05_drive3.csv,pack_max_c,BMSmaxPackTemperature,1736113973000000000,1736113974000000000,1736113974000000000
BEV2_2025-01-05_drive3.csv,preconditioning_request,UI_batteryPreconditioningRequest,1736113973000000000,1736113974000000000,1736113974000000000
BEV2_2025-01-05_drive4.csv,soc,SOCave292,1736116322000000000,1736116323000000000,1736116323000000000
BEV2_2025-01-05_drive4.csv,ambient_c,VCRIGHT_tempAmbientRaw,1736116322000000000,1736116323000000000,1736116323000000000
BEV2_2025-01-05_drive4.csv,pack_min_c,BMSminPackTemperature,1736116322000000000,1736116323000000000,1736116323000000000
BEV2_2025-01-05_drive4.csv,pack_max_c,BMSmaxPackTemperature,1736116322000000000,1736116323000000000,1736116323000000000
BEV2_2025-01-05_drive4.csv,preconditioning_request,UI_batteryPreconditioningRequest,1736116322000000000,1736116323000000000,1736116323000000000
BEV2_2025-01-07_drive1.csv,soc,SOCave292,1736280249000000000,1736280250000000000,1736280250000000000
BEV2_2025-01-07_drive1.csv,ambient_c,VCRIGHT_tempAmbientRaw,1736280249000000000,1736280250000000000,1736280250000000000
BEV2_2025-01-07_drive1.csv,pack_min_c,BMSminPackTemperature,1736280249000000000,1736280250000000000,1736280250000000000
BEV2_2025-01-07_drive1.csv,pack_max_c,BMSmaxPackTemperature,1736280249000000000,1736280250000000000,1736280250000000000
BEV2_2025-01-07_drive1.csv,preconditioning_request,UI_batteryPreconditioningRequest,1736280249000000000,1736280250000000000,1736280250000000000
BEV2_2025-01-09_drive1.csv,soc,SOCave292,1736407577000000000,1736407578000000000,1736407578000000000
BEV2_2025-01-09_drive1.csv,ambient_c,VCRIGHT_tempAmbientRaw,1736407577000000000,1736407578000000000,1736407578000000000
BEV2_2025-01-09_drive1.csv,pack_min_c,BMSminPackTemperature,1736407577000000000,1736407578000000000,1736407578000000000
BEV2_2025-01-09_drive1.csv,pack_max_c,BMSmaxPackTemperature,1736407577000000000,1736407578000000000,1736407578000000000
BEV2_2025-01-09_drive1.csv,preconditioning_request,UI_batteryPreconditioningRequest,1736407577000000000,1736407578000000000,1736407578000000000
BEV2_2025-01-09_drive2.csv,soc,SOCave292,1736422878000000000,1736422879000000000,1736422879000000000
BEV2_2025-01-09_drive2.csv,ambient_c,VCRIGHT_tempAmbientRaw,1736422878000000000,1736422879000000000,1736422879000000000
BEV2_2025-01-09_drive2.csv,pack_min_c,BMSminPackTemperature,1736422878000000000,1736422879000000000,1736422879000000000
BEV2_2025-01-09_drive2.csv,pack_max_c,BMSmaxPackTemperature,1736422878000000000,1736422879000000000,1736422879000000000
BEV2_2025-01-09_drive2.csv,preconditioning_request,UI_batteryPreconditioningRequest,1736422878000000000,1736422879000000000,1736422879000000000
BEV2_2025-01-09_drive5.csv,soc,SOCave292,1736446363000000000,1736446364000000000,1736446364000000000
BEV2_2025-01-09_drive5.csv,ambient_c,VCRIGHT_tempAmbientRaw,1736446363000000000,1736446364000000000,1736446364000000000
BEV2_2025-01-09_drive5.csv,pack_min_c,BMSminPackTemperature,1736446363000000000,1736446364000000000,1736446364000000000
BEV2_2025-01-09_drive5.csv,pack_max_c,BMSmaxPackTemperature,1736446363000000000,1736446364000000000,1736446364000000000
BEV2_2025-01-09_drive5.csv,preconditioning_request,UI_batteryPreconditioningRequest,1736446363000000000,1736446364000000000,1736446364000000000
BEV2_2025-01-10_drive1.csv,soc,SOCave292,1736529886000000000,1736529887000000000,1736529887000000000
BEV2_2025-01-10_drive1.csv,ambient_c,VCRIGHT_tempAmbientRaw,1736529886000000000,1736529887000000000,1736529887000000000
BEV2_2025-01-10_drive1.csv,pack_min_c,BMSminPackTemperature,1736529886000000000,1736529887000000000,1736529887000000000
BEV2_2025-01-10_drive1.csv,pack_max_c,BMSmaxPackTemperature,1736529886000000000,1736529887000000000,1736529887000000000
BEV2_2025-01-10_drive1.csv,preconditioning_request,UI_batteryPreconditioningRequest,1736529886000000000,1736529887000000000,1736529887000000000
BEV2_2025-01-11_drive1.csv,soc,SOCave292,1736602299000000000,1736602300000000000,1736602300000000000
BEV2_2025-01-11_drive1.csv,ambient_c,VCRIGHT_tempAmbientRaw,1736602299000000000,1736602300000000000,1736602300000000000
BEV2_2025-01-11_drive1.csv,pack_min_c,BMSminPackTemperature,1736602299000000000,1736602300000000000,1736602300000000000
BEV2_2025-01-11_drive1.csv,pack_max_c,BMSmaxPackTemperature,1736602299000000000,1736602300000000000,1736602300000000000
BEV2_2025-01-11_drive1.csv,preconditioning_request,UI_batteryPreconditioningRequest,1736602299000000000,1736602300000000000,1736602300000000000
BEV2_2025-01-11_drive2.csv,soc,SOCave292,1736613578000000000,1736613579000000000,1736613579000000000
BEV2_2025-01-11_drive2.csv,ambient_c,VCRIGHT_tempAmbientRaw,1736613578000000000,1736613579000000000,1736613579000000000
BEV2_2025-01-11_drive2.csv,pack_min_c,BMSminPackTemperature,1736613578000000000,1736613579000000000,1736613579000000000
BEV2_2025-01-11_drive2.csv,pack_max_c,BMSmaxPackTemperature,1736613578000000000,1736613579000000000,1736613579000000000
BEV2_2025-01-11_drive2.csv,preconditioning_request,UI_batteryPreconditioningRequest,1736613578000000000,1736613579000000000,1736613579000000000
BEV2_2025-01-12_drive1.csv,soc,SOCave292,1736671106000000000,1736671107000000000,1736671107000000000
BEV2_2025-01-12_drive1.csv,ambient_c,VCRIGHT_tempAmbientRaw,1736671106000000000,1736671107000000000,1736671107000000000
BEV2_2025-01-12_drive1.csv,pack_min_c,BMSminPackTemperature,1736671106000000000,1736671107000000000,1736671107000000000
BEV2_2025-01-12_drive1.csv,pack_max_c,BMSmaxPackTemperature,1736671106000000000,1736671107000000000,1736671107000000000
BEV2_2025-01-12_drive1.csv,preconditioning_request,UI_batteryPreconditioningRequest,1736671106000000000,1736671107000000000,1736671107000000000
BEV2_2025-01-12_drive2.csv,soc,SOCave292,1736704124000000000,1736704125000000000,1736704125000000000
BEV2_2025-01-12_drive2.csv,ambient_c,VCRIGHT_tempAmbientRaw,1736704124000000000,1736704125000000000,1736704125000000000
BEV2_2025-01-12_drive2.csv,pack_min_c,BMSminPackTemperature,1736704124000000000,1736704125000000000,1736704125000000000
BEV2_2025-01-12_drive2.csv,pack_max_c,BMSmaxPackTemperature,1736704124000000000,1736704125000000000,1736704125000000000
BEV2_2025-01-12_drive2.csv,preconditioning_request,UI_batteryPreconditioningRequest,1736704124000000000,1736704125000000000,1736704125000000000
BEV2_2025-01-12_drive3.csv,soc,SOCave292,1736710261000000000,1736710262000000000,1736710262000000000
BEV2_2025-01-12_drive3.csv,ambient_c,VCRIGHT_tempAmbientRaw,1736710261000000000,1736710262000000000,1736710262000000000
BEV2_2025-01-12_drive3.csv,pack_min_c,BMSminPackTemperature,1736710261000000000,1736710262000000000,1736710262000000000
BEV2_2025-01-12_drive3.csv,pack_max_c,BMSmaxPackTemperature,1736710261000000000,1736710262000000000,1736710262000000000
BEV2_2025-01-12_drive3.csv,preconditioning_request,UI_batteryPreconditioningRequest,1736710261000000000,1736710262000000000,1736710262000000000
BEV2_2025-01-15_drive1.csv,soc,SOCave292,1736947929000000000,1736947930000000000,1736947930000000000
BEV2_2025-01-15_drive1.csv,ambient_c,VCRIGHT_tempAmbientRaw,1736947929000000000,1736947930000000000,1736947930000000000
BEV2_2025-01-15_drive1.csv,pack_min_c,BMSminPackTemperature,1736947929000000000,1736947930000000000,1736947930000000000
BEV2_2025-01-15_drive1.csv,pack_max_c,BMSmaxPackTemperature,1736947929000000000,1736947930000000000,1736947930000000000
BEV2_2025-01-15_drive1.csv,preconditioning_request,UI_batteryPreconditioningRequest,1736947929000000000,1736947930000000000,1736947930000000000
BEV2_2025-01-16_drive1.csv,soc,SOCave292,1737057514000000000,1737057515000000000,1737057515000000000
BEV2_2025-01-16_drive1.csv,ambient_c,VCRIGHT_tempAmbientRaw,1737057514000000000,1737057515000000000,1737057515000000000
BEV2_2025-01-16_drive1.csv,pack_min_c,BMSminPackTemperature,1737057514000000000,1737057515000000000,1737057515000000000
BEV2_2025-01-16_drive1.csv,pack_max_c,BMSmaxPackTemperature,1737057514000000000,1737057515000000000,1737057515000000000
BEV2_2025-01-16_drive1.csv,preconditioning_request,UI_batteryPreconditioningRequest,1737057514000000000,1737057515000000000,1737057515000000000
BEV2_2025-01-17_drive1.csv,soc,SOCave292,1737097702000000000,1737097703000000000,1737097703000000000
BEV2_2025-01-17_drive1.csv,ambient_c,VCRIGHT_tempAmbientRaw,1737097702000000000,1737097703000000000,1737097703000000000
BEV2_2025-01-17_drive1.csv,pack_min_c,BMSminPackTemperature,1737097702000000000,1737097703000000000,1737097703000000000
BEV2_2025-01-17_drive1.csv,pack_max_c,BMSmaxPackTemperature,1737097702000000000,1737097703000000000,1737097703000000000
BEV2_2025-01-17_drive1.csv,preconditioning_request,UI_batteryPreconditioningRequest,1737097702000000000,1737097703000000000,1737097703000000000
BEV2_2025-01-17_drive2.csv,soc,SOCave292,1737131487000000000,1737131488000000000,1737131488000000000
BEV2_2025-01-17_drive2.csv,ambient_c,VCRIGHT_tempAmbientRaw,1737131487000000000,1737131488000000000,1737131488000000000
BEV2_2025-01-17_drive2.csv,pack_min_c,BMSminPackTemperature,1737131487000000000,1737131488000000000,1737131488000000000
BEV2_2025-01-17_drive2.csv,pack_max_c,BMSmaxPackTemperature,1737131487000000000,1737131488000000000,1737131488000000000
BEV2_2025-01-17_drive2.csv,preconditioning_request,UI_batteryPreconditioningRequest,1737131487000000000,1737131488000000000,1737131488000000000
BEV2_2025-01-18_drive1.csv,soc,SOCave292,1737187257000000000,1737187258000000000,1737187258000000000
BEV2_2025-01-18_drive1.csv,ambient_c,VCRIGHT_tempAmbientRaw,1737187257000000000,1737187258000000000,1737187258000000000
BEV2_2025-01-18_drive1.csv,pack_min_c,BMSminPackTemperature,1737187257000000000,1737187258000000000,1737187258000000000
BEV2_2025-01-18_drive1.csv,pack_max_c,BMSmaxPackTemperature,1737187257000000000,1737187258000000000,1737187258000000000
BEV2_2025-01-18_drive1.csv,preconditioning_request,UI_batteryPreconditioningRequest,1737187257000000000,1737187258000000000,1737187258000000000
BEV2_2025-01-20_drive1.csv,soc,SOCave292,1737369612000000000,1737369613000000000,1737369613000000000
BEV2_2025-01-20_drive1.csv,ambient_c,VCRIGHT_tempAmbientRaw,1737369612000000000,1737369613000000000,1737369613000000000
BEV2_2025-01-20_drive1.csv,pack_min_c,BMSminPackTemperature,1737369612000000000,1737369613000000000,1737369613000000000
BEV2_2025-01-20_drive1.csv,pack_max_c,BMSmaxPackTemperature,1737369612000000000,1737369613000000000,1737369613000000000
BEV2_2025-01-20_drive1.csv,preconditioning_request,UI_batteryPreconditioningRequest,1737369612000000000,1737369613000000000,1737369613000000000
BEV2_2025-01-22_drive1.csv,soc,SOCave292,1737531139000000000,1737531140000000000,1737531140000000000
BEV2_2025-01-22_drive1.csv,ambient_c,VCRIGHT_tempAmbientRaw,1737531139000000000,1737531140000000000,1737531140000000000
BEV2_2025-01-22_drive1.csv,pack_min_c,BMSminPackTemperature,1737531139000000000,1737531140000000000,1737531140000000000
BEV2_2025-01-22_drive1.csv,pack_max_c,BMSmaxPackTemperature,1737531139000000000,1737531140000000000,1737531140000000000
BEV2_2025-01-22_drive1.csv,preconditioning_request,UI_batteryPreconditioningRequest,1737531139000000000,1737531140000000000,1737531140000000000
BEV2_2025-01-22_drive2.csv,soc,SOCave292,1737563762000000000,1737563763000000000,1737563763000000000
BEV2_2025-01-22_drive2.csv,ambient_c,VCRIGHT_tempAmbientRaw,1737563762000000000,1737563763000000000,1737563763000000000
BEV2_2025-01-22_drive2.csv,pack_min_c,BMSminPackTemperature,1737563762000000000,1737563763000000000,1737563763000000000
BEV2_2025-01-22_drive2.csv,pack_max_c,BMSmaxPackTemperature,1737563762000000000,1737563763000000000,1737563763000000000
BEV2_2025-01-22_drive2.csv,preconditioning_request,UI_batteryPreconditioningRequest,1737563762000000000,1737563763000000000,1737563763000000000
BEV2_2025-01-24_drive1.csv,soc,SOCave292,1737702985000000000,1737702986000000000,1737702986000000000
BEV2_2025-01-24_drive1.csv,ambient_c,VCRIGHT_tempAmbientRaw,1737702985000000000,1737702986000000000,1737702986000000000
BEV2_2025-01-24_drive1.csv,pack_min_c,BMSminPackTemperature,1737702985000000000,1737702986000000000,1737702986000000000
BEV2_2025-01-24_drive1.csv,pack_max_c,BMSmaxPackTemperature,1737702985000000000,1737702986000000000,1737702986000000000
BEV2_2025-01-24_drive1.csv,preconditioning_request,UI_batteryPreconditioningRequest,1737702985000000000,1737702986000000000,1737702986000000000
BEV2_2025-01-24_drive2.csv,soc,SOCave292,1737725477000000000,1737725478000000000,1737725478000000000
BEV2_2025-01-24_drive2.csv,ambient_c,VCRIGHT_tempAmbientRaw,1737725477000000000,1737725478000000000,1737725478000000000
BEV2_2025-01-24_drive2.csv,pack_min_c,BMSminPackTemperature,1737725477000000000,1737725478000000000,1737725478000000000
BEV2_2025-01-24_drive2.csv,pack_max_c,BMSmaxPackTemperature,1737725477000000000,1737725478000000000,1737725478000000000
BEV2_2025-01-24_drive2.csv,preconditioning_request,UI_batteryPreconditioningRequest,1737725477000000000,1737725478000000000,1737725478000000000
BEV2_2025-01-25_drive2.csv,soc,SOCave292,1737823923000000000,1737823924000000000,1737823924000000000
BEV2_2025-01-25_drive2.csv,ambient_c,VCRIGHT_tempAmbientRaw,1737823923000000000,1737823924000000000,1737823924000000000
BEV2_2025-01-25_drive2.csv,pack_min_c,BMSminPackTemperature,1737823923000000000,1737823924000000000,1737823924000000000
BEV2_2025-01-25_drive2.csv,pack_max_c,BMSmaxPackTemperature,1737823923000000000,1737823924000000000,1737823924000000000
BEV2_2025-01-25_drive2.csv,preconditioning_request,UI_batteryPreconditioningRequest,1737823923000000000,1737823924000000000,1737823924000000000
BEV2_2025-01-27_drive1.csv,soc,SOCave292,1737960873000000000,1737960874000000000,1737960874000000000
BEV2_2025-01-27_drive1.csv,ambient_c,VCRIGHT_tempAmbientRaw,1737960873000000000,1737960874000000000,1737960874000000000
BEV2_2025-01-27_drive1.csv,pack_min_c,BMSminPackTemperature,1737960873000000000,1737960874000000000,1737960874000000000
BEV2_2025-01-27_drive1.csv,pack_max_c,BMSmaxPackTemperature,1737960873000000000,1737960874000000000,1737960874000000000
BEV2_2025-01-27_drive1.csv,preconditioning_request,UI_batteryPreconditioningRequest,1737960873000000000,1737960874000000000,1737960874000000000
BEV2_2025-01-27_drive2.csv,soc,SOCave292,1737991090000000000,1737991091000000000,1737991091000000000
BEV2_2025-01-27_drive2.csv,ambient_c,VCRIGHT_tempAmbientRaw,1737991090000000000,1737991091000000000,1737991091000000000
BEV2_2025-01-27_drive2.csv,pack_min_c,BMSminPackTemperature,1737991090000000000,1737991091000000000,1737991091000000000
BEV2_2025-01-27_drive2.csv,pack_max_c,BMSmaxPackTemperature,1737991090000000000,1737991091000000000,1737991091000000000
BEV2_2025-01-27_drive2.csv,preconditioning_request,UI_batteryPreconditioningRequest,1737991090000000000,1737991091000000000,1737991091000000000
BEV2_2025-01-29_drive1.csv,soc,SOCave292,1738135455000000000,1738135456000000000,1738135456000000000
BEV2_2025-01-29_drive1.csv,ambient_c,VCRIGHT_tempAmbientRaw,1738135455000000000,1738135456000000000,1738135456000000000
BEV2_2025-01-29_drive1.csv,pack_min_c,BMSminPackTemperature,1738135455000000000,1738135456000000000,1738135456000000000
BEV2_2025-01-29_drive1.csv,pack_max_c,BMSmaxPackTemperature,1738135455000000000,1738135456000000000,1738135456000000000
BEV2_2025-01-29_drive1.csv,preconditioning_request,UI_batteryPreconditioningRequest,1738135455000000000,1738135456000000000,1738135456000000000
BEV2_2025-01-29_drive2.csv,soc,SOCave292,1738161529000000000,1738161530000000000,1738161530000000000
BEV2_2025-01-29_drive2.csv,ambient_c,VCRIGHT_tempAmbientRaw,1738161529000000000,1738161530000000000,1738161530000000000
BEV2_2025-01-29_drive2.csv,pack_min_c,BMSminPackTemperature,1738161529000000000,1738161530000000000,1738161530000000000
BEV2_2025-01-29_drive2.csv,pack_max_c,BMSmaxPackTemperature,1738161529000000000,1738161530000000000,1738161530000000000
BEV2_2025-01-29_drive2.csv,preconditioning_request,UI_batteryPreconditioningRequest,1738161529000000000,1738161530000000000,1738161530000000000
BEV2_2025-01-30_drive1.csv,soc,SOCave292,1738243454000000000,1738243455000000000,1738243455000000000
BEV2_2025-01-30_drive1.csv,ambient_c,VCRIGHT_tempAmbientRaw,1738243454000000000,1738243455000000000,1738243455000000000
BEV2_2025-01-30_drive1.csv,pack_min_c,BMSminPackTemperature,1738243454000000000,1738243455000000000,1738243455000000000
BEV2_2025-01-30_drive1.csv,pack_max_c,BMSmaxPackTemperature,1738243454000000000,1738243455000000000,1738243455000000000
BEV2_2025-01-30_drive1.csv,preconditioning_request,UI_batteryPreconditioningRequest,1738243454000000000,1738243455000000000,1738243455000000000
BEV2_2025-01-30_drive2.csv,soc,SOCave292,1738250135000000000,1738250136000000000,1738250136000000000
BEV2_2025-01-30_drive2.csv,ambient_c,VCRIGHT_tempAmbientRaw,1738250135000000000,1738250136000000000,1738250136000000000
BEV2_2025-01-30_drive2.csv,pack_min_c,BMSminPackTemperature,1738250135000000000,1738250136000000000,1738250136000000000
BEV2_2025-01-30_drive2.csv,pack_max_c,BMSmaxPackTemperature,1738250135000000000,1738250136000000000,1738250136000000000
BEV2_2025-01-30_drive2.csv,preconditioning_request,UI_batteryPreconditioningRequest,1738250135000000000,1738250136000000000,1738250136000000000
BEV2_2025-01-30_drive3.csv,soc,SOCave292,1738257671000000000,1738257672000000000,1738257672000000000
BEV2_2025-01-30_drive3.csv,ambient_c,VCRIGHT_tempAmbientRaw,1738257671000000000,1738257672000000000,1738257672000000000
BEV2_2025-01-30_drive3.csv,pack_min_c,BMSminPackTemperature,1738257671000000000,1738257672000000000,1738257672000000000
BEV2_2025-01-30_drive3.csv,pack_max_c,BMSmaxPackTemperature,1738257671000000000,1738257672000000000,1738257672000000000
BEV2_2025-01-30_drive3.csv,preconditioning_request,UI_batteryPreconditioningRequest,1738257671000000000,1738257672000000000,1738257672000000000
BEV2_2025-01-31_drive1.csv,soc,SOCave292,1738322517000000000,1738322518000000000,1738322518000000000
BEV2_2025-01-31_drive1.csv,ambient_c,VCRIGHT_tempAmbientRaw,1738322517000000000,1738322518000000000,1738322518000000000
BEV2_2025-01-31_drive1.csv,pack_min_c,BMSminPackTemperature,1738322517000000000,1738322518000000000,1738322518000000000
BEV2_2025-01-31_drive1.csv,pack_max_c,BMSmaxPackTemperature,1738322517000000000,1738322518000000000,1738322518000000000
BEV2_2025-01-31_drive1.csv,preconditioning_request,UI_batteryPreconditioningRequest,1738322517000000000,1738322518000000000,1738322518000000000
BEV2_2025-01-31_drive2.csv,soc,SOCave292,1738337313000000000,1738337314000000000,1738337314000000000
BEV2_2025-01-31_drive2.csv,ambient_c,VCRIGHT_tempAmbientRaw,1738337313000000000,1738337314000000000,1738337314000000000
BEV2_2025-01-31_drive2.csv,pack_min_c,BMSminPackTemperature,1738337313000000000,1738337314000000000,1738337314000000000
BEV2_2025-01-31_drive2.csv,pack_max_c,BMSmaxPackTemperature,1738337313000000000,1738337314000000000,1738337314000000000
BEV2_2025-01-31_drive2.csv,preconditioning_request,UI_batteryPreconditioningRequest,1738337313000000000,1738337314000000000,1738337314000000000
BEV2_2025-01-31_drive3.csv,soc,SOCave292,1738342576000000000,1738342577000000000,1738342577000000000
BEV2_2025-01-31_drive3.csv,ambient_c,VCRIGHT_tempAmbientRaw,1738342576000000000,1738342577000000000,1738342577000000000
BEV2_2025-01-31_drive3.csv,pack_min_c,BMSminPackTemperature,1738342576000000000,1738342577000000000,1738342577000000000
BEV2_2025-01-31_drive3.csv,pack_max_c,BMSmaxPackTemperature,1738342576000000000,1738342577000000000,1738342577000000000
BEV2_2025-01-31_drive3.csv,preconditioning_request,UI_batteryPreconditioningRequest,1738342576000000000,1738342577000000000,1738342577000000000
BEV2_2025-02-01_drive1.csv,soc,SOCave292,1738416132000000000,1738416133000000000,1738416133000000000
BEV2_2025-02-01_drive1.csv,ambient_c,VCRIGHT_tempAmbientRaw,1738416132000000000,1738416133000000000,1738416133000000000
BEV2_2025-02-01_drive1.csv,pack_min_c,BMSminPackTemperature,1738416132000000000,1738416133000000000,1738416133000000000
BEV2_2025-02-01_drive1.csv,pack_max_c,BMSmaxPackTemperature,1738416132000000000,1738416133000000000,1738416133000000000
BEV2_2025-02-01_drive2.csv,soc,SOCave292,1738432074000000000,1738432075000000000,1738432075000000000
BEV2_2025-02-01_drive2.csv,ambient_c,VCRIGHT_tempAmbientRaw,1738432074000000000,1738432075000000000,1738432075000000000
BEV2_2025-02-01_drive2.csv,pack_min_c,BMSminPackTemperature,1738432074000000000,1738432075000000000,1738432075000000000
BEV2_2025-02-01_drive2.csv,pack_max_c,BMSmaxPackTemperature,1738432074000000000,1738432075000000000,1738432075000000000
BEV2_2025-02-01_drive2.csv,preconditioning_request,UI_batteryPreconditioningRequest,1738432074000000000,1738432075000000000,1738432075000000000
BEV2_2025-02-01_drive3.csv,soc,SOCave292,1738432668000000000,1738432669000000000,1738432669000000000
BEV2_2025-02-01_drive3.csv,ambient_c,VCRIGHT_tempAmbientRaw,1738432668000000000,1738432669000000000,1738432669000000000
BEV2_2025-02-01_drive3.csv,pack_min_c,BMSminPackTemperature,1738432668000000000,1738432669000000000,1738432669000000000
BEV2_2025-02-01_drive3.csv,pack_max_c,BMSmaxPackTemperature,1738432668000000000,1738432669000000000,1738432669000000000
BEV2_2025-02-01_drive3.csv,preconditioning_request,UI_batteryPreconditioningRequest,1738432668000000000,1738432669000000000,1738432669000000000
BEV2_2025-02-01_drive4.csv,soc,SOCave292,1738435066000000000,1738435067000000000,1738435067000000000
BEV2_2025-02-01_drive4.csv,ambient_c,VCRIGHT_tempAmbientRaw,1738435066000000000,1738435067000000000,1738435067000000000
BEV2_2025-02-01_drive4.csv,pack_min_c,BMSminPackTemperature,1738435066000000000,1738435067000000000,1738435067000000000
BEV2_2025-02-01_drive4.csv,pack_max_c,BMSmaxPackTemperature,1738435066000000000,1738435067000000000,1738435067000000000
BEV2_2025-02-01_drive4.csv,preconditioning_request,UI_batteryPreconditioningRequest,1738435066000000000,1738435067000000000,1738435067000000000
BEV2_2025-02-01_drive5.csv,soc,SOCave292,1738441385000000000,1738441386000000000,1738441386000000000
BEV2_2025-02-01_drive5.csv,ambient_c,VCRIGHT_tempAmbientRaw,1738441385000000000,1738441386000000000,1738441386000000000
BEV2_2025-02-01_drive5.csv,pack_min_c,BMSminPackTemperature,1738441385000000000,1738441386000000000,1738441386000000000
BEV2_2025-02-01_drive5.csv,pack_max_c,BMSmaxPackTemperature,1738441385000000000,1738441386000000000,1738441386000000000
BEV2_2025-02-01_drive5.csv,preconditioning_request,UI_batteryPreconditioningRequest,1738441385000000000,1738441386000000000,1738441386000000000
BEV2_2025-02-01_drive6.csv,soc,SOCave292,1738452645000000000,1738452646000000000,1738452646000000000
BEV2_2025-02-01_drive6.csv,ambient_c,VCRIGHT_tempAmbientRaw,1738452645000000000,1738452646000000000,1738452646000000000
BEV2_2025-02-01_drive6.csv,pack_min_c,BMSminPackTemperature,1738452645000000000,1738452646000000000,1738452646000000000
BEV2_2025-02-01_drive6.csv,pack_max_c,BMSmaxPackTemperature,1738452645000000000,1738452646000000000,1738452646000000000
BEV2_2025-02-01_drive6.csv,preconditioning_request,UI_batteryPreconditioningRequest,1738452645000000000,1738452646000000000,1738452646000000000
BEV2_2025-02-02_drive1.csv,soc,SOCave292,1738485226000000000,1738485227000000000,1738485227000000000
BEV2_2025-02-02_drive1.csv,ambient_c,VCRIGHT_tempAmbientRaw,1738485226000000000,1738485227000000000,1738485227000000000
BEV2_2025-02-02_drive1.csv,pack_min_c,BMSminPackTemperature,1738485226000000000,1738485227000000000,1738485227000000000
BEV2_2025-02-02_drive1.csv,pack_max_c,BMSmaxPackTemperature,1738485226000000000,1738485227000000000,1738485227000000000
BEV2_2025-02-02_drive1.csv,preconditioning_request,UI_batteryPreconditioningRequest,1738485226000000000,1738485227000000000,1738485227000000000
BEV2_2025-02-02_drive2.csv,soc,SOCave292,1738491217000000000,1738491218000000000,1738491218000000000
BEV2_2025-02-02_drive2.csv,ambient_c,VCRIGHT_tempAmbientRaw,1738491217000000000,1738491218000000000,1738491218000000000
BEV2_2025-02-02_drive2.csv,pack_min_c,BMSminPackTemperature,1738491217000000000,1738491218000000000,1738491218000000000
BEV2_2025-02-02_drive2.csv,pack_max_c,BMSmaxPackTemperature,1738491217000000000,1738491218000000000,1738491218000000000
BEV2_2025-02-02_drive2.csv,preconditioning_request,UI_batteryPreconditioningRequest,1738491217000000000,1738491218000000000,1738491218000000000
BEV2_2025-02-02_drive3.csv,soc,SOCave292,1738504015000000000,1738504016000000000,1738504016000000000
BEV2_2025-02-02_drive3.csv,ambient_c,VCRIGHT_tempAmbientRaw,1738504015000000000,1738504016000000000,1738504016000000000
BEV2_2025-02-02_drive3.csv,pack_min_c,BMSminPackTemperature,1738504015000000000,1738504016000000000,1738504016000000000
BEV2_2025-02-02_drive3.csv,pack_max_c,BMSmaxPackTemperature,1738504015000000000,1738504016000000000,1738504016000000000
BEV2_2025-02-02_drive3.csv,preconditioning_request,UI_batteryPreconditioningRequest,1738504015000000000,1738504016000000000,1738504016000000000
BEV2_2025-02-02_drive4.csv,soc,SOCave292,1738518840000000000,1738518841000000000,1738518841000000000
BEV2_2025-02-02_drive4.csv,ambient_c,VCRIGHT_tempAmbientRaw,1738518840000000000,1738518841000000000,1738518841000000000
BEV2_2025-02-02_drive4.csv,pack_min_c,BMSminPackTemperature,1738518840000000000,1738518841000000000,1738518841000000000
BEV2_2025-02-02_drive4.csv,pack_max_c,BMSmaxPackTemperature,1738518840000000000,1738518841000000000,1738518841000000000
BEV2_2025-02-02_drive4.csv,preconditioning_request,UI_batteryPreconditioningRequest,1738518840000000000,1738518841000000000,1738518841000000000
BEV2_2025-02-02_drive5.csv,soc,SOCave292,1738519276000000000,1738519277000000000,1738519277000000000
BEV2_2025-02-02_drive5.csv,ambient_c,VCRIGHT_tempAmbientRaw,1738519276000000000,1738519277000000000,1738519277000000000
BEV2_2025-02-02_drive5.csv,pack_min_c,BMSminPackTemperature,1738519276000000000,1738519277000000000,1738519277000000000
BEV2_2025-02-02_drive5.csv,pack_max_c,BMSmaxPackTemperature,1738519276000000000,1738519277000000000,1738519277000000000
BEV2_2025-02-02_drive5.csv,preconditioning_request,UI_batteryPreconditioningRequest,1738519276000000000,1738519277000000000,1738519277000000000
BEV2_2025-02-02_drive6.csv,soc,SOCave292,1738521759000000000,1738521760000000000,1738521760000000000
BEV2_2025-02-02_drive6.csv,ambient_c,VCRIGHT_tempAmbientRaw,1738521759000000000,1738521760000000000,1738521760000000000
BEV2_2025-02-02_drive6.csv,pack_min_c,BMSminPackTemperature,1738521759000000000,1738521760000000000,1738521760000000000
BEV2_2025-02-02_drive6.csv,pack_max_c,BMSmaxPackTemperature,1738521759000000000,1738521760000000000,1738521760000000000
BEV2_2025-02-02_drive6.csv,preconditioning_request,UI_batteryPreconditioningRequest,1738521759000000000,1738521760000000000,1738521760000000000
BEV2_2025-02-02_drive7.csv,soc,SOCave292,1738525423000000000,1738525424000000000,1738525424000000000
BEV2_2025-02-02_drive7.csv,ambient_c,VCRIGHT_tempAmbientRaw,1738525423000000000,1738525424000000000,1738525424000000000
BEV2_2025-02-02_drive7.csv,pack_min_c,BMSminPackTemperature,1738525423000000000,1738525424000000000,1738525424000000000
BEV2_2025-02-02_drive7.csv,pack_max_c,BMSmaxPackTemperature,1738525423000000000,1738525424000000000,1738525424000000000
BEV2_2025-02-02_drive8.csv,soc,SOCave292,1738536071000000000,1738536072000000000,1738536072000000000
BEV2_2025-02-02_drive8.csv,ambient_c,VCRIGHT_tempAmbientRaw,1738536071000000000,1738536072000000000,1738536072000000000
BEV2_2025-02-02_drive8.csv,pack_min_c,BMSminPackTemperature,1738536071000000000,1738536072000000000,1738536072000000000
BEV2_2025-02-02_drive8.csv,pack_max_c,BMSmaxPackTemperature,1738536071000000000,1738536072000000000,1738536072000000000
BEV2_2025-02-02_drive8.csv,preconditioning_request,UI_batteryPreconditioningRequest,1738536071000000000,1738536072000000000,1738536072000000000
BEV2_2025-02-03_drive1.csv,soc,SOCave292,1738561095000000000,1738561096000000000,1738561096000000000
BEV2_2025-02-03_drive1.csv,ambient_c,VCRIGHT_tempAmbientRaw,1738561095000000000,1738561096000000000,1738561096000000000
BEV2_2025-02-03_drive1.csv,pack_min_c,BMSminPackTemperature,1738561095000000000,1738561096000000000,1738561096000000000
BEV2_2025-02-03_drive1.csv,pack_max_c,BMSmaxPackTemperature,1738561095000000000,1738561096000000000,1738561096000000000
BEV2_2025-02-03_drive1.csv,preconditioning_request,UI_batteryPreconditioningRequest,1738561095000000000,1738561096000000000,1738561096000000000
BEV2_2025-02-03_drive2.csv,soc,SOCave292,1738562954000000000,1738562955000000000,1738562955000000000
BEV2_2025-02-03_drive2.csv,ambient_c,VCRIGHT_tempAmbientRaw,1738562954000000000,1738562955000000000,1738562955000000000
BEV2_2025-02-03_drive2.csv,pack_min_c,BMSminPackTemperature,1738562954000000000,1738562955000000000,1738562955000000000
BEV2_2025-02-03_drive2.csv,pack_max_c,BMSmaxPackTemperature,1738562954000000000,1738562955000000000,1738562955000000000
BEV2_2025-02-03_drive2.csv,preconditioning_request,UI_batteryPreconditioningRequest,1738562954000000000,1738562955000000000,1738562955000000000
BEV2_2025-02-03_drive3.csv,soc,SOCave292,1738563583000000000,1738563584000000000,1738563584000000000
BEV2_2025-02-03_drive3.csv,ambient_c,VCRIGHT_tempAmbientRaw,1738563583000000000,1738563584000000000,1738563584000000000
BEV2_2025-02-03_drive3.csv,pack_min_c,BMSminPackTemperature,1738563583000000000,1738563584000000000,1738563584000000000
BEV2_2025-02-03_drive3.csv,pack_max_c,BMSmaxPackTemperature,1738563583000000000,1738563584000000000,1738563584000000000
BEV2_2025-02-03_drive3.csv,preconditioning_request,UI_batteryPreconditioningRequest,1738563583000000000,1738563584000000000,1738563584000000000
BEV2_2025-02-03_drive4.csv,soc,SOCave292,1738571753000000000,1738571754000000000,1738571754000000000
BEV2_2025-02-03_drive4.csv,ambient_c,VCRIGHT_tempAmbientRaw,1738571753000000000,1738571754000000000,1738571754000000000
BEV2_2025-02-03_drive4.csv,pack_min_c,BMSminPackTemperature,1738571753000000000,1738571754000000000,1738571754000000000
BEV2_2025-02-03_drive4.csv,pack_max_c,BMSmaxPackTemperature,1738571753000000000,1738571754000000000,1738571754000000000
BEV2_2025-02-03_drive4.csv,preconditioning_request,UI_batteryPreconditioningRequest,1738571753000000000,1738571754000000000,1738571754000000000
BEV2_2025-02-03_drive5.csv,soc,SOCave292,1738598871000000000,1738598872000000000,1738598872000000000
BEV2_2025-02-03_drive5.csv,ambient_c,VCRIGHT_tempAmbientRaw,1738598871000000000,1738598872000000000,1738598872000000000
BEV2_2025-02-03_drive5.csv,pack_min_c,BMSminPackTemperature,1738598871000000000,1738598872000000000,1738598872000000000
BEV2_2025-02-03_drive5.csv,pack_max_c,BMSmaxPackTemperature,1738598871000000000,1738598872000000000,1738598872000000000
BEV2_2025-02-03_drive5.csv,preconditioning_request,UI_batteryPreconditioningRequest,1738598871000000000,1738598872000000000,1738598872000000000
BEV2_2025-02-03_drive6.csv,soc,SOCave292,1738611539000000000,1738611540000000000,1738611540000000000
BEV2_2025-02-03_drive6.csv,ambient_c,VCRIGHT_tempAmbientRaw,1738611539000000000,1738611540000000000,1738611540000000000
BEV2_2025-02-03_drive6.csv,pack_min_c,BMSminPackTemperature,1738611539000000000,1738611540000000000,1738611540000000000
BEV2_2025-02-03_drive6.csv,pack_max_c,BMSmaxPackTemperature,1738611539000000000,1738611540000000000,1738611540000000000
BEV2_2025-02-03_drive6.csv,preconditioning_request,UI_batteryPreconditioningRequest,1738611539000000000,1738611540000000000,1738611540000000000
BEV2_2025-02-03_drive7.csv,soc,SOCave292,1738625173000000000,1738625174000000000,1738625174000000000
BEV2_2025-02-03_drive7.csv,ambient_c,VCRIGHT_tempAmbientRaw,1738625173000000000,1738625174000000000,1738625174000000000
BEV2_2025-02-03_drive7.csv,pack_min_c,BMSminPackTemperature,1738625173000000000,1738625174000000000,1738625174000000000
BEV2_2025-02-03_drive7.csv,pack_max_c,BMSmaxPackTemperature,1738625173000000000,1738625174000000000,1738625174000000000
BEV2_2025-02-03_drive7.csv,preconditioning_request,UI_batteryPreconditioningRequest,1738625173000000000,1738625174000000000,1738625174000000000
BEV2_2025-02-04_drive1.csv,soc,SOCave292,1738650984000000000,1738650985000000000,1738650985000000000
BEV2_2025-02-04_drive1.csv,ambient_c,VCRIGHT_tempAmbientRaw,1738650984000000000,1738650985000000000,1738650985000000000
BEV2_2025-02-04_drive1.csv,pack_min_c,BMSminPackTemperature,1738650984000000000,1738650985000000000,1738650985000000000
BEV2_2025-02-04_drive1.csv,pack_max_c,BMSmaxPackTemperature,1738650984000000000,1738650985000000000,1738650985000000000
BEV2_2025-02-04_drive1.csv,preconditioning_request,UI_batteryPreconditioningRequest,1738650984000000000,1738650985000000000,1738650985000000000
BEV2_2025-02-04_drive2.csv,soc,SOCave292,1738653408000000000,1738653409000000000,1738653409000000000
BEV2_2025-02-04_drive2.csv,ambient_c,VCRIGHT_tempAmbientRaw,1738653408000000000,1738653409000000000,1738653409000000000
BEV2_2025-02-04_drive2.csv,pack_min_c,BMSminPackTemperature,1738653408000000000,1738653409000000000,1738653409000000000
BEV2_2025-02-04_drive2.csv,pack_max_c,BMSmaxPackTemperature,1738653408000000000,1738653409000000000,1738653409000000000
BEV2_2025-02-04_drive2.csv,preconditioning_request,UI_batteryPreconditioningRequest,1738653408000000000,1738653409000000000,1738653409000000000
BEV2_2025-02-04_drive3.csv,soc,SOCave292,1738676139000000000,1738676140000000000,1738676140000000000
BEV2_2025-02-04_drive3.csv,ambient_c,VCRIGHT_tempAmbientRaw,1738676139000000000,1738676140000000000,1738676140000000000
BEV2_2025-02-04_drive3.csv,pack_min_c,BMSminPackTemperature,1738676139000000000,1738676140000000000,1738676140000000000
BEV2_2025-02-04_drive3.csv,pack_max_c,BMSmaxPackTemperature,1738676139000000000,1738676140000000000,1738676140000000000
BEV2_2025-02-04_drive3.csv,preconditioning_request,UI_batteryPreconditioningRequest,1738676139000000000,1738676140000000000,1738676140000000000
BEV2_2025-02-04_drive4.csv,soc,SOCave292,1738685613000000000,1738685614000000000,1738685614000000000
BEV2_2025-02-04_drive4.csv,ambient_c,VCRIGHT_tempAmbientRaw,1738685613000000000,1738685614000000000,1738685614000000000
BEV2_2025-02-04_drive4.csv,pack_min_c,BMSminPackTemperature,1738685613000000000,1738685614000000000,1738685614000000000
BEV2_2025-02-04_drive4.csv,pack_max_c,BMSmaxPackTemperature,1738685613000000000,1738685614000000000,1738685614000000000
BEV2_2025-02-04_drive4.csv,preconditioning_request,UI_batteryPreconditioningRequest,1738685613000000000,1738685614000000000,1738685614000000000
BEV2_2025-02-05_drive1.csv,soc,SOCave292,1738749888000000000,1738749889000000000,1738749889000000000
BEV2_2025-02-05_drive1.csv,ambient_c,VCRIGHT_tempAmbientRaw,1738749888000000000,1738749889000000000,1738749889000000000
BEV2_2025-02-05_drive1.csv,pack_min_c,BMSminPackTemperature,1738749888000000000,1738749889000000000,1738749889000000000
BEV2_2025-02-05_drive1.csv,pack_max_c,BMSmaxPackTemperature,1738749888000000000,1738749889000000000,1738749889000000000
BEV2_2025-02-05_drive1.csv,preconditioning_request,UI_batteryPreconditioningRequest,1738749888000000000,1738749889000000000,1738749889000000000
BEV2_2025-02-05_drive2.csv,soc,SOCave292,1738773959000000000,1738773960000000000,1738773960000000000
BEV2_2025-02-05_drive2.csv,ambient_c,VCRIGHT_tempAmbientRaw,1738773959000000000,1738773960000000000,1738773960000000000
BEV2_2025-02-05_drive2.csv,pack_min_c,BMSminPackTemperature,1738773959000000000,1738773960000000000,1738773960000000000
BEV2_2025-02-05_drive2.csv,pack_max_c,BMSmaxPackTemperature,1738773959000000000,1738773960000000000,1738773960000000000
BEV2_2025-02-05_drive2.csv,preconditioning_request,UI_batteryPreconditioningRequest,1738773959000000000,1738773960000000000,1738773960000000000
BEV2_2025-02-06_drive1.csv,soc,SOCave292,1738825517000000000,1738825518000000000,1738825518000000000
BEV2_2025-02-06_drive1.csv,ambient_c,VCRIGHT_tempAmbientRaw,1738825517000000000,1738825518000000000,1738825518000000000
BEV2_2025-02-06_drive1.csv,pack_min_c,BMSminPackTemperature,1738825517000000000,1738825518000000000,1738825518000000000
BEV2_2025-02-06_drive1.csv,pack_max_c,BMSmaxPackTemperature,1738825517000000000,1738825518000000000,1738825518000000000
BEV2_2025-02-06_drive1.csv,preconditioning_request,UI_batteryPreconditioningRequest,1738825517000000000,1738825518000000000,1738825518000000000
BEV2_2025-02-06_drive2.csv,soc,SOCave292,1738859081000000000,1738859082000000000,1738859082000000000
BEV2_2025-02-06_drive2.csv,ambient_c,VCRIGHT_tempAmbientRaw,1738859081000000000,1738859082000000000,1738859082000000000
BEV2_2025-02-06_drive2.csv,pack_min_c,BMSminPackTemperature,1738859081000000000,1738859082000000000,1738859082000000000
BEV2_2025-02-06_drive2.csv,pack_max_c,BMSmaxPackTemperature,1738859081000000000,1738859082000000000,1738859082000000000
BEV2_2025-02-06_drive2.csv,preconditioning_request,UI_batteryPreconditioningRequest,1738859081000000000,1738859082000000000,1738859082000000000
BEV2_2025-02-07_drive1.csv,soc,SOCave292,1738934983000000000,1738934984000000000,1738934984000000000
BEV2_2025-02-07_drive1.csv,ambient_c,VCRIGHT_tempAmbientRaw,1738934983000000000,1738934984000000000,1738934984000000000
BEV2_2025-02-07_drive1.csv,pack_min_c,BMSminPackTemperature,1738934983000000000,1738934984000000000,1738934984000000000
BEV2_2025-02-07_drive1.csv,pack_max_c,BMSmaxPackTemperature,1738934983000000000,1738934984000000000,1738934984000000000
BEV2_2025-02-07_drive2.csv,soc,SOCave292,1738939327000000000,1738939328000000000,1738939328000000000
BEV2_2025-02-07_drive2.csv,ambient_c,VCRIGHT_tempAmbientRaw,1738939327000000000,1738939328000000000,1738939328000000000
BEV2_2025-02-07_drive2.csv,pack_min_c,BMSminPackTemperature,1738939327000000000,1738939328000000000,1738939328000000000
BEV2_2025-02-07_drive2.csv,pack_max_c,BMSmaxPackTemperature,1738939327000000000,1738939328000000000,1738939328000000000
BEV2_2025-02-07_drive2.csv,preconditioning_request,UI_batteryPreconditioningRequest,1738939327000000000,1738939328000000000,1738939328000000000
BEV2_2025-02-07_drive3.csv,soc,SOCave292,1738944817000000000,1738944818000000000,1738944818000000000
BEV2_2025-02-07_drive3.csv,pack_min_c,BMSminPackTemperature,1738944817000000000,1738944818000000000,1738944818000000000
BEV2_2025-02-07_drive3.csv,pack_max_c,BMSmaxPackTemperature,1738944817000000000,1738944818000000000,1738944818000000000
BEV2_2025-02-09_drive1.csv,soc,SOCave292,1739129407000000000,1739129408000000000,1739129408000000000
BEV2_2025-02-09_drive1.csv,ambient_c,VCRIGHT_tempAmbientRaw,1739129407000000000,1739129408000000000,1739129408000000000
BEV2_2025-02-09_drive1.csv,pack_min_c,BMSminPackTemperature,1739129407000000000,1739129408000000000,1739129408000000000
BEV2_2025-02-09_drive1.csv,pack_max_c,BMSmaxPackTemperature,1739129407000000000,1739129408000000000,1739129408000000000
BEV2_2025-02-09_drive1.csv,preconditioning_request,UI_batteryPreconditioningRequest,1739129407000000000,1739129408000000000,1739129408000000000
BEV2_2025-02-11_drive1.csv,soc,SOCave292,1739254220000000000,1739254221000000000,1739254221000000000
BEV2_2025-02-11_drive1.csv,ambient_c,VCRIGHT_tempAmbientRaw,1739254220000000000,1739254221000000000,1739254221000000000
BEV2_2025-02-11_drive1.csv,pack_min_c,BMSminPackTemperature,1739254220000000000,1739254221000000000,1739254221000000000
BEV2_2025-02-11_drive1.csv,pack_max_c,BMSmaxPackTemperature,1739254220000000000,1739254221000000000,1739254221000000000
BEV2_2025-02-11_drive1.csv,preconditioning_request,UI_batteryPreconditioningRequest,1739254220000000000,1739254221000000000,1739254221000000000
BEV2_2025-02-11_drive2.csv,soc,SOCave292,1739304604000000000,1739304605000000000,1739304605000000000
BEV2_2025-02-11_drive2.csv,ambient_c,VCRIGHT_tempAmbientRaw,1739304604000000000,1739304605000000000,1739304605000000000
BEV2_2025-02-11_drive2.csv,pack_min_c,BMSminPackTemperature,1739304604000000000,1739304605000000000,1739304605000000000
BEV2_2025-02-11_drive2.csv,pack_max_c,BMSmaxPackTemperature,1739304604000000000,1739304605000000000,1739304605000000000
BEV2_2025-02-11_drive2.csv,preconditioning_request,UI_batteryPreconditioningRequest,1739304604000000000,1739304605000000000,1739304605000000000
BEV2_2025-02-12_drive1.csv,soc,SOCave292,1739342718000000000,1739342719000000000,1739342719000000000
BEV2_2025-02-12_drive1.csv,ambient_c,VCRIGHT_tempAmbientRaw,1739342718000000000,1739342719000000000,1739342719000000000
BEV2_2025-02-12_drive1.csv,pack_min_c,BMSminPackTemperature,1739342718000000000,1739342719000000000,1739342719000000000
BEV2_2025-02-12_drive1.csv,pack_max_c,BMSmaxPackTemperature,1739342718000000000,1739342719000000000,1739342719000000000
BEV2_2025-02-12_drive1.csv,preconditioning_request,UI_batteryPreconditioningRequest,1739342718000000000,1739342719000000000,1739342719000000000
BEV2_2025-02-12_drive2.csv,soc,SOCave292,1739380255000000000,1739380256000000000,1739380256000000000
BEV2_2025-02-12_drive2.csv,ambient_c,VCRIGHT_tempAmbientRaw,1739380255000000000,1739380256000000000,1739380256000000000
BEV2_2025-02-12_drive2.csv,pack_min_c,BMSminPackTemperature,1739380255000000000,1739380256000000000,1739380256000000000
BEV2_2025-02-12_drive2.csv,pack_max_c,BMSmaxPackTemperature,1739380255000000000,1739380256000000000,1739380256000000000
BEV2_2025-02-12_drive2.csv,preconditioning_request,UI_batteryPreconditioningRequest,1739380255000000000,1739380256000000000,1739380256000000000
BEV2_2025-02-12_drive3.csv,soc,SOCave292,1739392705000000000,1739392706000000000,1739392706000000000
BEV2_2025-02-12_drive3.csv,ambient_c,VCRIGHT_tempAmbientRaw,1739392705000000000,1739392706000000000,1739392706000000000
BEV2_2025-02-12_drive3.csv,pack_min_c,BMSminPackTemperature,1739392705000000000,1739392706000000000,1739392706000000000
BEV2_2025-02-12_drive3.csv,pack_max_c,BMSmaxPackTemperature,1739392705000000000,1739392706000000000,1739392706000000000
BEV2_2025-02-12_drive3.csv,preconditioning_request,UI_batteryPreconditioningRequest,1739392705000000000,1739392706000000000,1739392706000000000
BEV2_2025-02-14_drive1.csv,soc,SOCave292,1739546739000000000,1739546740000000000,1739546740000000000
BEV2_2025-02-14_drive1.csv,ambient_c,VCRIGHT_tempAmbientRaw,1739546739000000000,1739546740000000000,1739546740000000000
BEV2_2025-02-14_drive1.csv,pack_min_c,BMSminPackTemperature,1739546739000000000,1739546740000000000,1739546740000000000
BEV2_2025-02-14_drive1.csv,pack_max_c,BMSmaxPackTemperature,1739546739000000000,1739546740000000000,1739546740000000000
BEV2_2025-02-14_drive1.csv,preconditioning_request,UI_batteryPreconditioningRequest,1739546739000000000,1739546740000000000,1739546740000000000
BEV2_2025-02-14_drive2.csv,soc,SOCave292,1739549227000000000,1739549228000000000,1739549228000000000
BEV2_2025-02-14_drive2.csv,ambient_c,VCRIGHT_tempAmbientRaw,1739549227000000000,1739549228000000000,1739549228000000000
BEV2_2025-02-14_drive2.csv,pack_min_c,BMSminPackTemperature,1739549227000000000,1739549228000000000,1739549228000000000
BEV2_2025-02-14_drive2.csv,pack_max_c,BMSmaxPackTemperature,1739549227000000000,1739549228000000000,1739549228000000000
BEV2_2025-02-14_drive2.csv,preconditioning_request,UI_batteryPreconditioningRequest,1739549227000000000,1739549228000000000,1739549228000000000
BEV2_2025-02-15_drive1.csv,soc,SOCave292,1739609069000000000,1739609070000000000,1739609070000000000
BEV2_2025-02-15_drive1.csv,ambient_c,VCRIGHT_tempAmbientRaw,1739609069000000000,1739609070000000000,1739609070000000000
BEV2_2025-02-15_drive1.csv,pack_min_c,BMSminPackTemperature,1739609069000000000,1739609070000000000,1739609070000000000
BEV2_2025-02-15_drive1.csv,pack_max_c,BMSmaxPackTemperature,1739609069000000000,1739609070000000000,1739609070000000000
BEV2_2025-02-15_drive2.csv,soc,SOCave292,1739613376000000000,1739613377000000000,1739613377000000000
BEV2_2025-02-15_drive2.csv,ambient_c,VCRIGHT_tempAmbientRaw,1739613376000000000,1739613377000000000,1739613377000000000
BEV2_2025-02-15_drive2.csv,pack_min_c,BMSminPackTemperature,1739613376000000000,1739613377000000000,1739613377000000000
BEV2_2025-02-15_drive2.csv,pack_max_c,BMSmaxPackTemperature,1739613376000000000,1739613377000000000,1739613377000000000
BEV2_2025-02-15_drive2.csv,preconditioning_request,UI_batteryPreconditioningRequest,1739613376000000000,1739613377000000000,1739613377000000000
BEV2_2025-02-15_drive3.csv,soc,SOCave292,1739623968000000000,1739623969000000000,1739623969000000000
BEV2_2025-02-15_drive3.csv,ambient_c,VCRIGHT_tempAmbientRaw,1739623968000000000,1739623969000000000,1739623969000000000
BEV2_2025-02-15_drive3.csv,pack_min_c,BMSminPackTemperature,1739623968000000000,1739623969000000000,1739623969000000000
BEV2_2025-02-15_drive3.csv,pack_max_c,BMSmaxPackTemperature,1739623968000000000,1739623969000000000,1739623969000000000
BEV2_2025-02-15_drive3.csv,preconditioning_request,UI_batteryPreconditioningRequest,1739623968000000000,1739623969000000000,1739623969000000000
BEV2_2025-02-15_drive4.csv,soc,SOCave292,1739639370000000000,1739639371000000000,1739639371000000000
BEV2_2025-02-15_drive4.csv,ambient_c,VCRIGHT_tempAmbientRaw,1739639370000000000,1739639371000000000,1739639371000000000
BEV2_2025-02-15_drive4.csv,pack_min_c,BMSminPackTemperature,1739639370000000000,1739639371000000000,1739639371000000000
BEV2_2025-02-15_drive4.csv,pack_max_c,BMSmaxPackTemperature,1739639370000000000,1739639371000000000,1739639371000000000
BEV2_2025-02-15_drive4.csv,preconditioning_request,UI_batteryPreconditioningRequest,1739639370000000000,1739639371000000000,1739639371000000000
BEV2_2025-02-15_drive5.csv,soc,SOCave292,1739643435000000000,1739643436000000000,1739643436000000000
BEV2_2025-02-15_drive5.csv,ambient_c,VCRIGHT_tempAmbientRaw,1739643435000000000,1739643436000000000,1739643436000000000
BEV2_2025-02-15_drive5.csv,pack_min_c,BMSminPackTemperature,1739643435000000000,1739643436000000000,1739643436000000000
BEV2_2025-02-15_drive5.csv,pack_max_c,BMSmaxPackTemperature,1739643435000000000,1739643436000000000,1739643436000000000
BEV2_2025-02-15_drive5.csv,preconditioning_request,UI_batteryPreconditioningRequest,1739643435000000000,1739643436000000000,1739643436000000000
BEV2_2025-02-15_drive6.csv,soc,SOCave292,1739653575000000000,1739653576000000000,1739653576000000000
BEV2_2025-02-15_drive6.csv,ambient_c,VCRIGHT_tempAmbientRaw,1739653575000000000,1739653576000000000,1739653576000000000
BEV2_2025-02-15_drive6.csv,pack_min_c,BMSminPackTemperature,1739653575000000000,1739653576000000000,1739653576000000000
BEV2_2025-02-15_drive6.csv,pack_max_c,BMSmaxPackTemperature,1739653575000000000,1739653576000000000,1739653576000000000
BEV2_2025-02-15_drive6.csv,preconditioning_request,UI_batteryPreconditioningRequest,1739653575000000000,1739653576000000000,1739653576000000000
BEV2_2025-02-16_drive1.csv,soc,SOCave292,1739696592000000000,1739696593000000000,1739696593000000000
BEV2_2025-02-16_drive1.csv,ambient_c,VCRIGHT_tempAmbientRaw,1739696592000000000,1739696593000000000,1739696593000000000
BEV2_2025-02-16_drive1.csv,pack_min_c,BMSminPackTemperature,1739696592000000000,1739696593000000000,1739696593000000000
BEV2_2025-02-16_drive1.csv,pack_max_c,BMSmaxPackTemperature,1739696592000000000,1739696593000000000,1739696593000000000
BEV2_2025-02-16_drive1.csv,preconditioning_request,UI_batteryPreconditioningRequest,1739696592000000000,1739696593000000000,1739696593000000000
BEV2_2025-02-16_drive2.csv,soc,SOCave292,1739704037000000000,1739704038000000000,1739704038000000000
BEV2_2025-02-16_drive2.csv,ambient_c,VCRIGHT_tempAmbientRaw,1739704037000000000,1739704038000000000,1739704038000000000
BEV2_2025-02-16_drive2.csv,pack_min_c,BMSminPackTemperature,1739704037000000000,1739704038000000000,1739704038000000000
BEV2_2025-02-16_drive2.csv,pack_max_c,BMSmaxPackTemperature,1739704037000000000,1739704038000000000,1739704038000000000
BEV2_2025-02-16_drive2.csv,preconditioning_request,UI_batteryPreconditioningRequest,1739704037000000000,1739704038000000000,1739704038000000000
BEV2_2025-02-16_drive3.csv,soc,SOCave292,1739710221000000000,1739710222000000000,1739710222000000000
BEV2_2025-02-16_drive3.csv,ambient_c,VCRIGHT_tempAmbientRaw,1739710221000000000,1739710222000000000,1739710222000000000
BEV2_2025-02-16_drive3.csv,pack_min_c,BMSminPackTemperature,1739710221000000000,1739710222000000000,1739710222000000000
BEV2_2025-02-16_drive3.csv,pack_max_c,BMSmaxPackTemperature,1739710221000000000,1739710222000000000,1739710222000000000
BEV2_2025-02-16_drive3.csv,preconditioning_request,UI_batteryPreconditioningRequest,1739710221000000000,1739710222000000000,1739710222000000000
BEV2_2025-02-16_drive4.csv,soc,SOCave292,1739722155000000000,1739722156000000000,1739722156000000000
BEV2_2025-02-16_drive4.csv,ambient_c,VCRIGHT_tempAmbientRaw,1739722155000000000,1739722156000000000,1739722156000000000
BEV2_2025-02-16_drive4.csv,pack_min_c,BMSminPackTemperature,1739722155000000000,1739722156000000000,1739722156000000000
BEV2_2025-02-16_drive4.csv,pack_max_c,BMSmaxPackTemperature,1739722155000000000,1739722156000000000,1739722156000000000
BEV2_2025-02-16_drive4.csv,preconditioning_request,UI_batteryPreconditioningRequest,1739722155000000000,1739722156000000000,1739722156000000000
BEV2_2025-02-16_drive6.csv,soc,SOCave292,1739730988000000000,1739730989000000000,1739730989000000000
BEV2_2025-02-16_drive6.csv,ambient_c,VCRIGHT_tempAmbientRaw,1739730988000000000,1739730989000000000,1739730989000000000
BEV2_2025-02-16_drive6.csv,pack_min_c,BMSminPackTemperature,1739730988000000000,1739730989000000000,1739730989000000000
BEV2_2025-02-16_drive6.csv,pack_max_c,BMSmaxPackTemperature,1739730988000000000,1739730989000000000,1739730989000000000
BEV2_2025-02-16_drive6.csv,preconditioning_request,UI_batteryPreconditioningRequest,1739730988000000000,1739730989000000000,1739730989000000000
BEV2_2025-02-16_drive7.csv,soc,SOCave292,1739737421000000000,1739737422000000000,1739737422000000000
BEV2_2025-02-16_drive7.csv,ambient_c,VCRIGHT_tempAmbientRaw,1739737421000000000,1739737422000000000,1739737422000000000
BEV2_2025-02-16_drive7.csv,pack_min_c,BMSminPackTemperature,1739737421000000000,1739737422000000000,1739737422000000000
BEV2_2025-02-16_drive7.csv,pack_max_c,BMSmaxPackTemperature,1739737421000000000,1739737422000000000,1739737422000000000
BEV2_2025-02-16_drive7.csv,preconditioning_request,UI_batteryPreconditioningRequest,1739737421000000000,1739737422000000000,1739737422000000000
BEV2_2025-02-16_drive8.csv,soc,SOCave292,1739738731000000000,1739738732000000000,1739738732000000000
BEV2_2025-02-16_drive8.csv,ambient_c,VCRIGHT_tempAmbientRaw,1739738731000000000,1739738732000000000,1739738732000000000
BEV2_2025-02-16_drive8.csv,pack_min_c,BMSminPackTemperature,1739738731000000000,1739738732000000000,1739738732000000000
BEV2_2025-02-16_drive8.csv,pack_max_c,BMSmaxPackTemperature,1739738731000000000,1739738732000000000,1739738732000000000
BEV2_2025-02-16_drive8.csv,preconditioning_request,UI_batteryPreconditioningRequest,1739738731000000000,1739738732000000000,1739738732000000000
BEV2_2025-02-17_drive1.csv,soc,SOCave292,1739774472000000000,1739774473000000000,1739774473000000000
BEV2_2025-02-17_drive1.csv,ambient_c,VCRIGHT_tempAmbientRaw,1739774472000000000,1739774473000000000,1739774473000000000
BEV2_2025-02-17_drive1.csv,pack_min_c,BMSminPackTemperature,1739774472000000000,1739774473000000000,1739774473000000000
BEV2_2025-02-17_drive1.csv,pack_max_c,BMSmaxPackTemperature,1739774472000000000,1739774473000000000,1739774473000000000
BEV2_2025-02-17_drive1.csv,preconditioning_request,UI_batteryPreconditioningRequest,1739774472000000000,1739774473000000000,1739774473000000000
BEV2_2025-02-17_drive2.csv,soc,SOCave292,1739791545000000000,1739791546000000000,1739791546000000000
BEV2_2025-02-17_drive2.csv,ambient_c,VCRIGHT_tempAmbientRaw,1739791545000000000,1739791546000000000,1739791546000000000
BEV2_2025-02-17_drive2.csv,pack_min_c,BMSminPackTemperature,1739791545000000000,1739791546000000000,1739791546000000000
BEV2_2025-02-17_drive2.csv,pack_max_c,BMSmaxPackTemperature,1739791545000000000,1739791546000000000,1739791546000000000
BEV2_2025-02-17_drive2.csv,preconditioning_request,UI_batteryPreconditioningRequest,1739791545000000000,1739791546000000000,1739791546000000000
BEV2_2025-02-17_drive3.csv,soc,SOCave292,1739800546000000000,1739800547000000000,1739800547000000000
BEV2_2025-02-17_drive3.csv,ambient_c,VCRIGHT_tempAmbientRaw,1739800546000000000,1739800547000000000,1739800547000000000
BEV2_2025-02-17_drive3.csv,pack_min_c,BMSminPackTemperature,1739800546000000000,1739800547000000000,1739800547000000000
BEV2_2025-02-17_drive3.csv,pack_max_c,BMSmaxPackTemperature,1739800546000000000,1739800547000000000,1739800547000000000
BEV2_2025-02-17_drive3.csv,preconditioning_request,UI_batteryPreconditioningRequest,1739800546000000000,1739800547000000000,1739800547000000000
BEV2_2025-02-19_drive1.csv,soc,SOCave292,1739955510000000000,1739955511000000000,1739955511000000000
BEV2_2025-02-19_drive1.csv,ambient_c,VCRIGHT_tempAmbientRaw,1739955510000000000,1739955511000000000,1739955511000000000
BEV2_2025-02-19_drive1.csv,pack_min_c,BMSminPackTemperature,1739955510000000000,1739955511000000000,1739955511000000000
BEV2_2025-02-19_drive1.csv,pack_max_c,BMSmaxPackTemperature,1739955510000000000,1739955511000000000,1739955511000000000
BEV2_2025-02-19_drive1.csv,preconditioning_request,UI_batteryPreconditioningRequest,1739955510000000000,1739955511000000000,1739955511000000000
BEV2_2025-02-19_drive2.csv,soc,SOCave292,1739981220000000000,1739981221000000000,1739981221000000000
BEV2_2025-02-19_drive2.csv,ambient_c,VCRIGHT_tempAmbientRaw,1739981220000000000,1739981221000000000,1739981221000000000
BEV2_2025-02-19_drive2.csv,pack_min_c,BMSminPackTemperature,1739981220000000000,1739981221000000000,1739981221000000000
BEV2_2025-02-19_drive2.csv,pack_max_c,BMSmaxPackTemperature,1739981220000000000,1739981221000000000,1739981221000000000
BEV2_2025-02-19_drive2.csv,preconditioning_request,UI_batteryPreconditioningRequest,1739981220000000000,1739981221000000000,1739981221000000000
BEV2_2025-02-21_drive1.csv,soc,SOCave292,1740160361000000000,1740160362000000000,1740160362000000000
BEV2_2025-02-21_drive1.csv,ambient_c,VCRIGHT_tempAmbientRaw,1740160361000000000,1740160362000000000,1740160362000000000
BEV2_2025-02-21_drive1.csv,pack_min_c,BMSminPackTemperature,1740160361000000000,1740160362000000000,1740160362000000000
BEV2_2025-02-21_drive1.csv,pack_max_c,BMSmaxPackTemperature,1740160361000000000,1740160362000000000,1740160362000000000
BEV2_2025-02-21_drive1.csv,preconditioning_request,UI_batteryPreconditioningRequest,1740160361000000000,1740160362000000000,1740160362000000000
BEV2_2025-02-22_drive1.csv,soc,SOCave292,1740220902000000000,1740220903000000000,1740220903000000000
BEV2_2025-02-22_drive1.csv,ambient_c,VCRIGHT_tempAmbientRaw,1740220902000000000,1740220903000000000,1740220903000000000
BEV2_2025-02-22_drive1.csv,pack_min_c,BMSminPackTemperature,1740220902000000000,1740220903000000000,1740220903000000000
BEV2_2025-02-22_drive1.csv,pack_max_c,BMSmaxPackTemperature,1740220902000000000,1740220903000000000,1740220903000000000
BEV2_2025-02-22_drive1.csv,preconditioning_request,UI_batteryPreconditioningRequest,1740220902000000000,1740220903000000000,1740220903000000000
BEV2_2025-02-23_drive1.csv,soc,SOCave292,1740299870000000000,1740299871000000000,1740299871000000000
BEV2_2025-02-23_drive1.csv,ambient_c,VCRIGHT_tempAmbientRaw,1740299870000000000,1740299871000000000,1740299871000000000
BEV2_2025-02-23_drive1.csv,pack_min_c,BMSminPackTemperature,1740299870000000000,1740299871000000000,1740299871000000000
BEV2_2025-02-23_drive1.csv,pack_max_c,BMSmaxPackTemperature,1740299870000000000,1740299871000000000,1740299871000000000
BEV2_2025-02-23_drive1.csv,preconditioning_request,UI_batteryPreconditioningRequest,1740299870000000000,1740299871000000000,1740299871000000000
BEV2_2025-02-24_drive1.csv,soc,SOCave292,1740409854000000000,1740409855000000000,1740409855000000000
BEV2_2025-02-24_drive1.csv,ambient_c,VCRIGHT_tempAmbientRaw,1740409854000000000,1740409855000000000,1740409855000000000
BEV2_2025-02-24_drive1.csv,pack_min_c,BMSminPackTemperature,1740409854000000000,1740409855000000000,1740409855000000000
BEV2_2025-02-24_drive1.csv,pack_max_c,BMSmaxPackTemperature,1740409854000000000,1740409855000000000,1740409855000000000
BEV2_2025-02-24_drive1.csv,preconditioning_request,UI_batteryPreconditioningRequest,1740409854000000000,1740409855000000000,1740409855000000000
BEV2_2025-02-24_drive2.csv,soc,SOCave292,1740411572000000000,1740411573000000000,1740411573000000000
BEV2_2025-02-24_drive2.csv,ambient_c,VCRIGHT_tempAmbientRaw,1740411572000000000,1740411573000000000,1740411573000000000
BEV2_2025-02-24_drive2.csv,pack_min_c,BMSminPackTemperature,1740411572000000000,1740411573000000000,1740411573000000000
BEV2_2025-02-24_drive2.csv,pack_max_c,BMSmaxPackTemperature,1740411572000000000,1740411573000000000,1740411573000000000
BEV2_2025-02-24_drive2.csv,preconditioning_request,UI_batteryPreconditioningRequest,1740411572000000000,1740411573000000000,1740411573000000000
BEV2_2025-02-26_drive1.csv,soc,SOCave292,1740555993000000000,1740555994000000000,1740555994000000000
BEV2_2025-02-26_drive1.csv,ambient_c,VCRIGHT_tempAmbientRaw,1740555993000000000,1740555994000000000,1740555994000000000
BEV2_2025-02-26_drive1.csv,pack_min_c,BMSminPackTemperature,1740555993000000000,1740555994000000000,1740555994000000000
BEV2_2025-02-26_drive1.csv,pack_max_c,BMSmaxPackTemperature,1740555993000000000,1740555994000000000,1740555994000000000
BEV2_2025-02-26_drive1.csv,preconditioning_request,UI_batteryPreconditioningRequest,1740555993000000000,1740555994000000000,1740555994000000000
BEV2_2025-02-26_drive2.csv,soc,SOCave292,1740590655000000000,1740590656000000000,1740590656000000000
BEV2_2025-02-26_drive2.csv,ambient_c,VCRIGHT_tempAmbientRaw,1740590655000000000,1740590656000000000,1740590656000000000
BEV2_2025-02-26_drive2.csv,pack_min_c,BMSminPackTemperature,1740590655000000000,1740590656000000000,1740590656000000000
BEV2_2025-02-26_drive2.csv,pack_max_c,BMSmaxPackTemperature,1740590655000000000,1740590656000000000,1740590656000000000
BEV2_2025-02-26_drive2.csv,preconditioning_request,UI_batteryPreconditioningRequest,1740590655000000000,1740590656000000000,1740590656000000000
BEV2_2025-02-27_drive1.csv,soc,SOCave292,1740638393000000000,1740638394000000000,1740638394000000000
BEV2_2025-02-27_drive1.csv,ambient_c,VCRIGHT_tempAmbientRaw,1740638393000000000,1740638394000000000,1740638394000000000
BEV2_2025-02-27_drive1.csv,pack_min_c,BMSminPackTemperature,1740638393000000000,1740638394000000000,1740638394000000000
BEV2_2025-02-27_drive1.csv,pack_max_c,BMSmaxPackTemperature,1740638393000000000,1740638394000000000,1740638394000000000
BEV2_2025-02-27_drive1.csv,preconditioning_request,UI_batteryPreconditioningRequest,1740638393000000000,1740638394000000000,1740638394000000000
BEV2_2025-02-27_drive2.csv,soc,SOCave292,1740639086000000000,1740639087000000000,1740639087000000000
BEV2_2025-02-27_drive2.csv,ambient_c,VCRIGHT_tempAmbientRaw,1740639086000000000,1740639087000000000,1740639087000000000
BEV2_2025-02-27_drive2.csv,pack_min_c,BMSminPackTemperature,1740639086000000000,1740639087000000000,1740639087000000000
BEV2_2025-02-27_drive2.csv,pack_max_c,BMSmaxPackTemperature,1740639086000000000,1740639087000000000,1740639087000000000
BEV2_2025-02-27_drive2.csv,preconditioning_request,UI_batteryPreconditioningRequest,1740639086000000000,1740639087000000000,1740639087000000000
BEV2_2025-02-27_drive3.csv,soc,SOCave292,1740675275000000000,1740675276000000000,1740675276000000000
BEV2_2025-02-27_drive3.csv,ambient_c,VCRIGHT_tempAmbientRaw,1740675275000000000,1740675276000000000,1740675276000000000
BEV2_2025-02-27_drive3.csv,pack_min_c,BMSminPackTemperature,1740675275000000000,1740675276000000000,1740675276000000000
BEV2_2025-02-27_drive3.csv,pack_max_c,BMSmaxPackTemperature,1740675275000000000,1740675276000000000,1740675276000000000
BEV2_2025-02-27_drive3.csv,preconditioning_request,UI_batteryPreconditioningRequest,1740675275000000000,1740675276000000000,1740675276000000000
BEV2_2025-02-27_drive4.csv,soc,SOCave292,1740676449000000000,1740676450000000000,1740676450000000000
BEV2_2025-02-27_drive4.csv,ambient_c,VCRIGHT_tempAmbientRaw,1740676449000000000,1740676450000000000,1740676450000000000
BEV2_2025-02-27_drive4.csv,pack_min_c,BMSminPackTemperature,1740676449000000000,1740676450000000000,1740676450000000000
BEV2_2025-02-27_drive4.csv,pack_max_c,BMSmaxPackTemperature,1740676449000000000,1740676450000000000,1740676450000000000
BEV2_2025-02-28_drive1.csv,soc,SOCave292,1740725601000000000,1740725602000000000,1740725602000000000
BEV2_2025-02-28_drive1.csv,ambient_c,VCRIGHT_tempAmbientRaw,1740725601000000000,1740725602000000000,1740725602000000000
BEV2_2025-02-28_drive1.csv,pack_min_c,BMSminPackTemperature,1740725601000000000,1740725602000000000,1740725602000000000
BEV2_2025-02-28_drive1.csv,pack_max_c,BMSmaxPackTemperature,1740725601000000000,1740725602000000000,1740725602000000000
BEV2_2025-02-28_drive1.csv,preconditioning_request,UI_batteryPreconditioningRequest,1740725601000000000,1740725602000000000,1740725602000000000
BEV2_2025-02-28_drive2.csv,soc,SOCave292,1740732916000000000,1740732917000000000,1740732917000000000
BEV2_2025-02-28_drive2.csv,ambient_c,VCRIGHT_tempAmbientRaw,1740732916000000000,1740732917000000000,1740732917000000000
BEV2_2025-02-28_drive2.csv,pack_min_c,BMSminPackTemperature,1740732916000000000,1740732917000000000,1740732917000000000
BEV2_2025-02-28_drive2.csv,pack_max_c,BMSmaxPackTemperature,1740732916000000000,1740732917000000000,1740732917000000000
BEV2_2025-02-28_drive2.csv,preconditioning_request,UI_batteryPreconditioningRequest,1740732916000000000,1740732917000000000,1740732917000000000
BEV2_2025-02-28_drive3.csv,soc,SOCave292,1740733556000000000,1740733557000000000,1740733557000000000
BEV2_2025-02-28_drive3.csv,ambient_c,VCRIGHT_tempAmbientRaw,1740733556000000000,1740733557000000000,1740733557000000000
BEV2_2025-02-28_drive3.csv,pack_min_c,BMSminPackTemperature,1740733556000000000,1740733557000000000,1740733557000000000
BEV2_2025-02-28_drive3.csv,pack_max_c,BMSmaxPackTemperature,1740733556000000000,1740733557000000000,1740733557000000000
BEV2_2025-02-28_drive3.csv,preconditioning_request,UI_batteryPreconditioningRequest,1740733556000000000,1740733557000000000,1740733557000000000
BEV2_2025-02-28_drive4.csv,soc,SOCave292,1740740547000000000,1740740548000000000,1740740548000000000
BEV2_2025-02-28_drive4.csv,ambient_c,VCRIGHT_tempAmbientRaw,1740740547000000000,1740740548000000000,1740740548000000000
BEV2_2025-02-28_drive4.csv,pack_min_c,BMSminPackTemperature,1740740547000000000,1740740548000000000,1740740548000000000
BEV2_2025-02-28_drive4.csv,pack_max_c,BMSmaxPackTemperature,1740740547000000000,1740740548000000000,1740740548000000000
BEV2_2025-02-28_drive4.csv,preconditioning_request,UI_batteryPreconditioningRequest,1740740547000000000,1740740548000000000,1740740548000000000
BEV2_2025-02-28_drive5.csv,soc,SOCave292,1740767573000000000,1740767574000000000,1740767574000000000
BEV2_2025-02-28_drive5.csv,ambient_c,VCRIGHT_tempAmbientRaw,1740767573000000000,1740767574000000000,1740767574000000000
BEV2_2025-02-28_drive5.csv,pack_min_c,BMSminPackTemperature,1740767573000000000,1740767574000000000,1740767574000000000
BEV2_2025-02-28_drive5.csv,pack_max_c,BMSmaxPackTemperature,1740767573000000000,1740767574000000000,1740767574000000000
BEV2_2025-02-28_drive5.csv,preconditioning_request,UI_batteryPreconditioningRequest,1740767573000000000,1740767574000000000,1740767574000000000
BEV2_2025-03-02_drive1.csv,soc,SOCave292,1740906977000000000,1740906978000000000,1740906978000000000
BEV2_2025-03-02_drive1.csv,ambient_c,VCRIGHT_tempAmbientRaw,1740906977000000000,1740906978000000000,1740906978000000000
BEV2_2025-03-02_drive1.csv,pack_min_c,BMSminPackTemperature,1740906977000000000,1740906978000000000,1740906978000000000
BEV2_2025-03-02_drive1.csv,pack_max_c,BMSmaxPackTemperature,1740906977000000000,1740906978000000000,1740906978000000000
BEV2_2025-03-02_drive1.csv,preconditioning_request,UI_batteryPreconditioningRequest,1740906977000000000,1740906978000000000,1740906978000000000
BEV2_2025-03-02_drive2.csv,soc,SOCave292,1740908386000000000,1740908387000000000,1740908387000000000
BEV2_2025-03-02_drive2.csv,ambient_c,VCRIGHT_tempAmbientRaw,1740908386000000000,1740908387000000000,1740908387000000000
BEV2_2025-03-02_drive2.csv,pack_min_c,BMSminPackTemperature,1740908386000000000,1740908387000000000,1740908387000000000
BEV2_2025-03-02_drive2.csv,pack_max_c,BMSmaxPackTemperature,1740908386000000000,1740908387000000000,1740908387000000000
BEV2_2025-03-02_drive2.csv,preconditioning_request,UI_batteryPreconditioningRequest,1740908386000000000,1740908387000000000,1740908387000000000
BEV2_2025-03-02_drive3.csv,soc,SOCave292,1740919393000000000,1740919394000000000,1740919394000000000
BEV2_2025-03-02_drive3.csv,ambient_c,VCRIGHT_tempAmbientRaw,1740919393000000000,1740919394000000000,1740919394000000000
BEV2_2025-03-02_drive3.csv,pack_min_c,BMSminPackTemperature,1740919393000000000,1740919394000000000,1740919394000000000
BEV2_2025-03-02_drive3.csv,pack_max_c,BMSmaxPackTemperature,1740919393000000000,1740919394000000000,1740919394000000000
BEV2_2025-03-02_drive3.csv,preconditioning_request,UI_batteryPreconditioningRequest,1740919393000000000,1740919394000000000,1740919394000000000
BEV2_2025-03-02_drive4.csv,soc,SOCave292,1740925107000000000,1740925108000000000,1740925108000000000
BEV2_2025-03-02_drive4.csv,ambient_c,VCRIGHT_tempAmbientRaw,1740925107000000000,1740925108000000000,1740925108000000000
BEV2_2025-03-02_drive4.csv,pack_min_c,BMSminPackTemperature,1740925107000000000,1740925108000000000,1740925108000000000
BEV2_2025-03-02_drive4.csv,pack_max_c,BMSmaxPackTemperature,1740925107000000000,1740925108000000000,1740925108000000000
BEV2_2025-03-02_drive4.csv,preconditioning_request,UI_batteryPreconditioningRequest,1740925107000000000,1740925108000000000,1740925108000000000
BEV2_2025-03-02_drive5.csv,soc,SOCave292,1740937346000000000,1740937347000000000,1740937347000000000
BEV2_2025-03-02_drive5.csv,ambient_c,VCRIGHT_tempAmbientRaw,1740937346000000000,1740937347000000000,1740937347000000000
BEV2_2025-03-02_drive5.csv,pack_min_c,BMSminPackTemperature,1740937346000000000,1740937347000000000,1740937347000000000
BEV2_2025-03-02_drive5.csv,pack_max_c,BMSmaxPackTemperature,1740937346000000000,1740937347000000000,1740937347000000000
BEV2_2025-03-02_drive5.csv,preconditioning_request,UI_batteryPreconditioningRequest,1740937346000000000,1740937347000000000,1740937347000000000
BEV2_2025-03-02_drive6.csv,soc,SOCave292,1740953575000000000,1740953576000000000,1740953576000000000
BEV2_2025-03-02_drive6.csv,ambient_c,VCRIGHT_tempAmbientRaw,1740953575000000000,1740953576000000000,1740953576000000000
BEV2_2025-03-02_drive6.csv,pack_min_c,BMSminPackTemperature,1740953575000000000,1740953576000000000,1740953576000000000
BEV2_2025-03-02_drive6.csv,pack_max_c,BMSmaxPackTemperature,1740953575000000000,1740953576000000000,1740953576000000000
BEV2_2025-03-02_drive6.csv,preconditioning_request,UI_batteryPreconditioningRequest,1740953575000000000,1740953576000000000,1740953576000000000
BEV2_2025-03-03_drive1.csv,soc,SOCave292,1740984556000000000,1740984557000000000,1740984557000000000
BEV2_2025-03-03_drive1.csv,ambient_c,VCRIGHT_tempAmbientRaw,1740984556000000000,1740984557000000000,1740984557000000000
BEV2_2025-03-03_drive1.csv,pack_min_c,BMSminPackTemperature,1740984556000000000,1740984557000000000,1740984557000000000
BEV2_2025-03-03_drive1.csv,pack_max_c,BMSmaxPackTemperature,1740984556000000000,1740984557000000000,1740984557000000000
BEV2_2025-03-03_drive1.csv,preconditioning_request,UI_batteryPreconditioningRequest,1740984556000000000,1740984557000000000,1740984557000000000
BEV2_2025-03-03_drive2.csv,soc,SOCave292,1741022297000000000,1741022298000000000,1741022298000000000
BEV2_2025-03-03_drive2.csv,ambient_c,VCRIGHT_tempAmbientRaw,1741022297000000000,1741022298000000000,1741022298000000000
BEV2_2025-03-03_drive2.csv,pack_min_c,BMSminPackTemperature,1741022297000000000,1741022298000000000,1741022298000000000
BEV2_2025-03-03_drive2.csv,pack_max_c,BMSmaxPackTemperature,1741022297000000000,1741022298000000000,1741022298000000000
BEV2_2025-03-03_drive2.csv,preconditioning_request,UI_batteryPreconditioningRequest,1741022297000000000,1741022298000000000,1741022298000000000
BEV2_2025-03-04_drive1.csv,soc,SOCave292,1741057980000000000,1741057981000000000,1741057981000000000
BEV2_2025-03-04_drive1.csv,ambient_c,VCRIGHT_tempAmbientRaw,1741057980000000000,1741057981000000000,1741057981000000000
BEV2_2025-03-04_drive1.csv,pack_min_c,BMSminPackTemperature,1741057980000000000,1741057981000000000,1741057981000000000
BEV2_2025-03-04_drive1.csv,pack_max_c,BMSmaxPackTemperature,1741057980000000000,1741057981000000000,1741057981000000000
BEV2_2025-03-04_drive1.csv,preconditioning_request,UI_batteryPreconditioningRequest,1741057980000000000,1741057981000000000,1741057981000000000
BEV2_2025-03-06_drive1.csv,soc,SOCave292,1741281288000000000,1741281289000000000,1741281289000000000
BEV2_2025-03-06_drive1.csv,ambient_c,VCRIGHT_tempAmbientRaw,1741281288000000000,1741281289000000000,1741281289000000000
BEV2_2025-03-06_drive1.csv,pack_min_c,BMSminPackTemperature,1741281288000000000,1741281289000000000,1741281289000000000
BEV2_2025-03-06_drive1.csv,pack_max_c,BMSmaxPackTemperature,1741281288000000000,1741281289000000000,1741281289000000000
BEV2_2025-03-06_drive1.csv,preconditioning_request,UI_batteryPreconditioningRequest,1741281288000000000,1741281289000000000,1741281289000000000
BEV2_2025-03-07_drive1.csv,soc,SOCave292,1741331769000000000,1741331770000000000,1741331770000000000
BEV2_2025-03-07_drive1.csv,ambient_c,VCRIGHT_tempAmbientRaw,1741331769000000000,1741331770000000000,1741331770000000000
BEV2_2025-03-07_drive1.csv,pack_min_c,BMSminPackTemperature,1741331769000000000,1741331770000000000,1741331770000000000
BEV2_2025-03-07_drive1.csv,pack_max_c,BMSmaxPackTemperature,1741331769000000000,1741331770000000000,1741331770000000000
BEV2_2025-03-07_drive1.csv,preconditioning_request,UI_batteryPreconditioningRequest,1741331769000000000,1741331770000000000,1741331770000000000
BEV2_2025-03-07_drive2.csv,soc,SOCave292,1741356612000000000,1741356613000000000,1741356613000000000
BEV2_2025-03-07_drive2.csv,ambient_c,VCRIGHT_tempAmbientRaw,1741356612000000000,1741356613000000000,1741356613000000000
BEV2_2025-03-07_drive2.csv,pack_min_c,BMSminPackTemperature,1741356612000000000,1741356613000000000,1741356613000000000
BEV2_2025-03-07_drive2.csv,pack_max_c,BMSmaxPackTemperature,1741356612000000000,1741356613000000000,1741356613000000000
BEV2_2025-03-07_drive2.csv,preconditioning_request,UI_batteryPreconditioningRequest,1741356612000000000,1741356613000000000,1741356613000000000
BEV2_2025-03-07_drive3.csv,soc,SOCave292,1741365839000000000,1741365840000000000,1741365840000000000
BEV2_2025-03-07_drive3.csv,ambient_c,VCRIGHT_tempAmbientRaw,1741365839000000000,1741365840000000000,1741365840000000000
BEV2_2025-03-07_drive3.csv,pack_min_c,BMSminPackTemperature,1741365839000000000,1741365840000000000,1741365840000000000
BEV2_2025-03-07_drive3.csv,pack_max_c,BMSmaxPackTemperature,1741365839000000000,1741365840000000000,1741365840000000000
BEV2_2025-03-07_drive3.csv,preconditioning_request,UI_batteryPreconditioningRequest,1741365839000000000,1741365840000000000,1741365840000000000
BEV2_2025-03-07_drive4.csv,soc,SOCave292,1741366147000000000,1741366148000000000,1741366148000000000
BEV2_2025-03-07_drive4.csv,ambient_c,VCRIGHT_tempAmbientRaw,1741366147000000000,1741366148000000000,1741366148000000000
BEV2_2025-03-07_drive4.csv,pack_min_c,BMSminPackTemperature,1741366147000000000,1741366148000000000,1741366148000000000
BEV2_2025-03-07_drive4.csv,pack_max_c,BMSmaxPackTemperature,1741366147000000000,1741366148000000000,1741366148000000000
BEV2_2025-03-07_drive4.csv,preconditioning_request,UI_batteryPreconditioningRequest,1741366147000000000,1741366148000000000,1741366148000000000
BEV2_2025-03-07_drive5.csv,soc,SOCave292,1741368515000000000,1741368516000000000,1741368516000000000
BEV2_2025-03-07_drive5.csv,ambient_c,VCRIGHT_tempAmbientRaw,1741368515000000000,1741368516000000000,1741368516000000000
BEV2_2025-03-07_drive5.csv,pack_min_c,BMSminPackTemperature,1741368515000000000,1741368516000000000,1741368516000000000
BEV2_2025-03-07_drive5.csv,pack_max_c,BMSmaxPackTemperature,1741368515000000000,1741368516000000000,1741368516000000000
BEV2_2025-03-07_drive5.csv,preconditioning_request,UI_batteryPreconditioningRequest,1741368515000000000,1741368516000000000,1741368516000000000
BEV2_2025-03-07_drive6.csv,soc,SOCave292,1741369615000000000,1741369616000000000,1741369616000000000
BEV2_2025-03-07_drive6.csv,ambient_c,VCRIGHT_tempAmbientRaw,1741369615000000000,1741369616000000000,1741369616000000000
BEV2_2025-03-07_drive6.csv,pack_min_c,BMSminPackTemperature,1741369615000000000,1741369616000000000,1741369616000000000
BEV2_2025-03-07_drive6.csv,pack_max_c,BMSmaxPackTemperature,1741369615000000000,1741369616000000000,1741369616000000000
BEV2_2025-03-07_drive6.csv,preconditioning_request,UI_batteryPreconditioningRequest,1741369615000000000,1741369616000000000,1741369616000000000
BEV2_2025-03-08_drive1.csv,soc,SOCave292,1741424377000000000,1741424378000000000,1741424378000000000
BEV2_2025-03-08_drive1.csv,ambient_c,VCRIGHT_tempAmbientRaw,1741424377000000000,1741424378000000000,1741424378000000000
BEV2_2025-03-08_drive1.csv,pack_min_c,BMSminPackTemperature,1741424377000000000,1741424378000000000,1741424378000000000
BEV2_2025-03-08_drive1.csv,pack_max_c,BMSmaxPackTemperature,1741424377000000000,1741424378000000000,1741424378000000000
BEV2_2025-03-08_drive1.csv,preconditioning_request,UI_batteryPreconditioningRequest,1741424377000000000,1741424378000000000,1741424378000000000
BEV2_2025-03-08_drive2.csv,soc,SOCave292,1741426162000000000,1741426163000000000,1741426163000000000
BEV2_2025-03-08_drive2.csv,ambient_c,VCRIGHT_tempAmbientRaw,1741426162000000000,1741426163000000000,1741426163000000000
BEV2_2025-03-08_drive2.csv,pack_min_c,BMSminPackTemperature,1741426162000000000,1741426163000000000,1741426163000000000
BEV2_2025-03-08_drive2.csv,pack_max_c,BMSmaxPackTemperature,1741426162000000000,1741426163000000000,1741426163000000000
BEV2_2025-03-08_drive2.csv,preconditioning_request,UI_batteryPreconditioningRequest,1741426162000000000,1741426163000000000,1741426163000000000
BEV2_2025-03-08_drive3.csv,soc,SOCave292,1741458256000000000,1741458257000000000,1741458257000000000
BEV2_2025-03-08_drive3.csv,ambient_c,VCRIGHT_tempAmbientRaw,1741458256000000000,1741458257000000000,1741458257000000000
BEV2_2025-03-08_drive3.csv,pack_min_c,BMSminPackTemperature,1741458256000000000,1741458257000000000,1741458257000000000
BEV2_2025-03-08_drive3.csv,pack_max_c,BMSmaxPackTemperature,1741458256000000000,1741458257000000000,1741458257000000000
BEV2_2025-03-08_drive3.csv,preconditioning_request,UI_batteryPreconditioningRequest,1741458256000000000,1741458257000000000,1741458257000000000
BEV2_2025-03-08_drive4.csv,soc,SOCave292,1741466166000000000,1741466167000000000,1741466167000000000
BEV2_2025-03-08_drive4.csv,ambient_c,VCRIGHT_tempAmbientRaw,1741466166000000000,1741466167000000000,1741466167000000000
BEV2_2025-03-08_drive4.csv,pack_min_c,BMSminPackTemperature,1741466166000000000,1741466167000000000,1741466167000000000
BEV2_2025-03-08_drive4.csv,pack_max_c,BMSmaxPackTemperature,1741466166000000000,1741466167000000000,1741466167000000000
BEV2_2025-03-08_drive4.csv,preconditioning_request,UI_batteryPreconditioningRequest,1741466166000000000,1741466167000000000,1741466167000000000
BEV2_2025-03-09_drive1.csv,soc,SOCave292,1741513764000000000,1741513765000000000,1741513765000000000
BEV2_2025-03-09_drive1.csv,ambient_c,VCRIGHT_tempAmbientRaw,1741513764000000000,1741513765000000000,1741513765000000000
BEV2_2025-03-09_drive1.csv,pack_min_c,BMSminPackTemperature,1741513764000000000,1741513765000000000,1741513765000000000
BEV2_2025-03-09_drive1.csv,pack_max_c,BMSmaxPackTemperature,1741513764000000000,1741513765000000000,1741513765000000000
BEV2_2025-03-09_drive2.csv,soc,SOCave292,1741517139000000000,1741517140000000000,1741517140000000000
BEV2_2025-03-09_drive2.csv,ambient_c,VCRIGHT_tempAmbientRaw,1741517139000000000,1741517140000000000,1741517140000000000
BEV2_2025-03-09_drive2.csv,pack_min_c,BMSminPackTemperature,1741517139000000000,1741517140000000000,1741517140000000000
BEV2_2025-03-09_drive2.csv,pack_max_c,BMSmaxPackTemperature,1741517139000000000,1741517140000000000,1741517140000000000
BEV2_2025-03-09_drive2.csv,preconditioning_request,UI_batteryPreconditioningRequest,1741517139000000000,1741517140000000000,1741517140000000000
BEV2_2025-03-09_drive3.csv,soc,SOCave292,1741519385000000000,1741519386000000000,1741519386000000000
BEV2_2025-03-09_drive3.csv,ambient_c,VCRIGHT_tempAmbientRaw,1741519385000000000,1741519386000000000,1741519386000000000
BEV2_2025-03-09_drive3.csv,pack_min_c,BMSminPackTemperature,1741519385000000000,1741519386000000000,1741519386000000000
BEV2_2025-03-09_drive3.csv,pack_max_c,BMSmaxPackTemperature,1741519385000000000,1741519386000000000,1741519386000000000
BEV2_2025-03-09_drive3.csv,preconditioning_request,UI_batteryPreconditioningRequest,1741519385000000000,1741519386000000000,1741519386000000000
BEV2_2025-03-09_drive4.csv,soc,SOCave292,1741528365000000000,1741528366000000000,1741528366000000000
BEV2_2025-03-09_drive4.csv,ambient_c,VCRIGHT_tempAmbientRaw,1741528365000000000,1741528366000000000,1741528366000000000
BEV2_2025-03-09_drive4.csv,pack_min_c,BMSminPackTemperature,1741528365000000000,1741528366000000000,1741528366000000000
BEV2_2025-03-09_drive4.csv,pack_max_c,BMSmaxPackTemperature,1741528365000000000,1741528366000000000,1741528366000000000
BEV2_2025-03-09_drive4.csv,preconditioning_request,UI_batteryPreconditioningRequest,1741528365000000000,1741528366000000000,1741528366000000000
BEV2_2025-03-09_drive5.csv,soc,SOCave292,1741536211000000000,1741536212000000000,1741536212000000000
BEV2_2025-03-09_drive5.csv,ambient_c,VCRIGHT_tempAmbientRaw,1741536211000000000,1741536212000000000,1741536212000000000
BEV2_2025-03-09_drive5.csv,pack_min_c,BMSminPackTemperature,1741536211000000000,1741536212000000000,1741536212000000000
BEV2_2025-03-09_drive5.csv,pack_max_c,BMSmaxPackTemperature,1741536211000000000,1741536212000000000,1741536212000000000
BEV2_2025-03-09_drive5.csv,preconditioning_request,UI_batteryPreconditioningRequest,1741536211000000000,1741536212000000000,1741536212000000000
BEV2_2025-03-09_drive6.csv,soc,SOCave292,1741549685000000000,1741549686000000000,1741549686000000000
BEV2_2025-03-09_drive6.csv,ambient_c,VCRIGHT_tempAmbientRaw,1741549685000000000,1741549686000000000,1741549686000000000
BEV2_2025-03-09_drive6.csv,pack_min_c,BMSminPackTemperature,1741549685000000000,1741549686000000000,1741549686000000000
BEV2_2025-03-09_drive6.csv,pack_max_c,BMSmaxPackTemperature,1741549685000000000,1741549686000000000,1741549686000000000
BEV2_2025-03-09_drive6.csv,preconditioning_request,UI_batteryPreconditioningRequest,1741549685000000000,1741549686000000000,1741549686000000000
BEV2_2025-03-09_drive7.csv,soc,SOCave292,1741550826000000000,1741550827000000000,1741550827000000000
BEV2_2025-03-09_drive7.csv,ambient_c,VCRIGHT_tempAmbientRaw,1741550826000000000,1741550827000000000,1741550827000000000
BEV2_2025-03-09_drive7.csv,pack_min_c,BMSminPackTemperature,1741550826000000000,1741550827000000000,1741550827000000000
BEV2_2025-03-09_drive7.csv,pack_max_c,BMSmaxPackTemperature,1741550826000000000,1741550827000000000,1741550827000000000
BEV2_2025-03-09_drive7.csv,preconditioning_request,UI_batteryPreconditioningRequest,1741550826000000000,1741550827000000000,1741550827000000000
BEV2_2025-03-10_drive1.csv,soc,SOCave292,1741588427000000000,1741588428000000000,1741588428000000000
BEV2_2025-03-10_drive1.csv,ambient_c,VCRIGHT_tempAmbientRaw,1741588427000000000,1741588428000000000,1741588428000000000
BEV2_2025-03-10_drive1.csv,pack_min_c,BMSminPackTemperature,1741588427000000000,1741588428000000000,1741588428000000000
BEV2_2025-03-10_drive1.csv,pack_max_c,BMSmaxPackTemperature,1741588427000000000,1741588428000000000,1741588428000000000
BEV2_2025-03-10_drive1.csv,preconditioning_request,UI_batteryPreconditioningRequest,1741588427000000000,1741588428000000000,1741588428000000000
BEV2_2025-03-10_drive2.csv,soc,SOCave292,1741600966000000000,1741600967000000000,1741600967000000000
BEV2_2025-03-10_drive2.csv,ambient_c,VCRIGHT_tempAmbientRaw,1741600966000000000,1741600967000000000,1741600967000000000
BEV2_2025-03-10_drive2.csv,pack_min_c,BMSminPackTemperature,1741600966000000000,1741600967000000000,1741600967000000000
BEV2_2025-03-10_drive2.csv,pack_max_c,BMSmaxPackTemperature,1741600966000000000,1741600967000000000,1741600967000000000
BEV2_2025-03-10_drive2.csv,preconditioning_request,UI_batteryPreconditioningRequest,1741600966000000000,1741600967000000000,1741600967000000000
BEV2_2025-03-10_drive3.csv,soc,SOCave292,1741623898000000000,1741623899000000000,1741623899000000000
BEV2_2025-03-10_drive3.csv,ambient_c,VCRIGHT_tempAmbientRaw,1741623898000000000,1741623899000000000,1741623899000000000
BEV2_2025-03-10_drive3.csv,pack_min_c,BMSminPackTemperature,1741623898000000000,1741623899000000000,1741623899000000000
BEV2_2025-03-10_drive3.csv,pack_max_c,BMSmaxPackTemperature,1741623898000000000,1741623899000000000,1741623899000000000
BEV2_2025-03-10_drive3.csv,preconditioning_request,UI_batteryPreconditioningRequest,1741623898000000000,1741623899000000000,1741623899000000000
BEV2_2025-03-11_drive1.csv,soc,SOCave292,1741674790000000000,1741674791000000000,1741674791000000000
BEV2_2025-03-11_drive1.csv,ambient_c,VCRIGHT_tempAmbientRaw,1741674790000000000,1741674791000000000,1741674791000000000
BEV2_2025-03-11_drive1.csv,pack_min_c,BMSminPackTemperature,1741674790000000000,1741674791000000000,1741674791000000000
BEV2_2025-03-11_drive1.csv,pack_max_c,BMSmaxPackTemperature,1741674790000000000,1741674791000000000,1741674791000000000
BEV2_2025-03-11_drive1.csv,preconditioning_request,UI_batteryPreconditioningRequest,1741674790000000000,1741674791000000000,1741674791000000000
BEV2_2025-03-11_drive2.csv,soc,SOCave292,1741706820000000000,1741706821000000000,1741706821000000000
BEV2_2025-03-11_drive2.csv,ambient_c,VCRIGHT_tempAmbientRaw,1741706820000000000,1741706821000000000,1741706821000000000
BEV2_2025-03-11_drive2.csv,pack_min_c,BMSminPackTemperature,1741706820000000000,1741706821000000000,1741706821000000000
BEV2_2025-03-11_drive2.csv,pack_max_c,BMSmaxPackTemperature,1741706820000000000,1741706821000000000,1741706821000000000
BEV2_2025-03-11_drive2.csv,preconditioning_request,UI_batteryPreconditioningRequest,1741706820000000000,1741706821000000000,1741706821000000000
BEV2_2025-03-11_drive3.csv,soc,SOCave292,1741712151000000000,1741712152000000000,1741712152000000000
BEV2_2025-03-11_drive3.csv,ambient_c,VCRIGHT_tempAmbientRaw,1741712151000000000,1741712152000000000,1741712152000000000
BEV2_2025-03-11_drive3.csv,pack_min_c,BMSminPackTemperature,1741712151000000000,1741712152000000000,1741712152000000000
BEV2_2025-03-11_drive3.csv,pack_max_c,BMSmaxPackTemperature,1741712151000000000,1741712152000000000,1741712152000000000
BEV2_2025-03-11_drive3.csv,preconditioning_request,UI_batteryPreconditioningRequest,1741712151000000000,1741712152000000000,1741712152000000000
BEV2_2025-03-11_drive4.csv,soc,SOCave292,1741724899000000000,1741724900000000000,1741724900000000000
BEV2_2025-03-11_drive4.csv,ambient_c,VCRIGHT_tempAmbientRaw,1741724899000000000,1741724900000000000,1741724900000000000
BEV2_2025-03-11_drive4.csv,pack_min_c,BMSminPackTemperature,1741724899000000000,1741724900000000000,1741724900000000000
BEV2_2025-03-11_drive4.csv,pack_max_c,BMSmaxPackTemperature,1741724899000000000,1741724900000000000,1741724900000000000
BEV2_2025-03-11_drive4.csv,preconditioning_request,UI_batteryPreconditioningRequest,1741724899000000000,1741724900000000000,1741724900000000000
BEV2_2025-03-11_drive5.csv,soc,SOCave292,1741725453000000000,1741725454000000000,1741725454000000000
BEV2_2025-03-11_drive5.csv,ambient_c,VCRIGHT_tempAmbientRaw,1741725453000000000,1741725454000000000,1741725454000000000
BEV2_2025-03-11_drive5.csv,pack_min_c,BMSminPackTemperature,1741725453000000000,1741725454000000000,1741725454000000000
BEV2_2025-03-11_drive5.csv,pack_max_c,BMSmaxPackTemperature,1741725453000000000,1741725454000000000,1741725454000000000
BEV2_2025-03-11_drive5.csv,preconditioning_request,UI_batteryPreconditioningRequest,1741725453000000000,1741725454000000000,1741725454000000000
BEV2_2025-03-12_drive1.csv,soc,SOCave292,1741759686000000000,1741759687000000000,1741759687000000000
BEV2_2025-03-12_drive1.csv,ambient_c,VCRIGHT_tempAmbientRaw,1741759686000000000,1741759687000000000,1741759687000000000
BEV2_2025-03-12_drive1.csv,pack_min_c,BMSminPackTemperature,1741759686000000000,1741759687000000000,1741759687000000000
BEV2_2025-03-12_drive1.csv,pack_max_c,BMSmaxPackTemperature,1741759686000000000,1741759687000000000,1741759687000000000
BEV2_2025-03-12_drive1.csv,preconditioning_request,UI_batteryPreconditioningRequest,1741759686000000000,1741759687000000000,1741759687000000000
BEV2_2025-03-12_drive2.csv,soc,SOCave292,1741788395000000000,1741788396000000000,1741788396000000000
BEV2_2025-03-12_drive2.csv,ambient_c,VCRIGHT_tempAmbientRaw,1741788395000000000,1741788396000000000,1741788396000000000
BEV2_2025-03-12_drive2.csv,pack_min_c,BMSminPackTemperature,1741788395000000000,1741788396000000000,1741788396000000000
BEV2_2025-03-12_drive2.csv,pack_max_c,BMSmaxPackTemperature,1741788395000000000,1741788396000000000,1741788396000000000
BEV2_2025-03-12_drive2.csv,preconditioning_request,UI_batteryPreconditioningRequest,1741788395000000000,1741788396000000000,1741788396000000000
BEV2_2025-03-12_drive3.csv,soc,SOCave292,1741801351000000000,1741801352000000000,1741801352000000000
BEV2_2025-03-12_drive3.csv,ambient_c,VCRIGHT_tempAmbientRaw,1741801351000000000,1741801352000000000,1741801352000000000
BEV2_2025-03-12_drive3.csv,pack_min_c,BMSminPackTemperature,1741801351000000000,1741801352000000000,1741801352000000000
BEV2_2025-03-12_drive3.csv,pack_max_c,BMSmaxPackTemperature,1741801351000000000,1741801352000000000,1741801352000000000
BEV2_2025-03-12_drive3.csv,preconditioning_request,UI_batteryPreconditioningRequest,1741801351000000000,1741801352000000000,1741801352000000000
BEV2_2025-03-12_drive4.csv,soc,SOCave292,1741808548000000000,1741808549000000000,1741808549000000000
BEV2_2025-03-12_drive4.csv,ambient_c,VCRIGHT_tempAmbientRaw,1741808548000000000,1741808549000000000,1741808549000000000
BEV2_2025-03-12_drive4.csv,pack_min_c,BMSminPackTemperature,1741808548000000000,1741808549000000000,1741808549000000000
BEV2_2025-03-12_drive4.csv,pack_max_c,BMSmaxPackTemperature,1741808548000000000,1741808549000000000,1741808549000000000
BEV2_2025-03-12_drive4.csv,preconditioning_request,UI_batteryPreconditioningRequest,1741808548000000000,1741808549000000000,1741808549000000000
BEV2_2025-03-13_drive1.csv,soc,SOCave292,1741848058000000000,1741848059000000000,1741848059000000000
BEV2_2025-03-13_drive1.csv,ambient_c,VCRIGHT_tempAmbientRaw,1741848058000000000,1741848059000000000,1741848059000000000
BEV2_2025-03-13_drive1.csv,pack_min_c,BMSminPackTemperature,1741848058000000000,1741848059000000000,1741848059000000000
BEV2_2025-03-13_drive1.csv,pack_max_c,BMSmaxPackTemperature,1741848058000000000,1741848059000000000,1741848059000000000
BEV2_2025-03-13_drive1.csv,preconditioning_request,UI_batteryPreconditioningRequest,1741848058000000000,1741848059000000000,1741848059000000000
BEV2_2025-03-13_drive2.csv,soc,SOCave292,1741881140000000000,1741881141000000000,1741881141000000000
BEV2_2025-03-13_drive2.csv,ambient_c,VCRIGHT_tempAmbientRaw,1741881140000000000,1741881141000000000,1741881141000000000
BEV2_2025-03-13_drive2.csv,pack_min_c,BMSminPackTemperature,1741881140000000000,1741881141000000000,1741881141000000000
BEV2_2025-03-13_drive2.csv,pack_max_c,BMSmaxPackTemperature,1741881140000000000,1741881141000000000,1741881141000000000
BEV2_2025-03-13_drive2.csv,preconditioning_request,UI_batteryPreconditioningRequest,1741881140000000000,1741881141000000000,1741881141000000000
BEV2_2025-03-13_drive3.csv,soc,SOCave292,1741883642000000000,1741883643000000000,1741883643000000000
BEV2_2025-03-13_drive3.csv,ambient_c,VCRIGHT_tempAmbientRaw,1741883642000000000,1741883643000000000,1741883643000000000
BEV2_2025-03-13_drive3.csv,pack_min_c,BMSminPackTemperature,1741883642000000000,1741883643000000000,1741883643000000000
BEV2_2025-03-13_drive3.csv,pack_max_c,BMSmaxPackTemperature,1741883642000000000,1741883643000000000,1741883643000000000
BEV2_2025-03-13_drive3.csv,preconditioning_request,UI_batteryPreconditioningRequest,1741883642000000000,1741883643000000000,1741883643000000000
BEV2_2025-03-13_drive4.csv,soc,SOCave292,1741897583000000000,1741897584000000000,1741897584000000000
BEV2_2025-03-13_drive4.csv,ambient_c,VCRIGHT_tempAmbientRaw,1741897583000000000,1741897584000000000,1741897584000000000
BEV2_2025-03-13_drive4.csv,pack_min_c,BMSminPackTemperature,1741897583000000000,1741897584000000000,1741897584000000000
BEV2_2025-03-13_drive4.csv,pack_max_c,BMSmaxPackTemperature,1741897583000000000,1741897584000000000,1741897584000000000
BEV2_2025-03-13_drive4.csv,preconditioning_request,UI_batteryPreconditioningRequest,1741897583000000000,1741897584000000000,1741897584000000000
BEV2_2025-03-14_drive1.csv,soc,SOCave292,1741935264000000000,1741935265000000000,1741935265000000000
BEV2_2025-03-14_drive1.csv,ambient_c,VCRIGHT_tempAmbientRaw,1741935264000000000,1741935265000000000,1741935265000000000
BEV2_2025-03-14_drive1.csv,pack_min_c,BMSminPackTemperature,1741935264000000000,1741935265000000000,1741935265000000000
BEV2_2025-03-14_drive1.csv,pack_max_c,BMSmaxPackTemperature,1741935264000000000,1741935265000000000,1741935265000000000
BEV2_2025-03-14_drive1.csv,preconditioning_request,UI_batteryPreconditioningRequest,1741935264000000000,1741935265000000000,1741935265000000000
BEV2_2025-03-14_drive2.csv,soc,SOCave292,1741942697000000000,1741942698000000000,1741942698000000000
BEV2_2025-03-14_drive2.csv,ambient_c,VCRIGHT_tempAmbientRaw,1741942697000000000,1741942698000000000,1741942698000000000
BEV2_2025-03-14_drive2.csv,pack_min_c,BMSminPackTemperature,1741942697000000000,1741942698000000000,1741942698000000000
BEV2_2025-03-14_drive2.csv,pack_max_c,BMSmaxPackTemperature,1741942697000000000,1741942698000000000,1741942698000000000
BEV2_2025-03-14_drive2.csv,preconditioning_request,UI_batteryPreconditioningRequest,1741942697000000000,1741942698000000000,1741942698000000000
BEV2_2025-03-14_drive3.csv,soc,SOCave292,1741943187000000000,1741943188000000000,1741943188000000000
BEV2_2025-03-14_drive3.csv,ambient_c,VCRIGHT_tempAmbientRaw,1741943187000000000,1741943188000000000,1741943188000000000
BEV2_2025-03-14_drive3.csv,pack_min_c,BMSminPackTemperature,1741943187000000000,1741943188000000000,1741943188000000000
BEV2_2025-03-14_drive3.csv,pack_max_c,BMSmaxPackTemperature,1741943187000000000,1741943188000000000,1741943188000000000
BEV2_2025-03-14_drive3.csv,preconditioning_request,UI_batteryPreconditioningRequest,1741943187000000000,1741943188000000000,1741943188000000000
BEV2_2025-03-14_drive4.csv,soc,SOCave292,1741951371000000000,1741951372000000000,1741951372000000000
BEV2_2025-03-14_drive4.csv,ambient_c,VCRIGHT_tempAmbientRaw,1741951371000000000,1741951372000000000,1741951372000000000
BEV2_2025-03-14_drive4.csv,pack_min_c,BMSminPackTemperature,1741951371000000000,1741951372000000000,1741951372000000000
BEV2_2025-03-14_drive4.csv,pack_max_c,BMSmaxPackTemperature,1741951371000000000,1741951372000000000,1741951372000000000
BEV2_2025-03-14_drive4.csv,preconditioning_request,UI_batteryPreconditioningRequest,1741951371000000000,1741951372000000000,1741951372000000000
BEV2_2025-03-14_drive5.csv,soc,SOCave292,1741958334000000000,1741958335000000000,1741958335000000000
BEV2_2025-03-14_drive5.csv,ambient_c,VCRIGHT_tempAmbientRaw,1741958334000000000,1741958335000000000,1741958335000000000
BEV2_2025-03-14_drive5.csv,pack_min_c,BMSminPackTemperature,1741958334000000000,1741958335000000000,1741958335000000000
BEV2_2025-03-14_drive5.csv,pack_max_c,BMSmaxPackTemperature,1741958334000000000,1741958335000000000,1741958335000000000
BEV2_2025-03-14_drive5.csv,preconditioning_request,UI_batteryPreconditioningRequest,1741958334000000000,1741958335000000000,1741958335000000000
BEV2_2025-03-14_drive6.csv,soc,SOCave292,1741970690000000000,1741970691000000000,1741970691000000000
BEV2_2025-03-14_drive6.csv,ambient_c,VCRIGHT_tempAmbientRaw,1741970690000000000,1741970691000000000,1741970691000000000
BEV2_2025-03-14_drive6.csv,pack_min_c,BMSminPackTemperature,1741970690000000000,1741970691000000000,1741970691000000000
BEV2_2025-03-14_drive6.csv,pack_max_c,BMSmaxPackTemperature,1741970690000000000,1741970691000000000,1741970691000000000
BEV2_2025-03-14_drive6.csv,preconditioning_request,UI_batteryPreconditioningRequest,1741970690000000000,1741970691000000000,1741970691000000000
BEV2_2025-03-14_drive7.csv,soc,SOCave292,1741972093000000000,1741972094000000000,1741972094000000000
BEV2_2025-03-14_drive7.csv,ambient_c,VCRIGHT_tempAmbientRaw,1741972093000000000,1741972094000000000,1741972094000000000
BEV2_2025-03-14_drive7.csv,pack_min_c,BMSminPackTemperature,1741972093000000000,1741972094000000000,1741972094000000000
BEV2_2025-03-14_drive7.csv,pack_max_c,BMSmaxPackTemperature,1741972093000000000,1741972094000000000,1741972094000000000
BEV2_2025-03-14_drive7.csv,preconditioning_request,UI_batteryPreconditioningRequest,1741972093000000000,1741972094000000000,1741972094000000000
BEV2_2025-03-14_drive8.csv,soc,SOCave292,1741976395000000000,1741976396000000000,1741976396000000000
BEV2_2025-03-14_drive8.csv,ambient_c,VCRIGHT_tempAmbientRaw,1741976395000000000,1741976396000000000,1741976396000000000
BEV2_2025-03-14_drive8.csv,pack_min_c,BMSminPackTemperature,1741976395000000000,1741976396000000000,1741976396000000000
BEV2_2025-03-14_drive8.csv,pack_max_c,BMSmaxPackTemperature,1741976395000000000,1741976396000000000,1741976396000000000
BEV2_2025-03-14_drive8.csv,preconditioning_request,UI_batteryPreconditioningRequest,1741976395000000000,1741976396000000000,1741976396000000000
BEV2_2025-03-15_drive1.csv,soc,SOCave292,1742032904000000000,1742032905000000000,1742032905000000000
BEV2_2025-03-15_drive1.csv,ambient_c,VCRIGHT_tempAmbientRaw,1742032904000000000,1742032905000000000,1742032905000000000
BEV2_2025-03-15_drive1.csv,pack_min_c,BMSminPackTemperature,1742032904000000000,1742032905000000000,1742032905000000000
BEV2_2025-03-15_drive1.csv,pack_max_c,BMSmaxPackTemperature,1742032904000000000,1742032905000000000,1742032905000000000
BEV2_2025-03-15_drive1.csv,preconditioning_request,UI_batteryPreconditioningRequest,1742032904000000000,1742032905000000000,1742032905000000000
BEV2_2025-03-15_drive2.csv,soc,SOCave292,1742033494000000000,1742033495000000000,1742033495000000000
BEV2_2025-03-15_drive2.csv,ambient_c,VCRIGHT_tempAmbientRaw,1742033494000000000,1742033495000000000,1742033495000000000
BEV2_2025-03-15_drive2.csv,pack_min_c,BMSminPackTemperature,1742033494000000000,1742033495000000000,1742033495000000000
BEV2_2025-03-15_drive2.csv,pack_max_c,BMSmaxPackTemperature,1742033494000000000,1742033495000000000,1742033495000000000
BEV2_2025-03-15_drive2.csv,preconditioning_request,UI_batteryPreconditioningRequest,1742033494000000000,1742033495000000000,1742033495000000000
BEV2_2025-03-15_drive3.csv,soc,SOCave292,1742034927000000000,1742034928000000000,1742034928000000000
BEV2_2025-03-15_drive3.csv,ambient_c,VCRIGHT_tempAmbientRaw,1742034927000000000,1742034928000000000,1742034928000000000
BEV2_2025-03-15_drive3.csv,pack_min_c,BMSminPackTemperature,1742034927000000000,1742034928000000000,1742034928000000000
BEV2_2025-03-15_drive3.csv,pack_max_c,BMSmaxPackTemperature,1742034927000000000,1742034928000000000,1742034928000000000
BEV2_2025-03-15_drive3.csv,preconditioning_request,UI_batteryPreconditioningRequest,1742034927000000000,1742034928000000000,1742034928000000000
BEV2_2025-03-15_drive4.csv,soc,SOCave292,1742039030000000000,1742039031000000000,1742039031000000000
BEV2_2025-03-15_drive4.csv,ambient_c,VCRIGHT_tempAmbientRaw,1742039030000000000,1742039031000000000,1742039031000000000
BEV2_2025-03-15_drive4.csv,pack_min_c,BMSminPackTemperature,1742039030000000000,1742039031000000000,1742039031000000000
BEV2_2025-03-15_drive4.csv,pack_max_c,BMSmaxPackTemperature,1742039030000000000,1742039031000000000,1742039031000000000
BEV2_2025-03-15_drive4.csv,preconditioning_request,UI_batteryPreconditioningRequest,1742039030000000000,1742039031000000000,1742039031000000000
BEV2_2025-03-15_drive5.csv,soc,SOCave292,1742045879000000000,1742045880000000000,1742045880000000000
BEV2_2025-03-15_drive5.csv,ambient_c,VCRIGHT_tempAmbientRaw,1742045879000000000,1742045880000000000,1742045880000000000
BEV2_2025-03-15_drive5.csv,pack_min_c,BMSminPackTemperature,1742045879000000000,1742045880000000000,1742045880000000000
BEV2_2025-03-15_drive5.csv,pack_max_c,BMSmaxPackTemperature,1742045879000000000,1742045880000000000,1742045880000000000
BEV2_2025-03-15_drive5.csv,preconditioning_request,UI_batteryPreconditioningRequest,1742045879000000000,1742045880000000000,1742045880000000000
BEV2_2025-03-15_drive6.csv,pack_min_c,BMSminPackTemperature,1742050423000000000,1742050424000000000,1742050424000000000
BEV2_2025-03-15_drive6.csv,pack_max_c,BMSmaxPackTemperature,1742050423000000000,1742050424000000000,1742050424000000000
BEV2_2025-03-15_drive7.csv,soc,SOCave292,1742054275000000000,1742054276000000000,1742054276000000000
BEV2_2025-03-15_drive7.csv,ambient_c,VCRIGHT_tempAmbientRaw,1742054275000000000,1742054276000000000,1742054276000000000
BEV2_2025-03-15_drive7.csv,pack_min_c,BMSminPackTemperature,1742054275000000000,1742054276000000000,1742054276000000000
BEV2_2025-03-15_drive7.csv,pack_max_c,BMSmaxPackTemperature,1742054275000000000,1742054276000000000,1742054276000000000
BEV2_2025-03-15_drive7.csv,preconditioning_request,UI_batteryPreconditioningRequest,1742054275000000000,1742054276000000000,1742054276000000000
BEV2_2025-03-15_drive8.csv,soc,SOCave292,1742058011000000000,1742058012000000000,1742058012000000000
BEV2_2025-03-15_drive8.csv,ambient_c,VCRIGHT_tempAmbientRaw,1742058011000000000,1742058012000000000,1742058012000000000
BEV2_2025-03-15_drive8.csv,pack_min_c,BMSminPackTemperature,1742058011000000000,1742058012000000000,1742058012000000000
BEV2_2025-03-15_drive8.csv,pack_max_c,BMSmaxPackTemperature,1742058011000000000,1742058012000000000,1742058012000000000
BEV2_2025-03-15_drive8.csv,preconditioning_request,UI_batteryPreconditioningRequest,1742058011000000000,1742058012000000000,1742058012000000000
BEV2_2025-03-16_drive1.csv,soc,SOCave292,1742117711000000000,1742117712000000000,1742117712000000000
BEV2_2025-03-16_drive1.csv,ambient_c,VCRIGHT_tempAmbientRaw,1742117711000000000,1742117712000000000,1742117712000000000
BEV2_2025-03-16_drive1.csv,pack_min_c,BMSminPackTemperature,1742117711000000000,1742117712000000000,1742117712000000000
BEV2_2025-03-16_drive1.csv,pack_max_c,BMSmaxPackTemperature,1742117711000000000,1742117712000000000,1742117712000000000
BEV2_2025-03-16_drive1.csv,preconditioning_request,UI_batteryPreconditioningRequest,1742117711000000000,1742117712000000000,1742117712000000000
BEV2_2025-03-16_drive2.csv,soc,SOCave292,1742118555000000000,1742118556000000000,1742118556000000000
BEV2_2025-03-16_drive2.csv,ambient_c,VCRIGHT_tempAmbientRaw,1742118555000000000,1742118556000000000,1742118556000000000
BEV2_2025-03-16_drive2.csv,pack_min_c,BMSminPackTemperature,1742118555000000000,1742118556000000000,1742118556000000000
BEV2_2025-03-16_drive2.csv,pack_max_c,BMSmaxPackTemperature,1742118555000000000,1742118556000000000,1742118556000000000
BEV2_2025-03-16_drive2.csv,preconditioning_request,UI_batteryPreconditioningRequest,1742118555000000000,1742118556000000000,1742118556000000000
BEV2_2025-03-16_drive3.csv,soc,SOCave292,1742120952000000000,1742120953000000000,1742120953000000000
BEV2_2025-03-16_drive3.csv,ambient_c,VCRIGHT_tempAmbientRaw,1742120952000000000,1742120953000000000,1742120953000000000
BEV2_2025-03-16_drive3.csv,pack_min_c,BMSminPackTemperature,1742120952000000000,1742120953000000000,1742120953000000000
BEV2_2025-03-16_drive3.csv,pack_max_c,BMSmaxPackTemperature,1742120952000000000,1742120953000000000,1742120953000000000
BEV2_2025-03-16_drive3.csv,preconditioning_request,UI_batteryPreconditioningRequest,1742120952000000000,1742120953000000000,1742120953000000000
BEV2_2025-03-16_drive4.csv,soc,SOCave292,1742125825000000000,1742125826000000000,1742125826000000000
BEV2_2025-03-16_drive4.csv,ambient_c,VCRIGHT_tempAmbientRaw,1742125825000000000,1742125826000000000,1742125826000000000
BEV2_2025-03-16_drive4.csv,pack_min_c,BMSminPackTemperature,1742125825000000000,1742125826000000000,1742125826000000000
BEV2_2025-03-16_drive4.csv,pack_max_c,BMSmaxPackTemperature,1742125825000000000,1742125826000000000,1742125826000000000
BEV2_2025-03-16_drive5.csv,soc,SOCave292,1742128725000000000,1742128726000000000,1742128726000000000
BEV2_2025-03-16_drive5.csv,ambient_c,VCRIGHT_tempAmbientRaw,1742128725000000000,1742128726000000000,1742128726000000000
BEV2_2025-03-16_drive5.csv,pack_min_c,BMSminPackTemperature,1742128725000000000,1742128726000000000,1742128726000000000
BEV2_2025-03-16_drive5.csv,pack_max_c,BMSmaxPackTemperature,1742128725000000000,1742128726000000000,1742128726000000000
BEV2_2025-03-16_drive5.csv,preconditioning_request,UI_batteryPreconditioningRequest,1742128725000000000,1742128726000000000,1742128726000000000
BEV2_2025-03-16_drive6.csv,soc,SOCave292,1742129404000000000,1742129405000000000,1742129405000000000
BEV2_2025-03-16_drive6.csv,ambient_c,VCRIGHT_tempAmbientRaw,1742129404000000000,1742129405000000000,1742129405000000000
BEV2_2025-03-16_drive6.csv,pack_min_c,BMSminPackTemperature,1742129404000000000,1742129405000000000,1742129405000000000
BEV2_2025-03-16_drive6.csv,pack_max_c,BMSmaxPackTemperature,1742129404000000000,1742129405000000000,1742129405000000000
BEV2_2025-03-16_drive6.csv,preconditioning_request,UI_batteryPreconditioningRequest,1742129404000000000,1742129405000000000,1742129405000000000
BEV2_2025-03-16_drive7.csv,soc,SOCave292,1742143208000000000,1742143209000000000,1742143209000000000
BEV2_2025-03-16_drive7.csv,ambient_c,VCRIGHT_tempAmbientRaw,1742143208000000000,1742143209000000000,1742143209000000000
BEV2_2025-03-16_drive7.csv,pack_min_c,BMSminPackTemperature,1742143208000000000,1742143209000000000,1742143209000000000
BEV2_2025-03-16_drive7.csv,pack_max_c,BMSmaxPackTemperature,1742143208000000000,1742143209000000000,1742143209000000000
BEV2_2025-03-16_drive7.csv,preconditioning_request,UI_batteryPreconditioningRequest,1742143208000000000,1742143209000000000,1742143209000000000
BEV2_2025-03-17_drive1.csv,soc,SOCave292,1742193677000000000,1742193678000000000,1742193678000000000
BEV2_2025-03-17_drive1.csv,ambient_c,VCRIGHT_tempAmbientRaw,1742193677000000000,1742193678000000000,1742193678000000000
BEV2_2025-03-17_drive1.csv,pack_min_c,BMSminPackTemperature,1742193677000000000,1742193678000000000,1742193678000000000
BEV2_2025-03-17_drive1.csv,pack_max_c,BMSmaxPackTemperature,1742193677000000000,1742193678000000000,1742193678000000000
BEV2_2025-03-17_drive1.csv,preconditioning_request,UI_batteryPreconditioningRequest,1742193677000000000,1742193678000000000,1742193678000000000
BEV2_2025-03-18_drive1.csv,soc,SOCave292,1742282396000000000,1742282397000000000,1742282397000000000
BEV2_2025-03-18_drive1.csv,ambient_c,VCRIGHT_tempAmbientRaw,1742282396000000000,1742282397000000000,1742282397000000000
BEV2_2025-03-18_drive1.csv,pack_min_c,BMSminPackTemperature,1742282396000000000,1742282397000000000,1742282397000000000
BEV2_2025-03-18_drive1.csv,pack_max_c,BMSmaxPackTemperature,1742282396000000000,1742282397000000000,1742282397000000000
BEV2_2025-03-18_drive1.csv,preconditioning_request,UI_batteryPreconditioningRequest,1742282396000000000,1742282397000000000,1742282397000000000
BEV2_2025-03-18_drive2.csv,soc,SOCave292,1742313756000000000,1742313757000000000,1742313757000000000
BEV2_2025-03-18_drive2.csv,ambient_c,VCRIGHT_tempAmbientRaw,1742313756000000000,1742313757000000000,1742313757000000000
BEV2_2025-03-18_drive2.csv,pack_min_c,BMSminPackTemperature,1742313756000000000,1742313757000000000,1742313757000000000
BEV2_2025-03-18_drive2.csv,pack_max_c,BMSmaxPackTemperature,1742313756000000000,1742313757000000000,1742313757000000000
BEV2_2025-03-18_drive2.csv,preconditioning_request,UI_batteryPreconditioningRequest,1742313756000000000,1742313757000000000,1742313757000000000
BEV2_2025-03-20_drive1.csv,soc,SOCave292,1742471951000000000,1742471952000000000,1742471952000000000
BEV2_2025-03-20_drive1.csv,ambient_c,VCRIGHT_tempAmbientRaw,1742471951000000000,1742471952000000000,1742471952000000000
BEV2_2025-03-20_drive1.csv,pack_min_c,BMSminPackTemperature,1742471951000000000,1742471952000000000,1742471952000000000
BEV2_2025-03-20_drive1.csv,pack_max_c,BMSmaxPackTemperature,1742471951000000000,1742471952000000000,1742471952000000000
BEV2_2025-03-20_drive1.csv,preconditioning_request,UI_batteryPreconditioningRequest,1742471951000000000,1742471952000000000,1742471952000000000
BEV2_2025-03-20_drive2.csv,soc,SOCave292,1742488759000000000,1742488760000000000,1742488760000000000
BEV2_2025-03-20_drive2.csv,ambient_c,VCRIGHT_tempAmbientRaw,1742488759000000000,1742488760000000000,1742488760000000000
BEV2_2025-03-20_drive2.csv,pack_min_c,BMSminPackTemperature,1742488759000000000,1742488760000000000,1742488760000000000
BEV2_2025-03-20_drive2.csv,pack_max_c,BMSmaxPackTemperature,1742488759000000000,1742488760000000000,1742488760000000000
BEV2_2025-03-20_drive2.csv,preconditioning_request,UI_batteryPreconditioningRequest,1742488759000000000,1742488760000000000,1742488760000000000
BEV2_2025-03-22_drive1.csv,soc,SOCave292,1742629637000000000,1742629638000000000,1742629638000000000
BEV2_2025-03-22_drive1.csv,ambient_c,VCRIGHT_tempAmbientRaw,1742629637000000000,1742629638000000000,1742629638000000000
BEV2_2025-03-22_drive1.csv,pack_min_c,BMSminPackTemperature,1742629637000000000,1742629638000000000,1742629638000000000
BEV2_2025-03-22_drive1.csv,pack_max_c,BMSmaxPackTemperature,1742629637000000000,1742629638000000000,1742629638000000000
BEV2_2025-03-22_drive1.csv,preconditioning_request,UI_batteryPreconditioningRequest,1742629637000000000,1742629638000000000,1742629638000000000
BEV2_2025-03-22_drive2.csv,soc,SOCave292,1742643004000000000,1742643005000000000,1742643005000000000
BEV2_2025-03-22_drive2.csv,ambient_c,VCRIGHT_tempAmbientRaw,1742643004000000000,1742643005000000000,1742643005000000000
BEV2_2025-03-22_drive2.csv,pack_min_c,BMSminPackTemperature,1742643004000000000,1742643005000000000,1742643005000000000
BEV2_2025-03-22_drive2.csv,pack_max_c,BMSmaxPackTemperature,1742643004000000000,1742643005000000000,1742643005000000000
BEV2_2025-03-22_drive2.csv,preconditioning_request,UI_batteryPreconditioningRequest,1742643004000000000,1742643005000000000,1742643005000000000
BEV2_2025-03-22_drive3.csv,soc,SOCave292,1742651508000000000,1742651509000000000,1742651509000000000
BEV2_2025-03-22_drive3.csv,ambient_c,VCRIGHT_tempAmbientRaw,1742651508000000000,1742651509000000000,1742651509000000000
BEV2_2025-03-22_drive3.csv,pack_min_c,BMSminPackTemperature,1742651508000000000,1742651509000000000,1742651509000000000
BEV2_2025-03-22_drive3.csv,pack_max_c,BMSmaxPackTemperature,1742651508000000000,1742651509000000000,1742651509000000000
BEV2_2025-03-22_drive4.csv,soc,SOCave292,1742660094000000000,1742660095000000000,1742660095000000000
BEV2_2025-03-22_drive4.csv,ambient_c,VCRIGHT_tempAmbientRaw,1742660094000000000,1742660095000000000,1742660095000000000
BEV2_2025-03-22_drive4.csv,pack_min_c,BMSminPackTemperature,1742660094000000000,1742660095000000000,1742660095000000000
BEV2_2025-03-22_drive4.csv,pack_max_c,BMSmaxPackTemperature,1742660094000000000,1742660095000000000,1742660095000000000
BEV2_2025-03-22_drive4.csv,preconditioning_request,UI_batteryPreconditioningRequest,1742660094000000000,1742660095000000000,1742660095000000000
BEV2_2025-03-23_drive1.csv,soc,SOCave292,1742722510000000000,1742722511000000000,1742722511000000000
BEV2_2025-03-23_drive1.csv,ambient_c,VCRIGHT_tempAmbientRaw,1742722510000000000,1742722511000000000,1742722511000000000
BEV2_2025-03-23_drive1.csv,pack_min_c,BMSminPackTemperature,1742722510000000000,1742722511000000000,1742722511000000000
BEV2_2025-03-23_drive1.csv,pack_max_c,BMSmaxPackTemperature,1742722510000000000,1742722511000000000,1742722511000000000
BEV2_2025-03-23_drive1.csv,preconditioning_request,UI_batteryPreconditioningRequest,1742722510000000000,1742722511000000000,1742722511000000000
BEV2_2025-03-23_drive2.csv,soc,SOCave292,1742755814000000000,1742755815000000000,1742755815000000000
BEV2_2025-03-23_drive2.csv,ambient_c,VCRIGHT_tempAmbientRaw,1742755814000000000,1742755815000000000,1742755815000000000
BEV2_2025-03-23_drive2.csv,pack_min_c,BMSminPackTemperature,1742755814000000000,1742755815000000000,1742755815000000000
BEV2_2025-03-23_drive2.csv,pack_max_c,BMSmaxPackTemperature,1742755814000000000,1742755815000000000,1742755815000000000
BEV2_2025-03-24_drive1.csv,soc,SOCave292,1742815511000000000,1742815512000000000,1742815512000000000
BEV2_2025-03-24_drive1.csv,ambient_c,VCRIGHT_tempAmbientRaw,1742815511000000000,1742815512000000000,1742815512000000000
BEV2_2025-03-24_drive1.csv,pack_min_c,BMSminPackTemperature,1742815511000000000,1742815512000000000,1742815512000000000
BEV2_2025-03-24_drive1.csv,pack_max_c,BMSmaxPackTemperature,1742815511000000000,1742815512000000000,1742815512000000000
BEV2_2025-03-24_drive1.csv,preconditioning_request,UI_batteryPreconditioningRequest,1742815511000000000,1742815512000000000,1742815512000000000
BEV2_2025-03-26_drive1.csv,soc,SOCave292,1742971475000000000,1742971476000000000,1742971476000000000
BEV2_2025-03-26_drive1.csv,ambient_c,VCRIGHT_tempAmbientRaw,1742971475000000000,1742971476000000000,1742971476000000000
BEV2_2025-03-26_drive1.csv,pack_min_c,BMSminPackTemperature,1742971475000000000,1742971476000000000,1742971476000000000
BEV2_2025-03-26_drive1.csv,pack_max_c,BMSmaxPackTemperature,1742971475000000000,1742971476000000000,1742971476000000000
BEV2_2025-03-26_drive1.csv,preconditioning_request,UI_batteryPreconditioningRequest,1742971475000000000,1742971476000000000,1742971476000000000
BEV2_2025-03-28_drive1.csv,soc,SOCave292,1743170076000000000,1743170077000000000,1743170077000000000
BEV2_2025-03-28_drive1.csv,ambient_c,VCRIGHT_tempAmbientRaw,1743170076000000000,1743170077000000000,1743170077000000000
BEV2_2025-03-28_drive1.csv,pack_min_c,BMSminPackTemperature,1743170076000000000,1743170077000000000,1743170077000000000
BEV2_2025-03-28_drive1.csv,pack_max_c,BMSmaxPackTemperature,1743170076000000000,1743170077000000000,1743170077000000000
BEV2_2025-03-28_drive1.csv,preconditioning_request,UI_batteryPreconditioningRequest,1743170076000000000,1743170077000000000,1743170077000000000
BEV2_2025-03-28_drive2.csv,soc,SOCave292,1743175466000000000,1743175467000000000,1743175467000000000
BEV2_2025-03-28_drive2.csv,ambient_c,VCRIGHT_tempAmbientRaw,1743175466000000000,1743175467000000000,1743175467000000000
BEV2_2025-03-28_drive2.csv,pack_min_c,BMSminPackTemperature,1743175466000000000,1743175467000000000,1743175467000000000
BEV2_2025-03-28_drive2.csv,pack_max_c,BMSmaxPackTemperature,1743175466000000000,1743175467000000000,1743175467000000000
BEV2_2025-03-28_drive2.csv,preconditioning_request,UI_batteryPreconditioningRequest,1743175466000000000,1743175467000000000,1743175467000000000
BEV2_2025-03-28_drive3.csv,soc,SOCave292,1743189419000000000,1743189420000000000,1743189420000000000
BEV2_2025-03-28_drive3.csv,ambient_c,VCRIGHT_tempAmbientRaw,1743189419000000000,1743189420000000000,1743189420000000000
BEV2_2025-03-28_drive3.csv,pack_min_c,BMSminPackTemperature,1743189419000000000,1743189420000000000,1743189420000000000
BEV2_2025-03-28_drive3.csv,pack_max_c,BMSmaxPackTemperature,1743189419000000000,1743189420000000000,1743189420000000000
BEV2_2025-03-28_drive3.csv,preconditioning_request,UI_batteryPreconditioningRequest,1743189419000000000,1743189420000000000,1743189420000000000
BEV2_2025-03-29_drive1.csv,soc,SOCave292,1743252827000000000,1743252828000000000,1743252828000000000
BEV2_2025-03-29_drive1.csv,ambient_c,VCRIGHT_tempAmbientRaw,1743252827000000000,1743252828000000000,1743252828000000000
BEV2_2025-03-29_drive1.csv,pack_min_c,BMSminPackTemperature,1743252827000000000,1743252828000000000,1743252828000000000
BEV2_2025-03-29_drive1.csv,pack_max_c,BMSmaxPackTemperature,1743252827000000000,1743252828000000000,1743252828000000000
BEV2_2025-03-29_drive1.csv,preconditioning_request,UI_batteryPreconditioningRequest,1743252827000000000,1743252828000000000,1743252828000000000
BEV2_2025-03-29_drive2.csv,soc,SOCave292,1743259409000000000,1743259410000000000,1743259410000000000
BEV2_2025-03-29_drive2.csv,ambient_c,VCRIGHT_tempAmbientRaw,1743259409000000000,1743259410000000000,1743259410000000000
BEV2_2025-03-29_drive2.csv,pack_min_c,BMSminPackTemperature,1743259409000000000,1743259410000000000,1743259410000000000
BEV2_2025-03-29_drive2.csv,pack_max_c,BMSmaxPackTemperature,1743259409000000000,1743259410000000000,1743259410000000000
BEV2_2025-03-29_drive2.csv,preconditioning_request,UI_batteryPreconditioningRequest,1743259409000000000,1743259410000000000,1743259410000000000
BEV2_2025-03-29_drive3.csv,soc,SOCave292,1743269306000000000,1743269307000000000,1743269307000000000
BEV2_2025-03-29_drive3.csv,ambient_c,VCRIGHT_tempAmbientRaw,1743269306000000000,1743269307000000000,1743269307000000000
BEV2_2025-03-29_drive3.csv,pack_min_c,BMSminPackTemperature,1743269306000000000,1743269307000000000,1743269307000000000
BEV2_2025-03-29_drive3.csv,pack_max_c,BMSmaxPackTemperature,1743269306000000000,1743269307000000000,1743269307000000000
BEV2_2025-03-30_drive2.csv,soc,SOCave292,1743360295000000000,1743360296000000000,1743360296000000000
BEV2_2025-03-30_drive2.csv,ambient_c,VCRIGHT_tempAmbientRaw,1743360295000000000,1743360296000000000,1743360296000000000
BEV2_2025-03-30_drive2.csv,pack_min_c,BMSminPackTemperature,1743360295000000000,1743360296000000000,1743360296000000000
BEV2_2025-03-30_drive2.csv,pack_max_c,BMSmaxPackTemperature,1743360295000000000,1743360296000000000,1743360296000000000
BEV2_2025-03-31_drive1.csv,soc,SOCave292,1743400478000000000,1743400479000000000,1743400479000000000
BEV2_2025-03-31_drive1.csv,ambient_c,VCRIGHT_tempAmbientRaw,1743400478000000000,1743400479000000000,1743400479000000000
BEV2_2025-03-31_drive1.csv,pack_min_c,BMSminPackTemperature,1743400478000000000,1743400479000000000,1743400479000000000
BEV2_2025-03-31_drive1.csv,pack_max_c,BMSmaxPackTemperature,1743400478000000000,1743400479000000000,1743400479000000000
BEV2_2025-03-31_drive1.csv,preconditioning_request,UI_batteryPreconditioningRequest,1743400478000000000,1743400479000000000,1743400479000000000
BEV2_2025-03-31_drive2.csv,soc,SOCave292,1743431296000000000,1743431297000000000,1743431297000000000
BEV2_2025-03-31_drive2.csv,ambient_c,VCRIGHT_tempAmbientRaw,1743431296000000000,1743431297000000000,1743431297000000000
BEV2_2025-03-31_drive2.csv,pack_min_c,BMSminPackTemperature,1743431296000000000,1743431297000000000,1743431297000000000
BEV2_2025-03-31_drive2.csv,pack_max_c,BMSmaxPackTemperature,1743431296000000000,1743431297000000000,1743431297000000000
BEV2_2025-03-31_drive2.csv,preconditioning_request,UI_batteryPreconditioningRequest,1743431296000000000,1743431297000000000,1743431297000000000
BEV2_2025-04-01_drive1.csv,soc,SOCave292,1743504039000000000,1743504040000000000,1743504040000000000
BEV2_2025-04-01_drive1.csv,ambient_c,VCRIGHT_tempAmbientRaw,1743504039000000000,1743504040000000000,1743504040000000000
BEV2_2025-04-01_drive1.csv,pack_min_c,BMSminPackTemperature,1743504039000000000,1743504040000000000,1743504040000000000
BEV2_2025-04-01_drive1.csv,pack_max_c,BMSmaxPackTemperature,1743504039000000000,1743504040000000000,1743504040000000000
BEV2_2025-04-01_drive2.csv,soc,SOCave292,1743522578000000000,1743522579000000000,1743522579000000000
BEV2_2025-04-01_drive2.csv,ambient_c,VCRIGHT_tempAmbientRaw,1743522578000000000,1743522579000000000,1743522579000000000
BEV2_2025-04-01_drive2.csv,pack_min_c,BMSminPackTemperature,1743522578000000000,1743522579000000000,1743522579000000000
BEV2_2025-04-01_drive2.csv,pack_max_c,BMSmaxPackTemperature,1743522578000000000,1743522579000000000,1743522579000000000
BEV2_2025-04-01_drive2.csv,preconditioning_request,UI_batteryPreconditioningRequest,1743522578000000000,1743522579000000000,1743522579000000000
BEV2_2025-04-03_drive1.csv,soc,SOCave292,1743661428000000000,1743661429000000000,1743661429000000000
BEV2_2025-04-03_drive1.csv,ambient_c,VCRIGHT_tempAmbientRaw,1743661428000000000,1743661429000000000,1743661429000000000
BEV2_2025-04-03_drive1.csv,pack_min_c,BMSminPackTemperature,1743661428000000000,1743661429000000000,1743661429000000000
BEV2_2025-04-03_drive1.csv,pack_max_c,BMSmaxPackTemperature,1743661428000000000,1743661429000000000,1743661429000000000
BEV2_2025-04-03_drive1.csv,preconditioning_request,UI_batteryPreconditioningRequest,1743661428000000000,1743661429000000000,1743661429000000000
BEV2_2025-04-03_drive2.csv,soc,SOCave292,1743693136000000000,1743693137000000000,1743693137000000000
BEV2_2025-04-03_drive2.csv,ambient_c,VCRIGHT_tempAmbientRaw,1743693136000000000,1743693137000000000,1743693137000000000
BEV2_2025-04-03_drive2.csv,pack_min_c,BMSminPackTemperature,1743693136000000000,1743693137000000000,1743693137000000000
BEV2_2025-04-03_drive2.csv,pack_max_c,BMSmaxPackTemperature,1743693136000000000,1743693137000000000,1743693137000000000
BEV2_2025-04-03_drive2.csv,preconditioning_request,UI_batteryPreconditioningRequest,1743693136000000000,1743693137000000000,1743693137000000000
BEV2_2025-04-04_drive1.csv,soc,SOCave292,1743784496000000000,1743784497000000000,1743784497000000000
BEV2_2025-04-04_drive1.csv,ambient_c,VCRIGHT_tempAmbientRaw,1743784496000000000,1743784497000000000,1743784497000000000
BEV2_2025-04-04_drive1.csv,pack_min_c,BMSminPackTemperature,1743784496000000000,1743784497000000000,1743784497000000000
BEV2_2025-04-04_drive1.csv,pack_max_c,BMSmaxPackTemperature,1743784496000000000,1743784497000000000,1743784497000000000
BEV2_2025-04-04_drive1.csv,preconditioning_request,UI_batteryPreconditioningRequest,1743784496000000000,1743784497000000000,1743784497000000000
BEV2_2025-04-04_drive2.csv,soc,SOCave292,1743795105000000000,1743795106000000000,1743795106000000000
BEV2_2025-04-04_drive2.csv,ambient_c,VCRIGHT_tempAmbientRaw,1743795105000000000,1743795106000000000,1743795106000000000
BEV2_2025-04-04_drive2.csv,pack_min_c,BMSminPackTemperature,1743795105000000000,1743795106000000000,1743795106000000000
BEV2_2025-04-04_drive2.csv,pack_max_c,BMSmaxPackTemperature,1743795105000000000,1743795106000000000,1743795106000000000
BEV2_2025-04-04_drive2.csv,preconditioning_request,UI_batteryPreconditioningRequest,1743795105000000000,1743795106000000000,1743795106000000000
BEV2_2025-04-04_drive3.csv,soc,SOCave292,1743798538000000000,1743798539000000000,1743798539000000000
BEV2_2025-04-04_drive3.csv,ambient_c,VCRIGHT_tempAmbientRaw,1743798538000000000,1743798539000000000,1743798539000000000
BEV2_2025-04-04_drive3.csv,pack_min_c,BMSminPackTemperature,1743798538000000000,1743798539000000000,1743798539000000000
BEV2_2025-04-04_drive3.csv,pack_max_c,BMSmaxPackTemperature,1743798538000000000,1743798539000000000,1743798539000000000
BEV2_2025-04-04_drive3.csv,preconditioning_request,UI_batteryPreconditioningRequest,1743798538000000000,1743798539000000000,1743798539000000000
BEV2_2025-04-05_drive1.csv,soc,SOCave292,1743851993000000000,1743851994000000000,1743851994000000000
BEV2_2025-04-05_drive1.csv,ambient_c,VCRIGHT_tempAmbientRaw,1743851993000000000,1743851994000000000,1743851994000000000
BEV2_2025-04-05_drive1.csv,pack_min_c,BMSminPackTemperature,1743851993000000000,1743851994000000000,1743851994000000000
BEV2_2025-04-05_drive1.csv,pack_max_c,BMSmaxPackTemperature,1743851993000000000,1743851994000000000,1743851994000000000
BEV2_2025-04-05_drive1.csv,preconditioning_request,UI_batteryPreconditioningRequest,1743851993000000000,1743851994000000000,1743851994000000000
BEV2_2025-04-05_drive2.csv,soc,SOCave292,1743871648000000000,1743871649000000000,1743871649000000000
BEV2_2025-04-05_drive2.csv,ambient_c,VCRIGHT_tempAmbientRaw,1743871648000000000,1743871649000000000,1743871649000000000
BEV2_2025-04-05_drive2.csv,pack_min_c,BMSminPackTemperature,1743871648000000000,1743871649000000000,1743871649000000000
BEV2_2025-04-05_drive2.csv,pack_max_c,BMSmaxPackTemperature,1743871648000000000,1743871649000000000,1743871649000000000
BEV2_2025-04-05_drive2.csv,preconditioning_request,UI_batteryPreconditioningRequest,1743871648000000000,1743871649000000000,1743871649000000000
BEV2_2025-04-06_drive1.csv,soc,SOCave292,1743929344000000000,1743929345000000000,1743929345000000000
BEV2_2025-04-06_drive1.csv,ambient_c,VCRIGHT_tempAmbientRaw,1743929344000000000,1743929345000000000,1743929345000000000
BEV2_2025-04-06_drive1.csv,pack_min_c,BMSminPackTemperature,1743929344000000000,1743929345000000000,1743929345000000000
BEV2_2025-04-06_drive1.csv,pack_max_c,BMSmaxPackTemperature,1743929344000000000,1743929345000000000,1743929345000000000
BEV2_2025-04-06_drive1.csv,preconditioning_request,UI_batteryPreconditioningRequest,1743929344000000000,1743929345000000000,1743929345000000000
BEV2_2025-04-07_drive1.csv,soc,SOCave292,1744017293000000000,1744017294000000000,1744017294000000000
BEV2_2025-04-07_drive1.csv,ambient_c,VCRIGHT_tempAmbientRaw,1744017293000000000,1744017294000000000,1744017294000000000
BEV2_2025-04-07_drive1.csv,pack_min_c,BMSminPackTemperature,1744017293000000000,1744017294000000000,1744017294000000000
BEV2_2025-04-07_drive1.csv,pack_max_c,BMSmaxPackTemperature,1744017293000000000,1744017294000000000,1744017294000000000
BEV2_2025-04-07_drive1.csv,preconditioning_request,UI_batteryPreconditioningRequest,1744017293000000000,1744017294000000000,1744017294000000000
BEV2_2025-04-07_drive2.csv,soc,SOCave292,1744037153000000000,1744037154000000000,1744037154000000000
BEV2_2025-04-07_drive2.csv,ambient_c,VCRIGHT_tempAmbientRaw,1744037153000000000,1744037154000000000,1744037154000000000
BEV2_2025-04-07_drive2.csv,pack_min_c,BMSminPackTemperature,1744037153000000000,1744037154000000000,1744037154000000000
BEV2_2025-04-07_drive2.csv,pack_max_c,BMSmaxPackTemperature,1744037153000000000,1744037154000000000,1744037154000000000
BEV2_2025-04-07_drive2.csv,preconditioning_request,UI_batteryPreconditioningRequest,1744037153000000000,1744037154000000000,1744037154000000000
BEV2_2025-04-10_drive1.csv,soc,SOCave292,1744284927000000000,1744284928000000000,1744284928000000000
BEV2_2025-04-10_drive1.csv,ambient_c,VCRIGHT_tempAmbientRaw,1744284927000000000,1744284928000000000,1744284928000000000
BEV2_2025-04-10_drive1.csv,pack_min_c,BMSminPackTemperature,1744284927000000000,1744284928000000000,1744284928000000000
BEV2_2025-04-10_drive1.csv,pack_max_c,BMSmaxPackTemperature,1744284927000000000,1744284928000000000,1744284928000000000
BEV2_2025-04-10_drive1.csv,preconditioning_request,UI_batteryPreconditioningRequest,1744284927000000000,1744284928000000000,1744284928000000000
BEV2_2025-04-11_drive1.csv,soc,SOCave292,1744352272000000000,1744352273000000000,1744352273000000000
BEV2_2025-04-11_drive1.csv,ambient_c,VCRIGHT_tempAmbientRaw,1744352272000000000,1744352273000000000,1744352273000000000
BEV2_2025-04-11_drive1.csv,pack_min_c,BMSminPackTemperature,1744352272000000000,1744352273000000000,1744352273000000000
BEV2_2025-04-11_drive1.csv,pack_max_c,BMSmaxPackTemperature,1744352272000000000,1744352273000000000,1744352273000000000
BEV2_2025-04-11_drive1.csv,preconditioning_request,UI_batteryPreconditioningRequest,1744352272000000000,1744352273000000000,1744352273000000000
BEV2_2025-04-11_drive2.csv,soc,SOCave292,1744386691000000000,1744386692000000000,1744386692000000000
BEV2_2025-04-11_drive2.csv,ambient_c,VCRIGHT_tempAmbientRaw,1744386691000000000,1744386692000000000,1744386692000000000
BEV2_2025-04-11_drive2.csv,pack_min_c,BMSminPackTemperature,1744386691000000000,1744386692000000000,1744386692000000000
BEV2_2025-04-11_drive2.csv,pack_max_c,BMSmaxPackTemperature,1744386691000000000,1744386692000000000,1744386692000000000
BEV2_2025-04-11_drive2.csv,preconditioning_request,UI_batteryPreconditioningRequest,1744386691000000000,1744386692000000000,1744386692000000000
BEV2_2025-04-11_drive3.csv,soc,SOCave292,1744390136000000000,1744390137000000000,1744390137000000000
BEV2_2025-04-11_drive3.csv,ambient_c,VCRIGHT_tempAmbientRaw,1744390136000000000,1744390137000000000,1744390137000000000
BEV2_2025-04-11_drive3.csv,pack_min_c,BMSminPackTemperature,1744390136000000000,1744390137000000000,1744390137000000000
BEV2_2025-04-11_drive3.csv,pack_max_c,BMSmaxPackTemperature,1744390136000000000,1744390137000000000,1744390137000000000
BEV2_2025-04-11_drive3.csv,preconditioning_request,UI_batteryPreconditioningRequest,1744390136000000000,1744390137000000000,1744390137000000000
BEV2_2025-04-12_drive1.csv,soc,SOCave292,1744481022000000000,1744481023000000000,1744481023000000000
BEV2_2025-04-12_drive1.csv,ambient_c,VCRIGHT_tempAmbientRaw,1744481022000000000,1744481023000000000,1744481023000000000
BEV2_2025-04-12_drive1.csv,pack_min_c,BMSminPackTemperature,1744481022000000000,1744481023000000000,1744481023000000000
BEV2_2025-04-12_drive1.csv,pack_max_c,BMSmaxPackTemperature,1744481022000000000,1744481023000000000,1744481023000000000
BEV2_2025-04-12_drive1.csv,preconditioning_request,UI_batteryPreconditioningRequest,1744481022000000000,1744481023000000000,1744481023000000000
BEV2_2025-04-13_drive1.csv,soc,SOCave292,1744535389000000000,1744535390000000000,1744535390000000000
BEV2_2025-04-13_drive1.csv,ambient_c,VCRIGHT_tempAmbientRaw,1744535389000000000,1744535390000000000,1744535390000000000
BEV2_2025-04-13_drive1.csv,pack_min_c,BMSminPackTemperature,1744535389000000000,1744535390000000000,1744535390000000000
BEV2_2025-04-13_drive1.csv,pack_max_c,BMSmaxPackTemperature,1744535389000000000,1744535390000000000,1744535390000000000
BEV2_2025-04-13_drive1.csv,preconditioning_request,UI_batteryPreconditioningRequest,1744535389000000000,1744535390000000000,1744535390000000000
BEV2_2025-04-14_drive1.csv,soc,SOCave292,1744616980000000000,1744616981000000000,1744616981000000000
BEV2_2025-04-14_drive1.csv,ambient_c,VCRIGHT_tempAmbientRaw,1744616980000000000,1744616981000000000,1744616981000000000
BEV2_2025-04-14_drive1.csv,pack_min_c,BMSminPackTemperature,1744616980000000000,1744616981000000000,1744616981000000000
BEV2_2025-04-14_drive1.csv,pack_max_c,BMSmaxPackTemperature,1744616980000000000,1744616981000000000,1744616981000000000
BEV2_2025-04-14_drive1.csv,preconditioning_request,UI_batteryPreconditioningRequest,1744616980000000000,1744616981000000000,1744616981000000000
BEV2_2025-04-14_drive2.csv,soc,SOCave292,1744621173000000000,1744621174000000000,1744621174000000000
BEV2_2025-04-14_drive2.csv,ambient_c,VCRIGHT_tempAmbientRaw,1744621173000000000,1744621174000000000,1744621174000000000
BEV2_2025-04-14_drive2.csv,pack_min_c,BMSminPackTemperature,1744621173000000000,1744621174000000000,1744621174000000000
BEV2_2025-04-14_drive2.csv,pack_max_c,BMSmaxPackTemperature,1744621173000000000,1744621174000000000,1744621174000000000
BEV2_2025-04-14_drive2.csv,preconditioning_request,UI_batteryPreconditioningRequest,1744621173000000000,1744621174000000000,1744621174000000000
BEV2_2025-04-14_drive3.csv,soc,SOCave292,1744633200000000000,1744633201000000000,1744633201000000000
BEV2_2025-04-14_drive3.csv,ambient_c,VCRIGHT_tempAmbientRaw,1744633200000000000,1744633201000000000,1744633201000000000
BEV2_2025-04-14_drive3.csv,pack_min_c,BMSminPackTemperature,1744633200000000000,1744633201000000000,1744633201000000000
BEV2_2025-04-14_drive3.csv,pack_max_c,BMSmaxPackTemperature,1744633200000000000,1744633201000000000,1744633201000000000
BEV2_2025-04-14_drive3.csv,preconditioning_request,UI_batteryPreconditioningRequest,1744633200000000000,1744633201000000000,1744633201000000000
BEV2_2025-04-14_drive4.csv,soc,SOCave292,1744639371000000000,1744639372000000000,1744639372000000000
BEV2_2025-04-14_drive4.csv,ambient_c,VCRIGHT_tempAmbientRaw,1744639371000000000,1744639372000000000,1744639372000000000
BEV2_2025-04-14_drive4.csv,pack_min_c,BMSminPackTemperature,1744639371000000000,1744639372000000000,1744639372000000000
BEV2_2025-04-14_drive4.csv,pack_max_c,BMSmaxPackTemperature,1744639371000000000,1744639372000000000,1744639372000000000
BEV2_2025-04-14_drive4.csv,preconditioning_request,UI_batteryPreconditioningRequest,1744639371000000000,1744639372000000000,1744639372000000000
BEV2_2025-04-14_drive5.csv,soc,SOCave292,1744643929000000000,1744643930000000000,1744643930000000000
BEV2_2025-04-14_drive5.csv,ambient_c,VCRIGHT_tempAmbientRaw,1744643929000000000,1744643930000000000,1744643930000000000
BEV2_2025-04-14_drive5.csv,pack_min_c,BMSminPackTemperature,1744643929000000000,1744643930000000000,1744643930000000000
BEV2_2025-04-14_drive5.csv,pack_max_c,BMSmaxPackTemperature,1744643929000000000,1744643930000000000,1744643930000000000
BEV2_2025-04-14_drive5.csv,preconditioning_request,UI_batteryPreconditioningRequest,1744643929000000000,1744643930000000000,1744643930000000000
BEV2_2025-04-14_drive6.csv,soc,SOCave292,1744655479000000000,1744655480000000000,1744655480000000000
BEV2_2025-04-14_drive6.csv,ambient_c,VCRIGHT_tempAmbientRaw,1744655479000000000,1744655480000000000,1744655480000000000
BEV2_2025-04-14_drive6.csv,pack_min_c,BMSminPackTemperature,1744655479000000000,1744655480000000000,1744655480000000000
BEV2_2025-04-14_drive6.csv,pack_max_c,BMSmaxPackTemperature,1744655479000000000,1744655480000000000,1744655480000000000
BEV2_2025-04-14_drive6.csv,preconditioning_request,UI_batteryPreconditioningRequest,1744655479000000000,1744655480000000000,1744655480000000000
BEV2_2025-04-15_drive1.csv,soc,SOCave292,1744736388000000000,1744736389000000000,1744736389000000000
BEV2_2025-04-15_drive1.csv,ambient_c,VCRIGHT_tempAmbientRaw,1744736388000000000,1744736389000000000,1744736389000000000
BEV2_2025-04-15_drive1.csv,pack_min_c,BMSminPackTemperature,1744736388000000000,1744736389000000000,1744736389000000000
BEV2_2025-04-15_drive1.csv,pack_max_c,BMSmaxPackTemperature,1744736388000000000,1744736389000000000,1744736389000000000
BEV2_2025-04-15_drive1.csv,preconditioning_request,UI_batteryPreconditioningRequest,1744736388000000000,1744736389000000000,1744736389000000000
BEV2_2025-04-16_drive1.csv,soc,SOCave292,1744785231000000000,1744785232000000000,1744785232000000000
BEV2_2025-04-16_drive1.csv,ambient_c,VCRIGHT_tempAmbientRaw,1744785231000000000,1744785232000000000,1744785232000000000
BEV2_2025-04-16_drive1.csv,pack_min_c,BMSminPackTemperature,1744785231000000000,1744785232000000000,1744785232000000000
BEV2_2025-04-16_drive1.csv,pack_max_c,BMSmaxPackTemperature,1744785231000000000,1744785232000000000,1744785232000000000
BEV2_2025-04-16_drive1.csv,preconditioning_request,UI_batteryPreconditioningRequest,1744785231000000000,1744785232000000000,1744785232000000000
BEV2_2025-04-16_drive2.csv,soc,SOCave292,1744817112000000000,1744817113000000000,1744817113000000000
BEV2_2025-04-16_drive2.csv,ambient_c,VCRIGHT_tempAmbientRaw,1744817112000000000,1744817113000000000,1744817113000000000
BEV2_2025-04-16_drive2.csv,pack_min_c,BMSminPackTemperature,1744817112000000000,1744817113000000000,1744817113000000000
BEV2_2025-04-16_drive2.csv,pack_max_c,BMSmaxPackTemperature,1744817112000000000,1744817113000000000,1744817113000000000
BEV2_2025-04-16_drive2.csv,preconditioning_request,UI_batteryPreconditioningRequest,1744817112000000000,1744817113000000000,1744817113000000000
BEV2_2025-04-17_drive1.csv,soc,SOCave292,1744869601000000000,1744869602000000000,1744869602000000000
BEV2_2025-04-17_drive1.csv,ambient_c,VCRIGHT_tempAmbientRaw,1744869601000000000,1744869602000000000,1744869602000000000
BEV2_2025-04-17_drive1.csv,pack_min_c,BMSminPackTemperature,1744869601000000000,1744869602000000000,1744869602000000000
BEV2_2025-04-17_drive1.csv,pack_max_c,BMSmaxPackTemperature,1744869601000000000,1744869602000000000,1744869602000000000
BEV2_2025-04-17_drive1.csv,preconditioning_request,UI_batteryPreconditioningRequest,1744869601000000000,1744869602000000000,1744869602000000000
BEV2_2025-04-17_drive2.csv,soc,SOCave292,1744903236000000000,1744903237000000000,1744903237000000000
BEV2_2025-04-17_drive2.csv,ambient_c,VCRIGHT_tempAmbientRaw,1744903236000000000,1744903237000000000,1744903237000000000
BEV2_2025-04-17_drive2.csv,pack_min_c,BMSminPackTemperature,1744903236000000000,1744903237000000000,1744903237000000000
BEV2_2025-04-17_drive2.csv,pack_max_c,BMSmaxPackTemperature,1744903236000000000,1744903237000000000,1744903237000000000
BEV2_2025-04-17_drive2.csv,preconditioning_request,UI_batteryPreconditioningRequest,1744903236000000000,1744903237000000000,1744903237000000000
BEV2_2025-04-17_drive3.csv,soc,SOCave292,1744907107000000000,1744907108000000000,1744907108000000000
BEV2_2025-04-17_drive3.csv,ambient_c,VCRIGHT_tempAmbientRaw,1744907107000000000,1744907108000000000,1744907108000000000
BEV2_2025-04-17_drive3.csv,pack_min_c,BMSminPackTemperature,1744907107000000000,1744907108000000000,1744907108000000000
BEV2_2025-04-17_drive3.csv,pack_max_c,BMSmaxPackTemperature,1744907107000000000,1744907108000000000,1744907108000000000
BEV2_2025-04-17_drive3.csv,preconditioning_request,UI_batteryPreconditioningRequest,1744907107000000000,1744907108000000000,1744907108000000000
BEV2_2025-04-17_drive5.csv,soc,SOCave292,1744922349000000000,1744922350000000000,1744922350000000000
BEV2_2025-04-17_drive5.csv,ambient_c,VCRIGHT_tempAmbientRaw,1744922349000000000,1744922350000000000,1744922350000000000
BEV2_2025-04-17_drive5.csv,pack_min_c,BMSminPackTemperature,1744922349000000000,1744922350000000000,1744922350000000000
BEV2_2025-04-17_drive5.csv,pack_max_c,BMSmaxPackTemperature,1744922349000000000,1744922350000000000,1744922350000000000
BEV2_2025-04-17_drive5.csv,preconditioning_request,UI_batteryPreconditioningRequest,1744922349000000000,1744922350000000000,1744922350000000000
BEV2_2025-04-18_drive1.csv,soc,SOCave292,1744967666000000000,1744967667000000000,1744967667000000000
BEV2_2025-04-18_drive1.csv,ambient_c,VCRIGHT_tempAmbientRaw,1744967666000000000,1744967667000000000,1744967667000000000
BEV2_2025-04-18_drive1.csv,pack_min_c,BMSminPackTemperature,1744967666000000000,1744967667000000000,1744967667000000000
BEV2_2025-04-18_drive1.csv,pack_max_c,BMSmaxPackTemperature,1744967666000000000,1744967667000000000,1744967667000000000
BEV2_2025-04-18_drive1.csv,preconditioning_request,UI_batteryPreconditioningRequest,1744967666000000000,1744967667000000000,1744967667000000000
BEV2_2025-04-22_drive1.csv,soc,SOCave292,1745301069000000000,1745301070000000000,1745301070000000000
BEV2_2025-04-22_drive1.csv,ambient_c,VCRIGHT_tempAmbientRaw,1745301069000000000,1745301070000000000,1745301070000000000
BEV2_2025-04-22_drive1.csv,pack_min_c,BMSminPackTemperature,1745301069000000000,1745301070000000000,1745301070000000000
BEV2_2025-04-22_drive1.csv,pack_max_c,BMSmaxPackTemperature,1745301069000000000,1745301070000000000,1745301070000000000
BEV2_2025-04-22_drive1.csv,preconditioning_request,UI_batteryPreconditioningRequest,1745301069000000000,1745301070000000000,1745301070000000000
BEV2_2025-04-22_drive2.csv,soc,SOCave292,1745314133000000000,1745314134000000000,1745314134000000000
BEV2_2025-04-22_drive2.csv,ambient_c,VCRIGHT_tempAmbientRaw,1745314133000000000,1745314134000000000,1745314134000000000
BEV2_2025-04-22_drive2.csv,pack_min_c,BMSminPackTemperature,1745314133000000000,1745314134000000000,1745314134000000000
BEV2_2025-04-22_drive2.csv,pack_max_c,BMSmaxPackTemperature,1745314133000000000,1745314134000000000,1745314134000000000
BEV2_2025-04-22_drive2.csv,preconditioning_request,UI_batteryPreconditioningRequest,1745314133000000000,1745314134000000000,1745314134000000000
BEV2_2025-04-22_drive4.csv,soc,SOCave292,1745353965000000000,1745353966000000000,1745353966000000000
BEV2_2025-04-22_drive4.csv,ambient_c,VCRIGHT_tempAmbientRaw,1745353965000000000,1745353966000000000,1745353966000000000
BEV2_2025-04-22_drive4.csv,pack_min_c,BMSminPackTemperature,1745353965000000000,1745353966000000000,1745353966000000000
BEV2_2025-04-22_drive4.csv,pack_max_c,BMSmaxPackTemperature,1745353965000000000,1745353966000000000,1745353966000000000
BEV2_2025-04-22_drive4.csv,preconditioning_request,UI_batteryPreconditioningRequest,1745353965000000000,1745353966000000000,1745353966000000000
BEV2_2025-04-23_drive1.csv,soc,SOCave292,1745384995000000000,1745384996000000000,1745384996000000000
BEV2_2025-04-23_drive1.csv,ambient_c,VCRIGHT_tempAmbientRaw,1745384995000000000,1745384996000000000,1745384996000000000
BEV2_2025-04-23_drive1.csv,pack_min_c,BMSminPackTemperature,1745384995000000000,1745384996000000000,1745384996000000000
BEV2_2025-04-23_drive1.csv,pack_max_c,BMSmaxPackTemperature,1745384995000000000,1745384996000000000,1745384996000000000
BEV2_2025-04-23_drive1.csv,preconditioning_request,UI_batteryPreconditioningRequest,1745384995000000000,1745384996000000000,1745384996000000000
BEV2_2025-04-25_drive1.csv,soc,SOCave292,1745574266000000000,1745574267000000000,1745574267000000000
BEV2_2025-04-25_drive1.csv,ambient_c,VCRIGHT_tempAmbientRaw,1745574266000000000,1745574267000000000,1745574267000000000
BEV2_2025-04-25_drive1.csv,pack_min_c,BMSminPackTemperature,1745574266000000000,1745574267000000000,1745574267000000000
BEV2_2025-04-25_drive1.csv,pack_max_c,BMSmaxPackTemperature,1745574266000000000,1745574267000000000,1745574267000000000
BEV2_2025-04-25_drive1.csv,preconditioning_request,UI_batteryPreconditioningRequest,1745574266000000000,1745574267000000000,1745574267000000000
BEV2_2025-04-25_drive2.csv,soc,SOCave292,1745583524000000000,1745583525000000000,1745583525000000000
BEV2_2025-04-25_drive2.csv,ambient_c,VCRIGHT_tempAmbientRaw,1745583524000000000,1745583525000000000,1745583525000000000
BEV2_2025-04-25_drive2.csv,pack_min_c,BMSminPackTemperature,1745583524000000000,1745583525000000000,1745583525000000000
BEV2_2025-04-25_drive2.csv,pack_max_c,BMSmaxPackTemperature,1745583524000000000,1745583525000000000,1745583525000000000
BEV2_2025-04-25_drive2.csv,preconditioning_request,UI_batteryPreconditioningRequest,1745583524000000000,1745583525000000000,1745583525000000000
BEV2_2025-04-25_drive3.csv,soc,SOCave292,1745602552000000000,1745602553000000000,1745602553000000000
BEV2_2025-04-25_drive3.csv,ambient_c,VCRIGHT_tempAmbientRaw,1745602552000000000,1745602553000000000,1745602553000000000
BEV2_2025-04-25_drive3.csv,pack_min_c,BMSminPackTemperature,1745602552000000000,1745602553000000000,1745602553000000000
BEV2_2025-04-25_drive3.csv,pack_max_c,BMSmaxPackTemperature,1745602552000000000,1745602553000000000,1745602553000000000
BEV2_2025-04-25_drive3.csv,preconditioning_request,UI_batteryPreconditioningRequest,1745602552000000000,1745602553000000000,1745602553000000000
BEV2_2025-04-26_drive1.csv,soc,SOCave292,1745673507000000000,1745673508000000000,1745673508000000000
BEV2_2025-04-26_drive1.csv,ambient_c,VCRIGHT_tempAmbientRaw,1745673507000000000,1745673508000000000,1745673508000000000
BEV2_2025-04-26_drive1.csv,pack_min_c,BMSminPackTemperature,1745673507000000000,1745673508000000000,1745673508000000000
BEV2_2025-04-26_drive1.csv,pack_max_c,BMSmaxPackTemperature,1745673507000000000,1745673508000000000,1745673508000000000
BEV2_2025-04-26_drive2.csv,soc,SOCave292,1745684409000000000,1745684410000000000,1745684410000000000
BEV2_2025-04-26_drive2.csv,ambient_c,VCRIGHT_tempAmbientRaw,1745684409000000000,1745684410000000000,1745684410000000000
BEV2_2025-04-26_drive2.csv,pack_min_c,BMSminPackTemperature,1745684409000000000,1745684410000000000,1745684410000000000
BEV2_2025-04-26_drive2.csv,pack_max_c,BMSmaxPackTemperature,1745684409000000000,1745684410000000000,1745684410000000000
BEV2_2025-04-26_drive2.csv,preconditioning_request,UI_batteryPreconditioningRequest,1745684409000000000,1745684410000000000,1745684410000000000
BEV2_2025-04-26_drive3.csv,soc,SOCave292,1745688013000000000,1745688014000000000,1745688014000000000
BEV2_2025-04-26_drive3.csv,ambient_c,VCRIGHT_tempAmbientRaw,1745688013000000000,1745688014000000000,1745688014000000000
BEV2_2025-04-26_drive3.csv,pack_min_c,BMSminPackTemperature,1745688013000000000,1745688014000000000,1745688014000000000
BEV2_2025-04-26_drive3.csv,pack_max_c,BMSmaxPackTemperature,1745688013000000000,1745688014000000000,1745688014000000000
BEV2_2025-04-26_drive3.csv,preconditioning_request,UI_batteryPreconditioningRequest,1745688013000000000,1745688014000000000,1745688014000000000
BEV2_2025-04-27_drive1.csv,soc,SOCave292,1745746412000000000,1745746413000000000,1745746413000000000
BEV2_2025-04-27_drive1.csv,ambient_c,VCRIGHT_tempAmbientRaw,1745746412000000000,1745746413000000000,1745746413000000000
BEV2_2025-04-27_drive1.csv,pack_min_c,BMSminPackTemperature,1745746412000000000,1745746413000000000,1745746413000000000
BEV2_2025-04-27_drive1.csv,pack_max_c,BMSmaxPackTemperature,1745746412000000000,1745746413000000000,1745746413000000000
BEV2_2025-04-27_drive1.csv,preconditioning_request,UI_batteryPreconditioningRequest,1745746412000000000,1745746413000000000,1745746413000000000
BEV2_2025-04-27_drive2.csv,soc,SOCave292,1745750759000000000,1745750760000000000,1745750760000000000
BEV2_2025-04-27_drive2.csv,ambient_c,VCRIGHT_tempAmbientRaw,1745750759000000000,1745750760000000000,1745750760000000000
BEV2_2025-04-27_drive2.csv,pack_min_c,BMSminPackTemperature,1745750759000000000,1745750760000000000,1745750760000000000
BEV2_2025-04-27_drive2.csv,pack_max_c,BMSmaxPackTemperature,1745750759000000000,1745750760000000000,1745750760000000000
BEV2_2025-04-27_drive3.csv,soc,SOCave292,1745751344000000000,1745751345000000000,1745751345000000000
BEV2_2025-04-27_drive3.csv,ambient_c,VCRIGHT_tempAmbientRaw,1745751344000000000,1745751345000000000,1745751345000000000
BEV2_2025-04-27_drive3.csv,pack_min_c,BMSminPackTemperature,1745751344000000000,1745751345000000000,1745751345000000000
BEV2_2025-04-27_drive3.csv,pack_max_c,BMSmaxPackTemperature,1745751344000000000,1745751345000000000,1745751345000000000
BEV2_2025-04-27_drive3.csv,preconditioning_request,UI_batteryPreconditioningRequest,1745751344000000000,1745751345000000000,1745751345000000000
BEV2_2025-04-27_drive4.csv,soc,SOCave292,1745752040000000000,1745752041000000000,1745752041000000000
BEV2_2025-04-27_drive4.csv,ambient_c,VCRIGHT_tempAmbientRaw,1745752040000000000,1745752041000000000,1745752041000000000
BEV2_2025-04-27_drive4.csv,pack_min_c,BMSminPackTemperature,1745752040000000000,1745752041000000000,1745752041000000000
BEV2_2025-04-27_drive4.csv,pack_max_c,BMSmaxPackTemperature,1745752040000000000,1745752041000000000,1745752041000000000
BEV2_2025-04-27_drive4.csv,preconditioning_request,UI_batteryPreconditioningRequest,1745752040000000000,1745752041000000000,1745752041000000000
BEV2_2025-04-27_drive5.csv,soc,SOCave292,1745758371000000000,1745758372000000000,1745758372000000000
BEV2_2025-04-27_drive5.csv,ambient_c,VCRIGHT_tempAmbientRaw,1745758371000000000,1745758372000000000,1745758372000000000
BEV2_2025-04-27_drive5.csv,pack_min_c,BMSminPackTemperature,1745758371000000000,1745758372000000000,1745758372000000000
BEV2_2025-04-27_drive5.csv,pack_max_c,BMSmaxPackTemperature,1745758371000000000,1745758372000000000,1745758372000000000
BEV2_2025-04-27_drive5.csv,preconditioning_request,UI_batteryPreconditioningRequest,1745758371000000000,1745758372000000000,1745758372000000000
BEV2_2025-04-29_drive1.csv,soc,SOCave292,1745913709000000000,1745913710000000000,1745913710000000000
BEV2_2025-04-29_drive1.csv,ambient_c,VCRIGHT_tempAmbientRaw,1745913709000000000,1745913710000000000,1745913710000000000
BEV2_2025-04-29_drive1.csv,pack_min_c,BMSminPackTemperature,1745913709000000000,1745913710000000000,1745913710000000000
BEV2_2025-04-29_drive1.csv,pack_max_c,BMSmaxPackTemperature,1745913709000000000,1745913710000000000,1745913710000000000
BEV2_2025-04-29_drive1.csv,preconditioning_request,UI_batteryPreconditioningRequest,1745913709000000000,1745913710000000000,1745913710000000000
BEV2_2025-04-29_drive2.csv,soc,SOCave292,1745940026000000000,1745940027000000000,1745940027000000000
BEV2_2025-04-29_drive2.csv,ambient_c,VCRIGHT_tempAmbientRaw,1745940026000000000,1745940027000000000,1745940027000000000
BEV2_2025-04-29_drive2.csv,pack_min_c,BMSminPackTemperature,1745940026000000000,1745940027000000000,1745940027000000000
BEV2_2025-04-29_drive2.csv,pack_max_c,BMSmaxPackTemperature,1745940026000000000,1745940027000000000,1745940027000000000
BEV2_2025-04-29_drive2.csv,preconditioning_request,UI_batteryPreconditioningRequest,1745940026000000000,1745940027000000000,1745940027000000000
BEV2_2025-04-30_drive1.csv,soc,SOCave292,1745993316000000000,1745993317000000000,1745993317000000000
BEV2_2025-04-30_drive1.csv,ambient_c,VCRIGHT_tempAmbientRaw,1745993316000000000,1745993317000000000,1745993317000000000
BEV2_2025-04-30_drive1.csv,pack_min_c,BMSminPackTemperature,1745993316000000000,1745993317000000000,1745993317000000000
BEV2_2025-04-30_drive1.csv,pack_max_c,BMSmaxPackTemperature,1745993316000000000,1745993317000000000,1745993317000000000
BEV2_2025-04-30_drive1.csv,preconditioning_request,UI_batteryPreconditioningRequest,1745993316000000000,1745993317000000000,1745993317000000000
