file,source,mode,bucket_ns,available_ns,cut_ns
BEV1_2024-07-24_drive1.csv,BEV1_2024-07-23_park1.csv,parking sessions,1721801545000000000,1721801546000000000,1721801547000000000
BEV1_2024-07-24_drive2.csv,BEV1_2024-07-24_park1.csv,parking sessions,1721833179000000000,1721833180000000000,1721833182000000000
BEV1_2024-07-25_drive1.csv,BEV1_2024-07-24_park2.csv,parking sessions,1721891022000000000,1721891023000000000,1721891024000000000
BEV1_2024-07-25_drive2.csv,BEV1_2024-07-25_park1.csv,parking sessions,1721922523000000000,1721922524000000000,1721922525000000000
BEV1_2024-07-25_drive3.csv,BEV1_2024-07-25_park2.csv,parking sessions,1721926317000000000,1721926318000000000,1721926320000000000
BEV1_2024-07-27_drive1.csv,BEV1_2024-07-25_park3.csv,parking sessions,1722062068000000000,1722062069000000000,1722062070000000000
BEV1_2024-07-27_drive3.csv,BEV1_2024-07-27_park1.csv,parking sessions,1722082151000000000,1722082152000000000,1722082153000000000
BEV1_2024-07-27_drive4.csv,BEV1_2024-07-27_park2.csv,parking sessions,1722088418000000000,1722088419000000000,1722088421000000000
BEV1_2024-07-29_drive1.csv,BEV1_2024-07-27_park3.csv,parking sessions,1722233286000000000,1722233287000000000,1722233288000000000
BEV1_2024-07-29_drive2.csv,BEV1_2024-07-29_park1.csv,parking sessions,1722267539000000000,1722267540000000000,1722267541000000000
BEV1_2024-07-30_drive1.csv,BEV1_2024-07-29_park2.csv,parking sessions,1722321117000000000,1722321118000000000,1722321119000000000
BEV1_2024-07-30_drive2.csv,BEV1_2024-07-30_park1.csv,parking sessions,1722352511000000000,1722352512000000000,1722352514000000000
BEV1_2024-07-31_drive1.csv,BEV1_2024-07-30_park2.csv,parking sessions,1722404877000000000,1722404878000000000,1722404879000000000
BEV1_2024-07-31_drive2.csv,BEV1_2024-07-31_park1.csv,parking sessions,1722437763000000000,1722437764000000000,1722437766000000000
BEV1_2024-07-31_drive3.csv,BEV1_2024-07-31_park2.csv,parking sessions,1722446732000000000,1722446733000000000,1722446734000000000
BEV1_2024-08-01_drive1.csv,BEV1_2024-07-31_park3.csv,parking sessions,1722493626000000000,1722493627000000000,1722493628000000000
BEV1_2024-08-01_drive2.csv,BEV1_2024-08-01_park1.csv,parking sessions,1722526581000000000,1722526582000000000,1722526583000000000
BEV1_2024-08-02_drive1.csv,BEV1_2024-08-01_park2.csv,parking sessions,1722587257000000000,1722587258000000000,1722587259000000000
BEV1_2024-08-06_drive1.csv,BEV1_2024-08-02_drive1.csv,driving sessions,1722589744000000000,1722589745000000000,1722958662000000000
BEV1_2024-08-06_drive2.csv,BEV1_2024-08-06_park1.csv,parking sessions,1722963747000000000,1722963748000000000,1722963750000000000
BEV1_2024-08-06_drive3.csv,BEV1_2024-08-06_park2.csv,parking sessions,1722967799000000000,1722967800000000000,1722967802000000000
BEV1_2024-08-08_drive1.csv,BEV1_2024-08-06_park3.csv,parking sessions,1723093835000000000,1723093836000000000,1723093837000000000
BEV1_2024-08-10_drive1.csv,BEV1_2024-08-08_drive1.csv,driving sessions,1723096239000000000,1723096240000000000,1723270417000000000
BEV1_2024-08-10_drive2.csv,BEV1_2024-08-10_fast_1.csv,fast charging sessions,1723273336000000000,1723273337000000000,1723273343000000000
BEV1_2024-08-10_drive3.csv,BEV1_2024-08-10_park1.csv,parking sessions,1723285027000000000,1723285028000000000,1723285030000000000
BEV1_2024-08-10_drive4.csv,BEV1_2024-08-10_slow.csv,slow charging sessions,1723317132000000000,1723317133000000000,1723317134000000000
BEV1_2024-08-10_drive5.csv,BEV1_2024-08-10_fast_2.csv,fast charging sessions,1723329968000000000,1723329969000000000,1723329972000000000
BEV1_2024-08-11_drive1.csv,BEV1_2024-08-10_park2.csv,parking sessions,1723357574000000000,1723357575000000000,1723357577000000000
BEV1_2024-08-11_drive2.csv,BEV1_2024-08-11_park1.csv,parking sessions,1723361531000000000,1723361532000000000,1723361533000000000
BEV1_2024-08-11_drive3.csv,BEV1_2024-08-11_slow.csv,slow charging sessions,1723383494000000000,1723383495000000000,1723383496000000000
BEV1_2024-08-29_drive1.csv,BEV1_2024-08-11_park2.csv,parking sessions,1723402451000000000,1723402452000000000,1724944858000000000
BEV1_2024-08-30_drive1.csv,BEV1_2024-08-29_park1.csv,parking sessions,1724999761000000000,1724999762000000000,1724999763000000000
BEV1_2024-08-30_drive2.csv,BEV1_2024-08-30_park1.csv,parking sessions,1725007855000000000,1725007856000000000,1725007857000000000
BEV1_2024-08-31_drive1.csv,BEV1_2024-08-31_park1.csv,parking sessions,1725128900000000000,1725128901000000000,1725128902000000000
BEV1_2024-08-31_drive2.csv,BEV1_2024-08-31_park2.csv,parking sessions,1725137033000000000,1725137034000000000,1725137035000000000
BEV1_2024-09-01_drive1.csv,BEV1_2024-08-31_park3.csv,parking sessions,1725138870000000000,1725138871000000000,1725178918000000000
BEV1_2024-09-01_drive2.csv,BEV1_2024-09-01_drive1.csv,driving sessions,1725179080000000000,1725179081000000000,1725186213000000000
BEV1_2024-09-01_drive3.csv,BEV1_2024-09-01_park1.csv,parking sessions,1725197844000000000,1725197845000000000,1725197846000000000
BEV1_2024-09-01_drive4.csv,BEV1_2024-09-01_slow.csv,slow charging sessions,1725205091000000000,1725205092000000000,1725205093000000000
BEV1_2024-09-01_drive5.csv,BEV1_2024-09-01_fast_1.csv,fast charging sessions,1725214241000000000,1725214242000000000,1725214244000000000
BEV1_2024-09-02_drive1.csv,BEV1_2024-09-01_park2.csv,parking sessions,1725258187000000000,1725258188000000000,1725258189000000000
BEV1_2024-09-02_drive2.csv,BEV1_2024-09-02_park1.csv,parking sessions,1725292131000000000,1725292132000000000,1725292134000000000
BEV1_2024-09-03_drive1.csv,BEV1_2024-09-02_park2.csv,parking sessions,1725351476000000000,1725351477000000000,1725351478000000000
BEV1_2024-09-03_drive2.csv,BEV1_2024-09-03_fast_1.csv,fast charging sessions,1725358049000000000,1725358050000000000,1725358052000000000
BEV1_2024-09-03_drive3.csv,BEV1_2024-09-03_fast_2.csv,fast charging sessions,1725367284000000000,1725367285000000000,1725367287000000000
BEV1_2024-09-03_drive5.csv,BEV1_2024-09-03_park1.csv,parking sessions,1725381323000000000,1725381324000000000,1725381326000000000
BEV1_2024-09-03_drive6.csv,BEV1_2024-09-03_park2.csv,parking sessions,1725389462000000000,1725389463000000000,1725389464000000000
BEV1_2024-09-04_drive1.csv,BEV1_2024-09-03_park3.csv,parking sessions,1725429455000000000,1725429456000000000,1725429457000000000
BEV1_2024-09-04_drive2.csv,BEV1_2024-09-04_slow.csv,slow charging sessions,1725463970000000000,1725463971000000000,1725463972000000000
BEV1_2024-09-17_drive1.csv,BEV1_2024-09-06_park1.csv,parking sessions,1725627302000000000,1725627303000000000,1726588230000000000
BEV1_2024-09-18_drive1.csv,BEV1_2024-09-17_park1.csv,parking sessions,1726643137000000000,1726643138000000000,1726643140000000000
BEV1_2024-09-18_drive2.csv,BEV1_2024-09-18_park1.csv,parking sessions,1726674557000000000,1726674558000000000,1726674559000000000
BEV1_2024-09-18_drive3.csv,BEV1_2024-09-18_park2.csv,parking sessions,1726687167000000000,1726687168000000000,1726687169000000000
BEV1_2024-09-18_drive4.csv,BEV1_2024-09-18_park3.csv,parking sessions,1726691237000000000,1726691238000000000,1726691240000000000
BEV1_2024-09-19_drive1.csv,BEV1_2024-09-18_park4.csv,parking sessions,1726727142000000000,1726727143000000000,1726727144000000000
BEV1_2024-09-19_drive2.csv,BEV1_2024-09-19_park1.csv,parking sessions,1726757273000000000,1726757274000000000,1726757275000000000
BEV1_2024-09-20_drive1.csv,BEV1_2024-09-19_park2.csv,parking sessions,1726811471000000000,1726811472000000000,1726811474000000000
BEV1_2024-09-20_drive2.csv,BEV1_2024-09-20_park1.csv,parking sessions,1726834491000000000,1726834492000000000,1726834493000000000
BEV1_2024-09-20_drive3.csv,BEV1_2024-09-20_park2.csv,parking sessions,1726846653000000000,1726846654000000000,1726846655000000000
BEV1_2024-09-21_drive1.csv,BEV1_2024-09-20_park3.csv,parking sessions,1726906762000000000,1726906763000000000,1726906764000000000
BEV1_2024-09-21_drive2.csv,BEV1_2024-09-21_park1.csv,parking sessions,1726934822000000000,1726934823000000000,1726934824000000000
BEV1_2024-09-22_drive1.csv,BEV1_2024-09-21_park2.csv,parking sessions,1726995999000000000,1726996000000000000,1726996001000000000
BEV1_2024-09-22_drive2.csv,BEV1_2024-09-22_park1.csv,parking sessions,1727015326000000000,1727015327000000000,1727015328000000000
BEV1_2024-09-23_drive1.csv,BEV1_2024-09-22_park2.csv,parking sessions,1727071090000000000,1727071091000000000,1727071092000000000
BEV1_2024-09-23_drive2.csv,BEV1_2024-09-23_park1.csv,parking sessions,1727106520000000000,1727106521000000000,1727106523000000000
BEV1_2024-09-24_drive1.csv,BEV1_2024-09-23_park2.csv,parking sessions,1727164953000000000,1727164954000000000,1727164956000000000
BEV1_2024-09-24_drive2.csv,BEV1_2024-09-24_park1.csv,parking sessions,1727175775000000000,1727175776000000000,1727175777000000000
BEV1_2024-09-24_drive3.csv,BEV1_2024-09-24_park2.csv,parking sessions,1727193378000000000,1727193379000000000,1727193381000000000
BEV1_2024-09-25_drive1.csv,BEV1_2024-09-24_park3.csv,parking sessions,1727247762000000000,1727247763000000000,1727247765000000000
BEV1_2024-09-25_drive2.csv,BEV1_2024-09-25_park1.csv,parking sessions,1727277795000000000,1727277796000000000,1727277798000000000
BEV1_2024-09-26_drive1.csv,BEV1_2024-09-25_park2.csv,parking sessions,1727329132000000000,1727329133000000000,1727329135000000000
BEV1_2024-09-26_drive2.csv,BEV1_2024-09-26_park1.csv,parking sessions,1727364813000000000,1727364814000000000,1727364816000000000
BEV1_2024-09-27_drive1.csv,BEV1_2024-09-26_park2.csv,parking sessions,1727416113000000000,1727416114000000000,1727416115000000000
BEV1_2024-10-01_drive1.csv,BEV1_2024-10-01_park1.csv,parking sessions,1727800623000000000,1727800624000000000,1727800626000000000
BEV1_2024-10-02_drive1.csv,BEV1_2024-10-01_park2.csv,parking sessions,1727852822000000000,1727852823000000000,1727852825000000000
BEV1_2024-10-02_drive2.csv,BEV1_2024-10-02_slow.csv,slow charging sessions,1727861977000000000,1727861978000000000,1727861979000000000
BEV1_2024-10-02_drive3.csv,BEV1_2024-10-02_park1.csv,parking sessions,1727878018000000000,1727878019000000000,1727878020000000000
BEV1_2024-10-03_drive1.csv,BEV1_2024-10-02_park2.csv,parking sessions,1727935611000000000,1727935612000000000,1727935614000000000
BEV1_2024-10-03_drive2.csv,BEV1_2024-10-03_drive1.csv,driving sessions,1727939245000000000,1727939246000000000,1727951697000000000
BEV1_2024-10-03_drive3.csv,BEV1_2024-10-03_park1.csv,parking sessions,1727970905000000000,1727970906000000000,1727970907000000000
BEV1_2024-10-04_drive1.csv,BEV1_2024-10-03_park2.csv,parking sessions,1728021190000000000,1728021191000000000,1728021193000000000
BEV1_2024-10-20_drive1.csv,BEV1_2024-10-19_park1.csv,parking sessions,1729418325000000000,1729418326000000000,1729418327000000000
BEV1_2024-10-20_drive2.csv,BEV1_2024-10-20_park1.csv,parking sessions,1729423426000000000,1729423427000000000,1729423428000000000
BEV1_2024-10-22_drive1.csv,BEV1_2024-10-20_park2.csv,parking sessions,1729575848000000000,1729575849000000000,1729575851000000000
BEV1_2024-10-22_drive2.csv,BEV1_2024-10-22_park1.csv,parking sessions,1729608828000000000,1729608829000000000,1729608831000000000
BEV1_2024-10-24_drive1.csv,BEV1_2024-10-22_park2.csv,parking sessions,1729749758000000000,1729749759000000000,1729749761000000000
BEV1_2024-10-24_drive2.csv,BEV1_2024-10-24_park1.csv,parking sessions,1729782720000000000,1729782721000000000,1729782722000000000
BEV1_2024-10-24_drive3.csv,BEV1_2024-10-24_park2.csv,parking sessions,1729798986000000000,1729798987000000000,1729798988000000000
BEV1_2024-10-25_drive1.csv,BEV1_2024-10-24_park3.csv,parking sessions,1729836278000000000,1729836279000000000,1729836281000000000
BEV1_2024-10-25_drive2.csv,BEV1_2024-10-25_park1.csv,parking sessions,1729868287000000000,1729868288000000000,1729868290000000000
BEV1_2024-10-27_drive1.csv,BEV1_2024-10-25_park2.csv,parking sessions,1730025653000000000,1730025654000000000,1730025988000000000
BEV1_2024-10-27_drive2.csv,BEV1_2024-10-27_park1.csv,parking sessions,1730035113000000000,1730035114000000000,1730035115000000000
BEV1_2024-10-27_drive3.csv,BEV1_2024-10-27_park2.csv,parking sessions,1730056442000000000,1730056443000000000,1730056445000000000
BEV1_2024-10-28_drive1.csv,BEV1_2024-10-27_park3.csv,parking sessions,1730099306000000000,1730099307000000000,1730099309000000000
BEV1_2024-10-28_drive2.csv,BEV1_2024-10-28_park1.csv,parking sessions,1730130914000000000,1730130915000000000,1730130916000000000
BEV1_2024-10-29_drive1.csv,BEV1_2024-10-28_park2.csv,parking sessions,1730183206000000000,1730183207000000000,1730183209000000000
BEV1_2024-10-29_drive2.csv,BEV1_2024-10-29_park1.csv,parking sessions,1730215074000000000,1730215075000000000,1730220930000000000
BEV1_2024-10-30_drive1.csv,BEV1_2024-10-29_park2.csv,parking sessions,1730290195000000000,1730290196000000000,1730290197000000000
BEV1_2024-10-30_drive2.csv,BEV1_2024-10-30_park1.csv,parking sessions,1730306247000000000,1730306248000000000,1730306249000000000
BEV1_2024-10-31_drive1.csv,BEV1_2024-10-30_park2.csv,parking sessions,1730361179000000000,1730361180000000000,1730361181000000000
BEV1_2024-10-31_drive2.csv,BEV1_2024-10-31_park1.csv,parking sessions,1730374640000000000,1730374641000000000,1730381211000000000
BEV1_2024-10-31_drive3.csv,BEV1_2024-10-31_slow.csv,slow charging sessions,1730386317000000000,1730386318000000000,1730386319000000000
BEV1_2024-10-31_drive4.csv,BEV1_2024-10-31_drive3.csv,driving sessions,1730391058000000000,1730391059000000000,1730391516000000000
BEV1_2024-10-31_drive5.csv,BEV1_2024-10-31_park3.csv,parking sessions,1730396437000000000,1730396438000000000,1730396720000000000
BEV1_2024-11-01_drive1.csv,BEV1_2024-10-31_park4.csv,parking sessions,1730473653000000000,1730473654000000000,1730473662000000000
BEV1_2024-11-02_drive1.csv,BEV1_2024-11-02_park1.csv,parking sessions,1730531438000000000,1730531439000000000,1730539875000000000
BEV1_2024-11-02_drive2.csv,BEV1_2024-11-02_drive1.csv,driving sessions,1730540172000000000,1730540173000000000,1730548125000000000
BEV1_2024-11-02_drive3.csv,BEV1_2024-11-02_park2.csv,parking sessions,1730552719000000000,1730552720000000000,1730553999000000000
BEV1_2024-11-02_drive4.csv,BEV1_2024-11-02_park3.csv,parking sessions,1730562243000000000,1730562244000000000,1730568923000000000
BEV1_2024-11-02_drive5.csv,BEV1_2024-11-02_slow.csv,slow charging sessions,1730576257000000000,1730576258000000000,1730576259000000000
BEV1_2024-11-04_drive2.csv,BEV1_2024-11-04_park1.csv,parking sessions,1730737884000000000,1730737885000000000,1730737893000000000
BEV1_2024-11-05_drive1.csv,BEV1_2024-11-04_park2.csv,parking sessions,1730789246000000000,1730789247000000000,1730789255000000000
BEV1_2024-11-05_drive2.csv,BEV1_2024-11-05_park1.csv,parking sessions,1730824940000000000,1730824941000000000,1730824949000000000
BEV1_2024-11-06_drive1.csv,BEV1_2024-11-05_park2.csv,parking sessions,1730881439000000000,1730881440000000000,1730881446000000000
BEV1_2024-11-06_drive3.csv,BEV1_2024-11-06_park2.csv,parking sessions,1730914239000000000,1730914240000000000,1730919128000000000
BEV1_2024-11-06_drive4.csv,BEV1_2024-11-06_drive3.csv,driving sessions,1730919506000000000,1730919507000000000,1730923696000000000
BEV1_2024-11-07_drive1.csv,BEV1_2024-11-07_park1.csv,parking sessions,1730964706000000000,1730964707000000000,1730964712000000000
BEV1_2024-11-07_drive2.csv,BEV1_2024-11-07_park2.csv,parking sessions,1730997124000000000,1730997125000000000,1730997130000000000
BEV1_2024-11-08_drive1.csv,BEV1_2024-11-07_park3.csv,parking sessions,1731056590000000000,1731056591000000000,1731056598000000000
BEV1_2024-11-08_drive2.csv,BEV1_2024-11-08_drive1.csv,driving sessions,1731057880000000000,1731057881000000000,1731067757000000000
BEV1_2024-11-08_drive3.csv,BEV1_2024-11-08_park1.csv,parking sessions,1731068960000000000,1731068961000000000,1731088168000000000
BEV1_2024-11-08_drive4.csv,BEV1_2024-11-08_drive3.csv,driving sessions,1731089416000000000,1731089417000000000,1731106386000000000
BEV1_2024-11-10_drive1.csv,BEV1_2024-11-09_park1.csv,parking sessions,1731175686000000000,1731175687000000000,1731254328000000000
BEV1_2024-11-10_drive2.csv,BEV1_2024-11-10_drive1.csv,driving sessions,1731254856000000000,1731254857000000000,1731258284000000000
BEV1_2024-11-10_drive3.csv,BEV1_2024-11-10_drive2.csv,driving sessions,1731258849000000000,1731258850000000000,1731267957000000000
BEV1_2024-11-10_drive4.csv,BEV1_2024-11-10_park1.csv,parking sessions,1731270636000000000,1731270637000000000,1731270642000000000
BEV1_2024-11-11_drive1.csv,BEV1_2024-11-10_drive4.csv,driving sessions,1731271116000000000,1731271117000000000,1731322215000000000
BEV1_2024-11-11_drive2.csv,BEV1_2024-11-11_park1.csv,parking sessions,1731343875000000000,1731343876000000000,1731343882000000000
BEV1_2024-11-11_drive3.csv,BEV1_2024-11-11_drive2.csv,driving sessions,1731344271000000000,1731344272000000000,1731344483000000000
BEV1_2024-11-11_drive4.csv,BEV1_2024-11-11_drive3.csv,driving sessions,1731345342000000000,1731345343000000000,1731347962000000000
BEV1_2024-11-12_drive1.csv,BEV1_2024-11-12_park1.csv,parking sessions,1731394886000000000,1731394887000000000,1731394893000000000
BEV1_2024-11-12_drive2.csv,BEV1_2024-11-12_slow.csv,slow charging sessions,1731397216000000000,1731397217000000000,1731429773000000000
BEV1_2024-11-13_drive1.csv,BEV1_2024-11-12_park2.csv,parking sessions,1731483803000000000,1731483804000000000,1731483810000000000
BEV1_2024-11-13_drive2.csv,BEV1_2024-11-13_park1.csv,parking sessions,1731516082000000000,1731516083000000000,1731516089000000000
BEV1_2024-11-13_drive3.csv,BEV1_2024-11-13_park2.csv,parking sessions,1731521219000000000,1731521220000000000,1731521231000000000
BEV1_2024-11-13_drive4.csv,BEV1_2024-11-13_drive3.csv,driving sessions,1731521959000000000,1731521960000000000,1731534106000000000
BEV1_2024-11-14_drive1.csv,BEV1_2024-11-13_park3.csv,parking sessions,1731567179000000000,1731567180000000000,1731567186000000000
BEV1_2024-11-14_drive2.csv,BEV1_2024-11-14_drive1.csv,driving sessions,1731568636000000000,1731568637000000000,1731578374000000000
BEV1_2024-11-14_drive3.csv,BEV1_2024-11-14_park1.csv,parking sessions,1731600360000000000,1731600361000000000,1731600367000000000
BEV1_2024-11-15_drive1.csv,BEV1_2024-11-14_park2.csv,parking sessions,1731681548000000000,1731681549000000000,1731681555000000000
BEV1_2024-11-17_drive1.csv,BEV1_2024-11-17_park1.csv,parking sessions,1731883290000000000,1731883291000000000,1731883303000000000
BEV1_2024-11-17_drive2.csv,BEV1_2024-11-17_fast_1.csv,fast charging sessions,1731885755000000000,1731885756000000000,1731885757000000000
BEV1_2024-11-18_drive1.csv,BEV1_2024-11-18_slow.csv,slow charging sessions,1731915401000000000,1731915402000000000,1731915433000000000
BEV1_2024-11-18_drive2.csv,BEV1_2024-11-18_park1.csv,parking sessions,1731946165000000000,1731946166000000000,1731946172000000000
BEV1_2024-11-18_drive3.csv,BEV1_2024-11-18_park2.csv,parking sessions,1731947635000000000,1731947636000000000,1731947951000000000
BEV1_2024-11-19_drive1.csv,BEV1_2024-11-18_park3.csv,parking sessions,1731957167000000000,1731957168000000000,1732001259000000000
BEV1_2024-11-19_drive2.csv,BEV1_2024-11-19_park1.csv,parking sessions,1732032543000000000,1732032544000000000,1732032551000000000
BEV1_2024-11-20_drive1.csv,BEV1_2024-11-19_park2.csv,parking sessions,1732034002000000000,1732034003000000000,1732089007000000000
BEV1_2024-11-20_drive2.csv,BEV1_2024-11-20_park1.csv,parking sessions,1732121592000000000,1732121593000000000,1732121599000000000
BEV1_2024-11-20_drive3.csv,BEV1_2024-11-20_park2.csv,parking sessions,1732123600000000000,1732123601000000000,1732126663000000000
BEV1_2024-11-20_drive4.csv,BEV1_2024-11-20_park3.csv,parking sessions,1732127318000000000,1732127319000000000,1732132957000000000
BEV1_2024-11-21_drive1.csv,BEV1_2024-11-20_park4.csv,parking sessions,1732133940000000000,1732133941000000000,1732170425000000000
BEV1_2024-11-21_drive2.csv,BEV1_2024-11-21_drive1.csv,driving sessions,1732172523000000000,1732172524000000000,1732199334000000000
BEV1_2024-11-21_drive3.csv,BEV1_2024-11-21_park1.csv,parking sessions,1732211696000000000,1732211697000000000,1732211707000000000
BEV1_2024-11-21_drive4.csv,BEV1_2024-11-21_drive3.csv,driving sessions,1732212496000000000,1732212497000000000,1732219729000000000
BEV1_2024-11-22_drive1.csv,BEV1_2024-11-21_park2.csv,parking sessions,1732267101000000000,1732267102000000000,1732267107000000000
BEV1_2024-11-22_drive2.csv,BEV1_2024-11-22_park1.csv,parking sessions,1732275295000000000,1732275296000000000,1732275302000000000
BEV1_2024-11-22_drive4.csv,BEV1_2024-11-22_park2.csv,parking sessions,1732294429000000000,1732294430000000000,1732297411000000000
BEV1_2024-11-22_drive5.csv,BEV1_2024-11-22_park3.csv,parking sessions,1732300911000000000,1732300912000000000,1732309426000000000
BEV1_2024-11-23_drive1.csv,BEV1_2024-11-23_park1.csv,parking sessions,1732368174000000000,1732368175000000000,1732368183000000000
BEV1_2024-11-23_drive2.csv,BEV1_2024-11-23_drive1.csv,driving sessions,1732369072000000000,1732369073000000000,1732369183000000000
BEV1_2024-11-23_drive3.csv,BEV1_2024-11-23_park2.csv,parking sessions,1732373088000000000,1732373089000000000,1732380557000000000
BEV1_2024-11-23_drive4.csv,BEV1_2024-11-23_park3.csv,parking sessions,1732380993000000000,1732380994000000000,1732383740000000000
BEV1_2024-11-24_drive1.csv,BEV1_2024-11-23_park4.csv,parking sessions,1732384912000000000,1732384913000000000,1732442890000000000
BEV1_2024-11-24_drive2.csv,BEV1_2024-11-24_drive1.csv,driving sessions,1732443488000000000,1732443489000000000,1732443892000000000
BEV1_2024-11-25_drive1.csv,BEV1_2024-11-24_drive2.csv,driving sessions,1732444518000000000,1732444519000000000,1732519626000000000
BEV1_2024-11-25_drive2.csv,BEV1_2024-11-25_park1.csv,parking sessions,1732537981000000000,1732537982000000000,1732537990000000000
BEV1_2024-11-25_drive3.csv,BEV1_2024-11-25_drive2.csv,driving sessions,1732540747000000000,1732540748000000000,1732542461000000000
BEV1_2024-11-25_drive4.csv,BEV1_2024-11-25_park2.csv,parking sessions,1732553121000000000,1732553122000000000,1732553130000000000
BEV1_2024-11-26_drive1.csv,BEV1_2024-11-25_park3.csv,parking sessions,1732556131000000000,1732556132000000000,1732606015000000000
BEV1_2024-11-26_drive2.csv,BEV1_2024-11-26_park1.csv,parking sessions,1732637219000000000,1732637220000000000,1732637225000000000
BEV1_2024-11-28_drive1.csv,BEV1_2024-11-26_park2.csv,parking sessions,1732777887000000000,1732777888000000000,1732777892000000000
BEV1_2024-11-28_drive2.csv,BEV1_2024-11-28_drive1.csv,driving sessions,1732780248000000000,1732780249000000000,1732793638000000000
BEV1_2024-11-28_drive3.csv,BEV1_2024-11-28_park1.csv,parking sessions,1732794847000000000,1732794848000000000,1732805034000000000
BEV1_2024-11-28_drive4.csv,BEV1_2024-11-28_park2.csv,parking sessions,1732807401000000000,1732807402000000000,1732813637000000000
BEV1_2024-11-28_drive5.csv,BEV1_2024-11-28_drive4.csv,driving sessions,1732815944000000000,1732815945000000000,1732822719000000000
BEV1_2024-11-29_drive1.csv,BEV1_2024-11-28_park3.csv,parking sessions,1732862633000000000,1732862634000000000,1732862639000000000
BEV1_2024-11-29_drive2.csv,BEV1_2024-11-29_park1.csv,parking sessions,1732897938000000000,1732897939000000000,1732897945000000000
BEV1_2024-11-30_drive1.csv,BEV1_2024-11-30_park1.csv,parking sessions,1732964481000000000,1732964482000000000,1732964491000000000
BEV1_2024-11-30_drive2.csv,BEV1_2024-11-30_drive1.csv,driving sessions,1732965004000000000,1732965005000000000,1732965660000000000
BEV1_2024-11-30_drive3.csv,BEV1_2024-11-30_park2.csv,parking sessions,1732969285000000000,1732969286000000000,1732969311000000000
BEV1_2024-11-30_drive4.csv,BEV1_2024-11-30_park3.csv,parking sessions,1732973450000000000,1732973451000000000,1732973457000000000
BEV1_2024-12-01_drive1.csv,BEV1_2024-12-01_park1.csv,parking sessions,1733068768000000000,1733068769000000000,1733068775000000000
BEV1_2024-12-01_drive2.csv,BEV1_2024-12-01_drive1.csv,driving sessions,1733069499000000000,1733069500000000000,1733069882000000000
BEV1_2024-12-01_drive3.csv,BEV1_2024-12-01_drive2.csv,driving sessions,1733071046000000000,1733071047000000000,1733073112000000000
BEV1_2024-12-01_drive4.csv,BEV1_2024-12-01_drive3.csv,driving sessions,1733074054000000000,1733074055000000000,1733074871000000000
BEV1_2024-12-01_drive5.csv,BEV1_2024-12-01_park2.csv,parking sessions,1733075346000000000,1733075347000000000,1733075512000000000
BEV1_2024-12-01_drive6.csv,BEV1_2024-12-01_park3.csv,parking sessions,1733076758000000000,1733076759000000000,1733077525000000000
BEV1_2024-12-02_drive1.csv,BEV1_2024-12-01_drive6.csv,driving sessions,1733078088000000000,1733078089000000000,1733125030000000000
BEV1_2024-12-02_drive2.csv,BEV1_2024-12-02_park1.csv,parking sessions,1733156544000000000,1733156545000000000,1733156551000000000
BEV1_2024-12-02_drive3.csv,BEV1_2024-12-02_park2.csv,parking sessions,1733160742000000000,1733160743000000000,1733160749000000000
BEV1_2024-12-02_drive4.csv,BEV1_2024-12-02_drive3.csv,driving sessions,1733161183000000000,1733161184000000000,1733161579000000000
BEV1_2024-12-02_drive5.csv,BEV1_2024-12-02_park3.csv,parking sessions,1733162777000000000,1733162778000000000,1733162790000000000
BEV1_2024-12-02_drive6.csv,BEV1_2024-12-02_slow.csv,slow charging sessions,1733169785000000000,1733169786000000000,1733169787000000000
BEV1_2024-12-03_drive1.csv,BEV1_2024-12-02_park4.csv,parking sessions,1733209057000000000,1733209058000000000,1733209064000000000
BEV1_2024-12-03_drive2.csv,BEV1_2024-12-03_park1.csv,parking sessions,1733231953000000000,1733231954000000000,1733231959000000000
BEV1_2024-12-03_drive3.csv,BEV1_2024-12-03_drive2.csv,driving sessions,1733235686000000000,1733235687000000000,1733236851000000000
BEV1_2024-12-03_drive4.csv,BEV1_2024-12-03_park2.csv,parking sessions,1733240291000000000,1733240292000000000,1733240298000000000
BEV1_2024-12-04_drive1.csv,BEV1_2024-12-03_park4.csv,parking sessions,1733259670000000000,1733259671000000000,1733329899000000000
BEV1_2024-12-04_drive2.csv,BEV1_2024-12-04_park1.csv,parking sessions,1733332771000000000,1733332772000000000,1733332777000000000
BEV1_2024-12-04_drive3.csv,BEV1_2024-12-04_park2.csv,parking sessions,1733338095000000000,1733338096000000000,1733338101000000000
BEV1_2024-12-05_drive1.csv,BEV1_2024-12-04_park3.csv,parking sessions,1733384372000000000,1733384373000000000,1733384381000000000
BEV1_2024-12-05_drive2.csv,BEV1_2024-12-05_park1.csv,parking sessions,1733416463000000000,1733416464000000000,1733416471000000000
BEV1_2024-12-05_drive3.csv,BEV1_2024-12-05_park2.csv,parking sessions,1733417882000000000,1733417883000000000,1733418044000000000
BEV1_2024-12-05_drive4.csv,BEV1_2024-12-05_slow.csv,slow charging sessions,1733419310000000000,1733419311000000000,1733419312000000000
BEV1_2024-12-06_drive1.csv,BEV1_2024-12-05_park3.csv,parking sessions,1733468203000000000,1733468204000000000,1733468209000000000
BEV1_2024-12-06_drive2.csv,BEV1_2024-12-06_drive1.csv,driving sessions,1733470450000000000,1733470451000000000,1733500656000000000
BEV1_2024-12-06_drive3.csv,BEV1_2024-12-06_park1.csv,parking sessions,1733508242000000000,1733508243000000000,1733508250000000000
BEV1_2024-12-06_drive4.csv,BEV1_2024-12-06_park2.csv,parking sessions,1733509226000000000,1733509227000000000,1733525345000000000
BEV1_2024-12-07_drive1.csv,BEV1_2024-12-06_drive4.csv,driving sessions,1733526574000000000,1733526575000000000,1733567511000000000
BEV1_2024-12-07_drive3.csv,BEV1_2024-12-07_slow.csv,slow charging sessions,1733584487000000000,1733584488000000000,1733584776000000000
BEV1_2024-12-07_drive4.csv,BEV1_2024-12-07_fast_1.csv,fast charging sessions,1733591066000000000,1733591067000000000,1733591068000000000
BEV1_2024-12-08_drive1.csv,BEV1_2024-12-08_park1.csv,parking sessions,1733616060000000000,1733616061000000000,1733616067000000000
BEV1_2024-12-08_drive2.csv,BEV1_2024-12-08_park2.csv,parking sessions,1733617633000000000,1733617634000000000,1733658531000000000
BEV1_2024-12-08_drive3.csv,BEV1_2024-12-08_drive2.csv,driving sessions,1733660634000000000,1733660635000000000,1733667878000000000
BEV1_2024-12-08_drive4.csv,BEV1_2024-12-08_fast_1.csv,fast charging sessions,1733672680000000000,1733672681000000000,1733672683000000000
BEV1_2024-12-09_drive1.csv,BEV1_2024-12-09_park1.csv,parking sessions,1733732091000000000,1733732092000000000,1733732098000000000
BEV1_2024-12-09_drive2.csv,BEV1_2024-12-09_drive1.csv,driving sessions,1733733933000000000,1733733934000000000,1733738738000000000
BEV1_2024-12-09_drive3.csv,BEV1_2024-12-09_park2.csv,parking sessions,1733750776000000000,1733750777000000000,1733750783000000000
BEV1_2024-12-09_drive4.csv,BEV1_2024-12-09_park3.csv,parking sessions,1733758668000000000,1733758669000000000,1733758678000000000
BEV1_2024-12-09_drive5.csv,BEV1_2024-12-09_drive4.csv,driving sessions,1733759257000000000,1733759258000000000,1733761119000000000
BEV1_2024-12-09_drive6.csv,BEV1_2024-12-09_park5.csv,parking sessions,1733764101000000000,1733764102000000000,1733764108000000000
BEV1_2024-12-10_drive1.csv,BEV1_2024-12-09_park6.csv,parking sessions,1733821424000000000,1733821425000000000,1733821430000000000
BEV1_2024-12-10_drive2.csv,BEV1_2024-12-10_drive1.csv,driving sessions,1733821904000000000,1733821905000000000,1733822419000000000
BEV1_2024-12-10_drive3.csv,BEV1_2024-12-10_park1.csv,parking sessions,1733848791000000000,1733848792000000000,1733848798000000000
BEV1_2024-12-10_drive4.csv,BEV1_2024-12-10_park2.csv,parking sessions,1733851825000000000,1733851826000000000,1733858533000000000
BEV1_2024-12-11_drive1.csv,BEV1_2024-12-10_park3.csv,parking sessions,1733859129000000000,1733859130000000000,1733900853000000000
BEV1_2024-12-11_drive2.csv,BEV1_2024-12-11_park1.csv,parking sessions,1733909921000000000,1733909922000000000,1733932833000000000
BEV1_2024-12-11_drive3.csv,BEV1_2024-12-11_slow.csv,slow charging sessions,1733950973000000000,1733950974000000000,1733950975000000000
BEV1_2024-12-12_drive1.csv,BEV1_2024-12-12_park1.csv,parking sessions,1733992131000000000,1733992132000000000,1733992138000000000
BEV1_2024-12-12_drive2.csv,BEV1_2024-12-12_drive1.csv,driving sessions,1733993091000000000,1733993092000000000,1734001400000000000
BEV1_2024-12-12_drive3.csv,BEV1_2024-12-12_drive2.csv,driving sessions,1734004604000000000,1734004605000000000,1734014302000000000
BEV1_2025-01-07_drive1.csv,BEV1_2024-12_12_park.csv,parking sessions,1736233727000000000,1736233728000000000,1736233734000000000
BEV1_2025-01-07_drive2.csv,BEV1_2025-01-07_park2.csv,parking sessions,1736266813000000000,1736266814000000000,1736266820000000000
BEV1_2025-01-07_drive3.csv,BEV1_2025-01-07_park3.csv,parking sessions,1736270867000000000,1736270868000000000,1736270876000000000
BEV1_2025-01-08_drive1.csv,BEV1_2025-01-07_park4.csv,parking sessions,1736272145000000000,1736272146000000000,1736321668000000000
BEV1_2025-01-08_drive2.csv,BEV1_2025-01-08_park1.csv,parking sessions,1736353025000000000,1736353026000000000,1736354226000000000
BEV1_2025-01-08_drive3.csv,BEV1_2025-01-08_slow.csv,slow charging sessions,1736371920000000000,1736371921000000000,1736371922000000000
BEV1_2025-01-09_drive1.csv,BEV1_2025-01-08_drive3.csv,driving sessions,1736372745000000000,1736372746000000000,1736405229000000000
BEV1_2025-01-09_drive2.csv,BEV1_2025-01-09_park1.csv,parking sessions,1736435560000000000,1736435561000000000,1736437951000000000
BEV1_2025-01-12_drive1.csv,BEV1_2025-01-10_park1.csv,parking sessions,1736689757000000000,1736689758000000000,1736689764000000000
BEV1_2025-01-12_drive2.csv,BEV1_2025-01-12_slow.csv,slow charging sessions,1736700603000000000,1736700604000000000,1736700605000000000
BEV1_2025-01-13_drive1.csv,BEV1_2025-01-12_park1.csv,parking sessions,1736752147000000000,1736752148000000000,1736752157000000000
BEV1_2025-01-13_drive2.csv,BEV1_2025-01-13_park1.csv,parking sessions,1736784925000000000,1736784926000000000,1736784932000000000
BEV1_2025-01-14_drive1.csv,BEV1_2025-01-13_park2.csv,parking sessions,1736786735000000000,1736786736000000000,1736840035000000000
BEV1_2025-01-14_drive2.csv,BEV1_2025-01-14_park1.csv,parking sessions,1736870729000000000,1736870730000000000,1736871474000000000
BEV1_2025-01-14_drive3.csv,BEV1_2025-01-14_park2.csv,parking sessions,1736875130000000000,1736875131000000000,1736875207000000000
BEV1_2025-01-15_drive1.csv,BEV1_2025-01-14_park3.csv,parking sessions,1736876089000000000,1736876090000000000,1736966292000000000
BEV1_2025-01-15_drive2.csv,BEV1_2025-01-15_drive1.csv,driving sessions,1736966542000000000,1736966543000000000,1736968498000000000
BEV1_2025-01-16_drive1.csv,BEV1_2025-01-16_park1.csv,parking sessions,1737013431000000000,1737013432000000000,1737013438000000000
BEV1_2025-01-16_drive2.csv,BEV1_2025-01-16_park2.csv,parking sessions,1737046299000000000,1737046300000000000,1737046307000000000
BEV1_2025-01-16_drive3.csv,BEV1_2025-01-16_park3.csv,parking sessions,1737048176000000000,1737048177000000000,1737049485000000000
BEV1_2025-01-16_drive4.csv,BEV1_2025-01-16_park4.csv,parking sessions,1737061967000000000,1737061968000000000,1737061969000000000
BEV1_2025-01-17_drive1.csv,BEV1_2025-01-17_park1.csv,parking sessions,1737135725000000000,1737135726000000000,1737135732000000000
BEV1_2025-01-17_drive2.csv,BEV1_2025-01-17_park2.csv,parking sessions,1737136409000000000,1737136410000000000,1737142627000000000
BEV1_2025-01-18_drive1.csv,BEV1_2025-01-17_drive2.csv,driving sessions,1737143588000000000,1737143589000000000,1737192068000000000
BEV1_2025-01-18_drive2.csv,BEV1_2025-01-18_park1.csv,parking sessions,1737222283000000000,1737222284000000000,1737222298000000000
BEV1_2025-01-18_drive3.csv,BEV1_2025-01-18_park2.csv,parking sessions,1737224095000000000,1737224096000000000,1737224125000000000
BEV1_2025-01-18_drive4.csv,BEV1_2025-01-18_drive3.csv,driving sessions,1737224934000000000,1737224935000000000,1737233222000000000
BEV1_2025-01-19_drive1.csv,BEV1_2025-01-19_park1.csv,parking sessions,1737289461000000000,1737289462000000000,1737289468000000000
BEV1_2025-01-19_drive3.csv,BEV1_2025-01-19_park2.csv,parking sessions,1737291979000000000,1737291980000000000,1737292019000000000
BEV1_2025-01-19_drive4.csv,BEV1_2025-01-19_park3.csv,parking sessions,1737292855000000000,1737292856000000000,1737292861000000000
BEV1_2025-01-19_drive5.csv,BEV1_2025-01-19_park4.csv,parking sessions,1737319685000000000,1737319686000000000,1737319695000000000
BEV1_2025-01-20_drive1.csv,BEV1_2025-01-19_drive5.csv,driving sessions,1737319803000000000,1737319804000000000,1737386109000000000
BEV1_2025-01-20_drive2.csv,BEV1_2025-01-20_drive1.csv,driving sessions,1737386964000000000,1737386965000000000,1737388614000000000
BEV1_2025-01-21_drive1.csv,BEV1_2025-01-21_park1.csv,parking sessions,1737445071000000000,1737445072000000000,1737445078000000000
BEV1_2025-01-21_drive2.csv,BEV1_2025-01-21_park3.csv,parking sessions,1737477173000000000,1737477174000000000,1737477176000000000
BEV1_2025-01-22_drive1.csv,BEV1_2025-01-21_drive2.csv,driving sessions,1737478721000000000,1737478722000000000,1737528348000000000
BEV1_2025-01-22_drive2.csv,BEV1_2025-01-22_park1.csv,parking sessions,1737529646000000000,1737529647000000000,1737560794000000000
BEV1_2025-01-22_drive3.csv,BEV1_2025-01-22_park3.csv,parking sessions,1737582869000000000,1737582870000000000,1737582878000000000
BEV1_2025-01-23_drive1.csv,BEV1_2025-01-23_park1.csv,parking sessions,1737616856000000000,1737616857000000000,1737616864000000000
BEV1_2025-01-23_drive2.csv,BEV1_2025-01-23_park2.csv,parking sessions,1737647395000000000,1737647396000000000,1737647402000000000
BEV1_2025-01-23_drive3.csv,BEV1_2025-01-23_drive2.csv,driving sessions,1737648731000000000,1737648732000000000,1737649482000000000
BEV1_2025-01-23_drive4.csv,BEV1_2025-01-23_park3.csv,parking sessions,1737651178000000000,1737651179000000000,1737651187000000000
BEV1_2025-01-23_drive5.csv,BEV1_2025-01-23_drive4.csv,driving sessions,1737651572000000000,1737651573000000000,1737654479000000000
BEV1_2025-01-23_drive6.csv,BEV1_2025-01-23_drive5.csv,driving sessions,1737655199000000000,1737655200000000000,1737665978000000000
BEV1_2025-01-27_drive1.csv,BEV1_2025-01-27_park1.csv,parking sessions,1737962585000000000,1737962586000000000,1737962592000000000
BEV1_2025-01-27_drive2.csv,BEV1_2025-01-27_park2.csv,parking sessions,1737991145000000000,1737991146000000000,1737991151000000000
BEV1_2025-01-27_drive3.csv,BEV1_2025-01-27_park3.csv,parking sessions,1737992558000000000,1737992559000000000,1737999330000000000
BEV1_2025-01-27_drive4.csv,BEV1_2025-01-27_park4.csv,parking sessions,1738002250000000000,1738002251000000000,1738002262000000000
BEV1_2025-01-27_drive5.csv,BEV1_2025-01-27_park5.csv,parking sessions,1738003186000000000,1738003187000000000,1738003203000000000
BEV1_2025-01-27_drive6.csv,BEV1_2025-01-27_park6.csv,parking sessions,1738014858000000000,1738014859000000000,1738014865000000000
BEV1_2025-01-28_drive1.csv,BEV1_2025-01-27_park7.csv,parking sessions,1738061467000000000,1738061468000000000,1738061474000000000
BEV1_2025-01-28_drive2.csv,BEV1_2025-01-28_park1.csv,parking sessions,1738081295000000000,1738081296000000000,1738081307000000000
BEV1_2025-01-29_drive1.csv,BEV1_2025-01-28_park2.csv,parking sessions,1738133108000000000,1738133109000000000,1738133290000000000
BEV1_2025-01-29_drive2.csv,BEV1_2025-01-29_park1.csv,parking sessions,1738149870000000000,1738149871000000000,1738168076000000000
BEV1_2025-01-29_drive3.csv,BEV1_2025-01-29_park2.csv,parking sessions,1738176415000000000,1738176416000000000,1738176421000000000
BEV1_2025-01-30_drive1.csv,BEV1_2025-01-30_park1.csv,parking sessions,1738220851000000000,1738220852000000000,1738220857000000000
BEV1_2025-01-30_drive2.csv,BEV1_2025-01-30_park2.csv,parking sessions,1738253817000000000,1738253818000000000,1738253823000000000
BEV1_2025-01-30_drive3.csv,BEV1_2025-01-30_park3.csv,parking sessions,1738255715000000000,1738255716000000000,1738259347000000000
BEV1_2025-01-30_drive4.csv,BEV1_2025-01-30_drive3.csv,driving sessions,1738260106000000000,1738260107000000000,1738269077000000000
BEV1_2025-01-31_drive1.csv,BEV1_2025-01-31_park1.csv,parking sessions,1738309888000000000,1738309889000000000,1738309895000000000
BEV1_2025-01-31_drive2.csv,BEV1_2025-01-31_park4.csv,parking sessions,1738321724000000000,1738321725000000000,1738321731000000000
BEV1_2025-01-31_drive3.csv,BEV1_2025-01-31_drive2.csv,driving sessions,1738321834000000000,1738321835000000000,1738322267000000000
BEV1_2025-01-31_drive4.csv,BEV1_2025-01-31_drive3.csv,driving sessions,1738323691000000000,1738323692000000000,1738325672000000000
BEV1_2025-01-31_drive5.csv,BEV1_2025-01-31_park5.csv,parking sessions,1738333580000000000,1738333581000000000,1738333587000000000
BEV1_2025-01-31_drive6.csv,BEV1_2025-01-31_park6.csv,parking sessions,1738339560000000000,1738339561000000000,1738339567000000000
BEV1_2025-02-02_drive1.csv,BEV1_2025-02-01_park1.csv,parking sessions,1738422133000000000,1738422134000000000,1738502901000000000
BEV1_2025-02-02_drive2.csv,BEV1_2025-02-02_drive1.csv,driving sessions,1738503528000000000,1738503529000000000,1738504056000000000
BEV1_2025-02-02_drive3.csv,BEV1_2025-02-02_drive2.csv,driving sessions,1738504741000000000,1738504742000000000,1738505425000000000
BEV1_2025-02-02_drive4.csv,BEV1_2025-02-02_drive3.csv,driving sessions,1738506906000000000,1738506907000000000,1738510637000000000
BEV1_2025-02-02_drive6.csv,BEV1_2025-02-02_park2.csv,parking sessions,1738525674000000000,1738525675000000000,1738525698000000000
BEV1_2025-02-03_drive1.csv,BEV1_2025-02-03_park1.csv,parking sessions,1738566632000000000,1738566633000000000,1738566641000000000
BEV1_2025-02-03_drive2.csv,BEV1_2025-02-03_park3.csv,parking sessions,1738597219000000000,1738597220000000000,1738597228000000000
BEV1_2025-02-03_drive3.csv,BEV1_2025-02-03_slow.csv,slow charging sessions,1738606429000000000,1738606430000000000,1738606431000000000
BEV1_2025-02-04_drive1.csv,BEV1_2025-02-04_park1.csv,parking sessions,1738653048000000000,1738653049000000000,1738653054000000000
BEV1_2025-02-04_drive2.csv,BEV1_2025-02-04_park2.csv,parking sessions,1738683964000000000,1738683965000000000,1738683966000000000
BEV1_2025-02-04_drive3.csv,BEV1_2025-02-04_park3.csv,parking sessions,1738687511000000000,1738687512000000000,1738694268000000000
BEV1_2025-02-05_drive1.csv,BEV1_2025-02-05_park1.csv,parking sessions,1738740074000000000,1738740075000000000,1738740081000000000
BEV1_2025-02-05_drive2.csv,BEV1_2025-02-05_drive1.csv,driving sessions,1738741991000000000,1738741992000000000,1738774946000000000
BEV1_2025-02-05_drive3.csv,BEV1_2025-02-05_park2.csv,parking sessions,1738777718000000000,1738777719000000000,1738777725000000000
BEV1_2025-02-06_drive1.csv,BEV1_2025-02-05_park3.csv,parking sessions,1738825070000000000,1738825071000000000,1738825077000000000
BEV1_2025-02-06_drive2.csv,BEV1_2025-02-06_park2.csv,parking sessions,1738859996000000000,1738859997000000000,1738860005000000000
BEV1_2025-02-07_drive1.csv,BEV1_2025-02-06_park3.csv,parking sessions,1738861825000000000,1738861826000000000,1738910092000000000
BEV1_2025-02-07_drive2.csv,BEV1_2025-02-07_slow.csv,slow charging sessions,1738915315000000000,1738915316000000000,1738915317000000000
BEV1_2025-02-09_drive1.csv,BEV1_2025-02-07_drive2.csv,driving sessions,1738920389000000000,1738920390000000000,1739136663000000000
BEV1_2025-02-09_drive2.csv,BEV1_2025-02-09_drive1.csv,driving sessions,1739138909000000000,1739138910000000000,1739140619000000000
BEV1_2025-02-10_drive1.csv,BEV1_2025-02-10_park1.csv,parking sessions,1739194700000000000,1739194701000000000,1739194707000000000
BEV1_2025-02-10_drive2.csv,BEV1_2025-02-10_park2.csv,parking sessions,1739196669000000000,1739196670000000000,1739196676000000000
BEV1_2025-02-10_drive3.csv,BEV1_2025-02-10_park3.csv,parking sessions,1739196868000000000,1739196869000000000,1739206849000000000
BEV1_2025-02-10_drive4.csv,BEV1_2025-02-10_drive3.csv,driving sessions,1739207710000000000,1739207711000000000,1739208612000000000
BEV1_2025-02-10_drive5.csv,BEV1_2025-02-10_park4.csv,parking sessions,1739215953000000000,1739215954000000000,1739215960000000000
BEV1_2025-02-11_drive1.csv,BEV1_2025-02-10_drive5.csv,driving sessions,1739216632000000000,1739216633000000000,1739256859000000000
BEV1_2025-02-11_drive2.csv,BEV1_2025-02-11_park1.csv,parking sessions,1739289668000000000,1739289669000000000,1739289674000000000
BEV1_2025-02-11_drive3.csv,BEV1_2025-02-11_park2.csv,parking sessions,1739293284000000000,1739293285000000000,1739299565000000000
BEV1_2025-02-12_drive1.csv,BEV1_2025-02-12_park1.csv,parking sessions,1739344772000000000,1739344773000000000,1739344778000000000
BEV1_2025-02-12_drive2.csv,BEV1_2025-02-12_park2.csv,parking sessions,1739376387000000000,1739376388000000000,1739376683000000000
BEV1_2025-02-12_drive3.csv,BEV1_2025-02-12_park3.csv,parking sessions,1739381481000000000,1739381482000000000,1739381490000000000
BEV1_2025-02-12_drive4.csv,BEV1_2025-02-12_park4.csv,parking sessions,1739386216000000000,1739386217000000000,1739386256000000000
BEV1_2025-02-13_drive1.csv,BEV1_2025-02-13_park1.csv,parking sessions,1739432671000000000,1739432672000000000,1739432679000000000
BEV1_2025-02-13_drive2.csv,BEV1_2025-02-13_park3.csv,parking sessions,1739465552000000000,1739465553000000000,1739465555000000000
BEV1_2025-02-13_drive3.csv,BEV1_2025-02-13_slow.csv,slow charging sessions,1739479374000000000,1739479375000000000,1739479376000000000
BEV1_2025-02-13_drive4.csv,BEV1_2025-02-13_drive3.csv,driving sessions,1739479935000000000,1739479936000000000,1739480059000000000
BEV1_2025-02-14_drive1.csv,BEV1_2025-02-14_park1.csv,parking sessions,1739520386000000000,1739520387000000000,1739545997000000000
BEV1_2025-02-14_drive2.csv,BEV1_2025-02-14_drive1.csv,driving sessions,1739546841000000000,1739546842000000000,1739552081000000000
BEV1_2025-02-14_drive3.csv,BEV1_2025-02-14_drive2.csv,driving sessions,1739552947000000000,1739552948000000000,1739557038000000000
BEV1_2025-02-14_drive4.csv,BEV1_2025-02-14_drive3.csv,driving sessions,1739558506000000000,1739558507000000000,1739566749000000000
BEV1_2025-02-15_drive1.csv,BEV1_2025-02-14_drive4.csv,driving sessions,1739567771000000000,1739567772000000000,1739607526000000000
BEV1_2025-02-15_drive2.csv,BEV1_2025-02-15_drive1.csv,driving sessions,1739607670000000000,1739607671000000000,1739613587000000000
BEV1_2025-02-15_drive3.csv,BEV1_2025-02-15_park1.csv,parking sessions,1739614246000000000,1739614247000000000,1739614253000000000
BEV1_2025-02-15_drive4.csv,BEV1_2025-02-15_park2.csv,parking sessions,1739635401000000000,1739635402000000000,1739635404000000000
BEV1_2025-02-15_drive5.csv,BEV1_2025-02-15_park3.csv,parking sessions,1739659064000000000,1739659065000000000,1739659067000000000
BEV1_2025-02-16_drive1.csv,BEV1_2025-02-16_park1.csv,parking sessions,1739707676000000000,1739707677000000000,1739707683000000000
BEV1_2025-02-16_drive2.csv,BEV1_2025-02-16_drive1.csv,driving sessions,1739708115000000000,1739708116000000000,1739711098000000000
BEV1_2025-02-16_drive3.csv,BEV1_2025-02-16_drive2.csv,driving sessions,1739711230000000000,1739711231000000000,1739711677000000000
BEV1_2025-02-17_drive1.csv,BEV1_2025-02-17_park1.csv,parking sessions,1739787268000000000,1739787269000000000,1739787275000000000
BEV1_2025-02-17_drive2.csv,BEV1_2025-02-17_park2.csv,parking sessions,1739793845000000000,1739793846000000000,1739793860000000000
BEV1_2025-02-17_drive3.csv,BEV1_2025-02-17_park3.csv,parking sessions,1739795967000000000,1739795968000000000,1739795974000000000
BEV1_2025-02-17_drive4.csv,BEV1_2025-02-17_drive3.csv,driving sessions,1739798919000000000,1739798920000000000,1739799217000000000
BEV1_2025-02-17_drive5.csv,BEV1_2025-02-17_park4.csv,parking sessions,1739800429000000000,1739800430000000000,1739800436000000000
BEV1_2025-02-17_drive6.csv,BEV1_2025-02-17_drive5.csv,driving sessions,1739800641000000000,1739800642000000000,1739801291000000000
BEV1_2025-02-17_drive7.csv,BEV1_2025-02-17_park5.csv,parking sessions,1739802618000000000,1739802619000000000,1739802706000000000
BEV1_2025-02-18_drive1.csv,BEV1_2025-02-18_park1.csv,parking sessions,1739862671000000000,1739862672000000000,1739862677000000000
BEV1_2025-05-23_drive1.csv,BEV1_2025-05-23_park1.csv,parking sessions,1747988034000000000,1747988035000000000,1747995811000000000
BEV1_2025-05-23_drive2.csv,BEV1_2025-05-23_park2.csv,parking sessions,1747997969000000000,1747997970000000000,1747997977000000000
BEV1_2025-05-23_drive3.csv,BEV1_2025-05-23_park3.csv,parking sessions,1748007877000000000,1748007878000000000,1748007885000000000
BEV1_2025-05-23_drive4.csv,BEV1_2025-05-23_park4.csv,parking sessions,1748013011000000000,1748013012000000000,1748013018000000000
BEV1_2025-05-24_drive1.csv,BEV1_2025-05-23_park5.csv,parking sessions,1748013876000000000,1748013877000000000,1748085091000000000
BEV1_2025-05-24_drive2.csv,BEV1_2025-05-24_park1.csv,parking sessions,1748094104000000000,1748094105000000000,1748094111000000000
BEV1_2025-05-24_drive3.csv,BEV1_2025-05-24_park2.csv,parking sessions,1748094828000000000,1748094829000000000,1748101968000000000
BEV1_2025-05-24_drive4.csv,BEV1_2025-05-24_park3.csv,parking sessions,1748103985000000000,1748103986000000000,1748104028000000000
BEV1_2025-05-25_drive1.csv,BEV1_2025-05-24_park4.csv,parking sessions,1748184938000000000,1748184939000000000,1748184946000000000
BEV1_2025-05-25_drive2.csv,BEV1_2025-05-25_park1.csv,parking sessions,1748194820000000000,1748194821000000000,1748194827000000000
BEV1_2025-05-26_drive1.csv,BEV1_2025-05-26_park1.csv,parking sessions,1748240235000000000,1748240236000000000,1748240244000000000
BEV1_2025-05-26_drive2.csv,BEV1_2025-05-26_park2.csv,parking sessions,1748242446000000000,1748242447000000000,1748263926000000000
BEV1_2025-05-26_drive3.csv,BEV1_2025-05-26_park3.csv,parking sessions,1748268018000000000,1748268019000000000,1748270370000000000
BEV1_2025-05-26_drive4.csv,BEV1_2025-05-26_park5.csv,parking sessions,1748276040000000000,1748276041000000000,1748276045000000000
BEV1_2025-05-26_drive5.csv,BEV1_2025-05-26_park6.csv,parking sessions,1748278738000000000,1748278739000000000,1748279542000000000
BEV1_2025-05-27_drive1.csv,BEV1_2025-05-26_park7.csv,parking sessions,1748280647000000000,1748280648000000000,1748326894000000000
BEV2_2024-05-16_drive1.csv,BEV2_2024-05-16_park1.csv,parking sessions,1715872617000000000,1715872618000000000,1715875484000000000
BEV2_2024-05-17_drive2.csv,BEV2_2024-05-17_park2.csv,parking sessions,1715960471000000000,1715960472000000000,1715962823000000000
BEV2_2024-05-18_drive1.csv,BEV2_2024-05-17_park3.csv,parking sessions,1715968390000000000,1715968391000000000,1716023172000000000
BEV2_2024-05-18_drive2.csv,BEV2_2024-05-18_park1.csv,parking sessions,1716029779000000000,1716029780000000000,1716033534000000000
BEV2_2024-05-18_drive3.csv,BEV2_2024-05-18_park2.csv,parking sessions,1716042892000000000,1716042893000000000,1716044846000000000
BEV2_2024-05-18_drive4.csv,BEV2_2024-05-18_park3.csv,parking sessions,1716049133000000000,1716049134000000000,1716049796000000000
BEV2_2024-05-18_drive5.csv,BEV2_2024-05-18_fast_1.csv,fast charging sessions,1716053317000000000,1716053318000000000,1716053326000000000
BEV2_2024-05-18_drive6.csv,BEV2_2024-05-18_park4.csv,parking sessions,1716055895000000000,1716055896000000000,1716057347000000000
BEV2_2024-05-18_drive7.csv,BEV2_2024-05-18_park5.csv,parking sessions,1716060070000000000,1716060071000000000,1716061079000000000
BEV2_2024-05-19_drive1.csv,BEV2_2024-05-18_park6.csv,parking sessions,1716063729000000000,1716063730000000000,1716101495000000000
BEV2_2024-05-19_drive2.csv,BEV2_2024-05-19_park1.csv,parking sessions,1716103332000000000,1716103333000000000,1716103684000000000
BEV2_2024-05-19_drive4.csv,BEV2_2024-05-19_park2.csv,parking sessions,1716115892000000000,1716115893000000000,1716118061000000000
BEV2_2024-05-19_drive5.csv,BEV2_2024-05-19_park3.csv,parking sessions,1716129297000000000,1716129298000000000,1716132161000000000
BEV2_2024-05-19_drive6.csv,BEV2_2024-05-19_fast_1.csv,fast charging sessions,1716141652000000000,1716141653000000000,1716141671000000000
BEV2_2024-05-19_drive7.csv,BEV2_2024-05-19_park4.csv,parking sessions,1716146171000000000,1716146172000000000,1716146568000000000
BEV2_2024-05-20_drive1.csv,BEV2_2024-05-19_park5.csv,parking sessions,1716225192000000000,1716225193000000000,1716229173000000000
BEV2_2024-05-21_drive1.csv,BEV2_2024-05-20_park1.csv,parking sessions,1716233524000000000,1716233525000000000,1716271205000000000
BEV2_2024-05-21_drive2.csv,BEV2_2024-05-21_park1.csv,parking sessions,1716281573000000000,1716281574000000000,1716286370000000000
BEV2_2024-05-21_drive3.csv,BEV2_2024-05-21_park2.csv,parking sessions,1716288739000000000,1716288740000000000,1716291695000000000
BEV2_2024-05-21_drive4.csv,BEV2_2024-05-21_park3.csv,parking sessions,1716294747000000000,1716294748000000000,1716305436000000000
BEV2_2024-05-21_drive5.csv,BEV2_2024-05-21_drive4.csv,driving sessions,1716306862000000000,1716306863000000000,1716311373000000000
BEV2_2024-05-21_drive6.csv,BEV2_2024-05-21_fast_1.csv,fast charging sessions,1716314898000000000,1716314899000000000,1716314915000000000
BEV2_2024-05-21_drive7.csv,BEV2_2024-05-21_park4.csv,parking sessions,1716317266000000000,1716317267000000000,1716319114000000000
BEV2_2024-05-21_drive8.csv,BEV2_2024-05-21_park5.csv,parking sessions,1716321382000000000,1716321383000000000,1716323093000000000
BEV2_2024-05-22_drive1.csv,BEV2_2024-05-21_park6.csv,parking sessions,1716331276000000000,1716331277000000000,1716353787000000000
BEV2_2024-05-22_drive2.csv,BEV2_2024-05-22_park1.csv,parking sessions,1716356491000000000,1716356492000000000,1716402678000000000
BEV2_2024-05-23_drive1.csv,BEV2_2024-05-22_park2.csv,parking sessions,1716411650000000000,1716411651000000000,1716443930000000000
BEV2_2024-06-14_drive1.csv,BEV2_2024-05-23_drive1.csv,driving sessions,1716445777000000000,1716445778000000000,1718389468000000000
BEV2_2024-06-14_drive2.csv,BEV2_2024-06-14_park1.csv,parking sessions,1718392185000000000,1718392186000000000,1718395302000000000
BEV2_2024-06-15_drive1.csv,BEV2_2024-06-14_park2.csv,parking sessions,1718435214000000000,1718435215000000000,1718444892000000000
BEV2_2024-06-15_drive2.csv,BEV2_2024-06-15_park1.csv,parking sessions,1718451197000000000,1718451198000000000,1718454725000000000
BEV2_2024-06-15_drive3.csv,BEV2_2024-06-15_park2.csv,parking sessions,1718462480000000000,1718462481000000000,1718463733000000000
BEV2_2024-06-18_drive1.csv,BEV2_2024-06-18_park2.csv,parking sessions,1718728111000000000,1718728112000000000,1718728491000000000
BEV2_2024-06-19_drive1.csv,BEV2_2024-06-18_park4.csv,parking sessions,1718743298000000000,1718743299000000000,1718776073000000000
BEV2_2024-06-19_drive2.csv,BEV2_2024-06-19_park1.csv,parking sessions,1718780357000000000,1718780358000000000,1718783798000000000
BEV2_2024-06-19_drive3.csv,BEV2_2024-06-19_park2.csv,parking sessions,1718787097000000000,1718787098000000000,1718793026000000000
BEV2_2024-06-19_drive4.csv,BEV2_2024-06-19_park4.csv,parking sessions,1718806174000000000,1718806175000000000,1718807686000000000
BEV2_2024-06-19_drive5.csv,BEV2_2024-06-19_slow.csv,slow charging sessions,1718810594000000000,1718810595000000000,1718810596000000000
BEV2_2024-06-19_drive6.csv,BEV2_2024-06-19_park5.csv,parking sessions,1718812883000000000,1718812884000000000,1718818908000000000
BEV2_2024-06-19_drive7.csv,BEV2_2024-06-19_park6.csv,parking sessions,1718821562000000000,1718821563000000000,1718831860000000000
BEV2_2024-06-20_drive1.csv,BEV2_2024-06-19_park7.csv,parking sessions,1718834071000000000,1718834072000000000,1718876519000000000
BEV2_2024-06-20_drive2.csv,BEV2_2024-06-20_park1.csv,parking sessions,1718897621000000000,1718897622000000000,1718905365000000000
BEV2_2024-06-21_drive1.csv,BEV2_2024-06-20_park2.csv,parking sessions,1718906541000000000,1718906542000000000,1718949092000000000
BEV2_2024-06-21_drive10.csv,BEV2_2024-06-21_park3.csv,parking sessions,1718993194000000000,1718993195000000000,1718993717000000000
BEV2_2024-06-21_drive2.csv,BEV2_2024-06-21_drive10.csv,driving sessions,1718994721000000000,1718994722000000000,1718995393000000000
BEV2_2024-06-21_drive3.csv,BEV2_2024-06-21_drive1.csv,driving sessions,1718951496000000000,1718951497000000000,1718959031000000000
BEV2_2024-06-21_drive4.csv,BEV2_2024-06-21_drive3.csv,driving sessions,1718960916000000000,1718960917000000000,1718965024000000000
BEV2_2024-06-21_drive5.csv,BEV2_2024-06-21_slow.csv,slow charging sessions,1718977710000000000,1718977711000000000,1718977712000000000
BEV2_2024-06-21_drive6.csv,BEV2_2024-06-21_park1.csv,parking sessions,1718978619000000000,1718978620000000000,1718982536000000000
BEV2_2024-06-21_drive7.csv,BEV2_2024-06-21_drive6.csv,driving sessions,1718983452000000000,1718983453000000000,1718986215000000000
BEV2_2024-06-21_drive8.csv,BEV2_2024-06-21_park2.csv,parking sessions,1718987449000000000,1718987450000000000,1718987738000000000
BEV2_2024-06-21_drive9.csv,BEV2_2024-06-21_drive8.csv,driving sessions,1718988480000000000,1718988481000000000,1718991872000000000
BEV2_2024-06-22_drive1.csv,BEV2_2024-06-21_drive2.csv,driving sessions,1718996309000000000,1718996310000000000,1719051971000000000
BEV2_2024-06-22_drive2.csv,BEV2_2024-06-22_park1.csv,parking sessions,1719056242000000000,1719056243000000000,1719056874000000000
BEV2_2024-06-22_drive3.csv,BEV2_2024-06-22_drive2.csv,driving sessions,1719065119000000000,1719065120000000000,1719068347000000000
BEV2_2024-06-22_drive4.csv,BEV2_2024-06-22_drive3.csv,driving sessions,1719070377000000000,1719070378000000000,1719070629000000000
BEV2_2024-06-22_drive5.csv,BEV2_2024-06-22_drive4.csv,driving sessions,1719074858000000000,1719074859000000000,1719076805000000000
BEV2_2024-06-22_drive6.csv,BEV2_2024-06-22_drive5.csv,driving sessions,1719077841000000000,1719077842000000000,1719080767000000000
BEV2_2024-06-22_drive7.csv,BEV2_2024-06-22_slow.csv,slow charging sessions,1719093857000000000,1719093858000000000,1719095814000000000
BEV2_2024-06-23_drive1.csv,BEV2_2024-06-22_drive7.csv,driving sessions,1719096730000000000,1719096731000000000,1719124559000000000
BEV2_2024-06-23_drive2.csv,BEV2_2024-06-23_drive1.csv,driving sessions,1719125614000000000,1719125615000000000,1719126904000000000
BEV2_2024-06-23_drive3.csv,BEV2_2024-06-23_drive2.csv,driving sessions,1719129334000000000,1719129335000000000,1719133792000000000
BEV2_2024-06-23_drive4.csv,BEV2_2024-06-23_drive3.csv,driving sessions,1719134708000000000,1719134709000000000,1719135524000000000
BEV2_2024-06-24_drive1.csv,BEV2_2024-06-23_park2.csv,parking sessions,1719160843000000000,1719160844000000000,1719208413000000000
BEV2_2024-06-24_drive2.csv,BEV2_2024-06-24_park1.csv,parking sessions,1719227272000000000,1719227273000000000,1719242752000000000
BEV2_2024-06-24_drive3.csv,BEV2_2024-06-24_drive2.csv,driving sessions,1719243714000000000,1719243715000000000,1719246307000000000
BEV2_2024-06-24_drive4.csv,BEV2_2024-06-24_park2.csv,parking sessions,1719247461000000000,1719247462000000000,1719248891000000000
BEV2_2024-06-25_drive1.csv,BEV2_2024-06-24_park3.csv,parking sessions,1719258930000000000,1719258931000000000,1719288820000000000
BEV2_2024-06-25_drive2.csv,BEV2_2024-06-25_drive1.csv,driving sessions,1719292196000000000,1719292197000000000,1719296461000000000
BEV2_2024-06-25_drive3.csv,BEV2_2024-06-25_drive2.csv,driving sessions,1719300516000000000,1719300517000000000,1719309439000000000
BEV2_2024-06-25_drive5.csv,BEV2_2024-06-25_park1.csv,parking sessions,1719327189000000000,1719327190000000000,1719331159000000000
BEV2_2024-06-26_drive1.csv,BEV2_2024-06-25_drive5.csv,driving sessions,1719333436000000000,1719333437000000000,1719382210000000000
BEV2_2024-06-26_drive2.csv,BEV2_2024-06-26_park1.csv,parking sessions,1719391255000000000,1719391256000000000,1719394733000000000
BEV2_2024-06-26_drive3.csv,BEV2_2024-06-26_drive2.csv,driving sessions,1719397963000000000,1719397964000000000,1719398225000000000
BEV2_2024-06-26_drive4.csv,BEV2_2024-06-26_drive3.csv,driving sessions,1719399143000000000,1719399144000000000,1719407583000000000
BEV2_2024-06-26_drive7.csv,BEV2_2024-06-26_drive6.csv,driving sessions,1719418850000000000,1719418851000000000,1719426852000000000
BEV2_2024-06-27_drive7.csv,BEV2_2024-06-27_park2.csv,parking sessions,1719503482000000000,1719503483000000000,1719504673000000000
BEV2_2024-06-27_drive8.csv,BEV2_2024-06-27_park3.csv,parking sessions,1719511253000000000,1719511254000000000,1719511830000000000
BEV2_2024-06-28_drive2.csv,BEV2_2024-06-28_drive1.csv,driving sessions,1719558356000000000,1719558357000000000,1719568365000000000
BEV2_2024-06-29_drive7.csv,BEV2_2024-06-29_park4.csv,parking sessions,1719677973000000000,1719677974000000000,1719678836000000000
BEV2_2024-06-29_drive8.csv,BEV2_2024-06-29_1_slow.csv,slow charging sessions,1719683477000000000,1719683478000000000,1719683479000000000
BEV2_2024-06-30_drive6.csv,BEV2_2024-06-30_drive5.csv,driving sessions,1719755270000000000,1719755271000000000,1719762049000000000
BEV2_2024-07-04_drive1.csv,BEV2_2024-07-03_drive4.csv,driving sessions,1720043815000000000,1720043816000000000,1720072586000000000
BEV2_2024-07-05_drive3.csv,BEV2_2024-07-05_drive2.csv,driving sessions,1720161957000000000,1720161958000000000,1720173970000000000
BEV2_2024-07-05_drive4.csv,BEV2_2024-07-05_drive3.csv,driving sessions,1720174847000000000,1720174848000000000,1720175283000000000
BEV2_2024-07-05_drive5.csv,BEV2_2024-07-05_drive4.csv,driving sessions,1720179321000000000,1720179322000000000,1720179625000000000
BEV2_2024-07-05_drive6.csv,BEV2_2024-07-05_drive5.csv,driving sessions,1720185680000000000,1720185681000000000,1720185775000000000
BEV2_2024-07-05_drive8.csv,BEV2_2024-07-05_drive7.csv,driving sessions,1720199661000000000,1720199662000000000,1720208173000000000
BEV2_2024-07-05_drive9.csv,BEV2_2024-07-05_drive8.csv,driving sessions,1720209461000000000,1720209462000000000,1720216900000000000
BEV2_2024-07-29_drive1.csv,BEV2_2024-07_05_park.csv,parking sessions,1722186458000000000,1722186459000000000,1722254703000000000
BEV2_2024-07-29_drive2.csv,BEV2_2024-07-29_park1.csv,parking sessions,1722259948000000000,1722259949000000000,1722261079000000000
BEV2_2024-07-29_drive3.csv,BEV2_2024-07-29_park2.csv,parking sessions,1722266697000000000,1722266698000000000,1722271975000000000
BEV2_2024-07-29_drive4.csv,BEV2_2024-07-29_1_slow.csv,slow charging sessions,1722282981000000000,1722282982000000000,1722282983000000000
BEV2_2024-07-30_drive2.csv,BEV2_2024-07-30_park1.csv,parking sessions,1722357077000000000,1722357078000000000,1722359025000000000
BEV2_2024-07-30_drive3.csv,BEV2_2024-07-30_park2.csv,parking sessions,1722361328000000000,1722361329000000000,1722368329000000000
BEV2_2024-07-31_drive2.csv,BEV2_2024-07-31_drive1.csv,driving sessions,1722408098000000000,1722408099000000000,1722427214000000000
BEV2_2024-07-31_drive3.csv,BEV2_2024-07-31_drive2.csv,driving sessions,1722427955000000000,1722427956000000000,1722434616000000000
BEV2_2024-07-31_drive4.csv,BEV2_2024-07-31_drive3.csv,driving sessions,1722438773000000000,1722438774000000000,1722439257000000000
BEV2_2024-07-31_drive5.csv,BEV2_2024-07-31_drive4.csv,driving sessions,1722441298000000000,1722441299000000000,1722441505000000000
BEV2_2024-08-01_drive1.csv,BEV2_2024-07-31_drive5.csv,driving sessions,1722442561000000000,1722442562000000000,1722495039000000000
BEV2_2024-08-01_drive2.csv,BEV2_2024-08-01_park1.csv,parking sessions,1722501506000000000,1722501507000000000,1722509560000000000
BEV2_2024-08-01_drive3.csv,BEV2_2024-08-01_park2.csv,parking sessions,1722511369000000000,1722511370000000000,1722526996000000000
BEV2_2024-08-01_drive4.csv,BEV2_2024-08-01_drive3.csv,driving sessions,1722528937000000000,1722528938000000000,1722530284000000000
BEV2_2024-08-01_drive5.csv,BEV2_2024-08-01_drive4.csv,driving sessions,1722531466000000000,1722531467000000000,1722543143000000000
BEV2_2024-08-02_drive1.csv,BEV2_2024-08-02_park2.csv,parking sessions,1722564287000000000,1722564288000000000,1722580646000000000
BEV2_2024-08-02_drive2.csv,BEV2_2024-08-02_park3.csv,parking sessions,1722583327000000000,1722583328000000000,1722583872000000000
BEV2_2024-08-02_drive3.csv,BEV2_2024-08-02_park4.csv,parking sessions,1722584704000000000,1722584705000000000,1722585827000000000
BEV2_2024-08-02_drive4.csv,BEV2_2024-08-02_drive3.csv,driving sessions,1722586743000000000,1722586744000000000,1722589666000000000
BEV2_2024-08-02_drive5.csv,BEV2_2024-08-02_park5.csv,parking sessions,1722598643000000000,1722598644000000000,1722598725000000000
BEV2_2024-08-02_drive8.csv,BEV2_2024-08-02_park8.csv,parking sessions,1722627506000000000,1722627507000000000,1722630115000000000
BEV2_2024-08-03_drive1.csv,BEV2_2024-08-02_park1.csv,parking sessions,1722638917000000000,1722638918000000000,1722669037000000000
BEV2_2024-08-03_drive2.csv,BEV2_2024-08-03_drive1.csv,driving sessions,1722669768000000000,1722669769000000000,1722670170000000000
BEV2_2024-08-03_drive3.csv,BEV2_2024-08-03_park1.csv,parking sessions,1722678033000000000,1722678034000000000,1722678102000000000
BEV2_2024-08-03_drive4.csv,BEV2_2024-08-03_park2.csv,parking sessions,1722681575000000000,1722681576000000000,1722687766000000000
BEV2_2024-08-04_drive1.csv,BEV2_2024-08-03_park3.csv,parking sessions,1722692522000000000,1722692523000000000,1722773119000000000
BEV2_2024-08-04_drive2.csv,BEV2_2024-08-04_drive1.csv,driving sessions,1722774920000000000,1722774921000000000,1722786643000000000
BEV2_2024-08-04_drive4.csv,BEV2_2024-08-04_drive3.csv,driving sessions,1722793175000000000,1722793176000000000,1722793567000000000
BEV2_2024-08-05_drive1.csv,BEV2_2024-08-04_drive5.csv,driving sessions,1722807648000000000,1722807649000000000,1722841092000000000
BEV2_2024-08-05_drive2.csv,BEV2_2024-08-05_slow.csv,slow charging sessions,1722860969000000000,1722860970000000000,1722871298000000000
BEV2_2024-08-05_drive3.csv,BEV2_2024-08-05_park1.csv,parking sessions,1722875556000000000,1722875557000000000,1722880574000000000
BEV2_2024-08-06_drive1.csv,BEV2_2024-08-05_drive3.csv,driving sessions,1722882309000000000,1722882310000000000,1722926513000000000
BEV2_2024-08-06_drive2.csv,BEV2_2024-08-06_drive1.csv,driving sessions,1722927746000000000,1722927747000000000,1722947772000000000
BEV2_2024-08-06_drive3.csv,BEV2_2024-08-06_park1.csv,parking sessions,1722951832000000000,1722951833000000000,1722954252000000000
BEV2_2024-08-06_drive4.csv,BEV2_2024-08-06_drive3.csv,driving sessions,1722956441000000000,1722956442000000000,1722960947000000000
BEV2_2024-08-06_drive5.csv,BEV2_2024-08-06_park2.csv,parking sessions,1722962833000000000,1722962834000000000,1722963099000000000
BEV2_2024-08-07_drive1.csv,BEV2_2024-08-06_drive5.csv,driving sessions,1722964303000000000,1722964304000000000,1723010621000000000
BEV2_2024-08-07_drive2.csv,BEV2_2024-08-07_drive1.csv,driving sessions,1723013101000000000,1723013102000000000,1723014108000000000
BEV2_2024-08-07_drive3.csv,BEV2_2024-08-07_drive2.csv,driving sessions,1723015025000000000,1723015026000000000,1723015268000000000
BEV2_2024-08-07_drive4.csv,BEV2_2024-08-07_drive3.csv,driving sessions,1723016948000000000,1723016949000000000,1723025606000000000
BEV2_2024-08-07_drive5.csv,BEV2_2024-08-07_drive4.csv,driving sessions,1723026523000000000,1723026524000000000,1723027921000000000
BEV2_2024-08-07_drive6.csv,BEV2_2024-08-07_drive5.csv,driving sessions,1723029846000000000,1723029847000000000,1723041581000000000
BEV2_2024-08-07_drive7.csv,BEV2_2024-08-07_drive6.csv,driving sessions,1723044230000000000,1723044231000000000,1723047694000000000
BEV2_2024-08-07_drive8.csv,BEV2_2024-08-07_drive7.csv,driving sessions,1723049405000000000,1723049406000000000,1723057157000000000
BEV2_2024-08-07_drive9.csv,BEV2_2024-08-07_drive8.csv,driving sessions,1723058068000000000,1723058069000000000,1723060923000000000
BEV2_2024-08-08_drive1.csv,BEV2_2024-08-07_drive9.csv,driving sessions,1723062201000000000,1723062202000000000,1723099857000000000
BEV2_2024-08-08_drive2.csv,BEV2_2024-08-08_1_slow.csv,slow charging sessions,1723107803000000000,1723107804000000000,1723107805000000000
BEV2_2024-08-08_drive3.csv,BEV2_2024-08-08_park1.csv,parking sessions,1723132724000000000,1723132725000000000,1723137948000000000
BEV2_2024-08-08_drive4.csv,BEV2_2024-08-08_park2.csv,parking sessions,1723139657000000000,1723139658000000000,1723146280000000000
BEV2_2024-08-09_drive2.csv,BEV2_2024-08-09_drive1.csv,driving sessions,1723184392000000000,1723184393000000000,1723211568000000000
BEV2_2024-08-09_drive3.csv,BEV2_2024-08-09_drive2.csv,driving sessions,1723212616000000000,1723212617000000000,1723213619000000000
BEV2_2024-08-09_drive4.csv,BEV2_2024-08-09_drive3.csv,driving sessions,1723215673000000000,1723215674000000000,1723216137000000000
BEV2_2024-08-09_drive5.csv,BEV2_2024-08-09_drive4.csv,driving sessions,1723217397000000000,1723217398000000000,1723223495000000000
BEV2_2024-08-09_drive6.csv,BEV2_2024-08-09_park1.csv,parking sessions,1723225201000000000,1723225202000000000,1723232581000000000
BEV2_2024-08-09_drive7.csv,BEV2_2024-08-09_drive6.csv,driving sessions,1723233498000000000,1723233499000000000,1723238238000000000
BEV2_2024-08-09_drive8.csv,BEV2_2024-08-09_drive7.csv,driving sessions,1723239454000000000,1723239455000000000,1723239818000000000
BEV2_2024-08-10_drive1.csv,BEV2_2024-08-09_drive8.csv,driving sessions,1723240735000000000,1723240736000000000,1723291568000000000
BEV2_2024-08-10_drive2.csv,BEV2_2024-08-10_park1.csv,parking sessions,1723299340000000000,1723299341000000000,1723302994000000000
BEV2_2024-08-11_drive1.csv,BEV2_2024-08-10_drive3.csv,driving sessions,1723316306000000000,1723316307000000000,1723360724000000000
BEV2_2024-08-11_drive2.csv,BEV2_2024-08-11_drive1.csv,driving sessions,1723362508000000000,1723362509000000000,1723368327000000000
BEV2_2024-08-11_drive3.csv,BEV2_2024-08-11_1_slow.csv,slow charging sessions,1723373151000000000,1723373152000000000,1723373153000000000
BEV2_2024-08-11_drive4.csv,BEV2_2024-08-11_park1.csv,parking sessions,1723378420000000000,1723378421000000000,1723378422000000000
BEV2_2024-08-12_drive2.csv,BEV2_2024-08-12_slow.csv,slow charging sessions,1723474466000000000,1723474467000000000,1723487259000000000
BEV2_2024-08-13_drive1.csv,BEV2_2024-08-12_park1.csv,parking sessions,1723488858000000000,1723488859000000000,1723528424000000000
BEV2_2024-08-13_drive2.csv,BEV2_2024-08-13_park1.csv,parking sessions,1723540011000000000,1723540012000000000,1723541555000000000
BEV2_2024-08-13_drive3.csv,BEV2_2024-08-13_drive2.csv,driving sessions,1723542472000000000,1723542473000000000,1723545372000000000
BEV2_2024-08-13_drive4.csv,BEV2_2024-08-13_drive3.csv,driving sessions,1723546530000000000,1723546531000000000,1723559832000000000
BEV2_2024-08-13_drive5.csv,BEV2_2024-08-13_drive4.csv,driving sessions,1723560698000000000,1723560699000000000,1723561274000000000
BEV2_2024-08-13_drive6.csv,BEV2_2024-08-13_drive5.csv,driving sessions,1723564047000000000,1723564048000000000,1723565567000000000
BEV2_2024-08-13_drive7.csv,BEV2_2024-08-13_drive6.csv,driving sessions,1723566484000000000,1723566485000000000,1723567422000000000
BEV2_2024-08-13_drive8.csv,BEV2_2024-08-13_drive7.csv,driving sessions,1723568359000000000,1723568360000000000,1723572005000000000
BEV2_2024-08-14_drive1.csv,BEV2_2024-08-13_park2.csv,parking sessions,1723573154000000000,1723573155000000000,1723625228000000000
BEV2_2024-08-14_drive2.csv,BEV2_2024-08-14_drive1.csv,driving sessions,1723627277000000000,1723627278000000000,1723627863000000000
BEV2_2024-08-14_drive3.csv,BEV2_2024-08-14_park1.csv,parking sessions,1723630389000000000,1723630390000000000,1723630392000000000
BEV2_2024-08-14_drive5.csv,BEV2_2024-08-14_drive4.csv,driving sessions,1723652700000000000,1723652701000000000,1723656159000000000
BEV2_2024-08-14_drive6.csv,BEV2_2024-08-14_drive5.csv,driving sessions,1723657534000000000,1723657535000000000,1723666264000000000
BEV2_2024-08-14_drive7.csv,BEV2_2024-08-14_drive6.csv,driving sessions,1723666918000000000,1723666919000000000,1723667185000000000
BEV2_2024-08-15_drive1.csv,BEV2_2024-08-15_park1.csv,parking sessions,1723686938000000000,1723686939000000000,1723707324000000000
BEV2_2024-08-15_drive10.csv,BEV2_2024-08-15_drive9.csv,driving sessions,1723739510000000000,1723739511000000000,1723740689000000000
BEV2_2024-08-15_drive11.csv,BEV2_2024-08-15_drive10.csv,driving sessions,1723741406000000000,1723741407000000000,1723741825000000000
BEV2_2024-08-15_drive2.csv,BEV2_2024-08-15_drive11.csv,driving sessions,1723746006000000000,1723746007000000000,1723749027000000000
BEV2_2024-08-15_drive3.csv,BEV2_2024-08-15_slow.csv,slow charging sessions,1723760116000000000,1723760117000000000,1723760118000000000
BEV2_2024-08-15_drive4.csv,BEV2_2024-08-15_drive1.csv,driving sessions,1723708449000000000,1723708450000000000,1723715857000000000
BEV2_2024-08-15_drive5.csv,BEV2_2024-08-15_drive4.csv,driving sessions,1723717875000000000,1723717876000000000,1723719924000000000
BEV2_2024-08-15_drive6.csv,BEV2_2024-08-15_drive5.csv,driving sessions,1723721984000000000,1723721985000000000,1723723809000000000
BEV2_2024-08-15_drive7.csv,BEV2_2024-08-15_drive6.csv,driving sessions,1723727733000000000,1723727734000000000,1723728486000000000
BEV2_2024-08-15_drive8.csv,BEV2_2024-08-15_drive7.csv,driving sessions,1723730225000000000,1723730226000000000,1723734254000000000
BEV2_2024-08-15_drive9.csv,BEV2_2024-08-15_drive8.csv,driving sessions,1723735736000000000,1723735737000000000,1723735915000000000
BEV2_2024-08-16_drive1.csv,BEV2_2024-08-15_park2.csv,parking sessions,1723761740000000000,1723761741000000000,1723787980000000000
BEV2_2024-08-16_drive2.csv,BEV2_2024-08-16_drive1.csv,driving sessions,1723790503000000000,1723790504000000000,1723792090000000000
BEV2_2024-08-16_drive3.csv,BEV2_2024-08-16_park1.csv,parking sessions,1723796050000000000,1723796051000000000,1723800292000000000
BEV2_2024-08-16_drive4.csv,BEV2_2024-08-16_park2.csv,parking sessions,1723801209000000000,1723801210000000000,1723802193000000000
BEV2_2024-08-16_drive5.csv,BEV2_2024-08-16_park3.csv,parking sessions,1723803855000000000,1723803856000000000,1723812334000000000
BEV2_2024-08-16_drive6.csv,BEV2_2024-08-16_drive5.csv,driving sessions,1723814270000000000,1723814271000000000,1723837018000000000
BEV2_2024-08-16_drive7.csv,BEV2_2024-08-16_park4.csv,parking sessions,1723845362000000000,1723845363000000000,1723850700000000000
BEV2_2024-08-17_drive1.csv,BEV2_2024-08-17_slow.csv,slow charging sessions,1723891087000000000,1723891088000000000,1723891089000000000
BEV2_2024-08-17_drive2.csv,BEV2_2024-08-17_park1.csv,parking sessions,1723893816000000000,1723893817000000000,1723895642000000000
BEV2_2024-08-17_drive4.csv,BEV2_2024-08-17_park3.csv,parking sessions,1723909446000000000,1723909447000000000,1723911317000000000
BEV2_2024-08-17_drive5.csv,BEV2_2024-08-17_drive4.csv,driving sessions,1723912434000000000,1723912435000000000,1723914007000000000
BEV2_2024-08-17_drive6.csv,BEV2_2024-08-17_drive5.csv,driving sessions,1723915032000000000,1723915033000000000,1723917894000000000
BEV2_2024-08-17_drive7.csv,BEV2_2024-08-17_drive6.csv,driving sessions,1723919257000000000,1723919258000000000,1723938874000000000
BEV2_2024-08-18_drive1.csv,BEV2_2024-08-17_drive7.csv,driving sessions,1723939520000000000,1723939521000000000,1723966202000000000
BEV2_2024-08-18_drive2.csv,BEV2_2024-08-18_drive1.csv,driving sessions,1723967415000000000,1723967416000000000,1723978365000000000
BEV2_2024-08-18_drive3.csv,BEV2_2024-08-18_drive2.csv,driving sessions,1723980350000000000,1723980351000000000,1723983209000000000
BEV2_2024-08-18_drive4.csv,BEV2_2024-08-18_drive3.csv,driving sessions,1723984315000000000,1723984316000000000,1723986484000000000
BEV2_2024-08-18_drive5.csv,BEV2_2024-08-18_drive4.csv,driving sessions,1723990626000000000,1723990627000000000,1723993611000000000
BEV2_2024-08-18_drive6.csv,BEV2_2024-08-18_drive5.csv,driving sessions,1723997012000000000,1723997013000000000,1723998386000000000
BEV2_2024-08-18_drive7.csv,BEV2_2024-08-18_park1.csv,parking sessions,1723999517000000000,1723999518000000000,1724004212000000000
BEV2_2024-08-18_drive8.csv,BEV2_2024-08-18_drive7.csv,driving sessions,1724005153000000000,1724005154000000000,1724023977000000000
BEV2_2024-08-19_drive1.csv,BEV2_2024-08-18_drive8.csv,driving sessions,1724024623000000000,1724024624000000000,1724058179000000000
BEV2_2024-08-19_drive2.csv,BEV2_2024-08-19_drive1.csv,driving sessions,1724059206000000000,1724059207000000000,1724059464000000000
BEV2_2024-08-19_drive4.csv,BEV2_2024-08-19_drive3.csv,driving sessions,1724068899000000000,1724068900000000000,1724079420000000000
BEV2_2024-08-19_drive5.csv,BEV2_2024-08-19_drive4.csv,driving sessions,1724081795000000000,1724081796000000000,1724084401000000000
BEV2_2024-08-19_drive6.csv,BEV2_2024-08-19_park1.csv,parking sessions,1724085747000000000,1724085748000000000,1724088805000000000
BEV2_2024-08-19_drive7.csv,BEV2_2024-08-19_fast_1.csv,fast charging sessions,1724092223000000000,1724092224000000000,1724092588000000000
BEV2_2024-08-19_drive8.csv,BEV2_2024-08-19_park2.csv,parking sessions,1724093904000000000,1724093905000000000,1724103979000000000
BEV2_2024-08-20_drive1.csv,BEV2_2024-08-19_park3.csv,parking sessions,1724104894000000000,1724104895000000000,1724133553000000000
BEV2_2024-08-20_drive3.csv,BEV2_2024-08-20_drive2.csv,driving sessions,1724148845000000000,1724148846000000000,1724150100000000000
BEV2_2024-08-20_drive4.csv,BEV2_2024-08-20_park1.csv,parking sessions,1724151382000000000,1724151383000000000,1724168785000000000
BEV2_2024-08-20_drive5.csv,BEV2_2024-08-20_drive4.csv,driving sessions,1724169557000000000,1724169558000000000,1724171743000000000
BEV2_2024-08-20_drive6.csv,BEV2_2024-08-20_park2.csv,parking sessions,1724182639000000000,1724182640000000000,1724185606000000000
BEV2_2024-08-21_drive1.csv,BEV2_2024-08-20_drive6.csv,driving sessions,1724187115000000000,1724187116000000000,1724219151000000000
BEV2_2024-08-21_drive2.csv,BEV2_2024-08-21_drive1.csv,driving sessions,1724219823000000000,1724219824000000000,1724220538000000000
BEV2_2024-08-22_drive1.csv,BEV2_2024-08-22_park1.csv,parking sessions,1724306805000000000,1724306806000000000,1724327113000000000
BEV2_2024-08-22_drive2.csv,BEV2_2024-08-22_park2.csv,parking sessions,1724333872000000000,1724333873000000000,1724334764000000000
BEV2_2024-08-22_drive3.csv,BEV2_2024-08-22_drive2.csv,driving sessions,1724336021000000000,1724336022000000000,1724338223000000000
BEV2_2024-08-22_drive4.csv,BEV2_2024-08-22_drive3.csv,driving sessions,1724338862000000000,1724338863000000000,1724342547000000000
BEV2_2024-08-22_drive5.csv,BEV2_2024-08-22_drive4.csv,driving sessions,1724343718000000000,1724343719000000000,1724349646000000000
BEV2_2024-08-22_drive6.csv,BEV2_2024-08-22_fast_1.csv,fast charging sessions,1724353628000000000,1724353629000000000,1724353683000000000
BEV2_2024-08-23_drive1.csv,BEV2_2024-08-22_drive6.csv,driving sessions,1724355165000000000,1724355166000000000,1724394270000000000
BEV2_2024-08-23_drive4.csv,BEV2_2024-08-23_drive3.csv,driving sessions,1724414566000000000,1724414567000000000,1724420115000000000
BEV2_2024-08-23_drive5.csv,BEV2_2024-08-23_drive4.csv,driving sessions,1724421828000000000,1724421829000000000,1724423865000000000
BEV2_2024-08-23_drive6.csv,BEV2_2024-08-23_drive5.csv,driving sessions,1724425127000000000,1724425128000000000,1724431207000000000
BEV2_2024-08-23_drive7.csv,BEV2_2024-08-23_drive6.csv,driving sessions,1724432905000000000,1724432906000000000,1724436070000000000
BEV2_2024-08-23_drive8.csv,BEV2_2024-08-23_drive7.csv,driving sessions,1724437096000000000,1724437097000000000,1724443179000000000
BEV2_2024-08-24_drive1.csv,BEV2_2024-08-23_park3.csv,parking sessions,1724445212000000000,1724445213000000000,1724491587000000000
BEV2_2024-08-24_drive2.csv,BEV2_2024-08-24_park1.csv,parking sessions,1724510612000000000,1724510613000000000,1724510615000000000
BEV2_2024-08-24_drive3.csv,BEV2_2024-08-24_park2.csv,parking sessions,1724515273000000000,1724515274000000000,1724516907000000000
BEV2_2024-08-24_drive4.csv,BEV2_2024-08-24_park3.csv,parking sessions,1724518574000000000,1724518575000000000,1724529557000000000
BEV2_2024-08-25_drive1.csv,BEV2_2024-08-24_drive4.csv,driving sessions,1724530252000000000,1724530253000000000,1724573980000000000
BEV2_2024-08-25_drive2.csv,BEV2_2024-08-25_park1.csv,parking sessions,1724576478000000000,1724576479000000000,1724576480000000000
BEV2_2024-08-25_drive3.csv,BEV2_2024-08-25_park2.csv,parking sessions,1724587145000000000,1724587146000000000,1724587193000000000
BEV2_2024-08-25_drive4.csv,BEV2_2024-08-25_drive3.csv,driving sessions,1724588640000000000,1724588641000000000,1724591350000000000
BEV2_2024-08-25_drive5.csv,BEV2_2024-08-25_park3.csv,parking sessions,1724595028000000000,1724595029000000000,1724598829000000000
BEV2_2024-08-25_drive6.csv,BEV2_2024-08-25_park4.csv,parking sessions,1724622876000000000,1724622877000000000,1724623139000000000
BEV2_2024-08-26_drive2.csv,BEV2_2024-08-26_drive1.csv,driving sessions,1724650362000000000,1724650363000000000,1724693327000000000
BEV2_2024-08-26_drive3.csv,BEV2_2024-08-26_drive2.csv,driving sessions,1724697465000000000,1724697466000000000,1724704236000000000
BEV2_2024-08-27_drive2.csv,BEV2_2024-08-27_drive1.csv,driving sessions,1724741246000000000,1724741247000000000,1724753161000000000
BEV2_2024-08-28_drive2.csv,BEV2_2024-08-28_park1.csv,parking sessions,1724840553000000000,1724840554000000000,1724858021000000000
BEV2_2024-08-28_drive3.csv,BEV2_2024-08-28_park2.csv,parking sessions,1724862521000000000,1724862522000000000,1724862633000000000
BEV2_2024-08-28_drive4.csv,BEV2_2024-08-28_park3.csv,parking sessions,1724865198000000000,1724865199000000000,1724873314000000000
BEV2_2024-08-29_drive1.csv,BEV2_2024-08-28_drive4.csv,driving sessions,1724874231000000000,1724874232000000000,1724911280000000000
BEV2_2024-08-29_drive2.csv,BEV2_2024-08-29_drive1.csv,driving sessions,1724914436000000000,1724914437000000000,1724914687000000000
BEV2_2024-08-29_drive3.csv,BEV2_2024-08-29_drive2.csv,driving sessions,1724915605000000000,1724915606000000000,1724916338000000000
BEV2_2024-08-29_drive4.csv,BEV2_2024-08-29_drive3.csv,driving sessions,1724919334000000000,1724919335000000000,1724925499000000000
BEV2_2024-08-29_drive5.csv,BEV2_2024-08-29_drive4.csv,driving sessions,1724926510000000000,1724926511000000000,1724928192000000000
BEV2_2024-08-29_drive6.csv,BEV2_2024-08-29_drive5.csv,driving sessions,1724929359000000000,1724929360000000000,1724953196000000000
BEV2_2024-08-29_drive7.csv,BEV2_2024-08-29_drive6.csv,driving sessions,1724953952000000000,1724953953000000000,1724954522000000000
BEV2_2024-08-29_drive8.csv,BEV2_2024-08-29_park1.csv,parking sessions,1724958073000000000,1724958074000000000,1724961957000000000
BEV2_2024-08-30_drive1.csv,BEV2_2024-08-29_drive8.csv,driving sessions,1724963119000000000,1724963120000000000,1725003119000000000
BEV2_2024-08-30_drive2.csv,BEV2_2024-08-30_park1.csv,parking sessions,1725004247000000000,1725004248000000000,1725007473000000000
BEV2_2024-08-30_drive3.csv,BEV2_2024-08-30_drive2.csv,driving sessions,1725009581000000000,1725009582000000000,1725009961000000000
BEV2_2024-08-30_drive4.csv,BEV2_2024-08-30_drive3.csv,driving sessions,1725010906000000000,1725010907000000000,1725015263000000000
BEV2_2024-08-30_drive5.csv,BEV2_2024-08-30_slow.csv,slow charging sessions,1725032288000000000,1725032289000000000,1725032290000000000
BEV2_2024-08-30_drive6.csv,BEV2_2024-08-30_drive5.csv,driving sessions,1725037679000000000,1725037680000000000,1725054216000000000
BEV2_2024-08-31_drive1.csv,BEV2_2024-08-30_drive6.csv,driving sessions,1725057227000000000,1725057228000000000,1725090590000000000
BEV2_2024-08-31_drive2.csv,BEV2_2024-08-31_park1.csv,parking sessions,1725095765000000000,1725095766000000000,1725096435000000000
BEV2_2024-08-31_drive4.csv,BEV2_2024-08-31_park4.csv,parking sessions,1725134987000000000,1725134988000000000,1725135096000000000
BEV2_2024-09-01_drive1.csv,BEV2_2024-09-01_park2.csv,parking sessions,1725178074000000000,1725178075000000000,1725178433000000000
BEV2_2024-09-01_drive3.csv,BEV2_2024-09-01_park3.csv,parking sessions,1725194786000000000,1725194787000000000,1725194789000000000
BEV2_2024-09-01_drive4.csv,BEV2_2024-09-01_drive3.csv,driving sessions,1725199776000000000,1725199777000000000,1725204228000000000
BEV2_2024-09-01_drive5.csv,BEV2_2024-09-01_park4.csv,parking sessions,1725205812000000000,1725205813000000000,1725213016000000000
BEV2_2024-09-02_drive1.csv,BEV2_2024-09-01_park5.csv,parking sessions,1725217192000000000,1725217193000000000,1725275842000000000
BEV2_2024-09-02_drive2.csv,BEV2_2024-09-02_park1.csv,parking sessions,1725280584000000000,1725280585000000000,1725282409000000000
BEV2_2024-09-02_drive3.csv,BEV2_2024-09-02_drive2.csv,driving sessions,1725284851000000000,1725284852000000000,1725286675000000000
BEV2_2024-09-03_drive1.csv,BEV2_2024-09-02_drive3.csv,driving sessions,1725288308000000000,1725288309000000000,1725343866000000000
BEV2_2024-09-03_drive2.csv,BEV2_2024-09-03_slow.csv,slow charging sessions,1725355853000000000,1725355854000000000,1725355855000000000
BEV2_2024-09-03_drive3.csv,BEV2_2024-09-03_drive2.csv,driving sessions,1725356650000000000,1725356651000000000,1725358702000000000
BEV2_2024-09-03_drive4.csv,BEV2_2024-09-03_park2.csv,parking sessions,1725362676000000000,1725362677000000000,1725369668000000000
BEV2_2024-09-03_drive5.csv,BEV2_2024-09-03_drive4.csv,driving sessions,1725370600000000000,1725370601000000000,1725374527000000000
BEV2_2024-09-03_drive6.csv,BEV2_2024-09-03_drive5.csv,driving sessions,1725376165000000000,1725376166000000000,1725379360000000000
BEV2_2024-09-04_drive1.csv,BEV2_2024-09-03_drive8.csv,driving sessions,1725399836000000000,1725399837000000000,1725430177000000000
BEV2_2024-09-04_drive2.csv,BEV2_2024-09-04_drive1.csv,driving sessions,1725431624000000000,1725431625000000000,1725445473000000000
BEV2_2024-09-04_drive3.csv,BEV2_2024-09-04_park1.csv,parking sessions,1725446783000000000,1725446784000000000,1725449662000000000
BEV2_2024-09-04_drive4.csv,BEV2_2024-09-04_drive3.csv,driving sessions,1725451431000000000,1725451432000000000,1725455452000000000
BEV2_2024-09-04_drive5.csv,BEV2_2024-09-04_drive4.csv,driving sessions,1725456121000000000,1725456122000000000,1725458418000000000
BEV2_2024-09-06_drive1.csv,BEV2_2024-09-04_drive5.csv,driving sessions,1725461523000000000,1725461524000000000,1725610755000000000
BEV2_2024-09-06_drive2.csv,BEV2_2024-09-06_drive1.csv,driving sessions,1725612941000000000,1725612942000000000,1725618659000000000
BEV2_2024-09-06_drive3.csv,BEV2_2024-09-06_park1.csv,parking sessions,1725620151000000000,1725620152000000000,1725641718000000000
BEV2_2024-09-07_drive1.csv,BEV2_2024-09-06_drive3.csv,driving sessions,1725642463000000000,1725642464000000000,1725702029000000000
BEV2_2024-09-07_drive2.csv,BEV2_2024-09-07_drive1.csv,driving sessions,1725702946000000000,1725702947000000000,1725703163000000000
BEV2_2024-09-07_drive3.csv,BEV2_2024-09-07_park1.csv,parking sessions,1725711682000000000,1725711683000000000,1725711685000000000
BEV2_2024-09-07_drive4.csv,BEV2_2024-09-07_drive3.csv,driving sessions,1725716474000000000,1725716475000000000,1725717267000000000
BEV2_2024-09-07_drive5.csv,BEV2_2024-09-07_drive4.csv,driving sessions,1725718877000000000,1725718878000000000,1725719511000000000
BEV2_2024-09-07_drive6.csv,BEV2_2024-09-07_drive5.csv,driving sessions,1725721666000000000,1725721667000000000,1725725253000000000
BEV2_2024-09-08_drive2.csv,BEV2_2024-09-08_drive1.csv,driving sessions,1725785317000000000,1725785318000000000,1725789910000000000
BEV2_2024-09-08_drive3.csv,BEV2_2024-09-08_drive2.csv,driving sessions,1725791713000000000,1725791714000000000,1725794062000000000
BEV2_2024-09-08_drive4.csv,BEV2_2024-09-08_drive3.csv,driving sessions,1725795839000000000,1725795840000000000,1725798661000000000
BEV2_2024-09-08_drive5.csv,BEV2_2024-09-08_drive4.csv,driving sessions,1725802265000000000,1725802266000000000,1725803093000000000
BEV2_2024-09-09_drive1.csv,BEV2_2024-09-08_park1.csv,parking sessions,1725830319000000000,1725830320000000000,1725861984000000000
BEV2_2024-09-09_drive2.csv,BEV2_2024-09-09_park1.csv,parking sessions,1725863614000000000,1725863615000000000,1725896167000000000
BEV2_2024-09-09_drive3.csv,BEV2_2024-09-09_drive2.csv,driving sessions,1725897091000000000,1725897092000000000,1725899490000000000
BEV2_2024-09-10_drive1.csv,BEV2_2024-09-09_park2.csv,parking sessions,1725904071000000000,1725904072000000000,1725937583000000000
BEV2_2024-09-10_drive2.csv,BEV2_2024-09-10_drive1.csv,driving sessions,1725939115000000000,1725939116000000000,1725953224000000000
BEV2_2024-09-10_drive3.csv,BEV2_2024-09-10_park1.csv,parking sessions,1725954529000000000,1725954530000000000,1725971948000000000
BEV2_2024-09-10_drive5.csv,BEV2_2024-09-10_park2.csv,parking sessions,1725987702000000000,1725987703000000000,1725991714000000000
BEV2_2024-09-10_drive6.csv,BEV2_2024-09-10_fast_1.csv,fast charging sessions,1725997771000000000,1725997772000000000,1725997786000000000
BEV2_2024-09-11_drive1.csv,BEV2_2024-09-10_drive6.csv,driving sessions,1725999283000000000,1725999284000000000,1726038856000000000
BEV2_2024-09-11_drive2.csv,BEV2_2024-09-11_park1.csv,parking sessions,1726041230000000000,1726041231000000000,1726051603000000000
BEV2_2024-09-11_drive3.csv,BEV2_2024-09-11_slow.csv,slow charging sessions,1726066342000000000,1726066343000000000,1726066344000000000
BEV2_2024-09-12_drive1.csv,BEV2_2024-09-11_park2.csv,parking sessions,1726083394000000000,1726083395000000000,1726135832000000000
BEV2_2024-09-12_drive2.csv,BEV2_2024-09-12_drive1.csv,driving sessions,1726136865000000000,1726136866000000000,1726137035000000000
BEV2_2024-09-12_drive3.csv,BEV2_2024-09-12_park1.csv,parking sessions,1726137336000000000,1726137337000000000,1726137344000000000
BEV2_2024-09-12_drive4.csv,BEV2_2024-09-12_park2.csv,parking sessions,1726138291000000000,1726138292000000000,1726138299000000000
BEV2_2024-09-12_drive5.csv,BEV2_2024-09-12_park3.csv,parking sessions,1726138647000000000,1726138648000000000,1726138657000000000
BEV2_2024-09-12_drive6.csv,BEV2_2024-09-12_park4.csv,parking sessions,1726146738000000000,1726146739000000000,1726146745000000000
BEV2_2024-09-12_drive8.csv,BEV2_2024-09-12_drive7.csv,driving sessions,1726148355000000000,1726148356000000000,1726156063000000000
BEV2_2024-09-13_drive1.csv,BEV2_2024-09-13_park1.csv,parking sessions,1726207335000000000,1726207336000000000,1726207341000000000
BEV2_2024-09-13_drive2.csv,BEV2_2024-09-13_park2.csv,parking sessions,1726219717000000000,1726219718000000000,1726219725000000000
BEV2_2024-09-13_drive3.csv,BEV2_2024-09-13_drive2.csv,driving sessions,1726220529000000000,1726220530000000000,1726220609000000000
BEV2_2024-09-13_drive4.csv,BEV2_2024-09-13_park3.csv,parking sessions,1726239315000000000,1726239316000000000,1726239323000000000
BEV2_2024-09-13_drive5.csv,BEV2_2024-09-13_drive4.csv,driving sessions,1726241099000000000,1726241100000000000,1726243374000000000
BEV2_2024-09-13_drive6.csv,BEV2_2024-09-13_park4.csv,parking sessions,1726244449000000000,1726244450000000000,1726252223000000000
BEV2_2024-09-13_drive7.csv,BEV2_2024-09-13_park5.csv,parking sessions,1726252265000000000,1726252266000000000,1726259395000000000
BEV2_2024-09-13_drive8.csv,BEV2_2024-09-13_drive7.csv,driving sessions,1726261171000000000,1726261172000000000,1726267017000000000
BEV2_2024-09-14_drive1.csv,BEV2_2024-09-13_drive8.csv,driving sessions,1726269788000000000,1726269789000000000,1726295937000000000
BEV2_2024-09-14_drive2.csv,BEV2_2024-09-14_drive1.csv,driving sessions,1726296345000000000,1726296346000000000,1726300515000000000
BEV2_2024-09-14_drive3.csv,BEV2_2024-09-14_park1.csv,parking sessions,1726301440000000000,1726301441000000000,1726303913000000000
BEV2_2024-09-14_drive5.csv,BEV2_2024-09-14_drive4.csv,driving sessions,1726308394000000000,1726308395000000000,1726319069000000000
BEV2_2024-09-14_drive7.csv,BEV2_2024-09-14_park3.csv,parking sessions,1726326235000000000,1726326236000000000,1726326243000000000
BEV2_2024-09-14_drive8.csv,BEV2_2024-09-14_park4.csv,parking sessions,1726331717000000000,1726331718000000000,1726331743000000000
BEV2_2024-09-14_drive9.csv,BEV2_2024-09-14_drive8.csv,driving sessions,1726333568000000000,1726333569000000000,1726338679000000000
BEV2_2024-09-15_drive1.csv,BEV2_2024-09-14_drive9.csv,driving sessions,1726340612000000000,1726340613000000000,1726389242000000000
BEV2_2024-09-15_drive2.csv,BEV2_2024-09-15_park1.csv,parking sessions,1726392082000000000,1726392083000000000,1726392090000000000
BEV2_2024-09-15_drive3.csv,BEV2_2024-09-15_park2.csv,parking sessions,1726404059000000000,1726404060000000000,1726404067000000000
BEV2_2024-09-15_drive4.csv,BEV2_2024-09-15_park3.csv,parking sessions,1726412498000000000,1726412499000000000,1726412508000000000
BEV2_2024-09-15_drive5.csv,BEV2_2024-09-15_drive4.csv,driving sessions,1726413612000000000,1726413613000000000,1726415028000000000
BEV2_2024-09-15_drive6.csv,BEV2_2024-09-15_park4.csv,parking sessions,1726433224000000000,1726433225000000000,1726433241000000000
BEV2_2024-09-15_drive7.csv,BEV2_2024-09-15_drive6.csv,driving sessions,1726433710000000000,1726433711000000000,1726433898000000000
BEV2_2024-09-15_drive8.csv,BEV2_2024-09-15_park5.csv,parking sessions,1726434913000000000,1726434914000000000,1726434967000000000
BEV2_2024-09-16_drive2.csv,BEV2_2024-09-16_slow.csv,slow charging sessions,1726480389000000000,1726480390000000000,1726480391000000000
BEV2_2024-09-16_drive3.csv,BEV2_2024-09-16_drive2.csv,driving sessions,1726480466000000000,1726480467000000000,1726486642000000000
BEV2_2024-09-16_drive4.csv,BEV2_2024-09-16_drive3.csv,driving sessions,1726487434000000000,1726487435000000000,1726491363000000000
BEV2_2024-09-16_drive5.csv,BEV2_2024-09-16_park1.csv,parking sessions,1726493444000000000,1726493445000000000,1726493453000000000
BEV2_2024-09-16_drive6.csv,BEV2_2024-09-16_park2.csv,parking sessions,1726501283000000000,1726501284000000000,1726501296000000000
BEV2_2024-09-17_drive1.csv,BEV2_2024-09-17_park1.csv,parking sessions,1726568225000000000,1726568226000000000,1726568238000000000
BEV2_2024-09-17_drive2.csv,BEV2_2024-09-17_drive1.csv,driving sessions,1726574032000000000,1726574033000000000,1726588593000000000
BEV2_2024-09-17_drive3.csv,BEV2_2024-09-17_drive2.csv,driving sessions,1726594512000000000,1726594513000000000,1726596876000000000
BEV2_2024-09-18_drive1.csv,BEV2_2024-09-18_park1.csv,parking sessions,1726638652000000000,1726638653000000000,1726638664000000000
BEV2_2024-09-18_drive2.csv,BEV2_2024-09-18_slow.csv,slow charging sessions,1726654760000000000,1726654761000000000,1726654770000000000
BEV2_2024-09-18_drive3.csv,BEV2_2024-09-18_park2.csv,parking sessions,1726655570000000000,1726655571000000000,1726666448000000000
BEV2_2024-09-18_drive4.csv,BEV2_2024-09-18_park3.csv,parking sessions,1726670158000000000,1726670159000000000,1726670165000000000
BEV2_2024-09-18_drive5.csv,BEV2_2024-09-18_drive4.csv,driving sessions,1726671251000000000,1726671252000000000,1726675733000000000
BEV2_2024-09-19_drive1.csv,BEV2_2024-09-19_park1.csv,parking sessions,1726725042000000000,1726725043000000000,1726725050000000000
BEV2_2024-09-19_drive2.csv,BEV2_2024-09-19_park2.csv,parking sessions,1726757784000000000,1726757785000000000,1726760924000000000
BEV2_2024-09-20_drive1.csv,BEV2_2024-09-19_drive2.csv,driving sessions,1726765612000000000,1726765613000000000,1726810236000000000
BEV2_2024-09-20_drive2.csv,BEV2_2024-09-20_park1.csv,parking sessions,1726847938000000000,1726847939000000000,1726847946000000000
BEV2_2024-09-20_drive3.csv,BEV2_2024-09-20_drive2.csv,driving sessions,1726850419000000000,1726850420000000000,1726852365000000000
BEV2_2024-09-20_drive4.csv,BEV2_2024-09-20_drive3.csv,driving sessions,1726854191000000000,1726854192000000000,1726860794000000000
BEV2_2024-09-21_drive1.csv,BEV2_2024-09-20_park2.csv,parking sessions,1726861231000000000,1726861232000000000,1726916796000000000
BEV2_2024-09-21_drive2.csv,BEV2_2024-09-21_drive1.csv,driving sessions,1726918921000000000,1726918922000000000,1726919972000000000
BEV2_2024-09-21_drive3.csv,BEV2_2024-09-21_drive2.csv,driving sessions,1726921424000000000,1726921425000000000,1726921495000000000
BEV2_2024-09-21_drive4.csv,BEV2_2024-09-21_park1.csv,parking sessions,1726922824000000000,1726922825000000000,1726922837000000000
BEV2_2024-09-21_drive5.csv,BEV2_2024-09-21_park2.csv,parking sessions,1726931187000000000,1726931188000000000,1726939620000000000
BEV2_2024-09-21_drive6.csv,BEV2_2024-09-21_1_slow.csv,slow charging sessions,1726946610000000000,1726946611000000000,1726946612000000000
BEV2_2024-09-21_drive7.csv,BEV2_2024-09-21_park3.csv,parking sessions,1726947726000000000,1726947727000000000,1726950747000000000
BEV2_2024-09-22_drive1.csv,BEV2_2024-09-21_2_slow.csv,slow charging sessions,1726996612000000000,1726996613000000000,1726996614000000000
BEV2_2024-09-22_drive2.csv,BEV2_2024-09-22_park1.csv,parking sessions,1726999493000000000,1726999494000000000,1726999508000000000
BEV2_2024-09-22_drive3.csv,BEV2_2024-09-22_park2.csv,parking sessions,1727006151000000000,1727006152000000000,1727006160000000000
BEV2_2024-09-23_drive1.csv,BEV2_2024-09-23_park1.csv,parking sessions,1727071502000000000,1727071503000000000,1727071513000000000
BEV2_2024-09-23_drive2.csv,BEV2_2024-09-23_park2.csv,parking sessions,1727081374000000000,1727081375000000000,1727081382000000000
BEV2_2024-09-23_drive3.csv,BEV2_2024-09-23_drive2.csv,driving sessions,1727082305000000000,1727082306000000000,1727084533000000000
BEV2_2024-09-24_drive1.csv,BEV2_2024-09-23_park3.csv,parking sessions,1727085476000000000,1727085477000000000,1727214797000000000
BEV2_2024-09-25_drive1.csv,BEV2_2024-09-24_drive1.csv,driving sessions,1727215450000000000,1727215451000000000,1727247902000000000
BEV2_2024-09-25_drive2.csv,BEV2_2024-09-25_drive1.csv,driving sessions,1727248916000000000,1727248917000000000,1727249134000000000
BEV2_2024-09-25_drive3.csv,BEV2_2024-09-25_park1.csv,parking sessions,1727270049000000000,1727270050000000000,1727270057000000000
BEV2_2024-09-25_drive4.csv,BEV2_2024-09-25_park2.csv,parking sessions,1727287958000000000,1727287959000000000,1727287964000000000
BEV2_2024-09-26_drive1.csv,BEV2_2024-09-25_park3.csv,parking sessions,1727329694000000000,1727329695000000000,1727329704000000000
BEV2_2024-09-26_drive2.csv,BEV2_2024-09-26_park1.csv,parking sessions,1727369939000000000,1727369940000000000,1727369947000000000
BEV2_2024-09-26_drive3.csv,BEV2_2024-09-26_drive2.csv,driving sessions,1727370478000000000,1727370479000000000,1727370554000000000
BEV2_2024-09-27_drive1.csv,BEV2_2024-09-27_park1.csv,parking sessions,1727415947000000000,1727415948000000000,1727415955000000000
BEV2_2024-09-27_drive2.csv,BEV2_2024-09-27_park2.csv,parking sessions,1727430548000000000,1727430549000000000,1727430556000000000
BEV2_2024-09-27_drive3.csv,BEV2_2024-09-27_slow.csv,slow charging sessions,1727453799000000000,1727453800000000000,1727453801000000000
BEV2_2024-09-27_drive4.csv,BEV2_2024-09-27_drive3.csv,driving sessions,1727454347000000000,1727454348000000000,1727455494000000000
BEV2_2024-09-27_drive5.csv,BEV2_2024-09-27_park3.csv,parking sessions,1727458664000000000,1727458665000000000,1727472915000000000
BEV2_2024-09-28_drive1.csv,BEV2_2024-09-27_park4.csv,parking sessions,1727476061000000000,1727476062000000000,1727512976000000000
BEV2_2024-09-28_drive2.csv,BEV2_2024-09-28_drive1.csv,driving sessions,1727514976000000000,1727514977000000000,1727520093000000000
BEV2_2024-09-28_drive4.csv,BEV2_2024-09-28_park2.csv,parking sessions,1727536751000000000,1727536752000000000,1727537957000000000
BEV2_2024-09-28_drive5.csv,BEV2_2024-09-28_drive4.csv,driving sessions,1727539217000000000,1727539218000000000,1727539626000000000
BEV2_2024-09-28_drive6.csv,BEV2_2024-09-28_park3.csv,parking sessions,1727543197000000000,1727543198000000000,1727544723000000000
BEV2_2024-09-29_drive1.csv,BEV2_2024-09-28_drive6.csv,driving sessions,1727545363000000000,1727545364000000000,1727584051000000000
BEV2_2024-09-29_drive2.csv,BEV2_2024-09-29_park1.csv,parking sessions,1727586047000000000,1727586048000000000,1727609056000000000
BEV2_2024-09-29_drive3.csv,BEV2_2024-09-29_fast_1.csv,fast charging sessions,1727615866000000000,1727615867000000000,1727615880000000000
BEV2_2024-09-29_drive4.csv,BEV2_2024-09-29_park2.csv,parking sessions,1727616453000000000,1727616454000000000,1727625425000000000
BEV2_2024-09-29_drive5.csv,BEV2_2024-09-29_park3.csv,parking sessions,1727625962000000000,1727625963000000000,1727638369000000000
BEV2_2024-09-30_drive1.csv,BEV2_2024-09-29_drive5.csv,driving sessions,1727640705000000000,1727640706000000000,1727674985000000000
BEV2_2024-09-30_drive2.csv,BEV2_2024-09-30_drive1.csv,driving sessions,1727675470000000000,1727675471000000000,1727689020000000000
BEV2_2024-09-30_drive3.csv,BEV2_2024-09-30_drive2.csv,driving sessions,1727689625000000000,1727689626000000000,1727689767000000000
BEV2_2024-09-30_drive4.csv,BEV2_2024-09-30_drive3.csv,driving sessions,1727690045000000000,1727690046000000000,1727693142000000000
BEV2_2024-09-30_drive5.csv,BEV2_2024-09-30_park1.csv,parking sessions,1727713225000000000,1727713226000000000,1727713236000000000
BEV2_2024-09-30_drive6.csv,BEV2_2024-09-30_drive5.csv,driving sessions,1727713936000000000,1727713937000000000,1727720898000000000
BEV2_2024-10-01_drive1.csv,BEV2_2024-09-30_park2.csv,parking sessions,1727765194000000000,1727765195000000000,1727765224000000000
BEV2_2024-10-01_drive2.csv,BEV2_2024-10-01_park1.csv,parking sessions,1727766460000000000,1727766461000000000,1727794847000000000
BEV2_2024-10-01_drive3.csv,BEV2_2024-10-01_fast_1.csv,fast charging sessions,1727803606000000000,1727803607000000000,1727803619000000000
BEV2_2024-10-02_drive1.csv,BEV2_2024-10-01_park2.csv,parking sessions,1727847993000000000,1727847994000000000,1727848000000000000
BEV2_2024-10-02_drive2.csv,BEV2_2024-10-02_park2.csv,parking sessions,1727860897000000000,1727860898000000000,1727860913000000000
BEV2_2024-10-02_drive3.csv,BEV2_2024-10-02_drive2.csv,driving sessions,1727864651000000000,1727864652000000000,1727868686000000000
BEV2_2024-10-02_drive4.csv,BEV2_2024-10-02_park3.csv,parking sessions,1727886062000000000,1727886063000000000,1727886069000000000
BEV2_2024-10-02_drive5.csv,BEV2_2024-10-02_park4.csv,parking sessions,1727888921000000000,1727888922000000000,1727888968000000000
BEV2_2024-10-03_drive1.csv,BEV2_2024-10-02_park5.csv,parking sessions,1727934340000000000,1727934341000000000,1727934346000000000
BEV2_2024-10-03_drive2.csv,BEV2_2024-10-03_park1.csv,parking sessions,1727934995000000000,1727934996000000000,1727948472000000000
BEV2_2024-10-03_drive3.csv,BEV2_2024-10-03_drive2.csv,driving sessions,1727948936000000000,1727948937000000000,1727950024000000000
BEV2_2024-10-03_drive4.csv,BEV2_2024-10-03_park2.csv,parking sessions,1727974620000000000,1727974621000000000,1727974630000000000
BEV2_2024-10-03_drive5.csv,BEV2_2024-10-03_park3.csv,parking sessions,1727975323000000000,1727975324000000000,1727976644000000000
BEV2_2024-10-03_drive6.csv,BEV2_2024-10-03_park4.csv,parking sessions,1727983903000000000,1727983904000000000,1727983911000000000
BEV2_2024-10-04_drive1.csv,BEV2_2024-10-03_drive6.csv,driving sessions,1727985204000000000,1727985205000000000,1728020670000000000
BEV2_2024-10-04_drive2.csv,BEV2_2024-10-04_drive1.csv,driving sessions,1728021171000000000,1728021172000000000,1728063554000000000
BEV2_2024-10-05_drive1.csv,BEV2_2024-10-04_park1.csv,parking sessions,1728064439000000000,1728064440000000000,1728107668000000000
BEV2_2024-10-06_drive1.csv,BEV2_2024-10-05_drive1.csv,driving sessions,1728107714000000000,1728107715000000000,1728221838000000000
BEV2_2024-10-06_drive2.csv,BEV2_2024-10-06_drive1.csv,driving sessions,1728222176000000000,1728222177000000000,1728227447000000000
BEV2_2024-10-06_drive3.csv,BEV2_2024-10-06_drive2.csv,driving sessions,1728227874000000000,1728227875000000000,1728232668000000000
BEV2_2024-10-07_drive1.csv,BEV2_2024-10-06_drive3.csv,driving sessions,1728232744000000000,1728232745000000000,1728283173000000000
BEV2_2024-10-07_drive2.csv,BEV2_2024-10-07_drive1.csv,driving sessions,1728283214000000000,1728283215000000000,1728326102000000000
BEV2_2024-10-08_drive1.csv,BEV2_2024-10-08_park1.csv,parking sessions,1728366473000000000,1728366474000000000,1728367495000000000
BEV2_2024-10-08_drive2.csv,BEV2_2024-10-08_park2.csv,parking sessions,1728378227000000000,1728378228000000000,1728379248000000000
BEV2_2024-10-08_drive3.csv,BEV2_2024-10-08_drive2.csv,driving sessions,1728384052000000000,1728384053000000000,1728386481000000000
BEV2_2024-10-08_drive4.csv,BEV2_2024-10-08_drive3.csv,driving sessions,1728387136000000000,1728387137000000000,1728391257000000000
BEV2_2024-10-08_drive5.csv,BEV2_2024-10-08_drive4.csv,driving sessions,1728391990000000000,1728391991000000000,1728395419000000000
BEV2_2024-10-08_drive6.csv,BEV2_2024-10-08_drive5.csv,driving sessions,1728399434000000000,1728399435000000000,1728412452000000000
BEV2_2024-10-08_drive7.csv,BEV2_2024-10-08_drive6.csv,driving sessions,1728415038000000000,1728415039000000000,1728415182000000000
BEV2_2024-10-09_drive1.csv,BEV2_2024-10-08_park3.csv,parking sessions,1728416194000000000,1728416195000000000,1728452700000000000
BEV2_2024-10-09_drive2.csv,BEV2_2024-10-09_park1.csv,parking sessions,1728465028000000000,1728465029000000000,1728465036000000000
BEV2_2024-10-09_drive3.csv,BEV2_2024-10-09_park2.csv,parking sessions,1728465656000000000,1728465657000000000,1728480472000000000
BEV2_2024-10-09_drive4.csv,BEV2_2024-10-09_park3.csv,parking sessions,1728489547000000000,1728489548000000000,1728489555000000000
BEV2_2024-10-10_drive1.csv,BEV2_2024-10-09_park4.csv,parking sessions,1728490254000000000,1728490255000000000,1728538873000000000
BEV2_2024-10-10_drive2.csv,BEV2_2024-10-10_park1.csv,parking sessions,1728569406000000000,1728569407000000000,1728569413000000000
BEV2_2024-10-10_drive3.csv,BEV2_2024-10-10_drive2.csv,driving sessions,1728570991000000000,1728570992000000000,1728576473000000000
BEV2_2024-10-11_drive2.csv,BEV2_2024-10-11_park2.csv,parking sessions,1728641025000000000,1728641026000000000,1728667538000000000
BEV2_2024-10-11_drive3.csv,BEV2_2024-10-11_drive2.csv,driving sessions,1728668240000000000,1728668241000000000,1728670142000000000
BEV2_2024-10-11_drive4.csv,BEV2_2024-10-11_park3.csv,parking sessions,1728677091000000000,1728677092000000000,1728677101000000000
BEV2_2024-10-12_drive1.csv,BEV2_2024-10-11_drive4.csv,driving sessions,1728678484000000000,1728678485000000000,1728749708000000000
BEV2_2024-10-12_drive2.csv,BEV2_2024-10-12_drive1.csv,driving sessions,1728750311000000000,1728750312000000000,1728756660000000000
BEV2_2024-10-13_drive1.csv,BEV2_2024-10-12_drive2.csv,driving sessions,1728756924000000000,1728756925000000000,1728807726000000000
BEV2_2024-10-13_drive2.csv,BEV2_2024-10-13_park1.csv,parking sessions,1728809433000000000,1728809434000000000,1728813851000000000
BEV2_2024-10-13_drive3.csv,BEV2_2024-10-13_park2.csv,parking sessions,1728820386000000000,1728820387000000000,1728820403000000000
BEV2_2024-10-13_drive4.csv,BEV2_2024-10-13_drive3.csv,driving sessions,1728820949000000000,1728820950000000000,1728830278000000000
BEV2_2024-10-13_drive5.csv,BEV2_2024-10-13_park3.csv,parking sessions,1728850523000000000,1728850524000000000,1728850535000000000
BEV2_2024-10-14_drive1.csv,BEV2_2024-10-13_park4.csv,parking sessions,1728884467000000000,1728884468000000000,1728884477000000000
BEV2_2024-10-14_drive2.csv,BEV2_2024-10-14_park1.csv,parking sessions,1728899767000000000,1728899768000000000,1728899782000000000
BEV2_2024-10-14_drive3.csv,BEV2_2024-10-14_park3.csv,parking sessions,1728902741000000000,1728902742000000000,1728902757000000000
BEV2_2024-10-14_drive4.csv,BEV2_2024-10-14_park5.csv,parking sessions,1728914959000000000,1728914960000000000,1728914971000000000
BEV2_2024-10-14_drive5.csv,BEV2_2024-10-14_park6.csv,parking sessions,1728918216000000000,1728918217000000000,1728918223000000000
BEV2_2024-10-15_drive1.csv,BEV2_2024-10-14_drive5.csv,driving sessions,1728919765000000000,1728919766000000000,1728972672000000000
BEV2_2024-10-15_drive2.csv,BEV2_2024-10-15_drive1.csv,driving sessions,1728972817000000000,1728972818000000000,1728988962000000000
BEV2_2024-10-16_drive1.csv,BEV2_2024-10-15_drive2.csv,driving sessions,1728989118000000000,1728989119000000000,1729051304000000000
BEV2_2024-10-16_drive2.csv,BEV2_2024-10-16_park1.csv,parking sessions,1729051505000000000,1729051506000000000,1729051830000000000
BEV2_2024-10-16_drive3.csv,BEV2_2024-10-16_drive2.csv,driving sessions,1729053128000000000,1729053129000000000,1729062098000000000
BEV2_2024-10-16_drive4.csv,BEV2_2024-10-16_drive3.csv,driving sessions,1729062506000000000,1729062507000000000,1729071327000000000
BEV2_2024-10-16_drive5.csv,BEV2_2024-10-16_drive4.csv,driving sessions,1729071594000000000,1729071595000000000,1729071889000000000
BEV2_2024-10-16_drive6.csv,BEV2_2024-10-16_park2.csv,parking sessions,1729080283000000000,1729080284000000000,1729080295000000000
BEV2_2024-10-17_drive1.csv,BEV2_2024-10-16_park3.csv,parking sessions,1729082182000000000,1729082183000000000,1729203725000000000
BEV2_2024-10-18_drive1.csv,BEV2_2024-10-18_park1.csv,parking sessions,1729232957000000000,1729232958000000000,1729232964000000000
BEV2_2024-10-18_drive2.csv,BEV2_2024-10-18_park2.csv,parking sessions,1729236944000000000,1729236945000000000,1729248367000000000
BEV2_2024-10-18_drive3.csv,BEV2_2024-10-18_slow.csv,slow charging sessions,1729263882000000000,1729263883000000000,1729263884000000000
BEV2_2024-10-18_drive4.csv,BEV2_2024-10-18_park3.csv,parking sessions,1729279388000000000,1729279389000000000,1729279400000000000
BEV2_2024-10-19_drive1.csv,BEV2_2024-10-19_park1.csv,parking sessions,1729341317000000000,1729341318000000000,1729341323000000000
BEV2_2024-10-19_drive2.csv,BEV2_2024-10-19_drive1.csv,driving sessions,1729344854000000000,1729344855000000000,1729345523000000000
BEV2_2024-10-19_drive3.csv,BEV2_2024-10-19_park2.csv,parking sessions,1729346679000000000,1729346680000000000,1729349706000000000
BEV2_2024-10-19_drive4.csv,BEV2_2024-10-19_drive3.csv,driving sessions,1729353998000000000,1729353999000000000,1729361676000000000
BEV2_2024-10-19_drive5.csv,BEV2_2024-10-19_drive4.csv,driving sessions,1729363015000000000,1729363016000000000,1729363194000000000
BEV2_2024-10-20_drive1.csv,BEV2_2024-10-19_drive5.csv,driving sessions,1729363427000000000,1729363428000000000,1729416343000000000
BEV2_2024-10-20_drive2.csv,BEV2_2024-10-20_slow.csv,slow charging sessions,1729419522000000000,1729419523000000000,1729419524000000000
BEV2_2024-10-20_drive3.csv,BEV2_2024-10-20_drive2.csv,driving sessions,1729419880000000000,1729419881000000000,1729442081000000000
BEV2_2024-10-20_drive4.csv,BEV2_2024-10-20_drive3.csv,driving sessions,1729443317000000000,1729443318000000000,1729448515000000000
BEV2_2024-10-20_drive5.csv,BEV2_2024-10-20_drive4.csv,driving sessions,1729449145000000000,1729449146000000000,1729449462000000000
BEV2_2024-10-21_drive1.csv,BEV2_2024-10-21_park1.csv,parking sessions,1729490476000000000,1729490477000000000,1729490483000000000
BEV2_2024-10-21_drive2.csv,BEV2_2024-10-21_park2.csv,parking sessions,1729491256000000000,1729491257000000000,1729506221000000000
BEV2_2024-10-21_drive3.csv,BEV2_2024-10-21_drive2.csv,driving sessions,1729506338000000000,1729506339000000000,1729511835000000000
BEV2_2024-10-23_drive1.csv,BEV2_2024-10-21_park3.csv,parking sessions,1729513762000000000,1729513763000000000,1729719384000000000
BEV2_2024-10-24_drive1.csv,BEV2_2024-10-23_drive1.csv,driving sessions,1729720833000000000,1729720834000000000,1729747698000000000
BEV2_2024-10-24_drive2.csv,BEV2_2024-10-24_park1.csv,parking sessions,1729783239000000000,1729783240000000000,1729783247000000000
BEV2_2024-10-25_drive1.csv,BEV2_2024-10-24_park2.csv,parking sessions,1729784181000000000,1729784182000000000,1729835581000000000
BEV2_2024-10-25_drive2.csv,BEV2_2024-10-25_drive1.csv,driving sessions,1729836177000000000,1729836178000000000,1729875638000000000
BEV2_2024-10-26_drive1.csv,BEV2_2024-10-26_park1.csv,parking sessions,1729946461000000000,1729946462000000000,1729946469000000000
BEV2_2024-10-26_drive2.csv,BEV2_2024-10-26_park2.csv,parking sessions,1729956564000000000,1729956565000000000,1729963593000000000
BEV2_2024-10-26_drive3.csv,BEV2_2024-10-26_drive2.csv,driving sessions,1729964916000000000,1729964917000000000,1729974002000000000
BEV2_2024-10-27_drive1.csv,BEV2_2024-10-26_drive3.csv,driving sessions,1729977175000000000,1729977176000000000,1730024326000000000
BEV2_2024-10-27_drive2.csv,BEV2_2024-10-27_park1.csv,parking sessions,1730027310000000000,1730027311000000000,1730027317000000000
BEV2_2024-10-27_drive3.csv,BEV2_2024-10-27_park2.csv,parking sessions,1730034521000000000,1730034522000000000,1730034528000000000
BEV2_2024-10-27_drive4.csv,BEV2_2024-10-27_park3.csv,parking sessions,1730047084000000000,1730047085000000000,1730047092000000000
BEV2_2024-10-27_drive5.csv,BEV2_2024-10-27_drive4.csv,driving sessions,1730049254000000000,1730049255000000000,1730060988000000000
BEV2_2024-10-28_drive1.csv,BEV2_2024-10-28_park1.csv,parking sessions,1730099562000000000,1730099563000000000,1730099582000000000
BEV2_2024-10-28_drive2.csv,BEV2_2024-10-28_park2.csv,parking sessions,1730114103000000000,1730114104000000000,1730114118000000000
BEV2_2024-10-28_drive3.csv,BEV2_2024-10-28_park3.csv,parking sessions,1730130128000000000,1730130129000000000,1730130137000000000
BEV2_2024-10-28_drive4.csv,BEV2_2024-10-28_park4.csv,parking sessions,1730132582000000000,1730132583000000000,1730132598000000000
BEV2_2024-10-29_drive1.csv,BEV2_2024-10-28_drive4.csv,driving sessions,1730135266000000000,1730135267000000000,1730189157000000000
BEV2_2024-10-29_drive2.csv,BEV2_2024-10-29_drive1.csv,driving sessions,1730190177000000000,1730190178000000000,1730190362000000000
BEV2_2024-10-29_drive3.csv,BEV2_2024-10-29_park1.csv,parking sessions,1730215348000000000,1730215349000000000,1730215357000000000
BEV2_2024-10-29_drive4.csv,BEV2_2024-10-29_drive3.csv,driving sessions,1730216075000000000,1730216076000000000,1730216546000000000
BEV2_2024-10-30_drive1.csv,BEV2_2024-10-30_park1.csv,parking sessions,1730271492000000000,1730271493000000000,1730271499000000000
BEV2_2024-10-30_drive2.csv,BEV2_2024-10-30_park2.csv,parking sessions,1730284193000000000,1730284194000000000,1730284200000000000
BEV2_2024-10-30_drive3.csv,BEV2_2024-10-30_drive2.csv,driving sessions,1730284739000000000,1730284740000000000,1730288582000000000
BEV2_2024-10-30_drive4.csv,BEV2_2024-10-30_park3.csv,parking sessions,1730298864000000000,1730298865000000000,1730298872000000000
BEV2_2024-10-30_drive5.csv,BEV2_2024-10-30_drive4.csv,driving sessions,1730299323000000000,1730299324000000000,1730307792000000000
BEV2_2024-10-30_drive6.csv,BEV2_2024-10-30_park4.csv,parking sessions,1730315279000000000,1730315280000000000,1730316118000000000
BEV2_2024-10-31_drive1.csv,BEV2_2024-10-30_drive6.csv,driving sessions,1730317325000000000,1730317326000000000,1730357195000000000
BEV2_2024-10-31_drive2.csv,BEV2_2024-10-31_park1.csv,parking sessions,1730367811000000000,1730367812000000000,1730367834000000000
BEV2_2024-10-31_drive3.csv,BEV2_2024-10-31_park2.csv,parking sessions,1730372509000000000,1730372510000000000,1730372518000000000
BEV2_2024-10-31_drive4.csv,BEV2_2024-10-31_drive3.csv,driving sessions,1730373083000000000,1730373084000000000,1730373838000000000
BEV2_2024-10-31_drive5.csv,BEV2_2024-10-31_park4.csv,parking sessions,1730392493000000000,1730392494000000000,1730392501000000000
BEV2_2024-10-31_drive6.csv,BEV2_2024-10-31_drive5.csv,driving sessions,1730393368000000000,1730393369000000000,1730398862000000000
BEV2_2024-10-31_drive7.csv,BEV2_2024-10-31_drive6.csv,driving sessions,1730399411000000000,1730399412000000000,1730405706000000000
BEV2_2024-11-01_drive1.csv,BEV2_2024-11-01_park1.csv,parking sessions,1730429069000000000,1730429070000000000,1730429076000000000
BEV2_2024-11-04_drive1.csv,BEV2_2024-11-01_park2.csv,parking sessions,1730717729000000000,1730717730000000000,1730717736000000000
BEV2_2024-11-04_drive2.csv,BEV2_2024-11-04_park3.csv,parking sessions,1730723418000000000,1730723419000000000,1730723426000000000
BEV2_2024-11-04_drive3.csv,BEV2_2024-11-04_drive2.csv,driving sessions,1730724457000000000,1730724458000000000,1730724757000000000
BEV2_2024-11-04_drive4.csv,BEV2_2024-11-04_fast_1.csv,fast charging sessions,1730728432000000000,1730728433000000000,1730728466000000000
BEV2_2024-11-04_drive5.csv,BEV2_2024-11-04_park4.csv,parking sessions,1730735924000000000,1730735925000000000,1730735931000000000
BEV2_2024-11-04_drive6.csv,BEV2_2024-11-04_drive5.csv,driving sessions,1730737191000000000,1730737192000000000,1730737871000000000
BEV2_2024-11-04_drive7.csv,BEV2_2024-11-04_park5.csv,parking sessions,1730741302000000000,1730741303000000000,1730741316000000000
BEV2_2024-11-04_drive8.csv,BEV2_2024-11-04_park1.csv,parking sessions,1730753308000000000,1730753309000000000,1730753316000000000
BEV2_2024-11-05_drive1.csv,BEV2_2024-11-04_slow.csv,slow charging sessions,1730789359000000000,1730789360000000000,1730789361000000000
BEV2_2024-11-05_drive2.csv,BEV2_2024-11-05_park1.csv,parking sessions,1730825786000000000,1730825787000000000,1730825802000000000
BEV2_2024-11-12_drive1.csv,BEV2_2024-11-12_park1.csv,parking sessions,1731420363000000000,1731420364000000000,1731431043000000000
BEV2_2024-11-13_drive1.csv,BEV2_2024-11-12_park2.csv,parking sessions,1731482002000000000,1731482003000000000,1731482009000000000
BEV2_2024-11-13_drive2.csv,BEV2_2024-11-13_park2.csv,parking sessions,1731510412000000000,1731510413000000000,1731510422000000000
BEV2_2024-11-13_drive3.csv,BEV2_2024-11-13_park3.csv,parking sessions,1731523477000000000,1731523478000000000,1731523490000000000
BEV2_2024-11-13_drive4.csv,BEV2_2024-11-13_drive3.csv,driving sessions,1731524476000000000,1731524477000000000,1731532084000000000
BEV2_2024-11-14_drive1.csv,BEV2_2024-11-13_park4.csv,parking sessions,1731567066000000000,1731567067000000000,1731567074000000000
BEV2_2024-11-14_drive2.csv,BEV2_2024-11-14_park1.csv,parking sessions,1731577823000000000,1731577824000000000,1731577830000000000
BEV2_2024-11-14_drive3.csv,BEV2_2024-11-14_park2.csv,parking sessions,1731606422000000000,1731606423000000000,1731606434000000000
BEV2_2024-11-15_drive2.csv,BEV2_2024-11-15_drive1.csv,driving sessions,1731651859000000000,1731651860000000000,1731652113000000000
BEV2_2024-11-15_drive3.csv,BEV2_2024-11-15_park1.csv,parking sessions,1731652721000000000,1731652722000000000,1731659794000000000
BEV2_2024-11-15_drive4.csv,BEV2_2024-11-15_park2.csv,parking sessions,1731660247000000000,1731660248000000000,1731668470000000000
BEV2_2024-11-15_drive5.csv,BEV2_2024-11-15_park3.csv,parking sessions,1731672893000000000,1731672894000000000,1731672902000000000
BEV2_2024-11-15_drive6.csv,BEV2_2024-11-15_park4.csv,parking sessions,1731693604000000000,1731693605000000000,1731693612000000000
BEV2_2024-11-15_drive7.csv,BEV2_2024-11-15_park5.csv,parking sessions,1731694408000000000,1731694409000000000,1731694423000000000
BEV2_2024-11-15_drive8.csv,BEV2_2024-11-15_drive7.csv,driving sessions,1731697723000000000,1731697724000000000,1731706404000000000
BEV2_2024-11-16_drive1.csv,BEV2_2024-11-15_drive8.csv,driving sessions,1731709239000000000,1731709240000000000,1731744593000000000
BEV2_2024-11-16_drive2.csv,BEV2_2024-11-16_drive1.csv,driving sessions,1731744997000000000,1731744998000000000,1731747173000000000
BEV2_2024-11-16_drive3.csv,BEV2_2024-11-16_drive2.csv,driving sessions,1731747774000000000,1731747775000000000,1731751706000000000
BEV2_2024-11-16_drive4.csv,BEV2_2024-11-16_drive3.csv,driving sessions,1731752411000000000,1731752412000000000,1731752631000000000
BEV2_2024-11-16_drive5.csv,BEV2_2024-11-16_drive4.csv,driving sessions,1731753045000000000,1731753046000000000,1731764914000000000
BEV2_2024-11-16_drive6.csv,BEV2_2024-11-16_park1.csv,parking sessions,1731775537000000000,1731775538000000000,1731775548000000000
BEV2_2024-11-16_drive7.csv,BEV2_2024-11-16_park2.csv,parking sessions,1731776931000000000,1731776932000000000,1731778019000000000
BEV2_2024-11-17_drive1.csv,BEV2_2024-11-17_park1.csv,parking sessions,1731844369000000000,1731844370000000000,1731844384000000000
BEV2_2024-11-17_drive2.csv,BEV2_2024-11-17_drive1.csv,driving sessions,1731844534000000000,1731844535000000000,1731874252000000000
BEV2_2024-11-18_drive1.csv,BEV2_2024-11-18_park1.csv,parking sessions,1731913471000000000,1731913472000000000,1731913483000000000
BEV2_2024-11-18_drive2.csv,BEV2_2024-11-18_drive1.csv,driving sessions,1731914310000000000,1731914311000000000,1731927066000000000
BEV2_2024-11-18_drive3.csv,BEV2_2024-11-18_drive2.csv,driving sessions,1731927681000000000,1731927682000000000,1731930046000000000
BEV2_2024-11-18_drive4.csv,BEV2_2024-11-18_park2.csv,parking sessions,1731948349000000000,1731948350000000000,1731948361000000000
BEV2_2024-11-19_drive1.csv,BEV2_2024-11-18_park3.csv,parking sessions,1731999401000000000,1731999402000000000,1731999409000000000
BEV2_2024-11-19_drive2.csv,BEV2_2024-11-19_park1.csv,parking sessions,1732000278000000000,1732000279000000000,1732037401000000000
BEV2_2024-11-20_drive1.csv,BEV2_2024-11-19_drive2.csv,driving sessions,1732038126000000000,1732038127000000000,1732083579000000000
BEV2_2024-11-20_drive2.csv,BEV2_2024-11-20_drive1.csv,driving sessions,1732084113000000000,1732084114000000000,1732093794000000000
BEV2_2024-11-20_drive3.csv,BEV2_2024-11-20_park1.csv,parking sessions,1732110322000000000,1732110323000000000,1732110329000000000
BEV2_2024-11-20_drive4.csv,BEV2_2024-11-20_park2.csv,parking sessions,1732122281000000000,1732122282000000000,1732122292000000000
BEV2_2024-11-21_drive1.csv,BEV2_2024-11-20_drive4.csv,driving sessions,1732122883000000000,1732122884000000000,1732188487000000000
BEV2_2024-11-21_drive2.csv,BEV2_2024-11-21_park1.csv,parking sessions,1732208872000000000,1732208873000000000,1732208880000000000
BEV2_2024-11-21_drive3.csv,BEV2_2024-11-21_drive2.csv,driving sessions,1732209370000000000,1732209371000000000,1732209519000000000
BEV2_2024-11-21_drive4.csv,BEV2_2024-11-21_drive3.csv,driving sessions,1732209796000000000,1732209797000000000,1732209897000000000
BEV2_2024-11-21_drive5.csv,BEV2_2024-11-21_drive4.csv,driving sessions,1732210596000000000,1732210597000000000,1732210816000000000
BEV2_2024-11-21_drive6.csv,BEV2_2024-11-21_drive5.csv,driving sessions,1732211076000000000,1732211077000000000,1732216483000000000
BEV2_2024-11-21_drive7.csv,BEV2_2024-11-21_drive6.csv,driving sessions,1732217429000000000,1732217430000000000,1732229252000000000
BEV2_2024-11-22_drive1.csv,BEV2_2024-11-21_park2.csv,parking sessions,1732229691000000000,1732229692000000000,1732255254000000000
BEV2_2024-11-22_drive2.csv,BEV2_2024-11-22_park1.csv,parking sessions,1732266078000000000,1732266079000000000,1732266086000000000
BEV2_2024-11-22_drive3.csv,BEV2_2024-11-22_park3.csv,parking sessions,1732270247000000000,1732270248000000000,1732270259000000000
BEV2_2024-11-23_drive1.csv,BEV2_2024-11-22_park5.csv,parking sessions,1732297631000000000,1732297632000000000,1732352075000000000
BEV2_2024-11-23_drive2.csv,BEV2_2024-11-23_drive1.csv,driving sessions,1732353117000000000,1732353118000000000,1732375822000000000
BEV2_2024-11-23_drive3.csv,BEV2_2024-11-23_drive2.csv,driving sessions,1732375986000000000,1732375987000000000,1732380469000000000
BEV2_2024-11-24_drive1.csv,BEV2_2024-11-23_drive3.csv,driving sessions,1732380719000000000,1732380720000000000,1732454730000000000
BEV2_2024-11-24_drive2.csv,BEV2_2024-11-24_fast_1.csv,fast charging sessions,1732469714000000000,1732469715000000000,1732469726000000000
BEV2_2024-11-26_drive1.csv,BEV2_2024-11-24_drive2.csv,driving sessions,1732474520000000000,1732474521000000000,1732621462000000000
BEV2_2024-11-26_drive2.csv,BEV2_2024-11-26_drive1.csv,driving sessions,1732622430000000000,1732622431000000000,1732639215000000000
BEV2_2024-11-27_drive1.csv,BEV2_2024-11-27_park1.csv,parking sessions,1732692373000000000,1732692374000000000,1732692400000000000
BEV2_2024-11-27_drive2.csv,BEV2_2024-11-27_park2.csv,parking sessions,1732692934000000000,1732692935000000000,1732693227000000000
BEV2_2024-11-27_drive3.csv,BEV2_2024-11-27_park3.csv,parking sessions,1732718332000000000,1732718333000000000,1732718343000000000
BEV2_2024-11-27_drive4.csv,BEV2_2024-11-27_drive3.csv,driving sessions,1732718746000000000,1732718747000000000,1732727287000000000
BEV2_2024-11-27_drive5.csv,BEV2_2024-11-27_park4.csv,parking sessions,1732736877000000000,1732736878000000000,1732736890000000000
BEV2_2024-11-28_drive1.csv,BEV2_2024-11-27_park5.csv,parking sessions,1732776490000000000,1732776491000000000,1732776501000000000
BEV2_2024-11-28_drive2.csv,BEV2_2024-11-28_park1.csv,parking sessions,1732791442000000000,1732791443000000000,1732791449000000000
BEV2_2024-11-28_drive3.csv,BEV2_2024-11-28_park3.csv,parking sessions,1732807405000000000,1732807406000000000,1732807412000000000
BEV2_2024-11-28_drive4.csv,BEV2_2024-11-28_park4.csv,parking sessions,1732810989000000000,1732810990000000000,1732814249000000000
BEV2_2024-11-29_drive1.csv,BEV2_2024-11-29_park1.csv,parking sessions,1732863868000000000,1732863869000000000,1732864051000000000
BEV2_2024-11-29_drive2.csv,BEV2_2024-11-29_park2.csv,parking sessions,1732883108000000000,1732883109000000000,1732883121000000000
BEV2_2024-11-29_drive3.csv,BEV2_2024-11-29_park3.csv,parking sessions,1732904640000000000,1732904641000000000,1732904648000000000
BEV2_2024-11-29_drive4.csv,BEV2_2024-11-29_park4.csv,parking sessions,1732911575000000000,1732911576000000000,1732911643000000000
BEV2_2024-11-29_drive5.csv,BEV2_2024-11-29_drive4.csv,driving sessions,1732912492000000000,1732912493000000000,1732912605000000000
BEV2_2024-11-30_drive1.csv,BEV2_2024-11-29_drive5.csv,driving sessions,1732912892000000000,1732912893000000000,1732958978000000000
BEV2_2024-11-30_drive2.csv,BEV2_2024-11-30_park1.csv,parking sessions,1732964535000000000,1732964536000000000,1732965683000000000
BEV2_2024-11-30_drive3.csv,BEV2_2024-11-30_park2.csv,parking sessions,1732974661000000000,1732974662000000000,1732974669000000000
BEV2_2024-11-30_drive4.csv,BEV2_2024-11-30_drive3.csv,driving sessions,1732975186000000000,1732975187000000000,1732975335000000000
BEV2_2024-11-30_drive5.csv,BEV2_2024-11-30_park3.csv,parking sessions,1732978724000000000,1732978725000000000,1732982406000000000
BEV2_2024-11-30_drive6.csv,BEV2_2024-11-30_park4.csv,parking sessions,1732984457000000000,1732984458000000000,1732984474000000000
BEV2_2024-11-30_drive7.csv,BEV2_2024-11-30_park5.csv,parking sessions,1732987789000000000,1732987790000000000,1732987798000000000
BEV2_2024-12-01_drive1.csv,BEV2_2024-11-30_drive7.csv,driving sessions,1732989848000000000,1732989849000000000,1733042059000000000
BEV2_2024-12-01_drive2.csv,BEV2_2024-12-01_drive1.csv,driving sessions,1733042740000000000,1733042741000000000,1733042995000000000
BEV2_2024-12-01_drive3.csv,BEV2_2024-12-01_park1.csv,parking sessions,1733044877000000000,1733044878000000000,1733044886000000000
BEV2_2024-12-01_drive4.csv,BEV2_2024-12-01_park2.csv,parking sessions,1733045786000000000,1733045787000000000,1733048240000000000
BEV2_2024-12-01_drive5.csv,BEV2_2024-12-01_park4.csv,parking sessions,1733052775000000000,1733052776000000000,1733052783000000000
BEV2_2024-12-01_drive6.csv,BEV2_2024-12-01_park6.csv,parking sessions,1733063512000000000,1733063513000000000,1733063519000000000
BEV2_2024-12-01_drive7.csv,BEV2_2024-12-01_drive6.csv,driving sessions,1733064181000000000,1733064182000000000,1733079680000000000
BEV2_2024-12-01_drive8.csv,BEV2_2024-12_01_park.csv,parking sessions,1733080871000000000,1733080872000000000,1733080982000000000
BEV2_2024-12-08_drive1.csv,BEV2_2024-12_01_park.csv,parking sessions,1733647825000000000,1733647826000000000,1733650584000000000
BEV2_2024-12-08_drive2.csv,BEV2_2024-12-08_1_slow.csv,slow charging sessions,1733651309000000000,1733651310000000000,1733653082000000000
BEV2_2024-12-08_drive3.csv,BEV2_2024-12-08_drive2.csv,driving sessions,1733653503000000000,1733653504000000000,1733656988000000000
BEV2_2024-12-08_drive4.csv,BEV2_2024-12-08_park1.csv,parking sessions,1733664632000000000,1733664633000000000,1733664640000000000
BEV2_2024-12-08_drive5.csv,BEV2_2024-12-08_drive4.csv,driving sessions,1733667943000000000,1733667944000000000,1733669405000000000
BEV2_2024-12-08_drive6.csv,BEV2_2024-12-08_park2.csv,parking sessions,1733674012000000000,1733674013000000000,1733674034000000000
BEV2_2024-12-09_drive1.csv,BEV2_2024-12-09_park1.csv,parking sessions,1733726699000000000,1733726700000000000,1733726707000000000
BEV2_2024-12-09_drive2.csv,BEV2_2024-12-09_park2.csv,parking sessions,1733741570000000000,1733741571000000000,1733741585000000000
BEV2_2024-12-09_drive3.csv,BEV2_2024-12-09_park3.csv,parking sessions,1733746005000000000,1733746006000000000,1733746012000000000
BEV2_2024-12-09_drive4.csv,BEV2_2024-12-09_park4.csv,parking sessions,1733761905000000000,1733761906000000000,1733761911000000000
BEV2_2024-12-09_drive5.csv,BEV2_2024-12-09_drive4.csv,driving sessions,1733763211000000000,1733763212000000000,1733776396000000000
BEV2_2024-12-09_drive6.csv,BEV2_2024-12-09_park5.csv,parking sessions,1733777057000000000,1733777058000000000,1733778195000000000
BEV2_2024-12-10_drive1.csv,BEV2_2024-12-09_drive6.csv,driving sessions,1733779958000000000,1733779959000000000,1733813080000000000
BEV2_2024-12-10_drive2.csv,BEV2_2024-12-10_drive1.csv,driving sessions,1733814058000000000,1733814059000000000,1733851504000000000
BEV2_2024-12-10_drive3.csv,BEV2_2024-12-10_park1.csv,parking sessions,1733852402000000000,1733852403000000000,1733852413000000000
BEV2_2024-12-11_drive1.csv,BEV2_2024-12-10_park2.csv,parking sessions,1733900022000000000,1733900023000000000,1733900033000000000
BEV2_2024-12-11_drive2.csv,BEV2_2024-12-11_park1.csv,parking sessions,1733901074000000000,1733901075000000000,1733936541000000000
BEV2_2024-12-12_drive1.csv,BEV2_2024-12-12_park1.csv,parking sessions,1733985821000000000,1733985822000000000,1733985837000000000
BEV2_2024-12-12_drive2.csv,BEV2_2024-12-12_park3.csv,parking sessions,1734001302000000000,1734001303000000000,1734001314000000000
BEV2_2024-12-12_drive3.csv,BEV2_2024-12-12_park4.csv,parking sessions,1734017263000000000,1734017264000000000,1734017271000000000
BEV2_2024-12-13_drive1.csv,BEV2_2024-12-13_park1.csv,parking sessions,1734072416000000000,1734072417000000000,1734072427000000000
BEV2_2024-12-13_drive2.csv,BEV2_2024-12-13_park2.csv,parking sessions,1734074451000000000,1734074452000000000,1734110885000000000
BEV2_2024-12-13_drive4.csv,BEV2_2024-12-13_drive3.csv,driving sessions,1734116296000000000,1734116297000000000,1734127130000000000
BEV2_2024-12-14_drive1.csv,BEV2_2024-12-13_drive4.csv,driving sessions,1734128004000000000,1734128005000000000,1734167209000000000
BEV2_2024-12-14_drive2.csv,BEV2_2024-12-14_drive1.csv,driving sessions,1734168410000000000,1734168411000000000,1734178450000000000
BEV2_2024-12-14_drive3.csv,BEV2_2024-12-14_drive2.csv,driving sessions,1734179615000000000,1734179616000000000,1734184576000000000
BEV2_2024-12-14_drive4.csv,BEV2_2024-12-14_drive3.csv,driving sessions,1734187499000000000,1734187500000000000,1734194630000000000
BEV2_2024-12-14_drive5.csv,BEV2_2024-12-14_drive4.csv,driving sessions,1734195953000000000,1734195954000000000,1734198592000000000
BEV2_2024-12-14_drive6.csv,BEV2_2024-12-14_drive5.csv,driving sessions,1734199804000000000,1734199805000000000,1734206852000000000
BEV2_2024-12-15_drive1.csv,BEV2_2024-12-14_drive6.csv,driving sessions,1734207796000000000,1734207797000000000,1734252941000000000
BEV2_2024-12-15_drive2.csv,BEV2_2024-12-15_park1.csv,parking sessions,1734255598000000000,1734255599000000000,1734255800000000000
BEV2_2024-12-15_drive3.csv,BEV2_2024-12-15_park2.csv,parking sessions,1734268076000000000,1734268077000000000,1734268083000000000
BEV2_2024-12-15_drive4.csv,BEV2_2024-12-15_park4.csv,parking sessions,1734279298000000000,1734279299000000000,1734279305000000000
BEV2_2024-12-15_drive5.csv,BEV2_2024-12-15_park5.csv,parking sessions,1734283231000000000,1734283232000000000,1734290627000000000
BEV2_2024-12-15_drive6.csv,BEV2_2024-12-15_park6.csv,parking sessions,1734292382000000000,1734292383000000000,1734292393000000000
BEV2_2024-12-15_drive7.csv,BEV2_2024-12-15_drive6.csv,driving sessions,1734294048000000000,1734294049000000000,1734305677000000000
BEV2_2024-12-16_drive1.csv,BEV2_2024-12-16_park1.csv,parking sessions,1734332144000000000,1734332145000000000,1734332155000000000
BEV2_2024-12-17_drive1.csv,BEV2_2024-12-16_drive2.csv,driving sessions,1734366182000000000,1734366183000000000,1734453174000000000
BEV2_2024-12-19_drive2.csv,BEV2_2024-12-19_drive1.csv,driving sessions,1734605010000000000,1734605011000000000,1734632471000000000
BEV2_2024-12-20_drive1.csv,BEV2_2024-12-19_drive2.csv,driving sessions,1734633761000000000,1734633762000000000,1734718994000000000
BEV2_2024-12-22_drive1.csv,BEV2_2024-12-21_drive1.csv,driving sessions,1734776546000000000,1734776547000000000,1734893218000000000
BEV2_2024-12-23_drive1.csv,BEV2_2024-12-22_drive1.csv,driving sessions,1734893679000000000,1734893680000000000,1734941689000000000
BEV2_2024-12-23_drive2.csv,BEV2_2024-12-23_drive1.csv,driving sessions,1734945986000000000,1734945987000000000,1734980508000000000
BEV2_2024-12-24_drive1.csv,BEV2_2024-12-23_slow.csv,slow charging sessions,1734982231000000000,1734982232000000000,1735052817000000000
BEV2_2024-12-24_drive2.csv,BEV2_2024-12-24_drive1.csv,driving sessions,1735054025000000000,1735054026000000000,1735062271000000000
BEV2_2024-12-26_drive1.csv,BEV2_2024-12-24_drive2.csv,driving sessions,1735062403000000000,1735062404000000000,1735221611000000000
BEV2_2024-12-27_drive1.csv,BEV2_2024-12-26_park1.csv,parking sessions,1735239198000000000,1735239199000000000,1735329424000000000
BEV2_2024-12-28_drive1.csv,BEV2_2024-12-27_drive1.csv,driving sessions,1735333625000000000,1735333626000000000,1735376937000000000
BEV2_2024-12-28_drive2.csv,BEV2_2024-12-28_drive1.csv,driving sessions,1735377389000000000,1735377390000000000,1735396889000000000
BEV2_2024-12-31_drive1.csv,BEV2_2024-12-28_drive2.csv,driving sessions,1735397074000000000,1735397075000000000,1735631887000000000
BEV2_2024-12-31_drive2.csv,BEV2_2024-12-31_drive1.csv,driving sessions,1735634752000000000,1735634753000000000,1735646968000000000
BEV2_2024-12-31_drive3.csv,BEV2_2024-12-31_drive2.csv,driving sessions,1735650425000000000,1735650426000000000,1735652706000000000
BEV2_2024-12-31_drive4.csv,BEV2_2024-12-31_drive3.csv,driving sessions,1735654442000000000,1735654443000000000,1735656932000000000
BEV2_2024-12-31_drive5.csv,BEV2_2024-12-31_drive4.csv,driving sessions,1735657186000000000,1735657187000000000,1735659824000000000
BEV2_2025-01-01_drive1.csv,BEV2_2024-12-31_drive5.csv,driving sessions,1735660014000000000,1735660015000000000,1735759419000000000
BEV2_2025-01-01_drive2.csv,BEV2_2025-01-01_drive1.csv,driving sessions,1735759732000000000,1735759733000000000,1735761282000000000
BEV2_2025-01-02_drive1.csv,BEV2_2025-01-01_drive2.csv,driving sessions,1735762369000000000,1735762370000000000,1735817798000000000
BEV2_2025-01-02_drive2.csv,BEV2_2025-01-02_drive1.csv,driving sessions,1735818033000000000,1735818034000000000,1735822452000000000
BEV2_2025-01-03_drive1.csv,BEV2_2025-01-02_drive3.csv,driving sessions,1735858246000000000,1735858247000000000,1735913723000000000
BEV2_2025-01-03_drive2.csv,BEV2_2025-01-03_drive1.csv,driving sessions,1735915182000000000,1735915183000000000,1735946621000000000
BEV2_2025-01-04_drive1.csv,BEV2_2025-01-03_drive2.csv,driving sessions,1735947465000000000,1735947466000000000,1735973769000000000
BEV2_2025-01-04_drive2.csv,BEV2_2025-01-04_drive1.csv,driving sessions,1735976376000000000,1735976377000000000,1735992720000000000
BEV2_2025-01-04_drive3.csv,BEV2_2025-01-04_drive2.csv,driving sessions,1735992965000000000,1735992966000000000,1736011555000000000
BEV2_2025-01-04_drive4.csv,BEV2_2025-01-04_drive3.csv,driving sessions,1736011898000000000,1736011899000000000,1736029114000000000
BEV2_2025-01-05_drive1.csv,BEV2_2025-01-04_drive4.csv,driving sessions,1736030519000000000,1736030520000000000,1736099469000000000
BEV2_2025-01-05_drive2.csv,BEV2_2025-01-05_drive1.csv,driving sessions,1736099791000000000,1736099792000000000,1736111842000000000
BEV2_2025-01-05_drive3.csv,BEV2_2025-01-05_drive2.csv,driving sessions,1736112057000000000,1736112058000000000,1736113974000000000
BEV2_2025-01-05_drive4.csv,BEV2_2025-01-05_drive3.csv,driving sessions,1736114896000000000,1736114897000000000,1736116323000000000
BEV2_2025-01-07_drive1.csv,BEV2_2025-01-05_drive4.csv,driving sessions,1736117320000000000,1736117321000000000,1736280250000000000
BEV2_2025-01-09_drive1.csv,BEV2_2025-01-07_drive1.csv,driving sessions,1736280733000000000,1736280734000000000,1736407578000000000
BEV2_2025-01-09_drive2.csv,BEV2_2025-01-09_drive1.csv,driving sessions,1736408010000000000,1736408011000000000,1736422879000000000
BEV2_2025-01-09_drive5.csv,BEV2_2025-01-09_drive4.csv,driving sessions,1736442270000000000,1736442271000000000,1736446364000000000
BEV2_2025-01-10_drive1.csv,BEV2_2025-01-09_drive5.csv,driving sessions,1736446665000000000,1736446666000000000,1736529887000000000
BEV2_2025-01-11_drive1.csv,BEV2_2025-01-10_drive1.csv,driving sessions,1736530176000000000,1736530177000000000,1736602300000000000
BEV2_2025-01-11_drive2.csv,BEV2_2025-01-11_drive1.csv,driving sessions,1736607411000000000,1736607412000000000,1736613579000000000
BEV2_2025-01-12_drive1.csv,BEV2_2025-01-12_slow.csv,slow charging sessions,1736671105000000000,1736671106000000000,1736671107000000000
BEV2_2025-01-12_drive2.csv,BEV2_2025-01-12_drive1.csv,driving sessions,1736672575000000000,1736672576000000000,1736704125000000000
BEV2_2025-01-12_drive3.csv,BEV2_2025-01-12_drive2.csv,driving sessions,1736705213000000000,1736705214000000000,1736710262000000000
BEV2_2025-01-15_drive1.csv,BEV2_2025-01-12_drive3.csv,driving sessions,1736710366000000000,1736710367000000000,1736947930000000000
BEV2_2025-01-16_drive1.csv,BEV2_2025-01-15_drive2.csv,driving sessions,1736968502000000000,1736968503000000000,1737057515000000000
BEV2_2025-01-17_drive1.csv,BEV2_2025-01-16_drive1.csv,driving sessions,1737062687000000000,1737062688000000000,1737097703000000000
BEV2_2025-01-17_drive2.csv,BEV2_2025-01-17_drive1.csv,driving sessions,1737100539000000000,1737100540000000000,1737131488000000000
BEV2_2025-01-18_drive1.csv,BEV2_2025-01-17_drive2.csv,driving sessions,1737134925000000000,1737134926000000000,1737187258000000000
BEV2_2025-01-20_drive1.csv,BEV2_2025-01-18_drive1.csv,driving sessions,1737188536000000000,1737188537000000000,1737369613000000000
BEV2_2025-01-22_drive1.csv,BEV2_2025-01-20_drive1.csv,driving sessions,1737369846000000000,1737369847000000000,1737531140000000000
BEV2_2025-01-22_drive2.csv,BEV2_2025-01-22_drive1.csv,driving sessions,1737532883000000000,1737532884000000000,1737563763000000000
BEV2_2025-01-24_drive1.csv,BEV2_2025-01-22_drive2.csv,driving sessions,1737565516000000000,1737565517000000000,1737702986000000000
BEV2_2025-01-24_drive2.csv,BEV2_2025-01-24_drive1.csv,driving sessions,1737707807000000000,1737707808000000000,1737725478000000000
BEV2_2025-01-25_drive2.csv,BEV2_2025-01-25_drive1.csv,driving sessions,1737806204000000000,1737806205000000000,1737823924000000000
BEV2_2025-01-27_drive1.csv,BEV2_2025-01-25_drive2.csv,driving sessions,1737824707000000000,1737824708000000000,1737960874000000000
BEV2_2025-01-27_drive2.csv,BEV2_2025-01-27_drive1.csv,driving sessions,1737962226000000000,1737962227000000000,1737991091000000000
BEV2_2025-01-29_drive1.csv,BEV2_2025-01-27_drive2.csv,driving sessions,1737992597000000000,1737992598000000000,1738135456000000000
BEV2_2025-01-29_drive2.csv,BEV2_2025-01-29_park1.csv,parking sessions,1738161523000000000,1738161524000000000,1738161530000000000
BEV2_2025-01-30_drive1.csv,BEV2_2025-01-29_park2.csv,parking sessions,1738165062000000000,1738165063000000000,1738243455000000000
BEV2_2025-01-30_drive2.csv,BEV2_2025-01-30_drive1.csv,driving sessions,1738246825000000000,1738246826000000000,1738250136000000000
BEV2_2025-01-30_drive3.csv,BEV2_2025-01-30_park1.csv,parking sessions,1738257658000000000,1738257659000000000,1738257672000000000
BEV2_2025-01-31_drive1.csv,BEV2_2025-01-31_park1.csv,parking sessions,1738286500000000000,1738286501000000000,1738322518000000000
BEV2_2025-01-31_drive2.csv,BEV2_2025-01-31_park2.csv,parking sessions,1738337307000000000,1738337308000000000,1738337314000000000
BEV2_2025-01-31_drive3.csv,BEV2_2025-01-31_park3.csv,parking sessions,1738342570000000000,1738342571000000000,1738342577000000000
BEV2_2025-02-01_drive1.csv,BEV2_2025-01-31_park4.csv,parking sessions,1738416126000000000,1738416127000000000,1738416133000000000
BEV2_2025-02-01_drive2.csv,BEV2_2025-02-01_drive1.csv,driving sessions,1738416434000000000,1738416435000000000,1738432075000000000
BEV2_2025-02-01_drive3.csv,BEV2_2025-02-01_drive2.csv,driving sessions,1738432576000000000,1738432577000000000,1738432669000000000
BEV2_2025-02-01_drive4.csv,BEV2_2025-02-01_drive3.csv,driving sessions,1738433001000000000,1738433002000000000,1738435067000000000
BEV2_2025-02-01_drive5.csv,BEV2_2025-02-01_park1.csv,parking sessions,1738441251000000000,1738441252000000000,1738441386000000000
BEV2_2025-02-01_drive6.csv,BEV2_2025-02-01_drive5.csv,driving sessions,1738441693000000000,1738441694000000000,1738452646000000000
BEV2_2025-02-02_drive1.csv,BEV2_2025-02-01_park2.csv,parking sessions,1738452989000000000,1738452990000000000,1738485227000000000
BEV2_2025-02-02_drive2.csv,BEV2_2025-02-02_drive1.csv,driving sessions,1738485950000000000,1738485951000000000,1738491218000000000
BEV2_2025-02-02_drive3.csv,BEV2_2025-02-02_park1.csv,parking sessions,1738504008000000000,1738504009000000000,1738504016000000000
BEV2_2025-02-02_drive4.csv,BEV2_2025-02-02_drive3.csv,driving sessions,1738504460000000000,1738504461000000000,1738518841000000000
BEV2_2025-02-02_drive5.csv,BEV2_2025-02-02_park2.csv,parking sessions,1738519258000000000,1738519259000000000,1738519277000000000
BEV2_2025-02-02_drive6.csv,BEV2_2025-02-02_park3.csv,parking sessions,1738521753000000000,1738521754000000000,1738521760000000000
BEV2_2025-02-02_drive7.csv,BEV2_2025-02-02_park4.csv,parking sessions,1738525291000000000,1738525292000000000,1738525424000000000
BEV2_2025-02-02_drive8.csv,BEV2_2025-02-02_drive7.csv,driving sessions,1738525698000000000,1738525699000000000,1738536072000000000
BEV2_2025-02-03_drive1.csv,BEV2_2025-02-02_drive8.csv,driving sessions,1738536439000000000,1738536440000000000,1738561096000000000
BEV2_2025-02-03_drive2.csv,BEV2_2025-02-03_park1.csv,parking sessions,1738562931000000000,1738562932000000000,1738562955000000000
BEV2_2025-02-03_drive3.csv,BEV2_2025-02-03_drive2.csv,driving sessions,1738562969000000000,1738562970000000000,1738563584000000000
BEV2_2025-02-03_drive4.csv,BEV2_2025-02-03_park2.csv,parking sessions,1738571746000000000,1738571747000000000,1738571754000000000
BEV2_2025-02-03_drive5.csv,BEV2_2025-02-03_park2.csv,parking sessions,1738598861000000000,1738598862000000000,1738598872000000000
BEV2_2025-02-03_drive6.csv,BEV2_2025-02-03_park3.csv,parking sessions,1738599465000000000,1738599466000000000,1738611540000000000
BEV2_2025-02-03_drive7.csv,BEV2_2025-02-03_park4.csv,parking sessions,1738612526000000000,1738612527000000000,1738625174000000000
BEV2_2025-02-04_drive1.csv,BEV2_2025-02-03_drive7.csv,driving sessions,1738625517000000000,1738625518000000000,1738650985000000000
BEV2_2025-02-04_drive2.csv,BEV2_2025-02-04_drive1.csv,driving sessions,1738651593000000000,1738651594000000000,1738653409000000000
BEV2_2025-02-04_drive3.csv,BEV2_2025-02-04_slow.csv,slow charging sessions,1738657022000000000,1738657023000000000,1738676140000000000
BEV2_2025-02-04_drive4.csv,BEV2_2025-02-04_park1.csv,parking sessions,1738678478000000000,1738678479000000000,1738685614000000000
BEV2_2025-02-05_drive1.csv,BEV2_2025-02-04_drive4.csv,driving sessions,1738686318000000000,1738686319000000000,1738749889000000000
BEV2_2025-02-05_drive2.csv,BEV2_2025-02-05_drive1.csv,driving sessions,1738752032000000000,1738752033000000000,1738773960000000000
BEV2_2025-02-06_drive1.csv,BEV2_2025-02-05_drive2.csv,driving sessions,1738776372000000000,1738776373000000000,1738825518000000000
BEV2_2025-02-06_drive2.csv,BEV2_2025-02-06_drive1.csv,driving sessions,1738829022000000000,1738829023000000000,1738859082000000000
BEV2_2025-02-07_drive1.csv,BEV2_2025-02-06_drive2.csv,driving sessions,1738861632000000000,1738861633000000000,1738934984000000000
BEV2_2025-02-07_drive2.csv,BEV2_2025-02-07_drive1.csv,driving sessions,1738937599000000000,1738937600000000000,1738939328000000000
BEV2_2025-02-07_drive3.csv,BEV2_2025-02-07_drive2.csv,driving sessions,1738939413000000000,1738939414000000000,1738944818000000000
BEV2_2025-02-09_drive1.csv,BEV2_2025-02-07_drive3.csv,driving sessions,1738946942000000000,1738946943000000000,1739129408000000000
BEV2_2025-02-11_drive1.csv,BEV2_2025-02-10_drive1.csv,driving sessions,1739179908000000000,1739179909000000000,1739254221000000000
BEV2_2025-02-11_drive2.csv,BEV2_2025-02-11_drive1.csv,driving sessions,1739256822000000000,1739256823000000000,1739304605000000000
BEV2_2025-02-12_drive1.csv,BEV2_2025-02-11_drive2.csv,driving sessions,1739306256000000000,1739306257000000000,1739342719000000000
BEV2_2025-02-12_drive2.csv,BEV2_2025-02-12_drive1.csv,driving sessions,1739344962000000000,1739344963000000000,1739380256000000000
BEV2_2025-02-12_drive3.csv,BEV2_2025-02-12_drive2.csv,driving sessions,1739382669000000000,1739382670000000000,1739392706000000000
BEV2_2025-02-14_drive1.csv,BEV2_2025-02-12_drive3.csv,driving sessions,1739393483000000000,1739393484000000000,1739546740000000000
BEV2_2025-02-14_drive2.csv,BEV2_2025-02-14_park1.csv,parking sessions,1739548234000000000,1739548235000000000,1739549228000000000
BEV2_2025-02-15_drive1.csv,BEV2_2025-02-15_park1.csv,parking sessions,1739609063000000000,1739609064000000000,1739609070000000000
BEV2_2025-02-15_drive2.csv,BEV2_2025-02-15_drive1.csv,driving sessions,1739609763000000000,1739609764000000000,1739613377000000000
BEV2_2025-02-15_drive3.csv,BEV2_2025-02-15_drive2.csv,driving sessions,1739613588000000000,1739613589000000000,1739623969000000000
BEV2_2025-02-15_drive4.csv,BEV2_2025-02-15_drive3.csv,driving sessions,1739624203000000000,1739624204000000000,1739639371000000000
BEV2_2025-02-15_drive5.csv,BEV2_2025-02-15_drive4.csv,driving sessions,1739640048000000000,1739640049000000000,1739643436000000000
BEV2_2025-02-15_drive6.csv,BEV2_2025-02-15_park2.csv,parking sessions,1739651451000000000,1739651452000000000,1739653576000000000
BEV2_2025-02-16_drive1.csv,BEV2_2025-02-16_park1.csv,parking sessions,1739670735000000000,1739670736000000000,1739696593000000000
BEV2_2025-02-16_drive2.csv,BEV2_2025-02-16_drive1.csv,driving sessions,1739697129000000000,1739697130000000000,1739704038000000000
BEV2_2025-02-16_drive3.csv,BEV2_2025-02-16_park2.csv,parking sessions,1739710214000000000,1739710215000000000,1739710222000000000
BEV2_2025-02-16_drive4.csv,BEV2_2025-02-16_drive3.csv,driving sessions,1739717216000000000,1739717217000000000,1739722156000000000
BEV2_2025-02-16_drive6.csv,BEV2_2025-02-16_fast_2.csv,fast charging sessions,1739730000000000000,1739730001000000000,1739730989000000000
BEV2_2025-02-16_drive7.csv,BEV2_2025-02-16_park4.csv,parking sessions,1739737408000000000,1739737409000000000,1739737422000000000
BEV2_2025-02-16_drive8.csv,BEV2_2025-02-16_drive7.csv,driving sessions,1739738148000000000,1739738149000000000,1739738732000000000
BEV2_2025-02-17_drive1.csv,BEV2_2025-02-16_drive8.csv,driving sessions,1739739177000000000,1739739178000000000,1739774473000000000
BEV2_2025-02-17_drive2.csv,BEV2_2025-02-17_park1.csv,parking sessions,1739775146000000000,1739775147000000000,1739791546000000000
BEV2_2025-02-17_drive3.csv,BEV2_2025-02-17_drive2.csv,driving sessions,1739793251000000000,1739793252000000000,1739800547000000000
BEV2_2025-02-19_drive1.csv,BEV2_2025-02-17_drive3.csv,driving sessions,1739800769000000000,1739800770000000000,1739955511000000000
BEV2_2025-02-19_drive2.csv,BEV2_2025-02-19_drive1.csv,driving sessions,1739957542000000000,1739957543000000000,1739981221000000000
BEV2_2025-02-21_drive1.csv,BEV2_2025-02-19_drive2.csv,driving sessions,1739983198000000000,1739983199000000000,1740160362000000000
BEV2_2025-02-22_drive1.csv,BEV2_2025-02-21_drive1.csv,driving sessions,1740161575000000000,1740161576000000000,1740220903000000000
BEV2_2025-02-23_drive1.csv,BEV2_2025-02-22_drive1.csv,driving sessions,1740222253000000000,1740222254000000000,1740299871000000000
BEV2_2025-02-24_drive1.csv,BEV2_2025-02-23_drive1.csv,driving sessions,1740300108000000000,1740300109000000000,1740409855000000000
BEV2_2025-02-24_drive2.csv,BEV2_2025-02-24_drive1.csv,driving sessions,1740410225000000000,1740410226000000000,1740411573000000000
BEV2_2025-02-26_drive1.csv,BEV2_2025-02-24_drive2.csv,driving sessions,1740411604000000000,1740411605000000000,1740555994000000000
BEV2_2025-02-26_drive2.csv,BEV2_2025-02-26_park1.csv,parking sessions,1740590650000000000,1740590651000000000,1740590656000000000
BEV2_2025-02-27_drive1.csv,BEV2_2025-02-26_drive2.csv,driving sessions,1740593895000000000,1740593896000000000,1740638394000000000
BEV2_2025-02-27_drive2.csv,BEV2_2025-02-27_drive1.csv,driving sessions,1740638633000000000,1740638634000000000,1740639087000000000
BEV2_2025-02-27_drive3.csv,BEV2_2025-02-27_park1.csv,parking sessions,1740640681000000000,1740640682000000000,1740675276000000000
BEV2_2025-02-27_drive4.csv,BEV2_2025-02-27_drive3.csv,driving sessions,1740676222000000000,1740676223000000000,1740676450000000000
BEV2_2025-02-28_drive1.csv,BEV2_2025-02-27_drive4.csv,driving sessions,1740677072000000000,1740677073000000000,1740725602000000000
BEV2_2025-02-28_drive2.csv,BEV2_2025-02-28_drive1.csv,driving sessions,1740726228000000000,1740726229000000000,1740732917000000000
BEV2_2025-02-28_drive3.csv,BEV2_2025-02-28_drive2.csv,driving sessions,1740733457000000000,1740733458000000000,1740733557000000000
BEV2_2025-02-28_drive4.csv,BEV2_2025-02-28_park1.csv,parking sessions,1740740538000000000,1740740539000000000,1740740548000000000
BEV2_2025-02-28_drive5.csv,BEV2_2025-02-28_drive4.csv,driving sessions,1740740889000000000,1740740890000000000,1740767574000000000
BEV2_2025-03-02_drive1.csv,BEV2_2025-02-28_park2.csv,parking sessions,1740768176000000000,1740768177000000000,1740906978000000000
BEV2_2025-03-02_drive2.csv,BEV2_2025-03-02_park1.csv,parking sessions,1740908304000000000,1740908305000000000,1740908387000000000
BEV2_2025-03-02_drive3.csv,BEV2_2025-03-02_drive2.csv,driving sessions,1740908752000000000,1740908753000000000,1740919394000000000
BEV2_2025-03-02_drive4.csv,BEV2_2025-03-02_drive3.csv,driving sessions,1740924325000000000,1740924326000000000,1740925108000000000
BEV2_2025-03-02_drive5.csv,BEV2_2025-03-02_park2.csv,parking sessions,1740930972000000000,1740930973000000000,1740937347000000000
BEV2_2025-03-02_drive6.csv,BEV2_2025-03-02_park3.csv,parking sessions,1740938046000000000,1740938047000000000,1740953576000000000
BEV2_2025-03-03_drive1.csv,BEV2_2025-03-03_park1.csv,parking sessions,1740984548000000000,1740984549000000000,1740984557000000000
BEV2_2025-03-03_drive2.csv,BEV2_2025-03-03_drive1.csv,driving sessions,1740985041000000000,1740985042000000000,1741022298000000000
BEV2_2025-03-04_drive1.csv,BEV2_2025-03-04_park1.csv,parking sessions,1741057971000000000,1741057972000000000,1741057981000000000
BEV2_2025-03-06_drive1.csv,BEV2_2025-03-06_park1.csv,parking sessions,1741281282000000000,1741281283000000000,1741281289000000000
BEV2_2025-03-07_drive1.csv,BEV2_2025-03-06_drive1.csv,driving sessions,1741283113000000000,1741283114000000000,1741331770000000000
BEV2_2025-03-07_drive2.csv,BEV2_2025-03-07_park1.csv,parking sessions,1741332455000000000,1741332456000000000,1741356613000000000
BEV2_2025-03-07_drive3.csv,BEV2_2025-03-07_park2.csv,parking sessions,1741365833000000000,1741365834000000000,1741365840000000000
BEV2_2025-03-07_drive4.csv,BEV2_2025-03-07_park3.csv,parking sessions,1741366141000000000,1741366142000000000,1741366148000000000
BEV2_2025-03-07_drive5.csv,BEV2_2025-03-07_drive4.csv,driving sessions,1741366921000000000,1741366922000000000,1741368516000000000
BEV2_2025-03-07_drive6.csv,BEV2_2025-03-07_drive5.csv,driving sessions,1741368953000000000,1741368954000000000,1741369616000000000
BEV2_2025-03-08_drive1.csv,BEV2_2025-03-07_park4.csv,parking sessions,1741370118000000000,1741370119000000000,1741424378000000000
BEV2_2025-03-08_drive2.csv,BEV2_2025-03-08_drive1.csv,driving sessions,1741425993000000000,1741425994000000000,1741426163000000000
BEV2_2025-03-08_drive3.csv,BEV2_2025-03-08_drive2.csv,driving sessions,1741426693000000000,1741426694000000000,1741458257000000000
BEV2_2025-03-08_drive4.csv,BEV2_2025-03-08_park1.csv,parking sessions,1741459041000000000,1741459042000000000,1741466167000000000
BEV2_2025-03-09_drive1.csv,BEV2_2025-03-09_park1.csv,parking sessions,1741485099000000000,1741485100000000000,1741513765000000000
BEV2_2025-03-09_drive2.csv,BEV2_2025-03-09_park2.csv,parking sessions,1741514450000000000,1741514451000000000,1741517140000000000
BEV2_2025-03-09_drive3.csv,BEV2_2025-03-09_drive2.csv,driving sessions,1741517530000000000,1741517531000000000,1741519386000000000
BEV2_2025-03-09_drive4.csv,BEV2_2025-03-09_drive3.csv,driving sessions,1741520346000000000,1741520347000000000,1741528366000000000
BEV2_2025-03-09_drive5.csv,BEV2_2025-03-09_drive4.csv,driving sessions,1741532192000000000,1741532193000000000,1741536212000000000
BEV2_2025-03-09_drive6.csv,BEV2_2025-03-09_park3.csv,parking sessions,1741540121000000000,1741540122000000000,1741549686000000000
BEV2_2025-03-09_drive7.csv,BEV2_2025-03-09_park4.csv,parking sessions,1741550812000000000,1741550813000000000,1741550827000000000
BEV2_2025-03-10_drive1.csv,BEV2_2025-03-09_park5.csv,parking sessions,1741551401000000000,1741551402000000000,1741588428000000000
BEV2_2025-03-10_drive2.csv,BEV2_2025-03-10_drive1.csv,driving sessions,1741588926000000000,1741588927000000000,1741600967000000000
BEV2_2025-03-10_drive3.csv,BEV2_2025-03-10_drive2.csv,driving sessions,1741601017000000000,1741601018000000000,1741623899000000000
BEV2_2025-03-11_drive1.csv,BEV2_2025-03-10_park1.csv,parking sessions,1741674785000000000,1741674786000000000,1741674791000000000
BEV2_2025-03-11_drive2.csv,BEV2_2025-03-11_park1.csv,parking sessions,1741675527000000000,1741675528000000000,1741706821000000000
BEV2_2025-03-11_drive3.csv,BEV2_2025-03-11_park2.csv,parking sessions,1741712144000000000,1741712145000000000,1741712152000000000
BEV2_2025-03-11_drive4.csv,BEV2_2025-03-11_park3.csv,parking sessions,1741724880000000000,1741724881000000000,1741724900000000000
BEV2_2025-03-11_drive5.csv,BEV2_2025-03-11_drive4.csv,driving sessions,1741725369000000000,1741725370000000000,1741725454000000000
BEV2_2025-03-12_drive1.csv,BEV2_2025-03-12_park1.csv,parking sessions,1741759679000000000,1741759680000000000,1741759687000000000
BEV2_2025-03-12_drive2.csv,BEV2_2025-03-12_park2.csv,parking sessions,1741766725000000000,1741766726000000000,1741788396000000000
BEV2_2025-03-12_drive3.csv,BEV2_2025-03-12_park3.csv,parking sessions,1741801344000000000,1741801345000000000,1741801352000000000
BEV2_2025-03-12_drive4.csv,BEV2_2025-03-12_drive3.csv,driving sessions,1741801775000000000,1741801776000000000,1741808549000000000
BEV2_2025-03-13_drive1.csv,BEV2_2025-03-12_drive4.csv,driving sessions,1741809142000000000,1741809143000000000,1741848059000000000
BEV2_2025-03-13_drive2.csv,BEV2_2025-03-13_park1.csv,parking sessions,1741881133000000000,1741881134000000000,1741881141000000000
BEV2_2025-03-13_drive3.csv,BEV2_2025-03-13_park2.csv,parking sessions,1741883634000000000,1741883635000000000,1741883643000000000
BEV2_2025-03-13_drive4.csv,BEV2_2025-03-13_park3.csv,parking sessions,1741897574000000000,1741897575000000000,1741897584000000000
BEV2_2025-03-14_drive1.csv,BEV2_2025-03-13_park4.csv,parking sessions,1741900516000000000,1741900517000000000,1741935265000000000
BEV2_2025-03-14_drive2.csv,BEV2_2025-03-14_park1.csv,parking sessions,1741937405000000000,1741937406000000000,1741942698000000000
BEV2_2025-03-14_drive3.csv,BEV2_2025-03-14_drive2.csv,driving sessions,1741943070000000000,1741943071000000000,1741943188000000000
BEV2_2025-03-14_drive4.csv,BEV2_2025-03-14_park2.csv,parking sessions,1741944009000000000,1741944010000000000,1741951372000000000
BEV2_2025-03-14_drive5.csv,BEV2_2025-03-14_drive4.csv,driving sessions,1741952242000000000,1741952243000000000,1741958335000000000
BEV2_2025-03-14_drive6.csv,BEV2_2025-03-14_park3.csv,parking sessions,1741970682000000000,1741970683000000000,1741970691000000000
BEV2_2025-03-14_drive7.csv,BEV2_2025-03-14_drive6.csv,driving sessions,1741971335000000000,1741971336000000000,1741972094000000000
BEV2_2025-03-14_drive8.csv,BEV2_2025-03-14_drive7.csv,driving sessions,1741973180000000000,1741973181000000000,1741976396000000000
BEV2_2025-03-15_drive1.csv,BEV2_2025-03-14_drive8.csv,driving sessions,1741977476000000000,1741977477000000000,1742032905000000000
BEV2_2025-03-15_drive2.csv,BEV2_2025-03-15_drive1.csv,driving sessions,1742033251000000000,1742033252000000000,1742033495000000000
BEV2_2025-03-15_drive3.csv,BEV2_2025-03-15_drive2.csv,driving sessions,1742033837000000000,1742033838000000000,1742034928000000000
BEV2_2025-03-15_drive4.csv,BEV2_2025-03-15_drive3.csv,driving sessions,1742035450000000000,1742035451000000000,1742039031000000000
BEV2_2025-03-15_drive5.csv,BEV2_2025-03-15_park1.csv,parking sessions,1742045872000000000,1742045873000000000,1742045880000000000
BEV2_2025-03-15_drive6.csv,BEV2_2025-03-15_drive5.csv,driving sessions,1742049660000000000,1742049661000000000,1742050424000000000
BEV2_2025-03-15_drive7.csv,BEV2_2025-03-15_park2.csv,parking sessions,1742054259000000000,1742054260000000000,1742054276000000000
BEV2_2025-03-15_drive8.csv,BEV2_2025-03-15_park3.csv,parking sessions,1742057996000000000,1742057997000000000,1742058012000000000
BEV2_2025-03-16_drive1.csv,BEV2_2025-03-15_park4.csv,parking sessions,1742117704000000000,1742117705000000000,1742117712000000000
BEV2_2025-03-16_drive2.csv,BEV2_2025-03-16_park1.csv,parking sessions,1742118549000000000,1742118550000000000,1742118556000000000
BEV2_2025-03-16_drive3.csv,BEV2_2025-03-16_slow.csv,slow charging sessions,1742120951000000000,1742120952000000000,1742120953000000000
BEV2_2025-03-16_drive4.csv,BEV2_2025-03-16_park2.csv,parking sessions,1742125819000000000,1742125820000000000,1742125826000000000
BEV2_2025-03-16_drive5.csv,BEV2_2025-03-16_drive4.csv,driving sessions,1742126707000000000,1742126708000000000,1742128726000000000
BEV2_2025-03-16_drive6.csv,BEV2_2025-03-16_drive5.csv,driving sessions,1742129318000000000,1742129319000000000,1742129405000000000
BEV2_2025-03-16_drive7.csv,BEV2_2025-03-16_drive6.csv,driving sessions,1742130785000000000,1742130786000000000,1742143209000000000
BEV2_2025-03-17_drive1.csv,BEV2_2025-03-16_drive7.csv,driving sessions,1742144893000000000,1742144894000000000,1742193678000000000
BEV2_2025-03-18_drive1.csv,BEV2_2025-03-17_drive1.csv,driving sessions,1742194190000000000,1742194191000000000,1742282397000000000
BEV2_2025-03-18_drive2.csv,BEV2_2025-03-18_drive1.csv,driving sessions,1742284956000000000,1742284957000000000,1742313757000000000
BEV2_2025-03-20_drive1.csv,BEV2_2025-03-19_park1.csv,parking sessions,1742404798000000000,1742404799000000000,1742471952000000000
BEV2_2025-03-20_drive2.csv,BEV2_2025-03-20_drive1.csv,driving sessions,1742473211000000000,1742473212000000000,1742488760000000000
BEV2_2025-03-22_drive1.csv,BEV2_2025-03-21_park1.csv,parking sessions,1742549048000000000,1742549049000000000,1742629638000000000
BEV2_2025-03-22_drive2.csv,BEV2_2025-03-22_drive1.csv,driving sessions,1742630146000000000,1742630147000000000,1742643005000000000
BEV2_2025-03-22_drive3.csv,BEV2_2025-03-22_drive2.csv,driving sessions,1742643572000000000,1742643573000000000,1742651509000000000
BEV2_2025-03-22_drive4.csv,BEV2_2025-03-22_drive3.csv,driving sessions,1742653875000000000,1742653876000000000,1742660095000000000
BEV2_2025-03-23_drive1.csv,BEV2_2025-03-22_park1.csv,parking sessions,1742665314000000000,1742665315000000000,1742722511000000000
BEV2_2025-03-23_drive2.csv,BEV2_2025-03-23_drive1.csv,driving sessions,1742723048000000000,1742723049000000000,1742755815000000000
BEV2_2025-03-24_drive1.csv,BEV2_2025-03-23_drive2.csv,driving sessions,1742756734000000000,1742756735000000000,1742815512000000000
BEV2_2025-03-26_drive1.csv,BEV2_2025-03-24_drive1.csv,driving sessions,1742815544000000000,1742815545000000000,1742971476000000000
BEV2_2025-03-28_drive1.csv,BEV2_2025-03-27_drive1.csv,driving sessions,1743079460000000000,1743079461000000000,1743170077000000000
BEV2_2025-03-28_drive2.csv,BEV2_2025-03-28_drive1.csv,driving sessions,1743170276000000000,1743170277000000000,1743175467000000000
BEV2_2025-03-28_drive3.csv,BEV2_2025-03-28_drive2.csv,driving sessions,1743175672000000000,1743175673000000000,1743189420000000000
BEV2_2025-03-29_drive1.csv,BEV2_2025-03-28_drive3.csv,driving sessions,1743190475000000000,1743190476000000000,1743252828000000000
BEV2_2025-03-29_drive2.csv,BEV2_2025-03-29_park1.csv,parking sessions,1743254910000000000,1743254911000000000,1743259410000000000
BEV2_2025-03-29_drive3.csv,BEV2_2025-03-29_park2.csv,parking sessions,1743260414000000000,1743260415000000000,1743269307000000000
BEV2_2025-03-30_drive2.csv,BEV2_2025-03-30_drive1.csv,driving sessions,1743345608000000000,1743345609000000000,1743360296000000000
BEV2_2025-03-31_drive1.csv,BEV2_2025-03-30_drive2.csv,driving sessions,1743362252000000000,1743362253000000000,1743400479000000000
BEV2_2025-03-31_drive2.csv,BEV2_2025-03-31_drive1.csv,driving sessions,1743400622000000000,1743400623000000000,1743431297000000000
BEV2_2025-04-01_drive1.csv,BEV2_2025-03-31_drive2.csv,driving sessions,1743432861000000000,1743432862000000000,1743504040000000000
BEV2_2025-04-01_drive2.csv,BEV2_2025-04-01_slow.csv,slow charging sessions,1743504333000000000,1743504334000000000,1743522579000000000
BEV2_2025-04-03_drive1.csv,BEV2_2025-04-01_drive2.csv,driving sessions,1743524866000000000,1743524867000000000,1743661429000000000
BEV2_2025-04-03_drive2.csv,BEV2_2025-04-03_drive1.csv,driving sessions,1743664365000000000,1743664366000000000,1743693137000000000
BEV2_2025-04-04_drive1.csv,BEV2_2025-04-03_drive2.csv,driving sessions,1743698104000000000,1743698105000000000,1743784497000000000
BEV2_2025-04-04_drive2.csv,BEV2_2025-04-04_drive1.csv,driving sessions,1743785001000000000,1743785002000000000,1743795106000000000
BEV2_2025-04-04_drive3.csv,BEV2_2025-04-04_drive2.csv,driving sessions,1743795547000000000,1743795548000000000,1743798539000000000
BEV2_2025-04-05_drive1.csv,BEV2_2025-04-04_drive3.csv,driving sessions,1743798735000000000,1743798736000000000,1743851994000000000
BEV2_2025-04-05_drive2.csv,BEV2_2025-04-05_drive1.csv,driving sessions,1743853165000000000,1743853166000000000,1743871649000000000
BEV2_2025-04-06_drive1.csv,BEV2_2025-04-05_drive3.csv,driving sessions,1743885312000000000,1743885313000000000,1743929345000000000
BEV2_2025-04-07_drive1.csv,BEV2_2025-04-06_drive2.csv,driving sessions,1743959257000000000,1743959258000000000,1744017294000000000
BEV2_2025-04-07_drive2.csv,BEV2_2025-04-07_drive1.csv,driving sessions,1744019084000000000,1744019085000000000,1744037154000000000
BEV2_2025-04-10_drive1.csv,BEV2_2025-04-07_drive2.csv,driving sessions,1744041429000000000,1744041430000000000,1744284928000000000
BEV2_2025-04-11_drive1.csv,BEV2_2025-04-10_slow.csv,slow charging sessions,1744286627000000000,1744286628000000000,1744352273000000000
BEV2_2025-04-11_drive2.csv,BEV2_2025-04-11_drive1.csv,driving sessions,1744355181000000000,1744355182000000000,1744386692000000000
BEV2_2025-04-11_drive3.csv,BEV2_2025-04-11_drive2.csv,driving sessions,1744389245000000000,1744389246000000000,1744390137000000000
BEV2_2025-04-12_drive1.csv,BEV2_2025-04-11_drive3.csv,driving sessions,1744391288000000000,1744391289000000000,1744481023000000000
BEV2_2025-04-13_drive1.csv,BEV2_2025-04-12_drive1.csv,driving sessions,1744481277000000000,1744481278000000000,1744535390000000000
BEV2_2025-04-14_drive1.csv,BEV2_2025-04-13_drive1.csv,driving sessions,1744535759000000000,1744535760000000000,1744616981000000000
BEV2_2025-04-14_drive2.csv,BEV2_2025-04-14_drive1.csv,driving sessions,1744617299000000000,1744617300000000000,1744621174000000000
BEV2_2025-04-14_drive3.csv,BEV2_2025-04-14_drive2.csv,driving sessions,1744622507000000000,1744622508000000000,1744633201000000000
BEV2_2025-04-14_drive4.csv,BEV2_2025-04-14_drive3.csv,driving sessions,1744636861000000000,1744636862000000000,1744639372000000000
BEV2_2025-04-14_drive5.csv,BEV2_2025-04-14_drive4.csv,driving sessions,1744640034000000000,1744640035000000000,1744643930000000000
BEV2_2025-04-14_drive6.csv,BEV2_2025-04-14_drive5.csv,driving sessions,1744646944000000000,1744646945000000000,1744655480000000000
BEV2_2025-04-15_drive1.csv,BEV2_2025-04-14_drive6.csv,driving sessions,1744655886000000000,1744655887000000000,1744736389000000000
BEV2_2025-04-16_drive1.csv,BEV2_2025-04-15_drive1.csv,driving sessions,1744736505000000000,1744736506000000000,1744785232000000000
BEV2_2025-04-16_drive2.csv,BEV2_2025-04-16_drive1.csv,driving sessions,1744785461000000000,1744785462000000000,1744817113000000000
BEV2_2025-04-17_drive1.csv,BEV2_2025-04-16_drive2.csv,driving sessions,1744820002000000000,1744820003000000000,1744869602000000000
BEV2_2025-04-17_drive2.csv,BEV2_2025-04-17_drive1.csv,driving sessions,1744871664000000000,1744871665000000000,1744903237000000000
BEV2_2025-04-17_drive3.csv,BEV2_2025-04-17_drive2.csv,driving sessions,1744906092000000000,1744906093000000000,1744907108000000000
BEV2_2025-04-17_drive5.csv,BEV2_2025-04-17_drive4.csv,driving sessions,1744918091000000000,1744918092000000000,1744922350000000000
BEV2_2025-04-18_drive1.csv,BEV2_2025-04-17_drive5.csv,driving sessions,1744927619000000000,1744927620000000000,1744967667000000000
BEV2_2025-04-22_drive1.csv,BEV2_2025-04-18_drive1.csv,driving sessions,1744967885000000000,1744967886000000000,1745301070000000000
BEV2_2025-04-22_drive2.csv,BEV2_2025-04-22_drive1.csv,driving sessions,1745303970000000000,1745303971000000000,1745314134000000000
BEV2_2025-04-22_drive4.csv,BEV2_2025-04-22_drive3.csv,driving sessions,1745332661000000000,1745332662000000000,1745353966000000000
BEV2_2025-04-23_drive1.csv,BEV2_2025-04-22_drive4.csv,driving sessions,1745354139000000000,1745354140000000000,1745384996000000000
BEV2_2025-04-25_drive1.csv,BEV2_2025-04-23_drive1.csv,driving sessions,1745386041000000000,1745386042000000000,1745574267000000000
BEV2_2025-04-25_drive2.csv,BEV2_2025-04-25_drive1.csv,driving sessions,1745575151000000000,1745575152000000000,1745583525000000000
BEV2_2025-04-25_drive3.csv,BEV2_2025-04-25_drive2.csv,driving sessions,1745585752000000000,1745585753000000000,1745602553000000000
BEV2_2025-04-26_drive1.csv,BEV2_2025-04-25_drive3.csv,driving sessions,1745602799000000000,1745602800000000000,1745673508000000000
BEV2_2025-04-26_drive2.csv,BEV2_2025-04-26_drive1.csv,driving sessions,1745675794000000000,1745675795000000000,1745684410000000000
BEV2_2025-04-26_drive3.csv,BEV2_2025-04-26_drive2.csv,driving sessions,1745686145000000000,1745686146000000000,1745688014000000000
BEV2_2025-04-27_drive1.csv,BEV2_2025-04-26_drive3.csv,driving sessions,1745688771000000000,1745688772000000000,1745746413000000000
BEV2_2025-04-27_drive2.csv,BEV2_2025-04-27_drive1.csv,driving sessions,1745746870000000000,1745746871000000000,1745750760000000000
BEV2_2025-04-27_drive3.csv,BEV2_2025-04-27_drive2.csv,driving sessions,1745751145000000000,1745751146000000000,1745751345000000000
BEV2_2025-04-27_drive4.csv,BEV2_2025-04-27_drive3.csv,driving sessions,1745751515000000000,1745751516000000000,1745752041000000000
BEV2_2025-04-27_drive5.csv,BEV2_2025-04-27_drive4.csv,driving sessions,1745752212000000000,1745752213000000000,1745758372000000000
BEV2_2025-04-29_drive1.csv,BEV2_2025-04-27_drive5.csv,driving sessions,1745758537000000000,1745758538000000000,1745913710000000000
BEV2_2025-04-29_drive2.csv,BEV2_2025-04-29_drive1.csv,driving sessions,1745914022000000000,1745914023000000000,1745940027000000000
BEV2_2025-04-30_drive1.csv,BEV2_2025-04-29_drive2.csv,driving sessions,1745940129000000000,1745940130000000000,1745993317000000000
