file,vehicle,start_utc,end_utc,t_cut,D,gps_path_plausible_km,gap_gt_2s_count,uncertain_charger_signal_or_mode_overlap,main_view_internal_consistency_checked,main_view_5pct_counter_quantization_sufficient,overlap_conflicting_iv_rows,suspected_charger_signal_or_mode_overlap,confirmed_external_charging_from_counter_or_joint_direct,start_ns,end_ns,cut_ns,split,od_key,distance_bin,od_seen_train,ambient_c,ambient_bin
BEV1_2024-07-24_drive1.csv,BEV1,2024-07-24 06:12:26+00:00,2024-07-24 06:54:03+00:00,2024-07-24 06:12:27+00:00,14.758635413321027,14.758635413321027,0,False,True,True,0.0,False,False,1721801546000000000,1721804043000000000,1721801547000000000,train,1492:22677>1460:22627|14,10-50,True,20.0,10-25
BEV1_2024-07-24_drive2.csv,BEV1,2024-07-24 14:59:40+00:00,2024-07-24 15:41:11+00:00,2024-07-24 14:59:42+00:00,14.67503109073881,14.67503109073881,0,False,True,True,0.0,False,False,1721833180000000000,1721835671000000000,1721833182000000000,train,1460:22627>1492:22677|14,10-50,True,26.5,>25
BEV1_2024-07-25_drive1.csv,BEV1,2024-07-25 07:03:43+00:00,2024-07-25 07:53:04+00:00,2024-07-25 07:03:44+00:00,22.511921856260507,22.511921856260507,0,False,True,True,0.0,False,False,1721891023000000000,1721893984000000000,1721891024000000000,train,1492:22677>1552:22706|22,10-50,True,23.5,10-25
BEV1_2024-07-25_drive2.csv,BEV1,2024-07-25 15:48:44+00:00,2024-07-25 16:28:56+00:00,2024-07-25 15:48:45+00:00,17.567144268448473,17.567144268448473,0,False,True,True,0.0,False,False,1721922524000000000,1721924936000000000,1721922525000000000,train,1552:22706>1496:22682|17,10-50,True,27.5,>25
BEV1_2024-07-25_drive3.csv,BEV1,2024-07-25 16:51:58+00:00,2024-07-25 17:12:59+00:00,2024-07-25 16:52:00+00:00,4.241332865595166,4.241332865595166,0,False,True,True,0.0,False,False,1721926318000000000,1721927579000000000,1721926320000000000,train,1496:22682>1492:22677|4,2-10,True,27.5,>25
BEV1_2024-07-27_drive1.csv,BEV1,2024-07-27 06:34:29+00:00,2024-07-27 07:55:39+00:00,2024-07-27 06:34:30+00:00,47.66343177233314,47.66343177233314,0,False,True,True,0.0,False,False,1722062069000000000,1722066939000000000,1722062070000000000,train,1492:22677>1318:22645|47,10-50,True,20.5,10-25
BEV1_2024-07-27_drive3.csv,BEV1,2024-07-27 12:09:12+00:00,2024-07-27 12:58:56+00:00,2024-07-27 12:09:13+00:00,33.809109973557355,33.809109973557355,1,False,True,True,0.0,False,False,1722082152000000000,1722085136000000000,1722082153000000000,train,1318:22645>1351:22736|33,10-50,True,22.5,10-25
BEV1_2024-07-27_drive4.csv,BEV1,2024-07-27 13:53:39+00:00,2024-07-27 14:51:23+00:00,2024-07-27 13:53:41+00:00,45.6715617762703,45.6715617762703,0,False,True,True,0.0,False,False,1722088419000000000,1722091883000000000,1722088421000000000,train,1351:22736>1492:22677|45,10-50,True,31.0,>25
BEV1_2024-07-29_drive1.csv,BEV1,2024-07-29 06:08:07+00:00,2024-07-29 06:38:44+00:00,2024-07-29 06:08:08+00:00,21.225613683622434,21.225613683622434,0,False,True,True,0.0,False,False,1722233287000000000,1722235124000000000,1722233288000000000,train,1492:22677>1552:22706|21,10-50,True,20.5,10-25
BEV1_2024-07-29_drive2.csv,BEV1,2024-07-29 15:39:00+00:00,2024-07-29 17:03:14+00:00,2024-07-29 15:39:01+00:00,23.40814428052285,23.40814428052285,0,False,True,True,0.0,False,False,1722267540000000000,1722272594000000000,1722267541000000000,train,1552:22706>1492:22677|23,10-50,True,25.5,>25
BEV1_2024-07-30_drive1.csv,BEV1,2024-07-30 06:31:58+00:00,2024-07-30 07:13:26+00:00,2024-07-30 06:31:59+00:00,14.34175475343979,14.34175475343979,0,False,True,True,0.0,False,False,1722321118000000000,1722323606000000000,1722321119000000000,train,1492:22677>1460:22627|14,10-50,True,23.5,10-25
BEV1_2024-07-30_drive2.csv,BEV1,2024-07-30 15:15:12+00:00,2024-07-30 15:56:19+00:00,2024-07-30 15:15:14+00:00,14.381389745142634,14.381389745142634,0,False,True,True,0.0,False,False,1722352512000000000,1722354979000000000,1722352514000000000,train,1460:22627>1492:22677|14,10-50,True,33.5,>25
BEV1_2024-07-31_drive1.csv,BEV1,2024-07-31 05:47:58+00:00,2024-07-31 06:36:39+00:00,2024-07-31 05:47:59+00:00,20.905772386754585,20.905772386754585,1,False,True,True,0.0,False,False,1722404878000000000,1722407799000000000,1722404879000000000,train,1492:22677>1552:22706|20,10-50,True,24.0,10-25
BEV1_2024-07-31_drive2.csv,BEV1,2024-07-31 14:56:04+00:00,2024-07-31 16:39:18+00:00,2024-07-31 14:56:06+00:00,32.14480880882378,32.14480880882378,0,False,True,True,0.0,False,False,1722437764000000000,1722443958000000000,1722437766000000000,train,1552:22706>1480:22684|32,10-50,True,23.5,10-25
BEV1_2024-07-31_drive3.csv,BEV1,2024-07-31 17:25:33+00:00,2024-07-31 17:45:48+00:00,2024-07-31 17:25:34+00:00,4.941165557983426,4.941165557983426,0,False,True,True,0.0,False,False,1722446733000000000,1722447948000000000,1722446734000000000,train,1480:22684>1492:22677|4,2-10,True,27.5,>25
BEV1_2024-08-01_drive1.csv,BEV1,2024-08-01 06:27:07+00:00,2024-08-01 07:08:32+00:00,2024-08-01 06:27:08+00:00,15.11754980359898,15.11754980359898,0,False,True,True,0.0,False,False,1722493627000000000,1722496112000000000,1722493628000000000,train,1492:22677>1460:22627|15,10-50,True,24.0,10-25
BEV1_2024-08-01_drive2.csv,BEV1,2024-08-01 15:36:22+00:00,2024-08-01 16:17:12+00:00,2024-08-01 15:36:23+00:00,14.357224232367054,14.357224232367054,0,False,True,True,0.0,False,False,1722526582000000000,1722529032000000000,1722526583000000000,train,1460:22627>1492:22677|14,10-50,True,25.5,>25
BEV1_2024-08-02_drive1.csv,BEV1,2024-08-02 08:27:38+00:00,2024-08-02 09:09:05+00:00,2024-08-02 08:27:39+00:00,16.788983732352705,16.788983732352705,0,False,True,True,0.0,False,False,1722587258000000000,1722589745000000000,1722587259000000000,train,1492:22677>1540:22701|16,10-50,True,21.0,10-25
BEV1_2024-08-06_drive1.csv,BEV1,2024-08-06 15:37:41+00:00,2024-08-06 16:16:21+00:00,2024-08-06 15:37:42+00:00,21.98332272521295,21.98332272521295,0,False,True,True,0.0,False,False,1722958661000000000,1722960981000000000,1722958662000000000,train,1552:22706>1492:22677|21,10-50,True,27.5,>25
BEV1_2024-08-06_drive2.csv,BEV1,2024-08-06 17:02:28+00:00,2024-08-06 17:47:03+00:00,2024-08-06 17:02:30+00:00,1.0643773306934228,1.0643773306934228,0,False,True,True,0.0,False,False,1722963748000000000,1722966423000000000,1722963750000000000,train,1492:22677>1489:22676|1,<2,True,29.0,>25
BEV1_2024-08-06_drive3.csv,BEV1,2024-08-06 18:10:00+00:00,2024-08-06 18:31:23+00:00,2024-08-06 18:10:02+00:00,1.2318974396690985,1.2318974396690985,0,False,True,True,0.0,False,False,1722967800000000000,1722969083000000000,1722967802000000000,train,1489:22676>1492:22677|1,<2,True,32.5,>25
BEV1_2024-08-08_drive1.csv,BEV1,2024-08-08 05:10:36+00:00,2024-08-08 05:50:39+00:00,2024-08-08 05:10:37+00:00,20.07540527721473,20.07540527721473,0,False,True,True,0.0,False,False,1723093836000000000,1723096239000000000,1723093837000000000,train,1492:22677>1548:22708|20,10-50,True,21.0,10-25
BEV1_2024-08-10_drive1.csv,BEV1,2024-08-10 06:13:36+00:00,2024-08-10 06:39:45+00:00,2024-08-10 06:13:37+00:00,1.251733109896746,1.251733109896746,0,False,True,True,0.0,False,False,1723270416000000000,1723271985000000000,1723270417000000000,train,995:21306>992:21308|1,<2,True,18.5,10-25
BEV1_2024-08-10_drive2.csv,BEV1,2024-08-10 07:02:22+00:00,2024-08-10 09:07:52+00:00,2024-08-10 07:02:23+00:00,143.57821067948635,143.57821067948635,0,False,True,True,0.0,False,False,1723273342000000000,1723280872000000000,1723273343000000000,train,992:21308>623:21771|143,>=50,True,21.5,10-25
BEV1_2024-08-10_drive3.csv,BEV1,2024-08-10 10:17:08+00:00,2024-08-10 10:53:22+00:00,2024-08-10 10:17:10+00:00,10.138290490538708,10.138290490538708,0,False,True,True,0.0,False,False,1723285028000000000,1723287202000000000,1723285030000000000,train,623:21771>631:21747|10,10-50,True,26.0,>25
BEV1_2024-08-10_drive4.csv,BEV1,2024-08-10 19:12:13+00:00,2024-08-10 22:18:14+00:00,2024-08-10 19:12:14+00:00,201.23654811817465,201.23654811817465,0,False,True,True,0.0,False,False,1723317133000000000,1723328294000000000,1723317134000000000,train,631:21747>1207:22526|201,>=50,True,29.0,>25
BEV1_2024-08-10_drive5.csv,BEV1,2024-08-10 22:46:11+00:00,2024-08-10 23:30:23+00:00,2024-08-10 22:46:12+00:00,31.03927593217707,31.03927593217707,0,False,True,True,0.0,False,False,1723329971000000000,1723332623000000000,1723329972000000000,train,1207:22526>1245:22657|31,10-50,True,21.0,10-25
BEV1_2024-08-11_drive1.csv,BEV1,2024-08-11 06:26:15+00:00,2024-08-11 07:09:06+00:00,2024-08-11 06:26:17+00:00,5.280606900342455,5.280606900342455,0,False,True,True,0.0,False,False,1723357575000000000,1723360146000000000,1723357577000000000,train,1245:22657>1256:22663|5,2-10,True,21.0,10-25
BEV1_2024-08-11_drive2.csv,BEV1,2024-08-11 07:32:12+00:00,2024-08-11 08:27:02+00:00,2024-08-11 07:32:13+00:00,60.73676859632669,60.73676859632669,0,False,True,True,0.0,False,False,1723361532000000000,1723364822000000000,1723361533000000000,train,1256:22663>1492:22678|60,>=50,True,22.5,10-25
BEV1_2024-08-11_drive3.csv,BEV1,2024-08-11 13:38:15+00:00,2024-08-11 14:32:10+00:00,2024-08-11 13:38:16+00:00,4.300268535268515,4.300268535268515,0,True,True,True,0.0,True,False,1723383495000000000,1723386730000000000,1723383496000000000,train,1492:22678>1492:22677|4,2-10,True,33.5,>25
BEV1_2024-08-29_drive1.csv,BEV1,2024-08-29 15:20:57+00:00,2024-08-29 15:59:24+00:00,2024-08-29 15:20:58+00:00,20.870890644607883,20.870890644607883,0,False,True,True,0.0,False,False,1724944857000000000,1724947164000000000,1724944858000000000,train,1552:22706>1492:22677|20,10-50,True,28.0,>25
BEV1_2024-08-30_drive1.csv,BEV1,2024-08-30 06:36:02+00:00,2024-08-30 06:55:38+00:00,2024-08-30 06:36:03+00:00,8.690508607591703,8.690508607591703,0,False,True,True,0.0,False,False,1724999762000000000,1725000938000000000,1724999763000000000,train,1492:22677>1509:22677|8,2-10,True,21.5,10-25
BEV1_2024-08-30_drive2.csv,BEV1,2024-08-30 08:50:56+00:00,2024-08-30 10:36:30+00:00,2024-08-30 08:50:57+00:00,25.66994166730632,25.66994166730632,0,False,True,True,0.0,False,False,1725007856000000000,1725014190000000000,1725007857000000000,train,1509:22677>1492:22677|25,10-50,True,21.5,10-25
BEV1_2024-08-31_drive1.csv,BEV1,2024-08-31 18:28:21+00:00,2024-08-31 19:11:33+00:00,2024-08-31 18:28:22+00:00,5.499775910221644,5.499775910221644,0,False,True,True,0.0,False,False,1725128901000000000,1725131493000000000,1725128902000000000,train,1492:22677>1479:22688|5,2-10,True,21.5,10-25
BEV1_2024-08-31_drive2.csv,BEV1,2024-08-31 20:43:54+00:00,2024-08-31 21:03:56+00:00,2024-08-31 20:43:55+00:00,5.256934927247567,5.256934927247567,0,False,True,True,0.0,False,False,1725137034000000000,1725138236000000000,1725137035000000000,train,1479:22688>1492:22677|5,2-10,True,24.5,10-25
BEV1_2024-09-01_drive1.csv,BEV1,2024-09-01 08:21:55+00:00,2024-09-01 08:24:40+00:00,2024-09-01 08:21:58+00:00,0.1588220656462368,0.1589332607262026,1,False,False,False,0.0,False,False,1725178915000000000,1725179080000000000,1725178918000000000,train,1492:22677>1492:22678|0,<2,True,21.0,10-25
BEV1_2024-09-01_drive2.csv,BEV1,2024-09-01 10:23:32+00:00,2024-09-01 10:56:28+00:00,2024-09-01 10:23:33+00:00,15.341477112950145,15.341477112950145,0,True,True,True,0.0,True,False,1725186212000000000,1725188188000000000,1725186213000000000,train,1492:22678>1499:22720|15,10-50,True,30.5,>25
BEV1_2024-09-01_drive3.csv,BEV1,2024-09-01 13:37:25+00:00,2024-09-01 14:11:26+00:00,2024-09-01 13:37:26+00:00,15.727599352846322,15.727599352846322,0,False,True,True,0.0,False,False,1725197845000000000,1725199886000000000,1725197846000000000,train,1499:22720>1492:22678|15,10-50,True,31.0,>25
BEV1_2024-09-01_drive4.csv,BEV1,2024-09-01 15:38:12+00:00,2024-09-01 17:41:30+00:00,2024-09-01 15:38:13+00:00,169.4550126250787,169.4550126250787,0,True,True,True,0.0,True,False,1725205092000000000,1725212490000000000,1725205093000000000,train,1492:22678>2108:22514|169,>=50,True,36.5,>25
BEV1_2024-09-01_drive5.csv,BEV1,2024-09-01 18:10:43+00:00,2024-09-01 19:35:22+00:00,2024-09-01 18:10:44+00:00,98.9104579010064,98.9104579010064,0,False,True,True,0.0,False,False,1725214243000000000,1725219322000000000,1725214244000000000,train,2108:22514>2421:22203|98,>=50,True,28.5,>25
BEV1_2024-09-02_drive1.csv,BEV1,2024-09-02 06:23:08+00:00,2024-09-02 07:05:32+00:00,2024-09-02 06:23:09+00:00,2.389657222490684,2.389657222490684,0,False,True,True,0.0,False,False,1725258188000000000,1725260732000000000,1725258189000000000,train,2421:22203>2426:22208|2,2-10,True,29.8,>25
BEV1_2024-09-02_drive2.csv,BEV1,2024-09-02 15:48:52+00:00,2024-09-02 16:31:51+00:00,2024-09-02 15:48:54+00:00,2.4640399340180164,2.4640399340180164,0,False,True,True,0.0,False,False,1725292132000000000,1725294711000000000,1725292134000000000,train,2426:22208>2421:22203|2,2-10,True,26.5,>25
BEV1_2024-09-03_drive1.csv,BEV1,2024-09-03 08:17:57+00:00,2024-09-03 09:25:30+00:00,2024-09-03 08:17:58+00:00,61.96740006142744,61.96740006142744,0,False,True,True,0.0,False,False,1725351477000000000,1725355530000000000,1725351478000000000,train,2421:22203>2266:22433|61,>=50,True,30.0,>25
BEV1_2024-09-03_drive2.csv,BEV1,2024-09-03 10:07:31+00:00,2024-09-03 12:31:18+00:00,2024-09-03 10:07:32+00:00,195.2391550487196,195.2391550487196,0,False,True,True,0.0,False,False,1725358051000000000,1725366678000000000,1725358052000000000,train,2266:22433>1500:22687|195,>=50,True,27.5,>25
BEV1_2024-09-03_drive3.csv,BEV1,2024-09-03 12:41:26+00:00,2024-09-03 13:01:24+00:00,2024-09-03 12:41:27+00:00,2.2328064041654296,2.2328064041654296,0,False,True,True,0.0,False,False,1725367286000000000,1725368484000000000,1725367287000000000,train,1500:22687>1496:22682|2,2-10,True,22.0,10-25
BEV1_2024-09-03_drive5.csv,BEV1,2024-09-03 16:35:24+00:00,2024-09-03 17:18:45+00:00,2024-09-03 16:35:26+00:00,4.44023860146031,4.44023860146031,0,False,True,True,0.0,False,False,1725381324000000000,1725383925000000000,1725381326000000000,train,1492:22677>1489:22687|4,2-10,True,24.0,10-25
BEV1_2024-09-03_drive6.csv,BEV1,2024-09-03 18:51:03+00:00,2024-09-03 19:11:22+00:00,2024-09-03 18:51:04+00:00,4.469119038734317,4.469119038734317,0,False,True,True,0.0,False,False,1725389463000000000,1725390682000000000,1725389464000000000,train,1489:22687>1492:22677|4,2-10,True,27.0,>25
BEV1_2024-09-04_drive1.csv,BEV1,2024-09-04 05:57:36+00:00,2024-09-04 06:46:57+00:00,2024-09-04 05:57:37+00:00,23.06203175851464,23.06203175851464,0,False,True,True,0.0,False,False,1725429456000000000,1725432417000000000,1725429457000000000,train,1492:22677>1552:22706|23,10-50,True,24.5,10-25
BEV1_2024-09-04_drive2.csv,BEV1,2024-09-04 15:32:51+00:00,2024-09-04 16:08:45+00:00,2024-09-04 15:32:52+00:00,20.823081767634143,20.823081767634143,0,True,True,True,0.0,True,False,1725463971000000000,1725466125000000000,1725463972000000000,train,1552:22706>1492:22677|20,10-50,True,29.5,>25
BEV1_2024-09-17_drive1.csv,BEV1,2024-09-17 15:50:29+00:00,2024-09-17 16:11:45+00:00,2024-09-17 15:50:30+00:00,0.5397537251157664,0.5483229153458209,0,False,True,True,0.0,False,False,1726588229000000000,1726589505000000000,1726588230000000000,train,1491:22676>1492:22677|0,<2,True,23.0,10-25
BEV1_2024-09-18_drive1.csv,BEV1,2024-09-18 07:05:38+00:00,2024-09-18 07:53:25+00:00,2024-09-18 07:05:40+00:00,21.86771564168521,21.86771564168521,0,False,True,True,0.0,False,False,1726643138000000000,1726646005000000000,1726643140000000000,train,1492:22677>1552:22706|21,10-50,True,20.5,10-25
BEV1_2024-09-18_drive2.csv,BEV1,2024-09-18 15:49:18+00:00,2024-09-18 16:49:33+00:00,2024-09-18 15:49:19+00:00,22.596086796887608,22.596086796887608,0,False,True,True,0.0,False,False,1726674558000000000,1726678173000000000,1726674559000000000,train,1552:22706>1492:22677|22,10-50,True,19.5,10-25
BEV1_2024-09-18_drive3.csv,BEV1,2024-09-18 19:19:28+00:00,2024-09-18 19:41:12+00:00,2024-09-18 19:19:29+00:00,2.047204216133029,2.047204216133029,0,False,True,True,0.0,False,False,1726687168000000000,1726688472000000000,1726687169000000000,train,1492:22677>1489:22681|2,2-10,True,21.5,10-25
BEV1_2024-09-18_drive4.csv,BEV1,2024-09-18 20:27:18+00:00,2024-09-18 20:49:14+00:00,2024-09-18 20:27:20+00:00,1.9289208185033653,1.9289208185033653,0,False,True,True,0.0,False,False,1726691238000000000,1726692554000000000,1726691240000000000,train,1489:22681>1492:22677|1,<2,True,23.5,10-25
BEV1_2024-09-19_drive1.csv,BEV1,2024-09-19 06:25:43+00:00,2024-09-19 07:06:38+00:00,2024-09-19 06:25:44+00:00,14.87390005043116,14.87390005043116,0,False,True,True,0.0,False,False,1726727143000000000,1726729598000000000,1726727144000000000,train,1492:22677>1460:22628|14,10-50,True,22.5,10-25
BEV1_2024-09-19_drive2.csv,BEV1,2024-09-19 14:47:54+00:00,2024-09-19 15:50:30+00:00,2024-09-19 14:47:55+00:00,15.18035357930234,15.18035357930234,0,False,True,True,0.0,False,False,1726757274000000000,1726761030000000000,1726757275000000000,train,1460:22628>1492:22677|15,10-50,True,26.0,>25
BEV1_2024-09-20_drive1.csv,BEV1,2024-09-20 05:51:12+00:00,2024-09-20 06:41:28+00:00,2024-09-20 05:51:14+00:00,21.021271941625024,21.021271941625024,0,False,True,True,0.0,False,False,1726811472000000000,1726814488000000000,1726811474000000000,train,1492:22677>1552:22706|21,10-50,True,21.0,10-25
BEV1_2024-09-20_drive2.csv,BEV1,2024-09-20 12:14:52+00:00,2024-09-20 12:56:06+00:00,2024-09-20 12:14:53+00:00,15.386418422341146,15.386418422341146,0,False,True,True,0.0,False,False,1726834492000000000,1726836966000000000,1726834493000000000,train,1552:22706>1511:22678|15,10-50,True,21.0,10-25
BEV1_2024-09-20_drive3.csv,BEV1,2024-09-20 15:37:34+00:00,2024-09-20 16:41:29+00:00,2024-09-20 15:37:35+00:00,9.1242741805917,9.1242741805917,0,False,True,True,0.0,False,False,1726846654000000000,1726850489000000000,1726846655000000000,train,1511:22678>1492:22677|9,2-10,True,26.0,>25
BEV1_2024-09-21_drive1.csv,BEV1,2024-09-21 08:19:23+00:00,2024-09-21 09:58:12+00:00,2024-09-21 08:19:24+00:00,74.20619285898198,74.20619285898198,0,False,True,True,0.0,False,False,1726906763000000000,1726912692000000000,1726906764000000000,train,1492:22677>1288:22577|74,>=50,True,23.5,10-25
BEV1_2024-09-21_drive2.csv,BEV1,2024-09-21 16:07:03+00:00,2024-09-21 18:22:02+00:00,2024-09-21 16:07:04+00:00,84.32074947363576,84.32074947363576,0,False,True,True,0.0,False,False,1726934823000000000,1726942922000000000,1726934824000000000,train,1288:22577>1492:22677|84,>=50,True,29.0,>25
BEV1_2024-09-22_drive1.csv,BEV1,2024-09-22 09:06:40+00:00,2024-09-22 09:31:57+00:00,2024-09-22 09:06:41+00:00,0.1577558466308778,0.1577558466308778,0,False,True,True,0.0,False,False,1726996000000000000,1726997517000000000,1726996001000000000,train,1492:22677>1492:22678|0,<2,True,20.5,10-25
BEV1_2024-09-22_drive2.csv,BEV1,2024-09-22 14:28:47+00:00,2024-09-22 14:51:13+00:00,2024-09-22 14:28:48+00:00,0.1592086371735267,0.1592086371735267,0,False,True,True,0.0,False,False,1727015327000000000,1727016673000000000,1727015328000000000,train,1492:22678>1492:22677|0,<2,True,35.0,>25
BEV1_2024-09-23_drive1.csv,BEV1,2024-09-23 05:58:11+00:00,2024-09-23 06:51:20+00:00,2024-09-23 05:58:12+00:00,24.43223727388633,24.43223727388633,0,False,True,True,0.0,False,False,1727071091000000000,1727074280000000000,1727071092000000000,train,1492:22677>1552:22706|24,10-50,True,21.0,10-25
BEV1_2024-09-23_drive2.csv,BEV1,2024-09-23 15:48:41+00:00,2024-09-23 16:48:09+00:00,2024-09-23 15:48:43+00:00,22.733516559835884,22.733516559835884,0,False,True,True,0.0,False,False,1727106521000000000,1727110089000000000,1727106523000000000,train,1552:22706>1492:22677|22,10-50,True,20.5,10-25
BEV1_2024-09-24_drive1.csv,BEV1,2024-09-24 08:02:34+00:00,2024-09-24 08:44:38+00:00,2024-09-24 08:02:36+00:00,8.476919037180231,8.476919037180231,0,False,True,True,0.0,False,False,1727164954000000000,1727167478000000000,1727164956000000000,train,1492:22677>1511:22677|8,2-10,True,20.5,10-25
BEV1_2024-09-24_drive2.csv,BEV1,2024-09-24 11:02:56+00:00,2024-09-24 11:47:26+00:00,2024-09-24 11:02:57+00:00,15.485265792372546,15.485265792372546,1,False,True,True,0.0,False,False,1727175776000000000,1727178446000000000,1727175777000000000,train,1511:22677>1552:22706|15,10-50,True,19.5,10-25
BEV1_2024-09-24_drive3.csv,BEV1,2024-09-24 15:56:19+00:00,2024-09-24 16:57:50+00:00,2024-09-24 15:56:21+00:00,21.473275905205224,21.473275905205224,0,False,True,True,0.0,False,False,1727193379000000000,1727197070000000000,1727193381000000000,train,1552:22706>1492:22677|21,10-50,True,17.9,10-25
BEV1_2024-09-25_drive1.csv,BEV1,2024-09-25 07:02:43+00:00,2024-09-25 08:04:55+00:00,2024-09-25 07:02:45+00:00,21.233336008985862,21.233336008985862,0,False,True,True,0.0,False,False,1727247763000000000,1727251495000000000,1727247765000000000,train,1492:22677>1552:22706|21,10-50,True,22.5,10-25
BEV1_2024-09-25_drive2.csv,BEV1,2024-09-25 15:23:16+00:00,2024-09-25 16:00:52+00:00,2024-09-25 15:23:18+00:00,21.18600253189046,21.18600253189046,0,False,True,True,0.0,False,False,1727277796000000000,1727280052000000000,1727277798000000000,train,1552:22706>1492:22677|21,10-50,True,16.5,10-25
BEV1_2024-09-26_drive1.csv,BEV1,2024-09-26 05:38:53+00:00,2024-09-26 06:42:50+00:00,2024-09-26 05:38:55+00:00,14.327616214236029,14.327616214236029,0,False,True,True,0.0,False,False,1727329133000000000,1727332970000000000,1727329135000000000,train,1492:22677>1460:22627|14,10-50,True,19.7,10-25
BEV1_2024-09-26_drive2.csv,BEV1,2024-09-26 15:33:34+00:00,2024-09-26 16:14:05+00:00,2024-09-26 15:33:36+00:00,17.090979104711774,17.090979104711774,0,False,True,True,0.0,False,False,1727364814000000000,1727367245000000000,1727364816000000000,train,1460:22627>1492:22677|17,10-50,True,18.0,10-25
BEV1_2024-09-27_drive1.csv,BEV1,2024-09-27 05:48:34+00:00,2024-09-27 06:48:56+00:00,2024-09-27 05:48:35+00:00,23.40828092268636,23.40828092268636,0,False,True,True,0.0,False,False,1727416114000000000,1727419736000000000,1727416115000000000,train,1492:22677>1552:22706|23,10-50,True,18.0,10-25
BEV1_2024-10-01_drive1.csv,BEV1,2024-10-01 16:37:04+00:00,2024-10-01 17:39:33+00:00,2024-10-01 16:37:06+00:00,21.289337933121026,21.289337933121026,0,False,True,True,0.0,False,False,1727800624000000000,1727804373000000000,1727800626000000000,train,1552:22706>1492:22677|21,10-50,True,14.5,10-25
BEV1_2024-10-02_drive1.csv,BEV1,2024-10-02 07:07:03+00:00,2024-10-02 07:37:35+00:00,2024-10-02 07:07:05+00:00,22.47933778498489,22.47933778498489,0,False,True,True,0.0,False,False,1727852823000000000,1727854655000000000,1727852825000000000,train,1492:22677>1552:22706|22,10-50,True,22.0,10-25
BEV1_2024-10-02_drive2.csv,BEV1,2024-10-02 09:39:38+00:00,2024-10-02 10:39:29+00:00,2024-10-02 09:39:39+00:00,54.31129094640865,54.31129094640865,0,False,True,True,0.0,False,False,1727861978000000000,1727865569000000000,1727861979000000000,train,1552:22706>1311:22647|54,>=50,True,13.0,10-25
BEV1_2024-10-02_drive3.csv,BEV1,2024-10-02 14:06:59+00:00,2024-10-02 15:45:20+00:00,2024-10-02 14:07:00+00:00,63.650251239949824,63.650251239949824,0,False,True,True,0.0,False,False,1727878019000000000,1727883920000000000,1727878020000000000,train,1311:22647>1492:22677|63,>=50,True,15.0,10-25
BEV1_2024-10-03_drive1.csv,BEV1,2024-10-03 06:06:52+00:00,2024-10-03 07:07:25+00:00,2024-10-03 06:06:54+00:00,24.97687793040376,24.97687793040376,0,False,True,True,0.0,False,False,1727935612000000000,1727939245000000000,1727935614000000000,train,1492:22677>1552:22706|24,10-50,True,19.0,10-25
BEV1_2024-10-03_drive2.csv,BEV1,2024-10-03 10:34:56+00:00,2024-10-03 10:37:22+00:00,2024-10-03 10:34:57+00:00,0.0846987582894306,0.0846987582894306,1,False,False,False,0.0,False,False,1727951696000000000,1727951842000000000,1727951697000000000,train,1552:22706>1552:22706|0,<2,True,12.5,10-25
BEV1_2024-10-03_drive3.csv,BEV1,2024-10-03 15:55:06+00:00,2024-10-03 16:56:41+00:00,2024-10-03 15:55:07+00:00,21.715825597246425,21.715825597246425,0,False,True,True,0.0,False,False,1727970906000000000,1727974601000000000,1727970907000000000,train,1552:22706>1492:22677|21,10-50,True,13.5,10-25
BEV1_2024-10-04_drive1.csv,BEV1,2024-10-04 05:53:11+00:00,2024-10-04 06:48:43+00:00,2024-10-04 05:53:13+00:00,22.671035626563835,22.671035626563835,0,False,True,True,0.0,False,False,1728021191000000000,1728024523000000000,1728021193000000000,train,1492:22677>1552:22706|22,10-50,True,19.5,10-25
BEV1_2024-10-20_drive1.csv,BEV1,2024-10-20 09:58:46+00:00,2024-10-20 11:00:43+00:00,2024-10-20 09:58:47+00:00,10.795083387624077,10.795083387624077,0,False,True,True,0.0,False,False,1729418326000000000,1729422043000000000,1729418327000000000,train,1492:22677>1508:22690|10,10-50,True,20.0,10-25
BEV1_2024-10-20_drive2.csv,BEV1,2024-10-20 11:23:47+00:00,2024-10-20 12:05:27+00:00,2024-10-20 11:23:48+00:00,8.258460856739754,8.258460856739754,0,False,True,True,0.0,False,False,1729423427000000000,1729425927000000000,1729423428000000000,train,1508:22690>1492:22677|8,2-10,True,17.0,10-25
BEV1_2024-10-22_drive1.csv,BEV1,2024-10-22 05:44:09+00:00,2024-10-22 06:25:21+00:00,2024-10-22 05:44:11+00:00,15.595576489666492,15.595576489666492,0,False,True,True,0.0,False,False,1729575849000000000,1729578321000000000,1729575851000000000,train,1492:22677>1460:22627|15,10-50,True,19.0,10-25
BEV1_2024-10-22_drive2.csv,BEV1,2024-10-22 14:53:49+00:00,2024-10-22 15:34:28+00:00,2024-10-22 14:53:51+00:00,15.398630746776726,15.398630746776726,0,False,True,True,0.0,False,False,1729608829000000000,1729611268000000000,1729608831000000000,train,1460:22627>1492:22677|15,10-50,True,16.5,10-25
BEV1_2024-10-24_drive1.csv,BEV1,2024-10-24 06:02:39+00:00,2024-10-24 06:43:45+00:00,2024-10-24 06:02:41+00:00,15.88451216391162,15.88451216391162,0,False,True,True,0.0,False,False,1729749759000000000,1729752225000000000,1729749761000000000,train,1492:22677>1460:22627|15,10-50,True,18.5,10-25
BEV1_2024-10-24_drive2.csv,BEV1,2024-10-24 15:12:01+00:00,2024-10-24 15:45:31+00:00,2024-10-24 15:12:02+00:00,14.82673141100268,14.82673141100268,1,False,True,True,0.0,False,False,1729782721000000000,1729784731000000000,1729782722000000000,train,1460:22627>1492:22678|14,10-50,True,18.5,10-25
BEV1_2024-10-24_drive3.csv,BEV1,2024-10-24 19:43:07+00:00,2024-10-24 20:04:49+00:00,2024-10-24 19:43:08+00:00,0.1844689905180861,0.1844689905180861,0,False,True,True,0.0,False,False,1729798987000000000,1729800289000000000,1729798988000000000,train,1492:22678>1492:22677|0,<2,True,28.0,>25
BEV1_2024-10-25_drive1.csv,BEV1,2024-10-25 06:04:39+00:00,2024-10-25 06:45:35+00:00,2024-10-25 06:04:41+00:00,15.14636863914664,15.14636863914664,0,False,True,True,0.0,False,False,1729836279000000000,1729838735000000000,1729836281000000000,train,1492:22677>1460:22627|15,10-50,True,19.0,10-25
BEV1_2024-10-25_drive2.csv,BEV1,2024-10-25 14:58:08+00:00,2024-10-25 16:02:17+00:00,2024-10-25 14:58:10+00:00,14.642142547982267,14.642142547982267,0,False,True,True,0.0,False,False,1729868288000000000,1729872137000000000,1729868290000000000,train,1460:22627>1492:22677|14,10-50,True,19.5,10-25
BEV1_2024-10-27_drive1.csv,BEV1,2024-10-27 10:46:26+00:00,2024-10-27 11:46:15+00:00,2024-10-27 10:46:28+00:00,31.09375752660933,31.09375752660933,0,False,True,True,0.0,False,False,1730025986000000000,1730029575000000000,1730025988000000000,train,1492:22677>1375:22667|31,10-50,True,19.0,10-25
BEV1_2024-10-27_drive2.csv,BEV1,2024-10-27 13:18:34+00:00,2024-10-27 14:55:50+00:00,2024-10-27 13:18:35+00:00,43.93690444044199,43.93690444044199,0,False,True,True,0.0,False,False,1730035114000000000,1730040950000000000,1730035115000000000,train,1375:22667>1492:22678|43,10-50,True,17.5,10-25
BEV1_2024-10-27_drive3.csv,BEV1,2024-10-27 19:14:03+00:00,2024-10-27 19:36:29+00:00,2024-10-27 19:14:05+00:00,0.1509359919083398,0.1509359919083398,0,False,True,True,0.0,False,False,1730056443000000000,1730057789000000000,1730056445000000000,train,1492:22678>1492:22677|0,<2,True,23.0,10-25
BEV1_2024-10-28_drive1.csv,BEV1,2024-10-28 07:08:27+00:00,2024-10-28 07:50:20+00:00,2024-10-28 07:08:29+00:00,15.6487955178023,15.6487955178023,0,False,True,True,0.0,False,False,1730099307000000000,1730101820000000000,1730099309000000000,train,1492:22677>1460:22627|15,10-50,True,18.5,10-25
BEV1_2024-10-28_drive2.csv,BEV1,2024-10-28 15:55:15+00:00,2024-10-28 16:59:24+00:00,2024-10-28 15:55:16+00:00,15.279530289480586,15.279530289480586,0,False,True,True,0.0,False,False,1730130915000000000,1730134764000000000,1730130916000000000,train,1460:22627>1492:22677|15,10-50,True,16.5,10-25
BEV1_2024-10-29_drive1.csv,BEV1,2024-10-29 06:26:47+00:00,2024-10-29 07:16:53+00:00,2024-10-29 06:26:49+00:00,20.99881232143788,20.99881232143788,0,False,True,True,0.0,False,False,1730183207000000000,1730186213000000000,1730183209000000000,train,1492:22677>1552:22706|20,10-50,True,18.5,10-25
BEV1_2024-10-29_drive2.csv,BEV1,2024-10-29 16:55:29+00:00,2024-10-29 19:04:47+00:00,2024-10-29 16:55:30+00:00,24.05413538312857,24.05413538312857,0,False,True,True,0.0,False,False,1730220929000000000,1730228687000000000,1730220930000000000,train,1552:22706>1492:22677|24,10-50,True,16.5,10-25
BEV1_2024-10-30_drive1.csv,BEV1,2024-10-30 12:09:56+00:00,2024-10-30 14:18:56+00:00,2024-10-30 12:09:57+00:00,28.36818414785988,28.36818414785988,0,False,True,True,0.0,False,False,1730290196000000000,1730297936000000000,1730290197000000000,train,1492:22677>1492:22677|28,10-50,True,18.0,10-25
BEV1_2024-10-30_drive2.csv,BEV1,2024-10-30 16:37:28+00:00,2024-10-30 19:33:57+00:00,2024-10-30 16:37:29+00:00,11.245213459943248,11.245213459943248,0,False,True,True,0.0,False,False,1730306248000000000,1730316837000000000,1730306249000000000,train,1492:22677>1492:22677|11,10-50,True,18.0,10-25
BEV1_2024-10-31_drive1.csv,BEV1,2024-10-31 07:53:00+00:00,2024-10-31 08:35:22+00:00,2024-10-31 07:53:01+00:00,22.045860794728107,22.045860794728107,0,False,True,True,0.0,False,False,1730361180000000000,1730363722000000000,1730361181000000000,train,1492:22677>1552:22706|22,10-50,True,18.5,10-25
BEV1_2024-10-31_drive2.csv,BEV1,2024-10-31 13:26:50+00:00,2024-10-31 13:54:59+00:00,2024-10-31 13:26:51+00:00,23.262686005602944,23.262686005602944,0,True,True,True,0.0,True,False,1730381210000000000,1730382899000000000,1730381211000000000,train,1552:22706>1492:22678|23,10-50,True,16.0,10-25
BEV1_2024-10-31_drive3.csv,BEV1,2024-10-31 14:51:58+00:00,2024-10-31 16:10:58+00:00,2024-10-31 14:51:59+00:00,36.36149087210893,36.36149087210893,0,True,True,True,0.0,True,False,1730386318000000000,1730391058000000000,1730386319000000000,train,1492:22678>1393:22596|36,10-50,True,25.5,>25
BEV1_2024-10-31_drive4.csv,BEV1,2024-10-31 16:18:34+00:00,2024-10-31 17:23:21+00:00,2024-10-31 16:18:36+00:00,40.52354734283989,40.52354734283989,0,False,True,True,0.0,False,False,1730391514000000000,1730395401000000000,1730391516000000000,train,1393:22596>1217:22634|40,10-50,True,16.5,10-25
BEV1_2024-10-31_drive5.csv,BEV1,2024-10-31 17:45:17+00:00,2024-10-31 19:32:48+00:00,2024-10-31 17:45:20+00:00,85.57714062199689,85.57714062199689,0,False,True,True,0.0,False,False,1730396717000000000,1730403168000000000,1730396720000000000,train,1217:22634>862:22552|85,>=50,True,21.0,10-25
BEV1_2024-11-01_drive1.csv,BEV1,2024-11-01 15:07:39+00:00,2024-11-01 15:27:13+00:00,2024-11-01 15:07:42+00:00,2.78759240204444,2.78759240204444,0,False,True,True,0.0,False,False,1730473659000000000,1730474833000000000,1730473662000000000,train,862:22552>860:22558|2,2-10,True,11.5,10-25
BEV1_2024-11-02_drive1.csv,BEV1,2024-11-02 09:31:12+00:00,2024-11-02 09:36:12+00:00,2024-11-02 09:31:15+00:00,0.4416986291623815,0.4416986291623815,0,False,True,True,0.0,False,False,1730539872000000000,1730540172000000000,1730539875000000000,train,862:22551>862:22552|0,<2,True,12.0,10-25
BEV1_2024-11-02_drive2.csv,BEV1,2024-11-02 11:48:43+00:00,2024-11-02 12:53:48+00:00,2024-11-02 11:48:45+00:00,53.26249898485328,53.26249898485328,0,False,True,True,0.0,False,False,1730548123000000000,1730552028000000000,1730548125000000000,train,862:22552>762:22662|53,>=50,True,13.0,10-25
BEV1_2024-11-02_drive3.csv,BEV1,2024-11-02 13:26:38+00:00,2024-11-02 14:34:00+00:00,2024-11-02 13:26:39+00:00,38.27815128518682,38.27815128518682,0,False,True,True,0.0,False,False,1730553998000000000,1730558040000000000,1730553999000000000,train,762:22662>668:22730|38,10-50,True,13.5,10-25
BEV1_2024-11-02_drive4.csv,BEV1,2024-11-02 17:35:22+00:00,2024-11-02 18:44:00+00:00,2024-11-02 17:35:23+00:00,66.09107175762752,66.09107175762752,0,False,True,True,0.0,False,False,1730568922000000000,1730573040000000000,1730568923000000000,train,668:22730>854:22550|66,>=50,True,14.0,10-25
BEV1_2024-11-02_drive5.csv,BEV1,2024-11-02 19:37:38+00:00,2024-11-02 19:52:41+00:00,2024-11-02 19:37:39+00:00,3.5500750401371706,3.5500750401371706,1,True,False,True,0.0,True,False,1730576258000000000,1730577161000000000,1730576259000000000,train,854:22550>862:22551|3,2-10,True,18.2,10-25
BEV1_2024-11-04_drive2.csv,BEV1,2024-11-04 16:31:31+00:00,2024-11-04 16:56:31+00:00,2024-11-04 16:31:33+00:00,15.778033331453972,15.778033331453972,0,False,True,True,0.0,False,False,1730737891000000000,1730739391000000000,1730737893000000000,train,1460:22627>1492:22677|15,10-50,True,9.5,<10
BEV1_2024-11-05_drive1.csv,BEV1,2024-11-05 06:47:32+00:00,2024-11-05 07:18:40+00:00,2024-11-05 06:47:35+00:00,20.976541363734743,20.976541363734743,0,False,True,True,0.0,False,False,1730789252000000000,1730791120000000000,1730789255000000000,train,1492:22677>1552:22706|20,10-50,True,17.5,10-25
BEV1_2024-11-05_drive2.csv,BEV1,2024-11-05 16:42:26+00:00,2024-11-05 17:11:52+00:00,2024-11-05 16:42:29+00:00,22.50647804435908,22.50647804435908,0,False,True,True,0.0,False,False,1730824946000000000,1730826712000000000,1730824949000000000,train,1552:22706>1492:22677|22,10-50,True,16.0,10-25
BEV1_2024-11-06_drive1.csv,BEV1,2024-11-06 08:24:05+00:00,2024-11-06 08:50:39+00:00,2024-11-06 08:24:06+00:00,22.348493274950386,22.348493274950386,0,False,True,True,0.0,False,False,1730881445000000000,1730883039000000000,1730881446000000000,train,1492:22677>1552:22706|22,10-50,True,17.5,10-25
BEV1_2024-11-06_drive3.csv,BEV1,2024-11-06 18:52:07+00:00,2024-11-06 18:58:26+00:00,2024-11-06 18:52:08+00:00,2.1925398345505367,2.1925398345505367,0,False,True,True,0.0,False,False,1730919127000000000,1730919506000000000,1730919128000000000,train,1492:22677>1489:22681|2,2-10,True,13.5,10-25
BEV1_2024-11-06_drive4.csv,BEV1,2024-11-06 20:08:15+00:00,2024-11-06 20:13:27+00:00,2024-11-06 20:08:16+00:00,1.8562384384864528,1.8562384384864528,0,False,True,True,0.0,False,False,1730923695000000000,1730924007000000000,1730923696000000000,train,1489:22681>1492:22677|1,<2,True,10.5,10-25
BEV1_2024-11-07_drive1.csv,BEV1,2024-11-07 07:31:51+00:00,2024-11-07 07:55:16+00:00,2024-11-07 07:31:52+00:00,15.092697296998905,15.092697296998905,0,False,True,True,0.0,False,False,1730964711000000000,1730966116000000000,1730964712000000000,train,1492:22677>1460:22627|15,10-50,True,17.0,10-25
BEV1_2024-11-07_drive2.csv,BEV1,2024-11-07 16:32:09+00:00,2024-11-07 16:56:41+00:00,2024-11-07 16:32:10+00:00,15.236204964151582,15.236204964151582,0,False,True,True,0.0,False,False,1730997129000000000,1730998601000000000,1730997130000000000,train,1460:22627>1492:22677|15,10-50,True,7.0,<10
BEV1_2024-11-08_drive1.csv,BEV1,2024-11-08 09:03:17+00:00,2024-11-08 09:24:40+00:00,2024-11-08 09:03:18+00:00,8.88364905311833,8.88364905311833,0,True,True,True,0.0,True,False,1731056597000000000,1731057880000000000,1731056598000000000,train,1492:22677>1511:22677|8,2-10,True,17.0,10-25
BEV1_2024-11-08_drive2.csv,BEV1,2024-11-08 12:09:15+00:00,2024-11-08 12:28:59+00:00,2024-11-08 12:09:17+00:00,8.648206666081098,8.648206666081098,0,False,True,True,0.0,False,False,1731067755000000000,1731068939000000000,1731067757000000000,train,1511:22677>1492:22677|8,2-10,True,6.5,<10
BEV1_2024-11-08_drive3.csv,BEV1,2024-11-08 17:49:26+00:00,2024-11-08 18:10:17+00:00,2024-11-08 17:49:28+00:00,6.60955907488347,6.60955907488347,0,False,True,True,0.0,False,False,1731088166000000000,1731089417000000000,1731088168000000000,train,1492:22677>1489:22687|6,2-10,True,16.0,10-25
BEV1_2024-11-08_drive4.csv,BEV1,2024-11-08 22:53:05+00:00,2024-11-08 23:03:32+00:00,2024-11-08 22:53:06+00:00,4.388636414756694,4.388767835438668,0,False,True,True,0.0,False,False,1731106385000000000,1731107012000000000,1731106386000000000,train,1489:22687>1492:22677|4,2-10,True,7.5,<10
BEV1_2024-11-10_drive1.csv,BEV1,2024-11-10 15:58:47+00:00,2024-11-10 16:07:37+00:00,2024-11-10 15:58:48+00:00,3.325516700981168,3.325516700981168,0,False,True,True,0.0,False,False,1731254327000000000,1731254857000000000,1731254328000000000,train,1492:22677>1489:22673|3,2-10,True,17.5,10-25
BEV1_2024-11-10_drive2.csv,BEV1,2024-11-10 17:04:43+00:00,2024-11-10 17:14:09+00:00,2024-11-10 17:04:44+00:00,3.2957000631333733,3.2957000631333733,0,False,True,True,0.0,False,False,1731258283000000000,1731258849000000000,1731258284000000000,train,1489:22673>1492:22678|3,2-10,True,14.0,10-25
BEV1_2024-11-10_drive3.csv,BEV1,2024-11-10 19:45:56+00:00,2024-11-10 19:59:42+00:00,2024-11-10 19:45:57+00:00,4.585605942245161,4.585605942245161,0,False,True,True,0.0,False,False,1731267956000000000,1731268782000000000,1731267957000000000,train,1492:22678>1498:22684|4,2-10,True,11.5,10-25
BEV1_2024-11-10_drive4.csv,BEV1,2024-11-10 20:30:41+00:00,2024-11-10 20:38:36+00:00,2024-11-10 20:30:42+00:00,4.387842837211826,4.387842837211826,0,False,True,True,0.0,False,False,1731270641000000000,1731271116000000000,1731270642000000000,train,1498:22684>1492:22677|4,2-10,True,11.0,10-25
BEV1_2024-11-11_drive1.csv,BEV1,2024-11-11 10:50:14+00:00,2024-11-11 12:31:01+00:00,2024-11-11 10:50:15+00:00,115.94223922677104,115.94223922677104,0,False,True,True,0.0,False,False,1731322214000000000,1731328261000000000,1731322215000000000,train,1492:22677>1950:22680|115,>=50,True,17.0,10-25
BEV1_2024-11-11_drive2.csv,BEV1,2024-11-11 16:51:20+00:00,2024-11-11 16:57:51+00:00,2024-11-11 16:51:22+00:00,0.3200538213013044,0.3200538213013044,0,False,True,True,0.0,False,False,1731343880000000000,1731344271000000000,1731343882000000000,train,1950:22680>1950:22680|0,<2,True,27.0,>25
BEV1_2024-11-11_drive3.csv,BEV1,2024-11-11 17:01:22+00:00,2024-11-11 17:15:43+00:00,2024-11-11 17:01:23+00:00,3.624030777607163,3.624030777607163,0,False,True,True,0.0,False,False,1731344482000000000,1731345343000000000,1731344483000000000,train,1950:22680>1948:22672|3,2-10,True,26.0,>25
BEV1_2024-11-11_drive4.csv,BEV1,2024-11-11 17:59:21+00:00,2024-11-11 19:45:43+00:00,2024-11-11 17:59:22+00:00,112.3894420909918,112.3894420909918,0,False,True,True,0.0,False,False,1731347961000000000,1731354343000000000,1731347962000000000,train,1948:22672>1492:22677|112,>=50,True,19.0,10-25
BEV1_2024-11-12_drive1.csv,BEV1,2024-11-12 07:01:32+00:00,2024-11-12 07:39:19+00:00,2024-11-12 07:01:33+00:00,23.13103505160575,23.13103505160575,0,False,True,True,0.0,False,False,1731394892000000000,1731397159000000000,1731394893000000000,train,1492:22677>1552:22706|23,10-50,True,17.0,10-25
BEV1_2024-11-12_drive2.csv,BEV1,2024-11-12 16:42:51+00:00,2024-11-12 17:21:14+00:00,2024-11-12 16:42:53+00:00,24.59053264721761,24.59053264721761,0,False,True,True,0.0,False,False,1731429771000000000,1731432074000000000,1731429773000000000,train,1552:22706>1492:22677|24,10-50,True,11.0,10-25
BEV1_2024-11-13_drive1.csv,BEV1,2024-11-13 07:43:28+00:00,2024-11-13 08:03:36+00:00,2024-11-13 07:43:30+00:00,15.122443662221606,15.122443662221606,0,False,True,True,0.0,False,False,1731483808000000000,1731485016000000000,1731483810000000000,train,1492:22677>1460:22628|15,10-50,True,17.0,10-25
BEV1_2024-11-13_drive2.csv,BEV1,2024-11-13 16:41:28+00:00,2024-11-13 17:08:00+00:00,2024-11-13 16:41:29+00:00,15.373936525040705,15.373936525040705,0,False,True,True,0.0,False,False,1731516088000000000,1731517680000000000,1731516089000000000,train,1460:22628>1492:22677|15,10-50,True,10.0,10-25
BEV1_2024-11-13_drive3.csv,BEV1,2024-11-13 18:07:09+00:00,2024-11-13 18:19:20+00:00,2024-11-13 18:07:11+00:00,6.2797270204717766,6.2797270204717766,0,False,True,True,0.0,False,False,1731521229000000000,1731521960000000000,1731521231000000000,train,1492:22677>1504:22678|6,2-10,True,13.45,10-25
BEV1_2024-11-13_drive4.csv,BEV1,2024-11-13 21:41:45+00:00,2024-11-13 21:55:50+00:00,2024-11-13 21:41:46+00:00,6.8451577071156615,6.8451577071156615,0,False,True,True,0.0,False,False,1731534105000000000,1731534950000000000,1731534106000000000,train,1504:22678>1492:22677|6,2-10,True,9.0,<10
BEV1_2024-11-14_drive1.csv,BEV1,2024-11-14 06:53:05+00:00,2024-11-14 07:17:17+00:00,2024-11-14 06:53:06+00:00,8.610733351517831,8.610733351517831,0,False,True,True,0.0,False,False,1731567185000000000,1731568637000000000,1731567186000000000,train,1492:22677>1511:22677|8,2-10,True,16.5,10-25
BEV1_2024-11-14_drive2.csv,BEV1,2024-11-14 09:59:32+00:00,2024-11-14 10:19:34+00:00,2024-11-14 09:59:34+00:00,15.633587479056782,15.633587479056782,0,False,True,True,0.0,False,False,1731578372000000000,1731579574000000000,1731578374000000000,train,1511:22677>1552:22706|15,10-50,True,11.0,10-25
BEV1_2024-11-14_drive3.csv,BEV1,2024-11-14 16:06:05+00:00,2024-11-14 16:40:56+00:00,2024-11-14 16:06:07+00:00,23.42728798714263,23.42788228527972,0,False,True,True,0.0,False,False,1731600365000000000,1731602456000000000,1731600367000000000,train,1552:22706>1492:22677|23,10-50,True,10.5,10-25
BEV1_2024-11-15_drive1.csv,BEV1,2024-11-15 14:39:14+00:00,2024-11-15 16:03:31+00:00,2024-11-15 14:39:15+00:00,94.5506483308774,94.5506483308774,0,False,True,True,0.0,False,False,1731681554000000000,1731686611000000000,1731681555000000000,train,1492:22677>1254:22474|94,>=50,True,16.5,10-25
BEV1_2024-11-17_drive1.csv,BEV1,2024-11-17 22:41:42+00:00,2024-11-17 23:04:26+00:00,2024-11-17 22:41:43+00:00,20.91248633691261,20.91248633691261,0,False,True,True,0.0,False,False,1731883302000000000,1731884666000000000,1731883303000000000,train,1254:22474>1344:22480|20,10-50,True,7.0,<10
BEV1_2024-11-17_drive2.csv,BEV1,2024-11-17 23:22:36+00:00,2024-11-18 00:42:48+00:00,2024-11-17 23:22:37+00:00,87.35427730687434,87.35427730687434,1,False,False,True,0.0,False,False,1731885756000000000,1731890568000000000,1731885757000000000,train,1344:22480>1492:22678|87,>=50,True,6.0,<10
BEV1_2024-11-18_drive1.csv,BEV1,2024-11-18 07:37:12+00:00,2024-11-18 08:00:42+00:00,2024-11-18 07:37:13+00:00,14.959122950664325,14.959122950664325,0,False,True,True,0.0,False,False,1731915432000000000,1731916842000000000,1731915433000000000,train,1492:22678>1460:22627|14,10-50,True,7.5,<10
BEV1_2024-11-18_drive2.csv,BEV1,2024-11-18 16:09:30+00:00,2024-11-18 16:33:31+00:00,2024-11-18 16:09:32+00:00,14.32229922342058,14.32229922342058,0,False,True,True,0.0,False,False,1731946170000000000,1731947611000000000,1731946172000000000,train,1460:22627>1492:22676|14,10-50,True,8.5,<10
BEV1_2024-11-18_drive3.csv,BEV1,2024-11-18 16:39:09+00:00,2024-11-18 16:47:17+00:00,2024-11-18 16:39:11+00:00,0.8448689952256039,0.8448689952256039,0,False,True,True,0.0,False,False,1731947949000000000,1731948437000000000,1731947951000000000,train,1492:22676>1492:22677|0,<2,True,8.5,<10
BEV1_2024-11-19_drive1.csv,BEV1,2024-11-19 07:27:37+00:00,2024-11-19 07:49:43+00:00,2024-11-19 07:27:39+00:00,14.676304138272474,14.676304138272474,0,False,True,True,0.0,False,False,1732001257000000000,1732002583000000000,1732001259000000000,train,1492:22677>1460:22627|14,10-50,True,16.0,10-25
BEV1_2024-11-19_drive2.csv,BEV1,2024-11-19 16:09:09+00:00,2024-11-19 16:32:34+00:00,2024-11-19 16:09:11+00:00,15.719908177844026,15.719908177844026,0,False,True,True,0.0,False,False,1732032549000000000,1732033954000000000,1732032551000000000,train,1460:22627>1492:22677|15,10-50,True,6.0,<10
BEV1_2024-11-20_drive1.csv,BEV1,2024-11-20 07:50:06+00:00,2024-11-20 08:23:59+00:00,2024-11-20 07:50:07+00:00,23.952159965967983,23.952159965967983,0,False,True,True,0.0,False,False,1732089006000000000,1732091039000000000,1732089007000000000,train,1492:22677>1552:22706|23,10-50,True,14.0,10-25
BEV1_2024-11-20_drive2.csv,BEV1,2024-11-20 16:53:18+00:00,2024-11-20 17:26:19+00:00,2024-11-20 16:53:19+00:00,21.58451090140221,21.58451090140221,0,False,True,True,0.0,False,False,1732121598000000000,1732123579000000000,1732121599000000000,train,1552:22706>1492:22677|21,10-50,True,4.0,<10
BEV1_2024-11-20_drive3.csv,BEV1,2024-11-20 18:17:42+00:00,2024-11-20 18:28:30+00:00,2024-11-20 18:17:43+00:00,4.441103539407793,4.441103539407793,0,False,True,True,0.0,False,False,1732126662000000000,1732127310000000000,1732126663000000000,train,1492:22677>1489:22687|4,2-10,True,8.0,<10
BEV1_2024-11-20_drive4.csv,BEV1,2024-11-20 20:02:35+00:00,2024-11-20 20:18:48+00:00,2024-11-20 20:02:37+00:00,4.533251730367311,4.533251730367311,0,False,True,True,0.0,False,False,1732132955000000000,1732133928000000000,1732132957000000000,train,1489:22687>1492:22677|4,2-10,True,1.5,<10
BEV1_2024-11-21_drive1.csv,BEV1,2024-11-21 06:27:04+00:00,2024-11-21 07:02:04+00:00,2024-11-21 06:27:05+00:00,23.26565846820354,23.26565846820354,0,True,True,True,0.0,True,False,1732170424000000000,1732172524000000000,1732170425000000000,train,1492:22677>1552:22706|23,10-50,True,14.0,10-25
BEV1_2024-11-21_drive2.csv,BEV1,2024-11-21 14:28:53+00:00,2024-11-21 15:31:58+00:00,2024-11-21 14:28:54+00:00,55.38547877327292,55.38547877327292,1,True,True,True,0.0,True,False,1732199333000000000,1732203118000000000,1732199334000000000,train,1552:22706>1313:22648|55,>=50,True,3.0,<10
BEV1_2024-11-21_drive3.csv,BEV1,2024-11-21 17:55:06+00:00,2024-11-21 18:08:16+00:00,2024-11-21 17:55:07+00:00,3.667560898688304,3.667560898688304,0,False,True,True,0.0,False,False,1732211706000000000,1732212496000000000,1732211707000000000,train,1313:22648>1319:22653|3,2-10,True,8.0,<10
BEV1_2024-11-21_drive4.csv,BEV1,2024-11-21 20:08:48+00:00,2024-11-21 21:03:01+00:00,2024-11-21 20:08:49+00:00,51.516793559202085,51.516793559202085,0,False,True,True,0.0,False,False,1732219728000000000,1732222981000000000,1732219729000000000,train,1319:22653>1492:22677|51,>=50,True,13.0,10-25
BEV1_2024-11-22_drive1.csv,BEV1,2024-11-22 09:18:26+00:00,2024-11-22 09:31:07+00:00,2024-11-22 09:18:27+00:00,7.915478459949508,7.915478459949508,0,False,True,True,0.0,False,False,1732267106000000000,1732267867000000000,1732267107000000000,train,1492:22677>1511:22677|7,2-10,True,14.0,10-25
BEV1_2024-11-22_drive2.csv,BEV1,2024-11-22 11:35:01+00:00,2024-11-22 12:28:36+00:00,2024-11-22 11:35:02+00:00,52.85857387422733,52.85857387422733,1,False,True,True,0.0,False,False,1732275301000000000,1732278516000000000,1732275302000000000,train,1511:22677>1313:22648|52,>=50,True,3.5,<10
BEV1_2024-11-22_drive4.csv,BEV1,2024-11-22 17:43:30+00:00,2024-11-22 18:23:08+00:00,2024-11-22 17:43:31+00:00,20.57829379038999,20.57829379038999,0,False,True,True,0.0,False,False,1732297410000000000,1732299788000000000,1732297411000000000,train,1492:22677>1547:22703|20,10-50,True,10.5,10-25
BEV1_2024-11-22_drive5.csv,BEV1,2024-11-22 21:03:45+00:00,2024-11-22 21:40:56+00:00,2024-11-22 21:03:46+00:00,19.09168329828833,19.09168329828833,0,False,True,True,0.0,False,False,1732309425000000000,1732311656000000000,1732309426000000000,train,1547:22703>1492:22677|19,10-50,True,1.5,<10
BEV1_2024-11-23_drive1.csv,BEV1,2024-11-23 13:23:01+00:00,2024-11-23 13:37:52+00:00,2024-11-23 13:23:03+00:00,2.975686732997385,2.975686732997385,0,False,True,True,0.0,False,False,1732368181000000000,1732369072000000000,1732368183000000000,train,1492:22677>1496:22679|2,2-10,True,13.0,10-25
BEV1_2024-11-23_drive2.csv,BEV1,2024-11-23 13:39:42+00:00,2024-11-23 13:43:26+00:00,2024-11-23 13:39:43+00:00,0.0768317688569679,0.0768317688569679,0,False,True,False,0.0,False,False,1732369182000000000,1732369406000000000,1732369183000000000,train,1496:22679>1496:22679|0,<2,True,7.0,<10
BEV1_2024-11-23_drive3.csv,BEV1,2024-11-23 16:49:15+00:00,2024-11-23 16:55:58+00:00,2024-11-23 16:49:17+00:00,0.8635021837032789,0.8635021837032789,0,False,True,True,0.0,False,False,1732380555000000000,1732380958000000000,1732380557000000000,train,1496:22679>1496:22682|0,<2,True,7.0,<10
BEV1_2024-11-23_drive4.csv,BEV1,2024-11-23 17:42:19+00:00,2024-11-23 17:59:37+00:00,2024-11-23 17:42:20+00:00,4.346160285894058,4.346160285894058,0,False,True,True,0.0,False,False,1732383739000000000,1732384777000000000,1732383740000000000,train,1496:22682>1492:22677|4,2-10,True,7.0,<10
BEV1_2024-11-24_drive1.csv,BEV1,2024-11-24 10:08:09+00:00,2024-11-24 10:18:09+00:00,2024-11-24 10:08:10+00:00,4.286046805006736,4.286046805006736,0,False,True,True,0.0,False,False,1732442889000000000,1732443489000000000,1732442890000000000,train,1492:22677>1481:22684|4,2-10,True,14.5,10-25
BEV1_2024-11-24_drive2.csv,BEV1,2024-11-24 10:24:51+00:00,2024-11-24 10:35:18+00:00,2024-11-24 10:24:52+00:00,5.099727750463452,5.099727750463452,0,False,True,True,0.0,False,False,1732443891000000000,1732444518000000000,1732443892000000000,train,1481:22684>1492:22677|5,2-10,True,16.0,10-25
BEV1_2024-11-25_drive1.csv,BEV1,2024-11-25 07:27:05+00:00,2024-11-25 07:29:21+00:00,2024-11-25 07:27:06+00:00,0.1501305818370706,0.1501305818370706,0,False,True,False,0.0,False,False,1732519625000000000,1732519761000000000,1732519626000000000,train,1492:22677>1492:22678|0,<2,True,15.5,10-25
BEV1_2024-11-25_drive2.csv,BEV1,2024-11-25 12:33:09+00:00,2024-11-25 13:19:07+00:00,2024-11-25 12:33:10+00:00,50.55618598664888,50.55618598664888,0,False,True,True,0.0,False,False,1732537989000000000,1732540747000000000,1732537990000000000,train,1492:22678>1313:22647|50,>=50,True,15.0,10-25
BEV1_2024-11-25_drive3.csv,BEV1,2024-11-25 13:47:40+00:00,2024-11-25 13:59:09+00:00,2024-11-25 13:47:41+00:00,3.410905412585084,3.41097559798653,0,False,True,True,0.0,False,False,1732542460000000000,1732543149000000000,1732542461000000000,train,1313:22647>1319:22653|3,2-10,True,10.0,10-25
BEV1_2024-11-25_drive4.csv,BEV1,2024-11-25 16:45:28+00:00,2024-11-25 17:35:06+00:00,2024-11-25 16:45:30+00:00,45.14889719668942,45.14889719668942,0,False,True,True,0.0,False,False,1732553128000000000,1732556106000000000,1732553130000000000,train,1319:22653>1492:22677|45,10-50,True,14.0,10-25
BEV1_2024-11-26_drive1.csv,BEV1,2024-11-26 07:26:54+00:00,2024-11-26 08:03:11+00:00,2024-11-26 07:26:55+00:00,22.99612995758933,22.99612995758933,0,False,True,True,0.0,False,False,1732606014000000000,1732608191000000000,1732606015000000000,train,1492:22677>1552:22706|22,10-50,True,14.5,10-25
BEV1_2024-11-26_drive2.csv,BEV1,2024-11-26 16:07:04+00:00,2024-11-26 16:42:59+00:00,2024-11-26 16:07:05+00:00,22.6070859934332,22.6070859934332,0,False,True,True,0.0,False,False,1732637224000000000,1732639379000000000,1732637225000000000,train,1552:22706>1492:22677|22,10-50,True,10.5,10-25
BEV1_2024-11-28_drive1.csv,BEV1,2024-11-28 07:11:31+00:00,2024-11-28 07:50:49+00:00,2024-11-28 07:11:32+00:00,23.411108600587127,23.411108600587127,0,True,True,True,0.0,True,False,1732777891000000000,1732780249000000000,1732777892000000000,train,1492:22677>1552:22706|23,10-50,True,14.5,10-25
BEV1_2024-11-28_drive2.csv,BEV1,2024-11-28 11:33:57+00:00,2024-11-28 11:53:39+00:00,2024-11-28 11:33:58+00:00,15.56245491931212,15.56245491931212,0,False,True,True,0.0,False,False,1732793637000000000,1732794819000000000,1732793638000000000,train,1552:22706>1511:22678|15,10-50,True,8.785714285714286,<10
BEV1_2024-11-28_drive3.csv,BEV1,2024-11-28 14:43:53+00:00,2024-11-28 15:23:11+00:00,2024-11-28 14:43:54+00:00,15.259406776653297,15.259406776653297,0,False,True,True,0.0,False,False,1732805033000000000,1732807391000000000,1732805034000000000,train,1511:22678>1552:22706|15,10-50,True,10.0,10-25
BEV1_2024-11-28_drive4.csv,BEV1,2024-11-28 17:07:16+00:00,2024-11-28 17:45:45+00:00,2024-11-28 17:07:17+00:00,20.354688667787865,20.354688667787865,0,False,True,True,0.0,False,False,1732813636000000000,1732815945000000000,1732813637000000000,train,1552:22706>1492:22680|20,10-50,True,8.5,<10
BEV1_2024-11-28_drive5.csv,BEV1,2024-11-28 19:38:38+00:00,2024-11-28 19:48:39+00:00,2024-11-28 19:38:39+00:00,3.37061638478869,3.37061638478869,0,False,True,True,0.0,False,False,1732822718000000000,1732823319000000000,1732822719000000000,train,1492:22680>1492:22677|3,2-10,True,7.0,<10
BEV1_2024-11-29_drive1.csv,BEV1,2024-11-29 06:43:58+00:00,2024-11-29 07:21:57+00:00,2024-11-29 06:43:59+00:00,22.86084343878949,22.86084343878949,0,True,True,True,0.0,True,False,1732862638000000000,1732864917000000000,1732862639000000000,train,1492:22677>1552:22706|22,10-50,True,15.0,10-25
BEV1_2024-11-29_drive2.csv,BEV1,2024-11-29 16:32:24+00:00,2024-11-29 17:09:09+00:00,2024-11-29 16:32:25+00:00,22.84088172049701,22.84088172049701,0,False,True,True,0.0,False,False,1732897944000000000,1732900149000000000,1732897945000000000,train,1552:22706>1492:22677|22,10-50,True,5.5,<10
BEV1_2024-11-30_drive1.csv,BEV1,2024-11-30 11:01:29+00:00,2024-11-30 11:10:04+00:00,2024-11-30 11:01:31+00:00,2.1273332183568323,2.1273332183568323,0,False,True,True,0.0,False,False,1732964489000000000,1732965004000000000,1732964491000000000,train,1492:22677>1496:22677|2,2-10,True,15.0,10-25
BEV1_2024-11-30_drive2.csv,BEV1,2024-11-30 11:20:58+00:00,2024-11-30 11:50:16+00:00,2024-11-30 11:21:00+00:00,1.7383013299221637,1.7383013299221637,0,False,True,True,0.0,False,False,1732965658000000000,1732967416000000000,1732965660000000000,train,1496:22677>1496:22682|1,<2,True,11.0,10-25
BEV1_2024-11-30_drive3.csv,BEV1,2024-11-30 12:21:50+00:00,2024-11-30 12:33:36+00:00,2024-11-30 12:21:51+00:00,2.6206382524999947,2.6206382524999947,0,False,True,True,0.0,False,False,1732969310000000000,1732970016000000000,1732969311000000000,train,1496:22682>1495:22680|2,2-10,True,7.5,<10
BEV1_2024-11-30_drive4.csv,BEV1,2024-11-30 13:30:55+00:00,2024-11-30 13:49:41+00:00,2024-11-30 13:30:57+00:00,4.622642464359817,4.622642464359817,0,False,True,True,0.0,False,False,1732973455000000000,1732974581000000000,1732973457000000000,train,1495:22680>1492:22677|4,2-10,True,13.0,10-25
BEV1_2024-12-01_drive1.csv,BEV1,2024-12-01 15:59:34+00:00,2024-12-01 16:11:39+00:00,2024-12-01 15:59:35+00:00,4.357176777094713,4.357176777094713,0,False,True,True,0.0,False,False,1733068774000000000,1733069499000000000,1733068775000000000,validation,1492:22677>1481:22684|4,2-10,True,15.5,10-25
BEV1_2024-12-01_drive2.csv,BEV1,2024-12-01 16:18:01+00:00,2024-12-01 16:37:27+00:00,2024-12-01 16:18:02+00:00,3.646660294539616,3.646660294539616,0,False,True,True,0.0,False,False,1733069881000000000,1733071047000000000,1733069882000000000,validation,1481:22684>1489:22687|3,2-10,False,11.0,10-25
BEV1_2024-12-01_drive3.csv,BEV1,2024-12-01 17:11:51+00:00,2024-12-01 17:27:34+00:00,2024-12-01 17:11:52+00:00,5.767033181966827,5.767033181966827,0,False,True,True,0.0,False,False,1733073111000000000,1733074054000000000,1733073112000000000,validation,1489:22687>1501:22696|5,2-10,False,9.0,<10
BEV1_2024-12-01_drive4.csv,BEV1,2024-12-01 17:41:10+00:00,2024-12-01 17:41:56+00:00,2024-12-01 17:41:11+00:00,0.0243770251710282,0.0243770251710282,0,False,True,False,0.0,False,False,1733074870000000000,1733074916000000000,1733074871000000000,validation,1501:22696>1501:22696|0,<2,False,7.0,<10
BEV1_2024-12-01_drive5.csv,BEV1,2024-12-01 17:51:51+00:00,2024-12-01 18:12:18+00:00,2024-12-01 17:51:52+00:00,7.58499968536398,7.58499968536398,0,False,True,True,0.0,False,False,1733075511000000000,1733076738000000000,1733075512000000000,validation,1501:22696>1490:22678|7,2-10,False,7.0,<10
BEV1_2024-12-01_drive6.csv,BEV1,2024-12-01 18:25:23+00:00,2024-12-01 18:34:49+00:00,2024-12-01 18:25:25+00:00,0.5482108985251086,0.5482108985251086,0,False,True,True,0.0,False,False,1733077523000000000,1733078089000000000,1733077525000000000,validation,1490:22678>1492:22677|0,<2,False,7.0,<10
BEV1_2024-12-02_drive1.csv,BEV1,2024-12-02 07:37:09+00:00,2024-12-02 08:00:02+00:00,2024-12-02 07:37:10+00:00,16.556250084914954,16.556250084914954,0,False,True,True,0.0,False,False,1733125029000000000,1733126402000000000,1733125030000000000,validation,1492:22677>1460:22627|16,10-50,False,14.0,10-25
BEV1_2024-12-02_drive2.csv,BEV1,2024-12-02 16:22:29+00:00,2024-12-02 16:58:18+00:00,2024-12-02 16:22:31+00:00,20.121603302760672,20.121603302760672,0,False,True,True,0.0,False,False,1733156549000000000,1733158698000000000,1733156551000000000,validation,1460:22627>1498:22682|20,10-50,False,9.5,<10
BEV1_2024-12-02_drive3.csv,BEV1,2024-12-02 17:32:27+00:00,2024-12-02 17:39:44+00:00,2024-12-02 17:32:29+00:00,3.883895766407592,3.883895766407592,0,False,True,True,0.0,False,False,1733160747000000000,1733161184000000000,1733160749000000000,validation,1498:22682>1489:22676|3,2-10,False,10.0,10-25
BEV1_2024-12-02_drive4.csv,BEV1,2024-12-02 17:46:17+00:00,2024-12-02 17:53:34+00:00,2024-12-02 17:46:19+00:00,2.974798170786812,2.974909365866778,0,False,True,True,0.0,False,False,1733161577000000000,1733162014000000000,1733161579000000000,validation,1489:22676>1492:22678|2,2-10,False,9.5,<10
BEV1_2024-12-02_drive5.csv,BEV1,2024-12-02 18:06:28+00:00,2024-12-02 18:31:17+00:00,2024-12-02 18:06:30+00:00,2.9099498614575228,2.9099498614575228,0,False,True,True,0.0,False,False,1733162788000000000,1733164277000000000,1733162790000000000,validation,1492:22678>1492:22678|2,2-10,False,9.5,<10
BEV1_2024-12-02_drive6.csv,BEV1,2024-12-02 20:03:06+00:00,2024-12-02 20:22:11+00:00,2024-12-02 20:03:07+00:00,0.187058544421165,0.187058544421165,0,True,True,True,0.0,True,False,1733169786000000000,1733170931000000000,1733169787000000000,validation,1492:22678>1492:22677|0,<2,True,8.5,<10
BEV1_2024-12-03_drive1.csv,BEV1,2024-12-03 06:57:43+00:00,2024-12-03 07:36:04+00:00,2024-12-03 06:57:44+00:00,23.15474883364389,23.15474883364389,0,False,True,True,0.0,False,False,1733209063000000000,1733211364000000000,1733209064000000000,validation,1492:22677>1552:22706|23,10-50,True,14.5,10-25
BEV1_2024-12-03_drive2.csv,BEV1,2024-12-03 13:19:18+00:00,2024-12-03 14:21:26+00:00,2024-12-03 13:19:19+00:00,50.028050929031295,50.028050929031295,0,False,True,True,0.0,False,False,1733231958000000000,1733235686000000000,1733231959000000000,validation,1552:22706>1492:22677|50,>=50,False,8.5,<10
BEV1_2024-12-03_drive3.csv,BEV1,2024-12-03 14:40:49+00:00,2024-12-03 14:51:07+00:00,2024-12-03 14:40:51+00:00,6.416508521421283,6.416639959852516,0,False,True,True,0.0,False,False,1733236849000000000,1733237467000000000,1733236851000000000,validation,1492:22677>1498:22691|6,2-10,False,10.0,10-25
BEV1_2024-12-03_drive4.csv,BEV1,2024-12-03 15:38:17+00:00,2024-12-03 15:55:58+00:00,2024-12-03 15:38:18+00:00,6.511285701934032,6.511396897014705,0,False,True,True,0.0,False,False,1733240297000000000,1733241358000000000,1733240298000000000,validation,1498:22691>1492:22677|6,2-10,False,7.0,<10
BEV1_2024-12-04_drive1.csv,BEV1,2024-12-04 16:31:38+00:00,2024-12-04 16:41:56+00:00,2024-12-04 16:31:39+00:00,4.844253518656052,4.844253518656052,0,False,True,True,0.0,False,False,1733329898000000000,1733330516000000000,1733329899000000000,validation,1492:22677>1498:22682|4,2-10,False,13.0,10-25
BEV1_2024-12-04_drive2.csv,BEV1,2024-12-04 17:19:36+00:00,2024-12-04 17:29:28+00:00,2024-12-04 17:19:37+00:00,5.197846155371685,5.197916223161005,0,False,True,True,0.0,False,False,1733332776000000000,1733333368000000000,1733332777000000000,validation,1498:22682>1481:22684|5,2-10,False,8.5,<10
BEV1_2024-12-04_drive3.csv,BEV1,2024-12-04 18:48:20+00:00,2024-12-04 19:00:34+00:00,2024-12-04 18:48:21+00:00,4.900480115781585,4.900480115781585,0,False,True,True,0.0,False,False,1733338100000000000,1733338834000000000,1733338101000000000,validation,1481:22684>1492:22677|4,2-10,False,6.5,<10
BEV1_2024-12-05_drive1.csv,BEV1,2024-12-05 07:39:40+00:00,2024-12-05 08:02:15+00:00,2024-12-05 07:39:41+00:00,15.08750863334356,15.08750863334356,0,False,True,True,0.0,False,False,1733384380000000000,1733385735000000000,1733384381000000000,validation,1492:22677>1460:22627|15,10-50,True,14.0,10-25
BEV1_2024-12-05_drive2.csv,BEV1,2024-12-05 16:34:29+00:00,2024-12-05 16:57:45+00:00,2024-12-05 16:34:31+00:00,14.900825090124094,14.900825090124094,0,False,True,True,0.0,False,False,1733416469000000000,1733417865000000000,1733416471000000000,validation,1460:22627>1492:22677|14,10-50,True,6.5,<10
BEV1_2024-12-05_drive3.csv,BEV1,2024-12-05 17:00:43+00:00,2024-12-05 17:13:09+00:00,2024-12-05 17:00:44+00:00,8.112805583170315,8.112805583170315,0,False,True,True,0.0,False,False,1733418043000000000,1733418789000000000,1733418044000000000,validation,1492:22677>1511:22677|8,2-10,True,10.0,10-25
BEV1_2024-12-05_drive4.csv,BEV1,2024-12-05 17:21:51+00:00,2024-12-05 17:34:03+00:00,2024-12-05 17:21:52+00:00,8.10389116773722,8.10389116773722,0,True,True,True,0.0,True,False,1733419311000000000,1733420043000000000,1733419312000000000,validation,1511:22677>1492:22677|8,2-10,True,7.0,<10
BEV1_2024-12-06_drive1.csv,BEV1,2024-12-06 06:56:48+00:00,2024-12-06 07:34:10+00:00,2024-12-06 06:56:49+00:00,22.65256259734365,22.65256259734365,0,False,True,True,0.0,False,False,1733468208000000000,1733470450000000000,1733468209000000000,validation,1492:22677>1552:22706|22,10-50,True,13.0,10-25
BEV1_2024-12-06_drive2.csv,BEV1,2024-12-06 15:57:35+00:00,2024-12-06 16:31:23+00:00,2024-12-06 15:57:36+00:00,23.419796569713945,23.419796569713945,0,False,True,True,0.0,False,False,1733500655000000000,1733502683000000000,1733500656000000000,validation,1552:22706>1492:22677|23,10-50,True,8.5,<10
BEV1_2024-12-06_drive3.csv,BEV1,2024-12-06 18:04:08+00:00,2024-12-06 18:20:17+00:00,2024-12-06 18:04:10+00:00,4.301218358917444,4.301218358917444,0,False,True,True,0.0,False,False,1733508248000000000,1733509217000000000,1733508250000000000,validation,1492:22677>1489:22687|4,2-10,True,12.0,10-25
BEV1_2024-12-06_drive4.csv,BEV1,2024-12-06 22:49:03+00:00,2024-12-06 23:09:34+00:00,2024-12-06 22:49:05+00:00,5.094111559825946,5.094111559825946,0,False,True,True,0.0,False,False,1733525343000000000,1733526574000000000,1733525345000000000,validation,1489:22687>1492:22677|5,2-10,False,6.5,<10
BEV1_2024-12-07_drive1.csv,BEV1,2024-12-07 10:31:49+00:00,2024-12-07 10:36:39+00:00,2024-12-07 10:31:51+00:00,0.16719044917326,0.16719044917326,1,False,False,True,0.0,False,False,1733567509000000000,1733567799000000000,1733567511000000000,validation,1492:22677>1492:22678|0,<2,True,13.5,10-25
BEV1_2024-12-07_drive3.csv,BEV1,2024-12-07 15:19:34+00:00,2024-12-07 16:53:37+00:00,2024-12-07 15:19:36+00:00,97.3423327905946,97.3423327905946,0,False,True,True,0.0,False,False,1733584774000000000,1733590417000000000,1733584776000000000,validation,1217:22634>881:22594|97,>=50,False,8.0,<10
BEV1_2024-12-07_drive4.csv,BEV1,2024-12-07 17:04:27+00:00,2024-12-07 18:21:26+00:00,2024-12-07 17:04:28+00:00,39.17627146075792,39.17627146075792,0,False,True,True,0.0,False,False,1733591067000000000,1733595686000000000,1733591068000000000,validation,881:22594>885:22576|39,10-50,False,6.5,<10
BEV1_2024-12-08_drive1.csv,BEV1,2024-12-08 00:01:05+00:00,2024-12-08 00:25:38+00:00,2024-12-08 00:01:07+00:00,10.53069341154632,10.53069341154632,0,False,True,True,0.0,False,False,1733616065000000000,1733617538000000000,1733616067000000000,validation,885:22576>862:22552|10,10-50,False,7.5,<10
BEV1_2024-12-08_drive2.csv,BEV1,2024-12-08 11:48:50+00:00,2024-12-08 12:23:54+00:00,2024-12-08 11:48:51+00:00,11.489126572663691,11.489126572663691,0,False,True,True,0.0,False,False,1733658530000000000,1733660634000000000,1733658531000000000,validation,862:22552>836:22554|11,10-50,False,7.0,<10
BEV1_2024-12-08_drive3.csv,BEV1,2024-12-08 14:24:36+00:00,2024-12-08 15:05:28+00:00,2024-12-08 14:24:38+00:00,36.44850394141952,36.44850394141952,0,False,True,True,0.0,False,False,1733667876000000000,1733670328000000000,1733667878000000000,validation,836:22554>917:22622|36,10-50,False,7.0,<10
BEV1_2024-12-08_drive4.csv,BEV1,2024-12-08 15:44:42+00:00,2024-12-08 17:44:06+00:00,2024-12-08 15:44:43+00:00,135.382293465423,135.382293465423,0,False,True,True,0.0,False,False,1733672682000000000,1733679846000000000,1733672683000000000,validation,917:22622>1492:22677|135,>=50,False,9.0,<10
BEV1_2024-12-09_drive1.csv,BEV1,2024-12-09 08:14:57+00:00,2024-12-09 08:45:34+00:00,2024-12-09 08:14:58+00:00,21.308435472638948,21.308435472638948,0,False,True,True,0.0,False,False,1733732097000000000,1733733934000000000,1733732098000000000,validation,1492:22677>1552:22706|21,10-50,True,13.5,10-25
BEV1_2024-12-09_drive2.csv,BEV1,2024-12-09 10:05:37+00:00,2024-12-09 10:07:56+00:00,2024-12-09 10:05:38+00:00,0.1313408741100557,0.1313408741100557,0,True,True,True,0.0,True,False,1733738737000000000,1733738876000000000,1733738738000000000,validation,1552:22706>1552:22706|0,<2,True,6.5,<10
BEV1_2024-12-09_drive3.csv,BEV1,2024-12-09 13:26:22+00:00,2024-12-09 13:45:44+00:00,2024-12-09 13:26:23+00:00,15.248760891436206,15.248760891436206,0,False,True,True,0.0,False,False,1733750782000000000,1733751944000000000,1733750783000000000,validation,1552:22706>1511:22678|15,10-50,True,5.5,<10
BEV1_2024-12-09_drive4.csv,BEV1,2024-12-09 15:37:57+00:00,2024-12-09 15:47:37+00:00,2024-12-09 15:37:58+00:00,4.217337998749665,4.217337998749665,0,False,True,True,0.0,False,False,1733758677000000000,1733759257000000000,1733758678000000000,validation,1511:22678>1498:22682|4,2-10,False,15.0,10-25
BEV1_2024-12-09_drive5.csv,BEV1,2024-12-09 16:18:37+00:00,2024-12-09 16:29:21+00:00,2024-12-09 16:18:39+00:00,3.402812734967896,3.402812734967896,0,False,True,True,0.0,False,False,1733761117000000000,1733761761000000000,1733761119000000000,validation,1498:22682>1496:22679|3,2-10,False,7.0,<10
BEV1_2024-12-09_drive6.csv,BEV1,2024-12-09 17:08:27+00:00,2024-12-09 17:18:37+00:00,2024-12-09 17:08:28+00:00,4.664305114158527,4.664305114158527,0,False,True,True,0.0,False,False,1733764107000000000,1733764717000000000,1733764108000000000,validation,1496:22679>1492:22677|4,2-10,False,6.5,<10
BEV1_2024-12-10_drive1.csv,BEV1,2024-12-10 09:03:49+00:00,2024-12-10 09:11:45+00:00,2024-12-10 09:03:50+00:00,4.196019424480998,4.196019424480998,0,False,True,True,0.0,False,False,1733821429000000000,1733821905000000000,1733821430000000000,validation,1492:22677>1496:22682|4,2-10,False,14.0,10-25
BEV1_2024-12-10_drive2.csv,BEV1,2024-12-10 09:20:17+00:00,2024-12-10 09:44:23+00:00,2024-12-10 09:20:19+00:00,20.169027045577828,20.169027045577828,0,False,True,True,0.0,False,False,1733822417000000000,1733823863000000000,1733822419000000000,validation,1496:22682>1552:22706|20,10-50,False,9.5,<10
BEV1_2024-12-10_drive3.csv,BEV1,2024-12-10 16:39:57+00:00,2024-12-10 17:05:05+00:00,2024-12-10 16:39:58+00:00,19.12195887669556,19.12195887669556,0,False,True,True,0.0,False,False,1733848797000000000,1733850305000000000,1733848798000000000,validation,1552:22706>1496:22679|19,10-50,False,7.0,<10
BEV1_2024-12-10_drive4.csv,BEV1,2024-12-10 19:22:12+00:00,2024-12-10 19:30:22+00:00,2024-12-10 19:22:13+00:00,2.75423758046269,2.75423758046269,0,False,True,True,0.0,False,False,1733858532000000000,1733859022000000000,1733858533000000000,validation,1496:22679>1492:22677|2,2-10,False,6.0,<10
BEV1_2024-12-11_drive1.csv,BEV1,2024-12-11 07:07:31+00:00,2024-12-11 08:32:48+00:00,2024-12-11 07:07:33+00:00,53.449639948137374,53.449639948137374,0,False,True,True,0.0,False,False,1733900851000000000,1733905968000000000,1733900853000000000,validation,1492:22677>1313:22647|53,>=50,False,14.0,10-25
BEV1_2024-12-11_drive2.csv,BEV1,2024-12-11 16:00:32+00:00,2024-12-11 17:39:58+00:00,2024-12-11 16:00:33+00:00,33.1233241870254,33.1233241870254,0,False,True,True,0.0,False,False,1733932832000000000,1733938798000000000,1733932833000000000,validation,1313:22647>1218:22634|33,10-50,False,4.5,<10
BEV1_2024-12-11_drive3.csv,BEV1,2024-12-11 21:02:54+00:00,2024-12-11 22:17:49+00:00,2024-12-11 21:02:55+00:00,65.1644500743098,65.1644500743098,0,True,True,True,0.0,True,False,1733950974000000000,1733955469000000000,1733950975000000000,validation,1218:22634>1492:22677|65,>=50,False,23.0,10-25
BEV1_2024-12-12_drive1.csv,BEV1,2024-12-12 08:28:57+00:00,2024-12-12 08:44:52+00:00,2024-12-12 08:28:58+00:00,8.295354783141214,8.295354783141214,0,False,True,True,0.0,False,False,1733992137000000000,1733993092000000000,1733992138000000000,validation,1492:22677>1511:22677|8,2-10,True,14.5,10-25
BEV1_2024-12-12_drive2.csv,BEV1,2024-12-12 11:03:18+00:00,2024-12-12 11:56:44+00:00,2024-12-12 11:03:20+00:00,54.08384903812128,54.08384903812128,0,True,True,True,0.0,True,False,1734001398000000000,1734004604000000000,1734001400000000000,validation,1511:22677>1313:22647|54,>=50,False,4.0,<10
BEV1_2024-12-12_drive3.csv,BEV1,2024-12-12 14:38:20+00:00,2024-12-12 16:10:33+00:00,2024-12-12 14:38:22+00:00,59.57543177162592,59.57543177162592,0,False,True,True,0.0,False,False,1734014300000000000,1734019833000000000,1734014302000000000,validation,1313:22647>1492:22677|59,>=50,False,4.5,<10
BEV1_2025-01-07_drive1.csv,BEV1,2025-01-07 07:08:52+00:00,2025-01-07 07:30:08+00:00,2025-01-07 07:08:54+00:00,18.03917442613263,18.03917442613263,0,False,True,True,0.0,False,False,1736233732000000000,1736235008000000000,1736233734000000000,validation,1492:22677>1460:22627|18,10-50,False,12.5,10-25
BEV1_2025-01-07_drive2.csv,BEV1,2025-01-07 16:20:19+00:00,2025-01-07 16:49:20+00:00,2025-01-07 16:20:20+00:00,21.04809868238911,21.04809868238911,0,False,True,True,0.0,False,False,1736266819000000000,1736268560000000000,1736266820000000000,validation,1460:22627>1496:22682|21,10-50,False,3.0,<10
BEV1_2025-01-07_drive3.csv,BEV1,2025-01-07 17:27:54+00:00,2025-01-07 17:45:41+00:00,2025-01-07 17:27:56+00:00,4.760707267445054,4.760707267445054,0,False,True,True,0.0,False,False,1736270874000000000,1736271941000000000,1736270876000000000,validation,1496:22682>1492:22677|4,2-10,True,4.0,<10
BEV1_2025-01-08_drive1.csv,BEV1,2025-01-08 07:34:27+00:00,2025-01-08 07:58:25+00:00,2025-01-08 07:34:28+00:00,18.04879465067064,18.04879465067064,0,False,True,True,0.0,False,False,1736321667000000000,1736323105000000000,1736321668000000000,validation,1492:22677>1460:22627|18,10-50,False,11.5,10-25
BEV1_2025-01-08_drive2.csv,BEV1,2025-01-08 16:37:05+00:00,2025-01-08 17:14:15+00:00,2025-01-08 16:37:06+00:00,18.03646671859013,18.03646671859013,0,False,True,True,0.0,False,False,1736354225000000000,1736356455000000000,1736354226000000000,validation,1460:22627>1492:22678|18,10-50,False,3.0,<10
BEV1_2025-01-08_drive3.csv,BEV1,2025-01-08 21:32:01+00:00,2025-01-08 21:45:45+00:00,2025-01-08 21:32:02+00:00,0.1561441263416996,0.1561441263416996,0,True,True,True,0.0,True,False,1736371921000000000,1736372745000000000,1736371922000000000,validation,1492:22678>1492:22677|0,<2,True,1.0,<10
BEV1_2025-01-09_drive1.csv,BEV1,2025-01-09 06:47:08+00:00,2025-01-09 07:15:41+00:00,2025-01-09 06:47:09+00:00,18.040459517625514,18.040459517625514,0,False,True,True,0.0,False,False,1736405228000000000,1736406941000000000,1736405229000000000,validation,1492:22677>1460:22627|18,10-50,False,12.0,10-25
BEV1_2025-01-09_drive2.csv,BEV1,2025-01-09 15:52:29+00:00,2025-01-09 16:24:19+00:00,2025-01-09 15:52:31+00:00,17.98531112293834,17.98531112293834,0,False,True,True,0.0,False,False,1736437949000000000,1736439859000000000,1736437951000000000,validation,1460:22627>1492:22677|17,10-50,True,1.5,<10
BEV1_2025-01-12_drive1.csv,BEV1,2025-01-12 13:49:23+00:00,2025-01-12 13:58:29+00:00,2025-01-12 13:49:24+00:00,0.1404951282191682,0.1404951282191682,1,False,True,True,0.0,False,False,1736689763000000000,1736690309000000000,1736689764000000000,validation,1492:22677>1492:22678|0,<2,True,11.5,10-25
BEV1_2025-01-12_drive2.csv,BEV1,2025-01-12 16:50:04+00:00,2025-01-12 16:59:14+00:00,2025-01-12 16:50:05+00:00,0.7159075157081026,0.7159075157081026,0,True,True,True,0.0,True,False,1736700604000000000,1736701154000000000,1736700605000000000,validation,1492:22678>1492:22677|0,<2,True,4.4,<10
BEV1_2025-01-13_drive1.csv,BEV1,2025-01-13 07:09:16+00:00,2025-01-13 07:30:55+00:00,2025-01-13 07:09:17+00:00,18.037143161097383,18.037143161097383,0,False,True,True,0.0,False,False,1736752156000000000,1736753455000000000,1736752157000000000,validation,1492:22677>1460:22627|18,10-50,False,12.0,10-25
BEV1_2025-01-13_drive2.csv,BEV1,2025-01-13 16:15:31+00:00,2025-01-13 16:45:08+00:00,2025-01-13 16:15:32+00:00,17.993681658512198,17.993681658512198,0,False,True,True,0.0,False,False,1736784931000000000,1736786708000000000,1736784932000000000,validation,1460:22627>1492:22677|17,10-50,True,1.5,<10
BEV1_2025-01-14_drive1.csv,BEV1,2025-01-14 07:33:54+00:00,2025-01-14 07:59:48+00:00,2025-01-14 07:33:55+00:00,17.71443128786747,17.71443128786747,0,False,True,True,0.0,False,False,1736840034000000000,1736841588000000000,1736840035000000000,validation,1492:22677>1460:22627|17,10-50,False,11.5,10-25
BEV1_2025-01-14_drive2.csv,BEV1,2025-01-14 16:17:52+00:00,2025-01-14 16:56:24+00:00,2025-01-14 16:17:54+00:00,21.066630513377497,21.066630513377497,0,False,True,True,0.0,False,False,1736871472000000000,1736873784000000000,1736871474000000000,validation,1460:22627>1496:22682|21,10-50,False,1.0,<10
BEV1_2025-01-14_drive3.csv,BEV1,2025-01-14 17:20:05+00:00,2025-01-14 17:32:32+00:00,2025-01-14 17:20:07+00:00,4.760403850581216,4.760403850581216,0,False,True,True,0.0,False,False,1736875205000000000,1736875952000000000,1736875207000000000,validation,1496:22682>1492:22677|4,2-10,True,2.5,<10
BEV1_2025-01-15_drive1.csv,BEV1,2025-01-15 18:38:10+00:00,2025-01-15 18:42:22+00:00,2025-01-15 18:38:12+00:00,0.5763925739618555,0.5763925739618555,0,False,True,True,0.0,False,False,1736966290000000000,1736966542000000000,1736966292000000000,validation,1492:22677>1490:22678|0,<2,False,12.0,10-25
BEV1_2025-01-15_drive2.csv,BEV1,2025-01-15 19:14:57+00:00,2025-01-15 19:17:36+00:00,2025-01-15 19:14:58+00:00,0.5741735227405882,0.5741735227405882,0,False,True,True,0.0,False,False,1736968497000000000,1736968656000000000,1736968498000000000,validation,1490:22678>1492:22677|0,<2,False,8.0,<10
BEV1_2025-01-16_drive1.csv,BEV1,2025-01-16 07:43:57+00:00,2025-01-16 08:15:32+00:00,2025-01-16 07:43:58+00:00,21.71713205758096,21.71713205758096,1,False,True,True,0.0,False,False,1737013437000000000,1737015332000000000,1737013438000000000,validation,1492:22677>1552:22706|21,10-50,True,12.0,10-25
BEV1_2025-01-16_drive2.csv,BEV1,2025-01-16 16:51:45+00:00,2025-01-16 17:22:47+00:00,2025-01-16 16:51:47+00:00,24.56000226915034,24.56000226915034,0,False,True,True,0.0,False,False,1737046305000000000,1737048167000000000,1737046307000000000,validation,1552:22706>1492:22677|24,10-50,True,3.5,<10
BEV1_2025-01-16_drive3.csv,BEV1,2025-01-16 17:44:44+00:00,2025-01-16 17:56:19+00:00,2025-01-16 17:44:45+00:00,5.849857868760985,5.849857868760985,0,False,True,True,0.0,False,False,1737049484000000000,1737050179000000000,1737049485000000000,validation,1492:22677>1502:22681|5,2-10,False,6.0,<10
BEV1_2025-01-16_drive4.csv,BEV1,2025-01-16 21:12:48+00:00,2025-01-16 21:33:40+00:00,2025-01-16 21:12:49+00:00,5.719215439102749,5.719215439102749,0,False,True,True,0.0,False,False,1737061968000000000,1737063220000000000,1737061969000000000,validation,1502:22681>1492:22677|5,2-10,False,1.0,<10
BEV1_2025-01-17_drive1.csv,BEV1,2025-01-17 17:42:11+00:00,2025-01-17 17:53:20+00:00,2025-01-17 17:42:12+00:00,3.901828946773516,3.901828946773516,0,False,True,True,0.0,False,False,1737135731000000000,1737136400000000000,1737135732000000000,validation,1492:22677>1497:22669|3,2-10,False,11.5,10-25
BEV1_2025-01-17_drive2.csv,BEV1,2025-01-17 19:37:06+00:00,2025-01-17 19:53:08+00:00,2025-01-17 19:37:07+00:00,3.737035834408285,3.737035834408285,0,False,True,True,0.0,False,False,1737142626000000000,1737143588000000000,1737142627000000000,validation,1497:22669>1492:22677|3,2-10,False,0.0,<10
BEV1_2025-01-18_drive1.csv,BEV1,2025-01-18 09:21:07+00:00,2025-01-18 09:51:26+00:00,2025-01-18 09:21:08+00:00,7.348130191261768,7.348130191261768,0,False,True,True,0.0,False,False,1737192067000000000,1737193886000000000,1737192068000000000,validation,1492:22677>1492:22677|7,2-10,False,11.5,10-25
BEV1_2025-01-18_drive2.csv,BEV1,2025-01-18 17:44:57+00:00,2025-01-18 17:51:26+00:00,2025-01-18 17:44:58+00:00,1.0778839338645403,1.0778839338645403,0,False,True,True,0.0,False,False,1737222297000000000,1737222686000000000,1737222298000000000,validation,1492:22677>1489:22676|1,<2,True,11.5,10-25
BEV1_2025-01-18_drive3.csv,BEV1,2025-01-18 18:15:23+00:00,2025-01-18 18:28:55+00:00,2025-01-18 18:15:25+00:00,5.862633469797833,5.862703558423178,1,False,False,True,0.0,False,False,1737224123000000000,1737224935000000000,1737224125000000000,validation,1489:22676>1504:22677|5,2-10,False,3.6,<10
BEV1_2025-01-18_drive4.csv,BEV1,2025-01-18 20:47:00+00:00,2025-01-18 21:01:18+00:00,2025-01-18 20:47:02+00:00,6.744666754168504,6.744666754168504,0,False,True,True,0.0,False,False,1737233220000000000,1737234078000000000,1737233222000000000,validation,1504:22677>1492:22677|6,2-10,False,1.5,<10
BEV1_2025-01-19_drive1.csv,BEV1,2025-01-19 12:24:26+00:00,2025-01-19 12:51:44+00:00,2025-01-19 12:24:28+00:00,8.130325133543092,8.130325133543092,0,False,True,True,0.0,False,False,1737289466000000000,1737291104000000000,1737289468000000000,validation,1492:22677>1501:22696|8,2-10,False,11.5,10-25
BEV1_2025-01-19_drive3.csv,BEV1,2025-01-19 13:06:58+00:00,2025-01-19 13:19:06+00:00,2025-01-19 13:06:59+00:00,7.489279013297705,7.489279013297705,0,False,True,True,0.0,False,False,1737292018000000000,1737292746000000000,1737292019000000000,validation,1501:22695>1492:22677|7,2-10,False,1.0,<10
BEV1_2025-01-19_drive4.csv,BEV1,2025-01-19 13:21:00+00:00,2025-01-19 13:39:00+00:00,2025-01-19 13:21:01+00:00,0.1598964372987068,0.1598964372987068,1,True,True,True,0.0,True,False,1737292860000000000,1737293940000000000,1737292861000000000,validation,1492:22677>1492:22678|0,<2,True,1.0,<10
BEV1_2025-01-19_drive5.csv,BEV1,2025-01-19 20:48:13+00:00,2025-01-19 20:50:03+00:00,2025-01-19 20:48:15+00:00,0.1512139455552434,0.1513251406359165,0,False,True,False,0.0,False,False,1737319693000000000,1737319803000000000,1737319695000000000,validation,1492:22678>1492:22677|0,<2,True,-1.5,<10
BEV1_2025-01-20_drive1.csv,BEV1,2025-01-20 15:15:07+00:00,2025-01-20 15:29:24+00:00,2025-01-20 15:15:09+00:00,6.591427930215117,6.591559368645546,0,False,True,True,0.0,False,False,1737386107000000000,1737386964000000000,1737386109000000000,validation,1492:22677>1498:22691|6,2-10,False,11.0,10-25
BEV1_2025-01-20_drive2.csv,BEV1,2025-01-20 15:56:52+00:00,2025-01-20 16:16:36+00:00,2025-01-20 15:56:54+00:00,6.573218372898084,6.573218372898084,0,False,True,True,0.0,False,False,1737388612000000000,1737389796000000000,1737388614000000000,validation,1498:22691>1492:22677|6,2-10,False,2.0,<10
BEV1_2025-01-21_drive1.csv,BEV1,2025-01-21 07:37:56+00:00,2025-01-21 07:59:18+00:00,2025-01-21 07:37:58+00:00,17.930360694715315,17.930360694715315,0,False,True,True,0.0,False,False,1737445076000000000,1737446358000000000,1737445078000000000,validation,1492:22677>1460:22627|17,10-50,False,11.3,10-25
BEV1_2025-01-21_drive2.csv,BEV1,2025-01-21 16:32:54+00:00,2025-01-21 16:58:41+00:00,2025-01-21 16:32:56+00:00,17.9885331393853,17.9885331393853,0,False,True,True,0.0,False,False,1737477174000000000,1737478721000000000,1737477176000000000,validation,1460:22627>1492:22677|17,10-50,True,1.5,<10
BEV1_2025-01-22_drive1.csv,BEV1,2025-01-22 06:45:47+00:00,2025-01-22 07:07:16+00:00,2025-01-22 06:45:48+00:00,18.018329459473,18.018329459473,0,False,True,True,0.0,False,False,1737528347000000000,1737529636000000000,1737528348000000000,validation,1492:22677>1460:22627|18,10-50,False,11.5,10-25
BEV1_2025-01-22_drive2.csv,BEV1,2025-01-22 15:46:32+00:00,2025-01-22 16:21:04+00:00,2025-01-22 15:46:34+00:00,18.00787228353013,18.00787228353013,1,False,False,True,0.0,False,False,1737560792000000000,1737562864000000000,1737560794000000000,validation,1460:22627>1492:22678|18,10-50,False,7.5,<10
BEV1_2025-01-22_drive3.csv,BEV1,2025-01-22 21:54:37+00:00,2025-01-22 21:56:30+00:00,2025-01-22 21:54:38+00:00,0.1506495491252367,0.1506495491252367,0,False,True,True,0.0,False,False,1737582877000000000,1737582990000000000,1737582878000000000,validation,1492:22678>1492:22677|0,<2,True,6.0,<10
BEV1_2025-01-23_drive1.csv,BEV1,2025-01-23 07:21:02+00:00,2025-01-23 07:54:53+00:00,2025-01-23 07:21:04+00:00,21.589857723675284,21.589857723675284,0,True,True,True,0.0,True,False,1737616862000000000,1737618893000000000,1737616864000000000,validation,1492:22677>1552:22706|21,10-50,True,11.5,10-25
BEV1_2025-01-23_drive2.csv,BEV1,2025-01-23 15:50:01+00:00,2025-01-23 16:12:12+00:00,2025-01-23 15:50:02+00:00,13.604916861694525,13.604916861694525,0,False,True,True,0.0,False,False,1737647401000000000,1737648732000000000,1737647402000000000,validation,1552:22706>1528:22676|13,10-50,False,6.0,<10
BEV1_2025-01-23_drive3.csv,BEV1,2025-01-23 16:24:41+00:00,2025-01-23 16:39:41+00:00,2025-01-23 16:24:42+00:00,11.931689491908,11.93175958019736,0,False,True,True,0.0,False,False,1737649481000000000,1737650381000000000,1737649482000000000,validation,1528:22676>1496:22675|11,10-50,False,6.0,<10
BEV1_2025-01-23_drive4.csv,BEV1,2025-01-23 16:53:06+00:00,2025-01-23 16:59:33+00:00,2025-01-23 16:53:07+00:00,1.964130945047795,1.964130945047795,0,False,True,True,0.0,False,False,1737651186000000000,1737651573000000000,1737651187000000000,validation,1496:22675>1492:22677|1,<2,False,6.0,<10
BEV1_2025-01-23_drive5.csv,BEV1,2025-01-23 17:47:58+00:00,2025-01-23 17:59:59+00:00,2025-01-23 17:47:59+00:00,5.722864009608076,5.722864009608076,0,False,True,True,0.0,False,False,1737654478000000000,1737655199000000000,1737654479000000000,validation,1492:22677>1502:22681|5,2-10,False,9.0,<10
BEV1_2025-01-23_drive6.csv,BEV1,2025-01-23 20:59:37+00:00,2025-01-23 21:23:25+00:00,2025-01-23 20:59:38+00:00,5.582819154865351,5.582819154865351,0,False,True,True,0.0,False,False,1737665977000000000,1737667405000000000,1737665978000000000,validation,1502:22681>1492:22677|5,2-10,False,6.5,<10
BEV1_2025-01-27_drive1.csv,BEV1,2025-01-27 07:23:11+00:00,2025-01-27 07:44:46+00:00,2025-01-27 07:23:12+00:00,18.02520527575388,18.02520527575388,0,False,True,True,0.0,False,False,1737962591000000000,1737963886000000000,1737962592000000000,calibration,1492:22677>1460:22627|18,10-50,False,12.5,10-25
BEV1_2025-01-27_drive2.csv,BEV1,2025-01-27 15:19:10+00:00,2025-01-27 15:42:07+00:00,2025-01-27 15:19:11+00:00,14.253824419589076,14.253824419589076,0,False,True,True,0.0,False,False,1737991150000000000,1737992527000000000,1737991151000000000,calibration,1460:22627>1492:22677|14,10-50,True,13.0,10-25
BEV1_2025-01-27_drive3.csv,BEV1,2025-01-27 17:35:29+00:00,2025-01-27 17:43:55+00:00,2025-01-27 17:35:30+00:00,4.207946257761477,4.207946257761477,0,False,True,True,0.0,False,False,1737999329000000000,1737999835000000000,1737999330000000000,calibration,1492:22677>1496:22682|4,2-10,False,12.5,10-25
BEV1_2025-01-27_drive4.csv,BEV1,2025-01-27 18:24:21+00:00,2025-01-27 18:37:50+00:00,2025-01-27 18:24:22+00:00,4.484384430839847,4.484384430839847,0,False,True,True,0.0,False,False,1738002261000000000,1738003070000000000,1738002262000000000,calibration,1496:22682>1492:22677|4,2-10,True,10.5,10-25
BEV1_2025-01-27_drive5.csv,BEV1,2025-01-27 18:40:02+00:00,2025-01-27 18:47:02+00:00,2025-01-27 18:40:03+00:00,0.1705800738661942,0.1705800738661942,0,False,True,True,0.0,False,False,1738003202000000000,1738003622000000000,1738003203000000000,calibration,1492:22677>1492:22678|0,<2,True,10.5,10-25
BEV1_2025-01-27_drive6.csv,BEV1,2025-01-27 21:54:24+00:00,2025-01-27 21:56:18+00:00,2025-01-27 21:54:25+00:00,0.153165589500769,0.153165589500769,0,False,True,False,0.0,False,False,1738014864000000000,1738014978000000000,1738014865000000000,calibration,1492:22678>1492:22677|0,<2,True,8.5,<10
BEV1_2025-01-28_drive1.csv,BEV1,2025-01-28 10:51:12+00:00,2025-01-28 11:37:16+00:00,2025-01-28 10:51:14+00:00,64.88816857552995,64.88816857552995,0,False,True,True,0.0,False,False,1738061472000000000,1738064236000000000,1738061474000000000,calibration,1492:22677>1313:22648|64,>=50,False,12.5,10-25
BEV1_2025-01-28_drive2.csv,BEV1,2025-01-28 16:21:46+00:00,2025-01-28 17:22:54+00:00,2025-01-28 16:21:47+00:00,56.07586813342829,56.07586813342829,0,False,True,True,0.0,False,False,1738081306000000000,1738084974000000000,1738081307000000000,calibration,1313:22648>1492:22677|56,>=50,False,18.5,10-25
BEV1_2025-01-29_drive1.csv,BEV1,2025-01-29 06:48:08+00:00,2025-01-29 07:17:16+00:00,2025-01-29 06:48:10+00:00,21.58562613660604,21.58562613660604,0,False,True,True,0.0,False,False,1738133288000000000,1738135036000000000,1738133290000000000,calibration,1492:22677>1552:22706|21,10-50,True,12.5,10-25
BEV1_2025-01-29_drive2.csv,BEV1,2025-01-29 16:27:55+00:00,2025-01-29 16:53:09+00:00,2025-01-29 16:27:56+00:00,20.42459953486922,20.42459953486922,0,False,True,True,0.0,False,False,1738168075000000000,1738169589000000000,1738168076000000000,calibration,1552:22706>1496:22679|20,10-50,False,9.0,<10
BEV1_2025-01-29_drive3.csv,BEV1,2025-01-29 18:47:00+00:00,2025-01-29 18:55:25+00:00,2025-01-29 18:47:01+00:00,2.6782620718178927,2.6782620718178927,0,False,True,True,0.0,False,False,1738176420000000000,1738176925000000000,1738176421000000000,calibration,1496:22679>1492:22677|2,2-10,False,8.0,<10
BEV1_2025-01-30_drive1.csv,BEV1,2025-01-30 07:07:36+00:00,2025-01-30 07:45:44+00:00,2025-01-30 07:07:37+00:00,21.959249659008915,21.959249659008915,0,False,True,True,0.0,False,False,1738220856000000000,1738223144000000000,1738220857000000000,calibration,1492:22677>1552:22706|21,10-50,True,12.0,10-25
BEV1_2025-01-30_drive2.csv,BEV1,2025-01-30 16:17:02+00:00,2025-01-30 16:48:13+00:00,2025-01-30 16:17:03+00:00,24.949764668852588,24.949764668852588,0,False,True,True,0.0,False,False,1738253822000000000,1738255693000000000,1738253823000000000,calibration,1552:22706>1492:22677|24,10-50,True,7.0,<10
BEV1_2025-01-30_drive3.csv,BEV1,2025-01-30 17:49:06+00:00,2025-01-30 18:01:47+00:00,2025-01-30 17:49:07+00:00,6.015001261976916,6.015001261976916,0,False,True,True,0.0,False,False,1738259346000000000,1738260107000000000,1738259347000000000,calibration,1492:22677>1502:22681|6,2-10,False,10.0,10-25
BEV1_2025-01-30_drive4.csv,BEV1,2025-01-30 20:31:16+00:00,2025-01-30 20:46:15+00:00,2025-01-30 20:31:17+00:00,5.403159489536219,5.403159489536219,0,False,True,True,0.0,False,False,1738269076000000000,1738269975000000000,1738269077000000000,calibration,1502:22681>1492:22677|5,2-10,False,4.0,<10
BEV1_2025-01-31_drive1.csv,BEV1,2025-01-31 07:51:34+00:00,2025-01-31 08:21:48+00:00,2025-01-31 07:51:35+00:00,22.92644099005858,22.92644099005858,1,False,False,True,0.0,False,False,1738309894000000000,1738311708000000000,1738309895000000000,calibration,1492:22677>1552:22706|22,10-50,True,11.0,10-25
BEV1_2025-01-31_drive2.csv,BEV1,2025-01-31 11:08:50+00:00,2025-01-31 11:10:35+00:00,2025-01-31 11:08:51+00:00,0.4426839241003103,0.4426839241003103,0,False,True,True,0.0,False,False,1738321730000000000,1738321835000000000,1738321731000000000,calibration,1552:22706>1551:22706|0,<2,False,5.5,<10
BEV1_2025-01-31_drive3.csv,BEV1,2025-01-31 11:17:46+00:00,2025-01-31 11:41:31+00:00,2025-01-31 11:17:47+00:00,31.589299872914346,31.589299872914346,0,False,True,True,0.0,False,False,1738322266000000000,1738323691000000000,1738322267000000000,calibration,1551:22706>1481:22684|31,10-50,False,6.0,<10
BEV1_2025-01-31_drive4.csv,BEV1,2025-01-31 12:14:31+00:00,2025-01-31 13:02:57+00:00,2025-01-31 12:14:32+00:00,7.31797765361485,7.31797765361485,0,False,True,True,0.0,False,False,1738325671000000000,1738328577000000000,1738325672000000000,calibration,1481:22684>1492:22677|7,2-10,False,7.5,<10
BEV1_2025-01-31_drive5.csv,BEV1,2025-01-31 14:26:25+00:00,2025-01-31 14:40:16+00:00,2025-01-31 14:26:27+00:00,9.027734025226405,9.027845220306368,0,False,True,True,0.0,False,False,1738333585000000000,1738334416000000000,1738333587000000000,calibration,1492:22677>1509:22677|9,2-10,False,10.5,10-25
BEV1_2025-01-31_drive6.csv,BEV1,2025-01-31 16:06:06+00:00,2025-01-31 16:21:43+00:00,2025-01-31 16:06:07+00:00,9.1320537940949,9.1320537940949,0,False,True,True,0.0,False,False,1738339566000000000,1738340503000000000,1738339567000000000,calibration,1509:22677>1492:22677|9,2-10,False,8.0,<10
BEV1_2025-02-02_drive1.csv,BEV1,2025-02-02 13:28:20+00:00,2025-02-02 13:38:48+00:00,2025-02-02 13:28:21+00:00,5.886689883142184,5.886689883142184,0,False,True,True,0.0,False,False,1738502900000000000,1738503528000000000,1738502901000000000,calibration,1492:22677>1502:22684|5,2-10,False,12.5,10-25
BEV1_2025-02-02_drive2.csv,BEV1,2025-02-02 13:47:35+00:00,2025-02-02 13:59:02+00:00,2025-02-02 13:47:36+00:00,0.5362432268647437,0.5362432268647437,0,False,True,True,0.0,False,False,1738504055000000000,1738504742000000000,1738504056000000000,calibration,1502:22684>1500:22684|0,<2,False,9.0,<10
BEV1_2025-02-02_drive3.csv,BEV1,2025-02-02 14:10:24+00:00,2025-02-02 14:35:07+00:00,2025-02-02 14:10:25+00:00,12.284929729092726,12.284929729092726,0,False,True,True,0.0,False,False,1738505424000000000,1738506907000000000,1738505425000000000,calibration,1500:22684>1486:22682|12,10-50,False,10.0,10-25
BEV1_2025-02-02_drive4.csv,BEV1,2025-02-02 15:37:15+00:00,2025-02-02 16:02:56+00:00,2025-02-02 15:37:17+00:00,2.107740209210524,2.107740209210524,0,False,True,True,0.0,False,False,1738510635000000000,1738512176000000000,1738510637000000000,calibration,1486:22682>1489:22687|2,2-10,False,8.0,<10
BEV1_2025-02-02_drive6.csv,BEV1,2025-02-02 19:48:17+00:00,2025-02-02 20:03:30+00:00,2025-02-02 19:48:18+00:00,7.505081677967995,7.505081677967995,0,False,True,True,0.0,False,False,1738525697000000000,1738526610000000000,1738525698000000000,calibration,1501:22696>1492:22677|7,2-10,False,0.5,<10
BEV1_2025-02-03_drive1.csv,BEV1,2025-02-03 07:10:40+00:00,2025-02-03 07:32:47+00:00,2025-02-03 07:10:41+00:00,18.015020793334667,18.015020793334667,0,False,True,True,0.0,False,False,1738566640000000000,1738567967000000000,1738566641000000000,calibration,1492:22677>1460:22627|18,10-50,False,11.0,10-25
BEV1_2025-02-03_drive2.csv,BEV1,2025-02-03 15:40:27+00:00,2025-02-03 16:23:51+00:00,2025-02-03 15:40:28+00:00,24.71582100209352,24.71582100209352,0,False,True,True,0.0,False,False,1738597227000000000,1738599831000000000,1738597228000000000,calibration,1460:22627>1496:22676|24,10-50,False,5.5,<10
BEV1_2025-02-03_drive3.csv,BEV1,2025-02-03 18:13:50+00:00,2025-02-03 18:22:07+00:00,2025-02-03 18:13:51+00:00,1.9151675621046416,1.9151675621046416,0,True,True,True,0.0,True,False,1738606430000000000,1738606927000000000,1738606431000000000,calibration,1496:22676>1492:22677|1,<2,False,4.0,<10
BEV1_2025-02-04_drive1.csv,BEV1,2025-02-04 07:10:53+00:00,2025-02-04 07:33:07+00:00,2025-02-04 07:10:54+00:00,18.03197757923904,18.03197757923904,0,False,True,True,0.0,False,False,1738653053000000000,1738654387000000000,1738653054000000000,calibration,1492:22677>1460:22627|18,10-50,False,11.5,10-25
BEV1_2025-02-04_drive2.csv,BEV1,2025-02-04 15:46:05+00:00,2025-02-04 16:27:08+00:00,2025-02-04 15:46:06+00:00,18.475543780231813,18.475543780231813,0,False,True,True,0.0,False,False,1738683965000000000,1738686428000000000,1738683966000000000,calibration,1460:22627>1492:22677|18,10-50,False,5.0,<10
BEV1_2025-02-04_drive3.csv,BEV1,2025-02-04 18:37:46+00:00,2025-02-04 18:41:39+00:00,2025-02-04 18:37:48+00:00,0.2021146765929797,0.2021146765929797,1,False,False,True,0.0,False,False,1738694266000000000,1738694499000000000,1738694268000000000,calibration,1492:22677>1492:22678|0,<2,True,10.5,10-25
BEV1_2025-02-05_drive1.csv,BEV1,2025-02-05 07:21:20+00:00,2025-02-05 07:53:11+00:00,2025-02-05 07:21:21+00:00,21.63510540864467,21.63523684680579,0,False,True,True,0.0,False,False,1738740080000000000,1738741991000000000,1738740081000000000,calibration,1492:22678>1552:22706|21,10-50,False,3.5,<10
BEV1_2025-02-05_drive2.csv,BEV1,2025-02-05 17:02:24+00:00,2025-02-05 17:32:28+00:00,2025-02-05 17:02:26+00:00,18.09960170044865,18.09960170044865,0,False,True,True,0.0,False,False,1738774944000000000,1738776748000000000,1738774946000000000,calibration,1552:22706>1496:22682|18,10-50,False,4.5,<10
BEV1_2025-02-05_drive3.csv,BEV1,2025-02-05 17:48:44+00:00,2025-02-05 17:57:35+00:00,2025-02-05 17:48:45+00:00,4.467144052931648,4.467144052931648,0,False,True,True,0.0,False,False,1738777724000000000,1738778255000000000,1738777725000000000,calibration,1496:22682>1492:22677|4,2-10,True,4.5,<10
BEV1_2025-02-06_drive1.csv,BEV1,2025-02-06 06:57:55+00:00,2025-02-06 07:31:22+00:00,2025-02-06 06:57:57+00:00,21.586775874566243,21.586775874566243,0,False,True,True,0.0,False,False,1738825075000000000,1738827082000000000,1738825077000000000,calibration,1492:22677>1552:22706|21,10-50,True,12.0,10-25
BEV1_2025-02-06_drive2.csv,BEV1,2025-02-06 16:40:04+00:00,2025-02-06 17:09:53+00:00,2025-02-06 16:40:05+00:00,24.553707598615496,24.553707598615496,0,False,True,True,0.0,False,False,1738860004000000000,1738861793000000000,1738860005000000000,calibration,1552:22706>1492:22677|24,10-50,True,6.0,<10
BEV1_2025-02-07_drive1.csv,BEV1,2025-02-07 06:34:51+00:00,2025-02-07 06:36:42+00:00,2025-02-07 06:34:52+00:00,0.1323549515241493,0.1323549515241493,0,False,True,True,0.0,False,False,1738910091000000000,1738910202000000000,1738910092000000000,calibration,1492:22677>1492:22678|0,<2,True,12.0,10-25
BEV1_2025-02-07_drive2.csv,BEV1,2025-02-07 08:01:56+00:00,2025-02-07 09:26:30+00:00,2025-02-07 08:01:57+00:00,125.5891602179546,125.5891602179546,0,True,True,True,0.0,True,False,1738915316000000000,1738920390000000000,1738915317000000000,calibration,1492:22678>1254:22474|125,>=50,False,4.0,<10
BEV1_2025-02-09_drive1.csv,BEV1,2025-02-09 21:31:02+00:00,2025-02-09 22:08:29+00:00,2025-02-09 21:31:03+00:00,25.60617307425765,25.60617307425765,0,False,True,True,0.0,False,False,1739136662000000000,1739138909000000000,1739136663000000000,calibration,1254:22474>1344:22480|25,10-50,False,4.0,<10
BEV1_2025-02-09_drive2.csv,BEV1,2025-02-09 22:36:58+00:00,2025-02-09 23:37:38+00:00,2025-02-09 22:36:59+00:00,103.03882174914364,103.03882174914364,0,False,True,True,0.0,False,False,1739140618000000000,1739144258000000000,1739140619000000000,calibration,1344:22480>1492:22677|103,>=50,False,7.142857142857143,<10
BEV1_2025-02-10_drive1.csv,BEV1,2025-02-10 13:38:25+00:00,2025-02-10 13:51:24+00:00,2025-02-10 13:38:27+00:00,8.39650583524896,8.39650583524896,0,False,True,True,0.0,False,False,1739194705000000000,1739195484000000000,1739194707000000000,calibration,1492:22677>1511:22677|8,2-10,True,11.9,10-25
BEV1_2025-02-10_drive2.csv,BEV1,2025-02-10 14:11:15+00:00,2025-02-10 14:14:09+00:00,2025-02-10 14:11:16+00:00,1.1279468256625618,1.1279468256625618,0,False,True,True,0.0,False,False,1739196675000000000,1739196849000000000,1739196676000000000,calibration,1511:22677>1509:22677|1,<2,False,4.0,<10
BEV1_2025-02-10_drive3.csv,BEV1,2025-02-10 17:00:48+00:00,2025-02-10 17:15:10+00:00,2025-02-10 17:00:49+00:00,9.134951929285556,9.134951929285556,0,False,True,True,0.0,False,False,1739206848000000000,1739207710000000000,1739206849000000000,calibration,1509:22677>1492:22677|9,2-10,False,4.5,<10
BEV1_2025-02-10_drive4.csv,BEV1,2025-02-10 17:30:10+00:00,2025-02-10 17:41:12+00:00,2025-02-10 17:30:12+00:00,6.253031938622319,6.253031938622319,0,False,True,True,0.0,False,False,1739208610000000000,1739209272000000000,1739208612000000000,calibration,1492:22677>1495:22680|6,2-10,False,8.0,<10
BEV1_2025-02-10_drive5.csv,BEV1,2025-02-10 19:32:39+00:00,2025-02-10 19:43:52+00:00,2025-02-10 19:32:40+00:00,4.649227302632806,4.649227302632806,0,False,True,True,0.0,False,False,1739215959000000000,1739216632000000000,1739215960000000000,calibration,1495:22680>1492:22678|4,2-10,False,13.0,10-25
BEV1_2025-02-11_drive1.csv,BEV1,2025-02-11 06:54:17+00:00,2025-02-11 07:19:38+00:00,2025-02-11 06:54:19+00:00,18.08499552046391,18.08499552046391,0,True,True,True,0.0,True,False,1739256857000000000,1739258378000000000,1739256859000000000,calibration,1492:22678>1460:22627|18,10-50,False,3.0,<10
BEV1_2025-02-11_drive2.csv,BEV1,2025-02-11 16:01:13+00:00,2025-02-11 16:38:45+00:00,2025-02-11 16:01:14+00:00,20.16283546548661,20.16283546548661,0,False,True,True,0.0,False,False,1739289673000000000,1739291925000000000,1739289674000000000,calibration,1460:22627>1489:22672|20,10-50,False,4.5,<10
BEV1_2025-02-11_drive3.csv,BEV1,2025-02-11 18:46:03+00:00,2025-02-11 18:49:40+00:00,2025-02-11 18:46:05+00:00,0.0025454051511295,0.0035969124774553,0,False,True,False,0.0,False,False,1739299563000000000,1739299780000000000,1739299565000000000,calibration,1492:22677>1492:22677|0,<2,False,4.0,<10
BEV1_2025-02-12_drive1.csv,BEV1,2025-02-12 07:19:36+00:00,2025-02-12 07:40:21+00:00,2025-02-12 07:19:38+00:00,18.020759991723736,18.020759991723736,0,False,True,True,0.0,False,False,1739344776000000000,1739346021000000000,1739344778000000000,calibration,1492:22677>1460:22627|18,10-50,False,11.5,10-25
BEV1_2025-02-12_drive2.csv,BEV1,2025-02-12 16:11:22+00:00,2025-02-12 16:51:53+00:00,2025-02-12 16:11:23+00:00,19.008101923956623,19.008101923956623,0,False,True,True,0.0,False,False,1739376682000000000,1739379113000000000,1739376683000000000,calibration,1460:22627>1498:22682|19,10-50,False,4.5,<10
BEV1_2025-02-12_drive3.csv,BEV1,2025-02-12 17:31:29+00:00,2025-02-12 17:58:41+00:00,2025-02-12 17:31:30+00:00,1.5343186242115012,1.5343186242115012,0,False,True,True,0.0,False,False,1739381489000000000,1739383121000000000,1739381490000000000,calibration,1498:22682>1496:22682|1,<2,False,6.0,<10
BEV1_2025-02-12_drive4.csv,BEV1,2025-02-12 18:50:54+00:00,2025-02-12 19:25:12+00:00,2025-02-12 18:50:56+00:00,4.777149877688869,4.777149877688869,0,False,True,True,0.0,False,False,1739386254000000000,1739388312000000000,1739386256000000000,calibration,1496:22682>1492:22677|4,2-10,True,5.4,<10
BEV1_2025-02-13_drive1.csv,BEV1,2025-02-13 07:44:38+00:00,2025-02-13 08:06:30+00:00,2025-02-13 07:44:39+00:00,16.222417884606237,16.222417884606237,0,False,True,True,0.0,False,False,1739432678000000000,1739433990000000000,1739432679000000000,calibration,1492:22677>1460:22628|16,10-50,False,12.0,10-25
BEV1_2025-02-13_drive2.csv,BEV1,2025-02-13 16:52:33+00:00,2025-02-13 17:20:24+00:00,2025-02-13 16:52:35+00:00,18.008272522630794,18.008272522630794,0,False,True,True,0.0,False,False,1739465553000000000,1739467224000000000,1739465555000000000,calibration,1460:22628>1492:22678|18,10-50,False,-8.5,<10
BEV1_2025-02-13_drive3.csv,BEV1,2025-02-13 20:42:55+00:00,2025-02-13 20:52:15+00:00,2025-02-13 20:42:56+00:00,2.803636794777725,2.803636794777725,0,True,True,True,0.0,True,False,1739479375000000000,1739479935000000000,1739479376000000000,calibration,1492:22678>1493:22681|2,2-10,False,-8.0,<10
BEV1_2025-02-13_drive4.csv,BEV1,2025-02-13 20:54:18+00:00,2025-02-13 21:12:40+00:00,2025-02-13 20:54:19+00:00,3.184306587531376,3.184306587531376,0,False,True,True,0.0,False,False,1739480058000000000,1739481160000000000,1739480059000000000,calibration,1493:22681>1492:22677|3,2-10,False,-2.5,<10
BEV1_2025-02-14_drive1.csv,BEV1,2025-02-14 15:13:16+00:00,2025-02-14 15:27:22+00:00,2025-02-14 15:13:17+00:00,2.4112880242714674,2.4112880242714674,0,False,True,True,0.0,False,False,1739545996000000000,1739546842000000000,1739545997000000000,calibration,1492:22677>1497:22677|2,2-10,False,11.5,10-25
BEV1_2025-02-14_drive2.csv,BEV1,2025-02-14 16:54:39+00:00,2025-02-14 17:09:08+00:00,2025-02-14 16:54:41+00:00,2.697809178802972,2.697809178802972,0,False,True,True,0.0,False,False,1739552079000000000,1739552948000000000,1739552081000000000,calibration,1497:22677>1492:22677|2,2-10,False,3.0,<10
BEV1_2025-02-14_drive3.csv,BEV1,2025-02-14 18:17:16+00:00,2025-02-14 18:41:47+00:00,2025-02-14 18:17:18+00:00,6.36901989829402,6.36901989829402,0,False,True,True,0.0,False,False,1739557036000000000,1739558507000000000,1739557038000000000,calibration,1492:22677>1505:22678|6,2-10,False,10.5,10-25
BEV1_2025-02-14_drive4.csv,BEV1,2025-02-14 20:59:07+00:00,2025-02-14 21:16:11+00:00,2025-02-14 20:59:09+00:00,6.829307486363732,6.829307486363732,0,False,True,True,0.0,False,False,1739566747000000000,1739567771000000000,1739566749000000000,calibration,1505:22678>1492:22677|6,2-10,False,1.5,<10
BEV1_2025-02-15_drive1.csv,BEV1,2025-02-15 08:18:45+00:00,2025-02-15 08:21:11+00:00,2025-02-15 08:18:46+00:00,0.1435411783056242,0.1435411783056242,0,False,True,True,0.0,False,False,1739607525000000000,1739607671000000000,1739607526000000000,calibration,1492:22677>1492:22678|0,<2,True,12.0,10-25
BEV1_2025-02-15_drive2.csv,BEV1,2025-02-15 09:59:46+00:00,2025-02-15 10:06:28+00:00,2025-02-15 09:59:47+00:00,1.094928095536248,1.094928095536248,0,True,True,True,0.0,True,False,1739613586000000000,1739613988000000000,1739613587000000000,calibration,1492:22678>1492:22675|1,<2,False,4.5,<10
BEV1_2025-02-15_drive3.csv,BEV1,2025-02-15 10:10:52+00:00,2025-02-15 11:03:39+00:00,2025-02-15 10:10:53+00:00,60.66727361238624,60.66727361238624,0,False,True,True,0.0,False,False,1739614252000000000,1739617419000000000,1739614253000000000,calibration,1492:22675>1316:22651|60,>=50,False,3.5,<10
BEV1_2025-02-15_drive4.csv,BEV1,2025-02-15 16:03:22+00:00,2025-02-15 16:20:51+00:00,2025-02-15 16:03:24+00:00,7.838986824439701,7.838986824439701,0,False,True,True,0.0,False,False,1739635402000000000,1739636451000000000,1739635404000000000,calibration,1316:22651>1292:22662|7,2-10,False,3.0,<10
BEV1_2025-02-15_drive5.csv,BEV1,2025-02-15 22:37:45+00:00,2025-02-15 23:41:08+00:00,2025-02-15 22:37:47+00:00,67.30867123486065,67.30867123486065,0,False,True,True,0.0,False,False,1739659065000000000,1739662868000000000,1739659067000000000,calibration,1292:22662>1492:22678|67,>=50,False,0.5,<10
BEV1_2025-02-16_drive1.csv,BEV1,2025-02-16 12:08:01+00:00,2025-02-16 12:15:15+00:00,2025-02-16 12:08:03+00:00,2.922930206528512,2.922930206528512,0,False,True,True,0.0,False,False,1739707681000000000,1739708115000000000,1739707683000000000,future,1492:22678>1485:22682|2,2-10,False,3.5,<10
BEV1_2025-02-16_drive2.csv,BEV1,2025-02-16 13:04:57+00:00,2025-02-16 13:07:10+00:00,2025-02-16 13:04:58+00:00,0.1870581212884473,0.1870581212884473,0,False,True,True,0.0,False,False,1739711097000000000,1739711230000000000,1739711098000000000,future,1485:22682>1486:22682|0,<2,False,6.5,<10
BEV1_2025-02-16_drive3.csv,BEV1,2025-02-16 13:14:35+00:00,2025-02-16 13:24:09+00:00,2025-02-16 13:14:37+00:00,2.887401331682453,2.887471401289132,0,False,True,True,0.0,False,False,1739711675000000000,1739712249000000000,1739711677000000000,future,1486:22682>1492:22677|2,2-10,False,6.5,<10
BEV1_2025-02-17_drive1.csv,BEV1,2025-02-17 10:14:34+00:00,2025-02-17 10:55:25+00:00,2025-02-17 10:14:35+00:00,60.42416741933844,60.42416741933844,0,False,True,True,0.0,False,False,1739787274000000000,1739789725000000000,1739787275000000000,future,1492:22677>1308:22654|60,>=50,False,11.714285714285714,10-25
BEV1_2025-02-17_drive2.csv,BEV1,2025-02-17 12:04:19+00:00,2025-02-17 12:19:26+00:00,2025-02-17 12:04:20+00:00,5.966303673418618,5.966303673418618,0,False,True,True,0.0,False,False,1739793859000000000,1739794766000000000,1739793860000000000,future,1308:22654>1317:22653|5,2-10,False,6.857142857142857,<10
BEV1_2025-02-17_drive3.csv,BEV1,2025-02-17 12:39:33+00:00,2025-02-17 13:28:40+00:00,2025-02-17 12:39:34+00:00,50.390817583012,50.390817583012,0,False,True,True,0.0,False,False,1739795973000000000,1739798920000000000,1739795974000000000,future,1317:22653>1454:22625|50,>=50,False,6.0,<10
BEV1_2025-02-17_drive4.csv,BEV1,2025-02-17 13:33:36+00:00,2025-02-17 13:47:35+00:00,2025-02-17 13:33:37+00:00,2.2519901382400467,2.2519901382400467,0,False,True,True,0.0,False,False,1739799216000000000,1739800055000000000,1739799217000000000,future,1454:22625>1459:22628|2,2-10,False,4.5,<10
BEV1_2025-02-17_drive5.csv,BEV1,2025-02-17 13:53:55+00:00,2025-02-17 13:57:22+00:00,2025-02-17 13:53:56+00:00,0.1216094373390894,0.1216094373390894,0,False,True,True,0.0,False,False,1739800435000000000,1739800642000000000,1739800436000000000,future,1459:22628>1458:22628|0,<2,False,4.5,<10
BEV1_2025-02-17_drive6.csv,BEV1,2025-02-17 14:08:10+00:00,2025-02-17 14:24:41+00:00,2025-02-17 14:08:11+00:00,0.0530132291669114,0.0530132291669114,0,False,True,True,0.0,False,False,1739801290000000000,1739802281000000000,1739801291000000000,future,1458:22628>1458:22628|0,<2,False,6.5,<10
BEV1_2025-02-17_drive7.csv,BEV1,2025-02-17 14:31:45+00:00,2025-02-17 14:40:29+00:00,2025-02-17 14:31:46+00:00,1.303995702258101,1.303995702258101,0,False,True,True,0.0,False,False,1739802705000000000,1739803229000000000,1739802706000000000,future,1458:22628>1460:22627|1,<2,False,1.0,<10
BEV1_2025-02-18_drive1.csv,BEV1,2025-02-18 07:11:16+00:00,2025-02-18 07:43:44+00:00,2025-02-18 07:11:17+00:00,21.96939026743884,21.96939026743884,0,False,True,True,0.0,False,False,1739862676000000000,1739864624000000000,1739862677000000000,future,1492:22677>1552:22706|21,10-50,True,10.928571428571429,10-25
BEV1_2025-05-23_drive1.csv,BEV1,2025-05-23 10:23:30+00:00,2025-05-23 10:30:04+00:00,2025-05-23 10:23:31+00:00,1.1699817125000902,1.1699817125000902,0,False,True,True,0.0,False,False,1747995810000000000,1747996204000000000,1747995811000000000,future,1310:22648>1313:22647|1,<2,False,13.0,10-25
BEV1_2025-05-23_drive2.csv,BEV1,2025-05-23 10:59:35+00:00,2025-05-23 11:49:39+00:00,2025-05-23 10:59:37+00:00,62.2947718813456,62.2947718813456,0,True,True,True,0.0,True,False,1747997975000000000,1748000979000000000,1747997977000000000,future,1313:22647>1492:22678|62,>=50,False,14.5,10-25
BEV1_2025-05-23_drive3.csv,BEV1,2025-05-23 13:44:43+00:00,2025-05-23 14:00:18+00:00,2025-05-23 13:44:45+00:00,8.349377412882024,8.349447495736696,0,False,True,True,0.0,False,False,1748007883000000000,1748008818000000000,1748007885000000000,future,1492:22678>1511:22678|8,2-10,False,23.0,10-25
BEV1_2025-05-23_drive4.csv,BEV1,2025-05-23 15:10:16+00:00,2025-05-23 15:23:45+00:00,2025-05-23 15:10:18+00:00,8.38844362040365,8.38844362040365,0,False,True,True,0.0,False,False,1748013016000000000,1748013825000000000,1748013018000000000,future,1511:22678>1492:22678|8,2-10,False,20.5,10-25
BEV1_2025-05-24_drive1.csv,BEV1,2025-05-24 11:11:30+00:00,2025-05-24 11:24:21+00:00,2025-05-24 11:11:31+00:00,6.950714050424244,6.950714050424244,0,False,True,True,0.0,False,False,1748085090000000000,1748085861000000000,1748085091000000000,future,1492:22678>1499:22693|6,2-10,False,18.0,10-25
BEV1_2025-05-24_drive2.csv,BEV1,2025-05-24 13:41:50+00:00,2025-05-24 13:53:07+00:00,2025-05-24 13:41:51+00:00,4.886095162930911,4.886095162930911,0,False,True,True,0.0,False,False,1748094110000000000,1748094787000000000,1748094111000000000,future,1499:22693>1489:22687|4,2-10,False,14.0,10-25
BEV1_2025-05-24_drive3.csv,BEV1,2025-05-24 15:52:47+00:00,2025-05-24 16:03:25+00:00,2025-05-24 15:52:48+00:00,4.703239813647174,4.703239813647174,0,False,True,True,0.0,False,False,1748101967000000000,1748102605000000000,1748101968000000000,future,1489:22687>1496:22682|4,2-10,False,12.5,10-25
BEV1_2025-05-24_drive4.csv,BEV1,2025-05-24 16:27:07+00:00,2025-05-24 16:38:08+00:00,2025-05-24 16:27:08+00:00,4.497189036933831,4.497189036933831,0,False,True,True,0.0,False,False,1748104027000000000,1748104688000000000,1748104028000000000,future,1496:22682>1492:22677|4,2-10,True,12.5,10-25
BEV1_2025-05-25_drive1.csv,BEV1,2025-05-25 14:55:44+00:00,2025-05-25 15:16:06+00:00,2025-05-25 14:55:46+00:00,23.550604141502767,23.550604141502767,0,False,True,True,0.0,False,False,1748184944000000000,1748186166000000000,1748184946000000000,future,1492:22677>1531:22623|23,10-50,False,17.1,10-25
BEV1_2025-05-25_drive2.csv,BEV1,2025-05-25 17:40:26+00:00,2025-05-25 18:10:25+00:00,2025-05-25 17:40:27+00:00,23.805327542020443,23.805327542020443,0,False,True,True,0.0,False,False,1748194826000000000,1748196625000000000,1748194827000000000,future,1531:22623>1492:22678|23,10-50,False,20.0,10-25
BEV1_2025-05-26_drive1.csv,BEV1,2025-05-26 06:17:23+00:00,2025-05-26 06:52:36+00:00,2025-05-26 06:17:24+00:00,21.56817048354983,21.56817048354983,0,False,True,True,0.0,False,False,1748240243000000000,1748242356000000000,1748240244000000000,future,1492:22678>1552:22706|21,10-50,False,13.0,10-25
BEV1_2025-05-26_drive2.csv,BEV1,2025-05-26 12:52:05+00:00,2025-05-26 13:50:17+00:00,2025-05-26 12:52:06+00:00,23.098224110658727,23.098224110658727,0,False,True,True,0.0,False,False,1748263925000000000,1748267417000000000,1748263926000000000,future,1552:22706>1489:22681|23,10-50,False,17.0,10-25
BEV1_2025-05-26_drive3.csv,BEV1,2025-05-26 14:39:28+00:00,2025-05-26 14:45:13+00:00,2025-05-26 14:39:30+00:00,1.9454167111463687,1.945527906226335,0,False,True,True,0.0,False,False,1748270368000000000,1748270713000000000,1748270370000000000,future,1489:22681>1492:22678|1,<2,False,27.5,>25
BEV1_2025-05-26_drive4.csv,BEV1,2025-05-26 16:14:04+00:00,2025-05-26 16:32:25+00:00,2025-05-26 16:14:05+00:00,12.927089666352051,12.927089666352051,0,False,True,True,0.0,False,False,1748276044000000000,1748277145000000000,1748276045000000000,future,1492:22678>1528:22691|12,10-50,False,24.0,10-25
BEV1_2025-05-26_drive5.csv,BEV1,2025-05-26 17:12:21+00:00,2025-05-26 17:30:00+00:00,2025-05-26 17:12:22+00:00,12.467868001452374,12.467868001452374,0,False,True,True,0.0,False,False,1748279541000000000,1748280600000000000,1748279542000000000,future,1528:22691>1492:22678|12,10-50,False,22.0,10-25
BEV1_2025-05-27_drive1.csv,BEV1,2025-05-27 06:21:33+00:00,2025-05-27 06:55:14+00:00,2025-05-27 06:21:34+00:00,21.322688898598035,21.322688898598035,0,False,True,True,0.0,False,False,1748326893000000000,1748328914000000000,1748326894000000000,future,1492:22678>1552:22706|21,10-50,False,13.5,10-25
BEV2_2024-05-16_drive1.csv,BEV2,2024-05-16 16:04:42+00:00,2024-05-16 16:23:27+00:00,2024-05-16 16:04:44+00:00,5.195659129734151,5.195659129734151,0,False,True,True,0.0,False,False,1715875482000000000,1715876607000000000,1715875484000000000,train,1552:22706>1543:22693|5,2-10,True,22.2,10-25
BEV2_2024-05-17_drive2.csv,BEV2,2024-05-17 16:20:21+00:00,2024-05-17 17:28:52+00:00,2024-05-17 16:20:23+00:00,60.96840313753393,60.96840313753393,0,False,True,True,0.0,False,False,1715962821000000000,1715966932000000000,1715962823000000000,train,1552:22706>1318:22645|60,>=50,True,16.0,10-25
BEV2_2024-05-18_drive1.csv,BEV2,2024-05-18 09:06:10+00:00,2024-05-18 10:45:46+00:00,2024-05-18 09:06:12+00:00,8.381069314440527,8.381069314440527,0,False,True,True,0.0,False,False,1716023170000000000,1716029146000000000,1716023172000000000,train,1318:22645>1318:22645|8,2-10,True,13.5,10-25
BEV2_2024-05-18_drive2.csv,BEV2,2024-05-18 11:58:52+00:00,2024-05-18 14:08:13+00:00,2024-05-18 11:58:54+00:00,65.65820574049943,65.65820574049943,0,False,True,True,0.0,False,False,1716033532000000000,1716041293000000000,1716033534000000000,train,1318:22645>1236:22808|65,>=50,True,16.5,10-25
BEV2_2024-05-18_drive3.csv,BEV2,2024-05-18 15:07:24+00:00,2024-05-18 16:02:53+00:00,2024-05-18 15:07:26+00:00,35.4952526223462,35.4952526223462,0,False,True,True,0.0,False,False,1716044844000000000,1716048173000000000,1716044846000000000,train,1236:22808>1251:22656|35,10-50,True,24.0,10-25
BEV2_2024-05-18_drive4.csv,BEV2,2024-05-18 16:29:54+00:00,2024-05-18 17:03:01+00:00,2024-05-18 16:29:56+00:00,24.88437260632617,24.88437260632617,0,False,True,True,0.0,False,False,1716049794000000000,1716051781000000000,1716049796000000000,train,1251:22656>1313:22659|24,10-50,True,25.5,>25
BEV2_2024-05-18_drive5.csv,BEV2,2024-05-18 17:28:45+00:00,2024-05-18 17:40:26+00:00,2024-05-18 17:28:46+00:00,4.813995978320194,4.813995978320194,0,False,True,True,0.0,False,False,1716053325000000000,1716054026000000000,1716053326000000000,train,1313:22659>1318:22645|4,2-10,True,19.3,10-25
BEV2_2024-05-18_drive6.csv,BEV2,2024-05-18 18:35:46+00:00,2024-05-18 18:57:28+00:00,2024-05-18 18:35:47+00:00,2.2513747380494693,2.2513747380494693,0,False,True,True,0.0,False,False,1716057346000000000,1716058648000000000,1716057347000000000,train,1318:22645>1316:22651|2,2-10,True,21.0,10-25
BEV2_2024-05-18_drive7.csv,BEV2,2024-05-18 19:37:57+00:00,2024-05-18 19:58:31+00:00,2024-05-18 19:37:59+00:00,2.3907151673710048,2.3907151673710048,0,False,True,True,0.0,False,False,1716061077000000000,1716062311000000000,1716061079000000000,train,1316:22651>1318:22646|2,2-10,True,21.0,10-25
BEV2_2024-05-19_drive1.csv,BEV2,2024-05-19 06:51:33+00:00,2024-05-19 07:14:25+00:00,2024-05-19 06:51:35+00:00,1.1071462194297894,1.1071462194297894,0,False,True,True,0.0,False,False,1716101493000000000,1716102865000000000,1716101495000000000,train,1318:22646>1315:22647|1,<2,True,13.5,10-25
BEV2_2024-05-19_drive2.csv,BEV2,2024-05-19 07:28:02+00:00,2024-05-19 07:51:32+00:00,2024-05-19 07:28:04+00:00,0.9364759475292712,0.9364759475292712,0,False,True,True,0.0,False,False,1716103682000000000,1716105092000000000,1716103684000000000,train,1315:22647>1318:22645|0,<2,True,14.0,10-25
BEV2_2024-05-19_drive4.csv,BEV2,2024-05-19 11:27:39+00:00,2024-05-19 13:29:12+00:00,2024-05-19 11:27:41+00:00,103.1385835283434,103.13865372008031,0,False,True,True,0.0,False,False,1716118059000000000,1716125352000000000,1716118061000000000,train,1318:22645>1679:22798|103,>=50,True,17.5,10-25
BEV2_2024-05-19_drive5.csv,BEV2,2024-05-19 15:22:39+00:00,2024-05-19 17:28:14+00:00,2024-05-19 15:22:41+00:00,117.59477320001452,117.59477320001452,0,False,True,True,0.0,False,False,1716132159000000000,1716139694000000000,1716132161000000000,train,1679:22798>1261:22651|117,>=50,True,22.625,10-25
BEV2_2024-05-19_drive6.csv,BEV2,2024-05-19 18:01:10+00:00,2024-05-19 18:18:21+00:00,2024-05-19 18:01:11+00:00,15.67338199612309,15.67338199612309,0,False,True,True,0.0,False,False,1716141670000000000,1716142701000000000,1716141671000000000,train,1261:22651>1318:22645|15,10-50,True,24.5,10-25
BEV2_2024-05-19_drive7.csv,BEV2,2024-05-19 19:22:45+00:00,2024-05-19 19:41:37+00:00,2024-05-19 19:22:48+00:00,3.6580393943447,3.6580393943447,0,False,True,True,0.0,False,False,1716146565000000000,1716147697000000000,1716146568000000000,train,1318:22645>1318:22645|3,2-10,True,29.5,>25
BEV2_2024-05-20_drive1.csv,BEV2,2024-05-20 18:19:31+00:00,2024-05-20 18:59:05+00:00,2024-05-20 18:19:33+00:00,6.730778021910058,6.730778021910058,0,False,True,True,0.0,False,False,1716229171000000000,1716231545000000000,1716229173000000000,train,1318:22645>1318:22645|6,2-10,True,21.0,10-25
BEV2_2024-05-21_drive1.csv,BEV2,2024-05-21 06:00:03+00:00,2024-05-21 06:34:44+00:00,2024-05-21 06:00:05+00:00,6.265634119935,6.265634119935,0,False,True,True,0.0,False,False,1716271203000000000,1716273284000000000,1716271205000000000,train,1318:22645>1313:22647|6,2-10,True,15.0,10-25
BEV2_2024-05-21_drive2.csv,BEV2,2024-05-21 10:12:48+00:00,2024-05-21 10:33:54+00:00,2024-05-21 10:12:50+00:00,2.5257126916477626,2.52578287703109,0,False,True,True,0.0,False,False,1716286368000000000,1716287634000000000,1716286370000000000,train,1313:22647>1318:22645|2,2-10,True,19.0,10-25
BEV2_2024-05-21_drive3.csv,BEV2,2024-05-21 11:41:33+00:00,2024-05-21 12:22:14+00:00,2024-05-21 11:41:35+00:00,6.477128919654108,6.477128919654108,0,False,True,True,0.0,False,False,1716291693000000000,1716294134000000000,1716291695000000000,train,1318:22645>1318:22645|6,2-10,True,17.5,10-25
BEV2_2024-05-21_drive4.csv,BEV2,2024-05-21 15:30:34+00:00,2024-05-21 15:54:23+00:00,2024-05-21 15:30:36+00:00,14.65817418693465,14.65817418693465,0,False,True,True,0.0,False,False,1716305434000000000,1716306863000000000,1716305436000000000,train,1318:22645>1263:22658|14,10-50,True,17.916666666666668,10-25
BEV2_2024-05-21_drive5.csv,BEV2,2024-05-21 17:09:30+00:00,2024-05-21 17:37:13+00:00,2024-05-21 17:09:33+00:00,8.894973027002301,8.894973027002301,0,False,True,True,0.0,False,False,1716311370000000000,1716313033000000000,1716311373000000000,train,1241:22818>1233:22828|8,2-10,True,19.1,10-25
BEV2_2024-05-21_drive6.csv,BEV2,2024-05-21 18:08:34+00:00,2024-05-21 18:21:59+00:00,2024-05-21 18:08:35+00:00,4.904813461583163,4.904813461583163,0,False,True,True,0.0,False,False,1716314914000000000,1716315719000000000,1716314915000000000,train,1233:22828>1242:22821|4,2-10,True,21.0,10-25
BEV2_2024-05-21_drive7.csv,BEV2,2024-05-21 19:18:31+00:00,2024-05-21 19:40:56+00:00,2024-05-21 19:18:34+00:00,1.489986392101586,1.489986392101586,0,False,True,True,0.0,False,False,1716319111000000000,1716320456000000000,1716319114000000000,train,1242:22821>1245:22822|1,<2,True,27.0,>25
BEV2_2024-05-21_drive8.csv,BEV2,2024-05-21 20:24:52+00:00,2024-05-21 22:06:44+00:00,2024-05-21 20:24:53+00:00,65.04424429469594,65.04424429469594,0,False,True,True,0.0,False,False,1716323092000000000,1716329204000000000,1716323093000000000,train,1245:22822>1318:22645|65,>=50,True,20.0,10-25
BEV2_2024-05-22_drive1.csv,BEV2,2024-05-22 04:56:24+00:00,2024-05-22 05:14:13+00:00,2024-05-22 04:56:27+00:00,4.642376148627978,4.642557536578301,0,False,True,True,0.0,False,False,1716353784000000000,1716354853000000000,1716353787000000000,train,1318:22645>1321:22656|4,2-10,True,14.5,10-25
BEV2_2024-05-22_drive2.csv,BEV2,2024-05-22 18:31:15+00:00,2024-05-22 18:56:36+00:00,2024-05-22 18:31:18+00:00,4.462156806677352,4.462156806677352,1,False,True,True,0.0,False,False,1716402675000000000,1716404196000000000,1716402678000000000,train,1321:22656>1318:22645|4,2-10,True,17.0,10-25
BEV2_2024-05-23_drive1.csv,BEV2,2024-05-23 05:58:47+00:00,2024-05-23 06:29:38+00:00,2024-05-23 05:58:50+00:00,6.187630487695959,6.187630487695959,0,False,True,True,0.0,False,False,1716443927000000000,1716445778000000000,1716443930000000000,train,1318:22645>1313:22648|6,2-10,True,13.3,10-25
BEV2_2024-06-14_drive1.csv,BEV2,2024-06-14 18:24:26+00:00,2024-06-14 18:44:29+00:00,2024-06-14 18:24:28+00:00,2.313728589937774,2.313728589937774,0,False,True,True,0.0,False,False,1718389466000000000,1718390669000000000,1718389468000000000,train,1318:22645>1313:22647|2,2-10,True,21.5,10-25
BEV2_2024-06-14_drive2.csv,BEV2,2024-06-14 20:01:39+00:00,2024-06-14 20:22:29+00:00,2024-06-14 20:01:42+00:00,2.533412943972796,2.533412943972796,0,False,True,True,0.0,False,False,1718395299000000000,1718396549000000000,1718395302000000000,train,1313:22647>1318:22645|2,2-10,True,22.0,10-25
BEV2_2024-06-15_drive1.csv,BEV2,2024-06-15 09:48:09+00:00,2024-06-15 11:24:54+00:00,2024-06-15 09:48:12+00:00,18.388579963397664,18.388650154984106,0,False,True,True,0.0,False,False,1718444889000000000,1718450694000000000,1718444892000000000,train,1318:22645>1318:22645|18,10-50,True,16.5,10-25
BEV2_2024-06-15_drive2.csv,BEV2,2024-06-15 12:32:02+00:00,2024-06-15 13:59:46+00:00,2024-06-15 12:32:05+00:00,62.71113373111048,62.71113373111048,0,False,True,True,0.0,False,False,1718454722000000000,1718459986000000000,1718454725000000000,train,1318:22645>1236:22808|62,>=50,True,17.8,10-25
BEV2_2024-06-15_drive3.csv,BEV2,2024-06-15 15:02:10+00:00,2024-06-15 16:35:37+00:00,2024-06-15 15:02:13+00:00,53.675101970977806,53.675101970977806,0,False,True,True,0.0,False,False,1718463730000000000,1718469337000000000,1718463733000000000,train,1236:22808>1318:22645|53,>=50,True,25.5,>25
BEV2_2024-06-18_drive1.csv,BEV2,2024-06-18 16:34:48+00:00,2024-06-18 17:30:13+00:00,2024-06-18 16:34:51+00:00,24.771576084012885,24.771576084012885,0,False,True,True,0.0,False,False,1718728488000000000,1718731813000000000,1718728491000000000,train,1256:22662>1318:22645|24,10-50,True,17.0,10-25
BEV2_2024-06-19_drive1.csv,BEV2,2024-06-19 05:47:50+00:00,2024-06-19 06:42:41+00:00,2024-06-19 05:47:53+00:00,6.45828516039442,6.45828516039442,0,False,True,True,0.0,False,False,1718776070000000000,1718779361000000000,1718776073000000000,train,1318:22645>1313:22648|6,2-10,True,15.0,10-25
BEV2_2024-06-19_drive2.csv,BEV2,2024-06-19 07:56:35+00:00,2024-06-19 08:35:41+00:00,2024-06-19 07:56:38+00:00,5.040106801499823,5.040408759115612,0,False,True,True,0.0,False,False,1718783795000000000,1718786141000000000,1718783798000000000,train,1313:22648>1318:22645|5,2-10,True,16.5,10-25
BEV2_2024-06-19_drive3.csv,BEV2,2024-06-19 10:30:23+00:00,2024-06-19 11:07:13+00:00,2024-06-19 10:30:26+00:00,6.429478700831664,6.429701090992303,0,False,True,True,0.0,False,False,1718793023000000000,1718795233000000000,1718793026000000000,train,1318:22645>1318:22645|6,2-10,True,19.0,10-25
BEV2_2024-06-19_drive4.csv,BEV2,2024-06-19 14:34:43+00:00,2024-06-19 14:40:59+00:00,2024-06-19 14:34:46+00:00,1.7939823878301404,1.7939823878301404,0,False,True,True,0.0,False,False,1718807683000000000,1718808059000000000,1718807686000000000,train,1318:22645>1320:22648|1,<2,True,25.0,10-25
BEV2_2024-06-19_drive5.csv,BEV2,2024-06-19 15:23:15+00:00,2024-06-19 15:41:07+00:00,2024-06-19 15:23:16+00:00,1.6813902345333205,1.6813902345333205,0,True,True,True,0.0,True,False,1718810595000000000,1718811667000000000,1718810596000000000,train,1320:22648>1318:22645|1,<2,True,29.0,>25
BEV2_2024-06-19_drive6.csv,BEV2,2024-06-19 17:41:45+00:00,2024-06-19 17:59:22+00:00,2024-06-19 17:41:48+00:00,4.469947435301315,4.469947435301315,0,False,True,True,0.0,False,False,1718818905000000000,1718819962000000000,1718818908000000000,train,1318:22645>1313:22647|4,2-10,True,24.0,10-25
BEV2_2024-06-19_drive7.csv,BEV2,2024-06-19 21:17:37+00:00,2024-06-19 21:38:26+00:00,2024-06-19 21:17:40+00:00,2.5813253946439083,2.5813253946439083,0,False,True,True,0.0,False,False,1718831857000000000,1718833106000000000,1718831860000000000,train,1313:22647>1318:22645|2,2-10,True,22.0,10-25
BEV2_2024-06-20_drive1.csv,BEV2,2024-06-20 09:41:56+00:00,2024-06-20 10:01:19+00:00,2024-06-20 09:41:59+00:00,2.762514939465538,2.762514939465538,0,False,True,True,0.0,False,False,1718876516000000000,1718877679000000000,1718876519000000000,train,1318:22645>1318:22645|2,2-10,True,20.0,10-25
BEV2_2024-06-20_drive2.csv,BEV2,2024-06-20 17:42:44+00:00,2024-06-20 18:01:09+00:00,2024-06-20 17:42:45+00:00,3.682124635798612,3.682124635798612,0,False,True,True,0.0,False,False,1718905364000000000,1718906469000000000,1718905365000000000,train,1318:22645>1318:22645|3,2-10,True,18.5,10-25
BEV2_2024-06-21_drive1.csv,BEV2,2024-06-21 05:51:29+00:00,2024-06-21 06:31:37+00:00,2024-06-21 05:51:32+00:00,6.666763492189709,6.666833684268289,0,False,True,True,0.0,False,False,1718949089000000000,1718951497000000000,1718949092000000000,train,1318:22645>1318:22645|6,2-10,True,17.0,10-25
BEV2_2024-06-21_drive10.csv,BEV2,2024-06-21 18:15:13+00:00,2024-06-21 18:32:02+00:00,2024-06-21 18:15:17+00:00,1.9886741272710755,1.9889257065211727,0,False,True,True,0.0,False,False,1718993713000000000,1718994722000000000,1718993717000000000,train,1318:22645>1313:22647|1,<2,True,17.5,10-25
BEV2_2024-06-21_drive2.csv,BEV2,2024-06-21 18:43:10+00:00,2024-06-21 18:58:30+00:00,2024-06-21 18:43:13+00:00,2.301352203140174,2.301693091758928,0,False,True,True,0.0,False,False,1718995390000000000,1718996310000000000,1718995393000000000,train,1313:22647>1318:22645|2,2-10,True,16.666666666666668,10-25
BEV2_2024-06-21_drive3.csv,BEV2,2024-06-21 08:37:08+00:00,2024-06-21 09:08:36+00:00,2024-06-21 08:37:11+00:00,3.014748527178074,3.0149817316239096,0,False,True,True,0.0,False,False,1718959028000000000,1718960916000000000,1718959031000000000,train,1318:22645>1316:22653|3,2-10,True,17.5,10-25
BEV2_2024-06-21_drive4.csv,BEV2,2024-06-21 10:17:01+00:00,2024-06-21 11:18:43+00:00,2024-06-21 10:17:04+00:00,6.431144762759693,6.431144762759693,0,False,True,True,0.0,False,False,1718965021000000000,1718968723000000000,1718965024000000000,train,1316:22653>1313:22648|6,2-10,True,17.0,10-25
BEV2_2024-06-21_drive5.csv,BEV2,2024-06-21 13:48:31+00:00,2024-06-21 13:54:07+00:00,2024-06-21 13:48:32+00:00,0.1614939207700449,0.1614939207700449,1,True,False,True,0.0,True,False,1718977711000000000,1718978047000000000,1718977712000000000,train,1313:22648>1313:22647|0,<2,True,19.0,10-25
BEV2_2024-06-21_drive6.csv,BEV2,2024-06-21 15:08:53+00:00,2024-06-21 15:24:13+00:00,2024-06-21 15:08:56+00:00,2.580161410630425,2.580161410630425,0,False,True,True,0.0,False,False,1718982533000000000,1718983453000000000,1718982536000000000,train,1313:22647>1318:22645|2,2-10,True,18.0,10-25
BEV2_2024-06-21_drive7.csv,BEV2,2024-06-21 16:10:12+00:00,2024-06-21 16:29:55+00:00,2024-06-21 16:10:15+00:00,2.4959247562624194,2.4959247562624194,0,False,True,True,0.0,False,False,1718986212000000000,1718987395000000000,1718986215000000000,train,1318:22645>1317:22652|2,2-10,True,16.0,10-25
BEV2_2024-06-21_drive8.csv,BEV2,2024-06-21 16:35:34+00:00,2024-06-21 16:48:00+00:00,2024-06-21 16:35:38+00:00,2.639032869210095,2.6391440642900608,0,False,True,True,0.0,False,False,1718987734000000000,1718988480000000000,1718987738000000000,train,1317:22652>1318:22645|2,2-10,True,17.0,10-25
BEV2_2024-06-21_drive9.csv,BEV2,2024-06-21 17:44:29+00:00,2024-06-21 18:01:45+00:00,2024-06-21 17:44:32+00:00,3.679378115867504,3.6796843833096,0,False,True,True,0.0,False,False,1718991869000000000,1718992905000000000,1718991872000000000,train,1318:22645>1318:22645|3,2-10,True,16.5,10-25
BEV2_2024-06-22_drive1.csv,BEV2,2024-06-22 10:26:08+00:00,2024-06-22 10:36:29+00:00,2024-06-22 10:26:11+00:00,3.018298321050914,3.018298321050914,0,False,True,True,0.0,False,False,1719051968000000000,1719052589000000000,1719051971000000000,train,1318:22645>1310:22648|3,2-10,True,18.5,10-25
BEV2_2024-06-22_drive2.csv,BEV2,2024-06-22 11:47:51+00:00,2024-06-22 14:05:20+00:00,2024-06-22 11:47:54+00:00,66.08198999405346,66.08198999405346,0,False,True,True,0.0,False,False,1719056871000000000,1719065120000000000,1719056874000000000,train,1310:22648>1236:22808|66,>=50,True,18.0,10-25
BEV2_2024-06-22_drive3.csv,BEV2,2024-06-22 14:59:04+00:00,2024-06-22 15:32:58+00:00,2024-06-22 14:59:07+00:00,14.257758987211602,14.257890190427048,0,False,True,True,0.0,False,False,1719068344000000000,1719070378000000000,1719068347000000000,train,1236:22808>1245:22822|14,10-50,True,25.5,>25
BEV2_2024-06-22_drive4.csv,BEV2,2024-06-22 15:37:05+00:00,2024-06-22 16:47:39+00:00,2024-06-22 15:37:09+00:00,60.87147648791737,60.87154608266043,0,False,True,True,0.0,False,False,1719070625000000000,1719074859000000000,1719070629000000000,train,1245:22822>1318:22645|60,>=50,True,23.5,10-25
BEV2_2024-06-22_drive5.csv,BEV2,2024-06-22 17:20:02+00:00,2024-06-22 17:37:21+00:00,2024-06-22 17:20:05+00:00,3.6666980758593706,3.6666980758593706,0,False,True,True,0.0,False,False,1719076802000000000,1719077841000000000,1719076805000000000,train,1318:22645>1318:22645|3,2-10,True,25.0,10-25
BEV2_2024-06-22_drive6.csv,BEV2,2024-06-22 18:26:04+00:00,2024-06-22 18:36:35+00:00,2024-06-22 18:26:07+00:00,3.155193325956786,3.155193325956786,0,False,True,True,0.0,False,False,1719080764000000000,1719081395000000000,1719080767000000000,train,1318:22645>1313:22647|3,2-10,True,25.0,10-25
BEV2_2024-06-22_drive7.csv,BEV2,2024-06-22 22:36:51+00:00,2024-06-22 22:52:11+00:00,2024-06-22 22:36:54+00:00,2.58809879425052,2.58809879425052,1,True,False,True,0.0,True,False,1719095811000000000,1719096731000000000,1719095814000000000,train,1313:22647>1318:22645|2,2-10,True,20.5,10-25
BEV2_2024-06-23_drive1.csv,BEV2,2024-06-23 06:35:56+00:00,2024-06-23 06:53:35+00:00,2024-06-23 06:35:59+00:00,2.222280523751229,2.222280523751229,0,False,True,True,0.0,False,False,1719124556000000000,1719125615000000000,1719124559000000000,train,1318:22645>1315:22648|2,2-10,True,15.0,10-25
BEV2_2024-06-23_drive2.csv,BEV2,2024-06-23 07:15:02+00:00,2024-06-23 07:55:34+00:00,2024-06-23 07:15:04+00:00,31.77680036754071,31.77680036754071,0,False,True,True,0.0,False,False,1719126902000000000,1719129334000000000,1719126904000000000,train,1315:22648>1394:22700|31,10-50,True,18.5,10-25
BEV2_2024-06-23_drive3.csv,BEV2,2024-06-23 09:09:49+00:00,2024-06-23 09:25:09+00:00,2024-06-23 09:09:52+00:00,2.370191017124774,2.370191017124774,0,False,True,True,0.0,False,False,1719133789000000000,1719134709000000000,1719133792000000000,train,1394:22700>1386:22699|2,2-10,True,22.0,10-25
BEV2_2024-06-23_drive4.csv,BEV2,2024-06-23 09:38:40+00:00,2024-06-23 10:13:15+00:00,2024-06-23 09:38:44+00:00,27.19741110005478,27.19741110005478,0,False,True,True,0.0,False,False,1719135520000000000,1719137595000000000,1719135524000000000,train,1386:22699>1318:22646|27,10-50,True,26.0,>25
BEV2_2024-06-24_drive1.csv,BEV2,2024-06-24 05:53:29+00:00,2024-06-24 06:28:02+00:00,2024-06-24 05:53:33+00:00,6.504816439533244,6.504886630701241,0,False,True,True,0.0,False,False,1719208409000000000,1719210482000000000,1719208413000000000,train,1318:22646>1313:22648|6,2-10,True,16.0,10-25
BEV2_2024-06-24_drive2.csv,BEV2,2024-06-24 15:25:48+00:00,2024-06-24 15:41:55+00:00,2024-06-24 15:25:52+00:00,2.7997282294932653,2.7997282294932653,0,False,True,True,0.0,False,False,1719242748000000000,1719243715000000000,1719242752000000000,train,1313:22648>1318:22645|2,2-10,True,18.0,10-25
BEV2_2024-06-24_drive3.csv,BEV2,2024-06-24 16:25:03+00:00,2024-06-24 16:41:58+00:00,2024-06-24 16:25:07+00:00,3.650714983078122,3.650714983078122,0,False,True,True,0.0,False,False,1719246303000000000,1719247318000000000,1719246307000000000,train,1318:22645>1318:22645|3,2-10,True,24.0,10-25
BEV2_2024-06-24_drive4.csv,BEV2,2024-06-24 17:08:07+00:00,2024-06-24 17:39:07+00:00,2024-06-24 17:08:11+00:00,19.74494518967767,19.74494518967767,0,False,True,True,0.0,False,False,1719248887000000000,1719250747000000000,1719248891000000000,train,1318:22645>1318:22645|19,10-50,True,25.5,>25
BEV2_2024-06-25_drive1.csv,BEV2,2024-06-25 04:13:36+00:00,2024-06-25 05:09:56+00:00,2024-06-25 04:13:40+00:00,38.566089854230135,38.566089854230135,0,False,True,True,0.0,False,False,1719288816000000000,1719292196000000000,1719288820000000000,train,1318:22645>1466:22625|38,10-50,True,18.0,10-25
BEV2_2024-06-25_drive2.csv,BEV2,2024-06-25 06:20:57+00:00,2024-06-25 07:28:37+00:00,2024-06-25 06:21:01+00:00,38.02498942637125,38.02498942637125,0,False,True,True,0.0,False,False,1719296457000000000,1719300517000000000,1719296461000000000,train,1466:22625>1313:22648|38,10-50,True,22.0,10-25
BEV2_2024-06-25_drive3.csv,BEV2,2024-06-25 09:57:15+00:00,2024-06-25 10:44:12+00:00,2024-06-25 09:57:19+00:00,22.440764880941032,22.441180337633654,0,False,True,True,0.0,False,False,1719309435000000000,1719312252000000000,1719309439000000000,train,1313:22648>1313:22648|22,10-50,True,21.5,10-25
BEV2_2024-06-25_drive5.csv,BEV2,2024-06-25 15:59:15+00:00,2024-06-25 16:37:17+00:00,2024-06-25 15:59:19+00:00,12.880733026552864,12.880733026552864,0,False,True,True,0.0,False,False,1719331155000000000,1719333437000000000,1719331159000000000,train,1313:22648>1318:22645|12,10-50,True,27.0,>25
BEV2_2024-06-26_drive1.csv,BEV2,2024-06-26 06:10:06+00:00,2024-06-26 06:19:49+00:00,2024-06-26 06:10:10+00:00,2.3903904689198656,2.3904606610211347,0,False,True,True,0.0,False,False,1719382206000000000,1719382789000000000,1719382210000000000,train,1318:22645>1313:22648|2,2-10,True,20.0,10-25
BEV2_2024-06-26_drive2.csv,BEV2,2024-06-26 09:38:49+00:00,2024-06-26 10:32:44+00:00,2024-06-26 09:38:53+00:00,26.09690666682904,26.09690666682904,0,True,True,True,0.0,True,False,1719394729000000000,1719397964000000000,1719394733000000000,train,1313:22648>1315:22646|26,10-50,True,25.5,>25
BEV2_2024-06-26_drive3.csv,BEV2,2024-06-26 10:37:04+00:00,2024-06-26 10:52:23+00:00,2024-06-26 10:37:05+00:00,1.6299846155436502,1.6299846155436502,0,False,True,True,0.0,False,False,1719398224000000000,1719399143000000000,1719398225000000000,train,1315:22646>1313:22648|1,<2,True,33.0,>25
BEV2_2024-06-26_drive4.csv,BEV2,2024-06-26 13:13:01+00:00,2024-06-26 13:39:33+00:00,2024-06-26 13:13:03+00:00,18.312918957005387,18.312918957005387,0,False,True,True,0.0,False,False,1719407581000000000,1719409173000000000,1719407583000000000,train,1313:22648>1241:22648|18,10-50,True,23.5,10-25
BEV2_2024-06-26_drive7.csv,BEV2,2024-06-26 18:34:08+00:00,2024-06-26 19:39:38+00:00,2024-06-26 18:34:12+00:00,58.79739314521323,58.79739314521323,0,False,True,True,0.0,False,False,1719426848000000000,1719430778000000000,1719426852000000000,train,1237:22806>1318:22645|58,>=50,True,26.0,>25
BEV2_2024-06-27_drive7.csv,BEV2,2024-06-27 16:11:09+00:00,2024-06-27 16:32:15+00:00,2024-06-27 16:11:13+00:00,1.8676236419345893,1.8676236419345893,1,False,False,True,0.0,False,False,1719504669000000000,1719505935000000000,1719504673000000000,train,1318:22645>1318:22645|1,<2,True,29.0,>25
BEV2_2024-06-27_drive8.csv,BEV2,2024-06-27 18:10:29+00:00,2024-06-27 18:50:53+00:00,2024-06-27 18:10:30+00:00,13.770704970696746,13.770704970696746,0,True,True,True,0.0,True,False,1719511829000000000,1719514253000000000,1719511830000000000,train,1318:22645>1318:22645|13,10-50,True,30.85,>25
BEV2_2024-06-28_drive2.csv,BEV2,2024-06-28 09:52:41+00:00,2024-06-28 11:04:46+00:00,2024-06-28 09:52:45+00:00,59.81395715892722,59.81395715892722,0,False,True,True,0.0,False,False,1719568361000000000,1719572686000000000,1719568365000000000,train,1313:22648>1552:22706|59,>=50,True,19.0,10-25
BEV2_2024-06-29_drive7.csv,BEV2,2024-06-29 16:33:52+00:00,2024-06-29 16:46:32+00:00,2024-06-29 16:33:56+00:00,2.490382526856372,2.4904527186023624,0,False,True,True,0.0,False,False,1719678832000000000,1719679592000000000,1719678836000000000,train,1318:22645>1317:22652|2,2-10,True,25.0,10-25
BEV2_2024-06-29_drive8.csv,BEV2,2024-06-29 17:51:18+00:00,2024-06-29 18:54:46+00:00,2024-06-29 17:51:19+00:00,20.48948629924868,20.48948629924868,0,True,True,True,0.0,True,False,1719683478000000000,1719687286000000000,1719683479000000000,train,1317:22652>1318:22645|20,10-50,True,22.0,10-25
BEV2_2024-06-30_drive6.csv,BEV2,2024-06-30 15:40:48+00:00,2024-06-30 16:48:10+00:00,2024-06-30 15:40:49+00:00,53.83907259877628,53.83907259877628,1,False,True,True,0.0,False,False,1719762048000000000,1719766090000000000,1719762049000000000,train,1236:22808>1318:22645|53,>=50,True,27.5,>25
BEV2_2024-07-04_drive1.csv,BEV2,2024-07-04 05:56:25+00:00,2024-07-04 06:16:08+00:00,2024-07-04 05:56:26+00:00,2.264871651157902,2.264871651157902,0,False,True,True,0.0,False,False,1720072585000000000,1720073768000000000,1720072586000000000,train,1318:22645>1313:22648|2,2-10,True,16.5,10-25
BEV2_2024-07-05_drive3.csv,BEV2,2024-07-05 10:06:08+00:00,2024-07-05 10:20:47+00:00,2024-07-05 10:06:10+00:00,3.562197990926477,3.562197990926477,0,False,True,True,0.0,False,False,1720173968000000000,1720174847000000000,1720173970000000000,train,1313:22648>1318:22645|3,2-10,True,18.0,10-25
BEV2_2024-07-05_drive4.csv,BEV2,2024-07-05 10:28:01+00:00,2024-07-05 11:35:22+00:00,2024-07-05 10:28:03+00:00,21.78310116556868,21.78310116556868,0,False,True,True,0.0,False,False,1720175281000000000,1720179322000000000,1720175283000000000,train,1318:22645>1326:22670|21,10-50,True,17.0,10-25
BEV2_2024-07-05_drive5.csv,BEV2,2024-07-05 11:40:23+00:00,2024-07-05 13:21:21+00:00,2024-07-05 11:40:25+00:00,75.13204714862411,75.13204714862411,0,False,True,True,0.0,False,False,1720179623000000000,1720185681000000000,1720179625000000000,train,1326:22670>1245:22822|75,>=50,True,17.5,10-25
BEV2_2024-07-05_drive6.csv,BEV2,2024-07-05 13:22:53+00:00,2024-07-05 13:57:56+00:00,2024-07-05 13:22:55+00:00,6.445539199448428,6.445539199448428,0,False,True,True,0.0,False,False,1720185773000000000,1720187876000000000,1720185775000000000,train,1245:22822>1236:22808|6,2-10,True,19.0,10-25
BEV2_2024-07-05_drive8.csv,BEV2,2024-07-05 19:36:11+00:00,2024-07-05 19:57:42+00:00,2024-07-05 19:36:13+00:00,5.793248048147726,5.793248048147726,0,False,True,True,0.0,False,False,1720208171000000000,1720209462000000000,1720208173000000000,train,1318:22645>1318:22645|5,2-10,True,24.5,10-25
BEV2_2024-07-05_drive9.csv,BEV2,2024-07-05 22:01:38+00:00,2024-07-05 22:21:19+00:00,2024-07-05 22:01:40+00:00,3.675068822021731,3.675068822021731,0,False,True,True,0.0,False,False,1720216898000000000,1720218079000000000,1720216900000000000,train,1318:22645>1318:22645|3,2-10,True,22.0,10-25
BEV2_2024-07-29_drive1.csv,BEV2,2024-07-29 12:05:00+00:00,2024-07-29 13:30:34+00:00,2024-07-29 12:05:03+00:00,63.92193041933874,63.92193041933874,0,False,True,True,0.0,False,False,1722254700000000000,1722259834000000000,1722254703000000000,train,1318:22645>1251:22818|63,>=50,True,29.5,>25
BEV2_2024-07-29_drive2.csv,BEV2,2024-07-29 13:51:16+00:00,2024-07-29 14:27:58+00:00,2024-07-29 13:51:19+00:00,8.58218898124717,8.58218898124717,0,False,True,True,0.0,False,False,1722261076000000000,1722263278000000000,1722261079000000000,train,1251:22818>1236:22808|8,2-10,True,31.5,>25
BEV2_2024-07-29_drive3.csv,BEV2,2024-07-29 16:52:52+00:00,2024-07-29 17:58:00+00:00,2024-07-29 16:52:55+00:00,53.89016653960943,53.89016653960943,0,False,True,True,0.0,False,False,1722271972000000000,1722275880000000000,1722271975000000000,train,1236:22808>1317:22652|53,>=50,True,28.5,>25
BEV2_2024-07-29_drive4.csv,BEV2,2024-07-29 19:56:22+00:00,2024-07-29 20:05:42+00:00,2024-07-29 19:56:23+00:00,2.336241759344654,2.336241759344654,0,True,True,True,0.0,True,False,1722282982000000000,1722283542000000000,1722282983000000000,train,1317:22652>1318:22645|2,2-10,True,23.5,10-25
BEV2_2024-07-30_drive2.csv,BEV2,2024-07-30 17:03:42+00:00,2024-07-30 17:40:29+00:00,2024-07-30 17:03:45+00:00,5.883300758247566,5.883300758247566,0,False,True,True,0.0,False,False,1722359022000000000,1722361229000000000,1722359025000000000,train,1318:22645>1318:22645|5,2-10,True,33.5,>25
BEV2_2024-07-30_drive3.csv,BEV2,2024-07-30 19:38:46+00:00,2024-07-30 19:56:07+00:00,2024-07-30 19:38:49+00:00,5.655760321194259,5.655760321194259,0,False,True,True,0.0,False,False,1722368326000000000,1722369367000000000,1722368329000000000,train,1318:22645>1318:22645|5,2-10,True,33.0,>25
BEV2_2024-07-31_drive2.csv,BEV2,2024-07-31 12:00:11+00:00,2024-07-31 12:12:35+00:00,2024-07-31 12:00:14+00:00,2.748883486239498,2.748883486239498,0,False,True,True,0.0,False,False,1722427211000000000,1722427955000000000,1722427214000000000,train,1313:22648>1318:22645|2,2-10,True,20.5,10-25
BEV2_2024-07-31_drive3.csv,BEV2,2024-07-31 14:03:33+00:00,2024-07-31 15:12:54+00:00,2024-07-31 14:03:36+00:00,16.410218607737733,16.410218607737733,0,False,True,True,0.0,False,False,1722434613000000000,1722438774000000000,1722434616000000000,train,1318:22645>1326:22670|16,10-50,True,27.5,>25
BEV2_2024-07-31_drive4.csv,BEV2,2024-07-31 15:20:55+00:00,2024-07-31 15:54:58+00:00,2024-07-31 15:20:57+00:00,12.16812709652735,12.168197203490031,0,False,True,True,0.0,False,False,1722439255000000000,1722441298000000000,1722439257000000000,train,1326:22670>1315:22645|12,10-50,True,39.5,>25
BEV2_2024-07-31_drive5.csv,BEV2,2024-07-31 15:58:22+00:00,2024-07-31 16:16:02+00:00,2024-07-31 15:58:25+00:00,1.6334790598044466,1.6334790598044466,0,False,True,True,0.0,False,False,1722441502000000000,1722442562000000000,1722441505000000000,train,1315:22645>1318:22645|1,<2,True,33.0,>25
BEV2_2024-08-01_drive1.csv,BEV2,2024-08-01 06:50:36+00:00,2024-08-01 07:10:34+00:00,2024-08-01 06:50:39+00:00,2.158314066038112,2.158314066038112,0,False,True,True,0.0,False,False,1722495036000000000,1722496234000000000,1722495039000000000,train,1318:22645>1313:22648|2,2-10,True,20.0,10-25
BEV2_2024-08-01_drive2.csv,BEV2,2024-08-01 10:52:37+00:00,2024-08-01 11:10:04+00:00,2024-08-01 10:52:40+00:00,2.746285130261209,2.746285130261209,0,False,True,True,0.0,False,False,1722509557000000000,1722510604000000000,1722509560000000000,train,1313:22648>1318:22645|2,2-10,True,20.5,10-25
BEV2_2024-08-01_drive3.csv,BEV2,2024-08-01 15:43:13+00:00,2024-08-01 16:15:37+00:00,2024-08-01 15:43:16+00:00,5.713345486537786,5.713456681617752,0,False,True,True,0.0,False,False,1722526993000000000,1722528937000000000,1722526996000000000,train,1318:22645>1316:22650|5,2-10,True,24.5,10-25
BEV2_2024-08-01_drive4.csv,BEV2,2024-08-01 16:38:01+00:00,2024-08-01 16:57:47+00:00,2024-08-01 16:38:04+00:00,1.9271759705249176,1.9271759705249176,0,False,True,True,0.0,False,False,1722530281000000000,1722531467000000000,1722530284000000000,train,1316:22650>1318:22645|1,<2,True,27.5,>25
BEV2_2024-08-01_drive5.csv,BEV2,2024-08-01 20:12:20+00:00,2024-08-01 20:46:32+00:00,2024-08-01 20:12:23+00:00,6.51589940417809,6.51589940417809,0,False,True,True,0.0,False,False,1722543140000000000,1722545192000000000,1722543143000000000,train,1318:22645>1318:22645|6,2-10,True,24.0,10-25
BEV2_2024-08-02_drive1.csv,BEV2,2024-08-02 06:37:23+00:00,2024-08-02 06:45:16+00:00,2024-08-02 06:37:26+00:00,2.073475738870698,2.073475738870698,0,False,True,True,0.0,False,False,1722580643000000000,1722581116000000000,1722580646000000000,train,1318:22645>1318:22651|2,2-10,True,19.5,10-25
BEV2_2024-08-02_drive2.csv,BEV2,2024-08-02 07:31:11+00:00,2024-08-02 07:42:17+00:00,2024-08-02 07:31:12+00:00,2.671979679806542,2.671979679806542,0,True,True,True,0.0,True,False,1722583871000000000,1722584537000000000,1722583872000000000,train,1318:22651>1318:22645|2,2-10,True,20.5,10-25
BEV2_2024-08-02_drive3.csv,BEV2,2024-08-02 08:03:43+00:00,2024-08-02 08:19:03+00:00,2024-08-02 08:03:47+00:00,1.17921133952197,1.1793904254858585,0,False,True,True,0.0,False,False,1722585823000000000,1722586743000000000,1722585827000000000,train,1318:22645>1315:22648|1,<2,True,23.5,10-25
BEV2_2024-08-02_drive4.csv,BEV2,2024-08-02 09:07:42+00:00,2024-08-02 09:47:15+00:00,2024-08-02 09:07:46+00:00,5.08328717612331,5.083620761363915,0,False,True,True,0.0,False,False,1722589662000000000,1722592035000000000,1722589666000000000,train,1315:22648>1318:22645|5,2-10,True,22.0,10-25
BEV2_2024-08-02_drive5.csv,BEV2,2024-08-02 11:38:44+00:00,2024-08-02 13:07:48+00:00,2024-08-02 11:38:45+00:00,52.008011898537504,52.008011898537504,0,False,True,True,0.0,False,False,1722598724000000000,1722604068000000000,1722598725000000000,train,1318:22645>1236:22808|52,>=50,True,29.0,>25
BEV2_2024-08-02_drive8.csv,BEV2,2024-08-02 20:21:51+00:00,2024-08-02 20:24:54+00:00,2024-08-02 20:21:55+00:00,0.0429072731045614,0.0429072731045614,1,False,False,True,0.0,False,False,1722630111000000000,1722630294000000000,1722630115000000000,train,964:22878>964:22878|0,<2,True,23.5,10-25
BEV2_2024-08-03_drive1.csv,BEV2,2024-08-03 07:10:36+00:00,2024-08-03 07:22:48+00:00,2024-08-03 07:10:37+00:00,2.3156159712969804,2.3156159712969804,0,False,True,True,0.0,False,False,1722669036000000000,1722669768000000000,1722669037000000000,train,964:22878>967:22882|2,2-10,True,21.0,10-25
BEV2_2024-08-03_drive2.csv,BEV2,2024-08-03 07:29:27+00:00,2024-08-03 07:50:41+00:00,2024-08-03 07:29:30+00:00,2.328639217124379,2.328639217124379,0,False,True,True,0.0,False,False,1722670167000000000,1722671441000000000,1722670170000000000,train,967:22882>964:22878|2,2-10,True,22.5,10-25
BEV2_2024-08-03_drive3.csv,BEV2,2024-08-03 09:41:38+00:00,2024-08-03 10:19:33+00:00,2024-08-03 09:41:42+00:00,8.005494938656284,8.005494938656284,0,False,True,True,0.0,False,False,1722678098000000000,1722680373000000000,1722678102000000000,train,964:22878>946:22868|8,2-10,True,22.0,10-25
BEV2_2024-08-03_drive4.csv,BEV2,2024-08-03 12:22:42+00:00,2024-08-03 12:55:20+00:00,2024-08-03 12:22:46+00:00,8.137769484348638,8.137769484348638,0,False,True,True,0.0,False,False,1722687762000000000,1722689720000000000,1722687766000000000,train,946:22868>964:22878|8,2-10,True,21.5,10-25
BEV2_2024-08-04_drive1.csv,BEV2,2024-08-04 12:05:15+00:00,2024-08-04 12:35:21+00:00,2024-08-04 12:05:19+00:00,3.8351192527230418,3.8351192527230418,0,False,True,True,0.0,False,False,1722773115000000000,1722774921000000000,1722773119000000000,train,964:22878>954:22879|3,2-10,True,21.0,10-25
BEV2_2024-08-04_drive2.csv,BEV2,2024-08-04 15:50:42+00:00,2024-08-04 16:09:56+00:00,2024-08-04 15:50:43+00:00,3.8140216540496543,3.8140216540496543,0,False,True,True,0.0,False,False,1722786642000000000,1722787796000000000,1722786643000000000,train,954:22879>964:22878|3,2-10,True,22.0,10-25
BEV2_2024-08-04_drive4.csv,BEV2,2024-08-04 17:46:03+00:00,2024-08-04 17:56:56+00:00,2024-08-04 17:46:07+00:00,0.9127698368045536,0.9127698368045536,0,False,True,True,0.0,False,False,1722793563000000000,1722794216000000000,1722793567000000000,train,963:22879>964:22878|0,<2,True,28.0,>25
BEV2_2024-08-05_drive1.csv,BEV2,2024-08-05 06:58:08+00:00,2024-08-05 07:50:02+00:00,2024-08-05 06:58:12+00:00,60.70529935795883,60.70550993501199,0,False,True,True,0.0,False,False,1722841088000000000,1722844202000000000,1722841092000000000,train,1318:22645>1552:22706|60,>=50,True,17.5,10-25
BEV2_2024-08-05_drive2.csv,BEV2,2024-08-05 15:21:36+00:00,2024-08-05 16:32:18+00:00,2024-08-05 15:21:38+00:00,55.62059235248788,55.62059235248788,0,False,True,True,0.0,False,False,1722871296000000000,1722875538000000000,1722871298000000000,train,1552:22706>1318:22645|55,>=50,True,25.0,10-25
BEV2_2024-08-05_drive3.csv,BEV2,2024-08-05 17:56:12+00:00,2024-08-05 18:25:10+00:00,2024-08-05 17:56:14+00:00,13.492449688036972,13.492449688036972,0,False,True,True,0.0,False,False,1722880572000000000,1722882310000000000,1722880574000000000,train,1318:22645>1318:22645|13,10-50,True,28.3,>25
BEV2_2024-08-06_drive1.csv,BEV2,2024-08-06 06:41:51+00:00,2024-08-06 07:02:26+00:00,2024-08-06 06:41:53+00:00,2.1758226119723627,2.1759541080779696,0,False,True,True,0.0,False,False,1722926511000000000,1722927746000000000,1722926513000000000,train,1318:22645>1313:22648|2,2-10,True,19.0,10-25
BEV2_2024-08-06_drive2.csv,BEV2,2024-08-06 12:36:10+00:00,2024-08-06 12:54:01+00:00,2024-08-06 12:36:12+00:00,2.753195465021015,2.753195465021015,0,False,True,True,0.0,False,False,1722947770000000000,1722948841000000000,1722947772000000000,train,1313:22648>1318:22645|2,2-10,True,20.0,10-25
BEV2_2024-08-06_drive3.csv,BEV2,2024-08-06 14:24:11+00:00,2024-08-06 15:00:42+00:00,2024-08-06 14:24:12+00:00,4.944603521971615,4.944603521971615,0,False,True,True,0.0,False,False,1722954251000000000,1722956442000000000,1722954252000000000,train,1318:22645>1317:22659|4,2-10,True,31.5,>25
BEV2_2024-08-06_drive4.csv,BEV2,2024-08-06 16:15:45+00:00,2024-08-06 16:34:06+00:00,2024-08-06 16:15:47+00:00,4.810989779973622,4.81105992500048,0,False,True,True,0.0,False,False,1722960945000000000,1722962046000000000,1722960947000000000,train,1317:22659>1318:22645|4,2-10,True,30.0,>25
BEV2_2024-08-06_drive5.csv,BEV2,2024-08-06 16:51:37+00:00,2024-08-06 17:11:44+00:00,2024-08-06 16:51:39+00:00,6.569934088893436,6.569934088893436,0,False,True,True,0.0,False,False,1722963097000000000,1722964304000000000,1722963099000000000,train,1318:22645>1318:22645|6,2-10,True,29.0,>25
BEV2_2024-08-07_drive1.csv,BEV2,2024-08-07 06:03:39+00:00,2024-08-07 06:45:01+00:00,2024-08-07 06:03:41+00:00,34.82211744387949,34.82211744387949,0,False,True,True,0.0,False,False,1723010619000000000,1723013101000000000,1723010621000000000,train,1318:22645>1451:22628|34,10-50,True,18.5,10-25
BEV2_2024-08-07_drive2.csv,BEV2,2024-08-07 07:01:46+00:00,2024-08-07 07:17:06+00:00,2024-08-07 07:01:48+00:00,4.316369365048928,4.316369365048928,0,False,True,True,0.0,False,False,1723014106000000000,1723015026000000000,1723014108000000000,train,1451:22628>1460:22625|4,2-10,True,23.0,10-25
BEV2_2024-08-07_drive3.csv,BEV2,2024-08-07 07:21:06+00:00,2024-08-07 07:49:09+00:00,2024-08-07 07:21:08+00:00,10.380091785527792,10.380091785527792,0,False,True,True,0.0,False,False,1723015266000000000,1723016949000000000,1723015268000000000,train,1460:22625>1451:22628|10,10-50,True,23.0,10-25
BEV2_2024-08-07_drive4.csv,BEV2,2024-08-07 10:13:24+00:00,2024-08-07 10:28:44+00:00,2024-08-07 10:13:26+00:00,3.082419045795876,3.082419045795876,0,False,True,True,0.0,False,False,1723025604000000000,1723026524000000000,1723025606000000000,train,1451:22628>1455:22625|3,2-10,True,19.0,10-25
BEV2_2024-08-07_drive5.csv,BEV2,2024-08-07 10:51:59+00:00,2024-08-07 11:24:07+00:00,2024-08-07 10:52:01+00:00,2.529316013903192,2.529316013903192,0,False,True,True,0.0,False,False,1723027919000000000,1723029847000000000,1723027921000000000,train,1455:22625>1451:22628|2,2-10,True,18.5,10-25
BEV2_2024-08-07_drive6.csv,BEV2,2024-08-07 14:39:39+00:00,2024-08-07 15:23:51+00:00,2024-08-07 14:39:41+00:00,33.58538476890048,33.58538476890048,0,False,True,True,0.0,False,False,1723041579000000000,1723044231000000000,1723041581000000000,train,1451:22628>1318:22645|33,10-50,True,24.0,10-25
BEV2_2024-08-07_drive7.csv,BEV2,2024-08-07 16:21:33+00:00,2024-08-07 16:50:06+00:00,2024-08-07 16:21:34+00:00,5.445771951651432,5.445771951651432,0,False,True,True,0.0,False,False,1723047693000000000,1723049406000000000,1723047694000000000,train,1318:22645>1318:22645|5,2-10,True,24.5,10-25
BEV2_2024-08-07_drive8.csv,BEV2,2024-08-07 18:59:15+00:00,2024-08-07 19:14:28+00:00,2024-08-07 18:59:17+00:00,3.6731631841506425,3.673342270093293,0,False,True,True,0.0,False,False,1723057155000000000,1723058068000000000,1723057157000000000,train,1318:22645>1318:22645|3,2-10,True,23.5,10-25
BEV2_2024-08-07_drive9.csv,BEV2,2024-08-07 20:02:00+00:00,2024-08-07 20:23:21+00:00,2024-08-07 20:02:03+00:00,5.662599717148559,5.662599717148559,0,False,True,True,0.0,False,False,1723060920000000000,1723062201000000000,1723060923000000000,train,1318:22645>1318:22645|5,2-10,True,22.0,10-25
BEV2_2024-08-08_drive1.csv,BEV2,2024-08-08 06:50:55+00:00,2024-08-08 06:52:48+00:00,2024-08-08 06:50:57+00:00,0.0528221873839798,0.0528221873839798,1,False,False,False,0.0,False,False,1723099855000000000,1723099968000000000,1723099857000000000,train,1318:22645>1318:22645|0,<2,True,17.5,10-25
BEV2_2024-08-08_drive2.csv,BEV2,2024-08-08 09:03:24+00:00,2024-08-08 09:23:24+00:00,2024-08-08 09:03:25+00:00,6.381992589057493,6.381992589057493,0,True,True,True,0.0,True,False,1723107804000000000,1723109004000000000,1723107805000000000,train,1318:22645>1318:22645|6,2-10,True,23.0,10-25
BEV2_2024-08-08_drive3.csv,BEV2,2024-08-08 17:25:46+00:00,2024-08-08 17:44:08+00:00,2024-08-08 17:25:48+00:00,2.5354624089351847,2.5355326005983896,0,False,True,True,0.0,False,False,1723137946000000000,1723139048000000000,1723137948000000000,train,1318:22645>1317:22652|2,2-10,True,25.0,10-25
BEV2_2024-08-08_drive4.csv,BEV2,2024-08-08 19:44:38+00:00,2024-08-08 19:52:13+00:00,2024-08-08 19:44:40+00:00,2.5385531047534715,2.5385531047534715,0,False,True,True,0.0,False,False,1723146278000000000,1723146733000000000,1723146280000000000,train,1317:22652>1318:22645|2,2-10,True,26.0,>25
BEV2_2024-08-09_drive2.csv,BEV2,2024-08-09 13:52:46+00:00,2024-08-09 14:10:17+00:00,2024-08-09 13:52:48+00:00,2.824624078301115,2.824624078301115,0,False,True,True,0.0,False,False,1723211566000000000,1723212617000000000,1723211568000000000,train,1313:22648>1318:22645|2,2-10,True,20.88888888888889,10-25
BEV2_2024-08-09_drive3.csv,BEV2,2024-08-09 14:26:57+00:00,2024-08-09 15:01:13+00:00,2024-08-09 14:26:59+00:00,6.1923875203899446,6.1923875203899446,0,False,True,True,0.0,False,False,1723213617000000000,1723215673000000000,1723213619000000000,train,1318:22645>1323:22652|6,2-10,True,24.0,10-25
BEV2_2024-08-09_drive4.csv,BEV2,2024-08-09 15:08:54+00:00,2024-08-09 15:29:57+00:00,2024-08-09 15:08:57+00:00,4.16564178137169,4.16564178137169,0,False,True,True,0.0,False,False,1723216134000000000,1723217397000000000,1723216137000000000,train,1323:22652>1318:22645|4,2-10,True,27.5,>25
BEV2_2024-08-09_drive5.csv,BEV2,2024-08-09 17:11:33+00:00,2024-08-09 17:29:53+00:00,2024-08-09 17:11:35+00:00,2.557030421153724,2.557030421153724,0,False,True,True,0.0,False,False,1723223493000000000,1723224593000000000,1723223495000000000,train,1318:22645>1317:22652|2,2-10,True,25.5,>25
BEV2_2024-08-09_drive6.csv,BEV2,2024-08-09 19:42:59+00:00,2024-08-09 19:58:19+00:00,2024-08-09 19:43:01+00:00,2.658923926941299,2.658923926941299,0,False,True,True,0.0,False,False,1723232579000000000,1723233499000000000,1723232581000000000,train,1317:22652>1318:22645|2,2-10,True,26.0,>25
BEV2_2024-08-09_drive7.csv,BEV2,2024-08-09 21:17:17+00:00,2024-08-09 21:37:35+00:00,2024-08-09 21:17:18+00:00,1.8708876525962623,1.8708876525962623,0,False,True,True,0.0,False,False,1723238237000000000,1723239455000000000,1723238238000000000,train,1318:22645>1316:22651|1,<2,True,20.0,10-25
BEV2_2024-08-09_drive8.csv,BEV2,2024-08-09 21:43:36+00:00,2024-08-09 21:58:56+00:00,2024-08-09 21:43:38+00:00,1.921702815810613,1.9217729896253808,0,False,True,True,0.0,False,False,1723239816000000000,1723240736000000000,1723239818000000000,train,1316:22651>1318:22645|1,<2,True,21.5,10-25
BEV2_2024-08-10_drive1.csv,BEV2,2024-08-10 12:06:06+00:00,2024-08-10 14:06:35+00:00,2024-08-10 12:06:08+00:00,64.945913811871,64.945913811871,0,False,True,True,0.0,False,False,1723291566000000000,1723298795000000000,1723291568000000000,train,1318:22645>1236:22808|64,>=50,True,26.5,>25
BEV2_2024-08-10_drive2.csv,BEV2,2024-08-10 15:16:32+00:00,2024-08-10 16:24:35+00:00,2024-08-10 15:16:34+00:00,50.954021841641385,50.95437004878755,0,False,True,True,0.0,False,False,1723302992000000000,1723307075000000000,1723302994000000000,train,1236:22808>1318:22645|50,>=50,True,32.0,>25
BEV2_2024-08-11_drive1.csv,BEV2,2024-08-11 07:18:42+00:00,2024-08-11 07:48:28+00:00,2024-08-11 07:18:44+00:00,29.9729923918906,29.9729923918906,0,False,True,True,0.0,False,False,1723360722000000000,1723362508000000000,1723360724000000000,train,1318:22645>1394:22700|29,10-50,True,20.428571428571427,10-25
BEV2_2024-08-11_drive2.csv,BEV2,2024-08-11 09:25:25+00:00,2024-08-11 09:58:45+00:00,2024-08-11 09:25:27+00:00,25.712399987643742,25.712399987643742,0,False,True,True,0.0,False,False,1723368325000000000,1723370325000000000,1723368327000000000,train,1394:22700>1315:22649|25,10-50,True,24.428571428571427,10-25
BEV2_2024-08-11_drive3.csv,BEV2,2024-08-11 10:45:52+00:00,2024-08-11 11:26:12+00:00,2024-08-11 10:45:53+00:00,4.358009938413873,4.358009938413873,0,True,True,True,0.0,True,False,1723373152000000000,1723375572000000000,1723373153000000000,train,1315:22649>1318:22645|4,2-10,True,30.0,>25
BEV2_2024-08-11_drive4.csv,BEV2,2024-08-11 12:13:41+00:00,2024-08-11 12:40:50+00:00,2024-08-11 12:13:42+00:00,5.4161060230813245,5.4161060230813245,0,False,True,True,0.0,False,False,1723378421000000000,1723380050000000000,1723378422000000000,train,1318:22645>1318:22645|5,2-10,True,31.5,>25
BEV2_2024-08-12_drive2.csv,BEV2,2024-08-12 18:27:38+00:00,2024-08-12 18:42:53+00:00,2024-08-12 18:27:39+00:00,3.689779530300165,3.689779530300165,0,False,True,True,0.0,False,False,1723487258000000000,1723488173000000000,1723487259000000000,train,1318:22645>1318:22645|3,2-10,True,34.0,>25
BEV2_2024-08-13_drive1.csv,BEV2,2024-08-13 05:53:42+00:00,2024-08-13 06:01:14+00:00,2024-08-13 05:53:44+00:00,2.0489930227464743,2.0489930227464743,0,False,True,True,0.0,False,False,1723528422000000000,1723528874000000000,1723528424000000000,train,1318:22645>1313:22648|2,2-10,True,22.5,10-25
BEV2_2024-08-13_drive2.csv,BEV2,2024-08-13 09:32:33+00:00,2024-08-13 09:47:53+00:00,2024-08-13 09:32:35+00:00,2.730249944167637,2.730249944167637,0,False,True,True,0.0,False,False,1723541553000000000,1723542473000000000,1723541555000000000,train,1313:22648>1318:22645|2,2-10,True,26.0,>25
BEV2_2024-08-13_drive3.csv,BEV2,2024-08-13 10:36:10+00:00,2024-08-13 10:55:31+00:00,2024-08-13 10:36:12+00:00,2.107684737615689,2.107684737615689,0,False,True,True,0.0,False,False,1723545370000000000,1723546531000000000,1723545372000000000,train,1318:22645>1313:22648|2,2-10,True,30.5,>25
BEV2_2024-08-13_drive4.csv,BEV2,2024-08-13 14:37:10+00:00,2024-08-13 14:51:39+00:00,2024-08-13 14:37:12+00:00,2.748126308310729,2.748126308310729,0,False,True,True,0.0,False,False,1723559830000000000,1723560699000000000,1723559832000000000,train,1313:22648>1318:22645|2,2-10,True,25.0,10-25
BEV2_2024-08-13_drive5.csv,BEV2,2024-08-13 15:01:12+00:00,2024-08-13 15:47:28+00:00,2024-08-13 15:01:14+00:00,6.281028055889271,6.281098247624725,0,False,True,True,0.0,False,False,1723561272000000000,1723564048000000000,1723561274000000000,train,1318:22645>1317:22659|6,2-10,True,31.5,>25
BEV2_2024-08-13_drive6.csv,BEV2,2024-08-13 16:12:45+00:00,2024-08-13 16:28:05+00:00,2024-08-13 16:12:47+00:00,4.62889711655918,4.62889711655918,0,False,True,True,0.0,False,False,1723565565000000000,1723566485000000000,1723565567000000000,train,1317:22659>1318:22645|4,2-10,True,33.5,>25
BEV2_2024-08-13_drive7.csv,BEV2,2024-08-13 16:43:40+00:00,2024-08-13 16:59:19+00:00,2024-08-13 16:43:42+00:00,5.434028635547497,5.434028635547497,0,False,True,True,0.0,False,False,1723567420000000000,1723568359000000000,1723567422000000000,train,1318:22645>1318:22645|5,2-10,True,32.5,>25
BEV2_2024-08-13_drive8.csv,BEV2,2024-08-13 18:00:03+00:00,2024-08-13 18:16:57+00:00,2024-08-13 18:00:05+00:00,5.42449596920898,5.42449596920898,0,False,True,True,0.0,False,False,1723572003000000000,1723573017000000000,1723572005000000000,train,1318:22645>1318:22645|5,2-10,True,33.0,>25
BEV2_2024-08-14_drive1.csv,BEV2,2024-08-14 08:47:06+00:00,2024-08-14 09:21:18+00:00,2024-08-14 08:47:08+00:00,10.966529715962317,10.966529715962317,0,False,True,True,0.0,False,False,1723625226000000000,1723627278000000000,1723625228000000000,train,1318:22645>1355:22637|10,10-50,True,20.0,10-25
BEV2_2024-08-14_drive2.csv,BEV2,2024-08-14 09:31:01+00:00,2024-08-14 09:51:00+00:00,2024-08-14 09:31:03+00:00,1.9053395190267224,1.9053395190267224,0,False,True,True,0.0,False,False,1723627861000000000,1723629060000000000,1723627863000000000,train,1355:22637>1353:22633|1,<2,True,24.0,10-25
BEV2_2024-08-14_drive3.csv,BEV2,2024-08-14 10:13:10+00:00,2024-08-14 10:50:29+00:00,2024-08-14 10:13:12+00:00,12.010230733119997,12.010230733119997,0,False,True,True,0.0,False,False,1723630390000000000,1723632629000000000,1723630392000000000,train,1353:22633>1318:22645|12,10-50,True,22.5,10-25
BEV2_2024-08-14_drive5.csv,BEV2,2024-08-14 17:22:37+00:00,2024-08-14 17:45:35+00:00,2024-08-14 17:22:39+00:00,5.659151812610179,5.659151812610179,0,False,True,True,0.0,False,False,1723656157000000000,1723657535000000000,1723656159000000000,train,1318:22645>1318:22645|5,2-10,True,28.0,>25
BEV2_2024-08-14_drive6.csv,BEV2,2024-08-14 20:11:02+00:00,2024-08-14 20:21:59+00:00,2024-08-14 20:11:04+00:00,1.818880728460122,1.8189509208157104,0,False,True,True,0.0,False,False,1723666262000000000,1723666919000000000,1723666264000000000,train,1318:22645>1316:22651|1,<2,True,23.0,10-25
BEV2_2024-08-14_drive7.csv,BEV2,2024-08-14 20:26:23+00:00,2024-08-14 20:36:15+00:00,2024-08-14 20:26:25+00:00,2.490409425716986,2.490409425716986,0,False,True,True,0.0,False,False,1723667183000000000,1723667775000000000,1723667185000000000,train,1316:22651>1318:22645|2,2-10,True,24.5,10-25
BEV2_2024-08-15_drive1.csv,BEV2,2024-08-15 07:35:22+00:00,2024-08-15 07:54:09+00:00,2024-08-15 07:35:24+00:00,0.146016293842419,0.146016293842419,0,False,True,True,0.0,False,False,1723707322000000000,1723708449000000000,1723707324000000000,train,1318:22645>1318:22646|0,<2,True,20.0,10-25
BEV2_2024-08-15_drive10.csv,BEV2,2024-08-15 16:51:27+00:00,2024-08-15 17:03:27+00:00,2024-08-15 16:51:29+00:00,7.630724084105584,7.630724084105584,0,False,True,True,0.0,False,False,1723740687000000000,1723741407000000000,1723740689000000000,train,1393:22619>1424:22622|7,2-10,True,30.5,>25
BEV2_2024-08-15_drive11.csv,BEV2,2024-08-15 17:10:22+00:00,2024-08-15 18:20:06+00:00,2024-08-15 17:10:25+00:00,45.86752893179989,45.86950225616378,0,False,True,True,0.0,False,False,1723741822000000000,1723746006000000000,1723741825000000000,train,1424:22622>1318:22645|45,10-50,True,30.5,>25
BEV2_2024-08-15_drive2.csv,BEV2,2024-08-15 19:10:25+00:00,2024-08-15 19:21:18+00:00,2024-08-15 19:10:27+00:00,3.513943798441141,3.513943798441141,0,False,True,True,0.0,False,False,1723749025000000000,1723749678000000000,1723749027000000000,train,1318:22645>1313:22647|3,2-10,True,25.5,>25
BEV2_2024-08-15_drive3.csv,BEV2,2024-08-15 22:15:17+00:00,2024-08-15 22:35:03+00:00,2024-08-15 22:15:18+00:00,4.211390054808039,4.211390054808039,0,True,True,True,0.0,True,False,1723760117000000000,1723761303000000000,1723760118000000000,train,1313:22647>1318:22645|4,2-10,True,19.0,10-25
BEV2_2024-08-15_drive4.csv,BEV2,2024-08-15 09:57:35+00:00,2024-08-15 10:31:15+00:00,2024-08-15 09:57:37+00:00,3.440752906364437,3.440752906364437,0,False,True,True,0.0,False,False,1723715855000000000,1723717875000000000,1723715857000000000,train,1318:22646>1318:22645|3,2-10,True,26.5,>25
BEV2_2024-08-15_drive5.csv,BEV2,2024-08-15 11:05:22+00:00,2024-08-15 11:39:45+00:00,2024-08-15 11:05:24+00:00,4.848238056533055,4.848238056533055,0,False,True,True,0.0,False,False,1723719922000000000,1723721985000000000,1723719924000000000,train,1318:22645>1318:22645|4,2-10,True,27.0,>25
BEV2_2024-08-15_drive6.csv,BEV2,2024-08-15 12:10:07+00:00,2024-08-15 13:15:34+00:00,2024-08-15 12:10:09+00:00,48.79088107774495,48.79088107774495,0,False,True,True,0.0,False,False,1723723807000000000,1723727734000000000,1723723809000000000,train,1318:22645>1245:22822|48,10-50,True,28.5,>25
BEV2_2024-08-15_drive7.csv,BEV2,2024-08-15 13:28:04+00:00,2024-08-15 13:57:05+00:00,2024-08-15 13:28:06+00:00,7.366607407376499,7.366607407376499,0,False,True,True,0.0,False,False,1723728484000000000,1723730225000000000,1723728486000000000,train,1245:22822>1236:22808|7,2-10,True,27.5,>25
BEV2_2024-08-15_drive8.csv,BEV2,2024-08-15 15:04:12+00:00,2024-08-15 15:28:57+00:00,2024-08-15 15:04:14+00:00,12.665274716061464,12.665274716061464,0,False,True,True,0.0,False,False,1723734252000000000,1723735737000000000,1723734254000000000,train,1236:22808>1243:22752|12,10-50,True,30.5,>25
BEV2_2024-08-15_drive9.csv,BEV2,2024-08-15 15:31:53+00:00,2024-08-15 16:31:51+00:00,2024-08-15 15:31:55+00:00,55.5196337642422,55.51970359487368,0,False,True,True,0.0,False,False,1723735913000000000,1723739511000000000,1723735915000000000,train,1243:22752>1393:22619|55,>=50,True,30.0,>25
BEV2_2024-08-16_drive1.csv,BEV2,2024-08-16 05:59:38+00:00,2024-08-16 06:41:43+00:00,2024-08-16 05:59:40+00:00,34.92564745446701,34.92564745446701,0,False,True,True,0.0,False,False,1723787978000000000,1723790503000000000,1723787980000000000,train,1318:22645>1451:22628|34,10-50,True,19.5,10-25
BEV2_2024-08-16_drive2.csv,BEV2,2024-08-16 07:08:08+00:00,2024-08-16 07:40:25+00:00,2024-08-16 07:08:10+00:00,20.09170248502359,20.09170248502359,0,False,True,True,0.0,False,False,1723792088000000000,1723794025000000000,1723792090000000000,train,1451:22628>1496:22677|20,10-50,True,23.0,10-25
BEV2_2024-08-16_drive3.csv,BEV2,2024-08-16 09:24:50+00:00,2024-08-16 09:36:18+00:00,2024-08-16 09:24:52+00:00,1.7821447536477222,1.7821447536477222,0,False,True,True,0.0,False,False,1723800290000000000,1723800978000000000,1723800292000000000,train,1496:22677>1494:22672|1,<2,True,27.0,>25
BEV2_2024-08-16_drive4.csv,BEV2,2024-08-16 09:56:31+00:00,2024-08-16 10:13:53+00:00,2024-08-16 09:56:33+00:00,7.3983393581160115,7.3983393581160115,0,False,True,True,0.0,False,False,1723802191000000000,1723803233000000000,1723802193000000000,train,1494:22672>1493:22686|7,2-10,True,22.0,10-25
BEV2_2024-08-16_drive5.csv,BEV2,2024-08-16 12:45:32+00:00,2024-08-16 13:17:50+00:00,2024-08-16 12:45:34+00:00,22.330497448488096,22.330497448488096,1,False,True,True,0.0,False,False,1723812332000000000,1723814270000000000,1723812334000000000,train,1493:22686>1451:22628|22,10-50,True,22.714285714285715,10-25
BEV2_2024-08-16_drive6.csv,BEV2,2024-08-16 19:36:56+00:00,2024-08-16 20:18:22+00:00,2024-08-16 19:36:58+00:00,35.39123109737704,35.39123109737704,2,True,False,True,0.0,True,False,1723837016000000000,1723839502000000000,1723837018000000000,train,1451:22628>1318:22645|35,10-50,True,22.5,10-25
BEV2_2024-08-16_drive7.csv,BEV2,2024-08-16 23:24:57+00:00,2024-08-17 01:57:55+00:00,2024-08-16 23:25:00+00:00,109.91912827124638,109.91912827124638,0,False,True,True,0.0,False,False,1723850697000000000,1723859875000000000,1723850700000000000,train,1318:22645>1318:22645|109,>=50,True,20.0,10-25
BEV2_2024-08-17_drive1.csv,BEV2,2024-08-17 10:38:08+00:00,2024-08-17 10:44:08+00:00,2024-08-17 10:38:09+00:00,0.0873792282600241,0.0873792282600241,0,False,True,True,0.0,False,False,1723891088000000000,1723891448000000000,1723891089000000000,train,1318:22645>1318:22645|0,<2,True,24.5,10-25
BEV2_2024-08-17_drive2.csv,BEV2,2024-08-17 11:53:59+00:00,2024-08-17 12:36:34+00:00,2024-08-17 11:54:02+00:00,3.7281066314184512,3.7281066314184512,0,False,True,True,0.0,False,False,1723895639000000000,1723898194000000000,1723895642000000000,train,1318:22645>1313:22648|3,2-10,True,25.5,>25
BEV2_2024-08-17_drive4.csv,BEV2,2024-08-17 16:15:14+00:00,2024-08-17 16:33:55+00:00,2024-08-17 16:15:17+00:00,2.0081605951041133,2.0081605951041133,0,False,True,True,0.0,False,False,1723911314000000000,1723912435000000000,1723911317000000000,train,1316:22650>1318:22645|2,2-10,True,26.5,>25
BEV2_2024-08-17_drive5.csv,BEV2,2024-08-17 17:00:04+00:00,2024-08-17 17:17:12+00:00,2024-08-17 17:00:07+00:00,3.662241743293646,3.6623119349342734,0,False,True,True,0.0,False,False,1723914004000000000,1723915032000000000,1723914007000000000,train,1318:22645>1318:22645|3,2-10,True,27.5,>25
BEV2_2024-08-17_drive6.csv,BEV2,2024-08-17 18:04:51+00:00,2024-08-17 18:27:37+00:00,2024-08-17 18:04:54+00:00,6.914188445506328,6.914188445506328,0,False,True,True,0.0,False,False,1723917891000000000,1723919257000000000,1723917894000000000,train,1318:22645>1313:22647|6,2-10,True,27.2,>25
BEV2_2024-08-17_drive7.csv,BEV2,2024-08-17 23:54:31+00:00,2024-08-18 00:05:21+00:00,2024-08-17 23:54:34+00:00,2.633986158720068,2.6341176514240487,0,False,True,True,0.0,False,False,1723938871000000000,1723939521000000000,1723938874000000000,train,1313:22647>1318:22645|2,2-10,True,22.0,10-25
BEV2_2024-08-18_drive1.csv,BEV2,2024-08-18 07:29:59+00:00,2024-08-18 07:50:15+00:00,2024-08-18 07:30:02+00:00,5.197558455405632,5.197558455405632,0,False,True,True,0.0,False,False,1723966199000000000,1723967415000000000,1723966202000000000,train,1318:22645>1313:22647|5,2-10,True,19.5,10-25
BEV2_2024-08-18_drive2.csv,BEV2,2024-08-18 10:52:42+00:00,2024-08-18 11:25:51+00:00,2024-08-18 10:52:45+00:00,7.958084254364477,7.958263330598863,0,False,True,True,0.0,False,False,1723978362000000000,1723980351000000000,1723978365000000000,train,1313:22647>1318:22645|7,2-10,True,22.0,10-25
BEV2_2024-08-18_drive3.csv,BEV2,2024-08-18 12:13:26+00:00,2024-08-18 12:31:56+00:00,2024-08-18 12:13:29+00:00,2.092674780473174,2.092674780473174,0,False,True,True,0.0,False,False,1723983206000000000,1723984316000000000,1723983209000000000,train,1318:22645>1313:22648|2,2-10,True,26.5,>25
BEV2_2024-08-18_drive4.csv,BEV2,2024-08-18 13:08:01+00:00,2024-08-18 14:17:07+00:00,2024-08-18 13:08:04+00:00,50.36701734048691,50.36701734048691,0,False,True,True,0.0,False,False,1723986481000000000,1723990627000000000,1723986484000000000,train,1313:22648>1236:22808|50,>=50,True,26.5,>25
BEV2_2024-08-18_drive5.csv,BEV2,2024-08-18 15:06:48+00:00,2024-08-18 16:03:33+00:00,2024-08-18 15:06:51+00:00,45.10218573231303,45.10218573231303,0,False,True,True,0.0,False,False,1723993608000000000,1723997013000000000,1723993611000000000,train,1236:22808>1313:22647|45,10-50,True,28.5,>25
BEV2_2024-08-18_drive6.csv,BEV2,2024-08-18 16:26:23+00:00,2024-08-18 16:43:21+00:00,2024-08-18 16:26:26+00:00,4.419912915982604,4.419912915982604,0,False,True,True,0.0,False,False,1723998383000000000,1723999401000000000,1723998386000000000,train,1313:22647>1318:22645|4,2-10,True,25.5,>25
BEV2_2024-08-18_drive7.csv,BEV2,2024-08-18 18:03:29+00:00,2024-08-18 18:19:13+00:00,2024-08-18 18:03:32+00:00,3.5431220899966203,3.543355294702298,0,False,True,True,0.0,False,False,1724004209000000000,1724005153000000000,1724004212000000000,train,1318:22645>1313:22647|3,2-10,True,24.5,10-25
BEV2_2024-08-18_drive8.csv,BEV2,2024-08-18 23:32:54+00:00,2024-08-18 23:43:43+00:00,2024-08-18 23:32:57+00:00,3.256415088750246,3.256415088750246,0,False,True,True,0.0,False,False,1724023974000000000,1724024623000000000,1724023977000000000,train,1313:22647>1318:22645|3,2-10,True,19.0,10-25
BEV2_2024-08-19_drive1.csv,BEV2,2024-08-19 09:02:56+00:00,2024-08-19 09:20:06+00:00,2024-08-19 09:02:59+00:00,1.9490865814960256,1.9490865814960256,0,False,True,True,0.0,False,False,1724058176000000000,1724059206000000000,1724058179000000000,train,1318:22645>1315:22645|1,<2,True,22.5,10-25
BEV2_2024-08-19_drive2.csv,BEV2,2024-08-19 09:24:23+00:00,2024-08-19 09:52:53+00:00,2024-08-19 09:24:24+00:00,7.048786401718493,7.048786401718493,0,False,True,True,0.0,False,False,1724059463000000000,1724061173000000000,1724059464000000000,train,1315:22645>1318:22645|7,2-10,True,21.5,10-25
BEV2_2024-08-19_drive4.csv,BEV2,2024-08-19 14:56:57+00:00,2024-08-19 15:36:36+00:00,2024-08-19 14:57:00+00:00,27.531876228156367,27.53205524913288,0,False,True,True,0.0,False,False,1724079417000000000,1724081796000000000,1724079420000000000,train,1227:22658>1318:22646|27,10-50,True,26.0,>25
BEV2_2024-08-19_drive5.csv,BEV2,2024-08-19 16:19:58+00:00,2024-08-19 16:39:21+00:00,2024-08-19 16:20:01+00:00,4.600782722569065,4.600923105070631,0,False,True,True,0.0,False,False,1724084398000000000,1724085561000000000,1724084401000000000,train,1318:22646>1318:22646|4,2-10,True,24.5,10-25
BEV2_2024-08-19_drive6.csv,BEV2,2024-08-19 17:33:22+00:00,2024-08-19 17:54:43+00:00,2024-08-19 17:33:25+00:00,8.651994307764124,8.651994307764124,0,False,True,True,0.0,False,False,1724088802000000000,1724090083000000000,1724088805000000000,train,1318:22646>1313:22659|8,2-10,True,24.0,10-25
BEV2_2024-08-19_drive7.csv,BEV2,2024-08-19 18:36:27+00:00,2024-08-19 18:47:45+00:00,2024-08-19 18:36:28+00:00,4.232725050914092,4.232836245994058,0,False,True,True,0.0,False,False,1724092587000000000,1724093265000000000,1724092588000000000,train,1313:22659>1313:22647|4,2-10,True,21.0,10-25
BEV2_2024-08-19_drive8.csv,BEV2,2024-08-19 21:46:16+00:00,2024-08-19 21:58:04+00:00,2024-08-19 21:46:19+00:00,2.6769374284694782,2.677007613822756,0,False,True,True,0.0,False,False,1724103976000000000,1724104684000000000,1724103979000000000,train,1313:22647>1318:22645|2,2-10,True,22.5,10-25
BEV2_2024-08-20_drive1.csv,BEV2,2024-08-20 05:59:10+00:00,2024-08-20 06:10:01+00:00,2024-08-20 05:59:13+00:00,2.1204255399871506,2.1205367350671165,0,False,True,True,0.0,False,False,1724133550000000000,1724134201000000000,1724133553000000000,train,1318:22645>1313:22647|2,2-10,True,16.0,10-25
BEV2_2024-08-20_drive3.csv,BEV2,2024-08-20 10:34:57+00:00,2024-08-20 10:52:47+00:00,2024-08-20 10:35:00+00:00,3.735424347865321,3.735424347865321,0,False,True,True,0.0,False,False,1724150097000000000,1724151167000000000,1724150100000000000,train,1318:22645>1313:22648|3,2-10,True,24.5,10-25
BEV2_2024-08-20_drive4.csv,BEV2,2024-08-20 15:46:23+00:00,2024-08-20 15:59:17+00:00,2024-08-20 15:46:25+00:00,2.7858291330722342,2.7858291330722342,0,False,True,True,0.0,False,False,1724168783000000000,1724169557000000000,1724168785000000000,train,1313:22648>1318:22645|2,2-10,True,22.0,10-25
BEV2_2024-08-20_drive5.csv,BEV2,2024-08-20 16:35:40+00:00,2024-08-20 16:53:29+00:00,2024-08-20 16:35:43+00:00,5.436534765981667,5.436534765981667,0,False,True,True,0.0,False,False,1724171740000000000,1724172809000000000,1724171743000000000,train,1318:22645>1318:22645|5,2-10,True,20.0,10-25
BEV2_2024-08-20_drive6.csv,BEV2,2024-08-20 20:26:45+00:00,2024-08-20 20:51:56+00:00,2024-08-20 20:26:46+00:00,4.153490752178934,4.153490752178934,0,False,True,True,0.0,False,False,1724185605000000000,1724187116000000000,1724185606000000000,train,1318:22645>1318:22646|4,2-10,True,17.5,10-25
BEV2_2024-08-21_drive1.csv,BEV2,2024-08-21 05:45:48+00:00,2024-08-21 05:57:04+00:00,2024-08-21 05:45:51+00:00,2.017324158137336,2.017324158137336,0,False,True,True,0.0,False,False,1724219148000000000,1724219824000000000,1724219151000000000,train,1318:22646>1313:22647|2,2-10,True,13.0,10-25
BEV2_2024-08-21_drive2.csv,BEV2,2024-08-21 06:08:55+00:00,2024-08-21 09:17:38+00:00,2024-08-21 06:08:58+00:00,128.0059394123156,128.0059394123156,0,False,True,True,0.0,False,False,1724220535000000000,1724231858000000000,1724220538000000000,train,1313:22647>940:22541|128,>=50,True,14.0,10-25
BEV2_2024-08-22_drive1.csv,BEV2,2024-08-22 11:45:10+00:00,2024-08-22 13:30:16+00:00,2024-08-22 11:45:13+00:00,103.60682686827153,103.60682686827153,0,False,True,True,0.0,False,False,1724327110000000000,1724333416000000000,1724327113000000000,train,940:22541>1318:22645|103,>=50,True,23.0,10-25
BEV2_2024-08-22_drive2.csv,BEV2,2024-08-22 13:52:41+00:00,2024-08-22 14:13:42+00:00,2024-08-22 13:52:44+00:00,4.210517521599348,4.210517521599348,0,False,True,True,0.0,False,False,1724334761000000000,1724336022000000000,1724334764000000000,train,1318:22645>1318:22645|4,2-10,True,26.0,>25
BEV2_2024-08-22_drive3.csv,BEV2,2024-08-22 14:50:20+00:00,2024-08-22 15:01:02+00:00,2024-08-22 14:50:23+00:00,2.7471198470399387,2.7471198470399387,0,False,True,True,0.0,False,False,1724338220000000000,1724338862000000000,1724338223000000000,train,1318:22645>1318:22645|2,2-10,True,25.5,>25
BEV2_2024-08-22_drive4.csv,BEV2,2024-08-22 16:02:24+00:00,2024-08-22 16:21:58+00:00,2024-08-22 16:02:27+00:00,5.510132939850092,5.510132939850092,0,False,True,True,0.0,False,False,1724342544000000000,1724343718000000000,1724342547000000000,train,1318:22645>1318:22645|5,2-10,True,24.5,10-25
BEV2_2024-08-22_drive5.csv,BEV2,2024-08-22 18:00:43+00:00,2024-08-22 18:18:41+00:00,2024-08-22 18:00:46+00:00,5.830529076459103,5.830529076459103,0,False,True,True,0.0,False,False,1724349643000000000,1724350721000000000,1724349646000000000,train,1318:22645>1313:22659|5,2-10,True,24.0,10-25
BEV2_2024-08-22_drive6.csv,BEV2,2024-08-22 19:08:02+00:00,2024-08-22 19:32:46+00:00,2024-08-22 19:08:03+00:00,4.771867284251945,4.771867284251945,0,False,True,True,0.0,False,False,1724353682000000000,1724355166000000000,1724353683000000000,train,1313:22659>1318:22645|4,2-10,True,23.0,10-25
BEV2_2024-08-23_drive1.csv,BEV2,2024-08-23 06:24:27+00:00,2024-08-23 06:59:47+00:00,2024-08-23 06:24:30+00:00,8.385214208509987,8.385214208509987,0,False,True,True,0.0,False,False,1724394267000000000,1724396387000000000,1724394270000000000,train,1318:22645>1313:22647|8,2-10,True,19.5,10-25
BEV2_2024-08-23_drive4.csv,BEV2,2024-08-23 13:35:12+00:00,2024-08-23 14:03:49+00:00,2024-08-23 13:35:15+00:00,5.091020348145886,5.091020348145886,0,False,True,True,0.0,False,False,1724420112000000000,1724421829000000000,1724420115000000000,train,1318:22645>1317:22659|5,2-10,True,20.0,10-25
BEV2_2024-08-23_drive5.csv,BEV2,2024-08-23 14:37:41+00:00,2024-08-23 14:58:47+00:00,2024-08-23 14:37:45+00:00,4.671652275137646,4.671652275137646,0,False,True,True,0.0,False,False,1724423861000000000,1724425127000000000,1724423865000000000,train,1317:22659>1318:22645|4,2-10,True,24.0,10-25
BEV2_2024-08-23_drive6.csv,BEV2,2024-08-23 16:40:04+00:00,2024-08-23 17:08:26+00:00,2024-08-23 16:40:07+00:00,9.983961337140675,9.983961337140675,0,False,True,True,0.0,False,False,1724431204000000000,1724432906000000000,1724431207000000000,train,1318:22645>1318:22645|9,2-10,True,23.0,10-25
BEV2_2024-08-23_drive7.csv,BEV2,2024-08-23 18:01:07+00:00,2024-08-23 18:18:16+00:00,2024-08-23 18:01:10+00:00,5.5810777462245165,5.5810777462245165,0,False,True,True,0.0,False,False,1724436067000000000,1724437096000000000,1724436070000000000,train,1318:22645>1318:22645|5,2-10,True,21.0,10-25
BEV2_2024-08-23_drive8.csv,BEV2,2024-08-23 19:59:36+00:00,2024-08-23 20:16:51+00:00,2024-08-23 19:59:39+00:00,6.337543305835222,6.337543305835222,0,False,True,True,0.0,False,False,1724443176000000000,1724444211000000000,1724443179000000000,train,1318:22645>1318:22646|6,2-10,True,21.0,10-25
BEV2_2024-08-24_drive1.csv,BEV2,2024-08-24 09:26:23+00:00,2024-08-24 10:07:31+00:00,2024-08-24 09:26:27+00:00,25.335014818586604,25.335014818586604,0,False,True,True,0.0,False,False,1724491583000000000,1724494051000000000,1724491587000000000,train,1318:22646>1357:22595|25,10-50,True,23.0,10-25
BEV2_2024-08-24_drive2.csv,BEV2,2024-08-24 14:43:33+00:00,2024-08-24 15:58:34+00:00,2024-08-24 14:43:35+00:00,25.440363825702143,25.440363825702143,0,False,True,True,0.0,False,False,1724510613000000000,1724515114000000000,1724510615000000000,train,1357:22595>1318:22645|25,10-50,True,33.0,>25
BEV2_2024-08-24_drive3.csv,BEV2,2024-08-24 16:28:23+00:00,2024-08-24 16:45:42+00:00,2024-08-24 16:28:27+00:00,4.628371522455479,4.628371522455479,0,False,True,True,0.0,False,False,1724516903000000000,1724517942000000000,1724516907000000000,train,1318:22645>1316:22646|4,2-10,True,23.5,10-25
BEV2_2024-08-24_drive4.csv,BEV2,2024-08-24 19:59:13+00:00,2024-08-24 20:10:52+00:00,2024-08-24 19:59:17+00:00,1.6175758503822162,1.6175758503822162,0,False,True,True,0.0,False,False,1724529553000000000,1724530252000000000,1724529557000000000,train,1316:22646>1318:22645|1,<2,True,20.0,10-25
BEV2_2024-08-25_drive1.csv,BEV2,2024-08-25 08:19:38+00:00,2024-08-25 08:33:55+00:00,2024-08-25 08:19:40+00:00,3.287715534025825,3.287715534025825,0,False,True,True,0.0,False,False,1724573978000000000,1724574835000000000,1724573980000000000,train,1318:22645>1314:22648|3,2-10,True,15.5,10-25
BEV2_2024-08-25_drive2.csv,BEV2,2024-08-25 09:01:19+00:00,2024-08-25 09:19:42+00:00,2024-08-25 09:01:20+00:00,1.330574968186725,1.330574968186725,0,False,True,True,0.0,False,False,1724576479000000000,1724577582000000000,1724576480000000000,train,1314:22648>1318:22645|1,<2,True,17.5,10-25
BEV2_2024-08-25_drive3.csv,BEV2,2024-08-25 11:59:49+00:00,2024-08-25 12:24:00+00:00,2024-08-25 11:59:53+00:00,15.604068320397053,15.604068320397053,0,False,True,True,0.0,False,False,1724587189000000000,1724588640000000000,1724587193000000000,train,1318:22645>1258:22652|15,10-50,True,20.0,10-25
BEV2_2024-08-25_drive4.csv,BEV2,2024-08-25 13:09:08+00:00,2024-08-25 14:00:12+00:00,2024-08-25 13:09:10+00:00,38.27179352629288,38.27179352629288,0,False,True,True,0.0,False,False,1724591348000000000,1724594412000000000,1724591350000000000,train,1258:22652>1236:22808|38,10-50,True,24.5,10-25
BEV2_2024-08-25_drive5.csv,BEV2,2024-08-25 15:13:46+00:00,2024-08-25 16:17:13+00:00,2024-08-25 15:13:49+00:00,50.66889754675159,50.66889754675159,0,False,True,True,0.0,False,False,1724598826000000000,1724602633000000000,1724598829000000000,train,1236:22808>1318:22645|50,>=50,True,26.5,>25
BEV2_2024-08-25_drive6.csv,BEV2,2024-08-25 21:58:55+00:00,2024-08-25 22:17:25+00:00,2024-08-25 21:58:59+00:00,3.6662761779757744,3.6669531647129183,0,False,True,True,0.0,False,False,1724623135000000000,1724624245000000000,1724623139000000000,train,1318:22645>1318:22645|3,2-10,True,16.5,10-25
BEV2_2024-08-26_drive2.csv,BEV2,2024-08-26 17:28:43+00:00,2024-08-26 18:37:46+00:00,2024-08-26 17:28:47+00:00,14.99851583680408,14.99851583680408,0,False,True,True,0.0,False,False,1724693323000000000,1724697466000000000,1724693327000000000,train,1313:22648>1321:22652|14,10-50,True,19.5,10-25
BEV2_2024-08-26_drive3.csv,BEV2,2024-08-26 20:30:32+00:00,2024-08-26 20:47:11+00:00,2024-08-26 20:30:36+00:00,5.911708195502091,5.911839679163082,0,False,True,True,0.0,False,False,1724704232000000000,1724705231000000000,1724704236000000000,train,1321:22652>1318:22645|5,2-10,True,18.5,10-25
BEV2_2024-08-27_drive2.csv,BEV2,2024-08-27 10:05:57+00:00,2024-08-27 10:17:53+00:00,2024-08-27 10:06:01+00:00,2.904316981406032,2.904448473726795,0,False,True,True,0.0,False,False,1724753157000000000,1724753873000000000,1724753161000000000,train,1313:22648>1318:22645|2,2-10,True,18.0,10-25
BEV2_2024-08-28_drive2.csv,BEV2,2024-08-28 15:13:39+00:00,2024-08-28 16:23:41+00:00,2024-08-28 15:13:41+00:00,55.87027623739696,55.87034622311517,0,False,True,True,0.0,False,False,1724858019000000000,1724862221000000000,1724858021000000000,train,1552:22706>1378:22611|55,>=50,True,30.5,>25
BEV2_2024-08-28_drive3.csv,BEV2,2024-08-28 16:30:31+00:00,2024-08-28 16:51:39+00:00,2024-08-28 16:30:33+00:00,15.736637531778248,15.73677814876407,0,False,True,True,0.0,False,False,1724862631000000000,1724863899000000000,1724862633000000000,train,1378:22611>1318:22645|15,10-50,True,32.0,>25
BEV2_2024-08-28_drive4.csv,BEV2,2024-08-28 19:28:32+00:00,2024-08-28 19:43:52+00:00,2024-08-28 19:28:34+00:00,0.0626649541678399,0.0627351466889975,0,False,True,True,0.0,False,False,1724873312000000000,1724874232000000000,1724873314000000000,train,1318:22645>1318:22645|0,<2,True,26.5,>25
BEV2_2024-08-29_drive1.csv,BEV2,2024-08-29 06:01:17+00:00,2024-08-29 06:53:56+00:00,2024-08-29 06:01:20+00:00,31.183083911634824,31.183083911634824,0,False,True,True,0.0,False,False,1724911277000000000,1724914436000000000,1724911280000000000,train,1318:22645>1451:22628|31,10-50,True,19.5,10-25
BEV2_2024-08-29_drive2.csv,BEV2,2024-08-29 06:58:05+00:00,2024-08-29 07:13:25+00:00,2024-08-29 06:58:07+00:00,0.7566918388601752,0.7566918388601752,0,False,True,True,0.0,False,False,1724914685000000000,1724915605000000000,1724914687000000000,train,1451:22628>1453:22627|0,<2,True,26.0,>25
BEV2_2024-08-29_drive3.csv,BEV2,2024-08-29 07:25:36+00:00,2024-08-29 08:15:35+00:00,2024-08-29 07:25:38+00:00,36.931865587070185,36.931865587070185,0,False,True,True,0.0,False,False,1724916336000000000,1724919335000000000,1724916338000000000,train,1453:22627>1313:22648|36,10-50,True,25.0,10-25
BEV2_2024-08-29_drive4.csv,BEV2,2024-08-29 09:58:17+00:00,2024-08-29 10:15:10+00:00,2024-08-29 09:58:19+00:00,2.7857430512910826,2.787017332338748,0,False,True,True,0.0,False,False,1724925497000000000,1724926510000000000,1724925499000000000,train,1313:22648>1318:22645|2,2-10,True,24.0,10-25
BEV2_2024-08-29_drive5.csv,BEV2,2024-08-29 10:43:10+00:00,2024-08-29 11:02:39+00:00,2024-08-29 10:43:12+00:00,2.0562398170148684,2.0562398170148684,0,False,True,True,0.0,False,False,1724928190000000000,1724929359000000000,1724928192000000000,train,1318:22645>1313:22648|2,2-10,True,28.0,>25
BEV2_2024-08-29_drive6.csv,BEV2,2024-08-29 17:39:54+00:00,2024-08-29 17:52:33+00:00,2024-08-29 17:39:56+00:00,2.8210923743916703,2.8210923743916703,0,False,True,True,0.0,False,False,1724953194000000000,1724953953000000000,1724953196000000000,train,1313:22648>1318:22645|2,2-10,True,21.5,10-25
BEV2_2024-08-29_drive7.csv,BEV2,2024-08-29 18:02:00+00:00,2024-08-29 18:21:34+00:00,2024-08-29 18:02:02+00:00,2.4522381950760748,2.4522381950760748,0,False,True,True,0.0,False,False,1724954520000000000,1724955694000000000,1724954522000000000,train,1318:22645>1317:22652|2,2-10,True,24.0,10-25
BEV2_2024-08-29_drive8.csv,BEV2,2024-08-29 20:05:55+00:00,2024-08-29 20:25:20+00:00,2024-08-29 20:05:57+00:00,2.462081476704358,2.462081476704358,0,False,True,True,0.0,False,False,1724961955000000000,1724963120000000000,1724961957000000000,train,1317:22652>1318:22645|2,2-10,True,25.0,10-25
BEV2_2024-08-30_drive1.csv,BEV2,2024-08-30 07:31:57+00:00,2024-08-30 07:49:15+00:00,2024-08-30 07:31:59+00:00,4.956094859441992,4.956094859441992,0,False,True,True,0.0,False,False,1725003117000000000,1725004155000000000,1725003119000000000,train,1318:22645>1308:22656|4,2-10,True,18.0,10-25
BEV2_2024-08-30_drive2.csv,BEV2,2024-08-30 08:44:31+00:00,2024-08-30 09:19:41+00:00,2024-08-30 08:44:33+00:00,2.973632232276388,2.973632232276388,0,False,True,True,0.0,False,False,1725007471000000000,1725009581000000000,1725007473000000000,train,1308:22656>1315:22654|2,2-10,True,18.35,10-25
BEV2_2024-08-30_drive3.csv,BEV2,2024-08-30 09:25:59+00:00,2024-08-30 09:41:46+00:00,2024-08-30 09:26:01+00:00,3.321799327598787,3.321799327598787,0,False,True,True,0.0,False,False,1725009959000000000,1725010906000000000,1725009961000000000,train,1315:22654>1318:22645|3,2-10,True,19.0,10-25
BEV2_2024-08-30_drive4.csv,BEV2,2024-08-30 10:54:22+00:00,2024-08-30 11:02:22+00:00,2024-08-30 10:54:23+00:00,2.062960867713877,2.062960867713877,0,False,True,True,0.0,False,False,1725015262000000000,1725015742000000000,1725015263000000000,train,1318:22645>1313:22648|2,2-10,True,21.0,10-25
BEV2_2024-08-30_drive5.csv,BEV2,2024-08-30 15:38:09+00:00,2024-08-30 17:07:59+00:00,2024-08-30 15:38:10+00:00,19.49764330502087,19.49764330502087,1,False,True,True,0.0,False,False,1725032289000000000,1725037679000000000,1725032290000000000,train,1313:22648>1318:22645|19,10-50,True,26.5,>25
BEV2_2024-08-30_drive6.csv,BEV2,2024-08-30 21:43:34+00:00,2024-08-30 22:33:47+00:00,2024-08-30 21:43:36+00:00,16.313354860524434,16.313354860524434,0,False,True,True,0.0,False,False,1725054214000000000,1725057227000000000,1725054216000000000,train,1318:22645>1318:22645|16,10-50,True,16.5,10-25
BEV2_2024-08-31_drive1.csv,BEV2,2024-08-31 07:49:48+00:00,2024-08-31 09:14:55+00:00,2024-08-31 07:49:50+00:00,70.83323810339652,70.83323810339652,0,False,True,True,0.0,False,False,1725090588000000000,1725095695000000000,1725090590000000000,train,1318:22645>1305:22644|70,>=50,True,17.0,10-25
BEV2_2024-08-31_drive2.csv,BEV2,2024-08-31 09:27:13+00:00,2024-08-31 11:37:59+00:00,2024-08-31 09:27:15+00:00,105.3447433086429,105.3447433086429,0,False,True,True,0.0,False,False,1725096433000000000,1725104279000000000,1725096435000000000,train,1305:22644>901:22800|105,>=50,True,23.5,10-25
BEV2_2024-08-31_drive4.csv,BEV2,2024-08-31 20:11:34+00:00,2024-08-31 20:38:39+00:00,2024-08-31 20:11:36+00:00,22.10730967198865,22.10730967198865,0,False,True,True,0.0,False,False,1725135094000000000,1725136719000000000,1725135096000000000,train,1357:22595>1318:22645|22,10-50,True,21.5,10-25
BEV2_2024-09-01_drive1.csv,BEV2,2024-09-01 08:13:52+00:00,2024-09-01 08:25:53+00:00,2024-09-01 08:13:53+00:00,3.46526697293599,3.46526697293599,1,True,True,True,0.0,True,False,1725178432000000000,1725179153000000000,1725178433000000000,train,1318:22645>1315:22649|3,2-10,True,23.5,10-25
BEV2_2024-09-01_drive3.csv,BEV2,2024-09-01 12:46:27+00:00,2024-09-01 14:09:37+00:00,2024-09-01 12:46:29+00:00,51.74102850975079,51.74102850975079,0,False,True,True,0.0,False,False,1725194787000000000,1725199777000000000,1725194789000000000,train,1318:22645>1236:22808|51,>=50,True,31.5,>25
BEV2_2024-09-01_drive4.csv,BEV2,2024-09-01 15:23:47+00:00,2024-09-01 15:41:13+00:00,2024-09-01 15:23:48+00:00,3.913386834514785,3.913386834514785,0,False,True,True,0.0,False,False,1725204227000000000,1725205273000000000,1725204228000000000,train,1236:22808>1230:22799|3,2-10,True,32.5,>25
BEV2_2024-09-01_drive5.csv,BEV2,2024-09-01 17:50:13+00:00,2024-09-01 18:40:58+00:00,2024-09-01 17:50:16+00:00,48.73510263107917,48.73510263107917,0,False,True,True,0.0,False,False,1725213013000000000,1725216058000000000,1725213016000000000,train,1230:22799>1318:22645|48,10-50,True,33.0,>25
BEV2_2024-09-02_drive1.csv,BEV2,2024-09-02 11:17:19+00:00,2024-09-02 11:54:48+00:00,2024-09-02 11:17:22+00:00,11.761410386632814,11.761410386632814,0,False,True,True,0.0,False,False,1725275839000000000,1725278088000000000,1725275842000000000,train,1318:22645>1318:22645|11,10-50,True,28.0,>25
BEV2_2024-09-02_drive2.csv,BEV2,2024-09-02 13:06:47+00:00,2024-09-02 13:47:32+00:00,2024-09-02 13:06:49+00:00,22.85502400201686,22.85502400201686,0,False,True,True,0.0,False,False,1725282407000000000,1725284852000000000,1725282409000000000,train,1318:22645>1402:22618|22,10-50,True,29.5,>25
BEV2_2024-09-02_drive3.csv,BEV2,2024-09-02 14:17:52+00:00,2024-09-02 14:45:09+00:00,2024-09-02 14:17:55+00:00,21.2360679912924,21.23660567956693,0,False,True,True,0.0,False,False,1725286672000000000,1725288309000000000,1725286675000000000,train,1402:22618>1318:22645|21,10-50,True,29.3,>25
BEV2_2024-09-03_drive1.csv,BEV2,2024-09-03 06:11:03+00:00,2024-09-03 06:27:55+00:00,2024-09-03 06:11:06+00:00,4.312121557398728,4.3122327524794,0,False,True,True,0.0,False,False,1725343863000000000,1725344875000000000,1725343866000000000,train,1318:22645>1313:22648|4,2-10,True,20.0,10-25
BEV2_2024-09-03_drive2.csv,BEV2,2024-09-03 09:30:54+00:00,2024-09-03 09:44:10+00:00,2024-09-03 09:30:55+00:00,2.779865332384625,2.779865332384625,1,True,False,True,0.0,True,False,1725355854000000000,1725356650000000000,1725355855000000000,train,1313:22648>1318:22645|2,2-10,True,22.0,10-25
BEV2_2024-09-03_drive3.csv,BEV2,2024-09-03 10:18:19+00:00,2024-09-03 10:35:27+00:00,2024-09-03 10:18:22+00:00,4.938092148394224,4.938092148394224,0,False,True,True,0.0,False,False,1725358699000000000,1725359727000000000,1725358702000000000,train,1318:22645>1311:22648|4,2-10,True,23.0,10-25
BEV2_2024-09-03_drive4.csv,BEV2,2024-09-03 13:21:05+00:00,2024-09-03 13:36:41+00:00,2024-09-03 13:21:08+00:00,1.316517405955685,1.316517405955685,0,False,True,True,0.0,False,False,1725369665000000000,1725370601000000000,1725369668000000000,train,1311:22648>1313:22647|1,<2,True,24.5,10-25
BEV2_2024-09-03_drive5.csv,BEV2,2024-09-03 14:42:04+00:00,2024-09-03 15:09:26+00:00,2024-09-03 14:42:07+00:00,5.585550830996008,5.585550830996008,1,False,False,True,0.0,False,False,1725374524000000000,1725376166000000000,1725374527000000000,train,1313:22647>1320:22653|5,2-10,True,26.5,>25
BEV2_2024-09-03_drive6.csv,BEV2,2024-09-03 16:02:37+00:00,2024-09-03 16:22:23+00:00,2024-09-03 16:02:40+00:00,2.5158157506454373,2.5158157506454373,0,False,True,True,0.0,False,False,1725379357000000000,1725380543000000000,1725379360000000000,train,1320:22653>1317:22659|2,2-10,True,28.0,>25
BEV2_2024-09-04_drive1.csv,BEV2,2024-09-04 06:09:34+00:00,2024-09-04 06:33:44+00:00,2024-09-04 06:09:37+00:00,4.781324905692864,4.781324905692864,0,False,True,True,0.0,False,False,1725430174000000000,1725431624000000000,1725430177000000000,train,1318:22645>1313:22648|4,2-10,True,17.0,10-25
BEV2_2024-09-04_drive2.csv,BEV2,2024-09-04 10:24:30+00:00,2024-09-04 10:42:30+00:00,2024-09-04 10:24:33+00:00,2.7720648953736955,2.7720648953736955,0,False,True,True,0.0,False,False,1725445470000000000,1725446550000000000,1725445473000000000,train,1313:22648>1318:22645|2,2-10,True,19.5,10-25
BEV2_2024-09-04_drive3.csv,BEV2,2024-09-04 11:34:19+00:00,2024-09-04 12:03:52+00:00,2024-09-04 11:34:22+00:00,3.080126636077028,3.080237831157701,0,False,True,True,0.0,False,False,1725449659000000000,1725451432000000000,1725449662000000000,train,1318:22645>1319:22654|3,2-10,True,20.0,10-25
BEV2_2024-09-04_drive4.csv,BEV2,2024-09-04 13:10:49+00:00,2024-09-04 13:22:02+00:00,2024-09-04 13:10:52+00:00,0.6860742916289149,0.6862057724063537,0,False,True,True,0.0,False,False,1725455449000000000,1725456122000000000,1725455452000000000,train,1319:22654>1320:22653|0,<2,True,23.0,10-25
BEV2_2024-09-04_drive5.csv,BEV2,2024-09-04 14:00:15+00:00,2024-09-04 14:52:03+00:00,2024-09-04 14:00:18+00:00,23.691543207504484,23.691543207504484,0,False,True,True,0.0,False,False,1725458415000000000,1725461523000000000,1725458418000000000,train,1320:22653>1256:22662|23,10-50,True,23.5,10-25
BEV2_2024-09-06_drive1.csv,BEV2,2024-09-06 08:19:12+00:00,2024-09-06 08:55:42+00:00,2024-09-06 08:19:15+00:00,22.359184182908457,22.359184182908457,0,False,True,True,0.0,False,False,1725610752000000000,1725612942000000000,1725610755000000000,train,1256:22662>1318:22645|22,10-50,True,19.5,10-25
BEV2_2024-09-06_drive2.csv,BEV2,2024-09-06 10:30:56+00:00,2024-09-06 10:50:14+00:00,2024-09-06 10:30:59+00:00,3.146530197583041,3.146530197583041,0,False,True,True,0.0,False,False,1725618656000000000,1725619814000000000,1725618659000000000,train,1318:22645>1313:22648|3,2-10,True,18.5,10-25
BEV2_2024-09-06_drive3.csv,BEV2,2024-09-06 16:55:15+00:00,2024-09-06 17:07:43+00:00,2024-09-06 16:55:18+00:00,2.7366750934204607,2.7366750934204607,0,False,True,True,0.0,False,False,1725641715000000000,1725642463000000000,1725641718000000000,train,1313:22648>1318:22645|2,2-10,True,20.0,10-25
BEV2_2024-09-07_drive1.csv,BEV2,2024-09-07 09:40:26+00:00,2024-09-07 09:55:47+00:00,2024-09-07 09:40:29+00:00,3.308270207464338,3.308270207464338,0,False,True,True,0.0,False,False,1725702026000000000,1725702947000000000,1725702029000000000,train,1318:22645>1320:22653|3,2-10,True,22.0,10-25
BEV2_2024-09-07_drive2.csv,BEV2,2024-09-07 09:59:20+00:00,2024-09-07 10:15:11+00:00,2024-09-07 09:59:23+00:00,3.096248289034341,3.096511255465746,0,False,True,True,0.0,False,False,1725703160000000000,1725704111000000000,1725703163000000000,train,1320:22653>1318:22645|3,2-10,True,23.0,10-25
BEV2_2024-09-07_drive3.csv,BEV2,2024-09-07 12:21:23+00:00,2024-09-07 13:41:14+00:00,2024-09-07 12:21:25+00:00,39.78404751917566,39.78404751917566,0,False,True,True,0.0,False,False,1725711683000000000,1725716474000000000,1725711685000000000,train,1318:22645>1318:22645|39,10-50,True,27.45,>25
BEV2_2024-09-07_drive4.csv,BEV2,2024-09-07 13:54:24+00:00,2024-09-07 14:21:17+00:00,2024-09-07 13:54:27+00:00,7.527474065854566,7.527544257752524,0,False,True,True,0.0,False,False,1725717264000000000,1725718877000000000,1725717267000000000,train,1318:22645>1319:22663|7,2-10,True,30.5,>25
BEV2_2024-09-07_drive5.csv,BEV2,2024-09-07 14:31:48+00:00,2024-09-07 15:07:47+00:00,2024-09-07 14:31:51+00:00,5.421654797421056,5.421654797421056,0,False,True,True,0.0,False,False,1725719508000000000,1725721667000000000,1725719511000000000,train,1319:22663>1318:22645|5,2-10,True,33.2,>25
BEV2_2024-09-07_drive6.csv,BEV2,2024-09-07 16:07:30+00:00,2024-09-07 16:27:14+00:00,2024-09-07 16:07:33+00:00,2.507339901211361,2.507339901211361,0,False,True,True,0.0,False,False,1725725250000000000,1725726434000000000,1725725253000000000,train,1318:22645>1317:22652|2,2-10,True,32.0,>25
BEV2_2024-09-08_drive2.csv,BEV2,2024-09-08 10:05:07+00:00,2024-09-08 10:35:13+00:00,2024-09-08 10:05:10+00:00,15.656277551803392,15.656347559883,0,False,True,True,0.0,False,False,1725789907000000000,1725791713000000000,1725789910000000000,train,1394:22700>1361:22700|15,10-50,True,21.0,10-25
BEV2_2024-09-08_drive3.csv,BEV2,2024-09-08 11:14:19+00:00,2024-09-08 11:43:59+00:00,2024-09-08 11:14:22+00:00,19.43011603675572,19.43022723183568,0,False,True,True,0.0,False,False,1725794059000000000,1725795839000000000,1725794062000000000,train,1361:22700>1318:22645|19,10-50,True,23.5,10-25
BEV2_2024-09-08_drive4.csv,BEV2,2024-09-08 12:30:58+00:00,2024-09-08 13:31:06+00:00,2024-09-08 12:31:01+00:00,57.33296587233503,57.33296587233503,0,False,True,True,0.0,False,False,1725798658000000000,1725802266000000000,1725798661000000000,train,1318:22645>1247:22825|57,>=50,True,24.0,10-25
BEV2_2024-09-08_drive5.csv,BEV2,2024-09-08 13:44:50+00:00,2024-09-08 14:14:36+00:00,2024-09-08 13:44:53+00:00,6.948993138315811,6.948993138315811,0,False,True,True,0.0,False,False,1725803090000000000,1725804876000000000,1725803093000000000,train,1247:22825>1236:22808|6,2-10,True,24.0,10-25
BEV2_2024-09-09_drive1.csv,BEV2,2024-09-09 06:06:21+00:00,2024-09-09 06:23:59+00:00,2024-09-09 06:06:24+00:00,3.917111095737492,3.917111095737492,0,False,True,True,0.0,False,False,1725861981000000000,1725863039000000000,1725861984000000000,train,1318:22645>1313:22648|3,2-10,True,15.5,10-25
BEV2_2024-09-09_drive2.csv,BEV2,2024-09-09 15:36:05+00:00,2024-09-09 15:51:31+00:00,2024-09-09 15:36:07+00:00,2.829567739485692,2.829567739485692,0,False,True,True,0.0,False,False,1725896165000000000,1725897091000000000,1725896167000000000,train,1313:22648>1318:22645|2,2-10,True,18.666666666666668,10-25
BEV2_2024-09-09_drive3.csv,BEV2,2024-09-09 16:31:27+00:00,2024-09-09 17:40:05+00:00,2024-09-09 16:31:30+00:00,8.787435021263338,8.787435021263338,0,False,True,True,0.0,False,False,1725899487000000000,1725903605000000000,1725899490000000000,train,1318:22645>1318:22646|8,2-10,True,19.0,10-25
BEV2_2024-09-10_drive1.csv,BEV2,2024-09-10 03:06:20+00:00,2024-09-10 03:31:55+00:00,2024-09-10 03:06:23+00:00,10.219449935071491,10.219449935071491,0,False,True,True,0.0,False,False,1725937580000000000,1725939115000000000,1725937583000000000,train,1318:22646>1318:22646|10,10-50,True,13.166666666666666,10-25
BEV2_2024-09-10_drive2.csv,BEV2,2024-09-10 07:27:01+00:00,2024-09-10 07:47:15+00:00,2024-09-10 07:27:04+00:00,2.1146096594955783,2.1146096594955783,0,False,True,True,0.0,False,False,1725953221000000000,1725954435000000000,1725953224000000000,train,1318:22646>1313:22648|2,2-10,True,14.5,10-25
BEV2_2024-09-10_drive3.csv,BEV2,2024-09-10 12:39:05+00:00,2024-09-10 13:50:03+00:00,2024-09-10 12:39:08+00:00,56.59453225198857,56.59453225198857,0,False,True,True,0.0,False,False,1725971945000000000,1725976203000000000,1725971948000000000,train,1313:22648>1077:22696|56,>=50,True,17.5,10-25
BEV2_2024-09-10_drive5.csv,BEV2,2024-09-10 18:08:31+00:00,2024-09-10 19:13:43+00:00,2024-09-10 18:08:34+00:00,73.58431740934665,73.58431740934665,0,False,True,True,0.0,False,False,1725991711000000000,1725995623000000000,1725991714000000000,train,1039:22735>1313:22659|73,>=50,True,16.0,10-25
BEV2_2024-09-10_drive6.csv,BEV2,2024-09-10 19:49:45+00:00,2024-09-10 20:14:43+00:00,2024-09-10 19:49:46+00:00,5.361317941629369,5.361317941629369,0,False,True,True,0.0,False,False,1725997785000000000,1725999283000000000,1725997786000000000,train,1313:22659>1318:22645|5,2-10,True,24.5,10-25
BEV2_2024-09-11_drive1.csv,BEV2,2024-09-11 07:14:15+00:00,2024-09-11 07:51:00+00:00,2024-09-11 07:14:16+00:00,18.698205677117823,18.698205677117823,0,False,True,True,0.0,False,False,1726038855000000000,1726041060000000000,1726038856000000000,train,1318:22645>1384:22622|18,10-50,True,11.0,10-25
BEV2_2024-09-11_drive2.csv,BEV2,2024-09-11 10:46:39+00:00,2024-09-11 11:43:18+00:00,2024-09-11 10:46:43+00:00,52.29337211967324,52.29337211967324,0,False,True,True,0.0,False,False,1726051599000000000,1726054998000000000,1726051603000000000,train,1384:22622>1552:22706|52,>=50,True,12.0,10-25
BEV2_2024-09-11_drive3.csv,BEV2,2024-09-11 14:52:23+00:00,2024-09-11 16:10:13+00:00,2024-09-11 14:52:24+00:00,59.67826283635112,59.67826283635112,0,True,True,True,0.0,True,False,1726066343000000000,1726071013000000000,1726066344000000000,train,1552:22706>1318:22645|59,>=50,True,15.0,10-25
BEV2_2024-09-12_drive1.csv,BEV2,2024-09-12 10:10:30+00:00,2024-09-12 10:27:45+00:00,2024-09-12 10:10:32+00:00,5.640747444549909,5.640747444549909,1,False,False,True,0.0,False,False,1726135830000000000,1726136865000000000,1726135832000000000,train,1318:22645>1319:22651|5,2-10,True,12.5,10-25
BEV2_2024-09-12_drive2.csv,BEV2,2024-09-12 10:30:33+00:00,2024-09-12 10:33:26+00:00,2024-09-12 10:30:35+00:00,0.8674934841008484,0.8674934841008484,0,False,True,True,0.0,False,False,1726137033000000000,1726137206000000000,1726137035000000000,train,1319:22651>1316:22650|0,<2,True,13.0,10-25
BEV2_2024-09-12_drive3.csv,BEV2,2024-09-12 10:35:42+00:00,2024-09-12 10:42:39+00:00,2024-09-12 10:35:44+00:00,1.5514056413339914,1.5514056413339914,0,False,True,True,0.0,False,False,1726137342000000000,1726137759000000000,1726137344000000000,train,1316:22650>1315:22645|1,<2,True,13.0,10-25
BEV2_2024-09-12_drive4.csv,BEV2,2024-09-12 10:51:37+00:00,2024-09-12 10:56:21+00:00,2024-09-12 10:51:39+00:00,1.6694730372865192,1.6696134261489868,0,False,True,True,0.0,False,False,1726138297000000000,1726138581000000000,1726138299000000000,train,1315:22645>1318:22645|1,<2,True,13.0,10-25
BEV2_2024-09-12_drive5.csv,BEV2,2024-09-12 10:57:35+00:00,2024-09-12 10:58:50+00:00,2024-09-12 10:57:37+00:00,0.0594384410490603,0.05961982815197,0,False,True,False,0.0,False,False,1726138655000000000,1726138730000000000,1726138657000000000,train,1318:22645>1318:22645|0,<2,True,12.5,10-25
BEV2_2024-09-12_drive6.csv,BEV2,2024-09-12 13:12:23+00:00,2024-09-12 13:25:14+00:00,2024-09-12 13:12:25+00:00,5.4819041225996985,5.481974314175547,0,False,True,True,0.0,False,False,1726146743000000000,1726147514000000000,1726146745000000000,train,1318:22645>1329:22650|5,2-10,True,14.2,10-25
BEV2_2024-09-12_drive8.csv,BEV2,2024-09-12 15:47:41+00:00,2024-09-12 15:59:23+00:00,2024-09-12 15:47:43+00:00,1.8390413709373143,1.8390413709373143,0,False,True,True,0.0,False,False,1726156061000000000,1726156763000000000,1726156063000000000,train,1318:22645>1318:22645|1,<2,True,15.5,10-25
BEV2_2024-09-13_drive1.csv,BEV2,2024-09-13 06:02:20+00:00,2024-09-13 06:10:18+00:00,2024-09-13 06:02:21+00:00,2.1662699541085297,2.1662699541085297,0,False,True,True,0.0,False,False,1726207340000000000,1726207818000000000,1726207341000000000,train,1318:22645>1313:22648|2,2-10,True,6.0,<10
BEV2_2024-09-13_drive2.csv,BEV2,2024-09-13 09:28:43+00:00,2024-09-13 09:42:10+00:00,2024-09-13 09:28:45+00:00,2.7152223360976944,2.7155804862415245,0,False,True,True,0.0,False,False,1726219723000000000,1726220530000000000,1726219725000000000,train,1313:22648>1318:22647|2,2-10,True,13.5,10-25
BEV2_2024-09-13_drive3.csv,BEV2,2024-09-13 09:43:27+00:00,2024-09-13 09:50:30+00:00,2024-09-13 09:43:29+00:00,2.1308312311483166,2.130962724871137,0,False,True,True,0.0,False,False,1726220607000000000,1726221030000000000,1726220609000000000,train,1318:22647>1313:22648|2,2-10,True,14.0,10-25
BEV2_2024-09-13_drive4.csv,BEV2,2024-09-13 14:55:21+00:00,2024-09-13 15:24:59+00:00,2024-09-13 14:55:23+00:00,8.082314082653449,8.082806182742804,0,False,True,True,0.0,False,False,1726239321000000000,1726241099000000000,1726239323000000000,train,1313:22648>1317:22659|8,2-10,True,16.5,10-25
BEV2_2024-09-13_drive5.csv,BEV2,2024-09-13 16:02:52+00:00,2024-09-13 16:20:27+00:00,2024-09-13 16:02:54+00:00,5.191683110668419,5.191683110668419,0,False,True,True,0.0,False,False,1726243372000000000,1726244427000000000,1726243374000000000,train,1317:22659>1318:22646|5,2-10,True,15.4,10-25
BEV2_2024-09-13_drive6.csv,BEV2,2024-09-13 18:30:21+00:00,2024-09-13 18:30:55+00:00,2024-09-13 18:30:23+00:00,0.0764064406826482,0.0764064406826482,0,False,True,False,0.0,False,False,1726252221000000000,1726252255000000000,1726252223000000000,train,1318:22646>1318:22645|0,<2,True,14.5,10-25
BEV2_2024-09-13_drive7.csv,BEV2,2024-09-13 20:29:53+00:00,2024-09-13 20:59:31+00:00,2024-09-13 20:29:55+00:00,6.445594168534267,6.445594168534267,0,False,True,True,0.0,False,False,1726259393000000000,1726261171000000000,1726259395000000000,train,1318:22645>1318:22645|6,2-10,True,13.5,10-25
BEV2_2024-09-13_drive8.csv,BEV2,2024-09-13 22:36:55+00:00,2024-09-13 23:23:08+00:00,2024-09-13 22:36:57+00:00,8.638150173305455,8.638150173305455,0,True,True,True,0.0,True,False,1726267015000000000,1726269788000000000,1726267017000000000,train,1318:22645>1318:22645|8,2-10,True,10.5,10-25
BEV2_2024-09-14_drive1.csv,BEV2,2024-09-14 06:38:55+00:00,2024-09-14 06:45:46+00:00,2024-09-14 06:38:57+00:00,3.4356904518282843,3.4356904518282843,0,False,True,True,0.0,False,False,1726295935000000000,1726296346000000000,1726295937000000000,train,1318:22645>1321:22656|3,2-10,True,8.5,<10
BEV2_2024-09-14_drive2.csv,BEV2,2024-09-14 07:55:13+00:00,2024-09-14 08:10:17+00:00,2024-09-14 07:55:15+00:00,4.238034557452519,4.238034557452519,0,False,True,True,0.0,False,False,1726300513000000000,1726301417000000000,1726300515000000000,train,1321:22656>1318:22645|4,2-10,True,13.0,10-25
BEV2_2024-09-14_drive3.csv,BEV2,2024-09-14 08:51:51+00:00,2024-09-14 09:50:54+00:00,2024-09-14 08:51:53+00:00,47.33274904034269,47.33274904034269,0,False,True,True,0.0,False,False,1726303911000000000,1726307454000000000,1726303913000000000,train,1318:22645>1313:22647|47,10-50,True,15.5,10-25
BEV2_2024-09-14_drive5.csv,BEV2,2024-09-14 13:04:27+00:00,2024-09-14 13:28:29+00:00,2024-09-14 13:04:29+00:00,7.85301403117904,7.853193117246276,2,False,True,True,0.0,False,False,1726319067000000000,1726320509000000000,1726319069000000000,train,1318:22645>1318:22645|7,2-10,True,21.0,10-25
BEV2_2024-09-14_drive7.csv,BEV2,2024-09-14 15:04:00+00:00,2024-09-14 15:19:33+00:00,2024-09-14 15:04:03+00:00,4.628607671605001,4.628677817265875,0,False,True,True,0.0,False,False,1726326240000000000,1726327173000000000,1726326243000000000,train,1317:22659>1318:22645|4,2-10,True,21.5,10-25
BEV2_2024-09-14_drive8.csv,BEV2,2024-09-14 16:35:42+00:00,2024-09-14 17:06:08+00:00,2024-09-14 16:35:43+00:00,23.869862650449388,23.869862650449388,0,False,True,True,0.0,False,False,1726331742000000000,1726333568000000000,1726331743000000000,train,1318:22645>1225:22632|23,10-50,True,18.0,10-25
BEV2_2024-09-14_drive9.csv,BEV2,2024-09-14 18:31:17+00:00,2024-09-14 19:03:32+00:00,2024-09-14 18:31:19+00:00,24.23051389027819,24.23051389027819,0,False,True,True,0.0,False,False,1726338677000000000,1726340612000000000,1726338679000000000,train,1225:22632>1318:22645|24,10-50,True,22.0,10-25
BEV2_2024-09-15_drive1.csv,BEV2,2024-09-15 08:34:00+00:00,2024-09-15 08:44:52+00:00,2024-09-15 08:34:02+00:00,2.7063630627032422,2.7063630627032422,0,False,True,True,0.0,False,False,1726389240000000000,1726389892000000000,1726389242000000000,train,1318:22645>1315:22648|2,2-10,True,13.0,10-25
BEV2_2024-09-15_drive2.csv,BEV2,2024-09-15 09:21:28+00:00,2024-09-15 09:27:08+00:00,2024-09-15 09:21:30+00:00,1.364641876205759,1.3648799798357008,0,False,True,True,0.0,False,False,1726392088000000000,1726392428000000000,1726392090000000000,train,1315:22648>1318:22645|1,<2,True,13.5,10-25
BEV2_2024-09-15_drive3.csv,BEV2,2024-09-15 12:41:05+00:00,2024-09-15 13:43:40+00:00,2024-09-15 12:41:07+00:00,50.44110260128721,50.44117279295348,0,False,True,True,0.0,False,False,1726404065000000000,1726407820000000000,1726404067000000000,train,1318:22645>1236:22808|50,>=50,True,20.5,10-25
BEV2_2024-09-15_drive4.csv,BEV2,2024-09-15 15:01:47+00:00,2024-09-15 15:20:12+00:00,2024-09-15 15:01:48+00:00,7.414081456819737,7.414081456819737,0,False,True,True,0.0,False,False,1726412507000000000,1726413612000000000,1726412508000000000,train,1236:22808>1245:22822|7,2-10,True,25.5,>25
BEV2_2024-09-15_drive5.csv,BEV2,2024-09-15 15:43:46+00:00,2024-09-15 16:52:05+00:00,2024-09-15 15:43:48+00:00,56.66813724702638,56.66813724702638,0,False,True,True,0.0,False,False,1726415026000000000,1726419125000000000,1726415028000000000,train,1245:22822>1318:22645|56,>=50,True,20.0,10-25
BEV2_2024-09-15_drive6.csv,BEV2,2024-09-15 20:47:19+00:00,2024-09-15 20:55:11+00:00,2024-09-15 20:47:21+00:00,2.6450685140514465,2.64513870578389,0,False,True,True,0.0,False,False,1726433239000000000,1726433711000000000,1726433241000000000,train,1318:22645>1315:22648|2,2-10,True,14.5,10-25
BEV2_2024-09-15_drive7.csv,BEV2,2024-09-15 20:58:16+00:00,2024-09-15 21:08:54+00:00,2024-09-15 20:58:18+00:00,1.055454696251924,1.055454696251924,0,False,True,True,0.0,False,False,1726433896000000000,1726434534000000000,1726433898000000000,train,1315:22648>1316:22651|1,<2,True,16.5,10-25
BEV2_2024-09-15_drive8.csv,BEV2,2024-09-15 21:16:06+00:00,2024-09-15 21:22:30+00:00,2024-09-15 21:16:07+00:00,2.7173836296089178,2.7173836296089178,0,False,True,True,0.0,False,False,1726434966000000000,1726435350000000000,1726434967000000000,train,1316:22651>1318:22645|2,2-10,True,16.5,10-25
BEV2_2024-09-16_drive2.csv,BEV2,2024-09-16 09:53:10+00:00,2024-09-16 09:54:26+00:00,2024-09-16 09:53:11+00:00,0.0396406696942112,0.0396406696942112,0,True,True,False,0.0,True,False,1726480390000000000,1726480466000000000,1726480391000000000,train,1313:22648>1313:22648|0,<2,True,18.5,10-25
BEV2_2024-09-16_drive3.csv,BEV2,2024-09-16 11:37:20+00:00,2024-09-16 11:50:34+00:00,2024-09-16 11:37:22+00:00,3.762720866178114,3.762720866178114,0,False,True,True,0.0,False,False,1726486640000000000,1726487434000000000,1726486642000000000,train,1313:22648>1317:22652|3,2-10,True,20.5,10-25
BEV2_2024-09-16_drive4.csv,BEV2,2024-09-16 12:56:02+00:00,2024-09-16 13:04:29+00:00,2024-09-16 12:56:03+00:00,2.3817991697080423,2.3817991697080423,0,False,True,True,0.0,False,False,1726491362000000000,1726491869000000000,1726491363000000000,train,1317:22652>1318:22645|2,2-10,True,20.5,10-25
BEV2_2024-09-16_drive5.csv,BEV2,2024-09-16 13:30:50+00:00,2024-09-16 13:38:32+00:00,2024-09-16 13:30:53+00:00,2.0908207909586003,2.0908207909586003,0,False,True,True,0.0,False,False,1726493450000000000,1726493912000000000,1726493453000000000,train,1318:22645>1313:22648|2,2-10,True,22.0,10-25
BEV2_2024-09-16_drive6.csv,BEV2,2024-09-16 15:41:34+00:00,2024-09-16 16:10:13+00:00,2024-09-16 15:41:36+00:00,4.605385755848967,4.605385755848967,0,False,True,True,0.0,False,False,1726501294000000000,1726503013000000000,1726501296000000000,train,1313:22648>1318:22645|4,2-10,True,21.5,10-25
BEV2_2024-09-17_drive1.csv,BEV2,2024-09-17 10:17:15+00:00,2024-09-17 11:53:52+00:00,2024-09-17 10:17:18+00:00,99.33884016464066,99.33884016464066,0,False,True,True,0.0,False,False,1726568235000000000,1726574032000000000,1726568238000000000,train,1318:22645>1385:22955|99,>=50,True,20.0,10-25
BEV2_2024-09-17_drive2.csv,BEV2,2024-09-17 15:56:31+00:00,2024-09-17 17:35:13+00:00,2024-09-17 15:56:33+00:00,103.1533616956742,103.1533616956742,0,False,True,True,0.0,False,False,1726588591000000000,1726594513000000000,1726588593000000000,train,1385:22955>1316:22647|103,>=50,True,22.0,10-25
BEV2_2024-09-17_drive3.csv,BEV2,2024-09-17 18:14:34+00:00,2024-09-17 18:48:03+00:00,2024-09-17 18:14:36+00:00,4.992161899656711,4.992161899656711,0,False,True,True,0.0,False,False,1726596874000000000,1726598883000000000,1726596876000000000,train,1316:22647>1318:22645|4,2-10,True,22.5,10-25
BEV2_2024-09-18_drive1.csv,BEV2,2024-09-18 05:51:01+00:00,2024-09-18 06:00:48+00:00,2024-09-18 05:51:04+00:00,2.1980076393414163,2.1983271087491656,0,False,True,True,0.0,False,False,1726638661000000000,1726639248000000000,1726638664000000000,train,1318:22645>1313:22648|2,2-10,True,15.0,10-25
BEV2_2024-09-18_drive2.csv,BEV2,2024-09-18 10:19:27+00:00,2024-09-18 10:32:34+00:00,2024-09-18 10:19:30+00:00,2.800838523252919,2.800838523252919,1,True,False,True,0.0,True,False,1726654767000000000,1726655554000000000,1726654770000000000,train,1313:22648>1318:22645|2,2-10,True,22.5,10-25
BEV2_2024-09-18_drive3.csv,BEV2,2024-09-18 13:34:07+00:00,2024-09-18 14:15:57+00:00,2024-09-18 13:34:08+00:00,21.417588971862983,21.417588971862983,0,False,True,True,0.0,False,False,1726666447000000000,1726668957000000000,1726666448000000000,train,1318:22645>1319:22653|21,10-50,True,26.0,>25
BEV2_2024-09-18_drive4.csv,BEV2,2024-09-18 14:36:03+00:00,2024-09-18 14:54:11+00:00,2024-09-18 14:36:05+00:00,2.741453110413772,2.741453110413772,0,False,True,True,0.0,False,False,1726670163000000000,1726671251000000000,1726670165000000000,train,1319:22653>1318:22645|2,2-10,True,30.5,>25
BEV2_2024-09-18_drive5.csv,BEV2,2024-09-18 16:08:51+00:00,2024-09-18 16:16:22+00:00,2024-09-18 16:08:53+00:00,1.1458986803329017,1.1461318847723945,0,False,True,True,0.0,False,False,1726675731000000000,1726676182000000000,1726675733000000000,train,1318:22645>1315:22648|1,<2,True,24.25,10-25
BEV2_2024-09-19_drive1.csv,BEV2,2024-09-19 05:50:48+00:00,2024-09-19 06:45:01+00:00,2024-09-19 05:50:50+00:00,61.44865088518458,61.44865088518458,0,False,True,True,0.0,False,False,1726725048000000000,1726728301000000000,1726725050000000000,train,1318:22645>1552:22706|61,>=50,True,14.5,10-25
BEV2_2024-09-19_drive2.csv,BEV2,2024-09-19 15:48:42+00:00,2024-09-19 17:06:53+00:00,2024-09-19 15:48:44+00:00,51.08663114802222,51.08663114802222,0,False,True,True,0.0,False,False,1726760922000000000,1726765613000000000,1726760924000000000,train,1552:22706>1318:22645|51,>=50,True,22.0,10-25
BEV2_2024-09-20_drive1.csv,BEV2,2024-09-20 05:30:34+00:00,2024-09-20 05:38:35+00:00,2024-09-20 05:30:36+00:00,2.475367422361961,2.475367422361961,0,False,True,True,0.0,False,False,1726810234000000000,1726810715000000000,1726810236000000000,train,1318:22645>1313:22648|2,2-10,True,13.5,10-25
BEV2_2024-09-20_drive2.csv,BEV2,2024-09-20 15:59:04+00:00,2024-09-20 16:40:20+00:00,2024-09-20 15:59:06+00:00,9.92743258753529,9.92743258753529,0,False,True,True,0.0,False,False,1726847944000000000,1726850420000000000,1726847946000000000,train,1313:22648>1318:22646|9,2-10,True,18.0,10-25
BEV2_2024-09-20_drive3.csv,BEV2,2024-09-20 17:12:42+00:00,2024-09-20 17:43:11+00:00,2024-09-20 17:12:45+00:00,7.76333120171213,7.76333120171213,0,False,True,True,0.0,False,False,1726852362000000000,1726854191000000000,1726852365000000000,train,1318:22646>1315:22648|7,2-10,True,21.6,10-25
BEV2_2024-09-20_drive4.csv,BEV2,2024-09-20 19:33:11+00:00,2024-09-20 19:39:52+00:00,2024-09-20 19:33:14+00:00,1.2975934475721096,1.2975934475721096,0,False,True,True,0.0,False,False,1726860791000000000,1726861192000000000,1726860794000000000,train,1315:22648>1318:22645|1,<2,True,22.0,10-25
BEV2_2024-09-21_drive1.csv,BEV2,2024-09-21 11:06:34+00:00,2024-09-21 11:42:02+00:00,2024-09-21 11:06:36+00:00,32.63551852288699,32.63551852288699,0,False,True,True,0.0,False,False,1726916794000000000,1726918922000000000,1726916796000000000,train,1318:22645>1318:22645|32,10-50,True,24.0,10-25
BEV2_2024-09-21_drive2.csv,BEV2,2024-09-21 11:59:30+00:00,2024-09-21 12:23:45+00:00,2024-09-21 11:59:32+00:00,13.491533746491251,13.491533746491251,0,False,True,True,0.0,False,False,1726919970000000000,1726921425000000000,1726919972000000000,train,1318:22645>1326:22670|13,10-50,True,26.916666666666668,>25
BEV2_2024-09-21_drive3.csv,BEV2,2024-09-21 12:24:52+00:00,2024-09-21 12:42:38+00:00,2024-09-21 12:24:55+00:00,17.369756053391793,17.369896267344213,0,False,True,True,0.0,False,False,1726921492000000000,1726922558000000000,1726921495000000000,train,1326:22670>1318:22645|17,10-50,True,26.5,>25
BEV2_2024-09-21_drive4.csv,BEV2,2024-09-21 12:47:16+00:00,2024-09-21 13:53:10+00:00,2024-09-21 12:47:17+00:00,52.84724305734632,52.84724305734632,0,False,True,True,0.0,False,False,1726922836000000000,1726926790000000000,1726922837000000000,train,1318:22645>1236:22808|52,>=50,True,27.0,>25
BEV2_2024-09-21_drive5.csv,BEV2,2024-09-21 17:26:57+00:00,2024-09-21 18:27:35+00:00,2024-09-21 17:27:00+00:00,57.10704275537624,57.10704275537624,1,False,True,True,0.0,False,False,1726939617000000000,1726943255000000000,1726939620000000000,train,1236:22808>1318:22645|57,>=50,True,26.0,>25
BEV2_2024-09-21_drive6.csv,BEV2,2024-09-21 19:23:31+00:00,2024-09-21 19:30:19+00:00,2024-09-21 19:23:32+00:00,1.8271780928690635,1.8271780928690635,0,True,True,True,0.0,True,False,1726946611000000000,1726947019000000000,1726946612000000000,train,1318:22645>1316:22651|1,<2,True,22.5,10-25
BEV2_2024-09-21_drive7.csv,BEV2,2024-09-21 20:32:25+00:00,2024-09-21 20:42:33+00:00,2024-09-21 20:32:27+00:00,1.9509070540283555,1.9509070540283555,0,False,True,True,0.0,False,False,1726950745000000000,1726951353000000000,1726950747000000000,train,1316:22651>1318:22645|1,<2,True,20.0,10-25
BEV2_2024-09-22_drive1.csv,BEV2,2024-09-22 09:16:53+00:00,2024-09-22 09:31:34+00:00,2024-09-22 09:16:54+00:00,3.070775014329703,3.070775014329703,0,False,True,True,0.0,False,False,1726996613000000000,1726997494000000000,1726996614000000000,train,1318:22645>1314:22648|3,2-10,True,19.0,10-25
BEV2_2024-09-22_drive2.csv,BEV2,2024-09-22 10:05:05+00:00,2024-09-22 10:14:24+00:00,2024-09-22 10:05:08+00:00,2.078336651638048,2.0786702368786525,0,False,True,True,0.0,False,False,1726999505000000000,1727000064000000000,1726999508000000000,train,1314:22648>1318:22645|2,2-10,True,24.0,10-25
BEV2_2024-09-22_drive3.csv,BEV2,2024-09-22 11:55:57+00:00,2024-09-22 12:14:57+00:00,2024-09-22 11:56:00+00:00,4.530004861581923,4.530116056662596,0,False,True,True,0.0,False,False,1727006157000000000,1727007297000000000,1727006160000000000,train,1318:22645>1318:22645|4,2-10,True,22.5,10-25
BEV2_2024-09-23_drive1.csv,BEV2,2024-09-23 06:05:10+00:00,2024-09-23 06:15:22+00:00,2024-09-23 06:05:13+00:00,2.478509439244008,2.478509439244008,0,False,True,True,0.0,False,False,1727071510000000000,1727072122000000000,1727071513000000000,train,1318:22645>1313:22648|2,2-10,True,16.0,10-25
BEV2_2024-09-23_drive2.csv,BEV2,2024-09-23 08:49:39+00:00,2024-09-23 09:05:06+00:00,2024-09-23 08:49:42+00:00,2.857441672078634,2.857441672078634,0,False,True,True,0.0,False,False,1727081379000000000,1727082306000000000,1727081382000000000,train,1313:22648>1318:22645|2,2-10,True,17.5,10-25
BEV2_2024-09-23_drive3.csv,BEV2,2024-09-23 09:42:10+00:00,2024-09-23 09:57:13+00:00,2024-09-23 09:42:13+00:00,4.287640722107736,4.28778110788463,1,False,False,True,0.0,False,False,1727084530000000000,1727085433000000000,1727084533000000000,train,1318:22645>1321:22656|4,2-10,True,18.0,10-25
BEV2_2024-09-24_drive1.csv,BEV2,2024-09-24 21:53:14+00:00,2024-09-24 22:04:10+00:00,2024-09-24 21:53:17+00:00,4.215932718539399,4.215932718539399,0,False,True,True,0.0,False,False,1727214794000000000,1727215450000000000,1727214797000000000,train,1321:22656>1318:22646|4,2-10,True,18.5,10-25
BEV2_2024-09-25_drive1.csv,BEV2,2024-09-25 07:04:59+00:00,2024-09-25 07:21:56+00:00,2024-09-25 07:05:02+00:00,3.321624388966219,3.321624388966219,0,False,True,True,0.0,False,False,1727247899000000000,1727248916000000000,1727247902000000000,train,1318:22646>1315:22647|3,2-10,True,14.0,10-25
BEV2_2024-09-25_drive2.csv,BEV2,2024-09-25 07:25:31+00:00,2024-09-25 07:29:41+00:00,2024-09-25 07:25:34+00:00,0.903978982044745,0.9041193527753844,0,False,True,True,0.0,False,False,1727249131000000000,1727249381000000000,1727249134000000000,train,1315:22647>1318:22645|0,<2,True,14.5,10-25
BEV2_2024-09-25_drive3.csv,BEV2,2024-09-25 13:14:14+00:00,2024-09-25 13:21:39+00:00,2024-09-25 13:14:17+00:00,2.098983547132541,2.098983547132541,0,False,True,True,0.0,False,False,1727270054000000000,1727270499000000000,1727270057000000000,train,1318:22645>1313:22648|2,2-10,True,18.0,10-25
BEV2_2024-09-25_drive4.csv,BEV2,2024-09-25 18:12:43+00:00,2024-09-25 18:27:00+00:00,2024-09-25 18:12:44+00:00,2.8864539540365115,2.8864539540365115,0,False,True,True,0.0,False,False,1727287963000000000,1727288820000000000,1727287964000000000,train,1313:22648>1318:22645|2,2-10,True,18.0,10-25
BEV2_2024-09-26_drive1.csv,BEV2,2024-09-26 05:48:22+00:00,2024-09-26 05:58:16+00:00,2024-09-26 05:48:24+00:00,2.270270092496706,2.270270092496706,0,False,True,True,0.0,False,False,1727329702000000000,1727330296000000000,1727329704000000000,train,1318:22645>1313:22648|2,2-10,True,15.0,10-25
BEV2_2024-09-26_drive2.csv,BEV2,2024-09-26 16:59:04+00:00,2024-09-26 17:07:59+00:00,2024-09-26 16:59:07+00:00,1.7167707151773628,1.7169931053372944,0,False,True,True,0.0,False,False,1727369944000000000,1727370479000000000,1727369947000000000,train,1313:22648>1312:22647|1,<2,True,17.5,10-25
BEV2_2024-09-26_drive3.csv,BEV2,2024-09-26 17:09:12+00:00,2024-09-26 17:19:43+00:00,2024-09-26 17:09:14+00:00,2.989050159062878,2.989050159062878,0,False,True,True,0.0,False,False,1727370552000000000,1727371183000000000,1727370554000000000,train,1312:22647>1318:22645|2,2-10,True,14.5,10-25
BEV2_2024-09-27_drive1.csv,BEV2,2024-09-27 05:45:53+00:00,2024-09-27 06:39:37+00:00,2024-09-27 05:45:55+00:00,61.6944225712266,61.69455406789647,0,False,True,True,0.0,False,False,1727415953000000000,1727419177000000000,1727415955000000000,train,1318:22645>1540:22693|61,>=50,True,12.0,10-25
BEV2_2024-09-27_drive2.csv,BEV2,2024-09-27 09:49:13+00:00,2024-09-27 10:39:51+00:00,2024-09-27 09:49:16+00:00,58.80652931012192,58.80652931012192,0,False,True,True,0.0,False,False,1727430553000000000,1727433591000000000,1727430556000000000,train,1540:22693>1313:22647|58,>=50,True,17.5,10-25
BEV2_2024-09-27_drive3.csv,BEV2,2024-09-27 16:16:40+00:00,2024-09-27 16:25:47+00:00,2024-09-27 16:16:41+00:00,2.536067880290246,2.536067880290246,0,False,True,True,0.0,False,False,1727453800000000000,1727454347000000000,1727453801000000000,train,1313:22647>1318:22645|2,2-10,True,20.1,10-25
BEV2_2024-09-27_drive4.csv,BEV2,2024-09-27 16:44:51+00:00,2024-09-27 17:37:29+00:00,2024-09-27 16:44:54+00:00,61.62254111811343,61.62261130983232,0,False,True,True,0.0,False,False,1727455491000000000,1727458649000000000,1727455494000000000,train,1318:22645>1407:22759|61,>=50,True,12.5,10-25
BEV2_2024-09-27_drive5.csv,BEV2,2024-09-27 21:35:12+00:00,2024-09-27 22:27:08+00:00,2024-09-27 21:35:15+00:00,53.12030312451292,53.12030312451292,0,False,True,True,0.0,False,False,1727472912000000000,1727476028000000000,1727472915000000000,train,1407:22759>1318:22645|53,>=50,True,11.0,10-25
BEV2_2024-09-28_drive1.csv,BEV2,2024-09-28 08:42:53+00:00,2024-09-28 09:16:17+00:00,2024-09-28 08:42:56+00:00,24.365504902442588,24.365504902442588,0,False,True,True,0.0,False,False,1727512973000000000,1727514977000000000,1727512976000000000,train,1318:22645>1226:22640|24,10-50,True,10.5,10-25
BEV2_2024-09-28_drive2.csv,BEV2,2024-09-28 10:41:30+00:00,2024-09-28 11:07:46+00:00,2024-09-28 10:41:33+00:00,22.51407440191301,22.514516530375744,0,False,True,True,0.0,False,False,1727520090000000000,1727521666000000000,1727520093000000000,train,1226:22640>1318:22645|22,10-50,True,12.5,10-25
BEV2_2024-09-28_drive4.csv,BEV2,2024-09-28 15:39:14+00:00,2024-09-28 16:00:18+00:00,2024-09-28 15:39:17+00:00,7.486388629242761,7.486388629242761,0,False,True,True,0.0,False,False,1727537954000000000,1727539218000000000,1727537957000000000,train,1236:22808>1245:22822|7,2-10,True,23.0,10-25
BEV2_2024-09-28_drive5.csv,BEV2,2024-09-28 16:07:04+00:00,2024-09-28 17:06:17+00:00,2024-09-28 16:07:06+00:00,56.87995879557788,56.87995879557788,0,False,True,True,0.0,False,False,1727539624000000000,1727543177000000000,1727539626000000000,train,1245:22822>1316:22651|56,>=50,True,14.0,10-25
BEV2_2024-09-28_drive6.csv,BEV2,2024-09-28 17:32:00+00:00,2024-09-28 17:42:43+00:00,2024-09-28 17:32:03+00:00,2.710947247683757,2.710947247683757,1,False,False,True,0.0,False,False,1727544720000000000,1727545363000000000,1727544723000000000,train,1316:22651>1318:22645|2,2-10,True,19.25,10-25
BEV2_2024-09-29_drive1.csv,BEV2,2024-09-29 04:27:28+00:00,2024-09-29 04:58:35+00:00,2024-09-29 04:27:31+00:00,26.92402242659616,26.924133621676123,1,False,False,True,0.0,False,False,1727584048000000000,1727585915000000000,1727584051000000000,train,1318:22645>1213:22665|26,10-50,True,4.0,<10
BEV2_2024-09-29_drive2.csv,BEV2,2024-09-29 11:24:15+00:00,2024-09-29 12:16:28+00:00,2024-09-29 11:24:16+00:00,36.12861622553554,36.12861622553554,0,False,True,True,0.0,False,False,1727609055000000000,1727612188000000000,1727609056000000000,train,1213:22665>1313:22659|36,10-50,True,13.5,10-25
BEV2_2024-09-29_drive3.csv,BEV2,2024-09-29 13:17:59+00:00,2024-09-29 13:27:09+00:00,2024-09-29 13:18:00+00:00,4.234501549719883,4.234633020575711,0,False,True,True,0.0,False,False,1727615879000000000,1727616429000000000,1727615880000000000,train,1313:22659>1313:22647|4,2-10,True,19.0,10-25
BEV2_2024-09-29_drive4.csv,BEV2,2024-09-29 15:57:02+00:00,2024-09-29 16:05:19+00:00,2024-09-29 15:57:05+00:00,2.7802772508167384,2.7802772508167384,0,False,True,True,0.0,False,False,1727625422000000000,1727625919000000000,1727625425000000000,train,1313:22647>1318:22645|2,2-10,True,18.5,10-25
BEV2_2024-09-29_drive5.csv,BEV2,2024-09-29 19:32:46+00:00,2024-09-29 20:11:46+00:00,2024-09-29 19:32:49+00:00,7.842799654164258,7.842869847088801,1,False,False,True,0.0,False,False,1727638366000000000,1727640706000000000,1727638369000000000,train,1318:22645>1318:22645|7,2-10,True,11.5,10-25
BEV2_2024-09-30_drive1.csv,BEV2,2024-09-30 05:43:03+00:00,2024-09-30 05:51:10+00:00,2024-09-30 05:43:05+00:00,2.253714036992406,2.253714036992406,0,False,True,True,0.0,False,False,1727674983000000000,1727675470000000000,1727674985000000000,train,1318:22645>1313:22648|2,2-10,True,11.0,10-25
BEV2_2024-09-30_drive2.csv,BEV2,2024-09-30 09:36:59+00:00,2024-09-30 09:47:06+00:00,2024-09-30 09:37:00+00:00,2.787008718600977,2.787008718600977,0,False,True,True,0.0,False,False,1727689019000000000,1727689626000000000,1727689020000000000,train,1313:22648>1318:22645|2,2-10,True,15.0,10-25
BEV2_2024-09-30_drive3.csv,BEV2,2024-09-30 09:49:24+00:00,2024-09-30 09:54:05+00:00,2024-09-30 09:49:27+00:00,1.197607317175625,1.197607317175625,0,False,True,True,0.0,False,False,1727689764000000000,1727690045000000000,1727689767000000000,train,1318:22645>1315:22648|1,<2,True,14.0,10-25
BEV2_2024-09-30_drive4.csv,BEV2,2024-09-30 10:45:39+00:00,2024-09-30 10:56:34+00:00,2024-09-30 10:45:42+00:00,3.6020454092522485,3.6020454092522485,0,False,True,True,0.0,False,False,1727693139000000000,1727693794000000000,1727693142000000000,train,1315:22648>1313:22648|3,2-10,True,14.5,10-25
BEV2_2024-09-30_drive5.csv,BEV2,2024-09-30 16:20:34+00:00,2024-09-30 16:32:16+00:00,2024-09-30 16:20:36+00:00,2.8106160436708008,2.8106862283376146,0,False,True,True,0.0,False,False,1727713234000000000,1727713936000000000,1727713236000000000,train,1313:22648>1318:22645|2,2-10,True,16.5,10-25
BEV2_2024-09-30_drive6.csv,BEV2,2024-09-30 18:28:16+00:00,2024-09-30 19:54:48+00:00,2024-09-30 18:28:18+00:00,108.5698404413487,108.5698404413487,0,False,True,True,0.0,False,False,1727720896000000000,1727726088000000000,1727720898000000000,train,1318:22645>855:22833|108,>=50,True,15.0,10-25
BEV2_2024-10-01_drive1.csv,BEV2,2024-10-01 06:47:02+00:00,2024-10-01 07:07:05+00:00,2024-10-01 06:47:04+00:00,10.825585170582652,10.825585170582652,1,False,False,True,0.0,False,False,1727765222000000000,1727766425000000000,1727765224000000000,train,855:22833>839:22806|10,10-50,True,13.5,10-25
BEV2_2024-10-01_drive2.csv,BEV2,2024-10-01 15:00:45+00:00,2024-10-01 16:37:48+00:00,2024-10-01 15:00:47+00:00,110.30437233218515,110.30437233218515,0,False,True,True,0.0,False,False,1727794845000000000,1727800668000000000,1727794847000000000,train,839:22806>1313:22659|110,>=50,True,15.0,10-25
BEV2_2024-10-01_drive3.csv,BEV2,2024-10-01 17:26:58+00:00,2024-10-01 17:37:04+00:00,2024-10-01 17:26:59+00:00,4.78361713582416,4.783728330904125,0,False,True,True,0.0,False,False,1727803618000000000,1727804224000000000,1727803619000000000,train,1313:22659>1318:22645|4,2-10,True,15.5,10-25
BEV2_2024-10-02_drive1.csv,BEV2,2024-10-02 05:46:38+00:00,2024-10-02 06:47:26+00:00,2024-10-02 05:46:40+00:00,57.59991580630175,57.59991580630175,0,False,True,True,0.0,False,False,1727847998000000000,1727851646000000000,1727848000000000000,train,1318:22645>1552:22706|57,>=50,True,8.0,<10
BEV2_2024-10-02_drive2.csv,BEV2,2024-10-02 09:21:51+00:00,2024-10-02 10:24:12+00:00,2024-10-02 09:21:53+00:00,60.95905866292618,60.95905866292618,0,False,True,True,0.0,False,False,1727860911000000000,1727864652000000000,1727860913000000000,train,1552:22706>1315:22648|60,>=50,True,12.0,10-25
BEV2_2024-10-02_drive3.csv,BEV2,2024-10-02 11:31:24+00:00,2024-10-02 11:42:50+00:00,2024-10-02 11:31:26+00:00,2.0488154765799576,2.0488154765799576,0,False,True,True,0.0,False,False,1727868684000000000,1727869370000000000,1727868686000000000,train,1315:22648>1313:22647|2,2-10,True,17.0,10-25
BEV2_2024-10-02_drive4.csv,BEV2,2024-10-02 16:21:08+00:00,2024-10-02 16:31:36+00:00,2024-10-02 16:21:09+00:00,3.0766451973830025,3.0766451973830025,0,False,True,True,0.0,False,False,1727886068000000000,1727886696000000000,1727886069000000000,train,1313:22647>1312:22652|3,2-10,True,14.5,10-25
BEV2_2024-10-02_drive5.csv,BEV2,2024-10-02 17:09:26+00:00,2024-10-02 17:20:25+00:00,2024-10-02 17:09:28+00:00,3.422264342272296,3.422264342272296,0,False,True,True,0.0,False,False,1727888966000000000,1727889625000000000,1727888968000000000,train,1312:22652>1318:22645|3,2-10,True,14.0,10-25
BEV2_2024-10-03_drive1.csv,BEV2,2024-10-03 05:45:45+00:00,2024-10-03 05:55:55+00:00,2024-10-03 05:45:46+00:00,2.0412373922321203,2.0412373922321203,0,False,True,True,0.0,False,False,1727934345000000000,1727934955000000000,1727934346000000000,train,1318:22645>1313:22647|2,2-10,True,7.5,<10
BEV2_2024-10-03_drive2.csv,BEV2,2024-10-03 09:41:10+00:00,2024-10-03 09:48:57+00:00,2024-10-03 09:41:12+00:00,2.5815684997607447,2.5815684997607447,0,False,True,True,0.0,False,False,1727948470000000000,1727948937000000000,1727948472000000000,train,1313:22647>1318:22645|2,2-10,True,11.0,10-25
BEV2_2024-10-03_drive3.csv,BEV2,2024-10-03 10:07:02+00:00,2024-10-03 10:18:12+00:00,2024-10-03 10:07:04+00:00,2.904034431909305,2.904034431909305,0,False,True,True,0.0,False,False,1727950022000000000,1727950692000000000,1727950024000000000,train,1318:22645>1313:22648|2,2-10,True,12.5,10-25
BEV2_2024-10-03_drive4.csv,BEV2,2024-10-03 16:57:09+00:00,2024-10-03 17:08:02+00:00,2024-10-03 16:57:10+00:00,2.7370836317635963,2.7370836317635963,0,False,True,True,0.0,False,False,1727974629000000000,1727975282000000000,1727974630000000000,train,1313:22648>1318:22645|2,2-10,True,15.5,10-25
BEV2_2024-10-03_drive5.csv,BEV2,2024-10-03 17:30:42+00:00,2024-10-03 17:50:19+00:00,2024-10-03 17:30:44+00:00,6.824312694135492,6.824312694135492,0,False,True,True,0.0,False,False,1727976642000000000,1727977819000000000,1727976644000000000,train,1318:22645>1318:22645|6,2-10,True,14.4,10-25
BEV2_2024-10-03_drive6.csv,BEV2,2024-10-03 19:31:49+00:00,2024-10-03 19:53:24+00:00,2024-10-03 19:31:51+00:00,7.511700373092687,7.511811568172653,0,False,True,True,0.0,False,False,1727983909000000000,1727985204000000000,1727983911000000000,train,1318:22645>1318:22645|7,2-10,True,11.5,10-25
BEV2_2024-10-04_drive1.csv,BEV2,2024-10-04 05:44:29+00:00,2024-10-04 05:52:52+00:00,2024-10-04 05:44:30+00:00,2.175490033163728,2.175490033163728,0,True,True,True,0.0,True,False,1728020669000000000,1728021172000000000,1728020670000000000,train,1318:22645>1313:22648|2,2-10,True,6.0,<10
BEV2_2024-10-04_drive2.csv,BEV2,2024-10-04 17:39:13+00:00,2024-10-04 17:53:43+00:00,2024-10-04 17:39:14+00:00,4.47513644972127,4.475247644801236,0,False,True,True,0.0,False,False,1728063553000000000,1728064423000000000,1728063554000000000,train,1313:22648>1317:22652|4,2-10,True,15.5,10-25
BEV2_2024-10-05_drive1.csv,BEV2,2024-10-05 05:54:27+00:00,2024-10-05 05:55:15+00:00,2024-10-05 05:54:28+00:00,0.0368481300820595,0.0368481300820595,0,False,True,False,0.0,False,False,1728107667000000000,1728107715000000000,1728107668000000000,train,1322:22641>1322:22641|0,<2,True,4.0,<10
BEV2_2024-10-06_drive1.csv,BEV2,2024-10-06 13:37:17+00:00,2024-10-06 13:42:57+00:00,2024-10-06 13:37:18+00:00,0.5964239839079357,0.5964239839079357,0,False,True,True,0.0,False,False,1728221837000000000,1728222177000000000,1728221838000000000,train,1237:22809>1236:22808|0,<2,True,18.0,10-25
BEV2_2024-10-06_drive2.csv,BEV2,2024-10-06 15:10:46+00:00,2024-10-06 15:17:55+00:00,2024-10-06 15:10:47+00:00,2.915971769541044,2.915971769541044,0,False,True,True,0.0,False,False,1728227446000000000,1728227875000000000,1728227447000000000,train,1240:22825>1245:22822|2,2-10,True,19.5,10-25
BEV2_2024-10-06_drive3.csv,BEV2,2024-10-06 16:37:47+00:00,2024-10-06 16:39:05+00:00,2024-10-06 16:37:48+00:00,0.4311069002471934,0.4311069002471934,0,False,True,False,0.0,False,False,1728232667000000000,1728232745000000000,1728232668000000000,train,1317:22646>1316:22647|0,<2,True,15.5,10-25
BEV2_2024-10-07_drive1.csv,BEV2,2024-10-07 06:39:31+00:00,2024-10-07 06:40:14+00:00,2024-10-07 06:39:33+00:00,0.1003689694426359,0.1003689694426359,0,False,True,False,0.0,False,False,1728283171000000000,1728283214000000000,1728283173000000000,train,1313:22647>1313:22648|0,<2,True,14.0,10-25
BEV2_2024-10-07_drive2.csv,BEV2,2024-10-07 18:35:01+00:00,2024-10-07 18:38:03+00:00,2024-10-07 18:35:02+00:00,1.0678654490225368,1.0678654490225368,0,False,True,True,0.0,False,False,1728326101000000000,1728326283000000000,1728326102000000000,train,1315:22648>1318:22645|1,<2,True,16.0,10-25
BEV2_2024-10-08_drive1.csv,BEV2,2024-10-08 06:04:54+00:00,2024-10-08 06:47:28+00:00,2024-10-08 06:04:55+00:00,49.4935625090725,49.4935625090725,0,False,True,True,0.0,False,False,1728367494000000000,1728370048000000000,1728367495000000000,train,1319:22666>1552:22706|49,10-50,True,15.5,10-25
BEV2_2024-10-08_drive2.csv,BEV2,2024-10-08 09:20:47+00:00,2024-10-08 10:40:53+00:00,2024-10-08 09:20:48+00:00,50.256628020611934,50.256628020611934,0,False,True,True,0.0,False,False,1728379247000000000,1728384053000000000,1728379248000000000,train,1463:22710>1236:22808|50,>=50,True,18.5,10-25
BEV2_2024-10-08_drive3.csv,BEV2,2024-10-08 11:21:20+00:00,2024-10-08 11:32:16+00:00,2024-10-08 11:21:21+00:00,1.9733575661908167,1.9733575661908167,0,False,True,True,0.0,False,False,1728386480000000000,1728387136000000000,1728386481000000000,train,1243:22816>1246:22821|1,<2,True,20.0,10-25
BEV2_2024-10-08_drive4.csv,BEV2,2024-10-08 12:40:55+00:00,2024-10-08 12:53:11+00:00,2024-10-08 12:40:57+00:00,3.3137494183556564,3.314089426091096,0,False,True,True,0.0,False,False,1728391255000000000,1728391991000000000,1728391257000000000,train,1238:22818>1236:22808|3,2-10,True,22.0,10-25
BEV2_2024-10-08_drive5.csv,BEV2,2024-10-08 13:50:18+00:00,2024-10-08 14:57:15+00:00,2024-10-08 13:50:19+00:00,47.58741725511617,47.58741725511617,0,False,True,True,0.0,False,False,1728395418000000000,1728399435000000000,1728395419000000000,train,1235:22803>1313:22647|47,10-50,True,21.0,10-25
BEV2_2024-10-08_drive6.csv,BEV2,2024-10-08 18:34:11+00:00,2024-10-08 19:17:19+00:00,2024-10-08 18:34:12+00:00,4.454790559546742,4.454790559546742,0,True,True,True,0.0,True,False,1728412451000000000,1728415039000000000,1728412452000000000,train,1318:22645>1318:22645|4,2-10,True,16.5,10-25
BEV2_2024-10-08_drive7.csv,BEV2,2024-10-08 19:19:41+00:00,2024-10-08 19:36:30+00:00,2024-10-08 19:19:42+00:00,4.441857978143018,4.441857978143018,0,False,True,True,0.0,False,False,1728415181000000000,1728416190000000000,1728415182000000000,train,1318:22645>1318:22645|4,2-10,True,17.5,10-25
BEV2_2024-10-09_drive1.csv,BEV2,2024-10-09 05:44:58+00:00,2024-10-09 05:46:39+00:00,2024-10-09 05:45:00+00:00,0.0819443510709079,0.0819443510709079,0,False,True,False,0.0,False,False,1728452698000000000,1728452799000000000,1728452700000000000,train,1318:22645>1318:22645|0,<2,True,14.0,10-25
BEV2_2024-10-09_drive2.csv,BEV2,2024-10-09 09:10:34+00:00,2024-10-09 09:17:02+00:00,2024-10-09 09:10:36+00:00,2.498525900359203,2.498525900359203,0,False,True,True,0.0,False,False,1728465034000000000,1728465422000000000,1728465036000000000,train,1318:22645>1313:22648|2,2-10,True,15.0,10-25
BEV2_2024-10-09_drive3.csv,BEV2,2024-10-09 13:27:50+00:00,2024-10-09 13:35:07+00:00,2024-10-09 13:27:52+00:00,2.1863706484677907,2.186502140781921,0,False,True,True,0.0,False,False,1728480470000000000,1728480907000000000,1728480472000000000,train,1313:22648>1311:22648|2,2-10,True,16.5,10-25
BEV2_2024-10-09_drive4.csv,BEV2,2024-10-09 15:59:13+00:00,2024-10-09 16:10:44+00:00,2024-10-09 15:59:15+00:00,2.820562595108431,2.820562595108431,0,False,True,True,0.0,False,False,1728489553000000000,1728490244000000000,1728489555000000000,train,1311:22648>1318:22646|2,2-10,True,15.5,10-25
BEV2_2024-10-10_drive1.csv,BEV2,2024-10-10 05:41:11+00:00,2024-10-10 05:48:06+00:00,2024-10-10 05:41:13+00:00,2.1588889537568425,2.1588889537568425,0,False,True,True,0.0,False,False,1728538871000000000,1728539286000000000,1728538873000000000,train,1318:22646>1313:22648|2,2-10,True,13.0,10-25
BEV2_2024-10-10_drive2.csv,BEV2,2024-10-10 14:10:12+00:00,2024-10-10 14:36:32+00:00,2024-10-10 14:10:13+00:00,6.215323682838111,6.215323682838111,0,False,True,True,0.0,False,False,1728569412000000000,1728570992000000000,1728569413000000000,train,1313:22648>1318:22655|6,2-10,True,15.5,10-25
BEV2_2024-10-10_drive3.csv,BEV2,2024-10-10 16:07:51+00:00,2024-10-10 16:40:31+00:00,2024-10-10 16:07:53+00:00,4.403392915569897,4.403392915569897,0,False,True,True,0.0,False,False,1728576471000000000,1728578431000000000,1728576473000000000,train,1318:22655>1318:22645|4,2-10,True,16.0,10-25
BEV2_2024-10-11_drive2.csv,BEV2,2024-10-11 17:25:36+00:00,2024-10-11 17:37:20+00:00,2024-10-11 17:25:38+00:00,2.764816366403433,2.765049568615341,0,False,True,True,0.0,False,False,1728667536000000000,1728668240000000000,1728667538000000000,train,1313:22648>1318:22645|2,2-10,True,14.0,10-25
BEV2_2024-10-11_drive3.csv,BEV2,2024-10-11 18:09:00+00:00,2024-10-11 18:18:41+00:00,2024-10-11 18:09:02+00:00,2.5505834091079507,2.5505834091079507,0,False,True,True,0.0,False,False,1728670140000000000,1728670721000000000,1728670142000000000,train,1318:22645>1317:22653|2,2-10,True,11.0,10-25
BEV2_2024-10-11_drive4.csv,BEV2,2024-10-11 20:04:59+00:00,2024-10-11 20:28:04+00:00,2024-10-11 20:05:01+00:00,2.674443491146312,2.674443491146312,0,False,True,True,0.0,False,False,1728677099000000000,1728678484000000000,1728677101000000000,train,1317:22653>1318:22645|2,2-10,True,15.0,10-25
BEV2_2024-10-12_drive1.csv,BEV2,2024-10-12 16:15:06+00:00,2024-10-12 16:25:12+00:00,2024-10-12 16:15:08+00:00,1.4116800744741482,1.4116800744741482,0,False,True,True,0.0,False,False,1728749706000000000,1728750312000000000,1728749708000000000,train,1318:22645>1315:22648|1,<2,True,11.5,10-25
BEV2_2024-10-12_drive2.csv,BEV2,2024-10-12 18:10:58+00:00,2024-10-12 18:15:24+00:00,2024-10-12 18:11:00+00:00,1.2921813908318125,1.2921813908318125,0,False,True,True,0.0,False,False,1728756658000000000,1728756924000000000,1728756660000000000,train,1315:22648>1318:22645|1,<2,True,11.5,10-25
BEV2_2024-10-13_drive1.csv,BEV2,2024-10-13 08:22:04+00:00,2024-10-13 08:50:16+00:00,2024-10-13 08:22:06+00:00,21.614558013372235,21.614558013372235,1,False,False,True,0.0,False,False,1728807724000000000,1728809416000000000,1728807726000000000,train,1318:22645>1364:22585|21,10-50,True,9.5,<10
BEV2_2024-10-13_drive2.csv,BEV2,2024-10-13 10:04:09+00:00,2024-10-13 10:34:24+00:00,2024-10-13 10:04:11+00:00,22.59512371558316,22.59512371558316,0,False,True,True,0.0,False,False,1728813849000000000,1728815664000000000,1728813851000000000,train,1364:22585>1318:22645|22,10-50,True,10.5,10-25
BEV2_2024-10-13_drive3.csv,BEV2,2024-10-13 11:53:21+00:00,2024-10-13 12:02:29+00:00,2024-10-13 11:53:23+00:00,1.9646492986702184,1.9646492986702184,0,False,True,True,0.0,False,False,1728820401000000000,1728820949000000000,1728820403000000000,train,1318:22645>1313:22647|1,<2,True,12.0,10-25
BEV2_2024-10-13_drive4.csv,BEV2,2024-10-13 14:37:57+00:00,2024-10-13 14:48:01+00:00,2024-10-13 14:37:58+00:00,2.605113913126785,2.605113913126785,0,True,True,True,0.0,True,False,1728830277000000000,1728830881000000000,1728830278000000000,train,1313:22647>1318:22645|2,2-10,True,13.5,10-25
BEV2_2024-10-13_drive5.csv,BEV2,2024-10-13 20:15:33+00:00,2024-10-13 20:46:15+00:00,2024-10-13 20:15:35+00:00,7.106128961662677,7.106128961662677,0,False,True,True,0.0,False,False,1728850533000000000,1728852375000000000,1728850535000000000,train,1318:22645>1318:22645|7,2-10,True,9.35,<10
BEV2_2024-10-14_drive1.csv,BEV2,2024-10-14 05:41:15+00:00,2024-10-14 06:36:50+00:00,2024-10-14 05:41:17+00:00,55.08496075032837,55.08496075032837,0,False,True,True,0.0,False,False,1728884475000000000,1728887810000000000,1728884477000000000,train,1318:22645>1540:22693|55,>=50,True,6.0,<10
BEV2_2024-10-14_drive2.csv,BEV2,2024-10-14 09:56:20+00:00,2024-10-14 10:14:11+00:00,2024-10-14 09:56:22+00:00,6.537586143195533,6.537717553093154,0,False,True,True,0.0,False,False,1728899780000000000,1728900851000000000,1728899782000000000,train,1540:22693>1552:22706|6,2-10,True,14.5,10-25
BEV2_2024-10-14_drive3.csv,BEV2,2024-10-14 10:45:56+00:00,2024-10-14 12:53:14+00:00,2024-10-14 10:45:57+00:00,75.92805416302318,75.92805416302318,0,True,True,True,0.0,True,False,1728902756000000000,1728910394000000000,1728902757000000000,train,1552:22706>1230:22803|75,>=50,True,11.0,10-25
BEV2_2024-10-14_drive4.csv,BEV2,2024-10-14 14:09:29+00:00,2024-10-14 14:52:18+00:00,2024-10-14 14:09:31+00:00,37.83576021897776,37.83576021897776,0,False,True,True,0.0,False,False,1728914969000000000,1728917538000000000,1728914971000000000,train,1230:22803>1263:22653|37,10-50,True,16.5,10-25
BEV2_2024-10-14_drive5.csv,BEV2,2024-10-14 15:03:42+00:00,2024-10-14 15:29:25+00:00,2024-10-14 15:03:43+00:00,17.184624008835897,17.184624008835897,0,False,True,True,0.0,False,False,1728918222000000000,1728919765000000000,1728918223000000000,train,1263:22653>1318:22645|17,10-50,True,12.0,10-25
BEV2_2024-10-15_drive1.csv,BEV2,2024-10-15 06:11:10+00:00,2024-10-15 06:13:37+00:00,2024-10-15 06:11:12+00:00,0.5018770790309816,0.5018770790309816,0,False,True,True,0.0,False,False,1728972670000000000,1728972817000000000,1728972672000000000,train,1318:22645>1318:22645|0,<2,True,9.0,<10
BEV2_2024-10-15_drive2.csv,BEV2,2024-10-15 10:42:40+00:00,2024-10-15 10:45:18+00:00,2024-10-15 10:42:42+00:00,0.0968080174950066,0.0968080174950066,0,False,True,True,0.0,False,False,1728988960000000000,1728989118000000000,1728988962000000000,train,1318:22645>1318:22645|0,<2,True,14.0,10-25
BEV2_2024-10-16_drive1.csv,BEV2,2024-10-16 04:01:42+00:00,2024-10-16 04:03:33+00:00,2024-10-16 04:01:44+00:00,0.4894963767335139,0.4894963767335139,0,False,True,True,0.0,False,False,1729051302000000000,1729051413000000000,1729051304000000000,train,1318:22645>1318:22645|0,<2,True,12.0,10-25
BEV2_2024-10-16_drive2.csv,BEV2,2024-10-16 04:10:28+00:00,2024-10-16 04:32:08+00:00,2024-10-16 04:10:30+00:00,5.69205569032964,5.692318682695353,1,False,False,True,0.0,False,False,1729051828000000000,1729053128000000000,1729051830000000000,train,1318:22645>1318:22645|5,2-10,True,12.0,10-25
BEV2_2024-10-16_drive3.csv,BEV2,2024-10-16 07:01:37+00:00,2024-10-16 07:08:27+00:00,2024-10-16 07:01:38+00:00,2.32775800556336,2.327889502259743,0,False,True,True,0.0,False,False,1729062097000000000,1729062507000000000,1729062098000000000,train,1318:22645>1313:22647|2,2-10,True,13.5,10-25
BEV2_2024-10-16_drive4.csv,BEV2,2024-10-16 09:35:26+00:00,2024-10-16 09:39:55+00:00,2024-10-16 09:35:27+00:00,1.636140003058472,1.636140003058472,0,False,True,True,0.0,False,False,1729071326000000000,1729071595000000000,1729071327000000000,train,1313:22647>1315:22647|1,<2,True,15.5,10-25
BEV2_2024-10-16_drive5.csv,BEV2,2024-10-16 09:44:47+00:00,2024-10-16 09:48:21+00:00,2024-10-16 09:44:49+00:00,1.0743525704992307,1.0743525704992307,0,False,True,True,0.0,False,False,1729071887000000000,1729072101000000000,1729071889000000000,train,1315:22647>1318:22645|1,<2,True,17.0,10-25
BEV2_2024-10-16_drive6.csv,BEV2,2024-10-16 12:04:54+00:00,2024-10-16 12:36:03+00:00,2024-10-16 12:04:55+00:00,20.35089600636284,20.35089600636284,0,False,True,True,0.0,False,False,1729080294000000000,1729082163000000000,1729080295000000000,train,1318:22645>1256:22662|20,10-50,True,20.0,10-25
BEV2_2024-10-17_drive1.csv,BEV2,2024-10-17 22:22:03+00:00,2024-10-17 22:45:02+00:00,2024-10-17 22:22:05+00:00,20.915513112131265,20.915513112131265,0,False,True,True,0.0,False,False,1729203723000000000,1729205102000000000,1729203725000000000,train,1256:22662>1318:22645|20,10-50,True,17.0,10-25
BEV2_2024-10-18_drive1.csv,BEV2,2024-10-18 06:29:23+00:00,2024-10-18 07:35:11+00:00,2024-10-18 06:29:24+00:00,51.80627463381953,51.80627463381953,0,False,True,True,0.0,False,False,1729232963000000000,1729236911000000000,1729232964000000000,train,1318:22645>1234:22807|51,>=50,True,15.5,10-25
BEV2_2024-10-18_drive2.csv,BEV2,2024-10-18 10:46:05+00:00,2024-10-18 11:46:08+00:00,2024-10-18 10:46:07+00:00,52.18880010317217,52.18880010317217,0,False,True,True,0.0,False,False,1729248365000000000,1729251968000000000,1729248367000000000,train,1234:22807>1313:22647|52,>=50,True,22.5,10-25
BEV2_2024-10-18_drive3.csv,BEV2,2024-10-18 15:04:43+00:00,2024-10-18 15:13:08+00:00,2024-10-18 15:04:44+00:00,1.9517955284402853,1.9517955284402853,0,True,True,True,0.0,True,False,1729263883000000000,1729264388000000000,1729263884000000000,train,1313:22647>1310:22648|1,<2,True,18.0,10-25
BEV2_2024-10-18_drive4.csv,BEV2,2024-10-18 19:23:18+00:00,2024-10-18 19:38:23+00:00,2024-10-18 19:23:20+00:00,3.050234630118521,3.050472734575024,0,False,True,True,0.0,False,False,1729279398000000000,1729280303000000000,1729279400000000000,train,1310:22648>1318:22645|3,2-10,True,17.5,10-25
BEV2_2024-10-19_drive1.csv,BEV2,2024-10-19 12:35:22+00:00,2024-10-19 13:34:14+00:00,2024-10-19 12:35:23+00:00,57.072323579515846,57.072323579515846,0,False,True,True,0.0,False,False,1729341322000000000,1729344854000000000,1729341323000000000,train,1318:22645>1245:22822|57,>=50,True,15.5,10-25
BEV2_2024-10-19_drive2.csv,BEV2,2024-10-19 13:45:22+00:00,2024-10-19 14:04:16+00:00,2024-10-19 13:45:23+00:00,6.182628791624925,6.182628791624925,0,False,True,True,0.0,False,False,1729345522000000000,1729346656000000000,1729345523000000000,train,1245:22822>1236:22808|6,2-10,True,16.5,10-25
BEV2_2024-10-19_drive3.csv,BEV2,2024-10-19 14:55:04+00:00,2024-10-19 16:06:38+00:00,2024-10-19 14:55:06+00:00,52.83047873983727,52.83047873983727,0,False,True,True,0.0,False,False,1729349704000000000,1729353998000000000,1729349706000000000,train,1236:22808>1318:22645|52,>=50,True,21.0,10-25
BEV2_2024-10-19_drive4.csv,BEV2,2024-10-19 18:14:34+00:00,2024-10-19 18:36:56+00:00,2024-10-19 18:14:36+00:00,15.06470421204484,15.064774403748684,1,False,False,True,0.0,False,False,1729361674000000000,1729363016000000000,1729361676000000000,train,1318:22645>1315:22648|15,10-50,True,15.0,10-25
BEV2_2024-10-19_drive5.csv,BEV2,2024-10-19 18:39:52+00:00,2024-10-19 18:43:48+00:00,2024-10-19 18:39:54+00:00,1.1770422705116554,1.1770422705116554,0,False,True,True,0.0,False,False,1729363192000000000,1729363428000000000,1729363194000000000,train,1315:22648>1318:22645|1,<2,True,15.0,10-25
BEV2_2024-10-20_drive1.csv,BEV2,2024-10-20 09:25:41+00:00,2024-10-20 09:38:49+00:00,2024-10-20 09:25:43+00:00,2.9247142463620204,2.9247142463620204,0,False,True,True,0.0,False,False,1729416341000000000,1729417129000000000,1729416343000000000,train,1318:22645>1315:22649|2,2-10,True,16.0,10-25
BEV2_2024-10-20_drive2.csv,BEV2,2024-10-20 10:18:43+00:00,2024-10-20 10:24:40+00:00,2024-10-20 10:18:44+00:00,1.3972263451828413,1.3972263451828413,0,True,True,True,0.0,True,False,1729419523000000000,1729419880000000000,1729419524000000000,train,1315:22649>1318:22645|1,<2,True,16.5,10-25
BEV2_2024-10-20_drive3.csv,BEV2,2024-10-20 16:34:39+00:00,2024-10-20 16:55:18+00:00,2024-10-20 16:34:41+00:00,4.782404345165065,4.782404345165065,0,False,True,True,0.0,False,False,1729442079000000000,1729443318000000000,1729442081000000000,train,1318:22645>1318:22645|4,2-10,True,17.5,10-25
BEV2_2024-10-20_drive4.csv,BEV2,2024-10-20 18:21:52+00:00,2024-10-20 18:32:25+00:00,2024-10-20 18:21:55+00:00,2.071986024373801,2.071986024373801,0,False,True,True,0.0,False,False,1729448512000000000,1729449145000000000,1729448515000000000,train,1318:22645>1316:22651|2,2-10,True,17.5,10-25
BEV2_2024-10-20_drive5.csv,BEV2,2024-10-20 18:37:40+00:00,2024-10-20 18:46:15+00:00,2024-10-20 18:37:42+00:00,2.412322908254053,2.412878883655297,0,False,True,True,0.0,False,False,1729449460000000000,1729449975000000000,1729449462000000000,train,1316:22651>1318:22645|2,2-10,True,18.0,10-25
BEV2_2024-10-21_drive1.csv,BEV2,2024-10-21 06:01:22+00:00,2024-10-21 06:13:27+00:00,2024-10-21 06:01:23+00:00,2.1883530120502503,2.1883530120502503,0,False,True,True,0.0,False,False,1729490482000000000,1729491207000000000,1729490483000000000,train,1318:22645>1313:22648|2,2-10,True,14.0,10-25
BEV2_2024-10-21_drive2.csv,BEV2,2024-10-21 10:23:39+00:00,2024-10-21 10:25:38+00:00,2024-10-21 10:23:41+00:00,0.0347510410771532,0.0347510410771532,0,False,True,False,0.0,False,False,1729506219000000000,1729506338000000000,1729506221000000000,train,1313:22648>1313:22648|0,<2,True,18.375,10-25
BEV2_2024-10-21_drive3.csv,BEV2,2024-10-21 11:57:13+00:00,2024-10-21 12:28:36+00:00,2024-10-21 11:57:15+00:00,20.71030495230852,20.71030495230852,1,False,True,True,0.0,False,False,1729511833000000000,1729513716000000000,1729511835000000000,train,1313:22648>1256:22662|20,10-50,True,17.0,10-25
BEV2_2024-10-23_drive1.csv,BEV2,2024-10-23 21:36:22+00:00,2024-10-23 22:00:33+00:00,2024-10-23 21:36:24+00:00,20.991861317430327,20.991861317430327,0,False,True,True,0.0,False,False,1729719382000000000,1729720833000000000,1729719384000000000,train,1256:22662>1318:22645|20,10-50,True,12.0,10-25
BEV2_2024-10-24_drive1.csv,BEV2,2024-10-24 05:28:17+00:00,2024-10-24 05:39:48+00:00,2024-10-24 05:28:18+00:00,3.677385633457948,3.677385633457948,0,True,True,True,0.0,True,False,1729747697000000000,1729748388000000000,1729747698000000000,train,1318:22645>1321:22656|3,2-10,True,6.0,<10
BEV2_2024-10-24_drive2.csv,BEV2,2024-10-24 15:20:45+00:00,2024-10-24 15:36:06+00:00,2024-10-24 15:20:47+00:00,4.062758513679995,4.062758513679995,0,False,True,True,0.0,False,False,1729783245000000000,1729784166000000000,1729783247000000000,train,1321:22656>1318:22646|4,2-10,True,15.0,10-25
BEV2_2024-10-25_drive1.csv,BEV2,2024-10-25 05:52:59+00:00,2024-10-25 06:02:57+00:00,2024-10-25 05:53:01+00:00,2.1035222151311945,2.1035924056684587,0,False,True,True,0.0,False,False,1729835579000000000,1729836177000000000,1729835581000000000,train,1318:22646>1313:22648|2,2-10,True,10.5,10-25
BEV2_2024-10-25_drive2.csv,BEV2,2024-10-25 17:00:36+00:00,2024-10-25 17:19:02+00:00,2024-10-25 17:00:38+00:00,3.282851609586962,3.282851609586962,0,False,True,True,0.0,False,False,1729875636000000000,1729876742000000000,1729875638000000000,train,1313:22648>1318:22645|3,2-10,True,15.5,10-25
BEV2_2024-10-26_drive1.csv,BEV2,2024-10-26 12:41:06+00:00,2024-10-26 14:00:28+00:00,2024-10-26 12:41:09+00:00,55.348663211860185,55.348663211860185,0,False,True,True,0.0,False,False,1729946466000000000,1729951228000000000,1729946469000000000,train,1318:22645>1236:22808|55,>=50,True,20.0,10-25
BEV2_2024-10-26_drive2.csv,BEV2,2024-10-26 17:26:31+00:00,2024-10-26 17:48:37+00:00,2024-10-26 17:26:33+00:00,6.834239323670524,6.834239323670524,0,False,True,True,0.0,False,False,1729963591000000000,1729964917000000000,1729963593000000000,train,1236:22808>1249:22821|6,2-10,True,24.0,10-25
BEV2_2024-10-26_drive3.csv,BEV2,2024-10-26 20:20:01+00:00,2024-10-26 21:12:55+00:00,2024-10-26 20:20:02+00:00,54.762601542294654,54.762601542294654,0,False,True,True,0.0,False,False,1729974001000000000,1729977175000000000,1729974002000000000,train,1249:22821>1318:22645|54,>=50,True,18.5,10-25
BEV2_2024-10-27_drive1.csv,BEV2,2024-10-27 10:18:44+00:00,2024-10-27 10:28:23+00:00,2024-10-27 10:18:46+00:00,2.5579471220111367,2.5579471220111367,0,False,True,True,0.0,False,False,1730024324000000000,1730024903000000000,1730024326000000000,train,1318:22645>1315:22649|2,2-10,True,15.5,10-25
BEV2_2024-10-27_drive2.csv,BEV2,2024-10-27 11:08:35+00:00,2024-10-27 11:15:22+00:00,2024-10-27 11:08:37+00:00,1.4133073829063263,1.4134185779862922,0,False,True,True,0.0,False,False,1730027315000000000,1730027722000000000,1730027317000000000,train,1315:22649>1318:22645|1,<2,True,17.0,10-25
BEV2_2024-10-27_drive3.csv,BEV2,2024-10-27 13:08:46+00:00,2024-10-27 14:02:22+00:00,2024-10-27 13:08:48+00:00,37.865512269443656,37.865512269443656,0,False,True,True,0.0,False,False,1730034526000000000,1730037742000000000,1730034528000000000,train,1318:22645>1451:22628|37,10-50,True,18.0,10-25
BEV2_2024-10-27_drive4.csv,BEV2,2024-10-27 16:38:10+00:00,2024-10-27 17:14:15+00:00,2024-10-27 16:38:12+00:00,34.19736562227016,34.19743587347978,0,False,True,True,0.0,False,False,1730047090000000000,1730049255000000000,1730047092000000000,train,1451:22628>1318:22645|34,10-50,True,17.5,10-25
BEV2_2024-10-27_drive5.csv,BEV2,2024-10-27 20:29:46+00:00,2024-10-27 21:04:36+00:00,2024-10-27 20:29:48+00:00,4.486131700575735,4.486131700575735,0,False,True,True,0.0,False,False,1730060986000000000,1730063076000000000,1730060988000000000,train,1318:22645>1318:22645|4,2-10,True,13.0,10-25
BEV2_2024-10-28_drive1.csv,BEV2,2024-10-28 07:13:00+00:00,2024-10-28 07:21:42+00:00,2024-10-28 07:13:02+00:00,2.066337424941951,2.066337424941951,0,False,True,True,0.0,False,False,1730099580000000000,1730100102000000000,1730099582000000000,train,1318:22645>1313:22648|2,2-10,True,12.5,10-25
BEV2_2024-10-28_drive2.csv,BEV2,2024-10-28 11:15:17+00:00,2024-10-28 11:24:46+00:00,2024-10-28 11:15:18+00:00,2.8297095157685845,2.8297095157685845,0,False,True,True,0.0,False,False,1730114117000000000,1730114686000000000,1730114118000000000,train,1313:22648>1318:22645|2,2-10,True,15.0,10-25
BEV2_2024-10-28_drive3.csv,BEV2,2024-10-28 15:42:14+00:00,2024-10-28 16:04:32+00:00,2024-10-28 15:42:17+00:00,11.438396596154558,11.438528092661295,0,False,True,True,0.0,False,False,1730130134000000000,1730131472000000000,1730130137000000000,train,1318:22645>1355:22637|11,10-50,True,15.5,10-25
BEV2_2024-10-28_drive4.csv,BEV2,2024-10-28 16:23:15+00:00,2024-10-28 17:07:46+00:00,2024-10-28 16:23:18+00:00,11.086222422449447,11.086222422449447,0,False,True,True,0.0,False,False,1730132595000000000,1730135266000000000,1730132598000000000,train,1355:22637>1318:22645|11,10-50,True,15.5,10-25
BEV2_2024-10-29_drive1.csv,BEV2,2024-10-29 08:05:55+00:00,2024-10-29 08:22:58+00:00,2024-10-29 08:05:57+00:00,5.708157258493826,5.708157258493826,1,False,False,True,0.0,False,False,1730189155000000000,1730190178000000000,1730189157000000000,train,1318:22645>1318:22645|5,2-10,True,13.0,10-25
BEV2_2024-10-29_drive2.csv,BEV2,2024-10-29 08:26:00+00:00,2024-10-29 09:18:14+00:00,2024-10-29 08:26:02+00:00,59.895175563447765,59.895175563447765,0,True,True,True,0.0,True,False,1730190360000000000,1730193494000000000,1730190362000000000,train,1318:22645>1552:22706|59,>=50,True,13.5,10-25
BEV2_2024-10-29_drive3.csv,BEV2,2024-10-29 15:22:36+00:00,2024-10-29 15:34:36+00:00,2024-10-29 15:22:37+00:00,4.9798697475904605,4.9798697475904605,0,False,True,True,0.0,False,False,1730215356000000000,1730216076000000000,1730215357000000000,train,1552:22706>1544:22714|4,2-10,True,17.5,10-25
BEV2_2024-10-29_drive4.csv,BEV2,2024-10-29 15:42:23+00:00,2024-10-29 16:44:15+00:00,2024-10-29 15:42:26+00:00,79.31393894009219,79.31393894009219,0,False,True,True,0.0,False,False,1730216543000000000,1730220255000000000,1730216546000000000,train,1544:22714>1318:22645|79,>=50,True,14.5,10-25
BEV2_2024-10-30_drive1.csv,BEV2,2024-10-30 06:58:17+00:00,2024-10-30 07:06:28+00:00,2024-10-30 06:58:19+00:00,2.037003129936729,2.037003129936729,0,False,True,True,0.0,False,False,1730271497000000000,1730271988000000000,1730271499000000000,train,1318:22645>1313:22648|2,2-10,True,12.25,10-25
BEV2_2024-10-30_drive2.csv,BEV2,2024-10-30 10:29:58+00:00,2024-10-30 10:39:00+00:00,2024-10-30 10:30:00+00:00,2.7719559317300986,2.7720671268107715,0,False,True,True,0.0,False,False,1730284198000000000,1730284740000000000,1730284200000000000,train,1313:22648>1318:22645|2,2-10,True,14.5,10-25
BEV2_2024-10-30_drive3.csv,BEV2,2024-10-30 11:43:01+00:00,2024-10-30 11:50:33+00:00,2024-10-30 11:43:02+00:00,2.0960055767807257,2.0960055767807257,0,False,True,True,0.0,False,False,1730288581000000000,1730289033000000000,1730288582000000000,train,1318:22645>1313:22648|2,2-10,True,14.0,10-25
BEV2_2024-10-30_drive4.csv,BEV2,2024-10-30 14:34:29+00:00,2024-10-30 14:42:04+00:00,2024-10-30 14:34:32+00:00,2.194468100390462,2.194649480080096,0,False,True,True,0.0,False,False,1730298869000000000,1730299324000000000,1730298872000000000,train,1313:22648>1310:22648|2,2-10,True,15.3,10-25
BEV2_2024-10-30_drive5.csv,BEV2,2024-10-30 17:03:09+00:00,2024-10-30 17:15:30+00:00,2024-10-30 17:03:12+00:00,3.129841232317152,3.129841232317152,0,False,True,True,0.0,False,False,1730307789000000000,1730308530000000000,1730307792000000000,train,1310:22648>1318:22645|3,2-10,True,14.0,10-25
BEV2_2024-10-30_drive6.csv,BEV2,2024-10-30 19:21:55+00:00,2024-10-30 19:42:05+00:00,2024-10-30 19:21:58+00:00,5.704284651396502,5.704284651396502,0,False,True,True,0.0,False,False,1730316115000000000,1730317325000000000,1730316118000000000,train,1318:22645>1318:22645|5,2-10,True,14.0,10-25
BEV2_2024-10-31_drive1.csv,BEV2,2024-10-31 06:46:32+00:00,2024-10-31 06:55:25+00:00,2024-10-31 06:46:35+00:00,2.18738506351204,2.1878298438326107,0,False,True,True,0.0,False,False,1730357192000000000,1730357725000000000,1730357195000000000,train,1318:22645>1313:22648|2,2-10,True,12.5,10-25
BEV2_2024-10-31_drive2.csv,BEV2,2024-10-31 09:43:52+00:00,2024-10-31 09:44:56+00:00,2024-10-31 09:43:54+00:00,0.1077652577697969,0.1077652577697969,0,False,True,False,0.0,False,False,1730367832000000000,1730367896000000000,1730367834000000000,train,1313:22648>1313:22648|0,<2,True,15.5,10-25
BEV2_2024-10-31_drive3.csv,BEV2,2024-10-31 11:01:55+00:00,2024-10-31 11:11:23+00:00,2024-10-31 11:01:58+00:00,2.766956702211275,2.7670881945141272,0,False,True,True,0.0,False,False,1730372515000000000,1730373083000000000,1730372518000000000,train,1313:22648>1318:22645|2,2-10,True,15.5,10-25
BEV2_2024-10-31_drive4.csv,BEV2,2024-10-31 11:23:55+00:00,2024-10-31 11:33:04+00:00,2024-10-31 11:23:58+00:00,2.1027652321071297,2.1027652321071297,0,False,True,True,0.0,False,False,1730373835000000000,1730374384000000000,1730373838000000000,train,1318:22645>1313:22648|2,2-10,True,15.5,10-25
BEV2_2024-10-31_drive5.csv,BEV2,2024-10-31 16:34:59+00:00,2024-10-31 16:49:29+00:00,2024-10-31 16:35:01+00:00,3.324963690584319,3.325074885664285,0,False,True,True,0.0,False,False,1730392499000000000,1730393369000000000,1730392501000000000,train,1313:22648>1317:22652|3,2-10,True,16.5,10-25
BEV2_2024-10-31_drive6.csv,BEV2,2024-10-31 18:21:00+00:00,2024-10-31 18:30:11+00:00,2024-10-31 18:21:02+00:00,2.85167920154585,2.851819537811912,0,False,True,True,0.0,False,False,1730398860000000000,1730399411000000000,1730398862000000000,train,1317:22652>1318:22646|2,2-10,True,16.5,10-25
BEV2_2024-10-31_drive7.csv,BEV2,2024-10-31 20:15:04+00:00,2024-10-31 20:32:22+00:00,2024-10-31 20:15:06+00:00,4.328689420795705,4.328922624918786,0,False,True,True,0.0,False,False,1730405704000000000,1730406742000000000,1730405706000000000,train,1318:22646>1318:22645|4,2-10,True,11.0,10-25
BEV2_2024-11-01_drive1.csv,BEV2,2024-11-01 02:44:35+00:00,2024-11-01 04:13:06+00:00,2024-11-01 02:44:36+00:00,125.38816854899108,125.38816854899108,0,False,True,True,0.0,False,False,1730429075000000000,1730434386000000000,1730429076000000000,train,1318:22645>1509:22911|125,>=50,True,10.0,10-25
BEV2_2024-11-04_drive1.csv,BEV2,2024-11-04 10:55:34+00:00,2024-11-04 12:23:58+00:00,2024-11-04 10:55:36+00:00,115.09677551497046,115.09677551497046,0,False,True,True,0.0,False,False,1730717734000000000,1730723038000000000,1730717736000000000,train,1509:22911>1318:22645|115,>=50,True,8.0,<10
BEV2_2024-11-04_drive2.csv,BEV2,2024-11-04 12:30:24+00:00,2024-11-04 12:47:37+00:00,2024-11-04 12:30:26+00:00,5.956196937058181,5.956196937058181,0,False,True,True,0.0,False,False,1730723424000000000,1730724457000000000,1730723426000000000,train,1318:22645>1318:22645|5,2-10,True,8.5,<10
BEV2_2024-11-04_drive3.csv,BEV2,2024-11-04 12:52:35+00:00,2024-11-04 13:06:10+00:00,2024-11-04 12:52:37+00:00,13.530206666566269,13.53031786164694,0,False,True,True,0.0,False,False,1730724755000000000,1730725570000000000,1730724757000000000,train,1318:22645>1313:22659|13,10-50,True,8.75,<10
BEV2_2024-11-04_drive4.csv,BEV2,2024-11-04 13:54:25+00:00,2024-11-04 14:58:13+00:00,2024-11-04 13:54:26+00:00,56.90487608717186,56.904987282251824,0,False,True,True,0.0,False,False,1730728465000000000,1730732293000000000,1730728466000000000,train,1313:22659>1236:22808|56,>=50,True,20.9,10-25
BEV2_2024-11-04_drive5.csv,BEV2,2024-11-04 15:58:49+00:00,2024-11-04 16:19:52+00:00,2024-11-04 15:58:51+00:00,6.354264548512125,6.354334189991276,0,False,True,True,0.0,False,False,1730735929000000000,1730737192000000000,1730735931000000000,train,1236:22808>1245:22822|6,2-10,True,16.5,10-25
BEV2_2024-11-04_drive6.csv,BEV2,2024-11-04 16:31:09+00:00,2024-11-04 16:38:51+00:00,2024-11-04 16:31:11+00:00,2.2999686794429564,2.300146831225411,0,False,True,True,0.0,False,False,1730737869000000000,1730738331000000000,1730737871000000000,train,1245:22822>1242:22821|2,2-10,True,9.0,<10
BEV2_2024-11-04_drive7.csv,BEV2,2024-11-04 17:28:34+00:00,2024-11-04 17:55:02+00:00,2024-11-04 17:28:36+00:00,12.674643676317748,12.674643676317748,0,False,True,True,0.0,False,False,1730741314000000000,1730742902000000000,1730741316000000000,train,1242:22821>1248:22782|12,10-50,True,9.5,<10
BEV2_2024-11-04_drive8.csv,BEV2,2024-11-04 20:48:34+00:00,2024-11-04 21:42:11+00:00,2024-11-04 20:48:36+00:00,54.90074653103095,54.90074653103095,0,False,True,True,0.0,False,False,1730753314000000000,1730756531000000000,1730753316000000000,train,1248:22782>1318:22645|54,>=50,True,6.5,<10
BEV2_2024-11-05_drive1.csv,BEV2,2024-11-05 06:49:20+00:00,2024-11-05 07:01:09+00:00,2024-11-05 06:49:21+00:00,2.1759979398248825,2.1759979398248825,0,True,True,True,0.0,True,False,1730789360000000000,1730790069000000000,1730789361000000000,train,1318:22645>1313:22648|2,2-10,True,3.3,<10
BEV2_2024-11-05_drive2.csv,BEV2,2024-11-05 16:56:40+00:00,2024-11-05 17:08:56+00:00,2024-11-05 16:56:42+00:00,2.909549645818798,2.909549645818798,0,False,True,True,0.0,False,False,1730825800000000000,1730826536000000000,1730825802000000000,train,1313:22648>1318:22645|2,2-10,True,12.8,10-25
BEV2_2024-11-12_drive1.csv,BEV2,2024-11-12 17:04:01+00:00,2024-11-12 17:56:30+00:00,2024-11-12 17:04:03+00:00,77.48253548046893,77.48253548046893,0,False,True,True,0.0,False,False,1731431041000000000,1731434190000000000,1731431043000000000,train,1552:22706>1318:22645|77,>=50,True,9.0,<10
BEV2_2024-11-13_drive1.csv,BEV2,2024-11-13 07:13:27+00:00,2024-11-13 07:24:58+00:00,2024-11-13 07:13:29+00:00,2.500475222502505,2.500475222502505,0,False,True,True,0.0,False,False,1731482007000000000,1731482698000000000,1731482009000000000,train,1318:22645>1313:22648|2,2-10,True,5.0,<10
BEV2_2024-11-13_drive2.csv,BEV2,2024-11-13 15:07:01+00:00,2024-11-13 15:27:44+00:00,2024-11-13 15:07:02+00:00,8.693162498311512,8.693162498311512,0,False,True,True,0.0,False,False,1731510421000000000,1731511664000000000,1731510422000000000,train,1313:22648>1309:22656|8,2-10,True,12.0,10-25
BEV2_2024-11-13_drive3.csv,BEV2,2024-11-13 18:44:47+00:00,2024-11-13 19:01:17+00:00,2024-11-13 18:44:50+00:00,3.720175481196587,3.720175481196587,0,False,True,True,0.0,False,False,1731523487000000000,1731524477000000000,1731523490000000000,train,1309:22656>1316:22651|3,2-10,True,9.5,<10
BEV2_2024-11-13_drive4.csv,BEV2,2024-11-13 21:08:02+00:00,2024-11-13 21:20:22+00:00,2024-11-13 21:08:04+00:00,3.0724901905965365,3.0724901905965365,0,False,True,True,0.0,False,False,1731532082000000000,1731532822000000000,1731532084000000000,train,1316:22651>1318:22645|3,2-10,True,8.5,<10
BEV2_2024-11-14_drive1.csv,BEV2,2024-11-14 06:51:12+00:00,2024-11-14 07:03:02+00:00,2024-11-14 06:51:14+00:00,2.205978630226132,2.206048821893797,0,False,True,True,0.0,False,False,1731567072000000000,1731567782000000000,1731567074000000000,train,1318:22645>1313:22648|2,2-10,True,9.0,<10
BEV2_2024-11-14_drive2.csv,BEV2,2024-11-14 09:50:28+00:00,2024-11-14 10:39:45+00:00,2024-11-14 09:50:30+00:00,31.958282576508,31.95841406880844,0,False,True,True,0.0,False,False,1731577828000000000,1731580785000000000,1731577830000000000,train,1313:22648>1218:22649|31,10-50,True,12.0,10-25
BEV2_2024-11-14_drive3.csv,BEV2,2024-11-14 17:47:12+00:00,2024-11-14 18:29:13+00:00,2024-11-14 17:47:14+00:00,33.16092534720728,33.16113588710902,0,False,True,True,0.0,False,False,1731606432000000000,1731608953000000000,1731606434000000000,train,1218:22649>1318:22645|33,10-50,True,14.0,10-25
BEV2_2024-11-15_drive2.csv,BEV2,2024-11-15 06:28:31+00:00,2024-11-15 06:30:34+00:00,2024-11-15 06:28:33+00:00,0.5392452527192758,0.539376748972954,0,False,True,True,0.0,False,False,1731652111000000000,1731652234000000000,1731652113000000000,train,1318:22645>1318:22645|0,<2,True,9.0,<10
BEV2_2024-11-15_drive3.csv,BEV2,2024-11-15 08:36:32+00:00,2024-11-15 08:42:39+00:00,2024-11-15 08:36:34+00:00,1.956874308844613,1.9569445004972816,0,False,True,True,0.0,False,False,1731659792000000000,1731660159000000000,1731659794000000000,train,1318:22645>1313:22647|1,<2,True,9.0,<10
BEV2_2024-11-15_drive4.csv,BEV2,2024-11-15 11:01:09+00:00,2024-11-15 11:10:31+00:00,2024-11-15 11:01:10+00:00,2.546976247866839,2.546976247866839,0,False,True,True,0.0,False,False,1731668469000000000,1731669031000000000,1731668470000000000,train,1313:22647>1318:22645|2,2-10,True,10.0,10-25
BEV2_2024-11-15_drive5.csv,BEV2,2024-11-15 12:15:01+00:00,2024-11-15 12:22:29+00:00,2024-11-15 12:15:02+00:00,2.121385057335854,2.121385057335854,0,False,True,True,0.0,False,False,1731672901000000000,1731673349000000000,1731672902000000000,train,1318:22645>1313:22648|2,2-10,True,10.5,10-25
BEV2_2024-11-15_drive6.csv,BEV2,2024-11-15 18:00:10+00:00,2024-11-15 18:10:40+00:00,2024-11-15 18:00:12+00:00,2.802199144626387,2.80231033970706,0,False,True,True,0.0,False,False,1731693610000000000,1731694240000000000,1731693612000000000,train,1313:22648>1318:22645|2,2-10,True,13.0,10-25
BEV2_2024-11-15_drive7.csv,BEV2,2024-11-15 18:13:40+00:00,2024-11-15 19:08:44+00:00,2024-11-15 18:13:43+00:00,14.558823929056333,14.558894121070246,0,False,True,True,0.0,False,False,1731694420000000000,1731697724000000000,1731694423000000000,train,1318:22645>1317:22652|14,10-50,True,11.0,10-25
BEV2_2024-11-15_drive8.csv,BEV2,2024-11-15 21:33:23+00:00,2024-11-15 22:20:40+00:00,2024-11-15 21:33:24+00:00,16.75719945819101,16.75719945819101,0,False,True,True,0.0,False,False,1731706403000000000,1731709240000000000,1731706404000000000,train,1317:22652>1318:22645|16,10-50,True,14.0,10-25
BEV2_2024-11-16_drive1.csv,BEV2,2024-11-16 08:09:51+00:00,2024-11-16 08:16:38+00:00,2024-11-16 08:09:53+00:00,2.500299222770723,2.500299222770723,0,False,True,True,0.0,False,False,1731744591000000000,1731744998000000000,1731744593000000000,train,1318:22645>1317:22652|2,2-10,True,7.0,<10
BEV2_2024-11-16_drive2.csv,BEV2,2024-11-16 08:52:51+00:00,2024-11-16 09:02:55+00:00,2024-11-16 08:52:53+00:00,2.4201383061112045,2.4201383061112045,0,False,True,True,0.0,False,False,1731747171000000000,1731747775000000000,1731747173000000000,train,1317:22652>1318:22645|2,2-10,True,11.0,10-25
BEV2_2024-11-16_drive3.csv,BEV2,2024-11-16 10:08:24+00:00,2024-11-16 10:20:12+00:00,2024-11-16 10:08:26+00:00,3.489477073560888,3.489477073560888,0,False,True,True,0.0,False,False,1731751704000000000,1731752412000000000,1731751706000000000,train,1318:22645>1320:22653|3,2-10,True,7.5,<10
BEV2_2024-11-16_drive4.csv,BEV2,2024-11-16 10:23:50+00:00,2024-11-16 10:30:46+00:00,2024-11-16 10:23:51+00:00,2.53779120377813,2.53779120377813,0,False,True,True,0.0,False,False,1731752630000000000,1731753046000000000,1731752631000000000,train,1320:22653>1318:22645|2,2-10,True,8.0,<10
BEV2_2024-11-16_drive5.csv,BEV2,2024-11-16 13:48:32+00:00,2024-11-16 15:07:39+00:00,2024-11-16 13:48:34+00:00,74.9384934535224,74.9384934535224,1,False,True,True,0.0,False,False,1731764912000000000,1731769659000000000,1731764914000000000,train,1318:22645>1236:22808|74,>=50,True,8.5,<10
BEV2_2024-11-16_drive6.csv,BEV2,2024-11-16 16:45:47+00:00,2024-11-16 17:07:56+00:00,2024-11-16 16:45:48+00:00,7.5589782692297875,7.5589782692297875,0,False,True,True,0.0,False,False,1731775547000000000,1731776876000000000,1731775548000000000,train,1236:22808>1245:22822|7,2-10,True,15.5,10-25
BEV2_2024-11-16_drive7.csv,BEV2,2024-11-16 17:26:57+00:00,2024-11-16 18:38:53+00:00,2024-11-16 17:26:59+00:00,75.90409325999455,75.90409325999455,0,False,True,True,0.0,False,False,1731778017000000000,1731782333000000000,1731778019000000000,train,1245:22822>1318:22645|75,>=50,True,10.0,10-25
BEV2_2024-11-17_drive1.csv,BEV2,2024-11-17 11:53:02+00:00,2024-11-17 11:55:34+00:00,2024-11-17 11:53:04+00:00,0.7194648434710341,0.7194648434710341,0,False,True,True,0.0,False,False,1731844382000000000,1731844534000000000,1731844384000000000,train,1318:22645>1318:22646|0,<2,True,9.5,<10
BEV2_2024-11-17_drive2.csv,BEV2,2024-11-17 20:10:50+00:00,2024-11-17 20:34:47+00:00,2024-11-17 20:10:52+00:00,4.401217534336256,4.401328729416222,0,False,True,True,0.0,False,False,1731874250000000000,1731875687000000000,1731874252000000000,train,1318:22646>1318:22646|4,2-10,True,6.5,<10
BEV2_2024-11-18_drive1.csv,BEV2,2024-11-18 07:04:41+00:00,2024-11-18 07:18:31+00:00,2024-11-18 07:04:43+00:00,2.185303267827951,2.185303267827951,0,False,True,True,0.0,False,False,1731913481000000000,1731914311000000000,1731913483000000000,train,1318:22646>1313:22648|2,2-10,True,7.5,<10
BEV2_2024-11-18_drive2.csv,BEV2,2024-11-18 10:51:04+00:00,2024-11-18 11:01:21+00:00,2024-11-18 10:51:06+00:00,2.8005403258237624,2.8006718181418804,0,False,True,True,0.0,False,False,1731927064000000000,1731927681000000000,1731927066000000000,train,1313:22648>1318:22645|2,2-10,True,11.0,10-25
BEV2_2024-11-18_drive3.csv,BEV2,2024-11-18 11:40:44+00:00,2024-11-18 11:47:18+00:00,2024-11-18 11:40:46+00:00,2.056156889581629,2.056156889581629,0,False,True,True,0.0,False,False,1731930044000000000,1731930438000000000,1731930046000000000,train,1318:22645>1313:22648|2,2-10,True,9.5,<10
BEV2_2024-11-18_drive4.csv,BEV2,2024-11-18 16:45:59+00:00,2024-11-18 16:57:39+00:00,2024-11-18 16:46:01+00:00,2.8264583005146084,2.8264583005146084,0,False,True,True,0.0,False,False,1731948359000000000,1731949059000000000,1731948361000000000,train,1313:22648>1318:22645|2,2-10,True,11.75,10-25
BEV2_2024-11-19_drive1.csv,BEV2,2024-11-19 06:56:47+00:00,2024-11-19 07:10:15+00:00,2024-11-19 06:56:49+00:00,2.277638371413276,2.277708563781017,0,False,True,True,0.0,False,False,1731999407000000000,1732000215000000000,1731999409000000000,train,1318:22645>1313:22648|2,2-10,True,11.0,10-25
BEV2_2024-11-19_drive2.csv,BEV2,2024-11-19 17:29:59+00:00,2024-11-19 17:42:07+00:00,2024-11-19 17:30:01+00:00,2.832903341434979,2.832903341434979,0,False,True,True,0.0,False,False,1732037399000000000,1732038127000000000,1732037401000000000,train,1313:22648>1318:22645|2,2-10,True,11.0,10-25
BEV2_2024-11-20_drive1.csv,BEV2,2024-11-20 06:19:38+00:00,2024-11-20 06:28:33+00:00,2024-11-20 06:19:39+00:00,2.2509925503313912,2.2509925503313912,0,False,True,True,0.0,False,False,1732083578000000000,1732084113000000000,1732083579000000000,train,1318:22645>1313:22648|2,2-10,True,2.5,<10
BEV2_2024-11-20_drive2.csv,BEV2,2024-11-20 09:09:52+00:00,2024-11-20 10:05:15+00:00,2024-11-20 09:09:54+00:00,67.35741891212687,67.35741891212687,0,True,True,True,0.0,True,False,1732093792000000000,1732097115000000000,1732093794000000000,train,1313:22648>1552:22706|67,>=50,True,8.277777777777779,<10
BEV2_2024-11-20_drive3.csv,BEV2,2024-11-20 13:45:27+00:00,2024-11-20 14:38:50+00:00,2024-11-20 13:45:29+00:00,72.46682889781913,72.46682889781913,0,False,True,True,0.0,False,False,1732110327000000000,1732113530000000000,1732110329000000000,train,1552:22706>1311:22647|72,>=50,True,4.5,<10
BEV2_2024-11-20_drive4.csv,BEV2,2024-11-20 17:04:50+00:00,2024-11-20 17:14:44+00:00,2024-11-20 17:04:52+00:00,2.3256905697428856,2.3257607575060817,0,False,True,True,0.0,False,False,1732122290000000000,1732122884000000000,1732122292000000000,train,1311:22647>1318:22645|2,2-10,True,3.5,<10
BEV2_2024-11-21_drive1.csv,BEV2,2024-11-21 11:28:06+00:00,2024-11-21 11:34:39+00:00,2024-11-21 11:28:07+00:00,2.1056879254645646,2.1056879254645646,0,False,True,True,0.0,False,False,1732188486000000000,1732188879000000000,1732188487000000000,train,1318:22645>1313:22648|2,2-10,True,-7.0,<10
BEV2_2024-11-21_drive2.csv,BEV2,2024-11-21 17:07:58+00:00,2024-11-21 17:16:11+00:00,2024-11-21 17:08:00+00:00,2.426385519574879,2.4264557041905688,0,False,True,True,0.0,False,False,1732208878000000000,1732209371000000000,1732208880000000000,train,1313:22648>1316:22650|2,2-10,True,6.5,<10
BEV2_2024-11-21_drive3.csv,BEV2,2024-11-21 17:18:38+00:00,2024-11-21 17:23:17+00:00,2024-11-21 17:18:39+00:00,1.5775777969302531,1.5775777969302531,0,False,True,True,0.0,False,False,1732209518000000000,1732209797000000000,1732209519000000000,train,1316:22650>1313:22647|1,<2,True,1.5,<10
BEV2_2024-11-21_drive4.csv,BEV2,2024-11-21 17:24:53+00:00,2024-11-21 17:36:37+00:00,2024-11-21 17:24:57+00:00,1.9522540098084007,1.9523652048890745,1,False,False,True,0.0,False,False,1732209893000000000,1732210597000000000,1732209897000000000,train,1313:22647>1315:22646|1,<2,True,0.5,<10
BEV2_2024-11-21_drive5.csv,BEV2,2024-11-21 17:40:14+00:00,2024-11-21 17:44:36+00:00,2024-11-21 17:40:16+00:00,1.253834986222044,1.253966481319342,0,False,True,True,0.0,False,False,1732210814000000000,1732211076000000000,1732210816000000000,train,1315:22646>1318:22645|1,<2,True,0.5,<10
BEV2_2024-11-21_drive6.csv,BEV2,2024-11-21 19:14:41+00:00,2024-11-21 19:30:29+00:00,2024-11-21 19:14:43+00:00,4.8334079231567415,4.8334079231567415,1,False,False,True,0.0,False,False,1732216481000000000,1732217429000000000,1732216483000000000,train,1318:22645>1313:22647|4,2-10,True,0.0,<10
BEV2_2024-11-21_drive7.csv,BEV2,2024-11-21 22:47:30+00:00,2024-11-21 22:54:37+00:00,2024-11-21 22:47:32+00:00,2.621441979620092,2.621441979620092,0,False,True,True,0.0,False,False,1732229250000000000,1732229677000000000,1732229252000000000,train,1313:22647>1318:22645|2,2-10,True,0.0,<10
BEV2_2024-11-22_drive1.csv,BEV2,2024-11-22 06:00:52+00:00,2024-11-22 06:13:00+00:00,2024-11-22 06:00:54+00:00,3.594320066988037,3.594320066988037,0,False,True,True,0.0,False,False,1732255252000000000,1732255980000000000,1732255254000000000,train,1318:22645>1321:22656|3,2-10,True,0.5,<10
BEV2_2024-11-22_drive2.csv,BEV2,2024-11-22 09:01:24+00:00,2024-11-22 09:49:04+00:00,2024-11-22 09:01:26+00:00,66.95040020419074,66.95040020419074,0,False,True,True,0.0,False,False,1732266084000000000,1732268944000000000,1732266086000000000,train,1321:22656>1552:22706|66,>=50,True,3.5,<10
BEV2_2024-11-22_drive3.csv,BEV2,2024-11-22 10:10:58+00:00,2024-11-22 10:19:43+00:00,2024-11-22 10:10:59+00:00,4.374686408885732,4.374686408885732,0,False,True,True,0.0,False,False,1732270258000000000,1732270783000000000,1732270259000000000,train,1552:22706>1556:22696|4,2-10,True,3.0,<10
BEV2_2024-11-23_drive1.csv,BEV2,2024-11-23 08:54:33+00:00,2024-11-23 09:11:58+00:00,2024-11-23 08:54:35+00:00,3.3119317424785404,3.3119317424785404,0,False,True,True,0.0,False,False,1732352073000000000,1732353118000000000,1732352075000000000,train,1318:22645>1324:22651|3,2-10,True,3.5,<10
BEV2_2024-11-23_drive2.csv,BEV2,2024-11-23 15:30:20+00:00,2024-11-23 15:33:06+00:00,2024-11-23 15:30:22+00:00,1.2682140494264684,1.286813621519269,0,False,True,True,0.0,False,False,1732375820000000000,1732375986000000000,1732375822000000000,train,1447:22626>1451:22628|1,<2,True,6.5,<10
BEV2_2024-11-23_drive3.csv,BEV2,2024-11-23 16:47:47+00:00,2024-11-23 16:51:59+00:00,2024-11-23 16:47:49+00:00,1.9000868896665184,1.906803139649429,0,False,True,True,0.0,False,False,1732380467000000000,1732380719000000000,1732380469000000000,train,1322:22642>1318:22645|1,<2,True,7.5,<10
BEV2_2024-11-24_drive1.csv,BEV2,2024-11-24 13:25:28+00:00,2024-11-24 13:42:28+00:00,2024-11-24 13:25:30+00:00,12.202655657717282,12.235140996672772,0,False,True,True,0.0,False,False,1732454728000000000,1732455748000000000,1732454730000000000,train,1237:22781>1251:22818|12,10-50,True,18.5,10-25
BEV2_2024-11-24_drive2.csv,BEV2,2024-11-24 17:35:25+00:00,2024-11-24 18:55:20+00:00,2024-11-24 17:35:26+00:00,73.888833253108,73.888833253108,0,False,True,True,0.0,False,False,1732469725000000000,1732474520000000000,1732469726000000000,train,1233:22828>1318:22645|73,>=50,True,20.0,10-25
BEV2_2024-11-26_drive1.csv,BEV2,2024-11-26 11:44:20+00:00,2024-11-26 12:00:30+00:00,2024-11-26 11:44:22+00:00,19.806119240568314,19.876678545646435,0,False,True,True,0.0,False,False,1732621460000000000,1732622430000000000,1732621462000000000,train,1481:22711>1552:22706|19,10-50,True,11.4,10-25
BEV2_2024-11-26_drive2.csv,BEV2,2024-11-26 16:40:14+00:00,2024-11-26 17:07:32+00:00,2024-11-26 16:40:15+00:00,31.608081249962414,31.63902291589045,0,False,True,True,0.0,False,False,1732639214000000000,1732640852000000000,1732639215000000000,train,1404:22685>1320:22650|31,10-50,True,8.5,<10
BEV2_2024-11-27_drive1.csv,BEV2,2024-11-27 07:26:38+00:00,2024-11-27 07:35:16+00:00,2024-11-27 07:26:40+00:00,2.049830523702794,2.0525322327796296,0,False,True,True,0.0,False,False,1732692398000000000,1732692916000000000,1732692400000000000,train,1318:22645>1313:22647|2,2-10,True,9.5,<10
BEV2_2024-11-27_drive2.csv,BEV2,2024-11-27 07:40:25+00:00,2024-11-27 07:54:25+00:00,2024-11-27 07:40:27+00:00,4.278121102230537,4.278191287598812,0,False,True,True,0.0,False,False,1732693225000000000,1732694065000000000,1732693227000000000,train,1313:22647>1313:22647|4,2-10,True,9.5,<10
BEV2_2024-11-27_drive3.csv,BEV2,2024-11-27 14:39:01+00:00,2024-11-27 14:45:46+00:00,2024-11-27 14:39:03+00:00,1.8909984061126748,1.8909984061126748,0,False,True,True,0.0,False,False,1732718341000000000,1732718746000000000,1732718343000000000,train,1313:22647>1310:22648|1,<2,True,11.5,10-25
BEV2_2024-11-27_drive4.csv,BEV2,2024-11-27 17:08:05+00:00,2024-11-27 17:32:05+00:00,2024-11-27 17:08:07+00:00,3.93271429173632,3.93271429173632,0,False,True,True,0.0,False,False,1732727285000000000,1732728725000000000,1732727287000000000,train,1310:22648>1316:22653|3,2-10,True,10.0,10-25
BEV2_2024-11-27_drive5.csv,BEV2,2024-11-27 19:48:07+00:00,2024-11-27 20:01:17+00:00,2024-11-27 19:48:10+00:00,3.153031217188789,3.153031217188789,0,False,True,True,0.0,False,False,1732736887000000000,1732737677000000000,1732736890000000000,train,1316:22653>1318:22645|3,2-10,True,8.0,<10
BEV2_2024-11-28_drive1.csv,BEV2,2024-11-28 06:48:18+00:00,2024-11-28 07:02:00+00:00,2024-11-28 06:48:21+00:00,2.2043842316578384,2.2043842316578384,0,False,True,True,0.0,False,False,1732776498000000000,1732777320000000000,1732776501000000000,train,1318:22645>1313:22648|2,2-10,True,5.0,<10
BEV2_2024-11-28_drive2.csv,BEV2,2024-11-28 10:57:28+00:00,2024-11-28 11:50:03+00:00,2024-11-28 10:57:29+00:00,74.88372408242566,74.88372408242566,0,False,True,True,0.0,False,False,1732791448000000000,1732794603000000000,1732791449000000000,train,1313:22648>1552:22706|74,>=50,True,10.5,10-25
BEV2_2024-11-28_drive3.csv,BEV2,2024-11-28 15:23:30+00:00,2024-11-28 16:22:44+00:00,2024-11-28 15:23:32+00:00,80.58904184576534,80.58904184576534,0,False,True,True,0.0,False,False,1732807410000000000,1732810964000000000,1732807412000000000,train,1552:22706>1318:22645|80,>=50,True,15.5,10-25
BEV2_2024-11-28_drive4.csv,BEV2,2024-11-28 17:17:26+00:00,2024-11-28 17:47:54+00:00,2024-11-28 17:17:29+00:00,11.573673943331444,11.573896333492083,0,False,True,True,0.0,False,False,1732814246000000000,1732816074000000000,1732814249000000000,train,1318:22645>1318:22645|11,10-50,True,6.0,<10
BEV2_2024-11-29_drive1.csv,BEV2,2024-11-29 07:07:28+00:00,2024-11-29 07:26:25+00:00,2024-11-29 07:07:31+00:00,2.5971810490742264,2.5973125455086827,0,False,True,True,0.0,False,False,1732864048000000000,1732865185000000000,1732864051000000000,train,1318:22645>1317:22652|2,2-10,True,-1.0,<10
BEV2_2024-11-29_drive2.csv,BEV2,2024-11-29 12:25:18+00:00,2024-11-29 12:34:34+00:00,2024-11-29 12:25:21+00:00,2.4353119734336457,2.435452309145676,0,False,True,True,0.0,False,False,1732883118000000000,1732883674000000000,1732883121000000000,train,1317:22652>1313:22647|2,2-10,True,11.5,10-25
BEV2_2024-11-29_drive3.csv,BEV2,2024-11-29 18:24:06+00:00,2024-11-29 18:47:43+00:00,2024-11-29 18:24:08+00:00,4.51924484128197,4.519315026000019,0,False,True,True,0.0,False,False,1732904646000000000,1732906063000000000,1732904648000000000,train,1313:22647>1318:22645|4,2-10,True,10.0,10-25
BEV2_2024-11-29_drive4.csv,BEV2,2024-11-29 20:20:42+00:00,2024-11-29 20:34:53+00:00,2024-11-29 20:20:43+00:00,5.887187479612589,5.887187479612589,0,False,True,True,0.0,False,False,1732911642000000000,1732912493000000000,1732911643000000000,train,1318:22645>1316:22645|5,2-10,True,4.0,<10
BEV2_2024-11-29_drive5.csv,BEV2,2024-11-29 20:36:42+00:00,2024-11-29 20:41:32+00:00,2024-11-29 20:36:45+00:00,1.6058877322731837,1.6059579255379504,0,False,True,True,0.0,False,False,1732912602000000000,1732912892000000000,1732912605000000000,train,1316:22645>1318:22645|1,<2,True,3.0,<10
BEV2_2024-11-30_drive1.csv,BEV2,2024-11-30 09:29:35+00:00,2024-11-30 09:45:58+00:00,2024-11-30 09:29:38+00:00,5.081130028165273,5.081432013932686,0,False,True,True,0.0,False,False,1732958975000000000,1732959958000000000,1732958978000000000,train,1318:22645>1318:22645|5,2-10,True,3.0,<10
BEV2_2024-11-30_drive2.csv,BEV2,2024-11-30 11:21:20+00:00,2024-11-30 11:41:20+00:00,2024-11-30 11:21:23+00:00,5.017799376416763,5.017799376416763,0,False,True,True,0.0,False,False,1732965680000000000,1732966880000000000,1732965683000000000,train,1318:22645>1318:22645|5,2-10,True,6.0,<10
BEV2_2024-11-30_drive3.csv,BEV2,2024-11-30 13:51:06+00:00,2024-11-30 13:59:47+00:00,2024-11-30 13:51:09+00:00,2.037120148601685,2.037120148601685,0,False,True,True,0.0,False,False,1732974666000000000,1732975187000000000,1732974669000000000,train,1318:22645>1313:22647|2,2-10,True,7.5,<10
BEV2_2024-11-30_drive4.csv,BEV2,2024-11-30 14:02:12+00:00,2024-11-30 14:57:28+00:00,2024-11-30 14:02:15+00:00,68.04933974494149,68.04933974494149,0,False,True,True,0.0,False,False,1732975332000000000,1732978648000000000,1732975335000000000,train,1313:22647>1236:22808|68,>=50,True,7.5,<10
BEV2_2024-11-30_drive5.csv,BEV2,2024-11-30 16:00:05+00:00,2024-11-30 16:21:14+00:00,2024-11-30 16:00:06+00:00,6.362120808245239,6.362120808245239,0,False,True,True,0.0,False,False,1732982405000000000,1732983674000000000,1732982406000000000,train,1236:22808>1245:22822|6,2-10,True,13.0,10-25
BEV2_2024-11-30_drive6.csv,BEV2,2024-11-30 16:34:31+00:00,2024-11-30 17:13:30+00:00,2024-11-30 16:34:34+00:00,49.58555823156391,49.58562782629032,0,False,True,True,0.0,False,False,1732984471000000000,1732986810000000000,1732984474000000000,train,1245:22822>1251:22656|49,10-50,True,9.5,<10
BEV2_2024-11-30_drive7.csv,BEV2,2024-11-30 17:29:56+00:00,2024-11-30 18:04:08+00:00,2024-11-30 17:29:58+00:00,22.02453965907222,22.02453965907222,0,False,True,True,0.0,False,False,1732987796000000000,1732989848000000000,1732987798000000000,train,1251:22656>1318:22645|22,10-50,True,8.0,<10
BEV2_2024-12-01_drive1.csv,BEV2,2024-12-01 08:34:18+00:00,2024-12-01 08:45:41+00:00,2024-12-01 08:34:19+00:00,2.067356620361705,2.067356620361705,1,False,False,True,0.0,False,False,1733042058000000000,1733042741000000000,1733042059000000000,validation,1318:22645>1316:22651|2,2-10,True,2.0,<10
BEV2_2024-12-01_drive2.csv,BEV2,2024-12-01 08:49:53+00:00,2024-12-01 08:55:10+00:00,2024-12-01 08:49:55+00:00,0.7216081609687848,0.7216081609687848,0,False,True,True,0.0,False,False,1733042993000000000,1733043310000000000,1733042995000000000,validation,1316:22651>1315:22648|0,<2,False,2.5,<10
BEV2_2024-12-01_drive3.csv,BEV2,2024-12-01 09:21:23+00:00,2024-12-01 09:26:35+00:00,2024-12-01 09:21:26+00:00,1.238147648538768,1.2382791392789054,0,False,True,True,0.0,False,False,1733044883000000000,1733045195000000000,1733044886000000000,validation,1315:22648>1318:22645|1,<2,True,3.0,<10
BEV2_2024-12-01_drive4.csv,BEV2,2024-12-01 10:17:17+00:00,2024-12-01 10:18:44+00:00,2024-12-01 10:17:20+00:00,0.0624907033824991,0.0626018984624649,0,False,True,False,0.0,False,False,1733048237000000000,1733048324000000000,1733048240000000000,validation,1318:22645>1318:22645|0,<2,True,5.0,<10
BEV2_2024-12-01_drive5.csv,BEV2,2024-12-01 11:33:01+00:00,2024-12-01 11:48:31+00:00,2024-12-01 11:33:03+00:00,3.7954149295591577,3.7954149295591577,0,False,True,True,0.0,False,False,1733052781000000000,1733053711000000000,1733052783000000000,validation,1318:22645>1318:22645|3,2-10,True,7.0,<10
BEV2_2024-12-01_drive6.csv,BEV2,2024-12-01 14:31:57+00:00,2024-12-01 14:43:01+00:00,2024-12-01 14:31:59+00:00,4.249184206600823,4.249184206600823,1,False,False,True,0.0,False,False,1733063517000000000,1733064181000000000,1733063519000000000,validation,1318:22645>1318:22646|4,2-10,True,9.0,<10
BEV2_2024-12-01_drive7.csv,BEV2,2024-12-01 19:01:17+00:00,2024-12-01 19:20:46+00:00,2024-12-01 19:01:20+00:00,6.232378734346202,6.232378734346202,0,False,True,True,0.0,False,False,1733079677000000000,1733080846000000000,1733079680000000000,validation,1318:22646>1320:22650|6,2-10,False,8.0,<10
BEV2_2024-12-01_drive8.csv,BEV2,2024-12-01 19:22:59+00:00,2024-12-01 19:28:54+00:00,2024-12-01 19:23:02+00:00,2.196767163495109,2.1968373383139443,0,False,True,True,0.0,False,False,1733080979000000000,1733081334000000000,1733080982000000000,validation,1320:22650>1318:22645|2,2-10,False,8.0,<10
BEV2_2024-12-08_drive1.csv,BEV2,2024-12-08 09:36:21+00:00,2024-12-08 09:47:25+00:00,2024-12-08 09:36:24+00:00,3.1936754494964035,3.1936754494964035,0,False,True,True,0.0,False,False,1733650581000000000,1733651245000000000,1733650584000000000,validation,1318:22645>1314:22648|3,2-10,True,6.5,<10
BEV2_2024-12-08_drive2.csv,BEV2,2024-12-08 10:17:59+00:00,2024-12-08 10:25:04+00:00,2024-12-08 10:18:02+00:00,1.263774212792392,1.263774212792392,0,True,True,True,0.0,True,False,1733653079000000000,1733653504000000000,1733653082000000000,validation,1314:22648>1318:22645|1,<2,True,6.5,<10
BEV2_2024-12-08_drive3.csv,BEV2,2024-12-08 11:23:05+00:00,2024-12-08 11:42:20+00:00,2024-12-08 11:23:08+00:00,5.277098143670022,5.277098143670022,0,False,True,True,0.0,False,False,1733656985000000000,1733658140000000000,1733656988000000000,validation,1318:22645>1318:22645|5,2-10,True,7.0,<10
BEV2_2024-12-08_drive4.csv,BEV2,2024-12-08 13:30:37+00:00,2024-12-08 14:25:44+00:00,2024-12-08 13:30:40+00:00,69.22896305315099,69.229094549852,0,False,True,True,0.0,False,False,1733664637000000000,1733667944000000000,1733664640000000000,validation,1318:22645>1245:22822|69,>=50,False,7.0,<10
BEV2_2024-12-08_drive5.csv,BEV2,2024-12-08 14:50:02+00:00,2024-12-08 15:05:04+00:00,2024-12-08 14:50:05+00:00,6.168504159947052,6.168504159947052,0,False,True,True,0.0,False,False,1733669402000000000,1733670304000000000,1733669405000000000,validation,1245:22822>1236:22808|6,2-10,True,8.0,<10
BEV2_2024-12-08_drive6.csv,BEV2,2024-12-08 16:07:12+00:00,2024-12-08 17:07:20+00:00,2024-12-08 16:07:14+00:00,65.35984750593472,65.35984750593472,0,False,True,True,0.0,False,False,1733674032000000000,1733677640000000000,1733674034000000000,validation,1236:22808>1318:22645|65,>=50,False,13.5,10-25
BEV2_2024-12-09_drive1.csv,BEV2,2024-12-09 06:45:04+00:00,2024-12-09 07:26:08+00:00,2024-12-09 06:45:07+00:00,7.949290098649225,7.949290098649225,1,False,False,True,0.0,False,False,1733726704000000000,1733729168000000000,1733726707000000000,validation,1318:22645>1313:22648|7,2-10,False,5.0,<10
BEV2_2024-12-09_drive2.csv,BEV2,2024-12-09 10:53:04+00:00,2024-12-09 11:06:48+00:00,2024-12-09 10:53:05+00:00,2.7715964279703384,2.7715964279703384,0,False,True,True,0.0,False,False,1733741584000000000,1733742408000000000,1733741585000000000,validation,1313:22648>1318:22645|2,2-10,True,9.5,<10
BEV2_2024-12-09_drive3.csv,BEV2,2024-12-09 12:06:50+00:00,2024-12-09 12:21:29+00:00,2024-12-09 12:06:52+00:00,11.16399802061476,11.16399802061476,0,False,True,True,0.0,False,False,1733746010000000000,1733746889000000000,1733746012000000000,validation,1318:22645>1310:22657|11,10-50,False,6.5,<10
BEV2_2024-12-09_drive4.csv,BEV2,2024-12-09 16:31:50+00:00,2024-12-09 16:53:31+00:00,2024-12-09 16:31:51+00:00,3.7619297805145537,3.7619297805145537,0,False,True,True,0.0,False,False,1733761910000000000,1733763211000000000,1733761911000000000,validation,1310:22657>1316:22651|3,2-10,False,5.5,<10
BEV2_2024-12-09_drive5.csv,BEV2,2024-12-09 20:33:13+00:00,2024-12-09 20:43:38+00:00,2024-12-09 20:33:16+00:00,3.153656564958474,3.153656564958474,0,False,True,True,0.0,False,False,1733776393000000000,1733777018000000000,1733776396000000000,validation,1316:22651>1318:22645|3,2-10,True,5.5,<10
BEV2_2024-12-09_drive6.csv,BEV2,2024-12-09 21:03:12+00:00,2024-12-09 21:32:38+00:00,2024-12-09 21:03:15+00:00,3.992679451141013,3.992749643890957,0,False,True,True,0.0,False,False,1733778192000000000,1733779958000000000,1733778195000000000,validation,1318:22645>1318:22645|3,2-10,True,5.5,<10
BEV2_2024-12-10_drive1.csv,BEV2,2024-12-10 06:44:37+00:00,2024-12-10 07:00:58+00:00,2024-12-10 06:44:40+00:00,3.5251002119055723,3.5251002119055723,0,False,True,True,0.0,False,False,1733813077000000000,1733814058000000000,1733813080000000000,validation,1318:22645>1321:22656|3,2-10,True,5.5,<10
BEV2_2024-12-10_drive2.csv,BEV2,2024-12-10 17:25:01+00:00,2024-12-10 17:37:19+00:00,2024-12-10 17:25:04+00:00,3.654201855741436,3.654201855741436,0,False,True,True,0.0,False,False,1733851501000000000,1733852239000000000,1733851504000000000,validation,1321:22656>1313:22647|3,2-10,False,7.5,<10
BEV2_2024-12-10_drive3.csv,BEV2,2024-12-10 17:40:10+00:00,2024-12-10 17:50:22+00:00,2024-12-10 17:40:13+00:00,2.6662989097588063,2.6662989097588063,0,False,True,True,0.0,False,False,1733852410000000000,1733853022000000000,1733852413000000000,validation,1313:22647>1318:22645|2,2-10,True,5.5,<10
BEV2_2024-12-11_drive1.csv,BEV2,2024-12-11 06:53:50+00:00,2024-12-11 07:11:00+00:00,2024-12-11 06:53:53+00:00,2.4608818932883287,2.4609520861391188,0,False,True,True,0.0,False,False,1733900030000000000,1733901060000000000,1733900033000000000,validation,1318:22645>1313:22648|2,2-10,True,4.5,<10
BEV2_2024-12-11_drive2.csv,BEV2,2024-12-11 17:02:20+00:00,2024-12-11 17:14:10+00:00,2024-12-11 17:02:21+00:00,2.846346611014387,2.846346611014387,0,False,True,True,0.0,False,False,1733936540000000000,1733937250000000000,1733936541000000000,validation,1313:22648>1318:22645|2,2-10,True,10.0,10-25
BEV2_2024-12-12_drive1.csv,BEV2,2024-12-12 06:43:54+00:00,2024-12-12 08:10:04+00:00,2024-12-12 06:43:57+00:00,74.94845764509138,74.94859803064847,0,True,True,True,0.0,True,False,1733985834000000000,1733991004000000000,1733985837000000000,validation,1318:22645>1552:22706|74,>=50,False,2.5,<10
BEV2_2024-12-12_drive2.csv,BEV2,2024-12-12 11:01:53+00:00,2024-12-12 12:18:48+00:00,2024-12-12 11:01:54+00:00,75.93670720902266,75.93670720902266,0,True,True,True,0.0,True,False,1734001313000000000,1734005928000000000,1734001314000000000,validation,1552:22706>1313:22648|75,>=50,False,4.388888888888889,<10
BEV2_2024-12-12_drive3.csv,BEV2,2024-12-12 15:27:48+00:00,2024-12-12 15:38:37+00:00,2024-12-12 15:27:51+00:00,2.821291047082621,2.821291047082621,0,True,True,True,0.0,True,False,1734017268000000000,1734017917000000000,1734017271000000000,validation,1313:22648>1318:22645|2,2-10,True,9.5,<10
BEV2_2024-12-13_drive1.csv,BEV2,2024-12-13 06:47:04+00:00,2024-12-13 07:20:15+00:00,2024-12-13 06:47:07+00:00,4.866559601396534,4.86669998632139,0,False,True,True,0.0,False,False,1734072424000000000,1734074415000000000,1734072427000000000,validation,1318:22645>1316:22653|4,2-10,False,1.0,<10
BEV2_2024-12-13_drive2.csv,BEV2,2024-12-13 17:28:04+00:00,2024-12-13 17:40:53+00:00,2024-12-13 17:28:05+00:00,2.6851880532460832,2.6851880532460832,0,False,True,True,0.0,False,False,1734110884000000000,1734111653000000000,1734110885000000000,validation,1316:22653>1318:22645|2,2-10,False,2.0,<10
BEV2_2024-12-13_drive4.csv,BEV2,2024-12-13 21:58:47+00:00,2024-12-13 22:13:25+00:00,2024-12-13 21:58:50+00:00,4.367904531079914,4.367974698979589,0,False,True,True,0.0,False,False,1734127127000000000,1734128005000000000,1734127130000000000,validation,1317:22652>1318:22645|4,2-10,False,9.875,<10
BEV2_2024-12-14_drive1.csv,BEV2,2024-12-14 09:06:46+00:00,2024-12-14 09:26:50+00:00,2024-12-14 09:06:49+00:00,7.998241798546101,7.9983732952272195,1,False,False,True,0.0,False,False,1734167206000000000,1734168410000000000,1734167209000000000,validation,1318:22645>1318:22646|7,2-10,False,2.5,<10
BEV2_2024-12-14_drive2.csv,BEV2,2024-12-14 12:14:07+00:00,2024-12-14 12:33:36+00:00,2024-12-14 12:14:10+00:00,5.709036873999822,5.7091683697376805,0,False,True,True,0.0,False,False,1734178447000000000,1734179616000000000,1734178450000000000,validation,1318:22646>1318:22645|5,2-10,False,3.5,<10
BEV2_2024-12-14_drive3.csv,BEV2,2024-12-14 13:56:13+00:00,2024-12-14 14:45:00+00:00,2024-12-14 13:56:16+00:00,10.59877458064886,10.59914273323374,0,False,True,True,0.0,False,False,1734184573000000000,1734187500000000000,1734184576000000000,validation,1318:22645>1318:22645|10,10-50,False,4.0,<10
BEV2_2024-12-14_drive4.csv,BEV2,2024-12-14 16:43:47+00:00,2024-12-14 17:05:54+00:00,2024-12-14 16:43:50+00:00,5.835311628845016,5.835311628845016,0,False,True,True,0.0,False,False,1734194627000000000,1734195954000000000,1734194630000000000,validation,1318:22645>1318:22645|5,2-10,True,4.0,<10
BEV2_2024-12-14_drive5.csv,BEV2,2024-12-14 17:49:49+00:00,2024-12-14 18:10:05+00:00,2024-12-14 17:49:52+00:00,4.878715705010014,4.878715705010014,0,False,True,True,0.0,False,False,1734198589000000000,1734199805000000000,1734198592000000000,validation,1318:22645>1318:22645|4,2-10,True,4.5,<10
BEV2_2024-12-14_drive6.csv,BEV2,2024-12-14 20:07:29+00:00,2024-12-14 20:23:16+00:00,2024-12-14 20:07:32+00:00,5.6764829140551605,5.6764829140551605,0,False,True,True,0.0,False,False,1734206849000000000,1734207796000000000,1734206852000000000,validation,1318:22645>1318:22645|5,2-10,True,4.5,<10
BEV2_2024-12-15_drive1.csv,BEV2,2024-12-15 08:55:38+00:00,2024-12-15 09:10:09+00:00,2024-12-15 08:55:41+00:00,3.852399427083199,3.852399427083199,0,False,True,True,0.0,False,False,1734252938000000000,1734253809000000000,1734252941000000000,validation,1318:22645>1315:22649|3,2-10,True,5.0,<10
BEV2_2024-12-15_drive2.csv,BEV2,2024-12-15 09:43:18+00:00,2024-12-15 09:53:07+00:00,2024-12-15 09:43:20+00:00,1.4309521111008503,1.4309521111008503,0,False,True,True,0.0,False,False,1734255798000000000,1734256387000000000,1734255800000000000,validation,1315:22649>1318:22645|1,<2,True,5.0,<10
BEV2_2024-12-15_drive3.csv,BEV2,2024-12-15 13:08:02+00:00,2024-12-15 14:14:08+00:00,2024-12-15 13:08:03+00:00,63.74553199808428,63.74553199808428,0,False,True,True,0.0,False,False,1734268082000000000,1734272048000000000,1734268083000000000,validation,1318:22645>1236:22808|63,>=50,False,8.0,<10
BEV2_2024-12-15_drive4.csv,BEV2,2024-12-15 16:15:04+00:00,2024-12-15 17:19:43+00:00,2024-12-15 16:15:05+00:00,65.06847150170223,65.06847150170223,0,False,True,True,0.0,False,False,1734279304000000000,1734283183000000000,1734279305000000000,validation,1236:22808>1318:22645|65,>=50,False,12.75,10-25
BEV2_2024-12-15_drive5.csv,BEV2,2024-12-15 19:23:44+00:00,2024-12-15 19:43:07+00:00,2024-12-15 19:23:47+00:00,6.102925105281319,6.102925105281319,0,False,True,True,0.0,False,False,1734290624000000000,1734291787000000000,1734290627000000000,validation,1318:22645>1318:22645|6,2-10,True,10.0,10-25
BEV2_2024-12-15_drive6.csv,BEV2,2024-12-15 19:53:10+00:00,2024-12-15 20:20:49+00:00,2024-12-15 19:53:13+00:00,4.561634729347075,4.561634729347075,0,False,True,True,0.0,False,False,1734292390000000000,1734294049000000000,1734292393000000000,validation,1318:22645>1318:22645|4,2-10,True,10.0,10-25
BEV2_2024-12-15_drive7.csv,BEV2,2024-12-15 23:34:34+00:00,2024-12-15 23:53:50+00:00,2024-12-15 23:34:37+00:00,5.869486062085609,5.869597257165575,0,False,True,True,0.0,False,False,1734305674000000000,1734306830000000000,1734305677000000000,validation,1318:22645>1318:22645|5,2-10,True,10.5,10-25
BEV2_2024-12-16_drive1.csv,BEV2,2024-12-16 06:55:52+00:00,2024-12-16 07:06:51+00:00,2024-12-16 06:55:55+00:00,2.2018085608043587,2.2018085608043587,0,False,True,True,0.0,False,False,1734332152000000000,1734332811000000000,1734332155000000000,validation,1318:22645>1313:22648|2,2-10,True,10.5,10-25
BEV2_2024-12-17_drive1.csv,BEV2,2024-12-17 16:32:53+00:00,2024-12-17 17:00:35+00:00,2024-12-17 16:32:54+00:00,36.72943952712159,36.757940465349904,0,False,True,True,0.0,False,False,1734453173000000000,1734454835000000000,1734453174000000000,validation,1410:22684>1552:22706|36,10-50,False,8.5,<10
BEV2_2024-12-19_drive2.csv,BEV2,2024-12-19 18:21:10+00:00,2024-12-19 18:42:41+00:00,2024-12-19 18:21:11+00:00,2.7470498198999853,2.7470498198999853,0,False,True,True,0.0,False,False,1734632470000000000,1734633761000000000,1734632471000000000,validation,1320:22653>1318:22645|2,2-10,True,5.5,<10
BEV2_2024-12-20_drive1.csv,BEV2,2024-12-20 18:23:12+00:00,2024-12-20 18:46:34+00:00,2024-12-20 18:23:14+00:00,5.174381680177681,5.199007842472314,0,False,True,True,0.0,False,False,1734718992000000000,1734720394000000000,1734718994000000000,validation,1330:22652>1317:22652|5,2-10,False,5.5,<10
BEV2_2024-12-22_drive1.csv,BEV2,2024-12-22 18:46:57+00:00,2024-12-22 18:54:39+00:00,2024-12-22 18:46:58+00:00,2.562112749996922,2.562112749996922,0,False,True,True,0.0,False,False,1734893217000000000,1734893679000000000,1734893218000000000,validation,1311:22646>1318:22645|2,2-10,False,4.0,<10
BEV2_2024-12-23_drive1.csv,BEV2,2024-12-23 08:14:48+00:00,2024-12-23 09:26:27+00:00,2024-12-23 08:14:49+00:00,82.52320033675029,82.52320033675029,0,False,True,True,0.0,False,False,1734941688000000000,1734945987000000000,1734941689000000000,validation,1315:22648>1045:22730|82,>=50,False,5.5,<10
BEV2_2024-12-23_drive2.csv,BEV2,2024-12-23 19:01:47+00:00,2024-12-23 19:29:16+00:00,2024-12-23 19:01:48+00:00,34.26964134455173,34.26964134455173,0,False,True,True,0.0,False,False,1734980507000000000,1734982156000000000,1734980508000000000,validation,1213:22666>1318:22645|34,10-50,False,5.5,<10
BEV2_2024-12-24_drive1.csv,BEV2,2024-12-24 15:06:56+00:00,2024-12-24 15:27:06+00:00,2024-12-24 15:06:57+00:00,1.8991132945092213,1.8991132945092213,0,True,True,True,0.0,True,False,1735052816000000000,1735054026000000000,1735052817000000000,validation,1316:22651>1318:22645|1,<2,True,6.5,<10
BEV2_2024-12-24_drive2.csv,BEV2,2024-12-24 17:44:29+00:00,2024-12-24 17:46:43+00:00,2024-12-24 17:44:31+00:00,0.8204976461637046,0.8321047390631122,0,False,True,True,0.0,False,False,1735062269000000000,1735062403000000000,1735062271000000000,validation,1355:22593>1357:22595|0,<2,False,6.0,<10
BEV2_2024-12-26_drive1.csv,BEV2,2024-12-26 14:00:10+00:00,2024-12-26 14:33:11+00:00,2024-12-26 14:00:11+00:00,32.619034050880046,32.65114187987861,0,False,True,True,0.0,False,False,1735221610000000000,1735223591000000000,1735221611000000000,validation,1257:22688>1236:22808|32,10-50,False,6.0,<10
BEV2_2024-12-27_drive1.csv,BEV2,2024-12-27 19:57:02+00:00,2024-12-27 21:07:05+00:00,2024-12-27 19:57:04+00:00,76.13065539898403,76.14129580802447,0,False,True,True,0.0,False,False,1735329422000000000,1735333625000000000,1735329424000000000,validation,1322:22640>1318:22645|76,>=50,False,1.0,<10
BEV2_2024-12-28_drive1.csv,BEV2,2024-12-28 09:08:55+00:00,2024-12-28 09:16:30+00:00,2024-12-28 09:08:57+00:00,6.036809768342013,6.051712555003347,0,False,True,True,0.0,False,False,1735376935000000000,1735377390000000000,1735376937000000000,validation,1315:22642>1323:22642|6,2-10,False,-1.5,<10
BEV2_2024-12-28_drive2.csv,BEV2,2024-12-28 14:41:28+00:00,2024-12-28 14:44:35+00:00,2024-12-28 14:41:29+00:00,0.2836241207103819,0.2836241207103819,0,False,True,True,0.0,False,False,1735396888000000000,1735397075000000000,1735396889000000000,validation,1317:22659>1317:22659|0,<2,False,5.0,<10
BEV2_2024-12-31_drive1.csv,BEV2,2024-12-31 07:58:06+00:00,2024-12-31 08:45:53+00:00,2024-12-31 07:58:07+00:00,39.45851448257286,39.45851448257286,0,False,True,True,0.0,False,False,1735631886000000000,1735634753000000000,1735631887000000000,validation,1251:22709>1318:22645|39,10-50,False,2.5,<10
BEV2_2024-12-31_drive2.csv,BEV2,2024-12-31 12:09:27+00:00,2024-12-31 13:07:06+00:00,2024-12-31 12:09:28+00:00,48.364704264385104,48.364704264385104,0,False,True,True,0.0,False,False,1735646967000000000,1735650426000000000,1735646968000000000,validation,1252:22677>1249:22821|48,10-50,False,4.0,<10
BEV2_2024-12-31_drive3.csv,BEV2,2024-12-31 13:45:04+00:00,2024-12-31 14:14:03+00:00,2024-12-31 13:45:06+00:00,24.92742188912103,24.94451597801409,0,False,True,True,0.0,False,False,1735652704000000000,1735654443000000000,1735652706000000000,validation,1249:22670>1318:22645|24,10-50,False,4.5,<10
BEV2_2024-12-31_drive4.csv,BEV2,2024-12-31 14:55:30+00:00,2024-12-31 14:59:46+00:00,2024-12-31 14:55:32+00:00,2.211539719694997,2.231839538958732,0,False,True,True,0.0,False,False,1735656930000000000,1735657186000000000,1735656932000000000,validation,1444:22625>1451:22628|2,2-10,False,3.0,<10
BEV2_2024-12-31_drive5.csv,BEV2,2024-12-31 15:43:42+00:00,2024-12-31 15:46:54+00:00,2024-12-31 15:43:44+00:00,1.005738818755292,1.019248265721277,0,False,True,True,0.0,False,False,1735659822000000000,1735660014000000000,1735659824000000000,validation,1319:22643>1318:22645|1,<2,False,3.5,<10
BEV2_2025-01-01_drive1.csv,BEV2,2025-01-01 19:23:37+00:00,2025-01-01 19:28:52+00:00,2025-01-01 19:23:39+00:00,2.257253261065658,2.2747077258147645,0,False,True,True,0.0,False,False,1735759417000000000,1735759732000000000,1735759419000000000,validation,1444:22626>1451:22628|2,2-10,False,7.5,<10
BEV2_2025-01-01_drive2.csv,BEV2,2025-01-01 19:54:40+00:00,2025-01-01 20:12:50+00:00,2025-01-01 19:54:42+00:00,23.111077954386523,23.15528224782156,0,False,True,True,0.0,False,False,1735761280000000000,1735762370000000000,1735761282000000000,validation,1392:22619>1318:22645|23,10-50,False,8.0,<10
BEV2_2025-01-02_drive1.csv,BEV2,2025-01-02 11:36:36+00:00,2025-01-02 11:40:33+00:00,2025-01-02 11:36:38+00:00,2.023280650160427,2.023280650160427,0,False,True,True,0.0,False,False,1735817796000000000,1735818033000000000,1735817798000000000,validation,1322:22641>1318:22645|2,2-10,False,6.0,<10
BEV2_2025-01-02_drive2.csv,BEV2,2025-01-02 12:54:11+00:00,2025-01-02 12:58:23+00:00,2025-01-02 12:54:12+00:00,5.527625476614697,5.527625476614697,0,False,True,True,0.0,False,False,1735822451000000000,1735822703000000000,1735822452000000000,validation,1327:22639>1305:22644|5,2-10,False,6.5,<10
BEV2_2025-01-03_drive1.csv,BEV2,2025-01-03 14:15:22+00:00,2025-01-03 14:39:43+00:00,2025-01-03 14:15:23+00:00,25.30098981002015,25.30098981002015,0,False,True,True,0.0,False,False,1735913722000000000,1735915183000000000,1735913723000000000,validation,1245:22746>1249:22824|25,10-50,False,4.5,<10
BEV2_2025-01-03_drive2.csv,BEV2,2025-01-03 23:23:39+00:00,2025-01-03 23:37:45+00:00,2025-01-03 23:23:41+00:00,20.136241419780504,20.191935279027344,0,False,True,True,0.0,False,False,1735946619000000000,1735947465000000000,1735946621000000000,validation,1254:22651>1318:22645|20,10-50,False,1.9,<10
BEV2_2025-01-04_drive1.csv,BEV2,2025-01-04 06:56:07+00:00,2025-01-04 07:39:36+00:00,2025-01-04 06:56:09+00:00,44.6613471737595,44.72927581317904,0,False,True,True,0.0,False,False,1735973767000000000,1735976376000000000,1735973769000000000,validation,1264:22651>1323:22642|44,10-50,False,0.5,<10
BEV2_2025-01-04_drive2.csv,BEV2,2025-01-04 12:11:58+00:00,2025-01-04 12:16:06+00:00,2025-01-04 12:12:00+00:00,2.622949645969426,2.6659346466291645,0,False,True,True,0.0,False,False,1735992718000000000,1735992966000000000,1735992720000000000,validation,1323:22640>1318:22645|2,2-10,False,3.0,<10
BEV2_2025-01-04_drive3.csv,BEV2,2025-01-04 17:25:54+00:00,2025-01-04 17:31:39+00:00,2025-01-04 17:25:55+00:00,1.413134876670006,1.413134876670006,0,False,True,True,0.0,False,False,1736011554000000000,1736011899000000000,1736011555000000000,validation,1311:22646>1315:22647|1,<2,False,1.0,<10
BEV2_2025-01-04_drive4.csv,BEV2,2025-01-04 22:18:33+00:00,2025-01-04 22:41:59+00:00,2025-01-04 22:18:34+00:00,4.429442628565177,4.439667092227584,0,False,True,True,0.0,False,False,1736029113000000000,1736030519000000000,1736029114000000000,validation,1312:22646>1318:22645|4,2-10,False,1.5,<10
BEV2_2025-01-05_drive1.csv,BEV2,2025-01-05 17:51:08+00:00,2025-01-05 17:56:31+00:00,2025-01-05 17:51:09+00:00,1.1378586487451137,1.1378586487451137,0,False,True,True,0.0,False,False,1736099468000000000,1736099791000000000,1736099469000000000,validation,1315:22648>1318:22645|1,<2,True,11.0,10-25
BEV2_2025-01-05_drive2.csv,BEV2,2025-01-05 21:17:21+00:00,2025-01-05 21:20:58+00:00,2025-01-05 21:17:22+00:00,0.6833949753581635,0.6984090427427752,0,False,True,True,0.0,False,False,1736111841000000000,1736112058000000000,1736111842000000000,validation,1216:22636>1214:22636|0,<2,False,10.5,10-25
BEV2_2025-01-05_drive3.csv,BEV2,2025-01-05 21:52:52+00:00,2025-01-05 22:08:16+00:00,2025-01-05 21:52:54+00:00,20.17355318724242,20.2274948484628,0,False,True,True,0.0,False,False,1736113972000000000,1736114896000000000,1736113974000000000,validation,1254:22651>1318:22645|20,10-50,False,10.5,10-25
BEV2_2025-01-05_drive4.csv,BEV2,2025-01-05 22:32:02+00:00,2025-01-05 22:48:40+00:00,2025-01-05 22:32:03+00:00,3.926528810566501,3.926528810566501,0,False,True,True,0.0,False,False,1736116322000000000,1736117320000000000,1736116323000000000,validation,1312:22646>1318:22645|3,2-10,False,10.11111111111111,10-25
BEV2_2025-01-07_drive1.csv,BEV2,2025-01-07 20:04:09+00:00,2025-01-07 20:12:14+00:00,2025-01-07 20:04:10+00:00,1.8625289169661587,1.8625289169661587,0,False,True,True,0.0,False,False,1736280249000000000,1736280734000000000,1736280250000000000,validation,1316:22651>1318:22645|1,<2,True,4.9,<10
BEV2_2025-01-09_drive1.csv,BEV2,2025-01-09 07:26:17+00:00,2025-01-09 07:33:30+00:00,2025-01-09 07:26:18+00:00,1.4068378608114518,1.4068378608114518,0,False,True,True,0.0,False,False,1736407577000000000,1736408010000000000,1736407578000000000,validation,1316:22650>1313:22648|1,<2,False,0.5,<10
BEV2_2025-01-09_drive2.csv,BEV2,2025-01-09 11:41:17+00:00,2025-01-09 11:46:31+00:00,2025-01-09 11:41:19+00:00,0.9910576578199872,1.0014651009965037,0,False,True,True,0.0,False,False,1736422877000000000,1736423191000000000,1736422879000000000,validation,1318:22650>1317:22652|0,<2,False,2.0,<10
BEV2_2025-01-09_drive5.csv,BEV2,2025-01-09 18:12:43+00:00,2025-01-09 18:17:45+00:00,2025-01-09 18:12:44+00:00,0.8449571557091362,0.8449571557091362,0,False,True,True,0.0,False,False,1736446363000000000,1736446665000000000,1736446364000000000,validation,1316:22647>1318:22645|0,<2,False,1.0,<10
BEV2_2025-01-10_drive1.csv,BEV2,2025-01-10 17:24:45+00:00,2025-01-10 17:29:36+00:00,2025-01-10 17:24:47+00:00,1.11212410005564,1.11212410005564,0,False,True,True,0.0,False,False,1736529885000000000,1736530176000000000,1736529887000000000,validation,1315:22648>1318:22645|1,<2,True,0.8,<10
BEV2_2025-01-11_drive1.csv,BEV2,2025-01-11 13:31:38+00:00,2025-01-11 14:56:51+00:00,2025-01-11 13:31:40+00:00,69.19043746881178,69.25814849679332,0,False,True,True,0.0,False,False,1736602298000000000,1736607411000000000,1736602300000000000,validation,1307:22643>1236:22808|69,>=50,False,0.5,<10
BEV2_2025-01-11_drive2.csv,BEV2,2025-01-11 16:39:38+00:00,2025-01-11 17:21:42+00:00,2025-01-11 16:39:39+00:00,47.71901608357816,47.7530435710466,0,False,True,True,0.0,False,False,1736613578000000000,1736616102000000000,1736613579000000000,validation,1245:22743>1318:22645|47,10-50,False,0.5,<10
BEV2_2025-01-12_drive1.csv,BEV2,2025-01-12 08:38:26+00:00,2025-01-12 09:02:55+00:00,2025-01-12 08:38:27+00:00,5.26112592364707,5.26112592364707,0,True,True,True,0.0,True,False,1736671106000000000,1736672575000000000,1736671107000000000,validation,1318:22645>1315:22648|5,2-10,False,-4.5,<10
BEV2_2025-01-12_drive2.csv,BEV2,2025-01-12 17:48:44+00:00,2025-01-12 18:06:54+00:00,2025-01-12 17:48:45+00:00,5.692300788097937,5.692300788097937,0,False,True,True,0.0,False,False,1736704124000000000,1736705214000000000,1736704125000000000,validation,1315:22648>1318:22645|5,2-10,True,2.5,<10
BEV2_2025-01-12_drive3.csv,BEV2,2025-01-12 19:31:01+00:00,2025-01-12 19:32:46+00:00,2025-01-12 19:31:02+00:00,0.6839481113135991,0.6839481113135991,0,False,True,True,0.0,False,False,1736710261000000000,1736710366000000000,1736710262000000000,validation,1314:22649>1313:22647|0,<2,False,2.5,<10
BEV2_2025-01-15_drive1.csv,BEV2,2025-01-15 13:32:08+00:00,2025-01-15 13:53:07+00:00,2025-01-15 13:32:10+00:00,10.995335405913488,10.996689129508402,0,False,True,True,0.0,False,False,1736947928000000000,1736949187000000000,1736947930000000000,validation,1242:22665>1214:22666|10,10-50,False,7.5,<10
BEV2_2025-01-16_drive1.csv,BEV2,2025-01-16 19:58:33+00:00,2025-01-16 21:24:47+00:00,2025-01-16 19:58:35+00:00,111.3154689649487,111.3493757353923,0,False,True,True,0.0,False,False,1737057513000000000,1737062687000000000,1737057515000000000,validation,967:22653>1316:22651|111,>=50,False,4.0,<10
BEV2_2025-01-17_drive1.csv,BEV2,2025-01-17 07:08:22+00:00,2025-01-17 07:55:40+00:00,2025-01-17 07:08:23+00:00,77.65396364356302,77.67149027211377,0,False,True,True,0.0,False,False,1737097702000000000,1737100540000000000,1737097703000000000,validation,1322:22641>1552:22706|77,>=50,False,-0.5,<10
BEV2_2025-01-17_drive2.csv,BEV2,2025-01-17 16:31:27+00:00,2025-01-17 17:28:46+00:00,2025-01-17 16:31:28+00:00,56.276541366876366,56.276541366876366,0,False,True,True,0.0,False,False,1737131487000000000,1737134926000000000,1737131488000000000,validation,1373:22691>1252:22724|56,>=50,False,1.0,<10
BEV2_2025-01-18_drive1.csv,BEV2,2025-01-18 08:00:56+00:00,2025-01-18 08:22:16+00:00,2025-01-18 08:00:58+00:00,33.04237412333335,33.10782938432999,0,False,True,True,0.0,False,False,1737187256000000000,1737188536000000000,1737187258000000000,validation,1258:22695>1323:22642|33,10-50,False,0.5,<10
BEV2_2025-01-20_drive1.csv,BEV2,2025-01-20 10:40:12+00:00,2025-01-20 10:44:07+00:00,2025-01-20 10:40:13+00:00,1.2058487550949717,1.2058487550949717,0,False,True,True,0.0,False,False,1737369612000000000,1737369847000000000,1737369613000000000,validation,1315:22648>1318:22645|1,<2,True,-0.5,<10
BEV2_2025-01-22_drive1.csv,BEV2,2025-01-22 07:32:18+00:00,2025-01-22 08:01:24+00:00,2025-01-22 07:32:20+00:00,41.48947401782017,41.52338888993914,0,False,True,True,0.0,False,False,1737531138000000000,1737532884000000000,1737531140000000000,validation,1401:22688>1552:22706|41,10-50,False,3.0,<10
BEV2_2025-01-22_drive2.csv,BEV2,2025-01-22 16:36:01+00:00,2025-01-22 17:05:16+00:00,2025-01-22 16:36:03+00:00,30.74494045498072,30.79655422589813,0,False,True,True,0.0,False,False,1737563761000000000,1737565516000000000,1737563763000000000,validation,1403:22686>1317:22651|30,10-50,False,6.5,<10
BEV2_2025-01-24_drive1.csv,BEV2,2025-01-24 07:16:25+00:00,2025-01-24 08:36:48+00:00,2025-01-24 07:16:26+00:00,47.5806165520766,47.61463610332609,0,False,True,True,0.0,False,False,1737702985000000000,1737707808000000000,1737702986000000000,calibration,1258:22697>1236:22808|47,10-50,False,9.0,<10
BEV2_2025-01-24_drive2.csv,BEV2,2025-01-24 13:31:16+00:00,2025-01-24 14:09:08+00:00,2025-01-24 13:31:18+00:00,26.210768760137324,26.24023221626554,0,False,True,True,0.0,False,False,1737725476000000000,1737727748000000000,1737725478000000000,calibration,1252:22677>1313:22648|26,10-50,False,9.0,<10
BEV2_2025-01-25_drive2.csv,BEV2,2025-01-25 16:52:03+00:00,2025-01-25 17:05:08+00:00,2025-01-25 16:52:04+00:00,3.929120728425975,3.940138419631315,0,False,True,True,0.0,False,False,1737823923000000000,1737824708000000000,1737823924000000000,calibration,1321:22657>1318:22645|3,2-10,False,7.0,<10
BEV2_2025-01-27_drive1.csv,BEV2,2025-01-27 06:54:32+00:00,2025-01-27 07:17:06+00:00,2025-01-27 06:54:34+00:00,22.01992544079129,22.08472966468159,0,False,True,True,0.0,False,False,1737960872000000000,1737962226000000000,1737960874000000000,calibration,1472:22710>1552:22706|22,10-50,False,10.5,10-25
BEV2_2025-01-27_drive2.csv,BEV2,2025-01-27 15:18:10+00:00,2025-01-27 15:43:17+00:00,2025-01-27 15:18:11+00:00,22.47050150071956,22.47050150071956,0,False,True,True,0.0,False,False,1737991090000000000,1737992597000000000,1737991091000000000,calibration,1372:22691>1315:22648|22,10-50,False,12.0,10-25
BEV2_2025-01-29_drive1.csv,BEV2,2025-01-29 07:24:14+00:00,2025-01-29 07:46:16+00:00,2025-01-29 07:24:16+00:00,25.16407183284633,25.19637590588059,0,False,True,True,0.0,False,False,1738135454000000000,1738136776000000000,1738135456000000000,calibration,1459:22708>1552:22706|25,10-50,False,7.0,<10
BEV2_2025-01-29_drive2.csv,BEV2,2025-01-29 14:38:48+00:00,2025-01-29 15:36:52+00:00,2025-01-29 14:38:50+00:00,80.51052243348114,80.51089998673908,0,False,True,True,0.0,False,False,1738161528000000000,1738165012000000000,1738161530000000000,calibration,1552:22706>1318:22645|80,>=50,True,9.0,<10
BEV2_2025-01-30_drive1.csv,BEV2,2025-01-30 13:24:14+00:00,2025-01-30 14:20:25+00:00,2025-01-30 13:24:15+00:00,37.6331220989572,37.6331220989572,1,False,True,True,0.0,False,False,1738243454000000000,1738246825000000000,1738243455000000000,calibration,1318:22645>1318:22646|37,10-50,False,6.0,<10
BEV2_2025-01-30_drive2.csv,BEV2,2025-01-30 15:15:35+00:00,2025-01-30 16:02:00+00:00,2025-01-30 15:15:36+00:00,26.144305330387542,26.144416525468923,0,False,True,True,0.0,False,False,1738250135000000000,1738252920000000000,1738250136000000000,calibration,1318:22646>1318:22645|26,10-50,False,6.0,<10
BEV2_2025-01-30_drive3.csv,BEV2,2025-01-30 17:21:10+00:00,2025-01-30 17:38:56+00:00,2025-01-30 17:21:12+00:00,3.678830343086823,3.678961839529912,0,False,True,True,0.0,False,False,1738257670000000000,1738258736000000000,1738257672000000000,calibration,1318:22645>1318:22645|3,2-10,True,5.0,<10
BEV2_2025-01-31_drive1.csv,BEV2,2025-01-31 11:21:56+00:00,2025-01-31 11:30:15+00:00,2025-01-31 11:21:58+00:00,2.047377237699326,2.047377237699326,0,False,True,True,0.0,False,False,1738322516000000000,1738323015000000000,1738322518000000000,calibration,1318:22645>1313:22648|2,2-10,True,5.5,<10
BEV2_2025-01-31_drive2.csv,BEV2,2025-01-31 15:28:32+00:00,2025-01-31 15:29:40+00:00,2025-01-31 15:28:34+00:00,0.1624387283195564,0.1625702205999715,0,False,True,True,0.0,False,False,1738337312000000000,1738337380000000000,1738337314000000000,calibration,1313:22648>1313:22647|0,<2,True,9.0,<10
BEV2_2025-01-31_drive3.csv,BEV2,2025-01-31 16:56:15+00:00,2025-01-31 17:05:57+00:00,2025-01-31 16:56:17+00:00,2.3877621813492587,2.3878936740610985,0,False,True,True,0.0,False,False,1738342575000000000,1738343157000000000,1738342577000000000,calibration,1313:22647>1318:22645|2,2-10,True,7.0,<10
BEV2_2025-02-01_drive1.csv,BEV2,2025-02-01 13:22:12+00:00,2025-02-01 13:27:15+00:00,2025-02-01 13:22:13+00:00,1.903563224085679,1.903563224085679,0,False,True,True,0.0,False,False,1738416132000000000,1738416435000000000,1738416133000000000,calibration,1318:22645>1313:22647|1,<2,True,9.5,<10
BEV2_2025-02-01_drive2.csv,BEV2,2025-02-01 17:47:53+00:00,2025-02-01 17:56:16+00:00,2025-02-01 17:47:55+00:00,3.0724445939006,3.0724445939006,0,False,True,True,0.0,False,False,1738432073000000000,1738432576000000000,1738432075000000000,calibration,1313:22647>1319:22651|3,2-10,False,5.5,<10
BEV2_2025-02-01_drive3.csv,BEV2,2025-02-01 17:57:47+00:00,2025-02-01 18:03:21+00:00,2025-02-01 17:57:49+00:00,1.893172976752305,1.8932841718322704,0,False,True,True,0.0,False,False,1738432667000000000,1738433001000000000,1738432669000000000,calibration,1319:22651>1313:22647|1,<2,False,3.0,<10
BEV2_2025-02-01_drive4.csv,BEV2,2025-02-01 18:37:45+00:00,2025-02-01 18:45:07+00:00,2025-02-01 18:37:47+00:00,2.3863622864563565,2.3865954888834544,0,False,True,True,0.0,False,False,1738435065000000000,1738435507000000000,1738435067000000000,calibration,1313:22647>1318:22645|2,2-10,True,3.0,<10
BEV2_2025-02-01_drive5.csv,BEV2,2025-02-01 20:23:04+00:00,2025-02-01 20:28:13+00:00,2025-02-01 20:23:06+00:00,1.9081482756613093,1.9083273628164528,0,False,True,True,0.0,False,False,1738441384000000000,1738441693000000000,1738441386000000000,calibration,1318:22645>1313:22647|1,<2,True,0.5,<10
BEV2_2025-02-01_drive6.csv,BEV2,2025-02-01 23:30:44+00:00,2025-02-01 23:36:16+00:00,2025-02-01 23:30:46+00:00,2.388434526586629,2.389329907662623,0,False,True,True,0.0,False,False,1738452644000000000,1738452976000000000,1738452646000000000,calibration,1313:22647>1318:22645|2,2-10,True,1.0,<10
BEV2_2025-02-02_drive1.csv,BEV2,2025-02-02 08:33:45+00:00,2025-02-02 08:45:51+00:00,2025-02-02 08:33:47+00:00,1.9044134265130128,1.9045449229538964,0,False,True,True,0.0,False,False,1738485225000000000,1738485951000000000,1738485227000000000,calibration,1318:22645>1313:22647|1,<2,True,-3.5,<10
BEV2_2025-02-02_drive2.csv,BEV2,2025-02-02 10:13:36+00:00,2025-02-02 10:21:18+00:00,2025-02-02 10:13:38+00:00,2.3873005483360004,2.3873005483360004,0,False,True,True,0.0,False,False,1738491216000000000,1738491678000000000,1738491218000000000,calibration,1313:22647>1318:22645|2,2-10,True,-1.5,<10
BEV2_2025-02-02_drive3.csv,BEV2,2025-02-02 13:46:54+00:00,2025-02-02 13:54:20+00:00,2025-02-02 13:46:56+00:00,1.90400154958526,1.90400154958526,0,False,True,True,0.0,False,False,1738504014000000000,1738504460000000000,1738504016000000000,calibration,1318:22645>1313:22647|1,<2,True,9.0,<10
BEV2_2025-02-02_drive4.csv,BEV2,2025-02-02 17:53:59+00:00,2025-02-02 17:59:35+00:00,2025-02-02 17:54:01+00:00,2.363639371630659,2.363639371630659,0,False,True,True,0.0,False,False,1738518839000000000,1738519175000000000,1738518841000000000,calibration,1313:22647>1318:22645|2,2-10,True,4.5,<10
BEV2_2025-02-02_drive5.csv,BEV2,2025-02-02 18:01:15+00:00,2025-02-02 18:33:17+00:00,2025-02-02 18:01:17+00:00,6.335295766457872,6.335295766457872,0,False,True,True,0.0,False,False,1738519275000000000,1738521197000000000,1738519277000000000,calibration,1318:22645>1316:22651|6,2-10,False,1.0,<10
BEV2_2025-02-02_drive6.csv,BEV2,2025-02-02 18:42:38+00:00,2025-02-02 18:48:56+00:00,2025-02-02 18:42:40+00:00,1.9720580333922264,1.972128207170808,0,False,True,True,0.0,False,False,1738521758000000000,1738522136000000000,1738521760000000000,calibration,1316:22651>1318:22645|1,<2,True,1.0,<10
BEV2_2025-02-02_drive7.csv,BEV2,2025-02-02 19:43:43+00:00,2025-02-02 19:48:19+00:00,2025-02-02 19:43:44+00:00,1.9013383555861767,1.9013383555861767,0,False,True,True,0.0,False,False,1738525423000000000,1738525699000000000,1738525424000000000,calibration,1318:22645>1313:22647|1,<2,True,0.0,<10
BEV2_2025-02-02_drive8.csv,BEV2,2025-02-02 22:41:10+00:00,2025-02-02 22:47:20+00:00,2025-02-02 22:41:12+00:00,2.395417523195289,2.3959779111242447,0,False,True,True,0.0,False,False,1738536070000000000,1738536440000000000,1738536072000000000,calibration,1313:22647>1318:22645|2,2-10,True,-1.0,<10
BEV2_2025-02-03_drive1.csv,BEV2,2025-02-03 05:38:14+00:00,2025-02-03 06:07:50+00:00,2025-02-03 05:38:16+00:00,4.021469601746867,4.021469601746867,0,False,True,True,0.0,False,False,1738561094000000000,1738562870000000000,1738561096000000000,calibration,1318:22645>1321:22655|4,2-10,False,-3.0,<10
BEV2_2025-02-03_drive2.csv,BEV2,2025-02-03 06:09:13+00:00,2025-02-03 06:09:30+00:00,2025-02-03 06:09:15+00:00,0.0134968927921962,0.0136283710309741,0,False,True,False,0.0,False,False,1738562953000000000,1738562970000000000,1738562955000000000,calibration,1321:22655>1321:22655|0,<2,False,-5.4,<10
BEV2_2025-02-03_drive3.csv,BEV2,2025-02-03 06:19:42+00:00,2025-02-03 06:30:58+00:00,2025-02-03 06:19:44+00:00,3.6029018450410177,3.6029018450410177,1,False,True,True,0.0,False,False,1738563582000000000,1738564258000000000,1738563584000000000,calibration,1321:22655>1313:22648|3,2-10,False,-4.5,<10
BEV2_2025-02-03_drive4.csv,BEV2,2025-02-03 08:35:53+00:00,2025-02-03 08:37:00+00:00,2025-02-03 08:35:54+00:00,0.0111011838284775,0.0111011838284775,0,False,True,False,0.0,False,False,1738571753000000000,1738571820000000000,1738571754000000000,calibration,1313:22648>1313:22648|0,<2,True,3.0,<10
BEV2_2025-02-03_drive5.csv,BEV2,2025-02-03 16:07:51+00:00,2025-02-03 16:13:58+00:00,2025-02-03 16:07:52+00:00,1.6109585510572892,1.6109585510572892,0,False,True,True,0.0,False,False,1738598871000000000,1738599238000000000,1738598872000000000,calibration,1313:22648>1315:22647|1,<2,False,7.5,<10
BEV2_2025-02-03_drive6.csv,BEV2,2025-02-03 19:38:58+00:00,2025-02-03 19:49:15+00:00,2025-02-03 19:39:00+00:00,1.89906809137102,1.89906809137102,0,False,True,True,0.0,False,False,1738611538000000000,1738612155000000000,1738611540000000000,calibration,1318:22645>1313:22647|1,<2,True,0.5,<10
BEV2_2025-02-03_drive7.csv,BEV2,2025-02-03 23:26:12+00:00,2025-02-03 23:31:57+00:00,2025-02-03 23:26:14+00:00,2.384101955187475,2.384101955187475,0,False,True,True,0.0,False,False,1738625172000000000,1738625517000000000,1738625174000000000,calibration,1313:22647>1318:22645|2,2-10,True,0.5,<10
BEV2_2025-02-04_drive1.csv,BEV2,2025-02-04 06:36:23+00:00,2025-02-04 06:46:34+00:00,2025-02-04 06:36:25+00:00,2.137659061571901,2.137659061571901,0,False,True,True,0.0,False,False,1738650983000000000,1738651594000000000,1738650985000000000,calibration,1318:22645>1313:22647|2,2-10,True,1.0,<10
BEV2_2025-02-04_drive2.csv,BEV2,2025-02-04 07:16:47+00:00,2025-02-04 08:16:02+00:00,2025-02-04 07:16:49+00:00,30.59770795295363,30.59770795295363,0,False,True,True,0.0,False,False,1738653407000000000,1738656962000000000,1738653409000000000,calibration,1313:22647>1227:22658|30,10-50,False,1.0,<10
BEV2_2025-02-04_drive3.csv,BEV2,2025-02-04 13:35:38+00:00,2025-02-04 14:14:02+00:00,2025-02-04 13:35:40+00:00,27.320056239865867,27.320056239865867,0,False,True,True,0.0,False,False,1738676138000000000,1738678442000000000,1738676140000000000,calibration,1227:22658>1313:22647|27,10-50,False,5.0,<10
BEV2_2025-02-04_drive4.csv,BEV2,2025-02-04 16:13:32+00:00,2025-02-04 16:25:19+00:00,2025-02-04 16:13:34+00:00,2.393109502894594,2.3931796883262013,0,False,True,True,0.0,False,False,1738685612000000000,1738686319000000000,1738685614000000000,calibration,1313:22647>1318:22645|2,2-10,True,4.5,<10
BEV2_2025-02-05_drive1.csv,BEV2,2025-02-05 10:04:47+00:00,2025-02-05 10:40:32+00:00,2025-02-05 10:04:49+00:00,55.606129880495104,55.635453232687226,0,False,True,True,0.0,False,False,1738749887000000000,1738752032000000000,1738749889000000000,calibration,1347:22690>1552:22706|55,>=50,False,5.3,<10
BEV2_2025-02-05_drive2.csv,BEV2,2025-02-05 16:45:59+00:00,2025-02-05 17:26:12+00:00,2025-02-05 16:46:00+00:00,64.31613279172083,64.35127552588914,0,False,True,True,0.0,False,False,1738773959000000000,1738776372000000000,1738773960000000000,calibration,1491:22714>1318:22645|64,>=50,False,5.5,<10
BEV2_2025-02-06_drive1.csv,BEV2,2025-02-06 07:05:16+00:00,2025-02-06 08:03:43+00:00,2025-02-06 07:05:18+00:00,57.02557670720729,57.02564682458764,0,False,True,True,0.0,False,False,1738825516000000000,1738829023000000000,1738825518000000000,calibration,1321:22667>1552:22706|57,>=50,False,3.5,<10
BEV2_2025-02-06_drive2.csv,BEV2,2025-02-06 16:24:40+00:00,2025-02-06 17:07:12+00:00,2025-02-06 16:24:42+00:00,53.9697933518692,53.99522759656772,0,False,True,True,0.0,False,False,1738859080000000000,1738861632000000000,1738859082000000000,calibration,1482:22712>1318:22645|53,>=50,False,6.0,<10
BEV2_2025-02-07_drive1.csv,BEV2,2025-02-07 13:29:43+00:00,2025-02-07 14:13:19+00:00,2025-02-07 13:29:44+00:00,50.74091944229572,50.74091944229572,0,False,True,True,0.0,False,False,1738934983000000000,1738937599000000000,1738934984000000000,calibration,1263:22656>1245:22822|50,>=50,False,5.5,<10
BEV2_2025-02-07_drive2.csv,BEV2,2025-02-07 14:42:06+00:00,2025-02-07 14:43:34+00:00,2025-02-07 14:42:08+00:00,0.0885984708991512,0.0887296737182926,0,False,True,False,0.0,False,False,1738939326000000000,1738939414000000000,1738939328000000000,calibration,1236:22808>1236:22808|0,<2,False,5.5,<10
BEV2_2025-02-07_drive3.csv,BEV2,2025-02-07 16:13:37+00:00,2025-02-07 16:49:02+00:00,2025-02-07 16:13:38+00:00,40.47227972223886,40.47227972223886,0,False,True,True,0.0,False,False,1738944817000000000,1738946942000000000,1738944818000000000,calibration,1236:22797>1256:22662|40,10-50,False,,missing
BEV2_2025-02-09_drive1.csv,BEV2,2025-02-09 19:30:06+00:00,2025-02-09 19:39:56+00:00,2025-02-09 19:30:08+00:00,7.250259789888304,7.3137035714996355,0,False,True,True,0.0,False,False,1739129406000000000,1739129996000000000,1739129408000000000,calibration,1309:22642>1316:22647|7,2-10,False,7.0,<10
BEV2_2025-02-11_drive1.csv,BEV2,2025-02-11 06:10:19+00:00,2025-02-11 06:53:42+00:00,2025-02-11 06:10:21+00:00,17.537580799828916,17.553468590175235,0,False,True,True,0.0,False,False,1739254219000000000,1739256822000000000,1739254221000000000,calibration,1280:22650>1221:22644|17,10-50,False,1.6,<10
BEV2_2025-02-11_drive2.csv,BEV2,2025-02-11 20:10:04+00:00,2025-02-11 20:37:36+00:00,2025-02-11 20:10:05+00:00,22.79054166820153,22.79054166820153,0,False,True,True,0.0,False,False,1739304604000000000,1739306256000000000,1739304605000000000,calibration,1268:22651>1318:22645|22,10-50,False,4.0,<10
BEV2_2025-02-12_drive1.csv,BEV2,2025-02-12 06:45:17+00:00,2025-02-12 07:22:42+00:00,2025-02-12 06:45:19+00:00,13.719485195650424,13.72839730548926,0,False,True,True,0.0,False,False,1739342717000000000,1739344962000000000,1739342719000000000,calibration,1267:22651>1221:22644|13,10-50,False,3.5,<10
BEV2_2025-02-12_drive2.csv,BEV2,2025-02-12 17:10:55+00:00,2025-02-12 17:51:09+00:00,2025-02-12 17:10:56+00:00,28.63469794933195,28.63469794933195,0,False,True,True,0.0,False,False,1739380255000000000,1739382669000000000,1739380256000000000,calibration,1221:22652>1256:22718|28,10-50,False,6.0,<10
BEV2_2025-02-12_drive3.csv,BEV2,2025-02-12 20:38:24+00:00,2025-02-12 20:51:24+00:00,2025-02-12 20:38:26+00:00,8.576898913970007,8.600023015248746,0,False,True,True,0.0,False,False,1739392704000000000,1739393484000000000,1739392706000000000,calibration,1251:22651>1221:22644|8,2-10,False,5.0,<10
BEV2_2025-02-14_drive1.csv,BEV2,2025-02-14 15:25:39+00:00,2025-02-14 15:50:07+00:00,2025-02-14 15:25:40+00:00,27.52092698523528,27.537448856074946,0,False,True,True,0.0,False,False,1739546739000000000,1739548207000000000,1739546740000000000,calibration,1228:22639>1318:22645|27,10-50,False,3.5,<10
BEV2_2025-02-14_drive2.csv,BEV2,2025-02-14 16:07:06+00:00,2025-02-14 16:18:54+00:00,2025-02-14 16:07:08+00:00,1.125121533458207,1.125121533458207,2,False,False,True,0.0,False,False,1739549226000000000,1739549934000000000,1739549228000000000,calibration,1318:22645>1318:22645|1,<2,True,1.5,<10
BEV2_2025-02-15_drive1.csv,BEV2,2025-02-15 08:44:29+00:00,2025-02-15 08:56:04+00:00,2025-02-15 08:44:30+00:00,1.963639933965092,1.963639933965092,0,False,True,True,0.0,False,False,1739609069000000000,1739609764000000000,1739609070000000000,calibration,1318:22645>1316:22651|1,<2,True,0.5,<10
BEV2_2025-02-15_drive2.csv,BEV2,2025-02-15 09:56:15+00:00,2025-02-15 09:59:48+00:00,2025-02-15 09:56:17+00:00,0.8468255457353029,0.8468255457353029,0,False,True,True,0.0,False,False,1739613375000000000,1739613588000000000,1739613377000000000,calibration,1316:22651>1317:22652|0,<2,False,2.0,<10
BEV2_2025-02-15_drive3.csv,BEV2,2025-02-15 12:52:47+00:00,2025-02-15 12:56:44+00:00,2025-02-15 12:52:49+00:00,0.785815510308064,0.785815510308064,0,False,True,True,0.0,False,False,1739623967000000000,1739624204000000000,1739623969000000000,calibration,1317:22652>1316:22651|0,<2,False,8.0,<10
BEV2_2025-02-15_drive4.csv,BEV2,2025-02-15 17:09:30+00:00,2025-02-15 17:20:49+00:00,2025-02-15 17:09:31+00:00,1.915174963554424,1.915174963554424,0,False,True,True,0.0,False,False,1739639370000000000,1739640049000000000,1739639371000000000,calibration,1316:22651>1318:22645|1,<2,True,3.5,<10
BEV2_2025-02-15_drive5.csv,BEV2,2025-02-15 18:17:14+00:00,2025-02-15 20:30:29+00:00,2025-02-15 18:17:16+00:00,154.92757886393093,154.92757886393093,0,False,True,True,0.0,False,False,1739643434000000000,1739651429000000000,1739643436000000000,calibration,1318:22645>1317:22652|154,>=50,False,2.5,<10
BEV2_2025-02-15_drive6.csv,BEV2,2025-02-15 21:06:14+00:00,2025-02-15 21:12:59+00:00,2025-02-15 21:06:16+00:00,2.3228912771871792,2.3228912771871792,0,False,True,True,0.0,False,False,1739653574000000000,1739653979000000000,1739653576000000000,calibration,1317:22652>1318:22645|2,2-10,True,4.0,<10
BEV2_2025-02-16_drive1.csv,BEV2,2025-02-16 09:03:11+00:00,2025-02-16 09:12:09+00:00,2025-02-16 09:03:13+00:00,3.4648047377230498,3.465015312911349,0,False,True,True,0.0,False,False,1739696591000000000,1739697129000000000,1739696593000000000,future,1318:22645>1318:22654|3,2-10,False,0.5,<10
BEV2_2025-02-16_drive2.csv,BEV2,2025-02-16 11:07:17+00:00,2025-02-16 11:21:18+00:00,2025-02-16 11:07:18+00:00,3.7526095837196434,3.7526095837196434,0,True,True,True,0.0,True,False,1739704037000000000,1739704878000000000,1739704038000000000,future,1318:22654>1318:22645|3,2-10,False,2.0,<10
BEV2_2025-02-16_drive3.csv,BEV2,2025-02-16 12:50:20+00:00,2025-02-16 14:46:56+00:00,2025-02-16 12:50:22+00:00,144.13192368913354,144.13192368913354,0,False,True,True,0.0,False,False,1739710220000000000,1739717216000000000,1739710222000000000,future,1318:22645>1236:22808|144,>=50,False,6.833333333333333,<10
BEV2_2025-02-16_drive4.csv,BEV2,2025-02-16 16:09:13+00:00,2025-02-16 16:28:49+00:00,2025-02-16 16:09:16+00:00,7.558125846950912,7.558125846950912,0,False,True,True,0.0,False,False,1739722153000000000,1739723329000000000,1739722156000000000,future,1236:22808>1245:22822|7,2-10,True,10.5,10-25
BEV2_2025-02-16_drive6.csv,BEV2,2025-02-16 18:36:28+00:00,2025-02-16 19:18:51+00:00,2025-02-16 18:36:29+00:00,8.858794019318127,8.858794019318127,0,False,True,True,0.0,False,False,1739730988000000000,1739733531000000000,1739730989000000000,future,1313:22659>1318:22645|8,2-10,False,1.0,<10
BEV2_2025-02-16_drive7.csv,BEV2,2025-02-16 20:23:40+00:00,2025-02-16 20:35:49+00:00,2025-02-16 20:23:42+00:00,2.3249036679673667,2.3249036679673667,1,False,False,True,0.0,False,False,1739737420000000000,1739738149000000000,1739737422000000000,future,1318:22645>1316:22651|2,2-10,True,3.5,<10
BEV2_2025-02-16_drive8.csv,BEV2,2025-02-16 20:45:29+00:00,2025-02-16 20:52:57+00:00,2025-02-16 20:45:32+00:00,1.9111704988165577,1.9113019850311024,0,False,True,True,0.0,False,False,1739738729000000000,1739739177000000000,1739738732000000000,future,1316:22651>1318:22645|1,<2,True,1.5,<10
BEV2_2025-02-17_drive1.csv,BEV2,2025-02-17 06:41:10+00:00,2025-02-17 06:52:00+00:00,2025-02-17 06:41:13+00:00,2.190139810840789,2.190139810840789,0,False,True,True,0.0,False,False,1739774470000000000,1739775120000000000,1739774473000000000,future,1318:22645>1313:22648|2,2-10,True,-4.0,<10
BEV2_2025-02-17_drive2.csv,BEV2,2025-02-17 11:25:44+00:00,2025-02-17 11:54:11+00:00,2025-02-17 11:25:46+00:00,9.32632800202159,9.326636298559665,0,False,True,True,0.0,False,False,1739791544000000000,1739793251000000000,1739791546000000000,future,1313:22648>1313:22648|9,2-10,False,5.0,<10
BEV2_2025-02-17_drive3.csv,BEV2,2025-02-17 13:55:46+00:00,2025-02-17 13:59:30+00:00,2025-02-17 13:55:47+00:00,1.1232292059132358,1.1232292059132358,0,False,True,True,0.0,False,False,1739800546000000000,1739800770000000000,1739800547000000000,future,1315:22648>1318:22645|1,<2,True,5.5,<10
BEV2_2025-02-19_drive1.csv,BEV2,2025-02-19 08:58:30+00:00,2025-02-19 09:32:22+00:00,2025-02-19 08:58:31+00:00,50.84281879191627,50.84281879191627,0,False,True,True,0.0,False,False,1739955510000000000,1739957542000000000,1739955511000000000,future,1345:22688>1552:22706|50,>=50,False,1.5,<10
BEV2_2025-02-19_drive2.csv,BEV2,2025-02-19 16:07:00+00:00,2025-02-19 16:39:58+00:00,2025-02-19 16:07:01+00:00,53.44049824717472,53.4757334480057,0,False,True,True,0.0,False,False,1739981220000000000,1739983198000000000,1739981221000000000,future,1475:22710>1313:22647|53,>=50,False,7.0,<10
BEV2_2025-02-21_drive1.csv,BEV2,2025-02-21 17:52:41+00:00,2025-02-21 18:12:56+00:00,2025-02-21 17:52:42+00:00,3.9046485454981417,3.9046485454981417,0,False,True,True,0.0,False,False,1740160361000000000,1740161576000000000,1740160362000000000,future,1316:22651>1318:22645|3,2-10,True,16.0,10-25
BEV2_2025-02-22_drive1.csv,BEV2,2025-02-22 10:41:42+00:00,2025-02-22 11:04:14+00:00,2025-02-22 10:41:43+00:00,3.405278482442593,3.405278482442593,0,False,True,True,0.0,False,False,1740220902000000000,1740222254000000000,1740220903000000000,future,1320:22653>1318:22645|3,2-10,True,11.5,10-25
BEV2_2025-02-23_drive1.csv,BEV2,2025-02-23 08:37:49+00:00,2025-02-23 08:41:49+00:00,2025-02-23 08:37:51+00:00,1.271634451827809,1.282581974863256,0,False,True,True,0.0,False,False,1740299869000000000,1740300109000000000,1740299871000000000,future,1314:22647>1314:22648|1,<2,False,8.5,<10
BEV2_2025-02-24_drive1.csv,BEV2,2025-02-24 15:10:53+00:00,2025-02-24 15:17:05+00:00,2025-02-24 15:10:55+00:00,1.1573813516416795,1.1706104529401165,0,False,True,True,0.0,False,False,1740409853000000000,1740410225000000000,1740409855000000000,future,1316:22648>1318:22645|1,<2,False,11.5,10-25
BEV2_2025-02-24_drive2.csv,BEV2,2025-02-24 15:39:32+00:00,2025-02-24 15:40:04+00:00,2025-02-24 15:39:33+00:00,0.0242096489542456,0.0242096489542456,0,False,True,False,0.0,False,False,1740411572000000000,1740411604000000000,1740411573000000000,future,1318:22645>1318:22645|0,<2,True,11.5,10-25
BEV2_2025-02-26_drive1.csv,BEV2,2025-02-26 07:46:32+00:00,2025-02-26 07:51:57+00:00,2025-02-26 07:46:34+00:00,1.2273510313313534,1.2354694889749225,0,False,True,True,0.0,False,False,1740555992000000000,1740556317000000000,1740555994000000000,future,1549:22708>1552:22706|1,<2,False,5.2,<10
BEV2_2025-02-26_drive2.csv,BEV2,2025-02-26 17:24:15+00:00,2025-02-26 18:18:16+00:00,2025-02-26 17:24:16+00:00,83.0393485182459,83.0393485182459,0,False,True,True,0.0,False,False,1740590655000000000,1740593896000000000,1740590656000000000,future,1552:22706>1318:22646|83,>=50,False,9.0,<10
BEV2_2025-02-27_drive1.csv,BEV2,2025-02-27 06:39:52+00:00,2025-02-27 06:43:53+00:00,2025-02-27 06:39:54+00:00,0.559573878861594,0.5596850739422672,0,False,True,True,0.0,False,False,1740638392000000000,1740638633000000000,1740638394000000000,future,1318:22646>1318:22645|0,<2,True,3.5,<10
BEV2_2025-02-27_drive2.csv,BEV2,2025-02-27 06:51:25+00:00,2025-02-27 07:17:26+00:00,2025-02-27 06:51:27+00:00,6.179687399146404,6.179687399146404,0,False,True,True,0.0,False,False,1740639085000000000,1740640646000000000,1740639087000000000,future,1318:22645>1313:22648|6,2-10,True,3.5,<10
BEV2_2025-02-27_drive3.csv,BEV2,2025-02-27 16:54:34+00:00,2025-02-27 17:10:22+00:00,2025-02-27 16:54:36+00:00,4.013509123211172,4.013509123211172,0,False,True,True,0.0,False,False,1740675274000000000,1740676222000000000,1740675276000000000,future,1313:22648>1320:22653|4,2-10,False,9.9,<10
BEV2_2025-02-27_drive4.csv,BEV2,2025-02-27 17:14:09+00:00,2025-02-27 17:24:33+00:00,2025-02-27 17:14:10+00:00,2.5704360672623,2.5704360672623,0,False,True,True,0.0,False,False,1740676449000000000,1740677073000000000,1740676450000000000,future,1320:22653>1318:22645|2,2-10,True,7.5,<10
BEV2_2025-02-28_drive1.csv,BEV2,2025-02-28 06:53:20+00:00,2025-02-28 07:03:49+00:00,2025-02-28 06:53:22+00:00,2.282043840957292,2.282043840957292,0,False,True,True,0.0,False,False,1740725600000000000,1740726229000000000,1740725602000000000,future,1318:22645>1313:22648|2,2-10,True,5.0,<10
BEV2_2025-02-28_drive2.csv,BEV2,2025-02-28 08:55:15+00:00,2025-02-28 09:04:18+00:00,2025-02-28 08:55:17+00:00,1.7733197798327485,1.7733197798327485,0,False,True,True,0.0,False,False,1740732915000000000,1740733458000000000,1740732917000000000,future,1313:22648>1315:22645|1,<2,False,8.5,<10
BEV2_2025-02-28_drive3.csv,BEV2,2025-02-28 09:05:55+00:00,2025-02-28 09:16:01+00:00,2025-02-28 09:05:57+00:00,2.809637566308657,2.8097487613886227,0,False,True,True,0.0,False,False,1740733555000000000,1740734161000000000,1740733557000000000,future,1315:22645>1311:22648|2,2-10,False,7.0,<10
BEV2_2025-02-28_drive4.csv,BEV2,2025-02-28 11:02:26+00:00,2025-02-28 11:08:10+00:00,2025-02-28 11:02:28+00:00,1.6150847641488602,1.6152162546945918,0,False,True,True,0.0,False,False,1740740546000000000,1740740890000000000,1740740548000000000,future,1311:22648>1313:22648|1,<2,False,7.0,<10
BEV2_2025-02-28_drive5.csv,BEV2,2025-02-28 18:32:52+00:00,2025-02-28 18:42:46+00:00,2025-02-28 18:32:54+00:00,2.540085600100717,2.5401557846802807,0,False,True,True,0.0,False,False,1740767572000000000,1740768166000000000,1740767574000000000,future,1313:22648>1318:22645|2,2-10,True,10.0,10-25
BEV2_2025-03-02_drive1.csv,BEV2,2025-03-02 09:16:16+00:00,2025-03-02 09:23:06+00:00,2025-03-02 09:16:18+00:00,2.4791349318421747,2.4791349318421747,0,False,True,True,0.0,False,False,1740906976000000000,1740907386000000000,1740906978000000000,future,1318:22645>1315:22648|2,2-10,True,2.5,<10
BEV2_2025-03-02_drive2.csv,BEV2,2025-03-02 09:39:45+00:00,2025-03-02 09:45:52+00:00,2025-03-02 09:39:47+00:00,1.2548304444107372,1.2549006271041594,0,False,True,True,0.0,False,False,1740908385000000000,1740908752000000000,1740908387000000000,future,1315:22648>1318:22645|1,<2,True,4.5,<10
BEV2_2025-03-02_drive3.csv,BEV2,2025-03-02 12:43:12+00:00,2025-03-02 14:05:26+00:00,2025-03-02 12:43:14+00:00,68.83968881231758,68.83982030830106,1,False,True,True,0.0,False,False,1740919392000000000,1740924326000000000,1740919394000000000,future,1318:22645>1245:22822|68,>=50,False,9.5,<10
BEV2_2025-03-02_drive4.csv,BEV2,2025-03-02 14:18:26+00:00,2025-03-02 14:37:18+00:00,2025-03-02 14:18:28+00:00,6.183128583193825,6.183128583193825,0,False,True,True,0.0,False,False,1740925106000000000,1740926238000000000,1740925108000000000,future,1245:22822>1236:22808|6,2-10,True,10.6,10-25
BEV2_2025-03-02_drive5.csv,BEV2,2025-03-02 17:42:25+00:00,2025-03-02 17:53:27+00:00,2025-03-02 17:42:27+00:00,1.7496063517563034,1.7502331248099967,0,False,True,True,0.0,False,False,1740937345000000000,1740938007000000000,1740937347000000000,future,1236:22808>1238:22806|1,<2,False,14.5,10-25
BEV2_2025-03-02_drive6.csv,BEV2,2025-03-02 22:12:54+00:00,2025-03-02 23:05:22+00:00,2025-03-02 22:12:56+00:00,66.68975231742512,66.68975231742512,0,False,True,True,0.0,False,False,1740953574000000000,1740956722000000000,1740953576000000000,future,1238:22806>1318:22645|66,>=50,False,11.8,10-25
BEV2_2025-03-03_drive1.csv,BEV2,2025-03-03 06:49:15+00:00,2025-03-03 06:57:21+00:00,2025-03-03 06:49:17+00:00,2.312406093319985,2.312406093319985,0,False,True,True,0.0,False,False,1740984555000000000,1740985041000000000,1740984557000000000,future,1318:22645>1313:22648|2,2-10,True,-1.5,<10
BEV2_2025-03-03_drive2.csv,BEV2,2025-03-03 17:18:16+00:00,2025-03-03 17:29:12+00:00,2025-03-03 17:18:18+00:00,2.5562606157202064,2.5565236003422447,0,False,True,True,0.0,False,False,1741022296000000000,1741022952000000000,1741022298000000000,future,1313:22648>1318:22645|2,2-10,True,9.5,<10
BEV2_2025-03-04_drive1.csv,BEV2,2025-03-04 03:12:59+00:00,2025-03-04 03:35:52+00:00,2025-03-04 03:13:01+00:00,24.83498474566916,24.83511624169221,0,False,True,True,0.0,False,False,1741057979000000000,1741059352000000000,1741057981000000000,future,1318:22645>1256:22662|24,10-50,False,0.0,<10
BEV2_2025-03-06_drive1.csv,BEV2,2025-03-06 17:14:47+00:00,2025-03-06 17:45:14+00:00,2025-03-06 17:14:49+00:00,26.68188909033281,26.682068086286325,0,False,True,True,0.0,False,False,1741281287000000000,1741283114000000000,1741281289000000000,future,1256:22662>1318:22645|26,10-50,False,12.0,10-25
BEV2_2025-03-07_drive1.csv,BEV2,2025-03-07 07:16:08+00:00,2025-03-07 07:25:26+00:00,2025-03-07 07:16:10+00:00,2.219827446461872,2.219827446461872,0,False,True,True,0.0,False,False,1741331768000000000,1741332326000000000,1741331770000000000,future,1318:22645>1313:22648|2,2-10,True,5.5,<10
BEV2_2025-03-07_drive2.csv,BEV2,2025-03-07 14:10:11+00:00,2025-03-07 14:11:50+00:00,2025-03-07 14:10:13+00:00,0.0329118431807289,0.0330433355047357,0,False,True,True,0.0,False,False,1741356611000000000,1741356710000000000,1741356613000000000,future,1313:22648>1313:22648|0,<2,True,11.0,10-25
BEV2_2025-03-07_drive3.csv,BEV2,2025-03-07 16:43:59+00:00,2025-03-07 16:46:02+00:00,2025-03-07 16:44:00+00:00,0.2496336054495977,0.2496336054495977,0,False,True,True,0.0,False,False,1741365839000000000,1741365962000000000,1741365840000000000,future,1313:22648>1313:22647|0,<2,True,11.5,10-25
BEV2_2025-03-07_drive4.csv,BEV2,2025-03-07 16:49:06+00:00,2025-03-07 17:02:01+00:00,2025-03-07 16:49:08+00:00,2.392304891212861,2.3924363839608564,1,False,True,True,0.0,False,False,1741366146000000000,1741366921000000000,1741366148000000000,future,1313:22647>1318:22645|2,2-10,True,12.0,10-25
BEV2_2025-03-07_drive5.csv,BEV2,2025-03-07 17:28:34+00:00,2025-03-07 17:35:53+00:00,2025-03-07 17:28:36+00:00,2.256138954811844,2.256138954811844,0,False,True,True,0.0,False,False,1741368514000000000,1741368953000000000,1741368516000000000,future,1318:22645>1318:22652|2,2-10,False,15.0,10-25
BEV2_2025-03-07_drive6.csv,BEV2,2025-03-07 17:46:54+00:00,2025-03-07 17:55:06+00:00,2025-03-07 17:46:56+00:00,2.504211138130042,2.5044216488297306,0,False,True,True,0.0,False,False,1741369614000000000,1741370106000000000,1741369616000000000,future,1318:22652>1318:22645|2,2-10,False,14.5,10-25
BEV2_2025-03-08_drive1.csv,BEV2,2025-03-08 08:59:36+00:00,2025-03-08 09:26:33+00:00,2025-03-08 08:59:38+00:00,3.383162012022533,3.383162012022533,1,False,False,True,0.0,False,False,1741424376000000000,1741425993000000000,1741424378000000000,future,1318:22645>1313:22647|3,2-10,True,10.5,10-25
BEV2_2025-03-08_drive2.csv,BEV2,2025-03-08 09:29:21+00:00,2025-03-08 09:38:14+00:00,2025-03-08 09:29:23+00:00,2.6001117035402483,2.6001117035402483,0,False,True,True,0.0,False,False,1741426161000000000,1741426694000000000,1741426163000000000,future,1313:22647>1318:22645|2,2-10,True,11.0,10-25
BEV2_2025-03-08_drive3.csv,BEV2,2025-03-08 18:24:15+00:00,2025-03-08 18:36:51+00:00,2025-03-08 18:24:17+00:00,3.8972730018611887,3.8972730018611887,0,False,True,True,0.0,False,False,1741458255000000000,1741459011000000000,1741458257000000000,future,1318:22645>1317:22652|3,2-10,False,14.5,10-25
BEV2_2025-03-08_drive4.csv,BEV2,2025-03-08 20:36:05+00:00,2025-03-08 20:43:19+00:00,2025-03-08 20:36:07+00:00,2.382846578776047,2.3829780623872248,0,False,True,True,0.0,False,False,1741466165000000000,1741466599000000000,1741466167000000000,future,1317:22652>1318:22645|2,2-10,True,13.5,10-25
BEV2_2025-03-09_drive1.csv,BEV2,2025-03-09 09:49:24+00:00,2025-03-09 09:59:48+00:00,2025-03-09 09:49:25+00:00,1.9569108899779544,1.9569108899779544,0,False,True,True,0.0,False,False,1741513764000000000,1741514388000000000,1741513765000000000,future,1318:22645>1315:22648|1,<2,True,15.5,10-25
BEV2_2025-03-09_drive2.csv,BEV2,2025-03-09 10:45:38+00:00,2025-03-09 10:52:11+00:00,2025-03-09 10:45:40+00:00,1.212876817895685,1.212876817895685,0,False,True,True,0.0,False,False,1741517138000000000,1741517531000000000,1741517140000000000,future,1315:22648>1318:22645|1,<2,True,20.0,10-25
BEV2_2025-03-09_drive3.csv,BEV2,2025-03-09 11:23:04+00:00,2025-03-09 11:39:07+00:00,2025-03-09 11:23:06+00:00,5.03741920529836,5.03741920529836,0,False,True,True,0.0,False,False,1741519384000000000,1741520347000000000,1741519386000000000,future,1318:22645>1318:22645|5,2-10,True,20.5,10-25
BEV2_2025-03-09_drive4.csv,BEV2,2025-03-09 13:52:45+00:00,2025-03-09 14:56:33+00:00,2025-03-09 13:52:46+00:00,63.78092448217731,63.78092448217731,0,False,True,True,0.0,False,False,1741528365000000000,1741532193000000000,1741528366000000000,future,1318:22645>1236:22808|63,>=50,False,21.5,10-25
BEV2_2025-03-09_drive5.csv,BEV2,2025-03-09 16:03:30+00:00,2025-03-09 17:08:22+00:00,2025-03-09 16:03:32+00:00,67.78620940930003,67.78651883728497,0,False,True,True,0.0,False,False,1741536210000000000,1741540102000000000,1741536212000000000,future,1236:22808>1318:22645|67,>=50,False,23.5,10-25
BEV2_2025-03-09_drive6.csv,BEV2,2025-03-09 19:48:04+00:00,2025-03-09 19:58:55+00:00,2025-03-09 19:48:06+00:00,1.8475405371279825,1.8475405371279825,0,False,True,True,0.0,False,False,1741549684000000000,1741550335000000000,1741549686000000000,future,1318:22645>1316:22651|1,<2,True,15.0,10-25
BEV2_2025-03-09_drive7.csv,BEV2,2025-03-09 20:07:05+00:00,2025-03-09 20:16:21+00:00,2025-03-09 20:07:07+00:00,2.498582339560066,2.498582339560066,0,False,True,True,0.0,False,False,1741550825000000000,1741551381000000000,1741550827000000000,future,1316:22651>1318:22645|2,2-10,True,14.0,10-25
BEV2_2025-03-10_drive1.csv,BEV2,2025-03-10 06:33:46+00:00,2025-03-10 06:42:06+00:00,2025-03-10 06:33:48+00:00,2.512508474262595,2.5125786670185035,0,False,True,True,0.0,False,False,1741588426000000000,1741588926000000000,1741588428000000000,future,1318:22645>1313:22648|2,2-10,True,4.0,<10
BEV2_2025-03-10_drive2.csv,BEV2,2025-03-10 10:02:45+00:00,2025-03-10 10:03:37+00:00,2025-03-10 10:02:47+00:00,0.0182366551011973,0.0182366551011973,0,False,True,False,0.0,False,False,1741600965000000000,1741601017000000000,1741600967000000000,future,1313:22648>1313:22648|0,<2,True,10.72222222222222,10-25
BEV2_2025-03-10_drive3.csv,BEV2,2025-03-10 16:24:57+00:00,2025-03-10 16:39:13+00:00,2025-03-10 16:24:59+00:00,2.5936355897369543,2.593767081932977,0,False,True,True,0.0,False,False,1741623897000000000,1741624753000000000,1741623899000000000,future,1313:22648>1318:22645|2,2-10,True,12.5,10-25
BEV2_2025-03-11_drive1.csv,BEV2,2025-03-11 06:33:10+00:00,2025-03-11 06:45:13+00:00,2025-03-11 06:33:11+00:00,2.272564991171646,2.272564991171646,0,False,True,True,0.0,False,False,1741674790000000000,1741675513000000000,1741674791000000000,future,1318:22645>1313:22648|2,2-10,True,6.5,<10
BEV2_2025-03-11_drive2.csv,BEV2,2025-03-11 15:27:00+00:00,2025-03-11 15:39:23+00:00,2025-03-11 15:27:01+00:00,2.580828018096766,2.580828018096766,0,False,True,True,0.0,False,False,1741706820000000000,1741707563000000000,1741706821000000000,future,1313:22648>1318:22645|2,2-10,True,10.5,10-25
BEV2_2025-03-11_drive3.csv,BEV2,2025-03-11 16:55:50+00:00,2025-03-11 17:09:39+00:00,2025-03-11 16:55:52+00:00,2.644499228218504,2.644499228218504,0,False,True,True,0.0,False,False,1741712150000000000,1741712979000000000,1741712152000000000,future,1318:22645>1317:22652|2,2-10,True,8.5,<10
BEV2_2025-03-11_drive4.csv,BEV2,2025-03-11 20:28:17+00:00,2025-03-11 20:36:10+00:00,2025-03-11 20:28:20+00:00,2.071276382479281,2.0713465507644253,0,False,True,True,0.0,False,False,1741724897000000000,1741725370000000000,1741724900000000000,future,1317:22652>1318:22647|2,2-10,False,11.5,10-25
BEV2_2025-03-11_drive5.csv,BEV2,2025-03-11 20:37:32+00:00,2025-03-11 20:39:51+00:00,2025-03-11 20:37:34+00:00,0.6291609880918104,0.6291609880918104,0,False,True,True,0.0,False,False,1741725452000000000,1741725591000000000,1741725454000000000,future,1318:22647>1318:22645|0,<2,False,9.5,<10
BEV2_2025-03-12_drive1.csv,BEV2,2025-03-12 06:08:04+00:00,2025-03-12 08:04:48+00:00,2025-03-12 06:08:07+00:00,118.61681416499748,118.61692536007745,0,False,True,True,0.0,False,False,1741759684000000000,1741766688000000000,1741759687000000000,future,1318:22645>1530:22908|118,>=50,False,2.0,<10
BEV2_2025-03-12_drive2.csv,BEV2,2025-03-12 14:06:34+00:00,2025-03-12 15:50:12+00:00,2025-03-12 14:06:36+00:00,123.5655971141568,123.5655971141568,0,False,True,True,0.0,False,False,1741788394000000000,1741794612000000000,1741788396000000000,future,1530:22908>1318:22645|123,>=50,False,8.0,<10
BEV2_2025-03-12_drive3.csv,BEV2,2025-03-12 17:42:30+00:00,2025-03-12 17:49:35+00:00,2025-03-12 17:42:32+00:00,1.9353049666435576,1.9353049666435576,1,False,True,True,0.0,False,False,1741801350000000000,1741801775000000000,1741801352000000000,future,1318:22645>1313:22647|1,<2,True,6.5,<10
BEV2_2025-03-12_drive4.csv,BEV2,2025-03-12 19:42:28+00:00,2025-03-12 19:52:22+00:00,2025-03-12 19:42:29+00:00,2.501142728054829,2.501142728054829,0,True,True,True,0.0,True,False,1741808548000000000,1741809142000000000,1741808549000000000,future,1313:22647>1318:22645|2,2-10,True,5.0,<10
BEV2_2025-03-13_drive1.csv,BEV2,2025-03-13 06:40:56+00:00,2025-03-13 06:52:24+00:00,2025-03-13 06:40:59+00:00,2.432225326271836,2.432649406162935,0,False,True,True,0.0,False,False,1741848056000000000,1741848744000000000,1741848059000000000,future,1318:22645>1313:22648|2,2-10,True,1.0,<10
BEV2_2025-03-13_drive2.csv,BEV2,2025-03-13 15:52:19+00:00,2025-03-13 16:03:37+00:00,2025-03-13 15:52:21+00:00,2.7635735417119616,2.763643726262924,0,False,True,True,0.0,False,False,1741881139000000000,1741881817000000000,1741881141000000000,future,1313:22648>1318:22645|2,2-10,True,10.0,10-25
BEV2_2025-03-13_drive3.csv,BEV2,2025-03-13 16:34:01+00:00,2025-03-13 17:42:27+00:00,2025-03-13 16:34:03+00:00,70.33462936452685,70.33476086117098,0,False,True,True,0.0,False,False,1741883641000000000,1741887747000000000,1741883643000000000,future,1318:22645>1496:22675|70,>=50,False,7.5,<10
BEV2_2025-03-13_drive4.csv,BEV2,2025-03-13 20:26:22+00:00,2025-03-13 21:14:18+00:00,2025-03-13 20:26:24+00:00,62.06901902204709,62.06901902204709,0,False,True,True,0.0,False,False,1741897582000000000,1741900458000000000,1741897584000000000,future,1496:22675>1318:22646|62,>=50,False,5.0,<10
BEV2_2025-03-14_drive1.csv,BEV2,2025-03-14 06:54:22+00:00,2025-03-14 07:29:18+00:00,2025-03-14 06:54:25+00:00,6.291162442372462,6.291162442372462,0,False,True,True,0.0,False,False,1741935262000000000,1741937358000000000,1741935265000000000,future,1318:22646>1313:22647|6,2-10,False,1.5,<10
BEV2_2025-03-14_drive2.csv,BEV2,2025-03-14 08:58:17+00:00,2025-03-14 09:04:30+00:00,2025-03-14 08:58:18+00:00,2.341477175415726,2.341477175415726,0,True,True,True,0.0,True,False,1741942697000000000,1741943070000000000,1741942698000000000,future,1313:22647>1318:22645|2,2-10,True,3.5,<10
BEV2_2025-03-14_drive3.csv,BEV2,2025-03-14 09:06:26+00:00,2025-03-14 09:20:00+00:00,2025-03-14 09:06:28+00:00,3.4684336244648994,3.4684336244648994,0,False,True,True,0.0,False,False,1741943186000000000,1741944000000000000,1741943188000000000,future,1318:22645>1310:22648|3,2-10,True,4.5,<10
BEV2_2025-03-14_drive4.csv,BEV2,2025-03-14 11:22:51+00:00,2025-03-14 11:37:23+00:00,2025-03-14 11:22:52+00:00,3.672446105570852,3.672446105570852,0,False,True,True,0.0,False,False,1741951371000000000,1741952243000000000,1741951372000000000,future,1310:22648>1317:22652|3,2-10,False,10.0,10-25
BEV2_2025-03-14_drive5.csv,BEV2,2025-03-14 13:18:54+00:00,2025-03-14 13:28:40+00:00,2025-03-14 13:18:55+00:00,2.2462080755627483,2.2462080755627483,0,True,True,True,0.0,True,False,1741958334000000000,1741958920000000000,1741958335000000000,future,1317:22652>1313:22648|2,2-10,False,10.0,10-25
BEV2_2025-03-14_drive6.csv,BEV2,2025-03-14 16:44:50+00:00,2025-03-14 16:55:36+00:00,2025-03-14 16:44:51+00:00,2.6119578845735143,2.6119578845735143,0,False,True,True,0.0,False,False,1741970690000000000,1741971336000000000,1741970691000000000,future,1313:22648>1318:22645|2,2-10,True,10.5,10-25
BEV2_2025-03-14_drive7.csv,BEV2,2025-03-14 17:08:11+00:00,2025-03-14 17:26:21+00:00,2025-03-14 17:08:14+00:00,4.5002356040640175,4.5002356040640175,1,False,False,True,0.0,False,False,1741972091000000000,1741973181000000000,1741972094000000000,future,1318:22645>1318:22645|4,2-10,True,9.0,<10
BEV2_2025-03-14_drive8.csv,BEV2,2025-03-14 18:19:54+00:00,2025-03-14 18:37:57+00:00,2025-03-14 18:19:56+00:00,4.805720084240486,4.805720084240486,0,False,True,True,0.0,False,False,1741976394000000000,1741977477000000000,1741976396000000000,future,1318:22645>1318:22645|4,2-10,True,7.0,<10
BEV2_2025-03-15_drive1.csv,BEV2,2025-03-15 10:01:43+00:00,2025-03-15 10:07:32+00:00,2025-03-15 10:01:45+00:00,3.034250009933908,3.034250009933908,0,False,True,True,0.0,False,False,1742032903000000000,1742033252000000000,1742032905000000000,future,1318:22645>1323:22642|3,2-10,False,3.0,<10
BEV2_2025-03-15_drive2.csv,BEV2,2025-03-15 10:11:32+00:00,2025-03-15 10:17:18+00:00,2025-03-15 10:11:35+00:00,2.474703221011598,2.479285943601381,0,False,True,True,0.0,False,False,1742033492000000000,1742033838000000000,1742033495000000000,future,1323:22642>1318:22645|2,2-10,False,4.0,<10
BEV2_2025-03-15_drive3.csv,BEV2,2025-03-15 10:35:26+00:00,2025-03-15 10:44:10+00:00,2025-03-15 10:35:28+00:00,2.6929484853382646,2.6929484853382646,0,False,True,True,0.0,False,False,1742034926000000000,1742035450000000000,1742034928000000000,future,1318:22645>1317:22652|2,2-10,True,4.5,<10
BEV2_2025-03-15_drive4.csv,BEV2,2025-03-15 11:43:49+00:00,2025-03-15 11:52:39+00:00,2025-03-15 11:43:51+00:00,2.6348895549084443,2.6348895549084443,0,False,True,True,0.0,False,False,1742039029000000000,1742039559000000000,1742039031000000000,future,1317:22652>1318:22645|2,2-10,True,9.5,<10
BEV2_2025-03-15_drive5.csv,BEV2,2025-03-15 13:37:58+00:00,2025-03-15 14:41:01+00:00,2025-03-15 13:38:00+00:00,69.12072680684508,69.12072680684508,0,False,True,True,0.0,False,False,1742045878000000000,1742049661000000000,1742045880000000000,future,1318:22645>1245:22822|69,>=50,False,8.5,<10
BEV2_2025-03-15_drive6.csv,BEV2,2025-03-15 14:53:43+00:00,2025-03-15 15:08:58+00:00,2025-03-15 14:53:44+00:00,6.198239235561769,6.198239235561769,0,False,True,True,0.0,False,False,1742050423000000000,1742051338000000000,1742050424000000000,future,1245:22822>1236:22808|6,2-10,True,,missing
BEV2_2025-03-15_drive7.csv,BEV2,2025-03-15 15:57:54+00:00,2025-03-15 16:44:03+00:00,2025-03-15 15:57:56+00:00,37.23558665607075,37.23558665607075,0,False,True,True,0.0,False,False,1742054274000000000,1742057043000000000,1742054276000000000,future,1236:22808>1263:22653|37,10-50,False,12.5,10-25
BEV2_2025-03-15_drive8.csv,BEV2,2025-03-15 17:00:09+00:00,2025-03-15 17:17:48+00:00,2025-03-15 17:00:12+00:00,18.55826795629741,18.55826795629741,0,False,True,True,0.0,False,False,1742058009000000000,1742059068000000000,1742058012000000000,future,1263:22653>1318:22645|18,10-50,False,7.1,<10
BEV2_2025-03-16_drive1.csv,BEV2,2025-03-16 09:35:10+00:00,2025-03-16 09:42:25+00:00,2025-03-16 09:35:12+00:00,1.888382997833248,1.888382997833248,0,False,True,True,0.0,False,False,1742117710000000000,1742118145000000000,1742117712000000000,future,1318:22645>1316:22651|1,<2,True,5.0,<10
BEV2_2025-03-16_drive2.csv,BEV2,2025-03-16 09:49:14+00:00,2025-03-16 09:58:18+00:00,2025-03-16 09:49:16+00:00,1.285399658639642,1.2855311451562823,0,False,True,True,0.0,False,False,1742118554000000000,1742119098000000000,1742118556000000000,future,1316:22651>1315:22649|1,<2,False,5.0,<10
BEV2_2025-03-16_drive3.csv,BEV2,2025-03-16 10:29:12+00:00,2025-03-16 10:39:06+00:00,2025-03-16 10:29:13+00:00,1.4636909539090466,1.4636909539090466,1,True,False,True,0.0,True,False,1742120952000000000,1742121546000000000,1742120953000000000,future,1315:22649>1318:22645|1,<2,True,7.0,<10
BEV2_2025-03-16_drive4.csv,BEV2,2025-03-16 11:50:25+00:00,2025-03-16 12:05:08+00:00,2025-03-16 11:50:26+00:00,5.180963657107678,5.180963657107678,0,False,True,True,0.0,False,False,1742125825000000000,1742126708000000000,1742125826000000000,future,1318:22645>1318:22645|5,2-10,True,11.0,10-25
BEV2_2025-03-16_drive5.csv,BEV2,2025-03-16 12:38:45+00:00,2025-03-16 12:48:39+00:00,2025-03-16 12:38:46+00:00,0.0357049983400387,0.0357049983400387,0,False,True,True,0.0,False,False,1742128725000000000,1742129319000000000,1742128726000000000,future,1318:22645>1318:22645|0,<2,True,12.5,10-25
BEV2_2025-03-16_drive6.csv,BEV2,2025-03-16 12:50:03+00:00,2025-03-16 13:13:05+00:00,2025-03-16 12:50:05+00:00,26.03957894224698,26.0396491342789,0,False,True,True,0.0,False,False,1742129403000000000,1742130785000000000,1742129405000000000,future,1318:22645>1357:22595|26,10-50,False,12.5,10-25
BEV2_2025-03-16_drive7.csv,BEV2,2025-03-16 16:40:07+00:00,2025-03-16 17:08:14+00:00,2025-03-16 16:40:09+00:00,26.43827858007608,26.43827858007608,0,False,True,True,0.0,False,False,1742143207000000000,1742144894000000000,1742143209000000000,future,1357:22595>1318:22646|26,10-50,False,8.5,<10
BEV2_2025-03-17_drive1.csv,BEV2,2025-03-17 06:41:15+00:00,2025-03-17 06:49:50+00:00,2025-03-17 06:41:18+00:00,2.127209671715221,2.127279862609273,1,False,True,True,0.0,False,False,1742193675000000000,1742194190000000000,1742193678000000000,future,1318:22646>1313:22648|2,2-10,True,4.0,<10
BEV2_2025-03-18_drive1.csv,BEV2,2025-03-18 07:19:56+00:00,2025-03-18 08:02:36+00:00,2025-03-18 07:19:57+00:00,72.87751909395857,72.91088509661535,0,False,True,True,0.0,False,False,1742282396000000000,1742284956000000000,1742282397000000000,future,1305:22653>1552:22706|72,>=50,False,3.0,<10
BEV2_2025-03-18_drive2.csv,BEV2,2025-03-18 16:02:34+00:00,2025-03-18 17:00:40+00:00,2025-03-18 16:02:37+00:00,83.04699708852033,83.04699708852033,0,False,True,True,0.0,False,False,1742313754000000000,1742317240000000000,1742313757000000000,future,1552:22706>1318:22645|83,>=50,False,10.0,10-25
BEV2_2025-03-20_drive1.csv,BEV2,2025-03-20 11:59:11+00:00,2025-03-20 12:20:11+00:00,2025-03-20 11:59:12+00:00,24.39558392901953,24.39558392901953,0,False,True,True,0.0,False,False,1742471951000000000,1742473211000000000,1742471952000000000,future,1462:22708>1552:22706|24,10-50,False,19.0,10-25
BEV2_2025-03-20_drive2.csv,BEV2,2025-03-20 16:39:19+00:00,2025-03-20 17:28:12+00:00,2025-03-20 16:39:20+00:00,61.7625464932263,61.77493118964482,0,False,True,True,0.0,False,False,1742488759000000000,1742491692000000000,1742488760000000000,future,1501:22714>1318:22646|61,>=50,False,20.0,10-25
BEV2_2025-03-22_drive1.csv,BEV2,2025-03-22 07:47:17+00:00,2025-03-22 07:55:47+00:00,2025-03-22 07:47:18+00:00,7.135557482741984,7.16094425003288,0,False,True,True,0.0,False,False,1742629637000000000,1742630147000000000,1742629638000000000,future,1305:22643>1318:22645|7,2-10,False,15.0,10-25
BEV2_2025-03-22_drive2.csv,BEV2,2025-03-22 11:30:03+00:00,2025-03-22 11:39:33+00:00,2025-03-22 11:30:05+00:00,3.3947704482492527,3.4078013339096223,0,False,True,True,0.0,False,False,1742643003000000000,1742643573000000000,1742643005000000000,future,1313:22653>1318:22646|3,2-10,False,17.5,10-25
BEV2_2025-03-22_drive3.csv,BEV2,2025-03-22 13:51:48+00:00,2025-03-22 14:31:16+00:00,2025-03-22 13:51:49+00:00,50.36415043096811,50.36415043096811,0,False,True,True,0.0,False,False,1742651508000000000,1742653876000000000,1742651509000000000,future,1263:22658>1245:22822|50,>=50,False,19.0,10-25
BEV2_2025-03-22_drive4.csv,BEV2,2025-03-22 16:14:53+00:00,2025-03-22 16:53:29+00:00,2025-03-22 16:14:55+00:00,43.08424363053743,43.09259373413412,0,False,True,True,0.0,False,False,1742660093000000000,1742662409000000000,1742660095000000000,future,1235:22797>1262:22653|43,10-50,False,19.5,10-25
BEV2_2025-03-23_drive1.csv,BEV2,2025-03-23 09:35:10+00:00,2025-03-23 09:44:09+00:00,2025-03-23 09:35:11+00:00,1.5318047416705314,1.5318047416705314,0,False,True,True,0.0,False,False,1742722510000000000,1742723049000000000,1742722511000000000,future,1315:22648>1314:22648|1,<2,False,14.0,10-25
BEV2_2025-03-23_drive2.csv,BEV2,2025-03-23 18:50:14+00:00,2025-03-23 19:05:35+00:00,2025-03-23 18:50:15+00:00,3.678561909118801,3.678561909118801,0,False,True,True,0.0,False,False,1742755814000000000,1742756735000000000,1742755815000000000,future,1318:22645>1318:22645|3,2-10,True,14.0,10-25
BEV2_2025-03-24_drive1.csv,BEV2,2025-03-24 11:25:09+00:00,2025-03-24 11:25:45+00:00,2025-03-24 11:25:12+00:00,0.0142001861854138,0.0142001861854138,0,False,True,False,0.0,False,False,1742815509000000000,1742815545000000000,1742815512000000000,future,1313:22648>1313:22648|0,<2,True,12.5,10-25
BEV2_2025-03-26_drive1.csv,BEV2,2025-03-26 06:44:35+00:00,2025-03-26 07:29:47+00:00,2025-03-26 06:44:36+00:00,51.49785496638743,51.507681442980704,0,True,True,True,0.0,True,False,1742971475000000000,1742974187000000000,1742971476000000000,future,1315:22659>1552:22706|51,>=50,False,8.0,<10
BEV2_2025-03-28_drive1.csv,BEV2,2025-03-28 13:54:35+00:00,2025-03-28 13:57:56+00:00,2025-03-28 13:54:37+00:00,0.6178635334170043,0.6258994903148138,0,False,True,True,0.0,False,False,1743170075000000000,1743170276000000000,1743170077000000000,future,1320:22653>1320:22655|0,<2,False,12.5,10-25
BEV2_2025-03-28_drive2.csv,BEV2,2025-03-28 15:24:26+00:00,2025-03-28 15:27:53+00:00,2025-03-28 15:24:27+00:00,0.9894054268575728,0.9988097174599996,0,False,True,True,0.0,False,False,1743175466000000000,1743175673000000000,1743175467000000000,future,1315:22650>1313:22647|0,<2,False,13.0,10-25
BEV2_2025-03-28_drive3.csv,BEV2,2025-03-28 19:16:58+00:00,2025-03-28 19:34:36+00:00,2025-03-28 19:17:00+00:00,8.798452443506548,8.811162673382189,0,False,True,True,0.0,False,False,1743189418000000000,1743190476000000000,1743189420000000000,future,1315:22651>1318:22645|8,2-10,False,12.5,10-25
BEV2_2025-03-29_drive1.csv,BEV2,2025-03-29 12:53:46+00:00,2025-03-29 13:26:44+00:00,2025-03-29 12:53:48+00:00,5.8922098288820575,5.8922098288820575,0,False,True,True,0.0,False,False,1743252826000000000,1743254804000000000,1743252828000000000,future,1316:22651>1318:22645|5,2-10,False,13.5,10-25
BEV2_2025-03-29_drive2.csv,BEV2,2025-03-29 14:43:29+00:00,2025-03-29 14:59:52+00:00,2025-03-29 14:43:30+00:00,4.12490986722235,4.12490986722235,0,False,True,True,0.0,False,False,1743259409000000000,1743260392000000000,1743259410000000000,future,1235:22797>1236:22808|4,2-10,False,13.5,10-25
BEV2_2025-03-29_drive3.csv,BEV2,2025-03-29 17:28:26+00:00,2025-03-29 18:16:19+00:00,2025-03-29 17:28:27+00:00,63.70855286801565,63.70855286801565,0,False,True,True,0.0,False,False,1743269306000000000,1743272179000000000,1743269307000000000,future,1236:22805>1318:22645|63,>=50,False,14.0,10-25
BEV2_2025-03-30_drive2.csv,BEV2,2025-03-30 18:44:55+00:00,2025-03-30 19:17:33+00:00,2025-03-30 18:44:56+00:00,4.507597870278857,4.507597870278857,0,False,True,True,0.0,False,False,1743360295000000000,1743362253000000000,1743360296000000000,future,1318:22645>1318:22645|4,2-10,True,12.5,10-25
BEV2_2025-03-31_drive1.csv,BEV2,2025-03-31 05:54:37+00:00,2025-03-31 05:57:03+00:00,2025-03-31 05:54:39+00:00,0.0869506968592403,0.0923792505846445,0,False,True,False,0.0,False,False,1743400477000000000,1743400623000000000,1743400479000000000,future,1313:22647>1313:22648|0,<2,True,7.5,<10
BEV2_2025-03-31_drive2.csv,BEV2,2025-03-31 14:28:15+00:00,2025-03-31 14:54:21+00:00,2025-03-31 14:28:17+00:00,6.599638890319478,6.615961078919249,0,False,True,True,0.0,False,False,1743431295000000000,1743432861000000000,1743431297000000000,future,1318:22646>1318:22645|6,2-10,False,14.4,10-25
BEV2_2025-04-01_drive1.csv,BEV2,2025-04-01 10:40:39+00:00,2025-04-01 10:44:22+00:00,2025-04-01 10:40:40+00:00,0.8987702879924191,0.8987702879924191,0,False,True,True,0.0,False,False,1743504039000000000,1743504262000000000,1743504040000000000,future,1549:22707>1552:22706|0,<2,False,13.5,10-25
BEV2_2025-04-01_drive2.csv,BEV2,2025-04-01 15:49:37+00:00,2025-04-01 16:27:47+00:00,2025-04-01 15:49:39+00:00,62.2504685555737,62.27620242832398,0,False,True,True,0.0,False,False,1743522577000000000,1743524867000000000,1743522579000000000,future,1483:22712>1318:22645|62,>=50,False,15.5,10-25
BEV2_2025-04-03_drive1.csv,BEV2,2025-04-03 06:23:48+00:00,2025-04-03 07:12:46+00:00,2025-04-03 06:23:49+00:00,75.22036741807669,75.25442562683324,0,False,True,True,0.0,False,False,1743661428000000000,1743664366000000000,1743661429000000000,future,1312:22641>1552:22707|75,>=50,False,11.0,10-25
BEV2_2025-04-03_drive2.csv,BEV2,2025-04-03 15:12:14+00:00,2025-04-03 16:35:04+00:00,2025-04-03 15:12:17+00:00,81.37424530743942,81.37431529284552,0,False,True,True,0.0,False,False,1743693134000000000,1743698104000000000,1743693137000000000,future,1552:22706>1318:22645|81,>=50,False,18.5,10-25
BEV2_2025-04-04_drive1.csv,BEV2,2025-04-04 16:34:55+00:00,2025-04-04 16:43:21+00:00,2025-04-04 16:34:57+00:00,0.0409915464599855,0.0409915464599855,0,False,True,True,0.0,False,False,1743784495000000000,1743785001000000000,1743784497000000000,future,1318:22645>1318:22645|0,<2,True,21.0,10-25
BEV2_2025-04-04_drive2.csv,BEV2,2025-04-04 19:31:44+00:00,2025-04-04 19:39:07+00:00,2025-04-04 19:31:46+00:00,2.994805125678675,3.008640283581303,0,False,True,True,0.0,False,False,1743795104000000000,1743795547000000000,1743795106000000000,future,1312:22654>1318:22645|2,2-10,False,18.5,10-25
BEV2_2025-04-04_drive3.csv,BEV2,2025-04-04 20:28:58+00:00,2025-04-04 20:32:16+00:00,2025-04-04 20:28:59+00:00,1.7404649093030609,1.7490280816451065,0,False,True,True,0.0,False,False,1743798538000000000,1743798736000000000,1743798539000000000,future,1322:22642>1318:22645|1,<2,True,17.5,10-25
BEV2_2025-04-05_drive1.csv,BEV2,2025-04-05 11:19:52+00:00,2025-04-05 11:39:25+00:00,2025-04-05 11:19:54+00:00,7.180646469189158,7.186149146697189,0,False,True,True,0.0,False,False,1743851992000000000,1743853165000000000,1743851994000000000,future,1314:22659>1318:22645|7,2-10,False,19.5,10-25
BEV2_2025-04-05_drive2.csv,BEV2,2025-04-05 16:47:27+00:00,2025-04-05 16:58:46+00:00,2025-04-05 16:47:29+00:00,2.8714598262779525,2.8714598262779525,0,False,True,True,0.0,False,False,1743871647000000000,1743872326000000000,1743871649000000000,future,1241:22817>1249:22821|2,2-10,False,18.5,10-25
BEV2_2025-04-06_drive1.csv,BEV2,2025-04-06 08:49:03+00:00,2025-04-06 09:06:33+00:00,2025-04-06 08:49:05+00:00,3.532589801842512,3.532589801842512,0,False,True,True,0.0,False,False,1743929343000000000,1743930393000000000,1743929345000000000,future,1318:22645>1315:22648|3,2-10,False,10.0,10-25
BEV2_2025-04-07_drive1.csv,BEV2,2025-04-07 09:14:52+00:00,2025-04-07 09:44:45+00:00,2025-04-07 09:14:54+00:00,40.98867214568696,41.0078727091302,0,False,True,True,0.0,False,False,1744017292000000000,1744019085000000000,1744017294000000000,future,1044:22714>928:22630|40,10-50,False,12.0,10-25
BEV2_2025-04-07_drive2.csv,BEV2,2025-04-07 14:45:53+00:00,2025-04-07 15:57:09+00:00,2025-04-07 14:45:54+00:00,72.96677174953442,72.96677174953442,0,False,True,True,0.0,False,False,1744037153000000000,1744041429000000000,1744037154000000000,future,993:22684>1256:22662|72,>=50,False,16.5,10-25
BEV2_2025-04-10_drive1.csv,BEV2,2025-04-10 11:35:26+00:00,2025-04-10 12:02:46+00:00,2025-04-10 11:35:28+00:00,22.98750402641803,22.98750402641803,0,False,True,True,0.0,False,False,1744284926000000000,1744286566000000000,1744284928000000000,future,1256:22662>1313:22648|22,10-50,False,13.5,10-25
BEV2_2025-04-11_drive1.csv,BEV2,2025-04-11 06:17:52+00:00,2025-04-11 07:06:21+00:00,2025-04-11 06:17:53+00:00,79.11095265856233,79.12465198052527,0,False,True,True,0.0,False,False,1744352272000000000,1744355181000000000,1744352273000000000,future,1319:22644>1552:22706|79,>=50,False,4.0,<10
BEV2_2025-04-11_drive2.csv,BEV2,2025-04-11 15:51:30+00:00,2025-04-11 16:34:05+00:00,2025-04-11 15:51:32+00:00,67.8519926355048,67.88235540799187,0,False,True,True,0.0,False,False,1744386690000000000,1744389245000000000,1744386692000000000,future,1511:22714>1318:22645|67,>=50,False,20.0,10-25
BEV2_2025-04-11_drive3.csv,BEV2,2025-04-11 16:48:55+00:00,2025-04-11 17:08:09+00:00,2025-04-11 16:48:57+00:00,4.393995419135334,4.394065603443945,0,False,True,True,0.0,False,False,1744390135000000000,1744391289000000000,1744390137000000000,future,1320:22648>1317:22652|4,2-10,False,22.5,10-25
BEV2_2025-04-12_drive1.csv,BEV2,2025-04-12 18:03:41+00:00,2025-04-12 18:07:58+00:00,2025-04-12 18:03:43+00:00,2.3574245190289287,2.365821876660589,0,False,True,True,0.0,False,False,1744481021000000000,1744481278000000000,1744481023000000000,future,1322:22640>1318:22645|2,2-10,False,23.0,10-25
BEV2_2025-04-13_drive1.csv,BEV2,2025-04-13 09:09:48+00:00,2025-04-13 09:16:00+00:00,2025-04-13 09:09:50+00:00,1.0126843336649676,1.0126843336649676,0,False,True,True,0.0,False,False,1744535388000000000,1744535760000000000,1744535390000000000,future,1315:22647>1318:22645|1,<2,True,14.5,10-25
BEV2_2025-04-14_drive1.csv,BEV2,2025-04-14 07:49:40+00:00,2025-04-14 07:54:59+00:00,2025-04-14 07:49:41+00:00,4.095773072314868,4.128125065953538,0,False,True,True,0.0,False,False,1744616980000000000,1744617299000000000,1744616981000000000,future,1329:22639>1318:22645|4,2-10,False,12.5,10-25
BEV2_2025-04-14_drive2.csv,BEV2,2025-04-14 08:59:32+00:00,2025-04-14 09:21:47+00:00,2025-04-14 08:59:34+00:00,23.22134090878403,23.246294255460818,0,False,True,True,0.0,False,False,1744621172000000000,1744622507000000000,1744621174000000000,future,1326:22650>1318:22645|23,10-50,False,15.0,10-25
BEV2_2025-04-14_drive3.csv,BEV2,2025-04-14 12:19:59+00:00,2025-04-14 13:21:01+00:00,2025-04-14 12:20:01+00:00,69.13831453726729,69.13831453726729,0,False,True,True,0.0,False,False,1744633199000000000,1744636861000000000,1744633201000000000,future,1318:22645>1245:22822|69,>=50,False,21.5,10-25
BEV2_2025-04-14_drive4.csv,BEV2,2025-04-14 14:02:50+00:00,2025-04-14 14:13:55+00:00,2025-04-14 14:02:52+00:00,2.419186247314097,2.423300465282737,0,False,True,True,0.0,False,False,1744639370000000000,1744640035000000000,1744639372000000000,future,1238:22815>1236:22808|2,2-10,False,21.0,10-25
BEV2_2025-04-14_drive5.csv,BEV2,2025-04-14 15:18:48+00:00,2025-04-14 16:09:05+00:00,2025-04-14 15:18:50+00:00,62.00846755686321,62.01325560408722,0,False,True,True,0.0,False,False,1744643928000000000,1744646945000000000,1744643930000000000,future,1237:22798>1318:22645|62,>=50,False,20.0,10-25
BEV2_2025-04-14_drive6.csv,BEV2,2025-04-14 18:31:18+00:00,2025-04-14 18:38:06+00:00,2025-04-14 18:31:20+00:00,0.8993409685922175,0.8993409685922175,0,False,True,True,0.0,False,False,1744655478000000000,1744655886000000000,1744655480000000000,future,1319:22650>1320:22648|0,<2,False,19.0,10-25
BEV2_2025-04-15_drive1.csv,BEV2,2025-04-15 16:59:47+00:00,2025-04-15 17:01:45+00:00,2025-04-15 16:59:49+00:00,0.7178545950412827,0.7316772056644536,0,False,True,False,0.0,False,False,1744736387000000000,1744736505000000000,1744736389000000000,future,1319:22644>1318:22645|0,<2,False,18.5,10-25
BEV2_2025-04-16_drive1.csv,BEV2,2025-04-16 06:33:50+00:00,2025-04-16 06:37:41+00:00,2025-04-16 06:33:52+00:00,0.8953772575868865,0.9338952409578116,0,False,True,True,0.0,False,False,1744785230000000000,1744785461000000000,1744785232000000000,future,1549:22707>1552:22706|0,<2,False,11.5,10-25
BEV2_2025-04-16_drive2.csv,BEV2,2025-04-16 15:25:11+00:00,2025-04-16 16:13:23+00:00,2025-04-16 15:25:13+00:00,73.04904804594348,73.04928561336448,0,False,True,True,0.0,False,False,1744817111000000000,1744820003000000000,1744817113000000000,future,1543:22708>1315:22647|73,>=50,False,13.5,10-25
BEV2_2025-04-17_drive1.csv,BEV2,2025-04-17 06:00:00+00:00,2025-04-17 06:34:24+00:00,2025-04-17 06:00:02+00:00,55.22397528755913,55.29548607839857,0,False,True,True,0.0,False,False,1744869600000000000,1744871664000000000,1744869602000000000,future,1348:22691>1552:22706|55,>=50,False,10.0,10-25
BEV2_2025-04-17_drive2.csv,BEV2,2025-04-17 15:20:36+00:00,2025-04-17 16:08:12+00:00,2025-04-17 15:20:37+00:00,70.0683700376162,70.08079527199853,0,False,True,True,0.0,False,False,1744903236000000000,1744906092000000000,1744903237000000000,future,1515:22714>1318:22645|70,>=50,False,9.0,<10
BEV2_2025-04-17_drive3.csv,BEV2,2025-04-17 16:25:07+00:00,2025-04-17 17:41:09+00:00,2025-04-17 16:25:08+00:00,61.25414890232785,61.2866785352082,0,False,True,True,0.0,False,False,1744907107000000000,1744911669000000000,1744907108000000000,future,1288:22648>1313:22647|61,>=50,False,9.9,<10
BEV2_2025-04-17_drive5.csv,BEV2,2025-04-17 20:39:09+00:00,2025-04-17 22:07:00+00:00,2025-04-17 20:39:10+00:00,65.80729214358725,65.84023747212166,0,False,True,True,0.0,False,False,1744922349000000000,1744927620000000000,1744922350000000000,future,1310:22641>1318:22645|65,>=50,False,8.5,<10
BEV2_2025-04-18_drive1.csv,BEV2,2025-04-18 09:14:26+00:00,2025-04-18 09:18:05+00:00,2025-04-18 09:14:27+00:00,1.4551903900927528,1.4551903900927528,0,False,True,True,0.0,False,False,1744967666000000000,1744967885000000000,1744967667000000000,future,1313:22647>1315:22646|1,<2,True,11.5,10-25
BEV2_2025-04-22_drive1.csv,BEV2,2025-04-22 05:51:08+00:00,2025-04-22 06:39:30+00:00,2025-04-22 05:51:10+00:00,73.41358820310695,73.42029774337823,0,False,True,True,0.0,False,False,1745301068000000000,1745303970000000000,1745301070000000000,future,1305:22643>1552:22706|73,>=50,False,10.5,10-25
BEV2_2025-04-22_drive2.csv,BEV2,2025-04-22 09:28:52+00:00,2025-04-22 10:12:58+00:00,2025-04-22 09:28:54+00:00,69.82490123980928,69.83825951714988,0,False,True,True,0.0,False,False,1745314132000000000,1745316778000000000,1745314134000000000,future,1553:22700>1308:22654|69,>=50,False,15.2,10-25
BEV2_2025-04-22_drive4.csv,BEV2,2025-04-22 20:32:45+00:00,2025-04-22 20:35:40+00:00,2025-04-22 20:32:46+00:00,0.4983097246386507,0.4983097246386507,0,False,True,True,0.0,False,False,1745353965000000000,1745354140000000000,1745353966000000000,future,1317:22646>1318:22645|0,<2,False,14.0,10-25
BEV2_2025-04-23_drive1.csv,BEV2,2025-04-23 05:09:54+00:00,2025-04-23 05:27:21+00:00,2025-04-23 05:09:56+00:00,14.094295174649377,14.11992386625131,0,False,True,True,0.0,False,False,1745384994000000000,1745386041000000000,1745384996000000000,future,1288:22648>1256:22662|14,10-50,False,11.0,10-25
BEV2_2025-04-25_drive1.csv,BEV2,2025-04-25 09:44:26+00:00,2025-04-25 09:59:11+00:00,2025-04-25 09:44:27+00:00,4.3947562641922655,4.4065513139650765,0,False,True,True,0.0,False,False,1745574266000000000,1745575151000000000,1745574267000000000,future,1220:22659>1220:22645|4,2-10,False,11.0,10-25
BEV2_2025-04-25_drive2.csv,BEV2,2025-04-25 12:18:44+00:00,2025-04-25 12:55:53+00:00,2025-04-25 12:18:45+00:00,27.99395941595957,27.99615639122696,0,False,True,True,0.0,False,False,1745583524000000000,1745585753000000000,1745583525000000000,future,1220:22645>1313:22648|27,10-50,False,15.0,10-25
BEV2_2025-04-25_drive3.csv,BEV2,2025-04-25 17:35:52+00:00,2025-04-25 17:39:59+00:00,2025-04-25 17:35:53+00:00,0.5213677548385437,0.5213677548385437,0,False,True,True,0.0,False,False,1745602552000000000,1745602799000000000,1745602553000000000,future,1316:22647>1315:22648|0,<2,False,13.0,10-25
BEV2_2025-04-26_drive1.csv,BEV2,2025-04-26 13:18:27+00:00,2025-04-26 13:56:35+00:00,2025-04-26 13:18:28+00:00,40.73399390499024,40.73399390499024,0,False,True,True,0.0,False,False,1745673507000000000,1745675795000000000,1745673508000000000,future,1248:22661>1236:22808|40,10-50,False,20.5,10-25
BEV2_2025-04-26_drive2.csv,BEV2,2025-04-26 16:20:09+00:00,2025-04-26 16:49:06+00:00,2025-04-26 16:20:10+00:00,39.45562953739973,39.45562953739973,0,False,True,True,0.0,False,False,1745684409000000000,1745686146000000000,1745684410000000000,future,1238:22794>1251:22656|39,10-50,False,21.5,10-25
BEV2_2025-04-26_drive3.csv,BEV2,2025-04-26 17:20:13+00:00,2025-04-26 17:32:51+00:00,2025-04-26 17:20:14+00:00,11.37986120434242,11.4108088774315,0,False,True,True,0.0,False,False,1745688013000000000,1745688771000000000,1745688014000000000,future,1272:22651>1318:22645|11,10-50,False,21.5,10-25
BEV2_2025-04-27_drive1.csv,BEV2,2025-04-27 09:33:31+00:00,2025-04-27 09:41:11+00:00,2025-04-27 09:33:33+00:00,1.5442335395609248,1.546860897491326,0,False,True,True,0.0,False,False,1745746411000000000,1745746871000000000,1745746413000000000,future,1315:22648>1318:22645|1,<2,True,18.0,10-25
BEV2_2025-04-27_drive2.csv,BEV2,2025-04-27 10:45:59+00:00,2025-04-27 10:52:26+00:00,2025-04-27 10:46:00+00:00,1.055098358455509,1.055098358455509,0,False,True,True,0.0,False,False,1745750759000000000,1745751146000000000,1745750760000000000,future,1315:22648>1318:22645|1,<2,True,18.5,10-25
BEV2_2025-04-27_drive3.csv,BEV2,2025-04-27 10:55:43+00:00,2025-04-27 10:58:35+00:00,2025-04-27 10:55:45+00:00,0.3450208695844796,0.3450208695844796,0,False,True,True,0.0,False,False,1745751343000000000,1745751515000000000,1745751345000000000,future,1316:22647>1315:22648|0,<2,False,22.0,10-25
BEV2_2025-04-27_drive4.csv,BEV2,2025-04-27 11:07:19+00:00,2025-04-27 11:10:13+00:00,2025-04-27 11:07:21+00:00,0.9920201034141184,1.0026489918371777,0,False,True,True,0.0,False,False,1745752039000000000,1745752213000000000,1745752041000000000,future,1316:22648>1318:22645|0,<2,False,23.0,10-25
BEV2_2025-04-27_drive5.csv,BEV2,2025-04-27 12:52:51+00:00,2025-04-27 12:55:38+00:00,2025-04-27 12:52:52+00:00,1.0574531248537455,1.062901683784805,0,False,True,True,0.0,False,False,1745758371000000000,1745758538000000000,1745758372000000000,future,1315:22648>1318:22645|1,<2,True,22.5,10-25
BEV2_2025-04-29_drive1.csv,BEV2,2025-04-29 08:01:48+00:00,2025-04-29 08:07:02+00:00,2025-04-29 08:01:50+00:00,1.568154411739033,1.5803370137546495,0,False,True,True,0.0,False,False,1745913708000000000,1745914022000000000,1745913710000000000,future,1311:22649>1313:22648|1,<2,False,15.5,10-25
BEV2_2025-04-29_drive2.csv,BEV2,2025-04-29 15:20:25+00:00,2025-04-29 15:22:09+00:00,2025-04-29 15:20:27+00:00,0.6872922378775063,0.6981813223656599,0,False,True,True,0.0,False,False,1745940025000000000,1745940129000000000,1745940027000000000,future,1316:22647>1319:22647|0,<2,False,23.5,10-25
BEV2_2025-04-30_drive1.csv,BEV2,2025-04-30 06:08:35+00:00,2025-04-30 06:43:04+00:00,2025-04-30 06:08:37+00:00,45.34022457847651,45.37561614248277,0,True,True,True,0.0,True,False,1745993315000000000,1745995384000000000,1745993317000000000,future,1347:22690>1552:22706|45,10-50,False,13.5,10-25
