file,vehicle,distance_km,start_lat,start_lon,end_lat,end_lon,straight_km,route_to_straight_ratio,ratio_undefined,direction_sin,direction_cos,turn_abs_mean,turn_abs_std,turn_abs_p90,turn_abs_sum,soc,soc_missing,soc_age_s,ambient_c,ambient_c_missing,ambient_c_age_s,ambient_vcfront_source,pack_min_c,pack_min_c_missing,pack_min_c_age_s,pack_max_c,pack_max_c_missing,pack_max_c_age_s,pack_range_c,pack_range_c_missing,preconditioning_request,preconditioning_request_missing,preconditioning_request_age_s,soc_times_pack_min,soc_times_pack_min_missing,observed_cross_mode_temperature_conflict,distance_times_ambient_minus20,distance_times_ambient_minus20_missing,history_count,history_missing,history_recent_age_s,history_net_wh_per_km,history_wh_per_km_median,history_distance_mean,history_duration_mean,history_mean_speed_kph,history_ambient_mean,history_pack_min_mean,history_pack_max_mean,od_history_count,od_history_net_wh_per_km,od_history_duration_mean,past_thermal_min,past_thermal_max,past_thermal_age_s,history_recent_age_s_missing,history_net_wh_per_km_missing,history_wh_per_km_median_missing,history_distance_mean_missing,history_duration_mean_missing,history_mean_speed_kph_missing,history_ambient_mean_missing,history_pack_min_mean_missing,history_pack_max_mean_missing,od_history_net_wh_per_km_missing,od_history_duration_mean_missing,past_thermal_min_missing,past_thermal_max_missing,past_thermal_age_s_missing,actual_remaining_duration_s,actual_gps_distance_weighted_v2,actual_observed_stop_fraction,actual_motion_coverage,actual_motion_missing,actual_v2_missing,actual_stop_missing
BEV1_2024-07-24_drive1.csv,BEV1,14.758635413321027,50.929479,5.324553,50.81735,5.21335,14.708534418159983,1.0034062533857342,0.0,-0.5305014480563077,-0.8476840293471151,0.0600371341592067,0.1812993869524482,0.0643035359048285,21.613368297314445,90.5,0.0,0.0,20.0,0.0,0.0,0.0,24.5,0.0,0.0,26.25,0.0,0.0,1.75,0.0,0.0,0.0,0.0,2217.25,0.0,0.0,0.0,0.0,0,1.0,,,,,,,,,,0,,,24.5,26.25,1.0,1.0,1.0,1.0,1.0,1.0,1.0,1.0,1.0,1.0,1.0,1.0,0.0,0.0,0.0,2496.0,853.323075541684,0.6853061224489796,0.9815705128205128,0.0,0.0,0.0
BEV1_2024-07-24_drive2.csv,BEV1,14.67503109073881,50.81735,5.21335,50.929488,5.324555999999999,14.709494019600134,0.9976570962389733,0.0,0.5304810993390869,0.8476967637333493,0.0582754476428924,0.1811122943046532,0.0613480897938639,20.920885703798387,82.30000000000001,0.0,0.0,26.5,0.0,0.0,0.0,27.25,0.0,0.0,29.0,0.0,0.0,1.75,0.0,0.0,0.0,0.0,2242.675,0.0,0.0,95.38770208980227,0.0,1,0.0,29138.0,210.72408884045748,210.72408884045748,14.758635413321027,2497.0,21.27796855745122,19.588370696557245,25.68394715772618,27.57666132906325,0,,,27.25,29.0,2.0,0.0,0.0,0.0,0.0,0.0,0.0,0.0,0.0,0.0,1.0,1.0,0.0,0.0,0.0,2489.0,821.1339751617267,0.6602459016393443,0.9803133788670148,0.0,0.0,0.0
BEV1_2024-07-25_drive1.csv,BEV1,22.511921856260507,50.929493,5.324549,50.994646,5.539463,16.704188461468522,1.3476812661799558,0.0,0.9010549464149044,0.4337049498694174,0.0679452306478488,0.1761609780168959,0.1107057879323965,33.22521778679808,72.5,0.0,0.0,23.5,0.0,0.0,0.0,24.0,0.0,0.0,25.75,0.0,0.0,1.75,0.0,0.0,0.0,0.0,1740.0,0.0,0.0,78.79172649691178,0.0,2,0.0,55352.0,206.1601911025681,206.14719073560627,14.716833252029918,2494.0,21.2431817750443,22.72219497909724,27.533764024467267,29.559155634423234,0,,,24.0,25.75,1.0,0.0,0.0,0.0,0.0,0.0,0.0,0.0,0.0,0.0,1.0,1.0,0.0,0.0,0.0,2960.0,893.9430098514442,0.6178778573865575,0.9902027027027028,0.0,0.0,0.0
BEV1_2024-07-25_drive2.csv,BEV1,17.567144268448473,50.994645,5.539464,50.939695,5.33967,15.266971293918608,1.1506633457446866,0.0,-0.9164185268750727,-0.4002212932867536,0.0788173819148762,0.2405582523960111,0.1689111799289613,28.531892253185195,99.7,0.0,0.0,27.5,0.0,0.0,0.0,27.25,0.0,0.0,29.0,0.0,0.0,1.75,0.0,0.0,0.0,0.0,2716.8250000000003,0.0,0.0,131.75358201336354,0.0,3,0.0,28540.0,190.27699220126783,201.57029263075503,17.31519612010678,2649.6666666666665,23.28549376948668,22.54368329012877,26.596555280073755,28.625078201852347,0,,,27.25,29.0,1.0,0.0,0.0,0.0,0.0,0.0,0.0,0.0,0.0,0.0,1.0,1.0,0.0,0.0,0.0,2411.0,590.6666293348558,0.5468164794007491,0.9966818747407714,0.0,0.0,0.0
BEV1_2024-07-25_drive3.csv,BEV1,4.241332865595166,50.939695,5.33967,50.929491,5.324563,1.551808054714555,2.733155594024373,0.0,-0.682195925366592,-0.7311694190905547,0.1574589808258998,0.340594595081317,0.3325282681132991,14.013849293505084,96.0,0.0,0.0,27.5,0.0,0.0,0.0,29.0,0.0,0.0,30.75,0.0,0.0,1.75,0.0,0.0,0.0,0.0,2784.0,0.0,0.0,31.809996491963744,0.0,4,0.0,1383.0,172.22816394318934,185.54023795895245,17.378183157192204,2590.25,24.019024904894287,23.299453308873,26.88553809287753,28.898849057522703,0,,,29.0,30.75,2.0,0.0,0.0,0.0,0.0,0.0,0.0,0.0,0.0,0.0,1.0,1.0,0.0,0.0,0.0,1259.0,659.600704377521,0.7585657370517929,0.9968228752978554,0.0,0.0,0.0
BEV1_2024-07-27_drive1.csv,BEV1,47.66343177233314,50.929493,5.324561,50.856953,4.704558,44.22753895244543,1.0776867287049834,0.0,-0.9832287624514104,-0.182376535465142,0.032939155808058,0.1443792709997624,0.0404004327320581,41.43745800653704,83.60000000000001,0.0,0.0,20.5,0.0,0.0,0.0,25.0,0.0,0.0,26.75,0.0,0.0,1.75,0.0,0.0,0.0,0.0,2090.0,0.0,0.0,23.83171588616657,0.0,5,0.0,134490.0,173.4697613946499,193.81874941585525,14.750813098872795,2324.4,21.636916722669213,24.07432492919032,27.388485985800838,29.374233885193423,0,,,25.0,26.75,1.0,0.0,0.0,0.0,0.0,0.0,0.0,0.0,0.0,0.0,1.0,1.0,0.0,0.0,0.0,4869.0,984.8726348036384,0.5723189340210617,0.955637707948244,0.0,0.0,0.0
BEV1_2024-07-27_drive3.csv,BEV1,33.809109973557355,50.856972,4.704524999999999,51.06041,4.823618,24.110144985908533,1.4022773398217845,0.0,0.3459632868779469,0.938248050428354,0.0645438498339774,0.1900331723832749,0.1574169264427128,52.53869376485764,60.6,0.0,0.0,22.5,0.0,0.0,0.0,28.0,0.0,0.0,29.5,0.0,0.0,1.5,0.0,0.0,0.0,0.0,1696.8,0.0,0.0,84.52277493389339,0.0,6,0.0,15213.0,189.74335721547425,197.69452102330516,20.23624954444952,2748.6666666666665,23.903055324346155,23.42905576029666,27.237273571329577,29.213932070652287,0,,,28.0,29.5,1.0,0.0,0.0,0.0,0.0,0.0,0.0,0.0,0.0,0.0,1.0,1.0,0.0,0.0,0.0,2983.0,819.5901389691087,0.4054804023586542,0.9664767013074088,0.0,0.0,0.0
BEV1_2024-07-27_drive4.csv,BEV1,45.6715617762703,51.060407,4.823621999999999,50.929487,5.324561999999999,37.96049898577808,1.2031338627392958,0.0,0.9235433964401268,-0.3834939307105585,0.031947703642571,0.1398648118224194,0.0611258519867541,34.59936304490443,64.2,0.0,0.0,31.0,0.0,0.0,0.0,31.75,0.0,0.0,33.25,0.0,0.0,1.5,0.0,0.0,0.0,0.0,2038.35,0.0,0.0,502.3871795389733,0.0,7,0.0,3284.0,187.7910241957884,193.81874941585525,22.17522960575064,2782.285714285714,26.31525748907986,23.428970633898256,27.635902386390036,29.63041592062524,0,,,31.75,33.25,2.0,0.0,0.0,0.0,0.0,0.0,0.0,0.0,0.0,0.0,1.0,1.0,0.0,0.0,0.0,3462.0,783.8335399127764,0.350104821802935,0.9644714038128248,0.0,0.0,0.0
BEV1_2024-07-29_drive1.csv,BEV1,21.225613683622434,50.929488,5.324559,50.994643,5.539447,16.702645383425565,1.2707935297893065,0.0,0.901029249792648,0.4337583325056682,0.0748623558221644,0.2002863138965027,0.1288880183578449,32.26567535935286,39.6,0.0,0.0,20.5,0.0,0.0,0.0,24.5,0.0,0.0,26.5,0.0,0.0,2.0,0.0,0.0,0.0,0.0,970.2,0.0,0.0,10.612806841811215,0.0,8,0.0,141404.0,182.20313600681425,187.2992134937058,25.1122711270656,2867.5,28.95893425194073,23.447800603362275,27.99303951592038,30.049845743480105,0,,,24.5,26.5,1.0,0.0,0.0,0.0,0.0,0.0,0.0,0.0,0.0,0.0,1.0,1.0,0.0,0.0,0.0,1836.0,600.1597356255634,0.3085745494265429,0.9972766884531592,0.0,0.0,0.0
BEV1_2024-07-29_drive2.csv,BEV1,23.40814428052285,50.99464,5.53945,50.929491,5.324557,16.70267152557063,1.401461092298116,0.0,-0.901048804613682,-0.4337177096963585,0.0860729108350049,0.2228368420337707,0.1275029615521032,43.72503870418249,97.0,0.0,0.0,25.5,0.0,0.0,0.0,28.25,0.0,0.0,30.25,0.0,0.0,2.0,0.0,0.0,0.0,0.0,2740.25,0.0,0.0,128.74479354287567,0.0,9,0.0,32416.0,176.56045622893845,180.7796775715564,24.68042030001636,2753.0,30.36307427735812,22.97042286735817,27.67519967610285,29.70418823673869,0,,,28.25,30.25,1.0,0.0,0.0,0.0,0.0,0.0,0.0,0.0,0.0,0.0,1.0,1.0,0.0,0.0,0.0,5053.0,837.1226804152947,0.748705694942254,0.9938650306748468,0.0,0.0,0.0
BEV1_2024-07-30_drive1.csv,BEV1,14.34175475343979,50.929491,5.324557,50.817346,5.213515999999999,14.704015681832734,0.9753631296217584,0.0,-0.5298913634701766,-0.8480655298499741,0.0602097565240082,0.1843630307236649,0.0613414420722299,21.67551234864296,86.5,0.0,0.0,23.5,0.0,0.0,0.0,24.5,0.0,0.0,26.25,0.0,0.0,1.75,0.0,0.0,0.0,0.0,2119.25,0.0,0.0,50.19614163703927,0.0,10,0.0,48524.0,175.1066630785666,175.1449304293531,24.553192698067008,2983.1,28.99414554787878,23.62053883977171,28.031797996584498,30.048300322515978,1,210.72408884045748,2497.0,24.5,26.25,1.0,0.0,0.0,0.0,0.0,0.0,0.0,0.0,0.0,0.0,0.0,0.0,0.0,0.0,0.0,2487.0,813.429458025618,0.6715988491574189,0.9782870928829916,0.0,0.0,0.0
BEV1_2024-07-30_drive2.csv,BEV1,14.381389745142634,50.817346,5.213515999999999,50.929496,5.324552,14.7043010687627,0.9780396686581692,0.0,0.5298571910104042,0.8480868806523092,0.0585180312200739,0.1792093753460897,0.0579108373446319,21.00797320800656,68.0,0.0,0.0,33.5,0.0,0.0,0.0,34.5,0.0,0.0,36.5,0.0,0.0,2.0,0.0,1.0,0.0,0.0,2346.0,0.0,0.0,194.1487615594256,0.0,10,0.0,28907.0,175.19253486559566,175.1449304293531,24.51150463207889,2982.2,28.941522209512407,23.985819889842784,28.101455933545,30.12893804813056,1,201.57029263075503,2491.0,34.5,36.5,2.0,0.0,0.0,0.0,0.0,0.0,0.0,0.0,0.0,0.0,0.0,0.0,0.0,0.0,0.0,2465.0,822.9893069760594,0.6777133388566694,0.9793103448275862,0.0,0.0,0.0
BEV1_2024-07-31_drive1.csv,BEV1,20.905772386754585,50.929496,5.324544,50.994648,5.539451,16.703697772318115,1.251565531878832,0.0,0.9010520181436078,0.4337110335227034,0.075967193921293,0.2026199495229692,0.1254236987803478,32.7418605800773,57.2,0.0,0.0,24.0,0.0,0.0,0.0,25.0,0.0,0.0,26.75,0.0,0.0,1.75,0.0,0.0,0.0,0.0,1430.0,0.0,0.0,83.62308954701834,0.0,10,0.0,49899.0,177.73362113308778,175.1449304293531,24.482140497519264,2979.8,28.919304643062343,24.654022179325597,28.640571485948897,30.683197628361484,0,,,25.0,26.75,1.0,0.0,0.0,0.0,0.0,0.0,0.0,0.0,0.0,0.0,1.0,1.0,0.0,0.0,0.0,2920.0,679.2029847258291,0.5836200963523744,0.9952054794520548,0.0,0.0,0.0
BEV1_2024-07-31_drive2.csv,BEV1,32.14480880882378,50.994648,5.539451,50.943597,5.28479,18.714070599258008,1.717681283627213,0.0,-0.9528842525889216,-0.3033341411184248,0.1148204302743342,0.2982128201258343,0.229820019939722,79.80019904066228,99.0,0.0,0.0,23.5,0.0,0.0,0.0,27.25,0.0,0.0,29.25,0.0,0.0,2.0,0.0,0.0,0.0,0.0,2697.75,0.0,0.0,112.50683083088325,0.0,10,0.0,29966.0,175.74964509630308,171.99546564465652,24.321525550568676,2975.8,28.758834482847128,24.666566804544765,28.747120133971407,30.77829720418648,0,,,27.25,29.25,2.0,0.0,0.0,0.0,0.0,0.0,0.0,0.0,0.0,0.0,1.0,1.0,0.0,0.0,0.0,6192.0,755.5003912250897,0.6970091027308193,0.9935400516795866,0.0,0.0,0.0
BEV1_2024-07-31_drive3.csv,BEV1,4.941165557983426,50.943597,5.28479,50.929483,5.324561,3.19839050400899,1.5448912669637973,0.0,0.8713361406349338,-0.4906865904255168,0.1938239045893026,0.3735813754918056,0.6388676307680813,19.382390458930264,89.80000000000001,0.0,0.0,27.5,0.0,0.0,0.0,31.75,0.0,0.0,33.75,0.0,0.0,2.0,0.0,,1.0,,2851.1500000000005,0.0,0.0,37.0587416848757,0.0,10,0.0,2775.0,177.54984742940886,171.99546564465652,25.77929200460621,3354.0,28.00515343494119,24.77455438729134,29.006769753085383,31.038083076288245,0,,,31.75,33.75,1.0,0.0,0.0,0.0,0.0,0.0,0.0,0.0,0.0,0.0,1.0,1.0,0.0,0.0,0.0,1214.0,484.4403635407491,0.6625412541254125,0.99835255354201,0.0,0.0,0.0
BEV1_2024-08-01_drive1.csv,BEV1,15.11754980359898,50.929484,5.324559,50.817233,5.213342,14.72056141046662,1.026968291633911,0.0,-0.5301353880580512,-0.8479130087034515,0.0631743479521052,0.1932830199924783,0.0656895812913394,22.74276526275788,84.5,0.0,0.0,24.0,0.0,0.0,0.0,24.75,0.0,0.0,26.75,0.0,0.0,2.0,0.0,,1.0,,2091.375,0.0,0.0,60.47019921439592,0.0,10,0.0,45679.0,177.4560716151434,171.99546564465652,25.84927527384503,3349.4,28.25835408978161,24.777345943613803,29.273943643426502,31.336884357523665,0,,,24.75,26.75,1.0,0.0,0.0,0.0,0.0,0.0,0.0,0.0,0.0,0.0,1.0,1.0,0.0,0.0,0.0,2484.0,812.7246465589088,0.6726751331421549,0.9826892109500804,0.0,0.0,0.0
BEV1_2024-08-01_drive2.csv,BEV1,14.357224232367054,50.817233,5.213342,50.929489,5.324564,14.721218599906663,0.9752741687062564,0.0,0.5301355254470784,0.8479129228045472,0.0583521592375926,0.1834718240022883,0.0620138406735037,20.94842516629575,76.60000000000001,0.0,0.0,25.5,0.0,0.0,0.0,26.75,0.0,0.0,28.5,0.0,0.0,1.75,0.0,,1.0,,2049.05,0.0,0.0,78.9647332780188,0.0,10,0.0,30470.0,171.47880265915927,171.99546564465652,22.594687076971617,3110.9,26.92504683368987,24.952481227171752,29.270671588096583,31.32935433137085,1,245.3670272729891,2467.0,26.75,28.5,1.0,0.0,0.0,0.0,0.0,0.0,0.0,0.0,0.0,0.0,0.0,0.0,0.0,0.0,0.0,2449.0,815.3843974642336,0.6604088443888193,0.9787668436096366,0.0,0.0,0.0
BEV1_2024-08-02_drive1.csv,BEV1,16.788983732352705,50.929489,5.324564,50.982189,5.497325,13.44507292616025,1.2487090121829063,0.0,0.9000213492189737,0.4358458109814273,0.0467409298226409,0.117076961055523,0.0967997854216541,18.462667279943155,65.3,0.0,0.0,21.0,0.0,0.0,0.0,25.75,0.0,0.0,27.5,0.0,0.0,1.75,0.0,0.0,0.0,0.0,1681.475,0.0,0.0,16.788983732352705,0.0,10,0.0,58226.0,173.59815544818144,174.9099940608765,20.649498502852584,3057.5,24.955832734371103,25.124139976916403,29.208230591033555,31.259779572181703,0,,,25.75,27.5,1.0,0.0,0.0,0.0,0.0,0.0,0.0,0.0,0.0,0.0,1.0,1.0,0.0,0.0,0.0,2486.0,940.549267717574,0.6814086814086814,0.9823008849557522,0.0,0.0,0.0
BEV1_2024-08-06_drive1.csv,BEV1,21.98332272521295,50.994649,5.539443,50.92947,5.324568999999999,16.702921491801533,1.316136385841438,0.0,-0.9009557703101928,-0.4339109354980199,0.1031824566879229,0.3017759751511433,0.1686543123973271,45.70982831274986,98.7,0.0,0.0,27.5,0.0,0.0,0.0,28.0,0.0,0.0,31.75,0.0,0.0,3.75,0.0,0.0,0.0,0.0,2763.6,0.0,0.0,164.87492043909714,0.0,10,0.0,368916.0,180.89403783980336,196.4313247984432,17.761240698460828,2959.8,22.63961653763802,24.89905652816616,28.76331343928093,30.765486441899625,0,,,27.5,30.0,368917.0,0.0,0.0,0.0,0.0,0.0,0.0,0.0,0.0,0.0,1.0,1.0,0.0,0.0,0.0,2319.0,623.0972316177778,0.3933506044905008,0.998706338939198,0.0,0.0,0.0
BEV1_2024-08-06_drive2.csv,BEV1,1.0643773306934228,50.929472,5.324567,50.926253,5.315594,0.7236103119237813,1.4709261506565356,0.0,-0.8690898164248658,-0.4946543146345667,0.4472430054749195,0.616639573851267,1.3402907948860878,9.39210311497331,93.7,0.0,0.0,29.0,0.0,0.0,0.0,32.5,0.0,0.0,34.5,0.0,0.0,2.0,0.0,0.0,0.0,0.0,3045.25,0.0,0.0,9.579395976240804,0.0,10,0.0,2768.0,180.9444045622613,196.4313247984432,17.837011602619874,3008.1,21.891202340032383,25.915392244409865,29.28895542973157,31.38982638223957,0,,,32.5,34.5,2.0,0.0,0.0,0.0,0.0,0.0,0.0,0.0,0.0,0.0,1.0,1.0,0.0,0.0,0.0,2673.0,101.53172176619876,0.9195359281437124,0.9996258885147774,0.0,0.0,0.0
BEV1_2024-08-06_drive3.csv,BEV1,1.2318974396690985,50.926253,5.315594,50.929483,5.32457,0.7243986498103835,1.700579425419355,0.0,0.8684341655794927,0.4958044978156715,0.4019053721985051,0.6230553421156049,1.175372258006342,9.645728932764122,92.8,0.0,0.0,32.5,0.0,0.0,0.0,33.25,0.0,0.0,35.25,0.0,0.0,2.0,0.0,0.0,0.0,0.0,3085.6,0.0,0.0,15.39871799586373,0.0,10,0.0,1378.0,185.4758752749932,209.74047659657305,15.602634907636936,2770.2,20.367066946093523,25.75174482233076,29.445594150985425,31.55113659428374,0,,,33.25,35.25,2.0,0.0,0.0,0.0,0.0,0.0,0.0,0.0,0.0,0.0,1.0,1.0,0.0,0.0,0.0,1281.0,70.13276400050461,0.82421875,0.9992193598750976,0.0,0.0,0.0
BEV1_2024-08-08_drive1.csv,BEV1,20.07540527721473,50.929483,5.32457,50.998159,5.525675,16.020836704239287,1.2530809500044753,0.0,0.879089849011192,0.4766560996834925,0.0528264115287403,0.1460654654400697,0.1045525156688647,21.341870257611085,82.10000000000001,0.0,0.0,21.0,0.0,0.0,0.0,25.25,0.0,0.0,27.0,0.0,0.0,1.75,0.0,0.0,0.0,0.0,2073.025,0.0,0.0,20.07540527721473,0.0,10,0.0,124753.0,183.3738209999248,214.3900893008997,14.291649176259863,2649.7,18.63755444062505,26.34165318235474,30.175877429663064,32.29247030396237,0,,,25.25,27.0,1.0,0.0,0.0,0.0,0.0,0.0,0.0,0.0,0.0,0.0,1.0,1.0,0.0,0.0,0.0,2402.0,639.3943584115287,0.51375,0.9991673605328892,0.0,0.0,0.0
BEV1_2024-08-10_drive1.csv,BEV1,1.251733109896746,47.849319,3.551332,47.85321,3.542981,0.75861379610759,1.6500268203917814,0.0,-0.8214157996802278,0.5703298028647038,0.6634394088172586,0.7135417857910177,1.4008510736553836,17.912864038065983,52.900000000000006,0.0,0.0,18.5,0.0,0.0,0.0,22.5,0.0,0.0,25.75,0.0,0.0,3.25,0.0,1.0,0.0,0.0,1190.2500000000002,0.0,0.0,-1.877599664845119,0.0,10,0.0,174177.0,170.23307967335285,196.4313247984432,14.861050729467076,2643.3,19.54648386020309,25.00322958234881,29.28686052690704,31.35343008915412,0,,,27.0,29.25,174177.0,0.0,0.0,0.0,0.0,0.0,0.0,0.0,0.0,0.0,1.0,1.0,0.0,0.0,0.0,1568.0,268.9596243780366,0.89272030651341,0.9987244897959184,0.0,0.0,0.0
BEV1_2024-08-10_drive2.csv,BEV1,143.57821067948635,47.853215,3.542978,48.894344,2.224548,151.27598703075404,0.949114353822046,0.0,-0.6437275859917037,0.7652547255870387,0.0284916664619335,0.1313803297173709,0.0420446651803646,105.19123257745872,92.5,0.0,0.0,21.5,0.0,0.0,0.0,42.5,0.0,0.0,49.5,0.0,0.0,7.0,0.0,0.0,0.0,0.0,3931.25,0.0,0.0,215.36731601922952,0.0,10,0.0,1357.0,179.76938020192108,214.3900893008997,12.895646801781288,2508.1,17.257146782224773,24.741767373553763,29.11523185771765,31.19822735163259,0,,,42.5,49.5,6.0,0.0,0.0,0.0,0.0,0.0,0.0,0.0,0.0,0.0,1.0,1.0,0.0,0.0,0.0,7529.0,1142.720528561192,0.2810888252148997,0.9270819497941294,0.0,0.0,0.0
BEV1_2024-08-10_drive3.csv,BEV1,10.138290490538708,48.894344,2.224548,48.83966,2.253393,6.43623744415121,1.5751890104290136,0.0,0.3278113205740733,-0.9447432127850838,0.1463227131121095,0.3699115483116799,0.2641142543827704,29.99615618798245,36.8,0.0,0.0,26.0,0.0,0.0,0.0,29.0,0.0,0.0,31.0,0.0,0.0,2.0,0.0,0.0,0.0,0.0,1067.1999999999998,0.0,0.0,60.82974294323225,0.0,10,0.0,4157.0,208.62079407267535,222.98621227555907,24.038986988847547,2641.7,22.25316292393468,24.37526239733208,29.353573957320737,31.59045254151304,0,,,29.0,31.0,2.0,0.0,0.0,0.0,0.0,0.0,0.0,0.0,0.0,0.0,1.0,1.0,0.0,0.0,0.0,2172.0,436.49509669956586,0.6262672811059908,0.9990791896869244,0.0,0.0,0.0
BEV1_2024-08-10_drive4.csv,BEV1,201.23654811817465,48.83966,2.25339,50.588631,4.308152,244.20652870841027,0.8240424577610576,0.0,0.6049084098689693,0.7962950556607739,0.0128499670150661,0.071793314787653,0.0234677756795349,71.90841541631008,99.0,0.0,0.0,29.0,0.0,0.0,0.0,34.25,0.0,0.0,36.25,0.0,0.0,2.0,0.0,1.0,0.0,0.0,3390.75,0.0,0.0,1811.128933063572,0.0,10,0.0,29931.0,206.96671339540268,222.98621227555907,24.558699482103076,2737.6,22.467947621600505,24.32494487237745,29.1676809588843,31.381484244277846,0,,,34.0,36.25,1.0,0.0,0.0,0.0,0.0,0.0,0.0,0.0,0.0,0.0,1.0,1.0,0.0,0.0,0.0,11160.0,1147.8906614709708,0.3163740950114053,0.903494623655914,0.0,0.0,0.0
BEV1_2024-08-10_drive5.csv,BEV1,31.03927593217707,50.58863,4.308142,50.884416,4.44418,34.25492807794428,0.9061258532363502,0.0,0.2794789040455762,0.9601518328855512,0.0371342269180983,0.1674549235034045,0.0495968628224814,31.267019065038845,84.30000000000001,0.0,0.0,21.0,0.0,0.0,0.0,43.75,0.0,0.0,49.75,0.0,0.0,6.0,0.0,0.0,0.0,0.0,3688.125000000001,0.0,0.0,31.03927593217707,0.0,10,0.0,1677.0,222.0869778509875,223.65452337856613,43.17059931356064,3605.2,26.768799972968832,24.740877266133115,30.208881501446182,32.465792309315326,0,,,43.75,49.75,3.0,0.0,0.0,0.0,0.0,0.0,0.0,0.0,0.0,0.0,1.0,1.0,0.0,0.0,0.0,2651.0,1018.5606173285728,0.4863234111021721,0.9377593360995852,0.0,0.0,0.0
BEV1_2024-08-11_drive1.csv,BEV1,5.280606900342455,50.884416,4.444179,50.89672,4.482707,3.029026900620112,1.7433344349835234,0.0,0.8921811217803325,0.4516778120948467,0.2398585544864862,0.4526421022375025,0.5776883970534764,25.18514822108105,71.2,0.0,0.0,21.0,0.0,0.0,0.0,24.75,0.0,0.0,27.0,0.0,0.0,2.25,0.0,0.0,0.0,0.0,1762.2,0.0,0.0,5.280606900342455,0.0,10,0.0,24953.0,219.81927381355112,222.98621227555907,44.83880448354165,3625.4,28.872643395423157,24.285303927254567,30.84751424685204,33.407314502808106,0,,,24.75,27.0,2.0,0.0,0.0,0.0,0.0,0.0,0.0,0.0,0.0,0.0,1.0,1.0,0.0,0.0,0.0,2569.0,471.4136447990193,0.7920560747663551,0.9996107434799532,0.0,0.0,0.0
BEV1_2024-08-11_drive2.csv,BEV1,60.73676859632669,50.896719,4.482704,50.93002,5.32466,59.14348168227632,1.0269393493370855,0.0,0.99803816090439,0.0626085407798583,0.0314944311186079,0.1109463913323533,0.058026305709578,49.16280697614707,69.60000000000001,0.0,0.0,22.5,0.0,0.0,0.0,26.0,0.0,0.0,27.25,0.0,0.0,1.25,0.0,0.0,0.0,0.0,1809.6,0.0,0.0,151.84192149081673,0.0,10,0.0,1386.0,218.9537048117651,206.7978614024608,43.68796680034062,3633.8,27.18180063370762,24.36718916752589,30.722487737943872,33.29397900888146,0,,,26.0,27.25,1.0,0.0,0.0,0.0,0.0,0.0,0.0,0.0,0.0,0.0,1.0,1.0,0.0,0.0,0.0,3289.0,1036.0441287315657,0.2687889727600919,0.9264214046822744,0.0,0.0,0.0
BEV1_2024-08-11_drive3.csv,BEV1,4.300268535268515,50.930023,5.324654,50.929485,5.324566,0.0601400167007088,71.50427903386053,0.0,-0.1025494200380319,-0.9947279107624674,0.2563761848547873,0.4992924931776848,0.9240873701283272,22.048351897511715,100.0,0.0,0.0,33.5,0.0,0.0,0.0,33.25,0.0,0.0,35.5,0.0,0.0,2.25,0.0,1.0,0.0,0.0,3325.0,0.0,0.0,58.05362522612495,0.0,10,0.0,18673.0,221.6926656791377,215.02129917898208,47.56331138745198,3730.8,30.4165639834495,23.80365774715092,30.463231501630627,32.94689483731638,0,,,33.25,35.5,1.0,0.0,0.0,0.0,0.0,0.0,0.0,0.0,0.0,0.0,1.0,1.0,0.0,0.0,0.0,3234.0,470.8559055197501,0.8549334982987937,0.9996907854050712,0.0,0.0,0.0
BEV1_2024-08-29_drive1.csv,BEV1,20.870890644607883,50.994646,5.539467,50.929477,5.324552,16.70502558766504,1.2493779512686831,0.0,-0.90101414003615,-0.4337897180142899,0.0851320854652985,0.2185479458134971,0.1728941388736405,39.24589139950261,99.3,0.0,0.0,28.0,0.0,0.0,0.0,29.5,0.0,0.0,31.5,0.0,0.0,2.0,0.0,0.0,0.0,0.0,2929.35,0.0,0.0,166.96712515686306,0.0,10,0.0,1580035.0,221.6926656791377,215.02129917898208,47.56331138745198,3730.8,30.4165639834495,23.80365774715092,30.463231501630627,32.94689483731638,0,,,28.0,30.0,1542406.0,0.0,0.0,0.0,0.0,0.0,0.0,0.0,0.0,0.0,1.0,1.0,0.0,0.0,0.0,2306.0,695.6628427404627,0.4529463500439754,0.9861231569817868,0.0,0.0,0.0
BEV1_2024-08-30_drive1.csv,BEV1,8.690508607591703,50.929479,5.324549,50.92807,5.385967,4.307312419096739,2.0176174286921444,0.0,0.9993382497942948,-0.036373926074531,0.1097587864690273,0.2240055996312953,0.3010573896057323,19.75658156442492,89.5,0.0,0.0,21.5,0.0,0.0,0.0,26.5,0.0,0.0,28.25,0.0,0.0,1.75,0.0,0.0,0.0,0.0,2371.75,0.0,0.0,13.035762911387554,0.0,10,0.0,52598.0,218.3723661533495,198.37299943923395,49.54396271884344,3694.0,33.53015667048812,23.69733711805294,30.29023012486715,32.787301549443235,0,,,26.5,28.25,1.0,0.0,0.0,0.0,0.0,0.0,0.0,0.0,0.0,0.0,1.0,1.0,0.0,0.0,0.0,1175.0,853.1736476259175,0.5623931623931624,0.9957446808510638,0.0,0.0,0.0
BEV1_2024-08-30_drive2.csv,BEV1,25.66994166730632,50.92807,5.385967,50.929488,5.324561999999999,4.306438030283165,5.960829225172531,0.0,-0.9993294937895604,0.0366136974683116,0.1332681203015778,0.3102818879645002,0.4475698077733895,75.2964879703915,86.9,0.0,0.0,21.5,0.0,0.0,0.0,25.25,0.0,0.0,27.25,0.0,0.0,2.0,0.0,0.0,0.0,0.0,2194.2250000000004,0.0,0.0,38.50491250095948,0.0,10,0.0,6918.0,216.86356850842677,173.9871122717887,50.2898238356357,3683.3,35.84485543641204,22.885594693810518,29.611796404340755,32.08323796083555,0,,,25.25,27.25,1.0,0.0,0.0,0.0,0.0,0.0,0.0,0.0,0.0,0.0,1.0,1.0,0.0,0.0,0.0,6333.0,712.0919169016681,0.7456711675933281,0.9939996841939048,0.0,0.0,0.0
BEV1_2024-08-31_drive1.csv,BEV1,5.499775910221644,50.929489,5.324561,50.953319,5.281053,4.039080820717585,1.3616404707753662,0.0,-0.7547304044843448,0.656035072650005,0.1252106636374372,0.263453472038365,0.2121324297168277,13.898383663755531,70.5,0.0,0.0,21.5,0.0,0.0,0.0,25.75,0.0,0.0,27.75,0.0,0.0,2.0,0.0,0.0,0.0,0.0,1815.375,0.0,0.0,8.249663865332467,0.0,10,0.0,114711.0,217.25452333766955,173.9871122717887,50.84927747464486,4076.4,34.296284033535684,23.048270116054685,29.668741465382578,32.14338470342381,0,,,25.75,27.75,1.0,0.0,0.0,0.0,0.0,0.0,0.0,0.0,0.0,0.0,1.0,1.0,0.0,0.0,0.0,2591.0,372.5735724238772,0.8049439938200077,0.9992280972597452,0.0,0.0,0.0
BEV1_2024-08-31_drive2.csv,BEV1,5.256934927247567,50.953319,5.281053,50.929493,5.324565,4.0390004864214175,1.3015435241765092,0.0,0.7548147724524646,-0.6559379995758243,0.119347859714253,0.2275052310703154,0.2452369297141095,13.247612428282087,68.60000000000001,0.0,0.0,24.5,0.0,0.0,0.0,26.75,0.0,0.0,28.75,0.0,0.0,2.0,0.0,0.0,0.0,0.0,1835.05,0.0,0.0,23.656207172614053,0.0,10,0.0,5541.0,215.25964441884983,157.44871621067833,51.27408175467734,4178.7,34.77293726120063,23.32446848820312,29.92512043890228,32.38319676601718,0,,,26.75,28.75,1.0,0.0,0.0,0.0,0.0,0.0,0.0,0.0,0.0,0.0,1.0,1.0,0.0,0.0,0.0,1201.0,539.4897606615115,0.6463210702341137,0.9958368026644464,0.0,0.0,0.0
BEV1_2024-09-01_drive1.csv,BEV1,0.1588220656462368,50.929494,5.324565,50.930005,5.324643,0.0570830350757523,2.7822988990594344,0.0,0.0957638657703678,0.995404079764954,1.3548991179590104,0.7069952037952356,1.9307050794724423,4.064697353877032,67.3,0.0,0.0,21.0,0.0,0.0,0.0,21.25,0.0,0.0,23.25,0.0,0.0,2.0,0.0,0.0,0.0,0.0,1430.125,0.0,0.0,0.1588220656462368,0.0,10,0.0,40681.0,210.98919596390425,156.94378148635263,37.44195417945348,3545.9,29.48309672048555,23.323400151983957,29.320682063728544,31.61634508234698,0,,,26.5,28.5,40047.0,0.0,0.0,0.0,0.0,0.0,0.0,0.0,0.0,0.0,1.0,1.0,0.0,0.0,0.0,162.0,14.994893999290408,0.6289308176100629,0.9814814814814816,0.0,0.0,0.0
BEV1_2024-09-01_drive2.csv,BEV1,15.341477112950145,50.930005,5.324643,51.024159,5.350312,10.622585224069947,1.4442319632501095,0.0,0.1691805869824752,0.9855850693817684,0.0703536586915167,0.2007448328637694,0.100526519265933,22.44281712259385,91.2,0.0,0.0,30.5,0.0,0.0,0.0,28.25,0.0,0.0,29.75,0.0,0.0,1.5,0.0,0.0,0.0,0.0,2576.4,0.0,0.0,161.08550968597652,0.0,10,0.0,47976.0,210.98919596390425,156.94378148635263,37.44195417945348,3545.9,29.48309672048555,23.323400151983957,29.320682063728544,31.61634508234698,0,,,21.5,23.25,7132.0,0.0,0.0,0.0,0.0,0.0,0.0,0.0,0.0,0.0,1.0,1.0,0.0,0.0,0.0,1975.0,685.9774940651454,0.5335707019328586,0.9954430379746836,0.0,0.0,0.0
BEV1_2024-09-01_drive3.csv,BEV1,15.727599352846322,51.024159,5.350312,50.929997,5.324652,10.623355414184518,1.480473799440666,0.0,-0.1691090226395974,-0.9855973510830272,0.067360653697547,0.2046989167407834,0.0985254323422062,21.420687875819954,84.9,0.0,0.0,31.0,0.0,0.0,0.0,33.75,0.0,0.0,36.0,0.0,0.0,2.25,0.0,1.0,0.0,0.0,2865.375,0.0,0.0,173.00359288130954,0.0,10,0.0,59609.0,210.98919596390425,156.94378148635263,37.44195417945348,3545.9,29.48309672048555,23.323400151983957,29.320682063728544,31.61634508234698,0,,,33.75,36.0,1.0,0.0,0.0,0.0,0.0,0.0,0.0,0.0,0.0,0.0,1.0,1.0,0.0,0.0,0.0,2040.0,694.4015434191076,0.5537555228276878,0.998529411764706,0.0,0.0,0.0
BEV1_2024-09-01_drive4.csv,BEV1,169.4550126250787,50.929997,5.324652,50.562617,7.525405999999999,160.13452235684662,1.058204128198304,0.0,0.9669167108894152,-0.2550922856591219,0.0161069227620262,0.0598750980081672,0.0331625111302571,72.0462655145432,97.0,0.0,0.0,36.5,0.0,0.0,0.0,37.0,0.0,0.0,39.0,0.0,0.0,2.0,0.0,0.0,0.0,0.0,3589.0,0.0,0.0,2796.0077083137985,0.0,10,0.0,5206.0,211.46456367699076,156.94378148635263,38.00088506568424,3532.6,30.578361825547383,23.88755493712811,29.80485823487954,32.12766886299028,0,,,37.0,39.0,1.0,0.0,0.0,0.0,0.0,0.0,0.0,0.0,0.0,0.0,1.0,1.0,0.0,0.0,0.0,7397.0,1184.172682716682,0.1950487621905476,0.901040962552386,0.0,0.0,0.0
BEV1_2024-09-01_drive5.csv,BEV1,98.9104579010064,50.562619,7.525412999999999,49.863394,8.642358,111.18240421251387,0.8896233050685709,0.0,0.7148385129491763,-0.6992895683510588,0.0281241381048677,0.1056856160275822,0.0512866081601712,74.55709011600436,89.7,0.0,0.0,28.5,0.0,0.0,0.0,45.25,0.0,0.0,50.5,0.0,0.0,5.25,0.0,0.0,0.0,0.0,4058.925,0.0,0.0,840.7388921585543,0.0,10,0.0,14357.0,211.46456367699076,156.94378148635263,38.00088506568424,3532.6,30.578361825547383,23.88755493712811,29.80485823487954,32.12766886299028,0,,,45.25,50.5,2.0,0.0,0.0,0.0,0.0,0.0,0.0,0.0,0.0,0.0,1.0,1.0,0.0,0.0,0.0,5078.0,1194.753601221984,0.2742388253077089,0.9119732178022844,0.0,0.0,0.0
BEV1_2024-09-02_drive1.csv,BEV1,2.389657222490684,49.863393,8.642355,49.87434,8.65821,1.6652116336668288,1.4350471580772055,0.0,0.6823885047861378,0.730989691128226,0.2860463700930277,0.396642726836942,0.8207975938227469,13.444179394372302,47.400000000000006,0.0,0.0,29.8,0.0,0.0,0.0,31.25,0.0,0.0,33.0,0.0,0.0,1.75,0.0,0.0,0.0,0.0,1481.2500000000002,0.0,0.0,23.418640780408705,0.0,10,0.0,38866.0,196.2902043729371,156.94378148635263,27.768276043967404,2924.4,31.09822450073118,24.01861029710305,29.888388810600063,32.47632176041658,0,,,31.25,33.0,1.0,0.0,0.0,0.0,0.0,0.0,0.0,0.0,0.0,0.0,1.0,1.0,0.0,0.0,0.0,2543.0,140.26122104125562,0.8497837200157294,1.0,0.0,0.0,0.0
BEV1_2024-09-02_drive2.csv,BEV1,2.4640399340180164,49.87434,8.65821,49.863332,8.642337,1.6710547338740196,1.4745417274906447,0.0,-0.6807748571358808,-0.7324927261697696,0.3317585641510824,0.4019268612421665,0.9816716092008104,16.256169643403037,43.5,0.0,0.0,26.5,0.0,0.0,0.0,30.75,0.0,0.0,32.75,0.0,0.0,2.0,0.0,0.0,0.0,0.0,1337.625,0.0,0.0,16.016259571117107,0.0,10,0.0,31401.0,198.3764118362866,156.94378148635263,24.90331417299877,2913.6,27.222907170765914,24.744574772949427,29.51081460334425,31.76637366178768,0,,,30.75,32.75,2.0,0.0,0.0,0.0,0.0,0.0,0.0,0.0,0.0,0.0,1.0,1.0,0.0,0.0,0.0,2577.0,157.70247150933776,0.84277950310559,0.9996119518820332,0.0,0.0,0.0
BEV1_2024-09-03_drive1.csv,BEV1,61.96740006142744,49.863334,8.642331,50.381254,8.089556,69.78269517029287,0.8880052556039356,0.0,-0.5647338080996427,0.8252731220567382,0.0268592046828193,0.1072914362554613,0.0422521292957772,43.297037948704855,37.7,0.0,0.0,30.0,0.0,0.0,0.0,30.5,0.0,0.0,32.25,0.0,0.0,1.75,0.0,0.0,0.0,0.0,1149.85,0.0,0.0,619.6740006142744,0.0,10,0.0,56766.0,199.90641735803663,172.6384766913323,24.621657476366323,2914.4,26.827451810749324,25.34068791145956,30.227794110807288,32.45484684728241,0,,,30.5,32.25,1.0,0.0,0.0,0.0,0.0,0.0,0.0,0.0,0.0,0.0,1.0,1.0,0.0,0.0,0.0,4052.0,1175.443579007611,0.4384029419490412,0.9395360315893386,0.0,0.0,0.0
BEV1_2024-09-03_drive2.csv,BEV1,195.2391550487196,50.381267,8.089549,50.951604,5.352879,203.0223977871239,0.9616631326235968,0.0,-0.9499669702437338,0.3123503728922716,0.0175894232187751,0.0680773439243845,0.0425899231793216,89.03766033343999,98.2,0.0,0.0,27.5,0.0,0.0,0.0,44.75,0.0,0.0,50.0,0.0,0.0,5.25,0.0,0.0,0.0,0.0,4394.45,0.0,0.0,1464.293662865397,0.0,10,0.0,2521.0,205.5075671703401,172.6384766913323,24.7447206228764,2990.7,25.685619411410347,25.716783971531,30.91608525474537,33.223668652528794,0,,,44.75,50.0,2.0,0.0,0.0,0.0,0.0,0.0,0.0,0.0,0.0,0.0,1.0,1.0,0.0,0.0,0.0,8626.0,1146.1109493462957,0.1862280814027902,0.905750057964294,0.0,0.0,0.0
BEV1_2024-09-03_drive3.csv,BEV1,2.2328064041654296,50.951604,5.352879,50.939722,5.339576999999999,1.6168216470250458,1.3809849764652746,0.0,-0.5763951583775917,-0.8171711090089216,0.2455344317700963,0.5324259155675098,0.7195349861662806,10.80351499788424,53.7,0.0,0.0,22.0,0.0,0.0,0.0,39.5,0.0,0.0,48.75,0.0,0.0,9.25,0.0,0.0,0.0,0.0,2121.15,0.0,0.0,4.465612808330859,0.0,10,0.0,608.0,210.8558826012837,199.80834738428973,42.18154706328757,3622.7,30.576006767398383,25.717912029669076,31.41418265878799,33.970650999713286,0,,,39.5,48.5,2.0,0.0,0.0,0.0,0.0,0.0,0.0,0.0,0.0,0.0,1.0,1.0,0.0,0.0,0.0,1197.0,452.18951542013326,0.830267558528428,0.9991645781119464,0.0,0.0,0.0
BEV1_2024-09-03_drive5.csv,BEV1,4.44023860146031,50.929491,5.324576,50.951584,5.313839,2.569243901010553,1.7282277481378254,0.0,-0.2928134315360202,0.9561695949527472,0.1765490956951865,0.3197128360751459,0.4332171678834536,15.889418612566786,50.6,0.0,0.0,24.0,0.0,0.0,0.0,32.5,0.0,0.0,34.75,0.0,0.0,2.25,0.0,0.0,0.0,0.0,1644.5,0.0,0.0,17.76095440584124,0.0,10,0.0,12841.0,212.28986846314547,202.00322139414232,41.53577684294494,3624.9,28.5866071777942,26.05481062637089,32.8532245213594,35.6925311102717,0,,,32.5,34.75,2.0,0.0,0.0,0.0,0.0,0.0,0.0,0.0,0.0,0.0,1.0,1.0,0.0,0.0,0.0,2599.0,320.537666339756,0.8325635103926097,0.9996152366294728,0.0,0.0,0.0
BEV1_2024-09-03_drive6.csv,BEV1,4.469119038734317,50.951584,5.313839,50.929486,5.324559,2.5694270679745097,1.7393445778001173,0.0,0.2923289920418567,-0.9563178134970572,0.1788963135701833,0.3014947071045651,0.48141349997343,16.1006682213165,48.900000000000006,0.0,0.0,27.0,0.0,0.0,0.0,30.25,0.0,0.0,32.25,0.0,0.0,2.0,0.0,0.0,0.0,0.0,1479.225,0.0,0.0,31.28383327114022,0.0,10,0.0,5538.0,215.38239302362587,202.00322139414232,39.41280653636034,3251.6,27.74219312467473,26.54077115693774,33.44860511293678,36.31519147310366,0,,,30.25,32.25,1.0,0.0,0.0,0.0,0.0,0.0,0.0,0.0,0.0,0.0,1.0,1.0,0.0,0.0,0.0,1218.0,354.8162798437215,0.6414473684210527,0.9983579638752051,0.0,0.0,0.0
BEV1_2024-09-04_drive1.csv,BEV1,23.06203175851464,50.929486,5.324559,50.994653,5.539441,16.702844435348354,1.380724812937148,0.0,0.9009932765967072,0.4338330502941535,0.0647308899592578,0.1643525304846295,0.1085159352825798,31.653405190077088,44.400000000000006,0.0,0.0,24.5,0.0,0.0,0.0,25.25,0.0,0.0,27.0,0.0,0.0,1.75,0.0,0.0,0.0,0.0,1121.1,0.0,0.0,103.77914291331588,0.0,10,0.0,38774.0,215.74358044371257,202.00322139414232,39.3097408492116,3114.3,28.29817363167491,26.563369459113204,33.82772978916653,36.70771886856037,0,,,25.25,27.0,1.0,0.0,0.0,0.0,0.0,0.0,0.0,0.0,0.0,0.0,1.0,1.0,0.0,0.0,0.0,2960.0,836.4894525635391,0.589316093909493,0.9929054054054054,0.0,0.0,0.0
BEV1_2024-09-04_drive2.csv,BEV1,20.823081767634143,50.994652,5.53944,50.929492,5.324544,16.703389471226007,1.246638103212818,0.0,-0.9010225280856472,-0.4337722949683961,0.1006964992922762,0.2538379317152346,0.2013103051717633,45.11203168293976,97.6,0.0,0.0,29.5,0.0,0.0,0.0,27.5,0.0,0.0,29.5,0.0,0.0,2.0,0.0,0.0,0.0,0.0,2684.0,0.0,0.0,197.8192767925244,0.0,10,0.0,31554.0,214.6109337775371,202.00322139414232,41.09025053233832,3290.2,29.52761168619949,26.36724779220238,33.812261688510524,36.695715508753786,0,,,27.5,29.5,1.0,0.0,0.0,0.0,0.0,0.0,0.0,0.0,0.0,0.0,1.0,1.0,0.0,0.0,0.0,2153.0,762.5349211499973,0.3466416157820573,0.9888527635856944,0.0,0.0,0.0
BEV1_2024-09-17_drive1.csv,BEV1,0.5397537251157664,50.92542,5.322049,50.929486,5.324554,0.4850109242818691,1.1128692119975483,0.0,0.3619859994738773,0.9321835313847258,0.151960031197115,0.1799384204232311,0.4606336297332147,1.5196003119711503,92.90000000000002,0.0,0.0,23.0,0.0,0.0,0.0,27.75,0.0,0.0,30.0,0.0,0.0,2.25,0.0,0.0,0.0,0.0,2577.9750000000004,0.0,0.0,1.6192611753472992,0.0,10,0.0,1155812.0,214.6109337775371,202.00322139414232,41.09025053233832,3290.2,29.52761168619949,26.36724779220238,33.812261688510524,36.695715508753786,0,,,27.25,28.75,960927.0,0.0,0.0,0.0,0.0,0.0,0.0,0.0,0.0,0.0,1.0,1.0,0.0,0.0,0.0,1275.0,99.60715944748598,0.9301412872841444,0.99921568627451,0.0,0.0,0.0
BEV1_2024-09-18_drive1.csv,BEV1,21.86771564168521,50.929488,5.324551,50.994647,5.539552,16.709968647648964,1.3086628768009043,0.0,0.9011079314367998,0.4335948522546039,0.0637756715404588,0.1623684095678927,0.1104751004617596,31.18630338328435,88.2,0.0,0.0,20.5,0.0,0.0,0.0,25.0,0.0,0.0,27.0,0.0,0.0,2.0,0.0,0.0,0.0,0.0,2205.0,0.0,0.0,10.933857820842604,0.0,10,0.0,53634.0,215.58557548449343,202.00322139414232,39.57232288858826,3213.7,26.90821208436777,25.49078286205242,33.10360288851421,35.948525311669975,0,,,25.0,27.0,2.0,0.0,0.0,0.0,0.0,0.0,0.0,0.0,0.0,0.0,1.0,1.0,0.0,0.0,0.0,2865.0,924.6315957516224,0.6206652512384997,0.9863874345549738,0.0,0.0,0.0
BEV1_2024-09-18_drive2.csv,BEV1,22.596086796887608,50.994645,5.539554,50.929489,5.324554,16.70976104673786,1.3522686969421922,0.0,-0.9011149452198266,-0.433580275729269,0.0801727264185843,0.2277182114852702,0.1489710437215201,37.11997233180456,99.6,0.0,0.0,19.5,0.0,0.0,0.0,24.0,0.0,0.0,26.0,0.0,0.0,2.0,0.0,0.0,0.0,0.0,2390.4,0.0,0.0,-11.298043398443804,0.0,10,0.0,28553.0,209.81601369539644,184.84076906942624,31.868048662656143,2992.5,22.643288438083434,24.56651121811827,31.88630729373205,34.43878440901394,0,,,24.0,26.0,1.0,0.0,0.0,0.0,0.0,0.0,0.0,0.0,0.0,0.0,1.0,1.0,0.0,0.0,0.0,3614.0,512.4526235912994,0.5852981969486823,0.9975096845600444,0.0,0.0,0.0
BEV1_2024-09-18_drive3.csv,BEV1,2.047204216133029,50.929488,5.324554,50.936759,5.313853,1.1027378326698627,1.8564740915585516,0.0,-0.6800403883159971,0.7331746519479706,0.3249067347262326,0.5330329905818563,1.1634397132001373,13.970989593228,94.3,0.0,0.0,21.5,0.0,0.0,0.0,26.75,0.0,0.0,28.5,0.0,0.0,1.75,0.0,0.0,0.0,0.0,2522.525,0.0,0.0,3.070806324199544,0.0,10,0.0,8995.0,202.53443277165616,176.94008050684573,33.888691620095834,3099.6,24.55536210722844,23.98413470226208,31.216078838140778,33.7817834424606,0,,,26.75,28.5,1.0,0.0,0.0,0.0,0.0,0.0,0.0,0.0,0.0,0.0,1.0,1.0,0.0,0.0,0.0,1303.0,290.426518367076,0.8253846153846154,0.997697620874904,0.0,0.0,0.0
BEV1_2024-09-18_drive4.csv,BEV1,1.9289208185033653,50.936759,5.313853,50.929491,5.324571,1.1033039400958118,1.7483131786295043,0.0,0.6807712190039913,-0.732496107413425,0.2256965227253706,0.4165083853318198,0.5171453611980844,8.576467863564085,93.5,0.0,0.0,23.5,0.0,0.0,0.0,25.75,0.0,0.0,27.75,0.0,0.0,2.0,0.0,0.0,0.0,0.0,2407.625,0.0,0.0,6.751222864761779,0.0,10,0.0,2767.0,201.9388809088268,176.33315129398025,33.847008048307345,2972.1,24.77658834457049,23.32739666430432,30.69349688343108,33.25365711180978,0,,,25.75,27.5,2.0,0.0,0.0,0.0,0.0,0.0,0.0,0.0,0.0,0.0,1.0,1.0,0.0,0.0,0.0,1314.0,415.4254711963237,0.8554033485540334,1.0,0.0,0.0,0.0
BEV1_2024-09-19_drive1.csv,BEV1,14.87390005043116,50.929492,5.324571,50.817514,5.213515999999999,14.688784390927236,1.012602517306896,0.0,-0.5305067414839034,-0.847680716567347,0.0694726815452502,0.199151264207664,0.093696497482935,24.66280194856384,90.1,0.0,0.0,22.5,0.0,0.0,0.0,24.0,0.0,0.0,25.75,0.0,0.0,1.75,0.0,0.0,0.0,0.0,2162.4,0.0,0.0,37.1847501260779,0.0,10,0.0,34589.0,195.66140906691808,172.07506255873284,27.84316012401493,2698.4,19.80012045271659,22.760584760165848,29.791282375921536,32.264275625282856,0,,,24.0,25.75,1.0,0.0,0.0,0.0,0.0,0.0,0.0,0.0,0.0,0.0,1.0,1.0,0.0,0.0,0.0,2454.0,739.4062138144154,0.6407807308970099,0.9812550937245312,0.0,0.0,0.0
BEV1_2024-09-19_drive2.csv,BEV1,15.18035357930234,50.817514,5.213515999999999,50.92949,5.32456,14.68818650413912,1.0335076814979527,0.0,0.5304757984748727,0.8477000809439894,0.0638486069713895,0.212368237316696,0.0590602889645404,22.985498509700225,82.9,0.0,0.0,26.0,0.0,0.0,0.0,27.75,0.0,0.0,29.75,0.0,0.0,2.0,0.0,0.0,0.0,0.0,2300.4750000000004,0.0,0.0,91.08212147581403,0.0,10,0.0,27676.0,161.83298400100884,172.07506255873284,9.806634624186088,2081.2,13.83399853842943,21.99877097288287,28.671804084714108,30.874080067694106,0,,,27.75,29.75,1.0,0.0,0.0,0.0,0.0,0.0,0.0,0.0,0.0,0.0,1.0,1.0,0.0,0.0,0.0,3755.0,805.079097721796,0.7607758620689655,0.9885486018641813,0.0,0.0,0.0
BEV1_2024-09-20_drive1.csv,BEV1,21.021271941625024,50.92949,5.32456,50.994649,5.539454999999999,16.70327886522483,1.258511703674539,0.0,0.9010243501216916,0.4337685102537797,0.0743057750357749,0.1933042975198447,0.1426537147252844,32.02578904041902,73.0,0.0,0.0,21.0,0.0,0.0,0.0,25.75,0.0,0.0,27.5,0.0,0.0,1.75,0.0,0.0,0.0,0.0,1879.75,0.0,0.0,21.021271941625024,0.0,10,0.0,50443.0,169.27967428269892,172.07506255873284,11.10138934169978,2337.0,14.618024316266736,22.08041729177848,27.448477689639606,29.41190952386973,1,176.79255473671688,2867.0,25.75,27.5,2.0,0.0,0.0,0.0,0.0,0.0,0.0,0.0,0.0,0.0,0.0,0.0,0.0,0.0,0.0,3014.0,579.3231654231948,0.5389221556886228,0.9973457199734572,0.0,0.0,0.0
BEV1_2024-09-20_drive2.csv,BEV1,15.386418422341146,50.994649,5.539454999999999,50.929849,5.395001,12.420405583861797,1.2388016090499638,0.0,-0.8145245231651853,-0.5801291245598066,0.0725989953087533,0.1941366091877488,0.0948975818844071,24.39326242374113,99.4,0.0,0.0,21.0,0.0,0.0,0.0,25.25,0.0,0.0,27.25,0.0,0.0,2.0,0.0,0.0,0.0,0.0,2509.8500000000004,0.0,0.0,15.386418422341146,0.0,10,0.0,20004.0,165.30748168187844,172.07506255873284,12.75949267571625,2378.5,16.512628810780992,21.34347397490128,26.77356897199173,28.72472137469838,0,,,25.25,27.25,1.0,0.0,0.0,0.0,0.0,0.0,0.0,0.0,0.0,0.0,1.0,1.0,0.0,0.0,0.0,2473.0,797.5877956426798,0.657154504688137,0.9919126566922766,0.0,0.0,0.0
BEV1_2024-09-20_drive3.csv,BEV1,9.1242741805917,50.929849,5.395001,50.929485,5.324553,4.937398011503293,1.84799243636703,0.0,-0.9999663987909496,-0.0081976392369817,0.1410304278756964,0.3038956341153284,0.3099130544475728,26.09062915700384,94.9,0.0,0.0,26.0,0.0,0.0,0.0,25.75,0.0,0.0,27.75,0.0,0.0,2.0,0.0,0.0,0.0,0.0,2443.675,0.0,0.0,54.7456450835502,0.0,10,0.0,9688.0,162.21202620312275,168.2268549743353,13.851222614076937,2504.0,17.431719654091822,21.500969296974468,26.341723803569096,28.291525970219443,0,,,25.75,27.75,1.0,0.0,0.0,0.0,0.0,0.0,0.0,0.0,0.0,0.0,1.0,1.0,0.0,0.0,0.0,3834.0,790.4651841327807,0.8358559498956158,0.9994783515910276,0.0,0.0,0.0
BEV1_2024-09-21_drive1.csv,BEV1,74.20619285898198,50.929484,5.324553,50.704153,4.597137,56.9148459667212,1.3038108352673263,0.0,-0.8978857072590809,-0.4402286413897443,0.0347746784832345,0.1323701323343989,0.0457139449589136,64.19405648005106,87.7,0.0,0.0,23.5,0.0,0.0,0.0,23.75,0.0,0.0,25.75,0.0,0.0,2.0,0.0,0.0,0.0,0.0,2082.875,0.0,0.0,259.7216750064369,0.0,10,0.0,56274.0,159.85940308031584,164.13507913653496,12.45744685628464,2591.4,15.484341174952824,21.934492015046057,26.324067873654588,28.27694700959961,0,,,23.75,25.75,1.0,0.0,0.0,0.0,0.0,0.0,0.0,0.0,0.0,0.0,1.0,1.0,0.0,0.0,0.0,5928.0,940.3051030407184,0.4674660553694233,0.956646423751687,0.0,0.0,0.0
BEV1_2024-09-21_drive2.csv,BEV1,84.32074947363576,50.704153,4.597137,50.929491,5.32457,56.91625751011616,1.4814879467197717,0.0,0.8978843552268361,0.4402313989697792,0.0484357152557656,0.1865615215102024,0.0884738478326376,98.1307591081813,58.400000000000006,0.0,0.0,29.0,0.0,0.0,0.0,32.0,0.0,0.0,35.0,0.0,0.0,3.0,0.0,1.0,0.0,0.0,1868.8,0.0,0.0,758.8867452627218,0.0,10,0.0,22131.0,169.59064683303876,171.7819720134433,19.823233850648258,3056.7,19.83533080991101,21.80819993873419,26.25166811201759,28.22800943362339,0,,,32.0,35.0,1.0,0.0,0.0,0.0,0.0,0.0,0.0,0.0,0.0,0.0,1.0,1.0,0.0,0.0,0.0,8098.0,814.8146713191558,0.4477535955199185,0.9702395653247716,0.0,0.0,0.0
BEV1_2024-09-22_drive1.csv,BEV1,0.1577558466308778,50.929491,5.32457,50.930019,5.324612,0.0587847426105613,2.683618905605877,0.0,0.0500724383938887,0.9987455886827687,1.2478376030919731,0.7041062708247731,1.7531154866970655,3.74351280927592,28.1,0.0,0.0,20.5,0.0,0.0,0.0,25.5,0.0,0.0,27.25,0.0,0.0,1.75,0.0,,1.0,,716.5500000000001,0.0,0.0,0.0788779233154389,0.0,10,0.0,53078.0,171.28042435010414,171.7819720134433,26.068537233843312,3579.9,20.837523440375055,22.37831427961795,26.892215057298905,28.89623454645682,0,,,25.5,27.25,1.0,0.0,0.0,0.0,0.0,0.0,0.0,0.0,0.0,0.0,1.0,1.0,0.0,0.0,0.0,1516.0,21.50589264138124,0.95844327176781,1.0,0.0,0.0,0.0
BEV1_2024-09-22_drive2.csv,BEV1,0.1592086371735267,50.930005,5.324634,50.92949,5.324573,0.0574248197141178,2.772470823001737,0.0,-0.0744465087925688,-0.9972250083750396,1.7800288635571622,0.6361729536044328,2.3808505912746574,5.340086590671486,99.8,0.0,0.0,35.0,0.0,0.0,0.0,31.5,0.0,0.0,33.75,0.0,0.0,2.25,0.0,0.0,0.0,0.0,3143.7,0.0,0.0,2.3881295576029005,0.0,10,0.0,17810.0,177.17030587262525,176.2781190699095,23.82470413881764,3370.1,18.62472784618969,22.22586738497899,26.9110584441279,28.903304275289138,0,,,31.5,33.75,1.0,0.0,0.0,0.0,0.0,0.0,0.0,0.0,0.0,0.0,1.0,1.0,0.0,0.0,0.0,1345.0,48.38088522907828,0.9642857142857144,0.9992565055762082,0.0,0.0,0.0
BEV1_2024-09-23_drive1.csv,BEV1,24.43223727388633,50.929492,5.324573,50.994653,5.539445,16.701923117064194,1.4628397641780633,0.0,0.901000987442308,0.4338170358895393,0.0702631031643838,0.2052100882689569,0.1057719307658581,38.57444363724675,95.2,0.0,0.0,21.0,0.0,0.0,0.0,26.0,0.0,0.0,27.75,0.0,0.0,1.75,0.0,0.0,0.0,0.0,2475.2000000000003,0.0,0.0,24.43223727388633,0.0,10,0.0,54418.0,177.48528123499275,178.03023074806987,23.63590458092169,3374.3,18.102130573006548,23.293303321798994,27.41608124599734,29.429359802831137,0,,,26.0,27.75,1.0,0.0,0.0,0.0,0.0,0.0,0.0,0.0,0.0,0.0,1.0,1.0,0.0,0.0,0.0,3188.0,718.2237084224904,0.5283259070655634,0.9855708908406524,0.0,0.0,0.0
BEV1_2024-09-23_drive2.csv,BEV1,22.733516559835884,50.994653,5.539445,50.929478,5.324567,16.702979146032085,1.3610456171368923,0.0,-0.9009693158388126,-0.4338828089668246,0.0973697533211964,0.2857194806576908,0.1591228977953775,45.861153814283526,99.2,0.0,0.0,20.5,0.0,0.0,0.0,24.25,0.0,0.0,26.0,0.0,0.0,1.75,0.0,0.0,0.0,0.0,2405.6,0.0,0.0,11.366758279917942,0.0,10,0.0,32242.0,177.32281032586758,178.03023074806987,25.88623622645998,3561.6,20.332569952484867,23.081013643538103,27.497532879461914,29.52728924136462,0,,,24.25,26.0,2.0,0.0,0.0,0.0,0.0,0.0,0.0,0.0,0.0,0.0,1.0,1.0,0.0,0.0,0.0,3566.0,530.0750681127269,0.5482690683929075,0.9963544587773416,0.0,0.0,0.0
BEV1_2024-09-24_drive1.csv,BEV1,8.476919037180231,50.929478,5.324567,50.929116,5.395635,4.980886056134838,1.7018897725514948,0.0,0.999967344816066,-0.0080814170482089,0.1407098183761549,0.3918814330164364,0.2550068794344067,24.202088760698643,90.3,0.0,0.0,20.5,0.0,0.0,0.0,25.25,0.0,0.0,27.0,0.0,0.0,1.75,0.0,0.0,0.0,0.0,2280.075,0.0,0.0,4.238459518590116,0.0,10,0.0,54866.0,171.72283046649207,175.52114504959422,26.672197877400457,3672.9,20.44520897950088,23.19945312660483,27.556153928829936,29.570795128379388,0,,,25.25,27.0,2.0,0.0,0.0,0.0,0.0,0.0,0.0,0.0,0.0,0.0,1.0,1.0,0.0,0.0,0.0,2522.0,781.6971805725842,0.7658730158730159,0.999206978588422,0.0,0.0,0.0
BEV1_2024-09-24_drive2.csv,BEV1,15.485265792372546,50.929116,5.395635,50.994648,5.539482,12.433396192470456,1.2454574399994005,0.0,0.8102608150138891,0.5860694597511699,0.0801302441782521,0.2068433287518295,0.1319520993402722,27.084022532249232,87.4,0.0,0.0,19.5,0.0,0.0,0.0,25.0,0.0,0.0,26.75,0.0,0.0,1.75,0.0,,1.0,,2185.0,0.0,0.0,-7.742632896186273,0.0,10,0.0,8298.0,168.18127526383714,171.02499799312795,26.001854423188245,3549.7,20.19929228973502,22.546683561439632,27.21610677342808,29.17763717634828,0,,,25.0,26.75,1.0,0.0,0.0,0.0,0.0,0.0,0.0,0.0,0.0,0.0,1.0,1.0,0.0,0.0,0.0,2669.0,827.8880885060612,0.6696900982615268,0.9913825402772574,0.0,0.0,0.0
BEV1_2024-09-24_drive3.csv,BEV1,21.473275905205224,50.994648,5.539482,50.929479,5.324565,16.70515120799952,1.2854284069528454,0.0,-0.9010157105249672,-0.4337864559748133,0.0886299350146475,0.2540024794807888,0.1690434855472377,38.997171406444906,99.1,0.0,0.0,17.9,0.0,0.0,0.0,26.25,0.0,0.0,28.25,0.0,0.0,2.0,0.0,0.0,0.0,0.0,2601.375,0.0,0.0,-45.093879400931,0.0,10,0.0,14934.0,172.72777028569945,175.52114504959422,25.448253808263,3515.1,19.778022904538027,22.780211658685005,27.3093478783827,29.2818105298657,0,,,26.25,28.25,2.0,0.0,0.0,0.0,0.0,0.0,0.0,0.0,0.0,0.0,1.0,1.0,0.0,0.0,0.0,3689.0,583.1906693217604,0.6226568867155664,0.9978313906207644,0.0,0.0,0.0
BEV1_2024-09-25_drive1.csv,BEV1,21.233336008985862,50.929479,5.324565,50.994647,5.539537999999999,16.708636935043874,1.2708000114869995,0.0,0.9010624765168402,0.4336893051636606,0.073106316037629,0.1894242676440632,0.1517360435352324,31.58192852825575,90.1,0.0,0.0,22.5,0.0,0.0,0.0,23.5,0.0,0.0,25.5,0.0,0.0,2.0,0.0,0.0,0.0,0.0,2117.35,0.0,0.0,53.083340022464654,0.0,10,0.0,50694.0,171.12601149067933,175.52114504959422,26.05693955654941,3636.8,19.63347995144186,22.2449445482524,27.30405550362945,29.2876611569345,0,,,23.5,25.5,2.0,0.0,0.0,0.0,0.0,0.0,0.0,0.0,0.0,0.0,1.0,1.0,0.0,0.0,0.0,3730.0,682.3439573046027,0.6655922643029815,0.9981233243967828,0.0,0.0,0.0
BEV1_2024-09-25_drive2.csv,BEV1,21.18600253189046,50.994644,5.539537999999999,50.929497,5.324571,16.70724351882039,1.2680728875487348,0.0,-0.901112330311122,-0.4335857102825915,0.0709623160732661,0.1775456244304199,0.1282427256372244,30.655720543650965,82.7,0.0,0.0,16.5,0.0,0.0,0.0,22.0,0.0,0.0,23.75,0.0,0.0,1.75,0.0,0.0,0.0,0.0,1819.4,0.0,0.0,-74.1510088616166,0.0,10,0.0,26302.0,168.9102966471606,175.52114504959422,27.26784573938882,3626.5,20.825195761211223,21.378847836252667,27.131430338385435,29.100554937399583,1,128.62499472337632,3691.0,22.0,23.75,2.0,0.0,0.0,0.0,0.0,0.0,0.0,0.0,0.0,0.0,0.0,0.0,0.0,0.0,0.0,2254.0,540.4483359694776,0.3229537366548042,0.997338065661047,0.0,0.0,0.0
BEV1_2024-09-26_drive1.csv,BEV1,14.327616214236029,50.929497,5.324572,50.817274,5.213347,14.71821681110791,0.9734614184663258,0.0,-0.5302576704667687,-0.8478365425665231,0.0595042520024921,0.1853041603474586,0.070480706558651,21.421530720897167,74.4,0.0,0.0,19.7,0.0,0.0,0.0,24.25,0.0,0.0,26.0,0.0,0.0,1.75,0.0,0.0,0.0,0.0,1804.2,0.0,0.0,-4.298284864270819,0.0,10,0.0,49082.0,158.1747219085426,162.68188673602668,21.96582670667967,3259.2,19.700251956015933,20.75168342682321,26.702247983652672,28.64243864840143,0,,,24.25,26.0,2.0,0.0,0.0,0.0,0.0,0.0,0.0,0.0,0.0,0.0,1.0,1.0,0.0,0.0,0.0,3835.0,837.8677154841868,0.7880952380952381,0.9856584093872228,0.0,0.0,0.0
BEV1_2024-09-26_drive2.csv,BEV1,17.090979104711774,50.817274,5.213347,50.929492,5.324561999999999,14.71737358889738,1.1612791508944922,0.0,0.5302404026403212,0.847847342042086,0.0592338960644113,0.1848279256959472,0.0569297316289695,21.26496868712368,61.6,0.0,0.0,18.0,0.0,0.0,0.0,22.0,0.0,0.0,23.75,0.0,0.0,1.75,0.0,0.0,0.0,0.0,1355.2,0.0,0.0,-34.18195820942355,0.0,10,0.0,31845.0,154.62809710830717,162.68188673602668,14.966513380739697,2833.0,17.296464594614335,20.09629584117939,26.07982830768639,27.9597473126502,0,,,22.0,23.75,2.0,0.0,0.0,0.0,0.0,0.0,0.0,0.0,0.0,0.0,1.0,1.0,0.0,0.0,0.0,2429.0,936.2617722642668,0.6155758077879039,0.9938246191848498,0.0,0.0,0.0
BEV1_2024-09-27_drive1.csv,BEV1,23.40828092268636,50.929491,5.324561999999999,50.994401,5.538874,16.654517535439037,1.405521407202342,0.0,0.901213186888236,0.4333760396915699,0.0707043161026358,0.1910027598493941,0.1115252586638613,35.42286236742054,52.7,0.0,0.0,18.0,0.0,0.0,0.0,23.5,0.0,0.0,25.25,0.0,0.0,1.75,0.0,0.0,0.0,0.0,1238.45,0.0,0.0,-46.81656184537272,0.0,10,0.0,48869.0,154.93870543014103,157.41943899250538,16.65983570654779,2924.4,19.789982837722736,19.722348194662736,25.90686534472343,27.79487076944033,0,,,23.5,25.25,1.0,0.0,0.0,0.0,0.0,0.0,0.0,0.0,0.0,0.0,1.0,1.0,0.0,0.0,0.0,3621.0,740.3261522383275,0.577425632471504,0.9933719966859984,0.0,0.0,0.0
BEV1_2024-10-01_drive1.csv,BEV1,21.289337933121026,50.99452,5.539561,50.929494,5.324555999999999,16.703831773633457,1.2745182196294425,0.0,-0.9014569376191124,-0.4328687903029874,0.0718997186847673,0.1866475832730398,0.1423951557434359,31.060678471819497,98.5,0.0,0.0,14.5,0.0,0.0,0.0,28.75,0.0,0.0,30.75,0.0,0.0,2.0,0.0,0.0,0.0,0.0,2831.875,0.0,0.0,-117.09135863216564,0.0,10,0.0,380889.0,155.38118361274988,156.3747455007568,18.98474293509907,3152.0,22.074010953364397,18.016233890705568,25.15098351799568,27.01341161613484,2,122.83813445739072,2973.5,28.75,30.75,2.0,0.0,0.0,0.0,0.0,0.0,0.0,0.0,0.0,0.0,0.0,0.0,0.0,0.0,0.0,3747.0,604.4539257968344,0.662744049211019,0.9978649586335736,0.0,0.0,0.0
BEV1_2024-10-02_drive1.csv,BEV1,22.47933778498489,50.929494,5.324555999999999,50.994638,5.539368,16.697318899490273,1.3462842699657085,0.0,0.9009978998091964,0.4338234485818132,0.0671498371700633,0.1728627853802556,0.1140410473215889,32.83627037616096,89.7,0.0,0.0,22.0,0.0,0.0,0.0,22.5,0.0,0.0,24.25,0.0,0.0,1.75,0.0,0.0,0.0,0.0,2018.25,0.0,0.0,44.95867556996978,0.0,10,0.0,48451.0,150.1989090092319,146.09967986554787,18.670453001022537,3208.0,21.36022485887768,17.779524945158137,25.218509231720112,27.117221180044,0,,,22.5,24.25,2.0,0.0,0.0,0.0,0.0,0.0,0.0,0.0,0.0,0.0,1.0,1.0,0.0,0.0,0.0,1830.0,908.860631578948,0.3861111111111111,0.9836065573770492,0.0,0.0,0.0
BEV1_2024-10-02_drive2.csv,BEV1,54.31129094640865,50.994636,5.53937,50.860628,4.681361,61.95306895236424,0.8766521475823682,0.0,-0.9706442574372528,-0.2405196987859495,0.0243260338076478,0.1008767517944205,0.0315205852270934,35.78359573105002,95.1,0.0,0.0,13.0,0.0,0.0,0.0,25.0,0.0,0.0,27.0,0.0,0.0,2.0,0.0,0.0,0.0,0.0,2377.5,0.0,0.0,-380.1790366248605,0.0,10,0.0,7323.0,157.78337098905203,156.3747455007568,18.64503512353744,3034.4,23.483821518124724,16.977603350967268,25.00913024916165,26.93792139033533,0,,,25.0,27.0,1.0,0.0,0.0,0.0,0.0,0.0,0.0,0.0,0.0,0.0,1.0,1.0,0.0,0.0,0.0,3590.0,1060.877287590901,0.4059107358262967,0.9236768802228412,0.0,0.0,0.0
BEV1_2024-10-02_drive3.csv,BEV1,63.650251239949824,50.860629,4.681363,50.929501,5.324559,45.75613499502549,1.3910757813541237,0.0,0.9858941643737744,0.1673699395164403,0.0373749192873748,0.1576690595881594,0.0535921099709698,56.39875320464861,73.5,0.0,0.0,15.0,0.0,0.0,0.0,23.25,0.0,0.0,25.0,0.0,0.0,1.75,0.0,0.0,0.0,0.0,1708.875,0.0,0.0,-318.25125619974915,0.0,10,0.0,12450.0,172.24880045515567,162.7902108318218,23.228472314460284,3141.1,27.719493188831656,16.828696227877455,25.12301530958521,27.10619679854682,0,,,23.25,25.0,1.0,0.0,0.0,0.0,0.0,0.0,0.0,0.0,0.0,0.0,1.0,1.0,0.0,0.0,0.0,5900.0,888.1049182631535,0.5014826443397872,0.9716949152542372,0.0,0.0,0.0
BEV1_2024-10-03_drive1.csv,BEV1,24.97687793040376,50.929503,5.324558,50.99465,5.539445,16.702193234028822,1.4954250367260873,0.0,0.9010492353572525,0.4337168148251929,0.0698279520382615,0.2041148473729603,0.1104515703705106,38.33554566900559,47.3,0.0,0.0,19.0,0.0,0.0,0.0,23.75,0.0,0.0,25.25,0.0,0.0,1.5,0.0,0.0,0.0,0.0,1123.375,0.0,0.0,-24.97687793040376,0.0,10,0.0,51693.0,175.5992729424777,162.7902108318218,28.044970859218004,3464.2,29.514678176404708,16.19541782043348,24.984985276653248,26.94927436666767,0,,,23.75,25.25,2.0,0.0,0.0,0.0,0.0,0.0,0.0,0.0,0.0,0.0,1.0,1.0,0.0,0.0,0.0,3631.0,694.7839161369322,0.5651085141903172,0.9898099697053152,0.0,0.0,0.0
BEV1_2024-10-03_drive2.csv,BEV1,0.0846987582894306,50.99465,5.539445,50.994806,5.539451,0.0173515142531582,4.881346783553142,0.0,0.0242002910212783,0.999707130070845,2.501984352314887,0.0,2.501984352314887,2.501984352314887,40.6,0.0,0.0,12.5,0.0,0.0,0.0,21.25,0.0,0.0,23.25,0.0,0.0,2.0,0.0,0.0,0.0,0.0,862.75,0.0,0.0,-0.6352406871707296,0.0,10,0.0,12451.0,180.08176394905846,169.64356439098466,28.395331061737863,3458.4,29.89529230425988,15.370555702423149,24.808051922721027,26.729255096812768,0,,,24.0,26.0,12451.0,0.0,0.0,0.0,0.0,0.0,0.0,0.0,0.0,0.0,1.0,1.0,0.0,0.0,0.0,145.0,25.440750633619697,0.8028169014084507,0.9793103448275862,0.0,0.0,0.0
BEV1_2024-10-03_drive3.csv,BEV1,21.715825597246425,50.994806,5.539448,50.929486,5.324561,16.710525232967697,1.2995298049880517,0.0,-0.9005986172373349,-0.4346517348754061,0.0949128450692001,0.2846296148325325,0.1685564581612668,41.85656467551726,74.5,0.0,0.0,13.5,0.0,0.0,0.0,23.0,0.0,0.0,25.25,0.0,0.0,2.25,0.0,,1.0,,1713.5,0.0,0.0,-141.15286638210176,0.0,10,0.0,31661.0,180.08176394905846,169.64356439098466,28.395331061737863,3458.4,29.89529230425988,15.370555702423149,24.808051922721027,26.729255096812768,2,124.36120720643645,3002.5,23.0,25.25,1.0,0.0,0.0,0.0,0.0,0.0,0.0,0.0,0.0,0.0,0.0,0.0,0.0,0.0,0.0,3694.0,628.9798102000759,0.6296095444685467,0.9983757444504602,0.0,0.0,0.0
BEV1_2024-10-04_drive1.csv,BEV1,22.671035626563835,50.929488,5.32456,50.994816,5.539537,16.71658679424559,1.3562000368620684,0.0,0.9006489929472521,0.4345473409228281,0.0816266710473739,0.2187279904399995,0.1631335572201976,37.54826868179201,60.0,0.0,0.0,19.5,0.0,0.0,0.0,23.5,0.0,0.0,25.25,0.0,0.0,1.75,0.0,0.0,0.0,0.0,1410.0,0.0,0.0,-11.335517813281918,0.0,10,0.0,46591.0,180.01518776047007,169.64356439098466,28.44358002056392,3454.7,29.962810796070425,15.077898039995612,24.69323178708545,26.64073153046156,1,175.45222445839897,1832.0,23.5,25.25,2.0,0.0,0.0,0.0,0.0,0.0,0.0,0.0,0.0,0.0,0.0,0.0,0.0,0.0,0.0,3330.0,481.2074810379517,0.483754512635379,0.9981981981981982,0.0,0.0,0.0
BEV1_2024-10-20_drive1.csv,BEV1,10.795083387624077,50.929489,5.324574999999999,50.958711,5.384414,5.3042040832694495,2.0351938232682243,0.0,0.7903949864898975,0.6125975557669445,0.1704447303217345,0.3864756450421139,0.5136412527506765,38.0091748617468,94.4,0.0,0.0,20.0,0.0,0.0,0.0,22.0,0.0,0.0,23.75,0.0,0.0,1.75,0.0,0.0,0.0,0.0,2076.8,0.0,0.0,0.0,0.0,10,0.0,1393803.0,183.3886161874888,169.64356439098466,28.59208333003125,3562.3,29.03151733951451,14.72289290666978,24.75879220637512,26.697731604327025,0,,,22.0,23.75,1.0,0.0,0.0,0.0,0.0,0.0,0.0,0.0,0.0,0.0,1.0,1.0,0.0,0.0,0.0,3716.0,351.4526637273908,0.7018867924528301,0.9983853606027988,0.0,0.0,0.0
BEV1_2024-10-20_drive2.csv,BEV1,8.258460856739754,50.958711,5.384414,50.929487,5.324561,5.305115675920589,1.5566976030747297,0.0,-0.7904440776550336,-0.6125342113711554,0.1047715837050041,0.2562571173453358,0.1844984333466321,17.392082895030686,91.1,0.0,0.0,17.0,0.0,0.0,0.0,25.25,0.0,0.0,27.0,0.0,0.0,1.75,0.0,0.0,0.0,0.0,2300.275,0.0,0.0,-24.775382570219264,0.0,10,0.0,1384.0,180.72482583950216,169.64356439098466,28.23883004737006,3550.3,28.73278177039993,14.795393416842254,24.53160248144536,26.48470336361771,0,,,25.25,27.0,1.0,0.0,0.0,0.0,0.0,0.0,0.0,0.0,0.0,0.0,1.0,1.0,0.0,0.0,0.0,2499.0,431.4487579866901,0.7185748598879104,0.9995998399359745,0.0,0.0,0.0
BEV1_2024-10-22_drive1.csv,BEV1,15.595576489666492,50.929487,5.324561999999999,50.817303,5.213336,14.714576630256351,1.0598725931127786,0.0,-0.5303935093300391,-0.8477515704854611,0.0607558673283914,0.1890545413644226,0.0648033903761301,21.872112238220907,76.5,0.0,0.0,19.0,0.0,0.0,0.0,23.25,0.0,0.0,25.0,0.0,0.0,1.75,0.0,0.0,0.0,0.0,1778.625,0.0,0.0,-15.595576489666492,0.0,10,0.0,149923.0,181.50037660266088,173.45637265924415,27.35557822257286,3557.2,27.39104477478393,14.884518499630776,24.784359279476377,26.72389936239204,0,,,23.25,25.0,2.0,0.0,0.0,0.0,0.0,0.0,0.0,0.0,0.0,0.0,1.0,1.0,0.0,0.0,0.0,2470.0,781.6194504794918,0.6388660640920296,0.9854251012145748,0.0,0.0,0.0
BEV1_2024-10-22_drive2.csv,BEV1,15.398630746776726,50.817303,5.213335,50.929482,5.324558,14.713993874011113,1.0465296423681991,0.0,0.5304002379322907,0.847747360716251,0.0593172610106055,0.1843804241241574,0.061316202890706,21.294896702807392,68.2,0.0,0.0,16.5,0.0,0.0,0.0,18.5,0.0,0.0,20.25,0.0,0.0,1.75,0.0,0.0,0.0,0.0,1261.7,0.0,0.0,-53.89520761371854,0.0,10,0.0,30509.0,185.10516594007984,175.54386832797553,26.574307779270875,3442.2,27.335635313912046,14.953201677342832,24.706638488594805,26.667153495761543,0,,,18.5,20.25,2.0,0.0,0.0,0.0,0.0,0.0,0.0,0.0,0.0,0.0,1.0,1.0,0.0,0.0,0.0,2437.0,779.8083485547093,0.6375,0.9848173984407058,0.0,0.0,0.0
BEV1_2024-10-24_drive1.csv,BEV1,15.88451216391162,50.929482,5.324558,50.817353,5.213509,14.702804479179596,1.0803729442505623,0.0,-0.5299732061763965,-0.8480143871038455,0.0602227360495315,0.1844232704797841,0.0564455058364777,21.680184977831374,50.3,0.0,0.0,18.5,0.0,0.0,0.0,23.0,0.0,0.0,24.75,0.0,0.0,1.75,0.0,0.0,0.0,0.0,1156.9,0.0,0.0,-23.826768245867427,0.0,10,0.0,138492.0,189.7786561448196,180.90481330411475,25.985237060636443,3311.2,27.564174346737865,14.886166423548056,24.088228341711982,26.01145192060371,1,213.27352191996337,2472.0,23.0,24.75,2.0,0.0,0.0,0.0,0.0,0.0,0.0,0.0,0.0,0.0,0.0,0.0,0.0,0.0,0.0,2464.0,786.5807512211173,0.6287006578947368,0.987012987012987,0.0,0.0,0.0
BEV1_2024-10-24_drive2.csv,BEV1,14.82673141100268,50.817353,5.213509999999999,50.929817,5.324386,14.727975784189823,1.0067053088801834,0.0,0.5282413220176945,0.8490942855260529,0.0605708071642553,0.1985619545845417,0.0602784180146643,21.80549057913194,42.1,0.0,0.0,18.5,0.0,0.0,0.0,18.25,0.0,0.0,20.0,0.0,0.0,1.75,0.0,,1.0,,768.325,0.0,0.0,-22.240097116504018,0.0,10,0.0,30496.0,191.57762499623465,188.1641995126215,25.325754498529115,3374.6,25.465744112660268,14.96758444513924,24.04061355788248,25.95640186945089,0,,,18.25,20.0,1.0,0.0,0.0,0.0,0.0,0.0,0.0,0.0,0.0,0.0,1.0,1.0,0.0,0.0,0.0,2009.0,810.2740053451075,0.5747067822539521,0.9761075161772026,0.0,0.0,0.0
BEV1_2024-10-24_drive3.csv,BEV1,0.1844689905180861,50.929817,5.324388,50.929477,5.324565,0.0397894010869101,4.636133881863636,0.0,0.311760395727869,-0.9501607525338028,1.74535122838628,0.832469798136634,2.593926657301951,5.23605368515884,100.0,0.0,0.0,28.0,0.0,0.0,0.0,27.25,0.0,0.0,29.75,0.0,0.0,2.5,0.0,0.0,0.0,0.0,2725.0,0.0,0.0,1.4757519241446888,0.0,10,0.0,14256.0,185.26396332345732,188.1641995126215,21.37729854498852,3216.5,22.676537149712065,14.916578005991797,23.305508397575597,25.19386049860217,0,,,27.25,29.75,1.0,0.0,0.0,0.0,0.0,0.0,0.0,0.0,0.0,0.0,1.0,1.0,0.0,0.0,0.0,1301.0,9.312610907754625,0.9353846153846154,0.9992313604919292,0.0,0.0,0.0
BEV1_2024-10-25_drive1.csv,BEV1,15.14636863914664,50.929477,5.324565,50.817302,5.213347,14.713430993814285,1.0294246559836633,0.0,-0.5303967182795334,-0.8477495628063169,0.062895955978078,0.1909262147935442,0.0574882763079844,22.642544152108105,96.7,0.0,0.0,19.0,0.0,0.0,0.0,23.75,0.0,0.0,25.5,0.0,0.0,1.75,0.0,0.0,0.0,0.0,2296.625,0.0,0.0,-15.14636863914664,0.0,10,0.0,35991.0,181.48487346652735,188.1641995126215,15.030720320045344,2756.6,18.844456407260346,15.592501419182378,23.520713974393527,25.44460549326488,2,205.66074972766907,2469.0,23.75,25.5,2.0,0.0,0.0,0.0,0.0,0.0,0.0,0.0,0.0,0.0,0.0,0.0,0.0,0.0,0.0,2454.0,788.5018838653449,0.6386241193535018,0.9832925835370824,0.0,0.0,0.0
BEV1_2024-10-25_drive2.csv,BEV1,14.642142547982267,50.817302,5.213346,50.929486,5.324557,14.714018496507329,0.9951151380880672,0.0,0.5303421078095125,0.8477837275415018,0.0592392531858428,0.1866470946630784,0.0563458941089832,21.266891893717577,88.7,0.0,0.0,19.5,0.0,0.0,0.0,21.5,0.0,0.0,23.25,0.0,0.0,1.75,0.0,0.0,0.0,0.0,1907.05,0.0,0.0,-7.321071273991134,0.0,10,0.0,29554.0,183.8488940979813,194.1703683749124,14.047669390919634,2638.9,18.589607871805544,16.104273539125344,23.52935226835065,25.46968219715026,0,,,21.5,23.25,2.0,0.0,0.0,0.0,0.0,0.0,0.0,0.0,0.0,0.0,1.0,1.0,0.0,0.0,0.0,3847.0,816.0306482528588,0.7893073479062418,0.9870028593709383,0.0,0.0,0.0
BEV1_2024-10-27_drive1.csv,BEV1,31.09375752660933,50.929485,5.324558,50.906981,4.910297,29.147510651684488,1.0667723188502332,0.0,-0.9963080234880384,-0.0858505814386726,0.0490290123138698,0.1376718904738119,0.1208247016694841,39.0270938018404,71.2,0.0,0.0,19.0,0.0,0.0,0.0,23.25,0.0,0.0,25.0,0.0,0.0,1.75,0.0,0.0,0.0,0.0,1655.4,0.0,0.0,-31.09375752660933,0.0,10,0.0,153850.0,192.11398830251196,197.03311555854464,13.340301085993218,2654.3,17.843348729702488,16.679481710121014,23.53819470707865,25.47516574814437,0,,,23.25,25.0,334.0,0.0,0.0,0.0,0.0,0.0,0.0,0.0,0.0,0.0,1.0,1.0,0.0,0.0,0.0,3587.0,797.1192005374675,0.5543038705950317,0.965151937552272,0.0,0.0,0.0
BEV1_2024-10-27_drive2.csv,BEV1,43.93690444044199,50.906986,4.910304,50.930029,5.324673,29.160087995346743,1.5067480059543468,0.0,0.996132047848302,0.0878688980786029,0.0566394513611333,0.1859121667475333,0.1136080658670241,62.52995430269124,60.400000000000006,0.0,0.0,17.5,0.0,0.0,0.0,24.5,0.0,0.0,26.5,0.0,0.0,2.0,0.0,0.0,0.0,0.0,1479.8000000000002,0.0,0.0,-109.84226110110498,0.0,10,0.0,5539.0,196.2313463717269,197.03311555854464,14.182573275997768,2680.0,18.51280284381173,17.193321390607174,23.58873691448294,25.531318529161997,0,,,24.5,26.5,1.0,0.0,0.0,0.0,0.0,0.0,0.0,0.0,0.0,0.0,1.0,1.0,0.0,0.0,0.0,5835.0,804.985047612496,0.6080747531734838,0.9720651242502142,0.0,0.0,0.0
BEV1_2024-10-27_drive3.csv,BEV1,0.1509359919083398,50.930026,5.324666,50.929489,5.324567,0.060113502736352,2.510850059267388,0.0,-0.1154189736918937,-0.9933168983320024,1.512076521461427,0.4282552495323618,1.873821784042927,4.53622956438428,99.9,0.0,0.0,23.0,0.0,0.0,0.0,26.5,0.0,0.0,28.75,0.0,0.0,2.25,0.0,0.0,0.0,0.0,2647.3500000000004,0.0,0.0,0.4528079757250194,0.0,10,0.0,15494.0,196.20011677351485,197.03311555854464,17.49675538127956,2891.9,20.177569868141788,17.1603969777273,23.85041108513488,25.80060410005232,1,976.062250365925,1302.0,26.5,28.75,2.0,0.0,0.0,0.0,0.0,0.0,0.0,0.0,0.0,0.0,0.0,0.0,0.0,0.0,0.0,1344.0,35.81504019569136,0.9575892857142856,1.0,0.0,0.0,0.0
BEV1_2024-10-28_drive1.csv,BEV1,15.6487955178023,50.929489,5.324567,50.817306,5.213331999999999,14.714817104181268,1.0634719689010363,0.0,-0.5304277298066827,-0.8477301595744537,0.0601454955918212,0.187128394943306,0.060939919608103,21.65237841305565,96.0,0.0,0.0,18.5,0.0,0.0,0.0,23.25,0.0,0.0,25.0,0.0,0.0,1.75,0.0,0.0,0.0,0.0,2232.0,0.0,0.0,-23.47319327670345,0.0,10,0.0,41519.0,198.70968517314768,198.84548831625483,16.686002894796417,2776.5,19.028720715088504,17.457073581028073,23.85178366908614,25.852770528588916,3,207.4416199048973,2464.6666666666665,23.25,25.0,2.0,0.0,0.0,0.0,0.0,0.0,0.0,0.0,0.0,0.0,0.0,0.0,0.0,0.0,0.0,2511.0,805.9727806220218,0.6751515151515152,0.985663082437276,0.0,0.0,0.0
BEV1_2024-10-28_drive2.csv,BEV1,15.279530289480586,50.817306,5.213331,50.929485,5.324568999999999,14.71455189126894,1.0383958955995718,0.0,0.5304516187717786,0.847715211696947,0.0587701536649715,0.1823314262041169,0.0580733665590065,21.0984851657248,88.10000000000001,0.0,0.0,16.5,0.0,0.0,0.0,20.25,0.0,0.0,22.0,0.0,0.0,1.75,0.0,0.0,0.0,0.0,1784.025,0.0,0.0,-53.47835601318205,0.0,10,0.0,29095.0,197.5557917339759,198.84548831625483,16.69132479761,2780.6,18.99928960935146,17.413207291288224,23.93344086066127,25.920702327262443,1,190.1542846145657,2439.0,20.25,22.0,1.0,0.0,0.0,0.0,0.0,0.0,0.0,0.0,0.0,0.0,0.0,0.0,0.0,0.0,0.0,3848.0,809.2133993432888,0.7854516806722689,0.9896049896049895,0.0,0.0,0.0
BEV1_2024-10-29_drive1.csv,BEV1,20.99881232143788,50.929485,5.324568999999999,50.994648,5.53954,16.708268587984172,1.2567916424649337,0.0,0.9010738900863692,0.4336655907546942,0.0733183380108764,0.1946095620068427,0.1304386925758428,31.60020368268775,78.7,0.0,0.0,18.5,0.0,0.0,0.0,23.0,0.0,0.0,24.75,0.0,0.0,1.75,0.0,0.0,0.0,0.0,1810.1,0.0,0.0,-31.498218482156823,0.0,10,0.0,48444.0,198.67941252179423,200.21042707422475,16.679414751880387,2921.6,18.15553547880908,17.348560671105126,23.97583849870821,25.94477729290385,0,,,23.0,24.75,2.0,0.0,0.0,0.0,0.0,0.0,0.0,0.0,0.0,0.0,1.0,1.0,0.0,0.0,0.0,3004.0,652.3260588215943,0.5879799666110184,0.9970039946737684,0.0,0.0,0.0
BEV1_2024-10-29_drive2.csv,BEV1,24.05413538312857,50.99464,5.539547,50.929487,5.324574999999999,16.707850388268017,1.4396906139415155,0.0,-0.9011006940192968,-0.4336098929198247,0.0905548707396013,0.2452852864328324,0.1777579615176165,44.46244153314427,99.4,0.0,0.0,16.5,0.0,0.0,0.0,20.0,0.0,0.0,22.25,0.0,0.0,2.25,0.0,0.0,0.0,0.0,1988.0,0.0,0.0,-84.18947384095,0.0,10,0.0,34716.0,191.15126648218825,200.21042707422475,17.190844767633006,2975.6,18.351456416493203,17.634868535884547,24.0469682068376,26.0003444412306,0,,,20.75,22.75,5855.0,0.0,0.0,0.0,0.0,0.0,0.0,0.0,0.0,0.0,1.0,1.0,0.0,0.0,0.0,7757.0,529.7751691682699,0.7844883210736869,0.9989686734562332,0.0,0.0,0.0
BEV1_2024-10-30_drive1.csv,BEV1,28.36818414785988,50.92949,5.324571,50.929499,5.324561,0.0012217542079284,23219.223607962656,0.0,-0.5736310621831037,0.8191137921550853,0.0776578766078538,0.2140722940089351,0.1081930718361161,48.613830756516535,88.0,0.0,0.0,18.0,0.0,0.0,0.0,22.25,0.0,0.0,24.0,0.0,0.0,1.75,0.0,0.0,0.0,0.0,1958.0,0.0,0.0,-56.73636829571976,0.0,10,0.0,61509.0,185.38857540740884,198.39805431651456,18.1135851648456,3550.4,16.812123610304415,17.4949305797956,24.176840865624182,26.117307504608515,0,,,22.25,24.0,1.0,0.0,0.0,0.0,0.0,0.0,0.0,0.0,0.0,0.0,1.0,1.0,0.0,0.0,0.0,7739.0,827.2680059507792,0.8097960244251007,0.9945729422405996,0.0,0.0,0.0
BEV1_2024-10-30_drive2.csv,BEV1,11.245213459943248,50.929499,5.324561,50.929498,5.32458,0.0013362232360196,8415.66974500508,0.0,0.9965315380953902,-0.0832159454746259,0.2592237718069744,0.4711976854934225,0.9088122190484998,60.39913883102504,76.9,0.0,0.0,18.0,0.0,0.0,0.0,25.0,0.0,0.0,27.0,0.0,0.0,2.0,0.0,0.0,0.0,0.0,1922.5,0.0,0.0,-22.49042691988649,0.0,10,0.0,8312.0,187.77252826427588,198.39805431651456,20.931956680579777,4194.2,18.080568784951776,17.02962635156948,23.867876424940423,25.763650564943493,0,,,25.0,27.0,1.0,0.0,0.0,0.0,0.0,0.0,0.0,0.0,0.0,0.0,1.0,1.0,0.0,0.0,0.0,10588.0,493.17152673243095,0.8996408996408997,0.9994333207404608,0.0,0.0,0.0
BEV1_2024-10-31_drive1.csv,BEV1,22.045860794728107,50.929498,5.32458,50.99464,5.539555,16.70750778193766,1.3195182119598767,0.0,0.9011316408578166,0.433545575280038,0.0624801357545776,0.1572532809491382,0.1068061266891499,30.615266519743063,68.3,0.0,0.0,18.5,0.0,0.0,0.0,23.25,0.0,0.0,25.0,0.0,0.0,1.75,0.0,0.0,0.0,0.0,1587.975,0.0,0.0,-33.068791192092164,0.0,10,0.0,44343.0,190.03367209374883,198.39805431651456,20.54184116265944,5007.5,16.24272667641383,17.004200846397314,23.972348518755684,25.856464132850867,0,,,23.25,25.0,1.0,0.0,0.0,0.0,0.0,0.0,0.0,0.0,0.0,0.0,1.0,1.0,0.0,0.0,0.0,2541.0,849.1963449520073,0.5614525139664804,0.9862258953168044,0.0,0.0,0.0
BEV1_2024-10-31_drive2.csv,BEV1,23.262686005602944,50.994639,5.539556,50.930013,5.32466,16.6776444815107,1.394842421026099,0.0,-0.9024084894474168,-0.4308815593329928,0.0556421350649056,0.1672959453254489,0.1063338402163304,28.26620461297209,88.9,0.0,0.0,16.0,0.0,0.0,0.0,26.5,0.0,0.0,28.25,0.0,0.0,1.75,0.0,0.0,0.0,0.0,2355.8500000000004,0.0,0.0,-93.05074402241178,0.0,10,0.0,17488.0,191.8612291646912,201.63928562639612,21.28221298733402,4876.8,17.995387361482237,16.642134668297004,23.98093405184844,25.86387990792296,0,,,26.5,28.25,6570.0,0.0,0.0,0.0,0.0,0.0,0.0,0.0,0.0,0.0,1.0,1.0,0.0,0.0,0.0,1688.0,811.1983278821114,0.2749244712990936,0.9804502369668248,0.0,0.0,0.0
BEV1_2024-10-31_drive3.csv,BEV1,36.36149087210893,50.93001,5.324650999999999,50.747263,4.973968999999999,31.92669792737676,1.1389054688593203,0.0,-0.7712977811944687,-0.6364744556731947,0.0499718163115284,0.1989819210098546,0.0827491871372858,43.62539563996431,93.1,0.0,0.0,25.5,0.0,0.0,0.0,26.75,0.0,0.0,29.0,0.0,0.0,2.25,0.0,0.0,0.0,0.0,2490.425,0.0,0.0,199.98819979659916,0.0,10,0.0,22596.0,191.8612291646912,201.63928562639612,21.28221298733402,4876.8,17.995387361482237,16.642134668297004,23.98093405184844,25.86387990792296,0,,,26.75,29.0,1.0,0.0,0.0,0.0,0.0,0.0,0.0,0.0,0.0,0.0,1.0,1.0,0.0,0.0,0.0,4739.0,772.6177168727397,0.5782430390675588,0.977632411901245,0.0,0.0,0.0
BEV1_2024-10-31_drive4.csv,BEV1,40.52354734283989,50.747264,4.973968,50.83159,4.34471,45.21610684212514,0.8962192938089603,0.0,-0.9782619241824864,0.2073731122753847,0.0245890980715174,0.1241877492596226,0.0202321434885726,25.031701836804736,80.2,0.0,0.0,16.5,0.0,0.0,0.0,27.25,0.0,0.0,29.5,0.0,0.0,2.25,0.0,0.0,0.0,0.0,2185.4500000000003,0.0,0.0,-141.83241569993962,0.0,10,0.0,27793.0,191.8612291646912,201.63928562639612,21.28221298733402,4876.8,17.995387361482237,16.642134668297004,23.98093405184844,25.86387990792296,0,,,28.0,30.25,457.0,0.0,0.0,0.0,0.0,0.0,0.0,0.0,0.0,0.0,1.0,1.0,0.0,0.0,0.0,3885.0,915.890529326766,0.3430403419716805,0.9634491634491634,0.0,0.0,0.0
BEV1_2024-10-31_drive5.csv,BEV1,85.57714062199689,50.831591,4.344716,50.647026,3.076969,91.53997721192472,0.9348608469049186,0.0,-0.974545234233417,-0.2241909597484573,0.0330751372409015,0.1417027080318704,0.0447898399432052,74.15445769410117,64.5,0.0,0.0,21.0,0.0,0.0,0.0,26.0,0.0,0.0,28.0,0.0,0.0,2.0,0.0,0.0,0.0,0.0,1677.0,0.0,0.0,85.57714062199689,0.0,10,0.0,1318.0,197.4898778646265,205.2413590104012,22.22519196895708,4906.6,18.62962724380769,16.660623616507053,24.235722365741708,26.208397349961103,0,,,26.0,28.25,282.0,0.0,0.0,0.0,0.0,0.0,0.0,0.0,0.0,0.0,1.0,1.0,0.0,0.0,0.0,6448.0,995.1015678896746,0.3793273986152324,0.94075682382134,0.0,0.0,0.0
BEV1_2024-11-01_drive1.csv,BEV1,2.78759240204444,50.647027,3.076969,50.661386,3.071822,1.6373614837485524,1.7024905188697643,0.0,-0.2216071930483899,0.9751360171736112,0.3619428082647308,0.611652283996697,0.974757347125207,19.9068544545602,24.8,0.0,0.0,11.5,0.0,0.0,0.0,11.25,0.0,0.0,12.75,0.0,0.0,1.5,0.0,0.0,0.0,0.0,279.0,0.0,0.0,-23.69453541737774,0.0,10,0.0,70493.0,219.0010888686612,209.8397322249656,26.389215587112567,4968.1,20.69498969631081,16.43018535981842,24.23704017436425,26.240322071754104,0,,,11.25,12.75,8.0,0.0,0.0,0.0,0.0,0.0,0.0,0.0,0.0,0.0,1.0,1.0,0.0,0.0,0.0,1171.0,128.26214892316145,0.61400512382579,1.0,0.0,0.0,0.0
BEV1_2024-11-02_drive1.csv,BEV1,0.4416986291623815,50.646141,3.079215,50.647678,3.077616,0.2047441474347842,2.157319926827568,0.0,-0.550653849310622,0.8347336930059759,0.6228752800445467,0.497068091435669,1.2276520679287868,4.983002240356374,94.6,0.0,0.0,12.0,0.0,0.0,0.0,17.0,0.0,0.0,18.75,0.0,0.0,1.75,0.0,0.0,0.0,0.0,1608.1999999999998,0.0,0.0,-3.533589033299052,0.0,10,0.0,65041.0,219.34193622276712,209.8397322249656,26.652881228126176,4950.9,21.50941883755745,15.51827587775426,22.701184923290366,24.63721640930694,0,,,17.5,19.25,8436.0,0.0,0.0,0.0,0.0,0.0,0.0,0.0,0.0,0.0,1.0,1.0,0.0,0.0,0.0,297.0,71.0504734090288,0.6868686868686869,1.0,0.0,0.0,0.0
BEV1_2024-11-02_drive2.csv,BEV1,53.26249898485328,50.647677,3.077614,50.895696,2.722517,37.20360916018856,1.431648707939048,0.0,-0.6711918842095317,0.741283653247027,0.0374707797691024,0.1414295617190573,0.065196574448845,48.41224746168038,93.6,0.0,0.0,13.0,0.0,0.0,0.0,16.75,0.0,0.0,18.5,0.0,0.0,1.75,0.0,1.0,0.0,0.0,1567.8,0.0,0.0,-372.837492893973,0.0,10,0.0,7952.0,220.8453742221528,216.48435344450468,25.13217153926219,4729.6,19.79768783862918,15.178231984024263,21.965240000724695,23.905130422045797,0,,,17.0,18.75,7952.0,0.0,0.0,0.0,0.0,0.0,0.0,0.0,0.0,0.0,1.0,1.0,0.0,0.0,0.0,3903.0,923.4560607312774,0.4019215372297838,0.9600307455803228,0.0,0.0,0.0
BEV1_2024-11-02_drive3.csv,BEV1,38.27815128518682,50.895696,2.722516,51.047871,2.385938,29.01261512968229,1.3193623227030342,0.0,-0.8123056821527027,0.583231925345683,0.0841636071038402,0.2027679512169462,0.1780600396853825,67.24672207596834,73.0,0.0,0.0,13.5,0.0,0.0,0.0,22.0,0.0,0.0,23.75,0.0,0.0,1.75,0.0,,1.0,,1606.0,0.0,0.0,-248.80798335371435,0.0,10,0.0,1970.0,221.72347731875632,220.86118421868457,28.93046840879945,4735.2,23.27882452660409,14.887871848102836,21.61881422767633,23.58860539800501,0,,,22.25,23.75,1279.0,0.0,0.0,0.0,0.0,0.0,0.0,0.0,0.0,0.0,1.0,1.0,0.0,0.0,0.0,4041.0,575.5687601229347,0.3866467364225212,0.9933184855233852,0.0,0.0,0.0
BEV1_2024-11-02_drive4.csv,BEV1,66.09107175762752,51.047869,2.385937,50.644287,3.049573,64.6897461946847,1.0216622516762626,0.0,0.7202534584461551,-0.6937110029373563,0.0442535817825118,0.1687916964027326,0.0702773009339012,70.89423801558391,61.2,0.0,0.0,14.0,0.0,0.0,0.0,22.25,0.0,0.0,24.0,0.0,0.0,1.75,0.0,0.0,0.0,0.0,1361.7,0.0,0.0,-396.54643054576513,0.0,10,0.0,10882.0,219.8861849638731,220.86118421868457,30.65840230517435,4838.8,24.173233334718287,14.640294506717606,21.65191949609988,23.60655921397045,0,,,24.5,26.25,6679.0,0.0,0.0,0.0,0.0,0.0,0.0,0.0,0.0,0.0,1.0,1.0,0.0,0.0,0.0,4117.0,950.4429573986172,0.2479612640163098,0.953121204760748,0.0,0.0,0.0
BEV1_2024-11-02_drive5.csv,BEV1,3.5500750401371706,50.644285,3.049572,50.646085,3.079318,2.1069522294128213,1.6849338065564627,0.0,0.995477694538392,0.0949955771419267,0.2153944538752432,0.3345966041751171,0.520107935329053,15.508400679017512,44.7,0.0,0.0,18.2,0.0,0.0,0.0,27.25,0.0,0.0,29.0,0.0,0.0,1.75,0.0,0.0,0.0,0.0,1218.075,0.0,0.0,-6.39013507224691,0.0,10,0.0,3218.0,226.9157635556966,226.99893358466915,34.862095942624244,4474.8,28.834784908849294,14.446468750688558,21.93754581912371,23.886113492459398,0,,,27.25,29.0,1.0,0.0,0.0,0.0,0.0,0.0,0.0,0.0,0.0,0.0,1.0,1.0,0.0,0.0,0.0,902.0,648.8708130036778,0.6329545454545454,0.975609756097561,0.0,0.0,0.0
BEV1_2024-11-04_drive2.csv,BEV1,15.778033331453972,50.817392,5.213508,50.929485,5.324552,14.699222176122309,1.073392397393932,0.0,0.5300782575858204,0.8479487253571295,0.0567230799228853,0.1737970532623098,0.0573693498306236,20.363585692315848,47.8,0.0,0.0,9.5,0.0,0.0,0.0,14.5,0.0,0.0,16.25,0.0,0.0,1.75,0.0,0.0,0.0,0.0,693.0999999999999,0.0,0.0,-165.6693499802667,0.0,10,0.0,164852.0,226.9157635556966,226.99893358466915,34.862095942624244,4474.8,28.834784908849294,14.446468750688558,21.93754581912371,23.886113492459398,0,,,14.5,16.25,8.0,0.0,0.0,0.0,0.0,0.0,0.0,0.0,0.0,0.0,1.0,1.0,0.0,0.0,0.0,1498.0,809.8372696690325,0.3991797676008202,0.9766355140186916,0.0,0.0,0.0
BEV1_2024-11-05_drive1.csv,BEV1,20.976541363734743,50.929485,5.324553,50.994809,5.539448,16.711222848491996,1.2552367683629837,0.0,0.9005945288924426,0.4346602058263434,0.0799161145987695,0.2242666827114689,0.1472507323479897,34.52376150666846,37.2,0.0,0.0,17.5,0.0,0.0,0.0,21.0,0.0,0.0,22.5,0.0,0.0,1.5,0.0,0.0,0.0,0.0,781.2,0.0,0.0,-52.441353409336855,0.0,10,0.0,49863.0,228.5914538130377,230.69932956753195,33.60308086098365,3850.8,31.30206248291639,13.543320095367616,20.8925248071401,22.90760842499012,0,,,21.0,22.5,8.0,0.0,0.0,0.0,0.0,0.0,0.0,0.0,0.0,0.0,1.0,1.0,0.0,0.0,0.0,1865.0,610.7032490013819,0.2851752021563342,0.9946380697050938,0.0,0.0,0.0
BEV1_2024-11-05_drive2.csv,BEV1,22.50647804435908,50.994811,5.539446,50.929488,5.324565,16.71029077527268,1.3468633399044978,0.0,-0.9005860389087758,-0.4346777962153129,0.0700567523560072,0.189587904410856,0.1054819997794678,34.46792215915556,90.5,0.0,0.0,16.0,0.0,0.0,0.0,19.75,0.0,0.0,22.25,0.0,0.0,2.5,0.0,0.0,0.0,0.0,1787.375,0.0,0.0,-90.02591217743633,0.0,10,0.0,33828.0,224.39122483277345,225.11011484115,34.5762136513628,2978.7,34.96234110791413,12.6788659433086,20.32994539135697,22.38320820353902,0,,,20.0,22.25,8.0,0.0,0.0,0.0,0.0,0.0,0.0,0.0,0.0,0.0,1.0,1.0,0.0,0.0,0.0,1763.0,832.7691083859977,0.3133294864396999,0.9829835507657402,0.0,0.0,0.0
BEV1_2024-11-06_drive1.csv,BEV1,22.348493274950386,50.929488,5.324565,50.994807,5.539571,16.717982541417175,1.336793672297729,0.0,0.9006953726885989,0.4344512005016742,0.0695163712502324,0.1835959077200196,0.1091765880790649,34.132538283864115,78.5,0.0,0.0,17.5,0.0,0.0,0.0,21.75,0.0,0.0,23.5,0.0,0.0,1.75,0.0,,1.0,,1707.375,0.0,0.0,-55.87123318737597,0.0,10,0.0,54733.0,223.20479863228408,225.11011484115,34.6222753763259,2901.1,36.42814632301784,11.974559388991356,19.92216457290821,22.032168005378228,0,,,21.75,23.5,6.0,0.0,0.0,0.0,0.0,0.0,0.0,0.0,0.0,0.0,1.0,1.0,0.0,0.0,0.0,1593.0,884.214247065879,0.3032051282051282,0.9792843691148776,0.0,0.0,0.0
BEV1_2024-11-06_drive3.csv,BEV1,2.1925398345505367,50.929493,5.324572,50.936781,5.313888,1.1033155780087691,1.9872282040171736,0.0,-0.6786043204809041,0.7345040341786084,0.3122358843704431,0.5281075452232117,1.0613760319321577,13.426143027929054,92.80000000000004,0.0,0.0,13.5,0.0,0.0,0.0,18.75,0.0,0.0,20.5,0.0,0.0,1.75,0.0,0.0,0.0,0.0,1740.000000000001,0.0,0.0,-14.251508924578488,0.0,10,0.0,36088.0,222.37702894752044,224.56158020154737,32.80476996953695,2671.8,37.72233920452524,11.354714750073445,19.534262623792824,21.60044710875736,0,,,18.0,20.25,4888.0,0.0,0.0,0.0,0.0,0.0,0.0,0.0,0.0,0.0,1.0,1.0,0.0,0.0,0.0,378.0,338.3164702233124,0.3952254641909814,0.9973544973544972,0.0,0.0,0.0
BEV1_2024-11-06_drive4.csv,BEV1,1.8562384384864528,50.936779,5.313886999999999,50.9295,5.324558,1.101962272502852,1.6844845643131114,0.0,0.6786109478467184,-0.7344979111356127,0.2373344759651185,0.46380196897927,0.7451215396318026,9.018710086674504,91.5,0.0,0.0,10.5,0.0,0.0,0.0,18.25,0.0,0.0,20.0,0.0,0.0,1.75,0.0,0.0,0.0,0.0,1669.875,0.0,0.0,-17.6342651656213,0.0,10,0.0,4189.0,209.25144835832396,224.56158020154737,24.466309890792317,2064.6,35.02930465984174,11.016451453502814,18.800087955749635,20.83150947256734,0,,,18.75,20.75,4189.0,0.0,0.0,0.0,0.0,0.0,0.0,0.0,0.0,0.0,1.0,1.0,0.0,0.0,0.0,311.0,482.5740556539761,0.3741935483870968,0.9967845659163987,0.0,0.0,0.0
BEV1_2024-11-07_drive1.csv,BEV1,15.092697296998905,50.9295,5.324558,50.817396,5.213515,14.70022132144218,1.0266986439846486,0.0,-0.5300373478978248,-0.8479742978613446,0.0595949447167318,0.1838377956963791,0.0597571123026641,21.45418009802348,87.4,0.0,0.0,17.0,0.0,0.0,0.0,20.75,0.0,0.0,22.5,0.0,0.0,1.75,0.0,0.0,0.0,0.0,1813.55,0.0,0.0,-45.27809189099671,0.0,10,0.0,40704.0,208.2116230779309,224.56158020154737,24.37317449443652,1978.4,36.31631989114685,10.84199353765753,19.525942921989504,21.59926343621697,0,,,20.75,22.5,5.0,0.0,0.0,0.0,0.0,0.0,0.0,0.0,0.0,0.0,1.0,1.0,0.0,0.0,0.0,1404.0,771.0853099863392,0.329160530191458,0.9672364672364672,0.0,0.0,0.0
BEV1_2024-11-07_drive2.csv,BEV1,15.236204964151582,50.817397,5.213509999999999,50.929487,5.324563,14.699273770469723,1.0365277361362255,0.0,0.530119319324624,0.8479230550461506,0.0630481221495623,0.2174419333127143,0.0585312506189405,22.697323973842444,78.5,0.0,0.0,7.0,0.0,0.0,0.0,14.0,0.0,0.0,15.75,0.0,0.0,1.75,0.0,0.0,0.0,0.0,1099.0,0.0,0.0,-198.07066453397056,0.0,10,0.0,31013.0,209.56376041413316,224.56158020154737,25.83827436122017,2088.9,39.653449526842095,10.924861975250568,19.942031723332057,22.034299023405584,1,228.8105108240128,1500.0,14.0,15.75,5.0,0.0,0.0,0.0,0.0,0.0,0.0,0.0,0.0,0.0,0.0,0.0,0.0,0.0,0.0,1471.0,716.7929788003051,0.3679046951646811,0.9700883752549286,0.0,0.0,0.0
BEV1_2024-11-08_drive1.csv,BEV1,8.88364905311833,50.929487,5.324564,50.929706,5.394604,4.908705946605418,1.80977413390626,0.0,0.999987694536255,0.0049609249203764,0.135982055398237,0.3242440649677088,0.31558379143527,24.204805860886182,66.0,0.0,0.0,17.0,0.0,0.0,0.0,20.75,0.0,0.0,22.5,0.0,0.0,1.75,0.0,0.0,0.0,0.0,1369.5,0.0,0.0,-26.65094715935499,0.0,10,0.0,57996.0,210.03158103616357,230.69932956753195,22.03564495915,1845.6,38.46945212185526,10.296423550058975,19.5759540467051,21.71492234113637,0,,,20.75,22.5,7.0,0.0,0.0,0.0,0.0,0.0,0.0,0.0,0.0,0.0,1.0,1.0,0.0,0.0,0.0,1282.0,733.5955926021711,0.5433255269320844,0.999219968798752,0.0,0.0,0.0
BEV1_2024-11-08_drive2.csv,BEV1,8.648206666081098,50.929705,5.394599,50.929489,5.324561999999999,4.908494002439134,1.7618859596820575,0.0,-0.9999880283313112,-0.0048931783185086,0.092338588398365,0.1944190917222968,0.1645040858362312,16.159252969713886,99.6,0.0,0.0,6.5,0.0,0.0,0.0,24.0,0.0,0.0,26.0,0.0,0.0,2.0,0.0,0.0,0.0,0.0,2390.4,0.0,0.0,-116.75078999209482,0.0,10,0.0,69155.0,210.03158103616357,230.69932956753195,22.03564495915,1845.6,38.46945212185526,10.296423550058975,19.5759540467051,21.71492234113637,0,,,21.5,23.5,9876.0,0.0,0.0,0.0,0.0,0.0,0.0,0.0,0.0,0.0,1.0,1.0,0.0,0.0,0.0,1182.0,646.4173239931932,0.5042372881355932,0.9983079526226736,0.0,0.0,0.0
BEV1_2024-11-08_drive3.csv,BEV1,6.60955907488347,50.929489,5.324561999999999,50.951577,5.31385,2.568199846855192,2.5736155552602327,0.0,-0.2922504345889944,0.9563418235560672,0.1903758485166438,0.2794680328020477,0.5863107225161055,25.319987852713624,95.3,0.0,0.0,16.0,0.0,0.0,0.0,21.25,0.0,0.0,23.0,0.0,0.0,1.75,0.0,0.0,0.0,0.0,2025.125,0.0,0.0,-26.43823629953388,0.0,10,0.0,19228.0,218.61613915405889,230.69932956753195,19.07265049723943,1559.8,37.68973778793362,9.601202004458983,19.48912244716001,21.694810369635164,0,,,22.5,24.75,19207.0,0.0,0.0,0.0,0.0,0.0,0.0,0.0,0.0,0.0,1.0,1.0,0.0,0.0,0.0,1249.0,263.8913797978746,0.4121892542101042,0.9983987189751802,0.0,0.0,0.0
BEV1_2024-11-08_drive4.csv,BEV1,4.388636414756694,50.951579,5.313845,50.929493,5.324564,2.568130546934845,1.708883693624799,0.0,0.2924492848192856,-0.9562810339061882,0.1808517293137909,0.2993136833087444,0.4794643692695878,16.276655638241188,91.9,0.0,0.0,7.5,0.0,0.0,0.0,15.5,0.0,0.0,17.25,0.0,0.0,1.75,0.0,0.0,0.0,0.0,1424.45,0.0,0.0,-54.85795518445868,0.0,10,0.0,16968.0,209.6708243886893,218.30487725375096,13.124499228965025,1273.1,33.81401642438689,9.412482812170774,19.213693042253528,21.41819339611076,0,,,20.5,22.25,16969.0,0.0,0.0,0.0,0.0,0.0,0.0,0.0,0.0,0.0,1.0,1.0,0.0,0.0,0.0,626.0,278.6377656719333,0.2841091492776886,0.9952076677316294,0.0,0.0,0.0
BEV1_2024-11-10_drive1.csv,BEV1,3.325516700981168,50.929494,5.324561,50.919137,5.315556,1.313267482878882,2.5322462821443885,0.0,-0.4806128520079438,-0.8769328859637949,0.2275789495778101,0.4029849775292049,0.7825914086134446,15.02021067213547,78.5,0.0,0.0,17.5,0.0,0.0,0.0,21.5,0.0,0.0,23.25,0.0,0.0,1.75,0.0,0.0,0.0,0.0,1687.75,0.0,0.0,-8.31379175245292,0.0,10,0.0,147315.0,207.1329132785997,208.4847849696443,11.985572679363491,1185.8,32.547155124611336,9.364552398476294,19.33286110227656,21.492451712695487,0,,,21.0,22.75,78641.0,0.0,0.0,0.0,0.0,0.0,0.0,0.0,0.0,0.0,1.0,1.0,0.0,0.0,0.0,529.0,274.7066334132349,0.3087121212121212,0.998109640831758,0.0,0.0,0.0
BEV1_2024-11-10_drive2.csv,BEV1,3.2957000631333733,50.919134,5.315556,50.930001,5.32466,1.3664952810025466,2.4117902995723783,0.0,0.4669674555439299,0.8842745023253966,0.2084065628862805,0.3628332177472542,0.6204462797466772,13.963239713380796,77.30000000000003,0.0,0.0,14.0,0.0,0.0,0.0,21.25,0.0,0.0,23.0,0.0,0.0,1.75,0.0,0.0,0.0,0.0,1642.6250000000005,0.0,0.0,-19.77420037880024,0.0,10,0.0,3426.0,211.90800173791533,208.4847849696443,10.220470213088136,1052.0,30.763408385969704,10.223107250733076,19.522867393269067,21.63811406072633,0,,,21.75,23.5,3427.0,0.0,0.0,0.0,0.0,0.0,0.0,0.0,0.0,0.0,1.0,1.0,0.0,0.0,0.0,565.0,306.41006052397245,0.4326241134751773,0.9982300884955752,0.0,0.0,0.0
BEV1_2024-11-10_drive3.csv,BEV1,4.585605942245161,50.929998,5.324655,50.943758,5.348389,2.259853700420204,2.029160534326846,0.0,0.7359328100207867,0.6770545761863727,0.1257501819931898,0.2473476510104154,0.476586202768335,11.694766925366658,99.6,0.0,0.0,11.5,0.0,0.0,0.0,23.75,0.0,0.0,26.0,0.0,0.0,2.25,0.0,0.0,0.0,0.0,2365.5,0.0,0.0,-38.97765050908387,0.0,10,0.0,9107.0,214.12896975659476,208.4847849696443,8.299392414965563,932.0,28.27165635388652,10.639160630897944,19.68998757467496,21.72164423205412,0,,,21.25,23.0,9107.0,0.0,0.0,0.0,0.0,0.0,0.0,0.0,0.0,0.0,1.0,1.0,0.0,0.0,0.0,825.0,528.0752418994493,0.5546116504854369,0.9987878787878788,0.0,0.0,0.0
BEV1_2024-11-10_drive4.csv,BEV1,4.387842837211826,50.943754,5.348387,50.929492,5.324577,2.301877742831492,1.906201513471533,0.0,-0.7248148374025567,-0.688943721563021,0.1084799818837224,0.2065806976378639,0.2922813938190927,10.088638315186184,97.7,0.0,0.0,11.0,0.0,0.0,0.0,22.0,0.0,0.0,24.25,0.0,0.0,2.25,0.0,0.0,0.0,0.0,2149.4,0.0,0.0,-39.49058553490644,0.0,10,0.0,1859.0,215.84072720437632,208.4003361535793,6.5231036816950425,855.2,25.222887023421123,10.588935433504336,19.760695358730203,21.787094640089272,0,,,22.0,24.25,5.0,0.0,0.0,0.0,0.0,0.0,0.0,0.0,0.0,0.0,1.0,1.0,0.0,0.0,0.0,474.0,782.120398019595,0.3496801705756929,0.989451476793249,0.0,0.0,0.0
BEV1_2024-11-11_drive1.csv,BEV1,115.94223922677104,50.929492,5.324577,50.93555,6.961418999999999,114.70796865962264,1.010760111800174,0.0,0.99998275757101,0.0058723556328271,0.0215203747409443,0.0970182945202947,0.0375723622041763,64.1307167280142,91.9,0.0,0.0,17.0,0.0,0.0,0.0,21.25,0.0,0.0,23.0,0.0,0.0,1.75,0.0,0.0,0.0,0.0,1952.875,0.0,0.0,-347.8267176803131,0.0,10,0.0,51098.0,215.0422885427124,208.4003361535793,6.74263398196117,864.8,26.46578642628761,10.464728556016498,20.09217479260902,22.166560584361715,0,,,22.25,24.25,51098.0,0.0,0.0,0.0,0.0,0.0,0.0,0.0,0.0,0.0,1.0,1.0,0.0,0.0,0.0,6046.0,1045.2152193556806,0.2204272123496679,0.9214356599404564,0.0,0.0,0.0
BEV1_2024-11-11_drive2.csv,BEV1,0.3200538213013044,50.935558,6.961431999999999,50.935144,6.961694,0.0495608128523908,6.457800081982817,0.0,0.3704458103929355,-0.9288540798006548,1.995043440253254,0.7239089718589589,2.6852963473387947,11.970260641519523,99.4,0.0,0.0,27.0,0.0,0.0,0.0,30.0,0.0,0.0,32.0,0.0,0.0,2.0,0.0,0.0,0.0,0.0,2982.0,0.0,0.0,2.24037674910913,0.0,10,0.0,15620.0,227.34274862340888,208.4003361535793,18.15123406078963,1438.3,31.226437887512816,10.841067749045989,20.73679443179013,22.82972333867773,0,,,30.0,32.0,6.0,0.0,0.0,0.0,0.0,0.0,0.0,0.0,0.0,0.0,1.0,1.0,0.0,0.0,0.0,389.0,11.29163587743712,0.6015424164524421,1.0,0.0,0.0,0.0
BEV1_2024-11-11_drive3.csv,BEV1,3.624030777607163,50.935144,6.961693,50.917909,6.952121,2.0304812539817645,1.7848137088192542,0.0,-0.3304059949275141,-0.9438389049599298,0.2506928584270687,0.5297921616084537,0.6643015918512826,18.049885806748943,99.0,0.0,0.0,26.0,0.0,0.0,0.0,30.75,0.0,0.0,33.0,0.0,0.0,2.25,0.0,0.0,0.0,0.0,3044.25,0.0,0.0,21.744184665642976,0.0,10,0.0,211.0,227.16442715064957,208.4003361535793,16.67396971321987,1336.9,27.653948606972243,11.951933590048103,21.67617484154339,23.748204375530037,0,,,30.75,32.5,211.0,0.0,0.0,0.0,0.0,0.0,0.0,0.0,0.0,0.0,1.0,1.0,0.0,0.0,0.0,860.0,123.49313573476591,0.3771827706635622,0.9988372093023256,0.0,0.0,0.0
BEV1_2024-11-11_drive4.csv,BEV1,112.3894420909918,50.917913,6.952118,50.929492,5.324568999999999,114.08367570368856,0.9851492020900764,0.0,-0.9999363156867744,0.0112855912897642,0.0192084571883828,0.0765562659088811,0.0333153277705087,54.302308471558206,97.7,0.0,0.0,19.0,0.0,0.0,0.0,27.0,0.0,0.0,29.25,0.0,0.0,2.25,0.0,0.0,0.0,0.0,2637.9,0.0,0.0,-112.3894420909918,0.0,10,0.0,2618.0,223.4090290929388,194.16564612938964,15.512752294565429,1275.8,25.442977020423776,13.01242075814579,23.362169052489964,25.366860067691576,0,,,31.0,32.5,2619.0,0.0,0.0,0.0,0.0,0.0,0.0,0.0,0.0,0.0,1.0,1.0,0.0,0.0,0.0,6381.0,1019.0508082410048,0.3152866242038216,0.9349631719166276,0.0,0.0,0.0
BEV1_2024-11-12_drive1.csv,BEV1,23.13103505160575,50.929492,5.324568999999999,50.994649,5.539448999999999,16.702235568910467,1.3849065268042229,0.0,0.9010177159868948,0.4337822904150878,0.0630811410281629,0.1565983491577962,0.105357558321498,30.909759103799843,45.6,0.0,0.0,17.0,0.0,0.0,0.0,21.5,0.0,0.0,23.25,0.0,0.0,1.75,0.0,0.0,0.0,0.0,980.4,0.0,0.0,-69.39310515481725,0.0,10,0.0,40549.0,236.36258697287596,208.4003361535793,25.8868758370565,1795.6,29.15319135018592,13.468602677286228,23.608589093653038,25.661987450342952,0,,,21.5,23.25,6.0,0.0,0.0,0.0,0.0,0.0,0.0,0.0,0.0,0.0,1.0,1.0,0.0,0.0,0.0,2266.0,748.7723737834625,0.3886910062333036,0.9911738746690204,0.0,0.0,0.0
BEV1_2024-11-12_drive2.csv,BEV1,24.59053264721761,50.994649,5.539448999999999,50.929487,5.324571,16.702351275249832,1.472279695353838,0.0,-0.9010031364300782,-0.4338125725969244,0.0658341037352067,0.215804642321173,0.1257745123133375,35.484581913276415,99.5,0.0,0.0,11.0,0.0,0.0,0.0,21.25,0.0,0.0,23.5,0.0,0.0,2.25,0.0,0.0,0.0,0.0,2114.375,0.0,0.0,-221.31479382495849,0.0,10,0.0,32613.0,234.67257649585787,208.4003361535793,27.539023434728723,1897.2,30.924372409272404,13.379659804616576,23.75011706543433,25.80231827926712,0,,,23.25,24.75,32556.0,0.0,0.0,0.0,0.0,0.0,0.0,0.0,0.0,0.0,1.0,1.0,0.0,0.0,0.0,2301.0,705.9856250315856,0.3629139072847682,0.984354628422425,0.0,0.0,0.0
BEV1_2024-11-13_drive1.csv,BEV1,15.122443662221606,50.929489,5.324568999999999,50.817467,5.213348,14.699115029156731,1.0287995999912356,0.0,-0.5309266023579938,-0.8474178089399566,0.0600462549775521,0.1840950097177121,0.0697244835508623,21.61665179191876,86.9,0.0,0.0,17.0,0.0,0.0,0.0,21.25,0.0,0.0,23.0,0.0,0.0,1.75,0.0,0.0,0.0,0.0,1846.625,0.0,0.0,-45.36733098666482,0.0,10,0.0,51735.0,231.82842336002716,203.98362613769248,29.559199915906618,2064.8,32.24844481197332,13.665593574066426,24.37539185586277,26.465655217240567,0,,,21.25,23.0,6.0,0.0,0.0,0.0,0.0,0.0,0.0,0.0,0.0,0.0,1.0,1.0,0.0,0.0,0.0,1206.0,872.4700418410737,0.3333333333333333,0.9626865671641792,0.0,0.0,0.0
BEV1_2024-11-13_drive2.csv,BEV1,15.373936525040705,50.817464,5.21335,50.929486,5.324568,14.699003534991684,1.0459169214050674,0.0,0.5309163427334207,0.8474242367424766,0.0582105080349522,0.1792236659230494,0.0568293692977075,20.897572384547868,77.9,0.0,0.0,10.0,0.0,0.0,0.0,15.25,0.0,0.0,17.0,0.0,0.0,1.75,0.0,0.0,0.0,0.0,1187.975,0.0,0.0,-153.73936525040705,0.0,10,0.0,31072.0,232.89283433382667,213.20833449646972,30.73889261203066,2132.6,34.496291787840484,13.031741286974334,24.362144870357337,26.49437780564492,0,,,15.25,17.0,6.0,0.0,0.0,0.0,0.0,0.0,0.0,0.0,0.0,0.0,1.0,1.0,0.0,0.0,0.0,1591.0,739.6269263181782,0.342156229825694,0.9736015084852294,0.0,0.0,0.0
BEV1_2024-11-13_drive3.csv,BEV1,6.2797270204717766,50.929488,5.324566,50.929901,5.367770999999999,3.0282978138938663,2.073682116620206,0.0,0.999885007624612,0.0151648121494928,0.1303856669660354,0.3492518762299884,0.1385542899312908,16.5589797046865,71.5,0.0,0.0,13.45,0.0,0.0,0.0,17.5,0.0,0.0,19.0,0.0,0.0,1.5,0.0,0.0,0.0,0.0,1251.25,0.0,0.0,-41.13221198409014,0.0,10,0.0,3550.0,233.15284627358167,218.8641481148915,31.9467162582214,2235.2,35.876605110371074,12.717471116884957,23.8029169984176,25.98303951012583,0,,,17.25,19.0,11.0,0.0,0.0,0.0,0.0,0.0,0.0,0.0,0.0,0.0,1.0,1.0,0.0,0.0,0.0,729.0,560.3934360510575,0.3782668500687758,0.9972565157750344,0.0,0.0,0.0
BEV1_2024-11-13_drive4.csv,BEV1,6.8451577071156615,50.929902,5.367772,50.929488,5.324563,3.028579770497681,2.26018735705641,0.0,-0.9998844715697488,-0.0152001155812697,0.1343716062971063,0.2726112497024953,0.3735845764585178,18.677653275297786,68.7,0.0,0.0,9.0,0.0,0.0,0.0,16.0,0.0,0.0,18.0,0.0,0.0,2.0,0.0,1.0,0.0,0.0,1099.2,0.0,0.0,-75.29673477827228,0.0,10,0.0,12145.0,232.1848327607397,218.8641481148915,32.116128366044066,2225.7,36.97065115669432,12.71015604340378,23.197263991684373,25.344615433042016,0,,,17.75,19.25,12146.0,0.0,0.0,0.0,0.0,0.0,0.0,0.0,0.0,0.0,1.0,1.0,0.0,0.0,0.0,844.0,616.8479462184247,0.4168646080760095,0.9976303317535544,0.0,0.0,0.0
BEV1_2024-11-14_drive1.csv,BEV1,8.610733351517831,50.929488,5.324563,50.929669,5.394569,4.906305884423494,1.755033940883125,0.0,0.999991586225816,0.0041021308580213,0.1465033236740459,0.3866736017972983,0.2227441948653054,25.78458496663208,59.8,0.0,0.0,16.5,0.0,0.0,0.0,19.75,0.0,0.0,21.5,0.0,0.0,1.75,0.0,0.0,0.0,0.0,1181.05,0.0,0.0,-30.13756673031241,0.0,10,0.0,32235.0,231.89884412310133,214.5087419105195,32.361859853034446,2262.7,36.56140837086296,12.51323823195296,22.574950757880217,24.70045432888404,0,,,19.75,21.5,6.0,0.0,0.0,0.0,0.0,0.0,0.0,0.0,0.0,0.0,1.0,1.0,0.0,0.0,0.0,1451.0,570.2648967266836,0.5345303867403315,0.9979324603721572,0.0,0.0,0.0
BEV1_2024-11-14_drive2.csv,BEV1,15.633587479056782,50.92967,5.394566,50.994657,5.539625,12.466998015661405,1.2539977514568796,0.0,0.8148805595196639,0.5796289103529254,0.0857468654975234,0.2457729102913954,0.1469163119634025,28.896693672665386,91.8,0.0,0.0,11.0,0.0,0.0,0.0,24.5,0.0,0.0,26.25,0.0,0.0,1.75,0.0,0.0,0.0,0.0,2249.1,0.0,0.0,-140.70228731151104,0.0,10,0.0,9736.0,228.55247767818992,205.20620837843109,21.628709265509123,1803.2,31.7938358932608,12.452568426265731,22.09046663740636,24.177614000834765,0,,,20.25,22.0,9737.0,0.0,0.0,0.0,0.0,0.0,0.0,0.0,0.0,0.0,1.0,1.0,0.0,0.0,0.0,1200.0,840.591805673413,0.3011844331641286,0.985,0.0,0.0,0.0
BEV1_2024-11-14_drive3.csv,BEV1,23.42728798714263,50.994635,5.539636,50.929483,5.324568,16.713862134768526,1.401668136199873,0.0,-0.9011789270669368,-0.4334472763906641,0.0827291719009998,0.234669641483081,0.1094648614575111,41.86096098190591,99.1,0.0,0.0,10.5,0.0,0.0,0.0,20.0,0.0,0.0,22.0,0.0,0.0,2.0,0.0,0.0,0.0,0.0,1982.0,0.0,0.0,-222.559235877855,0.0,10,0.0,20792.0,227.4991400101148,205.20620837843109,23.16006263128467,1884.3,36.181429639401145,11.113231680969111,21.51301712870177,23.64042433186872,0,,,19.75,22.0,6.0,0.0,0.0,0.0,0.0,0.0,0.0,0.0,0.0,0.0,1.0,1.0,0.0,0.0,0.0,2089.0,711.5848622049194,0.314410480349345,0.9865964576352322,0.0,0.0,0.0
BEV1_2024-11-15_drive1.csv,BEV1,94.5506483308774,50.929483,5.324568999999999,50.472448,4.477345,78.3758739979507,1.2063744046203506,0.0,-0.7612939860890011,-0.6484068682121742,0.0193148311686517,0.1036911166300086,0.0212701824930155,48.34502241513528,85.7,0.0,0.0,16.5,0.0,0.0,0.0,20.75,0.0,0.0,22.5,0.0,0.0,1.75,0.0,0.0,0.0,0.0,1778.275,0.0,0.0,-330.9272691580709,0.0,10,0.0,79098.0,222.93541859379533,205.20620837843109,25.14044778205192,2007.3,38.69965024471296,10.409825062401811,20.43328767594506,22.582999654680773,0,,,20.75,22.5,6.0,0.0,0.0,0.0,0.0,0.0,0.0,0.0,0.0,0.0,1.0,1.0,0.0,0.0,0.0,5056.0,1065.2217443129643,0.2659321667746813,0.9155458860759492,0.0,0.0,0.0
BEV1_2024-11-17_drive1.csv,BEV1,20.91248633691261,50.472446,4.47735,50.485895,4.796975,22.6660210834136,0.9226359694960234,0.0,0.997821069949922,0.0659781203429826,0.0707397787462133,0.2535761922879131,0.1440454045409703,36.430986054299865,41.8,0.0,0.0,7.0,0.0,0.0,0.0,5.75,0.0,0.0,7.0,0.0,0.0,1.25,0.0,0.0,0.0,0.0,240.35,0.0,0.0,-271.86232237986394,0.0,10,0.0,196691.0,222.33140518759072,205.20620837843109,23.356568406040488,1874.8,39.09082787512164,10.305158983915607,20.161203182510853,22.267721492604032,0,,,5.75,7.0,12.0,0.0,0.0,0.0,0.0,0.0,0.0,0.0,0.0,0.0,1.0,1.0,0.0,0.0,0.0,1363.0,888.7701101999019,0.2962103634957463,0.9486426999266324,0.0,0.0,0.0
BEV1_2024-11-17_drive2.csv,BEV1,87.35427730687434,50.485892,4.796971999999999,50.930034,5.324669999999999,61.80415098384584,1.413404697197551,0.0,0.6012319886858263,0.7990745245475459,0.0275876375826724,0.1319824020625435,0.0237437684097199,60.91350378254086,67.0,0.0,0.0,6.0,0.0,0.0,0.0,38.25,0.0,0.0,48.0,0.0,0.0,9.75,0.0,0.0,0.0,0.0,2562.75,0.0,0.0,-1222.9598822962407,0.0,10,0.0,1090.0,238.46842390467015,214.5087419105195,23.13471353457117,1784.5,40.93703997397871,9.916391298240516,18.953478653952992,21.26510685415606,0,,,38.25,48.0,1.0,0.0,0.0,0.0,0.0,0.0,0.0,0.0,0.0,0.0,1.0,1.0,0.0,0.0,0.0,4811.0,1024.9386430678262,0.2893010631078941,0.918935772188734,0.0,0.0,0.0
BEV1_2024-11-18_drive1.csv,BEV1,14.959122950664325,50.930028,5.324671,50.817421,5.213523,14.751548671688806,1.014071355055344,0.0,-0.5286894184524578,-0.8488153502478628,0.060183939241309,0.1836378646933546,0.0628858587072205,21.72640206611255,99.7,0.0,0.0,7.5,0.0,0.0,0.0,18.5,0.0,0.0,23.0,0.0,0.0,4.5,0.0,0.0,0.0,0.0,1844.45,0.0,0.0,-186.98903688330407,0.0,10,0.0,30766.0,238.46842390467015,214.5087419105195,23.13471353457117,1784.5,40.93703997397871,9.916391298240516,18.953478653952992,21.26510685415606,0,,,18.25,23.0,31.0,0.0,0.0,0.0,0.0,0.0,0.0,0.0,0.0,0.0,1.0,1.0,0.0,0.0,0.0,1409.0,818.3771487138955,0.4020542920029347,0.9673527324343506,0.0,0.0,0.0
BEV1_2024-11-18_drive2.csv,BEV1,14.32229922342058,50.817422,5.213521999999999,50.925275,5.326134,14.362059744816456,0.997231558557593,0.0,0.5502076997878288,0.8350278361193634,0.0625691742537663,0.1800688619196784,0.0567758885218193,21.58636511754938,90.0,0.0,0.0,8.5,0.0,0.0,0.0,14.25,0.0,0.0,16.0,0.0,0.0,1.75,0.0,0.0,0.0,0.0,1282.5,0.0,0.0,-164.70644106933668,0.0,10,0.0,29329.0,245.7264737101593,219.94064138369495,22.17157256491584,1695.2,40.912451412099536,9.721128135533862,18.6805961818152,21.157809126554383,0,,,14.25,16.0,6.0,0.0,0.0,0.0,0.0,0.0,0.0,0.0,0.0,0.0,1.0,1.0,0.0,0.0,0.0,1439.0,746.5681816922981,0.3780487804878049,0.9687282835302292,0.0,0.0,0.0
BEV1_2024-11-18_drive3.csv,BEV1,0.8448689952256039,50.925276,5.326135,50.929488,5.324565,0.4811061726869816,1.7560967686342583,0.0,-0.2287151591446327,0.9734933877420252,0.5576264554510006,0.5692990269904007,1.279808287180955,8.92202328721601,83.0,0.0,0.0,8.5,0.0,0.0,0.0,14.75,0.0,0.0,17.0,0.0,0.0,2.25,0.0,0.0,0.0,0.0,1224.25,0.0,0.0,-9.715993445094444,0.0,10,0.0,339.0,247.6577775437402,219.94064138369495,22.09155812103574,1718.5,39.98385292460871,9.6569922510613,17.953105111986947,20.48112875202143,0,,,14.75,17.0,315.0,0.0,0.0,0.0,0.0,0.0,0.0,0.0,0.0,0.0,1.0,1.0,0.0,0.0,0.0,486.0,41.2309257337851,0.5917525773195876,0.9979423868312756,0.0,0.0,0.0
BEV1_2024-11-19_drive1.csv,BEV1,14.676304138272474,50.929488,5.324565,50.817325,5.213349,14.712223875516717,0.9975585106950408,0.0,-0.5304305044082832,-0.8477284234901967,0.0603656096235407,0.1847973572857232,0.0676928510488256,21.731619464474672,78.5,0.0,0.0,16.0,0.0,0.0,0.0,19.75,0.0,0.0,21.5,0.0,0.0,1.75,0.0,0.0,0.0,0.0,1550.375,0.0,0.0,-58.7052165530899,0.0,10,0.0,52821.0,249.4529417998,215.5074100060118,20.63865136805423,1608.1,37.13059862779748,9.48098396711967,17.858951836385696,20.3725446417233,0,,,16.75,18.5,44091.0,0.0,0.0,0.0,0.0,0.0,0.0,0.0,0.0,0.0,1.0,1.0,0.0,0.0,0.0,1324.0,854.4310257531812,0.3464257659073055,0.9614803625377644,0.0,0.0,0.0
BEV1_2024-11-19_drive2.csv,BEV1,15.719908177844026,50.817324,5.213349,50.929478,5.324568,14.711487670107466,1.0685464672471967,0.0,0.5304714201158005,0.8477028208283407,0.0601325922000853,0.1796002886537178,0.061646590695399,21.587600599830623,69.7,0.0,0.0,6.0,0.0,0.0,0.0,12.25,0.0,0.0,14.0,0.0,0.0,1.75,0.0,0.0,0.0,0.0,853.825,0.0,0.0,-220.0787144898164,0.0,10,0.0,29967.0,251.94556849654052,235.3695114152045,21.478309079834297,1667.6,38.02250036629428,9.633999040327478,18.135743350673184,20.665780245764708,0,,,12.25,14.0,7.0,0.0,0.0,0.0,0.0,0.0,0.0,0.0,0.0,0.0,1.0,1.0,0.0,0.0,0.0,1403.0,741.3339313695767,0.3403944485025566,0.9757662152530292,0.0,0.0,0.0
BEV1_2024-11-20_drive1.csv,BEV1,23.952159965967983,50.929478,5.324568,50.994639,5.539368,16.697384066855818,1.434485777536425,0.0,0.90094419669078,0.4339349656909492,0.0664068667067725,0.1731267909051653,0.1090008326909481,32.47295781961176,57.7,0.0,0.0,14.0,0.0,0.0,0.0,18.25,0.0,0.0,20.0,0.0,0.0,1.75,0.0,0.0,0.0,0.0,1053.025,0.0,0.0,-143.7129597958079,0.0,10,0.0,55052.0,253.50230493283823,251.6261321943959,22.365784126907137,1723.6,39.13409698819919,9.229333899963148,17.733736965170547,20.31735918538427,0,,,11.5,14.0,55004.0,0.0,0.0,0.0,0.0,0.0,0.0,0.0,0.0,0.0,1.0,1.0,0.0,0.0,0.0,2032.0,792.2210823338434,0.3756796836381611,0.9955708661417324,0.0,0.0,0.0
BEV1_2024-11-20_drive2.csv,BEV1,21.58451090140221,50.994639,5.539368,50.929478,5.324568999999999,16.697320969764455,1.292693057795768,0.0,-0.9009434068939816,-0.4339366054785717,0.0868998851447547,0.2510184911938634,0.1586383180460104,38.23594946369208,99.30000000000004,0.0,0.0,4.0,0.0,0.0,0.0,14.25,0.0,0.0,16.5,0.0,0.0,2.25,0.0,0.0,0.0,0.0,1415.0250000000003,0.0,0.0,-345.3521744224354,0.0,10,0.0,30559.0,251.47192637885388,251.6261321943959,23.899926788352147,1781.7,41.24061002315747,8.337707723370064,17.49727307039008,20.11773639878944,0,,,14.25,16.5,6.0,0.0,0.0,0.0,0.0,0.0,0.0,0.0,0.0,0.0,1.0,1.0,0.0,0.0,0.0,1980.0,557.5570177241729,0.2852077001013171,0.996969696969697,0.0,0.0,0.0
BEV1_2024-11-20_drive3.csv,BEV1,4.441103539407793,50.929478,5.324568999999999,50.951587,5.313841,2.570760663046399,1.7275445370106928,0.0,-0.2923954034164682,0.9562975102241564,0.1781268426166108,0.2999322948791034,0.4354298693887461,16.031415835494972,92.4,0.0,0.0,8.0,0.0,0.0,0.0,11.5,0.0,0.0,13.5,0.0,0.0,2.0,0.0,0.0,0.0,0.0,1062.6,0.0,0.0,-53.29324247289352,0.0,10,0.0,3083.0,246.4977969900266,251.6261321943959,24.49501913058669,1859.6,40.48081304617338,7.568009518914837,16.266479144987272,18.9283276668342,0,,,11.25,13.75,3062.0,0.0,0.0,0.0,0.0,0.0,0.0,0.0,0.0,0.0,1.0,1.0,0.0,0.0,0.0,647.0,385.05796827653137,0.3622291021671827,0.9984544049459042,0.0,0.0,0.0
BEV1_2024-11-20_drive4.csv,BEV1,4.533251730367311,50.951589,5.31384,50.929488,5.324578,2.570114990942149,1.7638322590015778,0.0,0.2927414440806723,-0.9561916371301112,0.1817015113271227,0.3031910881991517,0.4724660422984923,16.353136019441042,90.1,0.0,0.0,1.5,0.0,0.0,0.0,10.0,0.0,0.0,12.0,0.0,0.0,2.0,0.0,1.0,0.0,0.0,901.0,0.0,0.0,-83.86515701179526,0.0,10,0.0,5646.0,253.63378518041856,251.6261321943959,22.5963412559995,1715.3,38.91459799224928,7.022201050198116,15.393186030315926,18.060036257000167,0,,,11.5,13.75,5638.0,0.0,0.0,0.0,0.0,0.0,0.0,0.0,0.0,0.0,1.0,1.0,0.0,0.0,0.0,971.0,259.14137245694025,0.525231719876416,1.0,0.0,0.0,0.0
BEV1_2024-11-21_drive1.csv,BEV1,23.26565846820354,50.929488,5.324578,50.994642,5.539456,16.70196626823663,1.392989190287707,0.0,0.901023964204605,0.4337693118801961,0.0794115757576562,0.2179248007927186,0.1125974686000672,39.46755315155515,84.2,0.0,0.0,14.0,0.0,0.0,0.0,16.75,0.0,0.0,18.25,0.0,0.0,1.5,0.0,1.0,0.0,0.0,1410.35,0.0,0.0,-139.59395080922124,0.0,10,0.0,36496.0,257.986243268289,252.83095900383063,13.594601595948491,1306.9,33.8609402847354,6.216662947178067,14.10910283668834,16.73228007724384,1,209.584438611508,2033.0,10.0,12.25,36484.0,0.0,0.0,0.0,0.0,0.0,0.0,0.0,0.0,0.0,0.0,0.0,0.0,0.0,0.0,2099.0,755.5064609765218,0.3649951783992285,0.9880895664602192,0.0,0.0,0.0
BEV1_2024-11-21_drive2.csv,BEV1,55.38547877327292,50.994642,5.539456,50.862451,4.68666,61.54880123850659,0.8998628349990068,0.0,-0.9710646128851192,-0.2388169123037007,0.028081511441271,0.1316411695297524,0.0265584034474883,40.60586554407793,99.5,0.0,0.0,3.0,0.0,0.0,0.0,11.75,0.0,0.0,13.75,0.0,0.0,2.0,0.0,0.0,0.0,0.0,1169.125,0.0,0.0,-941.5531391456396,0.0,10,0.0,65405.0,257.986243268289,252.83095900383063,13.594601595948491,1306.9,33.8609402847354,6.216662947178067,14.10910283668834,16.73228007724384,0,,,12.25,15.25,26810.0,0.0,0.0,0.0,0.0,0.0,0.0,0.0,0.0,0.0,1.0,1.0,0.0,0.0,0.0,3784.0,940.3603944540944,0.3370181405895691,0.9323467230443976,0.0,0.0,0.0
BEV1_2024-11-21_drive3.csv,BEV1,3.667560898688304,50.862451,4.68666,50.874992,4.708082999999999,2.050541610805123,1.788581552972376,0.0,0.7331536734168151,0.68006300528365,0.3847207927669023,0.6042544160428723,1.192946371024886,28.084617871983863,99.6,0.0,0.0,8.0,0.0,0.0,0.0,18.25,0.0,0.0,20.0,0.0,0.0,1.75,0.0,0.0,0.0,0.0,1817.7,0.0,0.0,-44.01073078425965,0.0,10,0.0,77778.0,257.986243268289,252.83095900383063,13.594601595948491,1306.9,33.8609402847354,6.216662947178067,14.10910283668834,16.73228007724384,0,,,18.25,20.0,10.0,0.0,0.0,0.0,0.0,0.0,0.0,0.0,0.0,0.0,1.0,1.0,0.0,0.0,0.0,789.0,90.11564659160534,0.247148288973384,1.0,0.0,0.0,0.0
BEV1_2024-11-21_drive4.csv,BEV1,51.516793559202085,50.874992,4.708082999999999,50.929486,5.324572,43.65355278902936,1.1801283118506876,0.0,0.9903193635940944,0.1388076297996183,0.0486239483265788,0.2127773457743588,0.0782203500066067,61.898286219734906,97.3,0.0,0.0,13.0,0.0,0.0,0.0,16.5,0.0,0.0,18.25,0.0,0.0,1.75,0.0,0.0,0.0,0.0,1605.45,0.0,0.0,-360.6175549144146,0.0,10,0.0,7232.0,237.16885684075456,252.83095900383063,11.87010905212606,1249.5,30.01280931242199,5.817749757123283,14.834020986385246,17.2795851762746,0,,,16.5,18.5,7232.0,0.0,0.0,0.0,0.0,0.0,0.0,0.0,0.0,0.0,1.0,1.0,0.0,0.0,0.0,3252.0,920.3460188255988,0.223846653671215,0.9464944649446494,0.0,0.0,0.0
BEV1_2024-11-22_drive1.csv,BEV1,7.915478459949508,50.929486,5.324572,50.929686,5.394582,4.906594545802975,1.613232637434916,0.0,0.9999897282841894,0.0045324746125034,0.0902012398985548,0.1967015227294171,0.1313387431003019,15.063607063058669,71.4,0.0,0.0,14.0,0.0,0.0,0.0,18.25,0.0,0.0,20.0,0.0,0.0,1.75,0.0,0.0,0.0,0.0,1303.0500000000002,0.0,0.0,-47.49287075969705,0.0,10,0.0,44125.0,237.07308818464583,248.99531290101453,15.525876112979835,1433.8,31.894671707982003,5.205025558328756,14.603995627525231,16.877308752712985,0,,,18.25,20.0,5.0,0.0,0.0,0.0,0.0,0.0,0.0,0.0,0.0,0.0,1.0,1.0,0.0,0.0,0.0,760.0,703.6832647037002,0.3169107856191744,0.988157894736842,0.0,0.0,0.0
BEV1_2024-11-22_drive2.csv,BEV1,52.85857387422733,50.929689,5.394577,50.862497,4.686623,50.21038492120611,1.0527418572308689,0.0,-0.9888670591422264,-0.1488016778917638,0.0320362547609194,0.113327859197195,0.0560555639603123,43.37708894628489,92.7,0.0,0.0,3.5,0.0,0.0,0.0,17.75,0.0,0.0,19.75,0.0,0.0,2.0,0.0,0.0,0.0,0.0,1645.425,0.0,0.0,-872.166468924751,0.0,10,0.0,7434.0,232.4314367884751,229.7460215090161,14.88519403663273,1365.8,32.06109186502646,5.07195051491792,14.943304022283218,17.176055470981524,0,,,17.75,19.75,6.0,0.0,0.0,0.0,0.0,0.0,0.0,0.0,0.0,0.0,1.0,1.0,0.0,0.0,0.0,3214.0,968.3552772203246,0.2922099632230023,0.9306160547604232,0.0,0.0,0.0
BEV1_2024-11-22_drive4.csv,BEV1,20.57829379038999,50.929486,5.324572,50.987508,5.521595,15.233202856400702,1.3508842483341172,0.0,0.9058808592166392,0.4235326066608372,0.0674266235165791,0.1567107958412663,0.1194083723998874,30.27455395894405,80.60000000000001,0.0,0.0,10.5,0.0,0.0,0.0,20.25,0.0,0.0,22.5,0.0,0.0,2.25,0.0,0.0,0.0,0.0,1632.15,0.0,0.0,-195.4937910087049,0.0,10,0.0,18894.0,239.6507834439747,248.99531290101453,20.0865645245329,1638.5,37.35667282718523,4.647974988622559,15.170175677138236,17.480958165210403,0,,,21.5,23.5,2981.0,0.0,0.0,0.0,0.0,0.0,0.0,0.0,0.0,0.0,1.0,1.0,0.0,0.0,0.0,2377.0,686.0106955474196,0.4893526405451448,0.9877997475809844,0.0,0.0,0.0
BEV1_2024-11-22_drive5.csv,BEV1,19.09168329828833,50.987508,5.521595,50.929483,5.324559,15.234169364736555,1.2532145889411597,0.0,-0.9058831843686274,-0.4235276334292197,0.076866594388037,0.1811977061056899,0.1796170901078261,30.20857159449855,71.4,0.0,0.0,1.5,0.0,0.0,0.0,11.0,0.0,0.0,13.0,0.0,0.0,2.0,0.0,0.0,0.0,0.0,785.4000000000001,0.0,0.0,-353.1961410183341,0.0,10,0.0,9637.0,236.7946642496088,233.1909926613885,20.67676348974465,1743.7,36.48745686090822,3.7920525396999984,15.02132389809118,17.38194659336855,0,,,12.75,16.0,8514.0,0.0,0.0,0.0,0.0,0.0,0.0,0.0,0.0,0.0,1.0,1.0,0.0,0.0,0.0,2230.0,529.2616341866632,0.431081081081081,0.9955156950672646,0.0,0.0,0.0
BEV1_2024-11-23_drive1.csv,BEV1,2.975686732997385,50.929484,5.324558,50.933221,5.341722,1.272619160636394,2.3382381980712474,0.0,0.9451901827789756,0.3265203184768858,0.1992058087562659,0.2565903165716434,0.4942310454945663,11.753142716619692,57.8,0.0,0.0,13.0,0.0,0.0,0.0,17.25,0.0,0.0,18.75,0.0,0.0,1.5,0.0,0.0,0.0,0.0,997.05,0.0,0.0,-20.829807130981692,0.0,10,0.0,56526.0,232.29979714747824,214.7461017195972,21.013941001789085,1826.3,35.540264024973624,3.543966355043355,15.027652699722594,17.330150040127716,0,,,17.25,18.75,8.0,0.0,0.0,0.0,0.0,0.0,0.0,0.0,0.0,0.0,1.0,1.0,0.0,0.0,0.0,889.0,136.07882233708833,0.4324324324324324,0.998875140607424,0.0,0.0,0.0
BEV1_2024-11-23_drive2.csv,BEV1,0.0768317688569679,50.93322,5.341722,50.933557,5.341101,0.0574286276883067,1.3378653112515853,0.0,-0.7577802903001956,0.6525097942809375,0.1214381101545966,0.0,0.1214381101545966,0.1214381101545966,56.8,0.0,0.0,7.0,0.0,0.0,0.0,17.25,0.0,0.0,19.0,0.0,0.0,1.75,0.0,0.0,0.0,0.0,979.8,0.0,0.0,-0.9988129951405826,0.0,10,0.0,110.0,234.4827974794032,214.7461017195972,18.91629367849203,1712.1,32.501156093421244,3.929222035873331,15.008179700308592,17.263804430640512,0,,,17.5,19.0,110.0,0.0,0.0,0.0,0.0,0.0,0.0,0.0,0.0,0.0,1.0,1.0,0.0,0.0,0.0,223.0,12.971862013229256,0.8468468468468469,0.9955156950672646,0.0,0.0,0.0
BEV1_2024-11-23_drive3.csv,BEV1,0.8635021837032789,50.933556,5.341093,50.939711,5.339678999999999,0.6915407677065297,1.2486641771924063,0.0,-0.1432786435261046,0.9896823886021816,0.3119525430072652,0.4152388638854783,0.8237973213459564,5.303193231123509,55.3,0.0,0.0,7.0,0.0,0.0,0.0,12.25,0.0,0.0,14.25,0.0,0.0,2.0,0.0,1.0,0.0,0.0,677.425,0.0,0.0,-11.225528388142626,0.0,10,0.0,11150.0,242.5538236813524,233.1909926613885,16.765525765237506,1536.4,28.70216024263557,4.34273459333493,15.515156921409048,17.66188620752088,0,,,15.0,16.75,7468.0,0.0,0.0,0.0,0.0,0.0,0.0,0.0,0.0,0.0,1.0,1.0,0.0,0.0,0.0,401.0,117.57877709875883,0.6925,0.9975062344139652,0.0,0.0,0.0
BEV1_2024-11-23_drive4.csv,BEV1,4.346160285894058,50.939712,5.339683,50.929467,5.324573,1.5552877355191632,2.7944413028135187,0.0,-0.6808048537735372,-0.7324648463089493,0.1456929826443995,0.2786503115447269,0.3135527447177625,12.96667545535156,54.3,0.0,0.0,7.0,0.0,0.0,0.0,11.75,0.0,0.0,13.5,0.0,0.0,1.75,0.0,0.0,0.0,0.0,638.025,0.0,0.0,-56.500083716622754,0.0,10,0.0,2781.0,244.73393566265364,253.47843988805005,16.40776562966705,1511.9,27.0062472134908,4.5984902494090125,15.56786203812626,17.689171823885793,0,,,12.0,13.75,2746.0,0.0,0.0,0.0,0.0,0.0,0.0,0.0,0.0,0.0,1.0,1.0,0.0,0.0,0.0,1037.0,507.68449674496094,0.6508704061895552,0.9971070395371264,0.0,0.0,0.0
BEV1_2024-11-24_drive1.csv,BEV1,4.286046805006736,50.929467,5.324573,50.944157,5.285927,3.1625272180629755,1.3552600529496497,0.0,-0.856285207559572,0.5165032849021008,0.1790390123199925,0.3422343823750656,0.4189223094257226,15.755433084159344,47.6,0.0,0.0,14.5,0.0,0.0,0.0,18.25,0.0,0.0,20.0,0.0,0.0,1.75,0.0,0.0,0.0,0.0,868.7,0.0,0.0,-23.573257427537047,0.0,10,0.0,58112.0,241.1679928438637,249.96947446324964,16.389056485219726,1518.4,26.836329491192323,5.1448855700952665,15.69173703391823,17.81920551782247,0,,,11.0,13.25,57977.0,0.0,0.0,0.0,0.0,0.0,0.0,0.0,0.0,0.0,1.0,1.0,0.0,0.0,0.0,599.0,486.7551197721141,0.4026845637583892,0.994991652754591,0.0,0.0,0.0
BEV1_2024-11-24_drive2.csv,BEV1,5.099727750463452,50.944154,5.285928,50.929487,5.324564,3.160606351340528,1.6135282865265623,0.0,0.8565837544103043,-0.5160080151318848,0.2328798718149656,0.4540170921005316,0.8712263393298696,23.986626796941465,46.3,0.0,0.0,16.0,0.0,0.0,0.0,19.0,0.0,0.0,20.75,0.0,0.0,1.75,0.0,0.0,0.0,0.0,879.6999999999999,0.0,0.0,-20.398911001853808,0.0,10,0.0,402.0,238.8152344638632,233.1909926613885,16.450905075851573,1499.4,27.73666400011056,6.399540222791678,15.794428774331212,17.89463256164885,0,,,18.75,20.75,403.0,0.0,0.0,0.0,0.0,0.0,0.0,0.0,0.0,0.0,1.0,1.0,0.0,0.0,0.0,626.0,501.71278108075,0.328,0.9984025559105432,0.0,0.0,0.0
BEV1_2024-11-25_drive1.csv,BEV1,0.1501305818370706,50.929533,5.324642,50.930028,5.324662,0.0550594088921067,2.7267016638566437,0.0,0.0254572967149273,0.9996759105049836,1.43704045713393,0.9990620289397226,2.2063553227484087,4.31112137140179,38.8,0.0,0.0,15.5,0.0,0.0,0.0,20.0,0.0,0.0,21.5,0.0,0.0,1.5,0.0,0.0,0.0,0.0,776.0,0.0,0.0,-0.6755876182668177,0.0,10,0.0,75107.0,231.16952043725183,211.20133768241797,11.809198494977704,1236.8,24.963524413503784,7.851784897645556,16.088980604709498,18.1329079913992,0,,,19.5,21.25,75107.0,0.0,0.0,0.0,0.0,0.0,0.0,0.0,0.0,0.0,1.0,1.0,0.0,0.0,0.0,135.0,21.036441202705053,0.6222222222222222,1.0,0.0,0.0,0.0
BEV1_2024-11-25_drive2.csv,BEV1,50.55618598664888,50.930022,5.324653,50.861908,4.685823,45.43929659460943,1.112609344235458,0.0,-0.986010692273547,-0.1666820767876397,0.0292721742931417,0.0944910547606736,0.0492495015490219,36.70730656359972,99.4,0.0,0.0,15.0,0.0,0.0,0.0,22.75,0.0,0.0,25.0,0.0,0.0,2.25,0.0,0.0,0.0,0.0,2261.35,0.0,0.0,-252.7809299332444,0.0,10,0.0,18228.0,233.36916333988532,234.9695546738308,11.032663707166462,1174.3,21.61641871667449,8.686489622055007,16.321306491700305,18.31211010732427,0,,,23.0,25.0,8.0,0.0,0.0,0.0,0.0,0.0,0.0,0.0,0.0,0.0,1.0,1.0,0.0,0.0,0.0,2757.0,967.8810364216328,0.2360031104199066,0.932898077620602,0.0,0.0,0.0
BEV1_2024-11-25_drive3.csv,BEV1,3.410905412585084,50.861908,4.685828,50.87503,4.7081,2.138174126115677,1.595242113784961,0.0,0.7309738050575312,0.6824055219000754,0.2970990854154336,0.4485421804163993,0.8480222242915126,20.202737808249484,77.7,0.0,0.0,10.0,0.0,0.0,0.0,23.75,0.0,0.0,25.75,0.0,0.0,2.0,0.0,0.0,0.0,0.0,1845.375,0.0,0.0,-34.10905412585084,0.0,10,0.0,1713.0,225.67928193578769,230.8412710059381,10.802424918408615,1128.6,22.296640802990854,9.30926237659666,16.972526024255785,18.941130111685403,0,,,25.0,27.0,1713.0,0.0,0.0,0.0,0.0,0.0,0.0,0.0,0.0,0.0,1.0,1.0,0.0,0.0,0.0,688.0,135.84140760171113,0.2838427947598253,0.998546511627907,0.0,0.0,0.0
BEV1_2024-11-25_drive4.csv,BEV1,45.14889719668942,50.875031,4.7081,50.929494,5.324566,43.65145558985351,1.034304505694055,0.0,0.9903294945635112,0.138735331468161,0.036966552908424,0.1710157291870983,0.0371740467168933,44.06413106684148,75.5,0.0,0.0,14.0,0.0,0.0,0.0,21.75,0.0,0.0,23.5,0.0,0.0,1.75,0.0,0.0,0.0,0.0,1642.125,0.0,0.0,-270.89338318013654,0.0,10,0.0,9980.0,227.863478558596,241.08715698973413,9.08569309916827,959.7,20.96356218205461,9.88799769753084,17.44835957569249,19.385042648267287,0,,,21.75,23.5,8.0,0.0,0.0,0.0,0.0,0.0,0.0,0.0,0.0,0.0,1.0,1.0,0.0,0.0,0.0,2976.0,941.9058730020045,0.3012658227848101,0.9290994623655914,0.0,0.0,0.0
BEV1_2024-11-26_drive1.csv,BEV1,22.99612995758933,50.929494,5.324566,50.994647,5.539561,16.709299844246853,1.376247369545354,0.0,0.9011187927881796,0.433572279192263,0.0660453770498833,0.1675030960400174,0.1107706726715043,32.29618937739295,52.8,0.0,0.0,14.5,0.0,0.0,0.0,19.5,0.0,0.0,21.25,0.0,0.0,1.75,0.0,0.0,0.0,0.0,1029.6,0.0,0.0,-126.4787147667413,0.0,10,0.0,49908.0,233.99286609439844,241.08715698973413,11.691414489008377,1034.4,23.34077039595251,10.707904978605892,18.47382879943816,20.43013542601572,0,,,23.0,25.0,49883.0,0.0,0.0,0.0,0.0,0.0,0.0,0.0,0.0,0.0,1.0,1.0,0.0,0.0,0.0,2176.0,766.0116754619154,0.3974001857010213,0.9898897058823528,0.0,0.0,0.0
BEV1_2024-11-26_drive2.csv,BEV1,22.6070859934332,50.994645,5.539562,50.929485,5.324573,16.70926029479988,1.3529674919522794,0.0,-0.90109588418145,-0.4336198882791829,0.0629812420053913,0.1659933801641573,0.0999007359589897,30.860808582641745,96.7,0.0,0.0,10.5,0.0,0.0,0.0,22.5,0.0,0.0,24.5,0.0,0.0,2.0,0.0,0.0,0.0,0.0,2175.75,0.0,0.0,-214.7673169376154,0.0,10,0.0,29033.0,231.27074035075265,241.08715698973413,13.69345881146757,1163.0,25.94123192896324,10.840863786003144,18.751184426415,20.73843049794716,0,,,22.5,24.5,5.0,0.0,0.0,0.0,0.0,0.0,0.0,0.0,0.0,0.0,1.0,1.0,0.0,0.0,0.0,2154.0,708.7038964242165,0.358286252354049,0.9860724233983288,0.0,0.0,0.0
BEV1_2024-11-28_drive1.csv,BEV1,23.411108600587127,50.929484,5.324574,50.99465,5.539458,16.702923126830864,1.4016174547903246,0.0,0.9009974661766936,0.4338243491819906,0.0792861606112845,0.2164639126638106,0.1188679172811779,39.405221823808425,77.4,0.0,0.0,14.5,0.0,0.0,0.0,19.5,0.0,0.0,21.25,0.0,0.0,1.75,0.0,0.0,0.0,0.0,1509.3000000000002,0.0,0.0,-128.7610973032292,0.0,10,0.0,138512.0,227.4284637296521,235.95666838038068,15.946484233925194,1356.1,29.59434207196792,11.054930937106011,19.20776489951333,21.267419366221738,0,,,19.5,21.25,4.0,0.0,0.0,0.0,0.0,0.0,0.0,0.0,0.0,0.0,1.0,1.0,0.0,0.0,0.0,2357.0,742.9888560289949,0.413527397260274,0.9910903691132796,0.0,0.0,0.0
BEV1_2024-11-28_drive2.csv,BEV1,15.56245491931212,50.99465,5.539458,50.929801,5.395458,12.397693485512074,1.2552701788843532,0.0,-0.8134524796121158,-0.5816313810420655,0.0785249405151162,0.205590900347289,0.1150346894108672,26.46290495359416,99.80000000000004,0.0,0.0,8.785714285714286,0.0,0.0,0.0,23.0,0.0,0.0,25.0,0.0,0.0,2.0,0.0,0.0,0.0,0.0,2295.400000000001,0.0,0.0,-174.52181588085733,0.0,10,0.0,154258.0,227.4284637296521,235.95666838038068,15.946484233925194,1356.1,29.59434207196792,11.054930937106011,19.20776489951333,21.267419366221738,0,,,20.0,22.0,13389.0,0.0,0.0,0.0,0.0,0.0,0.0,0.0,0.0,0.0,1.0,1.0,0.0,0.0,0.0,1181.0,726.0366700795137,0.2803095442820292,0.9847586790855208,0.0,0.0,0.0
BEV1_2024-11-28_drive3.csv,BEV1,15.259406776653297,50.929813,5.395447,50.994796,5.539632999999999,12.416943064540282,1.22891815621112,0.0,0.8132391079365882,0.5819296807368588,0.1096059074866368,0.3141795683306148,0.1882809124606322,37.26600854545653,93.9,0.0,0.0,10.0,0.0,0.0,0.0,19.0,0.0,0.0,21.0,0.0,0.0,2.0,0.0,0.0,0.0,0.0,1784.1,0.0,0.0,-152.59406776653296,0.0,10,0.0,10214.0,222.1385169099736,222.54611365412927,17.41637950748608,1434.0,33.56280934257454,11.26764616198558,20.255180223668457,22.361654281598376,0,,,22.75,25.0,10186.0,0.0,0.0,0.0,0.0,0.0,0.0,0.0,0.0,0.0,1.0,1.0,0.0,0.0,0.0,2357.0,705.973356591799,0.5835122370115929,0.9881204921510396,0.0,0.0,0.0
BEV1_2024-11-28_drive4.csv,BEV1,20.354688667787865,50.994796,5.539632999999999,50.935676,5.326251,16.32516964239684,1.2468286157913038,0.0,-0.9153399971593302,-0.4026818714573048,0.0893324323268119,0.2648531479393048,0.1652506741240088,37.34095671260741,86.7,0.0,0.0,8.5,0.0,0.0,0.0,18.75,0.0,0.0,20.5,0.0,0.0,1.75,0.0,0.0,0.0,0.0,1625.625,0.0,0.0,-234.07891967956044,0.0,10,0.0,6245.0,223.73077724330216,222.54611365412927,18.507704156562006,1566.0,34.38515093901337,11.512486941324306,21.011834915358783,23.13484179477453,0,,,19.5,21.75,6235.0,0.0,0.0,0.0,0.0,0.0,0.0,0.0,0.0,0.0,1.0,1.0,0.0,0.0,0.0,2308.0,566.9012699784586,0.4227925184862984,0.996100519930676,0.0,0.0,0.0
BEV1_2024-11-28_drive5.csv,BEV1,3.37061638478869,50.935675,5.326251,50.929483,5.324572,0.6985013873035684,4.82549705133774,0.0,-0.1684500428304877,-0.9857101922321828,0.198296867842876,0.3517187571904197,0.6451811034308486,13.484187013315571,79.4,0.0,0.0,7.0,0.0,0.0,0.0,17.0,0.0,0.0,18.75,0.0,0.0,1.75,0.0,1.0,0.0,0.0,1349.8000000000002,0.0,0.0,-43.81801300225297,0.0,10,0.0,6773.0,221.4585816422091,222.54611365412927,20.114568342840112,1736.9,34.98705595276274,10.670808730245929,21.00492535855209,23.16294571782924,0,,,18.5,20.75,6774.0,0.0,0.0,0.0,0.0,0.0,0.0,0.0,0.0,0.0,1.0,1.0,0.0,0.0,0.0,600.0,340.97527327631394,0.4123539232053422,0.9983333333333332,0.0,0.0,0.0
BEV1_2024-11-29_drive1.csv,BEV1,22.86084343878949,50.929483,5.324572,50.994808,5.539461999999999,16.710956257414292,1.3680152761244064,0.0,0.9005879706032021,0.4346737940166236,0.0842938589317373,0.2428613581428527,0.1111042553354194,41.97834174800519,75.0,0.0,0.0,15.0,0.0,0.0,0.0,19.0,0.0,0.0,20.5,0.0,0.0,1.5,0.0,0.0,0.0,0.0,1425.0,0.0,0.0,-114.30421719394744,0.0,10,0.0,39319.0,222.72691429845892,222.54611365412927,19.94165720627264,1734.3,34.077987426049496,9.64688581935442,20.761409054089256,22.93175880372128,1,211.86173538705887,2177.0,19.0,20.5,5.0,0.0,0.0,0.0,0.0,0.0,0.0,0.0,0.0,0.0,0.0,0.0,0.0,0.0,0.0,2278.0,750.9435457199567,0.3880729862038273,0.9863915715539948,0.0,0.0,0.0
BEV1_2024-11-29_drive2.csv,BEV1,22.84088172049701,50.994808,5.539461999999999,50.92948,5.324559,16.711921632452057,1.366741792047626,0.0,-0.9005904554585094,-0.4346686456797116,0.0812969015411353,0.2279438470532665,0.107189719156538,40.56715386902652,95.7,0.0,0.0,5.5,0.0,0.0,0.0,16.75,0.0,0.0,19.0,0.0,0.0,2.25,0.0,0.0,0.0,0.0,1602.975,0.0,0.0,-331.19278494720663,0.0,10,0.0,74625.0,222.72691429845892,222.54611365412927,19.94165720627264,1734.3,34.077987426049496,9.64688581935442,20.761409054089256,22.93175880372128,1,205.24538197222952,2155.0,16.75,19.0,6.0,0.0,0.0,0.0,0.0,0.0,0.0,0.0,0.0,0.0,0.0,0.0,0.0,0.0,0.0,2204.0,695.9457056535879,0.3710865561694291,0.985480943738657,0.0,0.0,0.0
BEV1_2024-11-30_drive1.csv,BEV1,2.1273332183568323,50.929481,5.324558,50.927592,5.340042,1.1053382388078588,1.9245993159987176,0.0,0.9817782699672908,-0.1900300729359258,0.2243290644209669,0.2919186970059183,0.4690719876864681,9.421820705680611,82.7,0.0,0.0,15.0,0.0,0.0,0.0,19.0,0.0,0.0,21.0,0.0,0.0,2.0,0.0,0.0,0.0,0.0,1571.3,0.0,0.0,-10.63666609178416,0.0,10,0.0,64341.0,218.99132475731804,208.5535586796442,22.210732320138632,1941.2,37.40970649091968,8.571239853805917,20.352384110778598,22.61352469742669,0,,,19.0,21.0,9.0,0.0,0.0,0.0,0.0,0.0,0.0,0.0,0.0,0.0,1.0,1.0,0.0,0.0,0.0,513.0,148.29244414809375,0.4502923976608187,1.0,0.0,0.0,0.0
BEV1_2024-11-30_drive2.csv,BEV1,1.7383013299221637,50.927593,5.340036,50.939703,5.339678999999999,1.3468047994518912,1.2906854286750389,0.0,-0.0185755328679179,0.999827459904294,0.1834636208238607,0.2454932532961345,0.3912361110957715,6.237763108011265,82.0,0.0,0.0,11.0,0.0,0.0,0.0,19.25,0.0,0.0,20.75,0.0,0.0,1.5,0.0,0.0,0.0,0.0,1578.5,0.0,0.0,-15.644711969299474,0.0,10,0.0,655.0,211.34275644704823,201.7143590582059,17.36784704330943,1716.9,32.29770731036632,8.786688000553678,19.91815950780228,22.09917167096783,0,,,19.25,21.0,655.0,0.0,0.0,0.0,0.0,0.0,0.0,0.0,0.0,0.0,1.0,1.0,0.0,0.0,0.0,1756.0,170.59031090175546,0.8666666666666667,0.9994305239179956,0.0,0.0,0.0
BEV1_2024-11-30_drive3.csv,BEV1,2.6206382524999947,50.939704,5.339682,50.936464,5.335122999999999,0.4815035469971117,5.4426146366803705,0.0,-0.6634472434037985,-0.7482230651482892,0.3117496775228016,0.4627518441146487,1.03625714356028,16.522732908708484,80.9,0.0,0.0,7.5,0.0,0.0,0.0,18.0,0.0,0.0,19.75,0.0,0.0,1.75,0.0,0.0,0.0,0.0,1456.2,0.0,0.0,-32.75797815624993,0.0,10,0.0,1894.0,211.6885260708698,201.7143590582059,17.200579616502992,1823.8,30.87145107960879,8.80006266720936,19.464528584021963,21.588191077999504,0,,,18.0,19.75,25.0,0.0,0.0,0.0,0.0,0.0,0.0,0.0,0.0,0.0,1.0,1.0,0.0,0.0,0.0,705.0,359.2089800916494,0.5988620199146515,0.997163120567376,0.0,0.0,0.0
BEV1_2024-11-30_drive4.csv,BEV1,4.622642464359817,50.936464,5.335124,50.929494,5.324554,1.0720771910894622,4.311855995800277,0.0,-0.6909281665260314,-0.7229234182823079,0.1624704215725249,0.2405934974641673,0.6294249246441465,15.10974920624482,79.7,0.0,0.0,13.0,0.0,0.0,0.0,17.5,0.0,0.0,19.5,0.0,0.0,2.0,0.0,0.0,0.0,0.0,1394.75,0.0,0.0,-32.358497250518724,0.0,10,0.0,3440.0,203.87856874714657,197.56787135193588,12.94775372208405,1596.6,26.74986166480182,8.44138975265852,19.010365548009048,21.099452105515734,0,,,17.5,19.5,6.0,0.0,0.0,0.0,0.0,0.0,0.0,0.0,0.0,0.0,1.0,1.0,0.0,0.0,0.0,1124.0,430.9318863765276,0.571301247771836,0.998220640569395,0.0,0.0,0.0
BEV1_2024-12-01_drive1.csv,BEV1,4.357176777094713,50.929501,5.324547,50.9442,5.285778,3.17042448301949,1.3743196850867645,0.0,-0.8568701033266444,0.5155323714617597,0.1758360343663829,0.3346847462067132,0.4137632853496301,15.4735710242417,70.2,0.0,0.0,15.5,0.0,0.0,0.0,19.5,0.0,0.0,21.25,0.0,0.0,1.75,0.0,0.0,0.0,0.0,1368.9,0.0,0.0,-19.60729549692621,0.0,10,0.0,94193.0,201.4680381454686,193.1501237684799,11.1104049727611,1491.5,24.425034333269295,8.670091598339614,18.79100071788967,20.87846881809609,0,,,19.5,21.25,6.0,0.0,0.0,0.0,0.0,0.0,0.0,0.0,0.0,0.0,1.0,1.0,0.0,0.0,0.0,724.0,397.1764541588908,0.4362880886426593,0.9972375690607734,0.0,0.0,0.0
BEV1_2024-12-01_drive2.csv,BEV1,3.646660294539616,50.9442,5.28578,50.95158,5.313845,2.130502152039158,1.7116435630207198,0.0,0.9228428615072484,0.385176651635472,0.2387574372367398,0.4258382697623215,0.4831839736932009,17.19053548104527,68.7,0.0,0.0,11.0,0.0,0.0,0.0,19.5,0.0,0.0,21.25,0.0,0.0,1.75,0.0,0.0,0.0,0.0,1339.65,0.0,0.0,-32.81994265085655,0.0,10,0.0,382.0,199.9040088727636,188.54374659995497,9.28541405112725,1348.5,22.812008202784625,9.087549502989077,18.530412226294686,20.58122926111627,0,,,19.5,21.5,382.0,0.0,0.0,0.0,0.0,0.0,0.0,0.0,0.0,0.0,1.0,1.0,0.0,0.0,0.0,1165.0,289.2604754911791,0.6592274678111588,1.0,0.0,0.0,0.0
BEV1_2024-12-01_drive3.csv,BEV1,5.767033181966827,50.951581,5.313845,50.970318,5.359613,3.823024242975597,1.5085002907222314,0.0,0.8384506751803475,0.5449774906265573,0.2053497751220177,0.3684648479009748,0.6899627494405938,23.61522413903204,67.5,0.0,0.0,9.0,0.0,0.0,0.0,19.0,0.0,0.0,20.75,0.0,0.0,1.75,0.0,0.0,0.0,0.0,1282.5,0.0,0.0,-63.4373650016351,0.0,10,0.0,2064.0,201.78436734177916,188.54374659995497,8.09383458865,1346.9,19.198072764406525,9.169414376864886,18.2197331725642,20.20581172738416,0,,,19.5,21.25,2065.0,0.0,0.0,0.0,0.0,0.0,0.0,0.0,0.0,0.0,1.0,1.0,0.0,0.0,0.0,942.0,280.9025882951222,0.3949044585987261,1.0,0.0,0.0,0.0
BEV1_2024-12-01_drive4.csv,BEV1,0.0243770251710282,50.970317,5.359614,50.970289,5.35973,0.0086988337488412,2.8023325740965466,0.0,0.933753326978017,-0.3579172032153306,0.0,0.0,0.0,0.0,65.5,0.0,0.0,7.0,0.0,0.0,0.0,18.5,0.0,0.0,20.25,0.0,0.0,1.75,0.0,0.0,0.0,0.0,1211.75,0.0,0.0,-0.3169013272233665,0.0,10,0.0,816.0,190.0878655932896,187.73794781586867,7.144597229181352,1205.4,19.07001688503724,9.018382528049315,18.202880831958204,20.171839306652565,0,,,18.5,20.5,816.0,0.0,0.0,0.0,0.0,0.0,0.0,0.0,0.0,0.0,1.0,1.0,0.0,0.0,0.0,45.0,2.0258742396564275,0.5681818181818182,0.9777777777777776,0.0,0.0,0.0
BEV1_2024-12-01_drive5.csv,BEV1,7.58499968536398,50.970291,5.359728,50.931391,5.318919,5.184803229447801,1.4629291314825477,0.0,-0.5513670094946098,-0.834262800825358,0.1130934281244294,0.3192338008895563,0.163488861231958,17.19020107491327,65.4,0.0,0.0,7.0,0.0,0.0,0.0,18.25,0.0,0.0,20.0,0.0,0.0,1.75,0.0,0.0,0.0,0.0,1193.5500000000002,0.0,0.0,-98.60499590973174,0.0,10,0.0,595.0,190.53005369323165,187.73794781586867,5.1115660649196695,979.1,16.087260507013617,9.03636689553368,18.21395705543157,20.140527050264517,0,,,18.25,20.25,165.0,0.0,0.0,0.0,0.0,0.0,0.0,0.0,0.0,0.0,1.0,1.0,0.0,0.0,0.0,1226.0,632.8991907743539,0.6130612244897959,0.9991843393148452,0.0,0.0,0.0
BEV1_2024-12-01_drive6.csv,BEV1,0.5482108985251086,50.93139,5.318919,50.92948,5.324578,0.4498823130159338,1.2185651283999073,0.0,0.881553140015562,-0.4720848031113722,0.3904597344356851,0.5069255929745875,0.9622872477251372,3.904597344356851,62.6,0.0,0.0,7.0,0.0,0.0,0.0,17.25,0.0,0.0,19.25,0.0,0.0,2.0,0.0,0.0,0.0,0.0,1079.85,0.0,0.0,-7.126741680826412,0.0,10,0.0,786.0,192.17696884990622,187.73794781586867,5.5330043949771985,1041.7,16.293683464725344,9.138479965972069,18.324737711868817,20.2597269056772,0,,,17.5,19.5,766.0,0.0,0.0,0.0,0.0,0.0,0.0,0.0,0.0,0.0,1.0,1.0,0.0,0.0,0.0,564.0,101.82739846995432,0.8152753108348135,0.99822695035461,0.0,0.0,0.0
BEV1_2024-12-02_drive1.csv,BEV1,16.556250084914954,50.92948,5.324578,50.817373,5.213515999999999,14.70121277014302,1.1261826043725702,0.0,-0.530092532573827,-0.8479398014655675,0.0604039265496683,0.1854538090665361,0.0621480193473058,21.74541355788061,57.90000000000001,0.0,0.0,14.0,0.0,0.0,0.0,18.75,0.0,0.0,20.5,0.0,0.0,1.75,0.0,0.0,0.0,0.0,1085.6250000000002,0.0,0.0,-99.33750050948971,0.0,10,0.0,46940.0,203.9430161264271,192.34432498439358,3.303737312780008,877.8,12.913245295675534,9.386533338927979,18.425753805621955,20.314447673040195,0,,,16.5,18.75,46941.0,0.0,0.0,0.0,0.0,0.0,0.0,0.0,0.0,0.0,1.0,1.0,0.0,0.0,0.0,1372.0,789.1110483410412,0.3093471810089021,0.9825072886297376,0.0,0.0,0.0
BEV1_2024-12-02_drive2.csv,BEV1,20.121603302760672,50.817374,5.213515,50.940181,5.346415,16.53527499106937,1.2168895475659316,0.0,0.5639011840102179,0.8258422698505292,0.0938420282678426,0.264698468586993,0.117763368128503,42.79196489013624,48.400000000000006,0.0,0.0,9.5,0.0,0.0,0.0,14.25,0.0,0.0,16.25,0.0,0.0,2.0,0.0,0.0,0.0,0.0,689.7,0.0,0.0,-211.27683467898703,0.0,10,0.0,30148.0,212.90123561618248,201.44855854287107,4.746628999435821,963.6,15.76721895207788,9.33196942775368,18.39560315766616,20.31211870651909,0,,,14.25,16.25,6.0,0.0,0.0,0.0,0.0,0.0,0.0,0.0,0.0,0.0,1.0,1.0,0.0,0.0,0.0,2147.0,653.9115185293876,0.3949739212897107,0.9823008849557522,0.0,0.0,0.0
BEV1_2024-12-02_drive3.csv,BEV1,3.883895766407592,50.940181,5.346415,50.926256,5.315593,2.657607061932893,1.4614258902453443,0.0,-0.8127402570515209,-0.5826261876776806,0.1999104895354772,0.3939313515319564,0.6230127133945618,15.59301818376722,40.2,0.0,0.0,10.0,0.0,0.0,0.0,14.5,0.0,0.0,16.25,0.0,0.0,1.75,0.0,0.0,0.0,0.0,582.9000000000001,0.0,0.0,-38.83895766407592,0.0,10,0.0,2050.0,211.47774650821015,201.44855854287107,6.584959196719671,1002.7,18.782019300354854,9.320311449431573,17.891714770814275,19.895979992637297,0,,,14.5,16.25,6.0,0.0,0.0,0.0,0.0,0.0,0.0,0.0,0.0,0.0,1.0,1.0,0.0,0.0,0.0,435.0,769.8754263176611,0.4087759815242494,0.9954022988505749,0.0,0.0,0.0
BEV1_2024-12-02_drive4.csv,BEV1,2.974798170786812,50.926258,5.315592,50.93172,5.326916,0.9993639566274036,2.976691475672177,0.0,0.7941406030329143,0.6077340722836916,0.2554355369219581,0.5919065470402173,0.6702251155953924,15.070696678395526,38.6,0.0,0.0,9.5,0.0,0.0,0.0,15.0,0.0,0.0,16.75,0.0,0.0,1.75,0.0,0.0,0.0,0.0,579.0,0.0,0.0,-31.235380793261527,0.0,10,0.0,394.0,212.62554510506672,210.82160591363467,6.71128494811043,975.8,20.64526450849837,9.599674618135918,17.586256639982864,19.59214036116914,0,,,14.75,16.75,395.0,0.0,0.0,0.0,0.0,0.0,0.0,0.0,0.0,0.0,1.0,1.0,0.0,0.0,0.0,435.0,423.4629958067632,0.4470046082949309,0.9977011494252872,0.0,0.0,0.0
BEV1_2024-12-02_drive5.csv,BEV1,2.9099498614575228,50.93172,5.326912,50.929821,5.324383999999999,0.275637974333468,10.557144270466347,0.0,-0.6427507759004678,-0.7660753488263061,0.2925553468690921,0.5404081795209831,1.0300477978356202,16.96821011840734,37.6,0.0,0.0,9.5,0.0,0.0,0.0,15.75,0.0,0.0,17.25,0.0,0.0,1.5,0.0,0.0,0.0,0.0,592.2,0.0,0.0,-30.55447354530399,0.0,10,0.0,775.0,212.1433715972262,210.82160591363467,6.546511638261127,906.9,21.61805888817953,9.403155968047107,17.323772644060334,19.32271192080217,0,,,15.75,17.25,12.0,0.0,0.0,0.0,0.0,0.0,0.0,0.0,0.0,0.0,1.0,1.0,0.0,0.0,0.0,1487.0,437.8177615247703,0.7605917955615333,1.0,0.0,0.0,0.0
BEV1_2024-12-02_drive6.csv,BEV1,0.187058544421165,50.929821,5.324383999999999,50.92949,5.324574999999999,0.0391641809508229,4.776265962412122,0.0,0.3417899741548392,-0.9397763635925488,1.751101762326158,0.8133359155552848,2.580532905467536,5.253305286978474,62.8,0.0,0.0,8.5,0.0,0.0,0.0,22.0,0.0,0.0,23.75,0.0,0.0,1.75,0.0,0.0,0.0,0.0,1381.6,0.0,0.0,-2.151173260843397,0.0,10,0.0,5509.0,213.62996267358966,212.00032794051253,6.401788946697408,983.3,20.15804256085646,8.986186467850334,16.99195934191994,18.954562340870737,0,,,22.0,23.75,1.0,0.0,0.0,0.0,0.0,0.0,0.0,0.0,0.0,0.0,1.0,1.0,0.0,0.0,0.0,1144.0,19.98627705887626,0.9405594405594404,1.0,0.0,0.0,0.0
BEV1_2024-12-03_drive1.csv,BEV1,23.15474883364389,50.92949,5.324574999999999,50.994651,5.539452,16.702239206828484,1.386326021733504,0.0,0.9010049403713798,0.4338088258972683,0.0811959063370341,0.2299793292773264,0.1175597380041584,40.35436544950596,59.0,0.0,0.0,14.5,0.0,0.0,0.0,19.25,0.0,0.0,21.0,0.0,0.0,1.75,0.0,0.0,0.0,0.0,1135.75,0.0,0.0,-127.3511185850414,0.0,10,0.0,44786.0,213.62996267358966,212.00032794051253,6.401788946697408,983.3,20.15804256085646,8.986186467850334,16.99195934191994,18.954562340870737,0,,,19.25,21.25,6.0,0.0,0.0,0.0,0.0,0.0,0.0,0.0,0.0,0.0,1.0,1.0,0.0,0.0,0.0,2300.0,691.6279951766498,0.3548812664907652,0.9886956521739132,0.0,0.0,0.0
BEV1_2024-12-03_drive2.csv,BEV1,50.028050929031295,50.994651,5.539452,50.929484,5.324574,16.70259261730463,2.995226673803922,0.0,-0.900990127172789,-0.4338395910208765,0.0531630349974447,0.1781667821383294,0.0655952537226867,61.77544666703077,99.1,0.0,0.0,8.5,0.0,0.0,0.0,21.5,0.0,0.0,23.75,0.0,0.0,2.25,0.0,0.0,0.0,0.0,2130.65,0.0,0.0,-575.3225856838599,0.0,10,0.0,20594.0,215.7168557331994,214.99789725544088,8.352597800607835,1096.8,22.654790506535054,8.793951209139346,16.906439162584498,18.90611110970923,0,,,21.5,23.75,5.0,0.0,0.0,0.0,0.0,0.0,0.0,0.0,0.0,0.0,1.0,1.0,0.0,0.0,0.0,3727.0,901.2325976387726,0.3647450110864745,0.9680708344513012,0.0,0.0,0.0
BEV1_2024-12-03_drive3.csv,BEV1,6.416508521421283,50.929485,5.324573,50.959851,5.346672,3.714597711915042,1.7273764264807252,0.0,0.4168075936797827,0.9089947358763246,0.0923048281003431,0.2269406038510558,0.1113774529628386,12.091932481144951,78.0,0.0,0.0,10.0,0.0,0.0,0.0,25.75,0.0,0.0,27.75,0.0,0.0,2.0,0.0,0.0,0.0,0.0,2008.5,0.0,0.0,-64.16508521421284,0.0,10,0.0,1164.0,223.91919599384758,218.60452693267595,12.778699575314281,1375.3,25.284200922945764,8.785804031270967,17.276884158105513,19.366084342793222,0,,,26.0,28.0,1164.0,0.0,0.0,0.0,0.0,0.0,0.0,0.0,0.0,0.0,1.0,1.0,0.0,0.0,0.0,616.0,573.1874401923285,0.218954248366013,0.9935064935064936,0.0,0.0,0.0
BEV1_2024-12-03_drive4.csv,BEV1,6.511285701934032,50.959852,5.346669,50.929493,5.324567,3.713977760555545,1.7531838157695536,0.0,-0.4169337206587023,-0.9089368914163904,0.0883922906138587,0.1983924299201772,0.1157362891084603,11.579390070415489,75.9,0.0,0.0,7.0,0.0,0.0,0.0,24.5,0.0,0.0,26.5,0.0,0.0,2.0,0.0,0.0,0.0,0.0,1859.55,0.0,0.0,-84.64671412514241,0.0,10,0.0,2830.0,220.8541605595464,214.99789725544088,13.41792586878243,1432.5,28.831272724518413,8.942395307522986,18.01886146766791,20.13962567180457,0,,,24.5,26.5,6.0,0.0,0.0,0.0,0.0,0.0,0.0,0.0,0.0,0.0,1.0,1.0,0.0,0.0,0.0,1060.0,503.0200187588823,0.4098205854579792,0.9990566037735849,0.0,0.0,0.0
BEV1_2024-12-04_drive1.csv,BEV1,4.844253518656052,50.929496,5.324565,50.939997,5.345922,1.8982256485599915,2.5519903402058333,0.0,0.7884240607847576,0.6151320999392512,0.2047527660856496,0.358579767529666,0.6745292853131482,20.065771076393663,61.7,0.0,0.0,13.0,0.0,0.0,0.0,17.0,0.0,0.0,18.5,0.0,0.0,1.5,0.0,0.0,0.0,0.0,1048.9,0.0,0.0,-33.90977463059236,0.0,10,0.0,88540.0,220.90689369101148,214.99789725544088,13.310565589947505,1415.9,28.81517848113014,8.964344981483368,18.632193154893656,20.77462963167178,0,,,20.75,22.5,70228.0,0.0,0.0,0.0,0.0,0.0,0.0,0.0,0.0,0.0,1.0,1.0,0.0,0.0,0.0,617.0,576.8412754875354,0.3571428571428571,0.9983792544570502,0.0,0.0,0.0
BEV1_2024-12-04_drive2.csv,BEV1,5.197846155371685,50.939998,5.345924999999999,50.944072,5.285461,4.260544956813964,1.2199956127815712,0.0,-0.994331272698718,0.1063264789850002,0.1523120687100884,0.2608109475153241,0.4991568994548074,15.992767214559285,59.8,0.0,0.0,8.5,0.0,0.0,0.0,15.75,0.0,0.0,17.75,0.0,0.0,2.0,0.0,0.0,0.0,0.0,941.85,0.0,0.0,-59.77523078677437,0.0,10,0.0,2260.0,218.10135484125337,211.2997238947367,13.740169851960596,1421.1,31.288388357562418,9.367010271975802,18.618519156554743,20.74145274075904,0,,,16.0,17.75,5.0,0.0,0.0,0.0,0.0,0.0,0.0,0.0,0.0,0.0,1.0,1.0,0.0,0.0,0.0,591.0,438.6059436671984,0.3140916808149406,0.9966159052453468,0.0,0.0,0.0
BEV1_2024-12-04_drive3.csv,BEV1,4.900480115781585,50.94407,5.285457999999999,50.929492,5.324567,3.1839953994908474,1.5390977375674666,0.0,0.8607018435852327,-0.5091093560807752,0.1672397943665726,0.295682820132697,0.4789352209747657,16.556739642290687,57.40000000000001,0.0,0.0,6.5,0.0,0.0,0.0,14.75,0.0,0.0,16.5,0.0,0.0,1.75,0.0,0.0,0.0,0.0,846.6500000000002,0.0,0.0,-66.1564815630514,0.0,10,0.0,4732.0,216.143838103406,206.43327733588822,12.604336465785202,1343.0,30.108241820937828,8.991753503907777,18.307211440375365,20.427030438244618,0,,,14.75,16.5,5.0,0.0,0.0,0.0,0.0,0.0,0.0,0.0,0.0,0.0,1.0,1.0,0.0,0.0,0.0,733.0,475.1851758812689,0.4021887824897401,0.9972714870395636,0.0,0.0,0.0
BEV1_2024-12-05_drive1.csv,BEV1,15.08750863334356,50.929492,5.324567,50.81737,5.213519,14.702106035171456,1.0262141081862772,0.0,-0.5299934571278959,-0.8480017307774915,0.0602530282778298,0.1847192263520269,0.0650208101990139,21.69109018001873,51.8,0.0,0.0,14.0,0.0,0.0,0.0,17.75,0.0,0.0,19.5,0.0,0.0,1.75,0.0,0.0,0.0,0.0,919.45,0.0,0.0,-90.52505180006136,0.0,10,0.0,45546.0,216.46762835470082,206.43327733588822,11.082224147087294,1201.5,29.140980563912997,8.586208953994788,18.366954534241977,20.43091799509572,0,,,17.75,19.5,8.0,0.0,0.0,0.0,0.0,0.0,0.0,0.0,0.0,0.0,1.0,1.0,0.0,0.0,0.0,1354.0,817.4345277316525,0.3407012195121951,0.9689807976366324,0.0,0.0,0.0
BEV1_2024-12-05_drive2.csv,BEV1,14.900825090124094,50.817367,5.213517,50.929481,5.324561999999999,14.701240744071006,1.013576020522865,0.0,0.5300104124947513,0.8479911335899353,0.0574790613200415,0.1782664645069012,0.0609732121898734,20.634983013894917,42.0,0.0,0.0,6.5,0.0,0.0,0.0,9.0,0.0,0.0,10.75,0.0,0.0,1.75,0.0,0.0,0.0,0.0,378.0,0.0,0.0,-201.16113871667528,0.0,10,0.0,30735.0,221.9959545660548,206.43327733588822,12.202585433780891,1293.3,29.949921942726924,8.522791772114157,18.679951081179922,20.77396769210645,0,,,9.0,10.75,7.0,0.0,0.0,0.0,0.0,0.0,0.0,0.0,0.0,0.0,1.0,1.0,0.0,0.0,0.0,1394.0,780.6649722835413,0.3397626112759644,0.9670014347202296,0.0,0.0,0.0
BEV1_2024-12-05_drive3.csv,BEV1,8.112805583170315,50.929481,5.324561999999999,50.929635,5.394542,4.90447448937936,1.6541640905133868,0.0,0.9999939046461528,0.0034915140757478,0.0883525072458978,0.1986418391935748,0.1224277180397399,14.754868710064946,34.800000000000004,0.0,0.0,10.0,0.0,0.0,0.0,11.5,0.0,0.0,13.75,0.0,0.0,2.25,0.0,0.0,0.0,0.0,400.2000000000001,0.0,0.0,-81.12805583170315,0.0,10,0.0,178.0,226.91099450185718,211.2997238947367,13.395177006206623,1389.2,31.34181534241796,8.273847606044008,18.14940903444088,20.315130516427576,0,,,11.5,13.5,161.0,0.0,0.0,0.0,0.0,0.0,0.0,0.0,0.0,0.0,1.0,1.0,0.0,0.0,0.0,745.0,638.7995318136637,0.3333333333333333,0.9946308724832216,0.0,0.0,0.0
BEV1_2024-12-05_drive4.csv,BEV1,8.10389116773722,50.92964,5.394544,50.929481,5.324568999999999,4.904125783220056,1.6524639713494855,0.0,-0.999993501493235,-0.0036051312458003,0.0924223021689271,0.2438468335078452,0.1222413448238921,15.526946764379767,34.300000000000004,0.0,0.0,7.0,0.0,0.0,0.0,13.5,0.0,0.0,15.25,0.0,0.0,1.75,0.0,0.0,0.0,0.0,463.05000000000007,0.0,0.0,-105.35058518058386,0.0,10,0.0,522.0,224.6646400676304,209.4308466508166,13.915462578377902,1314.9,34.55329485167853,8.156617351693269,17.75170273156204,19.990103171123227,0,,,13.5,15.25,1.0,0.0,0.0,0.0,0.0,0.0,0.0,0.0,0.0,0.0,1.0,1.0,0.0,0.0,0.0,731.0,854.1080667495279,0.3705234159779614,0.9931600547195624,0.0,0.0,0.0
BEV1_2024-12-06_drive1.csv,BEV1,22.65256259734365,50.929484,5.324566,50.994652,5.539378,16.69847622355658,1.3565646526110944,0.0,0.9009354153195254,0.4339531972725104,0.079624921128449,0.2208540516414986,0.1123037676288225,39.57358580083919,30.9,0.0,0.0,13.0,0.0,0.0,0.0,13.25,0.0,0.0,14.5,0.0,0.0,1.25,0.0,0.0,0.0,0.0,409.425,0.0,0.0,-158.56793818140554,0.0,10,0.0,49419.0,224.6646400676304,209.4308466508166,13.915462578377902,1314.9,34.55329485167853,8.156617351693269,17.75170273156204,19.990103171123227,0,,,13.25,14.5,5.0,0.0,0.0,0.0,0.0,0.0,0.0,0.0,0.0,0.0,1.0,1.0,0.0,0.0,0.0,2241.0,835.8824678247082,0.4221014492753623,0.9852744310575636,0.0,0.0,0.0
BEV1_2024-12-06_drive2.csv,BEV1,23.419796569713945,50.994653,5.539377,50.929476,5.324559,16.699290119317787,1.402442642913417,0.0,-0.9009167361940764,-0.4339919750933337,0.0799258344389919,0.2356722312560348,0.1064342498183914,39.80306555061797,64.60000000000001,0.0,0.0,8.5,0.0,0.0,0.0,14.5,0.0,0.0,18.25,0.0,0.0,3.75,0.0,0.0,0.0,0.0,936.7000000000002,0.0,0.0,-269.3276605517104,0.0,10,0.0,30205.0,228.24786941178624,213.10102045317177,13.865243954747879,1309.0,34.56799114873995,8.210268801536454,17.31405039935213,19.551783093949062,0,,,17.25,19.25,30205.0,0.0,0.0,0.0,0.0,0.0,0.0,0.0,0.0,0.0,1.0,1.0,0.0,0.0,0.0,2027.0,774.1095680290808,0.3326683291770573,0.989146521953626,0.0,0.0,0.0
BEV1_2024-12-06_drive3.csv,BEV1,4.301218358917444,50.929476,5.324559,50.951553,5.313891,2.5661305032526998,1.6761494995930384,0.0,-0.2912848238172965,0.9566363736622848,0.1741256505483234,0.3082331944265747,0.4533804478780064,15.671308549349112,56.0,0.0,0.0,12.0,0.0,0.0,0.0,17.75,0.0,0.0,19.25,0.0,0.0,1.5,0.0,0.0,0.0,0.0,994.0,0.0,0.0,-34.40974687133955,0.0,10,0.0,5566.0,218.58572827857083,200.98267083246236,11.20441851881614,1139.0,33.89431652560104,8.220824791042862,16.607359547941233,18.867942829097053,0,,,17.75,19.25,7.0,0.0,0.0,0.0,0.0,0.0,0.0,0.0,0.0,0.0,1.0,1.0,0.0,0.0,0.0,967.0,295.60055378869106,0.487551867219917,0.9968976215098242,0.0,0.0,0.0
BEV1_2024-12-06_drive4.csv,BEV1,5.094111559825946,50.951559,5.313886,50.9295,5.324563,2.564399673680908,1.98647333023324,0.0,0.2917272377460936,-0.956501551884279,0.1396484119124469,0.2471589605269921,0.3297464695895726,14.104489603157145,53.2,0.0,0.0,6.5,0.0,0.0,0.0,13.5,0.0,0.0,15.5,0.0,0.0,2.0,0.0,0.0,0.0,0.0,718.2,0.0,0.0,-68.77050605765028,0.0,10,0.0,16127.0,220.79025250738923,200.98267083246236,10.992876358722636,1174.1,31.75444386619672,8.341310834378472,15.786357470576974,18.011480963450005,0,,,18.0,19.5,16118.0,0.0,0.0,0.0,0.0,0.0,0.0,0.0,0.0,0.0,1.0,1.0,0.0,0.0,0.0,1229.0,367.7995538317636,0.6066775244299675,0.999186330349878,0.0,0.0,0.0
BEV1_2024-12-07_drive1.csv,BEV1,0.16719044917326,50.9295,5.324563,50.929849,5.324388,0.0406990140693768,4.107972956992564,0.0,-0.3013484646929777,0.953514081084902,1.5314265209621756,0.9443580624567344,2.4178390436928314,4.594279562886527,51.1,0.0,0.0,13.5,0.0,0.0,0.0,12.75,0.0,0.0,14.5,0.0,0.0,1.75,0.0,0.0,0.0,0.0,651.525,0.0,0.0,-1.0867379196261902,0.0,10,0.0,40936.0,221.75854883766448,209.03850181560745,10.851147825003759,1191.1,31.0348586324803,8.297237802302261,14.640030150299335,16.852642245827262,0,,,12.25,14.25,40936.0,0.0,0.0,0.0,0.0,0.0,0.0,0.0,0.0,0.0,1.0,1.0,0.0,0.0,0.0,288.0,21.55962030990247,0.7087719298245614,0.9895833333333334,0.0,0.0,0.0
BEV1_2024-12-07_drive3.csv,BEV1,97.3423327905946,50.832437,4.343037,50.742108,3.145098,84.80825608483829,1.1477931192597308,0.0,-0.9929621439164302,-0.1184321778440572,0.0292127582133215,0.1243983043401637,0.0328719122141737,70.49038556874493,72.5,0.0,0.0,8.0,0.0,0.0,0.0,24.0,0.0,0.0,26.0,0.0,0.0,2.0,0.0,0.0,0.0,0.0,1740.0,0.0,0.0,-1168.1079934871352,0.0,10,0.0,58201.0,221.75854883766448,209.03850181560745,10.851147825003759,1191.1,31.0348586324803,8.297237802302261,14.640030150299335,16.852642245827262,0,,,24.0,26.0,288.0,0.0,0.0,0.0,0.0,0.0,0.0,0.0,0.0,0.0,1.0,1.0,0.0,0.0,0.0,5641.0,955.3057943646936,0.2579425113464448,0.9374224428292856,0.0,0.0,0.0
BEV1_2024-12-07_drive4.csv,BEV1,39.17627146075792,50.742111,3.145093,50.701949,3.161351,4.61013949252811,8.497849473807227,0.0,0.2482558385395265,-0.968694502219888,0.1130133392268717,0.2808701221029415,0.298081651889324,91.3147780953124,54.6,0.0,0.0,6.5,0.0,0.0,0.0,41.5,0.0,0.0,52.0,0.0,0.0,10.5,0.0,0.0,0.0,0.0,2265.9,0.0,0.0,-528.8796647202319,0.0,10,0.0,650.0,262.1129497426962,221.15685143631686,20.100955752197613,1693.6,34.4230005585175,7.853012654265742,15.389698998550198,17.712612218935966,0,,,41.5,52.0,1.0,0.0,0.0,0.0,0.0,0.0,0.0,0.0,0.0,0.0,1.0,1.0,0.0,0.0,0.0,4618.0,514.8268006894309,0.361244019138756,0.9956691208315288,0.0,0.0,0.0
BEV1_2024-12-08_drive1.csv,BEV1,10.53069341154632,50.701951,3.161349,50.64727,3.077185,8.493744006222512,1.2398176120956248,0.0,-0.6982527935591061,-0.7158512668752528,0.086355388152142,0.2324444798409029,0.1774681097222523,18.220986900101973,39.3,0.0,0.0,7.5,0.0,0.0,0.0,14.0,0.0,0.0,15.75,0.0,0.0,1.75,0.0,0.0,0.0,0.0,550.1999999999999,0.0,0.0,-131.633667644329,0.0,10,0.0,20380.0,252.94624662371984,221.15685143631686,23.498791275957302,2096.3,34.3154629352735,7.7828005555624955,17.020445686346395,19.56662263497301,0,,,14.0,15.75,6.0,0.0,0.0,0.0,0.0,0.0,0.0,0.0,0.0,0.0,1.0,1.0,0.0,0.0,0.0,1471.0,451.6052923830616,0.5003403675970047,0.998640380693406,0.0,0.0,0.0
BEV1_2024-12-08_drive2.csv,BEV1,11.489126572663691,50.647268,3.077187,50.651298,2.984891,6.522738020389179,1.76139629351206,0.0,-0.997637321302551,0.0687006196789422,0.2531229561389336,0.4405782246049476,0.8569095084793377,58.97764878037154,35.4,0.0,0.0,7.0,0.0,0.0,0.0,7.25,0.0,0.0,9.0,0.0,0.0,1.75,0.0,1.0,0.0,0.0,256.65,0.0,0.0,-149.358645444628,0.0,10,0.0,40992.0,251.47434891766392,212.71053493442076,24.061812605533774,2170.2,34.4856505921808,7.956875108585876,16.916086267673126,19.470009021353846,0,,,13.0,15.0,40897.0,0.0,0.0,0.0,0.0,0.0,0.0,0.0,0.0,0.0,1.0,1.0,0.0,0.0,0.0,2103.0,327.3279070587308,0.4414285714285714,0.9985734664764622,0.0,0.0,0.0
BEV1_2024-12-08_drive3.csv,BEV1,36.44850394141952,50.651298,2.984891,50.805654,3.274445,26.644993574383257,1.3679306710909267,0.0,0.7648918577048354,0.644158711822518,0.0572862948326788,0.1815606713779372,0.1432088235683247,48.06320136461759,29.8,0.0,0.0,7.0,0.0,0.0,0.0,10.5,0.0,0.0,12.25,0.0,0.0,1.75,0.0,1.0,0.0,0.0,312.90000000000003,0.0,0.0,-473.8305512384537,0.0,10,0.0,7243.0,249.96712702660514,212.71053493442076,23.70197439946579,2245.1,32.44298134958739,7.746326894963305,15.964801459931937,18.466150960682974,0,,,9.5,11.25,7243.0,0.0,0.0,0.0,0.0,0.0,0.0,0.0,0.0,0.0,1.0,1.0,0.0,0.0,0.0,2450.0,804.7521234743006,0.2542301184433164,0.9648979591836736,0.0,0.0,0.0
BEV1_2024-12-08_drive4.csv,BEV1,135.382293465423,50.805647,3.274455,50.929497,5.324565,144.52317561017634,0.9367514441461684,0.0,0.995449922572434,0.0952861566573816,0.0179103799515044,0.0760812267156524,0.0293733224603265,62.41767413099299,85.5,0.0,0.0,9.0,0.0,0.0,0.0,43.25,0.0,0.0,48.5,0.0,0.0,5.25,0.0,0.0,0.0,0.0,3697.875,0.0,0.0,-1489.205228119653,0.0,10,0.0,2354.0,253.98892210862692,212.71053493442076,25.856742284595335,2350.7,33.95169180443083,7.76103339287202,16.365713790431105,18.955727506582,0,,,43.25,48.5,2.0,0.0,0.0,0.0,0.0,0.0,0.0,0.0,0.0,0.0,1.0,1.0,0.0,0.0,0.0,7163.0,1014.6611612304498,0.2096432889963724,0.923635348317744,0.0,0.0,0.0
BEV1_2024-12-09_drive1.csv,BEV1,21.308435472638948,50.9295,5.324561999999999,50.994654,5.539412,16.700195912722727,1.2759392514913863,0.0,0.9010018256637452,0.4338152949707953,0.0759982769495139,0.2422927650832267,0.1110462442188109,39.519104013747246,23.1,0.0,0.0,13.5,0.0,0.0,0.0,14.5,0.0,0.0,16.5,0.0,0.0,2.0,0.0,0.0,0.0,0.0,334.95000000000005,0.0,0.0,-138.50483057215317,0.0,10,0.0,52251.0,258.9674492214354,227.7533968941857,38.5836910728206,2992.5,36.839795306348826,7.946541386231827,17.945211592219312,20.714045824040607,0,,,14.5,16.5,6.0,0.0,0.0,0.0,0.0,0.0,0.0,0.0,0.0,0.0,1.0,1.0,0.0,0.0,0.0,1836.0,869.5185916327497,0.3708946772366931,0.9618736383442266,0.0,0.0,0.0
BEV1_2024-12-09_drive2.csv,BEV1,0.1313408741100557,50.994654,5.539412,50.994325,5.539535,0.0375823210205351,3.4947515359227177,0.0,0.229050089143588,-0.9734146375842692,1.1848373016273572,0.9492206048599896,1.944213785515349,2.3696746032547145,21.4,0.0,0.0,6.5,0.0,0.0,0.0,18.0,0.0,0.0,19.75,0.0,0.0,1.75,0.0,0.0,0.0,0.0,385.2,0.0,0.0,-1.7731018004857522,0.0,10,0.0,4803.0,260.2580169117829,227.7533968941857,38.449278360350135,2952.0,37.378302690688336,7.80553391867589,18.05714269293281,20.886678257467437,0,,,17.25,19.5,4804.0,0.0,0.0,0.0,0.0,0.0,0.0,0.0,0.0,0.0,1.0,1.0,0.0,0.0,0.0,138.0,40.91015754318753,0.7153284671532847,0.9927536231884058,0.0,0.0,0.0
BEV1_2024-12-09_drive3.csv,BEV1,15.248760891436206,50.994325,5.539535,50.929824,5.395066,12.4020354399081,1.229536955068498,0.0,-0.8158187830025426,-0.5783076286028487,0.0755562151065269,0.2046238435761476,0.1072620220193896,25.386888275793048,99.30000000000004,0.0,0.0,5.5,0.0,0.0,0.0,27.0,0.0,0.0,34.5,0.0,0.0,7.5,0.0,0.0,0.0,0.0,2681.1000000000013,0.0,0.0,-221.10703292582497,0.0,10,0.0,16848.0,260.2580169117829,227.7533968941857,38.449278360350135,2952.0,37.378302690688336,7.80553391867589,18.05714269293281,20.886678257467437,0,,,27.0,34.5,6.0,0.0,0.0,0.0,0.0,0.0,0.0,0.0,0.0,0.0,1.0,1.0,0.0,0.0,0.0,1161.0,787.0339157620997,0.2955145118733509,0.979328165374677,0.0,0.0,0.0
BEV1_2024-12-09_drive4.csv,BEV1,4.217337998749665,50.929824,5.395066,50.939977,5.346216999999999,3.6044813860906366,1.1700262942191866,0.0,-0.9496835258299322,0.3132111121388074,0.1376822679369354,0.2883612465234116,0.3877472543920873,11.70299277463951,93.2,0.0,0.0,15.0,0.0,0.0,0.0,17.5,0.0,0.0,19.75,0.0,0.0,2.25,0.0,0.0,0.0,0.0,1631.0,0.0,0.0,-21.086689993748323,0.0,10,0.0,6733.0,262.2734243195431,227.7533968941857,37.632174792522356,2865.4,37.94517120047431,7.634617138895857,19.23015929441906,22.355002250820394,0,,,17.5,19.75,9.0,0.0,0.0,0.0,0.0,0.0,0.0,0.0,0.0,0.0,1.0,1.0,0.0,0.0,0.0,579.0,570.3775606450831,0.4134948096885813,0.998272884283247,0.0,0.0,0.0
BEV1_2024-12-09_drive5.csv,BEV1,3.402812734967896,50.939977,5.346216999999999,50.933858,5.340065,0.8054704342338324,4.22462773348679,0.0,-0.5351972951231062,-0.8447270892382408,0.2448857728793347,0.5036767844859729,0.7483411657664382,16.65223255579476,91.2,0.0,0.0,7.0,0.0,0.0,0.0,16.0,0.0,0.0,18.25,0.0,0.0,2.25,0.0,0.0,0.0,0.0,1459.2,0.0,0.0,-44.23656555458265,0.0,10,0.0,1861.0,262.92673495518585,240.24166059258448,37.623786756505574,2826.5,38.96485340776564,7.4454744148331855,19.165982685284597,22.37462674614801,0,,,16.75,19.25,1861.0,0.0,0.0,0.0,0.0,0.0,0.0,0.0,0.0,0.0,1.0,1.0,0.0,0.0,0.0,642.0,410.3578099061824,0.4602184087363494,0.9984423676012462,0.0,0.0,0.0
BEV1_2024-12-09_drive6.csv,BEV1,4.664305114158527,50.933857,5.340057,50.929486,5.324571,1.1891286234333411,3.922456345127238,0.0,-0.9126549156469658,-0.4087309689091711,0.1156118738506787,0.2784807085508385,0.167050174649583,10.75190426811312,99.4,0.0,0.0,6.5,0.0,0.0,0.0,16.25,0.0,0.0,18.0,0.0,0.0,1.75,0.0,0.0,0.0,0.0,1615.25,0.0,0.0,-62.96811904114011,0.0,10,0.0,2346.0,263.3023401533348,243.33578245133708,37.45465687401977,2767.8,39.37729855865332,7.422291457770866,19.460604855312507,22.697165736314066,0,,,16.25,18.0,6.0,0.0,0.0,0.0,0.0,0.0,0.0,0.0,0.0,0.0,1.0,1.0,0.0,0.0,0.0,609.0,656.9640565959884,0.4325657894736842,0.9983579638752051,0.0,0.0,0.0
BEV1_2024-12-10_drive1.csv,BEV1,4.196019424480998,50.929486,5.324571,50.939655,5.339982,1.5636019956066636,2.683559778172949,0.0,0.6906749551035356,0.7231653382130044,0.1533990607920494,0.3345248493301159,0.3298422866787046,12.732122045740102,92.7,0.0,0.0,14.0,0.0,0.0,0.0,18.25,0.0,0.0,20.0,0.0,0.0,1.75,0.0,0.0,0.0,0.0,1691.775,0.0,0.0,-25.176116546885986,0.0,10,0.0,56712.0,248.79482514621466,237.92485358886574,28.18685410637617,2264.5,35.91996603656625,7.3727041370401185,18.611512297581037,21.749587799918178,0,,,18.25,20.0,5.0,0.0,0.0,0.0,0.0,0.0,0.0,0.0,0.0,0.0,1.0,1.0,0.0,0.0,0.0,475.0,589.568001023793,0.3459915611814346,0.9978947368421052,0.0,0.0,0.0
BEV1_2024-12-10_drive2.csv,BEV1,20.169027045577828,50.939655,5.339982,50.994611,5.539781,15.267569398450725,1.3210371945402442,0.0,0.9164062894224136,0.4002493131874726,0.0670897240915175,0.2100045648014787,0.1424224172433265,30.39164501345744,91.0,0.0,0.0,9.5,0.0,0.0,0.0,18.0,0.0,0.0,19.75,0.0,0.0,1.75,0.0,0.0,0.0,0.0,1638.0,0.0,0.0,-211.7747839785672,0.0,10,0.0,513.0,256.3986170747671,237.92485358886574,24.688828902748476,1850.2,36.040068728174575,7.832715619792166,17.224228032825117,20.134702602496496,0,,,18.25,20.25,514.0,0.0,0.0,0.0,0.0,0.0,0.0,0.0,0.0,0.0,1.0,1.0,0.0,0.0,0.0,1444.0,783.5355953362947,0.2512455516014235,0.9729916897506924,0.0,0.0,0.0
BEV1_2024-12-10_drive3.csv,BEV1,19.12195887669556,50.994611,5.539782,50.933616,5.340978,15.486666403855356,1.2347369264656731,0.0,-0.8990007382894244,-0.4379471115957608,0.0627523533341636,0.1615806994542174,0.0955172260420421,25.54020780700459,80.9875,0.0,0.0,7.0,0.0,0.0,0.0,14.5,0.0,0.0,16.25,0.0,0.0,1.75,0.0,0.0,0.0,0.0,1174.31875,0.0,0.0,-248.5854653970423,0.0,10,0.0,24934.0,255.59836913268148,237.92485358886574,25.65266226615163,1847.5,38.487710371537716,7.79708133649566,17.73267407964858,20.681182849994332,0,,,14.5,16.25,6.0,0.0,0.0,0.0,0.0,0.0,0.0,0.0,0.0,0.0,1.0,1.0,0.0,0.0,0.0,1507.0,769.9668735834816,0.2827400940228341,0.9880557398805574,0.0,0.0,0.0
BEV1_2024-12-10_drive4.csv,BEV1,2.75423758046269,50.933615,5.34097,50.929485,5.324553,1.2387796412801075,2.223347469301777,0.0,-0.9287461977118792,-0.3707161990468273,0.2800147706717855,0.4587643564330154,0.6393205612243816,15.400812386948203,73.2,0.0,0.0,6.0,0.0,0.0,0.0,12.25,0.0,0.0,14.0,0.0,0.0,1.75,0.0,1.0,0.0,0.0,896.7,0.0,0.0,-38.559326126477664,0.0,10,0.0,8227.0,252.02121347532437,237.20067979215725,26.41594549655481,1787.9,41.086814105298785,7.665376211741413,18.314234967685362,21.345247212827623,0,,,13.5,15.75,6707.0,0.0,0.0,0.0,0.0,0.0,0.0,0.0,0.0,0.0,1.0,1.0,0.0,0.0,0.0,489.0,192.27554233222767,0.3312883435582822,1.0,0.0,0.0,0.0
BEV1_2024-12-11_drive1.csv,BEV1,53.449639948137374,50.929485,5.324553,50.861926,4.686033999999999,45.407786071564026,1.1771029722501587,0.0,-0.9862200817034452,-0.1654386606717111,0.0453063308444498,0.1743953511887074,0.0652293021458004,63.564782174763145,68.4,0.0,0.0,14.0,0.0,0.0,0.0,17.5,0.0,0.0,19.25,0.0,0.0,1.75,0.0,0.0,0.0,0.0,1197.0,0.0,0.0,-320.6978396888243,0.0,10,0.0,41830.0,247.627342611356,237.20067979215725,23.046518860459138,1591.7,37.75900548739389,7.5290232485382855,18.124520619200563,21.005117953035544,0,,,12.0,13.75,41723.0,0.0,0.0,0.0,0.0,0.0,0.0,0.0,0.0,0.0,1.0,1.0,0.0,0.0,0.0,5115.0,776.3291394237921,0.406678959229666,0.9542521994134896,0.0,0.0,0.0
BEV1_2024-12-11_drive2.csv,BEV1,33.1233241870254,50.861925,4.686033999999999,50.833066,4.348307,23.926972613007692,1.384350821257604,0.0,-0.990965718432392,-0.134115416309138,0.0874680402714788,0.2561815655162662,0.1384116244335533,64.63888176062287,44.40000000000001,0.0,0.0,4.5,0.0,0.0,0.0,8.75,0.0,0.0,11.5,0.0,0.0,2.75,0.0,1.0,0.0,0.0,388.5000000000001,0.0,0.0,-513.4115248988937,0.0,10,0.0,26864.0,232.86303121286699,237.20067979215725,14.85325350873057,1387.0,34.71625631968596,7.137239778123717,17.13271838742663,19.798957312066825,0,,,17.0,19.0,22911.0,0.0,0.0,0.0,0.0,0.0,0.0,0.0,0.0,0.0,1.0,1.0,0.0,0.0,0.0,5965.0,582.935818115844,0.4699407281964436,0.9899413243922884,0.0,0.0,0.0
BEV1_2024-12-11_drive3.csv,BEV1,65.1644500743098,50.833066,4.348307,50.929478,5.324564,69.32393644706691,0.9399992760663104,0.0,0.9879704258938422,0.1546429356910299,0.0367149727563749,0.1591388359848869,0.0466110443326738,62.70917346788847,88.7,0.0,0.0,23.0,0.0,0.0,0.0,27.0,0.0,0.0,29.0,0.0,0.0,2.0,0.0,0.0,0.0,0.0,2394.9,0.0,0.0,195.4933502229294,0.0,10,0.0,12176.0,232.71722537642316,237.20067979215725,16.034742380169213,1799.9,32.53913170815097,6.834755723488561,16.850352268163718,19.443816585703836,0,,,27.0,29.0,1.0,0.0,0.0,0.0,0.0,0.0,0.0,0.0,0.0,0.0,1.0,1.0,0.0,0.0,0.0,4494.0,1001.9004477836788,0.3364219529579472,0.9365821094793058,0.0,0.0,0.0
BEV1_2024-12-12_drive1.csv,BEV1,8.295354783141214,50.929478,5.324564,50.929668,5.394569,4.906240589006764,1.690776192616464,0.0,0.9999907284434838,0.0043061615239917,0.1296633868901157,0.3202824157653604,0.2074782655040085,22.691092705770245,54.3,0.0,0.0,14.5,0.0,0.0,0.0,19.25,0.0,0.0,21.0,0.0,0.0,1.75,0.0,0.0,0.0,0.0,1045.275,0.0,0.0,-45.62445130727667,0.0,10,0.0,53339.0,232.71722537642316,237.20067979215725,16.034742380169213,1799.9,32.53913170815097,6.834755723488561,16.850352268163718,19.443816585703836,0,,,19.25,21.0,6.0,0.0,0.0,0.0,0.0,0.0,0.0,0.0,0.0,0.0,1.0,1.0,0.0,0.0,0.0,954.0,669.9044581266528,0.3917634635691658,0.9926624737945492,0.0,0.0,0.0
BEV1_2024-12-12_drive2.csv,BEV1,54.08384903812128,50.929669,5.394567,50.8619,4.686061,50.25857277210211,1.0761119159384989,0.0,-0.9886957666084024,-0.1499355898065009,0.0289088127974503,0.0949734046463004,0.0562984949133881,39.08471490215281,90.4,0.0,0.0,4.0,0.0,0.0,0.0,23.0,0.0,0.0,24.75,0.0,0.0,1.75,0.0,0.0,0.0,0.0,2079.2000000000003,0.0,0.0,-865.3415846099405,0.0,10,0.0,8307.0,232.79912605831186,237.20067979215725,15.339401769339716,1779.2,30.94194759555206,6.8415277331879025,16.044429662257667,18.232418134757193,0,,,18.25,20.5,8308.0,0.0,0.0,0.0,0.0,0.0,0.0,0.0,0.0,0.0,1.0,1.0,0.0,0.0,0.0,3204.0,1003.2353846914712,0.3061088977423639,0.9400749063670412,0.0,0.0,0.0
BEV1_2024-12-12_drive3.csv,BEV1,59.57543177162592,50.861898,4.68606,50.929485,5.324561999999999,45.40713869698986,1.312027876699822,0.0,0.9862081812059648,0.1655095867991421,0.0520320641778785,0.1945947474862814,0.078983426703418,74.14569145347687,99.6,0.0,0.0,4.5,0.0,0.0,0.0,22.5,0.0,0.0,24.75,0.0,0.0,2.25,0.0,0.0,0.0,0.0,2241.0,0.0,0.0,-923.4191924602018,0.0,10,0.0,21209.0,232.79912605831186,237.20067979215725,15.339401769339716,1779.2,30.94194759555206,6.8415277331879025,16.044429662257667,18.232418134757193,0,,,21.75,24.0,9697.0,0.0,0.0,0.0,0.0,0.0,0.0,0.0,0.0,0.0,1.0,1.0,0.0,0.0,0.0,5531.0,771.4857116037358,0.3994408201304753,0.9699873440607484,0.0,0.0,0.0
BEV1_2025-01-07_drive1.csv,BEV1,18.03917442613263,50.929484,5.324561999999999,50.817403,5.213339,14.70475247846098,1.2267581145997388,0.0,-0.5307329942451109,-0.8475390780486874,0.0606623615561007,0.18548778713982,0.0691473318093433,21.838450160196253,71.2,0.0,0.0,12.5,0.0,0.0,0.0,11.5,0.0,0.0,12.75,0.0,0.0,1.25,0.0,0.0,0.0,0.0,818.8000000000001,0.0,0.0,-135.29380819599473,0.0,10,0.0,2213900.0,232.12269261595515,232.36059245182446,20.875211146627343,2274.5,32.20051498150781,6.406579223676678,16.29979894087481,18.491661221067993,0,,,11.5,12.75,6.0,0.0,0.0,0.0,0.0,0.0,0.0,0.0,0.0,0.0,1.0,1.0,0.0,0.0,0.0,1274.0,676.962892927125,0.1963864886095836,0.999215070643642,0.0,0.0,0.0
BEV1_2025-01-07_drive2.csv,BEV1,21.04809868238911,50.817401,5.213341,50.939712,5.339582,16.230175937064168,1.2968496930660165,0.0,0.5457185528744253,0.8379685322544297,0.0580334247474758,0.1968487986955621,0.0835633146617267,24.37403839393988,58.3,0.0,0.0,3.0,0.0,0.0,0.0,8.0,0.0,0.0,9.5,0.0,0.0,1.5,0.0,0.0,0.0,0.0,466.4,0.0,0.0,-357.81767760061484,0.0,10,0.0,31811.0,232.15282071151324,232.36059245182446,22.338847315743813,2337.7,35.38774377906488,6.404025734090501,15.906454419953453,18.07226953703988,0,,,8.0,9.5,6.0,0.0,0.0,0.0,0.0,0.0,0.0,0.0,0.0,0.0,1.0,1.0,0.0,0.0,0.0,1740.0,650.348069083353,0.3063218390804598,1.0,0.0,0.0,0.0
BEV1_2025-01-07_drive3.csv,BEV1,4.760707267445054,50.939717,5.339588,50.929494,5.32458,1.548633562077163,3.0741341166980627,0.0,-0.6791143867356185,-0.7340324582255916,0.2074261076188502,0.4221754763190651,0.6589768071441459,19.70548022379077,49.2,0.0,0.0,4.0,0.0,0.0,0.0,12.25,0.0,0.0,13.5,0.0,0.0,1.25,0.0,0.0,0.0,0.0,602.7,0.0,0.0,-76.17131627912086,0.0,10,0.0,2315.0,230.784394983278,228.45295553343368,23.97722667256687,2450.8,36.98731685022489,6.135343002087668,15.27042837113073,17.47989931061839,0,,,12.25,13.5,8.0,0.0,0.0,0.0,0.0,0.0,0.0,0.0,0.0,0.0,1.0,1.0,0.0,0.0,0.0,1065.0,282.6307871865732,0.5488721804511278,0.9990610328638496,0.0,0.0,0.0
BEV1_2025-01-08_drive1.csv,BEV1,18.04879465067064,50.929494,5.32458,50.817446,5.213337999999999,14.702348021795157,1.227613074041957,0.0,-0.5309101685499408,-0.8474281048739613,0.061937362113089,0.190633811820982,0.0645067374687185,22.297450360712062,42.5,0.0,0.0,11.5,0.0,0.0,0.0,16.0,0.0,0.0,17.5,0.0,0.0,1.5,0.0,0.0,0.0,0.0,680.0,0.0,0.0,-153.41475453070043,0.0,10,0.0,49726.0,231.64937007448265,232.75636607139973,24.033695456863278,2509.9,35.42009353506684,5.484394869530991,14.671677149253615,16.840710164040434,1,234.17393137584665,1276.0,12.75,14.25,49522.0,0.0,0.0,0.0,0.0,0.0,0.0,0.0,0.0,0.0,0.0,0.0,0.0,0.0,0.0,1437.0,699.7327009052891,0.2345163535142658,1.0,0.0,0.0,0.0
BEV1_2025-01-08_drive2.csv,BEV1,18.03646671859013,50.817445,5.21334,50.930005,5.324642,14.752830312627417,1.2225767080878132,0.0,0.5293759396739853,0.8483873611118243,0.0573010866466791,0.1766427573675862,0.0612210500945291,20.62839119280448,30.200000000000006,0.0,0.0,3.0,0.0,0.0,0.0,10.25,0.0,0.0,12.0,0.0,0.0,1.75,0.0,0.0,0.0,0.0,309.55000000000007,0.0,0.0,-306.6199342160322,0.0,10,0.0,31120.0,231.804997608766,232.75636607139973,23.82167221737256,2509.1,34.91723332234553,5.2680754083777215,14.399073674330097,16.554240852325773,0,,,10.25,12.0,1200.0,0.0,0.0,0.0,0.0,0.0,0.0,0.0,0.0,0.0,1.0,1.0,0.0,0.0,0.0,2229.0,570.7903775082453,0.3476895468820098,1.0,0.0,0.0,0.0
BEV1_2025-01-08_drive3.csv,BEV1,0.1561441263416996,50.930005,5.324643,50.929484,5.324564,0.0581965985249729,2.683045578251381,0.0,-0.095135730891592,-0.9954643101124836,1.6741899908063556,0.5523084538108027,2.1456010556585694,5.022569972419067,86.7,0.0,0.0,1.0,0.0,0.0,0.0,16.5,0.0,0.0,19.0,0.0,0.0,2.5,0.0,0.0,0.0,0.0,1430.55,0.0,0.0,-2.9667384004922925,0.0,10,0.0,15466.0,234.8923740290885,233.08781347712193,23.713123001562018,2581.3,33.26402605288787,4.97636213059633,14.188371088648372,16.33604512385653,0,,,16.5,19.0,1.0,0.0,0.0,0.0,0.0,0.0,0.0,0.0,0.0,0.0,1.0,1.0,0.0,0.0,0.0,823.0,6.439601600296792,0.9100850546780072,1.0,0.0,0.0,0.0
BEV1_2025-01-09_drive1.csv,BEV1,18.040459517625514,50.929484,5.324564,50.817249,5.213235,14.72322036301408,1.225306629448039,0.0,-0.530573327782533,-0.8476390410108355,0.0632496405812217,0.1912101153238135,0.0710009119328475,22.76987060923982,76.80000000000003,0.0,0.0,12.0,0.0,0.0,0.0,17.75,0.0,0.0,19.5,0.0,0.0,1.75,0.0,0.0,0.0,0.0,1363.2000000000005,0.0,0.0,-144.3236761410041,0.0,10,0.0,48773.0,234.8923740290885,233.08781347712193,23.713123001562018,2581.3,33.26402605288787,4.97636213059633,14.188371088648372,16.33604512385653,2,227.00929433590434,1357.0,15.25,17.5,32483.0,0.0,0.0,0.0,0.0,0.0,0.0,0.0,0.0,0.0,0.0,0.0,0.0,0.0,0.0,1712.0,288.5578809340012,0.1717289719626168,1.0,0.0,0.0,0.0
BEV1_2025-01-09_drive2.csv,BEV1,17.98531112293834,50.817247,5.213235,50.929484,5.324557,14.723148363170203,1.221566928438241,0.0,0.5305425729524204,0.8476582909905535,0.0590097588460815,0.1775139212123756,0.056362572120498,21.18450342574327,66.0,0.0,0.0,1.5,0.0,0.0,0.0,7.5,0.0,0.0,9.0,0.0,0.0,1.5,0.0,1.0,0.0,0.0,495.0,0.0,0.0,-332.7282557743593,0.0,10,0.0,31009.0,231.6986649771904,231.670248172675,25.241745195278302,2703.6,35.03184456890513,4.617244477246773,14.614164084107799,16.773111323030687,0,,,6.5,8.25,2390.0,0.0,0.0,0.0,0.0,0.0,0.0,0.0,0.0,0.0,1.0,1.0,0.0,0.0,0.0,1908.0,458.3447310585317,0.3592029365495542,0.999475890985325,0.0,0.0,0.0
BEV1_2025-01-12_drive1.csv,BEV1,0.1404951282191682,50.929484,5.324555999999999,50.92985,5.324377,0.0425870092071557,3.2990137329381035,0.0,-0.2945715381605179,0.9556294307448608,0.985330469762082,0.8808425731209399,1.6900045282588338,1.970660939524164,51.3,0.0,0.0,11.5,0.0,0.0,0.0,10.75,0.0,0.0,12.0,0.0,0.0,1.25,0.0,0.0,0.0,0.0,551.475,0.0,0.0,-1.1942085898629298,0.0,10,0.0,249904.0,226.1104575989155,225.5936384502965,21.695312312758393,2382.9,34.661364984627276,4.253126974743322,13.685495857130736,15.829043564146744,0,,,10.75,12.0,6.0,0.0,0.0,0.0,0.0,0.0,0.0,0.0,0.0,0.0,1.0,1.0,0.0,0.0,0.0,545.0,4.49507777133261,0.8579335793357934,0.9944954128440368,0.0,0.0,0.0
BEV1_2025-01-12_drive2.csv,BEV1,0.7159075157081026,50.929842,5.324387,50.929482,5.324559,0.0418058166261269,17.124591109187666,0.0,0.2883411826635702,-0.9575277345226996,0.6184240871393005,0.543227589738126,1.3678406733167716,8.657937219950208,98.6,0.0,0.0,4.4,0.0,0.0,0.0,21.0,0.0,0.0,22.75,0.0,0.0,1.75,0.0,0.0,0.0,0.0,2070.6,0.0,0.0,-11.1681572450464,0.0,10,0.0,10295.0,222.64121582899543,225.5936384502965,18.39702940687777,1840.9,32.755273572357716,4.942202777489209,13.505518481565122,15.57448096987827,0,,,21.0,22.75,1.0,0.0,0.0,0.0,0.0,0.0,0.0,0.0,0.0,0.0,1.0,1.0,0.0,0.0,0.0,549.0,26.29240979620823,0.6666666666666666,1.0,0.0,0.0,0.0
BEV1_2025-01-13_drive1.csv,BEV1,18.037143161097383,50.929482,5.32456,50.817394,5.213337999999999,14.705375429345995,1.2265680157408647,0.0,-0.5307058023066299,-0.8475561051624112,0.0609765689667897,0.1880860733568743,0.0692923623643115,21.95156482804432,96.9,0.0,0.0,12.0,0.0,0.0,0.0,12.75,0.0,0.0,14.5,0.0,0.0,1.75,0.0,0.0,0.0,0.0,1235.475,0.0,0.0,-144.29714528877906,0.0,10,0.0,61847.0,222.64121582899543,225.5936384502965,18.39702940687777,1840.9,32.755273572357716,4.942202777489209,13.505518481565122,15.57448096987827,3,215.79738701189785,1475.6666666666667,12.75,14.5,9.0,0.0,0.0,0.0,0.0,0.0,0.0,0.0,0.0,0.0,0.0,0.0,0.0,0.0,0.0,1298.0,628.1929624107867,0.1733436055469953,1.0,0.0,0.0,0.0
BEV1_2025-01-13_drive2.csv,BEV1,17.993681658512198,50.817394,5.213337999999999,50.929489,5.324557,14.705923122894104,1.223566960614647,0.0,0.5306716831140675,0.8475774682829191,0.0580634825435212,0.1788717513100323,0.0553130306247886,20.84479023312412,86.80000000000001,0.0,0.0,1.5,0.0,0.0,0.0,7.75,0.0,0.0,9.5,0.0,0.0,1.75,0.0,0.0,0.0,0.0,672.7,0.0,0.0,-332.88311068247566,0.0,10,0.0,31476.0,224.6514616634884,228.95558371514664,19.37120824467339,1875.3,34.6269752099421,4.385626610768901,12.809907983759723,14.906382432541852,1,211.77951106869736,1910.0,7.75,9.5,6.0,0.0,0.0,0.0,0.0,0.0,0.0,0.0,0.0,0.0,0.0,0.0,0.0,0.0,0.0,1776.0,672.8469112330453,0.380281690140845,0.9994369369369368,0.0,0.0,0.0
BEV1_2025-01-14_drive1.csv,BEV1,17.71443128786747,50.929489,5.324557,50.817425,5.213346,14.70270228026346,1.2048418685350706,0.0,-0.530749578394699,-0.847528692749602,0.0602652207076418,0.1859576634187284,0.0579406464655999,21.69547945475108,74.2,0.0,0.0,11.5,0.0,0.0,0.0,15.75,0.0,0.0,17.5,0.0,0.0,1.75,0.0,1.0,0.0,0.0,1168.65,0.0,0.0,-150.57266594687349,0.0,10,0.0,53326.0,224.03106322141008,229.28703112086887,15.213033233362017,1499.7,34.396065117116216,4.218357622617934,11.633713633007432,13.729048218152537,0,,,9.75,12.0,53299.0,0.0,0.0,0.0,0.0,0.0,0.0,0.0,0.0,0.0,1.0,1.0,0.0,0.0,0.0,1553.0,675.962381997187,0.3385012919896641,0.9967804249839022,0.0,0.0,0.0
BEV1_2025-01-14_drive2.csv,BEV1,21.066630513377497,50.817423,5.213347,50.93973,5.339474,16.225437640588783,1.2983705573942863,0.0,0.5453847379703127,0.838185831178894,0.0595770306045512,0.1917944200163069,0.0859948265050629,25.081929884516093,58.5,0.0,0.0,1.0,0.0,0.0,0.0,7.75,0.0,0.0,9.75,0.0,0.0,2.0,0.0,1.0,0.0,0.0,453.375,0.0,0.0,-400.26597975417246,0.0,10,0.0,29885.0,222.37399746423725,223.36592387266995,15.180558919535503,1527.5,33.4103721211059,3.7353654106661884,12.012524741374616,14.114363890117781,1,216.83668766800176,1741.0,7.75,9.75,744.0,0.0,0.0,0.0,0.0,0.0,0.0,0.0,0.0,0.0,0.0,0.0,0.0,0.0,0.0,2310.0,588.3540856608236,0.4640692640692641,1.0,0.0,0.0,0.0
BEV1_2025-01-14_drive3.csv,BEV1,4.760403850581216,50.939729,5.339479,50.929492,5.324566,1.545266600279192,3.080635956100473,0.0,-0.676285896141519,-0.7366392513843275,0.2094139244018136,0.4258924095545683,0.6074626017507833,19.89432281817229,50.3,0.0,0.0,2.5,0.0,0.0,0.0,11.5,0.0,0.0,13.5,0.0,0.0,2.0,0.0,0.0,0.0,0.0,578.4499999999999,0.0,0.0,-83.30706738517128,0.0,10,0.0,1422.0,220.5588205038945,223.36592387266995,15.18241210263434,1584.6,32.33836557961381,3.633881534571708,11.931556958132585,14.028139511975208,1,269.8528864646343,1067.0,11.5,13.5,76.0,0.0,0.0,0.0,0.0,0.0,0.0,0.0,0.0,0.0,0.0,0.0,0.0,0.0,0.0,745.0,291.276529764669,0.336021505376344,0.9986577181208054,0.0,0.0,0.0
BEV1_2025-01-15_drive1.csv,BEV1,0.5763925739618555,50.929492,5.324566,50.931477,5.318684,0.4675961438141183,1.2326717865128216,0.0,-0.8815792492174139,0.4720360445445461,0.3396537135954792,0.5184147019545677,1.2938648978664822,3.736190849550271,40.6,0.0,0.0,12.0,0.0,0.0,0.0,16.25,0.0,0.0,17.75,0.0,0.0,1.5,0.0,0.0,0.0,0.0,659.75,0.0,0.0,-4.611140591694844,0.0,10,0.0,90339.0,218.63294978949284,220.00397860781982,15.182381760947957,1552.6,33.02629935623724,3.4364745166061965,11.853615203622363,13.984144802681499,0,,,11.5,13.5,90202.0,0.0,0.0,0.0,0.0,0.0,0.0,0.0,0.0,0.0,1.0,1.0,0.0,0.0,0.0,250.0,46.51698012074648,0.5180722891566265,0.996,0.0,0.0,0.0
BEV1_2025-01-15_drive2.csv,BEV1,0.5741735227405882,50.931473,5.318687,50.929482,5.324566,0.4677262832436712,1.2275844726080127,0.0,0.8808845852663225,-0.473331118182799,0.4159576817614943,0.5365643342972971,1.265246458493695,4.575534499376437,40.1,0.0,0.0,8.0,0.0,0.0,0.0,15.75,0.0,0.0,17.25,0.0,0.0,1.5,0.0,0.0,0.0,0.0,631.575,0.0,0.0,-6.890082272887058,0.0,10,0.0,1955.0,218.9465675733597,223.36592387266995,13.435141553277077,1434.0,29.331242997592444,3.9561328212589117,11.884950483854446,13.953376908310407,0,,,16.0,17.75,1955.0,0.0,0.0,0.0,0.0,0.0,0.0,0.0,0.0,0.0,1.0,1.0,0.0,0.0,0.0,158.0,55.91183581514125,0.2721518987341772,1.0,0.0,0.0,0.0
BEV1_2025-01-16_drive1.csv,BEV1,21.71713205758096,50.929481,5.324567,50.994641,5.539626999999999,16.71374225151015,1.299357841635899,0.0,0.901151830309562,0.4335036086697854,0.0888516051843914,0.2638076339856939,0.1584112385687706,38.56159665002591,35.800000000000004,0.0,0.0,12.0,0.0,0.0,0.0,16.25,0.0,0.0,18.0,0.0,0.0,1.75,0.0,0.0,0.0,0.0,581.7500000000001,0.0,0.0,-173.7370564606477,0.0,10,0.0,44781.0,217.46627249533282,223.36592387266995,11.688912233692125,1226.9,27.719541920468167,4.338883913818302,12.23921184268345,14.244004711000992,0,,,16.25,18.0,6.0,0.0,0.0,0.0,0.0,0.0,0.0,0.0,0.0,0.0,1.0,1.0,0.0,0.0,0.0,1894.0,304.67300469433627,0.1380222104706504,0.998416050686378,0.0,0.0,0.0
BEV1_2025-01-16_drive2.csv,BEV1,24.56000226915034,50.994641,5.539626999999999,50.929493,5.324564,16.713351443179157,1.4694839842653735,0.0,-0.901185356597954,-0.4334339085182636,0.0693921959257266,0.1960029691502604,0.1040965897657779,34.07156819953179,83.10000000000001,0.0,0.0,3.5,0.0,0.0,0.0,15.5,0.0,0.0,17.5,0.0,0.0,2.0,0.0,0.0,0.0,0.0,1288.0500000000002,0.0,0.0,-405.2400374409806,0.0,10,0.0,30974.0,213.93275511189165,223.36592387266995,12.056579487687667,1245.1,28.053883996304485,4.666010361151217,12.180410359707437,14.182310062462667,0,,,15.5,17.5,7.0,0.0,0.0,0.0,0.0,0.0,0.0,0.0,0.0,0.0,1.0,1.0,0.0,0.0,0.0,1860.0,568.3138016297188,0.2204301075268817,1.0,0.0,0.0,0.0
BEV1_2025-01-16_drive3.csv,BEV1,5.849857868760985,50.929493,5.324564,50.937614,5.361932,2.7699811841275594,2.1118763918981176,0.0,0.9453695986000809,0.3260004939301811,0.167054621071857,0.3539942363559519,0.3772046558772097,19.378336044335413,74.5,0.0,0.0,6.0,0.0,0.0,0.0,14.25,0.0,0.0,16.5,0.0,0.0,2.25,0.0,0.0,0.0,0.0,1061.625,0.0,0.0,-81.89801016265379,0.0,10,0.0,1317.0,209.36073392165267,223.36592387266995,12.714048602308868,1240.3,29.41242539702198,4.716916472140143,12.719622643408462,14.83285506277197,0,,,14.0,16.75,1308.0,0.0,0.0,0.0,0.0,0.0,0.0,0.0,0.0,0.0,1.0,1.0,0.0,0.0,0.0,694.0,317.86392326627634,0.1688311688311688,0.9985590778097982,0.0,0.0,0.0
BEV1_2025-01-16_drive4.csv,BEV1,5.719215439102749,50.937615,5.361933,50.92948,5.324566,2.770423152507281,2.0643833538305367,0.0,-0.94519360990212,-0.3265103976907921,0.1546613005568892,0.3363441779076902,0.5071308816951421,17.631388263485373,70.5,0.0,0.0,1.0,0.0,0.0,0.0,11.0,0.0,0.0,13.25,0.0,0.0,2.25,0.0,1.0,0.0,0.0,775.5,0.0,0.0,-108.66509334295225,0.0,10,0.0,11789.0,207.63746295981463,214.296805261643,13.28498487636305,1255.2,32.349933451949184,3.961047179722133,13.058579477940839,15.298934199462613,0,,,11.0,13.25,1.0,0.0,0.0,0.0,0.0,0.0,0.0,0.0,0.0,0.0,1.0,1.0,0.0,0.0,0.0,1251.0,281.6767002328164,0.5155875299760192,1.0,0.0,0.0,0.0
BEV1_2025-01-17_drive1.csv,BEV1,3.901828946773516,50.92948,5.324564,50.910496,5.343989,2.511993597537893,1.553279813530519,0.0,0.542060479686525,-0.8403394768556421,0.2449516284619339,0.5206303616234174,1.1315276312749163,19.10622702003085,58.2,0.0,0.0,11.5,0.0,0.0,0.0,16.0,0.0,0.0,17.75,0.0,0.0,1.75,0.0,0.0,0.0,0.0,931.2,0.0,0.0,-33.165546047574885,0.0,10,0.0,72511.0,206.94839277807097,214.296805261643,12.053192104163585,1250.5,28.995689921273208,3.8156190104054146,12.96602189328028,15.208796503758327,0,,,16.0,17.75,6.0,0.0,0.0,0.0,0.0,0.0,0.0,0.0,0.0,0.0,1.0,1.0,0.0,0.0,0.0,668.0,237.0339163918109,0.2949101796407186,1.0,0.0,0.0,0.0
BEV1_2025-01-17_drive2.csv,BEV1,3.737035834408285,50.910499,5.343986,50.929494,5.324565,2.5128694919667494,1.4871587427659907,0.0,-0.5417598559562841,0.8405333178846788,0.1737230568515502,0.3432918051451352,0.5313611728379685,12.855506207014717,55.90000000000001,0.0,0.0,0.0,0.0,0.0,0.0,12.25,0.0,0.0,14.5,0.0,0.0,2.25,0.0,1.0,0.0,0.0,684.7750000000002,0.0,0.0,-74.74071668816569,0.0,10,0.0,6226.0,202.6827030262924,214.296805261643,10.644006832989719,1139.7,27.450013455078675,3.9075546337849216,13.740011028918914,15.917497105980754,0,,,15.25,17.0,6217.0,0.0,0.0,0.0,0.0,0.0,0.0,0.0,0.0,0.0,1.0,1.0,0.0,0.0,0.0,961.0,246.066039269958,0.5296566077003122,1.0,0.0,0.0,0.0
BEV1_2025-01-18_drive1.csv,BEV1,7.348130191261768,50.929494,5.324565,50.929486,5.324564,0.0008923171239919,8234.886447531893,0.0,-0.0785411612889087,-0.996910871634666,0.2008292152382144,0.4084721208484602,0.8094403643090677,29.321065424779302,49.6,0.0,0.0,11.5,0.0,0.0,0.0,15.75,0.0,0.0,17.25,0.0,0.0,1.5,0.0,0.0,0.0,0.0,781.2,0.0,0.0,-62.45910662572503,0.0,10,0.0,48479.0,204.09923455951156,229.28661714244,9.2462672876438,1080.5,24.744759147629257,3.6628664006709597,13.393826281841882,15.573361479505897,0,,,11.75,14.0,48479.0,0.0,0.0,0.0,0.0,0.0,0.0,0.0,0.0,0.0,1.0,1.0,0.0,0.0,0.0,1818.0,243.4241879447585,0.5360484314804623,0.9994499449944996,0.0,0.0,0.0
BEV1_2025-01-18_drive2.csv,BEV1,1.0778839338645403,50.929486,5.324564,50.926171,5.3155,0.7344594422163684,1.467588095282463,0.0,-0.8649363243064948,-0.5018816144223357,0.3442223981869256,0.471705033387044,0.902471637137296,7.228670361925438,44.400000000000006,0.0,0.0,11.5,0.0,0.0,0.0,15.25,0.0,0.0,17.0,0.0,0.0,1.75,0.0,0.0,0.0,0.0,677.1000000000001,0.0,0.0,-9.162013437848591,0.0,10,0.0,28411.0,204.19699815158236,229.28661714244,7.874417255432228,1031.2,22.918763314385696,3.7734156367785623,13.978861800475546,16.10702178401318,0,,,15.25,17.0,14.0,0.0,0.0,0.0,0.0,0.0,0.0,0.0,0.0,0.0,1.0,1.0,0.0,0.0,0.0,388.0,54.01968219747325,0.4521963824289405,0.9974226804123713,0.0,0.0,0.0
BEV1_2025-01-18_drive3.csv,BEV1,5.862633469797833,50.92617,5.315497,50.929426,5.370148,3.847352433474357,1.5238098331697607,0.0,0.9955623743031612,0.0941039790436758,0.1447973644472378,0.3910085174691975,0.2545492738860939,16.941291640326828,43.400000000000006,0.0,0.0,3.6,0.0,0.0,0.0,14.25,0.0,0.0,16.0,0.0,0.0,1.75,0.0,0.0,0.0,0.0,618.45,0.0,0.0,-96.14718890468446,0.0,10,0.0,1438.0,207.099756047041,251.4854931567349,7.506165263760559,995.4,21.62212033203456,4.325686238725633,14.345584561270226,16.461790559199613,0,,,14.25,16.0,29.0,0.0,0.0,0.0,0.0,0.0,0.0,0.0,0.0,0.0,1.0,1.0,0.0,0.0,0.0,810.0,394.24864946404347,0.3441138421733505,0.9543209876543208,0.0,0.0,0.0
BEV1_2025-01-18_drive4.csv,BEV1,6.744666754168504,50.929426,5.370145,50.929493,5.324578,3.193511189777768,2.1119909570875364,0.0,-0.9999972788376872,0.0023328774551664,0.1156167439896233,0.2561703657860035,0.1787593865354388,15.492643694609532,40.5,0.0,0.0,1.5,0.0,0.0,0.0,11.5,0.0,0.0,13.25,0.0,0.0,1.75,0.0,1.0,0.0,0.0,465.75,0.0,0.0,-124.77633495211732,0.0,10,0.0,10535.0,207.099756047041,251.4854931567349,7.506165263760559,995.4,21.62212033203456,4.325686238725633,14.345584561270226,16.461790559199613,0,,,13.25,15.0,8287.0,0.0,0.0,0.0,0.0,0.0,0.0,0.0,0.0,0.0,1.0,1.0,0.0,0.0,0.0,856.0,372.9174047004371,0.375438596491228,0.9988317757009346,0.0,0.0,0.0
BEV1_2025-01-19_drive1.csv,BEV1,8.130325133543092,50.929495,5.324572,50.970343,5.359537,5.160444588160702,1.5755086591174736,0.0,0.4746485243280141,0.8801754247610181,0.0866578713948851,0.2832248043587941,0.1038479830553614,14.038575165971398,32.300000000000004,0.0,0.0,11.5,0.0,0.0,0.0,15.75,0.0,0.0,17.25,0.0,0.0,1.5,0.0,0.0,0.0,0.0,508.7250000000001,0.0,0.0,-69.10776363511629,0.0,10,0.0,55389.0,211.31983317888012,251.4854931567349,8.122992681781223,1056.0,23.62863247587603,3.36522566548807,13.859384650070314,16.026301048710103,0,,,15.75,17.25,6.0,0.0,0.0,0.0,0.0,0.0,0.0,0.0,0.0,0.0,1.0,1.0,0.0,0.0,0.0,1636.0,315.62894470041647,0.6036697247706422,0.9993887530562348,0.0,0.0,0.0
BEV1_2025-01-19_drive3.csv,BEV1,7.489279013297705,50.970175,5.359664,50.929488,5.324565,5.149172377148795,1.4544626718138105,0.0,-0.4775115177570445,-0.8786254892782043,0.0634187542916023,0.1696818433058699,0.1018026732489866,9.449394389448743,29.1,0.0,0.0,1.0,0.0,0.0,0.0,15.0,0.0,0.0,16.75,0.0,0.0,1.75,0.0,0.0,0.0,0.0,436.5,0.0,0.0,-142.2963012526564,0.0,10,0.0,914.0,209.96162473128982,227.4225321659653,8.878607842861474,1203.9,24.115501597424544,2.982230432114062,13.871131287384312,16.034746375527455,0,,,15.0,16.75,39.0,0.0,0.0,0.0,0.0,0.0,0.0,0.0,0.0,0.0,1.0,1.0,0.0,0.0,0.0,727.0,349.9932223030484,0.152892561983471,0.998624484181568,0.0,0.0,0.0
BEV1_2025-01-19_drive4.csv,BEV1,0.1598964372987068,50.929489,5.324565,50.930023,5.324657,0.0597272105848994,2.677112085645141,0.0,0.1079517425128948,0.9941561352667044,1.4827914377421731,0.992541924505242,2.3221482769858124,4.44837431322652,26.6,0.0,0.0,1.0,0.0,0.0,0.0,14.25,0.0,0.0,16.25,0.0,0.0,2.0,0.0,0.0,0.0,0.0,379.05,0.0,0.0,-3.038032308675429,0.0,10,0.0,114.0,216.58017110375104,227.4225321659653,7.455822538433148,1087.2,23.693309139844498,2.4461634354760613,13.765524367904641,15.92972694603931,0,,,14.25,16.25,5.0,0.0,0.0,0.0,0.0,0.0,0.0,0.0,0.0,0.0,1.0,1.0,0.0,0.0,0.0,1079.0,12.066489450711352,0.9428838951310862,0.989805375347544,0.0,0.0,0.0
BEV1_2025-01-19_drive5.csv,BEV1,0.1512139455552434,50.930024,5.324658,50.929485,5.324555,0.0603672917210909,2.504898617182998,0.0,-0.1195775382844,-0.9928248648869764,1.5104010796597969,0.4348638931005222,1.867728152242521,4.531203238979391,98.8,0.0,0.0,-1.5,0.0,0.0,0.0,15.5,0.0,0.0,17.5,0.0,0.0,2.0,0.0,0.0,0.0,0.0,1531.4,0.0,0.0,-3.251099829437733,0.0,10,0.0,26948.0,216.58017110375104,227.4225321659653,7.455822538433148,1087.2,23.693309139844498,2.4461634354760613,13.765524367904641,15.92972694603931,0,,,15.5,17.5,9.0,0.0,0.0,0.0,0.0,0.0,0.0,0.0,0.0,0.0,1.0,1.0,0.0,0.0,0.0,108.0,18.25345429213836,0.4629629629629629,1.0,0.0,0.0,0.0
BEV1_2025-01-20_drive1.csv,BEV1,6.591427930215117,50.929486,5.324554,50.959852,5.346658,3.714743720922623,1.774396412083582,0.0,0.4168855028961352,0.908959007587821,0.0962331011138725,0.2318166132425452,0.1094308576162399,12.606536245917296,92.9,0.0,0.0,11.0,0.0,0.0,0.0,15.75,0.0,0.0,17.5,0.0,0.0,1.75,0.0,0.0,0.0,0.0,1463.1750000000002,0.0,0.0,-59.32285137193605,0.0,10,0.0,66305.0,230.86625880921818,251.4854931567349,5.014954825581706,912.0,19.440112081025603,2.0219075854231097,13.874359442604376,16.00297418751963,0,,,15.25,17.75,66305.0,0.0,0.0,0.0,0.0,0.0,0.0,0.0,0.0,0.0,1.0,1.0,0.0,0.0,0.0,855.0,273.9188028508828,0.2693208430913349,0.9988304093567252,0.0,0.0,0.0
BEV1_2025-01-20_drive2.csv,BEV1,6.573218372898084,50.959853,5.346659,50.929485,5.324568,3.7145662835396185,1.769578968620382,0.0,-0.4166602225843759,-0.9090622964989464,0.087133202882386,0.1879283192018283,0.1232946393548994,11.414449577592572,90.5,0.0,0.0,2.0,0.0,0.0,0.0,13.5,0.0,0.0,15.75,0.0,0.0,2.25,0.0,1.0,0.0,0.0,1221.75,0.0,0.0,-118.3179307121655,0.0,10,0.0,1649.0,231.26981255492106,251.4854931567349,5.089124975570162,928.2,19.178886296525512,2.1231440214009254,13.993774836776785,16.068225272532604,0,,,14.75,16.75,1649.0,0.0,0.0,0.0,0.0,0.0,0.0,0.0,0.0,0.0,1.0,1.0,0.0,0.0,0.0,1182.0,312.67617425941864,0.5182049110922947,0.9991539763113368,0.0,0.0,0.0
BEV1_2025-01-21_drive1.csv,BEV1,17.930360694715315,50.929485,5.324568,50.817445,5.213350999999999,14.70066334201266,1.2196973889928209,0.0,-0.5308517393669112,-0.8474647077083063,0.0599594537810796,0.1863671866388987,0.0618067143022557,21.58540336118867,82.4,0.0,0.0,11.3,0.0,0.0,0.0,16.0,0.0,0.0,17.75,0.0,0.0,1.75,0.0,0.0,0.0,0.0,1318.4,0.0,0.0,-155.99413804402323,0.0,10,0.0,55281.0,236.07886771574482,259.27461308523107,5.1745252689496954,921.4,19.53299714907324,2.246200217332377,14.230991092088363,16.28912197854628,0,,,16.0,17.75,6.0,0.0,0.0,0.0,0.0,0.0,0.0,0.0,0.0,0.0,1.0,1.0,0.0,0.0,0.0,1280.0,733.7635478536537,0.2153484729835552,0.99765625,0.0,0.0,0.0
BEV1_2025-01-21_drive2.csv,BEV1,17.9885331393853,50.817444,5.213348,50.929479,5.324555999999999,14.699857247069607,1.2237216210362372,0.0,0.5308379291208365,0.847473358287269,0.0593887294222834,0.1751341947630193,0.0560426224843395,21.32055386259977,69.2,0.0,0.0,1.5,0.0,0.0,0.0,10.5,0.0,0.0,12.5,0.0,0.0,2.0,0.0,1.0,0.0,0.0,726.6,0.0,0.0,-332.78786307862805,0.0,10,0.0,30817.0,231.9549434197562,246.21044224704016,6.577378443743875,982.7,22.468404938891936,2.1044015212543394,14.214256352437669,16.318483018778373,0,,,10.5,12.5,2.0,0.0,0.0,0.0,0.0,0.0,0.0,0.0,0.0,0.0,1.0,1.0,0.0,0.0,0.0,1545.0,681.5822125835642,0.2841423948220065,1.0,0.0,0.0,0.0
BEV1_2025-01-22_drive1.csv,BEV1,18.018329459473,50.929479,5.324555999999999,50.817233,5.213336,14.72020181709748,1.2240545125233782,0.0,-0.5301626673141122,-0.8478959524531214,0.0617588346318092,0.1885113940690419,0.065285135853781,22.23318046745132,57.40000000000001,0.0,0.0,11.5,0.0,0.0,0.0,16.25,0.0,0.0,18.0,0.0,0.0,1.75,0.0,0.0,0.0,0.0,932.7500000000002,0.0,0.0,-153.15580040552052,0.0,10,0.0,49626.0,225.51495409855477,222.8633170325901,8.002528174241577,1041.2,25.256013978944814,2.4302078073274154,14.20506746898408,16.34223933003468,0,,,13.5,15.75,49626.0,0.0,0.0,0.0,0.0,0.0,0.0,0.0,0.0,0.0,1.0,1.0,0.0,0.0,0.0,1288.0,698.0636512211219,0.2158385093167701,1.0,0.0,0.0,0.0
BEV1_2025-01-22_drive2.csv,BEV1,18.00787228353013,50.817232,5.213337999999999,50.930022,5.32465,14.774913499804809,1.21881405828657,0.0,0.5286333153046912,0.8488502918359462,0.0645705123768787,0.2255868406942653,0.0554945753940306,23.24538445567636,47.7,0.0,0.0,7.5,0.0,0.0,0.0,10.25,0.0,0.0,12.0,0.0,0.0,1.75,0.0,1.0,0.0,0.0,488.925,0.0,0.0,-225.09840354412665,0.0,10,0.0,31157.0,224.49411219881728,222.8633170325901,9.069548101062699,988.2,28.83401062297517,2.555174031026197,14.329218601773047,16.508453091150486,0,,,15.25,17.5,31147.0,0.0,0.0,0.0,0.0,0.0,0.0,0.0,0.0,0.0,1.0,1.0,0.0,0.0,0.0,2070.0,697.4669426610639,0.4975514201762977,0.9864734299516909,0.0,0.0,0.0
BEV1_2025-01-22_drive3.csv,BEV1,0.1506495491252367,50.930026,5.324652,50.929485,5.324563,0.0604790406452327,2.4909381418422303,0.0,-0.1031333630863103,-0.9946675371291188,1.5311686424805415,0.4367946165390332,1.9154606478768068,4.593505927441625,99.4,0.0,0.0,6.0,0.0,0.0,0.0,20.5,0.0,0.0,22.5,0.0,0.0,2.0,0.0,0.0,0.0,0.0,2037.7,0.0,0.0,-2.109093687753314,0.0,10,0.0,53241.0,224.49411219881728,222.8633170325901,9.069548101062699,988.2,28.83401062297517,2.555174031026197,14.329218601773047,16.508453091150486,1,424.1104043315366,110.0,20.25,22.5,8.0,0.0,0.0,0.0,0.0,0.0,0.0,0.0,0.0,0.0,0.0,0.0,0.0,0.0,0.0,112.0,18.610042332687208,0.4864864864864865,0.9910714285714286,0.0,0.0,0.0
BEV1_2025-01-23_drive1.csv,BEV1,21.589857723675284,50.929486,5.324561,50.994656,5.539456,16.70380902486042,1.2925110489196157,0.0,0.9009957235148114,0.4338279684483489,0.0741443476437976,0.1922271596175116,0.1642138994130362,31.95621383447677,96.2,0.0,0.0,11.5,0.0,0.0,0.0,16.75,0.0,0.0,18.5,0.0,0.0,1.75,0.0,0.0,0.0,0.0,1611.35,0.0,0.0,-183.5137906512399,0.0,10,0.0,33873.0,222.73624666983207,222.8633170325901,8.976824662588768,960.6,28.316428541165415,2.3080026410127017,14.840947109178012,17.059626965618715,0,,,16.75,18.5,7.0,0.0,0.0,0.0,0.0,0.0,0.0,0.0,0.0,0.0,1.0,1.0,0.0,0.0,0.0,2029.0,307.68920628566804,0.1568047337278106,0.999507146377526,0.0,0.0,0.0
BEV1_2025-01-23_drive2.csv,BEV1,13.604916861694525,50.994656,5.539456,50.926395,5.455538,9.599776456128616,1.4172118406995795,0.0,-0.612238384370781,-0.7906732325702291,0.1236525386247469,0.330678256922035,0.2438614319248117,33.63349050593118,99.7,0.0,0.0,6.0,0.0,0.0,0.0,12.75,0.0,0.0,15.0,0.0,0.0,2.25,0.0,0.0,0.0,0.0,1271.175,0.0,0.0,-190.46883606372336,0.0,10,0.0,64411.0,222.73624666983207,222.8633170325901,8.976824662588768,960.6,28.316428541165415,2.3080026410127017,14.840947109178012,17.059626965618715,0,,,12.75,15.0,6.0,0.0,0.0,0.0,0.0,0.0,0.0,0.0,0.0,0.0,1.0,1.0,0.0,0.0,0.0,1330.0,407.3222344171217,0.2580887885628292,0.9992481203007518,0.0,0.0,0.0
BEV1_2025-01-23_drive3.csv,BEV1,11.931689491908,50.926393,5.455542,50.923237,5.338774,8.191866365023436,1.4565288250858648,0.0,-0.9990819872369612,-0.0428390333532891,0.059170180281068,0.2110138436379101,0.1064254132428863,14.082502906894192,94.7,0.0,0.0,6.0,0.0,0.0,0.0,13.75,0.0,0.0,15.75,0.0,0.0,2.0,0.0,0.0,0.0,0.0,1302.125,0.0,0.0,-167.04365288671198,0.0,10,0.0,749.0,216.2969484046446,216.69460606206167,9.662849673341372,1007.9,29.16626557968285,2.880334067316771,14.96932634013989,17.21087530405714,0,,,13.25,16.0,750.0,0.0,0.0,0.0,0.0,0.0,0.0,0.0,0.0,0.0,1.0,1.0,0.0,0.0,0.0,899.0,560.9193860087013,0.165924276169265,0.9988876529477196,0.0,0.0,0.0
BEV1_2025-01-23_drive4.csv,BEV1,1.964130945047795,50.923237,5.338775,50.929482,5.324574999999999,1.2135654746586446,1.6184795843835882,0.0,-0.8201077268439578,0.5722091543927241,0.4222592815361727,0.5947787398167379,1.2833947876717124,16.468111979910738,90.6,0.0,0.0,6.0,0.0,0.0,0.0,15.25,0.0,0.0,16.75,0.0,0.0,1.5,0.0,0.0,0.0,0.0,1381.65,0.0,0.0,-27.49783323066913,0.0,10,0.0,805.0,213.30567721665463,216.69460606206167,10.0429931180068,934.1,32.15208476702704,3.2075168006907795,14.847233266767185,17.12956886612868,0,,,15.25,16.75,8.0,0.0,0.0,0.0,0.0,0.0,0.0,0.0,0.0,0.0,1.0,1.0,0.0,0.0,0.0,386.0,66.49674387084495,0.1948051948051948,0.9974093264248703,0.0,0.0,0.0
BEV1_2025-01-23_drive5.csv,BEV1,5.722864009608076,50.929482,5.324574999999999,50.938159,5.361152,2.738788246384148,2.089560599350321,0.0,0.9358919902333044,0.3522870741556441,0.1453606621630568,0.3634106536439903,0.2885625036975194,16.571115486588482,89.80000000000003,0.0,0.0,9.0,0.0,0.0,0.0,15.5,0.0,0.0,17.25,0.0,0.0,1.75,0.0,0.0,0.0,0.0,1391.9000000000003,0.0,0.0,-62.951504105688834,0.0,10,0.0,2905.0,214.49127735956665,216.69460606206167,9.490478311181809,900.0,30.27569369859948,3.7878151192460665,14.913713943712978,17.15332293021704,0,,,15.5,17.0,2906.0,0.0,0.0,0.0,0.0,0.0,0.0,0.0,0.0,0.0,1.0,1.0,0.0,0.0,0.0,720.0,316.57237644564367,0.2486111111111111,1.0,0.0,0.0,0.0
BEV1_2025-01-23_drive6.csv,BEV1,5.582819154865351,50.938159,5.361152,50.929485,5.324579,2.7384083212066725,2.0387095348897044,0.0,-0.935919443367136,-0.352214133060203,0.129271798974534,0.3016635189334014,0.2793251685395086,14.34916968617328,86.65714285714286,0.0,0.0,6.5,0.0,0.0,0.0,12.0,0.0,0.0,14.0,0.0,0.0,2.0,0.0,1.0,0.0,0.0,1039.8857142857144,0.0,0.0,-75.36805859068224,0.0,10,0.0,10778.0,213.62316183022514,208.23295314177602,10.047632198079025,961.1,32.63791108955927,4.665074795820147,14.921531873705424,17.114239575898235,0,,,15.0,17.0,10778.0,0.0,0.0,0.0,0.0,0.0,0.0,0.0,0.0,0.0,1.0,1.0,0.0,0.0,0.0,1427.0,286.9650785889704,0.6283309957924264,0.9992992291520671,0.0,0.0,0.0
BEV1_2025-02-16_drive1.csv,BEV1,2.922930206528512,50.929845,5.324389,50.939018,5.302282,1.8548112697816777,1.5758639459164805,0.0,-0.8352192320526701,0.5499171159450741,0.1677142707093683,0.3441625876736801,0.3927188162302114,9.727427701143366,99.0,0.0,0.0,3.5,0.0,0.0,0.0,6.0,0.0,0.0,10.25,0.0,0.0,4.25,0.0,0.0,0.0,0.0,594.0,0.0,0.0,-48.228348407720446,0.0,10,0.0,2040277.0,221.68408921043016,216.69460606206167,9.946758176701005,1018.2,31.276428069044215,4.828507306859377,14.564192558165908,16.773578121701618,0,,,6.0,10.25,6.0,0.0,0.0,0.0,0.0,0.0,0.0,0.0,0.0,0.0,1.0,1.0,0.0,0.0,0.0,432.0,289.040451189583,0.3449074074074074,1.0,0.0,0.0,0.0
BEV1_2025-02-16_drive2.csv,BEV1,0.1870581212884473,50.939018,5.302282,50.938792,5.302973,0.0545510969083621,3.4290441785740358,0.0,0.8875711641663123,-0.4606706291272074,1.6315360830846766,0.5392518844343459,2.1025338741077984,4.89460824925403,97.5,0.0,0.0,6.5,0.0,0.0,0.0,7.75,0.0,0.0,9.5,0.0,0.0,1.75,0.0,1.0,0.0,0.0,755.625,0.0,0.0,-2.5252846373940385,0.0,10,0.0,2982.0,216.93598016085778,213.29546404296963,9.581729360064047,943.2,31.70236477631068,5.087766946027133,13.840398927265422,16.23992686531851,0,,,6.5,10.25,2982.0,0.0,0.0,0.0,0.0,0.0,0.0,0.0,0.0,0.0,1.0,1.0,0.0,0.0,0.0,132.0,8.383390932813946,0.3484848484848485,1.0,0.0,0.0,0.0
BEV1_2025-02-16_drive3.csv,BEV1,2.887401331682453,50.938792,5.30297,50.929491,5.324563,1.8328361968772064,1.575373367572083,0.0,0.8255862296217359,-0.5642759763262709,0.1587928936650466,0.2821720491191252,0.5689191960240848,9.051194938907656,97.3,0.0,0.0,6.5,0.0,0.0,0.0,7.75,0.0,0.0,9.5,0.0,0.0,1.75,0.0,0.0,0.0,0.0,754.0749999999999,0.0,0.0,-38.97991797771312,0.0,10,0.0,446.0,215.96980631683488,213.29546404296963,7.80739910272136,828.3,27.173640825681815,5.523442771609167,13.056126204229546,15.408252392250594,0,,,7.75,9.5,446.0,0.0,0.0,0.0,0.0,0.0,0.0,0.0,0.0,0.0,1.0,1.0,0.0,0.0,0.0,572.0,277.6315787936445,0.4667832167832167,1.0,0.0,0.0,0.0
BEV1_2025-02-17_drive1.csv,BEV1,60.42416741933844,50.929491,5.324563,50.877295,4.668849,46.34528855442716,1.3037823110838391,0.0,-0.9921274702461068,-0.1252321156215935,0.0343013641336506,0.1659348537911128,0.0303091198540318,41.47034923758359,89.4,0.0,0.0,11.714285714285714,0.0,0.0,0.0,16.0,0.0,0.0,17.75,0.0,0.0,1.75,0.0,0.0,0.0,0.0,1430.4,0.0,0.0,-500.65738718880425,0.0,10,0.0,75025.0,216.49694477557537,213.29546404296963,6.297292928911744,731.0,24.798514510484097,5.9345672183005505,12.645823809350393,14.93909197949262,0,,,16.0,17.75,6.0,0.0,0.0,0.0,0.0,0.0,0.0,0.0,0.0,0.0,1.0,1.0,0.0,0.0,0.0,2450.0,1051.9296521258038,0.093954248366013,0.9991836734693876,0.0,0.0,0.0
BEV1_2025-02-17_drive2.csv,BEV1,5.966303673418618,50.877295,4.668849,50.874766,4.70004,2.2064830811556204,2.70398795457513,0.0,0.9918452245864422,-0.1274482266062188,0.1720332998324784,0.3286220129155799,0.4932612716784098,20.47196268006493,87.2,0.0,0.0,6.857142857142857,0.0,0.0,0.0,21.25,0.0,0.0,23.0,0.0,0.0,1.75,0.0,0.0,0.0,0.0,1853.0,0.0,0.0,-78.41427685064468,0.0,10,0.0,4134.0,207.57090771541993,209.85507595859087,10.537876724898288,847.2,28.641273222799942,5.777793548784942,12.745371982294085,15.053312515089356,0,,,21.25,23.0,14.0,0.0,0.0,0.0,0.0,0.0,0.0,0.0,0.0,0.0,1.0,1.0,0.0,0.0,0.0,906.0,208.1010903691188,0.314569536423841,1.0,0.0,0.0,0.0
BEV1_2025-02-17_drive3.csv,BEV1,50.390817583012,50.874766,4.700044,50.812965,5.190327,35.10316668884692,1.4355063185516628,0.0,0.9806509406513976,-0.1957644824771056,0.0280147823387208,0.1021352422400853,0.0530919384616996,28.21088581509188,85.4,0.0,0.0,6.0,0.0,0.0,0.0,20.25,0.0,0.0,22.0,0.0,0.0,1.75,0.0,0.0,0.0,0.0,1729.35,0.0,0.0,-705.471446162168,0.0,10,0.0,1207.0,204.28514608024548,202.21840927122392,11.119442137327628,926.6,30.529430647884062,5.604854096630326,12.838761859881703,15.099479331197893,0,,,20.25,22.0,6.0,0.0,0.0,0.0,0.0,0.0,0.0,0.0,0.0,0.0,1.0,1.0,0.0,0.0,0.0,2946.0,825.0622351543051,0.1826205023761032,1.0,0.0,0.0,0.0
BEV1_2025-02-17_drive4.csv,BEV1,2.2519901382400467,50.812964,5.190341999999999,50.818177,5.206753,1.2904709687302298,1.7450916702573418,0.0,0.893438867676636,0.4491848057589331,0.2500727375601109,0.6656519664997131,0.4593756715510585,11.253273190204991,68.5,0.0,0.0,4.5,0.0,0.0,0.0,22.0,0.0,0.0,23.75,0.0,0.0,1.75,0.0,0.0,0.0,0.0,1507.0,0.0,0.0,-34.905847142720724,0.0,10,0.0,296.0,200.67080422498935,202.1421300261647,14.798032209459373,1088.2,33.00531139206229,5.4481687783405315,13.67984753653794,15.907320774711485,0,,,22.25,23.75,297.0,0.0,0.0,0.0,0.0,0.0,0.0,0.0,0.0,0.0,1.0,1.0,0.0,0.0,0.0,838.0,182.3377949044149,0.6515513126491647,1.0,0.0,0.0,0.0
BEV1_2025-02-17_drive5.csv,BEV1,0.1216094373390894,50.818177,5.206754,50.818187,5.206257,0.0349325486677205,3.481264378841697,0.0,-0.9994932536179992,0.0318313677385307,1.615485520746113,0.4881225059914261,2.005983525539254,3.230971041492226,67.7,0.0,0.0,4.5,0.0,0.0,0.0,21.25,0.0,0.0,23.0,0.0,0.0,1.75,0.0,0.0,0.0,0.0,1438.625,0.0,0.0,-1.8849462787558855,0.0,10,0.0,380.0,201.9455323227128,202.1421300261647,13.830055265263642,1082.1,29.19889653467514,5.298168778340531,14.434635234950639,16.60321760010831,0,,,21.5,23.0,6.0,0.0,0.0,0.0,0.0,0.0,0.0,0.0,0.0,0.0,1.0,1.0,0.0,0.0,0.0,206.0,5.436887825510155,0.6926829268292682,0.9951456310679612,0.0,0.0,0.0
BEV1_2025-02-17_drive6.csv,BEV1,0.0530132291669114,50.818186,5.206258,50.818186,5.206505,0.0173520450752402,3.055157414416612,0.0,1.0,6.123233995736766e-17,1.6794506221519598,0.0,1.6794506221519598,1.6794506221519598,67.4,0.0,0.0,6.5,0.0,0.0,0.0,20.25,0.0,0.0,22.0,0.0,0.0,1.75,0.0,0.0,0.0,0.0,1364.85,0.0,0.0,-0.7156785937533039,0.0,10,0.0,648.0,203.20983586643968,209.85507595859087,13.64580311449277,1064.1,27.583292654775505,5.156519293804449,15.007778701976815,17.202037957371537,0,,,20.75,22.75,649.0,0.0,0.0,0.0,0.0,0.0,0.0,0.0,0.0,0.0,1.0,1.0,0.0,0.0,0.0,990.0,2.6331654281661043,0.9676767676767676,1.0,0.0,0.0,0.0
BEV1_2025-02-17_drive7.csv,BEV1,1.303995702258101,50.818182,5.206505,50.81634,5.213553,0.5358317129774666,2.433591873486104,0.0,0.924059205297828,-0.382249375544744,0.3388807663688906,0.5266901596066937,1.240268954856374,8.810899925591157,66.7,0.0,0.0,1.0,0.0,0.0,0.0,17.25,0.0,0.0,19.5,0.0,0.0,2.25,0.0,0.0,0.0,0.0,1150.575,0.0,0.0,-24.77591834290392,0.0,10,0.0,424.0,205.78017093449608,239.09046343864895,13.078818036448652,1091.1,24.74508743427475,4.746224525687211,15.391677943701543,17.595338483407524,0,,,17.25,19.75,87.0,0.0,0.0,0.0,0.0,0.0,0.0,0.0,0.0,0.0,1.0,1.0,0.0,0.0,0.0,523.0,98.48514183605158,0.6042065009560229,1.0,0.0,0.0,0.0
BEV1_2025-02-18_drive1.csv,BEV1,21.96939026743884,50.929486,5.324561,50.994648,5.539458,16.703550500543834,1.3152527222714452,0.0,0.9010181315920496,0.4337814271523992,0.0887327166080537,0.2360293719137033,0.1748541458229336,38.95366259093559,53.40000000000001,0.0,0.0,10.928571428571429,0.0,0.0,0.0,16.25,0.0,0.0,17.75,0.0,0.0,1.5,0.0,0.0,0.0,0.0,867.7500000000002,0.0,0.0,-199.29375456890943,0.0,10,0.0,59447.0,201.0859335826382,239.09046343864895,12.650935691187929,1000.7,24.23352894383684,4.1918861205420885,15.888784343513375,18.12403994490815,0,,,16.25,17.75,5.0,0.0,0.0,0.0,0.0,0.0,0.0,0.0,0.0,0.0,1.0,1.0,0.0,0.0,0.0,1947.0,325.3987235883143,0.1438109912686183,1.0,0.0,0.0,0.0
BEV1_2025-05-23_drive1.csv,BEV1,1.1699817125000902,50.864346,4.677777,50.861763,4.685877,0.6369237711203399,1.836925807372692,0.0,0.892552292738788,-0.4509439041906797,0.3671227517019214,0.5849639409838139,1.2184844545460174,8.443823289144193,99.80000000000004,0.0,0.0,13.0,0.0,0.0,0.0,24.75,0.0,0.0,26.5,0.0,0.0,1.75,0.0,0.0,0.0,0.0,2470.050000000001,0.0,0.0,-8.18987198750063,0.0,10,0.0,8131186.0,200.41152350833076,231.37751750622274,14.555581697278962,1152.1,25.869030131573204,3.8039421060544263,16.78621212758319,18.82781164160716,0,,,21.75,23.5,7776.0,0.0,0.0,0.0,0.0,0.0,0.0,0.0,0.0,0.0,1.0,1.0,0.0,0.0,0.0,393.0,81.26404220750543,0.5,0.9974554707379136,0.0,0.0,0.0
BEV1_2025-05-23_drive2.csv,BEV1,62.2947718813456,50.861756,4.685867,50.930001,5.324655,45.438904607206645,1.3709567257364212,0.0,0.9859562031666904,0.1670040880850639,0.0324926184267121,0.1288144163016586,0.0494823965335427,40.51829517811009,99.0,0.0,0.0,14.5,0.0,0.0,0.0,24.25,0.0,0.0,26.0,0.0,0.0,1.75,0.0,0.0,0.0,0.0,2400.75,0.0,0.0,-342.6212453474008,0.0,10,0.0,1772.0,200.77327621199902,231.37751750622274,14.653874056400127,1178.2,26.431726220862753,4.5442603565739805,18.5005480429431,20.517115439075514,0,,,24.25,26.0,7.0,0.0,0.0,0.0,0.0,0.0,0.0,0.0,0.0,0.0,1.0,1.0,0.0,0.0,0.0,3002.0,900.2136888851903,0.1686104631789403,0.9996668887408394,0.0,0.0,0.0
BEV1_2025-05-23_drive3.csv,BEV1,8.349377412882024,50.93,5.324644,50.929814,5.395055,4.934656905785417,1.6919874212720185,0.0,0.999991216755208,-0.0041912304206252,0.0876021003982619,0.2029495370829237,0.1186716545531582,14.541948666111477,99.9,0.0,0.0,23.0,0.0,0.0,0.0,27.25,0.0,0.0,29.0,0.0,0.0,1.75,0.0,0.0,0.0,0.0,2722.275,0.0,0.0,25.048132238646076,0.0,10,0.0,11680.0,200.77327621199902,231.37751750622274,14.653874056400127,1178.2,26.431726220862753,4.5442603565739805,18.5005480429431,20.517115439075514,0,,,27.25,29.0,7.0,0.0,0.0,0.0,0.0,0.0,0.0,0.0,0.0,0.0,1.0,1.0,0.0,0.0,0.0,933.0,456.4537430783752,0.3959227467811159,0.9989281886387996,0.0,0.0,0.0
BEV1_2025-05-23_drive4.csv,BEV1,8.38844362040365,50.929814,5.395055999999999,50.929827,5.324375,4.953545392847262,1.6934221764710695,0.0,-0.9999999574209923,0.0002918184600014,0.0898558880282624,0.1943611197057681,0.130855074620183,15.005933300719835,96.9,0.0,0.0,20.5,0.0,0.0,0.0,25.5,0.0,0.0,27.75,0.0,0.0,2.25,0.0,0.0,0.0,0.0,2470.9500000000003,0.0,0.0,4.194221810201825,0.0,10,0.0,4199.0,198.0080579950779,198.97481896466203,15.20007166584488,1214.3,27.835529080698244,5.80255612952084,20.490755386130026,22.529792453005335,0,,,25.5,27.75,6.0,0.0,0.0,0.0,0.0,0.0,0.0,0.0,0.0,0.0,1.0,1.0,0.0,0.0,0.0,807.0,454.31751626898654,0.2990074441687345,0.9987608426270136,0.0,0.0,0.0
BEV1_2025-05-24_drive1.csv,BEV1,6.950714050424244,50.929822,5.324373,50.964402,5.352424999999999,4.318236216873982,1.609618765935862,0.0,0.4551026735311689,0.890438968455886,0.0971798753334562,0.2537166539381684,0.1082179673879632,13.508002671350416,98.8,0.0,0.0,18.0,0.0,0.0,0.0,18.0,0.0,0.0,19.75,0.0,0.0,1.75,0.0,0.0,0.0,0.0,1778.4,0.0,0.0,-13.901428100848488,0.0,10,0.0,71265.0,195.40311343850846,195.43801873313026,9.996499285951405,1050.1,22.693303936949363,7.315868866342957,21.38708634057509,23.422912286538626,0,,,26.0,28.25,71214.0,0.0,0.0,0.0,0.0,0.0,0.0,0.0,0.0,0.0,1.0,1.0,0.0,0.0,0.0,770.0,379.27213685478216,0.293888166449935,0.9987012987012988,0.0,0.0,0.0
BEV1_2025-05-24_drive2.csv,BEV1,4.886095162930911,50.964405,5.352423,50.951572,5.313835,3.056301706631723,1.5986952964521817,0.0,-0.8843137189664169,-0.4668931852659503,0.2162984859537792,0.4696103168593709,0.7038326772412895,20.980953137516583,95.80000000000004,0.0,0.0,14.0,0.0,0.0,0.0,20.25,0.0,0.0,22.0,0.0,0.0,1.75,0.0,0.0,0.0,0.0,1939.9500000000007,0.0,0.0,-29.316570977585464,0.0,10,0.0,8249.0,195.63849973657287,195.43801873313026,10.094940323651965,1036.5,23.570670641154372,8.490886311407309,21.148086807672577,23.195490807482308,0,,,20.25,22.0,6.0,0.0,0.0,0.0,0.0,0.0,0.0,0.0,0.0,0.0,1.0,1.0,0.0,0.0,0.0,676.0,131.60182208266474,0.2162962962962963,0.9985207100591716,0.0,0.0,0.0
BEV1_2025-05-24_drive3.csv,BEV1,4.703239813647174,50.951577,5.313835999999999,50.939689,5.339695,2.242656820732649,2.097173214451367,0.0,0.8078201431780264,-0.589429059578702,0.223762993756946,0.419800628166992,0.7025416541067311,21.033721413152925,93.6,0.0,0.0,12.5,0.0,0.0,0.0,19.0,0.0,0.0,20.75,0.0,0.0,1.75,0.0,0.0,0.0,0.0,1778.4,0.0,0.0,-35.2742986023538,0.0,10,0.0,7180.0,196.58694542825205,192.4798238732651,5.544468081643858,809.5,20.013241745396765,9.355741060189544,21.067231192042634,23.1076364739814,0,,,20.25,22.25,7139.0,0.0,0.0,0.0,0.0,0.0,0.0,0.0,0.0,0.0,1.0,1.0,0.0,0.0,0.0,637.0,166.50413097861025,0.2904238618524333,1.0,0.0,0.0,0.0
BEV1_2025-05-24_drive4.csv,BEV1,4.497189036933831,50.939691,5.339695,50.929729,5.324754,1.5242271785240125,2.9504716227988337,0.0,-0.686906720771708,-0.7267455930094512,0.1475823590090298,0.299136805146371,0.3268463448711234,13.134829951803656,92.0,0.0,0.0,12.5,0.0,0.0,0.0,19.25,0.0,0.0,20.75,0.0,0.0,1.5,0.0,0.0,0.0,0.0,1771.0,0.0,0.0,-33.72891777700373,0.0,10,0.0,1422.0,195.2417094935012,188.05496617999393,5.78959304918457,789.4,21.70081849627391,10.13035764860895,20.787133402926987,22.845118813070883,0,,,19.25,20.75,42.0,0.0,0.0,0.0,0.0,0.0,0.0,0.0,0.0,0.0,1.0,1.0,0.0,0.0,0.0,660.0,381.7267861529373,0.4136363636363636,1.0,0.0,0.0,0.0
BEV1_2025-05-25_drive1.csv,BEV1,23.550604141502767,50.929729,5.324754,50.806406,5.46705,16.963476442797,1.3883123675101858,0.0,0.5886634321968103,-0.8083782305296644,0.0425016937606952,0.1624799138742281,0.0529738941649897,20.01829776128746,83.4,0.0,0.0,17.1,0.0,0.0,0.0,22.0,0.0,0.0,23.75,0.0,0.0,1.75,0.0,0.0,0.0,0.0,1834.8,0.0,0.0,-68.29675201035799,0.0,10,0.0,80257.0,195.39488126168865,188.05496617999393,6.227151009144045,834.8,23.93862496227184,10.930357648608949,20.616017110619968,22.661065585404756,0,,,22.0,23.75,7.0,0.0,0.0,0.0,0.0,0.0,0.0,0.0,0.0,0.0,1.0,1.0,0.0,0.0,0.0,1220.0,811.0373268732496,0.0590648072190319,0.9991803278688524,0.0,0.0,0.0
BEV1_2025-05-25_drive2.csv,BEV1,23.805327542020443,50.806407,5.46705,50.930028,5.324676,16.993472924798354,1.4008512354929896,0.0,-0.5879445530068096,0.8089012316652898,0.0459038862630715,0.1719185166386188,0.0549215433633912,21.89615374748513,75.0,0.0,0.0,20.0,0.0,0.0,0.0,24.5,0.0,0.0,26.0,0.0,0.0,1.5,0.0,0.0,0.0,0.0,1837.5,0.0,0.0,0.0,0.0,10,0.0,8660.0,187.64019124542688,179.74077909081745,8.576910100377631,857.9,30.857351730474885,12.567591621313372,20.98821267510277,23.01953625775841,0,,,24.25,26.0,6.0,0.0,0.0,0.0,0.0,0.0,0.0,0.0,0.0,0.0,1.0,1.0,0.0,0.0,0.0,1798.0,813.0926264400313,0.328881469115192,0.99944382647386,0.0,0.0,0.0
BEV1_2025-05-26_drive1.csv,BEV1,21.56817048354983,50.930023,5.324663999999999,50.99465,5.539361,16.665113783677192,1.294210814490507,0.0,0.9022505328102493,0.4312122169461593,0.0728058402181077,0.1837291654471574,0.1536233652582241,31.379317134004417,99.5,0.0,0.0,13.0,0.0,0.0,0.0,19.0,0.0,0.0,20.75,0.0,0.0,1.75,0.0,0.0,0.0,0.0,1890.5,0.0,0.0,-150.97719338484882,0.0,10,0.0,43618.0,181.61588531348175,176.42518512700372,10.827043284353866,985.4,34.7251888356057,14.392205907027659,21.805698362125668,23.774777139861882,0,,,19.0,20.75,8.0,0.0,0.0,0.0,0.0,0.0,0.0,0.0,0.0,0.0,1.0,1.0,0.0,0.0,0.0,2112.0,319.8978900683758,0.2069128787878787,1.0,0.0,0.0,0.0
BEV1_2025-05-26_drive2.csv,BEV1,23.098224110658727,50.99465,5.539361,50.936585,5.313884,17.05900719406559,1.3540192490623977,0.0,-0.9256083709700232,-0.3784826859847355,0.0625092185052588,0.1662644956843745,0.0983585156522064,28.81674973092432,99.0,0.0,0.0,17.0,0.0,0.0,0.0,21.75,0.0,0.0,23.5,0.0,0.0,1.75,0.0,0.0,0.0,0.0,2153.25,0.0,0.0,-69.29467233197619,0.0,10,0.0,21569.0,171.92700297071036,174.19346625835195,10.786921305964963,1001.9,34.33979004977429,15.800541416638149,22.263197028448012,24.20548487368749,0,,,21.25,23.0,21479.0,0.0,0.0,0.0,0.0,0.0,0.0,0.0,0.0,0.0,1.0,1.0,0.0,0.0,0.0,3491.0,564.7549507919618,0.636676217765043,0.9997135491263248,0.0,0.0,0.0
BEV1_2025-05-26_drive3.csv,BEV1,1.9454167111463687,50.936586,5.313883,50.930032,5.324672,1.0501197410489955,1.852566555127356,0.0,0.7199846797038547,-0.6939899574141818,0.2497724614397999,0.3705684201031396,0.7167210129835722,9.491353534712395,91.4,0.0,0.0,27.5,0.0,0.0,0.0,29.0,0.0,0.0,30.75,0.0,0.0,1.75,0.0,0.0,0.0,0.0,2650.6000000000004,0.0,0.0,14.59062533359777,0.0,10,0.0,2952.0,171.08143228786648,173.230894609995,12.979745545780826,1311.7,35.652031443763825,16.549854208587327,22.29677874144118,24.286656448498633,0,,,29.25,31.5,2351.0,0.0,0.0,0.0,0.0,0.0,0.0,0.0,0.0,0.0,1.0,1.0,0.0,0.0,0.0,343.0,264.38919201496907,0.3556851311953353,1.0,0.0,0.0,0.0
BEV1_2025-05-26_drive4.csv,BEV1,12.927089666352051,50.93003,5.324669,50.961149,5.452966,9.631456187026648,1.3421739574296718,0.0,0.9332342270784714,0.3592685310589394,0.070346962801947,0.2406778882952097,0.1123437514847297,18.149516402902336,98.4,0.0,0.0,24.0,0.0,0.0,0.0,27.5,0.0,0.0,29.25,0.0,0.0,1.75,0.0,0.0,0.0,0.0,2706.0,0.0,0.0,51.708358665408205,0.0,10,0.0,5331.0,171.15680792163943,174.23580918005462,12.339353586829791,1252.7,34.46738698670822,16.876802265748534,22.45000547389937,24.403816706699295,0,,,27.5,29.25,4.0,0.0,0.0,0.0,0.0,0.0,0.0,0.0,0.0,0.0,1.0,1.0,0.0,0.0,0.0,1100.0,277.671461124312,0.1145454545454545,1.0,0.0,0.0,0.0
BEV1_2025-05-26_drive5.csv,BEV1,12.467868001452374,50.961145,5.452964,50.930032,5.324676999999999,9.630562863776296,1.294614673909467,0.0,-0.9332480663498792,-0.3592325801680734,0.063768673263327,0.1635590883795746,0.1019899748699239,15.878399642568429,95.30000000000004,0.0,0.0,22.0,0.0,0.0,0.0,26.5,0.0,0.0,28.5,0.0,0.0,2.0,0.0,0.0,0.0,0.0,2525.450000000001,0.0,0.0,24.935736002904747,0.0,10,0.0,2396.0,166.50556334849333,173.230894609995,12.79321819142463,1281.9,34.96142272794939,17.04046446242797,22.630544621734856,24.534523882549927,0,,,26.75,28.75,803.0,0.0,0.0,0.0,0.0,0.0,0.0,0.0,0.0,0.0,1.0,1.0,0.0,0.0,0.0,1058.0,337.630809756834,0.1598864711447493,0.999054820415879,0.0,0.0,0.0
BEV1_2025-05-27_drive1.csv,BEV1,21.322688898598035,50.930031,5.324676,50.994647,5.53946,16.670083412453796,1.2790991125256397,0.0,0.902347011135162,0.4310102916351765,0.0684106087843343,0.1697801388116936,0.1235452018256348,29.484972386048117,97.9,0.0,0.0,13.5,0.0,0.0,0.0,18.25,0.0,0.0,20.0,0.0,0.0,1.75,0.0,0.0,0.0,0.0,1786.6750000000002,0.0,0.0,-138.59747784088722,0.0,10,0.0,46293.0,164.6273010271935,173.230894609995,13.344933586527443,1310.7,35.954321858126754,17.42831596306342,23.465664751950943,25.38433796455225,1,150.31409374628606,2113.0,27.5,29.75,46246.0,0.0,0.0,0.0,0.0,0.0,0.0,0.0,0.0,0.0,0.0,0.0,0.0,0.0,0.0,2020.0,357.5249744927854,0.2024813895781637,0.9975247524752476,0.0,0.0,0.0
BEV2_2024-05-16_drive1.csv,BEV2,5.195659129734151,50.994718,5.539060999999999,50.964895,5.506316,4.0313904064496855,1.2888007872970553,0.0,-0.5686387527053677,-0.822587362486006,0.2137965090432498,0.4562383617191687,0.776393262944895,22.44863344954123,90.7,0.0,0.0,22.2,0.0,0.0,0.0,26.25,0.0,0.0,28.75,0.0,0.0,2.5,0.0,0.0,0.0,0.0,2380.875,0.0,0.0,11.430450085415128,0.0,0,1.0,,,,,,,,,,0,,,24.25,28.75,2866.0,1.0,1.0,1.0,1.0,1.0,1.0,1.0,1.0,1.0,1.0,1.0,0.0,0.0,0.0,1123.0,309.1812178339384,0.5887600356824264,0.9982190560997328,0.0,0.0,0.0
BEV2_2024-05-17_drive2.csv,BEV2,60.96840313753393,50.994788,5.539057,50.857796,4.704084,60.471589089351234,1.0082156605385153,0.0,-0.96775349217934,-0.2518991432591466,0.0288297439744797,0.1234809503325176,0.0304053210338357,41.5724908111998,99.4,0.0,0.0,16.0,0.0,0.0,0.0,19.0,0.0,0.0,21.25,0.0,0.0,2.25,0.0,0.0,0.0,0.0,1888.6,0.0,0.0,-243.87361255013573,0.0,1,0.0,86215.0,161.3220188116594,161.3220188116594,5.195659129734151,1125.0,16.62610921514928,21.89715808170515,25.67081850533808,29.39590747330961,0,,,18.75,21.5,2351.0,0.0,0.0,0.0,0.0,0.0,0.0,0.0,0.0,0.0,1.0,1.0,0.0,0.0,0.0,4109.0,931.680411407008,0.2977428354045143,0.959600876125578,0.0,0.0,0.0
BEV2_2024-05-18_drive1.csv,BEV2,8.381069314440527,50.857796,4.704085,50.857787,4.704087,0.001010554035044,8293.5390130578,0.0,0.1389170600415048,-0.9903040191928058,0.2623012722507405,0.4624311931998884,0.844492889105301,43.80431246587367,85.0,0.0,0.0,13.5,0.0,0.0,0.0,14.0,0.0,0.0,16.75,0.0,0.0,2.75,0.0,0.0,0.0,0.0,1190.0,0.0,0.0,-54.476950543863424,0.0,2,0.0,56239.0,225.95751199500063,196.39384762445476,33.08203113363404,2618.0,35.008049900097404,18.41315561888976,23.281073324670984,27.64024271743807,0,,,22.0,28.0,54781.0,0.0,0.0,0.0,0.0,0.0,0.0,0.0,0.0,0.0,1.0,1.0,0.0,0.0,0.0,5974.0,169.5949733361842,0.8084714548802947,0.9998326079678608,0.0,0.0,0.0
BEV2_2024-05-18_drive2.csv,BEV2,65.65820574049943,50.857787,4.704087,51.222356,4.411549,45.40575850251048,1.4460325717688252,0.0,-0.4504561170094465,0.8927985700306491,0.058555688612084,0.1900268557235845,0.1030244859437891,87.71642154090188,82.10000000000001,0.0,0.0,16.5,0.0,0.0,0.0,21.0,0.0,0.0,23.25,0.0,0.0,2.25,0.0,0.0,0.0,0.0,1724.1,0.0,0.0,-229.803720091748,0.0,3,0.0,4387.0,231.6513301116748,231.4656764372501,24.848377193902863,3737.3333333333335,25.021645578868256,17.41701869768603,20.901120012821103,25.22787450339665,0,,,19.0,23.5,3754.0,0.0,0.0,0.0,0.0,0.0,0.0,0.0,0.0,0.0,1.0,1.0,0.0,0.0,0.0,7759.0,766.2771872963424,0.5346976256067165,0.9824719680371182,0.0,0.0,0.0
BEV2_2024-05-18_drive3.csv,BEV2,35.4952526223462,51.222356,4.411549,50.881798,4.466119,38.05999182910023,0.9326132486241614,0.0,0.1002200674718642,-0.9949652949102974,0.0391119895881571,0.1391977194263843,0.0665823958874309,35.787470473163765,67.10000000000001,0.0,0.0,24.0,0.0,0.0,0.0,29.75,0.0,0.0,32.0,0.0,0.0,2.25,0.0,0.0,0.0,0.0,1996.2250000000004,0.0,0.0,141.9810104893848,0.0,4,0.0,3552.0,207.3176645170474,205.5780406104868,35.05083433055201,4743.25,26.38025108486624,18.023017501749447,22.08723659466737,26.610242217753672,0,,,27.25,32.25,1953.0,0.0,0.0,0.0,0.0,0.0,0.0,0.0,0.0,0.0,1.0,1.0,0.0,0.0,0.0,3327.0,1023.1112665043706,0.4862155388471177,0.9594229035166816,0.0,0.0,0.0
BEV2_2024-05-18_drive4.csv,BEV2,24.88437260632617,50.881798,4.466119,50.889102,4.686986,15.515076929818562,1.6038832884225458,0.0,0.9986289531135544,0.0523470534349991,0.0967545788168003,0.2723920047673838,0.2111778473763303,55.92414655611059,54.6,0.0,0.0,25.5,0.0,0.0,0.0,29.25,0.0,0.0,31.5,0.0,0.0,2.25,0.0,0.0,0.0,0.0,1597.05,0.0,0.0,136.86404933479395,0.0,5,0.0,1622.0,211.0820542847057,225.95108519491237,35.139717988910846,4460.4,28.78115547530941,18.762582169567725,23.378848770926208,27.80841612997217,0,,,26.25,31.25,662.0,0.0,0.0,0.0,0.0,0.0,0.0,0.0,0.0,0.0,1.0,1.0,0.0,0.0,0.0,1985.0,810.9858768849739,0.3272821576763485,0.9712846347607051,0.0,0.0,0.0
BEV2_2024-05-18_drive5.csv,BEV2,4.813995978320194,50.889099,4.686980999999999,50.856997,4.704316,3.7711399944865063,1.2765360037968272,0.0,0.3225478812589536,-0.9465531492184472,0.219371573759246,0.3757274333993428,0.5797786349861633,21.059671080887615,82.2,0.0,0.0,19.3,0.0,0.0,0.0,51.0,0.0,0.0,59.75,0.0,0.0,8.75,0.0,0.0,0.0,0.0,4192.2,0.0,0.0,-3.369797184824132,0.0,6,0.0,1544.0,209.1350184621917,210.6694317056106,33.43049375848006,4048.1666666666665,31.49845001090197,19.228325516893293,24.25491633443649,28.564512183465315,0,,,51.0,60.0,8.0,0.0,0.0,0.0,0.0,0.0,0.0,0.0,0.0,0.0,1.0,1.0,0.0,0.0,0.0,700.0,274.7125710419382,0.3414285714285714,1.0,0.0,0.0,0.0
BEV2_2024-05-18_drive6.csv,BEV2,2.2513747380494693,50.856997,4.704316,50.869615,4.698733,1.456746165955226,1.5454818352469697,0.0,-0.2689784646620632,0.9631461911610508,0.2889033320351008,0.5326285978209847,0.9870254859945414,13.000649941579535,82.9,0.0,0.0,21.0,0.0,0.0,0.0,42.25,0.0,0.0,44.75,0.0,0.0,2.5,0.0,0.0,0.0,0.0,3502.525,0.0,0.0,2.2513747380494693,0.0,7,0.0,3320.0,208.70331232128305,195.38777821630887,29.342422647028656,3570.0,30.530439426901644,19.064673804874754,27.322840452952903,32.52467663412576,0,,,37.0,45.5,1451.0,0.0,0.0,0.0,0.0,0.0,0.0,0.0,0.0,0.0,1.0,1.0,0.0,0.0,0.0,1301.0,200.3420121115134,0.8023076923076923,0.9992313604919292,0.0,0.0,0.0
BEV2_2024-05-18_drive7.csv,BEV2,2.3907151673710048,50.869615,4.698733,50.858726,4.704467999999999,1.2759489295580226,1.873676220096934,0.0,0.3154465948606686,-0.948943331179902,0.3331548858836479,0.5026183323406898,1.2862468503117208,15.658279636531454,82.5,0.0,0.0,21.0,0.0,0.0,0.0,37.5,0.0,0.0,39.75,0.0,0.0,2.25,0.0,0.0,0.0,0.0,3093.75,0.0,0.0,2.3907151673710048,0.0,8,0.0,2430.0,208.08772348408624,193.0516764449705,25.956041658406257,3286.5,27.49225940800304,19.17448098371668,28.726681824905217,33.89198375992917,0,,,32.25,40.0,1008.0,0.0,0.0,0.0,0.0,0.0,0.0,0.0,0.0,0.0,1.0,1.0,0.0,0.0,0.0,1232.0,197.85997995001915,0.7725426482534524,0.9991883116883116,0.0,0.0,0.0
BEV2_2024-05-19_drive1.csv,BEV2,1.1071462194297894,50.858726,4.704467999999999,50.861964,4.695798,0.7070656843313595,1.5658322047926398,0.0,-0.8606383275521334,0.5092167211986138,0.4088928562388905,0.6933051171269751,1.180411595735041,8.995642837255591,81.60000000000001,0.0,0.0,13.5,0.0,0.0,0.0,18.0,0.0,0.0,21.25,0.0,0.0,3.25,0.0,0.0,0.0,0.0,1468.8000000000002,0.0,0.0,-7.196450426293631,0.0,9,0.0,39183.0,208.87171419229296,195.38777821630887,23.33767204829123,3058.4444444444443,25.212512108620714,19.21880990725333,29.14771916021132,34.352868145259194,0,,,27.5,34.25,37765.0,0.0,0.0,0.0,0.0,0.0,0.0,0.0,0.0,0.0,1.0,1.0,0.0,0.0,0.0,1370.0,204.9771829394425,0.8977355734112491,0.9992700729927008,0.0,0.0,0.0
BEV2_2024-05-19_drive2.csv,BEV2,0.9364759475292712,50.861964,4.695798,50.85769,4.704024,0.7478085163823621,1.2522937717527165,0.0,0.772083850903325,-0.6355206740730722,0.3210433795769105,0.4467654515303766,1.0582780648408894,5.77878083238439,81.2,0.0,0.0,14.0,0.0,0.0,0.0,17.5,0.0,0.0,20.0,0.0,0.0,2.5,0.0,0.0,0.0,0.0,1421.0,0.0,0.0,-5.618855685175627,0.0,10,0.0,818.0,209.09426052403893,210.6694317056106,21.114619465405084,2889.8,22.98176573667608,18.64693619984919,27.926400927632933,32.974309995941155,0,,,16.25,20.0,351.0,0.0,0.0,0.0,0.0,0.0,0.0,0.0,0.0,0.0,1.0,1.0,0.0,0.0,0.0,1408.0,167.7593381946336,0.9140625,1.0,0.0,0.0,0.0
BEV2_2024-05-19_drive4.csv,BEV2,103.1385835283434,50.857699,4.704035,51.200916,5.992185,97.83323463387048,1.0542284931529409,0.0,0.9207784942134428,0.390085842596248,0.0323377619524901,0.141954825697263,0.0308598342728863,86.85922860438845,80.4,0.0,0.0,17.5,0.0,0.0,0.0,17.0,0.0,0.0,19.0,0.0,0.0,2.0,0.0,0.0,0.0,0.0,1366.8000000000002,0.0,0.0,-257.8464588208585,0.0,10,0.0,12968.0,211.3297749167569,228.7083808160812,20.6887011471846,2918.3,21.55825505708352,17.811419541218008,27.045241062914734,32.00103130534778,0,,,16.25,19.0,2168.0,0.0,0.0,0.0,0.0,0.0,0.0,0.0,0.0,0.0,1.0,1.0,0.0,0.0,0.0,7291.0,1025.360849073882,0.3969577299985373,0.937731449732547,0.0,0.0,0.0
BEV2_2024-05-19_drive5.csv,BEV2,117.59477320001452,51.200915,5.992191999999999,50.869895,4.502333999999999,110.48557606204876,1.064345024856215,0.0,-0.9428779515875164,-0.3331383622612818,0.0248146130461416,0.1115973781918233,0.031637778781917,72.30978241645673,51.7,0.0,0.0,22.625,0.0,0.0,0.0,29.5,0.0,0.0,31.75,0.0,0.0,2.25,0.0,0.0,0.0,0.0,1525.15,0.0,0.0,308.6862796500381,0.0,10,0.0,6808.0,207.6531206191758,220.15274526119748,24.90572620543924,3236.5,21.31042771655907,18.35966807136175,27.51575237906837,32.53001385477533,0,,,29.0,33.25,2863.0,0.0,0.0,0.0,0.0,0.0,0.0,0.0,0.0,0.0,1.0,1.0,0.0,0.0,0.0,7533.0,959.4266612240036,0.2930937675463222,0.9457055621930174,0.0,0.0,0.0
BEV2_2024-05-19_drive6.csv,BEV2,15.67338199612309,50.869904,4.502333,50.857703,4.70407,14.2232642570369,1.1019539335612605,0.0,0.9954404246320756,-0.0953853291041804,0.085399664384787,0.2998650362337633,0.1289495741129456,32.451872466219086,82.2,0.0,0.0,24.5,0.0,0.0,0.0,51.75,0.0,0.0,60.75,0.0,0.0,9.0,0.0,0.0,0.0,0.0,4253.85,0.0,0.0,70.5302189825539,0.0,10,0.0,1976.0,209.35385466333528,216.0515231334596,35.82709659399664,3392.4,26.423874262069404,18.691493280632194,28.624364948583583,33.80171066436405,0,,,52.0,60.75,18.0,0.0,0.0,0.0,0.0,0.0,0.0,0.0,0.0,0.0,1.0,1.0,0.0,0.0,0.0,1030.0,936.8332204048636,0.2953156822810591,0.9533980582524272,0.0,0.0,0.0
BEV2_2024-05-19_drive7.csv,BEV2,3.6580393943447,50.857703,4.70407,50.857706,4.704079,0.000714392254723,5120.491396932746,0.0,0.8842838846344884,0.4669496882703092,0.2883676898434318,0.5236857298216722,0.7380986502243059,21.050841358570523,78.30000000000001,0.0,0.0,29.5,0.0,0.0,0.0,35.75,0.0,0.0,38.0,0.0,0.0,2.25,0.0,0.0,0.0,0.0,2799.2250000000004,0.0,0.0,34.75137424627465,0.0,10,0.0,3866.0,215.8557152727679,216.0515231334596,30.828614219559007,2719.4,28.851029401496582,18.804286269083185,30.108424161313685,35.90427389743774,0,,,31.25,37.75,396.0,0.0,0.0,0.0,0.0,0.0,0.0,0.0,0.0,0.0,1.0,1.0,0.0,0.0,0.0,1129.0,248.89307073989676,0.674645390070922,0.9991142604074402,0.0,0.0,0.0
BEV2_2024-05-20_drive1.csv,BEV2,6.730778021910058,50.857706,4.704079,50.857702,4.704054999999999,0.0017423294088962,3863.091552919263,0.0,-0.9668674005294888,-0.2552791213424029,0.3325068964077224,0.5599915866305986,0.9273315167169296,44.555924118634806,77.2,0.0,0.0,21.0,0.0,0.0,0.0,20.5,0.0,0.0,23.0,0.0,0.0,2.5,0.0,0.0,0.0,0.0,1582.6,0.0,0.0,6.730778021910058,0.0,10,0.0,81475.0,214.17122489393927,213.6656289182636,27.64489289675885,2499.7,26.175886180795523,18.843111275908196,30.558761670354706,36.38498130362392,0,,,20.0,22.75,3980.0,0.0,0.0,0.0,0.0,0.0,0.0,0.0,0.0,0.0,1.0,1.0,0.0,0.0,0.0,2372.0,192.926324340642,0.6811471952762548,0.9995784148397976,0.0,0.0,0.0
BEV2_2024-05-21_drive1.csv,BEV2,6.265634119935,50.857702,4.704054999999999,50.86192,4.685989999999999,1.351922232193479,4.634611348737921,0.0,-0.9378914446584586,0.3469288659602562,0.2876758235428693,0.4469311089805901,0.8608811699502728,35.95947794285867,75.60000000000001,0.0,0.0,15.0,0.0,0.0,0.0,17.75,0.0,0.0,20.5,0.0,0.0,2.75,0.0,0.0,0.0,0.0,1341.9,0.0,0.0,-31.328170599675,0.0,10,0.0,39659.0,215.0462805310076,213.6656289182636,25.82953343831724,2538.4,22.68806791691647,18.677430208450826,29.90149415654655,35.82468138427882,0,,,22.25,27.0,37680.0,0.0,0.0,0.0,0.0,0.0,0.0,0.0,0.0,0.0,1.0,1.0,0.0,0.0,0.0,2079.0,179.9652045258098,0.5632515632515632,1.0,0.0,0.0,0.0
BEV2_2024-05-21_drive2.csv,BEV2,2.5257126916477626,50.86192,4.685989,50.857856,4.704098,1.348984707597388,1.8723063926693344,0.0,0.9422215729834368,-0.3349903094189712,0.367695995967529,0.4834908688969107,1.168653098426458,18.38479979837645,73.8,0.0,0.0,19.0,0.0,0.0,0.0,20.25,0.0,0.0,22.25,0.0,0.0,2.0,0.0,0.0,0.0,0.0,1494.45,0.0,0.0,-2.5257126916477626,0.0,10,0.0,13085.0,215.4153160863463,213.6656289182636,25.974697252478723,2676.4,21.29974588597998,18.413061155846894,27.09780931625867,32.38819818357906,0,,,20.25,22.75,4796.0,0.0,0.0,0.0,0.0,0.0,0.0,0.0,0.0,0.0,1.0,1.0,0.0,0.0,0.0,1264.0,159.44730248961324,0.7254746835443038,1.0,0.0,0.0,0.0
BEV2_2024-05-21_drive3.csv,BEV2,6.477128919654108,50.857856,4.704098,50.857867,4.704111999999999,0.001568995725734,4128.200487368335,0.0,0.6263120267819942,0.7795724758534197,0.3423810606371591,0.5227791205580226,1.1372649310625935,44.167156822193526,72.8,0.0,0.0,17.5,0.0,0.0,0.0,22.0,0.0,0.0,24.25,0.0,0.0,2.25,0.0,0.0,0.0,0.0,1601.6,0.0,0.0,-16.19282229913527,0.0,10,0.0,4060.0,216.4957721035732,216.0515231334596,26.00213806637688,2672.8,21.39547805614266,18.29002664317775,25.28344743406503,30.46447565680653,1,178.30739209615362,2374.0,20.25,24.0,2955.0,0.0,0.0,0.0,0.0,0.0,0.0,0.0,0.0,0.0,0.0,0.0,0.0,0.0,0.0,2439.0,149.9140213046514,0.6691266912669127,1.0,0.0,0.0,0.0
BEV2_2024-05-21_drive4.csv,BEV2,14.65817418693465,50.857867,4.704111999999999,50.886333,4.508893,14.059464751804494,1.0425840845081469,0.0,-0.9743275708908504,0.2251350363713623,0.0426707258012723,0.1680715634894448,0.0442254381593804,16.129534352880956,71.3,0.0,0.0,17.916666666666668,0.0,0.0,0.0,23.0,0.0,0.0,25.5,0.0,0.0,2.5,0.0,0.0,0.0,0.0,1639.9,0.0,0.0,-30.53786288944717,0.0,10,0.0,11301.0,215.03919686749435,213.6656289182636,26.41077944160519,2793.5,21.65327516044212,18.09289135883194,24.28138477310913,29.39779186248853,0,,,22.25,27.25,10688.0,0.0,0.0,0.0,0.0,0.0,0.0,0.0,0.0,0.0,1.0,1.0,0.0,0.0,0.0,1427.0,891.809190115495,0.3776479181884587,0.959355290819902,0.0,0.0,0.0
BEV2_2024-05-21_drive5.csv,BEV2,8.894973027002301,51.245026,4.429194,51.268176,4.402908,3.157914383675454,2.816723934310582,0.0,-0.5792534204631246,0.8151475172517982,0.1023212169446304,0.222414936125029,0.2209577556563387,18.417819050033472,58.1,0.0,0.0,19.1,0.0,0.0,0.0,28.25,0.0,0.0,33.0,0.0,0.0,4.75,0.0,0.0,0.0,0.0,1641.325,0.0,0.0,-8.005475724302059,0.0,10,0.0,4509.0,216.2606568835916,213.6656289182636,27.76588223835568,2799.2,25.05552239101136,18.507965660592333,24.938386271739223,30.19848616646833,0,,,24.75,30.75,4510.0,0.0,0.0,0.0,0.0,0.0,0.0,0.0,0.0,0.0,1.0,1.0,0.0,0.0,0.0,1660.0,407.88939594742857,0.5168878166465621,0.9987951807228916,0.0,0.0,0.0
BEV2_2024-05-21_drive6.csv,BEV2,4.904813461583163,51.268189,4.402909,51.251476,4.434222,2.8637906243619824,1.7126997413352785,0.0,0.760847014799574,-0.6489312907161874,0.2362800817657157,0.507694995065664,0.7354156857989447,23.155448013040143,90.9,0.0,0.0,21.0,0.0,0.0,0.0,48.5,0.0,0.0,56.25,0.0,0.0,7.75,0.0,0.0,0.0,0.0,4408.650000000001,0.0,0.0,4.904813461583163,0.0,10,0.0,1881.0,220.502645169116,213.6656289182636,28.561731946302984,2824.5,26.74197253376779,18.93334283316839,26.933556343685343,33.03838650443591,0,,,48.5,56.25,16.0,0.0,0.0,0.0,0.0,0.0,0.0,0.0,0.0,0.0,1.0,1.0,0.0,0.0,0.0,804.0,325.0698181820126,0.410958904109589,0.9987562189054726,0.0,0.0,0.0
BEV2_2024-05-21_drive7.csv,BEV2,1.489986392101586,51.251476,4.434222,51.253268,4.446038,0.8461436476600521,1.760914232733453,0.0,0.9718758510365796,0.2354938007080525,0.2358046538281692,0.3730377673702533,0.840601804063224,6.838334961016909,89.60000000000001,0.0,0.0,27.0,0.0,0.0,0.0,40.5,0.0,0.0,43.0,0.0,0.0,2.5,0.0,0.0,0.0,0.0,3628.8,0.0,0.0,10.429904744711102,0.0,10,0.0,3394.0,223.45202217161005,212.3140486402181,18.73834792045327,2175.7,23.84425776755158,18.743097101561126,28.831489852882875,35.21277845698836,0,,,36.75,44.0,1847.0,0.0,0.0,0.0,0.0,0.0,0.0,0.0,0.0,0.0,1.0,1.0,0.0,0.0,0.0,1342.0,184.583130099157,0.87248322147651,0.9992548435171386,0.0,0.0,0.0
BEV2_2024-05-21_drive8.csv,BEV2,65.04424429469594,51.253268,4.446038,50.856947,4.703625,47.60464687659624,1.366342333413537,0.0,0.3781942413648989,-0.9257262639670696,0.0678969843099306,0.200868748784025,0.134354926767452,108.2956899743394,89.10000000000001,0.0,0.0,20.0,0.0,0.0,0.0,34.5,0.0,0.0,36.75,0.0,0.0,2.25,0.0,,1.0,,3073.9500000000003,0.0,0.0,0.0,0.0,10,0.0,2636.0,234.1430631924541,212.3140486402181,7.127869239661974,1556.7,18.62473429505942,18.940580467684075,29.743528840955907,36.0579718607171,0,,,31.0,38.0,1710.0,0.0,0.0,0.0,0.0,0.0,0.0,0.0,0.0,0.0,1.0,1.0,0.0,0.0,0.0,6111.0,834.6130801790428,0.4294915254237288,0.965472099492718,0.0,0.0,0.0
BEV2_2024-05-22_drive1.csv,BEV2,4.642376148627978,50.856946,4.703624,50.881314,4.71502,2.825150578503644,1.6432314029388255,0.0,0.2830677220856648,0.9590999242587984,0.3004324985219993,0.5522012612954552,0.8564957285002163,27.63978986402394,71.2,0.0,0.0,14.5,0.0,0.0,0.0,19.5,0.0,0.0,22.5,0.0,0.0,3.0,0.0,0.0,0.0,0.0,1388.4,0.0,0.0,-25.53306881745388,0.0,10,0.0,24582.0,232.3538155650701,218.6875729431017,12.064955469519258,2064.8,16.98311243888197,18.62145743578611,28.53913794338577,34.22325959065049,0,,,23.25,29.5,22510.0,0.0,0.0,0.0,0.0,0.0,0.0,0.0,0.0,0.0,1.0,1.0,0.0,0.0,0.0,1066.0,243.12519335201688,0.5220657276995305,0.99906191369606,0.0,0.0,0.0
BEV2_2024-05-22_drive2.csv,BEV2,4.462156806677352,50.881314,4.71502,50.857527,4.703977,2.7561805894101346,1.618963874799047,0.0,-0.2811617292407797,-0.9596603993133896,0.3197696435718924,0.5707194542088992,1.156351511544163,28.45949827789843,70.10000000000001,0.0,0.0,17.0,0.0,0.0,0.0,17.0,0.0,0.0,19.25,0.0,0.0,2.25,0.0,0.0,0.0,0.0,1191.7,0.0,0.0,-13.386470420032056,0.0,10,0.0,47824.0,231.01493916757187,218.6875729431017,12.163407283742618,2058.5,17.383221492608392,17.830155821512534,27.10076553210944,32.691063312109215,0,,,17.75,21.75,46186.0,0.0,0.0,0.0,0.0,0.0,0.0,0.0,0.0,0.0,1.0,1.0,0.0,0.0,0.0,1518.0,237.74803410190643,0.6512549537648613,0.997364953886693,0.0,0.0,0.0
BEV2_2024-05-23_drive1.csv,BEV2,6.187630487695959,50.857527,4.703976,50.862426,4.686758,1.325603480606298,4.667783826929823,0.0,-0.911661982963462,0.4109409067239816,0.2685170179960588,0.4305248219781738,0.8376969526080582,33.02759321351523,90.8,0.0,0.0,13.3,0.0,0.0,0.0,16.5,0.0,0.0,19.5,0.0,0.0,3.0,0.0,0.0,0.0,0.0,1498.2,0.0,0.0,-41.45712426756292,0.0,10,0.0,39733.0,234.0147124335684,228.73992384444816,11.93654516221935,1973.2,17.418679276163658,17.540132663617797,26.616425890441928,32.032091408905714,0,,,22.75,28.5,32279.0,0.0,0.0,0.0,0.0,0.0,0.0,0.0,0.0,0.0,1.0,1.0,0.0,0.0,0.0,1848.0,208.75159598528373,0.5332972387655658,0.9994588744588744,0.0,0.0,0.0
BEV2_2024-06-14_drive1.csv,BEV2,2.313728589937774,50.856963,4.704568,50.86185,4.686116,1.404513378415435,1.6473524748821622,0.0,-0.9221204450389008,0.3869029398198721,0.2565706084795029,0.371036349543198,0.7637222646293724,11.802247990057136,77.0,0.0,0.0,21.5,0.0,0.0,0.0,26.25,0.0,0.0,28.75,0.0,0.0,2.5,0.0,0.0,0.0,0.0,2021.25,0.0,0.0,3.4705928849066607,0.0,10,0.0,1943689.0,233.75084129838265,228.73992384444816,11.928744798995444,1950.2,17.538192658932566,17.3691681275242,26.400871565325215,31.76590065005298,0,,,16.0,20.25,1943690.0,0.0,0.0,0.0,0.0,0.0,0.0,0.0,0.0,0.0,1.0,1.0,0.0,0.0,0.0,1201.0,205.28657200223012,0.794338051623647,1.0,0.0,0.0,0.0
BEV2_2024-06-14_drive2.csv,BEV2,2.533412943972796,50.86185,4.686116,50.857799,4.704086,1.3393109452775611,1.891579362436829,0.0,0.9417439779930064,-0.3363306110271677,0.360249602599045,0.4747048672503255,1.0948989810180518,18.012480129952248,76.5,0.0,0.0,22.0,0.0,0.0,0.0,26.0,0.0,0.0,28.25,0.0,0.0,2.25,0.0,0.0,0.0,0.0,1989.0,0.0,0.0,5.066825887945592,0.0,10,0.0,4632.0,231.28009315053703,216.00310866491827,11.907539370286113,1943.9,17.51234816916003,17.66184300500442,26.950919529931863,32.29490997902125,0,,,24.25,28.5,3116.0,0.0,0.0,0.0,0.0,0.0,0.0,0.0,0.0,0.0,1.0,1.0,0.0,0.0,0.0,1247.0,157.1066492341065,0.748195669607057,1.0,0.0,0.0,0.0
BEV2_2024-06-15_drive1.csv,BEV2,18.388579963397664,50.857799,4.704086,50.857811,4.704089,0.0013508543673619,13612.55543727386,0.0,0.1558826304744119,0.9877755845921572,0.2025609840121771,0.4258434095067569,0.6750976357375716,76.36549097259076,75.60000000000001,0.0,0.0,16.5,0.0,0.0,0.0,15.25,0.0,0.0,17.5,0.0,0.0,2.25,0.0,0.0,0.0,0.0,1152.9,0.0,0.0,-64.36002987189183,0.0,10,0.0,48342.0,234.47785313571904,228.73992384444816,11.51316777271798,1824.8,17.286720621368534,17.84936397594266,27.234887212066106,32.43185885807533,0,,,15.25,18.5,9677.0,0.0,0.0,0.0,0.0,0.0,0.0,0.0,0.0,0.0,1.0,1.0,0.0,0.0,0.0,5802.0,353.8576015733232,0.7147048671039006,0.9986211651154774,0.0,0.0,0.0
BEV2_2024-06-15_drive2.csv,BEV2,62.71113373111048,50.857811,4.704089,51.22236,4.411617,45.40169174019755,1.3812510355332768,0.0,-0.4503946926753083,0.8928295586560262,0.0486236836876775,0.1615390301573164,0.0848233411314725,73.71350447051914,71.10000000000001,0.0,0.0,17.8,0.0,0.0,0.0,25.5,0.0,0.0,28.0,0.0,0.0,2.5,0.0,0.0,0.0,0.0,1813.05,0.0,0.0,-137.964494208443,0.0,10,0.0,4030.0,226.53736615450563,216.00310866491827,11.886215369522928,2262.4,14.7343499568421,17.798273951315778,26.96025918835964,32.23053187372308,0,,,23.0,29.0,3527.0,0.0,0.0,0.0,0.0,0.0,0.0,0.0,0.0,0.0,1.0,1.0,0.0,0.0,0.0,5261.0,845.9154100057182,0.3875418884289375,0.9642653487930052,0.0,0.0,0.0
BEV2_2024-06-15_drive3.csv,BEV2,53.675101970977806,51.22236,4.411617,50.857515,4.703997,45.428215023238046,1.1815366715051692,0.0,0.4499915738401546,-0.8930328008941556,0.0535900346200078,0.1854687695870392,0.0814812992842753,72.50731684087066,54.5,0.0,0.0,25.5,0.0,0.0,0.0,28.5,0.0,0.0,30.75,0.0,0.0,2.25,0.0,0.0,0.0,0.0,1553.25,0.0,0.0,295.2130608403779,0.0,10,0.0,3746.0,202.73651577100944,205.08873413381184,17.267831439933747,2622.5,17.097554918515858,18.04248585332195,25.897548924592588,30.52234779524748,0,,,26.0,30.5,1252.0,0.0,0.0,0.0,0.0,0.0,0.0,0.0,0.0,0.0,1.0,1.0,0.0,0.0,0.0,5604.0,933.9237188066506,0.5293246993524514,0.9644896502498216,0.0,0.0,0.0
BEV2_2024-06-18_drive1.csv,BEV2,24.771576084012885,50.894869,4.482686,50.857462,4.703982,16.074473255741434,1.5410505644510026,0.0,0.9659409482794208,-0.2587626024700123,0.0982948085684608,0.3089724226369643,0.2110948724330902,55.92974607545422,84.4,0.0,0.0,17.0,0.0,0.0,0.0,16.25,0.0,0.0,18.5,0.0,0.0,2.25,0.0,0.0,0.0,0.0,1371.5,0.0,0.0,-74.31472825203866,0.0,10,0.0,259153.0,208.03172104199697,215.48562899437556,22.14486029087321,3102.7,18.35033244321923,18.1919395294776,24.05491063553671,28.314492486051257,0,,,16.25,18.5,379.0,0.0,0.0,0.0,0.0,0.0,0.0,0.0,0.0,0.0,1.0,1.0,0.0,0.0,0.0,3322.0,739.1675860924786,0.5387205387205387,0.9834437086092715,0.0,0.0,0.0
BEV2_2024-06-19_drive1.csv,BEV2,6.45828516039442,50.857462,4.703982,50.862439,4.686747,1.3302767448820834,4.854843313800006,0.0,-0.9093567771705572,0.4160171292314506,0.3094916861283844,0.4700036362666079,0.8532415547390518,39.92442751056159,78.7,0.0,0.0,15.0,0.0,0.0,0.0,16.25,0.0,0.0,18.75,0.0,0.0,2.5,0.0,0.0,0.0,0.0,1278.875,0.0,0.0,-32.291425801972096,0.0,10,0.0,44259.0,205.9827751492694,199.3434810291336,24.47301926006434,3300.7,20.6335609818968,17.820156468556355,22.360533346737903,26.617126010328764,1,206.28231621502496,1851.0,20.5,23.75,32774.0,0.0,0.0,0.0,0.0,0.0,0.0,0.0,0.0,0.0,0.0,0.0,0.0,0.0,0.0,3288.0,220.62382351268568,0.7484793187347932,1.0,0.0,0.0,0.0
BEV2_2024-06-19_drive2.csv,BEV2,5.040106801499823,50.862438,4.686743,50.857467,4.70397,1.329488585728333,3.7910117135294574,0.0,0.9094734831217866,-0.4157619312759713,0.3288532113959162,0.4773804293067648,0.9986677494861608,32.885321139591625,76.80000000000001,0.0,0.0,16.5,0.0,0.0,0.0,20.75,0.0,0.0,23.0,0.0,0.0,2.25,0.0,0.0,0.0,0.0,1593.6,0.0,0.0,-17.64037380524938,0.0,10,0.0,4436.0,199.8795578274316,199.3434810291336,18.614423346634187,3018.6,17.508887865660345,17.577523334461116,21.24260618472666,25.466927558974085,0,,,18.75,23.25,3440.0,0.0,0.0,0.0,0.0,0.0,0.0,0.0,0.0,0.0,1.0,1.0,0.0,0.0,0.0,2343.0,166.76150649735203,0.7169086251067464,0.9995731967562952,0.0,0.0,0.0
BEV2_2024-06-19_drive3.csv,BEV2,6.429478700831664,50.857465,4.70397,50.857467,4.703977,0.0005393300593585,11921.23188623766,0.0,0.9110276816983668,0.4123451990496548,0.2314024900010168,0.3638222912372136,0.7105622834101324,29.61951872013016,75.0,0.0,0.0,19.0,0.0,0.0,0.0,22.5,0.0,0.0,24.75,0.0,0.0,2.25,0.0,0.0,0.0,0.0,1687.5,0.0,0.0,-6.429478700831664,0.0,10,0.0,6884.0,202.76676872940308,215.48562899437556,18.65420846888792,3146.3,16.718908988637608,17.806927361873324,21.476804598751496,25.838040748325103,0,,,21.0,25.75,5928.0,0.0,0.0,0.0,0.0,0.0,0.0,0.0,0.0,0.0,1.0,1.0,0.0,0.0,0.0,2207.0,181.8916148510351,0.6212052560036249,1.0,0.0,0.0,0.0
BEV2_2024-06-19_drive4.csv,BEV2,1.7939823878301404,50.857467,4.703977,50.863893,4.713308,0.969269515160576,1.8508602197531576,0.0,0.6756812399384907,0.7371939107149379,0.3555360997453686,0.4361710204806912,1.0840407227543558,12.443763491087902,73.0,0.0,0.0,25.0,0.0,0.0,0.0,25.25,0.0,0.0,27.5,0.0,0.0,2.25,0.0,0.0,0.0,0.0,1843.25,0.0,0.0,8.969911939150702,0.0,10,0.0,12452.0,202.34878674403336,208.45634486431425,18.850962897319413,3215.2,16.710149323494484,18.1330467648584,22.19065400207184,26.881542945345824,0,,,24.5,27.5,1511.0,0.0,0.0,0.0,0.0,0.0,0.0,0.0,0.0,0.0,1.0,1.0,0.0,0.0,0.0,373.0,157.31339320522326,0.3860589812332439,1.0,0.0,0.0,0.0
BEV2_2024-06-19_drive5.csv,BEV2,1.6813902345333205,50.863895,4.71331,50.857463,4.703973,0.9700459140687862,1.733309949712435,0.0,-0.6755745845484765,-0.7372916524091082,0.3564764130455362,0.4555964141511838,1.0781297727499748,11.763721630502694,81.5,0.0,0.0,29.0,0.0,0.0,0.0,26.75,0.0,0.0,30.5,0.0,0.0,3.75,0.0,0.0,0.0,0.0,2180.125,0.0,0.0,15.132512110799883,0.0,10,0.0,2536.0,201.86468465060568,201.5175096784229,18.41159808733283,3067.7,17.224363091124353,19.173393124948,23.19038798440463,27.93605057108947,0,,,26.75,30.5,1.0,0.0,0.0,0.0,0.0,0.0,0.0,0.0,0.0,0.0,1.0,1.0,0.0,0.0,0.0,1071.0,146.93446512373296,0.765639589169001,1.0,0.0,0.0,0.0
BEV2_2024-06-19_drive6.csv,BEV2,4.469947435301315,50.857463,4.703973,50.861856,4.686134,1.3440094756705672,3.325830298235898,0.0,-0.9316137810681756,0.3634498079843454,0.2654921389703139,0.5425376277233556,1.1928441164852537,23.628800368357933,80.7,0.0,0.0,24.0,0.0,0.0,0.0,30.0,0.0,0.0,32.25,0.0,0.0,2.25,0.0,0.0,0.0,0.0,2421.0,0.0,0.0,17.87978974120526,0.0,10,0.0,10848.0,201.86468465060568,201.5175096784229,18.41159808733283,3067.7,17.224363091124353,19.173393124948,23.19038798440463,27.93605057108947,0,,,28.75,33.75,6024.0,0.0,0.0,0.0,0.0,0.0,0.0,0.0,0.0,0.0,1.0,1.0,0.0,0.0,0.0,1054.0,228.2247946072503,0.5436432637571158,1.0,0.0,0.0,0.0
BEV2_2024-06-19_drive7.csv,BEV2,2.5813253946439083,50.861856,4.686134,50.857481,4.703971999999999,1.3432176717050912,1.9217476430064784,0.0,0.9321105174276056,-0.3621739682816002,0.3561132959608298,0.4657984279091585,1.1211289411500769,18.16177809400232,79.80000000000001,0.0,0.0,22.0,0.0,0.0,0.0,27.0,0.0,0.0,29.75,0.0,0.0,2.75,0.0,0.0,0.0,0.0,2154.6000000000004,0.0,0.0,5.162650789287817,0.0,10,0.0,11897.0,201.17039984046409,201.5175096784229,18.627219971869188,3053.1,18.054379529244738,19.33156629064018,23.523183621693715,28.229355618108578,1,244.0210316926716,1250.0,27.0,31.25,10297.0,0.0,0.0,0.0,0.0,0.0,0.0,0.0,0.0,0.0,0.0,0.0,0.0,0.0,0.0,1246.0,161.58803954409058,0.7493975903614458,0.9991974317817014,0.0,0.0,0.0
BEV2_2024-06-20_drive1.csv,BEV2,2.762514939465538,50.857481,4.703971999999999,50.857474,4.703971999999999,0.0007783655611757,3549.122773742181,0.0,1.2246467991473532e-16,-1.0,0.3104856771714301,0.5086111481869262,1.0505437613146764,17.076712244428656,78.9,0.0,0.0,20.0,0.0,0.0,0.0,17.5,0.0,0.0,20.25,0.0,0.0,2.75,0.0,0.0,0.0,0.0,1380.75,0.0,0.0,0.0,0.0,10,0.0,43412.0,201.2478744162816,201.5175096784229,18.6320112169363,3053.0,18.06877352857978,19.4797644744931,23.602928620579757,28.31123093391856,0,,,24.0,28.5,42447.0,0.0,0.0,0.0,0.0,0.0,0.0,0.0,0.0,0.0,1.0,1.0,0.0,0.0,0.0,1160.0,150.62660794510822,0.6853448275862069,1.0,0.0,0.0,0.0
BEV2_2024-06-20_drive2.csv,BEV2,3.682124635798612,50.857473,4.703973,50.857472,4.70398,0.0005037695979634,7309.144201404876,0.0,0.975335842246503,-0.2207260628682179,0.2178887662841706,0.4490701346227057,0.560861012376398,15.905879938744452,78.0,0.0,0.0,18.5,0.0,0.0,0.0,19.25,0.0,0.0,21.5,0.0,0.0,2.25,0.0,0.0,0.0,0.0,1501.5,0.0,0.0,-5.523186953697918,0.0,10,0.0,27685.0,202.66988339909557,206.72371410520532,17.069397695384442,2588.8,17.78351282715142,19.79644301713117,23.36829439933656,27.96801177940182,0,,,19.5,22.0,7743.0,0.0,0.0,0.0,0.0,0.0,0.0,0.0,0.0,0.0,1.0,1.0,0.0,0.0,0.0,1104.0,175.74757458026932,0.614687216681777,0.9990942028985508,0.0,0.0,0.0
BEV2_2024-06-21_drive1.csv,BEV2,6.666763492189709,50.857472,4.703979,50.857463,4.703984999999999,0.0010857630742678,6140.164139110643,0.0,0.3878861994211983,-0.9217072725646568,0.2873196925556203,0.4611195832334913,0.9083644451701952,38.213519109897504,77.10000000000001,0.0,0.0,17.0,0.0,0.0,0.0,17.5,0.0,0.0,20.0,0.0,0.0,2.5,0.0,0.0,0.0,0.0,1349.2500000000002,0.0,0.0,-20.000290476569127,0.0,10,0.0,42622.0,213.4267275745781,206.72371410520532,11.166496785853251,2172.9,14.69436369698666,19.627501085957174,22.6995502865013,27.232166434186745,1,210.63037351360356,2210.0,20.0,24.0,42550.0,0.0,0.0,0.0,0.0,0.0,0.0,0.0,0.0,0.0,0.0,0.0,0.0,0.0,0.0,2405.0,148.8354206544462,0.6501663893510815,0.9995841995841996,0.0,0.0,0.0
BEV2_2024-06-21_drive10.csv,BEV2,1.9886741272710755,50.857468,4.703978,50.862157,4.685589,1.392031271451115,1.4286131124037131,0.0,-0.9272042753228,0.3745560463043162,0.2558645119136304,0.4416316532860844,0.7663170563666555,9.978715964631588,87.4,0.0,0.0,17.5,0.0,0.0,0.0,24.75,0.0,0.0,29.5,0.0,0.0,4.75,0.0,0.0,0.0,0.0,2163.15,0.0,0.0,-4.9716853181776886,0.0,10,0.0,811.0,231.3628468177282,227.1754242384941,3.653383976305245,1540.0,9.317134405356004,17.776809149004684,22.438433999362317,26.92110410089396,0,,,24.75,29.5,522.0,0.0,0.0,0.0,0.0,0.0,0.0,0.0,0.0,0.0,1.0,1.0,0.0,0.0,0.0,1005.0,167.62193945301442,0.7589641434262948,0.999004975124378,0.0,0.0,0.0
BEV2_2024-06-21_drive2.csv,BEV2,2.301352203140174,50.86216,4.68559,50.857293,4.703914,1.3953610102944085,1.6492880237886325,0.0,0.9217238067131054,-0.387846908120075,0.3671216606946904,0.4997704704104083,1.187851409683158,16.88759639195576,87.10000000000001,0.0,0.0,16.666666666666668,0.0,0.0,0.0,24.0,0.0,0.0,29.25,0.0,0.0,5.25,0.0,0.0,0.0,0.0,2090.4,0.0,0.0,-7.671174010467245,0.0,10,0.0,670.0,224.15998230976592,215.39603559039733,3.5941440074929725,1516.0,9.28274409297109,17.540990059895773,22.272423745727743,26.934377926265704,1,270.6362797539293,920.0,24.0,29.25,671.0,0.0,0.0,0.0,0.0,0.0,0.0,0.0,0.0,0.0,0.0,0.0,0.0,0.0,0.0,917.0,165.3559139538128,0.6968375136314068,1.0,0.0,0.0,0.0
BEV2_2024-06-21_drive3.csv,BEV2,3.014748527178074,50.857461,4.703984,50.874532,4.696785,1.964294645977467,1.53477408969767,0.0,-0.2572019422592257,0.9663576775180512,0.2107225674813895,0.3447694427591496,0.4047106011953837,12.64335404888337,75.3,0.0,0.0,17.5,0.0,0.0,0.0,20.5,0.0,0.0,22.75,0.0,0.0,2.25,0.0,0.0,0.0,0.0,1543.65,0.0,0.0,-7.536871317945185,0.0,10,0.0,7533.0,204.06758916035471,206.72371410520532,6.4656699571823015,1853.0,12.244831930792053,19.32819612836828,21.89817078617968,26.390458771929616,0,,,19.5,25.0,7534.0,0.0,0.0,0.0,0.0,0.0,0.0,0.0,0.0,0.0,1.0,1.0,0.0,0.0,0.0,1885.0,139.1400989669018,0.732484076433121,0.99946949602122,0.0,0.0,0.0
BEV2_2024-06-21_drive4.csv,BEV2,6.431144762759693,50.874532,4.696785,50.862488,4.68666,1.5160456719230857,4.24205212406422,0.0,-0.468670948316557,-0.883372821748586,0.3091345751887572,0.4502311225978642,1.0210356737292616,39.56922562416093,74.4,0.0,0.0,17.0,0.0,0.0,0.0,22.5,0.0,0.0,24.75,0.0,0.0,2.25,0.0,0.0,0.0,0.0,1674.0000000000002,0.0,0.0,-19.29343428827908,0.0,10,0.0,4107.0,213.1088552176404,211.98126384315088,4.2900105219434055,1709.3,10.137687209875132,19.356967965319043,22.00733797657033,26.420340357698866,0,,,20.75,25.5,4107.0,0.0,0.0,0.0,0.0,0.0,0.0,0.0,0.0,0.0,1.0,1.0,0.0,0.0,0.0,3699.0,189.27407467790923,0.7745336577453366,1.0,0.0,0.0,0.0
BEV2_2024-06-21_drive5.csv,BEV2,0.1614939207700449,50.862492,4.686662999999999,50.861964,4.685873,0.0807542588268014,1.999819243173424,0.0,-0.6866026314175697,-0.7270328923305114,1.2116081409335877,0.5656677408131616,1.691699274884365,3.6348244228007633,90.7,0.0,0.0,19.0,0.0,0.0,0.0,24.5,0.0,0.0,29.25,0.0,0.0,4.75,0.0,0.0,0.0,0.0,2222.15,0.0,0.0,-0.1614939207700449,0.0,10,0.0,8988.0,221.4991547098652,211.98126384315088,4.287296482179933,1750.4,10.05661523519428,19.511802746336304,22.51074637637747,27.015219994643807,0,,,24.5,29.25,1.0,0.0,0.0,0.0,0.0,0.0,0.0,0.0,0.0,0.0,1.0,1.0,0.0,0.0,0.0,335.0,70.43096700009241,0.8803680981595092,0.9731343283582088,0.0,0.0,0.0
BEV2_2024-06-21_drive6.csv,BEV2,2.580161410630425,50.861964,4.685873,50.857467,4.703971999999999,1.365218472461276,1.8899256512247424,0.0,0.9305069727615034,-0.3662741782356802,0.3657024106114365,0.4804815293981513,1.1919462247656305,18.650822941183264,90.6,0.0,0.0,18.0,0.0,0.0,0.0,26.0,0.0,0.0,28.5,0.0,0.0,2.5,0.0,0.0,0.0,0.0,2355.6,0.0,0.0,-5.16032282126085,0.0,10,0.0,13812.0,221.4991547098652,211.98126384315088,4.287296482179933,1750.4,10.05661523519428,19.511802746336304,22.51074637637747,27.015219994643807,1,248.8177895510331,1249.0,24.0,29.25,3916.0,0.0,0.0,0.0,0.0,0.0,0.0,0.0,0.0,0.0,0.0,0.0,0.0,0.0,0.0,917.0,194.02625497949663,0.6517467248908297,0.9989094874591058,0.0,0.0,0.0
BEV2_2024-06-21_drive7.csv,BEV2,2.4959247562624194,50.857465,4.703971,50.873306,4.702105,1.7663025949370028,1.4130788028148933,0.0,-0.0741414248450569,0.9972477370853968,0.1994388514657367,0.3557085261831356,0.4403136834970118,9.7725037218211,89.7,0.0,0.0,16.0,0.0,0.0,0.0,26.0,0.0,0.0,28.25,0.0,0.0,2.25,0.0,0.0,0.0,0.0,2332.2000000000003,0.0,0.0,-9.983699025049678,0.0,10,0.0,2761.0,218.4541952641705,211.98126384315088,4.041271747331413,1607.8,10.292779353556218,19.619772784090976,22.95155638496566,27.36500519693102,0,,,24.75,29.25,2762.0,0.0,0.0,0.0,0.0,0.0,0.0,0.0,0.0,0.0,1.0,1.0,0.0,0.0,0.0,1180.0,100.1307866269138,0.6861747243426632,0.9991525423728812,0.0,0.0,0.0
BEV2_2024-06-21_drive8.csv,BEV2,2.639032869210095,50.873305,4.702105,50.857467,4.703977,1.766001203229056,1.4943550799312812,0.0,0.0743925148222738,-0.9972290377533226,0.2945403747768949,0.3902947844392122,0.745267647778729,15.316099488398535,89.10000000000001,0.0,0.0,17.0,0.0,0.0,0.0,23.75,0.0,0.0,28.25,0.0,0.0,4.5,0.0,0.0,0.0,0.0,2116.125,0.0,0.0,-7.917098607630285,0.0,10,0.0,342.0,218.2726777094504,208.07460443475267,3.647894113858425,1505.1,10.004944772194536,19.215758199364565,22.987401761718964,27.17172858329297,0,,,23.75,28.25,288.0,0.0,0.0,0.0,0.0,0.0,0.0,0.0,0.0,0.0,1.0,1.0,0.0,0.0,0.0,742.0,169.060746353801,0.5951417004048583,0.9986522911051212,0.0,0.0,0.0
BEV2_2024-06-21_drive9.csv,BEV2,3.679378115867504,50.857465,4.703974,50.857469,4.703978,0.0005259851685957,6995.212670522291,0.0,0.5337951740966703,0.8456138078999808,0.2200347635143851,0.4531960276746367,0.6084113938979918,16.062537736550116,88.40000000000002,0.0,0.0,16.5,0.0,0.0,0.0,26.25,0.0,0.0,28.5,0.0,0.0,2.25,0.0,0.0,0.0,0.0,2320.5000000000005,0.0,0.0,-12.877823405536263,0.0,10,0.0,3391.0,222.2866924806824,225.11154282079497,3.732410281504417,1542.1,9.560883646426754,18.44269665167069,22.819688320858745,27.18306245426072,1,179.79791406473294,1105.0,24.0,30.25,3391.0,0.0,0.0,0.0,0.0,0.0,0.0,0.0,0.0,0.0,0.0,0.0,0.0,0.0,0.0,1033.0,181.6146094785524,0.5982575024201355,1.0,0.0,0.0,0.0
BEV2_2024-06-22_drive1.csv,BEV2,3.018298321050914,50.857293,4.703914,50.864378,4.677999,1.9821807002959348,1.5227160271514546,0.0,-0.9176239593327384,0.3974497065774595,0.3068380036518072,0.4804381608425122,1.2476594785700637,18.410280219108436,86.30000000000001,0.0,0.0,18.5,0.0,0.0,0.0,16.5,0.0,0.0,19.0,0.0,0.0,2.5,0.0,0.0,0.0,0.0,1423.9500000000005,0.0,0.0,-4.527447481576371,0.0,10,0.0,55660.0,228.19874015797595,227.1754242384941,3.5480618227223117,1491.7,9.328285903605732,17.170913514530096,22.83616000250435,27.657993470674683,0,,,24.0,30.0,55661.0,0.0,0.0,0.0,0.0,0.0,0.0,0.0,0.0,0.0,1.0,1.0,0.0,0.0,0.0,618.0,192.4274197599812,0.4207119741100323,1.0,0.0,0.0,0.0
BEV2_2024-06-22_drive2.csv,BEV2,66.08198999405346,50.86438,4.677989999999999,51.222322,4.411593,43.943253277994586,1.503802860839738,0.0,-0.423826056712015,0.9057436026006168,0.0730080168045134,0.227325060017664,0.1440035974842462,114.2575462990636,90.7,0.0,0.0,18.0,0.0,0.0,0.0,20.25,0.0,0.0,24.0,0.0,0.0,3.75,0.0,0.0,0.0,0.0,1836.675,0.0,0.0,-132.16397998810692,0.0,10,0.0,4284.0,225.0324378084773,227.1754242384941,3.481679191247541,1443.3,9.878417844548917,17.16606722158254,22.59482877295784,27.445608886756965,0,,,20.25,24.0,631.0,0.0,0.0,0.0,0.0,0.0,0.0,0.0,0.0,0.0,1.0,1.0,0.0,0.0,0.0,8246.0,757.2767873969397,0.4881763030828278,0.979505214649527,0.0,0.0,0.0
BEV2_2024-06-22_drive3.csv,BEV2,14.257758987211602,51.222323,4.411591,51.253216,4.44604,4.189507510660428,3.403206451100032,0.0,0.5724478507581797,0.8199411309126655,0.1484764975996238,0.2823982835452402,0.5331288952261337,44.54294927988715,74.8,0.0,0.0,25.5,0.0,0.0,0.0,29.0,0.0,0.0,31.0,0.0,0.0,2.0,0.0,0.0,0.0,0.0,2169.2,0.0,0.0,78.4176744296638,0.0,10,0.0,3226.0,204.356087049534,227.1754242384941,9.423194822226057,2027.4,11.765642446418234,17.50517432826581,23.33114463496403,28.300089893528263,0,,,26.0,31.5,3227.0,0.0,0.0,0.0,0.0,0.0,0.0,0.0,0.0,0.0,1.0,1.0,0.0,0.0,0.0,2031.0,474.9041896352792,0.421209117938553,0.9935992122107336,0.0,0.0,0.0
BEV2_2024-06-22_drive4.csv,BEV2,60.87147648791737,51.253216,4.44604,50.85729,4.703889,47.57090298574551,1.2795947242405163,0.0,0.3788462641738587,-0.9254596199302868,0.0496286766555676,0.1878556532809293,0.065956945563705,76.72593410950762,71.5,0.0,0.0,23.5,0.0,0.0,0.0,28.25,0.0,0.0,33.75,0.0,0.0,5.5,0.0,0.0,0.0,0.0,2019.875,0.0,0.0,213.0501677077108,0.0,10,0.0,250.0,199.86649043018315,206.55318602811587,10.547485668106372,2042.0,13.714272249684624,17.95379806871062,24.128481443171037,29.07101298704212,0,,,28.25,33.75,251.0,0.0,0.0,0.0,0.0,0.0,0.0,0.0,0.0,0.0,1.0,1.0,0.0,0.0,0.0,4230.0,1024.3483476281292,0.371842960740185,0.9453900709219858,0.0,0.0,0.0
BEV2_2024-06-22_drive5.csv,BEV2,3.6666980758593706,50.85729,4.703889,50.857289,4.703911,0.0015482299943447,2368.316134716966,0.0,0.9974175535370856,-0.0718207762147921,0.2461983132839844,0.4849680410738756,0.5632406762960255,17.972476869730862,53.9,0.0,0.0,25.0,0.0,0.0,0.0,29.5,0.0,0.0,31.75,0.0,0.0,2.25,0.0,0.0,0.0,0.0,1590.05,0.0,0.0,18.33349037929685,0.0,10,0.0,1945.0,201.1381063657097,203.91844061540496,15.991525800096444,2095.2,18.264540166635797,18.483775487064737,24.783008661536066,29.741142662560836,1,217.45991700809645,1036.0,28.25,32.75,1946.0,0.0,0.0,0.0,0.0,0.0,0.0,0.0,0.0,0.0,0.0,0.0,0.0,0.0,0.0,1036.0,215.5976301174928,0.6177606177606177,1.0,0.0,0.0,0.0
BEV2_2024-06-22_drive6.csv,BEV2,3.155193325956786,50.857289,4.703911,50.861929,4.686055,1.3553379830436858,2.327975283973936,0.0,-0.9247083248986534,0.3806763899470606,0.1938164047249366,0.4200174291981673,0.5334597588237036,12.210433497671008,53.0,0.0,0.0,25.0,0.0,0.0,0.0,29.75,0.0,0.0,32.0,0.0,0.0,2.25,0.0,0.0,0.0,0.0,1576.75,0.0,0.0,15.77596662978393,0.0,10,0.0,2925.0,199.65587223976848,195.0071549871519,16.10017946661934,2107.1,18.52537502947676,18.9371977914162,25.1346412317125,30.11713737965126,0,,,28.5,32.25,2925.0,0.0,0.0,0.0,0.0,0.0,0.0,0.0,0.0,0.0,1.0,1.0,0.0,0.0,0.0,628.0,213.9412840132064,0.4522292993630573,1.0,0.0,0.0,0.0
BEV2_2024-06-22_drive7.csv,BEV2,2.58809879425052,50.861932,4.686043,50.857281,4.703901999999999,1.3559987878144897,1.9086291355922589,0.0,0.9244130312063852,-0.3813929046741993,0.3593591051847257,0.4788790382544212,1.1045413870196166,18.32731436442101,90.7,0.0,0.0,20.5,0.0,0.0,0.0,28.25,0.0,0.0,30.5,0.0,0.0,2.25,0.0,0.0,0.0,0.0,2562.275,0.0,0.0,1.29404939712526,0.0,10,0.0,14418.0,198.20991929910983,189.6631614027068,16.166106323588775,2051.9,19.56594778431974,19.59112145417019,25.5642186681062,30.48946215150186,1,260.8014742809483,920.0,25.0,31.25,1956.0,0.0,0.0,0.0,0.0,0.0,0.0,0.0,0.0,0.0,0.0,0.0,0.0,0.0,0.0,917.0,173.77288342840365,0.6470588235294118,0.9640130861504908,0.0,0.0,0.0
BEV2_2024-06-23_drive1.csv,BEV2,2.222280523751229,50.857281,4.703901,50.863173,4.693667,0.972211960122642,2.2857983802944517,0.0,-0.738834042450693,0.6738874221381251,0.575551117341561,0.7639634999054921,1.341497508759756,25.32424916302868,89.9,0.0,0.0,15.0,0.0,0.0,0.0,20.0,0.0,0.0,23.0,0.0,0.0,3.0,0.0,0.0,0.0,0.0,1798.0,0.0,0.0,-11.111402618756143,0.0,10,0.0,43163.0,198.20991929910983,189.6631614027068,16.166106323588775,2051.9,19.56594778431974,19.59112145417019,25.5642186681062,30.48946215150186,0,,,26.0,30.25,27828.0,0.0,0.0,0.0,0.0,0.0,0.0,0.0,0.0,0.0,1.0,1.0,0.0,0.0,0.0,1056.0,203.6822383970973,0.628436018957346,0.9990530303030304,0.0,0.0,0.0
BEV2_2024-06-23_drive2.csv,BEV2,31.77680036754071,50.863173,4.693667,50.9792,4.974634,23.544258629089303,1.349662389805724,0.0,0.8364960329614648,0.5479729800270557,0.0508493192713786,0.1681434351010069,0.0728250555511167,40.83200337491709,89.30000000000001,0.0,0.0,18.5,0.0,0.0,0.0,20.25,0.0,0.0,22.25,0.0,0.0,2.0,0.0,0.0,0.0,0.0,1808.3250000000005,0.0,0.0,-47.66520055131106,0.0,10,0.0,1288.0,197.87715336874635,189.6631614027068,16.124419969534895,2083.2,19.047815668165704,19.5588353313977,25.10145932435588,29.80070841298445,0,,,19.25,23.0,1289.0,0.0,0.0,0.0,0.0,0.0,0.0,0.0,0.0,0.0,1.0,1.0,0.0,0.0,0.0,2430.0,984.5688939731668,0.4135695764909248,0.9522633744855968,0.0,0.0,0.0
BEV2_2024-06-23_drive3.csv,BEV2,2.370191017124774,50.9792,4.974634,50.978495,4.948341,1.842421159600444,1.2864545138196226,0.0,-0.999094396176911,-0.0425486489549744,0.2167722867941931,0.5539379907774103,0.6732934827290721,10.188297479327078,81.9,0.0,0.0,22.0,0.0,0.0,0.0,27.25,0.0,0.0,29.25,0.0,0.0,2.0,0.0,0.0,0.0,0.0,2231.775,0.0,0.0,4.740382034249548,0.0,10,0.0,4457.0,199.979882716982,189.6631614027068,18.93413156795801,2222.8,22.47296354913929,19.811636459489776,24.817801151042968,29.62433292288773,0,,,25.5,32.25,4457.0,0.0,0.0,0.0,0.0,0.0,0.0,0.0,0.0,0.0,1.0,1.0,0.0,0.0,0.0,917.0,368.1074735453888,0.693565976008724,1.0,0.0,0.0,0.0
BEV2_2024-06-23_drive4.csv,BEV2,27.19741110005478,50.978495,4.948341,50.858077,4.704181,21.73100969816501,1.251548431380589,0.0,-0.7876174825888596,-0.6161645081635159,0.0634414805887887,0.1858483255249468,0.1247282075600923,43.14020680037633,81.30000000000001,0.0,0.0,26.0,0.0,0.0,0.0,26.75,0.0,0.0,31.5,0.0,0.0,4.75,0.0,0.0,0.0,0.0,2174.775,0.0,0.0,163.18446660032868,0.0,10,0.0,814.0,200.8319880731425,199.33773985091227,18.972258099018365,2213.9,22.69080298450425,20.263785963365244,25.082678336730588,29.87458668354817,0,,,27.0,31.75,815.0,0.0,0.0,0.0,0.0,0.0,0.0,0.0,0.0,0.0,1.0,1.0,0.0,0.0,0.0,2071.0,857.679644102243,0.3110435663627153,0.9531627233220666,0.0,0.0,0.0
BEV2_2024-06-24_drive1.csv,BEV2,6.504816439533244,50.858077,4.70418,50.862448,4.686751,1.3163216627323528,4.941661771356768,0.0,-0.9293355587069292,0.3692362649075515,0.3103619546253437,0.4668351322129681,0.9663636898729604,40.34705410129468,72.3,0.0,0.0,16.0,0.0,0.0,0.0,21.0,0.0,0.0,24.0,0.0,0.0,3.0,0.0,0.0,0.0,0.0,1518.3,0.0,0.0,-26.019265758132978,0.0,10,0.0,70817.0,201.66220255486596,199.33773985091227,21.46182989984795,2329.4,26.50872745637132,20.930405796774934,25.52214132806959,30.146825616104632,0,,,29.25,33.0,47569.0,0.0,0.0,0.0,0.0,0.0,0.0,0.0,0.0,0.0,1.0,1.0,0.0,0.0,0.0,2069.0,232.12875308801512,0.6088007736943907,0.999516674722088,0.0,0.0,0.0
BEV2_2024-06-24_drive2.csv,BEV2,2.7997282294932653,50.862448,4.686751999999999,50.857296,4.703897,1.3327845077516467,2.1006608444273507,0.0,0.9029075900850666,-0.4298347168002804,0.4262122461661544,0.5533272729391301,1.264486212786921,23.44167353913849,70.60000000000001,0.0,0.0,18.0,0.0,0.0,0.0,19.5,0.0,0.0,21.75,0.0,0.0,2.25,0.0,0.0,0.0,0.0,1376.7000000000005,0.0,0.0,-5.5994564589865305,0.0,10,0.0,32269.0,202.50151753957644,201.0398776814139,21.810488730812985,2474.6,25.888636760433048,20.7814761921462,25.8479653112393,30.5001794029209,0,,,20.5,23.25,15479.0,0.0,0.0,0.0,0.0,0.0,0.0,0.0,0.0,0.0,1.0,1.0,0.0,0.0,0.0,963.0,115.9450586360542,0.5405405405405406,0.9989615784008308,0.0,0.0,0.0
BEV2_2024-06-24_drive3.csv,BEV2,3.650714983078122,50.857296,4.703895999999999,50.85729,4.703917,0.00161799515962,2256.320089323005,0.0,0.911028256523702,-0.4123439290390776,0.2522383423753888,0.523417241081652,0.6508802818190832,18.413398993403383,69.7,0.0,0.0,24.0,0.0,0.0,0.0,21.5,0.0,0.0,23.75,0.0,0.0,2.25,0.0,0.0,0.0,0.0,1498.55,0.0,0.0,14.602859932312487,0.0,10,0.0,2591.0,207.183662667921,208.2490254791653,15.482262554356964,1746.4,24.0470074447932,20.752552252752263,25.251668437033317,29.77889587444556,1,184.9584678792451,1039.0,20.0,25.0,2592.0,0.0,0.0,0.0,0.0,0.0,0.0,0.0,0.0,0.0,0.0,0.0,0.0,0.0,0.0,1011.0,155.9833148452738,0.5673267326732673,0.9990108803165184,0.0,0.0,0.0
BEV2_2024-06-24_drive4.csv,BEV2,19.74494518967767,50.857289,4.703917,50.857581,4.704028,0.0333906927324145,591.3308043025402,0.0,0.233338283005544,0.9723956219996184,0.1274536291561742,0.3212138391027818,0.337132221695931,50.47163714584499,68.8,0.0,0.0,25.5,0.0,0.0,0.0,25.75,0.0,0.0,28.0,0.0,0.0,2.25,0.0,0.0,0.0,0.0,1771.6,0.0,0.0,108.59719854322718,0.0,10,0.0,1572.0,209.54091623851417,208.2490254791653,14.42154503362207,1644.5,22.818321927952447,21.084019864333065,24.637599858402083,29.24416768165667,0,,,23.75,29.25,1429.0,0.0,0.0,0.0,0.0,0.0,0.0,0.0,0.0,0.0,1.0,1.0,0.0,0.0,0.0,1856.0,507.30213626115335,0.2975741239892183,0.9994612068965516,0.0,0.0,0.0
BEV2_2024-06-25_drive1.csv,BEV2,38.566089854230135,50.857584,4.704025,50.811502,5.234705,37.61837517734224,1.025192865784876,0.0,0.9906796896618576,-0.136212159851776,0.0428434161331801,0.1474493069963516,0.0616225666763151,37.57367594879901,90.3,0.0,0.0,18.0,0.0,0.0,0.0,24.75,0.0,0.0,28.25,0.0,0.0,3.5,0.0,0.0,0.0,0.0,2234.925,0.0,0.0,-77.13217970846027,0.0,10,0.0,38072.0,192.4260370560795,201.0398776814139,10.308884944323792,1407.1,21.464261353159152,21.5233729916198,24.470223979433,28.91001782307277,0,,,30.5,34.75,29889.0,0.0,0.0,0.0,0.0,0.0,0.0,0.0,0.0,0.0,1.0,1.0,0.0,0.0,0.0,3376.0,749.11516261723,0.4175757575757576,0.9774881516587678,0.0,0.0,0.0
BEV2_2024-06-25_drive2.csv,BEV2,38.02498942637125,50.811502,5.234705,50.862437,4.686726999999999,38.89509944954087,0.9776293148627008,0.0,-0.9893413406305536,0.1456149433242987,0.0377173112940336,0.1560032054006549,0.0535985495129389,37.7927459166217,82.5,0.0,0.0,22.0,0.0,0.0,0.0,26.75,0.0,0.0,29.25,0.0,0.0,2.5,0.0,0.0,0.0,0.0,2206.875,0.0,0.0,76.0499788527425,0.0,10,0.0,4264.0,186.63329804294915,201.0398776814139,13.798824122160871,1641.2,24.30142898429359,21.166000792907543,24.05971099504233,28.591743379803336,0,,,25.0,30.25,4264.0,0.0,0.0,0.0,0.0,0.0,0.0,0.0,0.0,0.0,1.0,1.0,0.0,0.0,0.0,4056.0,926.2970189884636,0.5364289379168804,0.9610453648915188,0.0,0.0,0.0
BEV2_2024-06-25_drive3.csv,BEV2,22.440764880941032,50.862455,4.68676,50.86244,4.686776,0.0020107218166164,11160.551745891367,0.0,0.5584827399958511,-0.829516141570932,0.1726790245809457,0.3892581917723173,0.6359997454703411,77.70556106142557,73.60000000000001,0.0,0.0,21.5,0.0,0.0,0.0,27.0,0.0,0.0,29.75,0.0,0.0,2.75,0.0,0.0,0.0,0.0,1987.2000000000005,0.0,0.0,33.66114732141155,0.0,10,0.0,8921.0,187.4216705999812,201.0398776814139,17.285803732202318,1984.1,25.872992626676883,21.141760048905475,23.812427346557055,28.456498261626244,0,,,27.25,32.0,8922.0,0.0,0.0,0.0,0.0,0.0,0.0,0.0,0.0,0.0,1.0,1.0,0.0,0.0,0.0,2813.0,350.23595385810074,0.2888651725364639,0.9992890152861712,0.0,0.0,0.0
BEV2_2024-06-25_drive5.csv,BEV2,12.880733026552864,50.86242,4.686777,50.857457,4.703978,1.3274593755211976,9.703297339321988,0.0,0.9094892865470644,-0.4157273597637178,0.1780185922775634,0.3428249214257922,0.5739181833635477,45.92879680761138,65.8,0.0,0.0,27.0,0.0,0.0,0.0,34.25,0.0,0.0,36.75,0.0,0.0,2.5,0.0,0.0,0.0,0.0,2253.65,0.0,0.0,90.16513118587004,0.0,10,0.0,18906.0,183.27548261708156,192.09493381067907,19.30769371359056,2159.9,27.98542562810952,22.275699504582885,24.78489807004464,29.56251777380989,0,,,32.75,37.75,3969.0,0.0,0.0,0.0,0.0,0.0,0.0,0.0,0.0,0.0,1.0,1.0,0.0,0.0,0.0,2278.0,368.3324585239875,0.4729907773386034,0.9995610184372256,0.0,0.0,0.0
BEV2_2024-06-26_drive1.csv,BEV2,2.3903904689198656,50.857457,4.703977,50.862451,4.686654,1.3366800464179964,1.7883041460262517,0.0,-0.909621311420337,0.4154384067583862,0.4203384075352344,0.4894952816343127,1.3645914202265703,19.755905154156014,62.8,0.0,0.0,20.0,0.0,0.0,0.0,24.25,0.0,0.0,27.5,0.0,0.0,3.25,0.0,0.0,0.0,0.0,1522.9,0.0,0.0,0.0,0.0,10,0.0,48772.0,177.26723792529845,185.65245718635373,17.418086979491772,2144.9,25.313640422212096,23.34571967187309,25.841329315282888,30.532076285530213,0,,,33.75,39.5,48773.0,0.0,0.0,0.0,0.0,0.0,0.0,0.0,0.0,0.0,1.0,1.0,0.0,0.0,0.0,579.0,146.0229733221769,0.3626943005181347,1.0,0.0,0.0,0.0
BEV2_2024-06-26_drive2.csv,BEV2,26.09690666682904,50.86245,4.686654,50.858717,4.695741,0.7609733660005633,34.294113083071714,0.0,0.8381277028157502,-0.5454740633364648,0.1088611217016731,0.2704423442863093,0.2851522979918822,66.73186760312564,90.5,0.0,0.0,25.5,0.0,0.0,0.0,28.25,0.0,0.0,30.75,0.0,0.0,2.5,0.0,0.0,0.0,0.0,2556.625,0.0,0.0,143.53298666755973,0.0,10,0.0,11943.0,176.61598740402349,179.72074821754978,17.42011394388141,2111.2,25.862273579524448,23.15431698418868,25.49448596616278,30.074031876334136,0,,,26.5,30.75,3477.0,0.0,0.0,0.0,0.0,0.0,0.0,0.0,0.0,0.0,1.0,1.0,0.0,0.0,0.0,3231.0,573.3461756557509,0.3910296904611497,0.9798823893531414,0.0,0.0,0.0
BEV2_2024-06-26_drive3.csv,BEV2,1.6299846155436502,50.858717,4.695741,50.862385,4.686815999999999,0.747501421768404,2.1805772779501997,0.0,-0.8380224030936136,0.5456358235244502,0.2220010653104893,0.4831008477447537,0.6946003371240708,7.1040340899356575,84.2,0.0,0.0,33.0,0.0,0.0,0.0,32.75,0.0,0.0,39.75,0.0,0.0,7.0,0.0,,1.0,,2757.55,0.0,0.0,21.18980000206745,0.0,10,0.0,15435.0,176.61598740402349,179.72074821754978,17.42011394388141,2111.2,25.862273579524448,23.15431698418868,25.49448596616278,30.074031876334136,0,,,32.75,39.75,261.0,0.0,0.0,0.0,0.0,0.0,0.0,0.0,0.0,0.0,1.0,1.0,0.0,0.0,0.0,918.0,252.05404769794495,0.7991266375545851,0.9978213507625272,0.0,0.0,0.0
BEV2_2024-06-26_drive4.csv,BEV2,18.312918957005387,50.862385,4.686815999999999,50.863011,4.430979,17.95584426386715,1.0198862658803955,0.0,-0.9999924858587708,0.0038766255939974,0.0729720274799186,0.2383922396699465,0.1101027203176165,30.356363431646148,83.80000000000001,0.0,0.0,23.5,0.0,0.0,0.0,34.0,0.0,0.0,36.5,0.0,0.0,2.5,0.0,0.0,0.0,0.0,2849.2000000000003,0.0,0.0,64.09521634951885,0.0,10,0.0,8439.0,170.46190283238712,179.72074821754978,14.863371295430298,1995.6,21.78220069751229,23.79224505115852,26.08467983756888,30.89370470848356,0,,,34.75,40.75,8439.0,0.0,0.0,0.0,0.0,0.0,0.0,0.0,0.0,0.0,1.0,1.0,0.0,0.0,0.0,1590.0,852.6473817393705,0.4037347070186735,0.9767295597484276,0.0,0.0,0.0
BEV2_2024-06-26_drive7.csv,BEV2,58.79739314521323,51.218729,4.41563,50.857596,4.704022,44.93453400979157,1.308512360056985,0.0,0.4487474774763596,-0.8936586045345304,0.054276914363088,0.2091543600551393,0.0925052071646588,80.38411017173335,68.2,0.0,0.0,26.0,0.0,0.0,0.0,36.25,0.0,0.0,39.0,0.0,0.0,2.75,0.0,0.0,0.0,0.0,2472.25,0.0,0.0,352.7843588712794,0.0,10,0.0,17678.0,171.15243154913256,179.72074821754978,16.044174528060715,1947.5,24.79366556328062,25.03139973953935,27.34663676922248,32.05409747485964,0,,,37.0,41.5,8001.0,0.0,0.0,0.0,0.0,0.0,0.0,0.0,0.0,0.0,1.0,1.0,0.0,0.0,0.0,3926.0,957.29950489258,0.3009970358393964,0.9452368823229752,0.0,0.0,0.0
BEV2_2024-06-27_drive7.csv,BEV2,1.8676236419345893,50.857226,4.703895999999999,50.857509,4.704002,0.0323358517175813,57.757057344468855,0.0,0.2300968310184702,0.9731677390641644,0.3718908366435597,0.5897543508725734,1.1519724158143465,13.759960955811712,63.7,0.0,0.0,29.0,0.0,0.0,0.0,29.5,0.0,0.0,31.75,0.0,0.0,2.25,0.0,0.0,0.0,0.0,1879.15,0.0,0.0,16.808612777411305,0.0,10,0.0,73894.0,179.2833025476163,179.72074821754978,21.64394101963271,2243.8,29.13738831290489,25.745430981585677,28.65478443983353,33.36422399812077,0,,,27.5,31.5,1190.0,0.0,0.0,0.0,0.0,0.0,0.0,0.0,0.0,0.0,1.0,1.0,0.0,0.0,0.0,1262.0,156.34261447573567,0.774375503626108,0.9833597464342314,0.0,0.0,0.0
BEV2_2024-06-27_drive8.csv,BEV2,13.770704970696746,50.857509,4.704002,50.85752,4.703997,0.001272501010936,10821.763481795975,0.0,-0.2758033748150695,0.9612140752405878,0.1652726380843298,0.3861335238909495,0.3249889978090996,45.78052074935936,82.80000000000001,0.0,0.0,30.85,0.0,0.0,0.0,32.0,0.0,0.0,35.75,0.0,0.0,3.75,0.0,0.0,0.0,0.0,2649.6000000000004,0.0,0.0,149.41214893205972,0.0,10,0.0,81051.0,179.2833025476163,179.72074821754978,21.64394101963271,2243.8,29.13738831290489,25.745430981585677,28.65478443983353,33.36422399812077,0,,,32.0,35.5,576.0,0.0,0.0,0.0,0.0,0.0,0.0,0.0,0.0,0.0,1.0,1.0,0.0,0.0,0.0,2423.0,360.7944965359228,0.5018587360594795,0.9991745769706974,0.0,0.0,0.0
BEV2_2024-06-28_drive2.csv,BEV2,59.81395715892722,50.86244,4.686737,50.994675,5.539056,61.51749458570023,0.9723080818189076,0.0,0.9710151415548742,0.2390179802256885,0.0374745905064107,0.1602060445899138,0.0396591112051067,56.3617841216417,88.5,0.0,0.0,19.0,0.0,0.0,0.0,21.75,0.0,0.0,24.0,0.0,0.0,2.25,0.0,0.0,0.0,0.0,1924.875,0.0,0.0,-59.81395715892722,0.0,10,0.0,137586.0,179.2833025476163,179.72074821754978,21.64394101963271,2243.8,29.13738831290489,25.745430981585677,28.65478443983353,33.36422399812077,0,,,21.0,26.5,10008.0,0.0,0.0,0.0,0.0,0.0,0.0,0.0,0.0,0.0,1.0,1.0,0.0,0.0,0.0,4321.0,938.3478057378748,0.3965348950707662,0.9483915760240684,0.0,0.0,0.0
BEV2_2024-06-29_drive7.csv,BEV2,2.490382526856372,50.857693,4.704053,50.873105,4.702423,1.7175522737061129,1.4499602515634973,0.0,-0.0666027115327749,0.9977795742630142,0.2097023876583787,0.2985952541640101,0.6715280093510496,10.27541699526056,45.5,0.0,0.0,25.0,0.0,0.0,0.0,33.25,0.0,0.0,36.25,0.0,0.0,3.0,0.0,0.0,0.0,0.0,1512.875,0.0,0.0,12.45191263428186,0.0,10,0.0,106149.0,182.06620347373965,179.72074821754978,27.260265237217617,2574.8,32.82128744835165,25.56455408492969,29.039285126253,33.80768887003943,0,,,33.25,36.25,862.0,0.0,0.0,0.0,0.0,0.0,0.0,0.0,0.0,0.0,1.0,1.0,0.0,0.0,0.0,756.0,153.422850606451,0.6058201058201058,1.0,0.0,0.0,0.0
BEV2_2024-06-29_drive8.csv,BEV2,20.48948629924868,50.873106,4.702424,50.857283,4.703922,1.762577837636892,11.62472706834846,0.0,0.0596457746203141,-0.998219605883366,0.1368687350478155,0.292589030587602,0.3794034997771076,56.38991883969999,58.4,0.0,0.0,22.0,0.0,0.0,0.0,27.25,0.0,0.0,31.25,0.0,0.0,4.0,0.0,0.0,0.0,0.0,1591.4,0.0,0.0,40.97897259849736,0.0,10,0.0,3886.0,186.78687189324967,185.54984299488424,25.53481599011009,2464.8,30.179373283439595,25.388908439156648,29.660849082730152,34.55692521802901,0,,,27.25,31.25,1.0,0.0,0.0,0.0,0.0,0.0,0.0,0.0,0.0,0.0,1.0,1.0,0.0,0.0,0.0,3807.0,427.1521224321678,0.5821287779237845,0.9994746519569214,0.0,0.0,0.0
BEV2_2024-06-30_drive6.csv,BEV2,53.83907259877628,51.222354,4.411618,50.857577,4.704024,45.42227529932146,1.1853010938793846,0.0,0.450090166577438,-0.8929831140342431,0.0467320083513685,0.1733170818816633,0.0829615949035875,61.359126965346846,56.900000000000006,0.0,0.0,27.5,0.0,0.0,0.0,31.25,0.0,0.0,33.5,0.0,0.0,2.25,0.0,,1.0,,1778.1250000000002,0.0,0.0,403.7930444908221,0.0,10,0.0,82456.0,186.78687189324967,185.54984299488424,25.53481599011009,2464.8,30.179373283439595,25.388908439156648,29.660849082730152,34.55692521802901,0,,,29.25,34.5,6778.0,0.0,0.0,0.0,0.0,0.0,0.0,0.0,0.0,0.0,1.0,1.0,0.0,0.0,0.0,4041.0,880.8291165987312,0.317899637868598,0.9566938876515714,0.0,0.0,0.0
BEV2_2024-07-04_drive1.csv,BEV2,2.264871651157902,50.857284,4.703920999999999,50.862411,4.686777,1.331529126942477,1.7009553943131628,0.0,-0.903706623785084,0.4281522370920942,0.4192393609682422,0.615020160375333,1.1854240611484166,18.8657712435709,88.7,0.0,0.0,16.5,0.0,0.0,0.0,17.75,0.0,0.0,20.5,0.0,0.0,2.75,0.0,,1.0,,1574.425,0.0,0.0,-7.927050779052657,0.0,10,0.0,306495.0,191.26101855910363,189.30717702951983,27.062114264564705,2531.0,30.866909688867786,25.747558722408137,30.08955329012428,34.87600388061293,1,156.6194600058637,583.0,21.75,26.75,28770.0,0.0,0.0,0.0,0.0,0.0,0.0,0.0,0.0,0.0,0.0,0.0,0.0,0.0,0.0,1182.0,115.61713749688226,0.719253604749788,0.9974619289340102,0.0,0.0,0.0
BEV2_2024-07-05_drive3.csv,BEV2,3.562197990926477,50.862416,4.686756,50.857282,4.703920999999999,1.3331943789385277,2.6719269501891043,0.0,0.9036833867633866,-0.42820128034355,0.3647765592237052,0.5760292267763848,1.1347445571432822,25.899135704883072,79.10000000000001,0.0,0.0,18.0,0.0,0.0,0.0,18.0,0.0,0.0,20.0,0.0,0.0,2.0,0.0,0.0,0.0,0.0,1423.8000000000002,0.0,0.0,-7.124395981852954,0.0,10,0.0,100201.0,192.44122113321643,195.18108233095572,23.486102487043368,2243.3,28.184461273181984,25.145770985397544,29.182011258337447,33.874619180195914,0,,,16.75,20.5,12012.0,0.0,0.0,0.0,0.0,0.0,0.0,0.0,0.0,0.0,1.0,1.0,0.0,0.0,0.0,877.0,174.61727785008296,0.476027397260274,0.998859749144812,0.0,0.0,0.0
BEV2_2024-07-05_drive4.csv,BEV2,21.78310116556868,50.857282,4.703920999999999,50.913947,4.734747,6.661612102992038,3.269944396159735,0.0,0.3246113543858594,0.9458474869680512,0.138819364953424,0.3976961321693957,0.2849147150615846,68.71558565194488,78.10000000000001,0.0,0.0,17.0,0.0,0.0,0.0,18.25,0.0,0.0,22.5,0.0,0.0,4.25,0.0,0.0,0.0,0.0,1425.325,0.0,0.0,-65.34930349670604,0.0,10,0.0,435.0,197.0168347740517,201.8617619669508,21.59820425237265,2049.5,26.775499480796636,24.1617352459726,28.0886984161612,32.58476060495898,0,,,18.25,22.5,435.0,0.0,0.0,0.0,0.0,0.0,0.0,0.0,0.0,0.0,1.0,1.0,0.0,0.0,0.0,4039.0,571.8487682534287,0.6168294515401953,0.9886110423372122,0.0,0.0,0.0
BEV2_2024-07-05_drive5.csv,BEV2,75.13204714862411,50.913947,4.734747,51.25321,4.446082,42.77489987909962,1.7564517359708565,0.0,-0.4713876065721242,0.8819261445099608,0.0484789877543515,0.1574557841645207,0.0758530494445384,86.14716123948278,73.2,0.0,0.0,17.5,0.0,0.0,0.0,24.75,0.0,0.0,30.25,0.0,0.0,5.5,0.0,0.0,0.0,0.0,1811.7,0.0,0.0,-187.83011787156028,0.0,10,0.0,302.0,196.1266203472988,201.8617619669508,22.48844106627423,2225.4,26.684070077820213,22.95655159285855,26.99308709030176,31.62891537689734,0,,,24.75,30.25,303.0,0.0,0.0,0.0,0.0,0.0,0.0,0.0,0.0,0.0,1.0,1.0,0.0,0.0,0.0,6056.0,794.3286531823001,0.3099914602903501,0.9668097754293264,0.0,0.0,0.0
BEV2_2024-07-05_drive6.csv,BEV2,6.445539199448428,51.25321,4.446082,51.222318,4.411611,4.19029346952457,1.538207108004714,0.0,-0.5727060582079626,-0.8197608010217967,0.2064521448146531,0.3294476418814213,0.7947120289701948,27.04523097071956,55.7,0.0,0.0,19.0,0.0,0.0,0.0,26.25,0.0,0.0,31.25,0.0,0.0,5.0,0.0,0.0,0.0,0.0,1462.125,0.0,0.0,-6.445539199448428,0.0,10,0.0,93.0,191.5946136255745,201.8617619669508,29.762599715034533,2772.9,29.672734319239908,22.65544334885943,27.207777032409396,31.984290212402957,0,,,26.25,31.25,94.0,0.0,0.0,0.0,0.0,0.0,0.0,0.0,0.0,0.0,1.0,1.0,0.0,0.0,0.0,2101.0,323.2107756690106,0.6792183031458532,0.9985721085197524,0.0,0.0,0.0
BEV2_2024-07-05_drive8.csv,BEV2,5.793248048147726,50.857023,4.704097,50.857207,4.703888,0.0251758560244302,230.11126384445703,0.0,-0.5827113376593637,0.8126792091368126,0.3087107930935603,0.4670338681880366,1.0399390275317262,35.501741205759444,78.2,0.0,0.0,24.5,0.0,0.0,0.0,35.0,0.0,0.0,38.0,0.0,0.0,3.0,0.0,0.0,0.0,0.0,2737.0,0.0,0.0,26.06961621666477,0.0,10,0.0,20296.0,191.520049371331,195.7977378403407,30.244155173425007,2891.3,30.13759354465328,21.73214362079081,26.39414913078116,31.03794741391091,0,,,36.5,42.25,8511.0,0.0,0.0,0.0,0.0,0.0,0.0,0.0,0.0,0.0,1.0,1.0,0.0,0.0,0.0,1289.0,204.71855220701676,0.5279503105590062,0.99922420480993,0.0,0.0,0.0
BEV2_2024-07-05_drive9.csv,BEV2,3.675068822021731,50.857207,4.703888,50.857217,4.70388,0.0012456971893437,2950.210415067056,0.0,-0.4507835167672034,0.8926333071373667,0.2139228461825579,0.3588759977610431,0.5583911267657394,15.616367771326727,77.0,0.0,0.0,22.0,0.0,0.0,0.0,30.75,0.0,0.0,33.5,0.0,0.0,2.75,0.0,0.0,0.0,0.0,2367.75,0.0,0.0,7.350137644043462,0.0,10,0.0,7437.0,191.28478419884135,195.7977378403407,28.992188082539247,2861.2,27.611949302381014,21.028044698029426,26.4221896713217,31.11172805501713,0,,,31.75,36.5,7438.0,0.0,0.0,0.0,0.0,0.0,0.0,0.0,0.0,0.0,1.0,1.0,0.0,0.0,0.0,1179.0,189.60569050382475,0.6612903225806451,0.9991518235793044,0.0,0.0,0.0
BEV2_2024-07-29_drive1.csv,BEV2,63.92193041933874,50.857216,4.703881,51.244805,4.464481999999999,46.23267131753754,1.3826138225997575,0.0,-0.3619529975366266,0.9321963460421044,0.0506039508389604,0.1668940099207249,0.089501230105251,79.90363837471855,61.3,0.0,0.0,29.5,0.0,0.0,0.0,21.75,0.0,0.0,24.75,0.0,0.0,3.0,0.0,0.0,0.0,0.0,1333.275,0.0,0.0,607.2583389837181,0.0,10,0.0,2036623.0,187.56175334372983,193.0185009171773,23.47995565022009,2586.3,23.346186622239223,20.506003726710684,26.071204687960098,30.71410082847167,0,,,29.5,32.25,68244.0,0.0,0.0,0.0,0.0,0.0,0.0,0.0,0.0,0.0,1.0,1.0,0.0,0.0,0.0,5131.0,767.1930383325099,0.3231583231583231,0.9577080491132332,0.0,0.0,0.0
BEV2_2024-07-29_drive2.csv,BEV2,8.58218898124717,51.244805,4.464481999999999,51.222366,4.411569,4.449460074340755,1.9288158198652297,0.0,-0.8279742736461861,-0.5607660850836742,0.1761545399737142,0.3432378348596251,0.5405802291301107,30.122426335505143,44.900000000000006,0.0,0.0,31.5,0.0,0.0,0.0,37.25,0.0,0.0,39.25,0.0,0.0,2.0,0.0,0.0,0.0,0.0,1672.5250000000003,0.0,0.0,98.69517328434245,0.0,10,0.0,1244.0,189.25104276169515,195.7977378403407,23.890752976261243,2667.2,22.849707183723005,21.04294536582777,26.72283731526003,31.36135286803456,0,,,35.0,40.0,1130.0,0.0,0.0,0.0,0.0,0.0,0.0,0.0,0.0,0.0,1.0,1.0,0.0,0.0,0.0,2199.0,288.36057418027315,0.5820827648931333,1.0,0.0,0.0,0.0
BEV2_2024-07-29_drive3.csv,BEV2,53.89016653960943,51.222367,4.411568,50.873111,4.702449,43.836843177217936,1.2293350212685072,0.0,0.4638583242317451,-0.885909394374457,0.0459161225956087,0.1725335353990092,0.0659892830875257,62.30817836224104,42.400000000000006,0.0,0.0,28.5,0.0,0.0,0.0,36.25,0.0,0.0,38.75,0.0,0.0,2.5,0.0,0.0,0.0,0.0,1537.0000000000002,0.0,0.0,458.0664155866802,0.0,10,0.0,8696.0,189.30437125145832,195.7977378403407,24.49992660252573,2811.4,23.073101721092595,21.56759432538053,27.076440184068765,31.64744521152439,0,,,37.0,40.5,5277.0,0.0,0.0,0.0,0.0,0.0,0.0,0.0,0.0,0.0,1.0,1.0,0.0,0.0,0.0,3905.0,945.6335538360302,0.3402590393955747,0.9490396927016646,0.0,0.0,0.0
BEV2_2024-07-29_drive4.csv,BEV2,2.336241759344654,50.8731,4.702427,50.857518,4.704,1.7361549881049896,1.3456412447915485,0.0,0.0635850970405858,-0.9979764202797274,0.1985173077218893,0.2826044072107596,0.5158650635858013,9.131796155206908,53.1,0.0,0.0,23.5,0.0,0.0,0.0,30.0,0.0,0.0,34.25,0.0,0.0,4.25,0.0,0.0,0.0,0.0,1593.0,0.0,0.0,8.17684615770629,0.0,10,0.0,7102.0,190.343023112586,196.01982605399627,24.50503599660904,2798.0,23.24222818830902,22.244900626971933,27.478115426472726,32.100307814962214,0,,,30.0,34.25,1.0,0.0,0.0,0.0,0.0,0.0,0.0,0.0,0.0,0.0,1.0,1.0,0.0,0.0,0.0,559.0,146.21748655024652,0.4669051878354204,1.0,0.0,0.0,0.0
BEV2_2024-07-30_drive2.csv,BEV2,5.883300758247566,50.857023,4.70409,50.857858,4.704098999999999,0.0928500410857103,63.36346962751112,0.0,0.0068037571876851,0.999976854176201,0.2260823750087548,0.4146128572883322,0.704980356681742,26.451637876024314,84.80000000000003,0.0,0.0,33.5,0.0,0.0,0.0,34.25,0.0,0.0,36.5,0.0,0.0,2.25,0.0,0.0,0.0,0.0,2904.400000000001,0.0,0.0,79.42456023634215,0.0,10,0.0,83144.0,190.343023112586,196.01982605399627,24.50503599660904,2798.0,23.24222818830902,22.244900626971933,27.478115426472726,32.100307814962214,1,162.96869389783714,1291.0,33.25,36.0,1947.0,0.0,0.0,0.0,0.0,0.0,0.0,0.0,0.0,0.0,0.0,0.0,0.0,0.0,0.0,2204.0,129.42697720645177,0.634135270086246,0.9995462794918332,0.0,0.0,0.0
BEV2_2024-07-30_drive3.csv,BEV2,5.655760321194259,50.857858,4.704098999999999,50.857859,4.70411,0.0007800722660563,7250.303038957127,0.0,0.9897883816085404,0.1425445882267932,0.1717373357817827,0.2899117064918265,0.4696976398899952,19.406318943341446,83.5,0.0,0.0,33.0,0.0,0.0,0.0,38.25,0.0,0.0,40.5,0.0,0.0,2.25,0.0,0.0,0.0,0.0,3193.875,0.0,0.0,73.52488417552536,0.0,10,0.0,7099.0,191.09747025760137,196.01982605399627,24.866878907318004,2900.4,23.51267111644113,23.859189576247296,29.276625914001077,34.066608835370374,2,195.98841223624925,1749.0,36.75,42.5,7000.0,0.0,0.0,0.0,0.0,0.0,0.0,0.0,0.0,0.0,0.0,0.0,0.0,0.0,0.0,1038.0,184.85675331049816,0.3751205400192864,0.9990366088631984,0.0,0.0,0.0
BEV2_2024-07-31_drive2.csv,BEV2,2.748883486239498,50.86241,4.686792,50.857702,4.704048,1.319464069902776,2.0833333388472246,0.0,0.9179237360189398,-0.3967568712108609,0.430016827335358,0.5643689591762144,1.2106016694229838,23.22090867610933,81.9,0.0,0.0,20.5,0.0,0.0,0.0,23.0,0.0,0.0,26.0,0.0,0.0,3.0,0.0,0.0,0.0,0.0,1883.7,0.0,0.0,1.374441743119749,0.0,10,0.0,57846.0,189.60556811538177,189.3481085228563,25.076235140344785,2916.6,24.0096329693885,25.007995077577775,31.17036513555501,35.948045244317896,0,,,26.0,30.0,19115.0,0.0,0.0,0.0,0.0,0.0,0.0,0.0,0.0,0.0,1.0,1.0,0.0,0.0,0.0,741.0,144.38633839009563,0.4925775978407557,1.0,0.0,0.0,0.0
BEV2_2024-07-31_drive3.csv,BEV2,16.410218607737733,50.857702,4.704048,50.913998,4.735087,6.627706591675197,2.476002578078813,0.0,0.3285247736285103,0.9444953536742974,0.189423604059573,0.42720811052643,0.4214056475633436,62.13094213153995,81.10000000000001,0.0,0.0,27.5,0.0,0.0,0.0,24.75,0.0,0.0,26.75,0.0,0.0,2.0,0.0,0.0,0.0,0.0,2007.225,0.0,0.0,123.076639558033,0.0,10,0.0,6660.0,191.62128348665772,196.01982605399627,23.17281337241187,2586.9,23.39914980497423,25.48795721008577,31.25112355905887,35.85397189637072,0,,,23.25,28.0,6660.0,0.0,0.0,0.0,0.0,0.0,0.0,0.0,0.0,0.0,1.0,1.0,0.0,0.0,0.0,4158.0,213.90270160952363,0.6120731120731121,1.0,0.0,0.0,0.0
BEV2_2024-07-31_drive4.csv,BEV2,12.16812709652735,50.913998,4.735086,50.856006,4.694739,7.042241324220294,1.7278770403220436,0.0,-0.4019128772643138,-0.9156779123082092,0.106505876512214,0.2283387985176224,0.2556339762172606,30.034657176444355,77.5,0.0,0.0,39.5,0.0,0.0,0.0,36.75,0.0,0.0,42.5,0.0,0.0,5.75,0.0,,1.0,,2848.125,0.0,0.0,237.2784783822833,0.0,10,0.0,482.0,196.46800359432385,196.01982605399627,17.300630518323228,2397.2,20.35416013611233,26.74378397015509,31.809118075804747,36.55814410418903,0,,,36.75,42.5,483.0,0.0,0.0,0.0,0.0,0.0,0.0,0.0,0.0,0.0,1.0,1.0,0.0,0.0,0.0,2041.0,666.1402645483792,0.6133200795228628,0.9857912787849094,0.0,0.0,0.0
BEV2_2024-07-31_drive5.csv,BEV2,1.6334790598044466,50.856006,4.694739,50.857805,4.704096,0.6865828369117913,2.379143450703979,0.0,0.9566147338600844,0.291355883691749,0.306918532864662,0.4783719889205887,1.152835936549844,9.821393051669183,74.0,0.0,0.0,33.0,0.0,0.0,0.0,37.75,0.0,0.0,42.75,0.0,0.0,5.0,0.0,0.0,0.0,0.0,2793.5,0.0,0.0,21.235227777457805,0.0,10,0.0,206.0,198.2006601767868,200.53979251841216,17.87289631872739,2391.2,21.394962525354167,27.792238228375385,33.06568195800652,37.79501028528473,0,,,37.75,42.75,206.0,0.0,0.0,0.0,0.0,0.0,0.0,0.0,0.0,0.0,1.0,1.0,0.0,0.0,0.0,1057.0,160.61235181027507,0.7840909090909091,0.999053926206244,0.0,0.0,0.0
BEV2_2024-08-01_drive1.csv,BEV2,2.158314066038112,50.857805,4.704096,50.862412,4.686763,1.3200266023783342,1.6350534619146375,0.0,-0.9216257514979908,0.3880798554109239,0.385282788416934,0.4995099416819552,0.9996761759382632,16.56715990192816,73.3,0.0,0.0,20.0,0.0,0.0,0.0,24.5,0.0,0.0,27.5,0.0,0.0,3.0,0.0,0.0,0.0,0.0,1795.85,0.0,0.0,0.0,0.0,10,0.0,52476.0,200.7131426782437,204.11944632887432,17.45691941989306,2368.1,20.334260913806546,28.610160135245177,33.45736217957419,38.28741060180998,0,,,36.75,41.75,52477.0,0.0,0.0,0.0,0.0,0.0,0.0,0.0,0.0,0.0,1.0,1.0,0.0,0.0,0.0,1195.0,146.80945493939373,0.7556485355648536,1.0,0.0,0.0,0.0
BEV2_2024-08-01_drive2.csv,BEV2,2.746285130261209,50.862411,4.686762,50.857751,4.704068,1.3205821932025257,2.0796018183474296,0.0,0.9198035177594732,-0.3923792664212759,0.4319276329377665,0.5579583239865825,1.248012807652984,23.32409217863939,72.7,0.0,0.0,20.5,0.0,0.0,0.0,23.25,0.0,0.0,25.75,0.0,0.0,2.5,0.0,0.0,0.0,0.0,1690.275,0.0,0.0,1.3731425651306044,0.0,10,0.0,13325.0,200.76271891293115,204.11944632887432,17.3052439442947,2369.8,19.862578026264107,28.442929881212088,32.95103118926752,37.80387593824216,1,240.17494252552743,744.0,23.75,26.75,8053.0,0.0,0.0,0.0,0.0,0.0,0.0,0.0,0.0,0.0,0.0,0.0,0.0,0.0,0.0,1044.0,141.62042010728047,0.62320230105465,0.9990421455938696,0.0,0.0,0.0
BEV2_2024-08-01_drive3.csv,BEV2,5.713345486537786,50.857752,4.704068,50.868639,4.696629,1.3183660058648436,4.333656557527704,0.0,-0.3960165698371006,0.9182433644815828,0.2196157602738004,0.4354237733599965,0.7485927001298338,25.036196671213244,71.60000000000001,0.0,0.0,24.5,0.0,0.0,0.0,24.25,0.0,0.0,26.5,0.0,0.0,2.25,0.0,0.0,0.0,0.0,1736.3000000000002,0.0,0.0,25.71005468942004,0.0,10,0.0,16391.0,204.85318672438024,212.99042531891547,11.187679415386947,1961.1,16.324604878635235,27.662639354354763,32.001636225870584,36.75844116738886,0,,,23.75,28.0,15626.0,0.0,0.0,0.0,0.0,0.0,0.0,0.0,0.0,0.0,1.0,1.0,0.0,0.0,0.0,1941.0,199.7957085390057,0.6687274600721278,1.0,0.0,0.0,0.0
BEV2_2024-08-01_drive4.csv,BEV2,1.9271759705249176,50.868639,4.696629,50.857756,4.704071,1.3180410136360083,1.4621517468629612,0.0,0.3962739444471702,-0.9181323221367828,0.3658499659772634,0.5723498274557829,1.3401979365739436,13.902298707136008,70.0,0.0,0.0,27.5,0.0,0.0,0.0,31.0,0.0,0.0,33.25,0.0,0.0,2.25,0.0,0.0,0.0,0.0,2170.0,0.0,0.0,14.453819778936882,0.0,10,0.0,1346.0,205.1990770836515,216.4684779779983,10.900806185424004,1935.3,15.979569745034285,27.231566433227112,31.0775460553754,35.91685362226188,0,,,28.75,33.25,1346.0,0.0,0.0,0.0,0.0,0.0,0.0,0.0,0.0,0.0,1.0,1.0,0.0,0.0,0.0,1183.0,179.7183992763514,0.7876480541455161,0.9991546914623838,0.0,0.0,0.0
BEV2_2024-08-01_drive5.csv,BEV2,6.51589940417809,50.857756,4.704071,50.857743,4.70407,0.0014472392073186,4502.296076023577,0.0,-0.0485003865471175,-0.9988231637806464,0.210449016783534,0.3495287966274337,0.6495241288465401,27.35837218185942,69.2,0.0,0.0,24.0,0.0,0.0,0.0,29.25,0.0,0.0,31.75,0.0,0.0,2.5,0.0,0.0,0.0,0.0,2024.1,0.0,0.0,26.06359761671236,0.0,10,0.0,11675.0,211.48905076602657,224.45988088817808,5.704507128515553,1663.1,11.60025352933726,26.97826480582891,30.840409461277137,35.640716148764895,0,,,30.5,34.25,11676.0,0.0,0.0,0.0,0.0,0.0,0.0,0.0,0.0,0.0,1.0,1.0,0.0,0.0,0.0,2049.0,231.06650675860624,0.7018057589067838,1.0,0.0,0.0,0.0
BEV2_2024-08-02_drive1.csv,BEV2,2.073475738870698,50.857741,4.704071,50.87042,4.706276,1.4183101609306945,1.4619339238958031,0.0,0.1091098431856827,0.9940296988118592,0.2176655409547354,0.2869000434300984,0.6312276718627174,8.924287179144152,67.3,0.0,0.0,19.5,0.0,0.0,0.0,23.0,0.0,0.0,25.75,0.0,0.0,2.75,0.0,0.0,0.0,0.0,1547.9,0.0,0.0,-1.036737869435349,0.0,10,0.0,35453.0,206.74173554420196,216.4684779779983,5.767766993108606,1647.6,11.783725323953837,26.014789300294417,30.141802470513348,34.84941351063647,0,,,24.25,27.5,16358.0,0.0,0.0,0.0,0.0,0.0,0.0,0.0,0.0,0.0,1.0,1.0,0.0,0.0,0.0,470.0,281.5626822548935,0.5851063829787234,1.0,0.0,0.0,0.0
BEV2_2024-08-02_drive2.csv,BEV2,2.671979679806542,50.870421,4.706275,50.857798,4.704085,1.412005586929541,1.892329396243298,0.0,-0.1088513906036266,-0.9940580339012692,0.2840212027672062,0.4120189846464528,1.039895727003738,15.053123746661932,76.80000000000001,0.0,0.0,20.5,0.0,0.0,0.0,25.0,0.0,0.0,30.0,0.0,0.0,5.0,0.0,0.0,0.0,0.0,1920.0,0.0,0.0,1.335989839903271,0.0,10,0.0,2755.0,209.78458025942072,216.4684779779983,5.409538534876249,1590.8,11.405963861882327,25.07322301669504,28.721480412145628,33.47230001534275,0,,,24.5,29.5,544.0,0.0,0.0,0.0,0.0,0.0,0.0,0.0,0.0,0.0,1.0,1.0,0.0,0.0,0.0,665.0,131.15753586670002,0.4796992481203007,1.0,0.0,0.0,0.0
BEV2_2024-08-02_drive3.csv,BEV2,1.17921133952197,50.857797,4.704083,50.864074,4.696053,0.8971119185857792,1.314452873818572,0.0,-0.6282388140195269,0.7780205604991031,0.2126701705770574,0.3263066931562335,0.5732575227875263,4.891413923272322,76.10000000000001,0.0,0.0,23.5,0.0,0.0,0.0,28.25,0.0,0.0,30.25,0.0,0.0,2.0,0.0,0.0,0.0,0.0,2149.8250000000003,0.0,0.0,4.127239688326895,0.0,10,0.0,4710.0,209.78458025942072,216.4684779779983,5.409538534876249,1590.8,11.405963861882327,25.07322301669504,28.721480412145628,33.47230001534275,0,,,25.25,30.75,1122.0,0.0,0.0,0.0,0.0,0.0,0.0,0.0,0.0,0.0,1.0,1.0,0.0,0.0,0.0,916.0,163.05860525890415,0.8273224043715847,0.9989082969432316,0.0,0.0,0.0
BEV2_2024-08-02_drive4.csv,BEV2,5.08328717612331,50.864071,4.696053,50.857509,4.704,0.9184343826047162,5.534730920794697,0.0,0.6073125843590552,-0.7944629789229486,0.2177655546388056,0.3486223234100049,0.7053775288888202,21.99432101851937,75.9,0.0,0.0,22.0,0.0,0.0,0.0,28.25,0.0,0.0,30.5,0.0,0.0,2.25,0.0,0.0,0.0,0.0,2144.175,0.0,0.0,10.16657435224662,0.0,10,0.0,2922.0,206.64997815274108,198.6741956258892,5.252589228800884,1608.4,10.53735955046287,25.10964467683976,29.160055222210225,33.86117585579409,0,,,26.75,30.5,2922.0,0.0,0.0,0.0,0.0,0.0,0.0,0.0,0.0,0.0,1.0,1.0,0.0,0.0,0.0,2369.0,204.5690169219226,0.7496834107218235,1.0,0.0,0.0,0.0
BEV2_2024-08-02_drive5.csv,BEV2,52.008011898537504,50.857506,4.704002,51.222309,4.411614999999999,45.42427065742162,1.1449388431741434,0.0,-0.4500417141397996,0.8930075338618991,0.0349643873791052,0.1223285170299927,0.0538927638211925,44.64952268311745,90.7,0.0,0.0,29.0,0.0,0.0,0.0,28.5,0.0,0.0,31.75,0.0,0.0,3.25,0.0,0.0,0.0,0.0,2584.9500000000003,0.0,0.0,468.0721070868376,0.0,10,0.0,6689.0,225.60000487151612,216.4684779779983,4.119929444163502,1429.6,9.888805102099518,24.370348866711858,28.75760781810096,33.277136597662874,0,,,28.25,32.0,81.0,0.0,0.0,0.0,0.0,0.0,0.0,0.0,0.0,0.0,1.0,1.0,0.0,0.0,0.0,5343.0,849.2201717681374,0.4973923121498937,0.9689313119970054,0.0,0.0,0.0
BEV2_2024-08-02_drive8.csv,BEV2,0.0429072731045614,51.379645,3.44338,51.379667,3.443416,0.0034967013632448,12.270785705515353,0.0,0.7145348441628007,0.6995998545434684,0.0,0.0,0.0,0.0,62.6,0.0,0.0,23.5,0.0,0.0,0.0,29.0,0.0,0.0,31.25,0.0,0.0,2.25,0.0,0.0,0.0,0.0,1815.4,0.0,0.0,0.1501754558659649,0.0,10,0.0,26046.0,209.26351450200548,205.7258393213144,8.10391091366825,1759.7,11.248163119102784,24.0497977074734,28.105057712020265,32.648384973829245,0,,,27.25,31.5,2608.0,0.0,0.0,0.0,0.0,0.0,0.0,0.0,0.0,0.0,1.0,1.0,0.0,0.0,0.0,179.0,2.1580659944404483,0.8409090909090909,0.9832402234636872,0.0,0.0,0.0
BEV2_2024-08-03_drive1.csv,BEV2,2.3156159712969804,51.379667,3.443415,51.389392,3.450854,1.198275721547564,1.932456720650553,0.0,0.4308151896039282,0.902440176635843,0.3271772128269351,0.3358269681177044,0.8508284301538105,15.050151790039015,90.0,0.0,0.0,21.0,0.0,0.0,0.0,22.0,0.0,0.0,24.75,0.0,0.0,2.75,0.0,0.0,0.0,0.0,1980.0,0.0,0.0,2.3156159712969804,0.0,10,0.0,64968.0,209.26351450200548,205.7258393213144,8.10391091366825,1759.7,11.248163119102784,24.0497977074734,28.105057712020265,32.648384973829245,0,,,26.5,31.25,30119.0,0.0,0.0,0.0,0.0,0.0,0.0,0.0,0.0,0.0,1.0,1.0,0.0,0.0,0.0,731.0,177.17080926894434,0.6085164835164835,0.9958960328317372,0.0,0.0,0.0
BEV2_2024-08-03_drive2.csv,BEV2,2.328639217124379,51.389392,3.450854,51.379687,3.443419,1.1961493569875432,1.946779642125101,0.0,-0.431348880644241,-0.9021852044713216,0.3403980263077363,0.3177050723348497,0.7433890439488035,15.658309210155869,89.5,0.0,0.0,22.5,0.0,0.0,0.0,22.0,0.0,0.0,25.25,0.0,0.0,3.25,0.0,0.0,0.0,1.0,1969.0,0.0,0.0,5.821598042810948,0.0,10,0.0,401.0,205.16424365692416,191.8801263266833,8.172124604817503,1726.9,11.83222417282902,23.21037446908083,26.58354119282935,30.968727851699565,0,,,22.0,25.25,401.0,0.0,0.0,0.0,0.0,0.0,0.0,0.0,0.0,0.0,1.0,1.0,0.0,0.0,0.0,1271.0,227.13702590963644,0.8149606299212598,0.999213217938631,0.0,0.0,0.0
BEV2_2024-08-03_drive3.csv,BEV2,8.005494938656284,51.379687,3.443419,51.357981,3.378021,5.141613002940256,1.557000679374022,0.0,-0.8829724937922403,-0.4694247279450798,0.1437312245505238,0.3034495455140216,0.4608894076957784,22.99699592808381,88.9,0.0,0.0,22.0,0.0,0.0,0.0,23.5,0.0,0.0,26.0,0.0,0.0,2.5,0.0,0.0,0.0,0.0,2089.15,0.0,0.0,16.010989877312568,0.0,10,0.0,6660.0,205.0058829276392,191.8801263266833,8.18915711992613,1734.5,11.841663215866266,23.355875441397323,26.44613144387582,30.855786193446686,0,,,23.5,26.0,68.0,0.0,0.0,0.0,0.0,0.0,0.0,0.0,0.0,0.0,1.0,1.0,0.0,0.0,0.0,2271.0,237.08880931209663,0.6325991189427312,0.9995596653456628,0.0,0.0,0.0
BEV2_2024-08-03_drive4.csv,BEV2,8.137769484348638,51.357981,3.378021,51.379642,3.443377,5.136692565524676,1.5842430475528029,0.0,0.8832511200955603,0.4689002653549452,0.1587999029193147,0.3543140614816804,0.5059319969337406,25.725584272928984,87.0,0.0,0.0,21.5,0.0,0.0,0.0,28.0,0.0,0.0,30.0,0.0,0.0,2.0,0.0,0.0,0.0,0.0,2436.0,0.0,0.0,12.206654226522955,0.0,10,0.0,7392.0,200.2086916045978,187.2445987850085,8.715078100765638,1857.3,12.16418539040761,23.501620286377808,26.742055023631867,31.21300111274718,0,,,26.25,30.75,6190.0,0.0,0.0,0.0,0.0,0.0,0.0,0.0,0.0,0.0,1.0,1.0,0.0,0.0,0.0,1954.0,309.28306841277595,0.5849539406345957,1.0,0.0,0.0,0.0
BEV2_2024-08-04_drive1.csv,BEV2,3.8351192527230418,51.379642,3.443378,51.38219,3.405476,2.645661842704957,1.4495878463447047,0.0,-0.9942492846666384,0.1070904287967781,0.2290610178324149,0.3200997550913922,0.6924182380141313,17.408637355263537,85.2,0.0,0.0,21.0,0.0,0.0,0.0,19.5,0.0,0.0,21.75,0.0,0.0,2.25,0.0,0.0,0.0,0.0,1661.4,0.0,0.0,3.8351192527230418,0.0,10,0.0,83398.0,196.26548789473824,179.64008281368268,8.957509381038728,1858.7,12.602356965235115,23.146594112276595,26.729579200524984,31.09315924483128,0,,,27.75,31.25,80596.0,0.0,0.0,0.0,0.0,0.0,0.0,0.0,0.0,0.0,1.0,1.0,0.0,0.0,0.0,1802.0,350.9073454126113,0.8035516093229744,1.0,0.0,0.0,0.0
BEV2_2024-08-04_drive2.csv,BEV2,3.8140216540496543,51.38219,3.405476,51.379677,3.443425,2.6484905260266696,1.440073738821918,0.0,0.9944186025646622,-0.1055066010889579,0.2189517798942398,0.310632146530877,0.6749871334716042,16.640335271962226,84.2,0.0,0.0,22.0,0.0,0.0,0.0,25.0,0.0,0.0,27.5,0.0,0.0,2.5,0.0,,1.0,,2105.0,0.0,0.0,7.628043308099309,0.0,10,0.0,11721.0,195.27910339457736,179.64008281368268,9.148303709258538,1920.7,12.7818550347888,22.787623058026742,25.921641943644563,30.48164803650356,0,,,24.75,29.25,11722.0,0.0,0.0,0.0,0.0,0.0,0.0,0.0,0.0,0.0,1.0,1.0,0.0,0.0,0.0,1153.0,241.56855604504855,0.629018245004344,0.9982653946227232,0.0,0.0,0.0
BEV2_2024-08-04_drive4.csv,BEV2,0.9127698368045536,51.38323,3.437553,51.379702,3.44342,0.5654075811818825,1.6143572657737857,0.0,0.7201396783480135,-0.6938291170517562,0.523409042603817,0.4323854663773513,1.0727687201088625,9.421362766868707,90.2,0.0,0.0,28.0,0.0,0.0,0.0,29.25,0.0,0.0,33.0,0.0,0.0,3.75,0.0,0.0,0.0,0.0,2638.35,0.0,0.0,7.302158694436429,0.0,10,0.0,5770.0,195.74425236290912,181.352207985564,8.878115934245695,1830.9,12.828530902356738,22.73033342380969,25.64296463882992,30.292893376149333,0,,,29.25,33.0,391.0,0.0,0.0,0.0,0.0,0.0,0.0,0.0,0.0,0.0,1.0,1.0,0.0,0.0,0.0,649.0,86.5010205235618,0.7673343605546995,1.0,0.0,0.0,0.0
BEV2_2024-08-05_drive1.csv,BEV2,60.70529935795883,50.857291,4.703912,50.994799,5.538993,60.49369151891502,1.0034980149785973,0.0,0.967530165041066,0.252755573104941,0.0292389741363977,0.1256728800341351,0.0306476942347337,46.51920785100881,58.6,0.0,0.0,17.5,0.0,0.0,0.0,21.5,0.0,0.0,24.25,0.0,0.0,2.75,0.0,0.0,0.0,0.0,1259.9,0.0,0.0,-151.76324839489706,0.0,10,0.0,46875.0,197.3109882601497,188.95672395688985,8.762045344039082,1848.9,11.753621381224336,23.41972151268825,26.258175199455728,31.04519862386772,0,,,26.75,31.5,33443.0,0.0,0.0,0.0,0.0,0.0,0.0,0.0,0.0,0.0,1.0,1.0,0.0,0.0,0.0,3110.0,1065.13402467913,0.2317973971157228,0.9141479099678456,0.0,0.0,0.0
BEV2_2024-08-05_drive2.csv,BEV2,55.62059235248788,50.994819,5.539016,50.857746,4.704071,60.4719709272348,0.9197747567946062,0.0,-0.9677151260492364,-0.2520464933608696,0.0318227018836322,0.1598622971248124,0.0278365960704583,47.988634440517366,99.6,0.0,0.0,25.0,0.0,0.0,0.0,28.5,0.0,0.0,31.75,0.0,0.0,3.25,0.0,0.0,0.0,0.0,2838.6,0.0,0.0,278.1029617624394,0.0,10,0.0,27095.0,203.48983385353188,194.2962424804337,14.714657294991696,2068.3,18.31009880711628,23.15033893599985,25.912628776444944,30.81042156787252,0,,,28.25,32.0,10328.0,0.0,0.0,0.0,0.0,0.0,0.0,0.0,0.0,0.0,1.0,1.0,0.0,0.0,0.0,4240.0,999.2037102993532,0.4168559172344184,0.9346698113207548,0.0,0.0,0.0
BEV2_2024-08-05_drive3.csv,BEV2,13.492449688036972,50.857746,4.704071,50.857699,4.704054999999999,0.005345476594018,2524.087319573303,0.0,-0.2100967436077506,-0.977680601385452,0.1433124627854271,0.3009422848854304,0.4123556876769205,38.98098987763618,86.9,0.0,0.0,28.3,0.0,0.0,0.0,32.0,0.0,0.0,34.25,0.0,0.0,2.25,0.0,0.0,0.0,0.0,2780.8,0.0,0.0,111.98733241070688,0.0,10,0.0,5035.0,209.5511969908135,194.2962424804337,19.76835445410409,2255.2,22.25915605414206,23.52573149048426,26.10954382795303,30.89738807774465,0,,,30.0,34.25,5017.0,0.0,0.0,0.0,0.0,0.0,0.0,0.0,0.0,0.0,1.0,1.0,0.0,0.0,0.0,1736.0,373.9239563020976,0.3552479815455594,0.9988479262672812,0.0,0.0,0.0
BEV2_2024-08-06_drive1.csv,BEV2,2.1758226119723627,50.8577,4.704054,50.862385,4.686789,1.3190320973451275,1.6495600193139608,0.0,-0.9187035217492084,0.3949478941906156,0.3696661472123726,0.5141316906331007,0.8960970440929544,15.895644330132022,84.7,0.0,0.0,19.0,0.0,0.0,0.0,21.5,0.0,0.0,24.5,0.0,0.0,3.0,0.0,0.0,0.0,0.0,1821.05,0.0,0.0,-2.1758226119723627,0.0,10,0.0,44202.0,207.15786153948005,188.95672395688985,15.916798233054038,1894.6,21.550375993774747,23.352064867329847,26.013083698772697,30.58193871955258,0,,,30.25,34.25,44203.0,0.0,0.0,0.0,0.0,0.0,0.0,0.0,0.0,0.0,1.0,1.0,0.0,0.0,0.0,1233.0,143.19056676337965,0.7461476074614761,1.0,0.0,0.0,0.0
BEV2_2024-08-06_drive2.csv,BEV2,2.753195465021015,50.862385,4.686789,50.857733,4.704073,1.3188133868667975,2.087630814517272,0.0,0.9198667468220262,-0.3922310136782435,0.429503748115448,0.566200687561183,1.3236966325247488,23.62270614634964,84.2,0.0,0.0,20.0,0.0,0.0,0.0,20.25,0.0,0.0,22.5,0.0,0.0,2.25,0.0,0.0,0.0,0.0,1705.05,0.0,0.0,0.0,0.0,10,0.0,20025.0,207.21464401885,188.95672395688985,15.902832046732138,1944.9,21.04583468464671,23.12371026439912,25.914864963913125,30.46909666440943,0,,,21.0,24.25,20025.0,0.0,0.0,0.0,0.0,0.0,0.0,0.0,0.0,0.0,1.0,1.0,0.0,0.0,0.0,1069.0,147.66774891231157,0.649812734082397,0.999064546304958,0.0,0.0,0.0
BEV2_2024-08-06_drive3.csv,BEV2,4.944603521971615,50.857733,4.704073,50.888725,4.701813,3.4498046645842337,1.433299564097938,0.0,-0.0459679623690078,0.9989429145029468,0.2126607553217882,0.3854547949668161,0.5885644876281758,20.840754021535243,83.30000000000001,0.0,0.0,31.5,0.0,0.0,0.0,25.0,0.0,0.0,27.0,0.0,0.0,2.0,0.0,0.0,0.0,0.0,2082.5000000000005,0.0,0.0,56.86294050267357,0.0,10,0.0,5410.0,208.85735786223384,200.42755246057385,15.9452876715218,1924.6,21.31326431695587,23.30282427538814,25.72396230859072,30.339125576124,0,,,24.5,26.75,2419.0,0.0,0.0,0.0,0.0,0.0,0.0,0.0,0.0,0.0,1.0,1.0,0.0,0.0,0.0,2190.0,250.86812091554435,0.7465753424657534,1.0,0.0,0.0,0.0
BEV2_2024-08-06_drive4.csv,BEV2,4.810989779973622,50.888725,4.701811999999999,50.857278,4.703931,3.499911474787893,1.374603276291491,0.0,0.0424832111454494,-0.9990971808441717,0.2157157943738019,0.4638719737285245,0.543009810339114,20.708716259884987,82.2,0.0,0.0,30.0,0.0,0.0,0.0,31.75,0.0,0.0,34.0,0.0,0.0,2.25,0.0,0.0,0.0,0.0,2609.85,0.0,0.0,48.10989779973622,0.0,10,0.0,4504.0,208.8637202151056,199.7235614787048,15.639198529853331,1916.2,20.85890128270089,24.105532810499035,25.93484999895013,30.53272498206444,0,,,30.5,34.5,4505.0,0.0,0.0,0.0,0.0,0.0,0.0,0.0,0.0,0.0,1.0,1.0,0.0,0.0,0.0,1099.0,282.74150990065226,0.5186533212010919,1.0,0.0,0.0,0.0
BEV2_2024-08-06_drive5.csv,BEV2,6.569934088893436,50.857278,4.703931,50.857728,4.704082,0.0511480084856146,128.4494603683588,0.0,0.2072220823874954,0.97829392749367,0.2431758000556816,0.457830666553725,0.6376578211278157,31.8560298072943,80.80000000000001,0.0,0.0,29.0,0.0,0.0,0.0,31.5,0.0,0.0,35.25,0.0,0.0,3.75,0.0,0.0,0.0,0.0,2545.2000000000003,0.0,0.0,59.12940680004092,0.0,10,0.0,1052.0,211.06273762515448,208.2921552414869,15.30652757391852,1830.5,20.935780787319644,24.84258094980489,26.35961691362113,30.898147383831468,0,,,31.5,35.25,265.0,0.0,0.0,0.0,0.0,0.0,0.0,0.0,0.0,0.0,1.0,1.0,0.0,0.0,0.0,1205.0,260.87303817638616,0.4489626556016597,1.0,0.0,0.0,0.0
BEV2_2024-08-07_drive1.csv,BEV2,34.82211744387949,50.857728,4.704082,50.818393,5.180759999999999,33.75743727930291,1.0315391288671474,0.0,0.9915706668071832,-0.1295670202156333,0.0493443958473607,0.1881281550127681,0.0596051587463067,38.88338392772023,79.2,0.0,0.0,18.5,0.0,0.0,0.0,24.5,0.0,0.0,27.5,0.0,0.0,3.0,0.0,0.0,0.0,0.0,1940.4,0.0,0.0,-52.23317616581924,0.0,10,0.0,46316.0,208.2412554243076,196.82132673780285,15.580009057535555,1770.6,22.13085470989832,25.48142003493007,27.325747333347245,31.72219840576009,0,,,32.75,37.75,46317.0,0.0,0.0,0.0,0.0,0.0,0.0,0.0,0.0,0.0,1.0,1.0,0.0,0.0,0.0,2480.0,746.0133405229979,0.2658385093167701,0.9737903225806452,0.0,0.0,0.0
BEV2_2024-08-07_drive2.csv,BEV2,4.316369365048928,50.818393,5.180759999999999,50.811842,5.212186,2.324922591030391,1.856564765511587,0.0,0.9496484276661232,-0.3133175128065137,0.1717791896689477,0.3727761484000129,0.6326222483483828,14.773010311529504,71.7,0.0,0.0,23.0,0.0,0.0,0.0,28.0,0.0,0.0,30.25,0.0,0.0,2.25,0.0,0.0,0.0,0.0,2007.6,0.0,0.0,12.949108095146784,0.0,10,0.0,1006.0,201.6406406015585,191.68422062258736,18.68081863651854,1903.4,25.991788910164097,25.08010524675141,27.22860356546284,31.60346103569039,0,,,25.25,30.75,1006.0,0.0,0.0,0.0,0.0,0.0,0.0,0.0,0.0,0.0,1.0,1.0,0.0,0.0,0.0,918.0,259.9483195519046,0.545751633986928,1.0,0.0,0.0,0.0
BEV2_2024-08-07_drive3.csv,BEV2,10.380091785527792,50.811842,5.212186,50.817903,5.179821,2.371616964713229,4.37679943261113,0.0,-0.9587725378585004,0.2841746305502489,0.1453458332171428,0.3754391811208247,0.428926819776491,30.086587475948576,70.8,0.0,0.0,23.0,0.0,0.0,0.0,26.5,0.0,0.0,30.5,0.0,0.0,4.0,0.0,0.0,0.0,0.0,1876.2,0.0,0.0,31.140275356583377,0.0,10,0.0,241.0,200.62861456287973,174.31026248016082,19.021178589342977,1930.1,27.177591460909877,24.549145256114983,27.062349359386,31.31721846433357,0,,,26.5,30.5,242.0,0.0,0.0,0.0,0.0,0.0,0.0,0.0,0.0,0.0,1.0,1.0,0.0,0.0,0.0,1681.0,382.0525668108528,0.4982142857142857,0.9994051160023796,0.0,0.0,0.0
BEV2_2024-08-07_drive4.csv,BEV2,3.082419045795876,50.817903,5.179821,50.812323,5.194303,1.1917109651355546,2.5865492019243583,0.0,0.8537680479084317,-0.5206535511937144,0.2439477406429195,0.4971258883695147,0.6588741217568033,14.88081217921809,68.60000000000001,0.0,0.0,19.0,0.0,0.0,0.0,25.75,0.0,0.0,28.5,0.0,0.0,2.75,0.0,0.0,0.0,0.0,1766.4500000000005,0.0,0.0,-3.082419045795876,0.0,10,0.0,8656.0,192.6376122067036,165.73027809868356,13.98863677439456,1787.0,22.37995392262381,24.60332963507597,27.331212218893445,31.565014795286743,0,,,26.25,31.75,8657.0,0.0,0.0,0.0,0.0,0.0,0.0,0.0,0.0,0.0,1.0,1.0,0.0,0.0,0.0,918.0,293.12639119273865,0.6557734204793029,1.0,0.0,0.0,0.0
BEV2_2024-08-07_drive5.csv,BEV2,2.529316013903192,50.812323,5.194303,50.817942,5.179989,1.18393243046934,2.136368553482828,0.0,-0.8494077207138786,0.5277371732137632,0.3496326886395641,0.4487730569235226,0.9015147501988476,17.481634431978208,67.9,0.0,0.0,18.5,0.0,0.0,0.0,25.75,0.0,0.0,28.25,0.0,0.0,2.5,0.0,0.0,0.0,0.0,1748.4250000000002,0.0,0.0,-3.793974020854788,0.0,10,0.0,1396.0,168.6486330042131,165.73027809868356,8.734819443725357,1454.8,18.86584131835383,23.835583729000355,26.898539894039352,31.1239748307353,0,,,24.5,28.5,1397.0,0.0,0.0,0.0,0.0,0.0,0.0,0.0,0.0,0.0,1.0,1.0,0.0,0.0,0.0,1926.0,199.3366317633008,0.7964693665628245,1.0,0.0,0.0,0.0
BEV2_2024-08-07_drive6.csv,BEV2,33.58538476890048,50.817942,5.179989,50.857748,4.70407,33.71157892853586,0.9962566523536944,0.0,-0.9913431005930692,0.1312968274807877,0.0428445182699749,0.15968635162289,0.0474162056955429,32.81890099480083,66.7,0.0,0.0,24.0,0.0,0.0,0.0,26.75,0.0,0.0,29.25,0.0,0.0,2.5,0.0,0.0,0.0,0.0,1784.225,0.0,0.0,134.34153907560193,0.0,10,0.0,11733.0,179.7100672969551,174.31026248016082,7.638506076311979,1473.8,16.543366566799083,23.321636160770996,26.32783815954433,30.825805114802662,0,,,26.25,33.75,11734.0,0.0,0.0,0.0,0.0,0.0,0.0,0.0,0.0,0.0,1.0,1.0,0.0,0.0,0.0,2650.0,730.7949388537045,0.3,0.9735849056603774,0.0,0.0,0.0
BEV2_2024-08-07_drive7.csv,BEV2,5.445771951651432,50.857748,4.70407,50.857807,4.704085,0.0066444587610378,819.5960194056278,0.0,0.1584589986951877,0.9873655583078228,0.2262898112831548,0.3152201324356404,0.6624498394783359,24.439299618580726,56.8,0.0,0.0,24.5,0.0,0.0,0.0,30.75,0.0,0.0,32.75,0.0,0.0,2.0,0.0,0.0,0.0,0.0,1746.6,0.0,0.0,24.505973782431443,0.0,10,0.0,3462.0,181.1706962328895,180.5192020840209,10.779449142394231,1615.5,20.468182353887872,23.82494942462202,27.08994144499005,31.65018722101268,0,,,29.25,34.25,3463.0,0.0,0.0,0.0,0.0,0.0,0.0,0.0,0.0,0.0,1.0,1.0,0.0,0.0,0.0,1712.0,132.72711149436975,0.5523085914669784,0.9994158878504672,0.0,0.0,0.0
BEV2_2024-08-07_drive8.csv,BEV2,3.6731631841506425,50.857806,4.704083,50.857821,4.704082,0.0016694024909647,2200.2861526988604,0.0,-0.0420459206176141,0.9991156792681304,0.2485177540172027,0.4792506444112759,0.6979681564543746,18.1417960432558,55.3,0.0,0.0,23.5,0.0,0.0,0.0,30.75,0.0,0.0,33.0,0.0,0.0,2.25,0.0,0.0,0.0,0.0,1700.475,0.0,0.0,12.856071144527249,0.0,10,0.0,7750.0,179.94036478923277,180.5192020840209,11.048706791057272,1679.7,20.68720896279312,23.994353613180103,28.03828840760687,32.56479294531174,0,,,30.25,35.0,7751.0,0.0,0.0,0.0,0.0,0.0,0.0,0.0,0.0,0.0,1.0,1.0,0.0,0.0,0.0,911.0,205.0652561639021,0.566410537870472,1.0,0.0,0.0,0.0
BEV2_2024-08-07_drive9.csv,BEV2,5.662599717148559,50.857821,4.704082,50.8578,4.704085,0.0023445720793825,2415.1954068478717,0.0,0.0898137059821055,-0.9959585825815048,0.1903894523640546,0.3425005078625731,0.4449907338158026,21.51400811713817,54.5,0.0,0.0,22.0,0.0,0.0,0.0,29.5,0.0,0.0,31.75,0.0,0.0,2.25,0.0,0.0,0.0,0.0,1607.75,0.0,0.0,11.32519943429712,0.0,10,0.0,2854.0,179.4899639956839,176.85094381959192,10.921580665869438,1551.9,21.323183755298928,23.173177489340084,28.159908854791237,32.49965539415279,1,203.46518419280167,1713.0,28.25,32.25,2854.0,0.0,0.0,0.0,0.0,0.0,0.0,0.0,0.0,0.0,0.0,0.0,0.0,0.0,0.0,1278.0,209.6376973682848,0.5254502740798747,0.9992175273865416,0.0,0.0,0.0
BEV2_2024-08-08_drive1.csv,BEV2,0.0528221873839798,50.8578,4.704085,50.85758,4.704022999999999,0.0248469972793412,2.1258982238428548,0.0,-0.175147462792491,-0.9845422115264296,0.0569447558995328,0.0,0.0569447558995328,0.0569447558995328,53.5,0.0,0.0,17.5,0.0,0.0,0.0,21.0,0.0,0.0,24.0,0.0,0.0,3.0,0.0,0.0,0.0,0.0,1123.5,0.0,0.0,-0.1320554684599495,0.0,10,0.0,37655.0,176.95708249967808,167.27512955446872,11.006734645084247,1569.9,21.341448060387968,22.367369328882997,27.81024798831396,32.116536431084604,0,,,27.5,31.25,37655.0,0.0,0.0,0.0,0.0,0.0,0.0,0.0,0.0,0.0,1.0,1.0,0.0,0.0,0.0,111.0,24.519263602014476,0.7777777777777778,0.972972972972973,0.0,0.0,0.0
BEV2_2024-08-08_drive2.csv,BEV2,6.381992589057493,50.857585,4.704026,50.857748,4.704077,0.0184749326908904,345.44064088548976,0.0,0.1937642285158358,0.9810481250925782,0.2063085741845529,0.3701262640852089,0.4793227642456842,26.201188921438217,80.5,0.0,0.0,23.0,0.0,0.0,0.0,25.0,0.0,0.0,28.5,0.0,0.0,3.5,0.0,0.0,0.0,0.0,2012.5,0.0,0.0,19.14597776717248,0.0,10,0.0,45603.0,176.95708249967808,167.27512955446872,11.006734645084247,1569.9,21.341448060387968,22.367369328882997,27.81024798831396,32.116536431084604,1,158.31283657359106,1207.0,25.0,28.5,1.0,0.0,0.0,0.0,0.0,0.0,0.0,0.0,0.0,0.0,0.0,0.0,0.0,0.0,0.0,1199.0,171.19050820888356,0.4031719532554257,0.999165971643036,0.0,0.0,0.0
BEV2_2024-08-08_drive3.csv,BEV2,2.5354624089351847,50.857748,4.704076,50.873383,4.702597,1.741630800541148,1.455797869529743,0.0,-0.0595970545497319,0.9982225158194922,0.2232419383530741,0.3710637325909606,0.6404997780791358,11.162096917653706,78.5,0.0,0.0,25.0,0.0,0.0,0.0,30.5,0.0,0.0,33.0,0.0,0.0,2.5,0.0,0.0,0.0,0.0,2394.25,0.0,0.0,12.677312044675924,0.0,10,0.0,75746.0,176.95708249967808,167.27512955446872,11.006734645084247,1569.9,21.341448060387968,22.367369328882997,27.81024798831396,32.116536431084604,0,,,28.75,32.5,5223.0,0.0,0.0,0.0,0.0,0.0,0.0,0.0,0.0,0.0,1.0,1.0,0.0,0.0,0.0,1100.0,136.1679806792006,0.69,1.0,0.0,0.0,0.0
BEV2_2024-08-08_drive4.csv,BEV2,2.5385531047534715,50.873383,4.702597,50.857592,4.704012,1.7586873829277307,1.4434362407987933,0.0,0.0564652476654267,-0.9984045651969355,0.2257586742001316,0.3789739501979096,0.5986031158759313,11.287933710006584,77.80000000000001,0.0,0.0,26.0,0.0,0.0,0.0,30.5,0.0,0.0,33.0,0.0,0.0,2.5,0.0,0.0,0.0,0.0,2372.9000000000005,0.0,0.0,15.231318628520828,0.0,10,0.0,7231.0,178.12636366337895,174.09353650229696,10.603294496254744,1559.4,20.210203200072392,21.922762109259207,27.617878489305827,31.823131690482445,0,,,29.25,33.25,6622.0,0.0,0.0,0.0,0.0,0.0,0.0,0.0,0.0,0.0,1.0,1.0,0.0,0.0,0.0,453.0,148.43189525456816,0.3090507726269316,1.0,0.0,0.0,0.0
BEV2_2024-08-09_drive2.csv,BEV2,2.824624078301115,50.862414,4.686793,50.857034,4.704095,1.3537567449955494,2.086507852125532,0.0,0.8970627078438593,-0.4419032679171343,0.4358305174370215,0.5561602611454631,1.2324170860579915,24.406508976473205,91.2,0.0,0.0,20.88888888888889,0.0,0.0,0.0,21.75,0.0,0.0,24.25,0.0,0.0,2.5,0.0,0.0,0.0,0.0,1983.6,0.0,0.0,2.510776958489881,0.0,10,0.0,64834.0,182.71673429894116,180.302476106157,7.374938062342141,1356.7,17.16797841932296,22.53832721072108,28.16495874184941,32.17870814867373,0,,,23.75,28.0,27175.0,0.0,0.0,0.0,0.0,0.0,0.0,0.0,0.0,0.0,1.0,1.0,0.0,0.0,0.0,1049.0,129.15337407537604,0.6154580152671756,0.9990467111534796,0.0,0.0,0.0
BEV2_2024-08-09_drive3.csv,BEV2,6.1923875203899446,50.857034,4.704095,50.871445,4.721677,2.02247182217696,3.06179174042808,0.0,0.6101138226211754,0.7923137784025827,0.2965246567755386,0.4426299190448824,1.0656201956340805,36.472532783391244,90.2,0.0,0.0,24.0,0.0,0.0,0.0,24.5,0.0,0.0,26.75,0.0,0.0,2.25,0.0,0.0,0.0,0.0,2209.9,0.0,0.0,24.769550081559775,0.0,10,0.0,1001.0,187.70653578767957,186.28151352599343,7.22576353366736,1369.8,16.446485412428306,22.580146367723785,27.638700127413436,31.80144339402322,0,,,22.75,29.25,1002.0,0.0,0.0,0.0,0.0,0.0,0.0,0.0,0.0,0.0,1.0,1.0,0.0,0.0,0.0,2054.0,180.8404376230729,0.6139240506329114,1.0,0.0,0.0,0.0
BEV2_2024-08-09_drive4.csv,BEV2,4.16564178137169,50.871445,4.721677,50.85772,4.704054999999999,1.9643466495455024,2.1206245762862217,0.0,-0.6295916211841504,-0.7769262452348442,0.2710321986075321,0.4738402434638074,0.7865466035683889,22.495672484425167,88.80000000000001,0.0,0.0,27.5,0.0,0.0,0.0,27.25,0.0,0.0,31.5,0.0,0.0,4.25,0.0,0.0,0.0,0.0,2419.8,0.0,0.0,31.242313360287675,0.0,10,0.0,463.0,192.29067514347557,186.28151352599343,6.806993107153575,1407.1,15.31041511194048,23.07212092614219,27.57283870329355,31.77820078632533,0,,,27.25,31.5,463.0,0.0,0.0,0.0,0.0,0.0,0.0,0.0,0.0,0.0,1.0,1.0,0.0,0.0,0.0,1260.0,203.5422994817012,0.5658730158730159,1.0,0.0,0.0,0.0
BEV2_2024-08-09_drive5.csv,BEV2,2.557030421153724,50.857719,4.704054999999999,50.873454,4.70268,1.752313586833771,1.4592310647856035,0.0,-0.0550685185147738,0.9984825778493024,0.2399886640310803,0.3637287205618567,0.7613706492728098,12.239421865585095,87.7,0.0,0.0,25.5,0.0,0.0,0.0,30.5,0.0,0.0,32.75,0.0,0.0,2.25,0.0,0.0,0.0,0.0,2674.85,0.0,0.0,14.063667316345482,0.0,10,0.0,6097.0,194.42626930818756,193.2625338081268,6.9153153807111565,1441.4,15.291607464730452,23.807167363696312,27.91828955681896,32.31495838131334,1,177.545068788862,1102.0,29.25,34.75,6097.0,0.0,0.0,0.0,0.0,0.0,0.0,0.0,0.0,0.0,0.0,0.0,0.0,0.0,0.0,1098.0,98.3659811517343,0.6438979963570127,1.0,0.0,0.0,0.0
BEV2_2024-08-09_drive6.csv,BEV2,2.658923926941299,50.873454,4.702681,50.857701,4.704038,1.754243033684998,1.5157101244722688,0.0,0.0542878564725524,-0.998525326989564,0.3796776080522332,0.560788301710087,1.1642415597672622,20.12291322676836,87.10000000000001,0.0,0.0,26.0,0.0,0.0,0.0,30.0,0.0,0.0,32.5,0.0,0.0,2.5,0.0,0.0,0.0,0.0,2613.0000000000005,0.0,0.0,15.953543561647797,0.0,10,0.0,7987.0,188.45033762990343,185.79953064833924,6.9180868214362095,1358.6,15.656174860622905,24.34054081325369,28.379161307538403,32.54603792087082,1,208.81933887850195,455.0,29.5,33.5,7379.0,0.0,0.0,0.0,0.0,0.0,0.0,0.0,0.0,0.0,0.0,0.0,0.0,0.0,0.0,918.0,154.11802690340795,0.6328976034858388,1.0,0.0,0.0,0.0
BEV2_2024-08-09_drive7.csv,BEV2,1.8708876525962623,50.857701,4.704038,50.869605,4.69872,1.3752797613156345,1.3603687811173155,0.0,-0.271386234371834,0.9624705251556932,0.2017315524409903,0.3155620759759471,0.5757322186520686,7.464067440316641,86.30000000000001,0.0,0.0,20.0,0.0,0.0,0.0,29.0,0.0,0.0,31.25,0.0,0.0,2.25,0.0,,1.0,,2502.7000000000003,0.0,0.0,0.0,0.0,10,0.0,4738.0,195.66771268396883,196.0021810330141,3.825440737240292,1185.4,12.137521348945729,24.103118017762306,28.451888303202672,32.51473377301194,0,,,28.0,32.0,4739.0,0.0,0.0,0.0,0.0,0.0,0.0,0.0,0.0,0.0,1.0,1.0,0.0,0.0,0.0,1217.0,205.23149895579064,0.828266228430567,1.0,0.0,0.0,0.0
BEV2_2024-08-09_drive8.csv,BEV2,1.921702815810613,50.869605,4.698719,50.85771,4.70406,1.3747558378908211,1.3978502675492754,0.0,0.2726638090454245,-0.9621093738431408,0.3010246592176518,0.4745233407250208,0.8002281619721484,11.43893705027077,86.0,0.0,0.0,21.5,0.0,0.0,0.0,26.25,0.0,0.0,30.25,0.0,0.0,4.0,0.0,0.0,0.0,0.0,2257.5,0.0,0.0,2.8825542237159194,0.0,10,0.0,362.0,192.30809163697572,185.67976878716652,3.4679523073347744,1135.9,11.546022606231096,23.624307040853108,28.15285371877593,32.10691805991556,0,,,26.5,30.25,363.0,0.0,0.0,0.0,0.0,0.0,0.0,0.0,0.0,0.0,1.0,1.0,0.0,0.0,0.0,918.0,188.39679850970776,0.7579062159214831,0.9989106753812635,0.0,0.0,0.0
BEV2_2024-08-10_drive1.csv,BEV2,64.945913811871,50.85771,4.70406,51.222365,4.411569,45.41282323592006,1.4301227975736357,0.0,-0.4503140112723132,0.8928702544333297,0.0594579645513902,0.192153456256969,0.1027692156622643,90.25719018901034,85.30000000000001,0.0,0.0,26.5,0.0,0.0,0.0,20.75,0.0,0.0,23.75,0.0,0.0,3.0,0.0,0.0,0.0,0.0,1769.975,0.0,0.0,422.1484397771615,0.0,10,0.0,50831.0,199.8053399776437,198.6792583758642,3.292795379287983,1136.6,10.84960537966694,23.452196940282185,27.79027155710918,31.87420180564136,0,,,25.5,29.75,50832.0,0.0,0.0,0.0,0.0,0.0,0.0,0.0,0.0,0.0,1.0,1.0,0.0,0.0,0.0,7227.0,719.0356206568073,0.3901541943697835,0.9781375397813754,0.0,0.0,0.0
BEV2_2024-08-10_drive2.csv,BEV2,50.954021841641385,51.222365,4.411563999999999,50.857706,4.704064,45.413504120579816,1.1220015461997963,0.0,0.4503211351364409,-0.892866661517512,0.0451948609080735,0.1659206310471883,0.0776377099071368,57.397473353253446,69.5,0.0,0.0,32.0,0.0,0.0,0.0,38.75,0.0,0.0,41.0,0.0,0.0,2.25,0.0,0.0,0.0,0.0,2693.125,0.0,0.0,611.4482620996966,0.0,10,0.0,4198.0,201.96200048659284,203.77072918220352,9.221126788760229,1731.4,12.4925112361942,24.069686270145837,28.161223551523268,32.489726576930096,0,,,36.25,41.75,3653.0,0.0,0.0,0.0,0.0,0.0,0.0,0.0,0.0,0.0,1.0,1.0,0.0,0.0,0.0,4081.0,917.6496682127976,0.3720512820512821,0.9556481254594462,0.0,0.0,0.0
BEV2_2024-08-11_drive1.csv,BEV2,29.9729923918906,50.857707,4.704062,50.979654,4.975502,23.36517937356878,1.2828060042970066,0.0,0.8143699053206682,0.580346153005261,0.0473710917428423,0.1732561010648886,0.057018122147209,36.949451559417,53.40000000000001,0.0,0.0,20.428571428571427,0.0,0.0,0.0,22.75,0.0,0.0,26.0,0.0,0.0,3.25,0.0,0.0,0.0,0.0,1214.8500000000004,0.0,0.0,12.845568167953068,0.0,10,0.0,53648.0,203.8051103410796,207.32658613551143,14.063010533579142,2029.5,16.15687696910282,24.387326023449752,28.466416833787264,32.90713885212779,0,,,31.0,35.0,44417.0,0.0,0.0,0.0,0.0,0.0,0.0,0.0,0.0,0.0,1.0,1.0,0.0,0.0,0.0,1784.0,980.6918055702916,0.2896801448400724,0.9288116591928252,0.0,0.0,0.0
BEV2_2024-08-11_drive2.csv,BEV2,25.712399987643742,50.979654,4.975502,50.864738,4.693866,23.515784735207983,1.09341024665645,0.0,-0.8394848462027297,-0.5433830996598802,0.0563176503606344,0.2208144355915784,0.0872091979538333,35.87434327972416,45.8,0.0,0.0,24.428571428571427,0.0,0.0,0.0,27.25,0.0,0.0,29.25,0.0,0.0,2.0,0.0,0.0,0.0,0.0,1248.05,0.0,0.0,113.8691999452794,0.0,10,0.0,5818.0,205.99912296611257,211.18294424148297,16.806454462292855,2162.6,20.189940047698723,24.16970179272044,27.906378163051507,32.53716340204595,0,,,26.5,32.25,5818.0,0.0,0.0,0.0,0.0,0.0,0.0,0.0,0.0,0.0,1.0,1.0,0.0,0.0,0.0,1998.0,841.4728677812474,0.2881799163179916,0.9569569569569568,0.0,0.0,0.0
BEV2_2024-08-11_drive3.csv,BEV2,4.358009938413873,50.864739,4.693864,50.857697,4.704047,1.0601666175163216,4.110683987224093,0.0,0.6741473520890559,-0.7385968776479593,0.2870804015069473,0.4961091161393147,0.930840477829668,24.975994931104417,49.5,0.0,0.0,30.0,0.0,0.0,0.0,30.25,0.0,0.0,34.75,0.0,0.0,4.5,0.0,0.0,0.0,0.0,1497.375,0.0,0.0,43.58009938413873,0.0,10,0.0,2827.0,204.0567390773604,202.59831080555145,19.09523205322712,2257.5,23.850650953002287,24.58154798894154,28.55773232971817,33.08627649728404,0,,,30.25,34.75,1.0,0.0,0.0,0.0,0.0,0.0,0.0,0.0,0.0,0.0,1.0,1.0,0.0,0.0,0.0,2419.0,183.49765886485864,0.7788342290202563,1.0,0.0,0.0,0.0
BEV2_2024-08-11_drive4.csv,BEV2,5.4161060230813245,50.857697,4.704047,50.857699,4.704056,0.0006697273141165,8087.031705173056,0.0,0.9432579989920952,0.3320607585027603,0.2423591984367673,0.3718312478311691,0.8915901230130222,26.17479343117088,47.2,0.0,0.0,31.5,0.0,0.0,0.0,35.0,0.0,0.0,40.25,0.0,0.0,5.25,0.0,,1.0,,1652.0,0.0,0.0,62.28521926543523,0.0,10,0.0,8096.0,204.0567390773604,202.59831080555145,19.09523205322712,2257.5,23.850650953002287,24.58154798894154,28.55773232971817,33.08627649728404,0,,,35.0,40.25,1.0,0.0,0.0,0.0,0.0,0.0,0.0,0.0,0.0,0.0,1.0,1.0,0.0,0.0,0.0,1628.0,214.2192768378393,0.6615479115479116,1.0,0.0,0.0,0.0
BEV2_2024-08-12_drive2.csv,BEV2,3.689779530300165,50.857475,4.703983,50.857217,4.703861,0.0299391567945769,123.24260017130882,0.0,-0.2860286543835775,-0.9582210647191596,0.2132563839263521,0.4532054768139015,0.6593207781502601,15.56771602662371,52.6,0.0,0.0,34.0,0.0,0.0,0.0,38.25,0.0,0.0,40.5,0.0,0.0,2.25,0.0,0.0,0.0,0.0,2011.95,0.0,0.0,51.65691342420231,0.0,10,0.0,107208.0,205.65698343297507,211.18294424148297,19.01760390349625,2214.8,23.963310272470437,24.99309386401722,29.536427999222507,34.09319905606184,0,,,32.5,35.75,12792.0,0.0,0.0,0.0,0.0,0.0,0.0,0.0,0.0,0.0,1.0,1.0,0.0,0.0,0.0,914.0,201.0552279983664,0.5454545454545454,0.99890590809628,0.0,0.0,0.0
BEV2_2024-08-13_drive1.csv,BEV2,2.0489930227464743,50.857217,4.703865,50.862454,4.686683,1.3392133451800403,1.52999746464669,0.0,-0.9005131031005158,0.4348288757020165,0.2873037362029129,0.4560369483243314,0.9456027221444204,11.492149448116518,51.9,0.0,0.0,22.5,0.0,0.0,0.0,29.25,0.0,0.0,32.0,0.0,0.0,2.75,0.0,0.0,0.0,0.0,1518.075,0.0,0.0,5.122482556866186,0.0,10,0.0,40250.0,205.1076268882774,202.9266011859684,18.970017678389105,2180.0,24.22767048175014,25.485159462933808,30.527997933319654,34.92041108831181,0,,,37.25,41.5,39565.0,0.0,0.0,0.0,0.0,0.0,0.0,0.0,0.0,0.0,1.0,1.0,0.0,0.0,0.0,450.0,133.48717144226814,0.3844444444444444,1.0,0.0,0.0,0.0
BEV2_2024-08-13_drive2.csv,BEV2,2.730249944167637,50.862454,4.686678,50.857759,4.704071,1.327725839349226,2.056335625362121,0.0,0.9194532576939286,-0.3931993221205018,0.4265614575310242,0.5668185588260494,1.225151729697102,23.034318706675307,90.5,0.0,0.0,26.0,0.0,0.0,0.0,28.75,0.0,0.0,31.0,0.0,0.0,2.25,0.0,0.0,0.0,0.0,2601.875,0.0,0.0,16.381499665005823,0.0,10,0.0,12680.0,204.59078433241083,202.9266011859684,18.91921393854838,2115.2,25.02276550765012,25.201443455210548,30.368165672659963,34.7042570255604,0,,,27.0,30.5,1543.0,0.0,0.0,0.0,0.0,0.0,0.0,0.0,0.0,0.0,1.0,1.0,0.0,0.0,0.0,918.0,128.54147857708142,0.599128540305011,1.0,0.0,0.0,0.0
BEV2_2024-08-13_drive3.csv,BEV2,2.107684737615689,50.857759,4.704071,50.862539,4.68682,1.3223373775550464,1.593908463445782,0.0,-0.9156619583258224,0.4019492232545298,0.3091888560680569,0.4541499851946912,0.7409896890589508,12.985931954858392,89.60000000000001,0.0,0.0,30.5,0.0,0.0,0.0,30.5,0.0,0.0,32.75,0.0,0.0,2.25,0.0,0.0,0.0,0.0,2732.8,0.0,0.0,22.130689744964734,0.0,10,0.0,2898.0,205.0525823972213,202.9266011859684,18.926346540271016,2115.2,25.050675688303905,25.672008058902183,30.293464910962467,34.81867487104462,1,136.70886931475152,452.0,28.5,33.25,2899.0,0.0,0.0,0.0,0.0,0.0,0.0,0.0,0.0,0.0,0.0,0.0,0.0,0.0,0.0,1159.0,170.535291009117,0.7504317789291882,0.999137187230371,0.0,0.0,0.0
BEV2_2024-08-13_drive4.csv,BEV2,2.748126308310729,50.862539,4.68682,50.8577,4.704059,1.3242190511967504,2.0752807519474485,0.0,0.9137253692938038,-0.4063323141332743,0.4309410912625867,0.5760149397527866,1.2516171009676655,23.27081892817968,88.9,0.0,0.0,25.0,0.0,0.0,0.0,30.5,0.0,0.0,33.0,0.0,0.0,2.5,0.0,0.0,0.0,0.0,2711.4500000000003,0.0,0.0,13.740631541553643,0.0,10,0.0,13300.0,205.9894874511112,211.18294424148297,18.95002624877296,2109.5,25.151249623399345,26.464869021091506,30.7779035398623,35.516659271701435,1,255.7001010110531,920.0,32.25,37.0,13301.0,0.0,0.0,0.0,0.0,0.0,0.0,0.0,0.0,0.0,0.0,0.0,0.0,0.0,0.0,867.0,115.51360035312868,0.5190311418685121,1.0,0.0,0.0,0.0
BEV2_2024-08-13_drive5.csv,BEV2,6.281028055889271,50.8577,4.704058,50.888878,4.701542,3.471332396529986,1.8093997746133197,0.0,-0.0508575219605175,0.9987059189070802,0.2722682459834444,0.4745129117898163,0.7990068257176038,34.03353074793056,88.0,0.0,0.0,31.5,0.0,0.0,0.0,30.25,0.0,0.0,35.5,0.0,0.0,5.25,0.0,0.0,0.0,0.0,2662.0,0.0,0.0,72.23182264272661,0.0,10,0.0,574.0,206.3350775565481,211.18294424148297,19.03266158064149,2104.4,25.537715790455568,27.33852997807229,31.201067555547557,35.92493345522089,0,,,30.25,35.75,575.0,0.0,0.0,0.0,0.0,0.0,0.0,0.0,0.0,0.0,1.0,1.0,0.0,0.0,0.0,2774.0,208.6122354657846,0.7083633741888969,1.0,0.0,0.0,0.0
BEV2_2024-08-13_drive6.csv,BEV2,4.62889711655918,50.888878,4.701542,50.857703,4.704062,3.4710135297510414,1.3335865956394553,0.0,0.0509430543719643,-0.9987015596319327,0.1728183797980371,0.2872352562529778,0.4524907493595015,15.89929094141942,86.5,0.0,0.0,33.5,0.0,0.0,0.0,37.0,0.0,0.0,39.0,0.0,0.0,2.0,0.0,0.0,0.0,0.0,3200.5,0.0,0.0,62.49011107354893,0.0,10,0.0,1518.0,209.46834122386173,211.18294424148297,13.166180024216866,1659.1,23.11799866170567,27.73456586272581,31.253603208937523,35.94238288860557,0,,,34.0,39.0,1519.0,0.0,0.0,0.0,0.0,0.0,0.0,0.0,0.0,0.0,1.0,1.0,0.0,0.0,0.0,918.0,246.24017813982985,0.4956427015250544,1.0,0.0,0.0,0.0
BEV2_2024-08-13_drive7.csv,BEV2,5.434028635547497,50.857703,4.704062,50.857711,4.704060999999999,0.0008923256216426,6089.737315335979,0.0,-0.0786615595617948,0.9969013787969732,0.2381635535785095,0.3753990710185405,0.9326729250258544,25.72166378647903,85.30000000000001,0.0,0.0,32.5,0.0,0.0,0.0,37.5,0.0,0.0,39.75,0.0,0.0,2.25,0.0,0.0,0.0,0.0,3198.7500000000005,0.0,0.0,67.92535794434372,0.0,10,0.0,936.0,211.26952302527852,209.59897574498217,8.533632730994025,1342.8,20.436635835333743,28.16357912759462,31.546709671983702,36.11506498799464,1,235.966055784706,1629.0,36.25,39.75,937.0,0.0,0.0,0.0,0.0,0.0,0.0,0.0,0.0,0.0,0.0,0.0,0.0,0.0,0.0,937.0,185.67866313101712,0.3621794871794871,0.9989327641408752,0.0,0.0,0.0
BEV2_2024-08-13_drive8.csv,BEV2,5.42449596920898,50.857711,4.704060999999999,50.857712,4.704056,0.0003681525203087,14734.371408512496,0.0,-0.9532967217776992,0.3020353625784437,0.2380270064322115,0.3648930996879229,0.7674412771094853,25.70691669467885,84.2,0.0,0.0,33.0,0.0,0.0,0.0,37.5,0.0,0.0,39.75,0.0,0.0,2.25,0.0,0.0,0.0,0.0,3157.5,0.0,0.0,70.51844759971674,0.0,10,0.0,3645.0,205.41959074504305,201.3426326894676,6.079736355359716,1258.1,16.47838088549726,28.986083490836062,32.80817720672021,37.23330700643889,2,205.35553317672876,1284.0,37.0,40.5,3645.0,0.0,0.0,0.0,0.0,0.0,0.0,0.0,0.0,0.0,0.0,0.0,0.0,0.0,0.0,1012.0,167.95254941707066,0.3843873517786561,1.0,0.0,0.0,0.0
BEV2_2024-08-14_drive1.csv,BEV2,10.966529715962317,50.857712,4.704056,50.839687,4.838645,9.65909341889253,1.13535807558425,0.0,0.978234378111762,-0.2075030155932538,0.1239160656422868,0.3010451566894547,0.3799646040520534,31.72251280442544,82.9,0.0,0.0,20.0,0.0,0.0,0.0,23.75,0.0,0.0,26.75,0.0,0.0,3.0,0.0,0.0,0.0,0.0,1968.875,0.0,0.0,0.0,0.0,10,0.0,52210.0,205.65481141341897,201.3426326894676,4.050945953516241,1159.5,13.776005444837,29.306058360544068,33.62461396707524,37.98176928454541,0,,,36.0,40.25,52073.0,0.0,0.0,0.0,0.0,0.0,0.0,0.0,0.0,0.0,1.0,1.0,0.0,0.0,0.0,2050.0,712.6554333080677,0.652496292634701,0.9868292682926828,0.0,0.0,0.0
BEV2_2024-08-14_drive2.csv,BEV2,1.9053395190267224,50.839687,4.838645,50.830087,4.830836,1.2000981562461783,1.5876530674678218,0.0,-0.4569587569373772,-0.889487883255442,0.4981975986118906,0.7784754825217313,1.4488254457485763,18.931508747251844,80.10000000000001,0.0,0.0,24.0,0.0,0.0,0.0,25.25,0.0,0.0,30.0,0.0,0.0,4.75,0.0,0.0,0.0,0.0,2022.5250000000003,0.0,0.0,7.6213580761068895,0.0,10,0.0,584.0,200.7191505562267,199.95709756587985,4.605988322804339,1201.8,14.503028518721498,28.47882478346548,32.51505904484802,36.8415089973747,0,,,25.25,30.0,585.0,0.0,0.0,0.0,0.0,0.0,0.0,0.0,0.0,0.0,1.0,1.0,0.0,0.0,0.0,1197.0,150.2033778333984,0.8078529657477026,1.0,0.0,0.0,0.0
BEV2_2024-08-14_drive3.csv,BEV2,12.010230733119997,50.830087,4.830836,50.857292,4.703917,9.410790291736316,1.2762191442801851,0.0,-0.9469278828359912,0.3214460836715036,0.1066180004067892,0.2756123859891201,0.2457040333978216,29.95965811430777,79.10000000000001,0.0,0.0,22.5,0.0,0.0,0.0,27.0,0.0,0.0,35.0,0.0,0.0,8.0,0.0,0.0,0.0,0.0,2135.7000000000003,0.0,0.0,30.02557683279999,0.0,10,0.0,1331.0,203.66073796573383,201.2803612759316,4.427544321676995,1230.2,13.623390570074529,27.53908766556156,31.24934230457721,35.72912016697414,0,,,27.0,35.0,2.0,0.0,0.0,0.0,0.0,0.0,0.0,0.0,0.0,0.0,1.0,1.0,0.0,0.0,0.0,2237.0,627.2585360133681,0.6403985507246377,0.9870362092087618,0.0,0.0,0.0
BEV2_2024-08-14_drive5.csv,BEV2,5.659151812610179,50.857022,4.704103,50.857288,4.703917,0.0323311919253981,175.03690633083562,0.0,-0.4038148486708988,0.9148407336760312,0.2800729490097298,0.4569881727887148,0.844645854349683,31.648243238099468,74.10000000000001,0.0,0.0,28.0,0.0,0.0,0.0,31.0,0.0,0.0,33.25,0.0,0.0,2.25,0.0,0.0,0.0,0.0,2297.1000000000004,0.0,0.0,45.27321450088143,0.0,10,0.0,23529.0,208.33454150230463,208.0053423688168,5.423668092714348,1408.9,13.922526966338978,27.40379512180564,31.221042099444556,36.0231224574246,2,176.6547073971172,976.5,29.75,33.25,3458.0,0.0,0.0,0.0,0.0,0.0,0.0,0.0,0.0,0.0,0.0,0.0,0.0,0.0,0.0,1376.0,158.88398920811684,0.4818313953488372,1.0,0.0,0.0,0.0
BEV2_2024-08-14_drive6.csv,BEV2,1.818880728460122,50.857288,4.703918,50.869603,4.698726,1.4170206807790424,1.283595047787268,0.0,-0.2571526250173598,0.9663708022527796,0.2497951535839787,0.4762164023791271,0.7104310293938584,8.992625529023233,72.60000000000001,0.0,0.0,23.0,0.0,0.0,0.0,31.0,0.0,0.0,33.25,0.0,0.0,2.25,0.0,0.0,0.0,0.0,2250.6000000000004,0.0,0.0,5.456642185380366,0.0,10,0.0,8728.0,205.39275638701795,202.0678102033724,5.716558279558601,1454.7,14.332611436612382,27.25581239029474,31.460064832626006,36.18373762357328,0,,,30.75,35.75,8729.0,0.0,0.0,0.0,0.0,0.0,0.0,0.0,0.0,0.0,1.0,1.0,0.0,0.0,0.0,655.0,195.7209185709137,0.6819571865443425,0.998473282442748,0.0,0.0,0.0
BEV2_2024-08-14_drive7.csv,BEV2,2.490409425716986,50.869603,4.698726,50.857517,4.704006,1.3940574820150486,1.7864467268001096,0.0,0.2658181560992262,-0.9640231884597006,0.3504623026067683,0.4984236319210112,1.0133960575865333,17.172652827731646,72.4,0.0,0.0,24.5,0.0,0.0,0.0,29.5,0.0,0.0,33.5,0.0,0.0,4.0,0.0,0.0,0.0,0.0,2135.8,0.0,0.0,11.206842415726438,0.0,10,0.0,265.0,200.84423132862813,200.68227507978463,5.6876848978786025,1404.3,14.675751217601151,26.817235499561555,31.26427819469497,35.78531799573476,0,,,29.75,33.5,266.0,0.0,0.0,0.0,0.0,0.0,0.0,0.0,0.0,0.0,1.0,1.0,0.0,0.0,0.0,590.0,161.1276933110471,0.459322033898305,1.0,0.0,0.0,0.0
BEV2_2024-08-15_drive1.csv,BEV2,0.146016293842419,50.857517,4.704008,50.858211,4.704219999999999,0.0785910059192881,1.8579262618470056,0.0,0.1893422206536643,0.9819111586482452,1.3791678996422565,1.2768012179955883,2.400608874038727,2.758335799284513,90.3,0.0,0.0,20.0,0.0,0.0,0.0,23.0,0.0,0.0,26.0,0.0,0.0,3.0,0.0,0.0,0.0,0.0,2076.9,0.0,0.0,0.0,0.0,10,0.0,39548.0,199.2146334779796,200.68227507978463,5.661913209619229,1376.6,15.051725088457133,26.205085328020004,31.202654704845667,35.72860502556413,0,,,23.75,28.5,20385.0,0.0,0.0,0.0,0.0,0.0,0.0,0.0,0.0,0.0,1.0,1.0,0.0,0.0,0.0,1125.0,116.81164424187295,0.9715555555555556,1.0,0.0,0.0,0.0
BEV2_2024-08-15_drive10.csv,BEV2,7.630724084105584,50.799014,4.973551,50.805544,5.083313,7.747637201530989,0.9849098358139045,0.0,0.9955986523625432,0.0937193865424211,0.0093856335517244,0.0183153831821401,0.0261033114228139,1.4641588340690168,53.1,0.0,0.0,30.5,0.0,0.0,0.0,32.0,0.0,0.0,34.0,0.0,0.0,2.0,0.0,0.0,0.0,0.0,1699.2,0.0,0.0,80.12260288310863,0.0,10,0.0,1177.0,214.06612229332205,216.7667463011386,14.274598621193936,1858.8,20.116929756785076,25.81106515401441,29.6694003348425,34.092987469181494,0,,,31.0,34.5,1178.0,0.0,0.0,0.0,0.0,0.0,0.0,0.0,0.0,0.0,1.0,1.0,0.0,0.0,0.0,718.0,573.7099229916241,0.4243697478991596,0.9944289693593314,0.0,0.0,0.0
BEV2_2024-08-15_drive11.csv,BEV2,45.86752893179989,50.805541,5.083309,50.857706,4.704069,27.258667080847854,1.6826768820265157,0.0,-0.9770970576581366,0.2127941256609593,0.0607683995675217,0.2229745054795074,0.1024358526115455,60.70763116795421,52.1,0.0,0.0,30.5,0.0,0.0,0.0,31.5,0.0,0.0,34.5,0.0,0.0,3.0,0.0,0.0,0.0,0.0,1641.15,0.0,0.0,481.6090537838989,0.0,10,0.0,417.0,208.35811265385928,216.7667463011386,14.47175584834348,1793.0,22.45384865475973,26.100312415878108,29.760753789117636,34.08559831818807,0,,,31.75,34.5,418.0,0.0,0.0,0.0,0.0,0.0,0.0,0.0,0.0,0.0,1.0,1.0,0.0,0.0,0.0,4181.0,727.12874315163,0.3890371089012854,0.986127720640995,0.0,0.0,0.0
BEV2_2024-08-15_drive2.csv,BEV2,3.513943798441141,50.857706,4.704069,50.861919,4.686008999999999,1.351400222902608,2.6002243738673574,0.0,-0.9379940082692898,0.3466514682659104,0.2822324198418263,0.4982366435656378,0.9471587247828348,19.756269388927844,41.2,0.0,0.0,25.5,0.0,0.0,0.0,32.5,0.0,0.0,34.5,0.0,0.0,2.0,0.0,0.0,0.0,0.0,1339.0,0.0,0.0,19.326690891426274,0.0,10,0.0,3020.0,200.79209111924695,216.7667463011386,18.87681098187829,2145.7,25.403869913777346,26.34915182930833,29.82467359846499,34.24917954016377,0,,,30.25,34.75,3020.0,0.0,0.0,0.0,0.0,0.0,0.0,0.0,0.0,0.0,1.0,1.0,0.0,0.0,0.0,651.0,271.415796347137,0.4838709677419355,1.0,0.0,0.0,0.0
BEV2_2024-08-15_drive3.csv,BEV2,4.211390054808039,50.861917,4.68601,50.857754,4.704076,1.349878002748789,3.119830122597956,0.0,0.9393632722183092,-0.3429236690683664,0.3160448346834194,0.5254405136155976,0.9539611573581408,26.547766113407228,81.0,0.0,0.0,19.0,0.0,0.0,0.0,27.5,0.0,0.0,32.0,0.0,0.0,4.5,0.0,0.0,0.0,0.0,2227.5,0.0,0.0,-4.211390054808039,0.0,10,0.0,10439.0,199.2245278022627,212.29057577498335,18.979164419150703,2151.8,25.826674884924607,26.45916675883786,30.08272945294121,34.386555049766024,0,,,27.5,32.0,1.0,0.0,0.0,0.0,0.0,0.0,0.0,0.0,0.0,0.0,1.0,1.0,0.0,0.0,0.0,1185.0,225.2591551488125,0.639662447257384,1.0,0.0,0.0,0.0
BEV2_2024-08-15_drive4.csv,BEV2,3.440752906364437,50.858212,4.704219,50.857724,4.704079,0.0551458114016654,62.39373070971848,0.0,-0.1781964257899858,-0.9839949358790796,0.3001962923913514,0.5542939481096685,0.8507194951361992,20.413347882611895,90.0,0.0,0.0,26.5,0.0,0.0,0.0,22.75,0.0,0.0,25.0,0.0,0.0,2.25,0.0,0.0,0.0,0.0,2047.5,0.0,0.0,22.36489389136884,0.0,10,0.0,7407.0,202.18942221555957,202.0678102033724,5.048405014240998,1211.7,14.28381573690666,25.115293226657155,30.15902656028585,34.47458710347168,0,,,22.0,25.25,7407.0,0.0,0.0,0.0,0.0,0.0,0.0,0.0,0.0,0.0,1.0,1.0,0.0,0.0,0.0,2018.0,164.2710008198123,0.7869177403369673,1.0,0.0,0.0,0.0
BEV2_2024-08-15_drive5.csv,BEV2,4.848238056533055,50.857724,4.704079,50.857861,4.704117,0.0154654710146013,313.487901658844,0.0,0.1724668232886817,0.985015327223242,0.2527031231030025,0.4474974065316392,0.7747377277712327,24.25949981788824,88.9,0.0,0.0,27.0,0.0,0.0,0.0,31.25,0.0,0.0,33.5,0.0,0.0,2.25,0.0,0.0,0.0,0.0,2778.125,0.0,0.0,33.937666395731384,0.0,10,0.0,2048.0,206.65668918240436,207.40725617266983,4.9295905932215245,1321.7,13.085711657820386,24.550228665676656,29.09213150108461,33.73470150623403,0,,,28.25,33.75,2048.0,0.0,0.0,0.0,0.0,0.0,0.0,0.0,0.0,0.0,1.0,1.0,0.0,0.0,0.0,2061.0,250.87242680210747,0.7436893203883496,0.9995147986414362,0.0,0.0,0.0
BEV2_2024-08-15_drive6.csv,BEV2,48.79088107774495,50.857861,4.704117,51.253167,4.446185,47.509270640425726,1.0269760074200909,0.0,-0.3794576975087981,0.9252090876128064,0.0457383977492658,0.1801004751780997,0.0623344142142817,64.12523364447075,87.60000000000001,0.0,0.0,28.5,0.0,0.0,0.0,34.5,0.0,0.0,36.5,0.0,0.0,2.0,0.0,0.0,0.0,0.0,3022.2000000000003,0.0,0.0,414.7224891608321,0.0,10,0.0,1823.0,211.6461192914897,217.2379412739467,4.87101153532008,1434.1,11.84841081208719,24.18230538466677,28.44431968444,33.19407856243329,0,,,31.75,37.25,1824.0,0.0,0.0,0.0,0.0,0.0,0.0,0.0,0.0,0.0,1.0,1.0,0.0,0.0,0.0,3925.0,960.8000290792678,0.4055172413793103,0.9235668789808916,0.0,0.0,0.0
BEV2_2024-08-15_drive7.csv,BEV2,7.366607407376499,51.253167,4.446185,51.222267,4.41171,4.191183592884533,1.7576436927943109,0.0,-0.5726514544083436,-0.819798945939801,0.1360295258701783,0.2743237829205575,0.4162709446389827,19.996340302916224,73.9,0.0,0.0,27.5,0.0,0.0,0.0,30.5,0.0,0.0,35.25,0.0,0.0,4.75,0.0,0.0,0.0,0.0,2253.9500000000003,0.0,0.0,55.24955555532374,0.0,10,0.0,751.0,219.24495923463311,221.71432061347625,9.207650046173676,1725.4,14.395362298767902,23.98948185045991,28.068720131165964,32.9247214167771,0,,,30.5,35.25,752.0,0.0,0.0,0.0,0.0,0.0,0.0,0.0,0.0,0.0,1.0,1.0,0.0,0.0,0.0,1739.0,347.3932073667303,0.6340621403912543,0.9994249568717654,0.0,0.0,0.0
BEV2_2024-08-15_drive8.csv,BEV2,12.665274716061464,51.222267,4.41171,51.0972,4.436768,14.016191756662952,0.9036173973604996,0.0,0.1246735452028774,-0.992197816529822,0.057246228521775,0.1834285439582951,0.0733218493203789,17.689084613228477,72.4,0.0,0.0,30.5,0.0,0.0,0.0,33.75,0.0,0.0,35.75,0.0,0.0,2.0,0.0,0.0,0.0,0.0,2443.5,0.0,0.0,132.9853845186454,0.0,10,0.0,4028.0,216.5461214802683,221.71432061347625,8.847657815315097,1694.3,13.994659956339794,24.678192880997955,28.7287053907345,33.59278464842522,0,,,31.5,36.25,4028.0,0.0,0.0,0.0,0.0,0.0,0.0,0.0,0.0,0.0,1.0,1.0,0.0,0.0,0.0,1483.0,762.3891296763142,0.4206514206514206,0.9730276466621712,0.0,0.0,0.0
BEV2_2024-08-15_drive9.csv,BEV2,55.5196337642422,51.0972,4.436769,50.799014,4.973551,50.13435992618325,1.1074168264237962,0.0,0.7500721872586379,-0.6613559661037639,0.0359215354483152,0.1448197659144233,0.0361208823332095,50.82897265936601,69.0,0.0,0.0,30.0,0.0,0.0,0.0,31.5,0.0,0.0,35.5,0.0,0.0,4.0,0.0,0.0,0.0,0.0,2173.5,0.0,0.0,555.196337642422,0.0,10,0.0,177.0,215.0347454796266,217.2379412739467,9.923651335018569,1722.9,16.492950996611334,25.23742114479338,29.432949409222505,34.11175674219608,0,,,31.5,35.5,178.0,0.0,0.0,0.0,0.0,0.0,0.0,0.0,0.0,0.0,1.0,1.0,0.0,0.0,0.0,3596.0,973.08454209053,0.3600591715976331,0.9399332591768632,0.0,0.0,0.0
BEV2_2024-08-16_drive1.csv,BEV2,34.92564745446701,50.857754,4.704076,50.817786,5.180159,33.72541784203263,1.0355882799749483,0.0,0.9912793765820738,-0.1317770752561124,0.04220984560414,0.1465714587201786,0.0520271764792089,33.05030910804162,79.7,0.0,0.0,19.5,0.0,0.0,0.0,24.0,0.0,0.0,27.0,0.0,0.0,3.0,0.0,0.0,0.0,0.0,1912.8,0.0,0.0,-17.462823727233506,0.0,10,0.0,38301.0,199.2245278022627,212.29057577498335,18.979164419150703,2151.8,25.826674884924607,26.45916675883786,30.08272945294121,34.386555049766024,0,,,26.5,31.75,26239.0,0.0,0.0,0.0,0.0,0.0,0.0,0.0,0.0,0.0,1.0,1.0,0.0,0.0,0.0,2523.0,694.1147341479835,0.2841463414634146,0.9750297265160524,0.0,0.0,0.0
BEV2_2024-08-16_drive2.csv,BEV2,20.09170248502359,50.817786,5.180159,50.929128,5.33982,16.697017231559336,1.2033108792058915,0.0,0.6709635625366918,0.7414903220865873,0.0646158985285129,0.1966787148747774,0.1017570353685696,26.427902498161806,72.7,0.0,0.0,23.0,0.0,0.0,0.0,28.25,0.0,0.0,30.5,0.0,0.0,2.25,0.0,0.0,0.0,0.0,2053.775,0.0,0.0,60.27510745507077,0.0,10,0.0,1586.0,191.88191216031143,192.7502434555957,22.45712753521316,2291.6,30.75953084146343,26.445865559397145,30.34251146423906,34.78321885536576,0,,,26.0,30.75,1586.0,0.0,0.0,0.0,0.0,0.0,0.0,0.0,0.0,0.0,1.0,1.0,0.0,0.0,0.0,1935.0,805.2352546830105,0.3932642487046632,0.9974160206718348,0.0,0.0,0.0
BEV2_2024-08-16_drive3.csv,BEV2,1.7821447536477222,50.929132,5.339816,50.917462,5.331824,1.4133971571420083,1.2608945367141875,0.0,-0.3963379178385507,-0.9181047080172297,0.3673722974541841,0.442570316116239,0.859092323831797,12.858030410896443,68.9,0.0,0.0,27.0,0.0,0.0,0.0,29.0,0.0,0.0,31.0,0.0,0.0,2.0,0.0,0.0,0.0,0.0,1998.1,0.0,0.0,12.475013275534057,0.0,10,0.0,6266.0,186.7870451388629,165.67307272691505,24.12222249307907,2283.3,33.88045894566742,26.09160625985452,30.56064932632072,34.69138034481016,0,,,29.0,31.75,4241.0,0.0,0.0,0.0,0.0,0.0,0.0,0.0,0.0,0.0,1.0,1.0,0.0,0.0,0.0,686.0,106.3678211016934,0.5284671532846715,0.998542274052478,0.0,0.0,0.0
BEV2_2024-08-16_drive4.csv,BEV2,7.3983393581160115,50.917462,5.331824,50.948272,5.328711,3.432859173949159,2.155153760532788,0.0,-0.0635489158930973,0.997978724867826,0.1257418037230266,0.2537953212883813,0.3208862449225274,20.118688595684265,68.2,0.0,0.0,22.0,0.0,0.0,0.0,29.75,0.0,0.0,31.75,0.0,0.0,2.0,0.0,0.0,0.0,0.0,2028.95,0.0,0.0,14.796678716232025,0.0,10,0.0,1214.0,186.74804297280363,165.67307272691505,23.81561316279054,2145.8,33.96694373286276,25.80567789802712,30.357554296975685,34.38374175887799,0,,,28.0,31.75,983.0,0.0,0.0,0.0,0.0,0.0,0.0,0.0,0.0,0.0,1.0,1.0,0.0,0.0,0.0,1040.0,589.2715241095034,0.4927113702623906,0.989423076923077,0.0,0.0,0.0
BEV2_2024-08-16_drive5.csv,BEV2,22.330497448488096,50.948273,5.328711,50.819255,5.180776,17.706363261232294,1.2611566316037492,0.0,-0.5861172467565295,-0.8102262480656532,0.0619226309165823,0.1740396744729943,0.0981980255817494,30.465934410958496,66.60000000000001,0.0,0.0,22.714285714285715,0.0,0.0,0.0,28.25,0.0,0.0,30.5,0.0,0.0,2.25,0.0,0.0,0.0,0.0,1881.4500000000005,0.0,0.0,60.611350217324855,0.0,10,0.0,9100.0,177.01070848853212,160.12257895013144,19.676358990827648,1857.3,32.05018383582436,25.358760036393072,29.97898924407336,33.90221935937673,0,,,28.0,32.0,8478.0,0.0,0.0,0.0,0.0,0.0,0.0,0.0,0.0,0.0,1.0,1.0,0.0,0.0,0.0,1936.0,810.2408444463377,0.3140147523709167,0.9803719008264464,0.0,0.0,0.0
BEV2_2024-08-16_drive6.csv,BEV2,35.39123109737704,50.819274,5.180772999999999,50.857515,4.70399,33.74896826621739,1.0486611270070605,0.0,-0.9920308685496017,0.1259950627791546,0.047662086316198,0.1931807812787091,0.0502272368422061,37.27175149926687,90.5,0.0,0.0,22.5,0.0,0.0,0.0,28.0,0.0,0.0,30.25,0.0,0.0,2.25,0.0,0.0,0.0,0.0,2534.0,0.0,0.0,88.4780777434426,0.0,10,0.0,22747.0,179.67079459425383,167.77123997693917,21.17274799493881,1877.0,34.67501361789567,24.72658898571681,29.71214843555873,33.5126429561151,0,,,29.0,33.0,22747.0,0.0,0.0,0.0,0.0,0.0,0.0,0.0,0.0,0.0,1.0,1.0,0.0,0.0,0.0,2484.0,684.8229167682903,0.230062630480167,0.964170692431562,0.0,0.0,0.0
BEV2_2024-08-16_drive7.csv,BEV2,109.91912827124638,50.857515,4.703984,50.857523,4.703997,0.0012743497450778,86255.07141647009,0.0,0.7160484051257511,0.6980506296228578,0.0335840320382641,0.1267438698054847,0.0534724361909677,91.04631085573412,90.5,0.0,0.0,20.0,0.0,0.0,0.0,26.5,0.0,0.0,28.75,0.0,0.0,2.25,0.0,0.0,0.0,0.0,2398.25,0.0,0.0,0.0,0.0,10,0.0,36429.0,179.67079459425383,167.77123997693917,21.17274799493881,1877.0,34.67501361789567,24.72658898571681,29.71214843555873,33.5126429561151,0,,,25.0,29.5,5337.0,0.0,0.0,0.0,0.0,0.0,0.0,0.0,0.0,0.0,1.0,1.0,0.0,0.0,0.0,9175.0,929.5327158303865,0.4030866999546073,0.9604359673024524,0.0,0.0,0.0
BEV2_2024-08-17_drive1.csv,BEV2,0.0873792282600241,50.857525,4.703993,50.857015,4.704185,0.0582888857681095,1.499071857500322,0.0,0.2312093857612389,-0.9729040137320384,1.0934613867155911,0.0,1.0934613867155911,1.0934613867155911,90.6,0.0,0.0,24.5,0.0,0.0,0.0,25.75,0.0,0.0,29.5,0.0,0.0,3.75,0.0,0.0,0.0,0.0,2332.95,0.0,0.0,0.3932065271701084,0.0,10,0.0,31213.0,196.77345481869767,167.77123997693917,30.8981333504573,2646.3,35.91613736278731,24.073366450836765,29.225577902375896,33.190556849749925,0,,,25.75,29.5,1.0,0.0,0.0,0.0,0.0,0.0,0.0,0.0,0.0,0.0,1.0,1.0,0.0,0.0,0.0,359.0,89.86563498766697,0.935933147632312,1.0,0.0,0.0,0.0
BEV2_2024-08-17_drive2.csv,BEV2,3.7281066314184512,50.857015,4.704185,50.862444,4.686799,1.3614552119412793,2.7383248444159967,0.0,-0.8963206329429879,0.4434064985548605,0.2507476537282402,0.528817833104351,0.6886242363777981,18.55532637588978,90.3,0.0,0.0,25.5,0.0,0.0,0.0,29.0,0.0,0.0,31.0,0.0,0.0,2.0,0.0,0.0,0.0,0.0,2618.7,0.0,0.0,20.50458647280148,0.0,10,0.0,4193.0,193.8846720696977,167.77123997693917,25.35490091379593,2322.5,30.44846008905886,23.68375322169092,28.767883179922,32.826688753651325,0,,,28.5,31.0,1825.0,0.0,0.0,0.0,0.0,0.0,0.0,0.0,0.0,0.0,1.0,1.0,0.0,0.0,0.0,2552.0,203.4427498607976,0.835423197492163,1.0,0.0,0.0,0.0
BEV2_2024-08-17_drive4.csv,BEV2,2.0081605951041133,50.868589,4.696586,50.857763,4.704073999999999,1.3135126381962212,1.528847562412354,0.0,0.4000981624705608,-0.9164722911183298,0.4911142298120731,0.7069378316394775,1.3168268105877623,19.644569192482923,88.5,0.0,0.0,26.5,0.0,0.0,0.0,30.0,0.0,0.0,32.25,0.0,0.0,2.25,0.0,0.0,0.0,0.0,2655.0,0.0,0.0,13.053043868176736,0.0,10,0.0,13122.0,197.3723323478576,184.64538149427125,24.96463916852722,2506.0,27.158389000943693,23.33113467600472,28.479102170994395,32.71371476373886,0,,,28.5,32.5,1870.0,0.0,0.0,0.0,0.0,0.0,0.0,0.0,0.0,0.0,1.0,1.0,0.0,0.0,0.0,1118.0,139.6936410304731,0.7448522829006267,0.9991055456171736,0.0,0.0,0.0
BEV2_2024-08-17_drive5.csv,BEV2,3.662241743293646,50.857763,4.704075,50.857762,4.704077,0.0001790860460857,20449.620857335933,0.0,0.7838873316892677,-0.6209030932577805,0.2817727631379701,0.4444459461812352,0.6606041379891279,20.56941170907182,87.7,0.0,0.0,27.5,0.0,0.0,0.0,30.75,0.0,0.0,32.75,0.0,0.0,2.0,0.0,0.0,0.0,0.0,2696.775,0.0,0.0,27.466813074702344,0.0,10,0.0,1571.0,203.6946926909391,212.0061278449993,20.57850500242125,2199.7,23.856586689660613,23.291329521358957,28.364614052889216,32.51869885078253,0,,,29.25,33.0,1572.0,0.0,0.0,0.0,0.0,0.0,0.0,0.0,0.0,0.0,1.0,1.0,0.0,0.0,0.0,1025.0,152.06725652291308,0.5560975609756098,1.0,0.0,0.0,0.0
BEV2_2024-08-17_drive6.csv,BEV2,6.914188445506328,50.857762,4.704077,50.861932,4.685887,1.3583221282144975,5.090242072839502,0.0,-0.9399308550628386,0.3413648893791526,0.2144157991560745,0.4472778908195522,0.6647824785104245,29.589380283538286,86.9,0.0,0.0,27.2,0.0,0.0,0.0,31.0,0.0,0.0,33.0,0.0,0.0,2.0,0.0,0.0,0.0,0.0,2693.9,0.0,0.0,49.78215680764556,0.0,10,0.0,2861.0,204.33503091906312,212.0061278449993,20.593341816070566,2237.2,23.201865243502574,23.426500703855545,28.188396207307967,32.40127242701148,0,,,30.0,33.5,2861.0,0.0,0.0,0.0,0.0,0.0,0.0,0.0,0.0,0.0,1.0,1.0,0.0,0.0,0.0,1363.0,197.03788241408424,0.4372707263389582,1.0,0.0,0.0,0.0
BEV2_2024-08-17_drive7.csv,BEV2,2.633986158720068,50.861933,4.685887999999999,50.857027,4.704156,1.3934372308797531,1.8902797344212543,0.0,0.9201804326065164,-0.3914945356554604,0.3694172197584907,0.4805867851598734,1.0830765818215502,19.20969542744152,85.7,0.0,0.0,22.0,0.0,0.0,0.0,26.75,0.0,0.0,29.75,0.0,0.0,3.0,0.0,0.0,0.0,0.0,2292.475,0.0,0.0,5.267972317440136,0.0,10,0.0,19616.0,211.28084864305535,212.0061278449993,17.7921959151745,2121.3,20.04455428421016,23.7993732117205,28.715166308493902,32.75512986000753,0,,,29.25,33.25,19616.0,0.0,0.0,0.0,0.0,0.0,0.0,0.0,0.0,0.0,1.0,1.0,0.0,0.0,0.0,647.0,242.29364308810824,0.5603715170278638,0.9984544049459042,0.0,0.0,0.0
BEV2_2024-08-18_drive1.csv,BEV2,5.197558455405632,50.857027,4.704156,50.86192,4.68598,1.3869300255230368,3.7475275318562216,0.0,-0.9198419784495544,0.3922890957979962,0.2163465756437417,0.4844715976635254,0.693886895947991,22.2836972913054,84.9,0.0,0.0,19.5,0.0,0.0,0.0,22.25,0.0,0.0,25.0,0.0,0.0,2.75,0.0,0.0,0.0,0.0,1889.025,0.0,0.0,-2.598779227702816,0.0,10,0.0,26680.0,220.1336002361143,229.78042170099064,16.046437431814546,1992.6,17.769318621762682,23.63346222933094,28.562861856142103,32.595621423368414,0,,,26.25,30.0,26681.0,0.0,0.0,0.0,0.0,0.0,0.0,0.0,0.0,0.0,1.0,1.0,0.0,0.0,0.0,1213.0,220.36222500463737,0.5119538334707338,1.0,0.0,0.0,0.0
BEV2_2024-08-18_drive2.csv,BEV2,7.958084254364477,50.861921,4.685982,50.857701,4.704049,1.3521310537056257,5.885586484057664,0.0,0.9378504169816628,-0.3470397604991698,0.2893161732950729,0.472027441543275,1.0263580215776802,46.0012715539166,83.9,0.0,0.0,22.0,0.0,0.0,0.0,23.0,0.0,0.0,25.5,0.0,0.0,2.5,0.0,0.0,0.0,0.0,1929.7,0.0,0.0,15.916168508728957,0.0,10,0.0,10949.0,217.20639864025225,212.0061278449993,16.387978801990336,2045.4,18.37555187661805,23.24774918135196,27.906314423216703,32.02675598587852,0,,,22.5,28.0,10949.0,0.0,0.0,0.0,0.0,0.0,0.0,0.0,0.0,0.0,1.0,1.0,0.0,0.0,0.0,1986.0,183.5398820020914,0.5558912386706949,1.0,0.0,0.0,0.0
BEV2_2024-08-18_drive3.csv,BEV2,2.092674780473174,50.857701,4.704049,50.862417,4.686799,1.3194307399399028,1.5860436755994411,0.0,-0.917627689659644,0.3974410939622424,0.2756543761671697,0.4139081363651271,0.9280893820904704,11.30182942285396,82.10000000000001,0.0,0.0,26.5,0.0,0.0,0.0,28.25,0.0,0.0,30.5,0.0,0.0,2.25,0.0,0.0,0.0,0.0,2319.3250000000003,0.0,0.0,13.60238607307563,0.0,10,0.0,2857.0,218.3279544166677,212.0061278449993,16.443971199238625,2140.1,17.259913382457196,23.274775053762912,27.457125277342005,31.77309518297473,0,,,26.25,30.75,2858.0,0.0,0.0,0.0,0.0,0.0,0.0,0.0,0.0,0.0,1.0,1.0,0.0,0.0,0.0,1107.0,144.63051597468805,0.7396021699819169,0.999096657633243,0.0,0.0,0.0
BEV2_2024-08-18_drive4.csv,BEV2,50.36701734048691,50.862417,4.686799,51.222271,4.41161,44.39895816733584,1.1344189012421864,0.0,-0.4333294602650155,0.9012355845540224,0.0436574242374122,0.1523114220584463,0.0689349369481932,54.00423378167898,81.60000000000001,0.0,0.0,26.5,0.0,0.0,0.0,30.5,0.0,0.0,32.5,0.0,0.0,2.0,0.0,0.0,0.0,0.0,2488.8,0.0,0.0,327.3856127131649,0.0,10,0.0,2167.0,221.4665616492289,212.0293349638748,14.420188932437128,2057.3,13.790538695273735,23.55424856516745,27.45866204413199,31.855573244480823,0,,,28.5,32.75,2168.0,0.0,0.0,0.0,0.0,0.0,0.0,0.0,0.0,0.0,1.0,1.0,0.0,0.0,0.0,4143.0,906.5178084992056,0.3882885147021865,0.9604151580979966,0.0,0.0,0.0
BEV2_2024-08-18_drive5.csv,BEV2,45.10218573231303,51.222271,4.41161,50.861923,4.685830999999999,44.41926275976928,1.0153744778754474,0.0,0.4316101104384518,-0.9020602599423764,0.0408081367951293,0.1356560028259859,0.0733248626929872,52.19360696097041,68.60000000000001,0.0,0.0,28.5,0.0,0.0,0.0,30.5,0.0,0.0,32.5,0.0,0.0,2.0,0.0,0.0,0.0,0.0,2092.3,0.0,0.0,383.3685787246608,0.0,10,0.0,2983.0,195.74624356860207,198.09498810690468,8.464977839361183,1554.1,13.85244769623906,23.871749879185018,27.57503914011078,31.8240904264634,0,,,28.25,32.75,2984.0,0.0,0.0,0.0,0.0,0.0,0.0,0.0,0.0,0.0,1.0,1.0,0.0,0.0,0.0,3402.0,936.9245505915466,0.3382259093809828,0.921222810111699,0.0,0.0,0.0
BEV2_2024-08-18_drive6.csv,BEV2,4.419912915982604,50.861923,4.685830999999999,50.856888,4.705145,1.4666948376539888,3.013519106027777,0.0,0.924277877708724,-0.3817203227210425,0.291772784944395,0.4513602468800622,0.9504875855268048,25.676005075106765,54.6,0.0,0.0,25.5,0.0,0.0,0.0,30.5,0.0,0.0,32.75,0.0,0.0,2.25,0.0,0.0,0.0,0.0,1665.3,0.0,0.0,24.30952103790432,0.0,10,0.0,1372.0,202.5538510011924,198.09498810690468,12.966458489766485,1858.6,18.53358149694605,23.85871051452753,27.912244016527005,32.07687793829936,0,,,29.0,33.25,1373.0,0.0,0.0,0.0,0.0,0.0,0.0,0.0,0.0,0.0,1.0,1.0,0.0,0.0,0.0,1015.0,155.50870983812092,0.4053254437869822,0.9990147783251232,0.0,0.0,0.0
BEV2_2024-08-18_drive7.csv,BEV2,3.5431220899966203,50.856886,4.705146,50.861917,4.685984,1.4566688711783875,2.4323455797681555,0.0,-0.9233155045035434,0.3840422882227517,0.2752247029338997,0.4976331035832863,0.9465087118946072,19.26572920537298,53.3,0.0,0.0,24.5,0.0,0.0,0.0,30.25,0.0,0.0,32.5,0.0,0.0,2.25,0.0,0.0,0.0,0.0,1612.3249999999998,0.0,0.0,15.944049404984792,0.0,10,0.0,4810.0,202.50734537133255,198.09498810690468,13.035639118222898,1704.9,19.571324580094608,23.725212963689845,28.014397231493188,32.10140142006951,0,,,29.5,33.5,4694.0,0.0,0.0,0.0,0.0,0.0,0.0,0.0,0.0,0.0,1.0,1.0,0.0,0.0,0.0,941.0,177.53564543112785,0.5430393198724761,1.0,0.0,0.0,0.0
BEV2_2024-08-18_drive8.csv,BEV2,3.256415088750246,50.861917,4.685984,50.856887,4.705155,1.457209455916687,2.234692532036674,0.0,0.9234064714295984,-0.383823512205725,0.4268023667434629,0.519887250528728,1.2951321688801078,27.74215383832509,52.8,0.0,0.0,19.0,0.0,0.0,0.0,25.25,0.0,0.0,28.0,0.0,0.0,2.75,0.0,0.0,0.0,0.0,1333.1999999999998,0.0,0.0,-3.256415088750246,0.0,10,0.0,18823.0,199.9681578689384,192.6396437510301,13.189158588182716,1687.2,20.27769975783569,23.26298859111253,27.98274291299756,32.00345680299074,0,,,28.5,32.25,18823.0,0.0,0.0,0.0,0.0,0.0,0.0,0.0,0.0,0.0,1.0,1.0,0.0,0.0,0.0,646.0,155.3784261909885,0.3962848297213622,1.0,0.0,0.0,0.0
BEV2_2024-08-19_drive1.csv,BEV2,1.9490865814960256,50.856887,4.705155,50.855994,4.694745999999999,0.7373620492858809,2.64332370154346,0.0,-0.9908911198123715,-0.1346654695049334,0.2664690876086338,0.4335352167350342,1.0002029016463212,10.125825329128087,52.0,0.0,0.0,22.5,0.0,0.0,0.0,18.0,0.0,0.0,21.0,0.0,0.0,3.0,0.0,0.0,0.0,0.0,936.0,0.0,0.0,4.872716453740064,0.0,10,0.0,33555.0,201.04212719269387,198.09498810690468,13.148568903564316,1649.3,20.80151001301224,22.348233287232738,27.367564271803623,31.378314503112158,0,,,24.0,27.5,33555.0,0.0,0.0,0.0,0.0,0.0,0.0,0.0,0.0,0.0,1.0,1.0,0.0,0.0,0.0,1027.0,180.4475678168594,0.7692307692307693,1.0,0.0,0.0,0.0
BEV2_2024-08-19_drive2.csv,BEV2,7.048786401718493,50.855994,4.694747,50.857755,4.704073,0.6832790791655783,10.316116235150188,0.0,0.9580561326353544,0.2865806112070183,0.246918625595722,0.4099782704030189,0.9223630074212654,34.56860758340109,51.6,0.0,0.0,21.5,0.0,0.0,0.0,19.75,0.0,0.0,23.25,0.0,0.0,3.5,0.0,,1.0,,1019.1,0.0,0.0,10.573179602577738,0.0,10,0.0,257.0,204.01574175952973,198.09498810690468,12.652058717163282,1615.7,19.66055686635965,22.064146016202468,26.277437561778957,30.439937811776275,0,,,19.75,23.25,257.0,0.0,0.0,0.0,0.0,0.0,0.0,0.0,0.0,0.0,1.0,1.0,0.0,0.0,0.0,1709.0,197.68614667361692,0.5541886350322203,0.9988297249853716,0.0,0.0,0.0
BEV2_2024-08-19_drive4.csv,BEV2,27.531876228156367,50.885334,4.380668,50.858022,4.704161,22.901963070492595,1.2021622837925652,0.0,0.9911687140733144,-0.1326068634809389,0.0820286747134254,0.2640716670705743,0.1688622560755839,51.59603639474463,39.8,0.0,0.0,26.0,0.0,0.0,0.0,29.75,0.0,0.0,32.25,0.0,0.0,2.5,0.0,0.0,0.0,0.0,1184.05,0.0,0.0,165.1912573689382,0.0,10,0.0,18246.0,202.2372442736463,192.6396437510301,13.093525592192728,1721.7,19.68561596828091,22.04663431142064,25.8777143056332,30.2912952088896,0,,,29.5,34.75,10520.0,0.0,0.0,0.0,0.0,0.0,0.0,0.0,0.0,0.0,1.0,1.0,0.0,0.0,0.0,2376.0,800.7580398855291,0.3912855910267472,0.9755892255892256,0.0,0.0,0.0
BEV2_2024-08-19_drive5.csv,BEV2,4.600782722569065,50.858022,4.704162999999999,50.858024,4.704171,0.000603964666154,7617.6355677665615,0.0,0.9297398104171454,0.3682171708726937,0.2841554460237678,0.5543855130373361,1.0214207101898705,26.14230103418664,33.1,0.0,0.0,24.5,0.0,0.0,0.0,30.25,0.0,0.0,32.25,0.0,0.0,2.0,0.0,0.0,0.0,0.0,1001.275,0.0,0.0,20.70352225156079,0.0,10,0.0,2604.0,197.69047401501413,192.6396437510301,15.32697527156545,1838.0,22.313128199174862,22.50980525111944,26.58736285803265,30.913385923921,0,,,28.75,34.0,2605.0,0.0,0.0,0.0,0.0,0.0,0.0,0.0,0.0,0.0,1.0,1.0,0.0,0.0,0.0,1160.0,138.3785944472791,0.4905172413793103,1.0,0.0,0.0,0.0
BEV2_2024-08-19_drive6.csv,BEV2,8.651994307764124,50.858022,4.704171,50.889124,4.687005,3.662141446888609,2.3625505549805954,0.0,-0.3289062332149021,0.9443625838375768,0.2187235762439683,0.4524308340569647,0.6490570584059678,38.05790226645048,31.3,0.0,0.0,24.0,0.0,0.0,0.0,31.25,0.0,0.0,33.5,0.0,0.0,2.25,0.0,0.0,0.0,0.0,978.125,0.0,0.0,34.607977231056495,0.0,10,0.0,3243.0,197.8752506001044,192.57544357206768,14.991241249012628,1755.4,22.296907985808595,22.678280436323814,27.102045017542792,31.301118253772437,0,,,29.5,34.0,3057.0,0.0,0.0,0.0,0.0,0.0,0.0,0.0,0.0,0.0,1.0,1.0,0.0,0.0,0.0,1278.0,288.0460689863859,0.350822239624119,0.9992175273865416,0.0,0.0,0.0
BEV2_2024-08-19_drive7.csv,BEV2,4.232725050914092,50.889128,4.687002,50.86194,4.686022,3.0239537262420035,1.3997320839212313,0.0,-0.022738969256306,-0.999741436210964,0.1945839653390642,0.4127618786587653,0.4669897019326249,16.345053088481396,86.80000000000001,0.0,0.0,21.0,0.0,0.0,0.0,49.0,0.0,0.0,56.5,0.0,0.0,7.5,0.0,0.0,0.0,0.0,4253.200000000001,0.0,0.0,4.232725050914092,0.0,10,0.0,2504.0,194.9613791307229,185.6486526236239,15.647173201741722,1772.5,24.049676461745563,22.473491803014305,27.27530180059785,31.32638118529319,0,,,51.0,59.5,364.0,0.0,0.0,0.0,0.0,0.0,0.0,0.0,0.0,0.0,1.0,1.0,0.0,0.0,0.0,677.0,317.3681514833266,0.4711964549483013,1.0,0.0,0.0,0.0
BEV2_2024-08-19_drive8.csv,BEV2,2.6769374284694782,50.86194,4.686021,50.856899,4.703546,1.3517611574188002,1.9803331481880375,0.0,0.9099719981930456,-0.4146697029016658,0.4090266924036894,0.5739539310658106,1.174843095470625,21.67841469739554,86.0,0.0,0.0,22.5,0.0,0.0,0.0,36.75,0.0,0.0,40.25,0.0,0.0,3.5,0.0,0.0,0.0,0.0,3160.5,0.0,0.0,6.692343571173696,0.0,10,0.0,10713.0,190.4502662071283,174.2970928188986,11.03375509229244,1425.7,21.923797758191807,22.14338284550109,28.805368994451,33.36251755475367,0,,,40.0,46.5,10074.0,0.0,0.0,0.0,0.0,0.0,0.0,0.0,0.0,0.0,1.0,1.0,0.0,0.0,0.0,705.0,224.1112795607328,0.5539772727272727,0.998581560283688,0.0,0.0,0.0
BEV2_2024-08-20_drive1.csv,BEV2,2.1204255399871506,50.856898,4.703546,50.86192,4.686039,1.3497363957291806,1.5709923409464064,0.0,-0.9104012290457744,0.413726482294696,0.302074209940103,0.381044892549171,0.9239307227874056,12.687116817484329,85.10000000000001,0.0,0.0,16.0,0.0,0.0,0.0,22.5,0.0,0.0,25.75,0.0,0.0,3.25,0.0,0.0,0.0,0.0,1914.75,0.0,0.0,-8.481702159948602,0.0,10,0.0,28868.0,174.42819058635436,174.2970928188986,6.791237280443411,1156.0,18.516475041338055,21.858564755049247,29.234885474660512,33.92483607848585,0,,,32.0,38.0,28658.0,0.0,0.0,0.0,0.0,0.0,0.0,0.0,0.0,0.0,1.0,1.0,0.0,0.0,0.0,648.0,181.239980990812,0.6033950617283951,1.0,0.0,0.0,0.0
BEV2_2024-08-20_drive3.csv,BEV2,3.735424347865321,50.857742,4.704056,50.862471,4.686659,1.329474780680776,2.809699290386347,0.0,-0.9184548804490824,0.3955257672759916,0.3274957898605373,0.5465794620775646,1.1093990321789935,24.23468844967976,83.80000000000001,0.0,0.0,24.5,0.0,0.0,0.0,23.25,0.0,0.0,25.5,0.0,0.0,2.25,0.0,0.0,0.0,0.0,1948.3500000000004,0.0,0.0,16.809409565393945,0.0,10,0.0,15898.0,170.42117401837586,163.67723390484426,6.561299662351862,1119.3,18.1260880466853,21.080691022631846,28.36228445613413,33.03729490369241,0,,,21.5,27.5,1254.0,0.0,0.0,0.0,0.0,0.0,0.0,0.0,0.0,0.0,1.0,1.0,0.0,0.0,0.0,1067.0,162.18201448661773,0.5412757973733584,0.999062792877226,0.0,0.0,0.0
BEV2_2024-08-20_drive4.csv,BEV2,2.7858291330722342,50.862471,4.686659,50.857476,4.703979,1.336534257597814,2.084367921911163,0.0,0.909562606762392,-0.4155669192556147,0.4235822651312418,0.5548321464349115,1.2497406060818752,23.297024582218302,83.0,0.0,0.0,22.0,0.0,0.0,0.0,25.0,0.0,0.0,27.5,0.0,0.0,2.5,0.0,0.0,0.0,0.0,2075.0,0.0,0.0,5.5716582661444685,0.0,10,0.0,17617.0,171.1093164204178,169.982772623394,6.580506567668165,1131.9,18.031586770409383,21.362982027922847,27.897509190129146,32.89210597958774,0,,,26.0,31.0,17402.0,0.0,0.0,0.0,0.0,0.0,0.0,0.0,0.0,0.0,1.0,1.0,0.0,0.0,0.0,772.0,128.77886914337876,0.4643320363164721,0.9987046632124352,0.0,0.0,0.0
BEV2_2024-08-20_drive5.csv,BEV2,5.436534765981667,50.857476,4.703979,50.85752,4.703993,0.0049902956220302,1089.421384573178,0.0,0.1969199076374787,0.9804195785356628,0.2315823508221806,0.3805364587381467,0.8382704521032716,25.010893888795508,82.2,0.0,0.0,20.0,0.0,0.0,0.0,25.75,0.0,0.0,28.0,0.0,0.0,2.25,0.0,0.0,0.0,0.0,2116.65,0.0,0.0,0.0,0.0,10,0.0,2185.0,171.78875675577328,169.982772623394,6.533447972100364,1144.4,17.520989306454958,21.998203616012177,27.96303007836322,32.99244157283515,0,,,25.0,29.75,2185.0,0.0,0.0,0.0,0.0,0.0,0.0,0.0,0.0,0.0,1.0,1.0,0.0,0.0,0.0,1066.0,170.7720665487866,0.4136960600375234,1.0,0.0,0.0,0.0
BEV2_2024-08-20_drive6.csv,BEV2,4.153490752178934,50.857518,4.703994,50.858053,4.704165,0.0606881475896312,68.43989999932984,0.0,0.1977777413376642,0.9802468898350926,0.3177047642961625,0.5259175357867409,1.0929550600522977,26.36949543658149,90.3,0.0,0.0,17.5,0.0,0.0,0.0,27.0,0.0,0.0,29.25,0.0,0.0,2.25,0.0,,1.0,,2438.1,0.0,0.0,-10.383726880447334,0.0,10,0.0,12796.0,172.46965734426908,174.89196276665626,6.882192790548929,1148.3,18.67058071408851,21.8791259549687,28.612054234574664,33.62901418342031,0,,,24.5,29.5,2966.0,0.0,0.0,0.0,0.0,0.0,0.0,0.0,0.0,0.0,1.0,1.0,0.0,0.0,0.0,1510.0,239.65696162099587,0.711066931742876,0.9993377483443708,0.0,0.0,0.0
BEV2_2024-08-21_drive1.csv,BEV2,2.017324158137336,50.858053,4.704165,50.861899,4.685847,1.3549681486986864,1.4888351140023308,0.0,-0.9488853684885254,0.3156209078441971,0.3047694757406419,0.3752599232522237,0.9111457769745834,12.190779029625675,89.10000000000001,0.0,0.0,13.0,0.0,0.0,0.0,18.75,0.0,0.0,21.75,0.0,0.0,3.0,0.0,0.0,0.0,0.0,1670.6250000000002,0.0,0.0,-14.121269106961352,0.0,10,0.0,32034.0,174.46221721089785,174.89196276665626,6.592663225594973,1128.4,18.17620653640616,21.73207630115692,28.935581809664075,33.705754192488,0,,,25.0,29.0,32035.0,0.0,0.0,0.0,0.0,0.0,0.0,0.0,0.0,0.0,1.0,1.0,0.0,0.0,0.0,673.0,181.9663170458085,0.6508172362555721,1.0,0.0,0.0,0.0
BEV2_2024-08-21_drive2.csv,BEV2,128.0059394123156,50.861899,4.685847,50.622632,3.355736,97.3001581046788,1.3155779179166642,0.0,-0.9618916078549408,-0.2734310420165144,0.0410137922408858,0.1357742346788968,0.0705430977595948,123.49252843730726,88.60000000000001,0.0,0.0,14.0,0.0,0.0,0.0,17.5,0.0,0.0,21.0,0.0,0.0,3.5,0.0,0.0,0.0,0.0,1550.5000000000002,0.0,0.0,-768.0356364738936,0.0,10,0.0,713.0,181.22713602509685,182.69307401010167,4.041190116495417,958.1,15.084258087432122,20.586556459542283,27.758162653657383,32.55099340382215,0,,,17.5,21.0,714.0,0.0,0.0,0.0,0.0,0.0,0.0,0.0,0.0,0.0,1.0,1.0,0.0,0.0,0.0,11320.0,830.873190555581,0.3441759040523351,0.97226148409894,0.0,0.0,0.0
BEV2_2024-08-22_drive1.csv,BEV2,103.60682686827153,50.622632,3.355734,50.857305,4.703945,98.39358302300094,1.052983575606266,0.0,0.964193211571001,0.2652007744340102,0.0328194968170553,0.135763473432799,0.0414863893639417,85.0024967561733,52.0,0.0,0.0,23.0,0.0,0.0,0.0,16.25,0.0,0.0,18.5,0.0,0.0,2.25,0.0,1.0,0.0,0.0,845.0,0.0,0.0,310.8204806048146,0.0,10,0.0,95254.0,205.3374842397172,188.32011079120167,16.381691747219914,1974.1,17.729850348142463,19.843685249756824,27.164213342140748,32.08830109852707,0,,,14.5,17.5,20307.0,0.0,0.0,0.0,0.0,0.0,0.0,0.0,0.0,0.0,1.0,1.0,0.0,0.0,0.0,6303.0,976.1997511800106,0.3245021937225785,0.9401872124385212,0.0,0.0,0.0
BEV2_2024-08-22_drive2.csv,BEV2,4.210517521599348,50.857305,4.703945,50.857753,4.704088,0.0508165738280643,82.85717049412754,0.0,0.1975232531490522,0.9802982018066826,0.4455134473789847,0.6037434189240168,0.9936402199246036,37.42312957983472,20.5,0.0,0.0,26.0,0.0,0.0,0.0,30.75,0.0,0.0,36.25,0.0,0.0,5.5,0.0,0.0,0.0,0.0,630.375,0.0,0.0,25.263105129596088,0.0,10,0.0,1347.0,207.0775516725768,202.50583417363904,25.877175003270654,2476.6,21.21313354284697,19.996608742057223,26.867033277895825,31.96945899430753,0,,,31.0,36.25,891.0,0.0,0.0,0.0,0.0,0.0,0.0,0.0,0.0,0.0,1.0,1.0,0.0,0.0,0.0,1258.0,174.62329173960592,0.5648369132856006,0.9992050874403816,0.0,0.0,0.0
BEV2_2024-08-22_drive3.csv,BEV2,2.7471198470399387,50.857751,4.704088,50.857775,4.704084,0.0026834107181651,1023.7418478071556,0.0,-0.1046304841180956,0.9945111672541506,0.2706094848137682,0.3920452262091571,0.7634651609333122,14.612912179943482,19.0,0.0,0.0,25.5,0.0,0.0,0.0,36.25,0.0,0.0,38.5,0.0,0.0,2.25,0.0,0.0,0.0,0.0,688.75,0.0,0.0,15.109159158719663,0.0,10,0.0,2200.0,208.44862211257745,208.49450094222632,25.874943130831184,2534.9,20.16766086985076,20.55801692150664,25.64885390390186,30.53410056614077,0,,,33.0,40.0,2201.0,0.0,0.0,0.0,0.0,0.0,0.0,0.0,0.0,0.0,1.0,1.0,0.0,0.0,0.0,639.0,177.53946508125935,0.5211267605633803,1.0,0.0,0.0,0.0
BEV2_2024-08-22_drive4.csv,BEV2,5.510132939850092,50.857775,4.704084,50.857209,4.703871,0.0646878812856246,85.18029699443241,0.0,-0.2311237598205683,-0.9729243586458324,0.2542655292081655,0.458730845552196,0.9248723145320372,27.96920821289821,18.3,0.0,0.0,24.5,0.0,0.0,0.0,35.5,0.0,0.0,38.0,0.0,0.0,2.5,0.0,0.0,0.0,0.0,649.65,0.0,0.0,24.79559822932541,0.0,10,0.0,3684.0,207.58823775897645,202.50583417363904,25.881954354152903,2528.3,20.346911593460824,21.08746314636305,25.827234168007607,30.52449364220376,1,176.25070434863875,1069.0,35.0,39.0,3684.0,0.0,0.0,0.0,0.0,0.0,0.0,0.0,0.0,0.0,0.0,0.0,0.0,0.0,0.0,1171.0,191.409255476772,0.4654141759180188,1.0,0.0,0.0,0.0
BEV2_2024-08-22_drive5.csv,BEV2,5.830529076459103,50.857209,4.703871,50.88913,4.687003,3.7415992893209,1.558298637991602,0.0,-0.31633568642904,0.9486473177590647,0.2284311360213115,0.4448217681114287,0.7702734982407906,26.498011778472144,16.8,0.0,0.0,24.0,0.0,0.0,0.0,34.25,0.0,0.0,36.75,0.0,0.0,2.5,0.0,0.0,0.0,0.0,575.4,0.0,0.0,23.322116305836413,0.0,10,0.0,5927.0,207.49783947595728,202.50583417363904,26.2209139746312,2580.6,20.86391349340051,22.07053832366801,27.136649105014765,31.858568328553144,0,,,33.75,38.5,5927.0,0.0,0.0,0.0,0.0,0.0,0.0,0.0,0.0,0.0,1.0,1.0,0.0,0.0,0.0,1075.0,258.3720250271003,0.4111627906976744,1.0,0.0,0.0,0.0
BEV2_2024-08-22_drive6.csv,BEV2,4.771867284251945,50.889133,4.686993999999999,50.857228,4.703888,3.740489261475186,1.2757334537487752,0.0,0.3169172256646945,-0.9484531997294294,0.2071053416254953,0.3586149813332324,0.5264551566371749,19.675007454422055,90.3,0.0,0.0,23.0,0.0,0.0,0.0,49.75,0.0,0.0,57.5,0.0,0.0,7.75,0.0,0.0,0.0,0.0,4492.425,0.0,0.0,14.315601852755837,0.0,10,0.0,2961.0,207.07871051037128,202.50583417363904,26.430424447490584,2581.4,21.55425066966364,22.137927734792367,27.99305246484701,32.57018416217337,0,,,50.25,57.75,54.0,0.0,0.0,0.0,0.0,0.0,0.0,0.0,0.0,0.0,1.0,1.0,0.0,0.0,0.0,1483.0,292.5786128712607,0.7039784221173297,1.0,0.0,0.0,0.0
BEV2_2024-08-23_drive1.csv,BEV2,8.385214208509987,50.857228,4.703888,50.861941,4.685889,1.3677149069716958,6.130820221208216,0.0,-0.9236793285284004,0.383166410387606,0.2701190607148225,0.4449728459377816,0.8960090885744811,45.10988313937536,89.2,0.0,0.0,19.5,0.0,0.0,0.0,24.5,0.0,0.0,27.5,0.0,0.0,3.0,0.0,0.0,0.0,0.0,2185.4,0.0,0.0,-4.192607104254994,0.0,10,0.0,39103.0,206.07475164409223,190.9533530377223,26.62902826260855,2652.4,21.416112026314995,22.24175797265486,29.783083908482094,34.79691484791834,0,,,40.0,46.5,39104.0,0.0,0.0,0.0,0.0,0.0,0.0,0.0,0.0,0.0,1.0,1.0,0.0,0.0,0.0,2117.0,219.6591706072716,0.550307038261691,1.0,0.0,0.0,0.0
BEV2_2024-08-23_drive4.csv,BEV2,5.091020348145886,50.857697,4.704059,50.888915,4.701425,3.4762048377512933,1.464534049564005,0.0,-0.0531680842996843,0.9985855771098948,0.2697481821717223,0.5364455149147912,0.6194804125034006,27.244566399343952,85.2,0.0,0.0,20.0,0.0,0.0,0.0,28.0,0.0,0.0,30.0,0.0,0.0,2.0,0.0,0.0,0.0,0.0,2385.6,0.0,0.0,0.0,0.0,10,0.0,23727.0,205.4671045826329,190.9533530377223,26.92389620686138,2757.5,21.009190773250843,22.206586586824688,29.643938029746277,34.69539907878479,0,,,26.5,32.0,5548.0,0.0,0.0,0.0,0.0,0.0,0.0,0.0,0.0,0.0,1.0,1.0,0.0,0.0,0.0,1714.0,214.41382302877824,0.6298890834792761,0.999416569428238,0.0,0.0,0.0
BEV2_2024-08-23_drive5.csv,BEV2,4.671652275137646,50.888918,4.701423,50.857706,4.704058,3.475542341978192,1.3441505858560936,0.0,0.0531984013153914,-0.9985839624675968,0.2006632229424136,0.379356923043198,0.4746209473654931,18.86234295658688,84.60000000000001,0.0,0.0,24.0,0.0,0.0,0.0,29.75,0.0,0.0,31.75,0.0,0.0,2.0,0.0,0.0,0.0,0.0,2516.8500000000004,0.0,0.0,18.686609100550584,0.0,10,0.0,2035.0,204.68081043267165,178.986016653267,27.017649166458074,2778.1,21.087034103810467,22.48382891979461,29.792416154203245,34.96459819835693,0,,,27.0,32.5,2036.0,0.0,0.0,0.0,0.0,0.0,0.0,0.0,0.0,0.0,1.0,1.0,0.0,0.0,0.0,1262.0,188.16492785960872,0.5384615384615384,0.9992076069730588,0.0,0.0,0.0
BEV2_2024-08-23_drive6.csv,BEV2,9.983961337140675,50.857706,4.704058,50.857702,4.704052,0.0006125334058453,16299.45606535977,0.0,-0.6875549522159659,-0.7261323485999649,0.2108791009073513,0.3403724799772196,0.6601955069239773,41.96494108056292,83.9,0.0,0.0,23.0,0.0,0.0,0.0,29.0,0.0,0.0,31.5,0.0,0.0,2.5,0.0,0.0,0.0,0.0,2433.1000000000004,0.0,0.0,29.951884011422024,0.0,10,0.0,6079.0,205.17483233975136,178.986016653267,27.283081978158112,2837.1,21.341151389961727,23.53697539217205,30.951928371083387,36.14419220541849,0,,,28.75,33.25,6079.0,0.0,0.0,0.0,0.0,0.0,0.0,0.0,0.0,0.0,1.0,1.0,0.0,0.0,0.0,1699.0,195.0671418067652,0.3604240282685512,0.9994114184814596,0.0,0.0,0.0
BEV2_2024-08-23_drive7.csv,BEV2,5.5810777462245165,50.857703,4.704053,50.856883,4.705158,0.1197068690066071,46.62286961925695,0.0,0.6479372925891616,-0.7616936817856816,0.2438773275969263,0.3651182587485457,0.8359526783958784,27.070383363258827,82.2,0.0,0.0,21.0,0.0,0.0,0.0,29.5,0.0,0.0,31.75,0.0,0.0,2.25,0.0,0.0,0.0,0.0,2424.9,0.0,0.0,5.5810777462245165,0.0,10,0.0,3163.0,195.3506009907128,176.24764226479144,15.480884170640616,1875.0,19.383135895291225,24.205800936636763,31.411204426550626,36.42081113316978,1,181.51718884168,1174.0,28.25,32.5,3164.0,0.0,0.0,0.0,0.0,0.0,0.0,0.0,0.0,0.0,0.0,0.0,0.0,0.0,0.0,1026.0,287.40717859734644,0.47953216374269,1.0,0.0,0.0,0.0
BEV2_2024-08-23_drive8.csv,BEV2,6.337543305835222,50.856883,4.705158,50.858214,4.704227,0.1617858086315421,39.17243026097928,0.0,-0.4039212002645932,0.9147937822136804,0.2115300162096954,0.4055786923687871,0.5538356007986835,26.652782042421627,81.0,0.0,0.0,21.0,0.0,0.0,0.0,27.75,0.0,0.0,30.25,0.0,0.0,2.5,0.0,0.0,0.0,0.0,2247.75,0.0,0.0,6.337543305835222,0.0,10,0.0,6082.0,176.07215176739774,173.68224237122467,5.678309258435914,1347.3,15.420942533436236,23.882963535546995,31.536249808767337,36.35986625720936,0,,,28.0,31.5,6082.0,0.0,0.0,0.0,0.0,0.0,0.0,0.0,0.0,0.0,1.0,1.0,0.0,0.0,0.0,1032.0,204.48783656507547,0.3472356935014549,0.999031007751938,0.0,0.0,0.0
BEV2_2024-08-24_drive1.csv,BEV2,25.335014818586604,50.858213,4.704227,50.744276,4.845534,16.097385643132093,1.5738589719005531,0.0,0.6169065373654807,-0.7870364185701527,0.0731514859052816,0.231397440502124,0.1181861426436553,37.087803353977804,79.60000000000001,0.0,0.0,23.0,0.0,0.0,0.0,20.25,0.0,0.0,22.75,0.0,0.0,2.5,0.0,0.0,0.0,0.0,1611.9,0.0,0.0,76.00504445575982,0.0,10,0.0,47375.0,171.17561738001845,169.27581958465652,5.891011836859501,1324.7,16.423254424979284,23.167321038793784,31.016154418135542,35.508931112228055,0,,,25.0,29.75,46374.0,0.0,0.0,0.0,0.0,0.0,0.0,0.0,0.0,0.0,1.0,1.0,0.0,0.0,0.0,2464.0,653.1578089709341,0.3853024766544864,0.999594155844156,0.0,0.0,0.0
BEV2_2024-08-24_drive2.csv,BEV2,25.440363825702143,50.744276,4.845534,50.857293,4.703920999999999,16.030399246761192,1.5870074995694294,0.0,-0.6208320150447985,0.7839436262228395,0.0750499553377619,0.2590522457070728,0.1287238657729086,38.950926820298434,73.2,0.0,0.0,33.0,0.0,0.0,0.0,30.0,0.0,0.0,32.25,0.0,0.0,2.25,0.0,0.0,0.0,0.0,2196.0,0.0,0.0,330.72472973412783,0.0,10,0.0,16563.0,168.98946855532955,169.27581958465652,8.149801334014168,1507.3,18.57835850055708,22.984647022516047,29.907943996412392,34.584459017725614,0,,,30.0,32.25,2.0,0.0,0.0,0.0,0.0,0.0,0.0,0.0,0.0,0.0,1.0,1.0,0.0,0.0,0.0,4499.0,640.9227425032809,0.640391894900913,0.9982218270726828,0.0,0.0,0.0
BEV2_2024-08-24_drive3.csv,BEV2,4.628371522455479,50.857293,4.703920999999999,50.858602,4.699186,0.3628314362721145,12.756258305535344,0.0,-0.9160069115470546,0.4011624832882886,0.225157235249563,0.3910580262662087,0.7431924027213318,20.7144656429598,67.8,0.0,0.0,23.5,0.0,0.0,0.0,37.75,0.0,0.0,39.75,0.0,0.0,2.0,0.0,0.0,0.0,0.0,2559.45,0.0,0.0,16.199300328594177,0.0,10,0.0,1792.0,166.72192211816667,166.98293466886616,10.142824422599372,1840.0,18.923486491588275,23.432294980607693,29.75260151275226,34.482783030229164,0,,,34.5,40.0,1633.0,0.0,0.0,0.0,0.0,0.0,0.0,0.0,0.0,0.0,1.0,1.0,0.0,0.0,0.0,1035.0,249.09168947357492,0.5715667311411993,0.9990338164251208,0.0,0.0,0.0
BEV2_2024-08-24_drive4.csv,BEV2,1.6175758503822162,50.858602,4.699186,50.857018,4.704222,0.3949358197310849,4.095794226726857,0.0,0.8950435189098062,-0.4459788103234854,0.3793901697284082,0.468116262810089,1.13622475199926,12.140485431309065,66.8,0.0,0.0,20.0,0.0,0.0,0.0,29.25,0.0,0.0,32.25,0.0,0.0,3.0,0.0,0.0,0.0,0.0,1953.9,0.0,0.0,0.0,0.0,10,0.0,11614.0,167.42659177572642,169.27581958465652,10.02260866719901,1836.1,18.58004162494556,23.019485087187864,29.93313933768423,34.58799708829837,0,,,31.25,37.0,10982.0,0.0,0.0,0.0,0.0,0.0,0.0,0.0,0.0,0.0,1.0,1.0,0.0,0.0,0.0,695.0,128.52148184197938,0.6561151079136691,1.0,0.0,0.0,0.0
BEV2_2024-08-25_drive1.csv,BEV2,3.287715534025825,50.857015,4.704216,50.863761,4.69258,1.1089131504123535,2.9648088606427607,0.0,-0.7364904565871706,0.676447933957981,0.3854203020889429,0.5781025936866314,1.204660304134454,25.05231963578129,66.10000000000001,0.0,0.0,15.5,0.0,0.0,0.0,16.25,0.0,0.0,19.25,0.0,0.0,3.0,0.0,,1.0,,1074.1250000000002,0.0,0.0,-14.794719903116212,0.0,10,0.0,43727.0,168.8105194145588,169.27581958465652,9.707179523812036,1757.6,18.25553206267045,22.737744250247022,28.44162241107926,32.639581153815975,0,,,27.5,31.25,43727.0,0.0,0.0,0.0,0.0,0.0,0.0,0.0,0.0,0.0,1.0,1.0,0.0,0.0,0.0,855.0,169.89878171144736,0.4736842105263157,1.0,0.0,0.0,0.0
BEV2_2024-08-25_drive2.csv,BEV2,1.330574968186725,50.863756,4.692578,50.857169,4.703851,1.0781964438034946,1.2340747141522082,0.0,0.7338408151348647,-0.6793214688512335,0.3031259382725065,0.3530611581706481,0.7471791076192569,7.881274395085171,71.3,0.0,0.0,17.5,0.0,0.0,0.0,19.25,0.0,0.0,23.75,0.0,0.0,4.5,0.0,0.0,0.0,0.0,1372.525,0.0,0.0,-3.3264374204668123,0.0,10,0.0,1644.0,168.74112825086428,167.49551169734798,9.19742965636362,1631.3,18.212698465853457,22.365901835236293,27.673257307631594,31.82359926377351,0,,,19.25,23.75,1.0,0.0,0.0,0.0,0.0,0.0,0.0,0.0,0.0,0.0,1.0,1.0,0.0,0.0,0.0,1102.0,122.84837256106889,0.7994555353901996,1.0,0.0,0.0,0.0
BEV2_2024-08-25_drive3.csv,BEV2,15.604068320397053,50.85717,4.703851,50.871572,4.49181,14.9673106430238,1.042543225871379,0.0,-0.9942595329382004,0.1069952389665616,0.0657601561381326,0.2237596117337127,0.0850105345867511,25.44918042545735,70.60000000000001,0.0,0.0,20.0,0.0,0.0,0.0,22.0,0.0,0.0,24.5,0.0,0.0,2.5,0.0,0.0,0.0,0.0,1553.2000000000005,0.0,0.0,0.0,0.0,10,0.0,9610.0,170.12771700116693,167.49551169734798,8.821385118367704,1569.9,17.57955078923782,21.926059073809963,26.970380728428484,31.201370672802955,0,,,22.0,24.5,47.0,0.0,0.0,0.0,0.0,0.0,0.0,0.0,0.0,0.0,1.0,1.0,0.0,0.0,0.0,1447.0,945.2793900576196,0.4527220630372492,0.9647546648237734,0.0,0.0,0.0
BEV2_2024-08-25_drive4.csv,BEV2,38.27179352629288,50.871572,4.49181,51.222343,4.411589,39.40509498780134,0.9712397226333472,0.0,-0.1423157888131678,0.9898213052134642,0.0469464031222758,0.1531408596335744,0.0879591869693576,43.519315694349714,65.8,0.0,0.0,24.5,0.0,0.0,0.0,28.75,0.0,0.0,30.75,0.0,0.0,2.0,0.0,0.0,0.0,0.0,1891.75,0.0,0.0,172.22307086831796,0.0,10,0.0,2709.0,177.614794217005,167.49551169734798,9.914626722893646,1588.4,20.122562415617004,21.70012648430003,26.51347936258037,30.952371745126943,0,,,26.5,33.0,2709.0,0.0,0.0,0.0,0.0,0.0,0.0,0.0,0.0,0.0,1.0,1.0,0.0,0.0,0.0,3062.0,904.2693948689724,0.3478260869565217,0.961463096015676,0.0,0.0,0.0
BEV2_2024-08-25_drive5.csv,BEV2,50.66889754675159,51.222343,4.41159,50.857177,4.703863999999999,45.4567964451381,1.114660546039666,0.0,0.4495473214672414,-0.8932565173350983,0.0388104567263246,0.1378698585770312,0.0544448155336885,50.64764602785365,55.3,0.0,0.0,26.5,0.0,0.0,0.0,30.5,0.0,0.0,32.5,0.0,0.0,2.0,0.0,0.0,0.0,1.0,1686.65,0.0,0.0,329.3478340538853,0.0,10,0.0,4416.0,181.95864862523572,176.6629953207672,12.743409941808869,1724.6,22.507482133801137,21.61932992530568,26.475384900211672,30.961127583309427,0,,,27.75,33.0,3800.0,0.0,0.0,0.0,0.0,0.0,0.0,0.0,0.0,0.0,1.0,1.0,0.0,0.0,0.0,3804.0,991.8626255880208,0.3927181767648693,0.9458464773922188,0.0,0.0,0.0
BEV2_2024-08-25_drive6.csv,BEV2,3.6662761779757744,50.857173,4.703863,50.857174,4.703879,0.0011285716796027,3248.598422446795,0.0,0.9951343518466336,0.0985272641190255,0.2317055165995905,0.4853764554529129,0.6273499632127723,16.914502711770105,41.8,0.0,0.0,16.5,0.0,0.0,0.0,22.75,0.0,0.0,26.75,0.0,0.0,4.0,0.0,0.0,0.0,0.0,950.95,0.0,0.0,-12.83196662291521,0.0,10,0.0,20505.0,191.9281069618115,182.7930320083479,17.252191921861574,2002.4,25.346303601611066,21.79752582356789,26.49546346261932,31.068423469328746,0,,,23.0,26.75,262.0,0.0,0.0,0.0,0.0,0.0,0.0,0.0,0.0,0.0,1.0,1.0,0.0,0.0,0.0,1106.0,282.19346469708216,0.6977375565610859,0.9990958408679927,0.0,0.0,0.0
BEV2_2024-08-26_drive2.csv,BEV2,14.99851583680408,50.862409,4.68677,50.873189,4.714345,2.2762956918021247,6.589001547918354,0.0,0.8501170997960978,0.5265936921709863,0.296578781425047,0.4623303120518467,1.0482131126870682,88.67705564608906,40.2,0.0,0.0,19.5,0.0,0.0,0.0,18.0,0.0,0.0,20.0,0.0,0.0,2.0,0.0,0.0,0.0,0.0,723.6,0.0,0.0,-7.49925791840204,0.0,10,0.0,69081.0,192.8627748806649,183.4833436565702,16.985132907749342,2009.9,24.331222820099363,21.48272362160857,26.03532727042164,30.638327673937106,0,,,17.5,20.75,42964.0,0.0,0.0,0.0,0.0,0.0,0.0,0.0,0.0,0.0,1.0,1.0,0.0,0.0,0.0,4139.0,186.0500544350448,0.5730852863010389,1.0,0.0,0.0,0.0
BEV2_2024-08-26_drive3.csv,BEV2,5.911708195502091,50.873188,4.714344,50.857513,4.704003999999999,1.8880086811401455,3.1311869773459318,0.0,-0.3843538824977522,-0.923185838826021,0.2359653909018506,0.4452255902106988,0.6900329207797755,27.843916126418375,36.5,0.0,0.0,18.5,0.0,0.0,0.0,25.5,0.0,0.0,27.75,0.0,0.0,2.25,0.0,0.0,0.0,0.0,930.75,0.0,0.0,-8.867562293253137,0.0,10,0.0,6769.0,196.0939596784822,183.4833436565702,15.951483009571088,2177.4,21.93895207550098,21.109575988643197,25.71658220667901,30.28412734762967,0,,,24.25,29.0,6770.0,0.0,0.0,0.0,0.0,0.0,0.0,0.0,0.0,0.0,1.0,1.0,0.0,0.0,0.0,995.0,240.0399351831493,0.3819095477386934,1.0,0.0,0.0,0.0
BEV2_2024-08-27_drive2.csv,BEV2,2.904316981406032,50.862409,4.686769,50.857168,4.703873,1.3344806917728214,2.176364933049519,0.0,0.8996051258129487,-0.4367042679102974,0.4993681357205488,0.6299162873021009,1.3368438324951015,28.96335187179183,88.7,0.0,0.0,18.0,0.0,0.0,0.0,19.5,0.0,0.0,21.75,0.0,0.0,2.25,0.0,0.0,0.0,0.0,1729.65,0.0,0.0,-5.808633962812064,0.0,10,0.0,47929.0,201.3058208968879,183.4833436565702,13.998630594917184,1827.2,22.03456781927256,19.763012853246583,24.901057677536024,29.34263538284643,0,,,19.5,23.25,11914.0,0.0,0.0,0.0,0.0,0.0,0.0,0.0,0.0,0.0,1.0,1.0,0.0,0.0,0.0,712.0,125.45821187989064,0.4120956399437412,0.9985955056179776,0.0,0.0,0.0
BEV2_2024-08-28_drive2.csv,BEV2,55.87027623739696,50.994439,5.53952,50.780087,4.919565,49.59128516370699,1.1266148084882703,0.0,-0.8769266327576812,-0.4806242615185743,0.0330812801984268,0.136094754564716,0.0312132038425088,44.097346504502966,99.6,0.0,0.0,30.5,0.0,0.0,0.0,36.75,0.0,0.0,40.75,0.0,0.0,4.0,0.0,0.0,0.0,0.0,3660.3,0.0,0.0,586.6379004926681,0.0,10,0.0,104147.0,203.03442749131167,199.158137489694,13.826238290044316,1794.9,21.891234445815925,19.675631836916544,23.34778718014788,27.786071676282727,0,,,47.0,53.0,17467.0,0.0,0.0,0.0,0.0,0.0,0.0,0.0,0.0,0.0,1.0,1.0,0.0,0.0,0.0,4200.0,841.3306619429966,0.3918852053438891,0.9623809523809524,0.0,0.0,0.0
BEV2_2024-08-28_drive3.csv,BEV2,15.736637531778248,50.780087,4.919567,50.857178,4.70388,17.40885140334065,0.9039446180095768,0.0,-0.8703684891946437,0.4924009474168723,0.061756817398142,0.2335662672243947,0.0497417728366387,23.838131515682814,88.60000000000001,0.0,0.0,32.0,0.0,0.0,0.0,34.0,0.0,0.0,37.75,0.0,0.0,3.75,0.0,0.0,0.0,0.0,3012.4,0.0,0.0,188.83965038133897,0.0,10,0.0,411.0,194.02066630664112,183.4833436565702,19.251515327317613,2145.2,25.844755653168825,20.717371743785787,24.021936089832224,28.462890451412097,0,,,34.0,37.75,111.0,0.0,0.0,0.0,0.0,0.0,0.0,0.0,0.0,0.0,1.0,1.0,0.0,0.0,0.0,1266.0,856.917144329398,0.4059405940594059,0.957345971563981,0.0,0.0,0.0
BEV2_2024-08-28_drive4.csv,BEV2,0.0626649541678399,50.857178,4.70388,50.856969,4.704541,0.0518922156883198,1.207598352404615,0.0,0.8941102213416969,-0.4478469739680081,0.0566763235870926,0.0,0.0566763235870926,0.0566763235870926,86.60000000000001,0.0,0.0,26.5,0.0,0.0,0.0,35.5,0.0,0.0,37.75,0.0,0.0,2.25,0.0,0.0,0.0,0.0,3074.3,0.0,0.0,0.4073222020909594,0.0,10,0.0,9414.0,194.30058094997383,187.36732479295057,20.496421588791435,2186.3,28.931539945344763,22.21982905007288,25.87238770487696,30.313169160962214,0,,,34.5,39.0,8115.0,0.0,0.0,0.0,0.0,0.0,0.0,0.0,0.0,0.0,1.0,1.0,0.0,0.0,0.0,918.0,40.78834393047211,0.982570806100218,1.0,0.0,0.0,0.0
BEV2_2024-08-29_drive1.csv,BEV2,31.183083911634824,50.856969,4.704541,50.817923,5.179692,33.64739063785094,0.926760837036678,0.0,0.9916399461764104,-0.1290357204313832,0.0461139245899991,0.1604198278000279,0.0485770305053579,36.38388650150931,86.5,0.0,0.0,19.5,0.0,0.0,0.0,24.75,0.0,0.0,28.0,0.0,0.0,3.25,0.0,0.0,0.0,0.0,2140.875,0.0,0.0,-15.591541955817412,0.0,10,0.0,37047.0,194.1850795541976,187.36732479295057,20.369637606641664,2168.0,28.5218119728033,22.985678448765228,27.299201270346675,31.49081364003525,0,,,33.5,37.25,37048.0,0.0,0.0,0.0,0.0,0.0,0.0,0.0,0.0,0.0,1.0,1.0,0.0,0.0,0.0,3156.0,844.5583686246152,0.4825657894736842,0.9632446134347274,0.0,0.0,0.0
BEV2_2024-08-29_drive2.csv,BEV2,0.7566918388601752,50.817923,5.179692,50.815871,5.186163,0.5086561310998418,1.4876294466833972,0.0,0.8937433370757287,-0.4485786970340213,0.5618759390060718,0.7698779663248887,1.4690776376240493,8.428139085091077,79.4,0.0,0.0,26.0,0.0,0.0,0.0,26.25,0.0,0.0,30.5,0.0,0.0,4.25,0.0,0.0,0.0,0.0,2084.25,0.0,0.0,4.540151033161052,0.0,10,0.0,250.0,188.8422919222228,183.4833436565702,21.92753916576544,2338.8,28.203996216042395,22.980975485589163,27.429616406727337,31.471812120785223,0,,,26.25,30.5,250.0,0.0,0.0,0.0,0.0,0.0,0.0,0.0,0.0,0.0,1.0,1.0,0.0,0.0,0.0,918.0,116.45510205592284,0.8583877995642701,1.0,0.0,0.0,0.0
BEV2_2024-08-29_drive3.csv,BEV2,36.931865587070185,50.815871,5.186163,50.862401,4.686770999999999,35.44670380479186,1.0418984453521332,0.0,-0.989290093708506,0.1459627023941913,0.0568624103045258,0.1942233913659548,0.0995808661702653,46.28600198788401,79.10000000000001,0.0,0.0,25.0,0.0,0.0,0.0,26.5,0.0,0.0,31.25,0.0,0.0,4.75,0.0,0.0,0.0,0.0,2096.15,0.0,0.0,184.6593279353509,0.0,10,0.0,732.0,190.4953059248793,187.266550396639,18.17602899702217,2124.4,24.00340709909812,23.218209356142665,27.27039341385306,31.45716018285849,0,,,26.5,31.25,732.0,0.0,0.0,0.0,0.0,0.0,0.0,0.0,0.0,0.0,1.0,1.0,0.0,0.0,0.0,2997.0,683.7551203141044,0.291737504250255,0.9813146479813146,0.0,0.0,0.0
BEV2_2024-08-29_drive4.csv,BEV2,2.7857430512910826,50.862426,4.686813,50.857466,4.703977,1.324958830255628,2.102512914120978,0.0,0.9092455475319928,-0.4162601762038335,0.4227151968593955,0.56636215790532,1.2606748731495052,23.249335827266755,71.9,0.0,0.0,24.0,0.0,0.0,0.0,28.25,0.0,0.0,30.5,0.0,0.0,2.25,0.0,0.0,0.0,0.0,2031.175,0.0,0.0,11.14297220516433,0.0,10,0.0,6163.0,174.54940593860522,180.64679789544675,16.802325801054028,2043.6,23.64532362595516,23.291459930372355,27.159541722537163,31.38996775102264,1,252.8322167627233,716.0,27.75,32.5,6164.0,0.0,0.0,0.0,0.0,0.0,0.0,0.0,0.0,0.0,0.0,0.0,0.0,0.0,0.0,1011.0,105.6683643382686,0.5742574257425742,0.9990108803165184,0.0,0.0,0.0
BEV2_2024-08-29_drive5.csv,BEV2,2.0562398170148684,50.857466,4.703977,50.862417,4.686764,1.3276715304154587,1.548756428008533,0.0,-0.909978285552994,0.414655905326373,0.3041189353658859,0.4730598422608361,1.096832193454392,12.468876350001322,70.9,0.0,0.0,28.0,0.0,0.0,0.0,30.25,0.0,0.0,32.25,0.0,0.0,2.0,0.0,0.0,0.0,0.0,2144.7250000000004,0.0,0.0,16.449918536118947,0.0,10,0.0,1681.0,176.12620156390804,184.53077903182717,16.71433221781661,2033.9,23.44649190312231,24.245660297154597,27.719715471033453,32.06134941005148,0,,,28.0,34.0,1681.0,0.0,0.0,0.0,0.0,0.0,0.0,0.0,0.0,0.0,1.0,1.0,0.0,0.0,0.0,1167.0,166.3308619489741,0.778063410454156,1.0,0.0,0.0,0.0
BEV2_2024-08-29_drive6.csv,BEV2,2.8210923743916703,50.862417,4.686764,50.857021,4.704060999999999,1.3542293750211658,2.0831717480264955,0.0,0.8964905802162534,-0.4430627941765425,0.4327239994241488,0.559528812422404,1.2850280561410714,24.23254396775233,70.4,0.0,0.0,21.5,0.0,0.0,0.0,25.75,0.0,0.0,28.5,0.0,0.0,2.75,0.0,0.0,0.0,0.0,1812.8,0.0,0.0,4.231638561587506,0.0,10,0.0,23836.0,176.15986000958046,191.40980760306877,15.42010461583769,1736.5,22.77644793344724,24.7996831001774,28.619765918792176,32.93841202395411,2,266.4958506076268,864.5,30.0,34.25,23836.0,0.0,0.0,0.0,0.0,0.0,0.0,0.0,0.0,0.0,0.0,0.0,0.0,0.0,0.0,757.0,168.70587946732962,0.5178335535006605,1.0,0.0,0.0,0.0
BEV2_2024-08-29_drive7.csv,BEV2,2.4522381950760748,50.857021,4.704060999999999,50.873332,4.702427,1.8173246099444456,1.3493671860587624,0.0,-0.0631009484368325,0.998007149426482,0.2153926044488997,0.2948742735360597,0.5576033266465186,10.554237617996089,69.5,0.0,0.0,24.0,0.0,0.0,0.0,25.5,0.0,0.0,30.0,0.0,0.0,4.5,0.0,0.0,0.0,0.0,1772.25,0.0,0.0,9.8089527803043,0.0,10,0.0,568.0,177.49833839155696,219.21680818066835,15.111029885360551,1712.5,21.98412278562709,25.40843099491424,28.700833924921387,33.06314737777282,0,,,25.5,30.0,569.0,0.0,0.0,0.0,0.0,0.0,0.0,0.0,0.0,0.0,1.0,1.0,0.0,0.0,0.0,1172.0,128.66228401980345,0.7045260461144321,0.9991467576791808,0.0,0.0,0.0
BEV2_2024-08-29_drive8.csv,BEV2,2.462081476704358,50.873332,4.702427,50.856952,4.704655,1.828074819313937,1.3468165803128118,0.0,0.0855338230510907,-0.996335267424708,0.2702153147322588,0.4813783868679939,0.6662407211797386,13.24055042188068,68.9,0.0,0.0,25.0,0.0,0.0,0.0,27.25,0.0,0.0,29.5,0.0,0.0,2.25,0.0,0.0,0.0,0.0,1877.525,0.0,0.0,12.310407383521792,0.0,10,0.0,6262.0,176.13133478576094,191.40980760306877,15.065808857495478,1758.3,21.275749576318937,25.845867616808924,29.35037569815242,33.77698856642219,0,,,27.75,30.0,3883.0,0.0,0.0,0.0,0.0,0.0,0.0,0.0,0.0,0.0,1.0,1.0,0.0,0.0,0.0,1163.0,132.05307283188915,0.7280550774526678,0.999140154772141,0.0,0.0,0.0
BEV2_2024-08-30_drive1.csv,BEV2,4.956094859441992,50.856952,4.704655,50.88058,4.670036,3.5783706672271194,1.3850143879260195,0.0,-0.6789098137351472,0.7342216728033215,0.2411764034150245,0.4731175704335735,0.6570048001218095,23.876463938087436,68.10000000000001,0.0,0.0,18.0,0.0,0.0,0.0,20.25,0.0,0.0,23.0,0.0,0.0,2.75,0.0,0.0,0.0,0.0,1379.025,0.0,0.0,-9.912189718883983,0.0,10,0.0,39998.0,178.85498041338116,214.8693578302845,9.724982382854396,1454.6,17.2499569710126,25.01520778835184,28.598551078380165,33.011132212469484,0,,,26.5,30.0,39999.0,0.0,0.0,0.0,0.0,0.0,0.0,0.0,0.0,0.0,1.0,1.0,0.0,0.0,0.0,1036.0,262.0094550491864,0.5265700483091788,0.999034749034749,0.0,0.0,0.0
BEV2_2024-08-30_drive2.csv,BEV2,2.973632232276388,50.88058,4.670036,50.87696,4.693245999999999,1.677426422948439,1.7727348225799302,0.0,0.9707811633940036,-0.2399665243307589,0.3352302990553691,0.4713631036484378,1.0054823672212123,19.77858764426678,66.7,0.0,0.0,18.35,0.0,0.0,0.0,21.5,0.0,0.0,23.75,0.0,0.0,2.25,0.0,0.0,0.0,0.0,1434.05,0.0,0.0,-4.906493183256036,0.0,10,0.0,3317.0,178.44168558980942,224.37756977758855,8.64691405392219,1431.6,14.500978805959628,23.68616743085224,27.10209756173213,31.453087712176835,0,,,20.5,25.25,3225.0,0.0,0.0,0.0,0.0,0.0,0.0,0.0,0.0,0.0,1.0,1.0,0.0,0.0,0.0,2108.0,142.1548843840878,0.7893738140417458,1.0,0.0,0.0,0.0
BEV2_2024-08-30_drive3.csv,BEV2,3.321799327598787,50.87696,4.693245999999999,50.857291,4.703914999999999,2.3117043569056293,1.4369481623702252,0.0,0.3238840851821484,-0.9460967706137268,0.2355580959815844,0.3496943058442704,0.7447036970826053,15.546834334784576,66.2,0.0,0.0,19.0,0.0,0.0,0.0,22.5,0.0,0.0,27.25,0.0,0.0,4.75,0.0,0.0,0.0,0.0,1489.5,0.0,0.0,-3.321799327598787,0.0,10,0.0,379.0,175.91914930328684,201.17729562042217,8.938003762480928,1550.6,14.983779845473835,22.95941550682675,25.86029189515657,30.426584816488656,0,,,22.5,27.5,379.0,0.0,0.0,0.0,0.0,0.0,0.0,0.0,0.0,0.0,1.0,1.0,0.0,0.0,0.0,945.0,142.59002503056706,0.5037037037037037,1.0,0.0,0.0,0.0
BEV2_2024-08-30_drive4.csv,BEV2,2.062960867713877,50.857291,4.703914999999999,50.862446,4.686694,1.3377458599480856,1.5421171759738694,0.0,-0.9035465541643024,0.4284899350717765,0.2760328251641188,0.4134181166879567,0.7795762091652512,11.317345831728872,65.2,0.0,0.0,21.0,0.0,0.0,0.0,26.25,0.0,0.0,28.5,0.0,0.0,2.25,0.0,,1.0,,1711.5,0.0,0.0,2.062960867713877,0.0,10,0.0,4356.0,177.75953145518324,218.24885943750013,6.1518753040773255,1329.4,12.692926872861737,22.72238227897865,25.59372452765559,30.365099829733367,1,191.6690836731181,1169.0,23.75,30.75,4356.0,0.0,0.0,0.0,0.0,0.0,0.0,0.0,0.0,0.0,0.0,0.0,0.0,0.0,0.0,479.0,182.566979759745,0.3987473903966597,1.0,0.0,0.0,0.0
BEV2_2024-08-30_drive5.csv,BEV2,19.49764330502087,50.862452,4.686697,50.857032,4.704105,1.362396149108367,14.311287739459104,0.0,0.8968347580233343,-0.4423657048203752,0.1872730616261755,0.3350947401823507,0.5804023768844017,73.4110401574608,92.2,0.0,0.0,26.5,0.0,0.0,0.0,25.75,0.0,0.0,29.5,0.0,0.0,3.75,0.0,0.0,0.0,0.0,2374.15,0.0,0.0,126.73468148263564,0.0,10,0.0,16547.0,174.34831496233673,201.17729562042217,6.282502206962695,1285.4,13.94405071713664,22.3625668270948,25.54925009712138,30.13945584754048,0,,,25.75,29.5,1.0,0.0,0.0,0.0,0.0,0.0,0.0,0.0,0.0,0.0,1.0,1.0,0.0,0.0,0.0,5389.0,235.1840985415101,0.6078394947055545,0.9988866208944146,0.0,0.0,0.0
BEV2_2024-08-30_drive6.csv,BEV2,16.313354860524434,50.857032,4.704105,50.857027,4.704095,0.0008954388793153,18218.27847479392,0.0,-0.783892081320042,-0.620897096823405,0.1604980442887256,0.2954719793543963,0.4227640236322773,52.482860482413294,87.80000000000001,0.0,0.0,16.5,0.0,0.0,0.0,25.0,0.0,0.0,28.0,0.0,0.0,3.0,0.0,0.0,0.0,0.0,2195.0000000000005,0.0,0.0,-57.09674201183552,0.0,10,0.0,16536.0,196.14805843779345,201.17729562042217,4.539079978757764,1524.5,10.813003548827709,22.217094368132493,25.500658583749185,30.1650426684748,0,,,27.0,32.25,16536.0,0.0,0.0,0.0,0.0,0.0,0.0,0.0,0.0,0.0,1.0,1.0,0.0,0.0,0.0,3011.0,293.74962471624826,0.5441860465116279,0.9996678844237796,0.0,0.0,0.0
BEV2_2024-08-31_drive1.csv,BEV2,70.83323810339652,50.857027,4.704095,50.85411,4.659174,3.169865527145321,22.34581798401608,0.0,-0.9947510357770608,-0.1023248592496692,0.0477385297717171,0.1845055663818101,0.0503849183171919,77.76606499812716,84.7,0.0,0.0,17.0,0.0,0.0,0.0,18.0,0.0,0.0,21.0,0.0,0.0,3.0,0.0,0.0,0.0,0.0,1524.6,0.0,0.0,-212.4997143101896,0.0,10,0.0,33362.0,180.0662884117473,187.204422543267,5.891713731576332,1724.5,11.771709403744278,21.252151147867824,25.042749667172156,29.713124409689,0,,,24.0,30.25,33362.0,0.0,0.0,0.0,0.0,0.0,0.0,0.0,0.0,0.0,1.0,1.0,0.0,0.0,0.0,5105.0,758.5938393295613,0.2580710250201775,0.9708129285014692,0.0,0.0,0.0
BEV2_2024-08-31_drive2.csv,BEV2,105.3447433086429,50.85411,4.659174,51.205226,3.217919,108.08591767405552,0.9746389314685848,0.0,-0.9324851422269708,0.3612083325810001,0.0243220495871787,0.1314548419570807,0.0289259968473183,61.14563266216749,68.4,0.0,0.0,23.5,0.0,0.0,0.0,27.5,0.0,0.0,32.25,0.0,0.0,4.75,0.0,0.0,0.0,0.0,1881.0,0.0,0.0,368.70660158025015,0.0,10,0.0,739.0,178.65402898374518,181.99621807255784,12.769413560214495,2118.3,16.131618955262276,20.61826143892976,24.41148235037047,29.12383304529675,0,,,27.5,32.25,669.0,0.0,0.0,0.0,0.0,0.0,0.0,0.0,0.0,0.0,1.0,1.0,0.0,0.0,0.0,7844.0,830.7129873752307,0.299205298013245,0.9625191228964812,0.0,0.0,0.0
BEV2_2024-08-31_drive4.csv,BEV2,22.10730967198865,50.744017,4.845336,50.85759,4.704022,16.065911784995084,1.3760382832822466,0.0,-0.6181515397164776,0.7860589506812755,0.077680965163174,0.2895295236642286,0.1009791197666479,35.57788204473371,43.70000000000001,0.0,0.0,21.5,0.0,0.0,0.0,27.0,0.0,0.0,31.75,0.0,0.0,4.75,0.0,0.0,0.0,1.0,1179.9000000000003,0.0,0.0,33.160964507982975,0.0,10,0.0,30816.0,176.29844889739968,179.55492161167206,23.021778653639625,2827.0,19.627110894567192,20.6638013586443,24.783818754412504,29.589420843854224,0,,,27.0,31.75,108.0,0.0,0.0,0.0,0.0,0.0,0.0,0.0,0.0,0.0,1.0,1.0,0.0,0.0,0.0,1623.0,625.9467631691847,0.2167701863354037,0.9919901417128774,0.0,0.0,0.0
BEV2_2024-09-01_drive1.csv,BEV2,3.46526697293599,50.8576,4.704017,50.864689,4.693832,1.0641275326901014,3.2564395398884547,0.0,-0.6717710008617461,0.7407588827690207,0.365119109464593,0.5433070500448545,1.1668291255833525,25.19321855305692,96.0,0.0,0.0,23.5,0.0,0.0,0.0,24.0,0.0,0.0,27.75,0.0,0.0,3.75,0.0,0.0,0.0,0.0,2304.0,0.0,0.0,12.128434405275966,0.0,10,0.0,41713.0,171.75621463256144,176.5936723810795,24.98728580133088,2872.1,23.772766255935174,20.330387169013044,24.89973626834462,29.716758842396967,0,,,23.75,27.75,358.0,0.0,0.0,0.0,0.0,0.0,0.0,0.0,0.0,0.0,1.0,1.0,0.0,0.0,0.0,720.0,155.24760916360094,0.3695955369595537,0.9958333333333332,0.0,0.0,0.0
BEV2_2024-09-01_drive3.csv,BEV2,51.74102850975079,50.856915,4.70484,51.222257,4.411592,45.504955516421255,1.1370416237651115,0.0,-0.4505697668039214,0.8927412196388491,0.0377185819378157,0.1315755151192427,0.0572539672412304,48.468377790093214,94.1,0.0,0.0,31.5,0.0,0.0,0.0,30.25,0.0,0.0,32.75,0.0,0.0,2.5,0.0,0.0,0.0,0.0,2846.525,0.0,0.0,595.021827862134,0.0,10,0.0,58069.0,171.75621463256144,176.5936723810795,24.98728580133088,2872.1,23.772766255935174,20.330387169013044,24.89973626834462,29.716758842396967,0,,,30.25,32.75,2.0,0.0,0.0,0.0,0.0,0.0,0.0,0.0,0.0,0.0,1.0,1.0,0.0,0.0,0.0,4988.0,899.1521426072723,0.4833679833679833,0.9643143544506816,0.0,0.0,0.0
BEV2_2024-09-01_drive4.csv,BEV2,3.913386834514785,51.222257,4.411592,51.203199,4.392784,2.4914168111814057,1.5707475429047515,0.0,-0.525841437922142,-0.8505826133680221,0.2276600712523127,0.5114553776196946,0.6585228407590668,17.757485557680397,83.4,0.0,0.0,32.5,0.0,0.0,0.0,38.75,0.0,0.0,41.0,0.0,0.0,2.25,0.0,,1.0,,3231.75,0.0,0.0,48.91733543143481,0.0,10,0.0,4450.0,176.61021228777756,176.5936723810795,29.91518050463552,3254.6,26.744771071099887,21.244606790059915,25.724662460150277,30.66037263911357,0,,,37.0,42.0,4451.0,0.0,0.0,0.0,0.0,0.0,0.0,0.0,0.0,0.0,1.0,1.0,0.0,0.0,0.0,1045.0,156.89531205265533,0.4875478927203065,0.999043062200957,0.0,0.0,0.0
BEV2_2024-09-01_drive5.csv,BEV2,48.73510263107917,51.203199,4.392784,50.857174,4.703869,44.20049287981992,1.1025918367831045,0.0,0.4921819188922994,-0.8704923656847853,0.0408964940118668,0.1610199452585164,0.0494502680699634,51.85675440704716,82.30000000000001,0.0,0.0,33.0,0.0,0.0,0.0,36.75,0.0,0.0,39.25,0.0,0.0,2.5,0.0,0.0,0.0,0.0,3024.5250000000005,0.0,0.0,633.5563342040292,0.0,10,0.0,7742.0,176.61013018568116,176.5936723810795,29.8109097021428,3255.4,26.372757778927127,22.57632128575916,27.521129866221163,32.4480005358733,0,,,36.75,40.75,7203.0,0.0,0.0,0.0,0.0,0.0,0.0,0.0,0.0,0.0,1.0,1.0,0.0,0.0,0.0,3042.0,917.7372206126348,0.2641043723554301,0.9322813938198552,0.0,0.0,0.0
BEV2_2024-09-02_drive1.csv,BEV2,11.761410386632814,50.857174,4.703867,50.857308,4.703919,0.0153406890148649,766.6807126613509,0.0,0.2379297413415681,0.9712823678957292,0.1681817684717474,0.3603102569202963,0.4075690797329975,39.52271559086064,69.0,0.0,0.0,28.0,0.0,0.0,0.0,24.75,0.0,0.0,28.25,0.0,0.0,3.5,0.0,0.0,0.0,0.0,1707.75,0.0,0.0,94.09128309306251,0.0,10,0.0,59783.0,181.6069199461388,179.55492161167206,34.38705674202307,3348.9,31.627193736490437,23.569461460016527,28.701909567283188,33.534025723040486,0,,,31.0,35.75,58649.0,0.0,0.0,0.0,0.0,0.0,0.0,0.0,0.0,0.0,1.0,1.0,0.0,0.0,0.0,2246.0,262.563073140934,0.4897595725734639,1.0,0.0,0.0,0.0
BEV2_2024-09-02_drive2.csv,BEV2,22.85502400201686,50.857308,4.703918,50.796994,5.005514,22.21969459805823,1.028593075442817,0.0,0.9533611379518396,-0.3018319741895707,0.0518667807918177,0.1769084427873729,0.0655045580755211,27.48939381966339,66.10000000000001,0.0,0.0,29.5,0.0,0.0,0.0,35.75,0.0,0.0,38.0,0.0,0.0,2.25,0.0,0.0,0.0,0.0,2363.0750000000003,0.0,0.0,217.12272801916015,0.0,10,0.0,4320.0,181.4692124776048,179.55492161167206,35.23101784792648,3479.1,32.24708131361085,24.47243421669726,29.4641727851805,34.283903685664555,0,,,35.25,38.25,1824.0,0.0,0.0,0.0,0.0,0.0,0.0,0.0,0.0,0.0,1.0,1.0,0.0,0.0,0.0,2443.0,879.7058529091936,0.561689669594312,0.9787146950470732,0.0,0.0,0.0
BEV2_2024-09-02_drive3.csv,BEV2,21.2360679912924,50.796991,5.005508,50.857293,4.70392,22.21876007977802,0.9557719654491432,0.0,-0.9533761306004792,0.301784614586725,0.0553457913352724,0.2015215712301557,0.0522313283973054,28.44773674633003,59.5,0.0,0.0,29.3,0.0,0.0,0.0,36.25,0.0,0.0,38.5,0.0,0.0,2.25,0.0,0.0,0.0,0.0,2156.875,0.0,0.0,197.49543231901936,0.0,10,0.0,1822.0,181.7291419669193,180.98064190578492,37.31022416135678,3675.6,34.06501757109786,25.21214188996585,30.31309319699985,35.175161371337126,0,,,34.25,40.0,1823.0,0.0,0.0,0.0,0.0,0.0,0.0,0.0,0.0,0.0,1.0,1.0,0.0,0.0,0.0,1634.0,855.4677397412141,0.3802547770700637,0.9608323133414932,0.0,0.0,0.0
BEV2_2024-09-03_drive1.csv,BEV2,4.312121557398728,50.857294,4.70392,50.86247,4.686687,1.3395082735552122,3.2191824735459464,0.0,-0.9029862655114226,0.4296694128021388,0.2537454517996688,0.4577475105456479,0.7532615343785867,21.82210885477152,53.5,0.0,0.0,20.0,0.0,0.0,0.0,24.5,0.0,0.0,27.25,0.0,0.0,2.75,0.0,0.0,0.0,0.0,1310.75,0.0,0.0,0.0,0.0,10,0.0,55556.0,183.23957815927065,185.3377633851787,37.484120398811385,3300.3,37.43300014795479,25.814582819708036,31.01793642660284,35.790173894919945,0,,,33.25,37.75,55557.0,0.0,0.0,0.0,0.0,0.0,0.0,0.0,0.0,0.0,1.0,1.0,0.0,0.0,0.0,1009.0,181.10543370419583,0.3501984126984127,0.9990089197224976,0.0,0.0,0.0
BEV2_2024-09-03_drive2.csv,BEV2,2.779865332384625,50.862473,4.686688999999999,50.8573,4.703903,1.338160659575354,2.0773778637811517,0.0,0.90289896639516,-0.4298528311905739,0.4167745482078563,0.5690418876204459,1.266253771251295,22.9226001514321,90.7,0.0,0.0,22.0,0.0,0.0,0.0,25.75,0.0,0.0,29.5,0.0,0.0,3.75,0.0,0.0,0.0,0.0,2335.525,0.0,0.0,5.55973066476925,0.0,10,0.0,10979.0,184.35683102521503,185.3377633851787,36.28400818800689,3100.2,37.01783974919956,26.169525903677474,31.08779169897043,35.79988769288453,0,,,25.75,29.5,1.0,0.0,0.0,0.0,0.0,0.0,0.0,0.0,0.0,0.0,1.0,1.0,0.0,0.0,0.0,795.0,142.5213064604303,0.5152671755725191,0.9886792452830188,0.0,0.0,0.0
BEV2_2024-09-03_drive3.csv,BEV2,4.938092148394224,50.8573,4.703903,50.864605,4.678923,1.9322900708117257,2.555564624062787,0.0,-0.9073519916146864,0.4203716966124886,0.4384926072972664,0.7539213777978138,1.402836252785642,42.97227551513211,89.9,0.0,0.0,23.0,0.0,0.0,0.0,28.25,0.0,0.0,30.25,0.0,0.0,2.0,0.0,0.0,0.0,0.0,2539.675,0.0,0.0,14.814276445182673,0.0,10,0.0,13826.0,184.35683102521503,185.3377633851787,36.28400818800689,3100.2,37.01783974919956,26.169525903677474,31.08779169897043,35.79988769288453,0,,,26.0,31.5,2051.0,0.0,0.0,0.0,0.0,0.0,0.0,0.0,0.0,0.0,1.0,1.0,0.0,0.0,0.0,1025.0,216.0051073635794,0.4351219512195122,1.0,0.0,0.0,0.0
BEV2_2024-09-03_drive4.csv,BEV2,1.316517405955685,50.864606,4.678922,50.861942,4.685969,0.5765066039908425,2.283612012147214,0.0,0.8578948272904144,-0.5138253256782406,0.6500334945834568,0.8136394292101545,1.4519184254800508,16.900870859169878,88.80000000000001,0.0,0.0,24.5,0.0,0.0,0.0,27.5,0.0,0.0,29.75,0.0,0.0,2.25,0.0,0.0,0.0,0.0,2442.0000000000005,0.0,0.0,5.924328326800582,0.0,10,0.0,9940.0,185.50273644591852,185.3377633851787,29.694493592506653,2692.3,33.75399277090868,26.514236399538373,31.469724518517676,36.032783660934975,0,,,28.25,31.25,6991.0,0.0,0.0,0.0,0.0,0.0,0.0,0.0,0.0,0.0,1.0,1.0,0.0,0.0,0.0,933.0,74.52043034597395,0.7274678111587983,0.9989281886387996,0.0,0.0,0.0
BEV2_2024-09-03_drive5.csv,BEV2,5.585550830996008,50.861942,4.685969,50.874444,4.711766,2.2825068078324198,2.4471124519012157,0.0,0.7931317923330004,0.609050047196979,0.3017588221056726,0.434802369290292,1.0590892014141664,33.49522925372966,88.4,0.0,0.0,26.5,0.0,0.0,0.0,27.75,0.0,0.0,29.75,0.0,0.0,2.0,0.0,0.0,0.0,0.0,2453.1000000000004,0.0,0.0,36.30608040147405,0.0,10,0.0,3925.0,191.44123844436083,196.4715302780155,19.29167100223793,2001.3,29.42678615069253,26.65314717633565,31.257221130470622,35.72054980857875,0,,,26.75,30.5,3926.0,0.0,0.0,0.0,0.0,0.0,0.0,0.0,0.0,0.0,1.0,1.0,0.0,0.0,0.0,1639.0,152.4010317753084,0.5293017456359103,0.9786455155582672,0.0,0.0,0.0
BEV2_2024-09-03_drive6.csv,BEV2,2.5158157506454373,50.874444,4.711766,50.888886,4.701459,1.761168340487108,1.4284924914955075,0.0,-0.410576515573638,0.911826148374464,0.2045422837440723,0.4100058185809655,0.4079452941222907,10.227114187203616,87.0,0.0,0.0,28.0,0.0,0.0,0.0,30.75,0.0,0.0,32.75,0.0,0.0,2.0,0.0,0.0,0.0,0.0,2675.25,0.0,0.0,20.126526005163495,0.0,10,0.0,8758.0,191.44123844436083,196.4715302780155,19.29167100223793,2001.3,29.42678615069253,26.65314717633565,31.257221130470622,35.72054980857875,0,,,28.75,35.25,3194.0,0.0,0.0,0.0,0.0,0.0,0.0,0.0,0.0,0.0,1.0,1.0,0.0,0.0,0.0,1183.0,256.7992715576708,0.7588832487309645,0.9991546914623838,0.0,0.0,0.0
BEV2_2024-09-04_drive1.csv,BEV2,4.781324905692864,50.856923,4.704846,50.862415,4.686770999999999,1.4079906143209258,3.3958499844112238,0.0,-0.9010443897215648,0.4337268815179583,0.2845022962048557,0.4359897942125196,0.8893270770669203,27.02771813946129,84.5,0.0,0.0,17.0,0.0,0.0,0.0,20.5,0.0,0.0,23.5,0.0,0.0,3.0,0.0,0.0,0.0,0.0,1732.25,0.0,0.0,-14.343974717078591,0.0,10,0.0,49633.0,199.8334866746918,197.33518547878128,17.332521610103612,1957.4,25.292820799324147,27.157702494738757,31.58040577216281,35.93753905768008,1,161.02805085687748,1012.0,26.25,30.0,30340.0,0.0,0.0,0.0,0.0,0.0,0.0,0.0,0.0,0.0,0.0,0.0,0.0,0.0,0.0,1447.0,123.85081306731968,0.5196959225984796,1.0,0.0,0.0,0.0
BEV2_2024-09-04_drive2.csv,BEV2,2.7720648953736955,50.862415,4.686770999999999,50.857804,4.704092999999999,1.3194878205493263,2.100864329478718,0.0,0.9214169279920564,-0.3885754042778332,0.4571195436023977,0.5781396634510387,1.277096276119939,25.141574898131875,83.5,0.0,0.0,19.5,0.0,0.0,0.0,21.0,0.0,0.0,23.25,0.0,0.0,2.25,0.0,0.0,0.0,0.0,1753.5,0.0,0.0,-1.3860324476868475,0.0,10,0.0,13848.0,198.15694855935945,190.83057289125296,12.63655124969782,1603.4,22.74708867003063,25.719107196185508,30.07197793862769,34.38713493987462,0,,,20.75,26.0,13848.0,0.0,0.0,0.0,0.0,0.0,0.0,0.0,0.0,0.0,1.0,1.0,0.0,0.0,0.0,1077.0,93.42596947124792,0.5821727019498607,1.0,0.0,0.0,0.0
BEV2_2024-09-04_drive3.csv,BEV2,3.080126636077028,50.857803,4.704092999999999,50.876778,4.708761,2.135205870292679,1.4425431659453174,0.0,0.1534220358206348,0.9881607556084444,0.1974380129746046,0.310329691720501,0.5848694005104402,12.043718791450884,82.60000000000001,0.0,0.0,20.0,0.0,0.0,0.0,23.75,0.0,0.0,25.75,0.0,0.0,2.0,0.0,0.0,0.0,0.0,1961.75,0.0,0.0,0.0,0.0,10,0.0,3111.0,199.48606584294905,190.83057289125296,12.52241905578371,1606.8,22.32424676413035,24.54286948516234,28.381612697714967,32.79341035704853,0,,,21.75,26.5,2878.0,0.0,0.0,0.0,0.0,0.0,0.0,0.0,0.0,0.0,1.0,1.0,0.0,0.0,0.0,1770.0,139.35241751369804,0.7687959299039006,0.9994350282485877,0.0,0.0,0.0
BEV2_2024-09-04_drive4.csv,BEV2,0.6860742916289149,50.876777,4.70876,50.874909,4.710529999999999,0.2420079688379055,2.8349243825456028,0.0,0.5131691735012346,-0.8582874806077856,0.2816077693746847,0.4022055386609972,1.009375817983604,3.6609010018709007,81.80000000000001,0.0,0.0,23.0,0.0,0.0,0.0,27.25,0.0,0.0,29.5,0.0,0.0,2.25,0.0,0.0,0.0,0.0,2229.05,0.0,0.0,2.0582228748867446,0.0,10,0.0,4019.0,194.5023689936392,190.83057289125296,7.956932575791562,1479.6,17.187890232642218,23.87098609276965,27.437855965441837,32.01858683654354,0,,,25.0,30.25,4020.0,0.0,0.0,0.0,0.0,0.0,0.0,0.0,0.0,0.0,1.0,1.0,0.0,0.0,0.0,670.0,81.6628222025814,0.8149253731343283,1.0,0.0,0.0,0.0
BEV2_2024-09-04_drive5.csv,BEV2,23.691543207504484,50.874909,4.710529999999999,50.894648,4.483689,16.063765024237682,1.4748437350619663,0.0,-0.9906214062256864,0.1366353890009594,0.0760487995535753,0.2401185106121452,0.1394092807726401,41.82683975446642,81.5,0.0,0.0,23.5,0.0,0.0,0.0,26.75,0.0,0.0,29.0,0.0,0.0,2.25,0.0,0.0,0.0,0.0,2180.125,0.0,0.0,82.9204012262657,0.0,10,0.0,2295.0,196.08192665795045,199.82309607820324,6.849412114368915,1322.0,15.67229184095001,23.435474506881096,27.0459540894242,31.27216676982419,0,,,26.5,29.5,2296.0,0.0,0.0,0.0,0.0,0.0,0.0,0.0,0.0,0.0,1.0,1.0,0.0,0.0,0.0,3105.0,733.8240073052872,0.4754098360655737,0.9822866344605476,0.0,0.0,0.0
BEV2_2024-09-06_drive1.csv,BEV2,22.359184182908457,50.894648,4.483689,50.857845,4.704107,15.997637487179698,1.3976553851046332,0.0,0.9667278208219364,-0.255807193895852,0.0906765745309249,0.2802723128629747,0.2363078459558397,49.41873311935412,75.3,0.0,0.0,19.5,0.0,0.0,0.0,19.25,0.0,0.0,21.25,0.0,0.0,2.0,0.0,0.0,0.0,0.0,1449.525,0.0,0.0,-11.179592091454229,0.0,10,0.0,149231.0,203.26620377578664,205.1136830768741,6.9330640349176775,1388.3,15.051329126597029,22.787623073527605,26.3252946228114,30.592949028827537,0,,,27.5,32.5,149231.0,0.0,0.0,0.0,0.0,0.0,0.0,0.0,0.0,0.0,1.0,1.0,0.0,0.0,0.0,2187.0,896.9380314364628,0.4992941176470588,0.9716506630086876,0.0,0.0,0.0
BEV2_2024-09-06_drive2.csv,BEV2,3.146530197583041,50.857845,4.704107,50.862414,4.686761,1.3192340724317158,2.385118959051072,0.0,-0.922870650470596,0.3851100654358166,0.3518903367453809,0.4470329179594174,1.0895402881642613,21.81720087821362,69.5,0.0,0.0,18.5,0.0,0.0,0.0,24.25,0.0,0.0,26.5,0.0,0.0,2.25,0.0,0.0,0.0,0.0,1685.375,0.0,0.0,-4.719795296374562,0.0,10,0.0,5716.0,199.8023570426395,199.53880870546575,7.045321885251831,1443.6,14.056574411825055,21.80776731840268,25.032112573378576,29.364500967676644,0,,,22.75,27.75,5717.0,0.0,0.0,0.0,0.0,0.0,0.0,0.0,0.0,0.0,1.0,1.0,0.0,0.0,0.0,1155.0,140.0530494874008,0.6562770562770562,1.0,0.0,0.0,0.0
BEV2_2024-09-06_drive3.csv,BEV2,2.7366750934204607,50.862412,4.686759,50.8578,4.704079,1.319401776614501,2.0741787239688207,0.0,0.9213706929238598,-0.3886850218634704,0.4298874688185543,0.5704515784166193,1.176162838129111,23.21392331620193,68.8,0.0,0.0,20.0,0.0,0.0,0.0,22.25,0.0,0.0,24.75,0.0,0.0,2.5,0.0,0.0,0.0,0.0,1530.8,0.0,0.0,0.0,0.0,10,0.0,21903.0,200.33229655763168,199.53880870546575,6.9287516297621945,1458.2,13.500774487369169,21.658434713591085,25.00291528524009,29.37409718356444,1,288.6933724179471,1080.0,23.5,28.25,21566.0,0.0,0.0,0.0,0.0,0.0,0.0,0.0,0.0,0.0,0.0,0.0,0.0,0.0,0.0,745.0,100.03251932224931,0.4550335570469798,1.0,0.0,0.0,0.0
BEV2_2024-09-07_drive1.csv,BEV2,3.308270207464338,50.8578,4.704079,50.873741,4.714003,1.9044766492622995,1.737102005816558,0.0,0.3656974327057671,0.9307337899272868,0.1790966519212875,0.2977322242186172,0.5302530391324793,11.82037902680498,67.8,0.0,0.0,22.0,0.0,0.0,0.0,17.75,0.0,0.0,20.25,0.0,0.0,2.5,0.0,0.0,0.0,0.0,1203.45,0.0,0.0,6.616540414928676,0.0,10,0.0,59565.0,205.65376260934613,215.45049351913556,6.7086099242648185,1430.2,13.088597872236528,21.236663508446807,24.44773961178603,28.844539185490262,0,,,22.25,27.0,59565.0,0.0,0.0,0.0,0.0,0.0,0.0,0.0,0.0,0.0,1.0,1.0,0.0,0.0,0.0,918.0,141.2078336541689,0.5441657579062159,0.9989106753812635,0.0,0.0,0.0
BEV2_2024-09-07_drive2.csv,BEV2,3.096248289034341,50.873743,4.714001,50.857797,4.704086,1.9047633009514144,1.6255291602309794,0.0,-0.3653108037719697,-0.930885608787394,0.2844021982705783,0.3867865779715158,0.9095808772621116,17.348534094505276,67.10000000000001,0.0,0.0,23.0,0.0,0.0,0.0,20.5,0.0,0.0,25.75,0.0,0.0,5.25,0.0,0.0,0.0,0.0,1375.5500000000002,0.0,0.0,9.288744867103023,0.0,10,0.0,215.0,203.08312887757413,199.53880870546575,6.907785204415683,1428.7,13.875379958305782,21.08605301708957,23.648285836734946,28.240038960639215,0,,,20.5,26.0,216.0,0.0,0.0,0.0,0.0,0.0,0.0,0.0,0.0,0.0,1.0,1.0,0.0,0.0,0.0,948.0,161.6506927284548,0.5480464625131996,0.9989451476793249,0.0,0.0,0.0
BEV2_2024-09-07_drive3.csv,BEV2,39.78404751917566,50.857797,4.704086,50.857592,4.704018,0.0232893437509705,1708.251118819853,0.0,-0.2049451725657687,-0.9787734550149934,0.0701112145363171,0.1973696363520916,0.1408691763227617,79.50611728418367,66.2,0.0,0.0,27.45,0.0,0.0,0.0,24.75,0.0,0.0,27.75,0.0,0.0,3.0,0.0,0.0,0.0,0.0,1638.45,0.0,0.0,296.39115401785864,0.0,10,0.0,7573.0,203.82977257014107,206.45088735965936,6.965854754897714,1405.2,14.283906853082986,20.77689207784034,22.80927542303489,27.61383650357203,0,,,24.75,27.75,2.0,0.0,0.0,0.0,0.0,0.0,0.0,0.0,0.0,0.0,1.0,1.0,0.0,0.0,0.0,4789.0,772.888428533982,0.5463736263736264,0.9500939653372312,0.0,0.0,0.0
BEV2_2024-09-07_drive4.csv,BEV2,7.527474065854566,50.857592,4.704017,50.896975,4.707580999999999,4.386329373728615,1.7161214821074438,0.0,0.0570085494909486,0.9983736902006872,0.2185354554511732,0.3588011761005449,0.7668893278794278,32.78031831767599,53.7,0.0,0.0,30.5,0.0,0.0,0.0,32.0,0.0,0.0,37.25,0.0,0.0,5.25,0.0,0.0,0.0,0.0,1718.4,0.0,0.0,79.03847769147295,0.0,10,0.0,792.0,214.19888785455444,219.62597878943436,10.466127016245991,1739.3,16.086227995550814,21.74796588466173,23.70052135603643,28.461475591786524,0,,,32.0,37.25,792.0,0.0,0.0,0.0,0.0,0.0,0.0,0.0,0.0,0.0,1.0,1.0,0.0,0.0,0.0,1610.0,216.75864420848987,0.4739130434782608,1.0,0.0,0.0,0.0
BEV2_2024-09-07_drive5.csv,BEV2,5.421654797421056,50.896975,4.707580999999999,50.857749,4.704075,4.3686692001394185,1.2410312040215892,0.0,-0.0563074105138209,-0.9984134792365476,0.2078979652492776,0.411714100092377,0.6559436587145197,22.452980246921985,52.1,0.0,0.0,33.2,0.0,0.0,0.0,34.0,0.0,0.0,39.75,0.0,0.0,5.75,0.0,0.0,0.0,0.0,1771.4,0.0,0.0,71.56584332595794,0.0,10,0.0,633.0,208.74549197219537,206.45088735965936,10.941674952483876,1792.6,16.842253439265413,22.6156833590733,24.915366159850123,29.795321009042084,0,,,34.0,40.0,633.0,0.0,0.0,0.0,0.0,0.0,0.0,0.0,0.0,0.0,1.0,1.0,0.0,0.0,0.0,2156.0,232.17792441084512,0.7364269141531322,0.9995361781076066,0.0,0.0,0.0
BEV2_2024-09-07_drive6.csv,BEV2,2.507339901211361,50.857749,4.704075,50.873249,4.70226,1.7282242088533335,1.4508186428397307,0.0,-0.0737038006039332,0.9972801761674276,0.2225452031482765,0.3463839571230763,0.6879802042897251,11.12726015741383,50.900000000000006,0.0,0.0,32.0,0.0,0.0,0.0,36.5,0.0,0.0,38.75,0.0,0.0,2.25,0.0,0.0,0.0,0.0,1857.85,0.0,0.0,30.08807881453633,0.0,10,0.0,3585.0,209.04293802946248,206.45088735965936,11.175816649110212,1831.2,17.120852102244665,23.397905390786526,25.95150636309893,30.76143468513036,0,,,34.25,39.25,3586.0,0.0,0.0,0.0,0.0,0.0,0.0,0.0,0.0,0.0,1.0,1.0,0.0,0.0,0.0,1181.0,173.86253596583293,0.7451312447078747,1.0,0.0,0.0,0.0
BEV2_2024-09-08_drive2.csv,BEV2,15.656277551803392,50.97961,4.975502,50.980097,4.857868,8.235464413738978,1.901080104928205,0.0,-0.9999783814040633,0.0065754638246963,0.0800924170664473,0.2601155943715288,0.1479484002683728,25.94994312952895,81.5,0.0,0.0,21.0,0.0,0.0,0.0,27.25,0.0,0.0,29.5,0.0,0.0,2.25,0.0,0.0,0.0,0.0,2220.875,0.0,0.0,15.656277551803392,0.0,10,0.0,63475.0,207.60947385089213,199.53880870546575,11.357930061990713,1882.3,17.51615495508567,23.76848981305577,26.812607525492652,31.68474526484068,0,,,25.75,31.25,4592.0,0.0,0.0,0.0,0.0,0.0,0.0,0.0,0.0,0.0,1.0,1.0,0.0,0.0,0.0,1803.0,679.6520859909663,0.4816053511705686,0.995008319467554,0.0,0.0,0.0
BEV2_2024-09-08_drive3.csv,BEV2,19.43011603675572,50.980098,4.857867,50.857751,4.704075,17.35809699482803,1.119369020840537,0.0,-0.6210786532557194,-0.7837482417652124,0.0817366861558456,0.2047994388008996,0.1968689608411979,38.49797917940329,79.0,0.0,0.0,23.5,0.0,0.0,0.0,28.75,0.0,0.0,31.0,0.0,0.0,2.25,0.0,0.0,0.0,0.0,2271.25,0.0,0.0,68.005406128645,0.0,10,0.0,2348.0,196.43183992035645,181.56627792226533,10.554410497228565,1752.1,17.89282738439872,23.646694414280645,26.7467108548526,31.573799215039816,0,,,26.75,31.25,2348.0,0.0,0.0,0.0,0.0,0.0,0.0,0.0,0.0,0.0,1.0,1.0,0.0,0.0,0.0,1777.0,748.9051732119576,0.3562281722933644,0.9667979741136749,0.0,0.0,0.0
BEV2_2024-09-08_drive4.csv,BEV2,57.33296587233503,50.857751,4.704075,51.261998,4.451343,48.29586030786517,1.1871196725115205,0.0,-0.365717679380675,0.930725834490702,0.0386587343305352,0.1417492721476388,0.0584393743893877,54.083569328418776,73.5,0.0,0.0,24.0,0.0,0.0,0.0,29.75,0.0,0.0,32.0,0.0,0.0,2.25,0.0,0.0,0.0,0.0,2186.625,0.0,0.0,229.3318634893401,0.0,10,0.0,2821.0,200.6339158438244,188.4783565764589,10.261514802121289,1711.1,18.147053931310506,24.04931837839361,27.46991997856176,32.175913133207594,0,,,28.25,32.25,2821.0,0.0,0.0,0.0,0.0,0.0,0.0,0.0,0.0,0.0,1.0,1.0,0.0,0.0,0.0,3605.0,931.7838272641684,0.2867153284671533,0.9500693481276006,0.0,0.0,0.0
BEV2_2024-09-08_drive5.csv,BEV2,6.948993138315811,51.261998,4.451343,51.222329,4.411611,5.206396476335893,1.3347030273050402,0.0,-0.5312317024929926,-0.8472265802407267,0.165555875758863,0.2998626242546143,0.4995610658027286,22.84671085472309,59.6,0.0,0.0,24.0,0.0,0.0,0.0,28.25,0.0,0.0,34.5,0.0,0.0,6.25,0.0,0.0,0.0,0.0,1683.7,0.0,0.0,27.795972553263244,0.0,10,0.0,826.0,193.76152663948133,195.0716142726637,15.680158369596484,1956.1,22.889442192912615,24.54771132565828,27.99421060673309,32.6274646743584,0,,,28.5,34.5,827.0,0.0,0.0,0.0,0.0,0.0,0.0,0.0,0.0,0.0,1.0,1.0,0.0,0.0,0.0,1783.0,286.06577273374114,0.6051598429613012,1.0,0.0,0.0,0.0
BEV2_2024-09-09_drive1.csv,BEV2,3.917111095737492,50.857524,4.703994,50.862424,4.686789,1.3248174757008842,2.9567175611607746,0.0,-0.91151417960409,0.4112686474564803,0.2433243912853842,0.5010831562901475,0.6624765869945635,18.979302520259967,90.7,0.0,0.0,15.5,0.0,0.0,0.0,19.75,0.0,0.0,22.75,0.0,0.0,3.0,0.0,0.0,0.0,0.0,1791.325,0.0,0.0,-17.626999930818712,0.0,10,0.0,57107.0,191.57420302079595,173.95960607109942,16.10139017408602,2059.9,22.973018743610005,25.140846903556213,28.67416146397372,33.442794209989714,0,,,25.0,30.0,31664.0,0.0,0.0,0.0,0.0,0.0,0.0,0.0,0.0,0.0,1.0,1.0,0.0,0.0,0.0,1055.0,156.0206221332881,0.5023696682464455,1.0,0.0,0.0,0.0
BEV2_2024-09-09_drive2.csv,BEV2,2.829567739485692,50.862424,4.686789,50.8572,4.70388,1.332834428229608,2.122970175105832,0.0,0.9000312334166437,-0.4358253995288881,0.4260401710557833,0.53588986861998,1.253979290438188,23.858249579123864,89.7,0.0,0.0,18.666666666666668,0.0,0.0,0.0,18.5,0.0,0.0,20.75,0.0,0.0,2.25,0.0,0.0,0.0,1.0,1659.45,0.0,0.0,-3.77275698598092,0.0,10,0.0,33127.0,191.6200291191511,175.83084731296256,16.162274262913336,2073.6,23.012738246209203,24.363551117168093,28.64290553897289,33.19519097586665,0,,,18.5,22.0,32552.0,0.0,0.0,0.0,0.0,0.0,0.0,0.0,0.0,0.0,1.0,1.0,0.0,0.0,0.0,924.0,113.06929225433598,0.5151515151515151,1.0,0.0,0.0,0.0
BEV2_2024-09-09_drive3.csv,BEV2,8.787435021263338,50.8572,4.70388,50.858023,4.704151,0.0934696013146021,94.01382800046817,0.0,0.2035099769385639,0.9790728723064822,0.3389778921884298,0.6379084968016491,1.095572219731178,59.32113113297521,88.80000000000001,0.0,0.0,19.0,0.0,0.0,0.0,20.25,0.0,0.0,22.25,0.0,0.0,2.0,0.0,0.0,0.0,0.0,1798.2000000000005,0.0,0.0,-8.787435021263338,0.0,10,0.0,2398.0,192.6553118500614,175.83084731296256,16.13557991131533,2071.1,22.940605262591028,23.97238297137688,28.32072591888916,32.667302216717616,0,,,19.25,23.75,2398.0,0.0,0.0,0.0,0.0,0.0,0.0,0.0,0.0,0.0,1.0,1.0,0.0,0.0,0.0,4115.0,250.26044921931,0.7518230432668935,0.9997569866342648,0.0,0.0,0.0
BEV2_2024-09-10_drive1.csv,BEV2,10.219449935071491,50.858023,4.704151,50.85803,4.704176,0.0019196639436647,5323.561954058531,0.0,0.9141084855063808,0.4054696988989819,0.2034012137673761,0.3518377455783451,0.6927665925954286,41.697248822312105,86.0,0.0,0.0,13.166666666666666,0.0,0.0,0.0,17.75,0.0,0.0,21.0,0.0,0.0,3.25,0.0,0.0,0.0,0.0,1526.5,0.0,0.0,-69.8329078896552,0.0,10,0.0,33977.0,185.5965814546752,175.83084731296256,13.035918661524098,2003.8,20.719403601442878,23.07300269607183,27.65513745902181,32.20097950080775,0,,,24.75,30.5,33511.0,0.0,0.0,0.0,0.0,0.0,0.0,0.0,0.0,0.0,1.0,1.0,0.0,0.0,0.0,1532.0,272.456780946421,0.4010450685826257,0.9993472584856395,0.0,0.0,0.0
BEV2_2024-09-10_drive2.csv,BEV2,2.1146096594955783,50.85803,4.704176,50.8624,4.686769,1.3148468268211828,1.6082555141483124,0.0,-0.9292045386739428,0.3695658605820415,0.307271604402735,0.5068892628663336,0.9910572003090512,12.905407384914872,84.30000000000001,0.0,0.0,14.5,0.0,0.0,0.0,16.0,0.0,0.0,18.5,0.0,0.0,2.5,0.0,0.0,0.0,0.0,1348.8000000000002,0.0,0.0,-11.63035312722568,0.0,10,0.0,14108.0,185.29896359070807,175.83084731296256,13.305109229255994,1996.0,21.43610048465088,21.619483860234364,26.003698831356417,30.333135576006462,0,,,16.75,21.0,14108.0,0.0,0.0,0.0,0.0,0.0,0.0,0.0,0.0,0.0,1.0,1.0,0.0,0.0,0.0,1211.0,125.40100764958385,0.7654830718414534,1.0,0.0,0.0,0.0
BEV2_2024-09-10_drive3.csv,BEV2,56.59453225198857,50.8624,4.686769,50.970653,3.84438,60.26807070594173,0.9390466890523675,0.0,-0.9798516922683514,0.1997264658447845,0.0334375613168353,0.1480237977712482,0.0410974895345496,46.377897546450654,84.0,0.0,0.0,17.5,0.0,0.0,0.0,16.75,0.0,0.0,19.0,0.0,0.0,2.25,0.0,0.0,0.0,0.0,1407.0,0.0,0.0,-141.4863306299714,0.0,10,0.0,17512.0,183.3010313462455,170.27359746869269,12.974404715463448,1901.5,21.15913993526352,20.14221405570762,24.10634117070212,28.19522197505005,0,,,15.5,18.5,17418.0,0.0,0.0,0.0,0.0,0.0,0.0,0.0,0.0,0.0,1.0,1.0,0.0,0.0,0.0,4255.0,826.9156126185874,0.2429169746242917,0.9539365452408932,0.0,0.0,0.0
BEV2_2024-09-10_drive5.csv,BEV2,73.58431740934665,51.05919,3.709103,50.889097,4.686988,71.0315958687848,1.0359378317400814,0.0,0.9638994284087188,-0.2662665805416545,0.0330951183256552,0.124342209665136,0.0504495523880169,60.86192260087999,65.9,0.0,0.0,16.0,0.0,0.0,0.0,21.75,0.0,0.0,24.25,0.0,0.0,2.5,0.0,0.0,0.0,0.0,1433.325,0.0,0.0,-294.3372696373866,0.0,10,0.0,15510.0,188.50039413187852,175.83084731296256,18.38312395054117,2208.9,25.181656025667024,19.076819561139043,22.698487934616335,26.98755604849179,0,,,21.0,25.75,4011.0,0.0,0.0,0.0,0.0,0.0,0.0,0.0,0.0,0.0,1.0,1.0,0.0,0.0,0.0,3909.0,973.600298160592,0.2126783754116355,0.9322077257610644,0.0,0.0,0.0
BEV2_2024-09-10_drive6.csv,BEV2,5.361317941629369,50.889103,4.68699,50.857029,4.704082,3.762723474489209,1.424850371806068,0.0,0.3187376864278602,-0.947842965501467,0.2623513237907958,0.4236871763139368,0.784033268204331,28.07159164561515,90.8,0.0,0.0,24.5,0.0,0.0,0.0,46.25,0.0,0.0,54.0,0.0,0.0,7.75,0.0,0.0,0.0,0.0,4199.5,0.0,0.0,24.12593073733216,0.0,10,0.0,2162.0,207.3805615737704,189.38150218062447,24.17592093548753,2419.5,28.832352354214898,18.44577209959384,22.42458895942668,26.945762538319837,0,,,46.25,54.0,14.0,0.0,0.0,0.0,0.0,0.0,0.0,0.0,0.0,0.0,1.0,1.0,0.0,0.0,0.0,1497.0,239.0582945887661,0.6452905811623246,1.0,0.0,0.0,0.0
BEV2_2024-09-11_drive1.csv,BEV2,18.698205677117823,50.857029,4.704082,50.805476,4.939932,17.52798339288201,1.0667630872306184,0.0,0.945008815112229,-0.3270448583301393,0.0719412875333799,0.2576840032893702,0.124236212467352,33.236874840421535,88.7,0.0,0.0,11.0,0.0,0.0,0.0,15.75,0.0,0.0,19.0,0.0,0.0,3.25,0.0,,1.0,,1397.025,0.0,0.0,-168.2838510940604,0.0,10,0.0,39572.0,205.76180613940863,180.2212591646667,22.769030006466902,2391.3,26.1910776941482,18.033661575040508,23.53993625297557,28.577119418173403,0,,,36.25,43.5,39572.0,0.0,0.0,0.0,0.0,0.0,0.0,0.0,0.0,0.0,1.0,1.0,0.0,0.0,0.0,2204.0,904.5633403479126,0.5885928003740065,0.970508166969147,0.0,0.0,0.0
BEV2_2024-09-11_drive2.csv,BEV2,52.29337211967324,50.805476,4.939932,50.994746,5.539016999999999,46.98900187337343,1.11288535688828,0.0,0.89408973252367,0.4478878768126598,0.0382279869325925,0.1395763738378406,0.0522130513813148,45.33839250205471,83.60000000000001,0.0,0.0,12.0,0.0,0.0,0.0,15.75,0.0,0.0,18.0,0.0,0.0,2.25,0.0,0.0,0.0,0.0,1316.7,0.0,0.0,-418.346976957386,0.0,10,0.0,10542.0,216.43293041373093,190.0859054299219,18.905553986945183,2251.0,23.523261790014185,16.892749408745253,22.12239053113468,27.15814102916054,0,,,15.0,19.25,10372.0,0.0,0.0,0.0,0.0,0.0,0.0,0.0,0.0,0.0,1.0,1.0,0.0,0.0,0.0,3395.0,810.1742929154775,0.221580547112462,0.9690721649484536,0.0,0.0,0.0
BEV2_2024-09-11_drive3.csv,BEV2,59.67826283635112,50.994749,5.539019,50.857228,4.703888,60.49751625090379,0.9864580653004836,0.0,-0.9675280975039344,-0.2527634873560996,0.0317290985728196,0.1478241303075903,0.0418681452452366,48.29168802783151,93.3,0.0,0.0,15.0,0.0,0.0,0.0,22.5,0.0,0.0,27.75,0.0,0.0,5.25,0.0,0.0,0.0,0.0,2099.25,0.0,0.0,-298.3913141817556,0.0,10,0.0,11345.0,208.25068708121623,190.0859054299219,23.43999188508092,2412.3,27.661143159888194,15.72578330387018,20.99541179198078,26.01054028328347,0,,,22.5,27.75,1.0,0.0,0.0,0.0,0.0,0.0,0.0,0.0,0.0,0.0,1.0,1.0,0.0,0.0,0.0,4669.0,934.255400078147,0.3936794582392776,0.9488113086313986,0.0,0.0,0.0
BEV2_2024-09-12_drive1.csv,BEV2,5.640747444549909,50.857224,4.703892,50.86954,4.708209,1.40259367640149,4.021654695479502,0.0,0.216014662294924,0.976390119610809,0.2809308579462023,0.5428307478217378,0.9148504004706484,31.46425608997466,77.5,0.0,0.0,12.5,0.0,0.0,0.0,11.25,0.0,0.0,14.0,0.0,0.0,2.75,0.0,0.0,0.0,0.0,871.875,0.0,0.0,-42.30560583412432,0.0,10,0.0,80833.0,208.25068708121623,190.0859054299219,23.43999188508092,2412.3,27.661143159888194,15.72578330387018,20.99541179198078,26.01054028328347,0,,,19.25,24.5,52437.0,0.0,0.0,0.0,0.0,0.0,0.0,0.0,0.0,0.0,1.0,1.0,0.0,0.0,0.0,1033.0,288.65992158781256,0.4381237524950099,0.9699903194578896,0.0,0.0,0.0
BEV2_2024-09-12_drive2.csv,BEV2,0.8674934841008484,50.869539,4.708207,50.867519,4.697776999999999,0.765619149475933,1.1330613722170462,0.0,-0.9559972241439162,-0.2933757103598163,0.2190344080278874,0.324933800149592,0.6551304920112714,3.723584936474087,76.2,0.0,0.0,13.0,0.0,0.0,0.0,12.25,0.0,0.0,16.75,0.0,0.0,4.5,0.0,0.0,0.0,0.0,933.45,0.0,0.0,-6.072454388705939,0.0,10,0.0,82036.0,208.25068708121623,190.0859054299219,23.43999188508092,2412.3,27.661143159888194,15.72578330387018,20.99541179198078,26.01054028328347,0,,,12.25,16.75,169.0,0.0,0.0,0.0,0.0,0.0,0.0,0.0,0.0,0.0,1.0,1.0,0.0,0.0,0.0,171.0,368.71479998284656,0.5058823529411764,0.9941520467836256,0.0,0.0,0.0
BEV2_2024-09-12_drive3.csv,BEV2,1.5514056413339914,50.867518,4.697769,50.855909,4.694737,1.3082867359580543,1.185829985655172,0.0,-0.1626577866937097,-0.9866825449089,0.2450732146085998,0.5582771913629415,0.8889468385160917,7.597269652866595,76.10000000000001,0.0,0.0,13.0,0.0,0.0,0.0,12.75,0.0,0.0,17.5,0.0,0.0,4.75,0.0,0.0,0.0,0.0,970.275,0.0,0.0,-10.85983948933794,0.0,10,0.0,137.0,208.4447471904731,190.0859054299219,23.135030123917264,2323.8,28.13347747581748,15.476330990366872,20.368166707465097,25.486141718517317,0,,,12.75,17.5,7.0,0.0,0.0,0.0,0.0,0.0,0.0,0.0,0.0,0.0,1.0,1.0,0.0,0.0,0.0,415.0,217.2545015363629,0.5518072289156627,1.0,0.0,0.0,0.0
BEV2_2024-09-12_drive4.csv,BEV2,1.6694730372865192,50.855909,4.694732,50.857509,4.704066,0.6789096039152781,2.459050553503224,0.0,0.9650527512067076,0.2620556952030702,0.2852786472026642,0.5066182974061805,1.2033508845665148,9.41419535768792,75.5,0.0,0.0,13.0,0.0,0.0,0.0,14.0,0.0,0.0,18.25,0.0,0.0,4.25,0.0,0.0,0.0,0.0,1057.0,0.0,0.0,-11.686311261005637,0.0,10,0.0,539.0,207.9426270023168,190.0859054299219,23.00721391410209,2272.9,28.372772542252903,14.866280648763132,19.81773531204089,25.063565012314704,0,,,14.0,18.25,7.0,0.0,0.0,0.0,0.0,0.0,0.0,0.0,0.0,0.0,1.0,1.0,0.0,0.0,0.0,282.0,254.55081060193592,0.3865248226950354,1.0,0.0,0.0,0.0
BEV2_2024-09-12_drive5.csv,BEV2,0.0594384410490603,50.857509,4.704063,50.857806,4.704092999999999,0.0330920048425712,1.7961571482848229,0.0,0.0636333154422679,0.9979733469215624,0.3825625446737272,0.0,0.3825625446737272,0.3825625446737272,75.10000000000001,0.0,0.0,12.5,0.0,0.0,0.0,14.5,0.0,0.0,19.0,0.0,0.0,4.5,0.0,0.0,0.0,0.0,1088.95,0.0,0.0,-0.4457883078679522,0.0,10,0.0,75.0,206.1761626906063,190.0859054299219,22.295431754590656,1889.5,29.720976883399796,14.318755398045273,18.988851841691623,24.0767813627115,0,,,14.5,19.0,9.0,0.0,0.0,0.0,0.0,0.0,0.0,0.0,0.0,0.0,1.0,1.0,0.0,0.0,0.0,73.0,7.365402255619618,0.5555555555555556,0.9863013698630136,0.0,0.0,0.0
BEV2_2024-09-12_drive6.csv,BEV2,5.4819041225996985,50.857806,4.704092,50.867248,4.742684,2.904925160574978,1.887106833938074,0.0,0.932402338304564,0.3614220241271711,0.1903933581479248,0.4131606384250646,0.6988556893289518,20.7528760381238,75.0,0.0,0.0,14.2,0.0,0.0,0.0,16.0,0.0,0.0,18.25,0.0,0.0,2.25,0.0,0.0,0.0,0.0,1200.0,0.0,0.0,-31.795043911078256,0.0,10,0.0,8014.0,208.3413926777584,207.5182571109152,21.279448743898705,1743.5,27.61040809981541,14.199922932767493,18.76698091600714,23.93401734706613,0,,,16.0,18.25,6.0,0.0,0.0,0.0,0.0,0.0,0.0,0.0,0.0,0.0,1.0,1.0,0.0,0.0,0.0,769.0,415.547341013747,0.4348958333333333,0.9986996098829648,0.0,0.0,0.0
BEV2_2024-09-12_drive8.csv,BEV2,1.8390413709373143,50.857742,4.704073999999999,50.857806,4.704063,0.0071582477764152,256.9122260613176,0.0,-0.107862690554195,0.9941658010545372,0.4637948724148011,0.7370848942195838,1.5112389132674693,16.69661540693284,72.5,0.0,0.0,15.5,0.0,0.0,0.0,20.5,0.0,0.0,22.75,0.0,0.0,2.25,0.0,0.0,0.0,0.0,1486.25,0.0,0.0,-8.275686169217915,0.0,10,0.0,8548.0,207.86339268250447,207.5182571109152,21.616185209366694,1699.2,29.54301770754547,14.205144509986624,18.859749756811844,24.20496182303534,0,,,19.5,25.75,7707.0,0.0,0.0,0.0,0.0,0.0,0.0,0.0,0.0,0.0,1.0,1.0,0.0,0.0,0.0,700.0,155.81941160148963,0.648068669527897,0.9985714285714286,0.0,0.0,0.0
BEV2_2024-09-13_drive1.csv,BEV2,2.1662699541085297,50.857805,4.70406,50.862419,4.686794,1.315997002024059,1.64610553882472,0.0,-0.9208742977697038,0.3898596256438398,0.386609181146091,0.5257430864044264,1.0463592476079002,16.624194789281916,71.9,0.0,0.0,6.0,0.0,0.0,0.0,11.75,0.0,0.0,15.0,0.0,0.0,3.25,0.0,,1.0,,844.825,0.0,0.0,-30.327779357519415,0.0,10,0.0,50577.0,211.28040828832945,224.48687548566872,16.140636121261572,1343.6,25.70123289422937,14.014724559197116,18.72107149732766,23.81718145799346,0,,,12.0,15.0,5.0,0.0,0.0,0.0,0.0,0.0,0.0,0.0,0.0,0.0,1.0,1.0,0.0,0.0,0.0,477.0,206.7467572920118,0.453781512605042,0.9979035639412998,0.0,0.0,0.0
BEV2_2024-09-13_drive2.csv,BEV2,2.7152223360976944,50.862412,4.686781,50.860668,4.706938,1.4279674558825934,1.901459536008458,0.0,0.9907356728012536,-0.1358043689983758,0.4534618074126897,0.5817535418126564,1.3056284600113468,24.486937600285245,71.0,0.0,0.0,13.5,0.0,0.0,0.0,11.25,0.0,0.0,13.5,0.0,0.0,2.25,0.0,0.0,0.0,0.0,798.75,0.0,0.0,-17.648945184635014,0.0,10,0.0,11906.0,192.16091248860923,224.48687548566872,8.998831375737762,1000.2,20.561170326296438,13.129249810766495,17.319903190791756,22.182099164087955,0,,,11.25,13.5,7.0,0.0,0.0,0.0,0.0,0.0,0.0,0.0,0.0,0.0,1.0,1.0,0.0,0.0,0.0,805.0,156.16850760519364,0.5211442786069652,0.9987577639751553,0.0,0.0,0.0
BEV2_2024-09-13_drive3.csv,BEV2,2.1308312311483166,50.860664,4.706932999999999,50.862413,4.686762,1.4290165660507352,1.4911172352865951,0.0,-0.9906959658022672,0.1360937299919176,0.3881872097516693,0.611536863018531,0.8944241783954023,16.303862809570113,69.9,0.0,0.0,14.0,0.0,0.0,0.0,12.25,0.0,0.0,16.5,0.0,0.0,4.25,0.0,0.0,0.0,0.0,856.2750000000001,0.0,0.0,-12.7849873868899,0.0,10,0.0,78.0,196.7264957669269,237.88002628241537,8.734257630198977,931.1,20.48414747734142,12.653272874882765,14.500363199697611,18.78546625579673,0,,,12.0,16.5,79.0,0.0,0.0,0.0,0.0,0.0,0.0,0.0,0.0,0.0,1.0,1.0,0.0,0.0,0.0,421.0,163.6172310157134,0.3428571428571428,0.997624703087886,0.0,0.0,0.0
BEV2_2024-09-13_drive4.csv,BEV2,8.082314082653449,50.862406,4.686755,50.88876,4.701838,3.115676529849371,2.594079971146489,0.0,0.3396680899114591,0.940545367696796,0.251776896937804,0.4473160787956993,0.8370563485627089,40.53608040698644,69.5,0.0,0.0,16.5,0.0,0.0,0.0,15.25,0.0,0.0,17.25,0.0,0.0,2.0,0.0,0.0,0.0,0.0,1059.875,0.0,0.0,-28.28809928928707,0.0,10,0.0,18292.0,185.24262153720267,229.18351657269736,7.0775333349743095,752.9,19.244964501288933,12.847515260571878,14.271849064641213,18.608166278965445,0,,,15.25,17.25,7.0,0.0,0.0,0.0,0.0,0.0,0.0,0.0,0.0,0.0,1.0,1.0,0.0,0.0,0.0,1776.0,291.2481883653574,0.4605855855855856,1.0,0.0,0.0,0.0
BEV2_2024-09-13_drive5.csv,BEV2,5.191683110668419,50.88876,4.701838,50.858214,4.704231,3.400712819637812,1.5266455552166711,0.0,0.0493755168792082,-0.9987802853144984,0.2187282807134707,0.3820679363177657,0.8523455809863875,22.52901291348748,67.2,0.0,0.0,15.4,0.0,0.0,0.0,20.25,0.0,0.0,22.5,0.0,0.0,2.25,0.0,0.0,0.0,0.0,1360.8,0.0,0.0,-23.881742309074724,0.0,10,0.0,2274.0,216.77261801013023,229.18351657269736,2.656476741281265,590.8,15.342953907140608,13.086567515639166,14.126115574858492,18.38850981224913,0,,,17.75,23.5,2274.0,0.0,0.0,0.0,0.0,0.0,0.0,0.0,0.0,0.0,1.0,1.0,0.0,0.0,0.0,1053.0,214.1898695372366,0.4577397910731244,1.0,0.0,0.0,0.0
BEV2_2024-09-13_drive6.csv,BEV2,0.0764064406826482,50.858215,4.704234,50.857702,4.704067,0.0582350132059312,1.312036118416579,0.0,-0.2012870642164024,-0.9795322954242712,0.3559045838039463,0.0,0.3559045838039463,0.3559045838039463,65.7,0.0,0.0,14.5,0.0,0.0,0.0,20.5,0.0,0.0,23.0,0.0,0.0,2.5,0.0,0.0,0.0,0.0,1346.85,0.0,0.0,-0.4202354237545651,0.0,10,0.0,7795.0,221.64823337729143,234.1698322584116,3.0888957039380225,679.0,15.309334746364382,13.282074144427046,14.873574961758198,19.02003050917815,0,,,20.0,24.75,7773.0,0.0,0.0,0.0,0.0,0.0,0.0,0.0,0.0,0.0,1.0,1.0,0.0,0.0,0.0,32.0,103.48647253308168,0.5,1.0,0.0,0.0,0.0
BEV2_2024-09-13_drive7.csv,BEV2,6.445594168534267,50.857703,4.704064,50.857713,4.704058,0.0011890341443522,5420.865497555217,0.0,-0.3541953296086145,0.9351714647504196,0.220385310164607,0.346846786468875,0.6958680180012188,28.209319701069692,65.60000000000001,0.0,0.0,13.5,0.0,0.0,0.0,19.0,0.0,0.0,21.5,0.0,0.0,2.5,0.0,0.0,0.0,0.0,1246.4,0.0,0.0,-41.89636209547274,0.0,10,0.0,7139.0,220.79914156606483,234.1698322584116,2.9413957838728884,640.7,14.779001118585509,13.432074144427045,15.593611285640268,19.46584091967328,0,,,20.25,22.75,7129.0,0.0,0.0,0.0,0.0,0.0,0.0,0.0,0.0,0.0,1.0,1.0,0.0,0.0,0.0,1776.0,192.60230734505768,0.5974099099099099,1.0,0.0,0.0,0.0
BEV2_2024-09-13_drive8.csv,BEV2,8.638150173305455,50.857709,4.704057,50.857604,4.704025,0.0118895772613097,726.5313125484373,0.0,-0.1889165258366048,-0.9819931498059584,0.2297092603347729,0.4281057526079636,0.7733099538800948,39.50999277758095,63.5,0.0,0.0,10.5,0.0,0.0,0.0,18.25,0.0,0.0,20.5,0.0,0.0,2.25,0.0,0.0,0.0,0.0,1158.875,0.0,0.0,-82.06242664640182,0.0,10,0.0,5845.0,223.46851695930908,238.11889122161529,3.418993858111416,790.1,13.96765941874374,13.386242127622811,15.967719794823973,19.722151162253382,0,,,17.25,21.0,5845.0,0.0,0.0,0.0,0.0,0.0,0.0,0.0,0.0,0.0,1.0,1.0,0.0,0.0,0.0,2771.0,210.6418507341406,0.6798989534464093,1.0,0.0,0.0,0.0
BEV2_2024-09-14_drive1.csv,BEV2,3.4356904518282843,50.857598,4.704032,50.882145,4.714681,2.829951129917839,1.2140458594873444,0.0,0.2640599232795542,0.9645062762458292,0.2220246616944589,0.4101411146281677,0.5946641930538937,15.097676995223209,89.80000000000001,0.0,0.0,8.5,0.0,0.0,0.0,15.75,0.0,0.0,20.0,0.0,0.0,4.25,0.0,0.0,0.0,0.0,1414.35,0.0,0.0,-39.51044019602527,0.0,10,0.0,34765.0,223.46851695930908,238.11889122161529,3.418993858111416,790.1,13.96765941874374,13.386242127622811,15.967719794823973,19.722151162253382,0,,,15.25,19.0,26148.0,0.0,0.0,0.0,0.0,0.0,0.0,0.0,0.0,0.0,1.0,1.0,0.0,0.0,0.0,409.0,237.33466169475307,0.2401960784313725,0.9975550122249388,0.0,0.0,0.0
BEV2_2024-09-14_drive2.csv,BEV2,4.238034557452519,50.882146,4.714678,50.857708,4.704064,2.8176123983306205,1.504122625228179,0.0,-0.2643442804333799,-0.9644283806494698,0.3559362820471155,0.5366504730395703,1.0851798109558088,29.898647691957706,89.10000000000001,0.0,0.0,13.0,0.0,0.0,0.0,16.0,0.0,0.0,18.5,0.0,0.0,2.5,0.0,0.0,0.0,0.0,1425.6,0.0,0.0,-29.66624190216763,0.0,10,0.0,4168.0,214.255832863677,229.7120561105828,3.756600920479048,823.7,16.69084814302592,13.0286854933186,16.074671014336168,19.80440725981436,0,,,15.5,19.5,4169.0,0.0,0.0,0.0,0.0,0.0,0.0,0.0,0.0,0.0,1.0,1.0,0.0,0.0,0.0,902.0,168.31766910496324,0.4235033259423503,1.0,0.0,0.0,0.0
BEV2_2024-09-14_drive3.csv,BEV2,47.33274904034269,50.857708,4.70406,50.861914,4.685819,1.363056505163602,34.72544891648607,0.0,-0.9392930349318306,0.3431160073918891,0.0523670156893327,0.1904746876036388,0.1124601408850141,59.803131917218,87.7,0.0,0.0,15.5,0.0,0.0,0.0,17.25,0.0,0.0,19.25,0.0,0.0,2.0,0.0,0.0,0.0,0.0,1512.825,0.0,0.0,-212.9973706815421,0.0,10,0.0,2495.0,225.329041383846,238.11889122161529,3.632206944806745,837.0,15.818884297315302,12.842809981624788,16.001610518416157,19.577871804119606,0,,,16.0,20.75,2472.0,0.0,0.0,0.0,0.0,0.0,0.0,0.0,0.0,0.0,1.0,1.0,0.0,0.0,0.0,3541.0,817.0894063199524,0.3056781406295969,0.95989833380401,0.0,0.0,0.0
BEV2_2024-09-14_drive5.csv,BEV2,7.85301403117904,50.857753,4.704073999999999,50.857299,4.703926,0.051540359834814,152.36630198834095,0.0,-0.2015588490685843,-0.9794764062304654,0.2884696025470831,0.4664147111421299,0.9322214235385924,45.866666804986224,75.60000000000001,0.0,0.0,21.0,0.0,0.0,0.0,25.0,0.0,0.0,27.25,0.0,0.0,2.25,0.0,0.0,0.0,0.0,1890.0,0.0,0.0,7.85301403117904,0.0,10,0.0,11614.0,205.76363820877356,229.7120561105828,8.181577711747282,1121.1,19.685210277628908,12.936949362109583,16.0822870077883,19.91036553824378,0,,,25.25,31.5,10674.0,0.0,0.0,0.0,0.0,0.0,0.0,0.0,0.0,0.0,1.0,1.0,0.0,0.0,0.0,1440.0,338.1762057671679,0.5218002812939522,0.9875,0.0,0.0,0.0
BEV2_2024-09-14_drive7.csv,BEV2,4.628607671605001,50.888304,4.701296999999999,50.857583,4.704027,3.421390932075857,1.352843847281927,0.0,0.0559891567120949,-0.9984313768760816,0.15876419077271,0.2547607300009989,0.4590586334851887,14.606305551089324,72.7,0.0,0.0,21.5,0.0,0.0,0.0,26.75,0.0,0.0,30.5,0.0,0.0,3.75,0.0,0.0,0.0,0.0,1944.725,0.0,0.0,6.942911507407501,0.0,10,0.0,5733.0,202.49165222031948,218.9234050438181,8.750270028061056,1217.5,20.014285151901216,14.365123423318504,17.647583949634004,21.54759962455848,0,,,26.75,30.5,7.0,0.0,0.0,0.0,0.0,0.0,0.0,0.0,0.0,0.0,1.0,1.0,0.0,0.0,0.0,930.0,190.7395943908229,0.4645161290322581,1.0,0.0,0.0,0.0
BEV2_2024-09-14_drive8.csv,BEV2,23.869862650449388,50.8576,4.704031,50.827772,4.372157,23.537149421552225,1.014135663709239,0.0,-0.9900217797277578,-0.1409144267443295,0.0533568245705472,0.1924481095731076,0.0728877067645293,31.373812847481755,86.9,0.0,0.0,18.0,0.0,0.0,0.0,24.0,0.0,0.0,29.0,0.0,0.0,5.0,0.0,0.0,0.0,0.0,2085.6000000000004,0.0,0.0,-47.739725300898776,0.0,10,0.0,4569.0,198.5848832694358,203.09141988155864,8.941579761163492,1230.1,20.588858792451653,15.0230452675137,19.120328867045263,23.155942431723627,0,,,24.0,29.0,25.0,0.0,0.0,0.0,0.0,0.0,0.0,0.0,0.0,0.0,1.0,1.0,0.0,0.0,0.0,1825.0,817.5761875832517,0.2666284403669725,0.9556164383561644,0.0,0.0,0.0
BEV2_2024-09-14_drive9.csv,BEV2,24.23051389027819,50.827771,4.372161999999999,50.857748,4.704068,23.541677676433476,1.0292602856649542,0.0,0.989925230126362,0.1415910970339212,0.0632476178716677,0.2064566421977757,0.0949976985178672,38.26480881235896,80.80000000000001,0.0,0.0,22.0,0.0,0.0,0.0,27.0,0.0,0.0,29.5,0.0,0.0,2.5,0.0,0.0,0.0,0.0,2181.6000000000004,0.0,0.0,48.46102778055638,0.0,10,0.0,5110.0,201.4355309099983,209.142625399192,11.115469753721316,1370.4,23.481270512302224,15.450809329384384,20.359128954955263,24.464062672406943,0,,,25.0,31.0,5110.0,0.0,0.0,0.0,0.0,0.0,0.0,0.0,0.0,0.0,1.0,1.0,0.0,0.0,0.0,1933.0,845.8166957940248,0.2868763557483731,0.9539575788929124,0.0,0.0,0.0
BEV2_2024-09-15_drive1.csv,BEV2,2.7063630627032422,50.857748,4.704068,50.864497,4.693074,1.0763821183388742,2.5143144024724555,0.0,-0.7168748791884778,0.6972018413547868,0.3120706559882081,0.5138041518591469,0.9084902527303116,16.85181542336324,74.3,0.0,0.0,13.0,0.0,0.0,0.0,12.75,0.0,0.0,16.0,0.0,0.0,3.25,0.0,0.0,0.0,0.0,947.325,0.0,0.0,-18.94454143892269,0.0,10,0.0,48629.0,202.1987456114434,207.5994002134086,12.730240524474857,1386.1,26.3527094149948,15.688148433092008,21.295552105549813,25.36401858634794,0,,,24.0,28.75,48629.0,0.0,0.0,0.0,0.0,0.0,0.0,0.0,0.0,0.0,1.0,1.0,0.0,0.0,0.0,650.0,146.68890271115836,0.3846153846153846,1.0,0.0,0.0,0.0
BEV2_2024-09-15_drive2.csv,BEV2,1.364641876205759,50.864496,4.693074,50.857748,4.704086,1.0772106970856126,1.2668291169942796,0.0,0.7174962799074678,-0.6965623362764776,0.4182162518536301,0.450324141097141,1.1855184114977753,11.291838800048014,73.60000000000001,0.0,0.0,13.5,0.0,0.0,0.0,13.0,0.0,0.0,15.25,0.0,0.0,2.25,0.0,0.0,0.0,0.0,956.8,0.0,0.0,-8.870172195337434,0.0,10,0.0,2197.0,200.84145205754928,200.15023234049343,12.48170851967834,1345.8,26.07545071624593,15.498035712760824,20.489701242001995,24.568890580649104,0,,,13.0,15.25,7.0,0.0,0.0,0.0,0.0,0.0,0.0,0.0,0.0,0.0,1.0,1.0,0.0,0.0,0.0,338.0,158.40384418015083,0.3698224852071006,1.0,0.0,0.0,0.0
BEV2_2024-09-15_drive3.csv,BEV2,50.44110260128721,50.857746,4.704085,51.222357,4.411582999999999,45.40879843798312,1.1108222268901686,0.0,-0.450370725534828,0.8928416486596225,0.034442118066251,0.1191861155533761,0.0570517493821349,43.982584770602536,72.9,0.0,0.0,20.5,0.0,0.0,0.0,16.25,0.0,0.0,19.5,0.0,0.0,3.25,0.0,0.0,0.0,0.0,1184.625,0.0,0.0,25.220551300643606,0.0,10,0.0,11638.0,201.4853771759486,200.15023234049343,12.610555873593643,1376.4,26.7116083817851,15.422141284608331,19.743965947884355,23.872199404178517,0,,,16.25,19.25,7.0,0.0,0.0,0.0,0.0,0.0,0.0,0.0,0.0,0.0,1.0,1.0,0.0,0.0,0.0,3753.0,830.6842065110152,0.3310829817158931,0.947242206235012,0.0,0.0,0.0
BEV2_2024-09-15_drive4.csv,BEV2,7.414081456819737,51.222358,4.411576,51.253227,4.446039,4.1878772462153,1.7703674250528825,0.0,0.5729031400155398,0.819623079323865,0.1482698731514849,0.3281470108782949,0.4480679841703013,22.240480972722736,59.900000000000006,0.0,0.0,25.5,0.0,0.0,0.0,28.25,0.0,0.0,30.5,0.0,0.0,2.25,0.0,,1.0,,1692.1750000000002,0.0,0.0,40.77744801250856,0.0,10,0.0,4687.0,196.95843147997977,193.1394678732157,17.010113736035567,1574.1,30.242443411537568,16.271466740370276,20.31359723440297,24.68267641346048,0,,,28.5,30.5,9.0,0.0,0.0,0.0,0.0,0.0,0.0,0.0,0.0,0.0,1.0,1.0,0.0,0.0,0.0,1104.0,401.7981404355703,0.4010889292196007,0.9981884057971014,0.0,0.0,0.0
BEV2_2024-09-15_drive5.csv,BEV2,56.66813724702638,51.253228,4.446039,50.857705,4.704054,47.53380368880869,1.192165003626004,0.0,0.3793842840849213,-0.9252391933923744,0.0406362452941957,0.1490750233458546,0.0652069042572603,58.02855828011148,57.7,0.0,0.0,20.0,0.0,0.0,0.0,25.75,0.0,0.0,30.5,0.0,0.0,4.75,0.0,0.0,0.0,0.0,1485.775,0.0,0.0,0.0,0.0,10,0.0,1415.0,196.3369568857321,193.1394678732157,17.40795283653471,1643.5,29.648526864573984,17.592819336097026,21.55987838378769,25.846215975935667,0,,,27.75,31.25,1415.0,0.0,0.0,0.0,0.0,0.0,0.0,0.0,0.0,0.0,1.0,1.0,0.0,0.0,0.0,4097.0,877.0636573204744,0.264917695473251,0.94898706370515,0.0,0.0,0.0
BEV2_2024-09-15_drive6.csv,BEV2,2.6450685140514465,50.857702,4.704052,50.863401,4.695579,0.8690469561084139,3.0436428037168954,0.0,-0.6843107871192168,0.7291904734925423,0.2141697411676143,0.4535647697413634,0.6307932231579527,11.136826540715946,43.900000000000006,0.0,0.0,14.5,0.0,0.0,0.0,23.75,0.0,0.0,26.5,0.0,0.0,2.75,0.0,0.0,0.0,0.0,1042.6250000000002,0.0,0.0,-14.547876827282956,0.0,10,0.0,14115.0,195.37512330131892,193.1394678732157,22.650963105492096,1963.0,32.937766758858864,18.40004956787173,22.648365329934716,27.123645124422133,1,184.8044428707868,652.0,24.0,26.75,16.0,0.0,0.0,0.0,0.0,0.0,0.0,0.0,0.0,0.0,0.0,0.0,0.0,0.0,0.0,470.0,224.92656478257848,0.4072494669509595,0.997872340425532,0.0,0.0,0.0
BEV2_2024-09-15_drive7.csv,BEV2,1.055454696251924,50.863399,4.695575,50.869821,4.699269999999999,0.7597186970881574,1.389270397447451,0.0,0.3413222629621552,0.9399463350672704,0.3247480995051132,0.5918600233296593,1.3419538238929083,6.819710089607376,43.5,0.0,0.0,16.5,0.0,0.0,0.0,22.25,0.0,0.0,25.75,0.0,0.0,3.5,0.0,0.0,0.0,0.0,967.875,0.0,0.0,-3.694091436881734,0.0,10,0.0,186.0,195.2053067478648,192.69779151286272,18.182202072036212,1655.9,30.14582131350601,18.34038175643009,22.824584743079495,27.114037321304917,0,,,22.5,26.0,187.0,0.0,0.0,0.0,0.0,0.0,0.0,0.0,0.0,0.0,1.0,1.0,0.0,0.0,0.0,636.0,168.42484216595523,0.7924528301886793,1.0,0.0,0.0,0.0
BEV2_2024-09-15_drive8.csv,BEV2,2.7173836296089178,50.869827,4.699287,50.857212,4.703899,1.4395872008989403,1.8876130795773025,0.0,0.224844930130107,-0.9743945594033184,0.2547863385816575,0.4431756155032799,0.8191189475036192,13.758462283409504,43.0,0.0,0.0,16.5,0.0,0.0,0.0,21.25,0.0,0.0,25.25,0.0,0.0,4.0,0.0,0.0,0.0,0.0,913.75,0.0,0.0,-9.510842703631212,0.0,10,0.0,432.0,195.78173771565685,195.55487239817364,17.50242822993678,1575.5,28.78080042944692,17.910942626893966,22.46489042974076,26.6364953625856,0,,,21.25,25.25,53.0,0.0,0.0,0.0,0.0,0.0,0.0,0.0,0.0,0.0,1.0,1.0,0.0,0.0,0.0,383.0,155.57874866756578,0.2041884816753926,0.9973890339425588,0.0,0.0,0.0
BEV2_2024-09-16_drive2.csv,BEV2,0.0396406696942112,50.862455,4.686678,50.862705,4.686535,0.0295550383944123,1.3412491354335598,0.0,-0.3395822946166558,0.94057634734395,0.0,0.0,0.0,0.0,88.80000000000001,0.0,0.0,18.5,0.0,0.0,0.0,24.75,0.0,0.0,29.25,0.0,0.0,4.5,0.0,0.0,0.0,0.0,2197.8,0.0,0.0,-0.0594610045413167,0.0,10,0.0,45040.0,195.6542118261764,193.67078963307776,17.31129881117109,1520.6,29.542362572327768,17.43095320838956,21.964353949054065,26.098007064570584,0,,,24.75,29.25,1.0,0.0,0.0,0.0,0.0,0.0,0.0,0.0,0.0,0.0,1.0,1.0,0.0,0.0,0.0,75.0,20.95852502811953,0.7866666666666666,1.0,0.0,0.0,0.0
BEV2_2024-09-16_drive3.csv,BEV2,3.762720866178114,50.862707,4.686535999999999,50.873585,4.702553,1.6512057913691345,2.278771601847502,0.0,0.6807202171568771,0.7325435044786719,0.3024655643618362,0.4225934432892529,1.0400661549718175,22.684917327137715,88.4,0.0,0.0,20.5,0.0,0.0,0.0,25.5,0.0,0.0,28.0,0.0,0.0,2.5,0.0,0.0,0.0,0.0,2254.2000000000003,0.0,0.0,1.881360433089057,0.0,10,0.0,51291.0,195.6542118261764,193.67078963307776,17.31129881117109,1520.6,29.542362572327768,17.43095320838956,21.964353949054065,26.098007064570584,0,,,24.75,29.0,6175.0,0.0,0.0,0.0,0.0,0.0,0.0,0.0,0.0,0.0,1.0,1.0,0.0,0.0,0.0,792.0,138.70990011260204,0.3426042983565107,0.9987373737373736,0.0,0.0,0.0
BEV2_2024-09-16_drive4.csv,BEV2,2.3817991697080423,50.873587,4.702553,50.857768,4.704078,1.7622478467705336,1.3515687785193713,0.0,0.0607315730936445,-0.998154134404888,0.2149730486423539,0.3288704399420672,0.6120841330128299,10.103733286190636,87.30000000000001,0.0,0.0,20.5,0.0,0.0,0.0,25.5,0.0,0.0,27.75,0.0,0.0,2.25,0.0,0.0,0.0,0.0,2226.15,0.0,0.0,1.1908995848540211,0.0,10,0.0,3928.0,194.15218893643907,193.67078963307776,15.300584632743956,1417.4,26.54238509101695,17.675880184254726,21.93233826962136,25.91129003413432,0,,,24.5,29.5,3928.0,0.0,0.0,0.0,0.0,0.0,0.0,0.0,0.0,0.0,1.0,1.0,0.0,0.0,0.0,506.0,142.71891858579764,0.3544554455445544,0.9980237154150198,0.0,0.0,0.0
BEV2_2024-09-16_drive5.csv,BEV2,2.0908207909586003,50.857766,4.704082,50.862391,4.686813,1.3166689762178485,1.5879623722619445,0.0,-0.9205649043943266,0.3905896270991645,0.2792039460869355,0.4256317938605534,0.7457316653001187,11.447361789564356,86.60000000000001,0.0,0.0,22.0,0.0,0.0,0.0,26.0,0.0,0.0,28.0,0.0,0.0,2.0,0.0,0.0,0.0,0.0,2251.6000000000004,0.0,0.0,4.181641581917201,0.0,10,0.0,1583.0,191.9569640114147,193.67078963307776,13.115713160686942,1274.6,23.72560085213397,17.9139929014409,21.8831894538178,25.794598980207137,0,,,26.0,28.25,8.0,0.0,0.0,0.0,0.0,0.0,0.0,0.0,0.0,0.0,1.0,1.0,0.0,0.0,0.0,459.0,152.99099041963828,0.3733624454148471,0.9978213507625272,0.0,0.0,0.0
BEV2_2024-09-16_drive6.csv,BEV2,4.605385755848967,50.862389,4.68681,50.857286,4.703909,1.327532838559144,3.4691313254800424,0.0,0.9040480443880607,-0.4274308522300688,0.3879434419284127,0.627346793649864,1.0791880934516205,35.69079665741397,86.2,0.0,0.0,21.5,0.0,0.0,0.0,25.75,0.0,0.0,28.0,0.0,0.0,2.25,0.0,0.0,0.0,0.0,2219.65,0.0,0.0,6.908078633773449,0.0,10,0.0,7383.0,191.2716131703327,193.67078963307776,13.054158933512475,1255.6,23.860500964558607,18.737789057779025,23.306294483561093,27.288983187651603,0,,,25.75,28.25,12.0,0.0,0.0,0.0,0.0,0.0,0.0,0.0,0.0,0.0,1.0,1.0,0.0,0.0,0.0,1717.0,135.12181174623657,0.5911473500291206,1.0,0.0,0.0,0.0
BEV2_2024-09-17_drive1.csv,BEV2,99.33884016464066,50.857289,4.703907,51.552856,4.944247,79.13517319421359,1.255305778137911,0.0,0.211585838528593,0.9773594185017874,0.0210592888930849,0.0835037520957847,0.0348851374850353,52.37445147710228,84.5,0.0,0.0,20.0,0.0,0.0,0.0,16.0,0.0,0.0,18.25,0.0,0.0,2.25,0.0,0.0,0.0,0.0,1352.0,0.0,0.0,0.0,0.0,10,0.0,65224.0,193.4405964026928,193.67078963307776,13.378209511113806,1393.5,23.379812619409908,19.45921255569896,24.54795293751859,28.692531976277007,0,,,16.0,18.25,12.0,0.0,0.0,0.0,0.0,0.0,0.0,0.0,0.0,0.0,1.0,1.0,0.0,0.0,0.0,5794.0,929.0579333105816,0.2404643449419568,0.9366586123576112,0.0,0.0,0.0
BEV2_2024-09-17_drive2.csv,BEV2,103.1533616956742,51.552852,4.944258,50.860679,4.697903999999999,78.85634742568112,1.308117419373146,0.0,-0.2176391701511481,-0.9760292985438088,0.0300814501377359,0.1266502807450248,0.0368532418562491,77.00851235260406,59.20000000000001,0.0,0.0,22.0,0.0,0.0,0.0,25.5,0.0,0.0,27.75,0.0,0.0,2.25,0.0,0.0,0.0,0.0,1509.6000000000004,0.0,0.0,206.3067233913484,0.0,10,0.0,14560.0,192.08962938026912,193.1939593137513,18.26797624828253,1597.7,24.712957836837937,19.53892571853377,24.657257979611074,28.738303099022016,0,,,27.75,32.0,14560.0,0.0,0.0,0.0,0.0,0.0,0.0,0.0,0.0,0.0,1.0,1.0,0.0,0.0,0.0,5920.0,922.3872434472652,0.2087378640776699,0.9395270270270272,0.0,0.0,0.0
BEV2_2024-09-17_drive3.csv,BEV2,4.992161899656711,50.860681,4.697906,50.857747,4.704075,0.5421481483217582,9.208113898590549,0.0,0.7986723900852644,-0.6017660785683183,0.1671630652244274,0.2868840201027388,0.3827981147507776,16.54914345721832,34.1,0.0,0.0,22.5,0.0,0.0,0.0,28.5,0.0,0.0,30.75,0.0,0.0,2.25,0.0,0.0,0.0,0.0,971.85,0.0,0.0,12.480404749141778,0.0,10,0.0,2362.0,187.72907259712045,193.1939593137513,27.841904272167973,2079.4,28.568231560114757,19.476178915758304,24.556651856280777,28.723355268744346,0,,,27.0,31.5,2363.0,0.0,0.0,0.0,0.0,0.0,0.0,0.0,0.0,0.0,1.0,1.0,0.0,0.0,0.0,2007.0,133.35191877872086,0.6606875934230194,1.0,0.0,0.0,0.0
BEV2_2024-09-18_drive1.csv,BEV2,2.1980076393414163,50.857748,4.704073999999999,50.862452,4.686706,1.3265071019149617,1.656988972142212,0.0,-0.918975340324188,0.3943150058976237,0.3701516842960616,0.4657503114674993,1.0675571618882382,15.91652242473065,32.300000000000004,0.0,0.0,15.0,0.0,0.0,0.0,18.25,0.0,0.0,21.25,0.0,0.0,3.0,0.0,0.0,0.0,0.0,589.475,0.0,0.0,-10.99003819670708,0.0,10,0.0,39780.0,186.66656959649103,195.4314890019378,22.674306737431003,1870.4,24.48584239468076,19.593719196064093,24.602205737972845,28.7062909661839,1,139.90845390581194,462.0,18.5,21.25,11.0,0.0,0.0,0.0,0.0,0.0,0.0,0.0,0.0,0.0,0.0,0.0,0.0,0.0,0.0,584.0,107.19897970792611,0.4229452054794521,1.0,0.0,0.0,0.0
BEV2_2024-09-18_drive2.csv,BEV2,2.800838523252919,50.862451,4.686704,50.857144,4.70387,1.3416084446559706,2.087672103145668,0.0,0.8980691314944974,-0.4398543339069414,0.4643890284956713,0.6655782935387617,1.2613564227833585,26.005785595757597,90.5,0.0,0.0,22.5,0.0,0.0,0.0,24.5,0.0,0.0,30.0,0.0,0.0,5.5,0.0,0.0,0.0,0.0,2217.25,0.0,0.0,7.002096308132297,0.0,10,0.0,15521.0,187.61771349656797,206.84974260501303,22.62962557772753,1881.9,23.816571146927195,19.579777716723942,24.113968616316065,28.17940196739402,0,,,24.5,30.0,9.0,0.0,0.0,0.0,0.0,0.0,0.0,0.0,0.0,0.0,1.0,1.0,0.0,0.0,0.0,784.0,90.19765885902896,0.3981841763942931,0.9834183673469388,0.0,0.0,0.0
BEV2_2024-09-18_drive3.csv,BEV2,21.417588971862983,50.857143,4.70387,50.87493,4.710454,2.031083068813869,10.54491039816044,0.0,0.2274942724102803,0.9737794185648602,0.116736800705775,0.2911334924215975,0.4118552755449581,58.25166355218176,89.4,0.0,0.0,26.0,0.0,0.0,0.0,25.75,0.0,0.0,28.0,0.0,0.0,2.25,0.0,,1.0,,2302.05,0.0,0.0,128.5055338311779,0.0,10,0.0,27199.0,187.61771349656797,206.84974260501303,22.62962557772753,1881.9,23.816571146927195,19.579777716723942,24.113968616316065,28.17940196739402,0,,,25.5,31.25,10877.0,0.0,0.0,0.0,0.0,0.0,0.0,0.0,0.0,0.0,1.0,1.0,0.0,0.0,0.0,2509.0,669.3839828924628,0.4189739413680782,0.9788760462335592,0.0,0.0,0.0
BEV2_2024-09-18_drive4.csv,BEV2,2.741453110413772,50.874929,4.710452,50.857479,4.704013,1.9922780190577885,1.3760394303352763,0.0,-0.2268168172286366,-0.9739374371191772,0.2443076201993706,0.340536804829871,0.7427200270405592,13.192611490766012,83.9,0.0,0.0,30.5,0.0,0.0,0.0,31.5,0.0,0.0,33.75,0.0,0.0,2.25,0.0,0.0,0.0,0.0,2642.8500000000004,0.0,0.0,28.785257659344605,0.0,10,0.0,1207.0,188.70312344396143,202.6275161159886,24.665839005288635,2069.1,26.292862203093904,20.346280821373345,24.74802967615196,28.938123757350183,0,,,31.75,33.75,6.0,0.0,0.0,0.0,0.0,0.0,0.0,0.0,0.0,0.0,1.0,1.0,0.0,0.0,0.0,1086.0,141.71266542167226,0.6169429097605893,1.0,0.0,0.0,0.0
BEV2_2024-09-18_drive5.csv,BEV2,1.1458986803329017,50.857475,4.704011,50.864242,4.696102,0.9350601665871088,1.2254812270694149,0.0,-0.5936610857773008,0.8047151764653854,0.2079781963517622,0.3379781724083959,0.7116693831295002,4.575520319738769,83.10000000000001,0.0,0.0,24.25,0.0,0.0,0.0,31.5,0.0,0.0,33.5,0.0,0.0,2.0,0.0,0.0,0.0,0.0,2617.65,0.0,0.0,4.870069391414832,0.0,10,0.0,4481.0,189.71465568448625,207.9914813711415,24.668245953369123,2139.5,24.652413505987163,21.449337229611565,25.72849842615196,29.935240025732536,0,,,30.75,34.75,4481.0,0.0,0.0,0.0,0.0,0.0,0.0,0.0,0.0,0.0,1.0,1.0,0.0,0.0,0.0,449.0,117.41269534269676,0.5256124721603563,1.0,0.0,0.0,0.0
BEV2_2024-09-19_drive1.csv,BEV2,61.44865088518458,50.857166,4.703874,50.994717,5.539028999999999,60.500044170763424,1.0156794383776593,0.0,0.9675164510518892,0.252808063447267,0.0286553240056891,0.1243126085394372,0.0314514422103719,45.59062049305139,77.7,0.0,0.0,14.5,0.0,0.0,0.0,19.0,0.0,0.0,21.75,0.0,0.0,2.75,0.0,0.0,0.0,0.0,1476.3,0.0,0.0,-337.96757986851514,0.0,10,0.0,48867.0,189.3473837023699,207.9914813711415,24.40658705522855,2105.2,23.861266427596185,21.84374117851789,26.34699838705608,30.495683303196,0,,,19.0,21.75,7.0,0.0,0.0,0.0,0.0,0.0,0.0,0.0,0.0,0.0,1.0,1.0,0.0,0.0,0.0,3251.0,1020.427110239772,0.2360601001669449,0.9212549984620116,0.0,0.0,0.0
BEV2_2024-09-19_drive2.csv,BEV2,51.08663114802222,50.994717,5.539028999999999,50.856997,4.704257999999999,60.4788633156936,0.844702237232124,0.0,-0.9674120389292328,-0.2532073200655639,0.0418956964063952,0.1786452310588314,0.0298389255214167,59.910845861145205,99.6,0.0,0.0,22.0,0.0,0.0,0.0,23.5,0.0,0.0,26.25,0.0,0.0,2.75,0.0,0.0,0.0,0.0,2340.6,0.0,0.0,102.17326229604444,0.0,10,0.0,32622.0,196.30149203901308,207.9914813711415,30.3132722267762,2379.8,28.970390633322346,21.39281981704395,25.956645977614823,30.270984574330008,0,,,24.5,27.25,3139.0,0.0,0.0,0.0,0.0,0.0,0.0,0.0,0.0,0.0,1.0,1.0,0.0,0.0,0.0,4689.0,964.9817788323622,0.5027272727272727,0.9383663894220516,0.0,0.0,0.0
BEV2_2024-09-20_drive1.csv,BEV2,2.475367422361961,50.856996,4.704256,50.862396,4.686818,1.3633050241012343,1.815710628656899,0.0,-0.8977822764099013,0.4404395351966664,0.3112790969652111,0.4925354415153414,1.0470567759645202,15.252675751295344,87.2,0.0,0.0,13.5,0.0,0.0,0.0,18.25,0.0,0.0,21.5,0.0,0.0,3.25,0.0,0.0,0.0,0.0,1591.4,0.0,0.0,-16.089888245352746,0.0,10,0.0,44622.0,202.09977018140455,218.6104624847668,35.21285326248257,2802.7,31.26170557350892,21.64006730553132,26.08630811008849,30.44379518813424,1,212.21370786016595,587.0,29.25,33.75,44623.0,0.0,0.0,0.0,0.0,0.0,0.0,0.0,0.0,0.0,0.0,0.0,0.0,0.0,0.0,479.0,189.04050662806563,0.4217118997912317,1.0,0.0,0.0,0.0
BEV2_2024-09-20_drive2.csv,BEV2,9.92743258753529,50.862395,4.686818,50.858013,4.704162999999999,1.3112997377180422,7.570681440698879,0.0,0.9283996926538842,-0.3715831140945095,0.297684269775615,0.4680357397476182,0.9690618837868268,58.941485415571776,86.5,0.0,0.0,18.0,0.0,0.0,0.0,17.25,0.0,0.0,19.25,0.0,0.0,2.0,0.0,0.0,0.0,0.0,1492.125,0.0,0.0,-19.85486517507058,0.0,10,0.0,37230.0,201.12533911693603,209.6655416559916,34.99985142913387,2678.9,32.14989272744295,20.887878484726528,25.304569999268253,29.559336473038258,0,,,17.25,19.25,7.0,0.0,0.0,0.0,0.0,0.0,0.0,0.0,0.0,0.0,1.0,1.0,0.0,0.0,0.0,2474.0,143.15842863975013,0.4868580671249494,0.9995957962813258,0.0,0.0,0.0
BEV2_2024-09-20_drive3.csv,BEV2,7.76333120171213,50.858013,4.704159,50.863375,4.69533,0.859938907333118,9.027770618947956,0.0,-0.7206128682700303,0.6933376479635588,0.2410326373058398,0.4386420331526994,0.6118652155174676,37.36005878240517,84.2,0.0,0.0,21.6,0.0,0.0,0.0,24.5,0.0,0.0,26.5,0.0,0.0,2.0,0.0,0.0,0.0,0.0,2062.9,0.0,0.0,12.42132992273942,0.0,10,0.0,1944.0,205.77929975154956,209.6655416559916,26.058710671423324,2346.8,27.424249794648148,20.85577758521961,24.76953690434385,28.99582753270323,0,,,22.5,28.75,1945.0,0.0,0.0,0.0,0.0,0.0,0.0,0.0,0.0,0.0,1.0,1.0,0.0,0.0,0.0,1826.0,202.41806917820247,0.5208105147864184,1.0,0.0,0.0,0.0
BEV2_2024-09-20_drive4.csv,BEV2,1.2975934475721096,50.863375,4.695323999999999,50.85698,4.704399,0.9546547758134768,1.3592279433855126,0.0,0.6672109879548668,-0.7448687787471634,0.4591412645935486,0.5777238292411511,1.2239419351575864,11.478531614838715,82.4,0.0,0.0,22.0,0.0,0.0,0.0,27.25,0.0,0.0,29.5,0.0,0.0,2.25,0.0,0.0,0.0,1.0,2245.4,0.0,0.0,2.595186895144219,0.0,10,0.0,6602.0,222.2020878526636,209.6655416559916,16.51970762202712,1937.5,22.681576413082027,20.876933344605312,24.55512181851464,28.86188889331673,0,,,26.0,31.5,6602.0,0.0,0.0,0.0,0.0,0.0,0.0,0.0,0.0,0.0,1.0,1.0,0.0,0.0,0.0,398.0,138.89254762788508,0.5113350125944585,0.9974874371859296,0.0,0.0,0.0
BEV2_2024-09-21_drive1.csv,BEV2,32.63551852288699,50.856978,4.704399,50.857699,4.704057,0.083688532159649,389.9640450214806,0.0,-0.2868464650552548,0.9579765683383412,0.0936413624534055,0.2521411593460593,0.205738746531278,70.98015273968139,81.80000000000003,0.0,0.0,24.0,0.0,0.0,0.0,17.5,0.0,0.0,20.0,0.0,0.0,2.5,0.0,0.0,0.0,0.0,1431.5000000000005,0.0,0.0,130.54207409154796,0.0,10,0.0,55603.0,222.3709886263113,209.6655416559916,16.15025077681866,1776.7,22.951934605688628,20.88833881724213,24.489180789398027,28.638331774673517,0,,,26.25,30.25,55564.0,0.0,0.0,0.0,0.0,0.0,0.0,0.0,0.0,0.0,1.0,1.0,0.0,0.0,0.0,2126.0,793.0716512316558,0.2269399707174231,0.9637817497648166,0.0,0.0,0.0
BEV2_2024-09-21_drive2.csv,BEV2,13.491533746491251,50.857699,4.704056,50.913989,4.734979,6.624407439812485,2.03664008729408,0.0,0.3274600456072767,0.9448650266206704,0.0891892409270812,0.2522455992873185,0.2085572826181319,32.01893749282218,73.7,0.0,0.0,26.916666666666668,0.0,0.0,0.0,28.75,0.0,0.0,33.25,0.0,0.0,4.5,0.0,0.0,0.0,0.0,2118.875,0.0,0.0,93.31644174656452,0.0,10,0.0,1049.0,216.7839394922564,206.42385025688657,19.193969918232444,1930.8,27.124773546193037,21.791050160116527,25.22883298985662,29.598476472857595,0,,,29.0,32.5,1050.0,0.0,0.0,0.0,0.0,0.0,0.0,0.0,0.0,0.0,1.0,1.0,0.0,0.0,0.0,1453.0,831.8439419104768,0.4935251798561151,0.956641431520991,0.0,0.0,0.0
BEV2_2024-09-21_drive3.csv,BEV2,17.369756053391793,50.913989,4.734979,50.857283,4.703926,6.671106821036138,2.6037292640284795,0.0,-0.3265362050784119,-0.9451846945295872,0.0966650091322991,0.2311615627188805,0.26911993988842,37.98934858899356,69.7,0.0,0.0,26.5,0.0,0.0,0.0,30.5,0.0,0.0,38.75,0.0,0.0,8.25,0.0,0.0,0.0,0.0,2125.85,0.0,0.0,112.90341434704663,0.0,10,0.0,69.0,218.3181919396856,212.08334134957815,18.40136439569527,1825.3,27.3910395583965,22.010369519632462,25.428137189837987,29.80621958568825,0,,,30.5,39.0,70.0,0.0,0.0,0.0,0.0,0.0,0.0,0.0,0.0,0.0,1.0,1.0,0.0,0.0,0.0,1063.0,726.4057867524682,0.1742940603700097,0.9661335841956726,0.0,0.0,0.0
BEV2_2024-09-21_drive4.csv,BEV2,52.84724305734632,50.857283,4.703925,51.222296,4.41175,45.43848220229016,1.1630503594304202,0.0,-0.4495758949970879,0.8932421366222976,0.0377147027415334,0.1320228989071527,0.0522286983892268,48.31253421190435,65.60000000000001,0.0,0.0,27.0,0.0,0.0,0.0,31.25,0.0,0.0,35.25,0.0,0.0,4.0,0.0,,1.0,,2050.0000000000005,0.0,0.0,369.9307014014242,0.0,10,0.0,278.0,213.88264019136096,206.42385025688657,19.864208711388315,1823.1,32.34994734687614,21.9108131783376,25.45711392855979,29.97651256307658,0,,,31.25,35.25,12.0,0.0,0.0,0.0,0.0,0.0,0.0,0.0,0.0,0.0,1.0,1.0,0.0,0.0,0.0,3953.0,831.9638155502591,0.2705416116248348,0.957500632431065,0.0,0.0,0.0
BEV2_2024-09-21_drive5.csv,BEV2,57.10704275537624,51.222294,4.411754,50.857513,4.703990999999999,45.417367900393,1.257383362255171,0.0,0.4498792384755412,-0.893089396862748,0.0425204765382491,0.1448013334163457,0.0643132024654635,57.65776618586583,53.0,0.0,0.0,26.0,0.0,0.0,0.0,30.25,0.0,0.0,32.5,0.0,0.0,2.25,0.0,0.0,0.0,0.0,1603.25,0.0,0.0,342.6422565322574,0.0,10,0.0,12829.0,205.82192728930283,206.42385025688657,25.034319828645703,2173.4,36.246659992820206,22.032364695404603,25.432489856498265,30.09057958605816,0,,,32.25,34.5,8432.0,0.0,0.0,0.0,0.0,0.0,0.0,0.0,0.0,0.0,1.0,1.0,0.0,0.0,0.0,3635.0,861.2055876706463,0.2283577796951394,0.9565337001375516,0.0,0.0,0.0
BEV2_2024-09-21_drive6.csv,BEV2,1.8271780928690635,50.857514,4.703992,50.869607,4.698735,1.3943798724700158,1.3103875987770717,0.0,-0.2645990419529737,0.9643585158008242,0.21573514559547,0.3646803899091964,0.6256401671042701,7.766465241436921,50.7,0.0,0.0,22.5,0.0,0.0,0.0,24.25,0.0,0.0,28.25,0.0,0.0,4.0,0.0,0.0,0.0,0.0,1229.475,0.0,0.0,4.567945232172659,0.0,10,0.0,3356.0,195.9009276981392,197.27896751125155,24.60015901566487,2211.9,35.0973717001052,22.712097387927116,26.19118327720139,30.7542102689434,0,,,24.25,28.25,1.0,0.0,0.0,0.0,0.0,0.0,0.0,0.0,0.0,0.0,1.0,1.0,0.0,0.0,0.0,407.0,199.02931622175603,0.4914004914004914,1.0,0.0,0.0,0.0
BEV2_2024-09-21_drive7.csv,BEV2,1.9509070540283555,50.869608,4.698727,50.857515,4.704011,1.3948824663193171,1.3986175187764909,0.0,0.2658621912936043,-0.9640110451859788,0.3499894349118707,0.6234511024811396,1.159538320082787,13.649587961562958,50.400000000000006,0.0,0.0,20.0,0.0,0.0,0.0,28.25,0.0,0.0,30.25,0.0,0.0,2.0,0.0,0.0,0.0,0.0,1423.8000000000002,0.0,0.0,0.0,0.0,10,0.0,7491.0,195.9009276981392,197.27896751125155,24.60015901566487,2211.9,35.0973717001052,22.712097387927116,26.19118327720139,30.7542102689434,0,,,24.5,30.5,3020.0,0.0,0.0,0.0,0.0,0.0,0.0,0.0,0.0,0.0,1.0,1.0,0.0,0.0,0.0,606.0,197.38822471265613,0.5973597359735974,1.0,0.0,0.0,0.0
BEV2_2024-09-22_drive1.csv,BEV2,3.070775014329703,50.857519,4.704005,50.862442,4.689573,1.1514097765948652,2.6669697242028763,0.0,-0.8797541973227035,0.4754288088589979,0.3445341652939825,0.5766057818413994,1.0616810881760983,21.016584082932937,97.6,0.0,0.0,19.0,0.0,0.0,0.0,23.75,0.0,0.0,28.75,0.0,0.0,5.0,0.0,0.0,0.0,0.0,2318.0,0.0,0.0,-3.070775014329703,0.0,10,0.0,45260.0,186.7455422191661,197.27896751125155,19.68658660626549,1803.6,32.33198808859892,22.30439338727651,26.211143232660618,30.61384898990672,0,,,23.75,28.75,1.0,0.0,0.0,0.0,0.0,0.0,0.0,0.0,0.0,0.0,1.0,1.0,0.0,0.0,0.0,880.0,150.56061168099097,0.4482366325369738,0.9988636363636364,0.0,0.0,0.0
BEV2_2024-09-22_drive2.csv,BEV2,2.078336651638048,50.862448,4.689576,50.857702,4.704054,1.1450463770150332,1.815067663072272,0.0,0.8874611603003628,-0.4608825110137438,0.3839457788883946,0.4066575735057625,1.0027002976860184,15.74177693442418,94.8,0.0,0.0,24.0,0.0,0.0,0.0,28.0,0.0,0.0,30.25,0.0,0.0,2.25,0.0,0.0,0.0,0.0,2654.4,0.0,0.0,8.313346606552193,0.0,10,0.0,2013.0,186.59476176872963,191.1496476981824,19.746127365462264,1843.6,31.73412247521074,22.87491935146578,26.88687689232766,31.56462562866948,0,,,28.25,30.25,14.0,0.0,0.0,0.0,0.0,0.0,0.0,0.0,0.0,0.0,1.0,1.0,0.0,0.0,0.0,556.0,110.56564814039746,0.4576576576576576,0.9982014388489208,0.0,0.0,0.0
BEV2_2024-09-22_drive3.csv,BEV2,4.530004861581923,50.857699,4.704054,50.856997,4.70434,0.0805990337353805,56.20420806103768,0.0,0.2490723143863525,-0.9684848900247364,0.3054028948982845,0.4256225770943492,1.0003153792417725,27.486260540845603,94.2,0.0,0.0,22.5,0.0,0.0,0.0,26.75,0.0,0.0,29.0,0.0,0.0,2.25,0.0,0.0,0.0,0.0,2519.85,0.0,0.0,11.325012153954807,0.0,10,0.0,6095.0,186.0919786212532,191.1496476981824,18.9612511303966,1651.9,31.62939398216303,22.94953561033308,27.72397153716019,32.25530854399872,0,,,26.75,29.0,8.0,0.0,0.0,0.0,0.0,0.0,0.0,0.0,0.0,0.0,1.0,1.0,0.0,0.0,0.0,1137.0,124.43906892636198,0.4911971830985915,0.9991204925241864,0.0,0.0,0.0
BEV2_2024-09-23_drive1.csv,BEV2,2.478509439244008,50.856996,4.704327,50.862421,4.686774,1.371776137044367,1.80678856579632,0.0,-0.898122097646655,0.4397461741945828,0.2932735281330026,0.4577696571741802,0.8890815706835937,14.37040287851713,93.0,0.0,0.0,16.0,0.0,0.0,0.0,17.5,0.0,0.0,20.0,0.0,0.0,2.5,0.0,0.0,0.0,0.0,1627.5,0.0,0.0,-9.914037756976033,0.0,10,0.0,64215.0,186.3811462614102,191.1496476981824,18.637929615891643,1583.0,31.53190925326616,22.98608105747703,27.87957073738765,32.29935633343357,0,,,17.5,20.0,10.0,0.0,0.0,0.0,0.0,0.0,0.0,0.0,0.0,0.0,1.0,1.0,0.0,0.0,0.0,609.0,87.44944848658642,0.3152709359605911,1.0,0.0,0.0,0.0
BEV2_2024-09-23_drive2.csv,BEV2,2.857441672078634,50.86242,4.686772,50.856932,4.703579,1.3281546493039178,2.1514374651899244,0.0,0.8881966460740907,-0.4594635109589624,0.423185024210516,0.5438581364356282,1.1890683503287536,24.121546379999412,92.4,0.0,0.0,17.5,0.0,0.0,0.0,17.75,0.0,0.0,20.0,0.0,0.0,2.25,0.0,0.0,0.0,0.0,1640.1,0.0,0.0,-7.1436041801965855,0.0,10,0.0,9259.0,185.56055833524712,191.1496476981824,18.756021215058837,1604.1,31.82493418391411,22.352838278711804,26.96900929279256,31.38865879039566,0,,,17.75,20.0,7.0,0.0,0.0,0.0,0.0,0.0,0.0,0.0,0.0,0.0,1.0,1.0,0.0,0.0,0.0,924.0,126.83331943835874,0.5573593073593074,1.0,0.0,0.0,0.0
BEV2_2024-09-23_drive3.csv,BEV2,4.287640722107736,50.856934,4.703583,50.88201,4.715088,2.9028588251824345,1.477040731334316,0.0,0.2781230806067125,0.9605454450643302,0.2100225238374073,0.3559925325984344,0.8383795384345021,18.27195957385444,91.4,0.0,0.0,18.0,0.0,0.0,0.0,19.75,0.0,0.0,22.0,0.0,0.0,2.25,0.0,0.0,0.0,0.0,1805.15,0.0,0.0,-8.575281444215472,0.0,10,0.0,2226.0,186.68647065519647,196.54587084198943,15.778213529978,1484.0,27.413573903504425,21.67114734400067,26.26360425587977,30.51795367343101,0,,,18.5,23.5,2227.0,0.0,0.0,0.0,0.0,0.0,0.0,0.0,0.0,0.0,1.0,1.0,0.0,0.0,0.0,900.0,204.2185501655999,0.3669724770642202,0.9688888888888888,0.0,0.0,0.0
BEV2_2024-09-24_drive1.csv,BEV2,4.215932718539399,50.88201,4.715085,50.85821,4.704234,2.7538087805448748,1.530946065799538,0.0,-0.2765071478448563,-0.9610118611082292,0.3399320644331404,0.5273671393781452,0.9517936986608876,28.5542934123838,90.4,0.0,0.0,18.5,0.0,0.0,0.0,18.25,0.0,0.0,20.25,0.0,0.0,2.0,0.0,0.0,0.0,0.0,1649.8000000000002,0.0,0.0,-6.323899077809099,0.0,10,0.0,132490.0,186.68647065519647,196.54587084198943,15.778213529978,1484.0,27.413573903504425,21.67114734400067,26.26360425587977,30.51795367343101,0,,,20.5,26.75,129320.0,0.0,0.0,0.0,0.0,0.0,0.0,0.0,0.0,0.0,1.0,1.0,0.0,0.0,0.0,653.0,181.12599680710807,0.2557427258805513,1.0,0.0,0.0,0.0
BEV2_2024-09-25_drive1.csv,BEV2,3.321624388966219,50.858204,4.704238,50.861933,4.695812999999999,0.7222251447535696,4.599153620024667,0.0,-0.8187686887087289,0.5741235358267319,0.2623878074495662,0.344576672769599,0.8599689604435957,17.31759529167137,89.10000000000001,0.0,0.0,14.0,0.0,0.0,0.0,15.75,0.0,0.0,18.25,0.0,0.0,2.5,0.0,0.0,0.0,0.0,1403.325,0.0,0.0,-19.929746333797315,0.0,10,0.0,32451.0,185.08123481577417,196.54587084198943,14.850653427182811,1404.1,26.3890840749062,20.75048512593905,25.059328947963724,29.104223820537708,0,,,18.5,22.75,32451.0,0.0,0.0,0.0,0.0,0.0,0.0,0.0,0.0,0.0,1.0,1.0,0.0,0.0,0.0,1014.0,256.49542733121024,0.6357354392892399,0.9990138067061144,0.0,0.0,0.0
BEV2_2024-09-25_drive2.csv,BEV2,0.903978982044745,50.861932,4.695814,50.857849,4.704107,0.7381959674363424,1.2245785969058396,0.0,0.7885070412948142,-0.6150257277777069,0.3123869254330006,0.4695378838162967,1.0408477145005903,5.622964657794011,88.2,0.0,0.0,14.5,0.0,0.0,0.0,15.75,0.0,0.0,19.0,0.0,0.0,3.25,0.0,0.0,0.0,0.0,1389.15,0.0,0.0,-4.971884401246098,0.0,10,0.0,217.0,187.2080756283967,213.4119817762152,13.445826239345012,1399.2,21.698874074656796,19.653900873044115,23.47370235687972,27.23607177210955,0,,,15.75,19.0,217.0,0.0,0.0,0.0,0.0,0.0,0.0,0.0,0.0,0.0,1.0,1.0,0.0,0.0,0.0,247.0,159.00177730698266,0.4756097560975609,0.9959514170040484,0.0,0.0,0.0
BEV2_2024-09-25_drive3.csv,BEV2,2.098983547132541,50.857849,4.704107,50.862429,4.686791,1.3177630819254165,1.592838330290498,0.0,-0.922302751731136,0.3864681541203291,0.277893274932534,0.415797411596637,0.7927211530947131,11.393624272233897,87.7,0.0,0.0,18.0,0.0,0.0,0.0,16.5,0.0,0.0,18.5,0.0,0.0,2.0,0.0,0.0,0.0,0.0,1447.05,0.0,0.0,-4.197967094265082,0.0,10,0.0,20675.0,197.3230641596608,227.25543047949247,8.251513868887919,1028.8,18.189220838797837,18.51172711044596,21.99012243781042,25.62592686775769,1,199.6200562481612,612.0,16.5,18.5,7.0,0.0,0.0,0.0,0.0,0.0,0.0,0.0,0.0,0.0,0.0,0.0,0.0,0.0,0.0,442.0,140.64226276415826,0.3800904977375565,1.0,0.0,0.0,0.0
BEV2_2024-09-25_drive4.csv,BEV2,2.8864539540365115,50.862428,4.686788,50.856909,4.703509,1.324390101204507,2.179459021485692,0.0,0.8861637211385857,-0.4633722686326998,0.4570412993404744,0.5784874475044578,1.3318843802024094,26.051354062407043,87.4,0.0,0.0,18.0,0.0,0.0,0.0,18.0,0.0,0.0,20.0,0.0,0.0,2.0,0.0,,1.0,,1573.2,0.0,0.0,-5.772907908073023,0.0,10,0.0,17464.0,218.64600440189503,227.25543047949247,2.750707948063549,709.5,14.236220685977282,18.07368358420655,20.77387109017668,24.40018991347191,1,285.0449245822979,927.0,18.0,20.0,5.0,0.0,0.0,0.0,0.0,0.0,0.0,0.0,0.0,0.0,0.0,0.0,0.0,0.0,0.0,856.0,108.1524220677223,0.4748538011695906,0.9988317757009346,0.0,0.0,0.0
BEV2_2024-09-26_drive1.csv,BEV2,2.270270092496706,50.856908,4.703509,50.862411,4.686791,1.3233801368199047,1.7155086655238658,0.0,-0.8866810735973262,0.4623815239867323,0.3735833463658755,0.5153618995184898,1.1046779244754534,16.811250586464396,86.5,0.0,0.0,15.0,0.0,0.0,0.0,15.25,0.0,0.0,17.5,0.0,0.0,2.25,0.0,0.0,0.0,0.0,1319.125,0.0,0.0,-11.351350462483529,0.0,10,0.0,40883.0,221.2352131518247,227.25543047949247,2.844262638064365,734.4,14.293591097508257,17.788697117822057,19.810691518512755,23.44412891566145,2,157.1041865033462,528.5,15.25,17.5,9.0,0.0,0.0,0.0,0.0,0.0,0.0,0.0,0.0,0.0,0.0,0.0,0.0,0.0,0.0,592.0,112.85471319112617,0.4239864864864865,1.0,0.0,0.0,0.0
BEV2_2024-09-26_drive2.csv,BEV2,1.7167707151773628,50.862408,4.686789999999999,50.861242,4.684224,0.2219112698430756,7.736293503215838,0.0,-0.811567888441951,-0.5842581299818367,0.5229946776060844,0.6102576389947878,1.2976468325004054,17.78181903860687,86.10000000000001,0.0,0.0,17.5,0.0,0.0,0.0,16.5,0.0,0.0,18.5,0.0,0.0,2.0,0.0,0.0,0.0,0.0,1420.65,0.0,0.0,-4.291926787943407,0.0,10,0.0,39650.0,223.5237683499161,227.25543047949247,2.764212145881065,705.7,14.414712132817822,17.37483090467013,18.876008995209347,22.168648467976126,0,,,16.5,18.5,7.0,0.0,0.0,0.0,0.0,0.0,0.0,0.0,0.0,0.0,1.0,1.0,0.0,0.0,0.0,532.0,148.3620294335337,0.4971751412429379,0.9981203007518796,0.0,0.0,0.0
BEV2_2024-09-26_drive3.csv,BEV2,2.989050159062878,50.861242,4.684222999999999,50.857001,4.704298,1.4858752650660825,2.011642719505089,0.0,0.9483004149698004,-0.3173741056987861,0.402648048302777,0.5345426359932489,1.3693043309596389,23.756234849863844,85.5,0.0,0.0,14.5,0.0,0.0,0.0,16.5,0.0,0.0,20.0,0.0,0.0,3.5,0.0,0.0,0.0,0.0,1410.75,0.0,0.0,-16.43977587484583,0.0,10,0.0,74.0,227.0736409939589,227.25543047949247,2.728044432726929,703.3,14.231393472644442,16.776412763815657,17.757651724114194,20.995201362907093,0,,,16.5,20.0,75.0,0.0,0.0,0.0,0.0,0.0,0.0,0.0,0.0,0.0,1.0,1.0,0.0,0.0,0.0,629.0,131.330697809617,0.2977707006369426,0.9984101748807632,0.0,0.0,0.0
BEV2_2024-09-27_drive1.csv,BEV2,61.6944225712266,50.856996,4.704301,50.964997,5.495937,56.78682791315983,1.0864213557688345,0.0,0.9773829458809908,0.2114771313901253,0.0239533073341957,0.1040206385835561,0.0282657803492762,37.96599212470026,85.2,0.0,0.0,12.0,0.0,0.0,0.0,12.75,0.0,0.0,15.5,0.0,0.0,2.75,0.0,0.0,0.0,0.0,1086.3,0.0,0.0,-493.5553805698128,0.0,10,0.0,44771.0,238.79868060048216,246.84678484476,2.573937842966957,652.4,14.506152309700536,15.983466723533429,16.787969731819675,20.04473566677695,0,,,12.75,15.5,7.0,0.0,0.0,0.0,0.0,0.0,0.0,0.0,0.0,0.0,1.0,1.0,0.0,0.0,0.0,3222.0,997.8908646205429,0.2035040431266846,0.9211669770328988,0.0,0.0,0.0
BEV2_2024-09-27_drive2.csv,BEV2,58.80652931012192,50.964999,5.495965,50.861918,4.686027999999999,57.92787040951882,1.015168154713637,0.0,-0.9802287975816056,-0.1978673909256393,0.0358850732668778,0.1819599202265067,0.0341214759514133,54.33000092605299,68.60000000000001,0.0,0.0,17.5,0.0,0.0,0.0,19.75,0.0,0.0,22.25,0.0,0.0,2.5,0.0,0.0,0.0,0.0,1354.85,0.0,0.0,-147.0163232753048,0.0,10,0.0,11378.0,222.30517747914408,246.84678484476,8.495542305832204,913.6,19.93717563794276,15.667588791897174,16.592863510040395,19.980555160939584,0,,,19.75,22.25,7.0,0.0,0.0,0.0,0.0,0.0,0.0,0.0,0.0,0.0,1.0,1.0,0.0,0.0,0.0,3035.0,1056.2266215187844,0.1950519899605593,0.9189456342668864,0.0,0.0,0.0
BEV2_2024-09-27_drive3.csv,BEV2,2.536067880290246,50.861912,4.686022,50.857712,4.704005,1.3458298317411628,1.8843897055017849,0.0,0.9378606246371488,-0.3470121737853257,0.3649514839303384,0.4804314211811704,1.1110084202328323,18.24757419651692,99.4,0.0,0.0,20.1,0.0,0.0,0.0,21.75,0.0,0.0,26.5,0.0,0.0,4.75,0.0,0.0,0.0,0.0,2161.9500000000003,0.0,0.0,0.2536067880290282,0.0,10,0.0,20209.0,229.17601588532548,234.56184698291904,14.090451069636533,1124.7,25.796005203984304,15.566384448363118,17.083542442842152,20.60253681958209,0,,,21.75,26.5,1.0,0.0,0.0,0.0,0.0,0.0,0.0,0.0,0.0,0.0,1.0,1.0,0.0,0.0,0.0,546.0,165.51930434924498,0.4139194139194139,1.0,0.0,0.0,0.0
BEV2_2024-09-27_drive4.csv,BEV2,61.62254111811343,50.857711,4.704012,51.113775,5.023554,36.20797698723499,1.701905111678519,0.0,0.6177511799793234,0.7863736259782328,0.0302413873615204,0.1535248855359675,0.0296704140905984,46.239081275764775,96.9,0.0,0.0,12.5,0.0,0.0,0.0,23.75,0.0,0.0,26.0,0.0,0.0,2.25,0.0,0.0,0.0,0.0,2301.375,0.0,0.0,-462.1690583858508,0.0,10,0.0,1146.0,229.95658104405916,254.1016781729632,13.922464585811614,1113.8,25.151459343176366,15.32705696444484,17.42206169397047,21.100284145040384,0,,,21.5,26.0,1146.0,0.0,0.0,0.0,0.0,0.0,0.0,0.0,0.0,0.0,1.0,1.0,0.0,0.0,0.0,3155.0,1001.460743199095,0.2003407155025553,0.93026941362916,0.0,0.0,0.0
BEV2_2024-09-27_drive5.csv,BEV2,53.12030312451292,51.113776,5.023558,50.856943,4.703588,36.29385208783887,1.4636171160876077,0.0,-0.6171200776875504,-0.786868991455955,0.0328498189211705,0.1568951012762936,0.0288821558031544,45.66124830042699,81.80000000000001,0.0,0.0,11.0,0.0,0.0,0.0,20.75,0.0,0.0,23.75,0.0,0.0,3.0,0.0,0.0,0.0,0.0,1697.35,0.0,0.0,-478.0827281206163,0.0,10,0.0,14265.0,225.81016018993373,254.1016781729632,19.752563277898226,1327.9,31.000406630497697,15.118510451876825,18.242824545382103,22.13647505249825,0,,,24.5,31.5,14250.0,0.0,0.0,0.0,0.0,0.0,0.0,0.0,0.0,0.0,1.0,1.0,0.0,0.0,0.0,3113.0,994.4345012887002,0.2582322357019064,0.9267587536138772,0.0,0.0,0.0
BEV2_2024-09-28_drive1.csv,BEV2,24.365504902442588,50.856941,4.703585,50.845088,4.375393,23.077316799975076,1.0558205320676148,0.0,-0.9983677715157564,-0.0571121072861307,0.0501220625459221,0.1832360301472259,0.0493471214255021,30.123359590099227,64.5,0.0,0.0,10.5,0.0,0.0,0.0,12.75,0.0,0.0,15.75,0.0,0.0,3.0,0.0,0.0,0.0,0.0,822.375,0.0,0.0,-231.47229657320457,0.0,10,0.0,36947.0,230.34706622205707,245.5931240298804,24.97418165507198,1614.5,35.83560862797761,14.794745249612417,18.644711186358343,22.66673375590532,0,,,20.25,26.5,36914.0,0.0,0.0,0.0,0.0,0.0,0.0,0.0,0.0,0.0,1.0,1.0,0.0,0.0,0.0,2001.0,813.3096531936573,0.3171875,0.95952023988006,0.0,0.0,0.0
BEV2_2024-09-28_drive2.csv,BEV2,22.51407440191301,50.845078,4.375397,50.857596,4.704014,23.11128022110032,0.9741595526741066,0.0,0.9981846653882014,0.0602276828696278,0.0531304767862808,0.1932848817003392,0.0444379646054769,30.550024152111508,55.2,0.0,0.0,12.5,0.0,0.0,0.0,16.25,0.0,0.0,18.25,0.0,0.0,2.0,0.0,0.0,0.0,0.0,897.0,0.0,0.0,-168.85555801434757,0.0,10,0.0,5115.0,231.52729146232844,245.5931240298804,27.200833790602985,1770.4,38.5145913312542,14.183379471233252,18.339776931424087,22.330526832198395,0,,,15.0,19.75,5116.0,0.0,0.0,0.0,0.0,0.0,0.0,0.0,0.0,0.0,1.0,1.0,0.0,0.0,0.0,1573.0,887.9183843346035,0.2879298718813216,0.9427844882390336,0.0,0.0,0.0
BEV2_2024-09-28_drive4.csv,BEV2,7.486388629242761,51.222319,4.411576999999999,51.253214,4.446069,4.191404261011928,1.7861289828042803,0.0,0.5729030549779998,0.8196231387637094,0.1444381283297376,0.3151218259701586,0.3445951193749154,21.66571924946065,55.3,0.0,0.0,23.0,0.0,0.0,0.0,24.5,0.0,0.0,28.0,0.0,0.0,3.5,0.0,0.0,0.0,0.0,1354.85,0.0,0.0,22.45916588772828,0.0,10,0.0,16290.0,229.2283206538417,237.35254227560077,29.163640048236903,1842.3,42.44498845244589,13.873002708385023,18.219919788566944,22.31083136443525,0,,,25.75,28.25,1205.0,0.0,0.0,0.0,0.0,0.0,0.0,0.0,0.0,0.0,1.0,1.0,0.0,0.0,0.0,1261.0,313.93825011095936,0.442063492063492,0.999206978588422,0.0,0.0,0.0
BEV2_2024-09-28_drive5.csv,BEV2,56.87995879557788,51.253214,4.446068,50.869881,4.699269999999999,46.15160800244473,1.2324588732111963,0.0,0.3834071728271236,-0.9235794171725094,0.0377196374828218,0.1130750448895004,0.065729709282919,51.449585526569,53.6,0.0,0.0,14.0,0.0,0.0,0.0,24.0,0.0,0.0,29.0,0.0,0.0,5.0,0.0,0.0,0.0,1.0,1286.4,0.0,0.0,-341.2797527734673,0.0,10,0.0,407.0,227.72782937188063,237.35254227560077,29.68525190191152,1909.3,43.20126647740483,14.253026423800042,19.185055095679274,23.403807013690617,0,,,24.5,29.25,408.0,0.0,0.0,0.0,0.0,0.0,0.0,0.0,0.0,0.0,1.0,1.0,0.0,0.0,0.0,3551.0,901.7319846471856,0.2745562130177514,0.951844550830752,0.0,0.0,0.0
BEV2_2024-09-28_drive6.csv,BEV2,2.710947247683757,50.869885,4.699269,50.857151,4.703844,1.4519071685803868,1.8671629332434567,0.0,0.2211485216033475,-0.975240140371926,0.2556774627059502,0.4395012669851783,0.7734759296681771,13.806582986121311,40.400000000000006,0.0,0.0,19.25,0.0,0.0,0.0,23.5,0.0,0.0,29.75,0.0,0.0,6.25,0.0,0.0,0.0,0.0,949.4,0.0,0.0,-2.033210435762818,0.0,10,0.0,1545.0,219.8630441544261,224.7027883731219,35.20154847093557,2211.1,47.80914478629924,14.088634647257615,19.991894386419496,24.54862023867449,0,,,25.0,30.75,1525.0,0.0,0.0,0.0,0.0,0.0,0.0,0.0,0.0,0.0,1.0,1.0,0.0,0.0,0.0,640.0,135.53213621279644,0.4166666666666667,0.95625,0.0,0.0,0.0
BEV2_2024-09-29_drive1.csv,BEV2,26.92402242659616,50.857149,4.703842,50.902593,4.330708,26.661674763838818,1.0098398793429573,0.0,-0.981875248167706,0.1895283541732104,0.047446676729401,0.1585364217585681,0.0767608393467591,32.97544032693372,39.6,0.0,0.0,4.0,0.0,0.0,0.0,13.0,0.0,0.0,16.25,0.0,0.0,3.25,0.0,0.0,0.0,0.0,514.8000000000001,0.0,0.0,-430.78435882553856,0.0,10,0.0,40873.0,219.8630441544261,224.7027883731219,35.20154847093557,2211.1,47.80914478629924,14.088634647257615,19.991894386419496,24.54862023867449,0,,,23.25,29.0,38687.0,0.0,0.0,0.0,0.0,0.0,0.0,0.0,0.0,0.0,1.0,1.0,0.0,0.0,0.0,1864.0,982.9475337680954,0.3447874199184624,0.921137339055794,0.0,0.0,0.0
BEV2_2024-09-29_drive2.csv,BEV2,36.12861622553554,50.902594,4.330709,50.889129,4.686999999999999,25.033003775090226,1.4432393551382876,0.0,0.9982097404114184,-0.0598106524606495,0.071456113740587,0.2080402552459708,0.1305936751032742,58.59401326728134,28.4,0.0,0.0,13.5,0.0,0.0,0.0,11.25,0.0,0.0,13.5,0.0,0.0,2.25,0.0,,1.0,,319.5,0.0,0.0,-234.836005465981,0.0,10,0.0,65878.0,219.8630441544261,224.7027883731219,35.20154847093557,2211.1,47.80914478629924,14.088634647257615,19.991894386419496,24.54862023867449,0,,,11.75,16.0,23008.0,0.0,0.0,0.0,0.0,0.0,0.0,0.0,0.0,0.0,1.0,1.0,0.0,0.0,0.0,3132.0,751.5665954868884,0.3497713912475506,0.9776500638569604,0.0,0.0,0.0
BEV2_2024-09-29_drive3.csv,BEV2,4.234501549719883,50.889126,4.687036,50.861934,4.686012,3.02447015724944,1.400080453619317,0.0,-0.0237558475839885,-0.99971779003155,0.193989924603195,0.4130464372612025,0.4867662545731256,16.29515366666838,90.9,0.0,0.0,19.0,0.0,0.0,0.0,46.5,0.0,0.0,54.25,0.0,0.0,7.75,0.0,0.0,0.0,0.0,4226.85,0.0,0.0,-4.234501549719883,0.0,10,0.0,3691.0,214.85651308468272,215.5149307360696,38.51550507758284,2461.3,50.25521201723782,14.078582821831304,19.78534264710161,24.420461330476723,0,,,46.5,54.25,13.0,0.0,0.0,0.0,0.0,0.0,0.0,0.0,0.0,0.0,1.0,1.0,0.0,0.0,0.0,549.0,269.13264336810016,0.3083941605839416,0.9981785063752276,0.0,0.0,0.0
BEV2_2024-09-29_drive4.csv,BEV2,2.7802772508167384,50.861943,4.686008999999999,50.856909,4.705045999999999,1.4487001579923244,1.919152997587696,0.0,0.9223375848758456,-0.3863850146232282,0.4082331483846935,0.5751942225026669,1.119943350592458,22.452823161158143,89.9,0.0,0.0,18.5,0.0,0.0,0.0,35.0,0.0,0.0,38.25,0.0,0.0,3.25,0.0,0.0,0.0,0.0,3146.5,0.0,0.0,-4.170415876225108,0.0,10,0.0,8995.0,213.8967542532507,212.1085613853124,32.76951297285076,2193.9,46.138001755314455,14.426952500639391,22.524419062621583,27.682606068802915,1,268.9202466948418,547.0,39.0,49.25,8971.0,0.0,0.0,0.0,0.0,0.0,0.0,0.0,0.0,0.0,0.0,0.0,0.0,0.0,0.0,494.0,137.95886982886563,0.2307692307692307,1.0,0.0,0.0,0.0
BEV2_2024-09-29_drive5.csv,BEV2,7.842799654164258,50.85691,4.705049,50.856955,4.703636,0.0993086951023607,78.97394730723654,0.0,-0.9987298133866468,0.0503861077349077,0.3779381338204429,0.5865594873699632,1.065968002920956,58.95834887598909,88.60000000000001,0.0,0.0,11.5,0.0,0.0,0.0,25.0,0.0,0.0,28.5,0.0,0.0,3.5,0.0,0.0,0.0,0.0,2215.0,0.0,0.0,-66.66379706039619,0.0,10,0.0,12449.0,208.3085645494418,212.1085613853124,27.166887766920247,1939.8,41.18336902112541,14.443859655418429,23.479412699567,28.6293733748509,0,,,30.5,36.75,12406.0,0.0,0.0,0.0,0.0,0.0,0.0,0.0,0.0,0.0,1.0,1.0,0.0,0.0,0.0,2337.0,196.7262467877241,0.5915615484993475,0.983739837398374,0.0,0.0,0.0
BEV2_2024-09-30_drive1.csv,BEV2,2.253714036992406,50.856957,4.703638,50.862415,4.686795,1.3288724112687995,1.6959596857312833,0.0,-0.8896181731390761,0.4567050536404132,0.3739595618268549,0.4722822149956264,1.1980583843055743,16.82818028220847,86.30000000000001,0.0,0.0,11.0,0.0,0.0,0.0,13.0,0.0,0.0,16.25,0.0,0.0,3.25,0.0,,1.0,,1121.9,0.0,0.0,-20.28342633293165,0.0,10,0.0,49065.0,208.3085645494418,212.1085613853124,27.166887766920247,1939.8,41.18336902112541,14.443859655418429,23.479412699567,28.6293733748509,0,,,20.0,25.0,34279.0,0.0,0.0,0.0,0.0,0.0,0.0,0.0,0.0,0.0,1.0,1.0,0.0,0.0,0.0,485.0,149.87286853764894,0.3835051546391753,1.0,0.0,0.0,0.0
BEV2_2024-09-30_drive2.csv,BEV2,2.787008718600977,50.862414,4.686793,50.857603,4.704028,1.3227028728423582,2.107055768777435,0.0,0.9145626683822468,-0.4044442181581344,0.4367562518723461,0.5507646072100479,1.255875712589947,24.02159385297904,85.80000000000001,0.0,0.0,15.0,0.0,0.0,0.0,13.0,0.0,0.0,15.5,0.0,0.0,2.5,0.0,,1.0,,1115.4,0.0,0.0,-13.935043593004885,0.0,10,0.0,13549.0,207.55319585520496,196.62710878524524,27.138652382590465,1933.8,41.18028311064133,14.090264764907475,22.541786985752346,27.59933910800038,0,,,12.5,15.5,13549.0,0.0,0.0,0.0,0.0,0.0,0.0,0.0,0.0,0.0,1.0,1.0,0.0,0.0,0.0,606.0,159.07589640877612,0.3791390728476821,0.9966996699669968,0.0,0.0,0.0
BEV2_2024-09-30_drive3.csv,BEV2,1.197607317175625,50.857603,4.704028999999999,50.864485,4.696107,0.9459156381586292,1.2660825858709264,0.0,-0.5878104030237864,0.8089987207017164,0.2120466252514695,0.2995489700017882,0.8214061271526424,4.877072380783798,84.80000000000001,0.0,0.0,14.0,0.0,0.0,0.0,13.5,0.0,0.0,17.25,0.0,0.0,3.75,0.0,0.0,0.0,0.0,1144.8000000000002,0.0,0.0,-7.18564390305375,0.0,10,0.0,140.0,205.90364100323487,196.62710878524524,21.255092123467325,1678.7,35.808460730502986,14.31172688858086,21.499845500729315,26.33696043904984,0,,,13.5,17.0,141.0,0.0,0.0,0.0,0.0,0.0,0.0,0.0,0.0,0.0,1.0,1.0,0.0,0.0,0.0,278.0,109.19355445683992,0.4388489208633093,1.0,0.0,0.0,0.0
BEV2_2024-09-30_drive4.csv,BEV2,3.6020454092522485,50.864479,4.696111,50.862407,4.686794,0.6932980622502243,5.195522107131179,0.0,-0.9431670045913528,-0.3323191259169037,0.313802637796122,0.4458264420324799,1.18123794119447,22.593789921320784,84.7,0.0,0.0,14.5,0.0,0.0,0.0,15.0,0.0,0.0,17.0,0.0,0.0,2.0,0.0,0.0,0.0,0.0,1270.5,0.0,0.0,-19.811249750887367,0.0,10,0.0,3096.0,190.5945918834177,183.24942453827884,16.0628225427336,1395.2,31.20562805429068,14.586766991243676,20.89376243118165,25.65388905635417,0,,,13.75,18.0,3096.0,0.0,0.0,0.0,0.0,0.0,0.0,0.0,0.0,0.0,1.0,1.0,0.0,0.0,0.0,652.0,127.92230810468055,0.3067484662576687,1.0,0.0,0.0,0.0
BEV2_2024-09-30_drive5.csv,BEV2,2.8106160436708008,50.862396,4.686778,50.857291,4.703905,1.32940461483503,2.1141915804313487,0.0,0.9042533604548992,-0.4269963232933303,0.4665099186260762,0.6355623311108136,1.2740562002367124,26.12455544306027,83.60000000000001,0.0,0.0,16.5,0.0,0.0,0.0,16.5,0.0,0.0,18.75,0.0,0.0,2.25,0.0,0.0,0.0,0.0,1379.4,0.0,0.0,-9.837156152847802,0.0,10,0.0,19441.0,183.1985623897034,183.24942453827884,13.98647659341456,1260.3,28.80834139406531,14.817325594734948,21.035916792899563,25.751273773474725,1,279.95086779254865,607.0,16.5,18.75,10.0,0.0,0.0,0.0,0.0,0.0,0.0,0.0,0.0,0.0,0.0,0.0,0.0,0.0,0.0,700.0,139.12969164739906,0.4214285714285714,1.0,0.0,0.0,0.0
BEV2_2024-09-30_drive6.csv,BEV2,108.5698404413487,50.857289,4.703911,51.279751,3.052044,124.61204692976156,0.8712627961447809,0.0,-0.9262276340753542,0.376964679877534,0.0198761581592535,0.0818915403082178,0.0291868033463989,55.95138521829864,82.80000000000001,0.0,0.0,15.0,0.0,0.0,0.0,17.0,0.0,0.0,19.25,0.0,0.0,2.25,0.0,0.0,0.0,0.0,1407.6,0.0,0.0,-542.8492022067435,0.0,10,0.0,6961.0,180.7994289974595,183.24942453827884,12.016093563210749,1172.9,25.10680907971425,15.065271060809772,21.007981912964684,25.610036899237848,0,,,16.75,21.0,6961.0,0.0,0.0,0.0,0.0,0.0,0.0,0.0,0.0,0.0,1.0,1.0,0.0,0.0,0.0,5190.0,1041.3031849662648,0.198350602664411,0.911175337186898,0.0,0.0,0.0
BEV2_2024-10-01_drive1.csv,BEV2,10.825585170582652,51.279755,3.052052,51.217589,2.994722,7.981576688456218,1.3563216383349086,0.0,-0.4999338810691188,-0.8660635742017835,0.1819923896602825,0.3698765935910693,0.4514348082094048,39.492348556281314,48.900000000000006,0.0,0.0,13.5,0.0,0.0,0.0,14.75,0.0,0.0,17.5,0.0,0.0,2.75,0.0,0.0,0.0,0.0,721.2750000000001,0.0,0.0,-70.36630360878723,0.0,10,0.0,39135.0,211.3442837522576,187.5282000193493,22.124438744421344,1565.7,30.50256482488163,14.656157224077598,20.691598233085973,25.409115671744576,0,,,15.0,17.75,29.0,0.0,0.0,0.0,0.0,0.0,0.0,0.0,0.0,0.0,1.0,1.0,0.0,0.0,0.0,1201.0,417.83948718759547,0.2872062663185378,0.9567027477102414,0.0,0.0,0.0
BEV2_2024-10-01_drive2.csv,BEV2,110.30437233218515,51.217587,2.994722,50.8891,4.686986999999999,123.79188618073891,0.8910468669258201,0.0,0.9554809319198084,-0.2950528575317558,0.0219538955069864,0.1041509442968118,0.0319475687403354,60.83424444985954,45.8,0.0,0.0,15.0,0.0,0.0,0.0,14.25,0.0,0.0,16.5,0.0,0.0,2.25,0.0,0.0,0.0,0.0,652.65,0.0,0.0,-551.5218616609258,0.0,10,0.0,68758.0,211.3442837522576,187.5282000193493,22.124438744421344,1565.7,30.50256482488163,14.656157224077598,20.691598233085973,25.409115671744576,0,,,16.0,20.0,28386.0,0.0,0.0,0.0,0.0,0.0,0.0,0.0,0.0,0.0,1.0,1.0,0.0,0.0,0.0,5821.0,969.1415733866404,0.1929564411492122,0.926816698161828,0.0,0.0,0.0
BEV2_2024-10-01_drive3.csv,BEV2,4.78361713582416,50.889111,4.686985,50.857163,4.703876999999999,3.744980422361968,1.2773410262067864,0.0,0.3164999853379042,-0.9485925148772292,0.2064450052635975,0.3645605465330608,0.5393941470488749,19.61227550004176,90.8,0.0,0.0,15.5,0.0,0.0,0.0,47.5,0.0,0.0,55.5,0.0,0.0,8.0,0.0,0.0,0.0,0.0,4313.0,0.0,0.0,-21.52627711120872,0.0,10,0.0,2950.0,205.29039013911813,187.5282000193493,27.466880098082072,1792.7,31.55876236227592,14.821424902463503,20.365740563781685,25.044546481324552,0,,,47.5,55.75,12.0,0.0,0.0,0.0,0.0,0.0,0.0,0.0,0.0,0.0,1.0,1.0,0.0,0.0,0.0,605.0,252.27620342347268,0.2545454545454545,1.0,0.0,0.0,0.0
BEV2_2024-10-02_drive1.csv,BEV2,57.59991580630175,50.85717,4.703881,50.994732,5.539011,60.49864656298004,0.9520860230540752,0.0,0.9675096418554514,0.2528341213458659,0.0288535334550213,0.1249497452317742,0.030565938331839,45.905971726938965,88.4,0.0,0.0,8.0,0.0,0.0,0.0,16.75,0.0,0.0,20.25,0.0,0.0,3.5,0.0,0.0,0.0,0.0,1480.7,0.0,0.0,-691.1989896756211,0.0,10,0.0,43775.0,209.83177581145765,187.5282000193493,24.33239130861893,1540.0,30.24919213945746,14.876634786301182,23.063056674703123,28.28394677911295,0,,,16.75,20.25,6.0,0.0,0.0,0.0,0.0,0.0,0.0,0.0,0.0,0.0,1.0,1.0,0.0,0.0,0.0,3646.0,992.037453395773,0.2854147948487571,0.9157981349424026,0.0,0.0,0.0
BEV2_2024-10-02_drive2.csv,BEV2,60.95905866292618,50.994734,5.539013,50.864114,4.696059,60.83619632973063,1.0020195597458073,0.0,-0.9710828098651308,-0.2387429085532016,0.0389227953320329,0.1664816234400667,0.0391724804220503,63.5609247772098,85.0,0.0,0.0,12.0,0.0,0.0,0.0,19.5,0.0,0.0,25.75,0.0,0.0,6.25,0.0,0.0,0.0,0.0,1657.5,0.0,0.0,-487.6724693034095,0.0,10,0.0,9266.0,218.77236647248287,215.70651570940765,29.66891958719153,1849.8,33.16163456189869,14.081897464239448,20.24258610113082,24.99205143549304,0,,,19.5,25.75,15.0,0.0,0.0,0.0,0.0,0.0,0.0,0.0,0.0,0.0,1.0,1.0,0.0,0.0,0.0,3739.0,1008.4961896611372,0.3168604651162791,0.920032094142819,0.0,0.0,0.0
BEV2_2024-10-02_drive3.csv,BEV2,2.0488154765799576,50.864097,4.696027,50.861877,4.686078999999999,0.7405425214615675,2.766641235585398,0.0,-0.9428063819468055,-0.3333408558223458,0.3944084241976101,0.4976526131161548,1.0480464822038236,15.776336967904404,67.7,0.0,0.0,17.0,0.0,0.0,0.0,28.0,0.0,0.0,30.5,0.0,0.0,2.5,0.0,0.0,0.0,0.0,1895.6,0.0,0.0,-6.146446429739873,0.0,10,0.0,4033.0,218.62594559219576,204.6147911016652,35.48679772840248,2174.2,37.01390003157362,14.05594077806128,19.364254151415448,24.219262978101284,0,,,26.25,32.25,4034.0,0.0,0.0,0.0,0.0,0.0,0.0,0.0,0.0,0.0,1.0,1.0,0.0,0.0,0.0,684.0,114.037586131401,0.5197657393850659,0.9985380116959064,0.0,0.0,0.0
BEV2_2024-10-02_drive4.csv,BEV2,3.0766451973830025,50.861884,4.686083,50.873009,4.684864999999999,1.2399947915697858,2.4811759035601173,0.0,-0.068932276746746,0.9976213416033712,0.3246587966685304,0.4089747707516901,1.0504689233623452,19.804186596780355,67.10000000000001,0.0,0.0,14.5,0.0,0.0,0.0,21.25,0.0,0.0,24.25,0.0,0.0,3.0,0.0,,1.0,,1425.8750000000002,0.0,0.0,-16.921548585606512,0.0,10,0.0,16698.0,218.95582036978684,229.5389183537569,35.466307872361234,2194.1,36.42309032251524,14.769432031705591,20.83432512070456,25.68656914276202,0,,,21.25,24.25,6.0,0.0,0.0,0.0,0.0,0.0,0.0,0.0,0.0,0.0,1.0,1.0,0.0,0.0,0.0,627.0,183.0695914591303,0.3434504792332268,0.9984051036682616,0.0,0.0,0.0
BEV2_2024-10-02_drive5.csv,BEV2,3.422264342272296,50.873009,4.684866,50.857702,4.704048,2.170084006023508,1.5770192917753911,0.0,0.6203431805743911,-0.7843305032413621,0.2681560650112821,0.4051021403055754,0.8400359343553534,18.234612420767185,66.10000000000001,0.0,0.0,14.0,0.0,0.0,0.0,20.25,0.0,0.0,22.75,0.0,0.0,2.5,0.0,0.0,0.0,0.0,1338.525,0.0,0.0,-20.533586053633776,0.0,10,0.0,2271.0,218.5852639207228,225.59258252040811,35.495271520239434,2196.2,36.53385113173365,14.803368574672708,21.533117977697263,26.464085644412187,0,,,20.5,23.0,46.0,0.0,0.0,0.0,0.0,0.0,0.0,0.0,0.0,0.0,1.0,1.0,0.0,0.0,0.0,657.0,165.54314955697032,0.3597560975609756,0.9984779299847792,0.0,0.0,0.0
BEV2_2024-10-03_drive1.csv,BEV2,2.0412373922321203,50.857703,4.70405,50.86191,4.68602,1.3491940107089386,1.5129309617669775,0.0,-0.9379672663803154,0.3467238197745267,0.304469844186067,0.3647938082390357,0.8603611100297074,12.17879376744268,65.0,0.0,0.0,7.5,0.0,0.0,0.0,11.5,0.0,0.0,14.25,0.0,0.0,2.75,0.0,,1.0,,747.5,0.0,0.0,-25.515467402901503,0.0,10,0.0,44720.0,219.1161401979149,228.56940502762885,35.71773722274911,2234.0,36.86907219317971,14.782262514066645,22.158173068882675,27.013728501555043,0,,,11.5,14.25,5.0,0.0,0.0,0.0,0.0,0.0,0.0,0.0,0.0,0.0,1.0,1.0,0.0,0.0,0.0,609.0,151.94105070943513,0.5172413793103449,1.0,0.0,0.0,0.0
BEV2_2024-10-03_drive2.csv,BEV2,2.5815684997607447,50.86193,4.686039,50.857841,4.704087,1.3458879906498422,1.9181154135376988,0.0,0.941208387993212,-0.3378265388793774,0.4137729145327863,0.6034759690961203,1.174278165733469,21.102418641172104,63.8,0.0,0.0,11.0,0.0,0.0,0.0,10.25,0.0,0.0,12.5,0.0,0.0,2.25,0.0,0.0,0.0,0.0,653.9499999999999,0.0,0.0,-23.234116497846703,0.0,10,0.0,13516.0,220.26881043652944,235.4039914035029,35.56165642104709,2229.5,36.0939867350807,14.064733872495452,21.631358367504426,26.530309163317902,0,,,9.75,12.75,13476.0,0.0,0.0,0.0,0.0,0.0,0.0,0.0,0.0,0.0,1.0,1.0,0.0,0.0,0.0,465.0,149.84831861525717,0.2607758620689655,0.9978494623655914,0.0,0.0,0.0
BEV2_2024-10-03_drive3.csv,BEV2,2.904034431909305,50.857843,4.704087,50.862411,4.686743,1.3190617621810845,2.201590945299975,0.0,-0.9228848341769424,0.3850760741025043,0.3473838373705787,0.4650132967061359,0.9584326304182534,20.148262567493568,62.9,0.0,0.0,12.5,0.0,0.0,0.0,10.5,0.0,0.0,13.25,0.0,0.0,2.75,0.0,0.0,0.0,0.0,660.4499999999999,0.0,0.0,-21.78025823931979,0.0,10,0.0,1086.0,220.2024979243428,235.4039914035029,35.53874464818941,2206.0,36.64268340031804,13.544657399261084,20.99449373793593,25.82123484469423,0,,,10.5,12.75,1087.0,0.0,0.0,0.0,0.0,0.0,0.0,0.0,0.0,0.0,1.0,1.0,0.0,0.0,0.0,668.0,132.89357745643628,0.4116766467065868,1.0,0.0,0.0,0.0
BEV2_2024-10-03_drive4.csv,BEV2,2.7370836317635963,50.862402,4.686732999999999,50.857699,4.704041999999999,1.3226597583059003,2.0693784736214624,0.0,0.9185185368004912,-0.3953779173827045,0.4276833607548657,0.5725741110014322,1.185248491582588,23.09490148076275,62.1,0.0,0.0,15.5,0.0,0.0,0.0,14.25,0.0,0.0,16.5,0.0,0.0,2.25,0.0,,1.0,,884.9250000000001,0.0,0.0,-12.316876342936183,0.0,10,0.0,23937.0,209.91059598781567,228.56940502762885,24.972164047245464,1753.8,30.67510507169449,13.35075199151714,19.91939342202178,24.620184446727645,0,,,14.25,16.5,9.0,0.0,0.0,0.0,0.0,0.0,0.0,0.0,0.0,0.0,1.0,1.0,0.0,0.0,0.0,652.0,111.44418387662218,0.3655913978494624,0.9984662576687116,0.0,0.0,0.0
BEV2_2024-10-03_drive5.csv,BEV2,6.824312694135492,50.857699,4.70404,50.857599,4.704015,0.0112571206457262,606.2218669324068,0.0,-0.155883139276038,-0.9877755042971288,0.2166916173271011,0.3372888611906933,0.6854904526900418,29.47005995648575,61.1,0.0,0.0,14.4,0.0,0.0,0.0,14.5,0.0,0.0,17.5,0.0,0.0,3.0,0.0,0.0,0.0,0.0,885.95,0.0,0.0,-38.21615108715876,0.0,10,0.0,1361.0,234.03616524709827,235.4039914035029,14.21543517720331,1236.8,25.36462819572246,13.221648561021794,19.222217313602695,23.61482584496205,0,,,14.5,17.75,1320.0,0.0,0.0,0.0,0.0,0.0,0.0,0.0,0.0,0.0,1.0,1.0,0.0,0.0,0.0,1175.0,191.40570877258412,0.3023850085178876,0.9991489361702128,0.0,0.0,0.0
BEV2_2024-10-03_drive6.csv,BEV2,7.511700373092687,50.857599,4.704018,50.857596,4.704041999999999,0.0017173160193396,4374.093229492637,0.0,0.980952448277892,-0.194248022429084,0.2902405490312819,0.4602151034353242,1.0018616816780268,43.53608235469228,80.7,0.0,0.0,11.5,0.0,0.0,0.0,20.75,0.0,0.0,27.0,0.0,0.0,6.25,0.0,0.0,0.0,0.0,1674.525,0.0,0.0,-63.84945317128784,0.0,10,0.0,6091.0,233.275398436867,235.4039914035029,14.419493613526448,1293.9,24.610109784510176,13.135578650834196,16.556325424668906,20.2955336478852,0,,,20.75,27.0,7.0,0.0,0.0,0.0,0.0,0.0,0.0,0.0,0.0,0.0,1.0,1.0,0.0,0.0,0.0,1293.0,160.7334966041531,0.2753286929621036,1.0,0.0,0.0,0.0
BEV2_2024-10-04_drive1.csv,BEV2,2.175490033163728,50.857597,4.70404,50.862409,4.686783,1.3241602933198189,1.6429204561855044,0.0,-0.9147223033065418,0.4040830457140896,0.3657254144656389,0.4999869214863613,0.9425807567042984,15.726192822022474,90.1,0.0,0.0,6.0,0.0,0.0,0.0,14.0,0.0,0.0,18.0,0.0,0.0,4.0,0.0,1.0,0.0,0.0,1261.4,0.0,0.0,-30.456860464292195,0.0,10,0.0,35465.0,219.292216007002,228.56940502762885,9.410683189713534,1058.6,21.014133176468093,13.407943616798152,17.18554433098954,20.995632396208517,1,146.77826035611466,670.0,21.0,26.5,35465.0,0.0,0.0,0.0,0.0,0.0,0.0,0.0,0.0,0.0,0.0,0.0,0.0,0.0,0.0,502.0,227.4304719030694,0.497005988023952,0.99800796812749,0.0,0.0,0.0
BEV2_2024-10-04_drive2.csv,BEV2,4.47513644972127,50.862403,4.686778,50.873495,4.70266,1.6623524259281843,2.692050361837413,0.0,0.6704595825084702,0.741946054792778,0.3593453078326032,0.5598223547052201,1.2296225445939974,31.981732397101684,89.30000000000001,0.0,0.0,15.5,0.0,0.0,0.0,14.5,0.0,0.0,16.5,0.0,0.0,2.0,0.0,0.0,0.0,0.0,1294.85,0.0,0.0,-20.138114023745715,0.0,10,0.0,78349.0,219.292216007002,228.56940502762885,9.410683189713534,1058.6,21.014133176468093,13.407943616798152,17.18554433098954,20.995632396208517,0,,,13.0,17.25,42382.0,0.0,0.0,0.0,0.0,0.0,0.0,0.0,0.0,0.0,1.0,1.0,0.0,0.0,0.0,869.0,149.86146538860356,0.2764976958525346,0.998849252013809,0.0,0.0,0.0
BEV2_2024-10-05_drive1.csv,BEV2,0.0368481300820595,50.847757,4.718867,50.847897,4.718607,0.0239903997539325,1.5359531504271515,0.0,-0.7608758050813829,0.6488975336998574,0.0,0.0,0.0,0.0,86.0,0.0,0.0,4.0,0.0,0.0,0.0,9.25,0.0,0.0,12.75,0.0,0.0,3.5,0.0,0.0,0.0,0.0,795.5,0.0,0.0,-0.589570081312952,0.0,10,0.0,43244.0,220.67642029972365,234.15802814817664,3.76230208790104,771.5,16.999811400338416,13.204483370032143,16.28920653467699,19.777325905727967,0,,,15.0,19.25,43228.0,0.0,0.0,0.0,0.0,0.0,0.0,0.0,0.0,0.0,1.0,1.0,0.0,0.0,0.0,47.0,3.915230904685545,0.5,0.9787234042553192,0.0,0.0,0.0
BEV2_2024-10-06_drive1.csv,BEV2,0.5964239839079357,51.224248,4.415522999999999,51.222319,4.411588,0.3479980280240074,1.7138717345455476,0.0,-0.7874572082959351,-0.6163693252448342,0.388699389748624,0.4324607164534953,0.7730156159728634,4.275693287234864,71.10000000000001,0.0,0.0,18.0,0.0,0.0,0.0,24.25,0.0,0.0,31.5,0.0,0.0,7.25,0.0,0.0,0.0,0.0,1724.1750000000002,0.0,0.0,-1.1928479678158714,0.0,10,0.0,114122.0,220.74594977287092,234.15802814817664,3.56110535325125,707.7,16.20099224247167,11.84129823883681,14.520264928837571,17.991183113757163,0,,,9.25,12.5,114123.0,0.0,0.0,0.0,0.0,0.0,0.0,0.0,0.0,0.0,1.0,1.0,0.0,0.0,0.0,339.0,44.66955013649805,0.514792899408284,0.9970501474926252,0.0,0.0,0.0
BEV2_2024-10-06_drive2.csv,BEV2,2.915971769541044,51.260465,4.426832,51.253247,4.446132,1.5646147951211564,1.8636994732721064,0.0,0.8584043831156816,-0.5129736007318371,0.2885466920332209,0.4584161829440137,0.7702488347775712,17.024254829960036,69.7,0.0,0.0,19.5,0.0,0.0,0.0,25.5,0.0,0.0,29.5,0.0,0.0,4.0,0.0,0.0,0.0,0.0,1777.35,0.0,0.0,-1.457985884770522,0.0,10,0.0,5269.0,221.7636265019772,254.82554058417315,3.313083231903744,678.9,15.068818029855644,12.144897677502662,14.935964160759635,18.69449193728657,0,,,24.5,30.25,5270.0,0.0,0.0,0.0,0.0,0.0,0.0,0.0,0.0,0.0,1.0,1.0,0.0,0.0,0.0,428.0,214.5375556012254,0.2183098591549295,0.9953271028037384,0.0,0.0,0.0
BEV2_2024-10-06_drive3.csv,BEV2,0.4311069002471934,50.859016,4.702681,50.861002,4.698689,0.3567557973866852,1.208408954823289,0.0,-0.785387471232799,0.6190044588131409,0.334079487997756,0.3451713344835677,0.7442002209027903,2.672635903982048,52.2,0.0,0.0,15.5,0.0,0.0,0.0,25.5,0.0,0.0,30.5,0.0,0.0,5.0,0.0,0.0,0.0,0.0,1331.1,0.0,0.0,-1.9399810511123703,0.0,10,0.0,4792.0,212.69213619496145,254.82554058417315,3.2624539746306183,655.9,15.64626509624282,12.637542199647182,15.490105498145658,19.40552257331721,0,,,25.5,30.75,4793.0,0.0,0.0,0.0,0.0,0.0,0.0,0.0,0.0,0.0,1.0,1.0,0.0,0.0,0.0,77.0,225.28341614234583,0.4285714285714285,1.0,0.0,0.0,0.0
BEV2_2024-10-07_drive1.csv,BEV2,0.1003689694426359,50.861967,4.686475,50.86242,4.686773,0.0545409695664405,1.8402490868881376,0.0,0.3834754264547337,0.923551079965456,1.6442192641207298,0.1152381378847663,1.736409774428543,3.28843852824146,88.30000000000001,0.0,0.0,14.0,0.0,0.0,0.0,17.0,0.0,0.0,21.0,0.0,0.0,4.0,0.0,0.0,0.0,0.0,1501.1,0.0,0.0,-0.6022138166558154,0.0,10,0.0,50427.0,199.61205811542192,213.2257508341825,3.1014409254321267,602.7,16.43132456073222,13.455070841218378,17.048567036607196,21.112448802825405,0,,,25.25,30.5,50428.0,0.0,0.0,0.0,0.0,0.0,0.0,0.0,0.0,0.0,1.0,1.0,0.0,0.0,0.0,41.0,61.1266137176849,0.4146341463414634,1.0,0.0,0.0,0.0
BEV2_2024-10-07_drive2.csv,BEV2,1.0678654490225368,50.862637,4.695903,50.857281,4.70393,0.8198257587424326,1.302551716184892,0.0,0.687221351463493,-0.7264480807963432,0.4026689201501419,0.6286714591276313,0.8424536951399286,8.45604732315298,86.5,0.0,0.0,16.0,0.0,0.0,0.0,17.5,0.0,0.0,22.0,0.0,0.0,4.5,0.0,0.0,0.0,0.0,1513.75,0.0,0.0,-4.271461796090147,0.0,10,0.0,42887.0,192.75106092736695,182.14698742419773,2.853320972400315,560.3,15.281548691323303,13.753831524979065,17.73322368896771,21.960839360765323,0,,,17.0,21.0,42887.0,0.0,0.0,0.0,0.0,0.0,0.0,0.0,0.0,0.0,1.0,1.0,0.0,0.0,0.0,181.0,151.83484845374474,0.292817679558011,1.0,0.0,0.0,0.0
BEV2_2024-10-08_drive1.csv,BEV2,49.4935625090725,50.904834,4.710469,50.994717,5.539026,58.89682158788701,0.8403435223616816,0.0,0.9854966450627538,0.1696949102656192,0.0251044078712752,0.1329123820584975,0.0218710752105875,32.63573023265784,82.4,0.0,0.0,15.5,0.0,0.0,0.0,16.25,0.0,0.0,20.25,0.0,0.0,4.0,0.0,0.0,0.0,0.0,1339.0,0.0,0.0,-222.72103129082623,0.0,10,0.0,41211.0,199.6427158844457,213.2257508341825,2.669704074111638,511.5,15.83343330937758,14.076827054040166,18.40654207461793,22.722988665123143,0,,,15.75,18.0,1021.0,0.0,0.0,0.0,0.0,0.0,0.0,0.0,0.0,0.0,1.0,1.0,0.0,0.0,0.0,2553.0,986.2527833206054,0.2091222030981067,0.9103016059537798,0.0,0.0,0.0
BEV2_2024-10-08_drive2.csv,BEV2,50.256628020611934,51.00288,5.221571,51.222646,4.411669,61.59165645095023,0.8159648711613208,0.0,-0.9179250665650512,0.396753792888671,0.0283945141657456,0.1354048016953647,0.0275650614868517,37.59433675544725,90.5,0.0,0.0,18.5,0.0,0.0,0.0,25.25,0.0,0.0,30.25,0.0,0.0,5.0,0.0,0.0,0.0,0.0,2285.125,0.0,0.0,-75.3849420309179,0.0,10,0.0,9199.0,204.1778686967015,200.2446074591502,7.345351961842527,701.6,21.300857618268203,14.127092953487791,18.91630799017252,23.5138598512489,0,,,24.5,28.5,1020.0,0.0,0.0,0.0,0.0,0.0,0.0,0.0,0.0,0.0,1.0,1.0,0.0,0.0,0.0,4805.0,868.1365150870822,0.415061295971979,0.9506763787721124,0.0,0.0,0.0
BEV2_2024-10-08_drive3.csv,BEV2,1.9733575661908167,51.240077,4.43743,51.251549,4.448954,1.506870486717392,1.3095734395127965,0.0,0.5323210893377632,0.8465425316227514,0.2172579824583904,0.512074692703218,0.8995185403801655,8.473061315877226,76.2,0.0,0.0,20.0,0.0,0.0,0.0,26.5,0.0,0.0,31.5,0.0,0.0,5.0,0.0,0.0,0.0,0.0,2019.3,0.0,0.0,0.0,0.0,10,0.0,2427.0,212.59814979555117,215.32751954948344,11.688583494490173,1064.5,22.978098643807336,14.822125416226942,20.037141721605163,24.79058500135888,0,,,26.75,32.75,2428.0,0.0,0.0,0.0,0.0,0.0,0.0,0.0,0.0,0.0,1.0,1.0,0.0,0.0,0.0,655.0,108.47091436655587,0.5412844036697247,0.998473282442748,0.0,0.0,0.0
BEV2_2024-10-08_drive4.csv,BEV2,3.3137494183556564,51.244776,4.421245,51.222255,4.411671,2.5914235609373217,1.278737088103447,0.0,-0.2572275425020792,-0.9663508634954184,0.1998071581204872,0.3245000409441793,0.7036420138196835,13.187272435952158,74.7,0.0,0.0,22.0,0.0,0.0,0.0,27.0,0.0,0.0,31.0,0.0,0.0,4.0,0.0,0.0,0.0,0.0,2016.9,0.0,0.0,6.627498836711313,0.0,10,0.0,4120.0,214.3339555505821,221.36457999293748,11.134738094291988,1000.6,21.972813161909915,15.84206273653812,20.59936917410659,25.360867759655346,0,,,26.75,31.75,4120.0,0.0,0.0,0.0,0.0,0.0,0.0,0.0,0.0,0.0,1.0,1.0,0.0,0.0,0.0,734.0,252.22775600556065,0.44141689373297,1.0,0.0,0.0,0.0
BEV2_2024-10-08_drive5.csv,BEV2,47.58741725511617,51.211646,4.408215,50.861927,4.685999,43.46784675528588,1.094772821921052,0.0,0.4468390420409631,-0.8946143697191066,0.0355643065717214,0.1164493523796452,0.0517316735113943,42.214831900633385,73.0,0.0,0.0,21.0,0.0,0.0,0.0,27.5,0.0,0.0,31.25,0.0,0.0,3.75,0.0,,1.0,,2007.5,0.0,0.0,47.58741725511617,0.0,10,0.0,3427.0,212.87714982626647,215.32751954948344,11.018622272420975,987.2,21.742008552160407,16.469684592294307,21.81401279274808,26.738306039215157,0,,,26.75,31.25,3428.0,0.0,0.0,0.0,0.0,0.0,0.0,0.0,0.0,0.0,1.0,1.0,0.0,0.0,0.0,4016.0,786.8641578216908,0.3424266043128085,0.9584163346613546,0.0,0.0,0.0
BEV2_2024-10-08_drive6.csv,BEV2,4.454790559546742,50.857537,4.703990999999999,50.857493,4.704072,0.0075008591488654,593.9040410084991,0.0,0.7579869205101168,-0.652269751203894,0.2824835140133272,0.4286331168080242,0.9271947177291444,25.14103274718612,86.60000000000001,0.0,0.0,16.5,0.0,0.0,0.0,24.0,0.0,0.0,29.75,0.0,0.0,5.75,0.0,0.0,0.0,0.0,2078.4,0.0,0.0,-15.591766958413595,0.0,10,0.0,13016.0,207.7472602919921,203.81570090598467,15.773679184924386,1384.1,25.730389974314896,18.074774189108645,23.64976708699752,28.715624700529567,0,,,27.0,32.75,13017.0,0.0,0.0,0.0,0.0,0.0,0.0,0.0,0.0,0.0,1.0,1.0,0.0,0.0,0.0,2587.0,135.0130755135276,0.7733952049497294,0.9996134518747584,0.0,0.0,0.0
BEV2_2024-10-08_drive7.csv,BEV2,4.441857978143018,50.857492,4.704072,50.857535,4.703986,0.0077007252528096,576.8103434832169,0.0,-0.7838889445245539,0.6209010570551324,0.2916408815963325,0.4183753773506887,0.985241130135796,25.664397580477267,85.2,0.0,0.0,17.5,0.0,0.0,0.0,24.5,0.0,0.0,30.25,0.0,0.0,5.75,0.0,,1.0,,2087.4,0.0,0.0,-11.104644945357546,0.0,10,0.0,15746.0,207.7472602919921,203.81570090598467,15.773679184924386,1384.1,25.730389974314896,18.074774189108645,23.64976708699752,28.715624700529567,0,,,24.5,30.5,143.0,0.0,0.0,0.0,0.0,0.0,0.0,0.0,0.0,0.0,1.0,1.0,0.0,0.0,0.0,1008.0,134.12547725316645,0.4365079365079365,1.0,0.0,0.0,0.0
BEV2_2024-10-09_drive1.csv,BEV2,0.0819443510709079,50.857535,4.703986,50.857031,4.704086,0.0564801855377777,1.4508513081299623,0.0,0.1242778550517048,-0.9922474564057836,1.011596085806814,0.0,1.011596085806814,1.011596085806814,90.2,0.0,0.0,14.0,0.0,0.0,0.0,17.75,0.0,0.0,20.5,0.0,0.0,2.75,0.0,0.0,0.0,0.0,1601.05,0.0,0.0,-0.4916661064254474,0.0,10,0.0,36509.0,206.9476107617396,196.52499007123632,16.158222584347893,1451.0,26.683687848185315,17.94180757954446,23.642654575326183,28.640044051603333,0,,,24.5,30.5,36505.0,0.0,0.0,0.0,0.0,0.0,0.0,0.0,0.0,0.0,1.0,1.0,0.0,0.0,0.0,99.0,25.46953398036869,0.7272727272727273,1.0,0.0,0.0,0.0
BEV2_2024-10-09_drive2.csv,BEV2,2.498525900359203,50.857029,4.70409,50.862422,4.686713999999999,1.3590551741259689,1.8384285994614211,0.0,-0.8973871247791351,0.4412440914965741,0.280359538777452,0.4254733263108674,0.7924081785370817,13.737617400095152,90.0,0.0,0.0,15.0,0.0,0.0,0.0,15.75,0.0,0.0,18.25,0.0,0.0,2.5,0.0,0.0,0.0,0.0,1417.5,0.0,0.0,-12.492629501796015,0.0,10,0.0,12236.0,208.7901703453952,203.81570090598467,15.87481984250088,1418.2,24.52879740619216,17.470269118005998,22.82928823869252,27.66228781444115,0,,,15.75,18.25,7.0,0.0,0.0,0.0,0.0,0.0,0.0,0.0,0.0,0.0,1.0,1.0,0.0,0.0,0.0,386.0,229.29552434543623,0.2512953367875647,1.0,0.0,0.0,0.0
BEV2_2024-10-09_drive3.csv,BEV2,2.1863706484677907,50.862418,4.686711,50.864538,4.678914,0.5958329657548475,3.669435519899317,0.0,-0.9184069688443708,0.3956370048138758,0.463620368887276,0.6260588800790491,1.288496624395074,19.93567586215287,89.4,0.0,0.0,16.5,0.0,0.0,0.0,16.25,0.0,0.0,18.25,0.0,0.0,2.0,0.0,0.0,0.0,0.0,1452.75,0.0,0.0,-7.652297269637268,0.0,10,0.0,15049.0,208.27188912370505,203.81570090598467,16.081561742512083,1449.2,24.85729315875489,17.420269118005997,21.859495950876976,26.44303716844632,0,,,15.75,18.75,14815.0,0.0,0.0,0.0,0.0,0.0,0.0,0.0,0.0,0.0,1.0,1.0,0.0,0.0,0.0,435.0,170.76361578848503,0.3149425287356321,1.0,0.0,0.0,0.0
BEV2_2024-10-09_drive4.csv,BEV2,2.820562595108431,50.864532,4.678919,50.85797,4.704136,1.9143975813580976,1.473342122124647,0.0,0.9245154780057212,-0.381144501374286,0.3305681835499638,0.5194136098550899,1.0356503245759348,18.51181827879797,88.80000000000001,0.0,0.0,15.5,0.0,0.0,0.0,16.5,0.0,0.0,18.5,0.0,0.0,2.0,0.0,0.0,0.0,0.0,1465.2000000000005,0.0,0.0,-12.69253167798794,0.0,10,0.0,8647.0,208.52185449589768,215.32751954948344,16.29017505964601,1488.6,25.81823227144654,17.642575054079057,21.784495950876977,26.2135646913821,0,,,16.5,18.5,7.0,0.0,0.0,0.0,0.0,0.0,0.0,0.0,0.0,0.0,1.0,1.0,0.0,0.0,0.0,689.0,129.8394911386214,0.3584905660377358,1.0,0.0,0.0,0.0
BEV2_2024-10-10_drive1.csv,BEV2,2.1588889537568425,50.857972,4.704136,50.862395,4.686769,1.3144329483857489,1.6424489027060434,0.0,-0.9273618301364986,0.3741657867922772,0.39369463601955,0.5046365627797906,1.194055846234577,16.928869348840653,87.60000000000001,0.0,0.0,13.0,0.0,0.0,0.0,13.0,0.0,0.0,15.5,0.0,0.0,2.5,0.0,0.0,0.0,0.0,1138.8000000000002,0.0,0.0,-15.112222676297897,0.0,10,0.0,48628.0,209.8997381926044,215.32751954948344,16.4654447742546,1539.5,25.175439155343565,17.561541817084837,21.684351023340746,25.92882667577452,0,,,16.5,21.0,48618.0,0.0,0.0,0.0,0.0,0.0,0.0,0.0,0.0,0.0,1.0,1.0,0.0,0.0,0.0,413.0,114.71214294518242,0.2397094430992736,1.0,0.0,0.0,0.0
BEV2_2024-10-10_drive2.csv,BEV2,6.215323682838111,50.862393,4.686766,50.878714,4.70599,2.2612690625861296,2.748599795430746,0.0,0.5965649889795275,0.8025647724164425,0.3239731186714623,0.4633982965837349,1.1049185321966912,40.17266671526133,87.0,0.0,0.0,15.5,0.0,0.0,0.0,14.25,0.0,0.0,16.5,0.0,0.0,2.25,0.0,,1.0,,1239.75,0.0,0.0,-27.9689565727715,0.0,10,0.0,30126.0,209.76116556061797,221.36457999293748,11.731977418723034,1325.6,20.07182717016252,17.31226980142926,21.04077959476931,25.007218206673063,0,,,14.25,16.5,6.0,0.0,0.0,0.0,0.0,0.0,0.0,0.0,0.0,0.0,1.0,1.0,0.0,0.0,0.0,1579.0,164.6121590945383,0.447751741608613,1.0,0.0,0.0,0.0
BEV2_2024-10-10_drive3.csv,BEV2,4.403392915569897,50.878717,4.70599,50.856922,4.704854999999999,2.4248053090531165,1.8159779257863045,0.0,-0.0328481343215299,-0.9994603544271252,0.4446370766152286,0.6313028630320059,1.2654405375463658,39.12806274214012,85.0,0.0,0.0,16.0,0.0,0.0,0.0,17.75,0.0,0.0,19.75,0.0,0.0,2.0,0.0,0.0,0.0,0.0,1508.75,0.0,0.0,-17.61357166227959,0.0,10,0.0,5480.0,205.12237497276544,223.16853599265,7.327846984945651,1003.0,17.723435445284743,16.624212354502884,19.910090582616785,23.731296251258684,0,,,15.75,20.25,5481.0,0.0,0.0,0.0,0.0,0.0,0.0,0.0,0.0,0.0,1.0,1.0,0.0,0.0,0.0,1958.0,138.66677038660603,0.6470888661899897,1.0,0.0,0.0,0.0
BEV2_2024-10-11_drive2.csv,BEV2,2.764816366403433,50.862392,4.686778,50.857747,4.704044,1.3173457071874028,2.098778134941093,0.0,0.9199323404868522,-0.3920771466515005,0.4870755989410847,0.6524305522819601,1.34590431995326,26.789157941759655,82.4,0.0,0.0,14.0,0.0,0.0,0.0,13.0,0.0,0.0,15.0,0.0,0.0,2.0,0.0,0.0,0.0,0.0,1071.2,0.0,0.0,-16.588898198420598,0.0,10,0.0,89106.0,212.5719396285253,224.28928061018632,7.5708505198835585,1133.4,17.44928177137729,15.949091733752905,19.006790977236165,22.648544066633683,0,,,11.0,13.75,26512.0,0.0,0.0,0.0,0.0,0.0,0.0,0.0,0.0,0.0,1.0,1.0,0.0,0.0,0.0,702.0,87.3552363936002,0.3475783475783476,1.0,0.0,0.0,0.0
BEV2_2024-10-11_drive3.csv,BEV2,2.5505834091079507,50.857751,4.704053,50.873671,4.70257,1.773282509331572,1.4383401379565726,0.0,-0.0586914155192682,0.9982761730825516,0.2151616127432554,0.3000680689469198,0.6032896801189915,10.973242249906026,81.30000000000001,0.0,0.0,11.0,0.0,0.0,0.0,13.75,0.0,0.0,15.75,0.0,0.0,2.0,0.0,0.0,0.0,0.0,1117.8750000000002,0.0,0.0,-22.95525068197156,0.0,10,0.0,1901.0,216.9402503731733,230.56140402872563,7.515946534135985,1130.2,17.24220557161775,15.161510240830667,17.622868928302953,21.05402624814265,0,,,13.0,16.0,1901.0,0.0,0.0,0.0,0.0,0.0,0.0,0.0,0.0,0.0,1.0,1.0,0.0,0.0,0.0,579.0,192.0969610043921,0.4542314335060449,1.0,0.0,0.0,0.0
BEV2_2024-10-11_drive4.csv,BEV2,2.674443491146312,50.873671,4.702572,50.857281,4.703913,1.8249156569255989,1.4655162176929848,0.0,0.0515702851944325,-0.9986693675511256,0.3026837242283884,0.4009657674757919,1.01778718257156,16.042237384104588,80.60000000000001,0.0,0.0,15.0,0.0,0.0,0.0,14.75,0.0,0.0,16.75,0.0,0.0,2.0,0.0,0.0,0.0,0.0,1188.85,0.0,0.0,-13.372217455731562,0.0,10,0.0,6379.0,248.76774335187952,230.56140402872563,3.012263149535162,786.6,14.557859089990435,14.08630352500378,16.216899116812137,19.418226983379967,0,,,14.75,16.75,9.0,0.0,0.0,0.0,0.0,0.0,0.0,0.0,0.0,0.0,1.0,1.0,0.0,0.0,0.0,1383.0,102.79909620403951,0.690527838033261,1.0,0.0,0.0,0.0
BEV2_2024-10-12_drive1.csv,BEV2,1.4116800744741482,50.857282,4.703912,50.863002,4.695317,0.8766253070844747,1.6103574275869197,0.0,-0.6881690132451954,0.7255504181027905,0.748907122838023,0.8905109886500467,2.12090449567676,20.96939943946464,79.2,0.0,0.0,11.5,0.0,0.0,0.0,10.25,0.0,0.0,12.25,0.0,0.0,2.0,0.0,0.0,0.0,0.0,811.8000000000001,0.0,0.0,-11.99928063303026,0.0,10,0.0,71223.0,270.20764659736227,268.3976444661366,2.835521700835492,824.2,13.668215675537752,13.676677619556092,15.241536315253484,18.141175704083647,0,,,14.5,17.25,71223.0,0.0,0.0,0.0,0.0,0.0,0.0,0.0,0.0,0.0,1.0,1.0,0.0,0.0,0.0,604.0,187.31484549350856,0.6434494195688225,0.9983443708609272,0.0,0.0,0.0
BEV2_2024-10-12_drive2.csv,BEV2,1.2921813908318125,50.863004,4.695307,50.857196,4.703895,0.8834156548965896,1.462710541373723,0.0,0.6823238820034941,-0.7310500120016973,0.4365953758754242,0.5481785947767123,1.2211032317815953,10.914884396885606,78.60000000000001,0.0,0.0,11.5,0.0,0.0,0.0,11.25,0.0,0.0,13.25,0.0,0.0,2.0,0.0,0.0,0.0,0.0,884.2500000000001,0.0,0.0,-10.983541822070409,0.0,10,0.0,6347.0,270.9817794367006,268.3976444661366,2.968495273175816,874.7,14.214758626853811,13.42675999187899,14.527051412217723,17.39139008915852,0,,,10.5,13.25,6348.0,0.0,0.0,0.0,0.0,0.0,0.0,0.0,0.0,0.0,1.0,1.0,0.0,0.0,0.0,264.0,99.82037367119923,0.2992424242424242,1.0,0.0,0.0,0.0
BEV2_2024-10-13_drive1.csv,BEV2,21.614558013372235,50.857198,4.703903,50.721606,4.868582,19.00854614808151,1.1370968534357766,0.0,0.6089902551513352,-0.7931777033746673,0.0610775094534283,0.2433250730749624,0.0916594797014081,33.470475180478715,77.9,0.0,0.0,9.5,0.0,0.0,0.0,9.0,0.0,0.0,11.75,0.0,0.0,2.75,0.0,0.0,0.0,0.0,701.1,0.0,0.0,-226.9528591404085,0.0,10,0.0,50801.0,287.7773021740087,306.35501781391554,2.847860822223077,862.5,13.645355639226787,13.07675999187899,14.081314492398796,16.89616705094283,0,,,11.25,13.75,50801.0,0.0,0.0,0.0,0.0,0.0,0.0,0.0,0.0,0.0,1.0,1.0,0.0,0.0,0.0,1690.0,788.8701466504316,0.3132911392405063,0.9349112426035504,0.0,0.0,0.0
BEV2_2024-10-13_drive2.csv,BEV2,22.59512371558316,50.721608,4.86858,50.857696,4.704049,19.04596477795437,1.186347028307903,0.0,-0.6072443203030063,0.7945151574763945,0.0517142436889453,0.1991490853533569,0.0797318364645099,28.080834323097328,71.2,0.0,0.0,10.5,0.0,0.0,0.0,11.75,0.0,0.0,13.75,0.0,0.0,2.0,0.0,0.0,0.0,0.0,836.6,0.0,0.0,-214.65367529804,0.0,10,0.0,56926.0,287.7773021740087,306.35501781391554,2.847860822223077,862.5,13.645355639226787,13.07675999187899,14.081314492398796,16.89616705094283,0,,,10.5,14.0,4417.0,0.0,0.0,0.0,0.0,0.0,0.0,0.0,0.0,0.0,1.0,1.0,0.0,0.0,0.0,1813.0,788.8235160882801,0.3276157804459691,0.964699393270822,0.0,0.0,0.0
BEV2_2024-10-13_drive3.csv,BEV2,1.9646492986702184,50.857695,4.70405,50.861899,4.686004,1.350132126704016,1.4551533585578624,0.0,-0.9381475102092048,0.3462358287183318,0.2291683317765591,0.3187208453677597,0.7126660491702197,8.937564939285805,63.9,0.0,0.0,12.0,0.0,0.0,0.0,16.25,0.0,0.0,18.5,0.0,0.0,2.25,0.0,0.0,0.0,0.0,1038.375,0.0,0.0,-15.717194389361747,0.0,10,0.0,4738.0,266.1079360057783,306.35501781391554,4.888722979703201,1000.3,16.325795608903125,12.593688637303728,13.723541614780274,16.6228556250302,0,,,16.25,18.5,16.0,0.0,0.0,0.0,0.0,0.0,0.0,0.0,0.0,0.0,1.0,1.0,0.0,0.0,0.0,546.0,95.6185859353468,0.4230769230769231,1.0,0.0,0.0,0.0
BEV2_2024-10-13_drive4.csv,BEV2,2.605113913126785,50.861907,4.686012,50.857214,4.703895999999999,1.3594080919854632,1.916358986301108,0.0,0.923386374600946,-0.3838718577876238,0.401461027104934,0.5991141052393717,1.1524673308413709,20.87597340945657,74.60000000000001,0.0,0.0,13.5,0.0,0.0,0.0,18.25,0.0,0.0,22.75,0.0,0.0,4.5,0.0,0.0,0.0,0.0,1361.45,0.0,0.0,-16.9332404353241,0.0,10,0.0,9328.0,259.8038166127717,273.8684573071151,4.803131650059379,986.0,16.146972921943075,12.27472187429795,13.67113179779096,16.538773455348615,0,,,15.75,19.25,9328.0,0.0,0.0,0.0,0.0,0.0,0.0,0.0,0.0,0.0,1.0,1.0,0.0,0.0,0.0,603.0,164.012955877367,0.4543946932006633,1.0,0.0,0.0,0.0
BEV2_2024-10-13_drive5.csv,BEV2,7.106128961662677,50.857214,4.703884,50.856876,4.705219,0.100963395425695,70.38322088615271,0.0,0.9281312559009552,-0.3722531018268558,0.3264382476733669,0.5434068337399395,1.159507839827519,46.3542311696181,73.60000000000001,0.0,0.0,9.35,0.0,0.0,0.0,16.25,0.0,0.0,19.0,0.0,0.0,2.75,0.0,0.0,0.0,0.0,1196.0000000000002,0.0,0.0,-75.68027344170751,0.0,10,0.0,29585.0,259.8038166127717,273.8684573071151,4.803131650059379,986.0,16.146972921943075,12.27472187429795,13.67113179779096,16.538773455348615,0,,,16.25,19.0,11.0,0.0,0.0,0.0,0.0,0.0,0.0,0.0,0.0,0.0,1.0,1.0,0.0,0.0,0.0,1840.0,184.9578895617032,0.5649809679173464,0.9994565217391304,0.0,0.0,0.0
BEV2_2024-10-14_drive1.csv,BEV2,55.08496075032837,50.856879,4.705216,50.964997,5.495944,56.72743281059604,0.971046247311215,0.0,0.9772853052932328,0.2119278935343646,0.0251229420098588,0.1001896871478721,0.02685766764261,36.352897088265685,71.2,0.0,0.0,6.0,0.0,0.0,0.0,9.75,0.0,0.0,12.5,0.0,0.0,2.75,0.0,0.0,0.0,0.0,694.2,0.0,0.0,-771.1894505045972,0.0,10,0.0,32101.0,259.3350831257541,278.81288836897306,5.297855650849963,1128.7,15.663021773842091,11.863145639897514,13.79197644743789,16.747869219175247,0,,,10.0,12.5,9.0,0.0,0.0,0.0,0.0,0.0,0.0,0.0,0.0,0.0,1.0,1.0,0.0,0.0,0.0,3333.0,963.9223047943858,0.2771827328789354,0.9243924392439244,0.0,0.0,0.0
BEV2_2024-10-14_drive2.csv,BEV2,6.537586143195533,50.965003,5.495953999999999,50.99463,5.539505999999999,4.488784339814101,1.456426873799484,0.0,0.6792436402158222,0.7339128539727034,0.2971147623130885,0.6057586500565134,1.074092444813541,38.92203386301459,52.9,0.0,0.0,14.5,0.0,0.0,0.0,14.0,0.0,0.0,16.25,0.0,0.0,2.25,0.0,0.0,0.0,0.0,740.6,0.0,0.0,-35.95672378757543,0.0,10,0.0,11971.0,254.5498592166321,279.8352032027034,10.184819357598988,1304.2,20.193074733660534,11.20885458981538,13.292467950403118,16.184931487101405,0,,,14.0,16.25,14.0,0.0,0.0,0.0,0.0,0.0,0.0,0.0,0.0,0.0,1.0,1.0,0.0,0.0,0.0,1069.0,423.8291601497821,0.3786316776007498,0.9981290926099158,0.0,0.0,0.0
BEV2_2024-10-14_drive3.csv,BEV2,75.92805416302318,50.994628,5.539509,51.210942,4.391243,83.70375892985726,0.907104473368394,0.0,-0.9578239295480632,0.2873557376930325,0.0232327801029293,0.1064669489404214,0.0270371543787451,41.93516808578751,55.5,0.0,0.0,11.0,0.0,0.0,0.0,15.5,0.0,0.0,20.75,0.0,0.0,5.25,0.0,0.0,0.0,0.0,860.25,0.0,0.0,-683.3524874672086,0.0,10,0.0,1905.0,248.03416515225467,246.8222609167824,10.398251821351314,1215.3,21.58184039846713,10.976641999338392,12.962089198596122,15.812674590468324,0,,,15.5,20.5,15.0,0.0,0.0,0.0,0.0,0.0,0.0,0.0,0.0,0.0,1.0,1.0,0.0,0.0,0.0,7637.0,895.2359709377041,0.378349266190925,0.9725022914757104,0.0,0.0,0.0
BEV2_2024-10-14_drive4.csv,BEV2,37.83576021897776,51.210969,4.391217,50.875192,4.50767,38.21407992461823,0.9900999917730128,0.0,0.2130497020069652,-0.9770413627246,0.0427456772301378,0.1556977020111322,0.0632395073514573,39.62524279233777,50.6,0.0,0.0,16.5,0.0,0.0,0.0,23.25,0.0,0.0,28.0,0.0,0.0,4.75,0.0,0.0,0.0,0.0,1176.45,0.0,0.0,-132.42516076642215,0.0,10,0.0,14119.0,248.03416515225467,246.8222609167824,10.398251821351314,1215.3,21.58184039846713,10.976641999338392,12.962089198596122,15.812674590468324,0,,,23.25,28.0,11.0,0.0,0.0,0.0,0.0,0.0,0.0,0.0,0.0,0.0,1.0,1.0,0.0,0.0,0.0,2567.0,832.719783073966,0.2554325543255432,0.9501363459291,0.0,0.0,0.0
BEV2_2024-10-14_drive5.csv,BEV2,17.184624008835897,50.875196,4.507673,50.857012,4.704222,13.94103468389113,1.2326648917022447,0.0,0.9894261809121672,-0.1450373487263316,0.0713299995201288,0.2559236471024861,0.0772787448275588,26.60608982100805,38.900000000000006,0.0,0.0,12.0,0.0,0.0,0.0,23.5,0.0,0.0,30.25,0.0,0.0,6.75,0.0,0.0,0.0,0.0,914.15,0.0,0.0,-137.47699207068715,0.0,10,0.0,684.0,238.42442460161223,240.23004188188852,13.905322886387555,1401.8,25.46990848455227,10.862714590888466,14.080863868484252,17.31239625217889,0,,,23.5,30.25,6.0,0.0,0.0,0.0,0.0,0.0,0.0,0.0,0.0,0.0,1.0,1.0,0.0,0.0,0.0,1542.0,639.4611860246965,0.3390388413429888,0.9850843060959792,0.0,0.0,0.0
BEV2_2024-10-15_drive1.csv,BEV2,0.5018770790309816,50.857012,4.704223,50.857517,4.703997,0.0583512408962396,8.600966685925686,0.0,-0.2718619195347545,0.9623362700776058,0.7100967851523341,0.6933275166668482,1.3848914396894232,7.100967851523341,34.7,0.0,0.0,9.0,0.0,0.0,0.0,11.0,0.0,0.0,13.75,0.0,0.0,2.75,0.0,0.0,0.0,0.0,381.7000000000001,0.0,0.0,-5.520647869340797,0.0,10,0.0,52906.0,230.94389107076373,240.23004188188852,15.36872694636035,1498.0,27.898886932104347,10.92317325584582,15.063311354536546,18.698974443346465,0,,,23.25,30.0,52906.0,0.0,0.0,0.0,0.0,0.0,0.0,0.0,0.0,0.0,1.0,1.0,0.0,0.0,0.0,145.0,105.92900598410736,0.4551724137931034,1.0,0.0,0.0,0.0
BEV2_2024-10-15_drive2.csv,BEV2,0.0968080174950066,50.857517,4.703998,50.857012,4.704133,0.0569474438865697,1.6999536921768206,0.0,0.1663985621312148,-0.9860585776315036,1.1702354108637103,0.0,1.1702354108637103,1.1702354108637103,90.7,0.0,0.0,14.0,0.0,0.0,0.0,23.0,0.0,0.0,29.0,0.0,0.0,6.0,0.0,0.0,0.0,0.0,2086.1,0.0,0.0,-0.5808481049700396,0.0,10,0.0,16144.0,228.88212363861516,240.23004188188852,15.151470305148816,1374.2,28.43281144917689,10.574710052382615,14.62712370258046,18.31555945280151,1,442.5951769515077,147.0,9.75,13.5,16144.0,0.0,0.0,0.0,0.0,0.0,0.0,0.0,0.0,0.0,0.0,0.0,0.0,0.0,0.0,156.0,35.330486505947256,0.7870967741935484,0.9935897435897436,0.0,0.0,0.0
BEV2_2024-10-16_drive1.csv,BEV2,0.4894963767335139,50.85701,4.704135,50.857598,4.704024,0.0658452998623167,7.434036715711769,0.0,-0.1183280934791878,0.9929745526918504,0.531694513565392,0.4801828049655085,1.0246088321604998,4.785250622088528,89.4,0.0,0.0,12.0,0.0,0.0,0.0,13.0,0.0,0.0,15.5,0.0,0.0,2.5,0.0,0.0,0.0,0.0,1162.2,0.0,0.0,-3.915971013868112,0.0,10,0.0,62185.0,228.4209787489803,240.23004188188852,15.019983099450902,1329.4,27.81476485249207,10.824627680059717,15.90497494224988,20.00162311008784,2,508.30820121505184,152.5,23.0,30.0,62185.0,0.0,0.0,0.0,0.0,0.0,0.0,0.0,0.0,0.0,0.0,0.0,0.0,0.0,0.0,109.0,111.44694283222032,0.4311926605504587,1.0,0.0,0.0,0.0
BEV2_2024-10-16_drive2.csv,BEV2,5.69205569032964,50.857602,4.704026,50.856963,4.704565,0.0804985075863387,70.71007725484375,0.0,0.4699923670538435,-0.8826704792339694,0.2842921711308576,0.4858584792295722,0.8633857016444252,32.12501533778691,89.2,0.0,0.0,12.0,0.0,0.0,0.0,12.5,0.0,0.0,15.25,0.0,0.0,2.75,0.0,0.0,0.0,0.0,1115.0,0.0,0.0,-45.53644552263712,0.0,10,0.0,416.0,227.39321062998584,240.23004188188852,14.939714598041071,1313.9,27.65350374900233,10.874627680059715,16.052497156877358,20.216324067025635,0,,,12.5,15.5,324.0,0.0,0.0,0.0,0.0,0.0,0.0,0.0,0.0,0.0,1.0,1.0,0.0,0.0,0.0,1298.0,188.41932706730265,0.4414556962025316,0.9738058551617874,0.0,0.0,0.0
BEV2_2024-10-16_drive3.csv,BEV2,2.32775800556336,50.856964,4.70457,50.861958,4.686024,1.4152242899889085,1.644797946183925,0.0,-0.9198024446956662,0.392381781855218,0.246959351000907,0.3524961574067872,0.915325653944192,11.360130146041724,87.5,0.0,0.0,13.5,0.0,0.0,0.0,13.75,0.0,0.0,15.75,0.0,0.0,2.0,0.0,0.0,0.0,0.0,1203.125,0.0,0.0,-15.13042703616184,0.0,10,0.0,10684.0,227.39321062998584,240.23004188188852,14.939714598041071,1313.9,27.65350374900233,10.874627680059715,16.052497156877358,20.216324067025635,0,,,13.25,17.0,8969.0,0.0,0.0,0.0,0.0,0.0,0.0,0.0,0.0,0.0,1.0,1.0,0.0,0.0,0.0,409.0,191.05144728357757,0.2469437652811736,1.0,0.0,0.0,0.0
BEV2_2024-10-16_drive4.csv,BEV2,1.636140003058472,50.86196,4.686032,50.861932,4.695835,0.6880339736418428,2.377993043567595,0.0,0.999989761421411,-0.0045251577154168,0.3936360415302716,0.4917613596772858,1.0793142822485042,12.596353328968693,87.0,0.0,0.0,15.5,0.0,0.0,0.0,14.0,0.0,0.0,16.0,0.0,0.0,2.0,0.0,,1.0,,1218.0,0.0,0.0,-7.362630013763124,0.0,10,0.0,8819.0,225.07725188469,231.58925027928137,12.912991176708733,1173.4,25.215826856381813,11.08539309856192,16.153806619861733,20.230815287075654,0,,,13.75,16.75,8820.0,0.0,0.0,0.0,0.0,0.0,0.0,0.0,0.0,0.0,1.0,1.0,0.0,0.0,0.0,268.0,214.655034588396,0.2835820895522388,1.0,0.0,0.0,0.0
BEV2_2024-10-16_drive5.csv,BEV2,1.0743525704992307,50.861932,4.695835,50.856944,4.704810999999999,0.8393740520505755,1.2799449397734026,0.0,0.7505801894420909,-0.6607793725723246,0.4285099130808276,0.5400163288898122,1.2530319702369326,8.998708174697379,86.5,0.0,0.0,17.0,0.0,0.0,0.0,14.25,0.0,0.0,17.5,0.0,0.0,3.25,0.0,0.0,0.0,0.0,1232.625,0.0,0.0,-3.223057711497692,0.0,10,0.0,293.0,226.1811219224999,240.9651442024904,12.88014024714756,1145.5,26.114811075578015,11.48065235782118,15.956361364387282,20.018741134360813,0,,,14.0,17.25,294.0,0.0,0.0,0.0,0.0,0.0,0.0,0.0,0.0,0.0,1.0,1.0,0.0,0.0,0.0,212.0,150.1048355510469,0.320754716981132,1.0,0.0,0.0,0.0
BEV2_2024-10-16_drive6.csv,BEV2,20.35089600636284,50.856937,4.704793,50.895673,4.483521,16.111677510996422,1.2631146565882478,0.0,-0.9636030421848898,0.2673371973594876,0.0503732027112821,0.1799389499621572,0.0867732184713823,24.985108544795963,86.0,0.0,0.0,20.0,0.0,0.0,0.0,16.0,0.0,0.0,18.25,0.0,0.0,2.25,0.0,0.0,0.0,0.0,1376.0,0.0,0.0,0.0,0.0,10,0.0,8193.0,225.78837633735148,241.98745903622077,12.276962608031214,982.7,26.533313164284312,12.33867045268673,15.972783069880538,20.01885548200812,0,,,16.0,18.25,11.0,0.0,0.0,0.0,0.0,0.0,0.0,0.0,0.0,0.0,1.0,1.0,0.0,0.0,0.0,1868.0,825.1863532198472,0.2950637825845812,0.965203426124197,0.0,0.0,0.0
BEV2_2024-10-17_drive1.csv,BEV2,20.915513112131265,50.895675,4.48352,50.857846,4.7041,16.03800457914839,1.3041219067442036,0.0,0.9649926785628132,-0.2622768200206927,0.0888545458562789,0.2864856706936063,0.2133217557954165,47.53718203310923,81.10000000000001,0.0,0.0,17.0,0.0,0.0,0.0,18.0,0.0,0.0,20.25,0.0,0.0,2.25,0.0,1.0,0.0,0.0,1459.8000000000002,0.0,0.0,-62.7465393363938,0.0,10,0.0,121561.0,211.11658741135213,229.07555296284997,8.803556133634661,836.1,24.507026268244097,13.640985279434954,16.88206253020035,21.17253295678604,0,,,22.25,29.75,121542.0,0.0,0.0,0.0,0.0,0.0,0.0,0.0,0.0,0.0,1.0,1.0,0.0,0.0,0.0,1377.0,887.4230043046068,0.2424710424710424,0.9404502541757443,0.0,0.0,0.0
BEV2_2024-10-18_drive1.csv,BEV2,51.80627463381953,50.857846,4.704098999999999,51.219492,4.406362,45.28205437075373,1.1440795996057898,0.0,-0.4597279870432796,0.8880597828576261,0.0388315149405674,0.1421649080613692,0.059224772350872,50.55863245261878,74.60000000000001,0.0,0.0,15.5,0.0,0.0,0.0,17.5,0.0,0.0,20.25,0.0,0.0,2.75,0.0,,1.0,,1305.5000000000002,0.0,0.0,-233.12823585218783,0.0,10,0.0,27861.0,216.4954779440712,236.5056112322824,10.24133568953847,866.9,27.76965161175258,14.066823669008826,17.358371734084955,21.7674002945841,0,,,17.5,20.25,6.0,0.0,0.0,0.0,0.0,0.0,0.0,0.0,0.0,0.0,1.0,1.0,0.0,0.0,0.0,3947.0,888.5531090479936,0.3206492815327302,0.952115530782873,0.0,0.0,0.0
BEV2_2024-10-18_drive2.csv,BEV2,52.18880010317217,51.219492,4.406362,50.86194,4.685997,44.3049890086433,1.1779440932259535,0.0,0.4412798129459353,-0.8973695597056991,0.0507153238888212,0.2026939776123017,0.0794973951718188,65.32133716880175,60.4,0.0,0.0,22.5,0.0,0.0,0.0,25.75,0.0,0.0,28.25,0.0,0.0,2.5,0.0,0.0,0.0,0.0,1555.3,0.0,0.0,130.47200025793043,0.0,10,0.0,11455.0,210.4040253056678,236.5056112322824,11.638387131022649,1004.8,27.19161413391328,14.55575523322796,17.08177193553559,21.40076860362973,0,,,25.25,31.25,11422.0,0.0,0.0,0.0,0.0,0.0,0.0,0.0,0.0,0.0,1.0,1.0,0.0,0.0,0.0,3601.0,922.214515573615,0.2675233644859813,0.95084698694807,0.0,0.0,0.0
BEV2_2024-10-18_drive3.csv,BEV2,1.9517955284402853,50.861933,4.685994,50.864303,4.677326,0.6629785543855828,2.9439798852153176,0.0,-0.9176032427432338,0.3974975332088263,0.4755287541201677,0.6726364936211884,1.2760564708615103,18.545621410686543,90.0,0.0,0.0,18.0,0.0,0.0,0.0,24.5,0.0,0.0,30.0,0.0,0.0,5.5,0.0,0.0,0.0,0.0,2205.0,0.0,0.0,-3.9035910568805705,0.0,10,0.0,11915.0,213.7425336530986,236.5056112322824,15.138804740456276,1210.8,28.39677433506509,15.521595880286146,17.429111038351543,21.57180430991377,0,,,24.5,30.0,1.0,0.0,0.0,0.0,0.0,0.0,0.0,0.0,0.0,0.0,1.0,1.0,0.0,0.0,0.0,504.0,175.79314309255213,0.3777335984095427,0.998015873015873,0.0,0.0,0.0
BEV2_2024-10-18_drive4.csv,BEV2,3.050234630118521,50.864289,4.677332,50.857457,4.703978,2.018607289752864,1.5110589591162915,0.0,0.9264812009722306,-0.3763410477812023,0.418147184287824,0.6990660179352752,0.9967588322561408,25.506978241557263,89.2,0.0,0.0,17.5,0.0,0.0,0.0,23.25,0.0,0.0,26.25,0.0,0.0,3.0,0.0,0.0,0.0,0.0,2073.9,0.0,0.0,-7.625586575296302,0.0,10,0.0,27431.0,213.7425336530986,236.5056112322824,15.138804740456276,1210.8,28.39677433506509,15.521595880286146,17.429111038351543,21.57180430991377,0,,,23.5,26.25,11.0,0.0,0.0,0.0,0.0,0.0,0.0,0.0,0.0,0.0,1.0,1.0,0.0,0.0,0.0,903.0,163.09490036110887,0.5798226164079823,0.9988925802879292,0.0,0.0,0.0
BEV2_2024-10-19_drive1.csv,BEV2,57.072323579515846,50.857457,4.703971999999999,51.253209,4.446054,47.55481395227783,1.200137669275481,0.0,-0.3790751955658673,0.9253658714836523,0.0347575968631022,0.1286583705488265,0.0550750567825322,48.1392716553966,87.80000000000001,0.0,0.0,15.5,0.0,0.0,0.0,14.75,0.0,0.0,17.0,0.0,0.0,2.25,0.0,0.0,0.0,0.0,1295.0500000000002,0.0,0.0,-256.8254561078213,0.0,10,0.0,61019.0,214.1428110222284,236.5056112322824,15.39366430601068,1286.6,28.381135328528583,16.420795659535592,18.68075227006547,22.871356564443893,0,,,14.75,17.0,5.0,0.0,0.0,0.0,0.0,0.0,0.0,0.0,0.0,0.0,1.0,1.0,0.0,0.0,0.0,3531.0,895.7656472682838,0.2535085100029859,0.9484565278957804,0.0,0.0,0.0
BEV2_2024-10-19_drive2.csv,BEV2,6.182628791624925,51.25321,4.446054999999999,51.222269,4.411587,4.194642394776171,1.4739346551507009,0.0,-0.5720628013851176,-0.8202098214916788,0.1746896745199448,0.3133665288787569,0.6181074938688754,21.48682996595322,74.10000000000001,0.0,0.0,16.5,0.0,0.0,0.0,23.75,0.0,0.0,30.0,0.0,0.0,6.25,0.0,,1.0,,1759.8750000000002,0.0,0.0,-21.63920077068724,0.0,10,0.0,668.0,206.5420864254476,229.07555296284997,21.091215862212767,1624.0,33.97767122241309,16.668054363186883,18.29386749054911,22.34655264993645,0,,,23.75,30.5,668.0,0.0,0.0,0.0,0.0,0.0,0.0,0.0,0.0,0.0,1.0,1.0,0.0,0.0,0.0,1133.0,334.22105747720934,0.4584805653710247,0.999117387466902,0.0,0.0,0.0
BEV2_2024-10-19_drive3.csv,BEV2,52.83047873983727,51.222269,4.411587,50.857721,4.704054999999999,45.40148449439226,1.1636288841252007,0.0,0.4503914685370513,-0.8928311850899017,0.0465786730958743,0.148186336513601,0.0772820584072344,59.574122889623325,73.0,0.0,0.0,21.0,0.0,0.0,0.0,27.75,0.0,0.0,29.75,0.0,0.0,2.0,0.0,0.0,0.0,0.0,2025.75,0.0,0.0,52.83047873983727,0.0,10,0.0,3049.0,205.70676064583,214.1017518989684,21.660529103701904,1726.3,34.35285470490862,17.157543349971025,19.4659614459764,23.852035253752387,0,,,25.0,31.25,3026.0,0.0,0.0,0.0,0.0,0.0,0.0,0.0,0.0,0.0,1.0,1.0,0.0,0.0,0.0,4292.0,807.9342294166026,0.3424690759155954,0.9606244175209692,0.0,0.0,0.0
BEV2_2024-10-19_drive4.csv,BEV2,15.06470421204484,50.857721,4.704056,50.864027,4.695874,0.9063452715309251,16.621374530479713,0.0,-0.6336102881960939,0.7736523784569287,0.0911113805911798,0.2976732534481015,0.2231771990619502,32.34454010986886,57.7,0.0,0.0,15.0,0.0,0.0,0.0,25.0,0.0,0.0,27.25,0.0,0.0,2.25,0.0,0.0,0.0,0.0,1442.5,0.0,0.0,-75.3235210602242,0.0,10,0.0,7677.0,206.2192170356844,214.36065679475468,26.71078802745966,2114.7,36.73805126609256,17.631719135768464,20.67232006321884,25.26060040989766,0,,,24.75,31.0,7677.0,0.0,0.0,0.0,0.0,0.0,0.0,0.0,0.0,0.0,1.0,1.0,0.0,0.0,0.0,1340.0,644.7442400926052,0.3246239113222486,0.942537313432836,0.0,0.0,0.0
BEV2_2024-10-19_drive5.csv,BEV2,1.1770422705116554,50.864025,4.695874,50.857699,4.704071,0.9087331542241024,1.2952562202010134,0.0,0.6331040509000191,-0.7740667030262871,0.2782165645858081,0.3630945490521943,0.759229988833329,6.398980985473587,53.6,0.0,0.0,15.0,0.0,0.0,0.0,23.25,0.0,0.0,28.75,0.0,0.0,5.5,0.0,0.0,0.0,0.0,1246.2,0.0,0.0,-5.885211352558278,0.0,10,0.0,9195.0,206.2192170356844,214.36065679475468,26.71078802745966,2114.7,36.73805126609256,17.631719135768464,20.67232006321884,25.26060040989766,0,,,23.5,29.25,178.0,0.0,0.0,0.0,0.0,0.0,0.0,0.0,0.0,0.0,1.0,1.0,0.0,0.0,0.0,234.0,145.8769053783744,0.3218884120171674,0.9957264957264956,0.0,0.0,0.0
BEV2_2024-10-20_drive1.csv,BEV2,2.9247142463620204,50.857699,4.704071,50.864721,4.693853,1.0601853724457977,2.758681945983506,0.0,-0.6764526139012539,0.7364861581497382,0.3553238044007179,0.5648812228355661,1.0650835440869142,20.60878065524164,53.400000000000006,0.0,0.0,16.0,0.0,0.0,0.0,15.25,0.0,0.0,17.75,0.0,0.0,2.5,0.0,0.0,0.0,0.0,814.3500000000001,0.0,0.0,-11.698856985448082,0.0,10,0.0,52914.0,206.5526725140976,214.36065679475468,26.66487825420497,2111.4,36.34390973147756,17.529097007310888,21.61274559513373,26.479444829734724,0,,,23.5,29.0,52915.0,0.0,0.0,0.0,0.0,0.0,0.0,0.0,0.0,0.0,1.0,1.0,0.0,0.0,0.0,786.0,186.2933757866651,0.4847328244274809,1.0,0.0,0.0,0.0
BEV2_2024-10-20_drive2.csv,BEV2,1.3972263451828413,50.864722,4.693857,50.857693,4.704069,1.0604741170802066,1.3175487479409789,0.0,0.6758713622374198,-0.737019607410369,0.4168973295973949,0.4855588652884474,1.1093445457695383,11.256227899129662,58.3,0.0,0.0,16.5,0.0,0.0,0.0,17.75,0.0,0.0,22.0,0.0,0.0,4.25,0.0,0.0,0.0,0.0,1034.825,0.0,0.0,-4.890292208139945,0.0,10,0.0,2394.0,205.94879834138328,206.44164508995192,26.84991442179125,2168.8,35.872751519160246,17.38259177548963,21.69542841407232,26.54819846651939,0,,,17.75,22.0,1.0,0.0,0.0,0.0,0.0,0.0,0.0,0.0,0.0,0.0,1.0,1.0,0.0,0.0,0.0,356.0,104.11109400568128,0.4185393258426966,1.0,0.0,0.0,0.0
BEV2_2024-10-20_drive3.csv,BEV2,4.782404345165065,50.857693,4.704069,50.857157,4.703873,0.0611678048838723,78.18499215795795,0.0,-0.2249167074838702,-0.9743779937450432,0.2937420485646638,0.4251349302206581,0.9534463382586826,27.90549461364306,57.1,0.0,0.0,17.5,0.0,0.0,0.0,18.5,0.0,0.0,20.5,0.0,0.0,2.0,0.0,0.0,0.0,0.0,1056.35,0.0,0.0,-11.956010862912663,0.0,10,0.0,24951.0,205.94879834138328,206.44164508995192,26.84991442179125,2168.8,35.872751519160246,17.38259177548963,21.69542841407232,26.54819846651939,0,,,18.25,23.75,22200.0,0.0,0.0,0.0,0.0,0.0,0.0,0.0,0.0,0.0,1.0,1.0,0.0,0.0,0.0,1237.0,133.078219313907,0.4830097087378641,0.9991915925626516,0.0,0.0,0.0
BEV2_2024-10-20_drive4.csv,BEV2,2.071986024373801,50.857156,4.703873,50.869883,4.699299,1.4511325558007,1.4278406311617269,0.0,-0.2212181990184555,0.9752243374849866,0.2401810923939208,0.3437998522470503,0.8548798573068557,9.847424788150756,55.6,0.0,0.0,17.5,0.0,0.0,0.0,19.75,0.0,0.0,22.0,0.0,0.0,2.25,0.0,0.0,0.0,0.0,1098.1,0.0,0.0,-5.179965060934503,0.0,10,0.0,5196.0,204.6927874350496,206.44164508995192,25.29306525567148,2105.8,33.34239634004645,17.10316556365592,21.64717827858221,26.27245818701648,0,,,19.0,24.0,5197.0,0.0,0.0,0.0,0.0,0.0,0.0,0.0,0.0,0.0,1.0,1.0,0.0,0.0,0.0,630.0,136.91023293524736,0.5507936507936508,1.0,0.0,0.0,0.0
BEV2_2024-10-20_drive5.csv,BEV2,2.412322908254053,50.869888,4.699299,50.8578,4.704098,1.3856814814105112,1.7408927957949645,0.0,0.243061454137907,-0.9700108914400736,0.3401629274855747,0.4792680803696051,1.0559578087397767,16.327820519307586,55.1,0.0,0.0,18.0,0.0,0.0,0.0,19.75,0.0,0.0,23.5,0.0,0.0,3.75,0.0,0.0,0.0,0.0,1088.225,0.0,0.0,-4.824645816508106,0.0,10,0.0,316.0,201.5095475267188,204.819291027418,23.408712546895732,2031.2,29.060599555220183,17.236057016588756,21.7034532634364,26.19338404940988,0,,,19.75,24.25,316.0,0.0,0.0,0.0,0.0,0.0,0.0,0.0,0.0,0.0,1.0,1.0,0.0,0.0,0.0,513.0,173.14029069562565,0.4580896686159844,1.0,0.0,0.0,0.0
BEV2_2024-10-21_drive1.csv,BEV2,2.1883530120502503,50.857802,4.704097,50.862493,4.686655,1.3307133270376903,1.6444962018391722,0.0,-0.9199727428370196,0.3919823368940631,0.364145225939318,0.4808472292865728,1.021431754828734,15.658244715390676,54.2,0.0,0.0,14.0,0.0,0.0,0.0,16.5,0.0,0.0,19.0,0.0,0.0,2.5,0.0,0.0,0.0,0.0,894.3000000000001,0.0,0.0,-13.130118072301505,0.0,10,0.0,40507.0,201.39771252342925,206.44164508995192,18.46937297187931,1687.9,26.02329576254229,17.384726619684802,21.5487837809816,25.9537317997361,0,,,16.5,19.0,6.0,0.0,0.0,0.0,0.0,0.0,0.0,0.0,0.0,0.0,1.0,1.0,0.0,0.0,0.0,724.0,119.20393997876828,0.5013812154696132,1.0,0.0,0.0,0.0
BEV2_2024-10-21_drive2.csv,BEV2,0.0347510410771532,50.862493,4.686655,50.862452,4.686903,0.0179929223258173,1.9313728169264763,0.0,0.9673675298856128,-0.2533773117763467,0.0,0.0,0.0,0.0,90.7,0.0,0.0,18.375,0.0,0.0,0.0,25.5,0.0,0.0,27.75,0.0,0.0,2.25,0.0,0.0,0.0,0.0,2312.85,0.0,0.0,-0.0564704417503739,0.0,10,0.0,15013.0,200.32614593453224,207.3069453013929,13.469328262767116,1400.1,21.895391658851768,16.778238304232833,20.47269546797542,24.69759204021553,0,,,16.0,19.75,14964.0,0.0,0.0,0.0,0.0,0.0,0.0,0.0,0.0,0.0,1.0,1.0,0.0,0.0,0.0,117.0,2.1683745460435606,0.7948717948717948,1.0,0.0,0.0,0.0
BEV2_2024-10-21_drive3.csv,BEV2,20.71030495230852,50.862454,4.686903,50.89537,4.48359,14.7264815437161,1.4063308259226224,0.0,-0.9686220480698184,0.2485383833395369,0.0774503729174961,0.2273895483911655,0.146741773738914,35.549721169130734,90.5,0.0,0.0,17.0,0.0,0.0,0.0,23.25,0.0,0.0,25.75,0.0,0.0,2.5,0.0,0.0,0.0,0.0,2104.125,0.0,0.0,-62.13091485692556,0.0,10,0.0,5496.0,199.01790000434517,207.3069453013929,13.167756093417328,1321.5,20.78707314112803,16.78464269165005,20.68876131909463,24.798529981763828,0,,,24.5,27.5,5496.0,0.0,0.0,0.0,0.0,0.0,0.0,0.0,0.0,0.0,1.0,1.0,0.0,0.0,0.0,1881.0,764.1164895866217,0.2689579923622476,0.9744816586921852,0.0,0.0,0.0
BEV2_2024-10-23_drive1.csv,BEV2,20.991861317430327,50.895369,4.483588999999999,50.857524,4.704007,16.027603945283246,1.3097317221647475,0.0,0.9649162066938208,-0.2625580203680843,0.0770742497738117,0.2236105574402177,0.2274275490426252,41.31179787876309,85.0,0.0,0.0,12.0,0.0,0.0,0.0,14.0,0.0,0.0,16.5,0.0,0.0,2.5,0.0,1.0,0.0,0.0,1190.0,0.0,0.0,-167.93489053944262,0.0,10,0.0,205667.0,206.8109484794889,207.3069453013929,9.531554230696596,1156.6,18.929446766754523,16.583297449537223,21.063360231373306,25.115182112735106,0,,,23.5,30.75,205621.0,0.0,0.0,0.0,0.0,0.0,0.0,0.0,0.0,0.0,1.0,1.0,0.0,0.0,0.0,1449.0,936.282497841696,0.2861313868613138,0.945479641131815,0.0,0.0,0.0
BEV2_2024-10-24_drive1.csv,BEV2,3.677385633457948,50.857521,4.704,50.881842,4.714751,2.8076365334778823,1.3097798057580794,0.0,0.2687090841447267,0.9632213806275804,0.2413260308302247,0.4770779536735064,0.7576784081949985,17.616800250606403,90.6,0.0,0.0,6.0,0.0,0.0,0.0,14.5,0.0,0.0,17.75,0.0,0.0,3.25,0.0,0.0,0.0,0.0,1313.6999999999998,0.0,0.0,-51.48339886841127,0.0,10,0.0,26864.0,218.0703046892372,221.3254223895244,11.012477483277134,1188.3,22.17488808414225,16.03060598341424,20.115780717397048,23.89122619897618,0,,,15.75,20.5,26864.0,0.0,0.0,0.0,0.0,0.0,0.0,0.0,0.0,0.0,1.0,1.0,0.0,0.0,0.0,690.0,241.34536066702088,0.3947750362844702,0.9985507246376812,0.0,0.0,0.0
BEV2_2024-10-24_drive2.csv,BEV2,4.062758513679995,50.881844,4.714753,50.858498,4.704752,2.6891509855204143,1.5107959856310391,0.0,-0.2609744864414219,-0.9653456984037564,0.2778582283462009,0.4441340182534276,0.854758085633307,22.50651649604228,89.4,0.0,0.0,15.0,0.0,0.0,0.0,13.0,0.0,0.0,15.25,0.0,0.0,2.25,0.0,0.0,0.0,0.0,1162.2,0.0,0.0,-20.313792568399972,0.0,10,0.0,62413.0,218.0703046892372,221.3254223895244,11.012477483277134,1188.3,22.17488808414225,16.03060598341424,20.115780717397048,23.89122619897618,0,,,13.0,15.25,7.0,0.0,0.0,0.0,0.0,0.0,0.0,0.0,0.0,0.0,1.0,1.0,0.0,0.0,0.0,919.0,226.08405125140695,0.4978213507625272,0.998911860718172,0.0,0.0,0.0
BEV2_2024-10-25_drive1.csv,BEV2,2.1035222151311945,50.858496,4.704753,50.862442,4.686793,1.3347500360648905,1.575967153619863,0.0,-0.9444230564033842,0.3287325516794621,0.4202817425517168,0.4821831725369163,1.25060240559238,17.65183318717211,88.0,0.0,0.0,10.5,0.0,0.0,0.0,11.5,0.0,0.0,13.75,0.0,0.0,2.25,0.0,0.0,0.0,0.0,1012.0,0.0,0.0,-19.98346104374635,0.0,10,0.0,51414.0,231.0003323621194,242.1478254290768,6.135705460661408,851.0,19.333739914817443,15.71318724750834,18.88311377565832,22.489160247496876,0,,,14.0,17.5,51399.0,0.0,0.0,0.0,0.0,0.0,0.0,0.0,0.0,0.0,1.0,1.0,0.0,0.0,0.0,596.0,120.06241570742026,0.4899328859060403,1.0,0.0,0.0,0.0
BEV2_2024-10-25_drive2.csv,BEV2,3.282851609586962,50.862439,4.686788,50.856942,4.704575,1.3900480978810468,2.361682027112052,0.0,0.8981323049311241,-0.43972532658366,0.5529385790978428,0.6619002964046167,1.3219810099811382,35.94100764135978,87.10000000000001,0.0,0.0,15.5,0.0,0.0,0.0,13.75,0.0,0.0,15.75,0.0,0.0,2.0,0.0,0.0,0.0,0.0,1197.6250000000002,0.0,0.0,-14.77283224314133,0.0,10,0.0,39460.0,231.50766152714905,242.1478254290768,6.228360474177088,887.2,18.804628404627,15.276877328726687,17.64657620360965,20.987790433222337,0,,,11.0,13.5,39460.0,0.0,0.0,0.0,0.0,0.0,0.0,0.0,0.0,0.0,1.0,1.0,0.0,0.0,0.0,1104.0,108.43606965256627,0.519927536231884,1.0,0.0,0.0,0.0
BEV2_2024-10-26_drive1.csv,BEV2,55.348663211860185,50.856942,4.704575999999999,51.222358,4.411592,45.50397653221093,1.2163478322093564,0.0,-0.4501732004971178,0.8929412576167493,0.047141773385735,0.170476980872347,0.061616734507041,63.02855101672774,85.60000000000001,0.0,0.0,20.0,0.0,0.0,0.0,13.0,0.0,0.0,15.25,0.0,0.0,2.25,0.0,0.0,0.0,0.0,1112.8000000000002,0.0,0.0,0.0,0.0,10,0.0,69726.0,239.6982662874221,254.89575090189703,6.264174210499583,919.0,18.53702382999041,15.254271323389068,17.559108946348232,20.939714155278995,0,,,13.0,15.25,7.0,0.0,0.0,0.0,0.0,0.0,0.0,0.0,0.0,0.0,1.0,1.0,0.0,0.0,0.0,4759.0,896.2366897820893,0.3868088811493252,0.9653288505988652,0.0,0.0,0.0
BEV2_2024-10-26_drive2.csv,BEV2,6.834239323670524,51.222358,4.411592,51.253115,4.459188999999999,4.761999027415636,1.4351618478552073,0.0,0.6958455681572232,0.7181914405476796,0.1524763653103922,0.3306077903060959,0.4633587285249144,20.736785682213338,71.60000000000001,0.0,0.0,24.0,0.0,0.0,0.0,27.25,0.0,0.0,29.75,0.0,0.0,2.5,0.0,0.0,0.0,0.0,1951.1,0.0,0.0,27.336957294682097,0.0,10,0.0,12364.0,226.0914580038118,254.89575090189703,11.320800097169094,1271.3,21.33173849875038,15.691678583993324,17.948166346454574,21.52448929466372,0,,,29.5,31.75,7028.0,0.0,0.0,0.0,0.0,0.0,0.0,0.0,0.0,0.0,1.0,1.0,0.0,0.0,0.0,1324.0,231.21362149329772,0.391238670694864,1.0,0.0,0.0,0.0
BEV2_2024-10-26_drive3.csv,BEV2,54.762601542294654,51.253114,4.45919,50.857222,4.703887,47.22680767212122,1.1595660228083116,0.0,0.3621428126624759,-0.9321226224252424,0.0380436057808672,0.1420528985312161,0.0584252551039165,53.56539693946115,69.9,0.0,0.0,18.5,0.0,0.0,0.0,25.5,0.0,0.0,28.0,0.0,0.0,2.5,0.0,,1.0,,1782.45,0.0,0.0,-82.14390231344198,0.0,10,0.0,9084.0,224.81605740305943,254.89575090189703,11.797025427098768,1340.6,22.008807411518188,15.979749170858216,18.68029845178058,22.309573215131827,0,,,26.5,31.25,9085.0,0.0,0.0,0.0,0.0,0.0,0.0,0.0,0.0,0.0,1.0,1.0,0.0,0.0,0.0,3173.0,989.1147543629186,0.2707556760420196,0.9300346675070912,0.0,0.0,0.0
BEV2_2024-10-27_drive1.csv,BEV2,2.5579471220111367,50.857222,4.703887,50.864747,4.693891,1.0919539197003298,2.342541270160124,0.0,-0.6425062032428376,0.766280483109464,0.2903713499663004,0.4156813546761346,0.9210618452111616,14.808938848281318,53.5,0.0,0.0,15.5,0.0,0.0,0.0,16.25,0.0,0.0,19.0,0.0,0.0,2.75,0.0,0.0,0.0,0.0,869.375,0.0,0.0,-11.510762049050117,0.0,10,0.0,47150.0,224.23214808690625,254.89575090189703,17.031997692962705,1606.5,26.533393947952906,16.008070430700734,19.220880759161304,22.864313637869312,0,,,25.25,31.0,47150.0,0.0,0.0,0.0,0.0,0.0,0.0,0.0,0.0,0.0,1.0,1.0,0.0,0.0,0.0,577.0,196.94670702219625,0.389948006932409,1.0,0.0,0.0,0.0
BEV2_2024-10-27_drive2.csv,BEV2,1.4133073829063263,50.864742,4.693883,50.857696,4.704067,1.0605424655405815,1.3326268667477943,0.0,0.6739746047955061,-0.7387545140916171,0.5097358680267927,0.6325439301213026,1.219214254314808,14.272604304750196,61.6,0.0,0.0,17.0,0.0,0.0,0.0,19.25,0.0,0.0,24.0,0.0,0.0,4.75,0.0,0.0,0.0,0.0,1185.8,0.0,0.0,-4.239922148718978,0.0,10,0.0,2413.0,223.0911042643336,241.8352560671786,17.06895710395879,1591.9,27.037196930534407,16.2640962927697,19.23670595901812,22.90631685944192,0,,,19.25,24.0,6.0,0.0,0.0,0.0,0.0,0.0,0.0,0.0,0.0,0.0,1.0,1.0,0.0,0.0,0.0,405.0,151.34723299013967,0.495049504950495,0.9975308641975308,0.0,0.0,0.0
BEV2_2024-10-27_drive3.csv,BEV2,37.865512269443656,50.857702,4.704063,50.818178,5.179722,33.68930722651169,1.1239623306841264,0.0,0.9914545132161696,-0.1304528582411598,0.0501116555894108,0.1740758734804351,0.0701575896412031,43.89781029632388,61.0,0.0,0.0,18.0,0.0,0.0,0.0,20.5,0.0,0.0,23.0,0.0,0.0,2.5,0.0,0.0,0.0,0.0,1250.5,0.0,0.0,-75.73102453888731,0.0,10,0.0,6805.0,223.30348449518627,241.8352560671786,17.206823857649706,1620.7,28.18226598143582,16.158492126103035,18.695775188675587,22.62563478317161,0,,,20.5,23.0,6.0,0.0,0.0,0.0,0.0,0.0,0.0,0.0,0.0,0.0,1.0,1.0,0.0,0.0,0.0,3214.0,692.1903612461482,0.3538805493452571,0.9741754822650902,0.0,0.0,0.0
BEV2_2024-10-27_drive4.csv,BEV2,34.19736562227016,50.818176,5.179723,50.857215,4.703889,33.694674322783754,1.0149190134521198,0.0,-0.9916664930103538,0.1288315436550611,0.0462645055773104,0.1886356238817512,0.0496553578053311,35.577404788951746,51.8,0.0,0.0,17.5,0.0,0.0,0.0,24.5,0.0,0.0,27.0,0.0,0.0,2.5,0.0,0.0,0.0,0.0,1269.1,0.0,0.0,-85.4934140556754,0.0,10,0.0,9349.0,216.8311070247709,241.8352560671786,18.92234458936322,1754.0,28.461457978768884,16.447166790147413,18.717832511137157,22.72058074061672,0,,,24.5,27.25,7.0,0.0,0.0,0.0,0.0,0.0,0.0,0.0,0.0,0.0,1.0,1.0,0.0,0.0,0.0,2163.0,728.7499952100662,0.1858027632205812,0.9704114655570968,0.0,0.0,0.0
BEV2_2024-10-27_drive5.csv,BEV2,4.486131700575735,50.857215,4.70389,50.857516,4.703999,0.0343330627499305,130.66505989433793,0.0,0.2228450779350378,0.9748538717367476,0.2732622410452475,0.3442029349058208,0.7845610584533048,24.32033945302703,43.8,0.0,0.0,13.0,0.0,0.0,0.0,23.0,0.0,0.0,25.75,0.0,0.0,2.75,0.0,0.0,0.0,0.0,1007.4,0.0,0.0,-31.402921904030144,0.0,10,0.0,11732.0,205.3424738545753,216.2791045451751,20.242902044968165,1825.4,28.939687022707904,16.792136928766038,19.600763246967247,23.746116519052396,0,,,24.75,30.75,11733.0,0.0,0.0,0.0,0.0,0.0,0.0,0.0,0.0,0.0,1.0,1.0,0.0,0.0,0.0,2088.0,189.02635635909036,0.7374221370388117,0.9995210727969348,0.0,0.0,0.0
BEV2_2024-10-28_drive1.csv,BEV2,2.066337424941951,50.857516,4.703995,50.862409,4.686757,1.326609933858482,1.5576073811930164,0.0,-0.912028770704892,0.4101262261871622,0.3118822940148972,0.5151710795641987,1.0060090844643463,12.787174054610787,89.10000000000001,0.0,0.0,12.5,0.0,0.0,0.0,17.5,0.0,0.0,21.0,0.0,0.0,3.5,0.0,0.0,0.0,0.0,1559.2500000000002,0.0,0.0,-15.497530687064632,0.0,10,0.0,36505.0,206.14441761651904,216.2791045451751,20.285239363657737,1942.3,28.124368911517173,16.703028531831617,20.30094762372334,24.54957107917061,0,,,18.0,21.25,19.0,0.0,0.0,0.0,0.0,0.0,0.0,0.0,0.0,0.0,1.0,1.0,0.0,0.0,0.0,520.0,140.6011647786618,0.4759152215799614,0.9980769230769232,0.0,0.0,0.0
BEV2_2024-10-28_drive2.csv,BEV2,2.8297095157685845,50.862401,4.686758,50.857203,4.703891,1.3342335390114697,2.120850235757909,0.0,0.9012970791602296,-0.4332015409682184,0.4289562079302115,0.5477764811907595,1.2078535899206837,24.021547644091847,88.30000000000001,0.0,0.0,15.0,0.0,0.0,0.0,15.75,0.0,0.0,18.0,0.0,0.0,2.25,0.0,,1.0,,1390.725,0.0,0.0,-14.148547578842924,0.0,10,0.0,14015.0,205.8490377850448,216.2791045451751,20.28151386558509,1934.7,28.28305250551596,16.86779118596837,20.81111916481681,25.220943343724883,0,,,15.75,18.25,14.0,0.0,0.0,0.0,0.0,0.0,0.0,0.0,0.0,0.0,1.0,1.0,0.0,0.0,0.0,568.0,128.219646505365,0.3368606701940035,0.9982394366197184,0.0,0.0,0.0
BEV2_2024-10-28_drive3.csv,BEV2,11.438396596154558,50.857199,4.703895999999999,50.839672,4.838611,9.65647107891322,1.184531751058885,0.0,0.979421629351991,-0.2018248546574264,0.1212949158206567,0.3029201574264468,0.3502859190519445,31.779267945012062,87.2,0.0,0.0,15.5,0.0,0.0,0.0,16.5,0.0,0.0,18.5,0.0,0.0,2.0,0.0,0.0,0.0,0.0,1438.8,0.0,0.0,-51.47278468269551,0.0,10,0.0,15450.0,204.40178076222503,216.2791045451751,20.23619965620325,1881.0,29.00481909118008,16.819627229328802,20.943356052920368,25.307039632699865,0,,,16.5,18.5,8.0,0.0,0.0,0.0,0.0,0.0,0.0,0.0,0.0,0.0,1.0,1.0,0.0,0.0,0.0,1335.0,686.0635855753193,0.4015267175572519,0.9812734082397004,0.0,0.0,0.0
BEV2_2024-10-28_drive4.csv,BEV2,11.086222422449447,50.839666,4.838623999999999,50.857293,4.703932,9.657131548998755,1.1479829560361383,0.0,-0.9791865150852126,0.2029624809546748,0.1305490187297751,0.2948888680026156,0.3834196020758287,34.72603898212019,84.0,0.0,0.0,15.5,0.0,0.0,0.0,18.25,0.0,0.0,22.5,0.0,0.0,4.25,0.0,0.0,0.0,0.0,1533.0,0.0,0.0,-49.88800090102252,0.0,10,0.0,1125.0,203.58939884789223,219.7105081901464,15.845186144283364,1538.6,27.89817471481773,16.188128452426874,20.42818315360243,24.635641868209937,0,,,18.25,22.5,15.0,0.0,0.0,0.0,0.0,0.0,0.0,0.0,0.0,0.0,1.0,1.0,0.0,0.0,0.0,2668.0,556.6879203756263,0.7002279635258358,0.9865067466266868,0.0,0.0,0.0
BEV2_2024-10-29_drive1.csv,BEV2,5.708157258493826,50.857292,4.703927,50.857465,4.703977,0.0195542802635491,291.9134420474839,0.0,0.1794804473118002,0.983761540736756,0.3024305479789041,0.481882957403264,0.8971619567597245,34.47708246959507,81.4,0.0,0.0,13.0,0.0,0.0,0.0,14.0,0.0,0.0,16.5,0.0,0.0,2.5,0.0,0.0,0.0,0.0,1139.6,0.0,0.0,-39.95710080945678,0.0,10,0.0,53890.0,205.9274106622981,225.5762635908701,16.270384454161253,1673.1,27.53693705732108,15.628953062156176,19.667172836310364,24.044409729138497,0,,,21.0,27.0,53890.0,0.0,0.0,0.0,0.0,0.0,0.0,0.0,0.0,0.0,1.0,1.0,0.0,0.0,0.0,1021.0,156.65912871556088,0.3247687564234326,0.9529872673849168,0.0,0.0,0.0
BEV2_2024-10-29_drive2.csv,BEV2,59.895175563447765,50.857465,4.703973,50.994784,5.539025,60.486319736515,0.9902268120189436,0.0,0.96761282829185,0.2524389322688691,0.0289843659369339,0.1284203274902984,0.0310751972212107,46.14311057159881,79.9,0.0,0.0,13.5,0.0,0.0,0.0,14.0,0.0,0.0,17.75,0.0,0.0,3.75,0.0,0.0,0.0,0.0,1118.6,0.0,0.0,-389.3186411624105,0.0,10,0.0,55095.0,205.9274106622981,225.5762635908701,16.270384454161253,1673.1,27.53693705732108,15.628953062156176,19.667172836310364,24.044409729138497,0,,,14.0,17.5,184.0,0.0,0.0,0.0,0.0,0.0,0.0,0.0,0.0,0.0,1.0,1.0,0.0,0.0,0.0,3132.0,1032.841948111638,0.2341172341172341,0.9096424010217112,0.0,0.0,0.0
BEV2_2024-10-29_drive3.csv,BEV2,4.9798697475904605,50.994784,5.539025,51.01188,5.513128,2.626285363579236,1.896164756751201,0.0,-0.689975585921675,0.7238326400709223,0.1947511709334116,0.4061579776049238,0.5220853022529813,19.28036592240776,99.7,0.0,0.0,17.5,0.0,0.0,0.0,24.25,0.0,0.0,27.5,0.0,0.0,3.25,0.0,,1.0,,2417.725,0.0,0.0,-12.44967436897615,0.0,10,0.0,80090.0,205.9274106622981,225.5762635908701,16.270384454161253,1673.1,27.53693705732108,15.628953062156176,19.667172836310364,24.044409729138497,0,,,24.5,27.5,8.0,0.0,0.0,0.0,0.0,0.0,0.0,0.0,0.0,0.0,1.0,1.0,0.0,0.0,0.0,719.0,190.39240618485255,0.2851182197496523,1.0,0.0,0.0,0.0
BEV2_2024-10-29_drive4.csv,BEV2,79.31393894009219,51.01188,5.513129,50.857289,4.703919,59.25397022181792,1.33854218785981,0.0,-0.9569959462017148,-0.2901012908511169,0.0251427131511503,0.1087612672052562,0.0274329241027758,39.90148577087558,98.3,0.0,0.0,14.5,0.0,0.0,0.0,23.5,0.0,0.0,27.25,0.0,0.0,3.75,0.0,0.0,0.0,0.0,2310.05,0.0,0.0,-436.22666417050704,0.0,10,0.0,469.0,197.91983715918505,222.30899908693084,11.292111274690836,1427.7,23.81561277698081,15.499106143506442,19.49770177514668,23.765256206530715,0,,,23.75,27.75,470.0,0.0,0.0,0.0,0.0,0.0,0.0,0.0,0.0,0.0,1.0,1.0,0.0,0.0,0.0,3709.0,796.1768701259543,0.1186943620178041,0.9994607710973308,0.0,0.0,0.0
BEV2_2024-10-30_drive1.csv,BEV2,2.037003129936729,50.857291,4.703917,50.86242,4.686831,1.3279466515977782,1.5339495208529783,0.0,-0.9030788634830346,0.4294747563363771,0.2770903189160435,0.4244472517674676,0.7613072843263227,11.083612756641742,84.30000000000001,0.0,0.0,12.25,0.0,0.0,0.0,13.75,0.0,0.0,16.5,0.0,0.0,2.75,0.0,0.0,0.0,0.0,1159.1250000000002,0.0,0.0,-15.786774257009649,0.0,10,0.0,51243.0,187.789745849312,222.30899908693084,18.967710456498946,1741.0,29.9172639287264,15.347797491240872,20.31877117515974,24.826882597375626,1,270.3465974367504,522.0,13.75,16.5,6.0,0.0,0.0,0.0,0.0,0.0,0.0,0.0,0.0,0.0,0.0,0.0,0.0,0.0,0.0,489.0,76.8401855621084,0.3619631901840491,1.0,0.0,0.0,0.0
BEV2_2024-10-30_drive2.csv,BEV2,2.7719559317300986,50.862415,4.686827,50.857753,4.704101,1.3186039319936531,2.1021899483790105,0.0,0.9194800793049074,-0.3931365968228361,0.4732928989890048,0.5966452839583783,1.2327642141980164,26.031109444395263,83.7,0.0,0.0,14.5,0.0,0.0,0.0,14.0,0.0,0.0,16.25,0.0,0.0,2.25,0.0,0.0,0.0,0.0,1171.8,0.0,0.0,-15.245757624515544,0.0,10,0.0,12211.0,187.27993975254395,216.44324368620715,19.03006891169398,1749.4,30.16059139437827,14.895968222948188,19.70130898006868,23.985250717135493,1,270.0238282260859,569.0,14.0,16.25,6.0,0.0,0.0,0.0,0.0,0.0,0.0,0.0,0.0,0.0,0.0,0.0,0.0,0.0,0.0,540.0,79.754501032003,0.24860853432282,0.998148148148148,0.0,0.0,0.0
BEV2_2024-10-30_drive3.csv,BEV2,2.0960055767807257,50.857758,4.704104,50.862438,4.686825,1.3197142457769735,1.588226832807064,0.0,-0.9189721399474378,0.3943224644886808,0.2786560239969499,0.4129705536328824,0.8369809067395719,11.424896983874948,82.80000000000001,0.0,0.0,14.0,0.0,0.0,0.0,14.75,0.0,0.0,16.75,0.0,0.0,2.0,0.0,,1.0,,1221.3000000000002,0.0,0.0,-12.576033460684354,0.0,10,0.0,3841.0,190.55734771463304,222.30899908693084,15.520724397430692,1482.0,27.763140045680444,14.58430445160889,18.787933088615592,22.816255567536903,2,237.5918966297349,506.5,14.25,17.75,3842.0,0.0,0.0,0.0,0.0,0.0,0.0,0.0,0.0,0.0,0.0,0.0,0.0,0.0,0.0,451.0,69.15703695043246,0.2644444444444444,0.9977827050997784,0.0,0.0,0.0
BEV2_2024-10-30_drive4.csv,BEV2,2.194468100390462,50.862433,4.686819,50.864488,4.678346,0.6370531934954694,3.444717211681427,0.0,-0.9334559672506164,0.3586920088379669,0.5978532210376037,0.8025674079443164,1.4225468653087,25.70768850461696,82.30000000000001,0.0,0.0,15.3,0.0,0.0,0.0,15.5,0.0,0.0,17.75,0.0,0.0,2.25,0.0,0.0,0.0,0.0,1275.65,0.0,0.0,-10.314000071835167,0.0,10,0.0,9838.0,194.22130951330612,222.30899908693084,12.310581367760788,1310.7,23.74611535808236,14.502536792329114,17.885033365879917,21.703656091803666,0,,,15.5,17.75,7.0,0.0,0.0,0.0,0.0,0.0,0.0,0.0,0.0,0.0,1.0,1.0,0.0,0.0,0.0,452.0,105.3438016118989,0.2350332594235033,0.9977876106194692,0.0,0.0,0.0
BEV2_2024-10-30_drive5.csv,BEV2,3.129841232317152,50.864484,4.678355,50.857778,4.704136999999999,1.9571667800316,1.5991694035735768,0.0,0.9245763724796792,-0.3809967604223396,0.366469431680825,0.6141150274942896,0.9797538031494204,22.72110476421115,81.5,0.0,0.0,14.0,0.0,0.0,0.0,16.25,0.0,0.0,18.5,0.0,0.0,2.25,0.0,0.0,0.0,0.0,1324.375,0.0,0.0,-18.779047393902918,0.0,10,0.0,8467.0,191.7823065198405,222.30899908693084,12.081433145711223,1147.2,24.70981050110561,14.583422937906796,17.406638388298408,21.130449756083184,0,,,15.75,20.0,8468.0,0.0,0.0,0.0,0.0,0.0,0.0,0.0,0.0,0.0,1.0,1.0,0.0,0.0,0.0,738.0,72.1919182661643,0.2357723577235772,1.0,0.0,0.0,0.0
BEV2_2024-10-30_drive6.csv,BEV2,5.704284651396502,50.857772,4.704132,50.857768,4.704106,0.0018784009768167,3036.7768766088398,0.0,-0.9715616659782316,-0.2367866744595297,0.1737223441167843,0.3003707962024581,0.4803351915407147,19.80434722931341,80.0,0.0,0.0,14.0,0.0,0.0,0.0,16.5,0.0,0.0,19.25,0.0,0.0,2.75,0.0,0.0,0.0,0.0,1320.0,0.0,0.0,-34.225707908379015,0.0,10,0.0,7587.0,193.11169107789263,222.30899908693084,12.187783526448746,1169.1,24.805320847224618,14.773963799512808,17.42153693875955,21.04891936407656,0,,,17.0,19.5,838.0,0.0,0.0,0.0,0.0,0.0,0.0,0.0,0.0,0.0,1.0,1.0,0.0,0.0,0.0,1207.0,107.01594484120136,0.4109362054681027,1.0,0.0,0.0,0.0
BEV2_2024-10-31_drive1.csv,BEV2,2.18738506351204,50.857769,4.704105,50.86248,4.686694999999999,1.32952255664621,1.6452410322618618,0.0,-0.9191078168640022,0.3940061179467746,0.3711925829158706,0.4876874158083126,1.0980509585332197,15.961281065382437,78.30000000000001,0.0,0.0,12.5,0.0,0.0,0.0,14.5,0.0,0.0,17.0,0.0,0.0,2.5,0.0,0.0,0.0,0.0,1135.35,0.0,0.0,-16.4053879763403,0.0,10,0.0,39869.0,191.6607509124899,216.44324368620715,12.475241040011536,1233.2,24.712137508212088,14.6417803423149,17.516971152862624,21.208658745488087,2,181.6385836771288,471.5,17.0,21.75,39869.0,0.0,0.0,0.0,0.0,0.0,0.0,0.0,0.0,0.0,0.0,0.0,0.0,0.0,0.0,530.0,69.63601971097437,0.360377358490566,1.0,0.0,0.0,0.0
BEV2_2024-10-31_drive2.csv,BEV2,0.1077652577697969,50.862481,4.686697,50.862434,4.686774,0.007517868697458,14.334549073228027,0.0,0.7188489767861336,-0.69516627404782,2.080545410823348,0.787625940408947,2.7106461631505057,4.161090821646696,99.90000000000002,0.0,0.0,15.5,0.0,0.0,0.0,21.25,0.0,0.0,26.25,0.0,0.0,5.0,0.0,0.0,0.0,0.0,2122.8750000000005,0.0,0.0,-0.484943659964086,0.0,10,0.0,10108.0,189.635153779804,214.3968778965732,11.55017121512867,1152.7,23.112215343795206,14.334573471515796,17.206283036613918,20.801361544776725,0,,,21.25,26.25,22.0,0.0,0.0,0.0,0.0,0.0,0.0,0.0,0.0,0.0,1.0,1.0,0.0,0.0,0.0,62.0,13.944865261597394,0.3442622950819672,0.9838709677419356,0.0,0.0,0.0
BEV2_2024-10-31_drive3.csv,BEV2,2.766956702211275,50.862432,4.68677,50.857758,4.704091,1.322161468711309,2.0927524872648013,0.0,0.9195008573584186,-0.3930879969130743,0.4768701698244939,0.6176456918626455,1.3534610096866375,26.22785934034717,99.6,0.0,0.0,15.5,0.0,0.0,0.0,23.0,0.0,0.0,25.5,0.0,0.0,2.5,0.0,0.0,0.0,0.0,2290.8,0.0,0.0,-12.451305159950737,0.0,10,0.0,4621.0,185.8660965010181,214.3968778965732,10.452325498660702,892.0,22.22418298611018,14.3814353727134,17.39991599541542,20.954531689239,1,262.8281312930287,542.0,23.25,25.75,8.0,0.0,0.0,0.0,0.0,0.0,0.0,0.0,0.0,0.0,0.0,0.0,0.0,0.0,0.0,565.0,72.9590310371633,0.2530973451327433,1.0,0.0,0.0,0.0
BEV2_2024-10-31_drive4.csv,BEV2,2.1027652321071297,50.857758,4.704091,50.862431,4.686791,1.3207625584630605,1.592084223339937,0.0,-0.919358789025583,0.393420153323916,0.3168291679844141,0.456545064694605,0.982722980138594,13.306825055345392,98.7,0.0,0.0,15.5,0.0,0.0,0.0,22.0,0.0,0.0,25.75,0.0,0.0,3.75,0.0,0.0,0.0,0.0,2171.4,0.0,0.0,-9.462443544482085,0.0,10,0.0,754.0,187.03558067113565,237.35962953366896,10.23104734335307,876.8,21.48803640461264,14.20434064487738,17.28202413033605,20.81376008430073,3,192.10988717560423,492.0,22.25,26.0,754.0,0.0,0.0,0.0,0.0,0.0,0.0,0.0,0.0,0.0,0.0,0.0,0.0,0.0,0.0,546.0,62.98850813579296,0.3772893772893773,1.0,0.0,0.0,0.0
BEV2_2024-10-31_drive5.csv,BEV2,3.324963690584319,50.862423,4.686778,50.873379,4.702357999999999,1.6369333903232397,2.0312150208676174,0.0,0.667924547870472,0.7442289959092064,0.4001597543949412,0.5731904962632118,1.1533761052323892,26.41054379006612,98.1,0.0,0.0,16.5,0.0,0.0,0.0,20.5,0.0,0.0,23.25,0.0,0.0,2.75,0.0,0.0,0.0,0.0,2011.05,0.0,0.0,-11.637372917045116,0.0,10,0.0,18116.0,230.74886102212855,237.35962953366896,2.509929972554564,560.5,15.17481425641292,14.249623435073984,17.036646771845486,20.469018780466158,0,,,20.5,23.25,7.0,0.0,0.0,0.0,0.0,0.0,0.0,0.0,0.0,0.0,1.0,1.0,0.0,0.0,0.0,868.0,55.72905194785325,0.2895040369088812,0.9988479262672812,0.0,0.0,0.0
BEV2_2024-10-31_drive6.csv,BEV2,2.85167920154585,50.873379,4.702349,50.858175,4.704215,1.6956743222284865,1.6817375625515876,0.0,0.0772289169329601,-0.9970133872668722,0.2754198576711995,0.3767253343984486,0.8015312685491565,15.698931887258372,97.0,0.0,0.0,16.5,0.0,0.0,0.0,21.0,0.0,0.0,23.25,0.0,0.0,2.25,0.0,0.0,0.0,0.0,2037.0,0.0,0.0,-9.980877205410476,0.0,10,0.0,5492.0,237.90493242624856,265.49865129745297,2.63873714812732,598.4,15.057181596099309,14.531464197619544,17.7114006660004,21.19517154522717,0,,,20.0,24.75,5493.0,0.0,0.0,0.0,0.0,0.0,0.0,0.0,0.0,0.0,1.0,1.0,0.0,0.0,0.0,549.0,64.28972121612867,0.1675774134790528,1.0,0.0,0.0,0.0
BEV2_2024-10-31_drive7.csv,BEV2,4.328689420795705,50.858172,4.704217,50.857706,4.704069,0.0528479815956059,81.90832062270498,0.0,-0.1965699217320947,-0.9804898091618484,0.2347705358508177,0.3408704521061258,0.7771204161734391,20.19026608317032,96.1,0.0,0.0,11.0,0.0,0.0,0.0,20.0,0.0,0.0,22.25,0.0,0.0,2.25,0.0,0.0,0.0,0.0,1922.0,0.0,0.0,-38.95820478716134,0.0,10,0.0,6294.0,236.9441887634459,260.69192941549306,2.646712389227434,599.3,15.079213972468594,14.51089491583977,18.37997787899912,21.85812472059979,0,,,20.5,24.25,6294.0,0.0,0.0,0.0,0.0,0.0,0.0,0.0,0.0,0.0,1.0,1.0,0.0,0.0,0.0,1036.0,120.32739479029148,0.4879227053140096,0.999034749034749,0.0,0.0,0.0
BEV2_2024-11-01_drive1.csv,BEV2,125.38816854899108,50.857701,4.70407,51.45464,5.387167,81.70265270142563,1.534689075607005,0.0,0.583087075122952,0.8124096644086412,0.0347292968549624,0.129410706909558,0.0517155667773066,88.90699994870378,94.7,0.0,0.0,10.0,0.0,0.0,0.0,13.75,0.0,0.0,16.75,0.0,0.0,3.0,0.0,,1.0,,1302.125,0.0,0.0,-1253.8816854899108,0.0,10,0.0,22333.0,244.97852495093215,260.69192941549306,2.87000409404124,657.9,14.91118944776009,14.108931489468256,18.773258225819927,22.289036574573565,0,,,13.75,16.75,6.0,0.0,0.0,0.0,0.0,0.0,0.0,0.0,0.0,0.0,1.0,1.0,0.0,0.0,0.0,5310.0,913.7533965364544,0.0631758679567444,0.9926553672316384,0.0,0.0,0.0
BEV2_2024-11-04_drive1.csv,BEV2,115.09677551497046,51.454643,5.387203,50.857516,4.704077,81.72087027626668,1.4084134826987615,0.0,-0.5829829881411444,-0.8124843601805651,0.0332114799223638,0.1328788366326516,0.0479996181750943,78.81084185576941,63.1,0.0,0.0,8.0,0.0,0.0,0.0,4.0,0.0,0.0,6.5,0.0,0.0,2.5,0.0,0.0,0.0,0.0,252.4,0.0,0.0,-1381.1613061796456,0.0,10,0.0,283349.0,202.9355295392037,252.9763350477956,15.18935600093234,1143.5,21.67405564848833,13.58782515478888,18.938688360724885,22.665242589838886,0,,,4.0,6.5,6.0,0.0,0.0,0.0,0.0,0.0,0.0,0.0,0.0,0.0,1.0,1.0,0.0,0.0,0.0,5302.0,844.663318949035,0.0609523809523809,0.990192380233874,0.0,0.0,0.0
BEV2_2024-11-04_drive2.csv,BEV2,5.956196937058181,50.857516,4.704079,50.857508,4.704067,0.0012250691960936,4861.926947515094,0.0,-0.6875564448120655,-0.7261309352984441,0.283645309826246,0.4305958452067444,1.0311109610056148,33.75379186932328,33.300000000000004,0.0,0.0,8.5,0.0,0.0,0.0,17.0,0.0,0.0,22.75,0.0,0.0,5.75,0.0,0.0,0.0,0.0,566.1,0.0,0.0,-68.49626477616908,0.0,10,0.0,387.0,194.551968525498,232.31455517039572,26.38604942919767,1599.8,27.96548334742608,13.197264172549168,18.48764846883639,22.33048681419985,1,199.53330669222527,1210.0,17.0,22.75,7.0,0.0,0.0,0.0,0.0,0.0,0.0,0.0,0.0,0.0,0.0,0.0,0.0,0.0,0.0,1031.0,96.6776173370014,0.2560620756547042,1.0,0.0,0.0,0.0
BEV2_2024-11-04_drive3.csv,BEV2,13.530206666566269,50.857508,4.704071,50.889102,4.686998,3.711740132041764,3.6452462147783855,0.0,-0.3227549304904811,0.94648256975186,0.0910871484768713,0.247902169905667,0.1768426559260393,24.866791534185875,31.6,0.0,0.0,8.75,0.0,0.0,0.0,17.5,0.0,0.0,23.75,0.0,0.0,6.25,0.0,0.0,0.0,0.0,553.0,0.0,0.0,-152.2148249988705,0.0,10,0.0,299.0,194.36648255447284,232.31455517039572,26.411240657763837,1582.1,28.34407255611873,12.658781930198398,18.562006582435828,22.62338652890811,0,,,17.75,24.0,299.0,0.0,0.0,0.0,0.0,0.0,0.0,0.0,0.0,0.0,1.0,1.0,0.0,0.0,0.0,813.0,759.8403773211311,0.1405672009864365,0.997539975399754,0.0,0.0,0.0
BEV2_2024-11-04_drive4.csv,BEV2,56.90487608717186,50.889096,4.686980999999999,51.222331,4.411561,41.75598365561231,1.3627957266317072,0.0,-0.4610110476095052,0.8873943959604357,0.0377870401888832,0.1253367875061152,0.0604630323900711,46.55363351270417,90.8,0.0,0.0,20.9,0.0,0.0,0.0,44.75,0.0,0.0,55.5,0.0,0.0,10.75,0.0,0.0,0.0,0.0,4063.3,0.0,0.0,51.21438847845459,0.0,10,0.0,2895.0,193.57471040866443,223.5960421007109,27.54548945954527,1610.3,32.84294596652246,12.288524577257224,19.00884932195333,23.367008005913505,0,,,44.75,55.5,33.0,0.0,0.0,0.0,0.0,0.0,0.0,0.0,0.0,0.0,1.0,1.0,0.0,0.0,0.0,3827.0,833.8861118662102,0.2096860031931878,0.9819702116540372,0.0,0.0,0.0
BEV2_2024-11-04_drive5.csv,BEV2,6.354264548512125,51.222332,4.411556,51.253217,4.446053,4.190692164760458,1.516280437381002,0.0,0.5730833676972701,0.8194970736181768,0.1882796364127968,0.3652295391154081,0.6490619223705119,23.911513824425192,79.30000000000001,0.0,0.0,16.5,0.0,0.0,0.0,26.5,0.0,0.0,28.75,0.0,0.0,2.25,0.0,0.0,0.0,0.0,2101.4500000000003,0.0,0.0,-22.23992591979244,0.0,10,0.0,3637.0,192.63821223546532,192.77591158486,33.22521166199348,1986.7,37.58833259366,11.845935128314938,19.711245508947325,24.37501270687982,0,,,26.5,28.75,6.0,0.0,0.0,0.0,0.0,0.0,0.0,0.0,0.0,0.0,1.0,1.0,0.0,0.0,0.0,1261.0,122.55410446392828,0.369047619047619,0.999206978588422,0.0,0.0,0.0
BEV2_2024-11-04_drive6.csv,BEV2,2.2999686794429564,51.253218,4.44605,51.250903,4.433972,0.8791182268011358,2.6162222660448027,0.0,-0.9561699482884404,-0.2928122777311109,0.4388477292038478,0.5455805986419854,1.5212602070019785,19.74814781417315,77.60000000000001,0.0,0.0,9.0,0.0,0.0,0.0,22.75,0.0,0.0,29.5,0.0,0.0,6.75,0.0,0.0,0.0,0.0,1765.4,0.0,0.0,-25.29965547387252,0.0,10,0.0,678.0,192.0516719555056,192.77591158486,33.58393626154119,2056.2,37.64575594696553,11.5141282997683,19.985804976157347,24.760504332948564,0,,,24.25,30.75,679.0,0.0,0.0,0.0,0.0,0.0,0.0,0.0,0.0,0.0,1.0,1.0,0.0,0.0,0.0,460.0,60.968763294060686,0.1717391304347826,1.0,0.0,0.0,0.0
BEV2_2024-11-04_drive7.csv,BEV2,12.674643676317748,51.250902,4.433955,51.163424,4.454224,9.8290766568299,1.2895050185116377,0.0,0.143658280146914,-0.9896273533735972,0.0760062147934961,0.2546935625427634,0.1152680580397683,19.22957234275453,76.80000000000001,0.0,0.0,9.5,0.0,0.0,0.0,25.25,0.0,0.0,28.5,0.0,0.0,3.25,0.0,0.0,0.0,0.0,1939.2000000000005,0.0,0.0,-133.08375860133634,0.0,10,0.0,2984.0,192.45653898497093,198.14821330131056,33.603674421453015,2047.5,38.05921570583183,10.82520821337521,20.06080497615735,25.07122395092184,0,,,25.5,28.5,13.0,0.0,0.0,0.0,0.0,0.0,0.0,0.0,0.0,0.0,1.0,1.0,0.0,0.0,0.0,1586.0,216.44331237506444,0.228391167192429,0.9993694829760404,0.0,0.0,0.0
BEV2_2024-11-04_drive8.csv,BEV2,54.90074653103095,51.16342,4.454217,50.857596,4.70403,38.23437890295079,1.4359000487593618,0.0,0.4571085557596259,-0.8894109108007102,0.0503187017611888,0.2026803037736677,0.0524297422044182,59.5270241834864,74.10000000000001,0.0,0.0,6.5,0.0,0.0,0.0,19.75,0.0,0.0,23.0,0.0,0.0,3.25,0.0,0.0,0.0,0.0,1463.475,0.0,0.0,-741.1600781689178,0.0,10,0.0,10413.0,190.72167815647148,192.77591158486,34.53863130051836,2119.3,39.556667563721575,10.175209305654748,20.39201993979676,25.50554829072821,0,,,19.75,23.0,7.0,0.0,0.0,0.0,0.0,0.0,0.0,0.0,0.0,0.0,1.0,1.0,0.0,0.0,0.0,3215.0,709.2816314070801,0.1538950715421303,0.9782270606531882,0.0,0.0,0.0
BEV2_2024-11-05_drive1.csv,BEV2,2.1759979398248825,50.857596,4.704027,50.862391,4.686798,1.3215993270141375,1.6464883836927116,0.0,-0.9150079782856306,0.4034357441695554,0.3679597772895326,0.5029826572024297,1.023712731677472,15.822270423449902,89.9,0.0,0.0,3.3,0.0,0.0,0.0,12.0,0.0,0.0,16.25,0.0,0.0,4.25,0.0,0.0,0.0,0.0,1078.8000000000002,0.0,0.0,-36.339165595075535,0.0,10,0.0,32829.0,191.75155666969547,192.77591158486,39.74352399984027,2385.9,43.83710539132672,9.34110469931901,20.102552292029426,25.413151416590317,0,,,12.0,16.25,1.0,0.0,0.0,0.0,0.0,0.0,0.0,0.0,0.0,0.0,1.0,1.0,0.0,0.0,0.0,708.0,62.331400836332726,0.4646892655367232,1.0,0.0,0.0,0.0
BEV2_2024-11-05_drive2.csv,BEV2,2.909549645818798,50.862387,4.686798,50.857257,4.703968,1.333321809422301,2.1821810948096934,0.0,0.9038607509223884,-0.427826767444507,0.5153919120182464,0.6740096711034872,1.3843203779108977,29.892730897058293,88.7,0.0,0.0,12.8,0.0,0.0,0.0,11.25,0.0,0.0,13.25,0.0,0.0,2.0,0.0,0.0,0.0,0.0,997.875,0.0,0.0,-20.948757449895343,0.0,10,0.0,69270.0,191.75155666969547,192.77591158486,39.74352399984027,2385.9,43.83710539132672,9.34110469931901,20.102552292029426,25.413151416590317,0,,,11.25,13.25,15.0,0.0,0.0,0.0,0.0,0.0,0.0,0.0,0.0,0.0,1.0,1.0,0.0,0.0,0.0,734.0,62.297097437260746,0.2888283378746594,1.0,0.0,0.0,0.0
BEV2_2024-11-12_drive1.csv,BEV2,77.48253548046893,50.994802,5.539044,50.857023,4.70414,60.48947493382683,1.2809259059568934,0.0,-0.9673952761406772,-0.2532713558630403,0.0335800407399816,0.139733448973936,0.0322783442054959,54.19818575433041,99.1,0.0,0.0,9.0,0.0,0.0,0.0,17.75,0.0,0.0,21.25,0.0,0.0,3.5,0.0,0.0,0.0,0.0,1759.025,0.0,0.0,-852.3078902851582,0.0,10,0.0,604506.0,192.1162137289299,192.77591158486,39.60158670193027,2355.7,43.75889422665895,9.499282508322812,19.37024341259992,24.638364514521115,0,,,22.75,26.5,10679.0,0.0,0.0,0.0,0.0,0.0,0.0,0.0,0.0,0.0,1.0,1.0,0.0,0.0,0.0,3147.0,984.1473670647204,0.0807232805941233,0.9841118525579916,0.0,0.0,0.0
BEV2_2024-11-13_drive1.csv,BEV2,2.500475222502505,50.857024,4.704141,50.86242,4.686785,1.3579430310145577,1.8413697521863857,0.0,-0.8970883940021203,0.4418511212463951,0.3128966908313513,0.4617133927468526,0.977186799599857,15.644834541567564,83.4,0.0,0.0,5.0,0.0,0.0,0.0,8.5,0.0,0.0,11.25,0.0,0.0,2.75,0.0,0.0,0.0,0.0,708.9000000000001,0.0,0.0,-37.50712833753758,0.0,10,0.0,47818.0,191.3396925892493,191.75428164954872,34.81102339507805,2139.5,44.11756102618741,9.399233409546756,19.28186931523657,24.507795239777128,0,,,8.75,11.25,6.0,0.0,0.0,0.0,0.0,0.0,0.0,0.0,0.0,0.0,1.0,1.0,0.0,0.0,0.0,689.0,70.17761180958242,0.420899854862119,1.0,0.0,0.0,0.0
BEV2_2024-11-13_drive2.csv,BEV2,8.693162498311512,50.86242,4.686785,50.882472,4.673587,2.4143624948354048,3.6006036860277497,0.0,-0.3835785041263968,0.9235082734724988,0.2402102711445848,0.430953419885122,0.7302963084439699,41.55637690801318,82.30000000000001,0.0,0.0,12.0,0.0,0.0,0.0,9.75,0.0,0.0,12.0,0.0,0.0,2.25,0.0,,1.0,,802.4250000000001,0.0,0.0,-69.5452999864921,0.0,10,0.0,27723.0,195.33011981130824,196.9170870101306,23.55139336583125,1678.2,37.60827047403093,8.923922334543896,18.80478328305589,23.934470464979363,0,,,9.75,12.0,9.0,0.0,0.0,0.0,0.0,0.0,0.0,0.0,0.0,0.0,1.0,1.0,0.0,0.0,0.0,1242.0,260.1309216846132,0.2190016103059581,1.0,0.0,0.0,0.0
BEV2_2024-11-13_drive3.csv,BEV2,3.720175481196587,50.882471,4.673585999999999,50.8707,4.696285,2.061468382500997,1.8046240790184844,0.0,0.7725739921333017,-0.6349247409569209,0.3266844924920833,0.6429570665711082,0.904607906384066,24.174652444414168,79.30000000000001,0.0,0.0,9.5,0.0,0.0,0.0,11.75,0.0,0.0,14.0,0.0,0.0,2.25,0.0,0.0,0.0,0.0,931.775,0.0,0.0,-39.06184255256416,0.0,10,0.0,11825.0,197.2003020106967,201.63282861181293,23.825089921956582,1699.2,38.050268812433465,9.194926994435557,18.116269736916784,22.932755595495344,0,,,11.75,14.0,12.0,0.0,0.0,0.0,0.0,0.0,0.0,0.0,0.0,0.0,1.0,1.0,0.0,0.0,0.0,987.0,143.95668648770584,0.5283975659229209,0.9989868287740628,0.0,0.0,0.0
BEV2_2024-11-13_drive4.csv,BEV2,3.0724901905965365,50.870698,4.696282,50.857746,4.704088,1.5408766830050935,1.993988373296956,0.0,0.355537895110015,-0.9346618667415184,0.2847974843401585,0.4351740229571813,0.9410877751325756,17.372646544749667,78.4,0.0,0.0,8.5,0.0,0.0,0.0,11.75,0.0,0.0,14.0,0.0,0.0,2.25,0.0,0.0,0.0,0.0,921.2,0.0,0.0,-35.33363719186017,0.0,10,0.0,7606.0,197.932699004812,201.63282861181293,22.84407568391155,1716.7,33.42647777356888,9.265184347376731,17.39807433690188,21.890858381069474,0,,,11.25,14.5,7607.0,0.0,0.0,0.0,0.0,0.0,0.0,0.0,0.0,0.0,1.0,1.0,0.0,0.0,0.0,738.0,111.58105336896624,0.4735413839891452,0.9986449864498644,0.0,0.0,0.0
BEV2_2024-11-14_drive1.csv,BEV2,2.205978630226132,50.857745,4.704087,50.862436,4.686796999999999,1.3209065035158531,1.6700490340190506,0.0,-0.9187273178663103,0.3948925365288327,0.3916934699012302,0.4842430084064821,1.1270526842938289,17.23451267565413,77.0,0.0,0.0,9.0,0.0,0.0,0.0,9.75,0.0,0.0,12.0,0.0,0.0,2.25,0.0,0.0,0.0,0.0,750.75,0.0,0.0,-24.265764932487453,0.0,10,0.0,34251.0,202.84489906011987,217.0469266341792,17.460825974746022,1407.9,29.569636529063736,9.007773796319016,15.714487351531703,19.659665974709775,1,332.0365999962431,691.0,9.75,12.25,7.0,0.0,0.0,0.0,0.0,0.0,0.0,0.0,0.0,0.0,0.0,0.0,0.0,0.0,0.0,708.0,52.56103096412164,0.437057991513437,0.998587570621469,0.0,0.0,0.0
BEV2_2024-11-14_drive2.csv,BEV2,31.958282576508,50.862435,4.686796,50.865514,4.348893,23.717257160876475,1.3474695813150672,0.0,-0.9998958034184596,0.0144354530983084,0.0830818012980646,0.2569310784287343,0.155501134973364,53.089271029463305,76.10000000000001,0.0,0.0,12.0,0.0,0.0,0.0,10.5,0.0,0.0,12.5,0.0,0.0,2.0,0.0,0.0,0.0,0.0,799.0500000000001,0.0,0.0,-255.666260612064,0.0,10,0.0,10047.0,204.0618698101988,237.96865307617415,17.04599743793628,1352.6,28.87698484949118,8.723777664110857,14.142187942082447,17.891371670551557,0,,,10.5,12.5,6.0,0.0,0.0,0.0,0.0,0.0,0.0,0.0,0.0,0.0,1.0,1.0,0.0,0.0,0.0,2955.0,514.6646463624817,0.2318889641164522,0.9996615905245348,0.0,0.0,0.0
BEV2_2024-11-14_drive3.csv,BEV2,33.16092534720728,50.865518,4.348913,50.857515,4.704002,24.93813175211161,1.3297277308834257,0.0,0.9993631217282374,-0.0356840430667859,0.0722520171501988,0.2541262552403447,0.1022705672985828,47.90308737058186,68.3,0.0,0.0,14.0,0.0,0.0,0.0,15.0,0.0,0.0,17.5,0.0,0.0,2.5,0.0,0.0,0.0,0.0,1024.5,0.0,0.0,-198.9655520832437,0.0,10,0.0,25648.0,200.16375504486535,222.55455505380792,20.01182416169458,1602.1,30.97544014241863,8.96755576267433,13.18276115817984,16.629855029431432,0,,,15.0,17.5,11.0,0.0,0.0,0.0,0.0,0.0,0.0,0.0,0.0,0.0,1.0,1.0,0.0,0.0,0.0,2519.0,753.2509702885469,0.1778483525208416,1.0,0.0,0.0,0.0
BEV2_2024-11-15_drive2.csv,BEV2,0.5392452527192758,50.857514,4.704002,50.857755,4.704095,0.0275816292995327,19.550884643657064,0.0,0.2366734936268538,0.9715892431549764,0.6261064121193172,0.6026017178232621,1.3867313090312523,6.261064121193172,89.4,0.0,0.0,9.0,0.0,0.0,0.0,13.0,0.0,0.0,16.75,0.0,0.0,3.75,0.0,0.0,0.0,0.0,1162.2,0.0,0.0,-5.931697779912034,0.0,10,0.0,43159.0,200.57664637827443,222.55455505380792,22.060473382773708,1695.4,32.8375212178244,9.284599084151434,12.444613713913942,15.840872545310024,0,,,13.25,17.0,253.0,0.0,0.0,0.0,0.0,0.0,0.0,0.0,0.0,0.0,1.0,1.0,0.0,0.0,0.0,121.0,71.3949634986166,0.3083333333333333,0.9917355371900828,0.0,0.0,0.0
BEV2_2024-11-15_drive3.csv,BEV2,1.956874308844613,50.857755,4.70409,50.861931,4.686033999999999,1.34971514134911,1.4498424511179566,0.0,-0.938956443388556,0.3440360408723389,0.2332765351365809,0.3235827224577691,0.7150932026434067,9.097784870326656,88.9,0.0,0.0,9.0,0.0,0.0,0.0,12.75,0.0,0.0,15.0,0.0,0.0,2.25,0.0,0.0,0.0,0.0,1133.475,0.0,0.0,-21.525617397290745,0.0,10,0.0,7559.0,200.86835288516997,268.8386979504279,16.62433640456791,1386.0,28.27248927149888,9.57913087608792,11.969108584911767,15.259077190713288,0,,,12.5,16.25,7072.0,0.0,0.0,0.0,0.0,0.0,0.0,0.0,0.0,0.0,1.0,1.0,0.0,0.0,0.0,365.0,78.49059612900382,0.195054945054945,0.9972602739726028,0.0,0.0,0.0
BEV2_2024-11-15_drive4.csv,BEV2,2.546976247866839,50.861935,4.686036,50.857802,4.704096,1.3483409349036477,1.888970498436173,0.0,0.9401211197746286,-0.340840549456338,0.3730578297682386,0.4588022003783951,1.116224179537579,18.65289148841193,88.30000000000001,0.0,0.0,10.0,0.0,0.0,0.0,11.75,0.0,0.0,14.0,0.0,0.0,2.25,0.0,,1.0,,1037.525,0.0,0.0,-25.46976247866839,0.0,10,0.0,8310.0,198.52957129999496,221.07895935178956,16.529075890035756,1349.1,28.768958571812004,9.322916493455628,12.049667172165272,15.338999678240018,0,,,12.25,14.75,8222.0,0.0,0.0,0.0,0.0,0.0,0.0,0.0,0.0,0.0,1.0,1.0,0.0,0.0,0.0,561.0,115.40182748200276,0.2941176470588235,1.0,0.0,0.0,0.0
BEV2_2024-11-15_drive5.csv,BEV2,2.121385057335854,50.857801,4.704092999999999,50.862529,4.686614,1.3347176031959338,1.5893886858585464,0.0,-0.9191580929989102,0.3938888168945734,0.2852991323518712,0.3997691051399559,0.7336654564771546,11.982563558778592,87.30000000000001,0.0,0.0,10.5,0.0,0.0,0.0,11.75,0.0,0.0,14.0,0.0,0.0,2.25,0.0,0.0,0.0,0.0,1025.775,0.0,0.0,-20.153158044690613,0.0,10,0.0,3870.0,206.9041960386077,268.8386979504279,9.035519966775547,1090.4,21.542514643514878,9.445537128376264,11.550008065326836,14.649312106172568,2,314.20410051008673,700.5,11.75,14.0,8.0,0.0,0.0,0.0,0.0,0.0,0.0,0.0,0.0,0.0,0.0,0.0,0.0,0.0,0.0,447.0,81.72753686311978,0.2930648769574944,1.0,0.0,0.0,0.0
BEV2_2024-11-15_drive6.csv,BEV2,2.802199144626387,50.862528,4.686614,50.857509,4.704123,1.349711605867364,2.076146587496825,0.0,0.9105100549987084,-0.4134869281443477,0.4122841195768257,0.527143509211671,1.186163874471563,23.08791069630224,86.80000000000001,0.0,0.0,13.0,0.0,0.0,0.0,12.5,0.0,0.0,14.75,0.0,0.0,2.25,0.0,0.0,0.0,0.0,1085.0000000000002,0.0,0.0,-19.615394012384712,0.0,10,0.0,20262.0,202.75127319987,221.07895935178956,8.997610950258883,1066.1,21.944491278624653,9.949689370996344,12.01753531297517,15.005712961558135,0,,,12.5,14.75,7.0,0.0,0.0,0.0,0.0,0.0,0.0,0.0,0.0,0.0,1.0,1.0,0.0,0.0,0.0,628.0,57.063239448606936,0.1942675159235669,1.0,0.0,0.0,0.0
BEV2_2024-11-15_drive7.csv,BEV2,14.558823929056333,50.857515,4.704121,50.873467,4.702179,1.7790121534521408,8.183656250355119,0.0,-0.076609693240964,0.9970611590577206,0.165202516300333,0.3700705062852754,0.3955099465258325,48.07393224339692,85.60000000000001,0.0,0.0,11.0,0.0,0.0,0.0,12.75,0.0,0.0,16.25,0.0,0.0,3.5,0.0,0.0,0.0,0.0,1091.4,0.0,0.0,-131.029415361507,0.0,10,0.0,182.0,202.7077694714453,246.2318794505459,8.408525734398438,1004.8,21.028081384736417,10.047568846997793,12.238588600894673,15.21912447301754,0,,,12.75,16.25,14.0,0.0,0.0,0.0,0.0,0.0,0.0,0.0,0.0,0.0,1.0,1.0,0.0,0.0,0.0,3301.0,153.0326469343351,0.5230303030303031,0.9996970614965162,0.0,0.0,0.0
BEV2_2024-11-15_drive8.csv,BEV2,16.75719945819101,50.873467,4.702179,50.856904,4.70349,1.844020857970184,9.087315572252578,0.0,0.049894551287977,-0.9987544912298374,0.163776424958128,0.3399612052827482,0.4535411327255327,54.86510236097289,82.80000000000001,0.0,0.0,14.0,0.0,0.0,0.0,15.75,0.0,0.0,18.0,0.0,0.0,2.25,0.0,0.0,0.0,0.0,1304.1,0.0,0.0,-100.54319674914606,0.0,10,0.0,8679.0,203.3290708909753,247.9272004789552,9.492397598385802,1236.2,21.26161048334813,10.108845700250438,12.434169030618287,15.509003613251531,0,,,14.0,18.0,8680.0,0.0,0.0,0.0,0.0,0.0,0.0,0.0,0.0,0.0,1.0,1.0,0.0,0.0,0.0,2836.0,183.8529551000324,0.4391534391534391,0.9996473906911142,0.0,0.0,0.0
BEV2_2024-11-16_drive1.csv,BEV2,2.500299222770723,50.856906,4.703488999999999,50.873448,4.701979,1.842439180122716,1.3570592992948562,0.0,-0.0575175163594136,0.9983444973113462,0.2017120339195092,0.3439851938029719,0.4608383358976305,10.085601695975464,78.80000000000001,0.0,0.0,7.0,0.0,0.0,0.0,9.5,0.0,0.0,12.0,0.0,0.0,2.5,0.0,0.0,0.0,0.0,748.6000000000001,0.0,0.0,-32.503889896019395,0.0,10,0.0,35352.0,197.7977647042087,200.1674618803168,10.860868525145248,1445.9,21.893283765079893,10.254219202716964,12.817131066216884,15.967318968576938,0,,,14.75,18.5,35353.0,0.0,0.0,0.0,0.0,0.0,0.0,0.0,0.0,0.0,1.0,1.0,0.0,0.0,0.0,405.0,123.34162102308744,0.2004950495049505,0.9975308641975308,0.0,0.0,0.0
BEV2_2024-11-16_drive2.csv,BEV2,2.4201383061112045,50.873448,4.701979,50.857208,4.703899,1.8108283772725997,1.3364813234020136,0.0,0.0744112959460171,-0.9972276365181796,0.1892595481302235,0.2895070624135026,0.4682272329981825,9.084458310250728,78.0,0.0,0.0,11.0,0.0,0.0,0.0,9.0,0.0,0.0,11.25,0.0,0.0,2.25,0.0,0.0,0.0,0.0,702.0,0.0,0.0,-21.78124475500084,0.0,10,0.0,2174.0,196.069924181211,200.1674618803168,10.890293565232945,1415.6,22.98629067914128,10.048618040311077,12.699579547043976,15.953869442080869,0,,,8.25,11.5,2175.0,0.0,0.0,0.0,0.0,0.0,0.0,0.0,0.0,0.0,1.0,1.0,0.0,0.0,0.0,602.0,111.76631203817148,0.4658901830282861,0.9983388704318936,0.0,0.0,0.0
BEV2_2024-11-16_drive3.csv,BEV2,3.489477073560888,50.857206,4.703894,50.873797,4.713336,1.960233851483524,1.7801330544924618,0.0,0.3380410370083583,0.941131370903294,0.2066484376570029,0.3343047913869182,0.7241228295232595,14.258742198333206,77.0,0.0,0.0,7.5,0.0,0.0,0.0,9.5,0.0,0.0,11.75,0.0,0.0,2.25,0.0,0.0,0.0,0.0,731.5,0.0,0.0,-43.6184634195111,0.0,10,0.0,3930.0,205.5396391959495,204.6379846861616,7.936465988963219,1180.3,20.53797972013044,9.86883440830598,12.29080566759666,15.381731035926544,0,,,9.0,11.5,3931.0,0.0,0.0,0.0,0.0,0.0,0.0,0.0,0.0,0.0,1.0,1.0,0.0,0.0,0.0,706.0,71.07476557447917,0.2567375886524822,0.9985835694050992,0.0,0.0,0.0
BEV2_2024-11-16_drive4.csv,BEV2,2.53779120377813,50.873799,4.713337999999999,50.857204,4.703891,1.9607710750283425,1.2942822525783366,0.0,-0.3381273787318509,-0.9411003537093838,0.2548075507583531,0.344439021991122,0.8063936843014137,12.740377537917654,76.10000000000001,0.0,0.0,8.0,0.0,0.0,0.0,9.25,0.0,0.0,12.25,0.0,0.0,3.0,0.0,,1.0,,703.9250000000001,0.0,0.0,-30.45349444533756,0.0,10,0.0,218.0,216.1382290800489,207.1956420262761,4.969300107608406,999.0,17.576864107084866,9.457349727376856,11.636452516947545,14.552934763371308,0,,,9.25,11.75,219.0,0.0,0.0,0.0,0.0,0.0,0.0,0.0,0.0,0.0,1.0,1.0,0.0,0.0,0.0,415.0,103.68706143905648,0.1927710843373494,1.0,0.0,0.0,0.0
BEV2_2024-11-16_drive5.csv,BEV2,74.9384934535224,50.857205,4.703884,51.222361,4.411578,45.45680447518495,1.6485649248492955,0.0,-0.4495962379622528,0.8932318975552705,0.0569960224029467,0.1891473639206744,0.0971085554634346,85.49403360442011,75.0,0.0,0.0,8.5,0.0,0.0,0.0,10.75,0.0,0.0,13.0,0.0,0.0,2.25,0.0,0.0,0.0,0.0,806.25,0.0,0.0,-861.7926747155076,0.0,10,0.0,11867.0,215.5057570948371,207.1956420262761,5.169141553088923,1028.3,18.194365916362266,9.394227741094914,11.26698136310139,14.102208683610908,0,,,9.5,12.5,11868.0,0.0,0.0,0.0,0.0,0.0,0.0,0.0,0.0,0.0,1.0,1.0,0.0,0.0,0.0,4745.0,827.4325261531059,0.1586426299045599,0.9936775553213908,0.0,0.0,0.0
BEV2_2024-11-16_drive6.csv,BEV2,7.5589782692297875,51.222363,4.411574,51.253226,4.446028,4.186971400508856,1.805357034039239,0.0,0.57287741613504,0.8196410592951284,0.1435971738074419,0.3230565745919846,0.338606632471592,21.683173244923736,56.400000000000006,0.0,0.0,15.5,0.0,0.0,0.0,19.75,0.0,0.0,22.0,0.0,0.0,2.25,0.0,,1.0,,1113.9,0.0,0.0,-34.015402211534045,0.0,10,0.0,5888.0,196.19023225684165,207.1956420262761,12.467296448391432,1466.3,21.9578856608213,9.457472816290847,11.488870465057555,14.460345740294908,0,,,19.75,22.0,10.0,0.0,0.0,0.0,0.0,0.0,0.0,0.0,0.0,0.0,1.0,1.0,0.0,0.0,0.0,1328.0,167.71496626287313,0.3712349397590361,1.0,0.0,0.0,0.0
BEV2_2024-11-16_drive7.csv,BEV2,75.90409325999455,51.253227,4.446025,50.857589,4.704018,47.54506080277281,1.596466425289919,0.0,0.3792625964499799,-0.9252890807385656,0.0487823604448425,0.1509917764568769,0.0803606173361572,74.05162315527103,54.4,0.0,0.0,10.0,0.0,0.0,0.0,17.75,0.0,0.0,22.75,0.0,0.0,5.0,0.0,0.0,0.0,0.0,965.6,0.0,0.0,-759.0409325999456,0.0,10,0.0,1142.0,193.23528597717504,204.42044024884063,12.96849665052773,1543.0,22.37394939027453,9.76025853057656,12.26927679229367,15.33013294684788,0,,,19.0,23.75,1087.0,0.0,0.0,0.0,0.0,0.0,0.0,0.0,0.0,0.0,1.0,1.0,0.0,0.0,0.0,4314.0,724.794455014547,0.0952712100139082,1.0,0.0,0.0,0.0
BEV2_2024-11-17_drive1.csv,BEV2,0.7194648434710341,50.857589,4.704018,50.858801,4.704495,0.1388650996314016,5.181034294295361,0.0,0.2411052345254646,0.9704989777863864,0.7751768585478361,0.839882628999547,1.483663930670622,10.852476019669703,90.1,0.0,0.0,9.5,0.0,0.0,0.0,14.25,0.0,0.0,16.75,0.0,0.0,2.5,0.0,0.0,0.0,0.0,1283.925,0.0,0.0,-7.554380856445858,0.0,10,0.0,62050.0,185.09945563731765,204.42044024884063,20.3467674707936,1929.8,27.000468299506466,9.631215632776122,12.985996193938712,16.33531404210804,0,,,14.25,16.75,14.0,0.0,0.0,0.0,0.0,0.0,0.0,0.0,0.0,0.0,1.0,1.0,0.0,0.0,0.0,150.0,87.36585084121141,0.2281879194630872,0.9933333333333332,0.0,0.0,0.0
BEV2_2024-11-17_drive2.csv,BEV2,4.401217534336256,50.8588,4.704494,50.858218,4.704225999999999,0.0673940399552832,65.30573827086957,0.0,-0.279120509330454,-0.9602560810904078,0.2875528075588902,0.5271833288343099,0.8004511865650146,25.304647065182333,89.30000000000001,0.0,0.0,6.5,0.0,0.0,0.0,9.0,0.0,0.0,11.5,0.0,0.0,2.5,0.0,0.0,0.0,0.0,803.7,0.0,0.0,-59.416436713539454,0.0,10,0.0,29717.0,183.7452855676478,204.42044024884063,20.13848292117,1882.0,27.103143787293227,9.353830529765029,13.067629530061216,16.471681291710585,0,,,13.0,16.75,29717.0,0.0,0.0,0.0,0.0,0.0,0.0,0.0,0.0,0.0,1.0,1.0,0.0,0.0,0.0,1435.0,94.48498653452585,0.5874564459930314,1.0,0.0,0.0,0.0
BEV2_2024-11-18_drive1.csv,BEV2,2.185303267827951,50.858214,4.704225999999999,50.862415,4.686757,1.3120816749413495,1.665523808131559,0.0,-0.93447740268612,0.3560224485464409,0.4198336784421652,0.6032280321477642,0.8965705634366873,18.052848173013103,87.4,0.0,0.0,7.5,0.0,0.0,0.0,7.0,0.0,0.0,9.25,0.0,0.0,2.25,0.0,0.0,0.0,0.0,611.8000000000001,0.0,0.0,-27.316290847849388,0.0,10,0.0,37795.0,185.46077964167844,207.1956420262761,19.122726382004597,1695.3,26.61945293139489,9.028635039516551,12.495973519270084,15.846941906531686,0,,,7.0,9.25,11.0,0.0,0.0,0.0,0.0,0.0,0.0,0.0,0.0,0.0,1.0,1.0,0.0,0.0,0.0,828.0,60.36402823841066,0.5241545893719807,1.0,0.0,0.0,0.0
BEV2_2024-11-18_drive2.csv,BEV2,2.8005403258237624,50.862413,4.686753,50.8573,4.703929,1.3328942569631643,2.1010971509506304,0.0,0.9044659656100008,-0.4265457971345734,0.4258560512999495,0.5460433645161291,1.219499105570948,23.84793887279717,86.4,0.0,0.0,11.0,0.0,0.0,0.0,8.25,0.0,0.0,10.25,0.0,0.0,2.0,0.0,0.0,0.0,0.0,712.8000000000001,0.0,0.0,-25.20486293241386,0.0,10,0.0,12754.0,187.5941490035019,222.3934113905574,17.665536762968287,1494.6,25.4408970733022,8.785722427543408,11.617664284460208,14.90039774789727,0,,,6.75,9.0,12755.0,0.0,0.0,0.0,0.0,0.0,0.0,0.0,0.0,0.0,1.0,1.0,0.0,0.0,0.0,615.0,63.33560934750885,0.2813008130081301,1.0,0.0,0.0,0.0
BEV2_2024-11-18_drive3.csv,BEV2,2.056156889581629,50.857298,4.703927,50.862428,4.686785,1.3315447802850209,1.5441890652310644,0.0,-0.9035902754810832,0.4283977288175323,0.3034051602054241,0.4799569419417663,1.079548336404493,12.43961156842239,85.30000000000001,0.0,0.0,9.5,0.0,0.0,0.0,9.25,0.0,0.0,11.5,0.0,0.0,2.25,0.0,0.0,0.0,0.0,789.0250000000001,0.0,0.0,-21.589647340607105,0.0,10,0.0,2364.0,189.10497396244557,269.06008107093004,17.695574022505404,1515.6,24.8634336851568,9.120520400130502,11.639521694780289,14.83263900744809,0,,,8.75,11.75,2364.0,0.0,0.0,0.0,0.0,0.0,0.0,0.0,0.0,0.0,1.0,1.0,0.0,0.0,0.0,392.0,77.53361374089593,0.2423469387755102,1.0,0.0,0.0,0.0
BEV2_2024-11-18_drive4.csv,BEV2,2.8264583005146084,50.862427,4.686782,50.857281,4.703933,1.3328786268282522,2.120566902059576,0.0,0.903160137205404,-0.4293038161525193,0.4354183693923887,0.5516493036994625,1.2163425621735795,24.38342868597377,84.9,0.0,0.0,11.75,0.0,0.0,0.0,10.75,0.0,0.0,13.0,0.0,0.0,2.25,0.0,0.0,0.0,0.0,912.675,0.0,0.0,-23.31828097924552,0.0,10,0.0,17922.0,186.87916648693104,222.17586695323644,17.659175880852448,1494.6,25.29968917618033,9.135370070598125,11.68253151843555,14.865846696737014,1,300.7465258243424,617.0,10.75,13.0,11.0,0.0,0.0,0.0,0.0,0.0,0.0,0.0,0.0,0.0,0.0,0.0,0.0,0.0,0.0,698.0,62.85439847775253,0.2707736389684814,1.0,0.0,0.0,0.0
BEV2_2024-11-19_drive1.csv,BEV2,2.277638371413276,50.85728,4.703933999999999,50.862411,4.686808,1.3305782046157488,1.711765880060409,0.0,-0.9034030063939604,0.428792499979132,0.4115142957843322,0.6160582418172338,1.0770859731903075,18.51814331029495,84.0,0.0,0.0,11.0,0.0,0.0,0.0,9.0,0.0,0.0,11.25,0.0,0.0,2.25,0.0,0.0,0.0,0.0,756.0,0.0,0.0,-20.498745342719484,0.0,10,0.0,50349.0,189.18847749524824,269.06008107093004,17.592874003547816,1493.8,24.97898592577238,9.42179599045068,11.830529750401602,15.058888775944936,1,148.0205536732963,394.0,9.0,11.25,7.0,0.0,0.0,0.0,0.0,0.0,0.0,0.0,0.0,0.0,0.0,0.0,0.0,0.0,0.0,806.0,72.43879885087527,0.5105590062111801,0.9987593052109182,0.0,0.0,0.0
BEV2_2024-11-19_drive2.csv,BEV2,2.832903341434979,50.862411,4.686806,50.857212,4.703904,1.332067871172007,2.126695946012477,0.0,0.9009180186095154,-0.4339893129383543,0.4346065099799478,0.5495398731138447,1.2337373133634912,24.33796455887708,83.4,0.0,0.0,11.0,0.0,0.0,0.0,11.0,0.0,0.0,13.25,0.0,0.0,2.25,0.0,0.0,0.0,0.0,917.4,0.0,0.0,-25.49613007291481,0.0,10,0.0,37185.0,190.11761976294272,307.64124566880554,17.566865739548106,1533.0,23.79764110819355,9.722135718668108,11.813910445759529,14.99810237271836,2,328.21480701043686,658.5,9.5,12.5,37122.0,0.0,0.0,0.0,0.0,0.0,0.0,0.0,0.0,0.0,0.0,0.0,0.0,0.0,0.0,726.0,56.41691284632139,0.3213793103448276,0.9986225895316804,0.0,0.0,0.0
BEV2_2024-11-20_drive1.csv,BEV2,2.2509925503313912,50.857077,4.703939,50.862429,4.68678,1.3433774257308189,1.6756218373304994,0.0,-0.8965216601995569,0.4429999015722577,0.3703113766598458,0.4623314317001914,1.070654629141322,16.664011949693062,82.4,0.0,0.0,2.5,0.0,0.0,0.0,4.5,0.0,0.0,7.25,0.0,0.0,2.75,0.0,0.0,0.0,0.0,370.8,0.0,0.0,-39.392369630799344,0.0,10,0.0,45451.0,199.27845939832497,316.3725911339943,10.356306728339366,1131.1,19.51538904788302,9.58234057488507,11.448084136476298,14.484227611116328,2,235.5344794356085,601.0,10.5,13.25,45452.0,0.0,0.0,0.0,0.0,0.0,0.0,0.0,0.0,0.0,0.0,0.0,0.0,0.0,0.0,534.0,72.07164427069182,0.3689138576779026,1.0,0.0,0.0,0.0
BEV2_2024-11-20_drive2.csv,BEV2,67.35741891212687,50.862423,4.686773,50.994828,5.539492999999999,61.54921790059639,1.0943667719858097,0.0,0.9709698492393556,0.2392019060712165,0.035843627682793,0.1661355361344399,0.031915550124924,53.90881603492073,81.4,0.0,0.0,8.277777777777779,0.0,0.0,0.0,4.5,0.0,0.0,6.75,0.0,0.0,2.25,0.0,0.0,0.0,0.0,366.3,0.0,0.0,-789.578632803265,0.0,10,0.0,9680.0,203.2826000931832,319.9225550844949,9.825508156449526,1051.7,18.98249686013296,8.541877621793384,9.813809860283897,12.884010370569625,0,,,2.25,6.25,9680.0,0.0,0.0,0.0,0.0,0.0,0.0,0.0,0.0,0.0,1.0,1.0,0.0,0.0,0.0,3321.0,964.8408350182402,0.1774445485785692,0.96386630532972,0.0,0.0,0.0
BEV2_2024-11-20_drive3.csv,BEV2,72.46682889781913,50.994829,5.539486999999999,50.860338,4.680793,62.01265931236948,1.1685812171477763,0.0,-0.970486704029832,-0.2411546335887275,0.0257098034907103,0.1154131541102787,0.0302093894894853,39.56738757220319,100.0,0.0,0.0,4.5,0.0,0.0,0.0,18.25,0.0,0.0,25.75,0.0,0.0,7.5,0.0,0.0,0.0,0.0,1825.0,0.0,0.0,-1123.2358479161965,0.0,10,0.0,26215.0,203.2826000931832,319.9225550844949,9.825508156449526,1051.7,18.98249686013296,8.541877621793384,9.813809860283897,12.884010370569625,0,,,18.25,25.75,6.0,0.0,0.0,0.0,0.0,0.0,0.0,0.0,0.0,0.0,1.0,1.0,0.0,0.0,0.0,3201.0,962.6876648296844,0.1360587671670393,0.9781318338019368,0.0,0.0,0.0
BEV2_2024-11-20_drive4.csv,BEV2,2.3256905697428856,50.860339,4.68079,50.857808,4.704147,1.6634012388379062,1.3981536838145383,0.0,0.985583051964086,-0.169192339309905,0.3058879532611399,0.394889870515566,0.9960607884219757,14.070845850012434,82.0,0.0,0.0,3.5,0.0,0.0,0.0,15.0,0.0,0.0,17.75,0.0,0.0,2.75,0.0,0.0,0.0,0.0,1230.0,0.0,0.0,-38.373894400757614,0.0,10,0.0,8761.0,235.16351407189865,319.9225550844949,9.481781720231984,940.4,20.79617595355998,8.01046029309521,9.711062439041728,12.840930389568408,0,,,15.25,17.75,10.0,0.0,0.0,0.0,0.0,0.0,0.0,0.0,0.0,0.0,1.0,1.0,0.0,0.0,0.0,592.0,60.714164517624745,0.299492385786802,0.9983108108108107,0.0,0.0,0.0
BEV2_2024-11-21_drive1.csv,BEV2,2.1056879254645646,50.857804,4.704086,50.862435,4.686783,1.3191254548361409,1.596275712628204,0.0,-0.920658891971418,0.3903680374133629,0.3104804019692747,0.4656037128187399,1.0126359877096724,13.04017688270954,74.5,0.0,0.0,-7.0,0.0,0.0,0.0,3.0,0.0,0.0,9.25,0.0,0.0,6.25,0.0,,1.0,,223.5,0.0,0.0,-56.85357398754324,0.0,10,0.0,65602.0,236.80753899116988,319.9225550844949,9.64241131163549,984.6,20.50173224590101,7.364409872927143,9.618027469662124,12.872507118067563,3,264.96770963286383,579.0,12.0,16.25,65603.0,0.0,0.0,0.0,0.0,0.0,0.0,0.0,0.0,0.0,0.0,0.0,0.0,0.0,0.0,392.0,88.67330271477485,0.2148337595907928,0.9974489795918368,0.0,0.0,0.0
BEV2_2024-11-21_drive2.csv,BEV2,2.426385519574879,50.86243,4.686776,50.867688,4.697941,0.97765484509399,2.481842678682384,0.0,0.8014761564438359,0.5980267307169606,0.4636381583995163,0.6689628859134459,1.2220292566511124,22.254631603176783,73.7,0.0,0.0,6.5,0.0,0.0,0.0,8.5,0.0,0.0,11.0,0.0,0.0,2.5,0.0,0.0,0.0,0.0,626.45,0.0,0.0,-32.756204514260865,0.0,10,0.0,20000.0,232.23457075098037,318.08592946376933,9.412847231240324,880.2,21.32797735465621,6.4225269832054135,9.16660565191846,12.77097628071189,0,,,8.75,11.0,7.0,0.0,0.0,0.0,0.0,0.0,0.0,0.0,0.0,0.0,1.0,1.0,0.0,0.0,0.0,491.0,77.97830269824685,0.2571428571428571,0.9979633401221996,0.0,0.0,0.0
BEV2_2024-11-21_drive3.csv,BEV2,1.5775777969302531,50.867669,4.697927,50.861889,4.685841,1.064204264667589,1.4824013108263752,0.0,-0.7970354524376666,-0.6039325190428846,0.2925330080260964,0.4920696186289564,1.038020729399458,9.06852324880899,72.8,0.0,0.0,1.5,0.0,0.0,0.0,7.75,0.0,0.0,10.5,0.0,0.0,2.75,0.0,0.0,0.0,0.0,564.1999999999999,0.0,0.0,-29.185189243209685,0.0,10,0.0,147.0,230.41499779665,307.64124566880554,9.436962474876584,846.5,22.151989037341604,5.986078238461021,9.32068429991242,12.941248770831242,0,,,7.75,10.75,148.0,0.0,0.0,0.0,0.0,0.0,0.0,0.0,0.0,0.0,1.0,1.0,0.0,0.0,0.0,278.0,99.25895206340408,0.1768953068592057,0.9964028776978416,0.0,0.0,0.0
BEV2_2024-11-21_drive4.csv,BEV2,1.9522540098084007,50.861893,4.685836999999999,50.858955,4.695944,0.7809969331901376,2.499694847499632,0.0,0.9083088531295958,-0.4183001641481848,0.3480688357432638,0.5861329016865108,1.0829307873914926,13.574684593987287,72.3,0.0,0.0,0.5,0.0,0.0,0.0,7.25,0.0,0.0,10.5,0.0,0.0,3.25,0.0,0.0,0.0,0.0,524.175,0.0,0.0,-38.06895319126382,0.0,10,0.0,99.0,228.71859760633765,296.3387316785649,9.314653072755425,812.7,22.553469799498515,5.065126204249277,9.214323164112535,12.876864654137565,0,,,7.25,10.5,100.0,0.0,0.0,0.0,0.0,0.0,0.0,0.0,0.0,0.0,1.0,1.0,0.0,0.0,0.0,700.0,63.87396508977551,0.4670750382848392,0.9328571428571428,0.0,0.0,0.0
BEV2_2024-11-21_drive5.csv,BEV2,1.253834986222044,50.858955,4.695944,50.857008,4.704164,0.6162533846421177,2.034609492571298,0.0,0.9362586827550916,-0.3513113703905711,0.3813936686573116,0.5315922608950854,1.2522522379073713,9.534841716432792,71.4,0.0,0.0,0.5,0.0,0.0,0.0,6.5,0.0,0.0,10.75,0.0,0.0,4.25,0.0,0.0,0.0,0.0,464.1,0.0,0.0,-24.449782231329856,0.0,10,0.0,1018.0,228.71859760633765,296.3387316785649,9.314653072755425,812.7,22.553469799498515,5.065126204249277,9.214323164112535,12.876864654137565,0,,,6.75,10.25,219.0,0.0,0.0,0.0,0.0,0.0,0.0,0.0,0.0,0.0,1.0,1.0,0.0,0.0,0.0,260.0,68.93879359745361,0.2153846153846154,1.0,0.0,0.0,0.0
BEV2_2024-11-21_drive6.csv,BEV2,4.8334079231567415,50.857009,4.704167,50.861912,4.685985,1.3877542009580608,3.4828991472840887,0.0,-0.9195994131656042,0.3928573778172891,0.3181743588409385,0.5780357659782269,0.9068103480549212,30.544738448730094,70.8,0.0,0.0,0.0,0.0,0.0,0.0,7.75,0.0,0.0,10.0,0.0,0.0,2.25,0.0,0.0,0.0,0.0,548.6999999999999,0.0,0.0,-96.66815846313484,0.0,10,0.0,5406.0,231.89470729420583,318.08592946376933,9.234434031929194,799.5,22.397755147320776,4.175202153616366,8.91451400380719,12.744612745740616,0,,,6.5,10.25,5406.0,0.0,0.0,0.0,0.0,0.0,0.0,0.0,0.0,0.0,1.0,1.0,0.0,0.0,0.0,946.0,94.11895774306676,0.3032329988851728,0.9482029598308668,0.0,0.0,0.0
BEV2_2024-11-21_drive7.csv,BEV2,2.621441979620092,50.861918,4.685982,50.85721,4.703903,1.3624464087468038,1.9240697929772728,0.0,0.9232332352601232,-0.384240020444417,0.364604535171984,0.4571123574306026,1.1324245728741145,18.95943582894317,69.10000000000001,0.0,0.0,0.0,0.0,0.0,0.0,4.75,0.0,0.0,7.25,0.0,0.0,2.5,0.0,0.0,0.0,0.0,328.225,0.0,0.0,-52.42883959240184,0.0,10,0.0,18175.0,231.89470729420583,318.08592946376933,9.234434031929194,799.5,22.397755147320776,4.175202153616366,8.91451400380719,12.744612745740616,0,,,5.75,9.0,11822.0,0.0,0.0,0.0,0.0,0.0,0.0,0.0,0.0,0.0,1.0,1.0,0.0,0.0,0.0,425.0,95.78497121181655,0.1811764705882353,1.0,0.0,0.0,0.0
BEV2_2024-11-22_drive1.csv,BEV2,3.594320066988037,50.857209,4.7039,50.881955,4.714662,2.853389252658338,1.259666925442933,0.0,0.2646715528055822,0.9643386174656088,0.2193045641644228,0.4423312053738747,0.6727750290508556,15.570624055674024,67.5,0.0,0.0,0.5,0.0,0.0,0.0,0.75,0.0,0.0,3.75,0.0,0.0,3.0,0.0,0.0,0.0,0.0,50.625,0.0,0.0,-70.08924130626673,0.0,10,0.0,25576.0,232.1911699179307,318.08592946376933,9.21393239983974,772.2,23.15426303928852,3.006943324440423,8.18015861739033,12.080266727005256,0,,,3.75,7.0,25562.0,0.0,0.0,0.0,0.0,0.0,0.0,0.0,0.0,0.0,1.0,1.0,0.0,0.0,0.0,726.0,119.4531442252002,0.4413793103448276,0.9986225895316804,0.0,0.0,0.0
BEV2_2024-11-22_drive2.csv,BEV2,66.95040020419074,50.881957,4.714677,50.99476,5.539016999999999,59.10757752637411,1.1326872628863385,0.0,0.9772246505060048,0.2122074043086542,0.0280124069529098,0.1374607349051732,0.0243596656788213,38.88122085063886,65.9,0.0,0.0,3.5,0.0,0.0,0.0,2.75,0.0,0.0,5.0,0.0,0.0,2.25,0.0,0.0,0.0,0.0,181.225,0.0,0.0,-1104.6816033691473,0.0,10,0.0,10105.0,234.1192897574126,325.9632580539589,9.345593550160444,764.2,23.916853414196293,2.029700526086513,7.371235320720372,11.32075129378595,0,,,2.75,5.0,7.0,0.0,0.0,0.0,0.0,0.0,0.0,0.0,0.0,0.0,1.0,1.0,0.0,0.0,0.0,2858.0,962.8245109483668,0.0992907801418439,0.986703988803359,0.0,0.0,0.0
BEV2_2024-11-22_drive3.csv,BEV2,4.374686408885732,50.994761,5.539022,50.970351,5.555234,2.9419836092276586,1.4869853098991916,0.0,0.385759785101737,-0.9225992565563133,0.2658950223403593,0.5402926378380954,0.8538023582808066,23.13286694361125,47.0,0.0,0.0,3.0,0.0,0.0,0.0,11.5,0.0,0.0,17.25,0.0,0.0,5.75,0.0,,1.0,,540.5,0.0,0.0,-74.36966895105745,0.0,10,0.0,1314.0,221.0755908780431,299.8886956290656,15.75734323643602,977.4,30.943290249079134,1.5207105737019313,7.132025340535495,11.288015279799936,0,,,11.5,17.5,11.0,0.0,0.0,0.0,0.0,0.0,0.0,0.0,0.0,0.0,1.0,1.0,0.0,0.0,0.0,524.0,273.73502192210225,0.1755725190839694,1.0,0.0,0.0,0.0
BEV2_2024-11-23_drive1.csv,BEV2,3.3119317424785404,50.857303,4.703895,50.871066,4.725391999999999,2.149008575287654,1.541144032910722,0.0,0.7020455448833309,0.7121320473826935,0.2066133984256387,0.4131858158843961,0.6530269067420731,13.636484296092158,70.5,0.0,0.0,3.5,0.0,0.0,0.0,4.25,0.0,0.0,7.25,0.0,0.0,3.0,0.0,0.0,0.0,0.0,299.625,0.0,0.0,-54.64687375089592,0.0,10,0.0,81291.0,220.47869255869168,266.626842005809,15.969712622291455,976.4,32.42838863924828,1.4558497896942133,8.043145365411117,12.36808901825054,0,,,26.5,34.0,54443.0,0.0,0.0,0.0,0.0,0.0,0.0,0.0,0.0,0.0,1.0,1.0,0.0,0.0,0.0,1043.0,121.4452037725842,0.6525911708253359,0.9990412272291468,0.0,0.0,0.0
BEV2_2024-11-23_drive2.csv,BEV2,1.2682140494264684,50.814199,5.165302,50.818168,5.18002,1.124248187511231,1.1280552315000285,0.0,0.9197270035266074,0.3925585803214188,0.1739049365231207,0.2350100178988142,0.3526628226326105,4.347623413078018,56.8,0.0,0.0,6.5,0.0,0.0,0.0,9.0,0.0,0.0,12.5,0.0,0.0,3.5,0.0,0.0,0.0,0.0,511.2,0.0,0.0,-17.120889667257323,0.0,10,0.0,22703.0,231.38531883205215,296.7832272977314,9.054222906757396,760.6,25.42445877751805,1.4284864198147844,6.615579335678741,10.66862388510818,0,,,3.75,6.75,22704.0,0.0,0.0,0.0,0.0,0.0,0.0,0.0,0.0,0.0,1.0,1.0,0.0,0.0,0.0,164.0,166.20905527241052,0.2024539877300613,0.9939024390243902,0.0,0.0,0.0
BEV2_2024-11-23_drive3.csv,BEV2,1.9000868896665184,50.849272,4.718706,50.857283,4.703926,1.3674680534045134,1.3894927087590616,0.0,-0.7587250220649818,0.6514110383563461,0.2202183587859234,0.3809726702591397,0.7139541783402825,8.368297633865092,46.400000000000006,0.0,0.0,7.5,0.0,0.0,0.0,13.75,0.0,0.0,17.75,0.0,0.0,4.0,0.0,0.0,0.0,0.0,638.0000000000001,0.0,0.0,-23.75108612083148,0.0,10,0.0,4482.0,226.9960830946558,266.626842005809,8.950328193158715,717.8,26.80558694632577,1.774717562874418,6.265803588507934,10.240360409621072,0,,,9.25,13.0,4482.0,0.0,0.0,0.0,0.0,0.0,0.0,0.0,0.0,0.0,1.0,1.0,0.0,0.0,0.0,250.0,121.67526869697404,0.232,1.0,0.0,0.0,0.0
BEV2_2024-11-24_drive1.csv,BEV2,12.202655657717282,51.161671,4.415242999999999,51.244816,4.464500999999999,9.8617057881799,1.2373777843122444,0.0,0.3479947809273251,0.9374964706319394,0.0811205061941911,0.2615724237334612,0.1101686238377399,19.79340351138265,26.6,0.0,0.0,18.5,0.0,0.0,0.0,24.25,0.0,0.0,30.25,0.0,0.0,6.0,0.0,0.0,0.0,0.0,645.0500000000001,0.0,0.0,-18.303983486575923,0.0,10,0.0,74010.0,225.8097170111947,266.626842005809,8.9304397145772,703.7,27.600716995999186,2.780519089591975,7.325790865861623,11.07050550837304,0,,,13.75,18.25,74010.0,0.0,0.0,0.0,0.0,0.0,0.0,0.0,0.0,0.0,1.0,1.0,0.0,0.0,0.0,1018.0,352.40209215171825,0.1463654223968565,1.0,0.0,0.0,0.0
BEV2_2024-11-24_drive2.csv,BEV2,73.888833253108,51.268065,4.403025,50.857519,4.703995,50.262743992233794,1.4700517199085814,0.0,0.4184513876837624,-0.9082391954466256,0.0373878536893134,0.1167140470820613,0.0689756991465709,55.22185989911598,82.0,0.0,0.0,20.0,0.0,0.0,0.0,51.25,0.0,0.0,59.75,0.0,0.0,8.5,0.0,0.0,0.0,0.0,4202.5,0.0,0.0,0.0,0.0,10,0.0,13977.0,207.7065729879736,253.07068152847964,9.91130824382542,756.4,30.147147989736425,4.290270900747983,9.040186489964922,13.141667033958884,0,,,51.25,59.75,11.0,0.0,0.0,0.0,0.0,0.0,0.0,0.0,0.0,0.0,1.0,1.0,0.0,0.0,0.0,4794.0,843.43871740102,0.054860241969128,1.0,0.0,0.0,0.0
BEV2_2024-11-26_drive1.csv,BEV2,19.806119240568314,51.005794,5.285114,50.994814,5.539071,17.812998673808455,1.1118913554791012,0.0,0.9976482979930044,-0.0685410352392018,0.0531663187674665,0.1898035488819618,0.0798355366559948,21.05386223191673,73.10000000000001,0.0,0.0,11.4,0.0,0.0,0.0,12.75,0.0,0.0,17.75,0.0,0.0,5.0,0.0,0.0,0.0,0.0,932.025,0.0,0.0,-170.3326254688875,0.0,10,0.0,146941.0,203.57657377908143,229.35417007740008,17.142433789443196,1208.0,33.65900481407268,6.075288087689481,11.628414994303965,16.131950603600252,0,,,27.25,32.25,146941.0,0.0,0.0,0.0,0.0,0.0,0.0,0.0,0.0,0.0,1.0,1.0,0.0,0.0,0.0,968.0,881.373958843279,0.0765253360910031,0.9989669421487604,0.0,0.0,0.0
BEV2_2024-11-26_drive2.csv,BEV2,31.608081249962414,50.947145,5.011385,50.868714,4.712612,22.69161725040996,1.392940877732783,0.0,-0.9231946112761378,-0.3843328111294961,0.0294083654911736,0.1309161935391748,0.0465438829224942,18.586086990421727,90.7,0.0,0.0,8.5,0.0,0.0,0.0,21.25,0.0,0.0,26.5,0.0,0.0,5.25,0.0,0.0,0.0,0.0,1927.375,0.0,0.0,-363.49293437456777,0.0,10,0.0,16784.0,199.48729138847185,203.40807765704332,19.004704995875905,1278.8,39.31290906034898,7.1422911772878335,12.426636643788498,17.071858331624174,0,,,15.75,21.25,16784.0,0.0,0.0,0.0,0.0,0.0,0.0,0.0,0.0,0.0,1.0,1.0,0.0,0.0,0.0,1637.0,829.9329586079075,0.1277506112469437,0.9993891264508248,0.0,0.0,0.0
BEV2_2024-11-27_drive1.csv,BEV2,2.049830523702794,50.857574,4.70409,50.861926,4.686026,1.3570994465805564,1.5104497528664476,0.0,-0.9342629743283384,0.356584765237056,0.2994808907921648,0.3651173934337891,0.8305716899093246,11.979235631686592,83.60000000000001,0.0,0.0,9.5,0.0,0.0,0.0,8.25,0.0,0.0,11.75,0.0,0.0,3.5,0.0,0.0,0.0,0.0,689.7,0.0,0.0,-21.523220498879336,0.0,10,0.0,51547.0,194.9725169484733,190.97460574165808,21.90646308950294,1399.9,44.056425452488114,8.00597201755401,14.16564379957693,19.027440360993204,0,,,8.5,11.75,26.0,0.0,0.0,0.0,0.0,0.0,0.0,0.0,0.0,0.0,1.0,1.0,0.0,0.0,0.0,516.0,56.2006253615866,0.251937984496124,1.0,0.0,0.0,0.0
BEV2_2024-11-27_drive2.csv,BEV2,4.278121102230537,50.86193,4.686023,50.86193,4.686014,0.0006316683149721,6772.733412184602,0.0,-1.0,6.123233995736766e-17,0.3162842295467101,0.4524661567703211,1.0024612982526426,26.88415951147036,82.9,0.0,0.0,9.5,0.0,0.0,0.0,9.0,0.0,0.0,11.75,0.0,0.0,2.75,0.0,0.0,0.0,0.0,746.1,0.0,0.0,-44.92027157342064,0.0,10,0.0,310.0,193.31523357984628,190.97460574165808,21.7522843060821,1378.9,43.70548470795863,8.833214815907919,14.924895006472564,19.7852419654076,0,,,9.0,11.5,292.0,0.0,0.0,0.0,0.0,0.0,0.0,0.0,0.0,0.0,1.0,1.0,0.0,0.0,0.0,838.0,70.91184025864456,0.1708482676224611,0.9988066825775656,0.0,0.0,0.0
BEV2_2024-11-27_drive3.csv,BEV2,1.8909984061126748,50.861933,4.686021,50.864483,4.677864,0.6388581906479025,2.9599658168190746,0.0,-0.8961086596585873,0.4438347328509679,0.3827356707072177,0.5336407208138918,1.1477967681456174,14.161219816167057,81.4,0.0,0.0,11.5,0.0,0.0,0.0,10.25,0.0,0.0,12.5,0.0,0.0,2.25,0.0,0.0,0.0,0.0,834.35,0.0,0.0,-16.073486451957734,0.0,10,0.0,24277.0,188.8720287142905,190.97460574165808,15.48506341442291,1176.9,37.11167215716129,9.498177455927229,15.029920959363537,19.763478575341168,0,,,10.25,12.5,10.0,0.0,0.0,0.0,0.0,0.0,0.0,0.0,0.0,0.0,1.0,1.0,0.0,0.0,0.0,403.0,85.19270716305175,0.2754342431761786,1.0,0.0,0.0,0.0
BEV2_2024-11-27_drive4.csv,BEV2,3.93271429173632,50.864487,4.677862,50.874582,4.697436,1.7739143994503206,2.216969597267457,0.0,0.7743239012993206,0.6327894561989794,0.2557966236547935,0.3985595739232878,0.8605454337919087,19.95213664507389,80.5,0.0,0.0,10.0,0.0,0.0,0.0,11.0,0.0,0.0,13.25,0.0,0.0,2.25,0.0,0.0,0.0,0.0,885.5,0.0,0.0,-39.3271429173632,0.0,10,0.0,8540.0,188.45961304249047,190.97460574165808,15.236694614145602,1164.9,35.792774663168366,10.450715478740914,14.864957996400571,19.29307293160219,0,,,10.5,13.5,8540.0,0.0,0.0,0.0,0.0,0.0,0.0,0.0,0.0,0.0,1.0,1.0,0.0,0.0,0.0,1438.0,96.35946186056024,0.6147426981919333,1.0,0.0,0.0,0.0
BEV2_2024-11-27_drive5.csv,BEV2,3.153031217188789,50.874578,4.697425,50.857748,4.704088,1.9289477955787449,1.6345860807719688,0.0,0.2424133265431982,-0.970173066578464,0.2614171029992308,0.3793979048481845,0.9269662733548792,16.46927748895154,78.80000000000001,0.0,0.0,8.0,0.0,0.0,0.0,10.75,0.0,0.0,13.25,0.0,0.0,2.5,0.0,0.0,0.0,0.0,847.1000000000001,0.0,0.0,-37.836374606265466,0.0,10,0.0,8164.0,188.4505966492694,190.97460574165808,15.29877286907138,1204.4,35.63500067410027,11.020113241784337,15.577484337396744,19.956359569533227,0,,,10.75,13.25,12.0,0.0,0.0,0.0,0.0,0.0,0.0,0.0,0.0,0.0,1.0,1.0,0.0,0.0,0.0,787.0,87.64829862513217,0.4155019059720457,1.0,0.0,0.0,0.0
BEV2_2024-11-28_drive1.csv,BEV2,2.2043842316578384,50.857748,4.70407,50.862461,4.686791,1.3211653357191262,1.6685150390037788,0.0,-0.9179626672755508,0.3966667889909068,0.3884912022712759,0.4755425653310793,1.1392225869361563,17.09361289993614,77.30000000000001,0.0,0.0,5.0,0.0,0.0,0.0,6.75,0.0,0.0,9.25,0.0,0.0,2.5,0.0,0.0,0.0,0.0,521.7750000000001,0.0,0.0,-33.06576347486757,0.0,10,0.0,38823.0,191.7578051371709,228.20665453223896,15.485394628638328,1266.8,34.2811448831831,11.169844023317548,15.714028356111196,19.98102855002372,0,,,6.75,9.25,10.0,0.0,0.0,0.0,0.0,0.0,0.0,0.0,0.0,0.0,1.0,1.0,0.0,0.0,0.0,819.0,59.49939450511599,0.5036674816625917,0.9987789987789988,0.0,0.0,0.0
BEV2_2024-11-28_drive2.csv,BEV2,74.88372408242566,50.862455,4.686787,50.994669,5.539101,61.516590640211945,1.2172931448752289,0.0,0.9710236199515836,0.2389835339434973,0.0326797328048539,0.1544834604577871,0.0350661436110131,48.95423974167124,76.0,0.0,0.0,10.5,0.0,0.0,0.0,7.75,0.0,0.0,9.75,0.0,0.0,2.0,0.0,,1.0,,589.0,0.0,0.0,-711.3953787830437,0.0,10,0.0,14128.0,195.31978907447584,260.4796510558317,15.51515273783917,1323.8,32.522564149060656,10.966958239599444,14.905583234159971,19.06055623101481,0,,,7.75,9.75,6.0,0.0,0.0,0.0,0.0,0.0,0.0,0.0,0.0,0.0,1.0,1.0,0.0,0.0,0.0,3154.0,972.0749310353018,0.0885433195810853,0.9990488268864932,0.0,0.0,0.0
BEV2_2024-11-28_drive3.csv,BEV2,80.58904184576534,50.994668,5.539115,50.857711,4.704060999999999,60.47622779769207,1.332573885318304,0.0,-0.9677752680951324,-0.2518154690708949,0.035087913721093,0.161012965139613,0.0306345651380723,56.59680483212307,100.0,0.0,0.0,15.5,0.0,0.0,0.0,22.0,0.0,0.0,27.5,0.0,0.0,5.5,0.0,0.0,0.0,0.0,2200.0,0.0,0.0,-362.650688305944,0.0,10,0.0,12808.0,200.30580995096696,260.4796510558317,21.780011046414455,1537.3,36.748856165792816,10.10121526245402,13.64841060178215,17.54890234801491,0,,,22.0,27.5,6.0,0.0,0.0,0.0,0.0,0.0,0.0,0.0,0.0,0.0,1.0,1.0,0.0,0.0,0.0,3552.0,853.1380236823699,0.0659154929577464,0.9994369369369368,0.0,0.0,0.0
BEV2_2024-11-28_drive4.csv,BEV2,11.573673943331444,50.857704,4.704060999999999,50.857292,4.703923,0.046825226484745,247.16749521973944,0.0,-0.2068650208107308,-0.9783694921475096,0.2277300037072065,0.4631563416289609,0.8584755603629182,52.60563085636471,83.30000000000001,0.0,0.0,6.0,0.0,0.0,0.0,25.0,0.0,0.0,27.5,0.0,0.0,2.5,0.0,0.0,0.0,0.0,2082.5000000000005,0.0,0.0,-162.03143520664025,0.0,10,0.0,3284.0,192.02104912843797,260.4796510558317,22.450031905680195,1413.2,39.36462697943953,9.111749361427732,12.582760801230854,16.36713031467067,0,,,22.75,29.0,3259.0,0.0,0.0,0.0,0.0,0.0,0.0,0.0,0.0,0.0,1.0,1.0,0.0,0.0,0.0,1825.0,243.43548722065907,0.3802739726027397,1.0,0.0,0.0,0.0
BEV2_2024-11-29_drive1.csv,BEV2,2.5971810490742264,50.857289,4.703926,50.87356,4.702292,1.8128856536811773,1.4326226498623829,0.0,-0.0632551183012217,0.9979973897805036,0.296943917044552,0.5501606317660985,0.8601612564872247,15.144139769272154,79.80000000000001,0.0,0.0,-1.0,0.0,0.0,0.0,3.75,0.0,0.0,8.0,0.0,0.0,4.25,0.0,0.0,0.0,0.0,299.25000000000006,0.0,0.0,-54.54080203055875,0.0,10,0.0,47976.0,194.99245655154695,260.4796510558317,21.61975368446476,1499.0,34.26703848338528,8.478866009390892,13.270732364663669,16.984864008574824,0,,,3.75,8.25,182.0,0.0,0.0,0.0,0.0,0.0,0.0,0.0,0.0,0.0,1.0,1.0,0.0,0.0,0.0,1134.0,40.458345029234295,0.4792586054721977,0.9991181657848324,0.0,0.0,0.0
BEV2_2024-11-29_drive2.csv,BEV2,2.4353119734336457,50.873563,4.702299,50.862362,4.686867,1.6504738310157967,1.4755229241864527,0.0,-0.656151246612377,-0.7546294067746258,0.4753571594138457,0.7601847797267354,1.5720173112719784,22.817143651864598,77.5,0.0,0.0,11.5,0.0,0.0,0.0,7.0,0.0,0.0,9.25,0.0,0.0,2.25,0.0,0.0,0.0,0.0,542.5,0.0,0.0,-20.70015177418599,0.0,10,0.0,17935.0,202.1093853166814,279.35779834334994,18.715582647426583,1448.9,28.135775161587173,7.7963194348474945,11.40070724727448,14.958473655587484,0,,,7.0,9.25,12.0,0.0,0.0,0.0,0.0,0.0,0.0,0.0,0.0,0.0,1.0,1.0,0.0,0.0,0.0,553.0,95.66414480300676,0.3188405797101449,0.9981916817359856,0.0,0.0,0.0
BEV2_2024-11-29_drive3.csv,BEV2,4.51924484128197,50.862362,4.686866,50.85746,4.703969,1.318388451247385,3.4278553009214505,0.0,0.9105300697953048,-0.4134428521555999,0.3592500291673993,0.5953465167413471,1.2221754775794489,32.332502625065935,76.60000000000001,0.0,0.0,10.0,0.0,0.0,0.0,9.5,0.0,0.0,11.5,0.0,0.0,2.0,0.0,0.0,0.0,0.0,727.7,0.0,0.0,-45.1924484128197,0.0,10,0.0,20973.0,202.34557688215168,283.6110745267573,18.753874655063196,1452.7,28.286216451052447,7.907974111106486,11.269231528389014,14.799249236480392,0,,,9.5,11.5,7.0,0.0,0.0,0.0,0.0,0.0,0.0,0.0,0.0,0.0,1.0,1.0,0.0,0.0,0.0,1415.0,68.80035758823004,0.503886925795053,1.0,0.0,0.0,0.0
BEV2_2024-11-29_drive4.csv,BEV2,5.887187479612589,50.85746,4.70397,50.856684,4.698975,0.3610742243035909,16.304646201116388,0.0,-0.971025945517028,-0.2389740846467706,0.3497791272886464,0.5633536680004103,1.0958765396024988,40.92415789277164,74.60000000000001,0.0,0.0,4.0,0.0,0.0,0.0,9.25,0.0,0.0,11.5,0.0,0.0,2.25,0.0,,1.0,,690.0500000000001,0.0,0.0,-94.19499967380142,0.0,10,0.0,5579.0,204.2347722715443,297.2351575699143,18.777987028903308,1510.4,27.60087344288,7.625166442693564,11.26272108521768,14.716345676524366,0,,,9.5,11.5,67.0,0.0,0.0,0.0,0.0,0.0,0.0,0.0,0.0,0.0,1.0,1.0,0.0,0.0,0.0,850.0,95.75401250879897,0.1485849056603773,0.9976470588235294,0.0,0.0,0.0
BEV2_2024-11-29_drive5.csv,BEV2,1.6058877322731837,50.856684,4.698968,50.85741,4.703969,0.3601967069503552,4.458363170140026,0.0,0.9745613370471644,0.2241209502318846,0.4196258230176843,0.6245135470222929,1.1346707008376795,13.4280263365659,72.8,0.0,0.0,3.0,0.0,0.0,0.0,8.5,0.0,0.0,13.25,0.0,0.0,4.75,0.0,0.0,0.0,0.0,618.8,0.0,0.0,-27.300091448644125,0.0,10,0.0,111.0,203.9326483410601,283.6110745267573,19.177605936253297,1555.0,28.41045305968764,6.790723954430652,11.072906923229608,14.609730728242749,0,,,8.5,13.0,112.0,0.0,0.0,0.0,0.0,0.0,0.0,0.0,0.0,0.0,1.0,1.0,0.0,0.0,0.0,287.0,74.42984920597478,0.2125435540069686,1.0,0.0,0.0,0.0
BEV2_2024-11-30_drive1.csv,BEV2,5.081130028165273,50.857409,4.703965,50.85745,4.703995,0.0050218232349338,1011.809812981631,0.0,0.4193226602550046,0.907837268785913,0.3477920395247854,0.5125060135620735,1.1612814039563335,35.12699599200332,72.2,0.0,0.0,3.0,0.0,0.0,0.0,2.5,0.0,0.0,5.5,0.0,0.0,3.0,0.0,0.0,0.0,0.0,180.5,0.0,0.0,-86.37921047880964,0.0,10,0.0,46085.0,202.32116014032184,254.55430551671853,18.944930299633462,1440.0,29.420877428800672,6.159238874624963,10.831912834417611,14.488148043698343,0,,,8.25,11.75,46085.0,0.0,0.0,0.0,0.0,0.0,0.0,0.0,0.0,0.0,1.0,1.0,0.0,0.0,0.0,980.0,102.98011774006125,0.2992849846782431,0.9989795918367348,0.0,0.0,0.0
BEV2_2024-11-30_drive2.csv,BEV2,5.017799376416763,50.85745,4.703995,50.857585,4.704027,0.0151784507698615,330.58705743409246,0.0,0.1479824495192613,0.98898998712539,0.3237748248971844,0.5116204574627163,1.0864845238215315,32.377482489718446,70.2,0.0,0.0,6.0,0.0,0.0,0.0,4.5,0.0,0.0,7.0,0.0,0.0,2.5,0.0,0.0,0.0,0.0,315.90000000000003,0.0,0.0,-70.24919126983468,0.0,10,0.0,5724.0,202.7661413181129,254.55430551671853,19.137770379307856,1459.3,29.845004780647493,5.764357858005061,10.080228519283263,13.816301248077682,1,296.034459165409,983.0,4.5,6.75,1147.0,0.0,0.0,0.0,0.0,0.0,0.0,0.0,0.0,0.0,0.0,0.0,0.0,0.0,0.0,1197.0,80.06845735587969,0.3441938178780284,1.0,0.0,0.0,0.0
BEV2_2024-11-30_drive3.csv,BEV2,2.037120148601685,50.857586,4.704031,50.861898,4.685826,1.3647812931456296,1.4926348703874806,0.0,-0.936255933908142,0.3513186960891673,0.2961941993319189,0.3675245752645464,0.8668584599844118,11.847767973276756,88.4,0.0,0.0,7.5,0.0,0.0,0.0,12.5,0.0,0.0,17.25,0.0,0.0,4.75,0.0,0.0,0.0,0.0,1105.0,0.0,0.0,-25.464001857521065,0.0,10,0.0,7788.0,201.59672931125564,240.8702380546908,19.419111893783747,1497.1,30.3849208424815,5.835973866535823,10.004686985688195,13.728277234163649,0,,,12.5,17.25,7.0,0.0,0.0,0.0,0.0,0.0,0.0,0.0,0.0,0.0,1.0,1.0,0.0,0.0,0.0,518.0,79.16558139455327,0.4177949709864603,0.998069498069498,0.0,0.0,0.0
BEV2_2024-11-30_drive4.csv,BEV2,68.04933974494149,50.861898,4.685826,51.22236,4.411589,44.431174772259965,1.531567420707211,0.0,-0.4315192738638851,0.9021037170325734,0.0388835269002057,0.1245280976156147,0.067240160703237,52.95936363808017,87.90000000000002,0.0,0.0,7.5,0.0,0.0,0.0,12.5,0.0,0.0,16.5,0.0,0.0,4.0,0.0,0.0,0.0,0.0,1098.7500000000002,0.0,0.0,-850.6167468117686,0.0,10,0.0,147.0,207.103632551294,240.8702380546908,12.134451500401347,1233.7,23.247950780569617,5.625952886776249,10.015154557429048,13.770951320042386,0,,,12.75,16.5,148.0,0.0,0.0,0.0,0.0,0.0,0.0,0.0,0.0,0.0,1.0,1.0,0.0,0.0,0.0,3313.0,871.1146272671242,0.1014799154334038,0.9993963175369756,0.0,0.0,0.0
BEV2_2024-11-30_drive5.csv,BEV2,6.362120808245239,51.22236,4.411579,51.253223,4.446041,4.187290576004964,1.519388419018021,0.0,0.5729667943704172,0.819578582290245,0.1856468418757234,0.3675266265187518,0.576471244155383,23.57714891821687,72.3,0.0,0.0,13.0,0.0,0.0,0.0,19.0,0.0,0.0,21.25,0.0,0.0,2.25,0.0,0.0,0.0,0.0,1373.7,0.0,0.0,-44.53484565771667,0.0,10,0.0,3757.0,210.97753522940025,240.8702380546908,10.880481290318963,1209.9,22.47248385476141,5.567907844550355,9.249518567618932,12.849532421041577,0,,,16.5,22.5,3681.0,0.0,0.0,0.0,0.0,0.0,0.0,0.0,0.0,0.0,1.0,1.0,0.0,0.0,0.0,1268.0,118.04825079845044,0.3362273086029992,0.999211356466877,0.0,0.0,0.0
BEV2_2024-11-30_drive6.csv,BEV2,49.58555823156391,51.253227,4.44604,50.881865,4.466125,41.31746953967622,1.2001112068092177,0.0,0.0339674132130615,-0.9994229409212164,0.0396161363926096,0.128329735555996,0.0643691551379919,39.25959116507616,70.60000000000001,0.0,0.0,9.5,0.0,0.0,0.0,17.25,0.0,0.0,22.5,0.0,0.0,5.25,0.0,0.0,0.0,0.0,1217.85,0.0,0.0,-520.648361431421,0.0,10,0.0,799.0,209.83325359291536,240.8702380546908,10.359303737794278,1154.0,21.998017692505396,6.208103067618767,8.959582249894646,12.47358873550508,0,,,17.25,22.5,16.0,0.0,0.0,0.0,0.0,0.0,0.0,0.0,0.0,0.0,1.0,1.0,0.0,0.0,0.0,2336.0,861.7527274103137,0.1061643835616438,1.0,0.0,0.0,0.0
BEV2_2024-11-30_drive7.csv,BEV2,22.02453965907222,50.881863,4.466126,50.856996,4.704287,16.939915878631382,1.300156377214055,0.0,0.9865881965134567,-0.1632290736980546,0.1176668601942877,0.3173796826236066,0.2783538132849922,51.77341848548659,59.1,0.0,0.0,8.0,0.0,0.0,0.0,18.5,0.0,0.0,25.0,0.0,0.0,6.5,0.0,0.0,0.0,0.0,1093.35,0.0,0.0,-264.2944759088667,0.0,10,0.0,987.0,191.8343650749538,230.94591956845352,15.058135265872442,1274.2,28.807469192701863,6.985003988412482,10.57047249269413,14.231339100099992,0,,,18.5,25.0,8.0,0.0,0.0,0.0,0.0,0.0,0.0,0.0,0.0,0.0,1.0,1.0,0.0,0.0,0.0,2050.0,617.0519515672373,0.3039024390243902,1.0,0.0,0.0,0.0
BEV2_2024-12-01_drive1.csv,BEV2,2.067356620361705,50.856997,4.704294,50.869651,4.698867,1.4577030171197911,1.4182289506723396,0.0,-0.2612909497241665,0.965260089091144,0.301927036364541,0.3941368115143188,0.8093920008932012,12.379008490946184,52.6,0.0,0.0,2.0,0.0,0.0,0.0,4.25,0.0,0.0,8.0,0.0,0.0,3.75,0.0,0.0,0.0,0.0,223.55,0.0,0.0,-37.212419166510685,0.0,10,0.0,52210.0,190.52646260709963,211.36536666036005,17.017044000865095,1423.8,31.094511951782145,6.497791591744333,11.792279473292439,15.820929646612683,0,,,19.5,25.75,52210.0,0.0,0.0,0.0,0.0,0.0,0.0,0.0,0.0,0.0,1.0,1.0,0.0,0.0,0.0,682.0,99.0704230346466,0.5219435736677116,0.935483870967742,0.0,0.0,0.0
BEV2_2024-12-01_drive2.csv,BEV2,0.7216081609687848,50.869651,4.698867,50.864384,4.695882999999999,0.6219771378075054,1.160184381555378,0.0,-0.3366848614892321,-0.9416173872884764,0.2859169727793768,0.416855231012278,0.8011492496286695,4.002837618911276,51.900000000000006,0.0,0.0,2.5,0.0,0.0,0.0,3.5,0.0,0.0,6.75,0.0,0.0,3.25,0.0,,1.0,,181.65000000000003,0.0,0.0,-12.628142816953734,0.0,10,0.0,53146.0,190.52646260709963,211.36536666036005,17.017044000865095,1423.8,31.094511951782145,6.497791591744333,11.792279473292439,15.820929646612683,0,,,3.0,7.0,254.0,0.0,0.0,0.0,0.0,0.0,0.0,0.0,0.0,0.0,1.0,1.0,0.0,0.0,0.0,315.0,65.01542001544377,0.5873015873015873,1.0,0.0,0.0,0.0
BEV2_2024-12-01_drive3.csv,BEV2,1.238147648538768,50.864377,4.695891,50.857471,4.703965,0.9543725769843124,1.297342021761717,0.0,0.5937816144725463,-0.8046262451066187,0.2547154793660989,0.3569659416256301,0.6604311097261202,6.113171504786374,51.4,0.0,0.0,3.0,0.0,0.0,0.0,3.25,0.0,0.0,6.5,0.0,0.0,3.25,0.0,0.0,0.0,0.0,167.04999999999998,0.0,0.0,-21.04851002515905,0.0,10,0.0,1575.0,187.53059621426524,211.36536666036005,16.63727331436197,1313.8,30.765836325945976,6.062277270040454,11.191374787291668,15.281755323554908,0,,,3.25,6.5,8.0,0.0,0.0,0.0,0.0,0.0,0.0,0.0,0.0,0.0,1.0,1.0,0.0,0.0,0.0,309.0,78.03709578715763,0.4174757281553398,1.0,0.0,0.0,0.0
BEV2_2024-12-01_drive4.csv,BEV2,0.0624907033824991,50.85747,4.703965,50.857585,4.704012,0.0132061361475518,4.731944505515631,0.0,0.2498099166051426,0.9682948959721576,3.040680018238548,0.0,3.040680018238548,3.040680018238548,50.5,0.0,0.0,5.0,0.0,0.0,0.0,4.5,0.0,0.0,6.75,0.0,0.0,2.25,0.0,0.0,0.0,0.0,227.25,0.0,0.0,-0.9373605507374866,0.0,10,0.0,3044.0,188.02445269200666,217.33852066285448,16.172382480328604,1259.9,29.704152859283067,6.136432218367262,10.672485245576038,14.714374598778685,0,,,3.5,6.75,2453.0,0.0,0.0,0.0,0.0,0.0,0.0,0.0,0.0,0.0,1.0,1.0,0.0,0.0,0.0,84.0,3.734757095968489,0.5357142857142857,1.0,0.0,0.0,0.0
BEV2_2024-12-01_drive5.csv,BEV2,3.7954149295591577,50.857585,4.704014,50.857517,4.70399,0.0077466532227944,489.9425365254728,0.0,-0.2174625590004431,-0.9760686632778346,0.2898334615154588,0.4404057125322235,0.687211161114816,21.73750961365941,66.2,0.0,0.0,7.0,0.0,0.0,0.0,9.75,0.0,0.0,15.0,0.0,0.0,5.25,0.0,0.0,0.0,0.0,645.45,0.0,0.0,-49.34039408426905,0.0,10,0.0,4458.0,187.87509464725812,221.28968514659732,16.018046877621057,1239.6,27.969592255701325,6.340409491094534,10.30795237360372,14.178561449989758,0,,,9.75,15.0,7.0,0.0,0.0,0.0,0.0,0.0,0.0,0.0,0.0,0.0,1.0,1.0,0.0,0.0,0.0,928.0,72.35909097024762,0.3696120689655172,1.0,0.0,0.0,0.0
BEV2_2024-12-01_drive6.csv,BEV2,4.249184206600823,50.857511,4.703990999999999,50.858004,4.704166,0.0561785298702508,75.63715562537284,0.0,0.2186518334870019,0.9758029389752688,0.4309456361372466,0.6675028318921982,1.39260719362329,36.19943343552872,90.90000000000002,0.0,0.0,9.0,0.0,0.0,0.0,19.5,0.0,0.0,22.0,0.0,0.0,2.5,0.0,0.0,0.0,0.0,1772.5500000000004,0.0,0.0,-46.741026272609055,0.0,10,0.0,9807.0,185.50633344395,215.63636092918154,15.889445169183706,1234.3,27.57783342767623,6.644686199852492,11.02305250938105,14.936538915333688,0,,,19.75,22.0,6.0,0.0,0.0,0.0,0.0,0.0,0.0,0.0,0.0,0.0,1.0,1.0,0.0,0.0,0.0,662.0,91.28934224648738,0.1166936790923825,0.93202416918429,0.0,0.0,0.0
BEV2_2024-12-01_drive7.csv,BEV2,6.232378734346202,50.858004,4.704166,50.868938,4.712697,1.3552365798285455,4.598738572371384,0.0,0.4417911943417306,0.8971179078594448,0.278020070716597,0.4599974565171659,1.0162200253165483,34.47448876885803,88.80000000000001,0.0,0.0,8.0,0.0,0.0,0.0,13.75,0.0,0.0,16.5,0.0,0.0,2.75,0.0,0.0,0.0,0.0,1221.0000000000002,0.0,0.0,-74.78854481215443,0.0,10,0.0,25968.0,185.50633344395,215.63636092918154,15.889445169183706,1234.3,27.57783342767623,6.644686199852492,11.02305250938105,14.936538915333688,0,,,18.0,21.5,15498.0,0.0,0.0,0.0,0.0,0.0,0.0,0.0,0.0,0.0,1.0,1.0,0.0,0.0,0.0,1166.0,115.27705639907356,0.3545064377682403,0.9991423670668954,0.0,0.0,0.0
BEV2_2024-12-01_drive8.csv,BEV2,2.196767163495109,50.868938,4.712691,50.856907,4.704861,1.4462609292757982,1.5189286518271083,0.0,-0.3799727449445951,-0.9249976827534596,0.3974680342085162,0.5914854774346947,1.0666918055842802,17.091125470966197,87.0,0.0,0.0,8.0,0.0,0.0,0.0,12.25,0.0,0.0,15.5,0.0,0.0,3.25,0.0,0.0,0.0,0.0,1065.75,0.0,0.0,-26.36120596194131,0.0,10,0.0,135.0,185.07580469453782,209.97984620285104,16.010903104976645,1231.2,27.99178903336936,6.825955975039835,11.773191692776521,15.730902041417764,0,,,12.25,15.5,110.0,0.0,0.0,0.0,0.0,0.0,0.0,0.0,0.0,0.0,1.0,1.0,0.0,0.0,0.0,352.0,81.84410952805572,0.1761363636363636,1.0,0.0,0.0,0.0
BEV2_2024-12-08_drive1.csv,BEV2,3.1936754494964035,50.856911,4.704867999999999,50.863751,4.692609,1.1483973402619037,2.78098471454841,0.0,-0.7492458440630475,0.6622919787784324,0.3415774689124108,0.5326870351685993,1.0307732175796829,21.519380541481883,85.5,0.0,0.0,6.5,0.0,0.0,0.0,6.25,0.0,0.0,8.25,0.0,0.0,2.0,0.0,0.0,0.0,0.0,534.375,0.0,0.0,-43.11461856820145,0.0,10,0.0,569249.0,185.61429891995382,227.85823937727156,16.02687482394787,1214.6,28.81196073017598,6.875955975039837,11.710870083423464,15.602743669712073,0,,,6.0,8.25,2758.0,0.0,0.0,0.0,0.0,0.0,0.0,0.0,0.0,0.0,1.0,1.0,0.0,0.0,0.0,661.0,105.29578354592304,0.2526475037821483,1.0,0.0,0.0,0.0
BEV2_2024-12-08_drive2.csv,BEV2,1.263774212792392,50.863746,4.692610999999999,50.857832,4.704103,1.0406898198746504,1.214362040117402,0.0,0.7750532131265437,-0.6318959699366822,0.4056514037235659,0.5642027728801766,1.0904507166599016,10.141285093089149,90.5,0.0,0.0,6.5,0.0,0.0,0.0,8.25,0.0,0.0,13.0,0.0,0.0,4.75,0.0,0.0,0.0,0.0,746.625,0.0,0.0,-17.060951872697295,0.0,10,0.0,1836.0,195.33815360780486,234.30340155411818,9.541308394403364,949.4,23.15572654976919,6.676447851651273,10.808419819858589,14.504904426080913,0,,,6.25,9.25,1772.0,0.0,0.0,0.0,0.0,0.0,0.0,0.0,0.0,0.0,1.0,1.0,0.0,0.0,0.0,422.0,68.16506331169826,0.523696682464455,1.0,0.0,0.0,0.0
BEV2_2024-12-08_drive3.csv,BEV2,5.277098143670022,50.857832,4.704103,50.856951,4.704631,0.1047390875646116,50.38327396555442,0.0,0.3538457547979285,-0.9353037911884482,0.3433966404946013,0.5289336105473895,1.251731238540375,36.05664725193314,89.80000000000001,0.0,0.0,7.0,0.0,0.0,0.0,10.25,0.0,0.0,12.5,0.0,0.0,2.25,0.0,0.0,0.0,0.0,920.4500000000002,0.0,0.0,-68.60227586771029,0.0,10,0.0,5742.0,195.33815360780486,234.30340155411818,9.541308394403364,949.4,23.15572654976919,6.676447851651273,10.808419819858589,14.504904426080913,0,,,8.75,12.25,3484.0,0.0,0.0,0.0,0.0,0.0,0.0,0.0,0.0,0.0,1.0,1.0,0.0,0.0,0.0,1152.0,111.58179276047686,0.3701129452649869,0.9991319444444444,0.0,0.0,0.0
BEV2_2024-12-08_drive4.csv,BEV2,69.22896305315099,50.856959,4.704636,51.253319,4.445892,47.63929593533681,1.453190306320205,0.0,-0.379616403757013,0.9251439812259454,0.0344152113614067,0.1232060606726476,0.0546401390004155,47.630652524186885,87.9,0.0,0.0,7.0,0.0,0.0,0.0,11.0,0.0,0.0,13.0,0.0,0.0,2.0,0.0,0.0,0.0,0.0,966.9,0.0,0.0,-899.9765196909628,0.0,10,0.0,6499.0,198.4587816985649,244.5643704763989,9.432806127945842,938.0,22.99567939390515,6.252210745692631,9.947939160571854,13.54240602365383,0,,,11.0,13.0,7.0,0.0,0.0,0.0,0.0,0.0,0.0,0.0,0.0,0.0,1.0,1.0,0.0,0.0,0.0,3304.0,841.8818639122287,0.0932203389830508,1.0,0.0,0.0,0.0
BEV2_2024-12-08_drive5.csv,BEV2,6.168504159947052,51.253319,4.445889,51.222309,4.411735999999999,4.18844783051024,1.472742268630716,0.0,-0.5676721793210636,-0.8232546974204727,0.1877076989548361,0.3255459150532654,0.6282612464836336,23.08804697144484,71.7,0.0,0.0,8.0,0.0,0.0,0.0,13.25,0.0,0.0,18.5,0.0,0.0,5.25,0.0,0.0,0.0,0.0,950.025,0.0,0.0,-74.02204991936462,0.0,10,0.0,1460.0,198.8255168681732,244.5643704763989,11.39715280030201,1034.8,22.900138619435694,6.16755483513134,9.301470299072893,12.720170764325934,0,,,13.75,18.75,1461.0,0.0,0.0,0.0,0.0,0.0,0.0,0.0,0.0,0.0,1.0,1.0,0.0,0.0,0.0,899.0,160.63482002697538,0.2335928809788654,1.0,0.0,0.0,0.0
BEV2_2024-12-08_drive6.csv,BEV2,65.35984750593472,51.22231,4.411753,50.857522,4.70402,45.41900420322334,1.439041842782106,0.0,0.4499090905216606,-0.8930743587551779,0.0430956318047639,0.1541098987048304,0.0538308155575045,56.369086400631296,70.10000000000001,0.0,0.0,13.5,0.0,0.0,0.0,16.5,0.0,0.0,18.75,0.0,0.0,2.25,0.0,0.0,0.0,1.0,1156.65,0.0,0.0,-424.8390087885757,0.0,10,0.0,3729.0,200.22338881841281,244.5643704763989,9.811549250389493,919.8,21.498115000135154,6.38470170282732,8.73329047451149,11.993184409550107,0,,,16.5,18.75,21.0,0.0,0.0,0.0,0.0,0.0,0.0,0.0,0.0,0.0,1.0,1.0,0.0,0.0,0.0,3606.0,825.7864224211626,0.1212205270457697,0.999722684414864,0.0,0.0,0.0
BEV2_2024-12-09_drive1.csv,BEV2,7.949290098649225,50.85752,4.704001,50.862437,4.686738,1.3293055010706076,5.980032499863242,0.0,-0.9114990637383144,0.4113021478234419,0.2715247666768943,0.4686135796660284,0.8343551667575422,42.900913134949306,89.9,0.0,0.0,5.0,0.0,0.0,0.0,7.5,0.0,0.0,11.0,0.0,0.0,3.5,0.0,0.0,0.0,0.0,674.25,0.0,0.0,-119.23935147973836,0.0,10,0.0,49066.0,193.51285811054748,234.30340155411818,16.275373184886085,1248.9,27.20011562725377,6.991909469573974,10.070090575234037,13.417073226549835,0,,,7.5,11.0,7.0,0.0,0.0,0.0,0.0,0.0,0.0,0.0,0.0,0.0,1.0,1.0,0.0,0.0,0.0,2461.0,93.2323238600518,0.4249585406301824,0.980089394555059,0.0,0.0,0.0
BEV2_2024-12-09_drive2.csv,BEV2,2.7715964279703384,50.862429,4.686735,50.857816,4.704115,1.3233256443854529,2.094417530355846,0.0,0.9218207094254304,-0.3876165368949008,0.4390799566110363,0.5705019889737895,1.2389195418414032,24.149397613607,86.80000000000001,0.0,0.0,9.5,0.0,0.0,0.0,8.5,0.0,0.0,10.5,0.0,0.0,2.0,0.0,,1.0,,737.8000000000001,0.0,0.0,-29.101762493688557,0.0,10,0.0,63944.0,193.51285811054748,234.30340155411818,16.275373184886085,1248.9,27.20011562725377,6.991909469573974,10.070090575234037,13.417073226549835,0,,,8.5,10.5,14.0,0.0,0.0,0.0,0.0,0.0,0.0,0.0,0.0,0.0,1.0,1.0,0.0,0.0,0.0,823.0,88.50153823270469,0.366626065773447,0.9975698663426488,0.0,0.0,0.0
BEV2_2024-12-09_drive3.csv,BEV2,11.16399802061476,50.857817,4.704115,50.882988,4.675233,3.455634307307256,3.2306653504994616,0.0,-0.5864988089827936,0.809950089241161,0.1155554306867173,0.2738307765473245,0.2867333651873385,27.155526211378564,85.5,0.0,0.0,6.5,0.0,0.0,0.0,9.25,0.0,0.0,11.25,0.0,0.0,2.0,0.0,0.0,0.0,0.0,790.875,0.0,0.0,-150.71397327829928,0.0,10,0.0,3603.0,194.445471445883,234.30340155411818,16.42870491375523,1300.1,26.982223648296884,7.407954585267651,10.589865787870732,13.89773676634034,0,,,9.25,11.25,6.0,0.0,0.0,0.0,0.0,0.0,0.0,0.0,0.0,0.0,1.0,1.0,0.0,0.0,0.0,877.0,766.092544919127,0.2713625866050808,0.9874572405929304,0.0,0.0,0.0
BEV2_2024-12-09_drive4.csv,BEV2,3.7619297805145537,50.882988,4.675231999999999,50.870664,4.696257,2.0134678411093727,1.8683833452447,0.0,0.7326543008414491,-0.6806009663955286,0.2697849156029864,0.5175758084293872,0.7332099013911058,20.23386867022398,83.2,0.0,0.0,5.5,0.0,0.0,0.0,7.75,0.0,0.0,10.25,0.0,0.0,2.5,0.0,,1.0,,644.8000000000001,0.0,0.0,-54.54798181746103,0.0,10,0.0,15021.0,195.95742279303195,228.28391728206935,17.53884452597046,1379.3,31.29546718858159,7.489761403449471,11.029011207130583,14.389431874417701,0,,,7.75,10.25,5.0,0.0,0.0,0.0,0.0,0.0,0.0,0.0,0.0,0.0,1.0,1.0,0.0,0.0,0.0,1300.0,105.22981898110326,0.5801232665639445,0.9984615384615384,0.0,0.0,0.0
BEV2_2024-12-09_drive5.csv,BEV2,3.153656564958474,50.870663,4.696257,50.857027,4.704154,1.614374397619625,1.9534852445681132,0.0,0.3433101326612401,-0.9392220998316222,0.3058867745430503,0.4798039190285628,1.0379036515984037,19.270866796212168,82.0,0.0,0.0,5.5,0.0,0.0,0.0,6.5,0.0,0.0,8.75,0.0,0.0,2.25,0.0,0.0,0.0,0.0,533.0,0.0,0.0,-45.72802019189788,0.0,10,0.0,13184.0,196.6775408862377,229.07256473258542,17.535496011065998,1416.4,30.867238740744067,7.374620873553302,10.708166281834343,13.974874612613842,0,,,6.5,9.25,13184.0,0.0,0.0,0.0,0.0,0.0,0.0,0.0,0.0,0.0,1.0,1.0,0.0,0.0,0.0,622.0,99.49790816508396,0.3022508038585209,1.0,0.0,0.0,0.0
BEV2_2024-12-09_drive6.csv,BEV2,3.992679451141013,50.857026,4.704155,50.857023,4.704153,0.0003619215420445,11031.892239919289,0.0,-0.3878893298628167,-0.921705955160633,0.2887999597208878,0.4874588913166551,0.808949323754606,22.81519681795013,80.7,0.0,0.0,5.5,0.0,0.0,0.0,6.0,0.0,0.0,9.0,0.0,0.0,3.0,0.0,0.0,0.0,0.0,484.2000000000001,0.0,0.0,-57.89385204154468,0.0,10,0.0,1176.0,197.92740695752414,244.5643704763989,17.227623794127226,1362.0,30.76444950354199,7.150619276109213,10.061195134402492,13.253291304382259,0,,,6.0,8.5,1137.0,0.0,0.0,0.0,0.0,0.0,0.0,0.0,0.0,0.0,1.0,1.0,0.0,0.0,0.0,1763.0,95.65019196982846,0.7014755959137344,0.9994327850255248,0.0,0.0,0.0
BEV2_2024-12-10_drive1.csv,BEV2,3.5251002119055723,50.857023,4.704152,50.882158,4.714932999999999,2.895472295482293,1.2174525784293175,0.0,0.2612852247303526,0.9652616387993512,0.1929087321450576,0.3769994082619086,0.4517290252910562,13.503611250154032,78.9,0.0,0.0,5.5,0.0,0.0,0.0,5.5,0.0,0.0,7.75,0.0,0.0,2.25,0.0,0.0,0.0,0.0,433.9500000000001,0.0,0.0,-51.1139530726308,0.0,10,0.0,33121.0,200.75578280391275,260.7263175061799,17.407215024684927,1503.1,29.350594843983167,6.938706429476501,9.446656634698583,12.55140549109502,0,,,6.0,8.25,33121.0,0.0,0.0,0.0,0.0,0.0,0.0,0.0,0.0,0.0,1.0,1.0,0.0,0.0,0.0,978.0,84.84788420145031,0.4243353783231083,1.0,0.0,0.0,0.0
BEV2_2024-12-10_drive2.csv,BEV2,3.654201855741436,50.882159,4.714928,50.861901,4.685838,3.039878775461567,1.202088019179841,0.0,-0.6714906046892576,-0.7410130685852007,0.1519473389353478,0.3746250659697132,0.2505872131050133,11.09215574228039,77.60000000000001,0.0,0.0,7.5,0.0,0.0,0.0,7.0,0.0,0.0,9.0,0.0,0.0,2.0,0.0,0.0,0.0,0.0,543.2,0.0,0.0,-45.67752319676795,0.0,10,0.0,37445.0,200.5687316145164,260.7263175061799,17.440357500925845,1534.8,28.912698814774224,6.889982603618577,9.330284201109764,12.446437811715576,0,,,5.0,7.5,37445.0,0.0,0.0,0.0,0.0,0.0,0.0,0.0,0.0,0.0,1.0,1.0,0.0,0.0,0.0,735.0,106.53580210645887,0.3310626702997275,0.998639455782313,0.0,0.0,0.0
BEV2_2024-12-10_drive3.csv,BEV2,2.6662989097588063,50.86191,4.68582,50.856959,4.704668,1.4329024195371558,1.8607679583792256,0.0,0.923248226070113,-0.3842039992743302,0.4123116392476376,0.5745363556759385,1.3143348028215558,21.8525168801248,76.3,0.0,0.0,5.5,0.0,0.0,0.0,6.75,0.0,0.0,9.25,0.0,0.0,2.5,0.0,0.0,0.0,0.0,515.025,0.0,0.0,-38.66133419150269,0.0,10,0.0,173.0,200.543214940138,267.63295948279375,17.278067872132986,1493.1,29.050426494365762,6.846075249623889,9.014073182594737,12.105997967877197,0,,,6.75,9.25,10.0,0.0,0.0,0.0,0.0,0.0,0.0,0.0,0.0,0.0,1.0,1.0,0.0,0.0,0.0,609.0,65.21593256492432,0.3136288998357964,1.0,0.0,0.0,0.0
BEV2_2024-12-11_drive1.csv,BEV2,2.4608818932883287,50.856959,4.704666,50.862422,4.68676,1.3959051676067629,1.7629291375913712,0.0,-0.9003473811847865,0.4351719122297494,0.319850203431816,0.499178696049959,0.993185511705072,15.672659968158984,75.10000000000001,0.0,0.0,4.5,0.0,0.0,0.0,4.75,0.0,0.0,7.0,0.0,0.0,2.25,0.0,0.0,0.0,0.0,356.725,0.0,0.0,-38.14366934596909,0.0,10,0.0,47010.0,215.85867017882242,272.2131226888233,10.621788308123666,1223.6,23.082558803738568,6.619055535193892,8.495775149311832,11.487573387633649,0,,,4.75,7.0,10.0,0.0,0.0,0.0,0.0,0.0,0.0,0.0,0.0,0.0,1.0,1.0,0.0,0.0,0.0,1027.0,48.33990952787762,0.5092502434274586,1.0,0.0,0.0,0.0
BEV2_2024-12-11_drive2.csv,BEV2,2.846346611014387,50.862416,4.686753,50.85701,4.704139,1.360323524467756,2.092404166963191,0.0,0.8970666221341134,-0.4418953218273438,0.4386134366896829,0.5523533648613523,1.265175611087331,24.562352454622246,73.8,0.0,0.0,10.0,0.0,0.0,0.0,7.75,0.0,0.0,9.75,0.0,0.0,2.0,0.0,,1.0,,571.9499999999999,0.0,0.0,-28.46346611014387,0.0,10,0.0,35480.0,221.16458193639536,292.19968118983445,10.251033100742875,1236.4,21.48076669009976,6.261443109536557,7.4401928687805725,10.265598087989982,1,354.46919624685637,824.0,3.25,5.75,35466.0,0.0,0.0,0.0,0.0,0.0,0.0,0.0,0.0,0.0,0.0,0.0,0.0,0.0,0.0,709.0,49.76710421705607,0.2178217821782178,0.997179125528914,0.0,0.0,0.0
BEV2_2024-12-12_drive1.csv,BEV2,74.94845764509138,50.857007,4.704139,50.994819,5.539039,60.49013255643338,1.239019563648159,0.0,0.9673801135834484,0.2533292636930727,0.0420582113698203,0.1708174230124594,0.0450892328191267,63.00320063199085,72.4,0.0,0.0,2.5,0.0,0.0,0.0,4.0,0.0,0.0,6.5,0.0,0.0,2.5,0.0,0.0,0.0,0.0,289.6,0.0,0.0,-1311.5980087890991,0.0,10,0.0,48586.0,288.87063908592137,311.6097615722256,3.9996830112508404,946.6,16.40249214511266,6.17861291357779,6.5309322224813275,9.187221677943667,0,,,4.0,6.5,15.0,0.0,0.0,0.0,0.0,0.0,0.0,0.0,0.0,0.0,1.0,1.0,0.0,0.0,0.0,5167.0,899.2970519644177,0.3240418118466899,0.9998064640990904,0.0,0.0,0.0
BEV2_2024-12-12_drive2.csv,BEV2,75.93670720902266,50.994819,5.539039,50.862484,4.686648,61.52493555506545,1.2342427752900047,0.0,-0.9709777574111274,-0.2391698028866895,0.0462824650116385,0.1780581859273258,0.0571521878146711,70.25678188766736,78.5,0.0,0.0,4.388888888888889,0.0,0.0,0.0,15.75,0.0,0.0,23.0,0.0,0.0,7.25,0.0,0.0,0.0,0.0,1236.375,0.0,0.0,-1185.456373651965,0.0,10,0.0,64063.0,288.87063908592137,311.6097615722256,3.9996830112508404,946.6,16.40249214511266,6.17861291357779,6.5309322224813275,9.187221677943667,0,,,15.75,23.0,11.0,0.0,0.0,0.0,0.0,0.0,0.0,0.0,0.0,0.0,1.0,1.0,0.0,0.0,0.0,4614.0,927.0801533227811,0.259211096662332,1.0,0.0,0.0,0.0
BEV2_2024-12-12_drive3.csv,BEV2,2.821291047082621,50.862486,4.686647,50.85722,4.70391,1.3457348393703628,2.096468757844328,0.0,0.9003734949469039,-0.4351178801165239,0.420266704856186,0.5286233574995173,1.15084832155233,23.53493547194641,90.9,0.0,0.0,9.5,0.0,0.0,0.0,26.0,0.0,0.0,28.5,0.0,0.0,2.5,0.0,0.0,0.0,0.0,2363.4,0.0,0.0,-29.62355599436752,0.0,10,0.0,80020.0,288.87063908592137,311.6097615722256,3.9996830112508404,946.6,16.40249214511266,6.17861291357779,6.5309322224813275,9.187221677943667,2,355.4416060380881,767.0,26.0,28.5,7.0,0.0,0.0,0.0,0.0,0.0,0.0,0.0,0.0,0.0,0.0,0.0,0.0,0.0,0.0,646.0,55.772761644695365,0.2465116279069767,0.9984520123839008,0.0,0.0,0.0
BEV2_2024-12-13_drive1.csv,BEV2,4.866559601396534,50.857217,4.703909,50.874565,4.697234,1.9850771647898984,2.451572003203016,0.0,-0.235984545715373,0.9717568081487822,0.3523168045484669,0.5085868615233279,1.0153989548109974,34.17473004120129,88.80000000000001,0.0,0.0,1.0,0.0,0.0,0.0,4.0,0.0,0.0,7.0,0.0,0.0,3.0,0.0,0.0,0.0,0.0,355.20000000000005,0.0,0.0,-92.46463242653417,0.0,10,0.0,135176.0,288.87063908592137,311.6097615722256,3.9996830112508404,946.6,16.40249214511266,6.17861291357779,6.5309322224813275,9.187221677943667,0,,,4.25,7.0,10.0,0.0,0.0,0.0,0.0,0.0,0.0,0.0,0.0,0.0,1.0,1.0,0.0,0.0,0.0,1988.0,69.38793925528994,0.5422535211267606,1.0,0.0,0.0,0.0
BEV2_2024-12-13_drive2.csv,BEV2,2.6851880532460832,50.874557,4.697219,50.856989,4.704374,2.0169791035128544,1.3312919546709474,0.0,0.2489539518133064,-0.9685153224789672,0.2539386847016757,0.3761760565628508,0.931848638301516,13.458750289188815,86.4,0.0,0.0,2.0,0.0,0.0,0.0,2.75,0.0,0.0,5.0,0.0,0.0,2.25,0.0,0.0,0.0,0.0,237.6,0.0,0.0,-48.3333849584295,0.0,10,0.0,36469.0,294.26131511885995,311.6097615722256,4.2091933670859465,1063.3,16.071566345659754,5.478748912117403,5.855579120397396,8.668004800726475,0,,,2.25,7.25,36433.0,0.0,0.0,0.0,0.0,0.0,0.0,0.0,0.0,0.0,1.0,1.0,0.0,0.0,0.0,768.0,62.30291232333296,0.3294270833333333,1.0,0.0,0.0,0.0
BEV2_2024-12-13_drive4.csv,BEV2,4.367904531079914,50.873534,4.702236,50.856983,4.703696,1.8432398781555648,2.3696886025765957,0.0,0.055588707551474,-0.9984537523554892,0.3131814078889441,0.5301371913749456,1.012015517376642,27.246782486338144,83.60000000000001,0.0,0.0,9.875,0.0,0.0,0.0,4.75,0.0,0.0,7.0,0.0,0.0,2.25,0.0,0.0,0.0,0.0,397.1,0.0,0.0,-44.225033377184126,0.0,10,0.0,15476.0,330.3431036959839,328.5404722019972,3.361312370349078,1052.3,12.756325589365584,5.051536249779742,5.113121531015918,7.976049614625706,0,,,1.75,4.5,10833.0,0.0,0.0,0.0,0.0,0.0,0.0,0.0,0.0,0.0,1.0,1.0,0.0,0.0,0.0,875.0,71.21223824525717,0.2091428571428571,1.0,0.0,0.0,0.0
BEV2_2024-12-14_drive1.csv,BEV2,7.998241798546101,50.856983,4.703695,50.858157,4.704209,0.1354368869212473,59.05512139537622,0.0,0.2663871964300937,0.9638661014778528,0.2991632838658283,0.4847899519050309,1.0132815984608776,47.56696213466671,82.30000000000003,0.0,0.0,2.5,0.0,0.0,0.0,3.25,0.0,0.0,5.5,0.0,0.0,2.25,0.0,0.0,0.0,0.0,267.4750000000001,0.0,0.0,-139.96923147455678,0.0,10,0.0,39203.0,333.80676836335294,328.5404722019972,3.4219168621955816,1010.0,13.506330286111075,4.9594543385169425,4.964320337590695,7.8013512791398325,0,,,5.5,8.25,39204.0,0.0,0.0,0.0,0.0,0.0,0.0,0.0,0.0,0.0,1.0,1.0,0.0,0.0,0.0,1201.0,102.9031863740763,0.1902730375426621,0.9758534554537884,0.0,0.0,0.0
BEV2_2024-12-14_drive2.csv,BEV2,5.709036873999822,50.858156,4.70421,50.857703,4.704059,0.0514743793573014,110.91026147923864,0.0,-0.2059063173687756,-0.978571708393222,0.2406720745957121,0.4474099347801239,0.761498459745988,27.43661650391118,79.5,0.0,0.0,3.5,0.0,0.0,0.0,4.5,0.0,0.0,6.75,0.0,0.0,2.25,0.0,0.0,0.0,0.0,357.75,0.0,0.0,-94.19910842099706,0.0,10,0.0,50444.0,333.80676836335294,328.5404722019972,3.4219168621955816,1010.0,13.506330286111075,4.9594543385169425,4.964320337590695,7.8013512791398325,0,,,3.75,8.25,10039.0,0.0,0.0,0.0,0.0,0.0,0.0,0.0,0.0,0.0,1.0,1.0,0.0,0.0,0.0,1166.0,93.0964401374271,0.3373390557939914,0.9991423670668954,0.0,0.0,0.0
BEV2_2024-12-14_drive3.csv,BEV2,10.59877458064886,50.857702,4.704064,50.857706,4.704098999999999,0.00249664898671,4245.20012106923,0.0,0.984003175170708,0.1781509226862576,0.1955138437317365,0.3349248026100282,0.596797515197653,41.25342102739641,77.5,0.0,0.0,4.0,0.0,0.0,0.0,6.0,0.0,0.0,8.25,0.0,0.0,2.25,0.0,0.0,0.0,0.0,465.0,0.0,0.0,-169.58039329038175,0.0,10,0.0,4959.0,324.805708469992,324.75380353318496,3.677468042673502,1064.4,13.447994004699751,4.740675781983272,4.779264921183642,7.661966292598497,0,,,4.5,9.25,4960.0,0.0,0.0,0.0,0.0,0.0,0.0,0.0,0.0,0.0,1.0,1.0,0.0,0.0,0.0,2924.0,89.41393804884758,0.3369825521724255,0.9996580027359782,0.0,0.0,0.0
BEV2_2024-12-14_drive4.csv,BEV2,5.835311628845016,50.857706,4.704101,50.857696,4.704052,0.0036146745776613,1614.3394110515849,0.0,-0.951508881252772,-0.3076212751047918,0.1857780554830095,0.2905172025031596,0.5743946719043177,21.5502544360291,73.7,0.0,0.0,4.0,0.0,0.0,0.0,8.25,0.0,0.0,10.25,0.0,0.0,2.0,0.0,0.0,0.0,0.0,608.025,0.0,0.0,-93.36498606152026,0.0,10,0.0,7129.0,310.57091415241865,305.5523612387733,4.33810735160778,1180.5,13.937688466757018,4.611772371785382,4.757671594145556,7.741766418503438,0,,,7.25,11.0,7130.0,0.0,0.0,0.0,0.0,0.0,0.0,0.0,0.0,0.0,1.0,1.0,0.0,0.0,0.0,1324.0,62.87638709737543,0.2854984894259819,1.0,0.0,0.0,0.0
BEV2_2024-12-14_drive5.csv,BEV2,4.878715705010014,50.857697,4.704052,50.857701,4.704059,0.0006627568562423,7361.245167150229,0.0,0.7413611101539264,0.6711063286479557,0.2448393082714225,0.4368875958734117,0.7887860915130734,23.749412902327983,71.60000000000001,0.0,0.0,4.5,0.0,0.0,0.0,7.5,0.0,0.0,9.5,0.0,0.0,2.0,0.0,0.0,0.0,0.0,537.0000000000001,0.0,0.0,-75.6200934276552,0.0,10,0.0,2637.0,309.92888330930674,305.5523612387733,4.569128493301724,1215.1,14.227127354694428,4.449747256961463,4.943530951095884,7.967027874029045,0,,,6.5,9.25,2638.0,0.0,0.0,0.0,0.0,0.0,0.0,0.0,0.0,0.0,1.0,1.0,0.0,0.0,0.0,1213.0,71.90954958276023,0.4245671887881286,1.0,0.0,0.0,0.0
BEV2_2024-12-14_drive6.csv,BEV2,5.6764829140551605,50.8577,4.704058,50.857708,4.704063,0.0009562897619474,5935.94445944404,0.0,0.3670003186466434,0.9302208157815338,0.221556963239756,0.368410739238474,0.7664414415573129,25.03593684609244,69.8,0.0,0.0,4.5,0.0,0.0,0.0,7.0,0.0,0.0,9.25,0.0,0.0,2.25,0.0,0.0,0.0,0.0,488.6,0.0,0.0,-87.98548516785499,0.0,10,0.0,7046.0,309.07976824756565,305.5523612387733,4.691579878228582,1262.9,13.888946487282604,4.252278481839516,4.947091763358616,7.980439397648413,1,279.73609090485064,1327.0,6.5,9.0,7047.0,0.0,0.0,0.0,0.0,0.0,0.0,0.0,0.0,0.0,0.0,0.0,0.0,0.0,0.0,944.0,88.61325580400018,0.2341101694915254,1.0,0.0,0.0,0.0
BEV2_2024-12-15_drive1.csv,BEV2,3.852399427083199,50.857706,4.704063,50.86494,4.693902,1.0750054689108697,3.583609142924842,0.0,-0.663403890427698,0.7482615038643876,0.2429587154141899,0.4668598758216334,0.8134350646738316,18.707821086892626,67.9,0.0,0.0,5.0,0.0,0.0,0.0,4.25,0.0,0.0,6.5,0.0,0.0,2.25,0.0,0.0,0.0,0.0,288.57500000000005,0.0,0.0,-57.78599140624799,0.0,10,0.0,45144.0,301.6913811070609,291.508860239492,4.992598278658218,1296.4,14.478438055616143,4.1518852439075085,4.9043327781577695,7.957731620294237,0,,,6.5,10.5,45144.0,0.0,0.0,0.0,0.0,0.0,0.0,0.0,0.0,0.0,1.0,1.0,0.0,0.0,0.0,868.0,83.34277435173999,0.3778801843317972,1.0,0.0,0.0,0.0
BEV2_2024-12-15_drive2.csv,BEV2,1.4309521111008503,50.864942,4.693903,50.857712,4.704092,1.0759777965583828,1.329908587033939,0.0,0.6646307824686069,-0.7471719500859004,0.3650998504428132,0.4224057856720125,1.0536683107898557,10.222795812398768,66.3,0.0,0.0,5.0,0.0,0.0,0.0,4.25,0.0,0.0,6.75,0.0,0.0,2.5,0.0,0.0,0.0,0.0,281.775,0.0,0.0,-21.464281666512758,0.0,10,0.0,1990.0,298.2671665893266,291.508860239492,5.131743012752625,1280.5,15.210565586110794,4.2181378800761875,4.918750565657448,7.9377547079445545,0,,,4.25,6.5,201.0,0.0,0.0,0.0,0.0,0.0,0.0,0.0,0.0,0.0,1.0,1.0,0.0,0.0,0.0,587.0,59.38291724100505,0.4982935153583617,0.9982964224872232,0.0,0.0,0.0
BEV2_2024-12-15_drive3.csv,BEV2,63.74553199808428,50.857709,4.70409,51.222343,4.411652999999999,45.40904051381336,1.4038070674207042,0.0,-0.4502684916003732,0.8928932105643567,0.0477964508950645,0.1632398370823768,0.0783537924006277,60.892678440312174,65.4,0.0,0.0,8.0,0.0,0.0,0.0,5.75,0.0,0.0,8.0,0.0,0.0,2.25,0.0,,1.0,,376.05,0.0,0.0,-764.9463839770114,0.0,10,0.0,11695.0,299.3608648062228,291.508860239492,4.9902035627612715,1268.4,14.641953290737609,3.9808646110200385,4.596782046232753,7.637527071050586,0,,,5.75,8.0,6.0,0.0,0.0,0.0,0.0,0.0,0.0,0.0,0.0,0.0,1.0,1.0,0.0,0.0,0.0,3965.0,794.9703345310159,0.1506434519303558,0.9994955863808322,0.0,0.0,0.0
BEV2_2024-12-15_drive4.csv,BEV2,65.06847150170223,51.222336,4.411621,50.857026,4.704077,45.476835537608665,1.4308047323981363,0.0,0.4496298080122881,-0.8932149997323338,0.0443294726030544,0.1543997087280159,0.0517073341738864,58.02727963739824,49.1,0.0,0.0,12.75,0.0,0.0,0.0,15.0,0.0,0.0,17.25,0.0,0.0,2.25,0.0,,1.0,,736.5,0.0,0.0,-471.7464183873412,0.0,10,0.0,7256.0,232.58281587267118,278.2590583073485,10.87808676393756,1465.9,19.548268717530423,4.725457673132331,5.387431832753652,8.372236326206284,0,,,15.0,17.25,6.0,0.0,0.0,0.0,0.0,0.0,0.0,0.0,0.0,0.0,1.0,1.0,0.0,0.0,0.0,3878.0,786.4000910020253,0.1348837209302325,0.997937080969572,0.0,0.0,0.0
BEV2_2024-12-15_drive5.csv,BEV2,6.102925105281319,50.857029,4.704084,50.857026,4.704059,0.0017862440357516,3416.624483066977,0.0,-0.9824070267402848,-0.1867523328135777,0.2889288347945202,0.4031305315012166,0.892943383602888,35.24931784493147,32.0,0.0,0.0,10.0,0.0,0.0,0.0,18.25,0.0,0.0,20.5,0.0,0.0,2.25,0.0,0.0,0.0,0.0,584.0,0.0,0.0,-61.02925105281319,0.0,10,0.0,7443.0,210.9836555048018,274.84234312222725,17.11641510878318,1776.9,24.330060857413475,5.560868203323789,6.850594820458629,9.950229771945008,0,,,18.25,24.0,7395.0,0.0,0.0,0.0,0.0,0.0,0.0,0.0,0.0,0.0,1.0,1.0,0.0,0.0,0.0,1160.0,70.90665357556327,0.2752372735116479,0.9991379310344828,0.0,0.0,0.0
BEV2_2024-12-15_drive6.csv,BEV2,4.561634729347075,50.857028,4.704063,50.856976,4.703683,0.0272927814858418,167.1370406755144,0.0,-0.9773008559092742,-0.2118561706417825,0.3031064117680526,0.4363688135657345,0.7912080896025491,27.58268347089279,30.3,0.0,0.0,10.0,0.0,0.0,0.0,15.5,0.0,0.0,19.75,0.0,0.0,4.25,0.0,0.0,0.0,0.0,469.65,0.0,0.0,-45.61634729347075,0.0,10,0.0,605.0,207.90623005944167,269.2804886103168,17.28991014941335,1805.4,24.428217302539625,6.073920904964594,7.980622076130993,11.147723887197566,1,276.7820257098464,1216.0,15.5,19.75,10.0,0.0,0.0,0.0,0.0,0.0,0.0,0.0,0.0,0.0,0.0,0.0,0.0,0.0,0.0,1656.0,72.99940814223832,0.5700483091787439,1.0,0.0,0.0,0.0
BEV2_2024-12-15_drive7.csv,BEV2,5.869486062085609,50.856977,4.703685,50.857513,4.703992,0.0633765702697151,92.61286997870845,0.0,0.3400163963445822,0.9404195075692784,0.2068339195561486,0.336983915873334,0.5664971604079271,24.199568588069397,27.600000000000005,0.0,0.0,10.5,0.0,0.0,0.0,15.0,0.0,0.0,17.5,0.0,0.0,2.5,0.0,0.0,0.0,0.0,414.00000000000006,0.0,0.0,-55.76011758981328,0.0,10,0.0,11627.0,207.29317244119167,265.00338761170747,17.175156785374288,1854.4,23.659913889915785,6.755041420388136,9.13074475424503,12.411285720638721,2,261.8714324052909,1137.0,15.75,20.5,11628.0,0.0,0.0,0.0,0.0,0.0,0.0,0.0,0.0,0.0,0.0,0.0,0.0,0.0,0.0,1153.0,112.60938756863798,0.4258456201214223,1.0,0.0,0.0,0.0
BEV2_2024-12-16_drive1.csv,BEV2,2.2018085608043587,50.857511,4.703993,50.862418,4.686770999999999,1.326225455460134,1.6602068311533358,0.0,-0.9114463585987912,0.411418929312937,0.3824951782140237,0.4591330599160766,1.1295647790514285,16.829787841417044,90.6,0.0,0.0,10.5,0.0,0.0,0.0,22.5,0.0,0.0,25.75,0.0,0.0,3.25,0.0,0.0,0.0,0.0,2038.5,0.0,0.0,-20.91718132764141,0.0,10,0.0,25324.0,203.1388944324938,250.30551658739955,16.702202237767473,1677.3,24.184197638158185,7.390490347918825,9.991824119324397,13.198825403178404,0,,,22.75,25.75,10.0,0.0,0.0,0.0,0.0,0.0,0.0,0.0,0.0,0.0,1.0,1.0,0.0,0.0,0.0,656.0,67.912206834603,0.4427480916030534,0.9984756097560976,0.0,0.0,0.0
BEV2_2024-12-17_drive1.csv,BEV2,36.72943952712159,50.943549,5.032235,50.994799,5.539081,35.945819801826026,1.0218000237472886,0.0,0.9873530661624444,0.1585368182461715,0.0283494642737042,0.1297985551844953,0.0204981185853886,22.225979990584165,75.3,0.0,0.0,8.5,0.0,0.0,0.0,12.75,0.0,0.0,17.0,0.0,0.0,4.25,0.0,0.0,0.0,0.0,960.075,0.0,0.0,-422.38855456189833,0.0,10,0.0,120362.0,200.70496985631453,234.51669950199437,16.338851930963404,1610.5,23.80395291903552,7.999419739728486,11.350641671950687,14.732619177050491,0,,,13.5,16.75,86991.0,0.0,0.0,0.0,0.0,0.0,0.0,0.0,0.0,0.0,1.0,1.0,0.0,0.0,0.0,1661.0,923.3132813560196,0.1182994454713493,0.9771222155328116,0.0,0.0,0.0
BEV2_2024-12-19_drive2.csv,BEV2,2.7470498198999853,50.874357,4.711963,50.856972,4.703679,2.018654966415517,1.360831774425455,0.0,-0.2879982119527823,-0.9576309466135692,0.3115554277565309,0.5291361952249346,0.8614631395179738,16.82399309885267,78.0,0.0,0.0,5.5,0.0,0.0,0.0,11.0,0.0,0.0,15.0,0.0,0.0,4.0,0.0,0.0,0.0,0.0,858.0,0.0,0.0,-39.83222238854979,0.0,10,0.0,177635.0,197.15773954666798,216.54172772910698,19.526774406997397,1655.1,30.321605060899504,8.39549853131155,12.132852383126474,15.751923561853568,0,,,12.0,15.25,27460.0,0.0,0.0,0.0,0.0,0.0,0.0,0.0,0.0,0.0,1.0,1.0,0.0,0.0,0.0,1290.0,80.83135970262659,0.6736434108527132,1.0,0.0,0.0,0.0
BEV2_2024-12-20_drive1.csv,BEV2,5.174381680177681,50.872739,4.747548999999999,50.87323,4.702233,3.18023466152365,1.6270439860241743,0.0,-0.999852627045749,0.0171675330118905,0.1777350577036584,0.3407379260391596,0.3833567119674294,18.306710943476816,70.8,0.0,0.0,5.5,0.0,0.0,0.0,7.5,0.0,0.0,10.25,0.0,0.0,2.75,0.0,0.0,0.0,0.0,531.0,0.0,0.0,-75.02853436257637,0.0,10,0.0,85232.0,197.84037809169973,216.54172772910698,19.233831097581877,1689.5,28.92972710594372,8.489222682530997,12.58530564077314,16.271752653220837,0,,,10.75,14.25,85232.0,0.0,0.0,0.0,0.0,0.0,0.0,0.0,0.0,0.0,1.0,1.0,0.0,0.0,0.0,1400.0,104.05740323637504,0.5346676197283774,0.9992857142857144,0.0,0.0,0.0
BEV2_2024-12-22_drive1.csv,BEV2,2.562112749996922,50.857964,4.679881,50.857506,4.703999,1.6936488532763148,1.512776833899535,0.0,0.999547807286207,-0.0300696017488702,0.342368105682472,0.601982247403997,1.0118703703669354,17.46077338980607,81.4,0.0,0.0,4.0,0.0,0.0,0.0,6.0,0.0,0.0,10.5,0.0,0.0,4.5,0.0,0.0,0.0,0.0,488.4,0.0,0.0,-40.99380399995075,0.0,10,0.0,172823.0,194.95780481311576,199.75774951080817,19.36849193912079,1742.6,28.67244159799149,8.597716577229265,13.006301801661015,16.726492219484946,0,,,9.0,11.75,116671.0,0.0,0.0,0.0,0.0,0.0,0.0,0.0,0.0,0.0,1.0,1.0,0.0,0.0,0.0,461.0,74.39743701080583,0.2321041214750542,1.0,0.0,0.0,0.0
BEV2_2024-12-23_drive1.csv,BEV2,82.52320033675029,50.864301,4.695898,51.048227,3.73091,70.61668425425472,1.1686076910610284,0.0,-0.957143922694374,0.2896126917958294,0.0272693404905726,0.1091075179384351,0.0453282341734783,45.34891323582236,88.10000000000001,0.0,0.0,5.5,0.0,0.0,0.0,4.5,0.0,0.0,7.25,0.0,0.0,2.75,0.0,,1.0,,396.4500000000001,0.0,0.0,-1196.5864048828792,0.0,10,0.0,48009.0,193.63683688498665,199.75774951080817,19.481608003010397,1729.9,29.794287386917812,8.449511646566707,13.198138903672447,17.145905686815723,0,,,6.5,11.75,48009.0,0.0,0.0,0.0,0.0,0.0,0.0,0.0,0.0,0.0,1.0,1.0,0.0,0.0,0.0,4298.0,856.2367479823796,0.245393048752041,0.9974406700791064,0.0,0.0,0.0
BEV2_2024-12-23_drive2.csv,BEV2,34.26964134455173,50.905,4.330221,50.857588,4.703997,26.747385147366597,1.2812333301270662,0.0,0.9803828982989492,-0.1971024422044336,0.0524420019693561,0.2169447935765982,0.0731711887354718,36.08009735491702,50.2,0.0,0.0,5.5,0.0,0.0,0.0,12.25,0.0,0.0,16.0,0.0,0.0,3.75,0.0,0.0,0.0,0.0,614.95,0.0,0.0,-496.90979949600006,0.0,10,0.0,34520.0,200.76222801833623,208.80588969629787,21.359374836877,1763.2,30.91853231336598,8.162996770954567,13.066934185012368,17.03029304580776,0,,,13.0,18.0,34521.0,0.0,0.0,0.0,0.0,0.0,0.0,0.0,0.0,0.0,1.0,1.0,0.0,0.0,0.0,1648.0,741.0484392365831,0.0528554070473876,0.9987864077669902,0.0,0.0,0.0
BEV2_2024-12-24_drive1.csv,BEV2,1.8991132945092213,50.869837,4.699284,50.857589,4.704025,1.4019743801793942,1.3545991434352844,0.0,0.2373339421923274,-0.9714281238894872,0.2574418929329768,0.3775420888883824,0.7662834523311818,9.525350038520145,75.60000000000001,0.0,0.0,6.5,0.0,0.0,0.0,11.25,0.0,0.0,14.5,0.0,0.0,3.25,0.0,0.0,0.0,0.0,850.5000000000001,0.0,0.0,-25.63802947587449,0.0,10,0.0,70660.0,200.71279548144432,208.80588969629787,18.279491821161947,1540.2,32.3612419788855,7.706348145525015,12.722258055486057,16.6556354356682,0,,,13.5,17.75,70585.0,0.0,0.0,0.0,0.0,0.0,0.0,0.0,0.0,0.0,1.0,1.0,0.0,0.0,0.0,1209.0,76.32046646952843,0.7816377171215881,1.0,0.0,0.0,0.0
BEV2_2024-12-24_drive2.csv,BEV2,0.8204976461637046,50.740719,4.836742,50.744031,4.845365,0.7097782523712548,1.1559915275264552,0.0,0.8548570381096293,0.518863608662654,0.3889393478228649,0.6456442082100059,0.7045297787378608,6.223029565165838,65.4,0.0,0.0,6.0,0.0,0.0,0.0,16.25,0.0,0.0,21.75,0.0,0.0,5.5,0.0,0.0,0.0,0.0,1062.75,0.0,0.0,-11.486967046291864,0.0,10,0.0,80114.0,200.71279548144432,208.80588969629787,18.279491821161947,1540.2,32.3612419788855,7.706348145525015,12.722258055486057,16.6556354356682,0,,,10.75,14.25,8245.0,0.0,0.0,0.0,0.0,0.0,0.0,0.0,0.0,0.0,1.0,1.0,0.0,0.0,0.0,132.0,87.45516393137396,0.106060606060606,1.0,0.0,0.0,0.0
BEV2_2024-12-26_drive1.csv,BEV2,32.619034050880046,50.954008,4.486999,51.222333,4.411605,30.297536595297665,1.076623307254052,0.0,-0.1738041602361495,0.9847802363393604,0.0390509861613659,0.1293352108420377,0.0510375433043088,25.5783959356947,69.8,0.0,0.0,6.0,0.0,0.0,0.0,12.75,0.0,0.0,17.0,0.0,0.0,4.25,0.0,0.0,0.0,0.0,889.9499999999999,0.0,0.0,-456.6664767123207,0.0,10,0.0,159207.0,200.9854286185378,208.80588969629787,17.752409784540127,1437.3,32.70762167801779,7.291210688480341,12.68104358520182,16.832537745822854,0,,,16.25,21.75,159207.0,0.0,0.0,0.0,0.0,0.0,0.0,0.0,0.0,0.0,1.0,1.0,0.0,0.0,0.0,1980.0,927.0889133972224,0.1905965621840242,0.998989898989899,0.0,0.0,0.0
BEV2_2024-12-27_drive1.csv,BEV2,76.13065539898403,50.845575,4.717746,50.857308,4.703927,1.625801172422619,46.82654723734832,0.0,-0.596696433015309,0.8024670503059966,0.0416193947122888,0.1647065389855475,0.0508100679463918,63.38633814681592,87.10000000000001,0.0,0.0,1.0,0.0,0.0,0.0,10.75,0.0,0.0,14.5,0.0,0.0,3.75,0.0,0.0,0.0,0.0,936.325,0.0,0.0,-1446.4824525806966,0.0,10,0.0,105832.0,195.7892904885892,199.75774951080817,20.56136049959328,1469.5,37.65132968672788,6.938667501605698,12.503000795751568,16.710862607721158,0,,,15.25,19.5,90225.0,0.0,0.0,0.0,0.0,0.0,0.0,0.0,0.0,0.0,1.0,1.0,0.0,0.0,0.0,4201.0,628.1630912199914,0.0595379852345796,0.9995239228755058,0.0,0.0,0.0
BEV2_2024-12-28_drive1.csv,BEV2,6.036809768342013,50.850007,4.695545,50.849534,4.722856,1.9180536719722727,3.1473622748703143,0.0,0.9996239690634297,-0.0274211683535819,0.0822672263438534,0.3003930939498477,0.0786346052660347,9.872067161262418,64.10000000000001,0.0,0.0,-1.5,0.0,0.0,0.0,2.5,0.0,0.0,6.75,0.0,0.0,4.25,0.0,0.0,0.0,0.0,160.25000000000003,0.0,0.0,-129.7914100193533,0.0,10,0.0,43311.0,193.55496607194684,190.2796310402939,27.588530354679165,1774.2,42.34516582568517,5.948788636804755,12.081938799218479,16.416838271362774,0,,,10.25,14.5,43311.0,0.0,0.0,0.0,0.0,0.0,0.0,0.0,0.0,0.0,1.0,1.0,0.0,0.0,0.0,453.0,288.1774375097405,0.0838852097130242,1.0,0.0,0.0,0.0
BEV2_2024-12-28_drive2.csv,BEV2,0.2836241207103819,50.888697,4.703081,50.888841,4.701677,0.0997767091796329,2.842588446164919,0.0,-0.9870392140176842,0.1604792509683174,0.609320220210248,0.8619624409172922,1.6013823381037984,3.04660110105124,55.5,0.0,0.0,5.0,0.0,0.0,0.0,7.75,0.0,0.0,11.25,0.0,0.0,3.5,0.0,,1.0,,430.125,0.0,0.0,-4.254361810655729,0.0,10,0.0,19498.0,192.70982742791023,183.93237299303738,27.973520754099063,1753.8,45.93052507559509,4.790016706980194,10.330156904475988,14.659290279221215,0,,,3.0,8.0,19499.0,0.0,0.0,0.0,0.0,0.0,0.0,0.0,0.0,0.0,1.0,1.0,0.0,0.0,0.0,186.0,41.86546910957941,0.4731182795698925,1.0,0.0,0.0,0.0
BEV2_2024-12-31_drive1.csv,BEV2,39.45851448257286,51.0011,4.465648,50.85751,4.703989,23.107299726599525,1.707621182459106,0.0,0.7228819890283745,-0.6909715116691723,0.0557175122793575,0.2148165294905005,0.1213658485741077,44.18398723753053,66.9,0.0,0.0,2.5,0.0,0.0,0.0,8.5,0.0,0.0,14.5,0.0,0.0,6.0,0.0,0.0,0.0,0.0,568.6500000000001,0.0,0.0,-690.5240034450251,0.0,10,0.0,234811.0,193.44717811642337,183.93237299303738,24.326089119635117,1606.3,38.51453066056803,4.435661721757385,9.652360270598034,13.857108875855735,0,,,8.0,11.75,234812.0,0.0,0.0,0.0,0.0,0.0,0.0,0.0,0.0,0.0,1.0,1.0,0.0,0.0,0.0,2866.0,796.5902270833823,0.3511530398322851,0.9986043265875784,0.0,0.0,0.0
BEV2_2024-12-31_drive2.csv,BEV2,48.364704264385104,50.929622,4.470007,51.252676,4.458244,35.931408094116534,1.3460286370548449,0.0,-0.0228637076421212,0.9997385912691656,0.0567407241162449,0.1882554666413374,0.094192655486308,54.92502094452513,82.22500000000001,0.0,0.0,4.0,0.0,0.0,0.0,15.25,0.0,0.0,20.25,0.0,0.0,5.0,0.0,0.0,0.0,0.0,1253.93125,0.0,0.0,-773.8352682301617,0.0,10,0.0,12214.0,193.67012222840515,183.93237299303738,27.997235585902406,1763.9,42.7031851054303,4.094647503804184,9.670029095466482,14.045316302686729,0,,,10.75,15.25,12215.0,0.0,0.0,0.0,0.0,0.0,0.0,0.0,0.0,0.0,1.0,1.0,0.0,0.0,0.0,3458.0,794.8979912329295,0.2915822967891235,0.9997108155002892,0.0,0.0,0.0
BEV2_2024-12-31_drive3.csv,BEV2,24.92742188912103,50.911827,4.459128,50.857507,4.704072,18.21377361794626,1.3686028174062586,0.0,0.9434118578325948,-0.3316233805099574,0.0519431261042197,0.1761836035869413,0.0869477612250101,28.049288096278666,59.4,0.0,0.0,4.5,0.0,0.0,0.0,15.0,0.0,0.0,20.0,0.0,0.0,5.0,0.0,0.0,0.0,0.0,891.0,0.0,0.0,-386.375039281376,0.0,10,0.0,2279.0,190.23396118970925,183.93237299303738,32.313805228093685,1969.6,46.40182505491812,3.9317204940823154,10.350057454592939,14.89360582516262,0,,,13.25,17.75,2280.0,0.0,0.0,0.0,0.0,0.0,0.0,0.0,0.0,0.0,1.0,1.0,0.0,0.0,0.0,1737.0,699.6678943581329,0.2541079812206572,0.9810017271157168,0.0,0.0,0.0
BEV2_2024-12-31_drive4.csv,BEV2,2.211539719694997,50.81292,5.153363,50.817969,5.179876999999999,1.9455160210237163,1.136736832694547,0.0,0.9574578095373432,0.2885732887083501,0.2487303094517016,0.5658521685993393,0.3994716756616699,10.944133615874872,42.3,0.0,0.0,3.0,0.0,0.0,0.0,14.75,0.0,0.0,19.75,0.0,0.0,5.0,0.0,0.0,0.0,0.0,623.925,0.0,0.0,-37.59617523481495,0.0,10,0.0,2488.0,190.15937709267905,183.93237299303738,34.5520455508954,2097.3,49.569275661520436,3.924921643507603,11.243404863670177,15.81207290705959,0,,,15.25,20.5,2489.0,0.0,0.0,0.0,0.0,0.0,0.0,0.0,0.0,0.0,1.0,1.0,0.0,0.0,0.0,254.0,355.77576240537906,0.1581027667984189,0.9960629921259844,0.0,0.0,0.0
BEV2_2024-12-31_drive5.csv,BEV2,1.005738818755292,50.853059,4.710081,50.857297,4.703922,0.6395189927065357,1.5726488661405689,0.0,-0.6760303961419741,0.7368737364651596,0.3784210985299578,0.7452133098416966,1.1849390317332331,7.568421970599157,32.300000000000004,0.0,0.0,3.5,0.0,0.0,0.0,13.75,0.0,0.0,18.5,0.0,0.0,4.75,0.0,0.0,0.0,0.0,444.12500000000006,0.0,0.0,-16.594690509462318,0.0,10,0.0,2637.0,183.28202290654238,177.6840546867061,26.522909471116247,1693.0,45.79727381610507,3.6609498827102613,11.877428310256594,16.575887234337735,0,,,14.5,19.25,2637.0,0.0,0.0,0.0,0.0,0.0,0.0,0.0,0.0,0.0,1.0,1.0,0.0,0.0,0.0,190.0,224.57883292377903,0.4947368421052631,1.0,0.0,0.0,0.0
BEV2_2025-01-01_drive1.csv,BEV2,2.257253261065658,50.813246,5.156476,50.81798,5.17955,1.7043905829725043,1.3243755765940373,0.0,0.9511114313265836,0.3088479321606304,0.2846697408202258,0.4339202174903652,0.7155814775588694,12.81013833691016,76.10000000000001,0.0,0.0,7.5,0.0,0.0,0.0,10.75,0.0,0.0,14.5,0.0,0.0,3.75,0.0,0.0,0.0,0.0,818.075,0.0,0.0,-28.215665763320725,0.0,10,0.0,99404.0,184.87567265970694,177.6840546867061,23.197870163233198,1547.3,40.22681738647399,3.4736165493769278,11.951921207983865,16.727108351761977,0,,,13.5,18.25,99404.0,0.0,0.0,0.0,0.0,0.0,0.0,0.0,0.0,0.0,1.0,1.0,0.0,0.0,0.0,313.0,128.05496796394908,0.1826923076923076,0.9968051118210862,0.0,0.0,0.0
BEV2_2025-01-01_drive2.csv,BEV2,23.111077954386523,50.798616,4.969168,50.857301,4.703917,19.74004723700192,1.1707711575819202,0.0,-0.9437812750199944,0.3305705747970219,0.0590540740269465,0.2331079655047934,0.0536986255009058,27.282982200449297,72.0,0.0,0.0,8.0,0.0,0.0,0.0,12.0,0.0,0.0,16.0,0.0,0.0,4.0,0.0,0.0,0.0,0.0,864.0,0.0,0.0,-277.33293545263825,0.0,10,0.0,1549.0,184.34259549057663,172.08120119566064,23.34213046190836,1565.4,40.59097808970895,3.6270975620351558,11.403984700047356,16.029362556926635,0,,,11.0,15.25,1549.0,0.0,0.0,0.0,0.0,0.0,0.0,0.0,0.0,0.0,1.0,1.0,0.0,0.0,0.0,1088.0,743.0329635880215,0.0708371665133394,0.9990808823529412,0.0,0.0,0.0
BEV2_2025-01-02_drive1.csv,BEV2,2.023280650160427,50.848716,4.720158,50.857297,4.70392,1.4865314336404765,1.3610749186819855,0.0,-0.7668106308645379,0.6418733959225366,0.2499036909449862,0.3501066245563656,0.7937371499522788,9.99614763779945,42.1,0.0,0.0,6.0,0.0,0.0,0.0,13.0,0.0,0.0,17.0,0.0,0.0,4.0,0.0,0.0,0.0,0.0,547.3000000000001,0.0,0.0,-28.32592910224598,0.0,10,0.0,55427.0,189.3709914368633,178.3295195019919,22.39254449870266,1476.3,42.30501974886175,3.7339838737025475,11.374776092552354,15.930498457256414,0,,,14.25,18.75,55428.0,0.0,0.0,0.0,0.0,0.0,0.0,0.0,0.0,0.0,1.0,1.0,0.0,0.0,0.0,235.0,172.29800207412933,0.2425531914893617,1.0,0.0,0.0,0.0
BEV2_2025-01-02_drive2.csv,BEV2,5.527625476614697,50.843314,4.738913999999999,50.854045,4.659133,5.726741303119471,0.9652305183759022,0.0,-0.9780518108140565,0.2083618375887135,0.039518585937716,0.1825563710669886,0.0179773939360742,4.623674554712776,36.0,0.0,0.0,6.5,0.0,0.0,0.0,14.0,0.0,0.0,17.75,0.0,0.0,3.75,0.0,,1.0,,504.0,0.0,0.0,-74.6229439342984,0.0,10,0.0,4418.0,189.2894442041536,167.0898650804872,14.98074298291625,1079.7,38.856619046333705,4.229272084610126,11.6629809462283,16.225435994338127,0,,,13.0,17.5,4418.0,0.0,0.0,0.0,0.0,0.0,0.0,0.0,0.0,0.0,1.0,1.0,0.0,0.0,0.0,251.0,1036.39727867338,0.1918367346938775,0.9760956175298804,0.0,0.0,0.0
BEV2_2025-01-03_drive1.csv,BEV2,25.30098981002015,51.084198,4.443859,51.258423,4.460505,19.407692520779776,1.3036578038801074,0.0,0.0597977604469266,0.9982105127905296,0.0387643121461792,0.1314279040757014,0.0602296696370002,19.692270570259065,71.9,0.0,0.0,4.5,0.0,0.0,0.0,8.25,0.0,0.0,14.0,0.0,0.0,5.75,0.0,,1.0,,593.1750000000001,0.0,0.0,-392.1653420553123,0.0,10,0.0,91019.0,187.7508185547742,161.2023756958723,14.92833427507739,1059.4,41.96505869468173,5.007984725897138,12.809638085589182,17.300754153907384,0,,,8.75,13.25,55476.0,0.0,0.0,0.0,0.0,0.0,0.0,0.0,0.0,0.0,1.0,1.0,0.0,0.0,0.0,1460.0,673.8072323182804,0.0644718792866941,0.9986301369863012,0.0,0.0,0.0
BEV2_2025-01-03_drive2.csv,BEV2,20.136241419780504,50.86921,4.477768,50.857581,4.704026,15.932057478714132,1.2638820470415282,0.0,0.996700874752768,-0.0811625915497231,0.0485805406700703,0.1905858392694783,0.0257710926047675,19.529377349368264,51.58,0.0,0.0,1.9,0.0,0.0,0.0,9.25,0.0,0.0,15.0,0.0,0.0,5.75,0.0,0.0,0.0,0.0,477.115,0.0,0.0,-364.4659696980272,0.0,10,0.0,31437.0,182.44252863471425,155.79073383123315,17.430070844008366,1186.8,47.65337448264369,4.981499002463776,13.073080182607196,17.74278336618965,0,,,12.0,17.25,31438.0,0.0,0.0,0.0,0.0,0.0,0.0,0.0,0.0,0.0,1.0,1.0,0.0,0.0,0.0,844.0,974.9114753657242,0.0533807829181494,0.9988151658767772,0.0,0.0,0.0
BEV2_2025-01-04_drive1.csv,BEV2,44.6613471737595,50.869465,4.510847,50.849129,4.723339,15.0851108556289,2.9606243932303915,0.0,0.9887011208485768,-0.1499002789616086,0.0592085361631749,0.2134305367580208,0.0981904685637653,53.228474010694256,84.4,0.0,0.0,0.5,0.0,0.0,0.0,9.5,0.0,0.0,15.5,0.0,0.0,6.0,0.0,0.0,0.0,0.0,801.8000000000001,0.0,0.0,-870.8962698883103,0.0,10,0.0,26303.0,178.44599619295005,155.79073383123315,15.503412923653816,984.7,51.291008185708606,4.854506927425662,12.982153255505697,17.72474767266564,0,,,10.75,17.5,26303.0,0.0,0.0,0.0,0.0,0.0,0.0,0.0,0.0,0.0,1.0,1.0,0.0,0.0,0.0,2607.0,762.2542065921803,0.0849673202614379,0.997698504027618,0.0,0.0,0.0
BEV2_2025-01-04_drive2.csv,BEV2,2.622949645969426,50.844804,4.72134,50.857474,4.703982,1.8627190316748856,1.408129514632687,0.0,-0.6541832275846422,0.7563361056745475,0.2638486482859132,0.3688762196887167,0.9549157657454412,13.72012971086749,52.7,0.0,0.0,3.0,0.0,0.0,0.0,11.5,0.0,0.0,17.0,0.0,0.0,5.5,0.0,0.0,0.0,0.0,606.0500000000001,0.0,0.0,-44.590143981480246,0.0,10,0.0,16343.0,183.60743622323633,155.79073383123315,15.139870078533207,899.7,52.42930762534952,4.632426734033813,12.692669383712248,17.55444511345231,0,,,13.5,18.25,16343.0,0.0,0.0,0.0,0.0,0.0,0.0,0.0,0.0,0.0,1.0,1.0,0.0,0.0,0.0,246.0,213.1653905311418,0.1183673469387755,0.9959349593495936,0.0,0.0,0.0
BEV2_2025-01-04_drive3.csv,BEV2,1.413134876670006,50.858967,4.681696,50.861131,4.695792,1.018213928726189,1.3878565562718952,0.0,0.9716748451122292,0.2363218046988578,0.2614480902532096,0.5919681790225816,0.6066921670310426,7.320546527089871,51.3,0.0,0.0,1.0,0.0,0.0,0.0,7.25,0.0,0.0,10.75,0.0,0.0,3.5,0.0,0.0,0.0,0.0,371.925,0.0,0.0,-26.849562656730114,0.0,10,0.0,18588.0,179.84584613137213,141.23355623238285,12.912011945394713,750.6,51.13531065744672,4.492699480190854,12.335495145558662,17.26769513791153,0,,,11.75,17.75,18589.0,0.0,0.0,0.0,0.0,0.0,0.0,0.0,0.0,0.0,1.0,1.0,0.0,0.0,0.0,344.0,113.68319333863448,0.4563953488372093,1.0,0.0,0.0,0.0
BEV2_2025-01-04_drive4.csv,BEV2,4.429442628565177,50.859395,4.682356,50.857288,4.703916,1.5313416002488658,2.892524194370039,0.0,0.9882269198136576,-0.1529952775598348,0.2566147790392347,0.5221815748316077,0.6789519955353455,22.58210055545265,48.6,0.0,0.0,1.5,0.0,0.0,0.0,4.0,0.0,0.0,7.5,0.0,0.0,3.5,0.0,0.0,0.0,0.0,194.4,0.0,0.0,-81.94468862845576,0.0,10,0.0,17214.0,181.99100063685643,155.79073383123315,12.830141479165842,759.5,49.47136182926775,4.323971156491433,11.597604520558663,16.38332891282095,0,,,7.25,11.0,17215.0,0.0,0.0,0.0,0.0,0.0,0.0,0.0,0.0,0.0,1.0,1.0,0.0,0.0,0.0,1405.0,83.58442432721348,0.5822064056939502,1.0,0.0,0.0,0.0
BEV2_2025-01-05_drive1.csv,BEV2,1.1378586487451137,50.86259,4.695698999999999,50.856911,4.703533,0.8373211499888974,1.3589273945369722,0.0,0.6566869544026063,-0.7541632740444402,0.3488805059534564,0.3936373797903525,0.8868243473593517,7.675371130976041,87.2,0.0,0.0,11.0,0.0,0.0,0.0,14.5,0.0,0.0,17.5,0.0,0.0,3.0,0.0,0.0,0.0,0.0,1264.4,0.0,0.0,-10.240727838706023,0.0,10,0.0,68949.0,186.39437891184647,170.95968879039378,13.17218336181647,880.9,48.69702819676008,4.117140006120836,10.666179336212537,15.334131540308514,0,,,4.5,8.75,68949.0,0.0,0.0,0.0,0.0,0.0,0.0,0.0,0.0,0.0,1.0,1.0,0.0,0.0,0.0,322.0,74.02819927229447,0.4720496894409938,1.0,0.0,0.0,0.0
BEV2_2025-01-05_drive2.csv,BEV2,0.6833949753581635,50.836908,4.341633,50.83694,4.335002,0.465662324747302,1.4675762651166102,0.0,-0.999970805217685,0.007641250702249,0.541676040221546,0.4741088237713499,1.0269281102537346,7.041788522880098,76.9,0.0,0.0,10.5,0.0,0.0,0.0,15.0,0.0,0.0,20.25,0.0,0.0,5.25,0.0,0.0,0.0,0.0,1153.5,0.0,0.0,-6.492252265902553,0.0,10,0.0,12050.0,188.83313723380974,190.53745024101855,13.058498454109507,881.7,47.36556381433299,4.463658993462609,11.023683745383613,15.60862669022033,0,,,14.25,17.75,12050.0,0.0,0.0,0.0,0.0,0.0,0.0,0.0,0.0,0.0,1.0,1.0,0.0,0.0,0.0,216.0,74.62775889827121,0.413953488372093,0.9953703703703703,0.0,0.0,0.0
BEV2_2025-01-05_drive3.csv,BEV2,20.17355318724242,50.869257,4.477456,50.857301,4.703923,15.949706567938332,1.2648228418066794,0.0,0.9965201259640944,-0.0833524957545098,0.048970061886162,0.1836888140218734,0.0294855136177272,19.73493494012331,73.2,0.0,0.0,10.5,0.0,0.0,0.0,16.75,0.0,0.0,21.75,0.0,0.0,5.0,0.0,0.0,0.0,0.0,1226.1,0.0,0.0,-191.64875527880295,0.0,10,0.0,1915.0,181.94651105249739,190.53745024101855,10.81281113360163,794.4,40.87659860557487,4.720975507224077,11.195419219098557,15.888254239276034,1,196.3905401767661,846.0,15.25,20.75,1916.0,0.0,0.0,0.0,0.0,0.0,0.0,0.0,0.0,0.0,0.0,0.0,0.0,0.0,0.0,922.0,883.6134913300247,0.0846905537459283,0.9989154013015183,0.0,0.0,0.0
BEV2_2025-01-05_drive4.csv,BEV2,3.926528810566501,50.859237,4.68221,50.85729,4.703914,1.5387295233445242,2.551799228516749,0.0,0.9900525002291096,-0.1406984249737314,0.2080859326573148,0.3915368817530166,0.677292739189373,16.23070274727056,67.2,0.0,0.0,10.11111111111111,0.0,0.0,0.0,18.0,0.0,0.0,23.5,0.0,0.0,5.5,0.0,0.0,0.0,0.0,1209.6,0.0,0.0,-38.82900712671318,0.0,10,0.0,1426.0,184.93306796627314,197.11454201404916,12.633232553431867,863.1,45.68410305788039,5.134776733660597,11.654997141176482,16.432622423834086,0,,,18.0,23.5,1426.0,0.0,0.0,0.0,0.0,0.0,0.0,0.0,0.0,0.0,1.0,1.0,0.0,0.0,0.0,997.0,115.60331149749156,0.5646940822467402,1.0,0.0,0.0,0.0
BEV2_2025-01-07_drive1.csv,BEV2,1.8625289169661587,50.869623,4.699244,50.857805,4.704096,1.3575073149772976,1.3720212748888996,0.0,0.2508468082594657,-0.9680267965227196,0.2541517344752141,0.4557203731387179,0.6527854086222177,9.403614175582923,84.9,0.0,0.0,4.9,0.0,0.0,0.0,3.75,0.0,0.0,7.75,0.0,0.0,4.0,0.0,0.0,0.0,0.0,318.375,0.0,0.0,-28.124186646189,0.0,10,0.0,162929.0,188.8909533853984,199.32940268903207,12.473122886827046,937.7,39.20387837222522,5.4674497470340935,12.049656979586317,16.96460440581607,0,,,18.25,23.5,162929.0,0.0,0.0,0.0,0.0,0.0,0.0,0.0,0.0,0.0,1.0,1.0,0.0,0.0,0.0,484.0,78.72162312384123,0.4782608695652174,0.9979338842975206,0.0,0.0,0.0
BEV2_2025-01-09_drive1.csv,BEV2,1.4068378608114518,50.868789,4.697976,50.862403,4.686778,1.059163921913289,1.3282531926409653,0.0,-0.7419757609670192,-0.6704267075060575,0.3133689702522922,0.6378571549822639,1.3970080167767198,8.774331167064183,89.2,0.0,0.0,0.5,0.0,0.0,0.0,9.5,0.0,0.0,14.25,0.0,0.0,4.75,0.0,0.0,0.0,0.0,847.4,0.0,0.0,-27.43333828582331,0.0,10,0.0,126843.0,199.17352615522444,211.70436062458782,10.129276797521646,840.1,34.352043925176524,5.46668519628452,11.425272713760764,16.178008514003515,0,,,4.5,8.75,126844.0,0.0,0.0,0.0,0.0,0.0,0.0,0.0,0.0,0.0,1.0,1.0,0.0,0.0,0.0,432.0,55.4079479303193,0.3148148148148148,1.0,0.0,0.0,0.0
BEV2_2025-01-09_drive2.csv,BEV2,0.9910576578199872,50.86812,4.703874,50.873449,4.702802,0.5973143125624711,1.6591895371941816,0.0,-0.1259377588291269,0.9920381448820892,0.2774581779638048,0.4695707196520164,1.145896147459147,5.271705381312291,87.5,0.0,0.0,2.0,0.0,0.0,0.0,8.25,0.0,0.0,11.5,0.0,0.0,3.25,0.0,0.0,0.0,0.0,721.875,0.0,0.0,-17.83903784075977,0.0,10,0.0,14868.0,201.18532716926134,242.26221490007515,8.250767055700058,798.8,26.92938838434575,5.4482673050011075,11.342177557372882,15.952900251755583,0,,,9.0,13.75,14868.0,0.0,0.0,0.0,0.0,0.0,0.0,0.0,0.0,0.0,1.0,1.0,0.0,0.0,0.0,312.0,65.34747654442089,0.4180064308681672,0.9967948717948718,0.0,0.0,0.0
BEV2_2025-01-09_drive5.csv,BEV2,0.8449571557091362,50.861299,4.697083,50.857471,4.703986,0.6449323802410964,1.3101484459398116,0.0,0.7512664218154659,-0.6599990632209917,0.2969612194187128,0.39654358414391,0.7655357599690162,4.751379510699405,83.30000000000001,0.0,0.0,1.0,0.0,0.0,0.0,3.75,0.0,0.0,6.75,0.0,0.0,3.0,0.0,0.0,0.0,0.0,312.37500000000006,0.0,0.0,-16.05418595847359,0.0,10,0.0,23172.0,221.05733819184584,247.81558562256572,3.8779859844818056,569.3,21.905644928374137,5.432948081015217,10.99265773622463,15.336453782771446,0,,,5.5,8.75,4093.0,0.0,0.0,0.0,0.0,0.0,0.0,0.0,0.0,0.0,1.0,1.0,0.0,0.0,0.0,301.0,46.65774172165419,0.4285714285714285,1.0,0.0,0.0,0.0
BEV2_2025-01-10_drive1.csv,BEV2,1.11212410005564,50.863142,4.695929,50.857295,4.703918,0.8585596953191459,1.2953369534103725,0.0,0.6531071649538421,-0.7572654957714334,0.2801597444270612,0.3559333485320766,0.7013456015880274,6.163514377395346,87.9,0.0,0.0,0.8,0.0,0.0,0.0,5.75,0.0,0.0,11.25,0.0,0.0,5.5,0.0,0.0,0.0,0.0,505.425,0.0,0.0,-21.35278272106829,0.0,10,0.0,83221.0,235.68515347555146,269.5767084970312,3.6958882353898033,574.7,19.042973491717824,5.279540192033547,10.184435972752734,14.247556320150688,1,349.7798258509364,323.0,3.5,6.5,83221.0,0.0,0.0,0.0,0.0,0.0,0.0,0.0,0.0,0.0,0.0,0.0,0.0,0.0,0.0,289.0,58.7763986340492,0.370242214532872,1.0,0.0,0.0,0.0
BEV2_2025-01-11_drive1.csv,BEV2,69.19043746881178,50.851372,4.66563,51.222308,4.411621,44.90759140258097,1.5407292020750685,0.0,-0.3954949658014437,0.9184681442628888,0.041476624665684,0.1465403250651691,0.0658925591659041,57.73546153463212,73.60000000000001,0.0,0.0,0.5,0.0,0.0,0.0,5.25,0.0,0.0,8.25,0.0,0.0,3.0,0.0,0.0,0.0,0.0,386.4,0.0,0.0,-1349.2135306418295,0.0,10,0.0,72123.0,239.64906678950268,285.69182370761735,3.6657871577283663,569.3,18.944221597170888,5.17785755682886,10.051360371378166,14.337626542771336,0,,,6.0,12.0,72123.0,0.0,0.0,0.0,0.0,0.0,0.0,0.0,0.0,0.0,1.0,1.0,0.0,0.0,0.0,5111.0,778.1401631599748,0.3145825166601332,0.9982390921541772,0.0,0.0,0.0
BEV2_2025-01-11_drive2.csv,BEV2,47.71901608357816,51.076991,4.443613,50.856959,4.704632999999999,30.54027967990336,1.5624944035787287,0.0,0.5985032079162956,-0.8011204092481375,0.0446993143894508,0.1654753958318196,0.0438309592712971,42.6878452419256,49.940000000000005,0.0,0.0,0.5,0.0,0.0,0.0,11.0,0.0,0.0,15.25,0.0,0.0,4.25,0.0,0.0,0.0,0.0,549.34,0.0,0.0,-930.520813629774,0.0,10,0.0,6167.0,207.14145757703727,255.4563240418902,10.147635298184941,940.0,22.683845224086724,5.1238139298996686,10.53125058461307,15.069408518867775,0,,,11.5,17.5,6167.0,0.0,0.0,0.0,0.0,0.0,0.0,0.0,0.0,0.0,1.0,1.0,0.0,0.0,0.0,2523.0,725.6170254887958,0.084456780333069,0.9996036464526358,0.0,0.0,0.0
BEV2_2025-01-12_drive1.csv,BEV2,5.26112592364707,50.857519,4.70399,50.864563,4.693046,1.0970445503641553,4.795726775089198,0.0,-0.7001751334248904,0.713971135644458,0.2290578425301274,0.529064182489229,0.8082490229041992,24.051073465663386,89.60000000000001,0.0,0.0,-4.5,0.0,0.0,0.0,5.75,0.0,0.0,10.5,0.0,0.0,4.75,0.0,1.0,0.0,0.0,515.2,0.0,0.0,-128.89758512935322,0.0,10,0.0,55004.0,195.6084734903046,228.14183044493421,14.80915379041509,1160.1,28.226695807520485,4.060714919998679,10.159118326942858,14.832474739378716,0,,,5.75,10.5,1.0,0.0,0.0,0.0,0.0,0.0,0.0,0.0,0.0,0.0,1.0,1.0,0.0,0.0,0.0,1468.0,73.37785456894908,0.4396728016359918,0.9993188010899182,0.0,0.0,0.0
BEV2_2025-01-12_drive2.csv,BEV2,5.692300788097937,50.862602,4.695695,50.856991,4.70439,0.8727681177193161,6.522122740886591,0.0,0.6992575553986659,-0.7148698281630592,0.2750134856009685,0.431178346541274,0.90304069052318,31.076523872909448,83.10000000000001,0.0,0.0,2.5,0.0,0.0,0.0,5.5,0.0,0.0,8.5,0.0,0.0,3.0,0.0,0.0,0.0,0.0,457.05000000000007,0.0,0.0,-99.61526379171389,0.0,10,0.0,88022.0,195.6084734903046,228.14183044493421,14.80915379041509,1160.1,28.226695807520485,4.060714919998679,10.159118326942858,14.832474739378716,0,,,6.0,12.5,31549.0,0.0,0.0,0.0,0.0,0.0,0.0,0.0,0.0,0.0,1.0,1.0,0.0,0.0,0.0,1089.0,76.63090572561359,0.2426470588235294,0.9990817263544536,0.0,0.0,0.0
BEV2_2025-01-12_drive3.csv,BEV2,0.6839481113135991,50.865228,4.692572999999999,50.861925,4.685963999999999,0.5916409457792224,1.1560188932035516,0.0,-0.7839868456122314,-0.6207774366928804,0.2293389311146681,0.5382381215857299,0.7541380052751514,2.981406104490686,81.4,0.0,0.0,2.5,0.0,0.0,0.0,5.5,0.0,0.0,8.5,0.0,0.0,3.0,0.0,0.0,0.0,0.0,447.7000000000001,0.0,0.0,-11.969091947987984,0.0,10,0.0,5047.0,197.05447275627253,234.4154959243068,15.308542964950604,1247.4,28.948070809397393,3.233840492867606,9.170477351168115,13.606730013551125,0,,,5.25,8.25,5048.0,0.0,0.0,0.0,0.0,0.0,0.0,0.0,0.0,0.0,1.0,1.0,0.0,0.0,0.0,104.0,88.16705282366854,0.0961538461538461,1.0,0.0,0.0,0.0
BEV2_2025-01-15_drive1.csv,BEV2,10.995335405913488,50.902156,4.434631,50.903163,4.333365,7.102063388060536,1.548188857958947,0.0,-0.99987570377885,0.0157663246430299,0.0961893389299871,0.2393672913371866,0.140166618844626,21.065465225667197,93.5,0.0,0.0,7.5,0.0,0.0,0.0,13.25,0.0,0.0,18.25,0.0,0.0,5.0,0.0,0.0,0.0,0.0,1238.875,0.0,0.0,-137.4416925739186,0.0,10,0.0,237563.0,196.67530460766716,234.4154959243068,13.354188291235683,1165.5,23.412193613720852,2.4437708345300235,7.960899429090195,12.208196157470098,0,,,5.5,9.0,237563.0,0.0,0.0,0.0,0.0,0.0,0.0,0.0,0.0,0.0,1.0,1.0,0.0,0.0,0.0,1257.0,380.8101532297124,0.1797931583134447,1.0,0.0,0.0,0.0
BEV2_2025-01-16_drive1.csv,BEV2,111.3154689649487,50.875271,3.451095,50.869588,4.699226,87.58204366764542,1.270985059304695,0.0,0.9999739707516496,-0.0072151104758871,0.0213734080891377,0.0783225197686735,0.037990709177748,47.59857981450986,59.5,0.0,0.0,4.0,0.0,0.0,0.0,6.25,0.0,0.0,9.25,0.0,0.0,3.0,0.0,0.0,0.0,0.0,371.875,0.0,0.0,-1781.0475034391793,0.0,10,0.0,108327.0,196.91516993502066,234.4154959243068,14.061204323129877,1191.6,25.140217216405663,2.141926950963918,7.554637806069239,11.8103175202944,0,,,15.25,21.0,89012.0,0.0,0.0,0.0,0.0,0.0,0.0,0.0,0.0,0.0,1.0,1.0,0.0,0.0,0.0,5172.0,895.8846599835755,0.0920518274995165,0.9998066511987626,0.0,0.0,0.0
BEV2_2025-01-17_drive1.csv,BEV2,77.65396364356302,50.846747,4.718558,50.994734,5.539031,59.81996832762748,1.298127796027251,0.0,0.9614211122780032,0.2750807969781374,0.0230806033552195,0.1031651999480061,0.0268148817131571,35.84417701065596,70.10000000000001,0.0,0.0,-0.5,0.0,0.0,0.0,9.75,0.0,0.0,15.25,0.0,0.0,5.5,0.0,0.0,0.0,0.0,683.4750000000001,0.0,0.0,-1591.9062546930418,0.0,10,0.0,35015.0,197.13928110134287,221.3451389366495,25.00988900497249,1660.5,31.505262164182476,1.9988896427757055,8.301989423394565,12.672058202292813,0,,,14.0,18.75,35015.0,0.0,0.0,0.0,0.0,0.0,0.0,0.0,0.0,0.0,1.0,1.0,0.0,0.0,0.0,2837.0,976.4943855125764,0.0327926657263751,0.9996475149806132,0.0,0.0,0.0
BEV2_2025-01-17_drive2.csv,BEV2,56.276541366876366,50.959874,4.902533,51.034568,4.470027,31.386254210905957,1.7930314649437094,0.0,-0.964351360938082,0.2646251172070952,0.0232093667220947,0.0996723560692317,0.038237794376198,26.110537562356605,86.7,0.0,0.0,1.0,0.0,0.0,0.0,13.0,0.0,0.0,18.25,0.0,0.0,5.25,0.0,0.0,0.0,0.0,1127.1,0.0,0.0,-1069.254285970651,0.0,10,0.0,30947.0,197.68994384983995,204.94929317597183,32.63635424610273,1901.0,40.18822515082145,1.925047533013122,8.550216415207453,13.003615604630411,0,,,12.25,17.0,30948.0,0.0,0.0,0.0,0.0,0.0,0.0,0.0,0.0,0.0,1.0,1.0,0.0,0.0,0.0,3438.0,726.1663268282796,0.1448516579406631,1.0,0.0,0.0,0.0
BEV2_2025-01-18_drive1.csv,BEV2,33.04237412333335,50.96903,4.490555,50.849396,4.722874,21.030648182902084,1.5711533869981622,0.0,0.774528676424553,-0.6325387967516538,0.0377546027318344,0.1644660997862413,0.0620644849986983,24.91803780301073,70.3,0.0,0.0,0.5,0.0,0.0,0.0,5.0,0.0,0.0,8.5,0.0,0.0,3.5,0.0,0.0,0.0,0.0,351.5,0.0,0.0,-644.3262954050003,0.0,10,0.0,52331.0,194.83572968796466,200.17440462608687,38.1638618726907,2213.5,44.931166628100605,1.8249791959883894,9.039619927374929,13.66401988913024,0,,,13.25,18.5,52332.0,0.0,0.0,0.0,0.0,0.0,0.0,0.0,0.0,0.0,1.0,1.0,0.0,0.0,0.0,1278.0,900.9571378586838,0.0164319248826291,1.0,0.0,0.0,0.0
BEV2_2025-01-20_drive1.csv,BEV2,1.2058487550949717,50.863085,4.693828,50.857274,4.703951,0.9603877993039944,1.2555852500092837,0.0,0.739819015328075,-0.6728059338018635,0.3210222883983426,0.3891832790525952,0.7613412862073428,7.704534921560223,79.0,0.0,0.0,-0.5,0.0,0.0,0.0,1.0,0.0,0.0,5.75,0.0,0.0,4.75,0.0,0.0,0.0,0.0,79.0,0.0,0.0,-24.71989947944692,0.0,10,0.0,181076.0,194.6466315987069,199.57353695519907,41.39014909555279,2311.3,53.2355099468961,1.745514282283904,9.326059760811397,14.152434763820832,1,399.69973573193636,291.0,8.0,14.0,181076.0,0.0,0.0,0.0,0.0,0.0,0.0,0.0,0.0,0.0,0.0,0.0,0.0,0.0,0.0,234.0,54.55004136866285,0.111587982832618,0.9957264957264956,0.0,0.0,0.0
BEV2_2025-01-22_drive1.csv,BEV2,41.48947401782017,50.952344,5.000384,50.99474,5.539022999999999,38.00741762171408,1.0916151797199911,0.0,0.9922779564369104,0.1240340968016012,0.0308690368978675,0.1427413998173226,0.0214773169726678,25.77564580971937,56.0,0.0,0.0,3.0,0.0,0.0,0.0,8.0,0.0,0.0,13.75,0.0,0.0,5.75,0.0,0.0,0.0,0.0,448.0,0.0,0.0,-705.3210583029429,0.0,10,0.0,161292.0,194.36573069961653,199.57353695519907,41.39952156105672,2305.7,53.70694398534082,1.6811794784761491,8.86232685154767,13.603152391955657,0,,,1.5,6.5,161293.0,0.0,0.0,0.0,0.0,0.0,0.0,0.0,0.0,0.0,1.0,1.0,0.0,0.0,0.0,1744.0,1024.748657180879,0.128735632183908,0.9977064220183486,0.0,0.0,0.0
BEV2_2025-01-22_drive2.csv,BEV2,30.74494045498072,50.947974,5.009484,50.87003,4.700093,23.36006898136168,1.3161322631157986,0.0,-0.9286261091987664,-0.3710169124371025,0.0329351073474784,0.1636755727696283,0.0374086401417887,20.288026126046724,90.3,0.0,0.0,6.5,0.0,0.0,0.0,16.5,0.0,0.0,21.0,0.0,0.0,4.5,0.0,0.0,0.0,0.0,1489.95,0.0,0.0,-415.0566961422397,0.0,10,0.0,30878.0,194.42074183707518,199.57353695519907,38.62604560037131,1969.0,57.39208697516695,1.873325005632834,9.022200304631193,13.725511601050737,0,,,12.5,17.25,30879.0,0.0,0.0,0.0,0.0,0.0,0.0,0.0,0.0,0.0,1.0,1.0,0.0,0.0,0.0,1753.0,799.3657544251756,0.2101656196459166,0.9988590986879636,0.0,0.0,0.0
BEV2_2025-02-16_drive1.csv,BEV2,3.4648047377230498,50.857704,4.704047,50.876138,4.706043,2.054550681846276,1.6864050949619214,0.0,0.0681779234132382,0.9976731783299873,0.2331198655185657,0.3300989355529003,0.7905333451791707,16.085270720781033,46.7,0.0,0.0,0.5,0.0,0.0,0.0,2.25,0.0,0.0,4.75,0.0,0.0,2.5,0.0,0.0,0.0,0.0,105.075,0.0,0.0,-67.56369238559947,0.0,10,0.0,2131076.0,196.85248911917472,199.57353695519907,36.93039666585646,1892.1,56.89827669429248,2.4912133093834816,9.693183464485639,14.472083319761072,0,,,7.25,10.75,25857.0,0.0,0.0,0.0,0.0,0.0,0.0,0.0,0.0,0.0,1.0,1.0,0.0,0.0,0.0,536.0,96.11916147990291,0.166044776119403,1.0,0.0,0.0,0.0
BEV2_2025-02-16_drive2.csv,BEV2,3.7526095837196434,50.87614,4.706036999999999,50.857705,4.704077,2.0544909284619064,1.826539865293556,0.0,-0.066950206455753,-0.9977563178730224,0.2090170122694553,0.4457163371799233,0.6822422583650244,15.676275920209148,72.10000000000001,0.0,0.0,2.0,0.0,0.0,0.0,10.0,0.0,0.0,16.0,0.0,0.0,6.0,0.0,0.0,0.0,0.0,721.0000000000001,0.0,0.0,-67.54697250695358,0.0,10,0.0,6908.0,196.3682755370325,199.57353695519907,36.70766811833781,1836.9,57.33684835308243,2.347605361746466,9.383091721366373,14.177290082831911,0,,,2.25,6.0,6908.0,0.0,0.0,0.0,0.0,0.0,0.0,0.0,0.0,0.0,1.0,1.0,0.0,0.0,0.0,840.0,116.30126761195484,0.3873659117997616,0.9988095238095238,0.0,0.0,0.0
BEV2_2025-02-16_drive3.csv,BEV2,144.13192368913354,50.857705,4.704076,51.222353,4.411579,45.41231885752795,3.173850781355574,0.0,-0.4503283329372512,0.8928630312393699,0.0349977179299258,0.128419490510759,0.0610077384996589,100.89842079197632,70.8,0.0,0.0,6.833333333333333,0.0,0.0,0.0,10.75,0.0,0.0,13.25,0.0,0.0,2.5,0.0,0.0,0.0,0.0,761.1,0.0,0.0,-1897.7369952402585,0.0,10,0.0,13092.0,196.3682755370325,199.57353695519907,36.70766811833781,1836.9,57.33684835308243,2.347605361746466,9.383091721366373,14.177290082831911,0,,,11.0,13.25,7.0,0.0,0.0,0.0,0.0,0.0,0.0,0.0,0.0,0.0,1.0,1.0,0.0,0.0,0.0,6994.0,814.2070624381811,0.0969679633867276,0.999714040606234,0.0,0.0,0.0
BEV2_2025-02-16_drive4.csv,BEV2,7.558125846950912,51.222354,4.411576,51.253231,4.446034,4.18840700398427,1.8045347168413093,0.0,0.5727475700576353,0.8197317982078492,0.1403082022387404,0.3165884982632879,0.3184251351553942,21.186538538049803,35.7,0.0,0.0,10.5,0.0,0.0,0.0,17.5,0.0,0.0,19.75,0.0,0.0,2.25,0.0,0.0,0.0,0.0,624.75,0.0,0.0,-71.80219554603366,0.0,10,0.0,4939.0,190.32668832344262,199.57353695519907,51.0524656761198,2526.0,62.408620468058714,2.6199945370713804,10.07437960015425,15.055817098269305,0,,,15.0,20.75,4939.0,0.0,0.0,0.0,0.0,0.0,0.0,0.0,0.0,0.0,1.0,1.0,0.0,0.0,0.0,1173.0,165.00097202145275,0.309462915601023,1.0,0.0,0.0,0.0
BEV2_2025-02-16_drive6.csv,BEV2,8.858794019318127,50.889124,4.686999,50.857705,4.704063,3.693122032194157,2.39872767325128,0.0,0.3242102726700352,-0.9459850416868236,0.3006258789506537,0.4521904988679823,0.8566764381269534,53.2107805742657,80.5,0.0,0.0,1.0,0.0,0.0,0.0,44.5,0.0,0.0,57.5,0.0,0.0,13.0,0.0,0.0,0.0,0.0,3582.25,0.0,0.0,-168.31708636704442,0.0,10,0.0,7659.0,189.93392157958664,198.11896307377364,50.708609347864055,2517.7,61.577925721258374,2.561964712793892,10.304744905221819,15.064137565690919,0,,,47.5,58.0,988.0,0.0,0.0,0.0,0.0,0.0,0.0,0.0,0.0,0.0,1.0,1.0,0.0,0.0,0.0,2542.0,104.27711560455776,0.5578284815106216,1.0,0.0,0.0,0.0
BEV2_2025-02-16_drive7.csv,BEV2,2.3249036679673667,50.857704,4.704063,50.870009,4.69956,1.40427882378141,1.6555855066637828,0.0,-0.2250490782786262,0.9743474289830814,0.2348456348051494,0.3249940510321181,0.6527467268447928,10.802899201036876,78.9,0.0,0.0,3.5,0.0,0.0,0.0,34.25,0.0,0.0,37.5,0.0,0.0,3.25,0.0,0.0,0.0,0.0,2702.3250000000003,0.0,0.0,-38.36091052146155,0.0,10,0.0,3890.0,187.53727736085605,198.2472004228684,40.459551176256625,2254.6,55.08448097202031,2.598481637463982,13.07708662333707,18.438221382817186,0,,,34.75,37.75,13.0,0.0,0.0,0.0,0.0,0.0,0.0,0.0,0.0,0.0,1.0,1.0,0.0,0.0,0.0,727.0,65.32106954700217,0.4693295292439372,0.9642365887207704,0.0,0.0,0.0
BEV2_2025-02-16_drive8.csv,BEV2,1.9111704988165577,50.870009,4.699559,50.857708,4.704064,1.4038770591444956,1.3613517553888943,0.0,0.2252134574407773,-0.97430944703804,0.3441230395529464,0.5304655997583996,0.751367642508934,13.076675503011964,78.30000000000001,0.0,0.0,1.5,0.0,0.0,0.0,25.75,0.0,0.0,33.0,0.0,0.0,7.25,0.0,0.0,0.0,0.0,2016.2250000000004,0.0,0.0,-35.356654228106315,0.0,10,0.0,5200.0,187.53727736085605,198.2472004228684,40.459551176256625,2254.6,55.08448097202031,2.598481637463982,13.07708662333707,18.438221382817186,0,,,26.75,33.75,583.0,0.0,0.0,0.0,0.0,0.0,0.0,0.0,0.0,0.0,1.0,1.0,0.0,0.0,0.0,445.0,73.23481130744705,0.3752808988764045,1.0,0.0,0.0,0.0
BEV2_2025-02-17_drive1.csv,BEV2,2.190139810840789,50.857708,4.704064,50.862421,4.686806,1.3198133874226503,1.6594314254666895,0.0,-0.9177869808705912,0.3970731138524049,0.345585629686754,0.4289739161005921,0.7791363425190831,14.86018207653042,77.4,0.0,0.0,-4.0,0.0,0.0,0.0,4.5,0.0,0.0,9.5,0.0,0.0,5.0,0.0,1.0,0.0,0.0,348.3,0.0,0.0,-52.56335546017894,0.0,10,0.0,35295.0,185.01811880106888,198.2472004228684,32.88353234754836,2015.6,46.76772830806247,2.7461097848113676,14.366178572956567,19.902175403277763,0,,,23.75,30.75,35295.0,0.0,0.0,0.0,0.0,0.0,0.0,0.0,0.0,0.0,1.0,1.0,0.0,0.0,0.0,647.0,74.5504254915867,0.4643962848297213,0.9984544049459042,0.0,0.0,0.0
BEV2_2025-02-17_drive2.csv,BEV2,9.32632800202159,50.862423,4.686795,50.8624365,4.6868025,0.0015907491329452,5862.852796125159,0.0,0.3309036036044303,0.943664561759952,0.2815141236674787,0.4708122888926436,0.9155160653937928,52.36162700215104,75.9,0.0,0.0,5.0,0.0,0.0,0.0,5.0,0.0,0.0,7.25,0.0,0.0,2.25,0.0,0.0,0.0,0.0,379.5,0.0,0.0,-139.89492003032385,0.0,10,0.0,16425.0,188.6030008561483,199.864500525293,27.47489219194481,1736.7,42.08961079248963,2.308825843290273,13.483688788476437,18.964355307265784,0,,,4.0,8.25,16399.0,0.0,0.0,0.0,0.0,0.0,0.0,0.0,0.0,0.0,1.0,1.0,0.0,0.0,0.0,1705.0,103.45914528467551,0.2494131455399061,0.9994134897360704,0.0,0.0,0.0
BEV2_2025-02-17_drive3.csv,BEV2,1.1232292059132358,50.862607,4.695595,50.856999,4.704322,0.8741020787547428,1.2850091919623423,0.0,0.7007598591464382,-0.7133972384366679,0.3421543075933876,0.3739945274303182,0.8402099364658638,7.527394767054528,72.5,0.0,0.0,5.5,0.0,0.0,0.0,7.75,0.0,0.0,10.25,0.0,0.0,2.5,0.0,0.0,0.0,0.0,561.875,0.0,0.0,-16.28682348574192,0.0,10,0.0,7295.0,188.46650426392142,204.23731469808666,25.09677288336777,1779.4,34.74498695183251,2.6142229939538177,13.327919838472777,18.70192719645369,1,287.3223259106886,235.0,5.75,11.5,7295.0,0.0,0.0,0.0,0.0,0.0,0.0,0.0,0.0,0.0,0.0,0.0,0.0,0.0,0.0,223.0,72.93238301356426,0.1846846846846846,0.9955156950672646,0.0,0.0,0.0
BEV2_2025-02-19_drive1.csv,BEV2,50.84281879191627,50.954286,4.80173,50.994797,5.539081,51.82209425342406,0.9811031283930968,0.0,0.9962149103731948,0.0869244059521134,0.0216817459806033,0.0995041896938059,0.0223833911987113,24.34860073621757,55.8,0.0,0.0,1.5,0.0,0.0,0.0,5.75,0.0,0.0,10.0,0.0,0.0,4.25,0.0,0.0,0.0,0.0,320.85,0.0,0.0,-940.592147650451,0.0,10,0.0,154740.0,188.58420997210527,204.23731469808666,25.0885109284496,1778.3,34.70291907967068,3.1716696495228254,13.974728349111075,19.132684700253083,0,,,7.75,10.75,154741.0,0.0,0.0,0.0,0.0,0.0,0.0,0.0,0.0,0.0,1.0,1.0,0.0,0.0,0.0,2031.0,1027.3482041831332,0.0996916752312435,0.9581486952240276,0.0,0.0,0.0
BEV2_2025-02-19_drive2.csv,BEV2,53.44049824717472,51.003822,5.264914,50.861935,4.685985,43.53009600937237,1.227667824019239,0.0,-0.9320068047906206,-0.362440775608896,0.0222073444957295,0.0928338459061339,0.0272904016247537,23.761858610430608,94.7,0.0,0.0,7.0,0.0,0.0,0.0,16.5,0.0,0.0,21.25,0.0,0.0,4.75,0.0,0.0,0.0,0.0,1562.55,0.0,0.0,-694.7264772132714,0.0,10,0.0,23678.0,194.69865331334526,216.38802213571108,26.02045391864731,1806.9,35.14898160365085,3.07932167389121,13.811219257715099,18.955613220640895,0,,,12.25,18.0,23678.0,0.0,0.0,0.0,0.0,0.0,0.0,0.0,0.0,0.0,1.0,1.0,0.0,0.0,0.0,1977.0,1017.3067546546848,0.0212550607287449,0.9994941831057156,0.0,0.0,0.0
BEV2_2025-02-21_drive1.csv,BEV2,3.9046485454981417,50.869626,4.699227,50.857292,4.703923,1.4105248960947767,2.7682237699658288,0.0,0.2336574718614921,-0.9723189733021236,0.2095420094389478,0.3179010998532494,0.7180622362128829,16.344276736237934,89.4,0.0,0.0,16.0,0.0,0.0,0.0,19.25,0.0,0.0,22.25,0.0,0.0,3.0,0.0,0.0,0.0,0.0,1720.95,0.0,0.0,-15.618594181992568,0.0,10,0.0,177163.0,191.73288936880226,216.38802213571108,28.28837184085807,1829.2,38.56443133971406,3.1371751289046137,13.786352753437274,18.886849405712347,0,,,17.5,23.0,177163.0,0.0,0.0,0.0,0.0,0.0,0.0,0.0,0.0,0.0,1.0,1.0,0.0,0.0,0.0,1214.0,51.47957474683198,0.4600164880461665,0.999176276771005,0.0,0.0,0.0
BEV2_2025-02-22_drive1.csv,BEV2,3.405278482442593,50.87406,4.712609,50.857698,4.704053,1.9158986851347235,1.777379205311756,0.0,-0.3134065250049979,-0.9496190552449396,0.2704608804565929,0.5919947817664805,0.6720564240670371,18.39133987104832,87.0,0.0,0.0,11.5,0.0,0.0,0.0,11.75,0.0,0.0,14.25,0.0,0.0,2.5,0.0,0.0,0.0,0.0,1022.25,0.0,0.0,-28.94486710076204,0.0,10,0.0,59326.0,192.42393011100884,225.4546563362707,28.33233516411675,1896.9,37.40276663493131,4.657657503672704,15.491249872778837,20.70758857838358,0,,,19.5,25.25,59327.0,0.0,0.0,0.0,0.0,0.0,0.0,0.0,0.0,0.0,1.0,1.0,0.0,0.0,0.0,1351.0,97.63717968355525,0.6392592592592593,0.999259807549963,0.0,0.0,0.0
BEV2_2025-02-23_drive1.csv,BEV2,1.271634451827809,50.861923,4.692387,50.863754,4.692672,0.2045783990619307,6.215878399961745,0.0,0.0977739600760097,0.995208647837756,0.2136521817511192,0.4037736398613399,0.687221078186626,5.341304543777982,85.10000000000001,0.0,0.0,8.5,0.0,0.0,0.0,6.25,0.0,0.0,9.5,0.0,0.0,3.25,0.0,0.0,0.0,0.0,531.875,0.0,0.0,-14.623796196019804,0.0,10,0.0,77616.0,212.62817024104785,241.6442141893143,14.259670643447652,1332.5,30.892760523743256,5.341849510626163,15.434059627127052,20.429083194072675,0,,,12.25,15.75,77617.0,0.0,0.0,0.0,0.0,0.0,0.0,0.0,0.0,0.0,1.0,1.0,0.0,0.0,0.0,238.0,88.6396506466897,0.3037974683544304,0.9957983193277312,0.0,0.0,0.0
BEV2_2025-02-24_drive1.csv,BEV2,1.1573813516416795,50.864253,4.697009,50.857716,4.704058,0.8792792954234913,1.3162840950147072,0.0,0.5626729706396925,-0.8266795800741081,0.3998720378869733,0.6817457776726423,1.014009189894124,9.197056871400386,75.5,0.0,0.0,11.5,0.0,0.0,0.0,12.75,0.0,0.0,16.0,0.0,0.0,3.25,0.0,0.0,0.0,0.0,962.625,0.0,0.0,-9.837741488954276,0.0,10,0.0,109745.0,213.57501373544054,241.6442141893143,13.632116256238888,1238.9,30.502921492073575,5.551859493633811,14.459286028301738,19.421050362783873,0,,,7.0,9.25,109746.0,0.0,0.0,0.0,0.0,0.0,0.0,0.0,0.0,0.0,1.0,1.0,0.0,0.0,0.0,370.0,56.17699968539356,0.4579945799457994,0.9972972972972972,0.0,0.0,0.0
BEV2_2025-02-24_drive2.csv,BEV2,0.0242096489542456,50.857762,4.704129,50.857713,4.704067,0.0069732122899659,3.471807245719737,0.0,-0.6240859904477292,-0.7813556658314298,0.0,0.0,0.0,0.0,74.0,0.0,0.0,11.5,0.0,0.0,0.0,13.75,0.0,0.0,18.5,0.0,0.0,4.75,0.0,0.0,0.0,0.0,1017.5,0.0,0.0,-0.2057820161110876,0.0,10,0.0,1347.0,215.83750636397173,273.1491305959022,12.863297899601088,1021.8,30.381674428016783,6.335204619419973,11.80256464718995,16.027441111414426,0,,,13.0,16.75,1347.0,0.0,0.0,0.0,0.0,0.0,0.0,0.0,0.0,0.0,1.0,1.0,0.0,0.0,0.0,31.0,10.013060705338791,0.5806451612903226,1.0,0.0,0.0,0.0
BEV2_2025-02-26_drive1.csv,BEV2,1.2273510313313534,50.998138,5.528533,50.994808,5.539016,0.8217768693427049,1.493533192669496,0.0,0.8927339697400658,-0.4505841311810073,0.464560501037753,0.5356728362713822,1.310037099080966,11.149452024906072,49.0,0.0,0.0,5.2,0.0,0.0,0.0,14.0,0.0,0.0,19.25,0.0,0.0,5.25,0.0,0.0,0.0,0.0,686.0,0.0,0.0,-18.16479526370403,0.0,10,0.0,144389.0,214.599423365412,241.6442141893143,12.6745886659934,980.2,29.118165312209204,7.354413973540241,10.71190469193268,14.689130149445749,0,,,13.75,18.5,144389.0,0.0,0.0,0.0,0.0,0.0,0.0,0.0,0.0,0.0,1.0,1.0,0.0,0.0,0.0,323.0,184.97090315335464,0.5232198142414861,1.0,0.0,0.0,0.0
BEV2_2025-02-26_drive2.csv,BEV2,83.0393485182459,50.994807,5.539016,50.858973,4.70456,60.40347045041389,1.3747446611766148,0.0,-0.9682325365440416,-0.250051505049442,0.0359464037049217,0.1564409564041623,0.0290255058068236,60.21022620574397,99.4,0.0,0.0,9.0,0.0,0.0,0.0,17.25,0.0,0.0,20.25,0.0,0.0,3.0,0.0,0.0,0.0,0.0,1714.65,0.0,0.0,-913.4328337007048,0.0,10,0.0,34338.0,210.33240527763962,238.1170023315844,12.579121633806814,947.7,29.273684850915753,8.20585408926593,11.720207279776934,15.823754437195031,0,,,17.25,20.25,5.0,0.0,0.0,0.0,0.0,0.0,0.0,0.0,0.0,0.0,1.0,1.0,0.0,0.0,0.0,3240.0,990.9942991556488,0.0542131350681536,0.9962962962962963,0.0,0.0,0.0
BEV2_2025-02-27_drive1.csv,BEV2,0.559573878861594,50.858971,4.704558,50.857505,4.704085,0.1663585541793848,3.3636615900027858,0.0,-0.1995707885421356,-0.9798834116162342,0.5512912319747014,0.5586739266536087,1.3861332501626178,6.064203551721715,79.0,0.0,0.0,3.5,0.0,0.0,0.0,6.75,0.0,0.0,10.25,0.0,0.0,3.5,0.0,0.0,0.0,0.0,533.25,0.0,0.0,-9.232969001216302,0.0,10,0.0,44497.0,204.95782826512414,238.1170023315844,19.950392855775437,1101.1,36.53047912140424,8.757857079512501,13.018396158284531,17.169002333808198,0,,,18.75,25.0,44498.0,0.0,0.0,0.0,0.0,0.0,0.0,0.0,0.0,0.0,1.0,1.0,0.0,0.0,0.0,239.0,70.71084075414245,0.6192468619246861,1.0,0.0,0.0,0.0
BEV2_2025-02-27_drive2.csv,BEV2,6.179687399146404,50.857505,4.704086,50.862413,4.686789999999999,1.331006884498364,4.6428665930420285,0.0,-0.9120745020458076,0.4100245147767291,0.2624085779681621,0.4615191566414044,0.7512842157549934,32.276255090083936,78.30000000000001,0.0,0.0,3.5,0.0,0.0,0.0,6.5,0.0,0.0,9.5,0.0,0.0,3.0,0.0,0.0,0.0,0.0,508.9500000000001,0.0,0.0,-101.96484208591568,0.0,10,0.0,453.0,206.21861336113687,238.1170023315844,19.894038442578342,1102.8,35.56133342004221,8.585858665994202,12.880325618865442,17.11692718191134,0,,,6.75,9.75,453.0,0.0,0.0,0.0,0.0,0.0,0.0,0.0,0.0,0.0,1.0,1.0,0.0,0.0,0.0,1559.0,81.94198702390786,0.3553559974342527,1.0,0.0,0.0,0.0
BEV2_2025-02-27_drive3.csv,BEV2,4.013509123211172,50.862408,4.686783,50.873992,4.71291,2.240721449958465,1.791168252209827,0.0,0.818257218389041,0.5748522632418084,0.3055313119083878,0.4852784150573058,1.076336553294363,24.442504952671023,76.2,0.0,0.0,9.9,0.0,0.0,0.0,8.5,0.0,0.0,10.75,0.0,0.0,2.25,0.0,0.0,0.0,0.0,647.7,0.0,0.0,-40.53644214443283,0.0,10,0.0,34629.0,201.54212245277338,253.18054546989833,15.427725303301354,1055.7,27.97891555177633,8.833376352716424,12.544329791843463,16.524684303120548,0,,,5.5,9.0,34594.0,0.0,0.0,0.0,0.0,0.0,0.0,0.0,0.0,0.0,1.0,1.0,0.0,0.0,0.0,946.0,61.13347686681855,0.2494714587737843,1.0,0.0,0.0,0.0
BEV2_2025-02-27_drive4.csv,BEV2,2.5704360672623,50.873991,4.712908,50.857214,4.703878,1.970220898231052,1.3046435907619025,0.0,-0.3216512194179932,-0.9468582222523696,0.2906997543577182,0.4261768530495208,1.0964648141510875,14.82568747224363,74.8,0.0,0.0,7.5,0.0,0.0,0.0,8.5,0.0,0.0,12.0,0.0,0.0,3.5,0.0,,1.0,,635.8,0.0,0.0,-32.13045084077875,0.0,10,0.0,227.0,216.64446427091502,256.8518674825302,10.481502870821902,952.7,19.770341311782403,8.935533393105207,11.683298589748897,15.439479033336337,0,,,8.75,11.75,227.0,0.0,0.0,0.0,0.0,0.0,0.0,0.0,0.0,0.0,1.0,1.0,0.0,0.0,0.0,623.0,85.68717140359774,0.3971061093247588,0.9983948635634028,0.0,0.0,0.0
BEV2_2025-02-28_drive1.csv,BEV2,2.282043840957292,50.857213,4.703874,50.862481,4.686688,1.3409680917749387,1.7017883236406632,0.0,-0.8995438662240197,0.4368304393454547,0.3670305367833682,0.4761706535529524,0.9993845559130397,16.51637415525157,73.8,0.0,0.0,5.0,0.0,0.0,0.0,5.25,0.0,0.0,7.75,0.0,0.0,2.5,0.0,0.0,0.0,0.0,387.45,0.0,0.0,-34.23065761435938,0.0,10,0.0,48528.0,216.21076742888476,258.51960830188506,10.348081622998318,893.6,20.096352294371606,8.061901393105206,10.627840572971435,14.286959644289173,0,,,9.0,12.5,48529.0,0.0,0.0,0.0,0.0,0.0,0.0,0.0,0.0,0.0,1.0,1.0,0.0,0.0,0.0,627.0,66.61802526000332,0.3450479233226837,0.9984051036682616,0.0,0.0,0.0
BEV2_2025-02-28_drive2.csv,BEV2,1.7733197798327485,50.862484,4.686688,50.856223,4.695827,0.9466541993578532,1.8732497896651696,0.0,0.6776070122973142,-0.7354241884011617,0.3778394616474991,0.497287787227169,1.2951117445226874,13.22438115766247,91.3,0.0,0.0,8.5,0.0,0.0,0.0,12.0,0.0,0.0,16.5,0.0,0.0,4.5,0.0,0.0,0.0,0.0,1095.6,0.0,0.0,-20.39317746807661,0.0,10,0.0,6687.0,216.162792966693,258.51960830188506,10.235758158849787,821.3,20.495719561267528,7.405600679975224,9.926943576778015,13.573095776652641,0,,,5.0,7.5,6688.0,0.0,0.0,0.0,0.0,0.0,0.0,0.0,0.0,0.0,1.0,1.0,0.0,0.0,0.0,541.0,78.99120415767113,0.5166666666666667,0.99815157116451,0.0,0.0,0.0
BEV2_2025-02-28_drive3.csv,BEV2,2.809637566308657,50.856224,4.695825999999999,50.864622,4.678576,1.5290180737777364,1.8375437246251125,0.0,-0.7918393832934199,0.6107293926654395,0.5814635657758657,0.8957611438716379,2.543300807551563,32.56195968344848,90.4,0.0,0.0,7.0,0.0,0.0,0.0,12.25,0.0,0.0,16.0,0.0,0.0,3.75,0.0,0.0,0.0,0.0,1107.4,0.0,0.0,-36.52528836201254,0.0,10,0.0,98.0,219.12976886288334,271.82156120878955,10.284831939346738,851.6,19.747528220961208,7.36561311091445,10.475163211171013,14.237649035155936,0,,,12.25,16.0,99.0,0.0,0.0,0.0,0.0,0.0,0.0,0.0,0.0,0.0,1.0,1.0,0.0,0.0,0.0,604.0,95.19702304635966,0.2913907284768212,1.0,0.0,0.0,0.0
BEV2_2025-02-28_drive4.csv,BEV2,1.6150847641488602,50.86462,4.678566,50.862461,4.686717,0.6203931658040209,2.60332455799337,0.0,0.922094581537871,-0.3869645755085321,0.8520723250068399,0.923884965845297,2.343062090345632,27.26631440021888,89.4,0.0,0.0,7.0,0.0,0.0,0.0,12.75,0.0,0.0,15.25,0.0,0.0,2.5,0.0,0.0,0.0,0.0,1139.85,0.0,0.0,-20.996101933935183,0.0,10,0.0,6386.0,218.86194166800468,263.88175001884434,10.448745770191588,875.0,20.283837075568137,6.847705367916097,10.443530612427269,14.219899780391753,0,,,13.0,15.25,9.0,0.0,0.0,0.0,0.0,0.0,0.0,0.0,0.0,0.0,1.0,1.0,0.0,0.0,0.0,342.0,61.71820440467584,0.0818713450292397,1.0,0.0,0.0,0.0
BEV2_2025-02-28_drive5.csv,BEV2,2.540085600100717,50.862454,4.686712,50.857856,4.704095,1.3228734377026496,1.9201274496159837,0.0,0.9222943506363954,-0.3864882026455524,0.4629774898472242,0.5919762142636388,1.3075436502345723,23.14887449236121,88.7,0.0,0.0,10.0,0.0,0.0,0.0,10.75,0.0,0.0,13.25,0.0,0.0,2.5,0.0,0.0,0.0,0.0,953.525,0.0,0.0,-25.40085600100717,0.0,10,0.0,26683.0,220.43123830450358,275.660072261296,10.607846430765623,906.2,21.70182111695512,6.43148797661175,10.29571720134855,13.880468293511289,0,,,12.5,15.25,26684.0,0.0,0.0,0.0,0.0,0.0,0.0,0.0,0.0,0.0,1.0,1.0,0.0,0.0,0.0,592.0,79.88783450452915,0.3197969543147208,0.9983108108108107,0.0,0.0,0.0
BEV2_2025-03-02_drive1.csv,BEV2,2.4791349318421747,50.857851,4.704092999999999,50.863706,4.693315,0.9980577460264208,2.4839594118801083,0.0,-0.7579487089602562,0.6523141532923233,0.2172124419954057,0.3604961462606644,0.6780512442222036,10.64340965777488,87.30000000000001,0.0,0.0,2.5,0.0,0.0,0.0,1.75,0.0,0.0,4.25,0.0,0.0,2.5,0.0,0.0,0.0,0.0,152.77500000000003,0.0,0.0,-43.38486130723805,0.0,10,0.0,138811.0,223.15244270082638,302.3602910519754,10.738315060336157,933.1,21.872789421980734,6.756633566135903,9.921109198240547,13.209680285223277,0,,,10.5,13.25,138801.0,0.0,0.0,0.0,0.0,0.0,0.0,0.0,0.0,0.0,1.0,1.0,0.0,0.0,0.0,408.0,93.18003667691332,0.2230392156862745,1.0,0.0,0.0,0.0
BEV2_2025-03-02_drive2.csv,BEV2,1.2548304444107372,50.863707,4.693312,50.857852,4.704126,0.999974228048546,1.2548627846735052,0.0,0.7590228609388142,-0.651063972718701,0.4492300495505239,0.5675272282152902,1.0926049269440303,11.230751238763098,86.4,0.0,0.0,4.5,0.0,0.0,0.0,1.5,0.0,0.0,4.5,0.0,0.0,3.0,0.0,0.0,0.0,0.0,129.60000000000002,0.0,0.0,-19.449871888366427,0.0,10,0.0,1000.0,304.24545332572967,306.195575762069,2.6822937016957855,650.0,14.825843381375293,6.255250337195791,8.243213374157346,11.39756600628197,0,,,1.5,4.25,82.0,0.0,0.0,0.0,0.0,0.0,0.0,0.0,0.0,0.0,1.0,1.0,0.0,0.0,0.0,365.0,66.22690757793555,0.4478021978021978,0.9972602739726028,0.0,0.0,0.0
BEV2_2025-03-02_drive3.csv,BEV2,68.83968881231758,50.857851,4.704125,51.253363,4.445751,47.54217629881444,1.4479709212225154,0.0,-0.3798440962261091,0.925050518924329,0.0433928518355749,0.1755091580781598,0.0677398656182999,59.79534982942228,85.4,0.0,0.0,9.5,0.0,0.0,0.0,3.75,0.0,0.0,6.25,0.0,0.0,2.5,0.0,0.0,0.0,0.0,320.25,0.0,0.0,-722.8167325293346,0.0,10,0.0,10641.0,295.8497325500646,306.195575762069,2.751815257011975,662.6,15.220764480319342,6.381581372349702,7.779172196955178,10.837613435816042,0,,,1.75,4.25,10641.0,0.0,0.0,0.0,0.0,0.0,0.0,0.0,0.0,0.0,1.0,1.0,0.0,0.0,0.0,4932.0,757.8324530818206,0.2816958825927436,0.994728304947283,0.0,0.0,0.0
BEV2_2025-03-02_drive4.csv,BEV2,6.183128583193825,51.253359,4.445749999999999,51.22235,4.411581,4.188987537734883,1.4760436806019328,0.0,-0.5678644496132332,-0.823122085030805,0.1850514143990602,0.3426998505437029,0.696736373337998,22.761323971084416,70.4,0.0,0.0,10.6,0.0,0.0,0.0,16.5,0.0,0.0,22.25,0.0,0.0,5.75,0.0,0.0,0.0,0.0,1161.6,0.0,0.0,-58.12140868202196,0.0,10,0.0,781.0,200.42038214755237,306.195575762069,9.01782854792744,999.9,18.81836393658771,7.016000473650649,8.256416525033556,11.4924427073546,0,,,16.75,22.75,782.0,0.0,0.0,0.0,0.0,0.0,0.0,0.0,0.0,0.0,1.0,1.0,0.0,0.0,0.0,1130.0,149.81547175302842,0.3587245349867139,0.9991150442477876,0.0,0.0,0.0
BEV2_2025-03-02_drive5.csv,BEV2,1.7496063517563034,51.222351,4.411563999999999,51.21769,4.421105,0.8427050009669352,2.076178911658021,0.0,0.788511658292274,-0.6150198084104025,0.4588766725524799,0.5723487141711071,1.3563173798697468,15.601806866784315,68.9,0.0,0.0,14.5,0.0,0.0,0.0,19.25,0.0,0.0,21.5,0.0,0.0,2.25,0.0,0.0,0.0,0.0,1326.325,0.0,0.0,-9.622834934659668,0.0,10,0.0,11108.0,195.29994894367545,306.195575762069,9.234790493925704,1018.3,19.260612528547504,7.294642873277887,9.131928142399168,12.722950253605816,0,,,20.25,22.5,6374.0,0.0,0.0,0.0,0.0,0.0,0.0,0.0,0.0,0.0,1.0,1.0,0.0,0.0,0.0,660.0,63.95818875159418,0.4339908952959029,0.9984848484848484,0.0,0.0,0.0
BEV2_2025-03-02_drive6.csv,BEV2,66.68975231742512,51.21769,4.421105,50.85751,4.703992,44.66820076336983,1.493002878506673,0.0,0.4428114942743354,-0.8966147336166912,0.0455400925781224,0.1704274805957586,0.0648234959384526,60.704943406637256,68.2,0.0,0.0,11.8,0.0,0.0,0.0,16.0,0.0,0.0,18.5,0.0,0.0,2.5,0.0,0.0,0.0,0.0,1091.2,0.0,0.0,-546.8559690028859,0.0,10,0.0,15568.0,195.71752518674836,316.67061655108364,9.152770199680475,1022.1,18.729457049829573,7.88981333481635,10.118230340894067,13.666723043473539,0,,,18.25,22.0,15529.0,0.0,0.0,0.0,0.0,0.0,0.0,0.0,0.0,0.0,1.0,1.0,0.0,0.0,0.0,3146.0,896.2289684234954,0.0966306420851875,1.0,0.0,0.0,0.0
BEV2_2025-03-03_drive1.csv,BEV2,2.312406093319985,50.857506,4.703984,50.862424,4.686769,1.326281512619977,1.743525843734327,0.0,-0.9110373772970392,0.4123237771069386,0.4314187170084964,0.5224335320738769,1.105453489348739,19.84526098239084,90.8,0.0,0.0,-1.5,0.0,0.0,0.0,12.5,0.0,0.0,17.5,0.0,0.0,5.0,0.0,0.0,0.0,0.0,1135.0,0.0,0.0,-49.71673100637968,0.0,10,0.0,27834.0,199.5140144961338,301.74549366044295,15.593541047327255,1274.0,25.049887045343752,7.845089226776902,11.193098318945038,14.894996125563875,0,,,12.5,17.5,8.0,0.0,0.0,0.0,0.0,0.0,0.0,0.0,0.0,0.0,1.0,1.0,0.0,0.0,0.0,484.0,100.39242580116068,0.365702479338843,1.0,0.0,0.0,0.0
BEV2_2025-03-03_drive2.csv,BEV2,2.5562606157202064,50.862421,4.686764999999999,50.857798,4.70409,1.320200828992108,1.9362664827833456,0.0,0.9210787872183648,-0.3893762547155979,0.5092859285411416,0.6563542446828996,1.376388064186829,25.973582355598225,89.60000000000001,0.0,0.0,9.5,0.0,0.0,0.0,8.75,0.0,0.0,11.0,0.0,0.0,2.25,0.0,0.0,0.0,0.0,784.0000000000001,0.0,0.0,-26.840736465062168,0.0,10,0.0,37256.0,200.12851658206125,301.74549366044295,15.647449678675983,1268.3,25.587098825814433,6.876022894400305,10.958564394902094,14.873623902582386,1,349.6809916658784,594.0,8.5,14.5,37256.0,0.0,0.0,0.0,0.0,0.0,0.0,0.0,0.0,0.0,0.0,0.0,0.0,0.0,0.0,654.0,60.66029118079914,0.2981651376146789,1.0,0.0,0.0,0.0
BEV2_2025-03-04_drive1.csv,BEV2,24.83498474566916,50.857801,4.704088,50.895938,4.483746,16.030881656040847,1.5491964371348657,0.0,-0.9643775288831452,0.2645297370528278,0.0501293122589783,0.183439418459499,0.0906581727451516,24.86413888045324,88.4,0.0,0.0,0.0,0.0,0.0,0.0,5.0,0.0,0.0,8.0,0.0,0.0,3.0,0.0,0.0,0.0,0.0,442.0,0.0,0.0,-496.6996949133832,0.0,10,0.0,35028.0,201.38731731537766,316.67061655108364,15.622127162571346,1273.3,25.320911414262092,7.153056534332772,10.549727710928819,14.34542016757474,0,,,5.25,8.0,9.0,0.0,0.0,0.0,0.0,0.0,0.0,0.0,0.0,0.0,1.0,1.0,0.0,0.0,0.0,1371.0,831.5896915952022,0.1948905109489051,0.99927060539752,0.0,0.0,0.0
BEV2_2025-03-06_drive1.csv,BEV2,26.68188909033281,50.895936,4.483741,50.857805,4.704091,16.031246176971308,1.664367747571678,0.0,0.9643905930649628,-0.2644821052695422,0.0846411526570565,0.2477498823253017,0.2256909450975304,45.11373436621116,80.30000000000001,0.0,0.0,12.0,0.0,0.0,0.0,9.0,0.0,0.0,11.25,0.0,0.0,2.25,0.0,0.0,0.0,0.0,722.7,0.0,0.0,-213.45511272266248,0.0,10,0.0,221936.0,205.69293078770642,301.74549366044295,17.944117161271105,1376.2,30.142325447783833,6.493910024618198,9.81654622404835,13.765044803143255,0,,,9.0,11.25,6.0,0.0,0.0,0.0,0.0,0.0,0.0,0.0,0.0,0.0,1.0,1.0,0.0,0.0,0.0,1825.0,571.3036346344697,0.1299342105263158,0.9994520547945206,0.0,0.0,0.0
BEV2_2025-03-07_drive1.csv,BEV2,2.219827446461872,50.857801,4.704089,50.862409,4.686794,1.317612217507802,1.6847350206425418,0.0,-0.9212903737802888,0.3888753620117579,0.3742335978602563,0.5142459112373843,0.942709744170316,16.46627830585128,74.60000000000001,0.0,0.0,5.5,0.0,0.0,0.0,9.0,0.0,0.0,11.75,0.0,0.0,2.75,0.0,0.0,0.0,0.0,671.4000000000001,0.0,0.0,-32.18749797369714,0.0,10,0.0,48655.0,197.7970025628454,265.777145781027,20.358308391431713,1499.5,33.86038745526197,7.038998590898101,9.822142852988353,13.828376412408597,1,369.43826093317625,486.0,12.75,17.25,48656.0,0.0,0.0,0.0,0.0,0.0,0.0,0.0,0.0,0.0,0.0,0.0,0.0,0.0,0.0,556.0,65.17400322071354,0.3351351351351351,0.9982014388489208,0.0,0.0,0.0
BEV2_2025-03-07_drive2.csv,BEV2,0.0329118431807289,50.862405,4.686789999999999,50.862453,4.686696,0.0084860198501653,3.878360381172994,0.0,-0.7774379665485774,0.6289596236395568,0.0,0.0,0.0,0.0,73.7,0.0,0.0,11.0,0.0,0.0,0.0,8.75,0.0,0.0,11.0,0.0,0.0,2.25,0.0,0.0,0.0,0.0,644.875,0.0,0.0,-0.2962065886265601,0.0,10,0.0,24286.0,197.2939741031526,248.19936493796985,20.33237764289368,1514.3,33.11573279134605,7.261745523420116,10.496648041936115,14.531358524770116,0,,,8.0,10.75,24157.0,0.0,0.0,0.0,0.0,0.0,0.0,0.0,0.0,0.0,1.0,1.0,0.0,0.0,0.0,97.0,1.2244874358019326,0.711340206185567,1.0,0.0,0.0,0.0
BEV2_2025-03-07_drive3.csv,BEV2,0.2496336054495977,50.862452,4.686704,50.861872,4.685852,0.0879495494837898,2.8383727593238914,0.0,-0.6799083864497131,-0.7332970653393804,1.3102218478370264,0.8257146496121338,2.195406630819244,5.240887391348106,91.1,0.0,0.0,11.5,0.0,0.0,0.0,16.25,0.0,0.0,18.5,0.0,0.0,2.25,0.0,0.0,0.0,0.0,1480.375,0.0,0.0,-2.1218856463215805,0.0,10,0.0,9129.0,196.5572391486175,248.19936493796985,20.210191913733738,1487.5,32.00492518219991,7.883112008927361,11.203557738355347,15.20220321141862,0,,,16.25,18.5,6.0,0.0,0.0,0.0,0.0,0.0,0.0,0.0,0.0,0.0,1.0,1.0,0.0,0.0,0.0,122.0,25.772419422272044,0.4628099173553719,0.9918032786885246,0.0,0.0,0.0
BEV2_2025-03-07_drive4.csv,BEV2,2.392304891212861,50.861879,4.685848,50.857265,4.703927,1.368739213648431,1.7478164338085072,0.0,0.927090731605712,-0.3748369984016864,0.3888435946059324,0.5020921724918871,1.1363900206155304,18.275648946478825,90.9,0.0,0.0,12.0,0.0,0.0,0.0,15.5,0.0,0.0,18.25,0.0,0.0,2.75,0.0,0.0,0.0,0.0,1408.95,0.0,0.0,-19.13843912970289,0.0,10,0.0,185.0,212.4327218493474,284.1677128173858,13.35117324344859,1006.4,27.71279253053488,7.962252446678912,11.754258937169777,15.528179317921026,0,,,15.5,18.25,6.0,0.0,0.0,0.0,0.0,0.0,0.0,0.0,0.0,0.0,1.0,1.0,0.0,0.0,0.0,773.0,61.41931039411689,0.4471968709256845,0.9922380336351876,0.0,0.0,0.0
BEV2_2025-03-07_drive5.csv,BEV2,2.256138954811844,50.857267,4.703926,50.871986,4.704141,1.6367499390968767,1.3784261730638785,0.0,0.0092188679128773,0.9999575053343042,0.2376880895617889,0.4827589424056334,0.635464048321805,10.695964030280502,89.9,0.0,0.0,15.0,0.0,0.0,0.0,15.25,0.0,0.0,18.25,0.0,0.0,3.0,0.0,0.0,0.0,0.0,1370.975,0.0,0.0,-11.28069477405922,0.0,10,0.0,1594.0,215.97342766685335,313.74087077859633,12.972104023525294,970.7,26.857751838047307,8.188810257799828,11.565272915364758,15.000046523348544,0,,,15.25,18.0,1594.0,0.0,0.0,0.0,0.0,0.0,0.0,0.0,0.0,0.0,1.0,1.0,0.0,0.0,0.0,437.0,116.97265147828186,0.3463302752293578,0.9977116704805492,0.0,0.0,0.0
BEV2_2025-03-07_drive6.csv,BEV2,2.504211138130042,50.871984,4.704143,50.857275,4.703926,1.635639336454814,1.5310289269258004,0.0,-0.0093109420849181,-0.9999566522392316,0.3740962722666457,0.5078773507264481,0.8336730708961181,18.704813613332288,89.4,0.0,0.0,14.5,0.0,0.0,0.0,15.5,0.0,0.0,19.0,0.0,0.0,3.5,0.0,0.0,0.0,0.0,1385.7,0.0,0.0,-13.77316125971523,0.0,10,0.0,662.0,213.71887281396374,285.6880491465245,13.022694606525477,948.4,27.756100160125733,8.322976341715913,11.2350555323012,14.706685873542733,0,,,15.5,19.0,662.0,0.0,0.0,0.0,0.0,0.0,0.0,0.0,0.0,0.0,1.0,1.0,0.0,0.0,0.0,490.0,81.75487648205315,0.3040816326530612,1.0,0.0,0.0,0.0
BEV2_2025-03-08_drive1.csv,BEV2,3.383162012022533,50.857275,4.703925,50.861898,4.685813,1.3712613280443504,2.4671898367085814,0.0,-0.9270744036249372,0.3748773801437836,0.2722014465366851,0.5687797494802119,0.797769285614855,18.237496917957905,88.5,0.0,0.0,10.5,0.0,0.0,0.0,9.25,0.0,0.0,11.75,0.0,0.0,2.5,0.0,0.0,0.0,0.0,818.625,0.0,0.0,-32.14003911421406,0.0,10,0.0,54271.0,219.45253697561776,285.6880491465245,6.604161539665941,682.8,21.962075586337377,9.274630168520776,11.241752701421607,14.66255822129141,0,,,16.0,20.25,54259.0,0.0,0.0,0.0,0.0,0.0,0.0,0.0,0.0,0.0,1.0,1.0,0.0,0.0,0.0,1615.0,100.35675692086348,0.724937343358396,0.9882352941176472,0.0,0.0,0.0
BEV2_2025-03-08_drive2.csv,BEV2,2.6001117035402483,50.861898,4.685813,50.857301,4.703912,1.369333283965234,1.898815820799301,0.0,0.9277131309078448,-0.3732939146854176,0.391306020385172,0.5356256563260076,1.164958869093332,20.347913060028947,87.4,0.0,0.0,11.0,0.0,0.0,0.0,8.25,0.0,0.0,11.0,0.0,0.0,2.75,0.0,0.0,0.0,0.0,721.0500000000001,0.0,0.0,-23.40100533186224,0.0,10,0.0,56056.0,219.45253697561776,285.6880491465245,6.604161539665941,682.8,21.962075586337377,9.274630168520776,11.241752701421607,14.66255822129141,1,315.2612071077351,775.0,8.25,10.75,169.0,0.0,0.0,0.0,0.0,0.0,0.0,0.0,0.0,0.0,0.0,0.0,0.0,0.0,0.0,531.0,75.70368280837948,0.2773584905660377,0.9981167608286252,0.0,0.0,0.0
BEV2_2025-03-08_drive3.csv,BEV2,3.8972730018611887,50.857301,4.703912,50.873257,4.702475,1.777092577016239,2.193061325147596,0.0,-0.0567495083044982,0.998388448103842,0.3268849002661796,0.5752874604633108,1.0558570917082684,25.17013732049583,86.5,0.0,0.0,14.5,0.0,0.0,0.0,15.25,0.0,0.0,17.5,0.0,0.0,2.25,0.0,0.0,0.0,0.0,1319.125,0.0,0.0,-21.43500151023654,0.0,10,0.0,31562.0,215.51537427960793,254.2596550090533,6.632932100687967,687.5,22.005355191897813,10.56788163550122,11.123712616641757,14.272888251614129,0,,,9.0,13.25,31563.0,0.0,0.0,0.0,0.0,0.0,0.0,0.0,0.0,0.0,1.0,1.0,0.0,0.0,0.0,754.0,79.53940265618586,0.2669322709163346,0.9986737400530504,0.0,0.0,0.0
BEV2_2025-03-08_drive4.csv,BEV2,2.382846578776047,50.87325,4.702458,50.857288,4.703912,1.777826753523767,1.3403142764350304,0.0,0.0573971660637116,-0.9983514237621212,0.1994772242103142,0.2973291324383792,0.4146808157382681,9.375429537884768,85.5,0.0,0.0,13.5,0.0,0.0,0.0,16.0,0.0,0.0,18.0,0.0,0.0,2.0,0.0,0.0,0.0,0.0,1368.0,0.0,0.0,-15.488502762044304,0.0,10,0.0,7155.0,208.79747074897946,246.34412876170921,6.767007040839862,697.5,22.458229210017876,11.054237905013602,11.80961200688566,14.994900042924092,0,,,15.5,19.25,7125.0,0.0,0.0,0.0,0.0,0.0,0.0,0.0,0.0,0.0,1.0,1.0,0.0,0.0,0.0,432.0,103.9243225421624,0.2900232018561485,0.9976851851851852,0.0,0.0,0.0
BEV2_2025-03-09_drive1.csv,BEV2,1.9569108899779544,50.857291,4.703919,50.864026,4.695867,0.9382120051230056,2.085787518484578,0.0,-0.602367048188342,0.7982192300720796,0.4296162019230745,0.6762294488676859,1.1452077461402,16.755031874999908,84.4,0.0,0.0,15.5,0.0,0.0,0.0,9.25,0.0,0.0,12.0,0.0,0.0,2.75,0.0,,1.0,,780.7,0.0,0.0,-8.806099004900794,0.0,10,0.0,47165.0,194.5766916369199,254.2596550090533,4.521793222909361,603.6,17.9231364149255,12.265417897986548,12.894417528401425,15.872674561672536,0,,,12.5,15.75,28665.0,0.0,0.0,0.0,0.0,0.0,0.0,0.0,0.0,0.0,1.0,1.0,0.0,0.0,0.0,623.0,68.46430959938239,0.4228295819935691,0.9983948635634028,0.0,0.0,0.0
BEV2_2025-03-09_drive2.csv,BEV2,1.212876817895685,50.864025,4.695868,50.857281,4.703933,0.9395604967654364,1.2908980550706175,0.0,0.6024737092337761,-0.798138728343698,0.2696392418880904,0.3567984474597818,0.6957714008489053,6.471341805314172,91.0,0.0,0.0,20.0,0.0,0.0,0.0,14.5,0.0,0.0,17.5,0.0,0.0,3.0,0.0,0.0,0.0,0.0,1319.5,0.0,0.0,0.0,0.0,10,0.0,2751.0,237.8388960255259,254.2596550090533,2.0492775032785255,483.3,13.794573105006041,12.390187079605806,12.79148819744122,15.753688653002893,0,,,9.75,13.75,2689.0,0.0,0.0,0.0,0.0,0.0,0.0,0.0,0.0,0.0,1.0,1.0,0.0,0.0,0.0,391.0,52.72072932611422,0.4435897435897435,0.9974424552429668,0.0,0.0,0.0
BEV2_2025-03-09_drive3.csv,BEV2,5.03741920529836,50.857281,4.703933,50.857284,4.703918,0.0011044667946738,4560.951247779202,0.0,-0.953297521592146,0.3020328381588202,0.409924355715289,0.6129428883901444,1.1498965392429108,40.9924355715289,90.5,0.0,0.0,20.5,0.0,0.0,0.0,17.0,0.0,0.0,19.25,0.0,0.0,2.25,0.0,0.0,0.0,0.0,1538.5,0.0,0.0,2.51870960264918,0.0,10,0.0,1854.0,241.90135967952398,259.75215350706543,1.9485824404219065,466.8,13.47345856495232,13.757218081303908,13.503607261853341,16.56893638135815,0,,,15.5,21.0,1855.0,0.0,0.0,0.0,0.0,0.0,0.0,0.0,0.0,0.0,1.0,1.0,0.0,0.0,0.0,961.0,71.22071334170619,0.2393340270551509,1.0,0.0,0.0,0.0
BEV2_2025-03-09_drive4.csv,BEV2,63.78092448217731,50.857283,4.703917,51.222348,4.411578,45.44879746061087,1.4033578014347765,0.0,-0.4497258969979092,0.8931666236315741,0.040939995497717,0.1439408227431142,0.0573592729321923,52.44413423257559,89.30000000000001,0.0,0.0,21.5,0.0,0.0,0.0,20.5,0.0,0.0,22.5,0.0,0.0,2.0,0.0,0.0,0.0,0.0,1830.6500000000003,0.0,0.0,95.67138672326595,0.0,10,0.0,8018.0,226.52832604330442,245.41909218756933,2.449020027401269,553.2,15.236448347765414,14.562863724457433,14.423003668749748,17.76581787823965,0,,,19.25,25.0,8019.0,0.0,0.0,0.0,0.0,0.0,0.0,0.0,0.0,0.0,1.0,1.0,0.0,0.0,0.0,3827.0,868.0899158515075,0.2040816326530612,0.9986934935981188,0.0,0.0,0.0
BEV2_2025-03-09_drive5.csv,BEV2,67.78620940930003,51.222346,4.411574,50.857514,4.70398,45.42774366058339,1.492176453133343,0.0,0.4500363317981791,-0.8930102463363112,0.0422318331740511,0.1472301131021696,0.0628320993224562,57.266365784013416,75.5,0.0,0.0,23.5,0.0,0.0,0.0,28.25,0.0,0.0,30.5,0.0,0.0,2.25,0.0,0.0,0.0,0.0,2132.875,0.0,0.0,237.2517329325501,0.0,10,0.0,4018.0,184.06498085586423,213.19947665203364,8.802149115074041,923.7,20.504019469140708,15.539562601448813,15.325322589666232,18.90119249276166,0,,,26.5,32.5,4019.0,0.0,0.0,0.0,0.0,0.0,0.0,0.0,0.0,0.0,1.0,1.0,0.0,0.0,0.0,3890.0,811.9964092434248,0.1856995884773662,0.9994858611825193,0.0,0.0,0.0
BEV2_2025-03-09_drive6.csv,BEV2,1.8475405371279825,50.857507,4.703971999999999,50.869929,4.699296,1.419715497329282,1.301345615092256,0.0,-0.2311549021237493,0.9729169600866048,0.159560964334425,0.2805651702264317,0.2853763856278193,5.744194716039302,60.5,0.0,0.0,15.0,0.0,0.0,0.0,25.0,0.0,0.0,27.5,0.0,0.0,2.5,0.0,0.0,0.0,0.0,1512.5,0.0,0.0,-9.237702685639912,0.0,10,0.0,9583.0,174.79011964467233,185.33320270658018,15.341557360406451,1235.4,25.662773004699932,16.264357104402833,16.469853749063336,20.18282539933245,0,,,25.75,30.5,9564.0,0.0,0.0,0.0,0.0,0.0,0.0,0.0,0.0,0.0,1.0,1.0,0.0,0.0,0.0,649.0,67.33581430559713,0.5524691358024691,0.9984591679506932,0.0,0.0,0.0
BEV2_2025-03-09_drive7.csv,BEV2,2.498582339560066,50.86993,4.699295,50.857023,4.704101,1.4742983016535722,1.694760372956855,0.0,0.228786597369016,-0.9734766010872103,0.304624949202241,0.3648186021232744,0.7694495689836693,14.926622510909809,60.1,0.0,0.0,14.0,0.0,0.0,0.0,22.5,0.0,0.0,26.25,0.0,0.0,3.75,0.0,0.0,0.0,0.0,1352.25,0.0,0.0,-14.991494037360397,0.0,10,0.0,491.0,174.95619036535288,185.33320270658018,15.300697518638064,1256.6,24.834317679400502,16.29265562643295,17.27600417822611,21.03523067035408,0,,,22.5,26.25,14.0,0.0,0.0,0.0,0.0,0.0,0.0,0.0,0.0,0.0,1.0,1.0,0.0,0.0,0.0,554.0,90.1437161393419,0.379746835443038,0.9981949458483754,0.0,0.0,0.0
BEV2_2025-03-10_drive1.csv,BEV2,2.512508474262595,50.857022,4.704098,50.862464,4.686707,1.3624108901864944,1.844163528316093,0.0,-0.8959492294740102,0.4441564794134241,0.3004797507995241,0.4514799854866526,0.8876089156006465,15.023987539976208,59.2,0.0,0.0,4.0,0.0,0.0,0.0,11.75,0.0,0.0,15.0,0.0,0.0,3.25,0.0,0.0,0.0,0.0,695.6,0.0,0.0,-40.20013558820152,0.0,10,0.0,37046.0,175.02235567429327,185.33320270658018,15.300113587711099,1263.0,24.61960116024919,16.21402373871222,17.920321127925007,21.728004373998086,0,,,21.75,26.75,37026.0,0.0,0.0,0.0,0.0,0.0,0.0,0.0,0.0,0.0,1.0,1.0,0.0,0.0,0.0,498.0,79.86641491132961,0.2811244979919678,1.0,0.0,0.0,0.0
BEV2_2025-03-10_drive2.csv,BEV2,0.0182366551011973,50.862465,4.686706,50.862564,4.68677,0.0118894611465772,1.5338504307612997,0.0,0.3777973794159623,0.9258882978558652,0.0,0.0,0.0,0.0,91.0,0.0,0.0,10.72222222222222,0.0,0.0,0.0,20.75,0.0,0.0,23.0,0.0,0.0,2.25,0.0,0.0,0.0,0.0,1888.25,0.0,0.0,-0.1691956334388861,0.0,10,0.0,12040.0,174.44193826640458,185.33320270658018,15.291360284058925,1259.7,24.67248479248283,15.479850624266955,18.015832406120495,21.93149121610335,0,,,9.25,13.5,12040.0,0.0,0.0,0.0,0.0,0.0,0.0,0.0,0.0,0.0,1.0,1.0,0.0,0.0,0.0,50.0,1.1751504222648126,0.68,1.0,0.0,0.0,0.0
BEV2_2025-03-10_drive3.csv,BEV2,2.5936355897369543,50.862566,4.686768,50.857287,4.703916,1.3391032406974044,1.9368451295705849,0.0,0.898803296132997,-0.4383521813113971,0.4545613713445905,0.5994790452813457,1.1934494807890754,23.18262993857412,90.9,0.0,0.0,12.5,0.0,0.0,0.0,14.75,0.0,0.0,17.25,0.0,0.0,2.5,0.0,0.0,0.0,0.0,1340.775,0.0,0.0,-19.45226692302716,0.0,10,0.0,22881.0,174.25565719958692,201.23885539844662,14.903456649382926,1189.3,22.942894271967482,15.169504726164268,18.53506317535126,22.4076501565007,0,,,20.0,23.0,22881.0,0.0,0.0,0.0,0.0,0.0,0.0,0.0,0.0,0.0,1.0,1.0,0.0,0.0,0.0,854.0,63.34116125257897,0.477751756440281,1.0,0.0,0.0,0.0
BEV2_2025-03-11_drive1.csv,BEV2,2.272564991171646,50.857286,4.703917,50.862415,4.686778,1.331307171111966,1.7070177645580475,0.0,-0.9035936243537076,0.428390665196303,0.4114220153003213,0.6016380345794492,1.1075606834276677,18.513990688514458,89.7,0.0,0.0,6.5,0.0,0.0,0.0,8.75,0.0,0.0,11.5,0.0,0.0,2.75,0.0,0.0,0.0,0.0,784.875,0.0,0.0,-30.679627380817223,0.0,10,0.0,50037.0,175.65587306612633,201.23885539844662,14.924535551337502,1231.5,22.057067064658707,15.175765647045719,18.370125215346086,22.30961239560627,1,219.7764931454541,500.0,8.75,11.5,5.0,0.0,0.0,0.0,0.0,0.0,0.0,0.0,0.0,0.0,0.0,0.0,0.0,0.0,0.0,722.0,66.16884186172578,0.4549237170596394,0.9986149584487536,0.0,0.0,0.0
BEV2_2025-03-11_drive2.csv,BEV2,2.580828018096766,50.862415,4.686778,50.85752,4.704018,1.3268290590654728,1.9451096585980143,0.0,0.911983850384477,-0.4102261042862872,0.4558069647577182,0.5844335707270002,1.3276450584990966,23.246155202643628,88.60000000000001,0.0,0.0,10.5,0.0,0.0,0.0,9.0,0.0,0.0,11.0,0.0,0.0,2.0,0.0,0.0,0.0,0.0,797.4000000000001,0.0,0.0,-24.51786617191928,0.0,10,0.0,31307.0,178.14654779683804,231.20512670050863,14.956100961456869,1241.4,22.05964764320726,14.237205724500772,18.186132736092976,22.136671790222714,1,340.1230874104946,856.0,7.5,10.5,31293.0,0.0,0.0,0.0,0.0,0.0,0.0,0.0,0.0,0.0,0.0,0.0,0.0,0.0,0.0,742.0,86.32869456795001,0.4150943396226415,1.0,0.0,0.0,0.0
BEV2_2025-03-11_drive3.csv,BEV2,2.644499228218504,50.857516,4.704017,50.873277,4.702523,1.7556792507556829,1.5062541902686686,0.0,-0.0597199883159742,0.9982151686863608,0.3440591667480595,0.6897720840142407,1.313982074631582,17.891076670899093,95.1,0.0,0.0,8.5,0.0,0.0,0.0,12.0,0.0,0.0,16.0,0.0,0.0,4.0,0.0,0.0,0.0,0.0,1141.1999999999998,0.0,0.0,-30.411741124512798,0.0,10,0.0,4588.0,179.67113871980067,231.20512670050863,15.092896081476974,1276.4,22.19908393151507,13.23041947585862,17.57752115384231,21.330938174434543,0,,,12.0,16.0,7.0,0.0,0.0,0.0,0.0,0.0,0.0,0.0,0.0,0.0,1.0,1.0,0.0,0.0,0.0,827.0,86.01219672750746,0.4394673123486682,0.9987908101571948,0.0,0.0,0.0
BEV2_2025-03-11_drive4.csv,BEV2,2.071276382479281,50.873278,4.702521,50.860495,4.70691,1.4543959945701868,1.424148849565141,0.0,0.2117792097653117,-0.9773175360706366,0.3447244179039236,0.6824824879650232,0.665701585682505,14.133701134060871,94.2,0.0,0.0,11.5,0.0,0.0,0.0,13.25,0.0,0.0,15.5,0.0,0.0,2.25,0.0,0.0,0.0,0.0,1248.15,0.0,0.0,-17.605849251073888,0.0,10,0.0,11920.0,180.92185249423594,249.1633983914238,14.85360408376899,1263.0,21.46433188731457,12.14532563993401,16.993767056653347,20.63722314317428,0,,,13.25,15.5,19.0,0.0,0.0,0.0,0.0,0.0,0.0,0.0,0.0,0.0,1.0,1.0,0.0,0.0,0.0,470.0,71.12497394083492,0.2686567164179104,0.997872340425532,0.0,0.0,0.0
BEV2_2025-03-11_drive5.csv,BEV2,0.6291609880918104,50.860495,4.706917,50.857021,4.704084,0.4344675818877345,1.4481195244951193,0.0,-0.4576835723794648,-0.8891151486584689,0.5972943358018692,0.6837201193536727,1.247447467359987,7.16753202962243,93.4,0.0,0.0,9.5,0.0,0.0,0.0,12.75,0.0,0.0,15.5,0.0,0.0,2.75,0.0,0.0,0.0,0.0,1190.85,0.0,0.0,-6.60619037496401,0.0,10,0.0,83.0,192.2455284756682,280.0861854119716,8.682646290627705,927.5,17.042626369196313,11.079892585727439,15.79129407846381,19.206116821335197,0,,,13.0,15.5,84.0,0.0,0.0,0.0,0.0,0.0,0.0,0.0,0.0,0.0,1.0,1.0,0.0,0.0,0.0,137.0,66.27079999113423,0.2043795620437956,1.0,0.0,0.0,0.0
BEV2_2025-03-12_drive1.csv,BEV2,118.61681416499748,50.857023,4.704085,51.446742,5.461369,84.19987731207195,1.408752814750136,0.0,0.6272983790843546,0.7787790081904759,0.0438931871674593,0.1860597917357702,0.0530492649912668,104.20242633554857,93.1,0.0,0.0,2.0,0.0,0.0,0.0,5.5,0.0,0.0,8.5,0.0,0.0,3.0,0.0,0.0,0.0,0.0,512.05,0.0,0.0,-2135.1026549699545,0.0,10,0.0,34095.0,280.14461971253047,300.2856181203688,1.966910505708388,552.2,12.402029241381015,9.905312368487703,14.391313348761859,17.68576096316459,0,,,5.5,8.75,7.0,0.0,0.0,0.0,0.0,0.0,0.0,0.0,0.0,0.0,1.0,1.0,0.0,0.0,0.0,7001.0,769.1695671765904,0.1746213203772506,0.9995714897871733,0.0,0.0,0.0
BEV2_2025-03-12_drive2.csv,BEV2,123.5655971141568,51.446752,5.46139,50.85752,4.704016,84.16147010039543,1.468196752822361,0.0,-0.6276557869640749,-0.77849098459167,0.0407868261747532,0.1708390930636802,0.053766312259222,100.82503430399012,64.5,0.0,0.0,8.0,0.0,0.0,0.0,11.25,0.0,0.0,14.0,0.0,0.0,2.75,0.0,0.0,0.0,0.0,725.625,0.0,0.0,-1482.7871653698817,0.0,10,0.0,21707.0,200.45266895042437,300.2856181203688,13.643848988003333,1187.5,17.477162962522534,8.73713291905364,12.95350004130658,16.389835950956098,0,,,13.25,19.25,21670.0,0.0,0.0,0.0,0.0,0.0,0.0,0.0,0.0,0.0,1.0,1.0,0.0,0.0,0.0,6216.0,759.39078805064,0.0709573612228479,0.9998391248391248,0.0,0.0,0.0
BEV2_2025-03-12_drive3.csv,BEV2,1.9353049666435576,50.857519,4.704015,50.86192,4.686101,1.3492358774574085,1.4343711125519265,0.0,-0.9319054669777768,0.3627012553285857,0.2288180070209153,0.3497395928156429,0.8232090546906125,8.695084266794783,34.300000000000004,0.0,0.0,6.5,0.0,0.0,0.0,17.0,0.0,0.0,19.5,0.0,0.0,2.5,0.0,0.0,0.0,0.0,583.1,0.0,0.0,-26.126617049688026,0.0,10,0.0,6739.0,185.85780932227777,300.2856181203688,25.75055046546301,1753.7,23.013382745338966,8.127659712198987,12.11010011270515,15.571633728111564,0,,,17.0,19.5,7.0,0.0,0.0,0.0,0.0,0.0,0.0,0.0,0.0,0.0,1.0,1.0,0.0,0.0,0.0,423.0,85.38874233648022,0.3619047619047619,0.9929078014184396,0.0,0.0,0.0
BEV2_2025-03-12_drive4.csv,BEV2,2.501142728054829,50.861925,4.686099,50.856885,4.705159,1.4504474741939135,1.724393866413425,0.0,0.9223398856954886,-0.3863795223031793,0.459171119261289,0.616072060385987,1.3369574220428897,22.95855596306445,59.9,0.0,0.0,5.0,0.0,0.0,0.0,19.0,0.0,0.0,26.75,0.0,0.0,7.75,0.0,0.0,0.0,0.0,1138.1,0.0,0.0,-37.51714092082244,0.0,10,0.0,6773.0,185.83939601185912,300.2856181203688,25.692823095425513,1746.2,22.84364325330136,8.316064506384201,12.706068197811533,16.075634910144665,0,,,15.5,18.75,6773.0,0.0,0.0,0.0,0.0,0.0,0.0,0.0,0.0,0.0,1.0,1.0,0.0,0.0,0.0,593.0,72.64762567124497,0.3794266441821248,1.0,0.0,0.0,0.0
BEV2_2025-03-13_drive1.csv,BEV2,2.432225326271836,50.856881,4.705165,50.862467,4.686678,1.4385835390896609,1.6907084365854443,0.0,-0.901984238694442,0.4317689580629988,0.289880453992581,0.4424862834728166,1.0292333378349814,13.914261791643888,58.8,0.0,0.0,1.0,0.0,0.0,0.0,7.0,0.0,0.0,10.25,0.0,0.0,3.25,0.0,0.0,0.0,0.0,411.6,0.0,0.0,-46.212281199164885,0.0,10,0.0,46283.0,185.83939601185912,300.2856181203688,25.692823095425513,1746.2,22.84364325330136,8.316064506384201,12.706068197811533,16.075634910144665,1,330.0962273982366,723.0,19.0,25.0,38916.0,0.0,0.0,0.0,0.0,0.0,0.0,0.0,0.0,0.0,0.0,0.0,0.0,0.0,0.0,685.0,80.80501365889567,0.4262773722627737,1.0,0.0,0.0,0.0
BEV2_2025-03-13_drive2.csv,BEV2,2.7635735417119616,50.862473,4.686688,50.857026,4.704092999999999,1.3635380757440831,2.026766682114013,0.0,0.8959291126258684,-0.4441970566645215,0.4051416130614709,0.5069321951054633,1.234863137052808,22.2827887183809,91.9,0.0,0.0,10.0,0.0,0.0,0.0,13.25,0.0,0.0,16.0,0.0,0.0,2.75,0.0,0.0,0.0,0.0,1217.6750000000002,0.0,0.0,-27.635735417119616,0.0,10,0.0,32396.0,187.4188127109861,300.2856181203688,25.934264370531686,1809.8,23.990287432301404,7.353069021784942,11.11325664255456,14.67530739922763,2,340.93490095911835,799.5,13.25,16.0,7.0,0.0,0.0,0.0,0.0,0.0,0.0,0.0,0.0,0.0,0.0,0.0,0.0,0.0,0.0,676.0,61.34365734432129,0.3136094674556213,1.0,0.0,0.0,0.0
BEV2_2025-03-13_drive3.csv,BEV2,70.33462936452685,50.857029,4.704095,50.924895,5.34093,45.301472522401625,1.5525903563012504,0.0,0.9860278646385374,0.1665804615084438,0.0309291563897004,0.1201813907354708,0.0389387346211331,43.57918135308793,90.7,0.0,0.0,7.5,0.0,0.0,0.0,13.5,0.0,0.0,15.5,0.0,0.0,2.0,0.0,0.0,0.0,0.0,1224.45,0.0,0.0,-879.1828670565856,0.0,10,0.0,1825.0,187.44299543098947,300.2856181203688,25.951252034964675,1792.0,24.366872256631797,6.976190830746231,10.964170114696374,14.551660678526284,0,,,13.5,15.5,8.0,0.0,0.0,0.0,0.0,0.0,0.0,0.0,0.0,0.0,1.0,1.0,0.0,0.0,0.0,4104.0,845.2974483665153,0.2972445744940258,0.9992690058479532,0.0,0.0,0.0
BEV2_2025-03-13_drive4.csv,BEV2,62.06901902204709,50.92489,5.340941,50.858587,4.704422,45.25024318239299,1.371683656413991,0.0,-0.9866379199731932,-0.1629282506840699,0.0364599437633028,0.1391985409460283,0.0467720308472639,48.05420588003314,74.5,0.0,0.0,5.0,0.0,0.0,0.0,15.0,0.0,0.0,18.0,0.0,0.0,3.0,0.0,0.0,0.0,0.0,1117.5,0.0,0.0,-931.0352853307064,0.0,10,0.0,9836.0,184.38499157825711,275.89246923568163,32.75747162196461,2130.3,29.402015271575113,7.133090608173092,11.717661244298569,15.421924853545264,0,,,15.25,18.0,9.0,0.0,0.0,0.0,0.0,0.0,0.0,0.0,0.0,0.0,1.0,1.0,0.0,0.0,0.0,2874.0,969.3351207402204,0.1175843694493783,0.9794711203897007,0.0,0.0,0.0
BEV2_2025-03-14_drive1.csv,BEV2,6.291162442372462,50.858586,4.704428,50.861909,4.686023,1.3436144872993006,4.6822674969945135,0.0,-0.9614426792543664,0.2750054081435225,0.2690692081318446,0.4614110679889398,0.8660238618611034,33.633651016480584,56.6,0.0,0.0,1.5,0.0,0.0,0.0,6.75,0.0,0.0,10.0,0.0,0.0,3.25,0.0,0.0,0.0,0.0,382.05,0.0,0.0,-116.38650518389056,0.0,10,0.0,34806.0,188.19303860012167,241.5712312089844,38.70629072235965,2343.6,35.92096502008578,6.638093361246499,12.18027932610558,16.068402435615603,0,,,13.5,18.0,34748.0,0.0,0.0,0.0,0.0,0.0,0.0,0.0,0.0,0.0,1.0,1.0,0.0,0.0,0.0,2093.0,85.83558446028796,0.5004780114722753,0.9995222169135212,0.0,0.0,0.0
BEV2_2025-03-14_drive2.csv,BEV2,2.341477175415726,50.861906,4.686021,50.857482,4.704071,1.359060210304286,1.7228649309742372,0.0,0.9321931700899486,-0.361961176975725,0.397337036403736,0.4957698407310213,1.05744425583296,18.277503674571857,72.9,0.0,0.0,3.5,0.0,0.0,0.0,12.0,0.0,0.0,18.25,0.0,0.0,6.25,0.0,0.0,0.0,0.0,874.8000000000001,0.0,0.0,-38.634373394359486,0.0,10,0.0,5339.0,190.15046212587927,261.77066391738157,39.07095704377504,2470.3,35.85311286540266,6.00238428172383,11.58462174911209,15.512681051178708,0,,,6.75,12.0,5292.0,0.0,0.0,0.0,0.0,0.0,0.0,0.0,0.0,0.0,1.0,1.0,0.0,0.0,0.0,372.0,93.05323550901684,0.1590296495956873,0.9973118279569892,0.0,0.0,0.0
BEV2_2025-03-14_drive3.csv,BEV2,3.4684336244648994,50.857482,4.704071,50.86443,4.677983,1.9873527849020685,1.745253107960807,0.0,-0.9213432753137006,0.3887500084041445,0.4746662703861308,0.7766143795444503,1.426170360082888,32.75197265664303,71.9,0.0,0.0,4.5,0.0,0.0,0.0,12.25,0.0,0.0,17.25,0.0,0.0,5.0,0.0,0.0,0.0,0.0,880.7750000000001,0.0,0.0,-53.760721179205945,0.0,10,0.0,5829.0,190.15046212587927,261.77066391738157,39.07095704377504,2470.3,35.85311286540266,6.00238428172383,11.58462174911209,15.512681051178708,0,,,12.5,17.25,117.0,0.0,0.0,0.0,0.0,0.0,0.0,0.0,0.0,0.0,1.0,1.0,0.0,0.0,0.0,812.0,76.17824798230387,0.3304562268803945,0.998768472906404,0.0,0.0,0.0
BEV2_2025-03-14_drive4.csv,BEV2,3.672446105570852,50.864418,4.677998,50.873166,4.70242,1.970627721209235,1.863592025041306,0.0,0.8696796264838084,0.4936165994767432,0.2323744913673643,0.5104991067761667,0.58696879785503,16.9633378698176,70.9,0.0,0.0,10.0,0.0,0.0,0.0,12.5,0.0,0.0,15.0,0.0,0.0,2.5,0.0,0.0,0.0,0.0,886.2500000000001,0.0,0.0,-36.72446105570852,0.0,10,0.0,7371.0,189.88064947715094,227.68734295580924,39.2106657511451,2504.4,35.81056330807315,5.372431342374603,11.516336871995803,15.649827422642423,0,,,12.0,16.5,7362.0,0.0,0.0,0.0,0.0,0.0,0.0,0.0,0.0,0.0,1.0,1.0,0.0,0.0,0.0,871.0,132.6206111363976,0.4344827586206896,0.9988518943742823,0.0,0.0,0.0
BEV2_2025-03-14_drive5.csv,BEV2,2.2462080755627483,50.873167,4.702421,50.8624,4.686761,1.625146530162524,1.3821572602060164,0.0,-0.6762251000898095,-0.7366950617511475,0.3278225292656987,0.5490128546472393,1.0858860805404331,14.424191287690745,90.0,0.0,0.0,10.0,0.0,0.0,0.0,17.5,0.0,0.0,23.25,0.0,0.0,5.75,0.0,0.0,0.0,0.0,1575.0,0.0,0.0,-22.462080755627483,0.0,10,0.0,6091.0,190.1844418757905,227.68734295580924,39.51499426289299,2577.7,35.69722908707274,5.3529787977828835,11.43255052951016,15.599887855947154,0,,,11.75,15.0,6092.0,0.0,0.0,0.0,0.0,0.0,0.0,0.0,0.0,0.0,1.0,1.0,0.0,0.0,0.0,585.0,97.28296043566884,0.4769230769230769,1.0,0.0,0.0,0.0
BEV2_2025-03-14_drive6.csv,BEV2,2.6119578845735143,50.862398,4.68676,50.857286,4.703926,1.3322123498574665,1.9606167776878576,0.0,0.904402350783798,-0.4266806626702692,0.5003781633516454,0.6719884268970304,1.4803052728922046,26.01966449428556,89.30000000000001,0.0,0.0,10.5,0.0,0.0,0.0,16.75,0.0,0.0,19.5,0.0,0.0,2.75,0.0,0.0,0.0,0.0,1495.775,0.0,0.0,-24.813599903448385,0.0,10,0.0,18447.0,190.1844418757905,227.68734295580924,39.51499426289299,2577.7,35.69722908707274,5.3529787977828835,11.43255052951016,15.599887855947154,1,333.0074194403698,678.0,16.75,19.75,8.0,0.0,0.0,0.0,0.0,0.0,0.0,0.0,0.0,0.0,0.0,0.0,0.0,0.0,0.0,645.0,122.98340913618196,0.3981337480559875,0.9968992248062016,0.0,0.0,0.0
BEV2_2025-03-14_drive7.csv,BEV2,4.5002356040640175,50.857287,4.703927,50.857286,4.703922,0.000368155569438,12223.733599720015,0.0,-0.9532975143337328,-0.3020328610683388,0.5129931586954883,0.7453924673053098,1.5601011767464013,46.16938428259395,88.2,0.0,0.0,9.0,0.0,0.0,0.0,14.5,0.0,0.0,18.5,0.0,0.0,4.0,0.0,0.0,0.0,0.0,1278.9,0.0,0.0,-49.50259164470419,0.0,10,0.0,757.0,192.76867402401848,234.3447883485341,27.9144975153426,1941.9,31.05599420818431,5.976243278650368,12.090578034698858,16.114604272663122,0,,,15.5,18.75,758.0,0.0,0.0,0.0,0.0,0.0,0.0,0.0,0.0,0.0,1.0,1.0,0.0,0.0,0.0,1087.0,99.96602275662094,0.354186717998075,0.9558417663293468,0.0,0.0,0.0
BEV2_2025-03-14_drive8.csv,BEV2,4.805720084240486,50.857288,4.70392,50.85728,4.703920999999999,0.0008923256703069,5385.612276050945,0.0,0.0786622685964153,-0.9969013228495914,0.4217577378655932,0.6355587073123303,1.2145664426937737,40.48874283509695,86.90000000000002,0.0,0.0,7.0,0.0,0.0,0.0,15.75,0.0,0.0,18.0,0.0,0.0,2.25,0.0,0.0,0.0,0.0,1368.6750000000004,0.0,0.0,-62.47436109512631,0.0,10,0.0,5059.0,192.76867402401848,234.3447883485341,27.9144975153426,1941.9,31.05599420818431,5.976243278650368,12.090578034698858,16.114604272663122,0,,,14.0,18.75,3215.0,0.0,0.0,0.0,0.0,0.0,0.0,0.0,0.0,0.0,1.0,1.0,0.0,0.0,0.0,1081.0,73.07247824488745,0.2972222222222222,0.9990749306197964,0.0,0.0,0.0
BEV2_2025-03-15_drive1.csv,BEV2,3.034250009933908,50.857279,4.703922,50.849532,4.722976,1.5909481541356938,1.90719603404192,0.0,0.8407291456408678,-0.5414559111044744,0.3242145440852438,0.561912243608357,1.2033393439744242,19.45287264511463,85.2,0.0,0.0,3.0,0.0,0.0,0.0,3.25,0.0,0.0,6.0,0.0,0.0,2.75,0.0,0.0,0.0,0.0,276.90000000000003,0.0,0.0,-51.58225016887644,0.0,10,0.0,55427.0,210.99594679136015,239.65553015133742,16.03850981235097,1428.4,25.499456579113975,5.845938401144283,12.187603177731331,16.07870537714172,0,,,14.0,18.0,55428.0,0.0,0.0,0.0,0.0,0.0,0.0,0.0,0.0,0.0,1.0,1.0,0.0,0.0,0.0,347.0,158.3265712112876,0.0806916426512968,1.0,0.0,0.0,0.0
BEV2_2025-03-15_drive2.csv,BEV2,2.474703221011598,50.849588,4.722936,50.857289,4.703924,1.5857013898309134,1.5606363448262353,0.0,-0.8416510336332961,0.5400217936194838,0.2866218957758559,0.4094517455983197,1.002729181356953,14.04447289301694,84.2,0.0,0.0,4.0,0.0,0.0,0.0,3.25,0.0,0.0,6.0,0.0,0.0,2.75,0.0,0.0,0.0,0.0,273.65000000000003,0.0,0.0,-39.595251536185565,0.0,10,0.0,242.0,211.72801356101647,250.60775819174552,16.148404316680008,1420.8,26.99002482796475,5.622673441575551,10.896324747797365,14.771126608901728,0,,,3.25,6.0,243.0,0.0,0.0,0.0,0.0,0.0,0.0,0.0,0.0,0.0,1.0,1.0,0.0,0.0,0.0,343.0,155.16308084711167,0.2280701754385964,0.9970845481049564,0.0,0.0,0.0
BEV2_2025-03-15_drive3.csv,BEV2,2.6929484853382646,50.857285,4.703919,50.873445,4.702516999999999,1.7996042984518583,1.496411454259651,0.0,-0.0546745954613348,0.9985042256350944,0.4065922117476584,0.7588381996187612,0.9282358742557084,21.549387222625896,83.4,0.0,0.0,4.5,0.0,0.0,0.0,3.75,0.0,0.0,6.75,0.0,0.0,3.0,0.0,0.0,0.0,0.0,312.75,0.0,0.0,-41.7407015227431,0.0,10,0.0,1089.0,209.62796739815187,239.65553015133742,16.153067970423848,1386.6,28.29673075483468,5.89664216791745,10.782841580335193,14.487951212842015,0,,,3.5,6.25,1090.0,0.0,0.0,0.0,0.0,0.0,0.0,0.0,0.0,0.0,1.0,1.0,0.0,0.0,0.0,522.0,92.70074293227223,0.2413793103448276,1.0,0.0,0.0,0.0
BEV2_2025-03-15_drive4.csv,BEV2,2.6348895549084443,50.873446,4.702521,50.85774,4.704072,1.7498187321320189,1.5058071482055946,0.0,0.0622058457332586,-0.9980633410543692,0.4486845806551429,0.7628512278305596,1.318893326678943,23.331598194067432,82.60000000000001,0.0,0.0,9.5,0.0,0.0,0.0,6.25,0.0,0.0,8.5,0.0,0.0,2.25,0.0,0.0,0.0,0.0,516.25,0.0,0.0,-27.666340326538663,0.0,10,0.0,3580.0,207.27806260679725,233.2360018237375,16.145998446331383,1371.2,28.679426587264835,5.482471917549261,9.90455353624503,13.610923752192146,0,,,4.0,8.75,3580.0,0.0,0.0,0.0,0.0,0.0,0.0,0.0,0.0,0.0,1.0,1.0,0.0,0.0,0.0,528.0,60.10285987881745,0.1268939393939394,1.0,0.0,0.0,0.0
BEV2_2025-03-15_drive5.csv,BEV2,69.12072680684508,50.857741,4.704073999999999,51.253224,4.446043,47.53011038409404,1.45425134190255,0.0,-0.3794371609630031,0.9252175100376864,0.034350670303969,0.1271353475699039,0.0531339366163041,47.610029041301125,81.60000000000001,0.0,0.0,8.5,0.0,0.0,0.0,8.5,0.0,0.0,10.75,0.0,0.0,2.25,0.0,0.0,0.0,0.0,693.6,0.0,0.0,-794.8883582787184,0.0,10,0.0,6320.0,231.75267179137873,239.65553015133742,9.37601131570513,1013.6,24.302452243309855,5.655645945906523,9.042426302090025,12.619157656746042,0,,,8.5,10.75,7.0,0.0,0.0,0.0,0.0,0.0,0.0,0.0,0.0,0.0,1.0,1.0,0.0,0.0,0.0,3781.0,774.8734232045458,0.1191421763304209,0.9989420788151284,0.0,0.0,0.0
BEV2_2025-03-15_drive6.csv,BEV2,6.198239235561769,51.253223,4.446041999999999,51.222316,4.411654,4.188355204594448,1.47987430215149,0.0,-0.5715914119477133,-0.8205383950721742,0.1791711605166621,0.3260963463273362,0.5892874686791479,22.03805274354944,,1.0,,,1.0,,,15.0,0.0,0.0,20.75,0.0,0.0,5.75,0.0,,1.0,,,1.0,0.0,,1.0,10,0.0,762.0,202.26829507005976,239.65553015133742,10.081182094184928,1104.3,23.110739967892602,6.088801737061274,8.902800792237866,12.540072636168016,0,,,15.5,21.25,763.0,0.0,0.0,0.0,0.0,0.0,0.0,0.0,0.0,0.0,1.0,1.0,0.0,0.0,0.0,914.0,164.66982108603165,0.2365826944140197,0.99890590809628,0.0,0.0,0.0
BEV2_2025-03-15_drive7.csv,BEV2,37.23558665607075,51.222323,4.411643,50.875174,4.507494,39.178453587048125,0.950409810671556,0.0,0.1710211901834425,-0.9852673507775636,0.0384313845264248,0.1318618437459588,0.0514608469670787,36.048638685786514,64.4,0.0,0.0,12.5,0.0,0.0,0.0,19.5,0.0,0.0,21.75,0.0,0.0,2.25,0.0,0.0,0.0,0.0,1255.8000000000002,0.0,0.0,-279.26689992053065,0.0,10,0.0,2937.0,192.15943373669944,233.2360018237375,10.07188977350386,986.2,24.468848302825652,6.755559009355028,9.853673817430844,13.69279148940991,0,,,19.5,21.75,16.0,0.0,0.0,0.0,0.0,0.0,0.0,0.0,0.0,0.0,1.0,1.0,0.0,0.0,0.0,2767.0,823.5734556119661,0.2574370709382151,0.9475966750993856,0.0,0.0,0.0
BEV2_2025-03-15_drive8.csv,BEV2,18.55826795629741,50.875175,4.507497,50.85781,4.704111999999999,13.932591027058312,1.3320040701873492,0.0,0.99035000209755,-0.1385888644349995,0.0665449535525146,0.2446231838354601,0.072338622527539,24.68817776798293,53.2,0.0,0.0,7.1,0.0,0.0,0.0,17.75,0.0,0.0,23.75,0.0,0.0,6.0,0.0,0.0,0.0,0.0,944.3,0.0,0.0,-239.4016566362366,0.0,10,0.0,968.0,199.90289878091522,231.61987282808536,13.448605076664444,1181.7,27.775926998548385,7.243545764908615,10.51357983791446,14.332514698871051,0,,,17.75,24.0,15.0,0.0,0.0,0.0,0.0,0.0,0.0,0.0,0.0,0.0,1.0,1.0,0.0,0.0,0.0,1056.0,785.6818198375893,0.1827651515151515,1.0,0.0,0.0,0.0
BEV2_2025-03-16_drive1.csv,BEV2,1.888382997833248,50.857807,4.704111,50.869633,4.698719,1.3683611000994107,1.380032651977653,0.0,-0.2765534456553709,0.9609985388626466,0.2012957035225926,0.3439982648228354,0.6420475449693028,7.447941030335928,47.8,0.0,0.0,5.0,0.0,0.0,0.0,3.75,0.0,0.0,6.5,0.0,0.0,2.75,0.0,0.0,0.0,0.0,179.25,0.0,0.0,-28.32574496749872,0.0,10,0.0,58643.0,197.02862903715024,224.07575549219735,14.937187261737103,1200.4,32.568539168971675,7.099376004918125,11.145942971141423,15.239398955561018,0,,,3.75,6.5,7.0,0.0,0.0,0.0,0.0,0.0,0.0,0.0,0.0,0.0,1.0,1.0,0.0,0.0,0.0,433.0,72.71869258159862,0.3287037037037037,0.9976905311778292,0.0,0.0,0.0
BEV2_2025-03-16_drive2.csv,BEV2,1.285399658639642,50.869633,4.698723,50.864729,4.693809,0.645194362540582,1.9922673434066027,0.0,-0.5344932893517207,-0.8451727182286338,0.3365634831083803,0.4373211387661395,1.26026409313316,8.414087077709508,47.3,0.0,0.0,5.0,0.0,0.0,0.0,3.25,0.0,0.0,6.0,0.0,0.0,2.75,0.0,0.0,0.0,0.0,153.725,0.0,0.0,-19.28099487959463,0.0,10,0.0,410.0,194.66288541287906,209.406313217547,14.864829773063075,1179.3,32.67575864604327,6.728544786733986,9.843767069927944,13.951493720871857,0,,,3.25,6.0,6.0,0.0,0.0,0.0,0.0,0.0,0.0,0.0,0.0,0.0,1.0,1.0,0.0,0.0,0.0,542.0,53.416265859990034,0.4594095940959409,1.0,0.0,0.0,0.0
BEV2_2025-03-16_drive3.csv,BEV2,1.4636909539090466,50.864733,4.693801,50.857802,4.704095,1.0563956919263646,1.385551801370913,0.0,0.6839278608453921,-0.729549642697086,0.4847506508706562,0.6822303681387604,1.2494233359750684,14.05776887524903,53.8,0.0,0.0,7.0,0.0,0.0,0.0,6.75,0.0,0.0,10.5,0.0,0.0,3.75,0.0,0.0,0.0,0.0,363.15,0.0,0.0,-19.027982400817606,0.0,10,0.0,1854.0,194.39457533514025,209.406313217547,14.512810879154653,1125.4,31.929008506140274,6.679842545629005,8.710976401095717,12.79016292006725,0,,,6.75,10.5,1.0,0.0,0.0,0.0,0.0,0.0,0.0,0.0,0.0,0.0,1.0,1.0,0.0,0.0,0.0,593.0,54.0662882707952,0.4851138353765324,0.9629005059021922,0.0,0.0,0.0
BEV2_2025-03-16_drive4.csv,BEV2,5.180963657107678,50.857797,4.704094,50.857788,4.704082,0.0013080442967448,3960.8472511220457,0.0,-0.6439377910493813,-0.7650778530701587,0.2544004442161068,0.3912177364129727,1.029640175814544,26.203245754259,53.2,0.0,0.0,11.0,0.0,0.0,0.0,9.0,0.0,0.0,11.25,0.0,0.0,2.25,0.0,,1.0,,478.8,0.0,0.0,-46.6286729139691,0.0,10,0.0,6727.0,194.39457533514025,209.406313217547,14.512810879154653,1125.4,31.929008506140274,6.679842545629005,8.710976401095717,12.79016292006725,0,,,9.0,11.25,6.0,0.0,0.0,0.0,0.0,0.0,0.0,0.0,0.0,0.0,1.0,1.0,0.0,0.0,0.0,882.0,108.9303187037854,0.2625,0.9977324263038548,0.0,0.0,0.0
BEV2_2025-03-16_drive5.csv,BEV2,0.0357049983400387,50.857788,4.704085,50.857505,4.704067,0.0314935613876714,1.1337237443719472,0.0,-0.0401178092281668,-0.9991949566439636,0.0,0.0,0.0,0.0,51.8,0.0,0.0,12.5,0.0,0.0,0.0,11.5,0.0,0.0,13.75,0.0,0.0,2.25,0.0,0.0,0.0,0.0,595.6999999999999,0.0,0.0,-0.2677874875502902,0.0,10,0.0,2017.0,192.72794254015065,190.5295238250396,14.727482243872029,1178.8,30.911407272786995,7.405110763685459,9.425521740260788,13.518901887927598,0,,,10.5,14.5,2018.0,0.0,0.0,0.0,0.0,0.0,0.0,0.0,0.0,0.0,1.0,1.0,0.0,0.0,0.0,593.0,6.909682236818108,0.9747048903878583,1.0,0.0,0.0,0.0
BEV2_2025-03-16_drive6.csv,BEV2,26.03957894224698,50.857503,4.704088,50.744065,4.845369,16.0526827083101,1.6221325379319242,0.0,0.618516747825863,-0.7857716160939626,0.0608384907702851,0.1824352730773789,0.1591129037093782,31.63601520054829,51.70000000000001,0.0,0.0,12.5,0.0,0.0,0.0,11.75,0.0,0.0,15.25,0.0,0.0,3.5,0.0,0.0,0.0,0.0,607.4750000000001,0.0,0.0,-195.29684206685235,0.0,10,0.0,85.0,192.9349453652086,190.5295238250396,14.483124149345898,1203.6,28.353442793765158,8.245572682170433,10.237585693749159,14.355771798271345,0,,,11.5,15.5,86.0,0.0,0.0,0.0,0.0,0.0,0.0,0.0,0.0,0.0,1.0,1.0,0.0,0.0,0.0,1380.0,721.9231393160594,0.0644927536231884,1.0,0.0,0.0,0.0
BEV2_2025-03-16_drive7.csv,BEV2,26.43827858007608,50.744065,4.845369,50.85826,4.704238,16.112368141811057,1.6408685766972784,0.0,-0.6155663195308878,0.7880850882101481,0.070558081227449,0.2090559275947241,0.1698983380628185,37.395783050547976,44.5,0.0,0.0,8.5,0.0,0.0,0.0,14.25,0.0,0.0,16.5,0.0,0.0,2.25,0.0,0.0,0.0,0.0,634.125,0.0,0.0,-304.0402036708749,0.0,10,0.0,12423.0,191.98147586637631,186.36602253742623,16.81779421423996,1289.4,33.28644685120056,8.879782722455527,11.167766328629464,15.417934307523343,0,,,14.75,20.0,12423.0,0.0,0.0,0.0,0.0,0.0,0.0,0.0,0.0,0.0,1.0,1.0,0.0,0.0,0.0,1685.0,721.1295015438867,0.1093285799168152,0.998813056379822,0.0,0.0,0.0
BEV2_2025-03-17_drive1.csv,BEV2,2.127209671715221,50.858259,4.704236,50.862447,4.686674,1.3176709725677849,1.614370898350947,0.0,-0.935466553475046,0.3534152335844042,0.3813654571930782,0.478276380146389,1.0079359004730482,16.017349202109287,36.8,0.0,0.0,4.0,0.0,0.0,0.0,6.25,0.0,0.0,9.25,0.0,0.0,3.0,0.0,0.0,0.0,0.0,230.0,0.0,0.0,-34.035354747443535,0.0,10,0.0,48783.0,189.3467630012443,185.27967515316402,19.198133116756726,1405.1,37.138548302466646,8.86525358803152,11.923604802708223,16.20422656871133,0,,,14.75,20.0,48784.0,0.0,0.0,0.0,0.0,0.0,0.0,0.0,0.0,0.0,1.0,1.0,0.0,0.0,0.0,512.0,89.13588890373501,0.3889980353634578,0.994140625,0.0,0.0,0.0
BEV2_2025-03-18_drive1.csv,BEV2,72.87751909395857,50.875673,4.658119999999999,50.994653,5.53904,63.13191565936981,1.1543688851003897,0.0,0.977795862131077,0.2095596621474268,0.0214469614501275,0.1061213448225004,0.0226644058613725,31.291116755736105,56.5,0.0,0.0,3.0,0.0,0.0,0.0,4.0,0.0,0.0,8.5,0.0,0.0,4.5,0.0,0.0,0.0,0.0,226.0,0.0,0.0,-1238.9178245972955,0.0,10,0.0,88206.0,199.4985175685308,186.36602253742623,12.498788422333144,1078.3,32.04787292503785,8.495092357250266,11.220067642723425,15.37768500980566,0,,,5.5,8.5,88206.0,0.0,0.0,0.0,0.0,0.0,0.0,0.0,0.0,0.0,1.0,1.0,0.0,0.0,0.0,2559.0,1046.1738383275133,0.0500782472613458,0.9988276670574444,0.0,0.0,0.0
BEV2_2025-03-18_drive2.csv,BEV2,83.04699708852033,50.994653,5.539041,50.857768,4.704078,60.46801414083441,1.3734037452445158,0.0,-0.9678008130731252,-0.2517172743674886,0.031493800652928,0.1379849249492901,0.0283673527471892,52.27970908386059,90.7,0.0,0.0,10.0,0.0,0.0,0.0,17.25,0.0,0.0,22.5,0.0,0.0,5.25,0.0,0.0,0.0,0.0,1564.575,0.0,0.0,-830.4699708852033,0.0,10,0.0,28800.0,203.80019614530477,197.91497830917933,19.1700530084385,1242.8,39.862314639233276,8.018602704770768,10.480969762719837,14.550791208295772,0,,,12.25,17.5,28800.0,0.0,0.0,0.0,0.0,0.0,0.0,0.0,0.0,0.0,1.0,1.0,0.0,0.0,0.0,3483.0,909.8847566931398,0.0953201263278782,1.0,0.0,0.0,0.0
BEV2_2025-03-20_drive1.csv,BEV2,24.39558392901953,50.999056,5.220460999999999,50.99479,5.539028999999999,22.299045491783584,1.0940192008670706,0.0,0.9997737134357956,-0.0212725626758935,0.0373718226414112,0.1505661315859924,0.0276909320155523,18.20007762636729,55.7,0.0,0.0,19.0,0.0,0.0,0.0,17.0,0.0,0.0,22.0,0.0,0.0,5.0,0.0,0.0,0.0,0.0,946.9,0.0,0.0,-24.39558392901953,0.0,10,0.0,154711.0,189.44128475613283,186.36602253742623,23.75119405168346,1314.5,43.597566926079466,8.341433837218364,10.594684407854643,14.759022057786984,0,,,14.75,17.0,67153.0,0.0,0.0,0.0,0.0,0.0,0.0,0.0,0.0,0.0,1.0,1.0,0.0,0.0,0.0,1259.0,931.3122164026772,0.17077045274027,1.0,0.0,0.0,0.0
BEV2_2025-03-20_drive2.csv,BEV2,61.7625464932263,51.012315,5.356921,50.857902,4.704136,48.86002092772617,1.2640712247050727,0.0,-0.936221732635223,-0.3514098281800055,0.0253346128088157,0.1082959526090802,0.031199891673135,31.313581431696264,94.9,0.0,0.0,20.0,0.0,0.0,0.0,25.5,0.0,0.0,31.0,0.0,0.0,5.5,0.0,0.0,0.0,0.0,2419.9500000000003,0.0,0.0,0.0,0.0,10,0.0,15548.0,187.60685753969622,186.36602253742623,24.334925648955668,1334.6,44.25897411774194,9.551439794230618,10.740052128435273,14.867598194588425,0,,,21.75,27.75,15548.0,0.0,0.0,0.0,0.0,0.0,0.0,0.0,0.0,0.0,1.0,1.0,0.0,0.0,0.0,2932.0,875.7214544300978,0.1310133060388945,0.9996589358799456,0.0,0.0,0.0
BEV2_2025-03-22_drive1.csv,BEV2,7.135557482741984,50.852505,4.659789,50.85731,4.703931,3.144315912093241,2.2693513254498923,0.0,0.985457300957828,0.1699232414618807,0.1355320311847507,0.2971923674761639,0.6091486095129992,19.245548428234606,84.80000000000001,0.0,0.0,15.0,0.0,0.0,0.0,15.25,0.0,0.0,18.75,0.0,0.0,3.5,0.0,0.0,0.0,0.0,1293.2000000000005,0.0,0.0,-35.67778741370992,0.0,10,0.0,137945.0,184.0277701194534,186.36602253742623,30.32358046813683,1584.4,50.27850485167818,11.020101795568928,13.11985799058302,17.363862562404517,0,,,14.75,17.75,80589.0,0.0,0.0,0.0,0.0,0.0,0.0,0.0,0.0,0.0,1.0,1.0,0.0,0.0,0.0,509.0,588.9911192187813,0.0452755905511811,0.9980353634577604,0.0,0.0,0.0
BEV2_2025-03-22_drive2.csv,BEV2,3.3947704482492527,50.874916,4.685594,50.858252,4.704238999999999,2.2683804342713296,1.4965613337869197,0.0,0.5768325014203731,-0.8168624518883918,0.2239471630442583,0.3988534795869992,0.8120489546098025,15.004459923965312,82.0,0.0,0.0,17.5,0.0,0.0,0.0,17.75,0.0,0.0,23.25,0.0,0.0,5.5,0.0,0.0,0.0,0.0,1455.5,0.0,0.0,-8.486926120623131,0.0,10,0.0,12857.0,182.76884491663853,184.2400392948097,30.911121778624484,1581.0,54.48256988799502,12.001553132217703,14.36190149548498,18.747747366326085,0,,,16.25,21.25,12858.0,0.0,0.0,0.0,0.0,0.0,0.0,0.0,0.0,0.0,1.0,1.0,0.0,0.0,0.0,568.0,104.61069537889549,0.2063492063492063,0.9982394366197184,0.0,0.0,0.0
BEV2_2025-03-22_drive3.csv,BEV2,50.36415043096811,50.886173,4.508840999999999,51.253213,4.446079,41.04796040055913,1.2269586585910388,0.0,-0.1068339675163625,0.9942768746102428,0.0320919261992456,0.10861761120766,0.0549081655471061,32.34866160883964,76.7,0.0,0.0,19.0,0.0,0.0,0.0,24.0,0.0,0.0,30.0,0.0,0.0,6.0,0.0,,1.0,,1840.8,0.0,0.0,-50.36415043096811,0.0,10,0.0,7935.0,182.76694222937957,184.901131662486,30.733805546304676,1549.7,54.52258130359316,12.675300453008365,15.229280736648372,19.81630742579741,0,,,19.25,25.25,7936.0,0.0,0.0,0.0,0.0,0.0,0.0,0.0,0.0,0.0,1.0,1.0,0.0,0.0,0.0,2367.0,820.19216878398,0.0866441251056635,0.9995775242923532,0.0,0.0,0.0
BEV2_2025-03-22_drive4.csv,BEV2,43.08424363053743,51.197663,4.410393,50.875061,4.507082,36.5032830348183,1.1802840744335774,0.0,0.1852088887003429,-0.9826991744915552,0.0250453059333176,0.0889848471980722,0.0410492515974119,21.56400840858646,65.0,0.0,0.0,19.5,0.0,0.0,0.0,27.0,0.0,0.0,30.75,0.0,0.0,3.75,0.0,0.0,0.0,0.0,1755.0,0.0,0.0,-21.542121815268715,0.0,10,0.0,6218.0,176.41980034511445,177.16171835575358,35.766650089567484,1727.1,62.15765396942184,13.477120750903799,16.691622375161884,21.486367364997975,0,,,26.5,31.0,6219.0,0.0,0.0,0.0,0.0,0.0,0.0,0.0,0.0,0.0,1.0,1.0,0.0,0.0,0.0,2314.0,858.8219456872912,0.2070008643042351,1.0,0.0,0.0,0.0
BEV2_2025-03-23_drive1.csv,BEV2,1.5318047416705314,50.862601,4.695715,50.863761,4.692604,0.2535945160221331,6.04037013772348,0.0,-0.8609840066858875,0.5086320283182288,0.5577709721647246,0.7706386721989864,1.2544403206694386,16.733129164941737,50.0,0.0,0.0,14.0,0.0,0.0,0.0,14.0,0.0,0.0,18.75,0.0,0.0,4.75,0.0,0.0,0.0,0.0,700.0,0.0,0.0,-9.190828450023188,0.0,10,0.0,60101.0,173.7310817235921,170.51725756070056,37.471944549553015,1820.5,62.07286326423188,14.33742833953556,18.05079678042799,22.850262305501143,0,,,26.25,30.5,57196.0,0.0,0.0,0.0,0.0,0.0,0.0,0.0,0.0,0.0,1.0,1.0,0.0,0.0,0.0,538.0,42.71021993012059,0.3401486988847583,1.0,0.0,0.0,0.0
BEV2_2025-03-23_drive2.csv,BEV2,3.678561909118801,50.857166,4.703879,50.857151,4.703888,0.0017835538524821,2062.489957339627,0.0,0.3541989795632211,-0.9351700823253344,0.2120821934267659,0.4286836023244217,0.5269081658944191,15.482000120153913,52.900000000000006,0.0,0.0,14.0,0.0,0.0,0.0,18.5,0.0,0.0,20.75,0.0,0.0,2.25,0.0,,1.0,,978.65,0.0,0.0,-22.071371454712803,0.0,10,0.0,32765.0,173.4763056835514,170.51725756070056,34.98129716571246,1705.7,57.454123298163054,14.868788924053726,18.06633321823184,23.0424330139657,0,,,14.75,20.25,32766.0,0.0,0.0,0.0,0.0,0.0,0.0,0.0,0.0,0.0,1.0,1.0,0.0,0.0,0.0,920.0,80.67088313919649,0.4542483660130719,0.9978260869565218,0.0,0.0,0.0
BEV2_2025-03-24_drive1.csv,BEV2,0.0142001861854138,50.862461,4.686694,50.86256,4.686759,0.0119161540011747,1.1916752824790489,0.0,0.3828409857135715,0.92381425603736,0.0,0.0,0.0,0.0,91.2,0.0,0.0,12.5,0.0,0.0,0.0,23.5,0.0,0.0,26.25,0.0,0.0,2.75,0.0,0.0,0.0,0.0,2143.2000000000003,0.0,0.0,-0.1065013963906035,0.0,10,0.0,58776.0,173.15367716548758,170.51725756070056,35.13642537036341,1746.3,57.40496707646205,15.653828340986967,19.317302676531245,24.211619816269582,0,,,17.25,20.25,58777.0,0.0,0.0,0.0,0.0,0.0,0.0,0.0,0.0,0.0,1.0,1.0,0.0,0.0,0.0,33.0,1.6319174781580927,0.65625,0.9696969696969696,0.0,0.0,0.0
BEV2_2025-03-26_drive1.csv,BEV2,51.49785496638743,50.889219,4.692782,50.9948,5.539024,60.44250288610695,0.8520139389896857,0.0,0.9809551336103636,0.1942344610090444,0.0223463000858614,0.1053572577286024,0.0225910314110967,30.12281251574125,84.80000000000001,0.0,0.0,8.0,0.0,0.0,0.0,9.25,0.0,0.0,12.0,0.0,0.0,2.75,0.0,0.0,0.0,0.0,784.4000000000001,0.0,0.0,-617.9742595966492,0.0,10,0.0,155930.0,163.9088731786166,170.51725756070056,27.846756879320417,1493.9,47.29387572160467,16.530317993466475,20.804127171771093,25.455261448059122,0,,,23.0,26.0,155931.0,0.0,0.0,0.0,0.0,0.0,0.0,0.0,0.0,0.0,1.0,1.0,0.0,0.0,0.0,2711.0,1038.370380356532,0.2534468775344687,0.9096274437476946,0.0,0.0,0.0
BEV2_2025-03-28_drive1.csv,BEV2,0.6178635334170043,50.8751,4.711962,50.87898,4.711215999999999,0.4346003011142959,1.4216822487992522,0.0,-0.1204355249303995,0.992721151348524,0.4382235062813874,0.6548832006255564,1.2358741187000368,5.258682075376649,90.2,0.0,0.0,12.5,0.0,0.0,0.0,11.25,0.0,0.0,14.75,0.0,0.0,3.5,0.0,0.0,0.0,0.0,1014.75,0.0,0.0,-4.633976500627532,0.0,10,0.0,354531.0,163.9088731786166,170.51725756070056,27.846756879320417,1493.9,47.29387572160467,16.530317993466475,20.804127171771093,25.455261448059122,0,,,9.75,13.25,90616.0,0.0,0.0,0.0,0.0,0.0,0.0,0.0,0.0,0.0,1.0,1.0,0.0,0.0,0.0,199.0,39.97736126745903,0.2323232323232323,0.9949748743718592,0.0,0.0,0.0
BEV2_2025-03-28_drive2.csv,BEV2,0.9894054268575728,50.867052,4.695796,50.861923,4.685981,0.8942893181456083,1.1063594373565775,0.0,-0.7702558771996746,-0.6377349634757058,0.1518013208925362,0.4509335557281526,0.1945331830460015,2.884225096958189,87.9,0.0,0.0,13.0,0.0,0.0,0.0,15.0,0.0,0.0,20.75,0.0,0.0,5.75,0.0,0.0,0.0,0.0,1318.5,0.0,0.0,-6.92583798800301,0.0,10,0.0,5190.0,160.66585395505214,168.56976031738293,19.604647119499866,1165.4,39.83860776283305,16.538187222029705,19.936480327084908,24.41692718679728,0,,,11.5,15.0,5190.0,0.0,0.0,0.0,0.0,0.0,0.0,0.0,0.0,0.0,1.0,1.0,0.0,0.0,0.0,206.0,122.1781018170028,0.473170731707317,0.9951456310679612,0.0,0.0,0.0
BEV2_2025-03-28_drive3.csv,BEV2,8.798452443506548,50.870108,4.693968,50.85721,4.703894,1.5944315435625591,5.518237819008208,0.0,0.4369169270929197,-0.8995018614876127,0.135204203056345,0.346487064917918,0.2255885339702476,23.660735534860383,86.5,0.0,0.0,12.5,0.0,0.0,0.0,16.75,0.0,0.0,19.5,0.0,0.0,2.75,0.0,0.0,0.0,0.0,1448.875,0.0,0.0,-65.9883933262991,0.0,10,0.0,13746.0,159.6537753469096,165.61751225913983,17.26496969834391,1060.1,34.605501304161635,15.95353639926999,19.492803427760315,23.954029478897333,0,,,15.5,21.0,13747.0,0.0,0.0,0.0,0.0,0.0,0.0,0.0,0.0,0.0,1.0,1.0,0.0,0.0,0.0,1056.0,195.43223981972503,0.2161137440758294,0.9990530303030304,0.0,0.0,0.0
BEV2_2025-03-29_drive1.csv,BEV2,5.8922098288820575,50.869598,4.699236,50.857515,4.703986,1.3843105002293408,4.256422116213008,0.0,0.2408194329345191,-0.9705699360278458,0.2624797859436277,0.3690249706965912,0.8792672253580834,30.71013495540444,82.10000000000001,0.0,0.0,13.5,0.0,0.0,0.0,12.75,0.0,0.0,17.5,0.0,0.0,4.75,0.0,0.0,0.0,0.0,1046.775,0.0,0.0,-38.29936388773337,0.0,10,0.0,62351.0,156.85202600378537,174.40492392931702,11.968592846717648,872.6,30.021298033530535,15.033463598406422,18.533072055330813,22.827231938689202,0,,,16.5,20.75,62352.0,0.0,0.0,0.0,0.0,0.0,0.0,0.0,0.0,0.0,1.0,1.0,0.0,0.0,0.0,1976.0,71.33764825507477,0.5237854251012146,1.0,0.0,0.0,0.0
BEV2_2025-03-29_drive2.csv,BEV2,4.12490986722235,51.197308,4.410597,51.22228,4.411624,2.777684994946516,1.4850171544746291,0.0,0.0257557207009351,0.9996682664019976,0.2044196779389239,0.2806964036981078,0.5875325432750524,16.76241359099176,67.7,0.0,0.0,13.5,0.0,0.0,0.0,22.75,0.0,0.0,29.0,0.0,0.0,6.25,0.0,0.0,0.0,0.0,1540.175,0.0,0.0,-26.811914136945276,0.0,10,0.0,4605.0,160.2037508831566,188.79629706924084,11.841719404602566,1019.4,26.038907961383323,14.828918872917953,18.3623498958907,22.72073721238614,0,,,15.75,21.5,4499.0,0.0,0.0,0.0,0.0,0.0,0.0,0.0,0.0,0.0,1.0,1.0,0.0,0.0,0.0,982.0,92.22574015525922,0.3700305810397553,0.9989816700610998,0.0,0.0,0.0
BEV2_2025-03-29_drive3.csv,BEV2,63.70855286801565,51.215992,4.413781,50.857177,4.703884,44.75874428676645,1.4233766805395385,0.0,0.4531981859908732,-0.8914097846751413,0.0326552779328928,0.1145631766405089,0.0526296054745,41.63547936443844,66.0,0.0,0.0,14.0,0.0,0.0,0.0,24.5,0.0,0.0,27.5,0.0,0.0,3.0,0.0,,1.0,,1617.0,0.0,0.0,-382.2513172080939,0.0,10,0.0,8914.0,160.23754383967423,186.94974784950634,11.91343025793384,1060.7,25.397260960098478,14.3743925036411,18.838919281956453,23.352669382655055,0,,,23.75,31.0,8892.0,0.0,0.0,0.0,0.0,0.0,0.0,0.0,0.0,0.0,1.0,1.0,0.0,0.0,0.0,2872.0,917.8862409601415,0.0878048780487804,0.9993036211699164,0.0,0.0,0.0
BEV2_2025-03-30_drive2.csv,BEV2,4.507597870278857,50.857517,4.704003999999999,50.857511,4.703995,0.0009188018786604,4905.951952177542,0.0,-0.687556429031709,-0.7261309502404952,0.2211767948037463,0.3715626067097372,0.5581013394225207,19.90591153233717,45.6,0.0,0.0,12.5,0.0,0.0,0.0,15.25,0.0,0.0,19.5,0.0,0.0,4.25,0.0,,1.0,,695.4,0.0,0.0,-33.806984027091424,0.0,10,0.0,88116.0,170.21460135562148,186.94974784950634,13.247870501638593,1111.2,25.723521067185942,13.515071758385094,18.56266361629362,23.090406728287974,0,,,17.25,22.5,14687.0,0.0,0.0,0.0,0.0,0.0,0.0,0.0,0.0,0.0,1.0,1.0,0.0,0.0,0.0,1957.0,60.278882724173705,0.6288343558282209,0.9994890137966276,0.0,0.0,0.0
BEV2_2025-03-31_drive1.csv,BEV2,0.0869506968592403,50.8621,4.686741,50.862449,4.686685,0.0390056067082319,2.2291845761981155,0.0,-0.1007637598389161,0.9949103802368962,2.179775373031821,0.0,2.179775373031821,2.179775373031821,42.7,0.0,0.0,7.5,0.0,0.0,0.0,9.25,0.0,0.0,12.25,0.0,0.0,3.0,0.0,0.0,0.0,0.0,394.975,0.0,0.0,-1.0868837107405038,0.0,10,0.0,38225.0,178.0416335400232,193.96824497595313,9.389370915253066,1075.4,19.853962259911782,12.700759747819035,17.426800270039557,21.877105810747484,0,,,15.5,19.5,38226.0,0.0,0.0,0.0,0.0,0.0,0.0,0.0,0.0,0.0,1.0,1.0,0.0,0.0,0.0,144.0,12.672541794229677,0.7342657342657343,0.9930555555555556,0.0,0.0,0.0
BEV2_2025-03-31_drive2.csv,BEV2,6.599638890319478,50.858621,4.704458,50.857574,4.704158,0.1183102651329876,55.78247063262936,0.0,-0.1779840584348614,-0.984033370848294,0.2626405699212752,0.4104520897270368,0.7874284400740742,34.405914659687056,89.60000000000001,0.0,0.0,14.4,0.0,0.0,0.0,19.5,0.0,0.0,23.5,0.0,0.0,4.0,0.0,0.0,0.0,0.0,1747.2000000000005,0.0,0.0,-36.95797778578908,0.0,10,0.0,30673.0,176.91154138385716,193.96824497595313,9.245428366144477,1036.1,19.058648926763656,12.024926414485702,16.941326212077815,21.128572767436115,0,,,9.5,12.0,30674.0,0.0,0.0,0.0,0.0,0.0,0.0,0.0,0.0,0.0,1.0,1.0,0.0,0.0,0.0,1564.0,76.09935952801987,0.3576455534229046,0.9993606138107416,0.0,0.0,0.0
BEV2_2025-04-01_drive1.csv,BEV2,0.8987702879924191,50.995547,5.530815,50.994809,5.5394,0.6063960944104434,1.482150522203199,0.0,0.9908009444985452,-0.1353273378914644,0.6583824097692756,0.6252593092363685,1.528872162909002,11.192500966077686,66.10000000000001,0.0,0.0,13.5,0.0,0.0,0.0,20.25,0.0,0.0,26.75,0.0,0.0,6.5,0.0,,1.0,,1338.525,0.0,0.0,-5.8420068719507245,0.0,10,0.0,71178.0,176.461764158422,186.94974784950634,9.539168283124521,1100.6,19.14168515774811,12.169490313654114,17.15661246598308,21.581510967626645,0,,,20.25,26.75,71178.0,0.0,0.0,0.0,0.0,0.0,0.0,0.0,0.0,0.0,1.0,1.0,0.0,0.0,0.0,222.0,105.36783837762827,0.4189189189189189,1.0,0.0,0.0,0.0
BEV2_2025-04-01_drive2.csv,BEV2,62.2504685555737,51.007414,5.293955,50.857292,4.703922,44.59130471399416,1.3960225867990252,0.0,-0.9272873761467064,-0.3743502665138049,0.0309237091762615,0.1462600455124941,0.0284674378247735,38.500017924445565,96.0,0.0,0.0,15.5,0.0,0.0,0.0,23.0,0.0,0.0,28.5,0.0,0.0,5.5,0.0,0.0,0.0,0.0,2208.0,0.0,0.0,-280.12710850008165,0.0,10,0.0,18316.0,176.02345631793395,182.59451093144457,9.627625293305224,1119.3,20.450612908796536,12.269490313654114,16.888113290611994,21.69234453002357,0,,,20.75,27.5,18245.0,0.0,0.0,0.0,0.0,0.0,0.0,0.0,0.0,0.0,1.0,1.0,0.0,0.0,0.0,2288.0,945.6031192749844,0.0310450371665937,0.9995629370629372,0.0,0.0,0.0
BEV2_2025-04-03_drive1.csv,BEV2,75.22036741807669,50.847095,4.684513,50.994927,5.53953,62.14660668999751,1.2103696633557854,0.0,0.9643843409404794,0.264504901559115,0.0272269475215503,0.1391765366983915,0.0253943401870162,41.00378296745484,77.4,0.0,0.0,11.0,0.0,0.0,0.0,12.25,0.0,0.0,15.25,0.0,0.0,3.0,0.0,0.0,0.0,0.0,948.15,0.0,0.0,-676.9833067626902,0.0,10,0.0,136561.0,166.5558115476238,182.59451093144457,15.79265558710614,1328.2,29.11974425620358,12.7196506027079,18.239605990937367,23.25198945741805,0,,,26.0,31.25,136562.0,0.0,0.0,0.0,0.0,0.0,0.0,0.0,0.0,0.0,1.0,1.0,0.0,0.0,0.0,2937.0,966.9673439399832,0.0361281526925698,0.9989785495403471,0.0,0.0,0.0
BEV2_2025-04-03_drive2.csv,BEV2,81.37424530743942,50.994646,5.539034,50.857852,4.704111999999999,60.4626399135602,1.3458599463036232,0.0,-0.9678385096427908,-0.2515722942861983,0.0488005471443887,0.157071171058051,0.0815061084126366,79.4472907510649,99.7,0.0,0.0,18.5,0.0,0.0,0.0,24.0,0.0,0.0,27.25,0.0,0.0,3.25,0.0,0.0,0.0,0.0,2392.8,0.0,0.0,-122.06136796115914,0.0,10,0.0,28770.0,167.62515315451566,182.59451093144457,23.218217178043464,1601.3,36.603784363260736,12.593104984431145,18.30891178080395,23.28283769622127,0,,,19.5,26.0,28771.0,0.0,0.0,0.0,0.0,0.0,0.0,0.0,0.0,0.0,1.0,1.0,0.0,0.0,0.0,4967.0,791.1585703329058,0.1554884189325276,0.9995973424602376,0.0,0.0,0.0
BEV2_2025-04-04_drive1.csv,BEV2,0.0409915464599855,50.857488,4.704073,50.857279,4.703923,0.0255135903082097,1.606655353668327,0.0,-0.4126754270739098,-0.9108781432712972,0.0,0.0,0.0,0.0,81.80000000000001,0.0,0.0,21.0,0.0,0.0,0.0,15.75,0.0,0.0,20.5,0.0,0.0,4.75,0.0,0.0,0.0,0.0,1288.35,0.0,0.0,0.0409915464599855,0.0,10,0.0,86392.0,164.34407213373473,175.7705851330428,30.474532439989797,1992.5,39.499973778299854,13.736424195249546,19.314321870188785,24.409479269434037,0,,,27.75,33.25,86392.0,0.0,0.0,0.0,0.0,0.0,0.0,0.0,0.0,0.0,1.0,1.0,0.0,0.0,0.0,504.0,11.679284397694316,0.9702380952380952,1.0,0.0,0.0,0.0
BEV2_2025-04-04_drive2.csv,BEV2,2.994805125678675,50.87592,4.684654999999999,50.857757,4.704075,2.436453963003156,1.229165488514833,0.0,0.5593605995103427,-0.8289244354676909,0.1578376246209578,0.3159713996314633,0.3499420184452468,9.31241985263651,79.0,0.0,0.0,18.5,0.0,0.0,0.0,21.25,0.0,0.0,25.75,0.0,0.0,4.5,0.0,0.0,0.0,0.0,1678.75,0.0,0.0,-4.492207688518013,0.0,10,0.0,10104.0,163.60654745262445,175.7705851330428,29.889410611747586,1845.3,38.456743620051284,14.468689502717087,19.549693917251936,24.623962448035012,0,,,17.0,21.5,10104.0,0.0,0.0,0.0,0.0,0.0,0.0,0.0,0.0,0.0,1.0,1.0,0.0,0.0,0.0,441.0,128.11928819961483,0.2954545454545454,0.9977324263038548,0.0,0.0,0.0
BEV2_2025-04-04_drive3.csv,BEV2,1.7404649093030609,50.850164,4.719252,50.857754,4.704078,1.3590010627858509,1.2806942959523795,0.0,-0.7837924929812371,0.6210228079114788,0.1999483067311382,0.3497242637320197,0.6187848477765135,6.798242428858702,74.2,0.0,0.0,17.5,0.0,0.0,0.0,25.25,0.0,0.0,30.5,0.0,0.0,5.25,0.0,0.0,0.0,0.0,1873.55,0.0,0.0,-4.3511622732576525,0.0,10,0.0,2991.0,162.9977653569062,167.30071036576953,29.777783653383484,1791.3,39.391039742000565,15.006668930315417,19.368958376949415,24.226960078176308,0,,,21.5,26.75,2991.0,0.0,0.0,0.0,0.0,0.0,0.0,0.0,0.0,0.0,1.0,1.0,0.0,0.0,0.0,197.0,131.35470230739415,0.1122448979591836,0.9949238578680204,0.0,0.0,0.0
BEV2_2025-04-05_drive1.csv,BEV2,7.180646469189158,50.888503,4.691954,50.857752,4.704025,3.522703232676935,2.0383909727566003,0.0,0.2404415146892644,-0.9706636276352032,0.20472560568855,0.3430203677004375,0.6045994064533017,29.27576161346265,72.3,0.0,0.0,19.5,0.0,0.0,0.0,19.5,0.0,0.0,25.75,0.0,0.0,6.25,0.0,0.0,0.0,0.0,1409.85,0.0,0.0,-3.590323234594579,0.0,10,0.0,53257.0,162.05239738539055,163.76897761520047,23.581831174746434,1523.8,34.588118633687614,15.525173706680317,19.557872404098735,24.39319477987481,0,,,25.25,30.0,53258.0,0.0,0.0,0.0,0.0,0.0,0.0,0.0,0.0,0.0,1.0,1.0,0.0,0.0,0.0,1171.0,156.9090355992227,0.3279248505550811,1.0,0.0,0.0,0.0
BEV2_2025-04-05_drive2.csv,BEV2,2.8714598262779525,51.242859,4.431121,51.252664,4.458568,2.1996106577316072,1.3054400405748183,0.0,0.8685143802893526,0.495663970075092,0.221756031593836,0.5722763226068316,0.4870224184689182,12.640093800848652,54.5,0.0,0.0,18.5,0.0,0.0,0.0,27.0,0.0,0.0,31.0,0.0,0.0,4.0,0.0,0.0,0.0,0.0,1471.5,0.0,0.0,-4.307189739416929,0.0,10,0.0,18483.0,160.3265165803371,157.4534847354671,23.849686302388257,1445.3,35.96481457752028,16.361895223885618,20.15564902951552,25.265129666544315,0,,,23.25,31.0,18483.0,0.0,0.0,0.0,0.0,0.0,0.0,0.0,0.0,0.0,1.0,1.0,0.0,0.0,0.0,677.0,69.51682797843426,0.2688330871491876,1.0,0.0,0.0,0.0
BEV2_2025-04-06_drive1.csv,BEV2,3.532589801842512,50.857521,4.704078,50.863666,4.692836,1.0437838814012483,3.384407313418288,0.0,-0.7559481801382623,0.6546314604001624,0.2564230344555254,0.4030788091315094,0.7583661404068203,17.94961241188678,67.8,0.0,0.0,10.0,0.0,0.0,0.0,12.5,0.0,0.0,17.25,0.0,0.0,4.75,0.0,0.0,0.0,0.0,847.5,0.0,0.0,-35.32589801842512,0.0,10,0.0,57018.0,160.7719846262942,157.4534847354671,24.12759435995759,1498.6,37.25945359598275,17.481836400356208,21.898102238751612,27.151750559637595,0,,,43.5,54.75,44032.0,0.0,0.0,0.0,0.0,0.0,0.0,0.0,0.0,0.0,1.0,1.0,0.0,0.0,0.0,1048.0,51.28333266198996,0.366412213740458,1.0,0.0,0.0,0.0
BEV2_2025-04-07_drive1.csv,BEV2,40.98867214568696,51.012229,3.728191,50.822295,3.311761,36.03115108711168,1.1375898606899792,0.0,-0.8102022811985118,-0.5861503762181917,0.0388778999794496,0.1810530071270009,0.0279550438932476,31.84100008316925,83.7,0.0,0.0,12.0,0.0,0.0,0.0,21.5,0.0,0.0,28.25,0.0,0.0,6.75,0.0,0.0,0.0,0.0,1799.55,0.0,0.0,-327.9093771654957,0.0,10,0.0,86900.0,160.60862772916013,157.4534847354671,23.819257232249917,1447.0,36.94971664947375,17.06708088531117,21.207037560773138,26.327455449256274,0,,,44.5,54.75,58036.0,0.0,0.0,0.0,0.0,0.0,0.0,0.0,0.0,0.0,1.0,1.0,0.0,0.0,0.0,1791.0,905.7182730070724,0.1078212290502793,0.9994416527079844,0.0,0.0,0.0
BEV2_2025-04-07_drive2.csv,BEV2,72.96677174953442,50.945367,3.544962,50.896047,4.482815,65.96844424852029,1.1060859867279818,0.0,0.9965385253840549,-0.0831322285601304,0.023611923556511,0.1091812886236444,0.0347931960106227,36.055407270792415,69.7,0.0,0.0,16.5,0.0,0.0,0.0,22.0,0.0,0.0,27.75,0.0,0.0,5.75,0.0,0.0,0.0,0.0,1533.4,0.0,0.0,-255.38370112337049,0.0,10,0.0,18068.0,159.00028974236207,154.84439725139669,27.8301674743637,1604.0,43.73238111090854,17.05159008776516,21.48716275373876,26.625170501617752,0,,,24.5,31.5,18069.0,0.0,0.0,0.0,0.0,0.0,0.0,0.0,0.0,0.0,1.0,1.0,0.0,0.0,0.0,4275.0,769.4258508554427,0.1123222748815165,0.9871345029239766,0.0,0.0,0.0
BEV2_2025-04-10_drive1.csv,BEV2,22.98750402641803,50.89605,4.482811,50.862489,4.686641,14.779458793050424,1.5553684575532076,0.0,0.9675968350988912,-0.2525002271416984,0.08342802217077,0.2274172009545186,0.2158932764716808,38.29346217638344,53.0,0.0,0.0,13.5,0.0,0.0,0.0,9.5,0.0,0.0,15.25,0.0,0.0,5.75,0.0,0.0,0.0,0.0,503.5,0.0,0.0,-149.41877617171718,0.0,10,0.0,243498.0,161.3749244568533,160.0691578559626,28.899224406484745,1802.6,40.08536901335292,17.13006903181869,21.50764414949831,26.62101565945296,0,,,25.25,32.0,243498.0,0.0,0.0,0.0,0.0,0.0,0.0,0.0,0.0,0.0,1.0,1.0,0.0,0.0,0.0,1638.0,667.5338200184491,0.1819291819291819,1.0,0.0,0.0,0.0
BEV2_2025-04-11_drive1.csv,BEV2,79.11095265856233,50.854708,4.707695999999999,50.99482,5.539556,60.3509462294096,1.3108485881537149,0.0,0.9661045327170013,0.2581511802484443,0.0262019812774182,0.113844973125573,0.0283236712986901,41.47773636215305,89.5,0.0,0.0,4.0,0.0,0.0,0.0,8.25,0.0,0.0,13.25,0.0,0.0,5.0,0.0,0.0,0.0,0.0,738.375,0.0,0.0,-1265.7752425369972,0.0,10,0.0,65706.0,158.31913932402674,157.5219949552017,23.67253224644322,1672.8,35.91030599731817,17.31907643172485,21.224351674112704,26.409354707087818,0,,,16.25,22.75,65645.0,0.0,0.0,0.0,0.0,0.0,0.0,0.0,0.0,0.0,1.0,1.0,0.0,0.0,0.0,2908.0,1007.5402420602168,0.0522875816993464,0.999656121045392,0.0,0.0,0.0
BEV2_2025-04-11_drive2.csv,BEV2,67.8519926355048,51.012531,5.392879,50.857513,4.704085,51.25273787863435,1.323870595872892,0.0,-0.94174890499611,-0.3363168148318302,0.0257303039113677,0.1101815576506053,0.0265326502727597,35.456358789864694,96.9,0.0,0.0,20.0,0.0,0.0,0.0,21.5,0.0,0.0,27.5,0.0,0.0,6.0,0.0,0.0,0.0,0.0,2083.35,0.0,0.0,0.0,0.0,10,0.0,31510.0,166.37048617484308,159.77329771460865,23.447565915211197,1466.7,39.80797107864672,15.594852720453773,19.749455138616682,24.94529246102477,0,,,14.75,20.5,31510.0,0.0,0.0,0.0,0.0,0.0,0.0,0.0,0.0,0.0,1.0,1.0,0.0,0.0,0.0,2553.0,893.8969196784063,0.0212933753943217,0.9933411672542108,0.0,0.0,0.0
BEV2_2025-04-11_drive3.csv,BEV2,4.393995419135334,50.862634,4.711556,50.873444,4.702141,1.3716359446238091,3.2034705975428848,0.0,-0.4816938944641594,0.8763395415225489,0.2901063911405515,0.4479245026851126,0.6806382667643467,25.23925602922798,84.10000000000001,0.0,0.0,22.5,0.0,0.0,0.0,27.25,0.0,0.0,31.75,0.0,0.0,4.5,0.0,0.0,0.0,0.0,2291.7250000000004,0.0,0.0,10.984988547838334,0.0,10,0.0,891.0,162.08856894951612,153.4212855277859,30.231702301364386,1671.6,49.343444293753045,15.671928569266452,20.63820650190497,25.888041701064065,0,,,27.75,32.0,891.0,0.0,0.0,0.0,0.0,0.0,0.0,0.0,0.0,0.0,1.0,1.0,0.0,0.0,0.0,1152.0,98.76069313651132,0.3831450912250217,0.9991319444444444,0.0,0.0,0.0
BEV2_2025-04-12_drive1.csv,BEV2,2.3574245190289287,50.845635,4.718039999999999,50.857483,4.704071,1.6423447133137965,1.4354017764469795,0.0,-0.5970960025984866,0.8021697848217098,0.2405090386315983,0.3893518412141953,0.9068070210082322,11.303924815685122,75.0,0.0,0.0,23.0,0.0,0.0,0.0,29.0,0.0,0.0,32.5,0.0,0.0,3.5,0.0,0.0,0.0,0.0,2175.0,0.0,0.0,7.0722735570867865,0.0,10,0.0,89733.0,163.29137986421281,159.77329771460865,30.370244833350654,1742.7,48.26926529329184,15.877208024045908,21.217869869036353,26.475038768288833,0,,,27.0,32.75,89734.0,0.0,0.0,0.0,0.0,0.0,0.0,0.0,0.0,0.0,1.0,1.0,0.0,0.0,0.0,255.0,138.0257013342331,0.0980392156862745,1.0,0.0,0.0,0.0
BEV2_2025-04-13_drive1.csv,BEV2,1.0126843336649676,50.860953,4.695943,50.857804,4.704095,0.670820447690507,1.509620550702391,0.0,0.8529591383376467,-0.5219776894909391,0.5091017297827882,0.7784792849439336,1.6001577969285667,10.182034595655765,73.2,0.0,0.0,14.5,0.0,0.0,0.0,15.5,0.0,0.0,20.0,0.0,0.0,4.5,0.0,0.0,0.0,0.0,1134.6,0.0,0.0,-5.569763835157322,0.0,10,0.0,54111.0,163.10430799276753,159.77329771460865,30.43192421285219,1748.6,48.4032059695989,16.47257800290426,21.579393306536353,26.67576477838984,0,,,28.75,32.25,54112.0,0.0,0.0,0.0,0.0,0.0,0.0,0.0,0.0,0.0,1.0,1.0,0.0,0.0,0.0,370.0,60.41736863980478,0.4945945945945946,1.0,0.0,0.0,0.0
BEV2_2025-04-14_drive1.csv,BEV2,4.095773072314868,50.842682,4.742699,50.857805,4.704091,3.189676218203221,1.2840717339711871,0.0,-0.8497400908147993,0.5272018380677904,0.1662445984802951,0.3412916954355718,0.5260393027019532,13.46581247690391,67.84285714285714,0.0,0.0,12.5,0.0,0.0,0.0,13.0,0.0,0.0,16.5,0.0,0.0,3.5,0.0,0.0,0.0,0.0,881.9571428571428,0.0,0.0,-30.71829804236151,0.0,10,0.0,81220.0,164.0596146849317,171.99159348093212,29.814577731548972,1668.5,47.17775529788671,15.906525781174285,21.007597246028475,25.935725990109972,0,,,16.0,21.0,81221.0,0.0,0.0,0.0,0.0,0.0,0.0,0.0,0.0,0.0,1.0,1.0,0.0,0.0,0.0,318.0,468.513771883295,0.1477987421383647,1.0,0.0,0.0,0.0
BEV2_2025-04-14_drive2.csv,BEV2,23.22134090878403,50.868789,4.73535,50.857589,4.704019,2.527098238902563,9.188934783504225,0.0,-0.8701356904122748,-0.4928122160323888,0.0751932276479637,0.2387033526543719,0.1209500929466739,34.88965762865516,64.60000000000001,0.0,0.0,15.0,0.0,0.0,0.0,18.25,0.0,0.0,24.5,0.0,0.0,6.25,0.0,0.0,0.0,0.0,1178.95,0.0,0.0,-116.10670454392016,0.0,10,0.0,3874.0,162.24748115373004,159.77329771460865,29.94024425551654,1632.5,50.31403095991932,15.292553354703694,19.643538433344112,24.57387610994773,0,,,13.5,18.25,3874.0,0.0,0.0,0.0,0.0,0.0,0.0,0.0,0.0,0.0,1.0,1.0,0.0,0.0,0.0,1333.0,776.4725237202815,0.1260315078769692,1.0,0.0,0.0,0.0
BEV2_2025-04-14_drive3.csv,BEV2,69.13831453726729,50.8576,4.704014,51.253176,4.446402,47.52859048499687,1.4546678921415073,0.0,-0.3788339064008701,0.9254646786134286,0.0341827925039895,0.1252340138625344,0.0561002770107355,47.34316761802556,90.9,0.0,0.0,21.5,0.0,0.0,0.0,24.0,0.0,0.0,28.5,0.0,0.0,4.5,0.0,0.0,0.0,0.0,2181.6000000000004,0.0,0.0,103.70747180590094,0.0,10,0.0,10693.0,161.96740235969207,159.77329771460865,31.911614700878367,1661.0,55.37152093302342,15.746771453947641,20.449948010658183,25.627563108342592,0,,,22.5,29.5,10693.0,0.0,0.0,0.0,0.0,0.0,0.0,0.0,0.0,0.0,1.0,1.0,0.0,0.0,0.0,3660.0,769.2259687724243,0.0773858353841946,0.9991803278688524,0.0,0.0,0.0
BEV2_2025-04-14_drive4.csv,BEV2,2.419186247314097,51.237549,4.42021,51.222336,4.411599,1.7947276829070438,1.3479405652202203,0.0,-0.3340805552303363,-0.942544525535526,0.2131579960787687,0.3359510496918513,0.7753053983351288,10.2315838117809,78.0,0.0,0.0,21.0,0.0,0.0,0.0,28.75,0.0,0.0,33.5,0.0,0.0,4.75,0.0,0.0,0.0,0.0,2242.5,0.0,0.0,2.419186247314097,0.0,10,0.0,2510.0,158.10546648977294,159.77329771460865,34.72465888369207,1847.9,53.934702727996886,16.44960732383873,20.75042161718418,25.729096175082567,0,,,26.75,31.25,2510.0,0.0,0.0,0.0,0.0,0.0,0.0,0.0,0.0,0.0,1.0,1.0,0.0,0.0,0.0,663.0,125.66679146725274,0.4238310708898944,1.0,0.0,0.0,0.0
BEV2_2025-04-14_drive5.csv,BEV2,62.00846755686321,51.199617,4.416544,50.857708,4.704064,43.00832707471832,1.4417781805169023,0.0,0.4675236782136323,-0.8839805486036421,0.0408438566303148,0.1525054840127887,0.0461380862110676,50.85060150474203,76.3,0.0,0.0,20.0,0.0,0.0,0.0,29.0,0.0,0.0,32.75,0.0,0.0,3.75,0.0,0.0,0.0,0.0,2212.7,0.0,0.0,0.0,0.0,10,0.0,3894.0,157.5838214779551,159.86068883245582,27.67031175526691,1486.8,49.103431371659056,16.751268391031708,21.11015607171965,26.051689318289014,0,,,28.5,34.25,3895.0,0.0,0.0,0.0,0.0,0.0,0.0,0.0,0.0,0.0,1.0,1.0,0.0,0.0,0.0,3015.0,834.5384274638799,0.1275323812686815,0.9986733001658374,0.0,0.0,0.0
BEV2_2025-04-14_drive6.csv,BEV2,0.8993409685922175,50.868933,4.707789,50.863725,4.713461,0.7027149377501807,1.279809095095597,0.0,0.5664513845195175,-0.8240951577190111,0.4644218117246701,0.6928222962089957,0.9528720705463256,7.895170799319392,63.3,0.0,0.0,19.0,0.0,0.0,0.0,26.75,0.0,0.0,29.75,0.0,0.0,3.0,0.0,0.0,0.0,0.0,1693.275,0.0,0.0,-0.8993409685922175,0.0,10,0.0,8534.0,157.03362155680506,158.5726173834729,31.572886913033823,1624.5,51.45705317240603,17.457431064594235,22.568006802780012,27.37818912420219,0,,,27.5,32.0,8535.0,0.0,0.0,0.0,0.0,0.0,0.0,0.0,0.0,0.0,1.0,1.0,0.0,0.0,0.0,406.0,62.66231490729122,0.5738916256157636,1.0,0.0,0.0,0.0
BEV2_2025-04-15_drive1.csv,BEV2,0.7178545950412827,50.854608,4.707868,50.857802,4.70409,0.4432423922680545,1.6195531103603331,0.0,-0.5983021535356636,0.8012705741973726,0.4078109014248099,0.4852477056723657,1.18909703946816,5.70935261994734,56.2,0.0,0.0,18.5,0.0,0.0,0.0,23.25,0.0,0.0,28.5,0.0,0.0,5.25,0.0,0.0,0.0,0.0,1306.65,0.0,0.0,-1.076781892561924,0.0,10,0.0,80502.0,148.81570196195287,154.16513507476247,23.750355811840517,1374.4,42.458607639146294,18.750413689217194,23.98997327235753,28.716304396084137,0,,,26.0,29.75,80502.0,0.0,0.0,0.0,0.0,0.0,0.0,0.0,0.0,0.0,1.0,1.0,0.0,0.0,0.0,116.0,85.2172707439964,0.1637931034482758,1.0,0.0,0.0,0.0
BEV2_2025-04-16_drive1.csv,BEV2,0.8953772575868865,50.995822,5.530447,50.994662,5.539015,0.6133435514413517,1.459829903620505,0.0,0.977636850353284,-0.2103002349768316,0.5563429755353235,0.6477488818839187,1.2782930248082385,9.4578305841005,37.5,0.0,0.0,11.5,0.0,0.0,0.0,19.0,0.0,0.0,24.75,0.0,0.0,5.75,0.0,0.0,0.0,0.0,712.5,0.0,0.0,-7.610706689488535,0.0,10,0.0,48726.0,148.27449431842348,154.16513507476247,17.035287991607774,1130.7,35.126206020647075,18.450378395757088,23.789611237132483,28.52790884399286,0,,,23.25,29.0,48726.0,0.0,0.0,0.0,0.0,0.0,0.0,0.0,0.0,0.0,1.0,1.0,0.0,0.0,0.0,229.0,178.92132125120546,0.4410480349344978,1.0,0.0,0.0,0.0
BEV2_2025-04-16_drive2.csv,BEV2,73.04904804594348,50.998689,5.507044,50.861852,4.695804,58.85418314592884,1.2411870174940411,0.0,-0.9660035067247432,-0.25852896355244,0.025834411774802,0.1196133393094473,0.0289785561341657,37.76991001476058,91.3,0.0,0.0,13.5,0.0,0.0,0.0,20.0,0.0,0.0,24.5,0.0,0.0,4.5,0.0,0.0,0.0,0.0,1826.0,0.0,0.0,-474.8188122986326,0.0,10,0.0,31651.0,146.1166960696095,144.46271834929263,16.689270955359166,1038.4,35.21086147587195,17.542129851198194,22.995644810382014,27.835193435666003,0,,,19.25,25.5,31651.0,0.0,0.0,0.0,0.0,0.0,0.0,0.0,0.0,0.0,1.0,1.0,0.0,0.0,0.0,2890.0,982.174867196161,0.0661357340720221,0.9993079584775086,0.0,0.0,0.0
BEV2_2025-04-17_drive1.csv,BEV2,55.22397528755913,50.959769,4.813499,50.994711,5.539012,50.94253987432682,1.0840444042208033,0.0,0.9970872387888058,0.0762695105826373,0.0272560308459569,0.1379897809075875,0.0222431862753169,30.11791408478246,67.7,0.0,0.0,10.0,0.0,0.0,0.0,14.0,0.0,0.0,17.75,0.0,0.0,3.75,0.0,0.0,0.0,0.0,947.8,0.0,0.0,-552.2397528755913,0.0,10,0.0,49598.0,151.456935359493,154.16513507476247,23.75761732902955,1301.9,40.990141810081994,16.653074156257865,22.30479760947835,27.328644015050298,0,,,23.75,31.25,49599.0,0.0,0.0,0.0,0.0,0.0,0.0,0.0,0.0,0.0,1.0,1.0,0.0,0.0,0.0,2062.0,1011.0148695757728,0.0504854368932038,0.9990300678952472,0.0,0.0,0.0
BEV2_2025-04-17_drive2.csv,BEV2,70.0683700376162,51.012188,5.407334,50.857506,4.704092,52.19515876246656,1.3424304418056916,0.0,-0.9441456207451348,-0.3295285220247012,0.0264704980824728,0.1124856902329908,0.0252622525373661,37.16457930779194,97.1,0.0,0.0,9.0,0.0,0.0,0.0,19.75,0.0,0.0,24.25,0.0,0.0,4.5,0.0,0.0,0.0,0.0,1917.725,0.0,0.0,-770.7520704137783,0.0,10,0.0,31572.0,154.18208850896488,154.16513507476247,29.18589750350292,1471.1,49.65468623828894,16.07873241434458,22.318660107911246,27.32343963212337,0,,,17.25,23.0,31572.0,0.0,0.0,0.0,0.0,0.0,0.0,0.0,0.0,0.0,1.0,1.0,0.0,0.0,0.0,2855.0,840.2141629752406,0.0332982825096389,0.9992994746059544,0.0,0.0,0.0
BEV2_2025-04-17_drive3.csv,BEV2,61.25414890232785,50.862852,4.599717,50.861927,4.686039,6.059354343946004,10.109022418127408,0.0,0.999855920181554,-0.0169746539846231,0.0552328802559053,0.1503161899329647,0.1108800251873936,67.71551119373999,79.0,0.0,0.0,9.9,0.0,0.0,0.0,23.0,0.0,0.0,29.5,0.0,0.0,6.5,0.0,0.0,0.0,0.0,1817.0,0.0,0.0,-618.6669039135113,0.0,10,0.0,1015.0,157.7070703860626,158.2476662609099,35.78116452410741,1724.8,53.829700794045195,15.723279940158369,23.01692238039987,28.139967485859803,0,,,22.25,29.25,1015.0,0.0,0.0,0.0,0.0,0.0,0.0,0.0,0.0,0.0,1.0,1.0,0.0,0.0,0.0,4561.0,516.9711268774787,0.1855263157894736,0.9997807498355624,0.0,0.0,0.0
BEV2_2025-04-17_drive5.csv,BEV2,65.80729214358725,50.848526,4.677244,50.857519,4.704008,2.128343064625636,30.919494717437573,0.0,0.8827524323473439,0.4698384224229091,0.058812386092994,0.1983394776556729,0.1063148925291194,77.3971000983802,83.2,0.0,0.0,8.5,0.0,0.0,0.0,23.25,0.0,0.0,27.0,0.0,0.0,3.75,0.0,0.0,0.0,0.0,1934.4,0.0,0.0,-756.7838596512534,0.0,10,0.0,10680.0,154.75988379980453,154.16513507476247,39.58520295208215,2047.5,52.39733797965317,15.287158208441,23.380416077873686,28.5733187455032,0,,,22.0,28.75,4258.0,0.0,0.0,0.0,0.0,0.0,0.0,0.0,0.0,0.0,1.0,1.0,0.0,0.0,0.0,5270.0,654.0449038516502,0.293358633776091,1.0,0.0,0.0,0.0
BEV2_2025-04-18_drive1.csv,BEV2,1.4551903900927528,50.86076,4.686419,50.859687,4.695954,0.6797942753496841,2.14063348701224,0.0,0.9844772213688072,-0.1755123944510829,0.186527488421112,0.5292139439918024,0.2495504526423705,5.409297164212248,90.1,0.0,0.0,11.5,0.0,0.0,0.0,13.25,0.0,0.0,16.5,0.0,0.0,3.25,0.0,0.0,0.0,0.0,1193.8249999999998,0.0,0.0,-12.369118315788398,0.0,10,0.0,40046.0,159.79848096924763,158.2476662609099,39.255395245567584,2208.4,50.097334163076894,14.18912838647529,22.902466827049878,28.169409154354913,0,,,22.5,29.75,40047.0,0.0,0.0,0.0,0.0,0.0,0.0,0.0,0.0,0.0,1.0,1.0,0.0,0.0,0.0,218.0,132.8301175570917,0.2935779816513761,1.0,0.0,0.0,0.0
BEV2_2025-04-22_drive1.csv,BEV2,73.41358820310695,50.853067,4.659223,50.994725,5.539041,63.64772011787322,1.1534362592587402,0.0,0.968892896022876,0.2474804154603037,0.0273937902378696,0.1349995957415918,0.0264719442854593,40.21408406919264,86.4,0.0,0.0,10.5,0.0,0.0,0.0,11.75,0.0,0.0,14.5,0.0,0.0,2.75,0.0,0.0,0.0,0.0,1015.2,0.0,0.0,-697.4290879295161,0.0,10,0.0,333184.0,159.4061066091098,158.2476662609099,39.15858423804859,2163.8,51.17756604899247,13.297396267993173,21.370012007772768,26.426718847673634,0,,,13.25,16.0,333184.0,0.0,0.0,0.0,0.0,0.0,0.0,0.0,0.0,0.0,1.0,1.0,0.0,0.0,0.0,2900.0,963.5176848016552,0.0369092790617454,0.9996551724137932,0.0,0.0,0.0
BEV2_2025-04-22_drive2.csv,BEV2,69.82490123980928,50.97947,5.545264,50.877645,4.668397,62.4891609080605,1.1173922041062732,0.0,-0.9834482404190564,-0.1811892889126229,0.0204613691927663,0.1162765468844872,0.0216615408898585,28.58453276229452,98.9,0.0,0.0,15.2,0.0,0.0,0.0,24.25,0.0,0.0,30.75,0.0,0.0,6.5,0.0,0.0,0.0,0.0,2398.3250000000003,0.0,0.0,-335.15952595108456,0.0,10,0.0,10163.0,162.2956179847596,162.69891127512906,40.29928845197769,2152.3,52.88586928337918,12.35789083589407,20.16807061594019,25.303656914716033,0,,,19.75,26.75,10163.0,0.0,0.0,0.0,0.0,0.0,0.0,0.0,0.0,0.0,1.0,1.0,0.0,0.0,0.0,2644.0,958.6067105738664,0.05223315669947,0.9992435703479576,0.0,0.0,0.0
BEV2_2025-04-22_drive4.csv,BEV2,0.4983097246386507,50.858955,4.700393,50.857507,4.703998,0.2999212685445805,1.6614684482257098,0.0,0.8436824976815603,-0.5368424751319553,0.465491508924831,0.4953909481709077,0.9698868059325074,4.18942358032348,84.0,0.0,0.0,14.0,0.0,0.0,0.0,20.25,0.0,0.0,23.5,0.0,0.0,3.25,0.0,0.0,0.0,0.0,1701.0,0.0,0.0,-2.989858347831904,0.0,10,0.0,37187.0,162.11618016040111,162.69891127512906,47.193180306833455,2376.1,61.59413715056011,12.438931942875573,20.091143595131864,25.403833929966574,0,,,24.0,29.75,21304.0,0.0,0.0,0.0,0.0,0.0,0.0,0.0,0.0,0.0,1.0,1.0,0.0,0.0,0.0,174.0,68.94186012626184,0.5287356321839081,1.0,0.0,0.0,0.0
BEV2_2025-04-23_drive1.csv,BEV2,14.094295174649377,50.863199,4.597813,50.896022,4.483052,8.840088384281088,1.594361341421767,0.0,-0.910792617941894,0.4128641509050535,0.0505277459951796,0.1740931934988454,0.0880495416199291,14.198296624645485,81.60000000000001,0.0,0.0,11.0,0.0,0.0,0.0,15.25,0.0,0.0,18.5,0.0,0.0,3.25,0.0,0.0,0.0,0.0,1244.4,0.0,0.0,-126.8486565718444,0.0,10,0.0,30855.0,162.42774779329068,163.93066455321514,47.169843558730875,2381.8,60.38699589854021,11.988847909262127,19.791143595131867,24.876881145462942,0,,,20.25,23.25,30856.0,0.0,0.0,0.0,0.0,0.0,0.0,0.0,0.0,0.0,1.0,1.0,0.0,0.0,0.0,1045.0,468.892629188702,0.0574162679425837,1.0,0.0,0.0,0.0
BEV2_2025-04-25_drive1.csv,BEV2,4.3947562641922655,50.888852,4.356405,50.857344,4.356967,3.503756513643062,1.2542984214456097,0.0,0.0112549854319966,-0.999936660645526,0.2150151481003912,0.4710001447980204,0.4359824590819193,18.70631788473404,75.4,0.0,0.0,11.0,0.0,0.0,0.0,10.75,0.0,0.0,14.5,0.0,0.0,3.75,0.0,0.0,0.0,0.0,810.5500000000001,0.0,0.0,-39.55280637773039,0.0,10,0.0,188225.0,161.64365778011208,163.93066455321514,48.48844642126023,2463.4,63.78656289265509,12.003843467303716,19.431509079695058,24.336142609882,0,,,16.25,21.75,188225.0,0.0,0.0,0.0,0.0,0.0,0.0,0.0,0.0,0.0,1.0,1.0,0.0,0.0,0.0,884.0,161.03445636262856,0.4140271493212669,1.0,0.0,0.0,0.0
BEV2_2025-04-25_drive2.csv,BEV2,27.99395941595957,50.857399,4.356927,50.862444,4.686722,23.154557939421384,1.2090042698806591,0.0,0.9997064693040753,0.0242275717227295,0.0662527726153102,0.2500475632238183,0.1201963407169856,37.03529989195844,74.3,0.0,0.0,15.0,0.0,0.0,0.0,14.5,0.0,0.0,16.75,0.0,0.0,2.25,0.0,0.0,0.0,0.0,1077.35,0.0,0.0,-139.96979707979784,0.0,10,0.0,8373.0,161.28147794446087,163.93066455321514,41.624172991320286,2262.7,56.48578627434993,11.698621597367502,18.387150139776846,23.19844446463287,0,,,12.25,17.0,8373.0,0.0,0.0,0.0,0.0,0.0,0.0,0.0,0.0,0.0,1.0,1.0,0.0,0.0,0.0,2228.0,619.3792909325405,0.2182308037718904,0.9995511669658886,0.0,0.0,0.0
BEV2_2025-04-25_drive3.csv,BEV2,0.5213677548385437,50.860432,4.698244,50.86311,4.695205,0.3662888725328531,1.4233786334630771,0.0,-0.5823110601031225,0.8129660689608009,0.4854525031053798,0.5320801020046373,1.062742254076391,4.854525031053798,87.2,0.0,0.0,13.0,0.0,0.0,0.0,22.0,0.0,0.0,27.75,0.0,0.0,5.75,0.0,0.0,0.0,0.0,1918.4,0.0,0.0,-3.6495742838698058,0.0,10,0.0,16799.0,159.8513012185572,162.26230277450583,38.89424002260312,2279.2,51.36281124561209,12.17765850873462,18.433730480710835,23.26599217413343,0,,,18.5,24.75,16800.0,0.0,0.0,0.0,0.0,0.0,0.0,0.0,0.0,0.0,1.0,1.0,0.0,0.0,0.0,246.0,34.915138484285585,0.5203252032520326,1.0,0.0,0.0,0.0
BEV2_2025-04-26_drive1.csv,BEV2,40.73399390499024,50.892009,4.454403999999999,51.22234,4.411582,36.85290894135005,1.1053128525028182,0.0,-0.0812113644095794,0.996696901916894,0.0344167611128512,0.1089833130297173,0.0528059236195612,28.35941115698941,81.0,0.0,0.0,20.5,0.0,0.0,0.0,23.0,0.0,0.0,30.0,0.0,0.0,7.0,0.0,,1.0,,1863.0,0.0,0.0,20.36699695249512,0.0,10,0.0,70708.0,158.4710303931618,162.26230277450583,31.93829727088713,2018.3,43.28898578153998,12.57714223292083,18.613280708222213,23.516175509913122,0,,,22.0,28.25,70708.0,0.0,0.0,0.0,0.0,0.0,0.0,0.0,0.0,0.0,1.0,1.0,0.0,0.0,0.0,2287.0,1012.8366932752416,0.2299254058797718,0.9965019676432006,0.0,0.0,0.0
BEV2_2025-04-26_drive2.csv,BEV2,39.45562953739973,51.19103,4.420217,50.881773,4.466108,34.537241102937344,1.142408260688897,0.0,0.0929086773349067,-0.995674634444344,0.0299569602037323,0.0967122126060354,0.0498915866493075,23.665998560948587,68.60000000000001,0.0,0.0,21.5,0.0,0.0,0.0,27.5,0.0,0.0,31.75,0.0,0.0,4.25,0.0,0.0,0.0,0.0,1886.5,0.0,0.0,59.1834443060996,0.0,10,0.0,8614.0,163.40125585285762,163.93066455321514,29.883028807865333,1790.9,44.86187982167267,13.61697332344352,18.79518664505603,23.538434558734668,0,,,27.25,33.25,8615.0,0.0,0.0,0.0,0.0,0.0,0.0,0.0,0.0,0.0,1.0,1.0,0.0,0.0,0.0,1736.0,920.5540370750126,0.140715109573241,0.9988479262672812,0.0,0.0,0.0
BEV2_2025-04-26_drive3.csv,BEV2,11.37986120434242,50.86927,4.541742,50.857497,4.703995,11.462429281313048,0.992796633685214,0.0,0.993456877238656,-0.1142078502871754,0.0617988253934056,0.2130808706926485,0.0893036163461563,19.281233522742564,58.8,0.0,0.0,21.5,0.0,0.0,0.0,26.25,0.0,0.0,31.75,0.0,0.0,5.5,0.0,0.0,0.0,0.0,1543.5,0.0,0.0,17.06979180651363,0.0,10,0.0,1867.0,160.51357954999284,162.26230277450583,27.24456801439314,1437.5,48.54244031554948,14.768846859664336,19.366473723078347,23.99671224656874,0,,,26.75,31.25,1868.0,0.0,0.0,0.0,0.0,0.0,0.0,0.0,0.0,0.0,1.0,1.0,0.0,0.0,0.0,757.0,856.6326502801534,0.2683982683982684,0.9154557463672393,0.0,0.0,0.0
BEV2_2025-04-27_drive1.csv,BEV2,1.5442335395609248,50.863708,4.693252,50.857533,4.704072,1.023811320386177,1.5083184848732156,0.0,0.7417646166524532,-0.6706603115455984,0.5355861899777022,0.6677067960477809,1.1773311161853364,16.06758569933107,89.30000000000001,0.0,0.0,18.0,0.0,0.0,0.0,19.5,0.0,0.0,26.5,0.0,0.0,7.0,0.0,0.0,0.0,0.0,1741.35,0.0,0.0,-3.0884670791218496,0.0,10,0.0,57641.0,161.65375858430326,164.27720194489834,28.240129863127017,1491.4,51.56972804851769,15.61550924438107,20.720525106477556,25.566825882932378,0,,,27.0,32.0,57641.0,0.0,0.0,0.0,0.0,0.0,0.0,0.0,0.0,0.0,1.0,1.0,0.0,0.0,0.0,458.0,64.68244111755752,0.3085339168490153,0.9978165938864628,0.0,0.0,0.0
BEV2_2025-04-27_drive2.csv,BEV2,1.055098358455509,50.862988,4.695935,50.857499,4.704068,0.8356932305088449,1.2625426651034022,0.0,0.6830715215499221,-0.7303514882900386,0.2733479958404491,0.4336235972055615,0.9439113250712704,5.740307912649431,87.9,0.0,0.0,18.5,0.0,0.0,0.0,26.0,0.0,0.0,30.25,0.0,0.0,4.25,0.0,,1.0,,2285.4,0.0,0.0,-1.5826475376832634,0.0,10,0.0,3888.0,159.20976773298753,164.27720194489834,21.05278617853832,1247.2,43.67235233351132,16.251970220871094,21.155347740255777,26.24162423400572,1,284.4566058782448,460.0,20.75,28.75,3889.0,0.0,0.0,0.0,0.0,0.0,0.0,0.0,0.0,0.0,0.0,0.0,0.0,0.0,0.0,386.0,89.48794761730115,0.625974025974026,0.9974093264248703,0.0,0.0,0.0
BEV2_2025-04-27_drive3.csv,BEV2,0.3450208695844796,50.861331,4.696691,50.863977,4.696039,0.2977594395550587,1.1587235323254352,0.0,-0.1536816083960108,0.9881204194028252,0.2365281789844288,0.3152237422902623,0.5666732807117038,1.4191690739065732,87.4,0.0,0.0,22.0,0.0,0.0,0.0,25.75,0.0,0.0,32.75,0.0,0.0,7.0,0.0,0.0,0.0,0.0,2250.55,0.0,0.0,0.6900417391689592,0.0,10,0.0,198.0,159.5574038848025,178.35060666151156,14.174470062668883,1021.3,35.15203516264745,16.333100269335358,21.185627759240116,26.176917084996234,1,272.3605337799182,247.0,25.75,31.25,199.0,0.0,0.0,0.0,0.0,0.0,0.0,0.0,0.0,0.0,0.0,0.0,0.0,0.0,0.0,170.0,37.03188809167544,0.5352941176470588,1.0,0.0,0.0,0.0
BEV2_2025-04-27_drive4.csv,BEV2,0.9920201034141184,50.863008,4.696823,50.857823,4.704088,0.7696865537027757,1.288862457895035,0.0,0.6624947000760177,-0.7490666007580282,0.2929961664471914,0.4246547435558822,0.789419467804424,5.566927162496638,87.10000000000001,0.0,0.0,23.0,0.0,0.0,0.0,26.0,0.0,0.0,31.75,0.0,0.0,5.75,0.0,0.0,0.0,0.0,2264.6000000000004,0.0,0.0,2.9760603102423557,0.0,10,0.0,525.0,159.46176893667354,178.35060666151156,14.159141177163466,1021.0,34.84907757574369,17.16954535604056,21.735627759240117,27.120378048451393,0,,,25.75,32.75,525.0,0.0,0.0,0.0,0.0,0.0,0.0,0.0,0.0,0.0,1.0,1.0,0.0,0.0,0.0,172.0,71.47919018732193,0.1345029239766081,0.994186046511628,0.0,0.0,0.0
BEV2_2025-04-27_drive5.csv,BEV2,1.0574531248537455,50.863221,4.695904,50.857815,4.7041,0.8320253891080162,1.2709385298775584,0.0,0.691393202271215,-0.7224786777844414,0.4128622205818366,0.656389039315422,1.2251100240552129,8.67010663221857,85.7,0.0,0.0,22.5,0.0,0.0,0.0,28.25,0.0,0.0,34.75,0.0,0.0,6.5,0.0,0.0,0.0,0.0,2421.025,0.0,0.0,2.643632812134364,0.0,10,0.0,6158.0,163.19136197872635,223.31046786247953,12.847413689722055,933.7,32.068535616897336,18.234278862038384,22.78488892933248,28.380047845449145,2,299.90946724606175,423.5,26.25,32.75,6159.0,0.0,0.0,0.0,0.0,0.0,0.0,0.0,0.0,0.0,0.0,0.0,0.0,0.0,0.0,166.0,84.12497329555023,0.1818181818181818,0.993975903614458,0.0,0.0,0.0
BEV2_2025-04-29_drive1.csv,BEV2,1.568154411739033,50.864975,4.680342,50.862604,4.686637999999999,0.5145449732143946,3.047652767731213,0.0,0.8587576959839505,-0.5123819079440032,0.5049351286566615,0.5275780563254419,1.3841095768229277,15.652988988356505,98.5,0.0,0.0,15.5,0.0,0.0,0.0,17.0,0.0,0.0,21.25,0.0,0.0,4.25,0.0,0.0,0.0,0.0,1674.5,0.0,0.0,-7.056694852825649,0.0,10,0.0,155171.0,165.25128483949058,264.40508683962,12.513048726704028,861.9,32.567325233990324,19.353170214290344,24.47249378834298,30.228056638858884,0,,,28.5,33.75,155172.0,0.0,0.0,0.0,0.0,0.0,0.0,0.0,0.0,0.0,1.0,1.0,0.0,0.0,0.0,312.0,71.2775148772844,0.1506410256410256,1.0,0.0,0.0,0.0
BEV2_2025-04-29_drive2.csv,BEV2,0.6872922378775063,50.860781,4.697757999999999,50.860718,4.707042,0.6516551109939955,1.0546870979484102,0.0,0.9999422171200388,-0.0107499963284266,0.1795871426760803,0.1613563999339559,0.3872418483153435,2.334632854789044,95.3,0.0,0.0,23.5,0.0,0.0,0.0,25.5,0.0,0.0,30.75,0.0,0.0,5.25,0.0,0.0,0.0,0.0,2430.15,0.0,0.0,2.405522832571272,0.0,10,0.0,26004.0,168.65618963818628,264.40508683962,9.871466788956795,670.4,29.857590090775354,19.572730289740555,24.573946840610002,30.334257185789472,0,,,17.5,23.0,26004.0,0.0,0.0,0.0,0.0,0.0,0.0,0.0,0.0,0.0,1.0,1.0,0.0,0.0,0.0,102.0,75.47889618585586,0.0490196078431372,1.0,0.0,0.0,0.0
BEV2_2025-04-30_drive1.csv,BEV2,45.34022457847651,50.957083,4.8076,50.994798,5.53904,51.38197031655041,0.8824150630882324,0.0,0.9966636675216562,0.0816182200386736,0.0246171362165944,0.1219731236269672,0.0222776235532517,27.39887260906962,89.13000000000001,0.0,0.0,13.5,0.0,0.0,0.0,18.75,0.0,0.0,23.0,0.0,0.0,4.25,0.0,0.0,0.0,0.0,1671.1875000000002,0.0,0.0,-294.7114597600973,0.0,10,0.0,53187.0,168.98158973276313,264.40508683962,9.889148145709507,656.1,31.514483365596266,20.65744457545484,24.92394684061,30.576999121273342,0,,,25.5,30.5,53187.0,0.0,0.0,0.0,0.0,0.0,0.0,0.0,0.0,0.0,1.0,1.0,0.0,0.0,0.0,2067.0,1069.8133919908275,0.176255230125523,0.9250120948234156,0.0,0.0,0.0
