file,split,vehicle,D,distance_bin,ambient_bin,ambient_c,unfiltered_geometry_km,excess_km,geometry_gt1pct,ratio,main_view_internal_consistency_checked,uncertain_charger_signal_or_mode_overlap,gap_gt_2s_count,unfiltered_km,space_only_chords_ge250m,space_only_chords_ge1000m,max_spatial_chord_m,error_S-fixed_kwh,error_H-frozen_kwh,error_H-online_kwh,error_O-combined_kwh,error_O-time_kwh,error_O-motion_kwh,error_O-quality_kwh
BEV1_2024-12-01_drive1.csv,validation,BEV1,4.357176777094713,2-10,10-25,15.5,4.414655633443318,0.057478856348605,True,1.0131917659735006,True,False,0,4.4146556334433145,0.0,0.0,57.47885634860336,-0.03843472196420317,-0.03207735431728087,-0.03207735431728087,-0.10440914292869563,-0.1302669044847785,-0.14109998605549912,-0.044819376054190174
BEV1_2024-12-01_drive2.csv,validation,BEV1,3.646660294539616,2-10,10-25,11.0,3.646660294539618,1.7763568394002505e-15,False,1.0000000000000004,True,False,0,,,,,0.12050308287525024,0.04544968569519403,0.028255783805237522,0.21028403433829612,0.09136609025271913,0.14287204972237533,0.17944665565712037
BEV1_2024-12-01_drive3.csv,validation,BEV1,5.767033181966827,2-10,<10,9.0,5.767033181966822,-5.3290705182007506e-15,False,0.9999999999999992,True,False,0,,,,,0.20610044500131153,0.19040063004477226,0.1823245790317467,0.1178833398676935,0.08502269764199588,0.03520699399357374,0.2362454039942563
BEV1_2024-12-01_drive4.csv,validation,BEV1,0.0243770251710282,<2,<10,7.0,0.0243770251710282,0.0,False,1.0,True,False,0,,,,,0.07465841133350529,0.14410489510400526,0.10843095088282748,0.16831727700480942,0.11575782042093347,-0.020373311588292663,0.34328188163692064
BEV1_2024-12-01_drive5.csv,validation,BEV1,7.58499968536398,2-10,<10,7.0,7.644696644461343,0.059696959097363,False,1.007870397043332,True,False,0,,,,,0.014101515925294184,-0.16125450943461472,-0.12514226772130232,-0.13322956258731544,-0.1674654381458689,-0.15009401918494714,-0.0847986344838525
BEV1_2024-12-01_drive6.csv,validation,BEV1,0.5482108985251086,<2,<10,7.0,0.548210898525108,-6.661338147750939e-16,False,0.9999999999999988,True,False,0,,,,,-0.25368793901426795,-0.25394162499263984,-0.24338959198630192,-0.21406425547022667,-0.2061179173885315,-0.19263740012728658,-0.20557104478630245
BEV1_2024-12-02_drive1.csv,validation,BEV1,16.556250084914954,10-50,10-25,14.0,18.04396481233744,1.4877147274224851,True,1.089858193720932,True,False,0,18.04396481233748,0.0,0.0,65.92850858982743,-0.2658273267850526,-0.5061914889641574,-0.3155746662319876,-0.4163214593843447,-0.4346573575663317,-0.42149942215600866,-0.26342287463706127
BEV1_2024-12-02_drive2.csv,validation,BEV1,20.121603302760672,10-50,<10,9.5,22.814030193510742,2.6924268907500704,True,1.1338077711919046,True,False,0,22.814030193510696,0.0,0.0,186.27029181443996,-0.3057112784446536,-0.6183362634573841,-0.4388929624033775,-0.07402223733091695,-0.5835807803153683,-0.48716775320044015,-0.12263718099947774
BEV1_2024-12-02_drive3.csv,validation,BEV1,3.883895766407592,2-10,10-25,10.0,3.9440330487674,0.060137282359808,True,1.015483752906024,True,False,0,3.944033048767399,0.0,0.0,60.13728235980759,-0.0964643258063671,-0.13405146929774936,-0.13997847476039293,-0.10391861259386426,-0.17759951690131182,-0.15943828147356365,-0.10135850313930383
BEV1_2024-12-02_drive4.csv,validation,BEV1,2.974798170786812,2-10,<10,9.5,2.9747981707868134,1.3322676295501878e-15,False,1.0000000000000004,True,False,0,,,,,0.11084344712070443,0.13774772041426658,0.13074444250599676,0.15300728708796657,0.06924557962217587,0.14801718849454598,0.16292675900153658
BEV1_2024-12-02_drive5.csv,validation,BEV1,2.9099498614575228,2-10,<10,9.5,2.9099498614575285,5.773159728050814e-15,False,1.000000000000002,True,False,0,,,,,0.04227255200733282,0.07648978260506245,0.06286685430660821,0.1682557214864957,0.099782035847082,0.10587115464036656,0.14044515103213195
BEV1_2024-12-02_drive6.csv,validation,BEV1,0.187058544421165,<2,<10,8.5,0.1870585444211649,-1.1102230246251563e-16,False,0.9999999999999994,True,True,0,,,,,-0.12820992519514246,-0.06900519008640607,-0.08179035627911321,-0.014678556360575273,-0.052953131434459205,-0.06369906121266075,-0.04469312127228395
BEV1_2024-12-03_drive1.csv,validation,BEV1,23.15474883364389,10-50,10-25,14.5,24.89225813754824,1.73750930390435,True,1.0750390045855192,True,False,0,24.89225813754829,0.0,0.0,85.11600532702317,-0.21042884107569915,-0.5308329270750756,-0.23074110950250848,-0.41152461253802297,-0.29102063502040565,-0.7356669461025591,-0.11118909050074155
BEV1_2024-12-03_drive2.csv,validation,BEV1,50.028050929031295,>=50,<10,8.5,58.13748924978808,8.109438320756787,True,1.1620978265225774,True,False,0,58.13748924978823,0.0,0.0,103.2184183811912,-1.7052290466412252,-2.035223076676189,-1.592274014081358,-1.36307277470903,-1.851001651174652,-1.6327552079083851,-1.3061062441209579
BEV1_2024-12-03_drive3.csv,validation,BEV1,6.416508521421283,2-10,10-25,10.0,6.587530576864727,0.1710220554434434,True,1.0266534447624425,True,False,0,6.587530576864723,0.0,0.0,59.83166681819162,0.21755227432236057,0.27701798976502157,0.3046073075880853,-0.09068891770427823,0.23822046201040337,-0.15765423546290414,0.1320413834618117
BEV1_2024-12-03_drive4.csv,validation,BEV1,6.511285701934032,2-10,<10,7.0,6.585107169353851,0.0738214674198189,True,1.01133746402771,True,False,0,6.585107169353856,0.0,0.0,73.82146741981887,-0.02483327694540227,-0.12061473657509625,-0.11341952936260724,-0.23129099638251005,-0.11674709531689853,-0.33130777832529046,-0.1437307727774806
BEV1_2024-12-04_drive1.csv,validation,BEV1,4.844253518656052,2-10,10-25,13.0,4.921873968063519,0.0776204494074672,True,1.0160232013267962,True,False,0,4.921873968063518,0.0,0.0,77.62044940746189,-0.014341550720583185,0.005966977022089703,0.016064789190458062,-0.09493306616338149,-0.06255620197870682,-0.1914250797950362,0.03148604931965837
BEV1_2024-12-04_drive2.csv,validation,BEV1,5.197846155371685,2-10,<10,8.5,5.277843911950695,0.0799977565790106,True,1.0153905587406309,True,False,0,5.2778439119506935,0.0,0.0,79.99775657900605,0.014333368443529615,-0.0634502532162543,-0.03701775791493844,-0.21805090319182752,-0.0856089722570087,-0.11470752110088944,-0.11240569573436288
BEV1_2024-12-04_drive3.csv,validation,BEV1,4.900480115781585,2-10,<10,6.5,4.97916529647931,0.0786851806977244,True,1.0160566268689315,True,False,0,4.979165296479315,0.0,0.0,78.68518069772539,-0.10144097928158469,-0.10229059950648489,-0.10656642751210177,-0.07812595881315021,-0.1302723282713497,-0.16014451525216322,-0.06996229366287676
BEV1_2024-12-05_drive1.csv,validation,BEV1,15.08750863334356,10-50,10-25,14.0,18.038554735807416,2.951046102463856,True,1.1955953215457993,True,False,0,18.0385547358074,0.0,0.0,107.74988980378345,-0.5465027995512499,-0.6903858419386242,-0.4309341545633454,-0.554595718550051,-0.6371496747612659,-0.5661038561250589,-0.44856073629557924
BEV1_2024-12-05_drive2.csv,validation,BEV1,14.900825090124094,10-50,<10,6.5,17.979026810732453,3.0782017206083587,True,1.2065792801398976,True,False,0,17.979026810732453,0.0,0.0,96.68986630709782,0.12461392793148374,-0.24610429082837193,-0.07986134805420297,-0.1046192653184117,-0.12036775901722674,-0.2525309682221266,-0.1428648046836387
BEV1_2024-12-05_drive3.csv,validation,BEV1,8.112805583170315,2-10,10-25,10.0,8.38410767843538,0.2713020952650637,True,1.0334412174042318,True,False,0,8.384107678435376,0.0,0.0,74.01685672166505,0.12524042435852234,0.04497325299200572,0.05861468960586924,0.047137347344591296,0.0721505716801818,0.07642140279695564,0.06551565310897556
BEV1_2024-12-05_drive4.csv,validation,BEV1,8.10389116773722,2-10,<10,7.0,8.400330541479013,0.2964393737417925,True,1.0365798808999265,True,True,0,8.400330541479018,0.0,0.0,76.61661551219473,-0.14626950901655245,-0.12004333517438548,-0.12071435535656416,-0.1826757152416525,-0.20595119780252436,-0.1444738794282534,-0.15851492202385176
BEV1_2024-12-06_drive1.csv,validation,BEV1,22.65256259734365,10-50,10-25,13.0,24.87546429602749,2.2229016986838417,True,1.0981302529959462,True,False,0,24.87546429602752,0.0,0.0,100.1058058333399,-0.7657575499708145,-0.9205237710768035,-0.6881281421076588,-0.5512995824334119,-0.9167084270881096,-0.7191831661974986,-0.5149857012531509
BEV1_2024-12-06_drive2.csv,validation,BEV1,23.419796569713945,10-50,<10,8.5,24.927806548421305,1.50800997870736,True,1.0643903961427867,True,False,0,24.9278065484213,0.0,0.0,100.06661807365067,-0.5271616366732133,-0.4084569724089828,0.047194528308331485,-0.12524449800939497,-0.30149689239785893,-0.21618600272380917,-0.09054578124127755
BEV1_2024-12-06_drive3.csv,validation,BEV1,4.301218358917444,2-10,10-25,12.0,4.515319586444145,0.2141012275267009,True,1.0497768794004187,True,False,0,4.515319586444147,0.0,0.0,74.73217554912472,-0.06737762244653656,-0.07246623407322783,-0.01944848605010696,-0.07161418780238504,-0.12752367989682378,-0.1633106843674843,-0.0650476164739151
BEV1_2024-12-06_drive4.csv,validation,BEV1,5.094111559825946,2-10,<10,6.5,5.094111559825946,0.0,False,1.0,True,False,0,,,,,-0.030624271296991967,-0.10958492955550847,-0.04427200171692469,0.06316275659740023,-0.06285495598437207,-0.021911272976462115,0.002560657432599367
BEV1_2024-12-07_drive1.csv,validation,BEV1,0.16719044917326,<2,10-25,13.5,0.1671904491732601,8.326672684688674e-17,False,1.0000000000000004,False,False,1,,,,,-0.01857245932783015,0.016954542566247843,0.026883418503769588,0.05310069072100017,-0.007151437325409335,0.013489172580210415,-0.017945357383152602
BEV1_2024-12-07_drive3.csv,validation,BEV1,97.3423327905946,>=50,<10,8.0,120.69983099192004,23.35749820132544,True,1.2399521105742628,True,False,0,120.69983099192034,0.0,0.0,165.67773836640694,-7.87283669503865,-8.367750497630059,-7.817073468161286,-7.6155016065093335,-8.562659883878435,-8.323101815906277,-7.418511584891409
BEV1_2024-12-07_drive4.csv,validation,BEV1,39.17627146075792,10-50,<10,6.5,40.42348258178281,1.2472111210248895,True,1.0318358811219237,True,False,0,40.42348258178289,0.0,0.0,92.57732662867302,0.13278727187542305,0.1679468207409922,0.278220957783204,0.027088265278155887,0.19493523308019522,0.2051174509523177,-0.060412771778239005
BEV1_2024-12-08_drive1.csv,validation,BEV1,10.53069341154632,10-50,<10,7.5,10.588215148684071,0.0575217371377512,False,1.005462293401751,True,False,0,,,,,0.2436874899504362,0.03370363636441098,0.09296479841012362,0.08652685973327445,0.08063578627350365,0.07938241326146223,-0.012681883661633364
BEV1_2024-12-08_drive2.csv,validation,BEV1,11.489126572663691,10-50,<10,7.0,11.688344904671332,0.199218332007641,True,1.0173397281984555,True,False,0,11.68834490467132,0.0,0.0,72.73666936729869,-0.2766093923016566,-0.12088779706273023,-0.05230255978481324,-0.08210368855442907,-0.14190118083321313,-0.03475000114175941,-0.13235192055013245
BEV1_2024-12-08_drive3.csv,validation,BEV1,36.44850394141952,10-50,<10,7.0,41.97281369633422,5.524309754914704,True,1.151564787509343,True,False,0,41.97281369633413,0.0,0.0,121.10938918204448,-2.3525793360209715,-2.8056092906526855,-2.5859543184749514,-2.257145544818103,-2.710455591023555,-2.67677886958732,-2.209734968452313
BEV1_2024-12-08_drive4.csv,validation,BEV1,135.382293465423,>=50,<10,9.0,174.25921779286597,38.87692432744296,True,1.287164025163839,True,False,0,174.25921779286588,0.0,0.0,139.82079263068775,-5.830482092924765,-5.972135481125424,-5.707811778986137,-6.094216658374009,-5.961653515724731,-6.247447123208978,-5.625319454600124
BEV1_2024-12-09_drive1.csv,validation,BEV1,21.308435472638948,10-50,10-25,13.5,26.03686146051824,4.728425987879291,True,1.221903949445318,True,False,0,26.03686146051821,0.0,0.0,121.76998221896456,-1.4958973788014456,-1.4926395598273423,-1.280016140033446,-0.851810385473275,-1.5164572504324276,-1.3440976990780094,-0.8485403866369232
BEV1_2024-12-09_drive2.csv,validation,BEV1,0.1313408741100557,<2,<10,6.5,0.1313408741100557,0.0,False,1.0,True,True,0,,,,,0.031221758748600226,-0.03869478683702421,-0.02936214709263485,0.0015147470626915294,-0.021541594522911184,-0.04858100501840952,0.00954154117002512
BEV1_2024-12-09_drive3.csv,validation,BEV1,15.248760891436206,10-50,<10,5.5,16.829256757494278,1.5804958660580724,True,1.103647494856168,True,False,0,16.829256757494264,0.0,0.0,102.85913433411518,-0.4075883284659345,-0.6384558848970601,-0.4852106284217723,0.07829505404768611,-0.5085971663689355,-0.4515802347091067,-0.007651777831943374
BEV1_2024-12-09_drive4.csv,validation,BEV1,4.217337998749665,2-10,10-25,15.0,4.295694458557636,0.0783564598079715,True,1.0185796015949402,True,False,0,4.295694458557636,0.0,0.0,78.35645980796953,-0.041852108199557314,-0.03977060549271638,-0.0020487857452300418,-0.40121233223952335,-0.1899318109929784,-0.2141525017709327,-0.2863061428410507
BEV1_2024-12-09_drive5.csv,validation,BEV1,3.402812734967896,2-10,<10,7.0,3.402812734967894,-1.7763568394002505e-15,False,0.9999999999999994,True,False,0,,,,,-0.006604695016546036,-0.011071822124141928,-0.021888700193296473,-0.11932838673677681,-0.07325914535678879,-0.12668796843647023,-0.023135556577570715
BEV1_2024-12-09_drive6.csv,validation,BEV1,4.664305114158527,2-10,<10,6.5,4.664305114158525,-1.7763568394002505e-15,False,0.9999999999999996,True,False,0,,,,,-0.1830800427897702,-0.1815693068472024,-0.19741205380703364,-0.37849886859271864,-0.27429873124633386,-0.37034674460513317,-0.21242254874841393
BEV1_2024-12-10_drive1.csv,validation,BEV1,4.196019424480998,2-10,10-25,14.0,4.196019424480998,0.0,False,1.0,True,False,0,,,,,-0.06791533234303349,-0.08701090487584573,-0.07927971059861927,-0.32068791129372354,-0.08351984061099649,-0.2744118580449877,-0.14036357819380962
BEV1_2024-12-10_drive2.csv,validation,BEV1,20.169027045577828,10-50,<10,9.5,22.686925533085503,2.517898487507676,True,1.1248398587506352,True,False,0,22.68692553308548,0.0,0.0,104.72369241254906,0.19517124226012061,-0.2452980416311039,-0.005253233815193603,0.153673525430297,-0.1741570302429709,-0.41067869577109484,0.1841876818932091
BEV1_2024-12-10_drive3.csv,validation,BEV1,19.12195887669556,10-50,<10,7.0,20.39789213789003,1.2759332611944671,True,1.0667260749498568,True,False,0,20.39789213789003,0.0,0.0,108.68397080755103,0.12999582708489887,-0.24990701762085799,0.07761321737786897,0.01039986368741852,-0.20907240211159772,-0.1558939786819038,0.10500516883176259
BEV1_2024-12-10_drive4.csv,validation,BEV1,2.75423758046269,2-10,<10,6.0,2.754237580462688,-2.220446049250313e-15,False,0.9999999999999992,True,False,0,,,,,-0.09539661304576874,-0.08929291549554064,-0.10459543939568583,-0.09056882500179697,-0.10535608188598544,-0.07557312525272242,0.03162923129888717
BEV1_2024-12-11_drive1.csv,validation,BEV1,53.449639948137374,>=50,10-25,14.0,70.16761588161187,16.71797593347449,True,1.3127799541717415,True,False,0,70.16761588161155,0.0,0.0,173.1715259536761,-1.593707865031007,-2.139022781761607,-1.6687276413695908,-1.9049341518178728,-2.394311237437659,-2.490218336607965,-1.8056973372794953
BEV1_2024-12-11_drive2.csv,validation,BEV1,33.1233241870254,10-50,<10,4.5,36.962141372676655,3.8388171856512514,True,1.1158946838782244,True,False,0,36.9621413726768,0.0,0.0,99.3825460457797,-1.3746168328902852,-1.6939021637512361,-1.4856350383200336,-1.4575263049542828,-1.6950193209682043,-1.3586543786935623,-1.5840841592767694
BEV1_2024-12-11_drive3.csv,validation,BEV1,65.1644500743098,>=50,10-25,23.0,85.40546363899026,20.241013564680458,True,1.3106143540166266,True,True,0,85.40546363899045,0.0,0.0,105.72914576201872,-3.4377354174575476,-3.5092941963765814,-3.214831680080481,-3.4515098402396323,-3.586310732455315,-3.324712836360158,-3.3568476586824456
BEV1_2024-12-12_drive1.csv,validation,BEV1,8.295354783141214,2-10,10-25,14.5,8.754820731394942,0.4594659482537278,True,1.0553883420619343,True,False,0,8.754820731394931,0.0,0.0,94.6016176541875,0.07216452406865193,-0.03240513633380271,0.027720018514289402,-0.1452673450519515,-0.02094973564497904,-0.16943974453746513,-0.07039313028244765
BEV1_2024-12-12_drive2.csv,validation,BEV1,54.08384903812128,>=50,<10,4.0,67.60987806598612,13.526029027864844,True,1.250093683575127,True,True,0,67.60987806598578,0.0,0.0,139.8217596686286,-0.08024319671771885,-0.5599755476013222,0.13957401481827247,-0.1124998168645579,-0.4284272965920888,0.08195386801140536,-0.049911024638802814
BEV1_2024-12-12_drive3.csv,validation,BEV1,59.57543177162592,>=50,<10,4.5,71.26198312827404,11.686551356648115,True,1.19616393887747,True,False,0,71.26198312827383,0.0,0.0,113.226702784246,-1.436148737062993,-1.6203079791518213,-1.2197540540050298,-1.3176206651164204,-1.4889015640514884,-1.6595468029797686,-1.3765139556933956
BEV1_2025-01-07_drive1.csv,validation,BEV1,18.03917442613263,10-50,10-25,12.5,18.039174426132607,-2.131628207280301e-14,False,0.9999999999999988,True,False,0,,,,,-0.40329909444613454,-0.716389944536377,-0.4403838040888548,-1.0314072530165217,-0.6559297597927412,-1.0532371710628086,-0.8596543774995875
BEV1_2025-01-07_drive2.csv,validation,BEV1,21.04809868238911,10-50,<10,3.0,21.04809868238912,1.0658141036401504e-14,False,1.0000000000000004,True,False,0,,,,,0.11130098571614955,-0.4053997948369945,-0.22059318906311454,-0.46950327329323027,-0.2442075254459155,-0.3108589049163806,-0.3634243232057024
BEV1_2025-01-07_drive3.csv,validation,BEV1,4.760707267445054,2-10,<10,4.0,4.760707267445051,-2.664535259100376e-15,False,0.9999999999999994,True,False,0,,,,,-0.07791354755255586,-0.14217050185805946,-0.18609852146728456,-0.10238819739143645,-0.16093920841640386,-0.140272892598025,-0.06881292751518053
BEV1_2025-01-08_drive1.csv,validation,BEV1,18.04879465067064,10-50,10-25,11.5,18.04879465067065,1.0658141036401504e-14,False,1.0000000000000009,True,False,0,,,,,-0.26308854271286686,-0.42066226576334254,-0.16611687853114,-0.6815592726166142,-0.422461950866992,-0.6455840299991049,-0.6296156480706596
BEV1_2025-01-08_drive2.csv,validation,BEV1,18.03646671859013,10-50,<10,3.0,18.0364667185901,-3.1974423109204515e-14,False,0.9999999999999982,True,False,0,,,,,-0.18510874500731145,-0.5586248100059716,-0.35054995066562755,-0.6787776285281968,-0.4851345766491284,-0.4616874120200034,-0.5430788755571427
BEV1_2025-01-08_drive3.csv,validation,BEV1,0.1561441263416996,<2,<10,1.0,0.1561441263416995,-1.1102230246251563e-16,False,0.9999999999999992,True,True,0,,,,,-0.21743974711085468,-0.1862516527676361,-0.18892858521161038,-0.12685008070438847,-0.14734603450676664,-0.18370845464339325,-0.16888781154427412
BEV1_2025-01-09_drive1.csv,validation,BEV1,18.040459517625514,10-50,10-25,12.0,18.040459517625504,-1.0658141036401504e-14,False,0.9999999999999994,True,False,0,,,,,0.4307040661130741,-0.008310248632286132,0.3940883859830313,-0.41621199862305414,0.11273361625349887,-0.4217339109137548,-0.15815898816725626
BEV1_2025-01-09_drive2.csv,validation,BEV1,17.98531112293834,10-50,<10,1.5,17.985311122938384,4.263256414560601e-14,False,1.0000000000000024,True,False,0,,,,,0.20237762035581097,-0.14949575111260316,0.07037556445689042,-0.2795564389576528,-0.0681959392189464,-0.08568533344490659,-0.24228069117152096
BEV1_2025-01-12_drive1.csv,validation,BEV1,0.1404951282191682,<2,10-25,11.5,0.1404951282191683,8.326672684688674e-17,False,1.0000000000000009,True,False,1,,,,,0.0037143704502564656,0.07477156435614965,0.09160117313038554,0.09492484007709359,0.04492371420069616,0.07107213266364795,0.02532672015865392
BEV1_2025-01-12_drive2.csv,validation,BEV1,0.7159075157081026,<2,<10,4.4,0.7159075157081017,-8.881784197001252e-16,False,0.9999999999999988,True,True,0,,,,,0.16769014171325852,0.1391923574620682,0.13092681096603004,0.1798554556919867,0.14323208969335371,0.16197855140775724,0.1929153139308824
BEV1_2025-01-13_drive1.csv,validation,BEV1,18.037143161097383,10-50,10-25,12.0,18.0371431610974,1.7763568394002505e-14,False,1.0000000000000009,True,False,0,,,,,-0.08514545045414668,-0.47107726028240515,-0.13978237067789756,-0.8541283412667116,-0.4516560656672839,-0.9125305576630982,-0.6117002890004457
BEV1_2025-01-13_drive2.csv,validation,BEV1,17.993681658512198,10-50,<10,1.5,17.99368165851221,1.0658141036401504e-14,False,1.0000000000000009,True,False,0,,,,,-0.22185384814801434,-0.748191105558563,-0.42831421583585083,-0.8393557395635685,-0.5664306973646509,-0.6491290697311691,-0.8163115149721611
BEV1_2025-01-14_drive1.csv,validation,BEV1,17.71443128786747,10-50,10-25,11.5,18.03609718163718,0.3216658937697119,True,1.0181584092959293,True,False,0,18.03609718163724,0.0,0.0,66.07460575019746,-0.15892596439323903,-0.3890356380658768,-0.040463016702541044,-0.7228979078975275,-0.3338880565187319,-0.6102092318161998,-0.7576232236550573
BEV1_2025-01-14_drive2.csv,validation,BEV1,21.066630513377497,10-50,<10,1.0,21.06663051337741,-8.526512829121202e-14,False,0.999999999999996,True,False,0,,,,,0.3711715118540768,-0.08815729625900204,0.08147206387674188,-0.05679237829668615,0.055026680455255494,0.024465618051170424,-0.09941946862012951
BEV1_2025-01-14_drive3.csv,validation,BEV1,4.760403850581216,2-10,<10,2.5,4.760403850581217,8.881784197001252e-16,False,1.0000000000000002,True,False,0,,,,,0.19968531560571734,0.13286303468143512,0.07943979758139375,0.04471557928264691,0.07414235024525062,0.10185712420409143,0.21021499868199467
BEV1_2025-01-15_drive1.csv,validation,BEV1,0.5763925739618555,<2,10-25,12.0,0.5763925739618556,1.1102230246251563e-16,False,1.0000000000000002,True,False,0,,,,,-0.10385286716110764,-0.01884261861739933,0.0017943617429537206,0.004774957257441537,-0.021600386465260413,-0.05002906095933066,-0.016313266927115322
BEV1_2025-01-15_drive2.csv,validation,BEV1,0.5741735227405882,<2,<10,8.0,0.5741735227405879,-3.3306690738754696e-16,False,0.9999999999999994,True,False,0,,,,,-0.0628582598138879,-0.02712739923352961,-0.020389894784136636,-0.03587844421816655,-0.01562470553437692,-0.010204036629141072,0.01736578175552253
BEV1_2025-01-16_drive1.csv,validation,BEV1,21.71713205758096,10-50,10-25,12.0,21.717132057580987,2.4868995751603507e-14,False,1.000000000000001,True,False,1,,,,,0.40610263739093755,0.11545356404118756,0.4045979052908426,-0.23868857089038142,0.2553103716149674,-0.13866693856599488,0.0023330603342315293
BEV1_2025-01-16_drive2.csv,validation,BEV1,24.56000226915034,10-50,<10,3.5,24.56000226915035,1.0658141036401504e-14,False,1.0000000000000004,True,False,0,,,,,0.181657691087028,-0.3193464081703965,-0.08790030043337715,-0.4255191372495437,-0.04224526014549479,-0.47055665874455865,-0.19063343241867692
BEV1_2025-01-16_drive3.csv,validation,BEV1,5.849857868760985,2-10,<10,6.0,5.849857868760989,3.552713678800501e-15,False,1.0000000000000009,True,False,0,,,,,0.19111451161363968,0.1602893881370142,0.1459770665074922,-0.017335698317306303,0.053159916634158755,-0.216971394688653,0.1648209303739565
BEV1_2025-01-16_drive4.csv,validation,BEV1,5.719215439102749,2-10,<10,1.0,5.719215439102748,-8.881784197001252e-16,False,1.0,True,False,0,,,,,-0.16833823001485815,-0.1585420033756264,-0.19155158742681633,-0.07327202113409781,-0.2055072004606293,-0.19654814586477443,-0.05958285488397608
BEV1_2025-01-17_drive1.csv,validation,BEV1,3.901828946773516,2-10,10-25,11.5,3.901828946773516,0.0,False,1.0,True,False,0,,,,,-0.1585919899247088,-0.07069584403669882,-0.05840475274368184,-0.19927239794228713,-0.12731694676833571,-0.1733143067698707,-0.07028141466238835
BEV1_2025-01-17_drive2.csv,validation,BEV1,3.737035834408285,2-10,<10,0.0,3.737035834408285,0.0,False,1.0,True,False,0,,,,,-0.19330134884232764,-0.2973202963884193,-0.27650261080077077,-0.2554646428956391,-0.3270339077221214,-0.3506419937649662,-0.2333918373841103
BEV1_2025-01-18_drive1.csv,validation,BEV1,7.348130191261768,2-10,10-25,11.5,7.348130191261759,-8.881784197001252e-15,False,0.9999999999999988,True,False,0,,,,,-0.0011729734598528996,0.043087560234500444,0.10981667114770222,0.11082331171376247,-0.011865184065007695,-0.0705528680895473,0.1747586732506483
BEV1_2025-01-18_drive2.csv,validation,BEV1,1.0778839338645403,<2,10-25,11.5,1.077883933864541,6.661338147750939e-16,False,1.0000000000000009,True,False,0,,,,,-0.216092397899567,-0.21313963697411326,-0.1988723654227349,-0.1698056098661358,-0.22577788113910813,-0.22275081948040273,-0.21691788708340898
BEV1_2025-01-18_drive3.csv,validation,BEV1,5.862633469797833,2-10,<10,3.6,5.862633469797831,-2.664535259100376e-15,False,0.9999999999999996,False,False,1,,,,,0.11811458051519597,0.05167833114960718,0.06500534680591508,0.438453251217366,-0.07938225387170816,0.0696916684037352,0.45646590907583096
BEV1_2025-01-18_drive4.csv,validation,BEV1,6.744666754168504,2-10,<10,1.5,6.744666754168504,0.0,False,1.0,True,False,0,,,,,-0.2984766247928474,-0.34517176652660453,-0.3353171979660907,-0.3769432382836735,-0.3966722581743969,-0.4372712752013246,-0.33730836897003136
BEV1_2025-01-19_drive1.csv,validation,BEV1,8.130325133543092,2-10,10-25,11.5,8.130325133543097,5.3290705182007506e-15,False,1.0000000000000009,True,False,0,,,,,-0.11836430333151537,-0.13117857989910964,-0.06800567443792249,-0.15735173400120517,-0.17212249365897425,-0.2196064184139208,-0.08835224479313886
BEV1_2025-01-19_drive3.csv,validation,BEV1,7.489279013297705,2-10,<10,1.0,7.489279013297703,-1.7763568394002505e-15,False,0.9999999999999998,True,False,0,,,,,0.33077880131685666,0.14486663844781433,0.09579594065466734,-0.1253198834602176,0.0730939052407622,-0.4128123750532905,0.09825763456583991
BEV1_2025-01-19_drive4.csv,validation,BEV1,0.1598964372987068,<2,<10,1.0,0.1598964372987069,8.326672684688674e-17,False,1.0000000000000004,True,True,1,,,,,-0.03944339572599609,0.026281489109090672,0.007885152314953708,0.13398384429563354,0.07364215026736234,0.03856974965276311,0.011263682105340372
BEV1_2025-01-19_drive5.csv,validation,BEV1,0.1512139455552434,<2,<10,-1.5,0.1512139455552434,0.0,False,1.0,True,False,0,,,,,0.09820332665343898,0.10007224370451359,0.11574283366296334,0.12764949319336072,0.10016517758762597,0.0768534888382574,0.14001332891731474
BEV1_2025-01-20_drive1.csv,validation,BEV1,6.591427930215117,2-10,10-25,11.0,6.591427930215111,-6.217248937900877e-15,False,0.9999999999999992,True,False,0,,,,,0.11517429776852817,0.06539520974861457,0.16084503301901343,-0.14507581394068114,-0.06716287771417928,-0.2652856769789258,-0.029528755077281144
BEV1_2025-01-20_drive2.csv,validation,BEV1,6.573218372898084,2-10,<10,2.0,6.573218372898085,8.881784197001252e-16,False,1.0000000000000002,True,False,0,,,,,-0.27812360978661865,-0.49223128003947414,-0.40370315840199145,-0.5500072447983908,-0.45743721372924817,-0.6580085871256833,-0.5531602346299438
BEV1_2025-01-21_drive1.csv,validation,BEV1,17.930360694715315,10-50,10-25,11.3,18.0424429466226,0.1120822519072817,False,1.0062509758624274,True,False,0,,,,,-0.21716442509160538,-0.5834643800298367,-0.0530689922650569,-0.8888304431133349,-0.5326060138915696,-0.801709982239275,-0.8665205928599704
BEV1_2025-01-21_drive2.csv,validation,BEV1,17.9885331393853,10-50,<10,1.5,17.988533139385332,3.1974423109204515e-14,False,1.0000000000000018,True,False,0,,,,,0.02862907396313563,-0.3972383309538392,-0.07610394018869471,-0.5705034929214663,-0.2699545260621625,-0.41502241877452484,-0.40527140301737097
BEV1_2025-01-22_drive1.csv,validation,BEV1,18.018329459473,10-50,10-25,11.5,18.01832945947299,-1.0658141036401504e-14,False,0.9999999999999994,True,False,0,,,,,-0.1419445992544719,-0.3612192799892209,-0.026920582960831663,-0.6186009322271566,-0.29516206661555966,-0.6029166930508896,-0.45887059408003417
BEV1_2025-01-22_drive2.csv,validation,BEV1,18.00787228353013,10-50,<10,7.5,18.007872283530126,-3.552713678800501e-15,False,0.9999999999999998,False,False,1,,,,,-0.3482128435672718,-0.5478014823904238,-0.283414924805371,-0.25674252645864826,-0.49729005492782097,-0.2975458608137256,-0.31646880625460794
BEV1_2025-01-22_drive3.csv,validation,BEV1,0.1506495491252367,<2,<10,6.0,0.1506495491252367,0.0,False,1.0,True,False,0,,,,,0.05030992846072928,0.04594375091567775,0.058540956544256686,0.05296056364818351,0.049329385166131653,0.005091450216156965,0.05019031329210612
BEV1_2025-01-23_drive1.csv,validation,BEV1,21.589857723675284,10-50,10-25,11.5,21.58985772367529,7.105427357601002e-15,False,1.0000000000000002,True,True,0,,,,,0.4752690175724026,0.26978258064095284,0.7539342897034875,-0.2581282509932863,0.4401042597131464,-0.21213935605214873,0.02041023753999882
BEV1_2025-01-23_drive2.csv,validation,BEV1,13.604916861694525,10-50,<10,6.0,13.604916861694544,1.9539925233402755e-14,False,1.000000000000001,True,False,0,,,,,0.05791482285379157,-0.11920339242744316,0.1903118253774463,-0.15967071423211987,-0.08092710528378744,-0.1620255357039908,0.02633053370617322
BEV1_2025-01-23_drive3.csv,validation,BEV1,11.931689491908,10-50,<10,6.0,11.931689491908,0.0,False,1.0,True,False,0,,,,,0.6067173105858896,0.31754417299723636,0.3347248871804198,-0.049137272010745026,0.271812610043372,-0.052796034708835204,0.2769481775016409
BEV1_2025-01-23_drive4.csv,validation,BEV1,1.964130945047795,<2,<10,6.0,1.9641309450477933,-1.7763568394002505e-15,False,0.9999999999999992,True,False,0,,,,,0.27622011505552035,0.28141449659465334,0.2754877279847553,0.2877845529406565,0.25090028575253,0.253665333931242,0.2629133813389056
BEV1_2025-01-23_drive5.csv,validation,BEV1,5.722864009608076,2-10,<10,9.0,5.722864009608076,0.0,False,1.0,True,False,0,,,,,0.11372074712831237,0.03282527052687012,0.05207037355241195,-0.11596380159483433,-0.008519276051148994,-0.21382297384668447,0.08113433037742879
BEV1_2025-01-23_drive6.csv,validation,BEV1,5.582819154865351,2-10,<10,6.5,5.582819154865348,-3.552713678800501e-15,False,0.9999999999999992,True,False,0,,,,,-0.6501567429975901,-0.6810434956210396,-0.6454624532366595,-0.6351769569520325,-0.6293910252827604,-0.7328613974524061,-0.6592975619299848
BEV2_2024-12-01_drive1.csv,validation,BEV2,2.067356620361705,2-10,<10,2.0,2.067356620361704,-8.881784197001252e-16,False,0.9999999999999996,False,False,1,,,,,0.06275087841631899,0.05230270815675275,0.05230270815675275,0.3942719566115346,0.0249556027518818,0.16317068530967904,0.6855352396076422
BEV2_2024-12-01_drive2.csv,validation,BEV2,0.7216081609687848,<2,<10,2.5,0.7216081609687846,-2.220446049250313e-16,False,0.9999999999999996,True,False,0,,,,,0.07454612675807082,0.02808132979098149,0.02808132979098149,0.17476345643128843,-0.002984758796114151,0.15095660757604312,0.0727786921238035
BEV2_2024-12-01_drive3.csv,validation,BEV2,1.238147648538768,<2,<10,3.0,1.2381476485387677,-2.220446049250313e-16,False,0.9999999999999998,True,False,0,,,,,-0.051571090195827896,-0.06152201439715599,-0.13520362944960362,-0.022426804224406127,-0.1175741461315093,0.025540972506844395,-0.05021675811110815
BEV2_2024-12-01_drive4.csv,validation,BEV2,0.0624907033824991,<2,<10,5.0,0.0624907033824991,0.0,False,1.0,True,False,0,,,,,0.13581596879826896,0.133825064862634,0.07401507697673779,0.15873923291501954,0.09918433498204543,0.1534075357680548,0.1470944899194445
BEV2_2024-12-01_drive5.csv,validation,BEV2,3.7954149295591577,2-10,<10,7.0,3.795414929559157,-8.881784197001252e-16,False,0.9999999999999998,True,False,0,,,,,0.00823984650043541,0.06643441421306562,-0.01212403592443756,0.1722268996759858,0.08339172296553277,0.22382587230315354,0.1363800028358072
BEV2_2024-12-01_drive6.csv,validation,BEV2,4.249184206600823,2-10,<10,9.0,4.249184206600823,0.0,False,1.0,False,False,1,,,,,0.24711832276948442,0.2710793155686959,0.2616204202829451,0.3129150641293992,0.16921237497835406,0.16390479098035282,0.413518507626621
BEV2_2024-12-01_drive7.csv,validation,BEV2,6.232378734346202,2-10,<10,8.0,6.2323787343462085,6.217248937900877e-15,False,1.0000000000000009,True,False,0,,,,,0.02744941303260995,0.12298084890958672,0.11276700187580602,0.04703842682806214,-0.012675625280446079,0.10765808577281111,0.07895537682732923
BEV2_2024-12-01_drive8.csv,validation,BEV2,2.196767163495109,2-10,<10,8.0,2.196767163495109,0.0,False,1.0,True,False,0,,,,,0.14844830262053255,0.1884165351299536,0.12432066000808395,0.13021094960699242,0.10437371779848925,0.11655577617703361,0.1953268014381654
BEV2_2024-12-08_drive1.csv,validation,BEV2,3.1936754494964035,2-10,<10,6.5,3.193675449496403,-4.440892098500626e-16,False,1.0,True,False,0,,,,,-0.022503563687933492,0.015521839225328793,0.00847564333102746,-0.1118467441288652,-0.10291106304835251,-0.07993263750871848,-0.00430224290670389
BEV2_2024-12-08_drive2.csv,validation,BEV2,1.263774212792392,<2,<10,6.5,1.2637742127923923,2.220446049250313e-16,False,1.0000000000000002,True,True,0,,,,,-0.09197648361305871,0.006720254502578515,-0.05658459919107045,-0.009184695443558488,-0.06766219486540015,-0.0025246660655781072,-0.038146164676866934
BEV2_2024-12-08_drive3.csv,validation,BEV2,5.277098143670022,2-10,<10,7.0,5.277098143670024,1.7763568394002505e-15,False,1.0000000000000004,True,False,0,,,,,0.07977844693968161,0.07794864779005928,0.026984106776318795,0.039911849789651566,0.03916750612362674,0.03665990220536286,0.02573243133881875
BEV2_2024-12-08_drive4.csv,validation,BEV2,69.22896305315099,>=50,<10,7.0,69.22896305315105,5.684341886080803e-14,False,1.0000000000000009,True,False,0,,,,,0.7158466352598776,0.8800509176900722,0.6697040295511023,0.48482407371461456,1.091652765049746,0.334018194323761,0.6820179401546067
BEV2_2024-12-08_drive5.csv,validation,BEV2,6.168504159947052,2-10,<10,8.0,6.168504159947043,-8.881784197001252e-15,False,0.9999999999999986,True,False,0,,,,,-0.13837054649427727,0.019920177739864986,-0.07163194356365987,0.026125475568290923,-0.026973298806358015,-0.05809186293499713,0.026865784731636477
BEV2_2024-12-08_drive6.csv,validation,BEV2,65.35984750593472,>=50,10-25,13.5,65.42627604422614,0.0664285382914187,False,1.00101635087636,True,False,0,,,,,0.4423510894546947,0.7108047425448731,0.6649370016587994,0.14463760101481782,0.6427182686548232,0.1703717462188763,0.27466263921831136
BEV2_2024-12-09_drive1.csv,validation,BEV2,7.949290098649225,2-10,<10,5.0,7.94929009864922,-5.3290705182007506e-15,False,0.9999999999999992,False,False,1,,,,,-0.5214130105235188,-0.49728194513843427,-0.5406474843243034,-0.37498200588661756,-0.47361516197427345,-0.4014798960489583,-0.4696180600628217
BEV2_2024-12-09_drive2.csv,validation,BEV2,2.7715964279703384,2-10,<10,9.5,2.771596427970338,-4.440892098500626e-16,False,1.0,True,False,0,,,,,-0.10709022929088241,-0.0765433678224845,-0.07342008853836213,-0.06675374429584102,-0.05898641652428438,-0.0913318225927171,-0.15256616550322666
BEV2_2024-12-09_drive3.csv,validation,BEV2,11.16399802061476,10-50,<10,6.5,11.796896642313351,0.6328986216985903,True,1.0566910367173048,True,False,0,11.79689664231334,0.0,0.0,64.56954704183579,-0.08714346419138641,-0.16926188815923648,-0.29840283084685737,-0.08333302514326091,-0.19262324399767916,0.036204877852426876,0.015394517386678519
BEV2_2024-12-09_drive4.csv,validation,BEV2,3.7619297805145537,2-10,<10,5.5,3.761929780514552,-1.7763568394002505e-15,False,0.9999999999999996,True,False,0,,,,,0.04422800668648863,0.11324127992313726,0.05774954367638263,0.14205090667559994,0.14474330408814984,0.15539163355777985,0.008286429130381023
BEV2_2024-12-09_drive5.csv,validation,BEV2,3.153656564958474,2-10,<10,5.5,3.153656564958476,1.7763568394002505e-15,False,1.0000000000000009,True,False,0,,,,,0.07645258404076327,0.03147609264750195,-0.008663714327487027,-0.004154012022413278,-0.035489178276711386,0.07014853001671018,0.02878097795543688
BEV2_2024-12-09_drive6.csv,validation,BEV2,3.992679451141013,2-10,<10,5.5,3.992679451141012,-8.881784197001252e-16,False,0.9999999999999998,True,False,0,,,,,-0.21573320695428388,-0.23350449558431285,-0.34150782232734755,-0.15211199229245054,-0.13678234711201598,-0.171976044229333,-0.23933768267015854
BEV2_2024-12-10_drive1.csv,validation,BEV2,3.5251002119055723,2-10,<10,5.5,3.5251002119055728,4.440892098500626e-16,False,1.0000000000000002,True,False,0,,,,,0.03303658303462975,0.005683382840129592,0.02329599042466879,0.13767021894043951,0.057231178661822035,0.09721621310978668,0.03341950535884031
BEV2_2024-12-10_drive2.csv,validation,BEV2,3.654201855741436,2-10,<10,7.5,3.654201855741438,2.220446049250313e-15,False,1.0000000000000009,True,False,0,,,,,-0.05085800391483408,-0.05285750873027906,-0.041367637411226066,-0.05791530247282628,-0.04789203984808066,-0.02961060277122818,-0.24970372740243196
BEV2_2024-12-10_drive3.csv,validation,BEV2,2.6662989097588063,2-10,<10,5.5,2.6662989097588063,0.0,False,1.0,True,False,0,,,,,0.0981229090713226,0.0792797402145401,-0.03732914465810311,0.08442844212531109,0.042291027253526736,0.15075462382121063,0.10332882170551161
BEV2_2024-12-11_drive1.csv,validation,BEV2,2.4608818932883287,2-10,<10,4.5,2.460881893288334,5.3290705182007506e-15,False,1.0000000000000022,True,False,0,,,,,-0.13038072951759938,-0.10806903358273878,-0.17725965701734003,-0.041606052524337356,-0.06767931824752149,-0.05696897854505245,-0.12547041981441853
BEV2_2024-12-11_drive2.csv,validation,BEV2,2.846346611014387,2-10,10-25,10.0,2.8463466110143867,-4.440892098500626e-16,False,1.0,True,False,0,,,,,-0.09679096998462078,-0.12015497975162337,-0.12562179439129328,-0.16596590436111214,-0.11950110698825989,-0.13664067468534935,-0.16926305357458005
BEV2_2024-12-12_drive1.csv,validation,BEV2,74.94845764509138,>=50,<10,2.5,74.94845764509142,4.263256414560601e-14,False,1.0000000000000009,True,True,0,,,,,-1.0489893628380358,-1.1003394173896872,-0.759117961508105,-1.0890319162048012,-1.1085866555703134,-0.6472097539596078,-1.2467778059683745
BEV2_2024-12-12_drive2.csv,validation,BEV2,75.93670720902266,>=50,<10,4.388888888888889,75.93670720902237,-2.842170943040401e-13,False,0.9999999999999962,True,True,0,,,,,-0.03913019356051883,-0.04700558984700187,0.3822907662542505,-0.17120028500840334,-0.06088702657870293,0.5104531852846925,-0.2145192556633777
BEV2_2024-12-12_drive3.csv,validation,BEV2,2.821291047082621,2-10,<10,9.5,2.8212910470826222,1.3322676295501878e-15,False,1.0000000000000004,True,True,0,,,,,-0.06360746429481401,-0.01260403809569377,-0.002186200329435839,-0.031778032544183654,-0.05835286148534391,0.005381891447170051,-0.04334172418605131
BEV2_2024-12-13_drive1.csv,validation,BEV2,4.866559601396534,2-10,<10,1.0,4.866559601396521,-1.3322676295501878e-14,False,0.9999999999999972,True,False,0,,,,,-0.4506435428270448,-0.3407324505924487,-0.331189215342266,-0.3925362100591674,-0.3694765415313397,-0.4021894911897308,-0.4070872781155972
BEV2_2024-12-13_drive2.csv,validation,BEV2,2.6851880532460832,2-10,<10,2.0,2.685188053246081,-2.220446049250313e-15,False,0.9999999999999992,True,False,0,,,,,-0.21479576839685977,-0.3291186070168002,-0.2896580630450707,-0.23620524220765482,-0.256139132235083,-0.2581807274668215,-0.30660550740106596
BEV2_2024-12-13_drive4.csv,validation,BEV2,4.367904531079914,2-10,<10,9.875,4.36790453107991,-3.552713678800501e-15,False,0.9999999999999992,True,False,0,,,,,-0.08999436861314347,-0.08292824800208587,-0.08828151466617262,-0.1776791871601393,-0.10189987717484139,-0.17287341392438504,-0.08585719410616965
BEV2_2024-12-14_drive1.csv,validation,BEV2,7.998241798546101,2-10,<10,2.5,7.998241798546103,1.7763568394002505e-15,False,1.0000000000000002,False,False,1,,,,,-0.18641987974695562,-0.13172851149118592,-0.1213894173805401,-0.26760368336956986,-0.10874271227763099,-0.252275033677531,-0.1458442363055592
BEV2_2024-12-14_drive2.csv,validation,BEV2,5.709036873999822,2-10,<10,3.5,5.709036873999824,1.7763568394002505e-15,False,1.0000000000000002,True,False,0,,,,,0.005906324959980447,-0.02579306125941616,0.05514643333643976,-0.026251738411113612,-0.051533918610391805,0.047541294705936155,-0.05321870936808781
BEV2_2024-12-14_drive3.csv,validation,BEV2,10.59877458064886,10-50,<10,4.0,10.598774580648865,5.3290705182007506e-15,False,1.0000000000000004,True,False,0,,,,,-0.6739015820492433,-0.5733323868574791,-0.5562087133587288,-0.4694978022004439,-0.6241004655603182,-0.404809102972862,-0.5993453738733416
BEV2_2024-12-14_drive4.csv,validation,BEV2,5.835311628845016,2-10,<10,4.0,5.835311628845011,-5.3290705182007506e-15,False,0.9999999999999992,True,False,0,,,,,-0.377703536892704,-0.38080999717372754,-0.3156356764068582,-0.25444876328939725,-0.332463862320151,-0.18135472874668523,-0.28920934655982533
BEV2_2024-12-14_drive5.csv,validation,BEV2,4.878715705010014,2-10,<10,4.5,4.878715705010015,1.7763568394002505e-15,False,1.0000000000000004,True,False,0,,,,,-0.0039474932154039966,-0.002816358575630895,-0.12752004689418017,-0.022363849372249334,-0.025920664029913443,0.03347401540980144,-0.00587437314439665
BEV2_2024-12-14_drive6.csv,validation,BEV2,5.6764829140551605,2-10,<10,4.5,5.676482914055151,-9.769962616701378e-15,False,0.9999999999999982,True,False,0,,,,,0.05741580109731936,0.010571748057504715,0.010922234749872084,-0.07224424561435216,-0.008785750151778515,-0.0627803479719915,0.058072532614149575
BEV2_2024-12-15_drive1.csv,validation,BEV2,3.852399427083199,2-10,<10,5.0,3.852399427083195,-3.996802888650564e-15,False,0.999999999999999,True,False,0,,,,,-0.10146857642871021,-0.09172851055126596,-0.11976709310028011,-0.08975665106181574,-0.15380211138550348,-0.09184328288047139,-0.04890820921933736
BEV2_2024-12-15_drive2.csv,validation,BEV2,1.4309521111008503,<2,<10,5.0,1.4309521111008496,-6.661338147750939e-16,False,0.9999999999999996,True,False,0,,,,,-0.08955881719098424,-0.10389462736431132,-0.17468739486798768,-0.033943991566488085,-0.07620962358850147,-0.02016140246954312,-0.08091617503906123
BEV2_2024-12-15_drive3.csv,validation,BEV2,63.74553199808428,>=50,<10,8.0,63.7455319980842,-7.815970093361102e-14,False,0.9999999999999988,True,False,0,,,,,0.23424554161685407,0.10690368068199163,0.25655526798506934,-0.14468575957800311,0.21481343708640033,-0.2791978046749861,-0.26665845016025536
BEV2_2024-12-15_drive4.csv,validation,BEV2,65.06847150170223,>=50,10-25,12.75,65.4738918423941,0.4054203406918617,False,1.006230672572065,True,False,0,,,,,0.513187564969936,0.6423660283696346,0.7522635685678676,0.21785987611967172,0.5355386651436547,0.20537363633329164,0.3092311835008328
BEV2_2024-12-15_drive5.csv,validation,BEV2,6.102925105281319,2-10,10-25,10.0,6.102925105281327,7.993605777301127e-15,False,1.000000000000001,True,False,0,,,,,0.09229722982072786,0.18509863015211603,0.15254878516148795,0.13838004031104423,0.08315040347247882,0.04833701908954868,0.19609758385052856
BEV2_2024-12-15_drive6.csv,validation,BEV2,4.561634729347075,2-10,10-25,10.0,4.561634729347072,-2.664535259100376e-15,False,0.9999999999999994,True,False,0,,,,,-0.25488636708156287,-0.14543944901894945,-0.24685698515779664,-0.002882930763293823,-0.0758901651014845,-0.06094311042839795,-0.13712191546169827
BEV2_2024-12-15_drive7.csv,validation,BEV2,5.869486062085609,2-10,10-25,10.5,5.869486062085606,-2.664535259100376e-15,False,0.9999999999999996,True,False,0,,,,,-0.024409759374360185,-0.015271374582436659,-0.04512861452222694,0.15442568129603784,-0.06938874101034931,0.09983906822548905,0.06002485414812431
BEV2_2024-12-16_drive1.csv,validation,BEV2,2.2018085608043587,2-10,10-25,10.5,2.201808560804358,-8.881784197001252e-16,False,0.9999999999999996,True,False,0,,,,,0.024201695019881675,0.06767135541689318,0.030540508980676395,0.09842466302736141,0.04961335111518772,0.048086860742278636,0.05563870560495787
BEV2_2024-12-17_drive1.csv,validation,BEV2,36.72943952712159,10-50,<10,8.5,39.249894827838105,2.520455300716513,True,1.0686222096815654,True,False,0,39.24989482783804,0.0,0.0,69.56428199293246,0.9523870118734532,0.8440432409821597,0.9187948654586666,0.4830964207197077,0.9339711066168244,0.19588426037879714,0.5488871654304655
BEV2_2024-12-19_drive2.csv,validation,BEV2,2.7470498198999853,2-10,<10,5.5,2.7470498198999884,3.1086244689504387e-15,False,1.000000000000001,True,False,0,,,,,-0.10254325851636004,-0.1133772676555499,-0.12643415947768488,0.028452003688745897,-0.04747283985334272,-0.001181103974836728,-0.12687398136444006
BEV2_2024-12-20_drive1.csv,validation,BEV2,5.174381680177681,2-10,<10,5.5,5.174381680177683,2.664535259100376e-15,False,1.0000000000000004,True,False,0,,,,,0.3022737877317575,0.31812280884920174,0.3379890186158353,0.5270204759236653,0.32081715915832787,0.4706383639038393,0.36538930584152485
BEV2_2024-12-22_drive1.csv,validation,BEV2,2.562112749996922,2-10,<10,4.0,2.562112749996921,-8.881784197001252e-16,False,0.9999999999999996,True,False,0,,,,,0.2436053326216958,0.24031514240806806,0.24427608728196726,0.1352148258131579,0.1294395977273306,0.21117543159207086,0.23765032473300585
BEV2_2024-12-23_drive1.csv,validation,BEV2,82.52320033675029,>=50,<10,5.5,83.18584901337967,0.6626486766293738,False,1.0080298470481672,True,False,0,,,,,-0.0889438443671331,-0.314543167447205,-0.3777753476340706,-1.1683623708957782,-0.4730634452168019,-0.6589546373223989,-1.0820868656266143
BEV2_2024-12-23_drive2.csv,validation,BEV2,34.26964134455173,10-50,<10,5.5,34.40402546611879,0.1343841215670593,False,1.003921375196663,True,False,0,,,,,1.1794770749056367,0.7523060337869385,0.7917107423841596,0.552633711389376,0.7574126463756059,0.808884190328393,0.5286225842970991
BEV2_2024-12-24_drive1.csv,validation,BEV2,1.8991132945092213,<2,<10,6.5,1.8991132945092228,1.5543122344752194e-15,False,1.0000000000000009,True,True,0,,,,,-0.20807499811839925,-0.2268092662252431,-0.22422675436098805,-0.03563503581249261,-0.10809209101702577,-0.09398259029811318,-0.21738645140039858
BEV2_2024-12-24_drive2.csv,validation,BEV2,0.8204976461637046,<2,<10,6.0,0.8204976461637048,2.220446049250313e-16,False,1.0000000000000002,True,False,0,,,,,0.09302759181059084,0.247608059938279,0.24629283182809236,0.13019185982933373,0.16348105719815537,0.10605103185881842,0.19363073360513966
BEV2_2024-12-26_drive1.csv,validation,BEV2,32.619034050880046,10-50,<10,6.0,32.75514819341672,0.1361141425366767,False,1.0041728440616715,True,False,0,,,,,1.2219862168088964,1.1368626587349677,1.165633498176911,0.2520063859141439,1.1220509960366627,0.78581415172851,0.2881749386590844
BEV2_2024-12-27_drive1.csv,validation,BEV2,76.13065539898403,>=50,<10,1.0,76.19721730317725,0.0665619041932217,False,1.0008743114563297,True,False,0,,,,,0.39277498093198204,0.4255807887252949,0.4453962004527252,0.16439700711340954,0.4595589876912669,0.1703999115832424,0.46845828158501135
BEV2_2024-12-28_drive1.csv,validation,BEV2,6.036809768342013,2-10,<10,-1.5,6.036809768342015,1.7763568394002505e-15,False,1.0000000000000002,True,False,0,,,,,0.30418636322578685,0.3984321014394352,0.39092732993783064,0.15480578088971542,0.25800711772845153,0.10963596863803504,0.21896367338868572
BEV2_2024-12-28_drive2.csv,validation,BEV2,0.2836241207103819,<2,<10,5.0,0.2836241207103818,-1.1102230246251563e-16,False,0.9999999999999996,True,False,0,,,,,-0.011780898595462469,0.019297754115116472,-0.016007116686328038,0.03988389537714293,-0.042751802367887004,0.042213780379911275,-0.006535441300831141
BEV2_2024-12-31_drive1.csv,validation,BEV2,39.45851448257286,10-50,<10,2.5,39.65667553959042,0.1981610570175576,False,1.00502201006845,True,False,0,,,,,-0.1614980996883535,-0.291605603222334,-0.3257863535854071,-0.30702663640923333,-0.3136923664411455,0.06407144251536323,-0.6590255879394409
BEV2_2024-12-31_drive2.csv,validation,BEV2,48.364704264385104,10-50,<10,4.0,48.43281126309885,0.0681069987137448,False,1.001408196323117,True,False,0,,,,,1.3256280358548214,1.2097319333948775,1.1442955468616844,0.9193070691453347,1.2919780664766183,1.5202179534019749,0.9191463123051431
BEV2_2024-12-31_drive3.csv,validation,BEV2,24.92742188912103,10-50,<10,4.5,27.03134681482741,2.103924925706377,True,1.0844020266140957,True,False,0,27.03134681482744,0.0,0.0,69.62685326928171,0.2404050174546084,-0.1365879635401024,-0.23631482739276422,0.15225053701403723,-0.08972198476791515,-0.04569163542761334,0.11966423559084927
BEV2_2024-12-31_drive4.csv,validation,BEV2,2.211539719694997,2-10,<10,3.0,2.211539719694996,-8.881784197001252e-16,False,0.9999999999999996,True,False,0,,,,,0.1968652378687631,0.263313056194741,0.23448070853752995,0.12379447394207754,0.1876234497806033,0.26134447551288154,0.296417053055391
BEV2_2024-12-31_drive5.csv,validation,BEV2,1.005738818755292,<2,<10,3.5,1.0057388187552925,4.440892098500626e-16,False,1.0000000000000004,True,False,0,,,,,0.21001427640923295,0.2886182334853492,0.25351109410156647,0.26217905482153936,0.2424502555661375,0.2873149958988429,0.2662075004767288
BEV2_2025-01-01_drive1.csv,validation,BEV2,2.257253261065658,2-10,<10,7.5,2.25725326106566,2.220446049250313e-15,False,1.0000000000000009,True,False,0,,,,,0.19795666440365672,0.19983964722899206,0.19600243775841397,0.16423396206216107,0.21921977322931063,0.18886994829379733,0.19805118843530034
BEV2_2025-01-01_drive2.csv,validation,BEV2,23.111077954386523,10-50,<10,8.0,23.11107795438652,-3.552713678800501e-15,False,1.0,True,False,0,,,,,0.04865905920693159,-0.42966075664763803,-0.5935463717342344,-0.8372962866540057,-0.3267136690146346,-0.6189858465479103,-0.8835596035884077
BEV2_2025-01-02_drive1.csv,validation,BEV2,2.023280650160427,2-10,<10,6.0,2.023280650160426,-8.881784197001252e-16,False,0.9999999999999996,True,False,0,,,,,0.0990323618277344,0.09888742867147943,0.10022519883458292,0.06353762548912562,0.07374260562827667,-0.05218012860924881,0.17101476321839426
BEV2_2025-01-02_drive2.csv,validation,BEV2,5.527625476614697,2-10,<10,6.5,5.861971692704268,0.3343462160895711,True,1.06048640912885,True,False,0,5.861971692704272,0.0,0.0,69.56188531147204,0.6333588540913082,0.6495576481987133,0.4318182518155236,1.1128842526114882,0.5783320069814921,1.453552293688481,0.9732110260099291
BEV2_2025-01-03_drive1.csv,validation,BEV2,25.30098981002015,10-50,<10,4.5,25.43334273707252,0.13235292705237,False,1.005231136332854,True,False,0,,,,,0.7822050839096697,0.7190296952682065,0.7410758181200725,0.5327571223910477,0.9477207557594971,0.5026374456405716,0.5638678202781771
BEV2_2025-01-03_drive2.csv,validation,BEV2,20.136241419780504,10-50,<10,1.9,20.136241419780493,-1.0658141036401504e-14,False,0.9999999999999994,True,False,0,,,,,0.20033334915369405,-0.10276203879381596,-0.13376445617551136,-0.0041301653353897905,-0.07499086188916726,0.31325059858717097,-0.3115986732456584
BEV2_2025-01-04_drive1.csv,validation,BEV2,44.6613471737595,10-50,<10,0.5,44.999591302126056,0.3382441283665542,False,1.0075735316951049,True,False,0,,,,,0.7471928300325601,0.6367607033011016,0.6801730856045083,0.3142242245733975,0.46751211887409383,0.586803213604977,0.3390928712822152
BEV2_2025-01-04_drive2.csv,validation,BEV2,2.622949645969426,2-10,<10,3.0,2.6229496459694266,4.440892098500626e-16,False,1.0000000000000002,True,False,0,,,,,0.31630107872243707,0.3135435171305616,0.309509207625315,0.22641353018526833,0.28923954802460194,0.06229765660447145,0.3373462606347001
BEV2_2025-01-04_drive3.csv,validation,BEV2,1.413134876670006,<2,<10,1.0,1.413134876670006,0.0,False,1.0,True,False,0,,,,,0.046489782297098714,0.03398803872712358,-0.0062229796544201466,0.11606374883749876,-0.02892324641812105,0.16962645763335465,0.07212949797731522
BEV2_2025-01-04_drive4.csv,validation,BEV2,4.429442628565177,2-10,<10,1.5,4.429442628565177,0.0,False,1.0,True,False,0,,,,,-0.12498093996466952,-0.11330972560518093,-0.1623964931077646,0.010874369976745957,-0.07516358161169023,0.04133361511304523,-0.13563202489479442
BEV2_2025-01-05_drive1.csv,validation,BEV2,1.1378586487451137,<2,10-25,11.0,1.137858648745113,-6.661338147750939e-16,False,0.9999999999999994,True,False,0,,,,,0.0008492065085862199,0.006202233464324636,-0.0032925198354161744,0.030624923732322396,0.0005869389728812013,-0.00607181946148172,0.01781945006758323
BEV2_2025-01-05_drive2.csv,validation,BEV2,0.6833949753581635,<2,10-25,10.5,0.6833949753581636,1.1102230246251563e-16,False,1.0000000000000002,True,False,0,,,,,0.12138101797765904,0.13225191586781376,0.13889507478261148,0.10768917951566426,0.1023816244693311,0.13940224737415335,0.14086400935673182
BEV2_2025-01-05_drive3.csv,validation,BEV2,20.17355318724242,10-50,10-25,10.5,20.173553187242423,3.552713678800501e-15,False,1.0000000000000002,True,False,0,,,,,0.0017603409052706631,-0.08621638795244158,-0.1349057256758983,-0.5049869339671087,-0.11832423455863106,-0.3959190299704862,-0.558937592343483
BEV2_2025-01-05_drive4.csv,validation,BEV2,3.926528810566501,2-10,10-25,10.11111111111111,3.9265288105665,-8.881784197001252e-16,False,0.9999999999999998,True,False,0,,,,,-0.10673296603285376,-0.018357053922044897,-0.04242952516971499,0.09720206228980344,0.0066000726937935905,0.11846161427240398,0.020454573664714037
BEV2_2025-01-07_drive1.csv,validation,BEV2,1.8625289169661587,<2,<10,4.9,1.8625289169661587,0.0,False,1.0,True,False,0,,,,,-0.027790119019870607,-0.050853568874346444,-0.03387590284291542,0.028641498298159984,-0.11517776244209066,0.1284713409580619,-0.09773195282929198
BEV2_2025-01-09_drive1.csv,validation,BEV2,1.4068378608114518,<2,<10,0.5,1.4068378608114536,1.7763568394002505e-15,False,1.000000000000001,True,False,0,,,,,0.04992446594567501,0.10928284835114332,0.10478625993643143,0.10460200722984614,0.05858323112653163,0.11221550568413363,0.07362811913884654
BEV2_2025-01-09_drive2.csv,validation,BEV2,0.9910576578199872,<2,<10,2.0,0.9910576578199876,3.3306690738754696e-16,False,1.0000000000000004,True,False,0,,,,,0.1565675020590233,0.22928008510724301,0.16651885444529885,0.21532630712573358,0.15555936938302029,0.22935055439396074,0.17234657801948577
BEV2_2025-01-09_drive5.csv,validation,BEV2,0.8449571557091362,<2,<10,1.0,0.8449571557091362,0.0,False,1.0,True,False,0,,,,,0.06458912787217519,0.05340155322050821,0.012486399684714544,0.08176566101578453,0.007783161156135476,0.08015411038512965,0.033769811554905715
BEV2_2025-01-10_drive1.csv,validation,BEV2,1.11212410005564,<2,<10,0.8,1.11212410005564,0.0,False,1.0,True,False,0,,,,,-0.0424262104457217,-0.024433804427714145,-0.04830938341410779,0.04794412151724514,-0.05540292491531651,0.08869908698038664,-0.0010066515684498123
BEV2_2025-01-11_drive1.csv,validation,BEV2,69.19043746881178,>=50,<10,0.5,69.64761864244223,0.4571811736304454,False,1.0066075774392456,True,False,0,,,,,-0.34182577651431423,-0.20694470760911798,0.11881648849534088,-0.16660242109629664,-0.09830047169550937,0.18148264709211404,-0.397454519486125
BEV2_2025-01-11_drive2.csv,validation,BEV2,47.71901608357816,10-50,<10,0.5,47.775024656986375,0.0560085734082136,False,1.001173716015228,True,False,0,,,,,1.1679803013886918,1.0235279180978267,1.0657151746522597,0.7918060233391611,1.0069197191590415,0.8866208376572846,0.7750846719621354
BEV2_2025-01-12_drive1.csv,validation,BEV2,5.26112592364707,2-10,<10,-4.5,5.26112592364707,0.0,False,1.0,True,True,0,,,,,-0.12125657037319448,-0.08155465557662023,-0.08524516221213063,-0.03603107113957904,-0.0332784693698831,-0.0231262958090801,-0.05888588398013872
BEV2_2025-01-12_drive2.csv,validation,BEV2,5.692300788097937,2-10,<10,2.5,5.69230078809793,-6.217248937900877e-15,False,0.9999999999999988,True,False,0,,,,,0.20692580411759343,0.16609307561380304,0.15819106809587646,0.09644690589451654,0.18052445109741488,0.18351740679673845,0.14925313608808022
BEV2_2025-01-12_drive3.csv,validation,BEV2,0.6839481113135991,<2,<10,2.5,0.6839481113135989,-2.220446049250313e-16,False,0.9999999999999996,True,False,0,,,,,0.23773235830601386,0.24776301992242772,0.2047753208112742,0.21310761342565682,0.2029774832700968,0.179732803111335,0.2651439764408799
BEV2_2025-01-15_drive1.csv,validation,BEV2,10.995335405913488,10-50,<10,7.5,10.995335405913476,-1.2434497875801752e-14,False,0.9999999999999988,True,False,0,,,,,-0.22401567570271652,-0.14847240107195336,-0.15030555767230336,-0.35122185374535575,-0.10573455664188947,-0.3026822016926056,-0.10550241275685135
BEV2_2025-01-16_drive1.csv,validation,BEV2,111.3154689649487,>=50,<10,4.0,111.38068388567788,0.0652149207291756,False,1.0005858567666792,True,False,0,,,,,0.1137056259800211,0.001795049650471725,-0.08812423371614386,-0.5222174669463868,-0.03771082032401196,-0.45451424130111917,-0.3017443485639788
BEV2_2025-01-17_drive1.csv,validation,BEV2,77.65396364356302,>=50,<10,-0.5,77.65396364356323,2.131628207280301e-13,False,1.0000000000000029,True,False,0,,,,,-0.10861197587826865,-0.24504961402664982,-0.1886681378047328,-0.17650981075119887,-0.27905355729083503,0.045772310490027834,-0.4640948202928623
BEV2_2025-01-17_drive2.csv,validation,BEV2,56.276541366876366,>=50,<10,1.0,56.27654136687638,1.4210854715202004e-14,False,1.0000000000000002,True,False,0,,,,,0.8822768965990377,0.8746386489800368,0.877597495477973,0.36778704933687756,0.9529983255372905,0.46871467720581705,0.5618768404761969
BEV2_2025-01-18_drive1.csv,validation,BEV2,33.04237412333335,10-50,<10,0.5,33.04237412333333,-2.131628207280301e-14,False,0.9999999999999992,True,False,0,,,,,0.11674906918568784,-0.13671043898328072,-0.11336400429214599,-0.2407080373007302,-0.1704689786703728,-0.285104484865462,-0.3378805254669457
BEV2_2025-01-20_drive1.csv,validation,BEV2,1.2058487550949717,<2,<10,-0.5,1.2058487550949728,1.1102230246251563e-15,False,1.0000000000000009,True,False,0,,,,,0.11015529163534538,0.13455679947753563,0.13465463244319736,0.07428522192646642,0.09032244174388865,0.07849436368613877,0.0855450937074606
BEV2_2025-01-22_drive1.csv,validation,BEV2,41.48947401782017,10-50,<10,3.0,41.76076513791824,0.2712911200980699,False,1.006538793911476,True,False,0,,,,,0.8697861657015586,0.6581367125821274,0.5922883488978687,0.09173113573822711,0.5484305908134761,0.7294999989078352,-0.1918148524851322
BEV2_2025-01-22_drive2.csv,validation,BEV2,30.74494045498072,10-50,<10,6.5,30.80529712707183,0.0603566720911104,False,1.0019631416160812,True,False,0,,,,,0.14675364103170097,-0.22903674379151262,-0.26625344492056247,-0.5192788918500497,-0.09608990463209288,-0.29557807239879796,-0.46249640757078136
BEV1_2025-02-16_drive1.csv,future,BEV1,2.922930206528512,2-10,<10,3.5,2.922930206528512,0.0,False,1.0,True,False,0,,,,,0.10159273872857122,0.11643563881242847,0.16311748224163747,-0.04778233445285396,-0.06659226035993782,0.03126074290651082,0.13714428567292347
BEV1_2025-02-16_drive2.csv,future,BEV1,0.1870581212884473,<2,<10,6.5,0.1870581212884473,0.0,False,1.0,True,False,0,,,,,0.06604330280975325,0.09199140638688542,0.039827780264240345,0.09650432846482,0.07743572525682717,0.039596284716127625,0.09096579132400297
BEV1_2025-02-16_drive3.csv,future,BEV1,2.887401331682453,2-10,<10,6.5,2.8874013316824527,-4.440892098500626e-16,False,1.0,True,False,0,,,,,-0.06689547272550078,-0.04283419492906815,-0.09389328013004838,-0.04286242785388372,-0.025882041050821813,-0.10036781624493851,-0.006448397598127875
BEV1_2025-02-17_drive1.csv,future,BEV1,60.42416741933844,>=50,10-25,11.714285714285714,60.49128737272594,0.0671199533875039,False,1.001110813044749,True,False,0,,,,,1.0092162654451116,0.2327050233531871,0.5498437249717423,0.3389651874236286,0.48307835697593404,0.9993891955600898,-0.42941200158363735
BEV1_2025-02-17_drive2.csv,future,BEV1,5.966303673418618,2-10,<10,6.857142857142857,5.966303673418619,8.881784197001252e-16,False,1.0000000000000002,True,False,0,,,,,0.33027644763357167,0.3169174568186578,0.3764003519042579,0.2867734897042876,0.2719330276462003,0.3215497285817214,0.35850316687966355
BEV1_2025-02-17_drive3.csv,future,BEV1,50.390817583012,>=50,<10,6.0,50.390817583012016,1.4210854715202004e-14,False,1.0000000000000002,True,False,0,,,,,1.2649986765572052,0.8639003490162835,1.0367517328126823,0.04780377718159734,0.9333988840613117,0.28908457863989767,0.32962119905039344
BEV1_2025-02-17_drive4.csv,future,BEV1,2.2519901382400467,2-10,<10,4.5,2.251990138240047,4.440892098500626e-16,False,1.0000000000000002,True,False,0,,,,,0.14941472058256294,0.13994199301034987,0.11985702306727403,0.23371641286679928,0.13655527096848213,0.24777781862090514,0.14357644928815022
BEV1_2025-02-17_drive5.csv,future,BEV1,0.1216094373390894,<2,<10,4.5,0.1216094373390893,-9.714451465470121e-17,False,0.9999999999999992,True,False,0,,,,,0.05486709132746086,0.04672751337821475,0.009960701424232929,0.005642725360622672,-0.002847498340053753,0.0327143468914327,0.05627626098019038
BEV1_2025-02-17_drive6.csv,future,BEV1,0.0530132291669114,<2,<10,6.5,0.0530132291669114,0.0,False,1.0,True,False,0,,,,,-0.22564527614137228,-0.2547943589124496,-0.2837159446227617,-0.17806530123374417,-0.20377666550670567,-0.2457584058348851,-0.23597945246388183
BEV1_2025-02-17_drive7.csv,future,BEV1,1.303995702258101,<2,<10,1.0,1.303995702258102,8.881784197001252e-16,False,1.0000000000000009,True,False,0,,,,,0.06029181261656036,0.06419848003870016,0.02765072838596344,-0.004038279604956951,0.018489162344797583,0.05905279219321835,0.07647200829574186
BEV1_2025-02-18_drive1.csv,future,BEV1,21.96939026743884,10-50,10-25,10.928571428571429,21.96939026743886,2.131628207280301e-14,False,1.0000000000000009,True,False,0,,,,,-0.02914530599837839,-0.3447762275739352,-0.1668420783719089,-0.5845946546600267,-0.1621527802162097,-0.5724015618830745,-0.26802996169784343
BEV1_2025-05-23_drive1.csv,future,BEV1,1.1699817125000902,<2,10-25,13.0,1.16998171250009,-2.220446049250313e-16,False,0.9999999999999998,True,False,0,,,,,0.009847227059150587,-0.0010696844681356565,0.0041165866623859015,-0.017134798808429774,-0.004979089342277143,-0.02477314314538709,-0.007324513020761092
BEV1_2025-05-23_drive2.csv,future,BEV1,62.2947718813456,>=50,10-25,14.5,62.36413958601055,0.0693677046649483,False,1.001113539749324,True,True,0,,,,,2.536014415714421,2.356241238687467,2.588727055359742,1.590382732919295,2.4537672282685534,1.693592680060421,1.915252108792341
BEV1_2025-05-23_drive3.csv,future,BEV1,8.349377412882024,2-10,10-25,23.0,8.349377412882028,3.552713678800501e-15,False,1.0000000000000004,True,False,0,,,,,-0.20105959384918948,0.020437382413498906,0.09373166725514226,-0.24156328861132903,-0.07540725129764891,-0.15291971031820584,-0.038846364847080705
BEV1_2025-05-23_drive4.csv,future,BEV1,8.38844362040365,2-10,10-25,20.5,8.388443620403654,3.552713678800501e-15,False,1.0000000000000004,True,False,0,,,,,-0.3316272790513597,-0.02779679835795723,0.087641357586411,-0.40478692411641837,-0.0761986957833205,-0.2689238587124323,-0.053632208464147624
BEV1_2025-05-24_drive1.csv,future,BEV1,6.950714050424244,2-10,10-25,18.0,6.950714050424244,0.0,False,1.0,True,False,0,,,,,0.16442648350884315,0.10566318990249601,0.13164154150233243,-0.15152623916112296,0.05055104029247515,-0.08448829957490167,0.08567569805086195
BEV1_2025-05-24_drive2.csv,future,BEV1,4.886095162930911,2-10,10-25,14.0,4.886095162930904,-6.217248937900877e-15,False,0.9999999999999988,True,False,0,,,,,0.11490149259053839,0.12032320989212253,0.1410384733801998,0.031257711642882824,0.05993049841256415,0.0706268020935168,0.1325623097115758
BEV1_2025-05-24_drive3.csv,future,BEV1,4.703239813647174,2-10,10-25,12.5,4.703239813647174,0.0,False,1.0,True,False,0,,,,,0.08622768936048752,0.11183730469222175,0.15465946998729374,0.11501991599461403,0.14440851748418626,0.05854036685090258,0.2351324314285791
BEV1_2025-05-24_drive4.csv,future,BEV1,4.497189036933831,2-10,10-25,12.5,4.497189036933833,2.664535259100376e-15,False,1.0000000000000009,True,False,0,,,,,-0.019354194715313855,-0.08634213320242656,-0.04260416594845795,-0.1641807410252999,-0.12663547997517632,-0.2501930809709588,-0.03507383642416673
BEV1_2025-05-25_drive1.csv,future,BEV1,23.550604141502767,10-50,10-25,17.1,23.55060414150273,-3.5527136788005016e-14,False,0.9999999999999984,True,False,0,,,,,0.6548057657231539,0.3941431008295959,0.45368298728967194,-0.19480426162727937,0.5077415743169906,-0.06524946077811133,-0.030549487738428027
BEV1_2025-05-25_drive2.csv,future,BEV1,23.805327542020443,10-50,10-25,20.0,23.877123783742075,0.071796241721632,False,1.00301597369727,True,False,0,,,,,0.45637504517360217,0.6102373268397701,0.659488443796425,-0.04986515578723916,0.6702604148118905,0.4576909420277593,0.19511559845574045
BEV1_2025-05-26_drive1.csv,future,BEV1,21.56817048354983,10-50,10-25,13.0,21.568170483549856,2.4868995751603507e-14,False,1.000000000000001,True,False,0,,,,,1.2068438595373046,0.936367159470274,0.9916879257772653,0.43296606601647714,1.0433101231785153,0.4104988692526028,0.7282694311679494
BEV1_2025-05-26_drive2.csv,future,BEV1,23.098224110658727,10-50,10-25,17.0,23.09822411065876,3.1974423109204515e-14,False,1.000000000000001,True,False,0,,,,,0.29632571016628173,0.050749852346213764,0.15165913619006766,-0.3606676900092616,0.023227845468101194,-0.23848309212770946,-0.1479503055644824
BEV1_2025-05-26_drive3.csv,future,BEV1,1.9454167111463687,<2,>25,27.5,1.945416711146368,-6.661338147750939e-16,False,0.9999999999999996,True,False,0,,,,,0.019771696857164678,0.07076806020240606,0.08859204681685617,-0.04390310379885448,0.047876433457823275,-0.12411140089852482,0.10306605781376982
BEV1_2025-05-26_drive4.csv,future,BEV1,12.927089666352051,10-50,10-25,24.0,12.927089666352058,7.105427357601002e-15,False,1.0000000000000004,True,False,0,,,,,0.632042759598568,0.7708038069298564,0.8391009043145659,0.3235936503998862,0.6836611735547289,0.32235170216948084,0.7076607121167939
BEV1_2025-05-26_drive5.csv,future,BEV1,12.467868001452374,10-50,10-25,22.0,12.467868001452375,1.7763568394002505e-15,False,1.0000000000000002,True,False,0,,,,,0.3031420131668128,0.48394795801079615,0.578346718590288,-0.03355791280568643,0.4664641630309374,-0.03636129330778903,0.3237324088149687
BEV1_2025-05-27_drive1.csv,future,BEV1,21.322688898598035,10-50,10-25,13.5,21.55807145944852,0.2353825608504856,True,1.0110390655686,True,False,0,21.55807145944849,0.0,0.0,60.85028644220589,1.6229458509681725,1.188246473330262,1.0236861880137593,0.4224798038841935,1.2734376907618032,0.4733764757233976,0.7591859156882559
BEV2_2025-02-16_drive1.csv,future,BEV2,3.4648047377230498,2-10,<10,0.5,3.46480473772305,4.440892098500626e-16,False,1.0000000000000002,True,False,0,,,,,0.25417282361907834,0.24433248462307944,0.24694713547181735,0.15860582025698178,0.12697809141537664,0.11824335523628016,0.2972986397617434
BEV2_2025-02-16_drive2.csv,future,BEV2,3.7526095837196434,2-10,<10,2.0,3.752609583719644,4.440892098500626e-16,False,1.0000000000000002,True,True,0,,,,,-0.0679907840813303,-0.028661118741067138,-0.05347069860358744,0.07029817062683552,-0.04916313991807675,0.10386053249043936,-0.06721149328161347
BEV2_2025-02-16_drive3.csv,future,BEV2,144.13192368913354,>=50,<10,6.833333333333333,144.19984149715157,0.0679178080180236,False,1.0004712197428551,True,False,0,,,,,2.787043990723568,3.20117724410515,3.0940043499651644,2.839929066253763,3.2461965656790497,2.773722814931741,3.0728045357638365
BEV2_2025-02-16_drive4.csv,future,BEV2,7.558125846950912,2-10,10-25,10.5,7.558125846950909,-2.664535259100376e-15,False,0.9999999999999996,True,False,0,,,,,-0.1177782499364084,-0.03131036277458321,-0.06745892396193387,-0.02395231065441128,-0.06835627583912629,0.04284987524069628,0.024821326208047223
BEV2_2025-02-16_drive6.csv,future,BEV2,8.858794019318127,2-10,<10,1.0,8.858794019318113,-1.4210854715202004e-14,False,0.9999999999999984,True,False,0,,,,,0.10464465617090024,0.1598333185044034,0.1651423679612929,0.2908423137468512,0.14706753924092375,0.2618030265584568,0.20124190767187788
BEV2_2025-02-16_drive7.csv,future,BEV2,2.3249036679673667,2-10,<10,3.5,2.324903667967366,-8.881784197001252e-16,False,0.9999999999999996,False,False,1,,,,,0.07875857612932202,0.07408696789758529,0.0774835115435406,0.3418755893449503,0.08683417422231776,0.08100119867797473,0.3313942797581899
BEV2_2025-02-16_drive8.csv,future,BEV2,1.9111704988165577,<2,<10,1.5,1.9111704988165583,6.661338147750939e-16,False,1.0000000000000004,True,False,0,,,,,0.011153572761423258,-0.004284880280379988,0.01058286838459177,-0.02750613277937508,-0.04316876456980989,0.06863765917015618,0.053463065814491784
BEV2_2025-02-17_drive1.csv,future,BEV2,2.190139810840789,2-10,<10,-4.0,2.1901398108407872,-1.7763568394002505e-15,False,0.9999999999999992,True,False,0,,,,,-0.34555124495171374,-0.47170382080164375,-0.43792245201789237,-0.39726646718971526,-0.4426164309580435,-0.36110539161563837,-0.47542070081347076
BEV2_2025-02-17_drive2.csv,future,BEV2,9.32632800202159,2-10,<10,5.0,9.32632800202161,1.9539925233402755e-14,False,1.000000000000002,True,False,0,,,,,-0.0666839970456814,0.09391640940344193,0.0597286402775441,-0.002250215517476395,0.07686155721041033,0.0204334536837929,0.10165334584100583
BEV2_2025-02-17_drive3.csv,future,BEV2,1.1232292059132358,<2,<10,5.5,1.1232292059132365,6.661338147750939e-16,False,1.0000000000000009,True,False,0,,,,,0.14112459892790818,0.08777155590054075,0.06653903762784025,0.028044195616764023,0.06820334315043725,0.07184216252763809,0.07818442271998077
BEV2_2025-02-19_drive1.csv,future,BEV2,50.84281879191627,>=50,<10,1.5,56.19109378938553,5.348274997469261,True,1.1051923383586988,True,False,0,56.19109378938551,0.0,0.0,72.36653579951998,-0.3229253567778372,-0.44090621567311494,-0.46609606919344415,-0.3599006417787063,-0.540960572192434,-0.6432336995649273,-0.5388580066467981
BEV2_2025-02-19_drive2.csv,future,BEV2,53.44049824717472,>=50,<10,7.0,53.50234764257008,0.061849395395356,False,1.001157350650237,True,False,0,,,,,1.2559796527779739,1.08166702886232,1.0857861643973035,1.1537782941626205,1.2223924189343514,2.2098007774098214,0.5586053763122596
BEV2_2025-02-21_drive1.csv,future,BEV2,3.9046485454981417,2-10,10-25,16.0,3.904648545498136,-5.773159728050814e-15,False,0.9999999999999986,True,False,0,,,,,-0.18655006704322663,-0.16188713834795831,-0.15403024800172405,-0.025204596810604496,-0.10270941966766922,-0.10873184133955893,-0.11880990683428672
BEV2_2025-02-22_drive1.csv,future,BEV2,3.405278482442593,2-10,10-25,11.5,3.4052784824425952,2.220446049250313e-15,False,1.0000000000000009,True,False,0,,,,,-0.10622124866421401,-0.13639431362976828,-0.1355376990492495,0.027700256955849212,-0.019583642471853957,-0.01822956205376447,-0.09738288716348487
BEV2_2025-02-23_drive1.csv,future,BEV2,1.271634451827809,<2,<10,8.5,1.271634451827809,0.0,False,1.0,True,False,0,,,,,0.10752147886527547,0.1656165521162551,0.13536388355226764,0.18592771271123992,0.12852188119723312,0.22144050306221486,0.11850960528299126
BEV2_2025-02-24_drive1.csv,future,BEV2,1.1573813516416795,<2,10-25,11.5,1.1573813516416798,2.220446049250313e-16,False,1.0000000000000002,True,False,0,,,,,-0.06845529867892791,-0.0013518689930147598,-0.008692480676632752,-0.018854369021863826,-0.036885546398998215,-0.010562249908218302,-0.03283995556385688
BEV2_2025-02-24_drive2.csv,future,BEV2,0.0242096489542456,<2,10-25,11.5,0.0242096489542456,0.0,False,1.0,True,False,0,,,,,0.03507949794908977,0.04185994341388027,0.06543684903254615,0.006734231500033514,0.09770174816997192,-0.041263362437691756,-0.059120257816242895
BEV2_2025-02-26_drive1.csv,future,BEV2,1.2273510313313534,<2,<10,5.2,1.2273510313313547,1.3322676295501878e-15,False,1.000000000000001,True,False,0,,,,,0.04573201600925331,0.03547994841732133,0.03174021457753723,0.03244600674136089,0.0332212741789909,0.05297261580832335,0.07745877506219423
BEV2_2025-02-26_drive2.csv,future,BEV2,83.0393485182459,>=50,<10,9.0,83.76844440826278,0.7290958900168789,False,1.0087801253625766,True,False,0,,,,,-0.3812580284965179,-0.365675688770164,-0.0536537318274668,-0.20817261369140994,-0.21789632165902617,0.6286072113924206,-0.8256005837449294
BEV2_2025-02-27_drive1.csv,future,BEV2,0.559573878861594,<2,<10,3.5,0.5595738788615939,-1.1102230246251563e-16,False,0.9999999999999998,True,False,0,,,,,-0.20368213680657343,-0.1850353294705056,-0.1891318051245101,-0.19571807371679384,-0.20744508417471863,-0.1783348896158184,-0.21974177286336088
BEV2_2025-02-27_drive2.csv,future,BEV2,6.179687399146404,2-10,<10,3.5,6.179687399146408,3.552713678800501e-15,False,1.0000000000000009,True,False,0,,,,,-0.0779679563039779,-0.057573035434658415,-0.19025027961555252,-0.02586319885991073,0.01744322951239985,0.0018667107686241025,-0.028560428450171926
BEV2_2025-02-27_drive3.csv,future,BEV2,4.013509123211172,2-10,<10,9.9,4.01350912321117,-1.7763568394002505e-15,False,0.9999999999999996,True,False,0,,,,,-0.14068095043319173,-0.0818009533871642,-0.08951446005814145,-0.10429569916467263,-0.1195602773725506,-0.14126934039823247,-0.06481062384805081
BEV2_2025-02-27_drive4.csv,future,BEV2,2.5704360672623,2-10,<10,7.5,2.5704360672623023,2.220446049250313e-15,False,1.0000000000000009,True,False,0,,,,,0.017927534017592617,0.0753338202497309,-0.030090393219678546,0.1385258043569203,0.05012030739194373,0.10069071831493426,0.0037067087640242358
BEV2_2025-02-28_drive1.csv,future,BEV2,2.282043840957292,2-10,<10,5.0,2.2820438409572934,1.3322676295501878e-15,False,1.0000000000000009,True,False,0,,,,,-0.007754688942403609,-0.04550119236211403,-0.09445239927742444,0.0017478332498458427,-0.06967263901335685,0.00042233104068123417,-0.08968483295946672
BEV2_2025-02-28_drive2.csv,future,BEV2,1.7733197798327485,<2,<10,8.5,1.7733197798327482,-2.220446049250313e-16,False,1.0,True,False,0,,,,,-0.14744718274032909,-0.05764658648505849,-0.11626556821905698,-0.06420148786766167,-0.1208819086214924,-0.054110372975607945,-0.12349524262954692
BEV2_2025-02-28_drive3.csv,future,BEV2,2.809637566308657,2-10,<10,7.0,2.8096375663086515,-5.3290705182007506e-15,False,0.999999999999998,True,False,0,,,,,-0.07924500858941363,-0.011380168220578635,-0.10240670944733188,-0.016662024803491993,-0.04934190258190474,0.028355578553282967,0.011206520295988565
BEV2_2025-02-28_drive4.csv,future,BEV2,1.6150847641488602,<2,<10,7.0,1.6150847641488597,-4.440892098500626e-16,False,0.9999999999999998,True,False,0,,,,,-0.02433813852125699,0.05982530651569129,0.028961443315158042,0.0003646651908644216,0.028611256393789475,0.01582271561996418,0.0749003018938269
BEV2_2025-02-28_drive5.csv,future,BEV2,2.540085600100717,2-10,10-25,10.0,2.540085600100717,0.0,False,1.0,True,False,0,,,,,-0.06192563476134405,-0.06804207521036021,-0.04704222470188435,-0.07163681433337687,-0.07608107599809999,-0.08524775960869724,-0.10808691017426553
BEV2_2025-03-02_drive1.csv,future,BEV2,2.4791349318421747,2-10,<10,2.5,2.479134931842174,-8.881784197001252e-16,False,0.9999999999999996,True,False,0,,,,,-0.05180705752435988,0.001147137332077497,-0.054465743859146376,-0.14922855153723502,-0.12982698854980734,-0.14075841385063081,0.01960223929461702
BEV2_2025-03-02_drive2.csv,future,BEV2,1.2548304444107372,<2,<10,4.5,1.2548304444107377,4.440892098500626e-16,False,1.0000000000000004,True,False,0,,,,,0.0032257449686892703,0.0788875154578364,-0.026328706363922427,0.03524601119942289,0.004491370283216889,0.0708609409486392,0.0012086866839629562
BEV2_2025-03-02_drive3.csv,future,BEV2,68.83968881231758,>=50,<10,9.5,68.90777374166525,0.0680849293476768,False,1.0009890359837812,True,False,1,,,,,1.6325478828548352,1.7025585365110771,2.000987917056639,1.660540130348986,1.8660239590155747,1.8307725269655695,1.4163151557068794
BEV2_2025-03-02_drive4.csv,future,BEV2,6.183128583193825,2-10,10-25,10.6,6.1831285831938265,1.7763568394002505e-15,False,1.0000000000000002,True,False,0,,,,,0.03753354074040294,0.12767349171317388,0.07717286786371269,0.1991053846754307,0.08408920242500062,0.12219139300449955,0.15807928301061813
BEV2_2025-03-02_drive5.csv,future,BEV2,1.7496063517563034,<2,10-25,14.5,1.7496063517563047,1.3322676295501878e-15,False,1.0000000000000009,True,False,0,,,,,-0.15522581566746851,-0.1436533213921049,-0.14622891410121674,-0.1299505200148766,-0.13285200168165873,-0.1282624120834595,-0.1447780270244558
BEV2_2025-03-02_drive6.csv,future,BEV2,66.68975231742512,>=50,10-25,11.8,66.6897523174251,-1.4210854715202004e-14,False,0.9999999999999998,True,False,0,,,,,-1.0321347928491136,-0.761923173900108,-0.6739177048351781,-1.2846136363282348,-0.9335624720120137,-1.2324592327814,-1.201398295618949
BEV2_2025-03-03_drive1.csv,future,BEV2,2.312406093319985,2-10,<10,-1.5,2.312406093319984,-8.881784197001252e-16,False,0.9999999999999996,True,False,0,,,,,-0.21187636069635496,-0.13537211785698533,-0.15156164241843606,-0.1826273382384167,-0.21426983360609309,-0.11150779829155844,-0.1382991200140007
BEV2_2025-03-03_drive2.csv,future,BEV2,2.5562606157202064,2-10,<10,9.5,2.556260615720204,-2.220446049250313e-15,False,0.9999999999999992,True,False,0,,,,,-0.04660855921607565,-0.05384868641213536,-0.05351420026947451,-0.025904014220760607,-0.07188019946496993,-0.041503477321036986,-0.05422000015702122
BEV2_2025-03-04_drive1.csv,future,BEV2,24.83498474566916,10-50,<10,0.0,24.83498474566917,1.0658141036401504e-14,False,1.0000000000000004,True,False,0,,,,,-0.6535366669807168,-1.052015097703575,-1.0327624659536196,-1.3264107962635592,-1.0331022498319173,-1.263550252043128,-1.1477107355001568
BEV2_2025-03-06_drive1.csv,future,BEV2,26.68188909033281,10-50,10-25,12.0,26.681889090332746,-6.394884621840903e-14,False,0.9999999999999976,True,False,0,,,,,1.2376724866607898,1.0653324625876976,1.0510478899973688,0.8175489528322641,1.0274015994154775,0.8679774092032053,0.8292955673491083
BEV2_2025-03-07_drive1.csv,future,BEV2,2.219827446461872,2-10,<10,5.5,2.2198274464618697,-2.220446049250313e-15,False,0.999999999999999,True,False,0,,,,,0.11918187697569782,0.012220839314412868,-0.005035100165283746,0.05684314839453675,0.0031100863222230934,0.10650640582723814,-0.014283932754593831
BEV2_2025-03-07_drive2.csv,future,BEV2,0.0329118431807289,<2,10-25,11.0,0.0329118431807288,-9.714451465470121e-17,False,0.999999999999997,True,False,0,,,,,0.03960544437758018,0.05480274116605641,0.013981851202372414,0.067779119269547,0.00463020761578925,0.06426909623232085,-0.03718344966911113
BEV2_2025-03-07_drive3.csv,future,BEV2,0.2496336054495977,<2,10-25,11.5,0.2496336054495978,1.1102230246251563e-16,False,1.0000000000000004,True,False,0,,,,,0.009452776144434238,0.00660588672452922,-0.01634740975309651,0.00540791919104433,0.022801423059744308,0.013402626722673894,0.016518349338215693
BEV2_2025-03-07_drive4.csv,future,BEV2,2.392304891212861,2-10,10-25,12.0,2.3923048912128624,1.3322676295501878e-15,False,1.0000000000000009,True,False,1,,,,,-0.06236797118093751,-0.052753043387307796,-0.10564433657336725,-0.02132628132840053,-0.021090209563519258,0.004167957985566018,-0.09874615249724172
BEV2_2025-03-07_drive5.csv,future,BEV2,2.256138954811844,2-10,10-25,15.0,2.256138954811844,0.0,False,1.0,True,False,0,,,,,0.05136192667021483,0.14138204634821921,0.11897259170862123,0.09411013067092744,0.10981043655821932,0.15019035396547148,0.07056386134506126
BEV2_2025-03-07_drive6.csv,future,BEV2,2.504211138130042,2-10,10-25,14.5,2.504211138130042,0.0,False,1.0,True,False,0,,,,,0.0403002241857735,0.0815201140939712,0.04517955968179377,0.07410879804472315,0.031227491491433668,0.09410077542514284,0.06137072636865348
BEV2_2025-03-08_drive1.csv,future,BEV2,3.383162012022533,2-10,10-25,10.5,3.38316201202253,-3.1086244689504387e-15,False,0.9999999999999992,False,False,1,,,,,-0.020788886700666698,-0.047802298514153296,-0.08519063053127118,0.1301203128308358,0.051848930945449845,0.09631782399771571,-0.09100068962167329
BEV2_2025-03-08_drive2.csv,future,BEV2,2.6001117035402483,2-10,10-25,11.0,2.600111703540249,4.440892098500626e-16,False,1.0000000000000002,True,False,0,,,,,0.1893260084169105,0.19860251127712925,0.176094488442192,0.14666312625115996,0.12738587993382733,0.18888017986155192,0.13142664261040815
BEV2_2025-03-08_drive3.csv,future,BEV2,3.8972730018611887,2-10,10-25,14.5,3.897273001861189,4.440892098500626e-16,False,1.0000000000000002,True,False,0,,,,,0.06390935332063108,0.24076933896168862,0.22898400939628905,0.1769861252811904,0.16562574966214305,0.1290969839628019,0.17874147238619797
BEV2_2025-03-08_drive4.csv,future,BEV2,2.382846578776047,2-10,10-25,13.5,2.382846578776048,1.3322676295501878e-15,False,1.0000000000000009,True,False,0,,,,,-0.00517116208851276,-0.08628981078829301,-0.06209600573255525,-0.06632142696677401,-0.11266789047966008,-0.056721292322128414,-0.1414196422350703
BEV2_2025-03-09_drive1.csv,future,BEV2,1.9569108899779544,<2,10-25,15.5,1.9569108899779548,4.440892098500626e-16,False,1.0000000000000002,True,False,0,,,,,0.16236027343399062,0.16268226498578647,0.1549567879253621,0.18115882028872682,0.1912571890311468,0.1851161584008298,0.13056851016399218
BEV2_2025-03-09_drive2.csv,future,BEV2,1.212876817895685,<2,10-25,20.0,1.2128768178956848,-2.220446049250313e-16,False,0.9999999999999998,True,False,0,,,,,-0.09423318793559105,-0.08585761048361396,-0.05626662175756875,-0.03503813132715866,-0.06784382052284804,-0.07718706569084655,-0.038681946453392235
BEV2_2025-03-09_drive3.csv,future,BEV2,5.03741920529836,2-10,10-25,20.5,5.037419205298353,-7.105427357601002e-15,False,0.9999999999999986,True,False,0,,,,,0.19231590477243476,0.25373833412717905,0.24652037730860998,0.2340740760121991,0.18612024804015137,0.22773689207063552,0.22204137230687726
BEV2_2025-03-09_drive4.csv,future,BEV2,63.78092448217731,>=50,10-25,21.5,64.05550145452085,0.2745769723435387,False,1.004305001449458,True,False,0,,,,,1.3586355732379953,1.584975366021009,1.920949493170001,0.886247071895605,1.7983312402828453,1.194719030039595,1.0377185038560448
BEV2_2025-03-09_drive5.csv,future,BEV2,67.78620940930003,>=50,10-25,23.5,67.8465439546081,0.0603345453080663,False,1.0008900710901794,True,False,0,,,,,1.9899183743276971,2.0654067291109826,2.226908652812325,1.4401737018216085,2.0524886345649964,1.7202203079895408,1.6534178526662604
BEV2_2025-03-09_drive6.csv,future,BEV2,1.8475405371279825,<2,10-25,15.0,1.847540537127983,4.440892098500626e-16,False,1.0000000000000002,True,False,0,,,,,0.0046704945884327165,0.023341502267847203,0.007047947601469151,0.02297291618363212,0.002084038027134638,0.0325506887028002,-0.010719867173567599
BEV2_2025-03-09_drive7.csv,future,BEV2,2.498582339560066,2-10,10-25,14.0,2.498582339560066,0.0,False,1.0,True,False,0,,,,,-0.03770592566751185,-0.0342257305652679,-0.05179507437965292,-0.04345725168534398,-0.03806311079818614,0.0047530660435600725,-0.04401892028617471
BEV2_2025-03-10_drive1.csv,future,BEV2,2.512508474262595,2-10,<10,4.0,2.5125084742625945,-4.440892098500626e-16,False,0.9999999999999998,True,False,0,,,,,0.15269484734413208,0.07906203512571186,0.023623338977443065,0.09527494400464753,0.007383992257128047,0.1346306593754074,0.10562057109299927
BEV2_2025-03-10_drive2.csv,future,BEV2,0.0182366551011973,<2,10-25,10.72222222222222,0.0182366551011973,0.0,False,1.0,True,False,0,,,,,0.12660085621884604,0.20826052477589957,0.1824892368693573,0.0754569357347655,0.1336600924306418,0.11181454737098925,0.08026211607119066
BEV2_2025-03-10_drive3.csv,future,BEV2,2.5936355897369543,2-10,10-25,12.5,2.5936355897369525,-1.7763568394002505e-15,False,0.9999999999999992,True,False,0,,,,,-0.10704588278506122,-0.14196086828525445,-0.12885433202629326,-0.10539566867154304,-0.11846017677567267,-0.08158560035874685,-0.12565864859164544
BEV2_2025-03-11_drive1.csv,future,BEV2,2.272564991171646,2-10,<10,6.5,2.2725649911716457,-4.440892098500626e-16,False,0.9999999999999998,True,False,0,,,,,-0.08062475142307879,0.008182215634114032,-0.029892013868618728,0.01784237664450894,0.0127225258068695,0.02715605927892817,-0.021656306222184396
BEV2_2025-03-11_drive2.csv,future,BEV2,2.580828018096766,2-10,10-25,10.5,2.580828018096767,8.881784197001252e-16,False,1.0000000000000004,True,False,0,,,,,-0.016065537779760164,-0.03085270726128131,-0.020680593598224828,0.006896832222823113,-0.004727105363909967,-0.036403861777811186,-0.026925159407953925
BEV2_2025-03-11_drive3.csv,future,BEV2,2.644499228218504,2-10,<10,8.5,2.644499228218504,0.0,False,1.0,True,False,0,,,,,-0.07483698861611376,0.06508809528316228,-0.009473902526892508,0.11183546285175372,0.033504644454425914,0.06278671627306054,0.07604573269967263
BEV2_2025-03-11_drive4.csv,future,BEV2,2.071276382479281,2-10,10-25,11.5,2.071276382479281,0.0,False,1.0,True,False,0,,,,,-0.04801413769511509,-0.05634100316233248,-0.053449698404031354,-0.03948807875148819,-0.0743652365063211,-0.004690438208741821,-0.07190303506712226
BEV2_2025-03-11_drive5.csv,future,BEV2,0.6291609880918104,<2,<10,9.5,0.6291609880918102,-2.220446049250313e-16,False,0.9999999999999996,True,False,0,,,,,0.0757340211325069,0.12148098542793914,0.09445646592397525,0.11695815207801372,0.12716139321850126,0.09535295036135585,0.11792261629238335
BEV2_2025-03-12_drive1.csv,future,BEV2,118.61681416499748,>=50,<10,2.0,118.74929167255084,0.1324775075533608,False,1.0011168526864085,True,False,0,,,,,1.5951526099555657,1.4577299502745689,1.662887344209107,1.0180017057716597,1.6961412307612171,1.0483167046023638,1.3310403978570875
BEV2_2025-03-12_drive2.csv,future,BEV2,123.5655971141568,>=50,<10,8.0,123.62320690208776,0.0576097879309571,False,1.0004662283780956,True,False,0,,,,,3.009447876158692,3.339496279743848,3.323096181075325,2.9246708462738873,3.3558116468000385,2.9171571542360972,3.085007310595305
BEV2_2025-03-12_drive3.csv,future,BEV2,1.9353049666435576,<2,<10,6.5,1.9353049666435564,-1.1102230246251563e-15,False,0.9999999999999994,True,False,1,,,,,-0.046029215074373686,0.01742647225777605,-0.019832819551750425,0.007758012560509564,-0.04775718080796454,-0.06594520986784219,-0.018388232753499933
BEV2_2025-03-12_drive4.csv,future,BEV2,2.501142728054829,2-10,<10,5.0,2.5011427280548304,1.3322676295501878e-15,False,1.0000000000000004,True,True,0,,,,,-0.07197945870631672,-0.05614974254256344,-0.07264695720220682,-0.051495103628323324,-0.07229286515472055,0.047514048848022794,-0.05030300797590814
BEV2_2025-03-13_drive1.csv,future,BEV2,2.432225326271836,2-10,<10,1.0,2.4322253262718365,4.440892098500626e-16,False,1.0000000000000002,True,False,0,,,,,-0.14926654943419038,-0.2178936757412575,-0.2585875451326587,-0.18880178920447954,-0.24601294760441494,-0.1662651378090706,-0.22432396716989722
BEV2_2025-03-13_drive2.csv,future,BEV2,2.7635735417119616,2-10,10-25,10.0,2.763573541711961,-4.440892098500626e-16,False,1.0,True,False,0,,,,,-0.09997565875371095,-0.08712442394101327,-0.08158671564844233,-0.02236136850057513,-0.05753122740684402,-0.03404756529562969,-0.04472907374288282
BEV2_2025-03-13_drive3.csv,future,BEV2,70.33462936452685,>=50,<10,7.5,70.46195505484498,0.1273256903181305,False,1.0018102845137384,True,False,0,,,,,1.438563106366729,1.3945206210923633,1.3018408992216433,1.1397588330853345,1.4700484424327325,1.5687316510318343,0.9839096588924718
BEV2_2025-03-13_drive4.csv,future,BEV2,62.06901902204709,>=50,<10,5.0,65.93459947072597,3.865580448678884,True,1.0622787424319662,True,False,0,65.93459947072577,0.0,0.0,68.01960946344705,-1.0568788453376463,-1.4566231453465566,-1.4889768671349,-0.553098639645615,-1.2706092640163877,-0.724540621172391,-1.0253123945378828
BEV2_2025-03-14_drive1.csv,future,BEV2,6.291162442372462,2-10,<10,1.5,6.291162442372458,-4.440892098500626e-15,False,0.9999999999999992,True,False,0,,,,,-0.5985206929179421,-0.6244907225922884,-0.6125334272939937,-0.5135897030055929,-0.6079765718876771,-0.5272466532576106,-0.6430471092170256
BEV2_2025-03-14_drive2.csv,future,BEV2,2.341477175415726,2-10,<10,3.5,2.3414771754157284,2.220446049250313e-15,False,1.0000000000000009,True,True,0,,,,,-0.036463511370843915,0.023882442427640038,-0.022956094949145966,-0.07760658996908731,-0.05488045494206639,0.013251898356842928,-0.020273712995920623
BEV2_2025-03-14_drive3.csv,future,BEV2,3.4684336244648994,2-10,<10,4.5,3.4684336244648994,0.0,False,1.0,True,False,0,,,,,0.07137663628848834,0.09171041965115967,0.04183317902447181,0.14123189973509376,0.07564549906764295,0.13987848541524173,0.09647467407245114
BEV2_2025-03-14_drive4.csv,future,BEV2,3.672446105570852,2-10,10-25,10.0,3.672446105570852,0.0,False,1.0,True,False,0,,,,,-0.09191131685390319,-0.022360689993316862,-0.028767025436322258,0.07528100903490853,-0.013209164900113146,0.08101433396039259,0.021586865783413955
BEV2_2025-03-14_drive5.csv,future,BEV2,2.2462080755627483,2-10,10-25,10.0,2.246208075562749,8.881784197001252e-16,False,1.0000000000000004,True,True,0,,,,,0.0006397279378694831,0.060668872783165906,0.03310218801349463,0.08853068068790948,0.04971590965489536,0.05044001966178979,0.039985281718476484
BEV2_2025-03-14_drive6.csv,future,BEV2,2.6119578845735143,2-10,10-25,10.5,2.6119578845735143,0.0,False,1.0,True,False,0,,,,,-0.03839859429778092,-0.03423100105567378,-0.05113768816748354,-0.03043455464927647,-0.02677198227364952,-0.01405153155893546,-0.07241333448430598
BEV2_2025-03-14_drive7.csv,future,BEV2,4.5002356040640175,2-10,<10,9.0,4.500235604064022,4.440892098500626e-15,False,1.0000000000000009,False,False,1,,,,,0.02008506219690087,0.03700294043995034,-0.016922550602222586,0.13300645071413908,0.05103737824537613,0.06863068163350805,0.08214876406627147
BEV2_2025-03-14_drive8.csv,future,BEV2,4.805720084240486,2-10,<10,7.0,4.805720084240489,3.552713678800501e-15,False,1.0000000000000009,True,False,0,,,,,0.10074260259141843,0.07956604959842006,0.011111952665448177,0.0631017680701913,0.08850552059307626,0.04597377336741748,0.08642612829787533
BEV2_2025-03-15_drive1.csv,future,BEV2,3.034250009933908,2-10,<10,3.0,3.034250009933908,0.0,False,1.0,True,False,0,,,,,0.2440512453893201,0.16071127347587855,0.14447616579099054,-0.009969981155553254,0.0352052437621333,0.009183071798346654,0.15632300421306866
BEV2_2025-03-15_drive2.csv,future,BEV2,2.474703221011598,2-10,<10,4.0,2.4747032210115982,4.440892098500626e-16,False,1.0000000000000002,True,False,0,,,,,0.23107053048655368,0.1808355345656808,0.02386624705622664,-0.01931334627379,0.05526473890730188,0.034657217750374336,0.1583894712800754
BEV2_2025-03-15_drive3.csv,future,BEV2,2.6929484853382646,2-10,<10,4.5,2.692948485338263,-1.7763568394002505e-15,False,0.9999999999999992,True,False,0,,,,,0.33735894064181093,0.35649073010162524,0.20437659261339614,0.23217032656997294,0.23903277377469367,0.2415562818462914,0.34332719024223723
BEV2_2025-03-15_drive4.csv,future,BEV2,2.6348895549084443,2-10,<10,9.5,2.634889554908442,-2.220446049250313e-15,False,0.9999999999999992,True,False,0,,,,,0.10085779820235119,0.10031640305626865,0.001674146857281844,0.036230471393877806,0.02336019301170056,0.03225474650211235,0.07026779628718383
BEV2_2025-03-15_drive5.csv,future,BEV2,69.12072680684508,>=50,<10,8.5,69.32143645818486,0.2007096513397783,False,1.00290375493158,True,False,0,,,,,0.9274641032998048,1.3411673758785394,1.3046239206465842,0.9763236705078793,1.4577585482624311,0.8668067832296877,1.032327351387659
BEV2_2025-03-15_drive6.csv,future,BEV2,6.198239235561769,2-10,missing,,6.198239235561774,4.440892098500626e-15,False,1.0000000000000009,True,False,0,,,,,0.08786636752533683,0.0849921810035994,0.05404338529840902,0.10582274854105567,0.07078183278326589,0.0519273808743661,0.04786438937122539
BEV2_2025-03-15_drive7.csv,future,BEV2,37.23558665607075,10-50,10-25,12.5,46.94022833563747,9.70464167956672,True,1.260628139666614,True,False,0,46.94022833563751,0.0,0.0,71.91011883683487,0.01739818220213607,-0.17741569650370081,-0.18461848643760348,-0.5051919933079105,-0.2232373121143283,-0.7015196595781807,0.06286323947020023
BEV2_2025-03-15_drive8.csv,future,BEV2,18.55826795629741,10-50,<10,7.1,18.558267956297417,7.105427357601002e-15,False,1.0000000000000004,True,False,0,,,,,0.05291917743336816,-0.021356263900939698,0.0005505100297078513,-0.16588942801712392,0.05426478862999673,-0.01386674257452114,-0.12546468366882646
BEV2_2025-03-16_drive1.csv,future,BEV2,1.888382997833248,<2,<10,5.0,1.8883829978332485,4.440892098500626e-16,False,1.0000000000000002,True,False,0,,,,,0.17662502953072035,0.2264000214007107,0.21555372046776022,0.26548943249853696,0.1300111843421421,0.2702367691548925,0.182013560441589
BEV2_2025-03-16_drive2.csv,future,BEV2,1.285399658639642,<2,<10,5.0,1.2853996586396423,4.440892098500626e-16,False,1.0000000000000004,True,False,0,,,,,0.028634026481608288,0.059865092164491984,-0.019905736880926006,0.1114441593231561,0.03455435431421,0.12329859183223879,0.05268720539616417
BEV2_2025-03-16_drive3.csv,future,BEV2,1.4636909539090466,<2,<10,7.0,1.4636909539090477,1.1102230246251563e-15,False,1.0000000000000009,False,True,1,,,,,0.010643937451442986,0.11836992242537181,0.053419190087397206,0.18582922829836357,0.09321309002554734,0.1308960341742471,0.11196751260468063
BEV2_2025-03-16_drive4.csv,future,BEV2,5.180963657107678,2-10,10-25,11.0,5.180963657107682,4.440892098500626e-15,False,1.0000000000000009,True,False,0,,,,,0.28433549164649574,0.22392016065217524,0.1781481193111758,0.273837230118384,0.22913369523257843,0.24875306770403904,0.19791661738023603
BEV2_2025-03-16_drive5.csv,future,BEV2,0.0357049983400387,<2,10-25,12.5,0.0357049983400387,0.0,False,1.0,True,False,0,,,,,0.06957728263830944,-0.01831897671247154,-0.09074721860217355,0.06693848888515432,0.028534412301911713,0.10165340203143249,-0.047491933236939385
BEV2_2025-03-16_drive6.csv,future,BEV2,26.03957894224698,10-50,10-25,12.5,26.039578942247,2.131628207280301e-14,False,1.0000000000000009,True,False,0,,,,,0.2963986629954638,0.11322737908063374,0.08315187312538086,-0.09043730450710008,0.13770173831468746,-0.043548252265717124,-0.04028352703134175
BEV2_2025-03-16_drive7.csv,future,BEV2,26.43827858007608,10-50,<10,8.5,26.505498706964094,0.0672201268880137,False,1.002542530395253,True,False,0,,,,,0.28987324190041797,0.15388254641693333,0.05415120191596401,-0.04444295964926326,0.1399534032998293,0.10208300615520205,0.008982111328816877
BEV2_2025-03-17_drive1.csv,future,BEV2,2.127209671715221,2-10,<10,4.0,2.127209671715221,0.0,False,1.0,True,False,1,,,,,0.07533366393761298,0.046185425301189964,0.030921965839816545,0.03157217616816632,-0.010663662986993505,0.08146536526419534,-0.021153899352323147
BEV2_2025-03-18_drive1.csv,future,BEV2,72.87751909395857,>=50,<10,3.0,72.99883507131999,0.1213159773614194,False,1.001664655697253,True,False,0,,,,,0.04324167516876187,-0.13217392121669214,-0.23774022960514607,-0.6709371148479928,-0.26209666563305767,-0.258364809469251,-0.7347327468016331
BEV2_2025-03-18_drive2.csv,future,BEV2,83.04699708852033,>=50,10-25,10.0,83.04699708852054,2.131628207280301e-13,False,1.0000000000000029,True,False,0,,,,,1.7613996329359374,1.8801502699633161,2.1562143561731055,1.3541634113150334,1.8768787161321576,1.4252749199167294,1.5057657061221548
BEV2_2025-03-20_drive1.csv,future,BEV2,24.39558392901953,10-50,10-25,19.0,24.395583929019555,2.4868995751603507e-14,False,1.000000000000001,True,False,0,,,,,0.42951824299744334,0.6883257965737437,0.5840583988310559,0.15237102291290405,0.6809626150657104,0.48671225605940016,0.2569022140606769
BEV2_2025-03-20_drive2.csv,future,BEV2,61.7625464932263,>=50,10-25,20.0,61.83478705967698,0.0722405664506737,False,1.0011696500638716,True,False,0,,,,,1.570832452679225,1.830837689353439,1.8112693422158301,1.0192560976728426,1.815295623175004,1.209131714911944,1.1518512617884067
BEV2_2025-03-22_drive1.csv,future,BEV2,7.135557482741984,2-10,10-25,15.0,7.13555748274198,-3.552713678800501e-15,False,0.9999999999999996,True,False,0,,,,,0.27203812725201115,0.2914550527849751,0.27775338034179553,0.12409379640144791,0.26903407513311595,0.09919703486820497,0.2530231370178857
BEV2_2025-03-22_drive2.csv,future,BEV2,3.3947704482492527,2-10,10-25,17.5,3.394770448249251,-1.7763568394002505e-15,False,0.9999999999999994,True,False,0,,,,,0.1461712882142232,0.1269321236078711,0.12472811034529196,0.1583807892161202,0.07718011851671192,0.09791704164293158,0.08751517948284471
BEV2_2025-03-22_drive3.csv,future,BEV2,50.36415043096811,>=50,10-25,19.0,50.43232478176869,0.0681743508005823,False,1.0013536285277764,True,False,0,,,,,2.334552849136953,2.6402977572316875,2.581690818336842,1.7778109484556541,2.616789316885102,2.2806585028970243,2.270745759425038
BEV2_2025-03-22_drive4.csv,future,BEV2,43.08424363053743,10-50,10-25,19.5,43.08424363053755,1.2079226507921706e-13,False,1.0000000000000029,True,False,0,,,,,1.7346425156476588,1.6333551841687193,1.6406320575066573,0.9180347845899348,1.6784251208295125,1.2906195079440597,1.1225264755820197
BEV2_2025-03-23_drive1.csv,future,BEV2,1.5318047416705314,<2,10-25,14.0,1.5318047416705312,-2.220446049250313e-16,False,1.0,True,False,0,,,,,-0.09975066165493623,-0.08505486706772525,-0.0777745354903705,-0.07170497284174326,-0.07419935758257823,-0.06413266198462203,-0.09843371663271377
BEV2_2025-03-23_drive2.csv,future,BEV2,3.678561909118801,2-10,10-25,14.0,3.678561909118799,-1.7763568394002505e-15,False,0.9999999999999996,True,False,0,,,,,0.026078839492086225,0.07467136632272253,0.06338940468552756,0.06588173510648099,0.034839490250928806,0.046746799401408023,0.0024247178053858898
BEV2_2025-03-24_drive1.csv,future,BEV2,0.0142001861854138,<2,10-25,12.5,0.0142001861854138,0.0,False,1.0,True,False,0,,,,,0.1253036776168168,0.0979017284389576,0.14521419507007935,0.07646709479497392,0.08883396545589098,0.03509229874917509,0.4180549754888746
BEV2_2025-03-26_drive1.csv,future,BEV2,51.49785496638743,>=50,<10,8.0,67.43178936250334,15.933934396115909,True,1.3094096716555663,True,True,0,67.43178936250311,0.0,0.0,70.73943988975957,-1.5098943915027583,-1.6571575639259812,-1.7669507987026858,-1.0254476641753953,-1.5370870240562624,-1.2143590897255567,-0.7135696484058407
BEV2_2025-03-28_drive1.csv,future,BEV2,0.6178635334170043,<2,10-25,12.5,0.617863533417004,-3.3306690738754696e-16,False,0.9999999999999994,True,False,0,,,,,0.08001135769435573,0.15056651463944443,0.15171582199220435,0.08630151555144659,0.12436438807499155,0.09219312420390531,0.10591496282328246
BEV2_2025-03-28_drive2.csv,future,BEV2,0.9894054268575728,<2,10-25,13.0,0.9894054268575728,0.0,False,1.0,True,False,0,,,,,0.032295105463941126,0.19801535340217422,0.09603834249035412,0.09181431932330983,0.18040830251499593,0.17901101102253722,0.03955727759947725
BEV2_2025-03-28_drive3.csv,future,BEV2,8.798452443506548,2-10,10-25,12.5,8.798452443506532,-1.5987211554602254e-14,False,0.9999999999999982,True,False,0,,,,,0.12748767000448935,0.08884463230117468,0.04574905928924311,0.10174475147235018,0.09469190374226066,0.04260739912588196,0.02131163509456324
BEV2_2025-03-29_drive1.csv,future,BEV2,5.8922098288820575,2-10,10-25,13.5,5.892209828882059,1.7763568394002505e-15,False,1.0000000000000002,True,False,0,,,,,-0.08849958705977645,-0.046719337595884314,-0.053713038102194854,0.12537410462240595,-0.0024237881698254693,0.09742861001307923,-0.01040626751241902
BEV2_2025-03-29_drive2.csv,future,BEV2,4.12490986722235,2-10,10-25,13.5,4.124909867222345,-4.440892098500626e-15,False,0.9999999999999988,True,False,0,,,,,-0.07140381127803186,-0.03291889011062832,-0.01004100243716044,0.09401312441362253,0.0021953873733845386,0.022025546971845333,0.08054550463053123
BEV2_2025-03-29_drive3.csv,future,BEV2,63.70855286801565,>=50,10-25,14.0,63.777271300494384,0.0687184324787324,False,1.0010786374730736,True,False,0,,,,,2.1246698322850968,2.1332976927191094,2.2084258556508516,1.5670479232701933,2.2255842963549437,1.831804420200184,1.540990460237282
BEV2_2025-03-30_drive2.csv,future,BEV2,4.507597870278857,2-10,10-25,12.5,4.507597870278863,6.217248937900877e-15,False,1.000000000000001,True,False,0,,,,,-0.2118027770072366,-0.10345847052171253,-0.1374110557971383,0.07761769627763959,-0.05203827690566665,0.015130497438949675,-0.15258719998495973
BEV2_2025-03-31_drive1.csv,future,BEV2,0.0869506968592403,<2,<10,7.5,0.0869506968592403,0.0,False,1.0,True,False,0,,,,,0.026175215975526134,0.016631847568342267,-0.005244234538542482,0.07766060130280844,0.030229201598516525,0.10929268392713137,0.024323162370299578
BEV2_2025-03-31_drive2.csv,future,BEV2,6.599638890319478,2-10,10-25,14.4,6.599638890319478,0.0,False,1.0,True,False,0,,,,,0.1443901052875114,0.25358151543204466,0.22777912376250398,0.3128070081504013,0.34917844589524805,0.2633937752203839,0.26037627153215026
BEV2_2025-04-01_drive1.csv,future,BEV2,0.8987702879924191,<2,10-25,13.5,0.8987702879924189,-2.220446049250313e-16,False,0.9999999999999998,True,False,0,,,,,0.05807565112222876,0.06946468587047575,0.057361650195112135,0.08473053657224519,0.10175647057088347,0.048290468238849166,0.10324850881069572
BEV2_2025-04-01_drive2.csv,future,BEV2,62.2504685555737,>=50,10-25,15.5,62.25046855557391,2.131628207280301e-13,False,1.000000000000003,True,False,0,,,,,2.246656390789191,2.641301922713362,2.6588820285023207,2.6406763339301076,2.724003419782804,3.43617173753338,2.1105460090475923
BEV2_2025-04-03_drive1.csv,future,BEV2,75.22036741807669,>=50,10-25,11.0,75.34939087845264,0.1290234603759472,False,1.0017152729347736,True,False,0,,,,,2.4689404610069587,2.498342716861366,2.47090974943157,2.0891208812286433,2.357572330956529,2.2743690970500925,1.9657116378008261
BEV2_2025-04-03_drive2.csv,future,BEV2,81.37424530743942,>=50,10-25,18.5,81.44300511851601,0.068759811076589,False,1.0008449824734695,True,False,0,,,,,2.365376324713841,2.901404840984336,2.751288811284665,2.2953468472597525,3.0627165973276274,2.2879206392478952,2.626923396702587
BEV2_2025-04-04_drive1.csv,future,BEV2,0.0409915464599855,<2,10-25,21.0,0.0409915464599855,0.0,False,1.0,True,False,0,,,,,-0.08627141712837579,-0.08892067951755443,-0.04594702383456123,-0.10002550181239091,0.03873091420692279,-0.05531668982062171,-0.18557098565142127
BEV2_2025-04-04_drive2.csv,future,BEV2,2.994805125678675,2-10,10-25,18.5,2.9948051256786754,4.440892098500626e-16,False,1.0000000000000002,True,False,0,,,,,0.304164308982371,0.20467442748619313,0.2525712328248886,0.2133373226930957,0.18228930868649518,0.2892662377234546,0.21611808194905135
BEV2_2025-04-04_drive3.csv,future,BEV2,1.7404649093030609,<2,10-25,17.5,1.7404649093030606,-2.220446049250313e-16,False,1.0,True,False,0,,,,,0.08362293894201955,0.09775140529924903,0.14026062316908805,0.06293139615970147,0.11700932566774791,-0.014785608301770725,0.09019501131340507
BEV2_2025-04-05_drive1.csv,future,BEV2,7.180646469189158,2-10,10-25,19.5,7.180646469189164,6.217248937900877e-15,False,1.0000000000000009,True,False,0,,,,,0.19072738410636836,0.2732288869627568,0.26953020385493165,0.4136743737034614,0.30532481523722543,0.36887517573615325,0.3331393777411533
BEV2_2025-04-05_drive2.csv,future,BEV2,2.8714598262779525,2-10,10-25,18.5,2.871459826277955,2.664535259100376e-15,False,1.0000000000000009,True,False,0,,,,,-0.09319462517271238,-0.09654201240500337,-0.06526780604805804,-0.047735454616569584,-0.09613091250520989,-0.033258121694767384,-0.021015588966817766
BEV2_2025-04-06_drive1.csv,future,BEV2,3.532589801842512,2-10,10-25,10.0,3.532589801842512,0.0,False,1.0,True,False,0,,,,,0.03939150568977434,0.06932101782647027,0.057762338682068703,0.15094855406773677,0.125442144821728,0.06693618471117613,0.15462644133418602
BEV2_2025-04-07_drive1.csv,future,BEV2,40.98867214568696,10-50,10-25,12.0,40.98867214568692,-4.263256414560601e-14,False,0.999999999999999,True,False,0,,,,,2.6048958408582212,2.278460347032418,2.2327385671128344,1.4691511790264418,2.195579998530583,2.049287806028431,1.4979183201384476
BEV2_2025-04-07_drive2.csv,future,BEV2,72.96677174953442,>=50,10-25,16.5,76.37450136102493,3.4077296114905096,True,1.04670248566276,True,False,0,76.37450136102478,0.0,0.0,68.83060416088153,3.7118021196987243,3.534403366178097,3.398134251989365,2.111572556646287,3.2264996191510384,2.1853971633376954,2.779277964216327
BEV2_2025-04-10_drive1.csv,future,BEV2,22.98750402641803,10-50,10-25,13.5,22.987504026418016,-1.4210854715202004e-14,False,0.9999999999999992,True,False,0,,,,,0.65511431910386,0.7979524295544644,0.6993006684598377,0.5566110446592765,0.7607994985277866,0.6651347471892226,0.6676851997918449
BEV2_2025-04-11_drive1.csv,future,BEV2,79.11095265856233,>=50,<10,4.0,79.17122110048686,0.0602684419245349,False,1.0007618217187275,True,False,0,,,,,1.6941810942497533,1.5009641530779128,1.4948210524571017,1.3992211215271908,1.5479902375821322,2.036222753933945,1.1651526387508984
BEV2_2025-04-11_drive2.csv,future,BEV2,67.8519926355048,>=50,10-25,20.0,68.9341880488752,1.0821954133703997,True,1.0159493534579576,True,False,0,68.9341880488752,0.0,0.0,70.39924398011277,2.9811460742355553,3.236952616352429,3.227932955810953,2.4963014237438514,3.246210436539295,2.773756614566251,2.658351844688056
BEV2_2025-04-11_drive3.csv,future,BEV2,4.393995419135334,2-10,10-25,22.5,4.393995419135335,8.881784197001252e-16,False,1.0000000000000002,True,False,0,,,,,-0.1605793033509093,-0.14225291768713155,-0.11861600342709622,-0.11950056973153089,-0.14928234525624906,-0.10610935387329223,-0.16829590269302896
BEV2_2025-04-12_drive1.csv,future,BEV2,2.3574245190289287,2-10,10-25,23.0,2.357424519028929,4.440892098500626e-16,False,1.0000000000000002,True,False,0,,,,,0.22312684268307578,0.18602553516180195,0.2098389875510395,0.18244368637069722,0.2530825502265601,0.098285186693957,0.231181725904568
BEV2_2025-04-13_drive1.csv,future,BEV2,1.0126843336649676,<2,10-25,14.5,1.012684333664967,-6.661338147750939e-16,False,0.9999999999999992,True,False,0,,,,,-0.024638180340807447,-0.012350248402619002,-0.009740642050496073,0.0007372378798690682,-0.009026062708742344,0.009444839716894748,-0.0060752786751090415
BEV2_2025-04-14_drive1.csv,future,BEV2,4.095773072314868,2-10,10-25,12.5,4.095773072314867,-8.881784197001252e-16,False,0.9999999999999998,True,False,0,,,,,0.4669128760429631,0.5385653024720758,0.5097688264502591,0.31926442545276074,0.46178568507307577,0.2533667009866491,0.5615953187116818
BEV2_2025-04-14_drive2.csv,future,BEV2,23.22134090878403,10-50,10-25,15.0,23.221340908784065,3.5527136788005016e-14,False,1.0000000000000016,True,False,0,,,,,0.36674565694355454,0.5444864240001532,0.46256234312235556,0.3634762460466243,0.5261899798473157,0.48154400310039236,0.37539598847646527
BEV2_2025-04-14_drive3.csv,future,BEV2,69.13831453726729,>=50,10-25,21.5,69.26887251137104,0.1305579741037519,False,1.0018883592256704,True,False,0,,,,,3.328255779179683,3.870143433368174,3.704158824105477,3.00893043291331,3.949836414297824,3.3807446286006098,3.528476054894872
BEV2_2025-04-14_drive4.csv,future,BEV2,2.419186247314097,2-10,10-25,21.0,2.419186247314096,-8.881784197001252e-16,False,0.9999999999999996,True,False,0,,,,,-0.041187381502021336,-0.1065840517027577,-0.06051233805246892,-0.009774023712063817,-0.10458211662845485,-0.06206679758647643,-0.024138194526487133
BEV2_2025-04-14_drive5.csv,future,BEV2,62.00846755686321,>=50,10-25,20.0,62.267411838732286,0.258944281869077,False,1.0041759503511616,True,False,0,,,,,2.5876688939690844,2.578656033635914,2.6205137690852247,2.1341241876075454,2.571383080053499,2.2527318121818443,2.1495931697122845
BEV2_2025-04-14_drive6.csv,future,BEV2,0.8993409685922175,<2,10-25,19.0,0.8993409685922175,0.0,False,1.0,True,False,0,,,,,0.10477455058891355,0.044791152039950766,0.04147433484886018,0.10714477241869777,0.10084591027817061,0.10449281416610529,0.11503129115770572
BEV2_2025-04-15_drive1.csv,future,BEV2,0.7178545950412827,<2,10-25,18.5,0.7178545950412827,0.0,False,1.0,True,False,0,,,,,0.1826381364687097,0.17206719449141994,0.18593226300686946,0.13138711828316288,0.18923833369169205,0.1255543394337028,0.1587844474202518
BEV2_2025-04-16_drive1.csv,future,BEV2,0.8953772575868865,<2,10-25,11.5,0.8953772575868857,-7.771561172376097e-16,False,0.9999999999999992,True,False,0,,,,,0.10913154460280597,0.1234522607723176,0.10172246372742158,0.12323452971790338,0.14633155976350085,0.10480879637923465,0.1546369074257061
BEV2_2025-04-16_drive2.csv,future,BEV2,73.04904804594348,>=50,10-25,13.5,73.11413286811867,0.0650848221751942,False,1.0008909742688812,True,False,0,,,,,2.416174342341984,2.6119950677616117,2.7113766273903206,2.590890088079213,2.643811283261103,3.2275652053690056,2.077272069746007
BEV2_2025-04-17_drive1.csv,future,BEV2,55.22397528755913,>=50,10-25,10.0,55.291578969632354,0.0676036820732264,False,1.0012241726844402,True,False,0,,,,,2.2680697850494003,2.285429673835594,2.292451257845034,1.6055907085197223,2.2072880656556055,2.4718256860053014,1.1315265308186238
BEV2_2025-04-17_drive2.csv,future,BEV2,70.0683700376162,>=50,<10,9.0,70.2001573439981,0.131787306381895,False,1.0018808387623566,True,False,0,,,,,1.8805749288410212,2.102477650255185,2.080930426920613,1.3920976875751432,2.1667756961024196,1.4434715628460228,1.4963458946569634
BEV2_2025-04-17_drive3.csv,future,BEV2,61.25414890232785,>=50,<10,9.9,61.31880892497984,0.0646600226519922,False,1.0010556023356898,True,False,0,,,,,3.1547096388262723,3.426788615627581,3.303117867561932,2.8779282460848155,3.2899666699444943,2.9146836206314894,3.116465444032155
BEV2_2025-04-17_drive5.csv,future,BEV2,65.80729214358725,>=50,<10,8.5,65.80729214358708,-1.7053025658242404e-13,False,0.9999999999999974,True,False,0,,,,,2.016147410294707,2.264368100064237,2.2182136437210254,1.8364944571349824,2.130269490056161,2.0096398883466478,1.8783925435883972
BEV2_2025-04-18_drive1.csv,future,BEV2,1.4551903900927528,<2,10-25,11.5,1.4551903900927523,-4.440892098500626e-16,False,0.9999999999999996,True,False,0,,,,,0.07496390348296117,0.1327777234052861,0.09547914710012312,0.08304375902833622,0.11004632243498585,0.10407862798990652,0.07417552844654945
BEV2_2025-04-22_drive1.csv,future,BEV2,73.41358820310695,>=50,10-25,10.5,73.4135882031072,2.415845301584341e-13,False,1.000000000000003,True,False,0,,,,,2.848083318743708,2.7107462400829334,2.6617353906073156,2.0574780543899056,2.478743463396844,2.367683623781817,1.985298145319561
BEV2_2025-04-22_drive2.csv,future,BEV2,69.82490123980928,>=50,10-25,15.2,69.88749408076421,0.0625928409549345,False,1.0008964257713728,True,False,0,,,,,3.663577250552965,3.531039795705663,3.3291938393946996,2.4617814875684516,3.1750111445315436,3.458568731410761,2.174529656117036
BEV2_2025-04-22_drive4.csv,future,BEV2,0.4983097246386507,<2,10-25,14.0,0.4983097246386508,1.1102230246251563e-16,False,1.0000000000000002,True,False,0,,,,,0.044555356057815215,0.038541602150122395,0.05720523999926555,0.050606455595718886,0.04641008257436971,0.0589318509361163,0.052266808137138215
BEV2_2025-04-23_drive1.csv,future,BEV2,14.094295174649377,10-50,10-25,11.0,14.094295174649394,1.7763568394002505e-14,False,1.000000000000001,True,False,0,,,,,1.029506223588709,0.8675796538900964,0.8217180271479041,0.5284464949922612,0.8740265463166601,0.4609754623890545,0.8169674485252743
BEV2_2025-04-25_drive1.csv,future,BEV2,4.3947562641922655,2-10,10-25,11.0,4.394756264192266,8.881784197001252e-16,False,1.0000000000000002,True,False,0,,,,,0.3644119678141534,0.37442990713033564,0.3614465617304361,0.5218677792950983,0.44905253003470147,0.5901317496704026,0.3933093624910865
BEV2_2025-04-25_drive2.csv,future,BEV2,27.99395941595957,10-50,10-25,15.0,27.993959415959544,-2.4868995751603507e-14,False,0.9999999999999992,True,False,0,,,,,0.9755604165681966,0.9654574581060782,0.8015406206798472,0.5966438267465248,0.9397612725299895,0.6426653993875897,0.7459727392066213
BEV2_2025-04-25_drive3.csv,future,BEV2,0.5213677548385437,<2,10-25,13.0,0.5213677548385438,1.1102230246251563e-16,False,1.0000000000000002,True,False,0,,,,,-0.019970867113919516,-0.05159045958440636,-0.038938204463439915,0.015013416214891134,-0.015254607287993022,-0.008125278321609808,0.01145851698201289
BEV2_2025-04-26_drive1.csv,future,BEV2,40.73399390499024,10-50,10-25,20.5,41.23066139660275,0.4966674916125058,True,1.012192948542462,True,False,0,41.23066139660272,0.0,0.0,71.73003879072907,0.7294569711525458,1.0539240178435794,0.935006823066896,0.9240682383882568,0.9726943328715496,2.0645339573373214,0.4136159565830946
BEV2_2025-04-26_drive2.csv,future,BEV2,39.45562953739973,10-50,10-25,21.5,39.519511028109456,0.0638814907097256,False,1.0016190716371456,True,False,0,,,,,2.1663595135497546,2.055891740569371,2.018828373091064,1.3231625144197325,1.9701833659581434,1.814963098565336,1.5559957962460738
BEV2_2025-04-26_drive3.csv,future,BEV2,11.37986120434242,10-50,10-25,21.5,15.624778941531243,4.244917737188823,True,1.3730201679058276,True,False,0,15.624778941531243,0.0,0.0,72.19369305376743,0.13600215984208663,0.1950920573289845,0.23028901165974514,0.6458743697441913,0.1861497978421558,0.38886285112475205,1.1189934077853776
BEV2_2025-04-27_drive1.csv,future,BEV2,1.5442335395609248,<2,10-25,18.0,1.5442335395609252,4.440892098500626e-16,False,1.0000000000000002,True,False,0,,,,,0.0203528193567461,-0.016719842299899867,0.0023324260424248955,0.013727217373815437,0.014287871527287499,0.036428820704735076,-0.014297540060733804
BEV2_2025-04-27_drive2.csv,future,BEV2,1.055098358455509,<2,10-25,18.5,1.055098358455509,0.0,False,1.0,True,False,0,,,,,-0.014292634604663235,-0.07019236841847226,-0.031108613063434543,-0.029302121047893315,-0.08111115260736457,-0.007361941175910103,-0.03109617233369516
BEV2_2025-04-27_drive3.csv,future,BEV2,0.3450208695844796,<2,10-25,22.0,0.3450208695844797,1.1102230246251563e-16,False,1.0000000000000002,True,False,0,,,,,-0.08766510401978746,-0.14798684199932244,-0.12889169042486048,-0.029809582165706547,-0.0599105045835394,0.011227017223681413,-0.016383752949305483
BEV2_2025-04-27_drive4.csv,future,BEV2,0.9920201034141184,<2,10-25,23.0,0.9920201034141184,0.0,False,1.0,True,False,0,,,,,0.04997190799426321,-0.033723401782567414,-0.030744974668868164,-0.012343574082291642,-0.008275174495882942,-0.07502249647093792,0.02768368671909932
BEV2_2025-04-27_drive5.csv,future,BEV2,1.0574531248537455,<2,10-25,22.5,1.0574531248537458,2.220446049250313e-16,False,1.0000000000000002,True,False,0,,,,,0.06761785388389202,0.04403132044100949,0.07530400685446548,0.0382941121455192,0.05758950136594293,0.047990157714685844,0.06701280005454663
BEV2_2025-04-29_drive1.csv,future,BEV2,1.568154411739033,<2,10-25,15.5,1.568154411739034,1.1102230246251563e-15,False,1.0000000000000009,True,False,0,,,,,-0.027960165408585647,-0.04023047676374958,-0.039210470479615234,-0.014077543411086357,0.0018859900115333894,-0.035510956733859955,-0.018444750018830947
BEV2_2025-04-29_drive2.csv,future,BEV2,0.6872922378775063,<2,10-25,23.5,0.6872922378775066,3.3306690738754696e-16,False,1.0000000000000004,True,False,0,,,,,-0.14293008183324635,-0.04092284390656334,-0.07932354100300876,-0.13307380423254273,0.0669666077627048,-0.1617630698108114,-0.10320622274007009
BEV2_2025-04-30_drive1.csv,future,BEV2,45.34022457847651,10-50,10-25,13.5,55.66598017356319,10.325755595086685,True,1.227739401184802,True,True,0,55.66598017356319,0.0,0.0,71.4933624087439,0.9532358873767972,0.5950665425228063,0.6193792790409809,1.1968183225416755,0.6420570756467772,0.9523497363299267,1.549059493777838
