query_file,query_split,cut_ns,released_event_count,available_same_vehicle_pool_n,latest10_ids,same_od_latest10_ids,history_snapshot_hash,online_feature_hash
BEV2_2024-05-16_drive1.csv,train,1715875484000000000,0,0,[],[],4f53cda18c2baa0c0354bb5f9a3ecbe5ed12ab4d8e11ba873c2f11161202b945,2ed8f4b27bf085a5a45f554758a57825d4820ad16ef42e72671e5747cbd2c7e8
BEV2_2024-05-17_drive2.csv,train,1715962823000000000,1,1,"[""BEV2_2024-05-16_drive1.csv""]",[],72ff770c07b95be0946d525bc0f77c18102935b9d99ca7c26d8e39adfe98a646,819d841a90c67f7bdb080f63fa3db3b694703bddcafd40734eff94ab2816decb
BEV2_2024-05-18_drive1.csv,train,1716023172000000000,2,2,"[""BEV2_2024-05-16_drive1.csv"", ""BEV2_2024-05-17_drive2.csv""]",[],b47fc01c8ee3f44761d5e90f1f9ee902466d8119240f4457b1a46b74246d2d70,58fd8cfc83b81286a5e2f299b0d73139c51b68092a609be987bb26ac65a51161
BEV2_2024-05-18_drive2.csv,train,1716033534000000000,3,3,"[""BEV2_2024-05-16_drive1.csv"", ""BEV2_2024-05-17_drive2.csv"", ""BEV2_2024-05-18_drive1.csv""]",[],5256d1d392d72cc377ab4f4c14524c3aad4f2a78c309a47ac49f0e023a0e34e5,925040f20dc9ffcc169f08a0e908bb267329c946bb4d27eb981f4026517266be
BEV2_2024-05-18_drive3.csv,train,1716044846000000000,4,4,"[""BEV2_2024-05-16_drive1.csv"", ""BEV2_2024-05-17_drive2.csv"", ""BEV2_2024-05-18_drive1.csv"", ""BEV2_2024-05-18_drive2.csv""]",[],c54fe3db3cbe8d1d5d2f198510c804843cd3690f8c05f228da9529599bb7ba29,bfcf2bfefd762e207fbaf951d1ecd6faf210ea16d60eb7b02c5d2986ece1bdf6
BEV2_2024-05-18_drive4.csv,train,1716049796000000000,5,5,"[""BEV2_2024-05-16_drive1.csv"", ""BEV2_2024-05-17_drive2.csv"", ""BEV2_2024-05-18_drive1.csv"", ""BEV2_2024-05-18_drive2.csv"", ""BEV2_2024-05-18_drive3.csv""]",[],dca7dc41c26f144eb288baafa9dd7cdfcfbd310bc4fb2f5a8d504c1849b13e06,c47f58c308abb7dec90b799f278358de4e0cb1b506cc3f4b44eb042064adb3e8
BEV2_2024-05-18_drive5.csv,train,1716053326000000000,6,6,"[""BEV2_2024-05-16_drive1.csv"", ""BEV2_2024-05-17_drive2.csv"", ""BEV2_2024-05-18_drive1.csv"", ""BEV2_2024-05-18_drive2.csv"", ""BEV2_2024-05-18_drive3.csv"", ""BEV2_2024-05-18_drive4.csv""]",[],942962cb76eecb5c02071f70784d2a6f67dbd78ea732c29e194244a8b81edad9,03cba337bd8b3154e6b1f9d8a4cdbb2e5046c02aebbd5199f2acd7d810f456a5
BEV2_2024-05-18_drive6.csv,train,1716057347000000000,7,7,"[""BEV2_2024-05-16_drive1.csv"", ""BEV2_2024-05-17_drive2.csv"", ""BEV2_2024-05-18_drive1.csv"", ""BEV2_2024-05-18_drive2.csv"", ""BEV2_2024-05-18_drive3.csv"", ""BEV2_2024-05-18_drive4.csv"", ""BEV2_2024-05-18_drive5.csv""]",[],7c90dca2d45fba39d74a6cd13c65b3e76e11a901be4c54c6b170362a6b973003,36b1b28d0cab8de101b1039632c18e89b3410c41f3a9d480376ddea55bad86ae
BEV2_2024-05-18_drive7.csv,train,1716061079000000000,8,8,"[""BEV2_2024-05-16_drive1.csv"", ""BEV2_2024-05-17_drive2.csv"", ""BEV2_2024-05-18_drive1.csv"", ""BEV2_2024-05-18_drive2.csv"", ""BEV2_2024-05-18_drive3.csv"", ""BEV2_2024-05-18_drive4.csv"", ""BEV2_2024-05-18_drive5.csv"", ""BEV2_2024-05-18_drive6.csv""]",[],1986ebb69acacb723eff0ff489afba0a289d28e2ea1d1b2d18c62249fe7ebd86,c2349e19c49572ad17483edc1ae7c16969d43b7422227f35094b3cbd7f4f806e
BEV2_2024-05-19_drive1.csv,train,1716101495000000000,9,9,"[""BEV2_2024-05-16_drive1.csv"", ""BEV2_2024-05-17_drive2.csv"", ""BEV2_2024-05-18_drive1.csv"", ""BEV2_2024-05-18_drive2.csv"", ""BEV2_2024-05-18_drive3.csv"", ""BEV2_2024-05-18_drive4.csv"", ""BEV2_2024-05-18_drive5.csv"", ""BEV2_2024-05-18_drive6.csv"", ""BEV2_2024-05-18_drive7.csv""]",[],9bb9f1097cab0fe96a5d2b807c4e6b151ef0abbb6d596a5b391d099cc18fdd64,96c44c0c2445b23b47d90dff2215fc792becc9c9561ec9c16c2737a965ebb40b
BEV2_2024-05-19_drive2.csv,train,1716103684000000000,10,10,"[""BEV2_2024-05-16_drive1.csv"", ""BEV2_2024-05-17_drive2.csv"", ""BEV2_2024-05-18_drive1.csv"", ""BEV2_2024-05-18_drive2.csv"", ""BEV2_2024-05-18_drive3.csv"", ""BEV2_2024-05-18_drive4.csv"", ""BEV2_2024-05-18_drive5.csv"", ""BEV2_2024-05-18_drive6.csv"", ""BEV2_2024-05-18_drive7.csv"", ""BEV2_2024-05-19_drive1.csv""]",[],adc15e7485d5ddb00853c329fc7ec916e33aa05fdbd2d17ba459a1cab545602a,767e3e3feda3f3227bce2d04ef67c34de1e12b8b3f33530fae2e5bb1d18a72f3
BEV2_2024-05-19_drive4.csv,train,1716118061000000000,11,11,"[""BEV2_2024-05-17_drive2.csv"", ""BEV2_2024-05-18_drive1.csv"", ""BEV2_2024-05-18_drive2.csv"", ""BEV2_2024-05-18_drive3.csv"", ""BEV2_2024-05-18_drive4.csv"", ""BEV2_2024-05-18_drive5.csv"", ""BEV2_2024-05-18_drive6.csv"", ""BEV2_2024-05-18_drive7.csv"", ""BEV2_2024-05-19_drive1.csv"", ""BEV2_2024-05-19_drive2.csv""]",[],db40ae4764d21d96e4330d29b0ad1a8bd8a9f87327e482b69032dcf8d88ee1c2,b5811b3acb6defa3eb4c104793011c4633039de60b42eba26c5dd08674ab20ce
BEV2_2024-05-19_drive5.csv,train,1716132161000000000,12,12,"[""BEV2_2024-05-18_drive1.csv"", ""BEV2_2024-05-18_drive2.csv"", ""BEV2_2024-05-18_drive3.csv"", ""BEV2_2024-05-18_drive4.csv"", ""BEV2_2024-05-18_drive5.csv"", ""BEV2_2024-05-18_drive6.csv"", ""BEV2_2024-05-18_drive7.csv"", ""BEV2_2024-05-19_drive1.csv"", ""BEV2_2024-05-19_drive2.csv"", ""BEV2_2024-05-19_drive4.csv""]",[],dcd6474eee15f192d5e9c1c71bc815e93c6d428b0eee797ccec13f9c8d32d439,0853d152646e605d4389cde2ea6b870d636490c60a7093cff791770024a68c7b
BEV2_2024-05-19_drive6.csv,train,1716141671000000000,13,13,"[""BEV2_2024-05-18_drive2.csv"", ""BEV2_2024-05-18_drive3.csv"", ""BEV2_2024-05-18_drive4.csv"", ""BEV2_2024-05-18_drive5.csv"", ""BEV2_2024-05-18_drive6.csv"", ""BEV2_2024-05-18_drive7.csv"", ""BEV2_2024-05-19_drive1.csv"", ""BEV2_2024-05-19_drive2.csv"", ""BEV2_2024-05-19_drive4.csv"", ""BEV2_2024-05-19_drive5.csv""]",[],f41f1c15b79ce2539f34cc231b1e46d03b9c7c19cf4087085d8261b122ea9e5d,1c9e591730bc1a5e2f9ef15b4ca13e78ca0b371dd1679bd54c48bbe7bd415443
BEV2_2024-05-19_drive7.csv,train,1716146568000000000,14,14,"[""BEV2_2024-05-18_drive3.csv"", ""BEV2_2024-05-18_drive4.csv"", ""BEV2_2024-05-18_drive5.csv"", ""BEV2_2024-05-18_drive6.csv"", ""BEV2_2024-05-18_drive7.csv"", ""BEV2_2024-05-19_drive1.csv"", ""BEV2_2024-05-19_drive2.csv"", ""BEV2_2024-05-19_drive4.csv"", ""BEV2_2024-05-19_drive5.csv"", ""BEV2_2024-05-19_drive6.csv""]",[],54b2764892d6a33c03baa3ddf145a0eac18363fdf09486a759910e659ec1b259,5f3af77375efe381698765082d910b9114ef57381b01d4f9e485c2d5f99d5b1c
BEV2_2024-05-20_drive1.csv,train,1716229173000000000,15,15,"[""BEV2_2024-05-18_drive4.csv"", ""BEV2_2024-05-18_drive5.csv"", ""BEV2_2024-05-18_drive6.csv"", ""BEV2_2024-05-18_drive7.csv"", ""BEV2_2024-05-19_drive1.csv"", ""BEV2_2024-05-19_drive2.csv"", ""BEV2_2024-05-19_drive4.csv"", ""BEV2_2024-05-19_drive5.csv"", ""BEV2_2024-05-19_drive6.csv"", ""BEV2_2024-05-19_drive7.csv""]",[],4bae021e7dd8d4552a6480615a1bf2243521c19f0a3610014c6ffef103dc5747,2000b5ece99ead7fcfd2b3144c7eebf4daf9b30efc9863c45407f7db9c346eb5
BEV2_2024-05-21_drive1.csv,train,1716271205000000000,16,16,"[""BEV2_2024-05-18_drive5.csv"", ""BEV2_2024-05-18_drive6.csv"", ""BEV2_2024-05-18_drive7.csv"", ""BEV2_2024-05-19_drive1.csv"", ""BEV2_2024-05-19_drive2.csv"", ""BEV2_2024-05-19_drive4.csv"", ""BEV2_2024-05-19_drive5.csv"", ""BEV2_2024-05-19_drive6.csv"", ""BEV2_2024-05-19_drive7.csv"", ""BEV2_2024-05-20_drive1.csv""]",[],e456303796a5b7782f73b4faf706134611caa78d5b712cc868f4848f4f6b5399,578ca34d37ea07bb2ef524c1a87346744684c28e423b6237d2f7bac523f9ff2b
BEV2_2024-05-21_drive2.csv,train,1716286370000000000,17,17,"[""BEV2_2024-05-18_drive6.csv"", ""BEV2_2024-05-18_drive7.csv"", ""BEV2_2024-05-19_drive1.csv"", ""BEV2_2024-05-19_drive2.csv"", ""BEV2_2024-05-19_drive4.csv"", ""BEV2_2024-05-19_drive5.csv"", ""BEV2_2024-05-19_drive6.csv"", ""BEV2_2024-05-19_drive7.csv"", ""BEV2_2024-05-20_drive1.csv"", ""BEV2_2024-05-21_drive1.csv""]",[],3869fec91bb2276ec03503c1771bbb03078601ba490ab18f72c7bf33960f831c,89fb84ea44d531d05df10a35fb1e9a679f1a6f648e87fcff36cbe32c2cf6ea97
BEV2_2024-05-21_drive3.csv,train,1716291695000000000,18,18,"[""BEV2_2024-05-18_drive7.csv"", ""BEV2_2024-05-19_drive1.csv"", ""BEV2_2024-05-19_drive2.csv"", ""BEV2_2024-05-19_drive4.csv"", ""BEV2_2024-05-19_drive5.csv"", ""BEV2_2024-05-19_drive6.csv"", ""BEV2_2024-05-19_drive7.csv"", ""BEV2_2024-05-20_drive1.csv"", ""BEV2_2024-05-21_drive1.csv"", ""BEV2_2024-05-21_drive2.csv""]","[""BEV2_2024-05-20_drive1.csv""]",4c5b819ff4b1f253c080a5b0d345f29bd7b2741c31c586c919c80728c6a5e124,dd014eb82f2b22226143f5e26e8380fba165e29f24d39275fc81b6238c9ecae5
BEV2_2024-05-21_drive4.csv,train,1716305436000000000,19,19,"[""BEV2_2024-05-19_drive1.csv"", ""BEV2_2024-05-19_drive2.csv"", ""BEV2_2024-05-19_drive4.csv"", ""BEV2_2024-05-19_drive5.csv"", ""BEV2_2024-05-19_drive6.csv"", ""BEV2_2024-05-19_drive7.csv"", ""BEV2_2024-05-20_drive1.csv"", ""BEV2_2024-05-21_drive1.csv"", ""BEV2_2024-05-21_drive2.csv"", ""BEV2_2024-05-21_drive3.csv""]",[],b56000efbcad2ba09620eaf91944c3d85c2714443085f78bf9a14740acdbc186,f80a56f51aa8bda3f237eb18eb68842adc0dab49489617774fddf8904026e894
BEV2_2024-05-21_drive5.csv,train,1716311373000000000,20,20,"[""BEV2_2024-05-19_drive2.csv"", ""BEV2_2024-05-19_drive4.csv"", ""BEV2_2024-05-19_drive5.csv"", ""BEV2_2024-05-19_drive6.csv"", ""BEV2_2024-05-19_drive7.csv"", ""BEV2_2024-05-20_drive1.csv"", ""BEV2_2024-05-21_drive1.csv"", ""BEV2_2024-05-21_drive2.csv"", ""BEV2_2024-05-21_drive3.csv"", ""BEV2_2024-05-21_drive4.csv""]",[],8de135daa26a23c06d484bfa1f9907a6ce4a3da23de68afb3926eac4186fe827,f971ce2eacb6a6ee345609e912fbc5e3549268452ec2fc62d6028787fa114413
BEV2_2024-05-21_drive6.csv,train,1716314915000000000,21,21,"[""BEV2_2024-05-19_drive4.csv"", ""BEV2_2024-05-19_drive5.csv"", ""BEV2_2024-05-19_drive6.csv"", ""BEV2_2024-05-19_drive7.csv"", ""BEV2_2024-05-20_drive1.csv"", ""BEV2_2024-05-21_drive1.csv"", ""BEV2_2024-05-21_drive2.csv"", ""BEV2_2024-05-21_drive3.csv"", ""BEV2_2024-05-21_drive4.csv"", ""BEV2_2024-05-21_drive5.csv""]",[],609228b83a52251deea0b67a604da107d295537bdc6a11411b9054947e2f39d7,b2aaa4aec5e591579931458b955f7ce9fd6df7c6c5aa480785f9efb4da3fa80b
BEV2_2024-05-21_drive7.csv,train,1716319114000000000,22,22,"[""BEV2_2024-05-19_drive5.csv"", ""BEV2_2024-05-19_drive6.csv"", ""BEV2_2024-05-19_drive7.csv"", ""BEV2_2024-05-20_drive1.csv"", ""BEV2_2024-05-21_drive1.csv"", ""BEV2_2024-05-21_drive2.csv"", ""BEV2_2024-05-21_drive3.csv"", ""BEV2_2024-05-21_drive4.csv"", ""BEV2_2024-05-21_drive5.csv"", ""BEV2_2024-05-21_drive6.csv""]",[],e9837a2b9282834d74879872cfb40a8f8344018275902dc3836b0c42958d764e,ea22e319a57e6513ff4b2e970f01be4c54afa141159f9f36f1d38f698c6823cc
BEV2_2024-05-21_drive8.csv,train,1716323093000000000,23,23,"[""BEV2_2024-05-19_drive6.csv"", ""BEV2_2024-05-19_drive7.csv"", ""BEV2_2024-05-20_drive1.csv"", ""BEV2_2024-05-21_drive1.csv"", ""BEV2_2024-05-21_drive2.csv"", ""BEV2_2024-05-21_drive3.csv"", ""BEV2_2024-05-21_drive4.csv"", ""BEV2_2024-05-21_drive5.csv"", ""BEV2_2024-05-21_drive6.csv"", ""BEV2_2024-05-21_drive7.csv""]",[],c70cec5c9cafb679d8c28945a3c381e95c917b552512ca76851a3d97b24aad16,9ca0f7ce09777649704c3c380308e93909a8ee086dc78dde385a306847adb965
BEV2_2024-05-22_drive1.csv,train,1716353787000000000,24,24,"[""BEV2_2024-05-19_drive7.csv"", ""BEV2_2024-05-20_drive1.csv"", ""BEV2_2024-05-21_drive1.csv"", ""BEV2_2024-05-21_drive2.csv"", ""BEV2_2024-05-21_drive3.csv"", ""BEV2_2024-05-21_drive4.csv"", ""BEV2_2024-05-21_drive5.csv"", ""BEV2_2024-05-21_drive6.csv"", ""BEV2_2024-05-21_drive7.csv"", ""BEV2_2024-05-21_drive8.csv""]",[],6468f00057872bdd53e2b53efc3f0920e72e330de6c87a2a3501e36942237eb2,bc465e6f47f2fe4a602645677de2fdec5d522fc7772c72addce90ff7411831f5
BEV2_2024-05-22_drive2.csv,train,1716402678000000000,25,25,"[""BEV2_2024-05-20_drive1.csv"", ""BEV2_2024-05-21_drive1.csv"", ""BEV2_2024-05-21_drive2.csv"", ""BEV2_2024-05-21_drive3.csv"", ""BEV2_2024-05-21_drive4.csv"", ""BEV2_2024-05-21_drive5.csv"", ""BEV2_2024-05-21_drive6.csv"", ""BEV2_2024-05-21_drive7.csv"", ""BEV2_2024-05-21_drive8.csv"", ""BEV2_2024-05-22_drive1.csv""]",[],80290cfccdd09b5a88015bd26043110074445e171518e5112a8cea749c6944c7,5f3c272355a25d62a994094cea6a6d4ea16394778410c190d5c9dd17c84b6bd4
BEV2_2024-05-23_drive1.csv,train,1716443930000000000,26,26,"[""BEV2_2024-05-21_drive1.csv"", ""BEV2_2024-05-21_drive2.csv"", ""BEV2_2024-05-21_drive3.csv"", ""BEV2_2024-05-21_drive4.csv"", ""BEV2_2024-05-21_drive5.csv"", ""BEV2_2024-05-21_drive6.csv"", ""BEV2_2024-05-21_drive7.csv"", ""BEV2_2024-05-21_drive8.csv"", ""BEV2_2024-05-22_drive1.csv"", ""BEV2_2024-05-22_drive2.csv""]",[],1c6cd107df0b556af4d106ee7e3031b1749a1f48975b8f73617b614be7d88078,8eea24a5e194c9122b02196439122bda373993cc41ff1a1eaf8b439229bb9a55
BEV2_2024-06-14_drive1.csv,train,1718389468000000000,27,27,"[""BEV2_2024-05-21_drive2.csv"", ""BEV2_2024-05-21_drive3.csv"", ""BEV2_2024-05-21_drive4.csv"", ""BEV2_2024-05-21_drive5.csv"", ""BEV2_2024-05-21_drive6.csv"", ""BEV2_2024-05-21_drive7.csv"", ""BEV2_2024-05-21_drive8.csv"", ""BEV2_2024-05-22_drive1.csv"", ""BEV2_2024-05-22_drive2.csv"", ""BEV2_2024-05-23_drive1.csv""]",[],fff2c943d51aad054534954e46358c4bb9f6a5d7e31fe3ff267da5d805ace80b,afa7702a8f72682c0ab1d80f1d0f1876b2e108509e56d2a2c53c6c1834ea0125
BEV2_2024-06-14_drive2.csv,train,1718395302000000000,28,28,"[""BEV2_2024-05-21_drive3.csv"", ""BEV2_2024-05-21_drive4.csv"", ""BEV2_2024-05-21_drive5.csv"", ""BEV2_2024-05-21_drive6.csv"", ""BEV2_2024-05-21_drive7.csv"", ""BEV2_2024-05-21_drive8.csv"", ""BEV2_2024-05-22_drive1.csv"", ""BEV2_2024-05-22_drive2.csv"", ""BEV2_2024-05-23_drive1.csv"", ""BEV2_2024-06-14_drive1.csv""]",[],d636f0e911402e44161e19002e0466466994994d0c145f651ad6f5207b81c7b9,15c6082d857659b00829db85fde1330ce8e2477f29b24354588b928f1707d0f9
BEV2_2024-06-15_drive1.csv,train,1718444892000000000,29,29,"[""BEV2_2024-05-21_drive4.csv"", ""BEV2_2024-05-21_drive5.csv"", ""BEV2_2024-05-21_drive6.csv"", ""BEV2_2024-05-21_drive7.csv"", ""BEV2_2024-05-21_drive8.csv"", ""BEV2_2024-05-22_drive1.csv"", ""BEV2_2024-05-22_drive2.csv"", ""BEV2_2024-05-23_drive1.csv"", ""BEV2_2024-06-14_drive1.csv"", ""BEV2_2024-06-14_drive2.csv""]",[],009711662199da9aa8d726ec7e8e32ea1aceaf291ab711283e3354208e82e80d,3c6dbc925a8835a8762e340cf3f1fd894ccaf7c20a7c1950a6ff2739163233c3
BEV2_2024-06-15_drive2.csv,train,1718454725000000000,30,30,"[""BEV2_2024-05-21_drive5.csv"", ""BEV2_2024-05-21_drive6.csv"", ""BEV2_2024-05-21_drive7.csv"", ""BEV2_2024-05-21_drive8.csv"", ""BEV2_2024-05-22_drive1.csv"", ""BEV2_2024-05-22_drive2.csv"", ""BEV2_2024-05-23_drive1.csv"", ""BEV2_2024-06-14_drive1.csv"", ""BEV2_2024-06-14_drive2.csv"", ""BEV2_2024-06-15_drive1.csv""]",[],5481ad05825b488809dae19d5b2bc0955180646de51c697f11fba30bc18c6824,dad2546f47d0edfa58bbf6506c23d87dcd71b484084501a24f595fc2268738a7
BEV2_2024-06-15_drive3.csv,train,1718463733000000000,31,31,"[""BEV2_2024-05-21_drive6.csv"", ""BEV2_2024-05-21_drive7.csv"", ""BEV2_2024-05-21_drive8.csv"", ""BEV2_2024-05-22_drive1.csv"", ""BEV2_2024-05-22_drive2.csv"", ""BEV2_2024-05-23_drive1.csv"", ""BEV2_2024-06-14_drive1.csv"", ""BEV2_2024-06-14_drive2.csv"", ""BEV2_2024-06-15_drive1.csv"", ""BEV2_2024-06-15_drive2.csv""]",[],133cf7f5bc82914e8d39ece4d72707c13758c8656695a585ee3f64316ad37a4f,cc41765236f4d0c4b43672f19e0b19e2477a37f56844b81db31b9bc7dc81f83c
BEV2_2024-06-18_drive1.csv,train,1718728491000000000,32,32,"[""BEV2_2024-05-21_drive7.csv"", ""BEV2_2024-05-21_drive8.csv"", ""BEV2_2024-05-22_drive1.csv"", ""BEV2_2024-05-22_drive2.csv"", ""BEV2_2024-05-23_drive1.csv"", ""BEV2_2024-06-14_drive1.csv"", ""BEV2_2024-06-14_drive2.csv"", ""BEV2_2024-06-15_drive1.csv"", ""BEV2_2024-06-15_drive2.csv"", ""BEV2_2024-06-15_drive3.csv""]",[],5255fded65e48dcfb87d7b348ccb6530b906a471eb8029efb2e22f448adfe1ca,94907045ddc11e97b0939c430b3ce94f764fea89c4748b77232e4522d79cbc4a
BEV2_2024-06-19_drive1.csv,train,1718776073000000000,33,33,"[""BEV2_2024-05-21_drive8.csv"", ""BEV2_2024-05-22_drive1.csv"", ""BEV2_2024-05-22_drive2.csv"", ""BEV2_2024-05-23_drive1.csv"", ""BEV2_2024-06-14_drive1.csv"", ""BEV2_2024-06-14_drive2.csv"", ""BEV2_2024-06-15_drive1.csv"", ""BEV2_2024-06-15_drive2.csv"", ""BEV2_2024-06-15_drive3.csv"", ""BEV2_2024-06-18_drive1.csv""]","[""BEV2_2024-05-23_drive1.csv""]",8a5e258d4e5afd81d637d1276e7c00c33f0a102b4c06d9d6f4f67e1f4385a56a,aed5436e23d710f8fd301f2622144c1d871ece6a7e91aced4d0a1e21cc2e5043
BEV2_2024-06-19_drive2.csv,train,1718783798000000000,34,34,"[""BEV2_2024-05-22_drive1.csv"", ""BEV2_2024-05-22_drive2.csv"", ""BEV2_2024-05-23_drive1.csv"", ""BEV2_2024-06-14_drive1.csv"", ""BEV2_2024-06-14_drive2.csv"", ""BEV2_2024-06-15_drive1.csv"", ""BEV2_2024-06-15_drive2.csv"", ""BEV2_2024-06-15_drive3.csv"", ""BEV2_2024-06-18_drive1.csv"", ""BEV2_2024-06-19_drive1.csv""]",[],b18c23af5467ac7b8727136ee93974ba6bfc3d7c7387ed19eb87da1b41b31b41,504e2d5a698b25678c8cbe707a55d6797353c5d338da02e16cb39b7d26442189
BEV2_2024-06-19_drive3.csv,train,1718793026000000000,35,35,"[""BEV2_2024-05-22_drive2.csv"", ""BEV2_2024-05-23_drive1.csv"", ""BEV2_2024-06-14_drive1.csv"", ""BEV2_2024-06-14_drive2.csv"", ""BEV2_2024-06-15_drive1.csv"", ""BEV2_2024-06-15_drive2.csv"", ""BEV2_2024-06-15_drive3.csv"", ""BEV2_2024-06-18_drive1.csv"", ""BEV2_2024-06-19_drive1.csv"", ""BEV2_2024-06-19_drive2.csv""]",[],45cfe737df58044377862bbdf9448b27a3dbed48253b32c61daedc57019ec3ab,c4d66e028b89c12f32a2f03bbb902944b43385ecac4bfaa09e3abc4716319256
BEV2_2024-06-19_drive4.csv,train,1718807686000000000,36,36,"[""BEV2_2024-05-23_drive1.csv"", ""BEV2_2024-06-14_drive1.csv"", ""BEV2_2024-06-14_drive2.csv"", ""BEV2_2024-06-15_drive1.csv"", ""BEV2_2024-06-15_drive2.csv"", ""BEV2_2024-06-15_drive3.csv"", ""BEV2_2024-06-18_drive1.csv"", ""BEV2_2024-06-19_drive1.csv"", ""BEV2_2024-06-19_drive2.csv"", ""BEV2_2024-06-19_drive3.csv""]",[],c558c1ff7bf8fe250c2f6e39954828d8ecb4cf386a8fc39ce4097ed380b62125,4f98072097327aebf15e6b107749f837060b9dd3be9403dfe88933122eab5900
BEV2_2024-06-19_drive5.csv,train,1718810596000000000,37,37,"[""BEV2_2024-06-14_drive1.csv"", ""BEV2_2024-06-14_drive2.csv"", ""BEV2_2024-06-15_drive1.csv"", ""BEV2_2024-06-15_drive2.csv"", ""BEV2_2024-06-15_drive3.csv"", ""BEV2_2024-06-18_drive1.csv"", ""BEV2_2024-06-19_drive1.csv"", ""BEV2_2024-06-19_drive2.csv"", ""BEV2_2024-06-19_drive3.csv"", ""BEV2_2024-06-19_drive4.csv""]",[],dc8a5f237a409a59d6be2ff17a029c4f4ddb95ef40de392f6e4f57a059c38ac1,858a04a528abd9372b840d452e08cc5d03f8c68b5571b002b1355db4193d1e62
BEV2_2024-06-19_drive6.csv,train,1718818908000000000,37,37,"[""BEV2_2024-06-14_drive1.csv"", ""BEV2_2024-06-14_drive2.csv"", ""BEV2_2024-06-15_drive1.csv"", ""BEV2_2024-06-15_drive2.csv"", ""BEV2_2024-06-15_drive3.csv"", ""BEV2_2024-06-18_drive1.csv"", ""BEV2_2024-06-19_drive1.csv"", ""BEV2_2024-06-19_drive2.csv"", ""BEV2_2024-06-19_drive3.csv"", ""BEV2_2024-06-19_drive4.csv""]",[],dc8a5f237a409a59d6be2ff17a029c4f4ddb95ef40de392f6e4f57a059c38ac1,3f3f11c235aa87ad0e524c739571e092ebb5614316a528eb2f9bbb1cc0b7e418
BEV2_2024-06-19_drive7.csv,train,1718831860000000000,38,38,"[""BEV2_2024-06-14_drive2.csv"", ""BEV2_2024-06-15_drive1.csv"", ""BEV2_2024-06-15_drive2.csv"", ""BEV2_2024-06-15_drive3.csv"", ""BEV2_2024-06-18_drive1.csv"", ""BEV2_2024-06-19_drive1.csv"", ""BEV2_2024-06-19_drive2.csv"", ""BEV2_2024-06-19_drive3.csv"", ""BEV2_2024-06-19_drive4.csv"", ""BEV2_2024-06-19_drive6.csv""]","[""BEV2_2024-06-14_drive2.csv""]",7b0a4099bc65ad5710bef038385e6982d16e35b3746b3db80306f982a8781f75,1a61c02ce94375042097805932121e52164491036f9c69c577389158ac463717
BEV2_2024-06-20_drive1.csv,train,1718876519000000000,39,39,"[""BEV2_2024-06-15_drive1.csv"", ""BEV2_2024-06-15_drive2.csv"", ""BEV2_2024-06-15_drive3.csv"", ""BEV2_2024-06-18_drive1.csv"", ""BEV2_2024-06-19_drive1.csv"", ""BEV2_2024-06-19_drive2.csv"", ""BEV2_2024-06-19_drive3.csv"", ""BEV2_2024-06-19_drive4.csv"", ""BEV2_2024-06-19_drive6.csv"", ""BEV2_2024-06-19_drive7.csv""]",[],57933fd7b6f37fc0fd551078eb1dfbed391d5c2f4318afd369d9001e29a81bd1,6cf9e4687ade4cd662c013e91f72e6470c26e6795c04260a23aa8b6db66e18d7
BEV2_2024-06-20_drive2.csv,train,1718905365000000000,40,40,"[""BEV2_2024-06-15_drive2.csv"", ""BEV2_2024-06-15_drive3.csv"", ""BEV2_2024-06-18_drive1.csv"", ""BEV2_2024-06-19_drive1.csv"", ""BEV2_2024-06-19_drive2.csv"", ""BEV2_2024-06-19_drive3.csv"", ""BEV2_2024-06-19_drive4.csv"", ""BEV2_2024-06-19_drive6.csv"", ""BEV2_2024-06-19_drive7.csv"", ""BEV2_2024-06-20_drive1.csv""]",[],f8b03792ed4df097e93f6d227c07f66a377fc3d59537a3cf47624d3322500c31,8e9dc7c2aa8c73f3dac7e2c8e490a90bc97c0c76c733b50581d3ef8bde2a33dd
BEV2_2024-06-21_drive1.csv,train,1718949092000000000,41,41,"[""BEV2_2024-06-15_drive3.csv"", ""BEV2_2024-06-18_drive1.csv"", ""BEV2_2024-06-19_drive1.csv"", ""BEV2_2024-06-19_drive2.csv"", ""BEV2_2024-06-19_drive3.csv"", ""BEV2_2024-06-19_drive4.csv"", ""BEV2_2024-06-19_drive6.csv"", ""BEV2_2024-06-19_drive7.csv"", ""BEV2_2024-06-20_drive1.csv"", ""BEV2_2024-06-20_drive2.csv""]","[""BEV2_2024-06-19_drive3.csv""]",8808aab4087f19254cd47c6718b4efbb477d053bb5007a2cd9358b9d2b02a229,74efee6a9360e588260cc2cf0155cedec6358d4211ccfe146c7b5e4e5ce244e6
BEV2_2024-06-21_drive3.csv,train,1718959031000000000,42,42,"[""BEV2_2024-06-18_drive1.csv"", ""BEV2_2024-06-19_drive1.csv"", ""BEV2_2024-06-19_drive2.csv"", ""BEV2_2024-06-19_drive3.csv"", ""BEV2_2024-06-19_drive4.csv"", ""BEV2_2024-06-19_drive6.csv"", ""BEV2_2024-06-19_drive7.csv"", ""BEV2_2024-06-20_drive1.csv"", ""BEV2_2024-06-20_drive2.csv"", ""BEV2_2024-06-21_drive1.csv""]",[],5492ec2d912de1d3571d5bb4f77cf4b9a18fcb896920079b931c6b1c442a7850,c4604504a6b4989bd5e9737e3dfd27f87c060de82372572669473626e72809ab
BEV2_2024-06-21_drive4.csv,train,1718965024000000000,43,43,"[""BEV2_2024-06-19_drive1.csv"", ""BEV2_2024-06-19_drive2.csv"", ""BEV2_2024-06-19_drive3.csv"", ""BEV2_2024-06-19_drive4.csv"", ""BEV2_2024-06-19_drive6.csv"", ""BEV2_2024-06-19_drive7.csv"", ""BEV2_2024-06-20_drive1.csv"", ""BEV2_2024-06-20_drive2.csv"", ""BEV2_2024-06-21_drive1.csv"", ""BEV2_2024-06-21_drive3.csv""]",[],0376d73efbd739bffb3f5f9c2a1998a0e6a471e771df204467d038e2c2b6d749,2889e4351539592f391767b332fdee4e7156e50b0b08dcb8398e0fa29f4553a2
BEV2_2024-06-21_drive5.csv,train,1718977712000000000,44,44,"[""BEV2_2024-06-19_drive2.csv"", ""BEV2_2024-06-19_drive3.csv"", ""BEV2_2024-06-19_drive4.csv"", ""BEV2_2024-06-19_drive6.csv"", ""BEV2_2024-06-19_drive7.csv"", ""BEV2_2024-06-20_drive1.csv"", ""BEV2_2024-06-20_drive2.csv"", ""BEV2_2024-06-21_drive1.csv"", ""BEV2_2024-06-21_drive3.csv"", ""BEV2_2024-06-21_drive4.csv""]",[],197ac53a571b9c1d01cb0d6458d7566c2403ae4179bae46340302f2a273fac71,1c85be3d51a41d9c7089e2110a9b5078ea85b2f7c1253f1eb10ebae1d5eaca52
BEV2_2024-06-21_drive6.csv,train,1718982536000000000,44,44,"[""BEV2_2024-06-19_drive2.csv"", ""BEV2_2024-06-19_drive3.csv"", ""BEV2_2024-06-19_drive4.csv"", ""BEV2_2024-06-19_drive6.csv"", ""BEV2_2024-06-19_drive7.csv"", ""BEV2_2024-06-20_drive1.csv"", ""BEV2_2024-06-20_drive2.csv"", ""BEV2_2024-06-21_drive1.csv"", ""BEV2_2024-06-21_drive3.csv"", ""BEV2_2024-06-21_drive4.csv""]","[""BEV2_2024-06-19_drive7.csv""]",197ac53a571b9c1d01cb0d6458d7566c2403ae4179bae46340302f2a273fac71,b86fc6b5e451b8dcd9063794bd00f8b625a46b909bec3237e6e2d30d7633de9f
BEV2_2024-06-21_drive7.csv,train,1718986215000000000,45,45,"[""BEV2_2024-06-19_drive3.csv"", ""BEV2_2024-06-19_drive4.csv"", ""BEV2_2024-06-19_drive6.csv"", ""BEV2_2024-06-19_drive7.csv"", ""BEV2_2024-06-20_drive1.csv"", ""BEV2_2024-06-20_drive2.csv"", ""BEV2_2024-06-21_drive1.csv"", ""BEV2_2024-06-21_drive3.csv"", ""BEV2_2024-06-21_drive4.csv"", ""BEV2_2024-06-21_drive6.csv""]",[],7bec1db7713c3a1290b20d3841eb4ef736b46cf3e4e8c4370f1264b72fc3ed33,b0ee520bc8c0759b46be4d91c92b38c6edeea6baf21c2beec2616e6938544673
BEV2_2024-06-21_drive8.csv,train,1718987738000000000,46,46,"[""BEV2_2024-06-19_drive4.csv"", ""BEV2_2024-06-19_drive6.csv"", ""BEV2_2024-06-19_drive7.csv"", ""BEV2_2024-06-20_drive1.csv"", ""BEV2_2024-06-20_drive2.csv"", ""BEV2_2024-06-21_drive1.csv"", ""BEV2_2024-06-21_drive3.csv"", ""BEV2_2024-06-21_drive4.csv"", ""BEV2_2024-06-21_drive6.csv"", ""BEV2_2024-06-21_drive7.csv""]",[],ca05ee91127e484233a8f7b0678f352698f32e77dab697f675233defb76d72ae,fb88492a10d8059720ec2492c2bf7c13eb177781dddfc81408fc62f9802acda0
BEV2_2024-06-21_drive9.csv,train,1718991872000000000,47,47,"[""BEV2_2024-06-19_drive6.csv"", ""BEV2_2024-06-19_drive7.csv"", ""BEV2_2024-06-20_drive1.csv"", ""BEV2_2024-06-20_drive2.csv"", ""BEV2_2024-06-21_drive1.csv"", ""BEV2_2024-06-21_drive3.csv"", ""BEV2_2024-06-21_drive4.csv"", ""BEV2_2024-06-21_drive6.csv"", ""BEV2_2024-06-21_drive7.csv"", ""BEV2_2024-06-21_drive8.csv""]","[""BEV2_2024-06-20_drive2.csv""]",e967b6ca570674df9b738c8a789962c41eaa5551598bb2391c654d22f2231399,c39d2a1897e1670c9ff94646a98cd1d3a540c684718a85ac1999451961c3eb08
BEV2_2024-06-21_drive10.csv,train,1718993717000000000,48,48,"[""BEV2_2024-06-19_drive7.csv"", ""BEV2_2024-06-20_drive1.csv"", ""BEV2_2024-06-20_drive2.csv"", ""BEV2_2024-06-21_drive1.csv"", ""BEV2_2024-06-21_drive3.csv"", ""BEV2_2024-06-21_drive4.csv"", ""BEV2_2024-06-21_drive6.csv"", ""BEV2_2024-06-21_drive7.csv"", ""BEV2_2024-06-21_drive8.csv"", ""BEV2_2024-06-21_drive9.csv""]",[],e570c36d0228472ead015cccbae2452171347c08d3911edb52bbb00e22baa948,8a7c42d080acb8bc4453329ceae0ea2167f7936d52b6803c401023c897113060
BEV2_2024-06-21_drive2.csv,train,1718995393000000000,49,49,"[""BEV2_2024-06-20_drive1.csv"", ""BEV2_2024-06-20_drive2.csv"", ""BEV2_2024-06-21_drive1.csv"", ""BEV2_2024-06-21_drive3.csv"", ""BEV2_2024-06-21_drive4.csv"", ""BEV2_2024-06-21_drive6.csv"", ""BEV2_2024-06-21_drive7.csv"", ""BEV2_2024-06-21_drive8.csv"", ""BEV2_2024-06-21_drive9.csv"", ""BEV2_2024-06-21_drive10.csv""]","[""BEV2_2024-06-21_drive6.csv""]",0f42dfe28ce724afdd4423c3cfcd4474ffdb58ec46e8adeabc040d34e1098e67,acb8cb0456680c2591ab560937d1196074078693e85a2bbcc25244b4c1d339fd
BEV2_2024-06-22_drive1.csv,train,1719051971000000000,50,50,"[""BEV2_2024-06-20_drive2.csv"", ""BEV2_2024-06-21_drive1.csv"", ""BEV2_2024-06-21_drive3.csv"", ""BEV2_2024-06-21_drive4.csv"", ""BEV2_2024-06-21_drive6.csv"", ""BEV2_2024-06-21_drive7.csv"", ""BEV2_2024-06-21_drive8.csv"", ""BEV2_2024-06-21_drive9.csv"", ""BEV2_2024-06-21_drive10.csv"", ""BEV2_2024-06-21_drive2.csv""]",[],6bd88ea56e34e9e93baa2b45f20a1e54aca454f32c87a200c70851cee518626c,b736041da03922a1c243260f9b2192e02b10745c476ed42a190d9477058cda5e
BEV2_2024-06-22_drive2.csv,train,1719056874000000000,51,51,"[""BEV2_2024-06-21_drive1.csv"", ""BEV2_2024-06-21_drive3.csv"", ""BEV2_2024-06-21_drive4.csv"", ""BEV2_2024-06-21_drive6.csv"", ""BEV2_2024-06-21_drive7.csv"", ""BEV2_2024-06-21_drive8.csv"", ""BEV2_2024-06-21_drive9.csv"", ""BEV2_2024-06-21_drive10.csv"", ""BEV2_2024-06-21_drive2.csv"", ""BEV2_2024-06-22_drive1.csv""]",[],374ebf29ea1f1bde8b8dc5651051d7ffa6438c56d4ef05735ec6edac1f380874,26dbd608582cd2ad809db060abd787bbb399dd801175350410b86c19eaffa713
BEV2_2024-06-22_drive3.csv,train,1719068347000000000,52,52,"[""BEV2_2024-06-21_drive3.csv"", ""BEV2_2024-06-21_drive4.csv"", ""BEV2_2024-06-21_drive6.csv"", ""BEV2_2024-06-21_drive7.csv"", ""BEV2_2024-06-21_drive8.csv"", ""BEV2_2024-06-21_drive9.csv"", ""BEV2_2024-06-21_drive10.csv"", ""BEV2_2024-06-21_drive2.csv"", ""BEV2_2024-06-22_drive1.csv"", ""BEV2_2024-06-22_drive2.csv""]",[],6b6f5150646bf9ad577a7c12b03d4fc9b93922cdac26a9263f30d68d1791bd1f,739db9a8626304bfb624866c95fb91384484a96ae9e2028b9009e4419f2a43ec
BEV2_2024-06-22_drive4.csv,train,1719070629000000000,53,53,"[""BEV2_2024-06-21_drive4.csv"", ""BEV2_2024-06-21_drive6.csv"", ""BEV2_2024-06-21_drive7.csv"", ""BEV2_2024-06-21_drive8.csv"", ""BEV2_2024-06-21_drive9.csv"", ""BEV2_2024-06-21_drive10.csv"", ""BEV2_2024-06-21_drive2.csv"", ""BEV2_2024-06-22_drive1.csv"", ""BEV2_2024-06-22_drive2.csv"", ""BEV2_2024-06-22_drive3.csv""]",[],49c2633f2f47b32d87107e586f0a6a5a6a20c207970916a7e5a43fe36a053abf,79c1b54a85828b6c9f78e7e5115a3a3ff8451e7957205cab24b1c3f84c282c45
BEV2_2024-06-22_drive5.csv,train,1719076805000000000,54,54,"[""BEV2_2024-06-21_drive6.csv"", ""BEV2_2024-06-21_drive7.csv"", ""BEV2_2024-06-21_drive8.csv"", ""BEV2_2024-06-21_drive9.csv"", ""BEV2_2024-06-21_drive10.csv"", ""BEV2_2024-06-21_drive2.csv"", ""BEV2_2024-06-22_drive1.csv"", ""BEV2_2024-06-22_drive2.csv"", ""BEV2_2024-06-22_drive3.csv"", ""BEV2_2024-06-22_drive4.csv""]","[""BEV2_2024-06-21_drive9.csv""]",25c7f00838be28b38ca63b4860b4f25390d231aa7fa28a2e5a622e27ac98483a,3dbb94dfd9d185f46a936890f594eef48f250f56d505257f4e5c31ad505f44aa
BEV2_2024-06-22_drive6.csv,train,1719080767000000000,55,55,"[""BEV2_2024-06-21_drive7.csv"", ""BEV2_2024-06-21_drive8.csv"", ""BEV2_2024-06-21_drive9.csv"", ""BEV2_2024-06-21_drive10.csv"", ""BEV2_2024-06-21_drive2.csv"", ""BEV2_2024-06-22_drive1.csv"", ""BEV2_2024-06-22_drive2.csv"", ""BEV2_2024-06-22_drive3.csv"", ""BEV2_2024-06-22_drive4.csv"", ""BEV2_2024-06-22_drive5.csv""]",[],e4f7f25da4d584b64931752b0bff36e0303501ca0add9629fca945802021cad3,5823b00f3541092dd642a85ba956fdfd19ce01ae4c44204cae7a2b9a526d03d8
BEV2_2024-06-22_drive7.csv,train,1719095814000000000,56,56,"[""BEV2_2024-06-21_drive8.csv"", ""BEV2_2024-06-21_drive9.csv"", ""BEV2_2024-06-21_drive10.csv"", ""BEV2_2024-06-21_drive2.csv"", ""BEV2_2024-06-22_drive1.csv"", ""BEV2_2024-06-22_drive2.csv"", ""BEV2_2024-06-22_drive3.csv"", ""BEV2_2024-06-22_drive4.csv"", ""BEV2_2024-06-22_drive5.csv"", ""BEV2_2024-06-22_drive6.csv""]","[""BEV2_2024-06-21_drive2.csv""]",a0111b1d16649af4dbd77af0d5cdac02fc205ef442655317ce21b30d8f0318b5,4530f09d0a73ac176c99518970b4ea05c093c643e5f3958b7dce225fcdea837b
BEV2_2024-06-23_drive1.csv,train,1719124559000000000,56,56,"[""BEV2_2024-06-21_drive8.csv"", ""BEV2_2024-06-21_drive9.csv"", ""BEV2_2024-06-21_drive10.csv"", ""BEV2_2024-06-21_drive2.csv"", ""BEV2_2024-06-22_drive1.csv"", ""BEV2_2024-06-22_drive2.csv"", ""BEV2_2024-06-22_drive3.csv"", ""BEV2_2024-06-22_drive4.csv"", ""BEV2_2024-06-22_drive5.csv"", ""BEV2_2024-06-22_drive6.csv""]",[],a0111b1d16649af4dbd77af0d5cdac02fc205ef442655317ce21b30d8f0318b5,5c4f03696397a6a11a8aad97f0c2e4db185e128c0a8e368385bbf99328daef00
BEV2_2024-06-23_drive2.csv,train,1719126904000000000,57,57,"[""BEV2_2024-06-21_drive9.csv"", ""BEV2_2024-06-21_drive10.csv"", ""BEV2_2024-06-21_drive2.csv"", ""BEV2_2024-06-22_drive1.csv"", ""BEV2_2024-06-22_drive2.csv"", ""BEV2_2024-06-22_drive3.csv"", ""BEV2_2024-06-22_drive4.csv"", ""BEV2_2024-06-22_drive5.csv"", ""BEV2_2024-06-22_drive6.csv"", ""BEV2_2024-06-23_drive1.csv""]",[],7661b4cdb478e2d1a9ddce2624e6a4656936bc5a5fc52cd25a799b3458e55f5d,b5b3d89f614bf6eace46df9b936c9e1166b9d606fd8897475b3482878380546c
BEV2_2024-06-23_drive3.csv,train,1719133792000000000,58,58,"[""BEV2_2024-06-21_drive10.csv"", ""BEV2_2024-06-21_drive2.csv"", ""BEV2_2024-06-22_drive1.csv"", ""BEV2_2024-06-22_drive2.csv"", ""BEV2_2024-06-22_drive3.csv"", ""BEV2_2024-06-22_drive4.csv"", ""BEV2_2024-06-22_drive5.csv"", ""BEV2_2024-06-22_drive6.csv"", ""BEV2_2024-06-23_drive1.csv"", ""BEV2_2024-06-23_drive2.csv""]",[],38f23ddf391bef26ca0ab710d863df8db563ee9cc99b2b3e02b3e2ba20e26d98,19a6c7b89ec2dea1016ac306b863842f3cf6933d9ed3021a59b20103edf0fe8a
BEV2_2024-06-23_drive4.csv,train,1719135524000000000,59,59,"[""BEV2_2024-06-21_drive2.csv"", ""BEV2_2024-06-22_drive1.csv"", ""BEV2_2024-06-22_drive2.csv"", ""BEV2_2024-06-22_drive3.csv"", ""BEV2_2024-06-22_drive4.csv"", ""BEV2_2024-06-22_drive5.csv"", ""BEV2_2024-06-22_drive6.csv"", ""BEV2_2024-06-23_drive1.csv"", ""BEV2_2024-06-23_drive2.csv"", ""BEV2_2024-06-23_drive3.csv""]",[],e248c43370548e11180c79b9bf2747cda4015bb3bc0faf6c117fa813ad96fb9a,a50cf36b1f454e5ce53e1ed31ce2c906c59d65947a1bfa4914976ffdaacc1076
BEV2_2024-06-24_drive1.csv,train,1719208413000000000,60,60,"[""BEV2_2024-06-22_drive1.csv"", ""BEV2_2024-06-22_drive2.csv"", ""BEV2_2024-06-22_drive3.csv"", ""BEV2_2024-06-22_drive4.csv"", ""BEV2_2024-06-22_drive5.csv"", ""BEV2_2024-06-22_drive6.csv"", ""BEV2_2024-06-23_drive1.csv"", ""BEV2_2024-06-23_drive2.csv"", ""BEV2_2024-06-23_drive3.csv"", ""BEV2_2024-06-23_drive4.csv""]",[],c98207ba70597e7c8d75985daaceac61c447c2d8a3778b45c680f500d14bfd21,c580422abde451ba913e1a9bf996b0d7f7fbd7a74e90cda9bf160212bf032b88
BEV2_2024-06-24_drive2.csv,train,1719242752000000000,61,61,"[""BEV2_2024-06-22_drive2.csv"", ""BEV2_2024-06-22_drive3.csv"", ""BEV2_2024-06-22_drive4.csv"", ""BEV2_2024-06-22_drive5.csv"", ""BEV2_2024-06-22_drive6.csv"", ""BEV2_2024-06-23_drive1.csv"", ""BEV2_2024-06-23_drive2.csv"", ""BEV2_2024-06-23_drive3.csv"", ""BEV2_2024-06-23_drive4.csv"", ""BEV2_2024-06-24_drive1.csv""]",[],dabbb84d1c89e5d0cc9304d4e079aa7dd88e5a58b485510b9f21c5f609ffd4e2,6ff115977ee7bd07865e97362650b6b25be7dac4996c7ec1880d4e1ed285f45c
BEV2_2024-06-24_drive3.csv,train,1719246307000000000,62,62,"[""BEV2_2024-06-22_drive3.csv"", ""BEV2_2024-06-22_drive4.csv"", ""BEV2_2024-06-22_drive5.csv"", ""BEV2_2024-06-22_drive6.csv"", ""BEV2_2024-06-23_drive1.csv"", ""BEV2_2024-06-23_drive2.csv"", ""BEV2_2024-06-23_drive3.csv"", ""BEV2_2024-06-23_drive4.csv"", ""BEV2_2024-06-24_drive1.csv"", ""BEV2_2024-06-24_drive2.csv""]","[""BEV2_2024-06-22_drive5.csv""]",241a91bf6b75ebae76a166171c677b4b56e50eb6b09b060cc71aa60e4f8fcd3d,14216700107dabdeadcfd538c0b4d0ddb14adffacf5ddc2779f83427244259a3
BEV2_2024-06-24_drive4.csv,train,1719248891000000000,63,63,"[""BEV2_2024-06-22_drive4.csv"", ""BEV2_2024-06-22_drive5.csv"", ""BEV2_2024-06-22_drive6.csv"", ""BEV2_2024-06-23_drive1.csv"", ""BEV2_2024-06-23_drive2.csv"", ""BEV2_2024-06-23_drive3.csv"", ""BEV2_2024-06-23_drive4.csv"", ""BEV2_2024-06-24_drive1.csv"", ""BEV2_2024-06-24_drive2.csv"", ""BEV2_2024-06-24_drive3.csv""]",[],05aa43b754076dd1b27f4b800037abfaece39ecf6b1ecb3caeb251c3c9d412aa,5b2b04ad521574290ecba4bbe790be7f09f12ad7cb99ad9b45a69ddc0419f904
BEV2_2024-06-25_drive1.csv,train,1719288820000000000,64,64,"[""BEV2_2024-06-22_drive5.csv"", ""BEV2_2024-06-22_drive6.csv"", ""BEV2_2024-06-23_drive1.csv"", ""BEV2_2024-06-23_drive2.csv"", ""BEV2_2024-06-23_drive3.csv"", ""BEV2_2024-06-23_drive4.csv"", ""BEV2_2024-06-24_drive1.csv"", ""BEV2_2024-06-24_drive2.csv"", ""BEV2_2024-06-24_drive3.csv"", ""BEV2_2024-06-24_drive4.csv""]",[],f420139930ca6eba5a2cc87e0a0e0b22dc6c8faf9fe3d92dc0869c2fd29ce11e,08001e60c6cde59bd4c4fd4d7cb712cacdd699ad13121ee511181fb7a0089a36
BEV2_2024-06-25_drive2.csv,train,1719296461000000000,65,65,"[""BEV2_2024-06-22_drive6.csv"", ""BEV2_2024-06-23_drive1.csv"", ""BEV2_2024-06-23_drive2.csv"", ""BEV2_2024-06-23_drive3.csv"", ""BEV2_2024-06-23_drive4.csv"", ""BEV2_2024-06-24_drive1.csv"", ""BEV2_2024-06-24_drive2.csv"", ""BEV2_2024-06-24_drive3.csv"", ""BEV2_2024-06-24_drive4.csv"", ""BEV2_2024-06-25_drive1.csv""]",[],f0cfccdede5bcca3da1aa887c4c76a8acc86091947f5847a8177fba8682894fa,86276af95a21bc00fd299b237591dc8a41766938bab3cd3433ddcd0c2bc72f10
BEV2_2024-06-25_drive3.csv,train,1719309439000000000,66,66,"[""BEV2_2024-06-23_drive1.csv"", ""BEV2_2024-06-23_drive2.csv"", ""BEV2_2024-06-23_drive3.csv"", ""BEV2_2024-06-23_drive4.csv"", ""BEV2_2024-06-24_drive1.csv"", ""BEV2_2024-06-24_drive2.csv"", ""BEV2_2024-06-24_drive3.csv"", ""BEV2_2024-06-24_drive4.csv"", ""BEV2_2024-06-25_drive1.csv"", ""BEV2_2024-06-25_drive2.csv""]",[],7c11ee7460942742497907da39dd328425dbf8303cef9a733415084c215725cf,881f2fac7f2be207f584fdb320109dbfad9d793c27b44acf9941156e37b8cb1b
BEV2_2024-06-25_drive5.csv,train,1719331159000000000,67,67,"[""BEV2_2024-06-23_drive2.csv"", ""BEV2_2024-06-23_drive3.csv"", ""BEV2_2024-06-23_drive4.csv"", ""BEV2_2024-06-24_drive1.csv"", ""BEV2_2024-06-24_drive2.csv"", ""BEV2_2024-06-24_drive3.csv"", ""BEV2_2024-06-24_drive4.csv"", ""BEV2_2024-06-25_drive1.csv"", ""BEV2_2024-06-25_drive2.csv"", ""BEV2_2024-06-25_drive3.csv""]",[],877794bbfd44d58e0e2b285645dd5459caea9273c81c95169acc1683c2db8281,1221504b49c02f5f84b9be6f1008e61140ab59eda02194fefe411a3232170288
BEV2_2024-06-26_drive1.csv,train,1719382210000000000,68,68,"[""BEV2_2024-06-23_drive3.csv"", ""BEV2_2024-06-23_drive4.csv"", ""BEV2_2024-06-24_drive1.csv"", ""BEV2_2024-06-24_drive2.csv"", ""BEV2_2024-06-24_drive3.csv"", ""BEV2_2024-06-24_drive4.csv"", ""BEV2_2024-06-25_drive1.csv"", ""BEV2_2024-06-25_drive2.csv"", ""BEV2_2024-06-25_drive3.csv"", ""BEV2_2024-06-25_drive5.csv""]",[],8ababc0c2f035b1a6d04ceed98533a342e22d95c5ac6defcc9ebcd7affe998fd,44f621ef691949015d50ea769508c55220aab61dca81b201639be2487172bbf4
BEV2_2024-06-26_drive2.csv,train,1719394733000000000,69,69,"[""BEV2_2024-06-23_drive4.csv"", ""BEV2_2024-06-24_drive1.csv"", ""BEV2_2024-06-24_drive2.csv"", ""BEV2_2024-06-24_drive3.csv"", ""BEV2_2024-06-24_drive4.csv"", ""BEV2_2024-06-25_drive1.csv"", ""BEV2_2024-06-25_drive2.csv"", ""BEV2_2024-06-25_drive3.csv"", ""BEV2_2024-06-25_drive5.csv"", ""BEV2_2024-06-26_drive1.csv""]",[],58bdae0768c3694fe983914051bae6a7ae2b1d31d96fd2726a025024802c64b9,60ca17737908a04686de02531d02d298c1d5d26c789ed096a81ee8cb08f99bec
BEV2_2024-06-26_drive3.csv,train,1719398225000000000,69,69,"[""BEV2_2024-06-23_drive4.csv"", ""BEV2_2024-06-24_drive1.csv"", ""BEV2_2024-06-24_drive2.csv"", ""BEV2_2024-06-24_drive3.csv"", ""BEV2_2024-06-24_drive4.csv"", ""BEV2_2024-06-25_drive1.csv"", ""BEV2_2024-06-25_drive2.csv"", ""BEV2_2024-06-25_drive3.csv"", ""BEV2_2024-06-25_drive5.csv"", ""BEV2_2024-06-26_drive1.csv""]",[],58bdae0768c3694fe983914051bae6a7ae2b1d31d96fd2726a025024802c64b9,5dcf8ea49e23eb40180acf51c7ca142453949d2d81ea1f9479c2a4ae29663df5
BEV2_2024-06-26_drive4.csv,train,1719407583000000000,70,70,"[""BEV2_2024-06-24_drive1.csv"", ""BEV2_2024-06-24_drive2.csv"", ""BEV2_2024-06-24_drive3.csv"", ""BEV2_2024-06-24_drive4.csv"", ""BEV2_2024-06-25_drive1.csv"", ""BEV2_2024-06-25_drive2.csv"", ""BEV2_2024-06-25_drive3.csv"", ""BEV2_2024-06-25_drive5.csv"", ""BEV2_2024-06-26_drive1.csv"", ""BEV2_2024-06-26_drive3.csv""]",[],7581b5b81033c383f0ab2145fb4cd04418222043d7ca958ccb8061d494c6f0dc,9c9e3b079a5361412b3f574bb70906ba2d9df701a15a2df61bb541bb169d8bab
BEV2_2024-06-26_drive7.csv,train,1719426852000000000,71,71,"[""BEV2_2024-06-24_drive2.csv"", ""BEV2_2024-06-24_drive3.csv"", ""BEV2_2024-06-24_drive4.csv"", ""BEV2_2024-06-25_drive1.csv"", ""BEV2_2024-06-25_drive2.csv"", ""BEV2_2024-06-25_drive3.csv"", ""BEV2_2024-06-25_drive5.csv"", ""BEV2_2024-06-26_drive1.csv"", ""BEV2_2024-06-26_drive3.csv"", ""BEV2_2024-06-26_drive4.csv""]",[],a3aae53693a6f3fbf9f83edea6389873b4bc8b4e00786d0396619dbf7e6870f2,9222c26af3b53c3e5102892226eb33979e36437f34fbab860202444bba3275fc
BEV2_2024-06-27_drive7.csv,train,1719504673000000000,72,72,"[""BEV2_2024-06-24_drive3.csv"", ""BEV2_2024-06-24_drive4.csv"", ""BEV2_2024-06-25_drive1.csv"", ""BEV2_2024-06-25_drive2.csv"", ""BEV2_2024-06-25_drive3.csv"", ""BEV2_2024-06-25_drive5.csv"", ""BEV2_2024-06-26_drive1.csv"", ""BEV2_2024-06-26_drive3.csv"", ""BEV2_2024-06-26_drive4.csv"", ""BEV2_2024-06-26_drive7.csv""]",[],9149d65426e0a9c8119d085259b21f3847dbbeed835672bd8d787b612401dbed,947b18321fb6d2dd530d2f5ef231f8a0e2e1874917b15a4f5bb3c05d252a5433
BEV2_2024-06-27_drive8.csv,train,1719511830000000000,72,72,"[""BEV2_2024-06-24_drive3.csv"", ""BEV2_2024-06-24_drive4.csv"", ""BEV2_2024-06-25_drive1.csv"", ""BEV2_2024-06-25_drive2.csv"", ""BEV2_2024-06-25_drive3.csv"", ""BEV2_2024-06-25_drive5.csv"", ""BEV2_2024-06-26_drive1.csv"", ""BEV2_2024-06-26_drive3.csv"", ""BEV2_2024-06-26_drive4.csv"", ""BEV2_2024-06-26_drive7.csv""]",[],9149d65426e0a9c8119d085259b21f3847dbbeed835672bd8d787b612401dbed,de26bd39a5ebb0705c500070355a1a3bc714f8b799efe06294429c6e590436d5
BEV2_2024-06-28_drive2.csv,train,1719568365000000000,72,72,"[""BEV2_2024-06-24_drive3.csv"", ""BEV2_2024-06-24_drive4.csv"", ""BEV2_2024-06-25_drive1.csv"", ""BEV2_2024-06-25_drive2.csv"", ""BEV2_2024-06-25_drive3.csv"", ""BEV2_2024-06-25_drive5.csv"", ""BEV2_2024-06-26_drive1.csv"", ""BEV2_2024-06-26_drive3.csv"", ""BEV2_2024-06-26_drive4.csv"", ""BEV2_2024-06-26_drive7.csv""]",[],9149d65426e0a9c8119d085259b21f3847dbbeed835672bd8d787b612401dbed,b6551d9c8c97e241edd21067865c42a3c0ab50da4ffed284182e706440d92535
BEV2_2024-06-29_drive7.csv,train,1719678836000000000,73,73,"[""BEV2_2024-06-24_drive4.csv"", ""BEV2_2024-06-25_drive1.csv"", ""BEV2_2024-06-25_drive2.csv"", ""BEV2_2024-06-25_drive3.csv"", ""BEV2_2024-06-25_drive5.csv"", ""BEV2_2024-06-26_drive1.csv"", ""BEV2_2024-06-26_drive3.csv"", ""BEV2_2024-06-26_drive4.csv"", ""BEV2_2024-06-26_drive7.csv"", ""BEV2_2024-06-28_drive2.csv""]",[],1729363993e0850cbfc93c698045c687246b50c6a406856bcf76e6daf3b555b6,771538a1c9efafd8ec652dbe611e1dd92965e69830b72f3e37204785a295bee7
BEV2_2024-06-29_drive8.csv,train,1719683479000000000,74,74,"[""BEV2_2024-06-25_drive1.csv"", ""BEV2_2024-06-25_drive2.csv"", ""BEV2_2024-06-25_drive3.csv"", ""BEV2_2024-06-25_drive5.csv"", ""BEV2_2024-06-26_drive1.csv"", ""BEV2_2024-06-26_drive3.csv"", ""BEV2_2024-06-26_drive4.csv"", ""BEV2_2024-06-26_drive7.csv"", ""BEV2_2024-06-28_drive2.csv"", ""BEV2_2024-06-29_drive7.csv""]",[],080e5d57b63ca9a8ecf86ab81514b6faeb105cd522219cecb055021a55469e51,618c4e7ed8c875eb64652189786764935741b77352a63c9e46d500a692ee42fd
BEV2_2024-06-30_drive6.csv,train,1719762049000000000,74,74,"[""BEV2_2024-06-25_drive1.csv"", ""BEV2_2024-06-25_drive2.csv"", ""BEV2_2024-06-25_drive3.csv"", ""BEV2_2024-06-25_drive5.csv"", ""BEV2_2024-06-26_drive1.csv"", ""BEV2_2024-06-26_drive3.csv"", ""BEV2_2024-06-26_drive4.csv"", ""BEV2_2024-06-26_drive7.csv"", ""BEV2_2024-06-28_drive2.csv"", ""BEV2_2024-06-29_drive7.csv""]",[],080e5d57b63ca9a8ecf86ab81514b6faeb105cd522219cecb055021a55469e51,128170c9e0553b0b513ae499b1d8ab62e23f31463b5a781d61a208db78576a12
BEV2_2024-07-04_drive1.csv,train,1720072586000000000,75,75,"[""BEV2_2024-06-25_drive2.csv"", ""BEV2_2024-06-25_drive3.csv"", ""BEV2_2024-06-25_drive5.csv"", ""BEV2_2024-06-26_drive1.csv"", ""BEV2_2024-06-26_drive3.csv"", ""BEV2_2024-06-26_drive4.csv"", ""BEV2_2024-06-26_drive7.csv"", ""BEV2_2024-06-28_drive2.csv"", ""BEV2_2024-06-29_drive7.csv"", ""BEV2_2024-06-30_drive6.csv""]","[""BEV2_2024-06-26_drive1.csv""]",268456b54db845f6d68f7f2c2d9d1bf06504aaaf744ccb1483d4d0641fa502e8,0c8d5e82bf9ade970c1ff7f5afb891ddae925eb602b9de8aaf7b4cba32549913
BEV2_2024-07-05_drive3.csv,train,1720173970000000000,76,76,"[""BEV2_2024-06-25_drive3.csv"", ""BEV2_2024-06-25_drive5.csv"", ""BEV2_2024-06-26_drive1.csv"", ""BEV2_2024-06-26_drive3.csv"", ""BEV2_2024-06-26_drive4.csv"", ""BEV2_2024-06-26_drive7.csv"", ""BEV2_2024-06-28_drive2.csv"", ""BEV2_2024-06-29_drive7.csv"", ""BEV2_2024-06-30_drive6.csv"", ""BEV2_2024-07-04_drive1.csv""]",[],b69b8efbac37c14c992fa9d11095ad212af8216747c804d258e83a27d1f780c4,fa301a643183de743ee5687486e4dd7516b4470eae0675ffb1daa1f8ce7f2c95
BEV2_2024-07-05_drive4.csv,train,1720175283000000000,77,77,"[""BEV2_2024-06-25_drive5.csv"", ""BEV2_2024-06-26_drive1.csv"", ""BEV2_2024-06-26_drive3.csv"", ""BEV2_2024-06-26_drive4.csv"", ""BEV2_2024-06-26_drive7.csv"", ""BEV2_2024-06-28_drive2.csv"", ""BEV2_2024-06-29_drive7.csv"", ""BEV2_2024-06-30_drive6.csv"", ""BEV2_2024-07-04_drive1.csv"", ""BEV2_2024-07-05_drive3.csv""]",[],41ead22309dd4437712dbc16914853f714c54ca8769278aece9d26cc7af42c0c,483a7f8d3ed94f1c1676d700847a14341c40120bfd600f8d3023897570c84691
BEV2_2024-07-05_drive5.csv,train,1720179625000000000,78,78,"[""BEV2_2024-06-26_drive1.csv"", ""BEV2_2024-06-26_drive3.csv"", ""BEV2_2024-06-26_drive4.csv"", ""BEV2_2024-06-26_drive7.csv"", ""BEV2_2024-06-28_drive2.csv"", ""BEV2_2024-06-29_drive7.csv"", ""BEV2_2024-06-30_drive6.csv"", ""BEV2_2024-07-04_drive1.csv"", ""BEV2_2024-07-05_drive3.csv"", ""BEV2_2024-07-05_drive4.csv""]",[],e565bcb84e4ad2b556f33338cb5f7ba9cf1beb73955ae31b9d865c31124dce33,1cc06f05ab59a92d86ca9c83b1ba7e628c07ab025f95eba5bb051bb2da0e19b7
BEV2_2024-07-05_drive6.csv,train,1720185775000000000,79,79,"[""BEV2_2024-06-26_drive3.csv"", ""BEV2_2024-06-26_drive4.csv"", ""BEV2_2024-06-26_drive7.csv"", ""BEV2_2024-06-28_drive2.csv"", ""BEV2_2024-06-29_drive7.csv"", ""BEV2_2024-06-30_drive6.csv"", ""BEV2_2024-07-04_drive1.csv"", ""BEV2_2024-07-05_drive3.csv"", ""BEV2_2024-07-05_drive4.csv"", ""BEV2_2024-07-05_drive5.csv""]",[],dc09ef5f92b8f6b181737093ca8e4e80cd5c14877c8026ea90dd22daba6b3164,6d995a92fa4306ce094562b8db911ef7e51505dc46aa108e146acd75e3a0c8ee
BEV2_2024-07-05_drive8.csv,train,1720208173000000000,80,80,"[""BEV2_2024-06-26_drive4.csv"", ""BEV2_2024-06-26_drive7.csv"", ""BEV2_2024-06-28_drive2.csv"", ""BEV2_2024-06-29_drive7.csv"", ""BEV2_2024-06-30_drive6.csv"", ""BEV2_2024-07-04_drive1.csv"", ""BEV2_2024-07-05_drive3.csv"", ""BEV2_2024-07-05_drive4.csv"", ""BEV2_2024-07-05_drive5.csv"", ""BEV2_2024-07-05_drive6.csv""]",[],8d560ffd9f4ae197a8fe1b57595209ef8cb445033703327afed78273eefc435c,b47431285679c5ed19be06fdfc3960365275c7e0747ef13fe8b5fd0badcb807e
BEV2_2024-07-05_drive9.csv,train,1720216900000000000,81,81,"[""BEV2_2024-06-26_drive7.csv"", ""BEV2_2024-06-28_drive2.csv"", ""BEV2_2024-06-29_drive7.csv"", ""BEV2_2024-06-30_drive6.csv"", ""BEV2_2024-07-04_drive1.csv"", ""BEV2_2024-07-05_drive3.csv"", ""BEV2_2024-07-05_drive4.csv"", ""BEV2_2024-07-05_drive5.csv"", ""BEV2_2024-07-05_drive6.csv"", ""BEV2_2024-07-05_drive8.csv""]",[],a2c64125908c520567bcb6eeb86b88c2cb7a0c25c5940ff4859e5cf1c4177e39,df1ca7252f6cc73b0ccd5bbb19d722a6bbe023370b580ae1ae39a01ac584b477
BEV1_2024-07-24_drive1.csv,train,1721801547000000000,82,0,[],[],4f53cda18c2baa0c0354bb5f9a3ecbe5ed12ab4d8e11ba873c2f11161202b945,2ed8f4b27bf085a5a45f554758a57825d4820ad16ef42e72671e5747cbd2c7e8
BEV1_2024-07-24_drive2.csv,train,1721833182000000000,83,1,"[""BEV1_2024-07-24_drive1.csv""]",[],860f658f8bf5bfa63f877f2eb1bed9679a5f22596ef019826c1a8b6f6cfe9d8b,1a75e25be57d8be838fe1239442e38edb5a312c99c486a960a4d4ff6b3f349a5
BEV1_2024-07-25_drive1.csv,train,1721891024000000000,84,2,"[""BEV1_2024-07-24_drive1.csv"", ""BEV1_2024-07-24_drive2.csv""]",[],3eb1b74fdf320bfb42c2df4da0644023bfab8bb8cd222e75a5384c7068ad8cdb,3f7d8829972a397a03c6435557138a5ab6e25c33bee314edc5f402b21c87edb5
BEV1_2024-07-25_drive2.csv,train,1721922525000000000,85,3,"[""BEV1_2024-07-24_drive1.csv"", ""BEV1_2024-07-24_drive2.csv"", ""BEV1_2024-07-25_drive1.csv""]",[],341c1d854b524a2a6aac0a795fb3e3246bc6edbce6bbd3c17e63e9e1cf4fc012,b1664d502dacb6443a2a10b76e57d6f111dc2ff6336ef5aa039d92f31486528f
BEV1_2024-07-25_drive3.csv,train,1721926320000000000,86,4,"[""BEV1_2024-07-24_drive1.csv"", ""BEV1_2024-07-24_drive2.csv"", ""BEV1_2024-07-25_drive1.csv"", ""BEV1_2024-07-25_drive2.csv""]",[],7c8e9716574aceb452d3bf25aa261b83d040a45d64d0dbf872509c432b5b2ade,d46084704f8feeffa6b677ab1a134cabb7dfdf0070122192f105c882822db39a
BEV1_2024-07-27_drive1.csv,train,1722062070000000000,87,5,"[""BEV1_2024-07-24_drive1.csv"", ""BEV1_2024-07-24_drive2.csv"", ""BEV1_2024-07-25_drive1.csv"", ""BEV1_2024-07-25_drive2.csv"", ""BEV1_2024-07-25_drive3.csv""]",[],83b3259d02d909de539e2c31cae845ab61ea64b695a06e6d16eaadf6fd0c61d9,676386ca76b870b23000a39fdc2a7852c07648f874a3a62d68441333967d8cde
BEV1_2024-07-27_drive3.csv,train,1722082153000000000,88,6,"[""BEV1_2024-07-24_drive1.csv"", ""BEV1_2024-07-24_drive2.csv"", ""BEV1_2024-07-25_drive1.csv"", ""BEV1_2024-07-25_drive2.csv"", ""BEV1_2024-07-25_drive3.csv"", ""BEV1_2024-07-27_drive1.csv""]",[],414b0e1fae5698f62553b8f3b6a72990c105773205e6d166f68cebd979470f6a,2b7b1ddf9e88867ef95b4fad9020dedee5286ff75d0f684986ddcb0f58903913
BEV1_2024-07-27_drive4.csv,train,1722088421000000000,89,7,"[""BEV1_2024-07-24_drive1.csv"", ""BEV1_2024-07-24_drive2.csv"", ""BEV1_2024-07-25_drive1.csv"", ""BEV1_2024-07-25_drive2.csv"", ""BEV1_2024-07-25_drive3.csv"", ""BEV1_2024-07-27_drive1.csv"", ""BEV1_2024-07-27_drive3.csv""]",[],27da31cdee40c563845095b894935de12bed0f0899ebe38f58f7056181032663,1dd0b6dfdf90a071568f42f652cac45796e21e071a69d5254b02736aeafcc67d
BEV1_2024-07-29_drive1.csv,train,1722233288000000000,90,8,"[""BEV1_2024-07-24_drive1.csv"", ""BEV1_2024-07-24_drive2.csv"", ""BEV1_2024-07-25_drive1.csv"", ""BEV1_2024-07-25_drive2.csv"", ""BEV1_2024-07-25_drive3.csv"", ""BEV1_2024-07-27_drive1.csv"", ""BEV1_2024-07-27_drive3.csv"", ""BEV1_2024-07-27_drive4.csv""]",[],7eb2d4233494cd13cf7edc755fdc2f1a338d1e59c156a589ec49893f84cd9d3c,0bd2023cd51c06a5255aecce3d80e71456d7dd57f2c6fa31a5c22b62bb58e0d8
BEV2_2024-07-29_drive1.csv,train,1722254703000000000,91,82,"[""BEV2_2024-06-28_drive2.csv"", ""BEV2_2024-06-29_drive7.csv"", ""BEV2_2024-06-30_drive6.csv"", ""BEV2_2024-07-04_drive1.csv"", ""BEV2_2024-07-05_drive3.csv"", ""BEV2_2024-07-05_drive4.csv"", ""BEV2_2024-07-05_drive5.csv"", ""BEV2_2024-07-05_drive6.csv"", ""BEV2_2024-07-05_drive8.csv"", ""BEV2_2024-07-05_drive9.csv""]",[],a6a58f939e66c26e7bdd45db1977f0e87f5a46a340250638581ebc9e4621750a,dfd7eb257b07ac9388cf49667ede48e4ae64890b336f103867eaabf9a43bbb5b
BEV2_2024-07-29_drive2.csv,train,1722261079000000000,92,83,"[""BEV2_2024-06-29_drive7.csv"", ""BEV2_2024-06-30_drive6.csv"", ""BEV2_2024-07-04_drive1.csv"", ""BEV2_2024-07-05_drive3.csv"", ""BEV2_2024-07-05_drive4.csv"", ""BEV2_2024-07-05_drive5.csv"", ""BEV2_2024-07-05_drive6.csv"", ""BEV2_2024-07-05_drive8.csv"", ""BEV2_2024-07-05_drive9.csv"", ""BEV2_2024-07-29_drive1.csv""]",[],62c09249845247a8f88765089c990d586f9d7f3324550a450704a207d99563dd,d024ade97f1e598a196d2f2ec0cf6a2574f0e0eac7d216c019d2a2aab049e68a
BEV1_2024-07-29_drive2.csv,train,1722267541000000000,93,9,"[""BEV1_2024-07-24_drive1.csv"", ""BEV1_2024-07-24_drive2.csv"", ""BEV1_2024-07-25_drive1.csv"", ""BEV1_2024-07-25_drive2.csv"", ""BEV1_2024-07-25_drive3.csv"", ""BEV1_2024-07-27_drive1.csv"", ""BEV1_2024-07-27_drive3.csv"", ""BEV1_2024-07-27_drive4.csv"", ""BEV1_2024-07-29_drive1.csv""]",[],9d2530d1eb2e9d09eed40e80b4bbd86d4e7f5cb22b110b4061dac3c8c855c1a9,e73da1c532c9b94486defb92d0643f51c9d8d48da26e6a28276258610120f375
BEV2_2024-07-29_drive3.csv,train,1722271975000000000,93,84,"[""BEV2_2024-06-30_drive6.csv"", ""BEV2_2024-07-04_drive1.csv"", ""BEV2_2024-07-05_drive3.csv"", ""BEV2_2024-07-05_drive4.csv"", ""BEV2_2024-07-05_drive5.csv"", ""BEV2_2024-07-05_drive6.csv"", ""BEV2_2024-07-05_drive8.csv"", ""BEV2_2024-07-05_drive9.csv"", ""BEV2_2024-07-29_drive1.csv"", ""BEV2_2024-07-29_drive2.csv""]",[],e6b4d22ad8bd705b846b5967e20b21ca87bc9d0e74a19a6d3afa9699472ec2eb,4aad18c2f4747f60c0e1fc4536d85ad42f3bf0e8dd54013efb1fb5e614d567e3
BEV2_2024-07-29_drive4.csv,train,1722282983000000000,95,85,"[""BEV2_2024-07-04_drive1.csv"", ""BEV2_2024-07-05_drive3.csv"", ""BEV2_2024-07-05_drive4.csv"", ""BEV2_2024-07-05_drive5.csv"", ""BEV2_2024-07-05_drive6.csv"", ""BEV2_2024-07-05_drive8.csv"", ""BEV2_2024-07-05_drive9.csv"", ""BEV2_2024-07-29_drive1.csv"", ""BEV2_2024-07-29_drive2.csv"", ""BEV2_2024-07-29_drive3.csv""]",[],7ee71e211e7bf731853d81fd9976d0f86229e78e8a6656ad10db77c4cddccec5,3527a78ba687591fefff45e25b75c8fae9c39eeac73d06c468ad777393bf6405
BEV1_2024-07-30_drive1.csv,train,1722321119000000000,95,10,"[""BEV1_2024-07-24_drive1.csv"", ""BEV1_2024-07-24_drive2.csv"", ""BEV1_2024-07-25_drive1.csv"", ""BEV1_2024-07-25_drive2.csv"", ""BEV1_2024-07-25_drive3.csv"", ""BEV1_2024-07-27_drive1.csv"", ""BEV1_2024-07-27_drive3.csv"", ""BEV1_2024-07-27_drive4.csv"", ""BEV1_2024-07-29_drive1.csv"", ""BEV1_2024-07-29_drive2.csv""]","[""BEV1_2024-07-24_drive1.csv""]",1c9ea254e0b8a9478f043905474a83e1b4a7f35213a171f783bdc336b2d5ce35,1a40f08ce729bde2de9bb17a69e4740552250940d618e3d3271e2e9528f64a5c
BEV1_2024-07-30_drive2.csv,train,1722352514000000000,96,11,"[""BEV1_2024-07-24_drive2.csv"", ""BEV1_2024-07-25_drive1.csv"", ""BEV1_2024-07-25_drive2.csv"", ""BEV1_2024-07-25_drive3.csv"", ""BEV1_2024-07-27_drive1.csv"", ""BEV1_2024-07-27_drive3.csv"", ""BEV1_2024-07-27_drive4.csv"", ""BEV1_2024-07-29_drive1.csv"", ""BEV1_2024-07-29_drive2.csv"", ""BEV1_2024-07-30_drive1.csv""]","[""BEV1_2024-07-24_drive2.csv""]",eb9bb1907c9a69cae21888700db9a1a8b3fe472b1cbf22d90c8f194a30af2a06,69bccb120463c54ba62edeb1c74e649e602da4dc2596d55b4f33d3877158fc01
BEV2_2024-07-30_drive2.csv,train,1722359025000000000,97,85,"[""BEV2_2024-07-04_drive1.csv"", ""BEV2_2024-07-05_drive3.csv"", ""BEV2_2024-07-05_drive4.csv"", ""BEV2_2024-07-05_drive5.csv"", ""BEV2_2024-07-05_drive6.csv"", ""BEV2_2024-07-05_drive8.csv"", ""BEV2_2024-07-05_drive9.csv"", ""BEV2_2024-07-29_drive1.csv"", ""BEV2_2024-07-29_drive2.csv"", ""BEV2_2024-07-29_drive3.csv""]","[""BEV2_2024-07-05_drive8.csv""]",7ee71e211e7bf731853d81fd9976d0f86229e78e8a6656ad10db77c4cddccec5,e9b99ac5ead106d7a59d1bddceccc0c05166e83acf4bcb8c6f8c8418e0e71d8c
BEV2_2024-07-30_drive3.csv,train,1722368329000000000,98,86,"[""BEV2_2024-07-05_drive3.csv"", ""BEV2_2024-07-05_drive4.csv"", ""BEV2_2024-07-05_drive5.csv"", ""BEV2_2024-07-05_drive6.csv"", ""BEV2_2024-07-05_drive8.csv"", ""BEV2_2024-07-05_drive9.csv"", ""BEV2_2024-07-29_drive1.csv"", ""BEV2_2024-07-29_drive2.csv"", ""BEV2_2024-07-29_drive3.csv"", ""BEV2_2024-07-30_drive2.csv""]","[""BEV2_2024-07-05_drive8.csv"", ""BEV2_2024-07-30_drive2.csv""]",067e7748690fcbe3d495da9cec63dad357340c23ff40f2dc274867ef432a0c23,3e4d7264f0340f48d42a2145713992e87512c4eb0fa95a37494aa940fa11007b
BEV1_2024-07-31_drive1.csv,train,1722404879000000000,99,12,"[""BEV1_2024-07-25_drive1.csv"", ""BEV1_2024-07-25_drive2.csv"", ""BEV1_2024-07-25_drive3.csv"", ""BEV1_2024-07-27_drive1.csv"", ""BEV1_2024-07-27_drive3.csv"", ""BEV1_2024-07-27_drive4.csv"", ""BEV1_2024-07-29_drive1.csv"", ""BEV1_2024-07-29_drive2.csv"", ""BEV1_2024-07-30_drive1.csv"", ""BEV1_2024-07-30_drive2.csv""]",[],2a6af2292cfc7bea4e2aebc06905ac1782b304da9664c5abd9dfbe0a38bebea1,7da52176328d81c2b6339cf230ede1c064cb9363e283ff24138a7cb860668073
BEV2_2024-07-31_drive2.csv,train,1722427214000000000,100,87,"[""BEV2_2024-07-05_drive4.csv"", ""BEV2_2024-07-05_drive5.csv"", ""BEV2_2024-07-05_drive6.csv"", ""BEV2_2024-07-05_drive8.csv"", ""BEV2_2024-07-05_drive9.csv"", ""BEV2_2024-07-29_drive1.csv"", ""BEV2_2024-07-29_drive2.csv"", ""BEV2_2024-07-29_drive3.csv"", ""BEV2_2024-07-30_drive2.csv"", ""BEV2_2024-07-30_drive3.csv""]",[],6bb71e1c2c22095d5e0cf82b28003116187c64ddca2f3eb3654c00bd8a1f96f8,9d1ef75c014c23efb675b7106e2e95d042c5c8d8c07f1738ce6c32c0c672700d
BEV2_2024-07-31_drive3.csv,train,1722434616000000000,101,88,"[""BEV2_2024-07-05_drive5.csv"", ""BEV2_2024-07-05_drive6.csv"", ""BEV2_2024-07-05_drive8.csv"", ""BEV2_2024-07-05_drive9.csv"", ""BEV2_2024-07-29_drive1.csv"", ""BEV2_2024-07-29_drive2.csv"", ""BEV2_2024-07-29_drive3.csv"", ""BEV2_2024-07-30_drive2.csv"", ""BEV2_2024-07-30_drive3.csv"", ""BEV2_2024-07-31_drive2.csv""]",[],b1a1b316a604832429422fcbec612f1f003bf8706dff49ad21632d285ddf77f1,eb46d7f9e51ae01112743d35b2f8fa96976bcc6374a34a93d4491b32261f8d47
BEV1_2024-07-31_drive2.csv,train,1722437766000000000,101,13,"[""BEV1_2024-07-25_drive2.csv"", ""BEV1_2024-07-25_drive3.csv"", ""BEV1_2024-07-27_drive1.csv"", ""BEV1_2024-07-27_drive3.csv"", ""BEV1_2024-07-27_drive4.csv"", ""BEV1_2024-07-29_drive1.csv"", ""BEV1_2024-07-29_drive2.csv"", ""BEV1_2024-07-30_drive1.csv"", ""BEV1_2024-07-30_drive2.csv"", ""BEV1_2024-07-31_drive1.csv""]",[],5a3ba06abf7f7ac9c33aa29a6fbdd4b7ed9a722b667aa6a8cb0d714e3407afe4,64f70422abe6cdd7e960c25a3d8914138c9636f91a96769ba0d242b5a9af562e
BEV2_2024-07-31_drive4.csv,train,1722439257000000000,102,89,"[""BEV2_2024-07-05_drive6.csv"", ""BEV2_2024-07-05_drive8.csv"", ""BEV2_2024-07-05_drive9.csv"", ""BEV2_2024-07-29_drive1.csv"", ""BEV2_2024-07-29_drive2.csv"", ""BEV2_2024-07-29_drive3.csv"", ""BEV2_2024-07-30_drive2.csv"", ""BEV2_2024-07-30_drive3.csv"", ""BEV2_2024-07-31_drive2.csv"", ""BEV2_2024-07-31_drive3.csv""]",[],3ed9a82be1f7340af745e0ece1a980356f22e978867fe203bbf9996d991fb37d,c3a889a6538a21a8ba65294b4d41f98408b77b74502673b46623c67650d52bbd
BEV2_2024-07-31_drive5.csv,train,1722441505000000000,103,90,"[""BEV2_2024-07-05_drive8.csv"", ""BEV2_2024-07-05_drive9.csv"", ""BEV2_2024-07-29_drive1.csv"", ""BEV2_2024-07-29_drive2.csv"", ""BEV2_2024-07-29_drive3.csv"", ""BEV2_2024-07-30_drive2.csv"", ""BEV2_2024-07-30_drive3.csv"", ""BEV2_2024-07-31_drive2.csv"", ""BEV2_2024-07-31_drive3.csv"", ""BEV2_2024-07-31_drive4.csv""]",[],98d18a0599964918f2d83e5848e9c613985846592d991a4ec8703010e1d28322,0da5f1f2c643b6757d9aedf2913340d53ef8e552a0bf83c67d2a30d4f7abfb4d
BEV1_2024-07-31_drive3.csv,train,1722446734000000000,105,14,"[""BEV1_2024-07-25_drive3.csv"", ""BEV1_2024-07-27_drive1.csv"", ""BEV1_2024-07-27_drive3.csv"", ""BEV1_2024-07-27_drive4.csv"", ""BEV1_2024-07-29_drive1.csv"", ""BEV1_2024-07-29_drive2.csv"", ""BEV1_2024-07-30_drive1.csv"", ""BEV1_2024-07-30_drive2.csv"", ""BEV1_2024-07-31_drive1.csv"", ""BEV1_2024-07-31_drive2.csv""]",[],7021f77c18f118793f455a9ab93d89f3441f041479bb6f12c95840fbf0bc16a6,6639222f966c70ebeabbe5f5fd17968d779af2fe4b59259a38996fa4394a0a5a
BEV1_2024-08-01_drive1.csv,train,1722493628000000000,106,15,"[""BEV1_2024-07-27_drive1.csv"", ""BEV1_2024-07-27_drive3.csv"", ""BEV1_2024-07-27_drive4.csv"", ""BEV1_2024-07-29_drive1.csv"", ""BEV1_2024-07-29_drive2.csv"", ""BEV1_2024-07-30_drive1.csv"", ""BEV1_2024-07-30_drive2.csv"", ""BEV1_2024-07-31_drive1.csv"", ""BEV1_2024-07-31_drive2.csv"", ""BEV1_2024-07-31_drive3.csv""]",[],8016c4352bb48eb01390cb5febd2601399042f357733f57d00c89b01d35363ef,b64e410b15e2b2ca30d7715e52613101267995c148ddd430d7cced1d353372c9
BEV2_2024-08-01_drive1.csv,train,1722495039000000000,106,91,"[""BEV2_2024-07-05_drive9.csv"", ""BEV2_2024-07-29_drive1.csv"", ""BEV2_2024-07-29_drive2.csv"", ""BEV2_2024-07-29_drive3.csv"", ""BEV2_2024-07-30_drive2.csv"", ""BEV2_2024-07-30_drive3.csv"", ""BEV2_2024-07-31_drive2.csv"", ""BEV2_2024-07-31_drive3.csv"", ""BEV2_2024-07-31_drive4.csv"", ""BEV2_2024-07-31_drive5.csv""]",[],9e9fcde0e60dee1bd6532cf34999906ab5ed47844133cce40c61533a46b73aed,aeee1e6896055cb6a5b33e31c670e7a9939c70926114965639fc64fc7645d062
BEV2_2024-08-01_drive2.csv,train,1722509560000000000,108,92,"[""BEV2_2024-07-29_drive1.csv"", ""BEV2_2024-07-29_drive2.csv"", ""BEV2_2024-07-29_drive3.csv"", ""BEV2_2024-07-30_drive2.csv"", ""BEV2_2024-07-30_drive3.csv"", ""BEV2_2024-07-31_drive2.csv"", ""BEV2_2024-07-31_drive3.csv"", ""BEV2_2024-07-31_drive4.csv"", ""BEV2_2024-07-31_drive5.csv"", ""BEV2_2024-08-01_drive1.csv""]","[""BEV2_2024-07-31_drive2.csv""]",733ab80e9ab9fa871cdfde71fc8e53c338274dbbe1d2f7b1fdbd488b9832f641,d0fd63b143ddf235407a0561e80c784ecf9b77dd9169f9bc7423c49d21fb598a
BEV1_2024-08-01_drive2.csv,train,1722526583000000000,109,16,"[""BEV1_2024-07-27_drive3.csv"", ""BEV1_2024-07-27_drive4.csv"", ""BEV1_2024-07-29_drive1.csv"", ""BEV1_2024-07-29_drive2.csv"", ""BEV1_2024-07-30_drive1.csv"", ""BEV1_2024-07-30_drive2.csv"", ""BEV1_2024-07-31_drive1.csv"", ""BEV1_2024-07-31_drive2.csv"", ""BEV1_2024-07-31_drive3.csv"", ""BEV1_2024-08-01_drive1.csv""]","[""BEV1_2024-07-30_drive2.csv""]",c46e9488a91c9d6a5b54587b63a53777065ce4cbc246e11cc9ae74b0299dfbb1,837f9d372686bca0e9524aade8dd767b4ddc269fd42082d0fe9b69cb82f84036
BEV2_2024-08-01_drive3.csv,train,1722526996000000000,109,93,"[""BEV2_2024-07-29_drive2.csv"", ""BEV2_2024-07-29_drive3.csv"", ""BEV2_2024-07-30_drive2.csv"", ""BEV2_2024-07-30_drive3.csv"", ""BEV2_2024-07-31_drive2.csv"", ""BEV2_2024-07-31_drive3.csv"", ""BEV2_2024-07-31_drive4.csv"", ""BEV2_2024-07-31_drive5.csv"", ""BEV2_2024-08-01_drive1.csv"", ""BEV2_2024-08-01_drive2.csv""]",[],531b9ba90243270c3947f893c7d1bf9ac8844c3f1cc2217539cff709f217c6eb,a180d9cc80b5cdc867a67372569a6def92fd80548b62204e806451afebce50c4
BEV2_2024-08-01_drive4.csv,train,1722530284000000000,111,94,"[""BEV2_2024-07-29_drive3.csv"", ""BEV2_2024-07-30_drive2.csv"", ""BEV2_2024-07-30_drive3.csv"", ""BEV2_2024-07-31_drive2.csv"", ""BEV2_2024-07-31_drive3.csv"", ""BEV2_2024-07-31_drive4.csv"", ""BEV2_2024-07-31_drive5.csv"", ""BEV2_2024-08-01_drive1.csv"", ""BEV2_2024-08-01_drive2.csv"", ""BEV2_2024-08-01_drive3.csv""]",[],8b1ebb4e3f4ed557e772b448202291ba1afdb44886e45bdf6c84cb47e006259d,ee988bb06c5c4faf0692c63add70d426e0f40cbdddf60677b2d20a2fca9ced53
BEV2_2024-08-01_drive5.csv,train,1722543143000000000,112,95,"[""BEV2_2024-07-30_drive2.csv"", ""BEV2_2024-07-30_drive3.csv"", ""BEV2_2024-07-31_drive2.csv"", ""BEV2_2024-07-31_drive3.csv"", ""BEV2_2024-07-31_drive4.csv"", ""BEV2_2024-07-31_drive5.csv"", ""BEV2_2024-08-01_drive1.csv"", ""BEV2_2024-08-01_drive2.csv"", ""BEV2_2024-08-01_drive3.csv"", ""BEV2_2024-08-01_drive4.csv""]",[],40209de2eea999a733ff0d3ae32b5781c1337e580393cb1557de42fbae207d0e,a861700391f45e160ff003811886b3a40b9857e43611819f403333aed433f91e
BEV2_2024-08-02_drive1.csv,train,1722580646000000000,113,96,"[""BEV2_2024-07-30_drive3.csv"", ""BEV2_2024-07-31_drive2.csv"", ""BEV2_2024-07-31_drive3.csv"", ""BEV2_2024-07-31_drive4.csv"", ""BEV2_2024-07-31_drive5.csv"", ""BEV2_2024-08-01_drive1.csv"", ""BEV2_2024-08-01_drive2.csv"", ""BEV2_2024-08-01_drive3.csv"", ""BEV2_2024-08-01_drive4.csv"", ""BEV2_2024-08-01_drive5.csv""]",[],ee159a8119df0799a382bb3787dc5416c43862c0773c32af17a795202c254147,793496ce20605f917f2fe9a7f243c3010b54ad06c210d10f588acd4056c00b49
BEV2_2024-08-02_drive2.csv,train,1722583872000000000,114,97,"[""BEV2_2024-07-31_drive2.csv"", ""BEV2_2024-07-31_drive3.csv"", ""BEV2_2024-07-31_drive4.csv"", ""BEV2_2024-07-31_drive5.csv"", ""BEV2_2024-08-01_drive1.csv"", ""BEV2_2024-08-01_drive2.csv"", ""BEV2_2024-08-01_drive3.csv"", ""BEV2_2024-08-01_drive4.csv"", ""BEV2_2024-08-01_drive5.csv"", ""BEV2_2024-08-02_drive1.csv""]",[],56ed114c0f21271fa285c04c97e5564c8e429a50d186f102b27506494de498fd,67fd47161442ec766d4e58e59359173de8ba5764525f56baafb811f7c9a95046
BEV2_2024-08-02_drive3.csv,train,1722585827000000000,114,97,"[""BEV2_2024-07-31_drive2.csv"", ""BEV2_2024-07-31_drive3.csv"", ""BEV2_2024-07-31_drive4.csv"", ""BEV2_2024-07-31_drive5.csv"", ""BEV2_2024-08-01_drive1.csv"", ""BEV2_2024-08-01_drive2.csv"", ""BEV2_2024-08-01_drive3.csv"", ""BEV2_2024-08-01_drive4.csv"", ""BEV2_2024-08-01_drive5.csv"", ""BEV2_2024-08-02_drive1.csv""]",[],56ed114c0f21271fa285c04c97e5564c8e429a50d186f102b27506494de498fd,18a815b02691b64e76953d1a1a47b1ace57acaa9be09b4b1633565504d2f2e56
BEV1_2024-08-02_drive1.csv,train,1722587259000000000,115,17,"[""BEV1_2024-07-27_drive4.csv"", ""BEV1_2024-07-29_drive1.csv"", ""BEV1_2024-07-29_drive2.csv"", ""BEV1_2024-07-30_drive1.csv"", ""BEV1_2024-07-30_drive2.csv"", ""BEV1_2024-07-31_drive1.csv"", ""BEV1_2024-07-31_drive2.csv"", ""BEV1_2024-07-31_drive3.csv"", ""BEV1_2024-08-01_drive1.csv"", ""BEV1_2024-08-01_drive2.csv""]",[],d3b580b69b6963529c2c008d0587186cbf1957e35936fa0a922463d20878b8ad,6cca69b0179e1723f96d9e9faf9cb4398ddace65142fe5f9e4a042bb5d769431
BEV2_2024-08-02_drive4.csv,train,1722589666000000000,115,98,"[""BEV2_2024-07-31_drive3.csv"", ""BEV2_2024-07-31_drive4.csv"", ""BEV2_2024-07-31_drive5.csv"", ""BEV2_2024-08-01_drive1.csv"", ""BEV2_2024-08-01_drive2.csv"", ""BEV2_2024-08-01_drive3.csv"", ""BEV2_2024-08-01_drive4.csv"", ""BEV2_2024-08-01_drive5.csv"", ""BEV2_2024-08-02_drive1.csv"", ""BEV2_2024-08-02_drive3.csv""]",[],679de5bdb808ee8bebde6bac9d346bbfe1ebcd9246a7de608dca803da15d6916,a2278ab7d38d445b41f179e9893c04f979fb4f002ab0d766175febab23ed0ad2
BEV2_2024-08-02_drive5.csv,train,1722598725000000000,117,99,"[""BEV2_2024-07-31_drive4.csv"", ""BEV2_2024-07-31_drive5.csv"", ""BEV2_2024-08-01_drive1.csv"", ""BEV2_2024-08-01_drive2.csv"", ""BEV2_2024-08-01_drive3.csv"", ""BEV2_2024-08-01_drive4.csv"", ""BEV2_2024-08-01_drive5.csv"", ""BEV2_2024-08-02_drive1.csv"", ""BEV2_2024-08-02_drive3.csv"", ""BEV2_2024-08-02_drive4.csv""]",[],473a69a12b86980eb2d055c73cb8f6e6e46c168b505fc9be8aaa168017817392,89534b9a9c1b1d73854c06fab8731c5bcdbc9d2402eb58d5f6facc911409819c
BEV2_2024-08-02_drive8.csv,train,1722630115000000000,118,100,"[""BEV2_2024-07-31_drive5.csv"", ""BEV2_2024-08-01_drive1.csv"", ""BEV2_2024-08-01_drive2.csv"", ""BEV2_2024-08-01_drive3.csv"", ""BEV2_2024-08-01_drive4.csv"", ""BEV2_2024-08-01_drive5.csv"", ""BEV2_2024-08-02_drive1.csv"", ""BEV2_2024-08-02_drive3.csv"", ""BEV2_2024-08-02_drive4.csv"", ""BEV2_2024-08-02_drive5.csv""]",[],81e5109b0a3644d27b3ab54848efbbef9af4c8ed686cfe70e49193705d7d48e8,490876ba74307ecbba1caa40b4f49eb61b21d4ab9d1d8bfc45761356e7ed26b5
BEV2_2024-08-03_drive1.csv,train,1722669037000000000,118,100,"[""BEV2_2024-07-31_drive5.csv"", ""BEV2_2024-08-01_drive1.csv"", ""BEV2_2024-08-01_drive2.csv"", ""BEV2_2024-08-01_drive3.csv"", ""BEV2_2024-08-01_drive4.csv"", ""BEV2_2024-08-01_drive5.csv"", ""BEV2_2024-08-02_drive1.csv"", ""BEV2_2024-08-02_drive3.csv"", ""BEV2_2024-08-02_drive4.csv"", ""BEV2_2024-08-02_drive5.csv""]",[],81e5109b0a3644d27b3ab54848efbbef9af4c8ed686cfe70e49193705d7d48e8,07877984406c256b257b76036e4d7513a7a5b556e2a17143f3debe172b23bf49
BEV2_2024-08-03_drive2.csv,train,1722670170000000000,119,101,"[""BEV2_2024-08-01_drive1.csv"", ""BEV2_2024-08-01_drive2.csv"", ""BEV2_2024-08-01_drive3.csv"", ""BEV2_2024-08-01_drive4.csv"", ""BEV2_2024-08-01_drive5.csv"", ""BEV2_2024-08-02_drive1.csv"", ""BEV2_2024-08-02_drive3.csv"", ""BEV2_2024-08-02_drive4.csv"", ""BEV2_2024-08-02_drive5.csv"", ""BEV2_2024-08-03_drive1.csv""]",[],defe93a1142817b7f22d626c347d424c55aeccd46850a417e397998d455dd3b2,826abacff876a053f125f5a963fd73b8192616c368607e3f28621e543fa0b981
BEV2_2024-08-03_drive3.csv,train,1722678102000000000,120,102,"[""BEV2_2024-08-01_drive2.csv"", ""BEV2_2024-08-01_drive3.csv"", ""BEV2_2024-08-01_drive4.csv"", ""BEV2_2024-08-01_drive5.csv"", ""BEV2_2024-08-02_drive1.csv"", ""BEV2_2024-08-02_drive3.csv"", ""BEV2_2024-08-02_drive4.csv"", ""BEV2_2024-08-02_drive5.csv"", ""BEV2_2024-08-03_drive1.csv"", ""BEV2_2024-08-03_drive2.csv""]",[],8c03dc1ac992d00beb81338c0c6444ee58ea9b8be2f4f4caf1f8a3dad5b43bbb,86cca421b5e7c3aeab5a45e4b6d3015f1a780e9325aeae6b06b7a90fa81c11e2
BEV2_2024-08-03_drive4.csv,train,1722687766000000000,121,103,"[""BEV2_2024-08-01_drive3.csv"", ""BEV2_2024-08-01_drive4.csv"", ""BEV2_2024-08-01_drive5.csv"", ""BEV2_2024-08-02_drive1.csv"", ""BEV2_2024-08-02_drive3.csv"", ""BEV2_2024-08-02_drive4.csv"", ""BEV2_2024-08-02_drive5.csv"", ""BEV2_2024-08-03_drive1.csv"", ""BEV2_2024-08-03_drive2.csv"", ""BEV2_2024-08-03_drive3.csv""]",[],2cc5ebe039ca894d15e9c867a796b11b0fd884804185a9ebfd0f7c973f2b727e,488a0bd55de34b46d5d129a9de3802b440e8cbbfc0bcbfbf21463ca1dbf4726c
BEV2_2024-08-04_drive1.csv,train,1722773119000000000,122,104,"[""BEV2_2024-08-01_drive4.csv"", ""BEV2_2024-08-01_drive5.csv"", ""BEV2_2024-08-02_drive1.csv"", ""BEV2_2024-08-02_drive3.csv"", ""BEV2_2024-08-02_drive4.csv"", ""BEV2_2024-08-02_drive5.csv"", ""BEV2_2024-08-03_drive1.csv"", ""BEV2_2024-08-03_drive2.csv"", ""BEV2_2024-08-03_drive3.csv"", ""BEV2_2024-08-03_drive4.csv""]",[],6e1e4ba48abf9fb5d1fde67ae6535baae55a9676149245fa161875aa6ed6a2de,39b2f163e8e5fadc807eaeb4f2c02e40685a9726296e4fedabb5aa7f2d17133a
BEV2_2024-08-04_drive2.csv,train,1722786643000000000,123,105,"[""BEV2_2024-08-01_drive5.csv"", ""BEV2_2024-08-02_drive1.csv"", ""BEV2_2024-08-02_drive3.csv"", ""BEV2_2024-08-02_drive4.csv"", ""BEV2_2024-08-02_drive5.csv"", ""BEV2_2024-08-03_drive1.csv"", ""BEV2_2024-08-03_drive2.csv"", ""BEV2_2024-08-03_drive3.csv"", ""BEV2_2024-08-03_drive4.csv"", ""BEV2_2024-08-04_drive1.csv""]",[],cfa6d5f4215fd1ac18ddf060b863fb0b2847112cca4e082c1bef5037f17327a2,a801530b11749e82cf1b5f4177180ad7d8bacc7bc50c85570df516f0706d188d
BEV2_2024-08-04_drive4.csv,train,1722793567000000000,124,106,"[""BEV2_2024-08-02_drive1.csv"", ""BEV2_2024-08-02_drive3.csv"", ""BEV2_2024-08-02_drive4.csv"", ""BEV2_2024-08-02_drive5.csv"", ""BEV2_2024-08-03_drive1.csv"", ""BEV2_2024-08-03_drive2.csv"", ""BEV2_2024-08-03_drive3.csv"", ""BEV2_2024-08-03_drive4.csv"", ""BEV2_2024-08-04_drive1.csv"", ""BEV2_2024-08-04_drive2.csv""]",[],8378fbe9ce64282c8ad8ef1dd412ad81c7096a13ad67813e9ebd1b40b61a397a,501bd64d264d93a768e78eb81fb317345e30b050b11f676422ec2bed744c64e2
BEV2_2024-08-05_drive1.csv,train,1722841092000000000,125,107,"[""BEV2_2024-08-02_drive3.csv"", ""BEV2_2024-08-02_drive4.csv"", ""BEV2_2024-08-02_drive5.csv"", ""BEV2_2024-08-03_drive1.csv"", ""BEV2_2024-08-03_drive2.csv"", ""BEV2_2024-08-03_drive3.csv"", ""BEV2_2024-08-03_drive4.csv"", ""BEV2_2024-08-04_drive1.csv"", ""BEV2_2024-08-04_drive2.csv"", ""BEV2_2024-08-04_drive4.csv""]",[],dd7724e694d5509ff847dcff9aa48fea48ecaae335216f113a1430da16b16b55,af0aba80c17922b1290035535a7d88a6542883c6b5381229bb3d49f0b543c2e2
BEV2_2024-08-05_drive2.csv,train,1722871298000000000,126,108,"[""BEV2_2024-08-02_drive4.csv"", ""BEV2_2024-08-02_drive5.csv"", ""BEV2_2024-08-03_drive1.csv"", ""BEV2_2024-08-03_drive2.csv"", ""BEV2_2024-08-03_drive3.csv"", ""BEV2_2024-08-03_drive4.csv"", ""BEV2_2024-08-04_drive1.csv"", ""BEV2_2024-08-04_drive2.csv"", ""BEV2_2024-08-04_drive4.csv"", ""BEV2_2024-08-05_drive1.csv""]",[],806ef1b79d24e186eadbe1705fd8f2b5a383a8f8471484e7ceb6c57caa843d3f,fe08432a7770c426bcf8046d97aced70cdecb86e1a135475bcabc2755d119b47
BEV2_2024-08-05_drive3.csv,train,1722880574000000000,127,109,"[""BEV2_2024-08-02_drive5.csv"", ""BEV2_2024-08-03_drive1.csv"", ""BEV2_2024-08-03_drive2.csv"", ""BEV2_2024-08-03_drive3.csv"", ""BEV2_2024-08-03_drive4.csv"", ""BEV2_2024-08-04_drive1.csv"", ""BEV2_2024-08-04_drive2.csv"", ""BEV2_2024-08-04_drive4.csv"", ""BEV2_2024-08-05_drive1.csv"", ""BEV2_2024-08-05_drive2.csv""]",[],8d4b71888138c2ed1ebbdba11f06d7af0e558b4cb3c54bef90b63dcee5c1fd39,15979e274747a4aa0729d85afb3dd32892706646d74cc232c26c84a3387cb26d
BEV2_2024-08-06_drive1.csv,train,1722926513000000000,128,110,"[""BEV2_2024-08-03_drive1.csv"", ""BEV2_2024-08-03_drive2.csv"", ""BEV2_2024-08-03_drive3.csv"", ""BEV2_2024-08-03_drive4.csv"", ""BEV2_2024-08-04_drive1.csv"", ""BEV2_2024-08-04_drive2.csv"", ""BEV2_2024-08-04_drive4.csv"", ""BEV2_2024-08-05_drive1.csv"", ""BEV2_2024-08-05_drive2.csv"", ""BEV2_2024-08-05_drive3.csv""]",[],a677bc7a09e6e66ea479f896954be7fc89b17373663a14c6da4f4c30abeadba9,6ec897db430b278ed86ae04f2450c93efc47587540fd46fc5f480a91cd535015
BEV2_2024-08-06_drive2.csv,train,1722947772000000000,129,111,"[""BEV2_2024-08-03_drive2.csv"", ""BEV2_2024-08-03_drive3.csv"", ""BEV2_2024-08-03_drive4.csv"", ""BEV2_2024-08-04_drive1.csv"", ""BEV2_2024-08-04_drive2.csv"", ""BEV2_2024-08-04_drive4.csv"", ""BEV2_2024-08-05_drive1.csv"", ""BEV2_2024-08-05_drive2.csv"", ""BEV2_2024-08-05_drive3.csv"", ""BEV2_2024-08-06_drive1.csv""]",[],6b09c2e06021fc042ec61dcc0a21e681685cd22b897f0148936b98e903399d16,ef97fadba8d4695e1a57735f001fa274b8730f7911ee4371fd642f25bfa73e3c
BEV2_2024-08-06_drive3.csv,train,1722954252000000000,130,112,"[""BEV2_2024-08-03_drive3.csv"", ""BEV2_2024-08-03_drive4.csv"", ""BEV2_2024-08-04_drive1.csv"", ""BEV2_2024-08-04_drive2.csv"", ""BEV2_2024-08-04_drive4.csv"", ""BEV2_2024-08-05_drive1.csv"", ""BEV2_2024-08-05_drive2.csv"", ""BEV2_2024-08-05_drive3.csv"", ""BEV2_2024-08-06_drive1.csv"", ""BEV2_2024-08-06_drive2.csv""]",[],c021a7b80dcfb786274bcf89c9becadce6559e6aeaeee3c0da18acd1e5673dbc,f29c95585977bd91ff147e792157d56604e1a851424cedd11ab700ac75fb7175
BEV1_2024-08-06_drive1.csv,train,1722958662000000000,131,18,"[""BEV1_2024-07-29_drive1.csv"", ""BEV1_2024-07-29_drive2.csv"", ""BEV1_2024-07-30_drive1.csv"", ""BEV1_2024-07-30_drive2.csv"", ""BEV1_2024-07-31_drive1.csv"", ""BEV1_2024-07-31_drive2.csv"", ""BEV1_2024-07-31_drive3.csv"", ""BEV1_2024-08-01_drive1.csv"", ""BEV1_2024-08-01_drive2.csv"", ""BEV1_2024-08-02_drive1.csv""]",[],34349612f409b17a5f089d4aeedf2e7a7ef3f81bf90271f5c6b9873d2d6a9426,2aaf988ffc3e5f33022571f0b139e373a24961d57826b2e2967cd2da3c430444
BEV2_2024-08-06_drive4.csv,train,1722960947000000000,131,113,"[""BEV2_2024-08-03_drive4.csv"", ""BEV2_2024-08-04_drive1.csv"", ""BEV2_2024-08-04_drive2.csv"", ""BEV2_2024-08-04_drive4.csv"", ""BEV2_2024-08-05_drive1.csv"", ""BEV2_2024-08-05_drive2.csv"", ""BEV2_2024-08-05_drive3.csv"", ""BEV2_2024-08-06_drive1.csv"", ""BEV2_2024-08-06_drive2.csv"", ""BEV2_2024-08-06_drive3.csv""]",[],28c24da38cb5be2b874f522568f9e880ca722b4c2a0d590695ba65c65548fa98,8c9ba4372f358ab785982b7c83d11e85c346dff8ff16ac5b9d759a4ec23de00b
BEV2_2024-08-06_drive5.csv,train,1722963099000000000,133,114,"[""BEV2_2024-08-04_drive1.csv"", ""BEV2_2024-08-04_drive2.csv"", ""BEV2_2024-08-04_drive4.csv"", ""BEV2_2024-08-05_drive1.csv"", ""BEV2_2024-08-05_drive2.csv"", ""BEV2_2024-08-05_drive3.csv"", ""BEV2_2024-08-06_drive1.csv"", ""BEV2_2024-08-06_drive2.csv"", ""BEV2_2024-08-06_drive3.csv"", ""BEV2_2024-08-06_drive4.csv""]",[],7074462b004e24fcc957929fee7516a562a17e5c305714e25cd2cab368ac5d3c,82aad3ff7bee3841f51e34ae2167cdc56a3ad2f4daa2e4e89467ca92822cbff8
BEV1_2024-08-06_drive2.csv,train,1722963750000000000,133,19,"[""BEV1_2024-07-29_drive2.csv"", ""BEV1_2024-07-30_drive1.csv"", ""BEV1_2024-07-30_drive2.csv"", ""BEV1_2024-07-31_drive1.csv"", ""BEV1_2024-07-31_drive2.csv"", ""BEV1_2024-07-31_drive3.csv"", ""BEV1_2024-08-01_drive1.csv"", ""BEV1_2024-08-01_drive2.csv"", ""BEV1_2024-08-02_drive1.csv"", ""BEV1_2024-08-06_drive1.csv""]",[],9bd37b945151029fb3af038ee293811905c8e591be8448a976cab69c800711e8,4e91ef8adb2534002201def328e22dbd3c0b5c7ce6dc6c4157505752542884e8
BEV1_2024-08-06_drive3.csv,train,1722967802000000000,135,20,"[""BEV1_2024-07-30_drive1.csv"", ""BEV1_2024-07-30_drive2.csv"", ""BEV1_2024-07-31_drive1.csv"", ""BEV1_2024-07-31_drive2.csv"", ""BEV1_2024-07-31_drive3.csv"", ""BEV1_2024-08-01_drive1.csv"", ""BEV1_2024-08-01_drive2.csv"", ""BEV1_2024-08-02_drive1.csv"", ""BEV1_2024-08-06_drive1.csv"", ""BEV1_2024-08-06_drive2.csv""]",[],f39d7eddd50a5267abc5e8169b9d87c348bddcafc06c6d1461c7398572c2a4bf,990d628b2d26647e50a579266bbb1cf4c22b40cc94f3a51e3b54e073bb44a27b
BEV2_2024-08-07_drive1.csv,train,1723010621000000000,136,115,"[""BEV2_2024-08-04_drive2.csv"", ""BEV2_2024-08-04_drive4.csv"", ""BEV2_2024-08-05_drive1.csv"", ""BEV2_2024-08-05_drive2.csv"", ""BEV2_2024-08-05_drive3.csv"", ""BEV2_2024-08-06_drive1.csv"", ""BEV2_2024-08-06_drive2.csv"", ""BEV2_2024-08-06_drive3.csv"", ""BEV2_2024-08-06_drive4.csv"", ""BEV2_2024-08-06_drive5.csv""]",[],7a2fc9e4eed9ae4cd03fcecbe784dc66ba4951d9a9dd718f2e0e647859d8007c,9429f8d5eb709dd5c7316f1a293dc966969ecf95b6d2d998b8c107acd81fc1eb
BEV2_2024-08-07_drive2.csv,train,1723014108000000000,137,116,"[""BEV2_2024-08-04_drive4.csv"", ""BEV2_2024-08-05_drive1.csv"", ""BEV2_2024-08-05_drive2.csv"", ""BEV2_2024-08-05_drive3.csv"", ""BEV2_2024-08-06_drive1.csv"", ""BEV2_2024-08-06_drive2.csv"", ""BEV2_2024-08-06_drive3.csv"", ""BEV2_2024-08-06_drive4.csv"", ""BEV2_2024-08-06_drive5.csv"", ""BEV2_2024-08-07_drive1.csv""]",[],84ab58e704e5ee4ba4e0784187895e4120d3e7aa2e06e5c2a1d324ca3cc1fd94,76412531041396be7b30e7c2beafe880c14ccb587e9817ce37de479bf7269e24
BEV2_2024-08-07_drive3.csv,train,1723015268000000000,138,117,"[""BEV2_2024-08-05_drive1.csv"", ""BEV2_2024-08-05_drive2.csv"", ""BEV2_2024-08-05_drive3.csv"", ""BEV2_2024-08-06_drive1.csv"", ""BEV2_2024-08-06_drive2.csv"", ""BEV2_2024-08-06_drive3.csv"", ""BEV2_2024-08-06_drive4.csv"", ""BEV2_2024-08-06_drive5.csv"", ""BEV2_2024-08-07_drive1.csv"", ""BEV2_2024-08-07_drive2.csv""]",[],07d06257bdfafbb36759ab1364ad75c166a6cbd16c348332a92d2232bc44712c,2daa600070778a262338af27c4b36a85e60a8da35f5c21448cfd4156c21f43a6
BEV2_2024-08-07_drive4.csv,train,1723025606000000000,139,118,"[""BEV2_2024-08-05_drive2.csv"", ""BEV2_2024-08-05_drive3.csv"", ""BEV2_2024-08-06_drive1.csv"", ""BEV2_2024-08-06_drive2.csv"", ""BEV2_2024-08-06_drive3.csv"", ""BEV2_2024-08-06_drive4.csv"", ""BEV2_2024-08-06_drive5.csv"", ""BEV2_2024-08-07_drive1.csv"", ""BEV2_2024-08-07_drive2.csv"", ""BEV2_2024-08-07_drive3.csv""]",[],06a44de9609f09f8f56fd803a827e370896a8ef4c69a97ba100572c34c12b75f,6a613826baf835d70bef858156f1cf4e30ae1b7da0f00ef4227718578c674cb9
BEV2_2024-08-07_drive5.csv,train,1723027921000000000,140,119,"[""BEV2_2024-08-05_drive3.csv"", ""BEV2_2024-08-06_drive1.csv"", ""BEV2_2024-08-06_drive2.csv"", ""BEV2_2024-08-06_drive3.csv"", ""BEV2_2024-08-06_drive4.csv"", ""BEV2_2024-08-06_drive5.csv"", ""BEV2_2024-08-07_drive1.csv"", ""BEV2_2024-08-07_drive2.csv"", ""BEV2_2024-08-07_drive3.csv"", ""BEV2_2024-08-07_drive4.csv""]",[],f0f8c36e68e354cc0d712154b2754f75b7a27d80bf03d6820a4e60992b61a327,1df8a50992ec265eef0e0a7646a7fe4e349d6a5a6426c8bf34e8ae666652dea8
BEV2_2024-08-07_drive6.csv,train,1723041581000000000,141,120,"[""BEV2_2024-08-06_drive1.csv"", ""BEV2_2024-08-06_drive2.csv"", ""BEV2_2024-08-06_drive3.csv"", ""BEV2_2024-08-06_drive4.csv"", ""BEV2_2024-08-06_drive5.csv"", ""BEV2_2024-08-07_drive1.csv"", ""BEV2_2024-08-07_drive2.csv"", ""BEV2_2024-08-07_drive3.csv"", ""BEV2_2024-08-07_drive4.csv"", ""BEV2_2024-08-07_drive5.csv""]",[],6519b428004bd499e83e5354833b19afd3111ce0f457e07d7314c631ea8fa20c,9afbcd2f558f6294e27e85ccaa246c11a944cdeff937a38fdfa5215c1f4b68f7
BEV2_2024-08-07_drive7.csv,train,1723047694000000000,142,121,"[""BEV2_2024-08-06_drive2.csv"", ""BEV2_2024-08-06_drive3.csv"", ""BEV2_2024-08-06_drive4.csv"", ""BEV2_2024-08-06_drive5.csv"", ""BEV2_2024-08-07_drive1.csv"", ""BEV2_2024-08-07_drive2.csv"", ""BEV2_2024-08-07_drive3.csv"", ""BEV2_2024-08-07_drive4.csv"", ""BEV2_2024-08-07_drive5.csv"", ""BEV2_2024-08-07_drive6.csv""]",[],ab837b6b3f04643326795d53cd68ef6ad62a7e6739ebf7c3b31376bbaf094361,4f8f24947b05f6e7e72dd1a9e1cdcafd832faa5dd55a3daea5082c2fa765efcd
BEV2_2024-08-07_drive8.csv,train,1723057157000000000,143,122,"[""BEV2_2024-08-06_drive3.csv"", ""BEV2_2024-08-06_drive4.csv"", ""BEV2_2024-08-06_drive5.csv"", ""BEV2_2024-08-07_drive1.csv"", ""BEV2_2024-08-07_drive2.csv"", ""BEV2_2024-08-07_drive3.csv"", ""BEV2_2024-08-07_drive4.csv"", ""BEV2_2024-08-07_drive5.csv"", ""BEV2_2024-08-07_drive6.csv"", ""BEV2_2024-08-07_drive7.csv""]",[],1b990d256d7d03700ef7ff945ff3e514907e75681e363a1a9a25784f3c0f0a38,801b72277b39811f686a6d86a819ba75929b95d826b46f641152be35bd24e420
BEV2_2024-08-07_drive9.csv,train,1723060923000000000,144,123,"[""BEV2_2024-08-06_drive4.csv"", ""BEV2_2024-08-06_drive5.csv"", ""BEV2_2024-08-07_drive1.csv"", ""BEV2_2024-08-07_drive2.csv"", ""BEV2_2024-08-07_drive3.csv"", ""BEV2_2024-08-07_drive4.csv"", ""BEV2_2024-08-07_drive5.csv"", ""BEV2_2024-08-07_drive6.csv"", ""BEV2_2024-08-07_drive7.csv"", ""BEV2_2024-08-07_drive8.csv""]","[""BEV2_2024-08-07_drive7.csv""]",0872e7e3fad45c77cd05b6a949c9d0007fff90eba11e6281a55a30b6e17584ae,1c63c9655c6f1a855e55acea69192c1955ad0f70e34ad420ce8c8da71bf903db
BEV1_2024-08-08_drive1.csv,train,1723093837000000000,145,21,"[""BEV1_2024-07-30_drive2.csv"", ""BEV1_2024-07-31_drive1.csv"", ""BEV1_2024-07-31_drive2.csv"", ""BEV1_2024-07-31_drive3.csv"", ""BEV1_2024-08-01_drive1.csv"", ""BEV1_2024-08-01_drive2.csv"", ""BEV1_2024-08-02_drive1.csv"", ""BEV1_2024-08-06_drive1.csv"", ""BEV1_2024-08-06_drive2.csv"", ""BEV1_2024-08-06_drive3.csv""]",[],f7c193dfd17ec245e54475cdf4cb85771ed14a88eb9c9108a2e88d284b3a1e1b,3b31d1523ba532e273340d6c1ca2fbd16ab7a4a326040103a97a5d52c07b7fb4
BEV2_2024-08-08_drive1.csv,train,1723099857000000000,146,124,"[""BEV2_2024-08-06_drive5.csv"", ""BEV2_2024-08-07_drive1.csv"", ""BEV2_2024-08-07_drive2.csv"", ""BEV2_2024-08-07_drive3.csv"", ""BEV2_2024-08-07_drive4.csv"", ""BEV2_2024-08-07_drive5.csv"", ""BEV2_2024-08-07_drive6.csv"", ""BEV2_2024-08-07_drive7.csv"", ""BEV2_2024-08-07_drive8.csv"", ""BEV2_2024-08-07_drive9.csv""]",[],a3f6d07cb5bb193bc1937ab3e872525285c6c6f111fed2508b043295a28fd6c3,26aab8634000fa802411213a118993d92c7abaede3df81716824aa668bc2e2af
BEV2_2024-08-08_drive2.csv,train,1723107805000000000,146,124,"[""BEV2_2024-08-06_drive5.csv"", ""BEV2_2024-08-07_drive1.csv"", ""BEV2_2024-08-07_drive2.csv"", ""BEV2_2024-08-07_drive3.csv"", ""BEV2_2024-08-07_drive4.csv"", ""BEV2_2024-08-07_drive5.csv"", ""BEV2_2024-08-07_drive6.csv"", ""BEV2_2024-08-07_drive7.csv"", ""BEV2_2024-08-07_drive8.csv"", ""BEV2_2024-08-07_drive9.csv""]","[""BEV2_2024-08-06_drive5.csv""]",a3f6d07cb5bb193bc1937ab3e872525285c6c6f111fed2508b043295a28fd6c3,1277ccd59ce645233039cd48325429882f2f9bef8657729ac5a3b45b254bb790
BEV2_2024-08-08_drive3.csv,train,1723137948000000000,146,124,"[""BEV2_2024-08-06_drive5.csv"", ""BEV2_2024-08-07_drive1.csv"", ""BEV2_2024-08-07_drive2.csv"", ""BEV2_2024-08-07_drive3.csv"", ""BEV2_2024-08-07_drive4.csv"", ""BEV2_2024-08-07_drive5.csv"", ""BEV2_2024-08-07_drive6.csv"", ""BEV2_2024-08-07_drive7.csv"", ""BEV2_2024-08-07_drive8.csv"", ""BEV2_2024-08-07_drive9.csv""]",[],a3f6d07cb5bb193bc1937ab3e872525285c6c6f111fed2508b043295a28fd6c3,cee6398dff4bd72da95a6edb7f585b78715165d0e0afb5bc68a2645972d34d8d
BEV2_2024-08-08_drive4.csv,train,1723146280000000000,147,125,"[""BEV2_2024-08-07_drive1.csv"", ""BEV2_2024-08-07_drive2.csv"", ""BEV2_2024-08-07_drive3.csv"", ""BEV2_2024-08-07_drive4.csv"", ""BEV2_2024-08-07_drive5.csv"", ""BEV2_2024-08-07_drive6.csv"", ""BEV2_2024-08-07_drive7.csv"", ""BEV2_2024-08-07_drive8.csv"", ""BEV2_2024-08-07_drive9.csv"", ""BEV2_2024-08-08_drive3.csv""]",[],3f92e9368b11c2a9613abcba1adfb29adc09c5af320aa1d7b63e281b9d130583,ae656f88af18bd6e438e09bdd63cb3b43ee8e3597f8ad6b655e93ebcefe6b4f8
BEV2_2024-08-09_drive2.csv,train,1723211568000000000,148,126,"[""BEV2_2024-08-07_drive2.csv"", ""BEV2_2024-08-07_drive3.csv"", ""BEV2_2024-08-07_drive4.csv"", ""BEV2_2024-08-07_drive5.csv"", ""BEV2_2024-08-07_drive6.csv"", ""BEV2_2024-08-07_drive7.csv"", ""BEV2_2024-08-07_drive8.csv"", ""BEV2_2024-08-07_drive9.csv"", ""BEV2_2024-08-08_drive3.csv"", ""BEV2_2024-08-08_drive4.csv""]",[],5be36e6d59f9b7e3b98bbe12099a6ec4d6741ba9011fbd358efb1d34ff3d0585,7981128195223cd83696a0fa3ab4b23f101c82434d7046720d7f03b6287b5d72
BEV2_2024-08-09_drive3.csv,train,1723213619000000000,149,127,"[""BEV2_2024-08-07_drive3.csv"", ""BEV2_2024-08-07_drive4.csv"", ""BEV2_2024-08-07_drive5.csv"", ""BEV2_2024-08-07_drive6.csv"", ""BEV2_2024-08-07_drive7.csv"", ""BEV2_2024-08-07_drive8.csv"", ""BEV2_2024-08-07_drive9.csv"", ""BEV2_2024-08-08_drive3.csv"", ""BEV2_2024-08-08_drive4.csv"", ""BEV2_2024-08-09_drive2.csv""]",[],847a3ec1b8270f99d8e318a3bce6c76eba0ff4537dee4bd7efc3547aab6ce296,81f0b9b16bf48533bf5cf0ccdad84feccfb9aaad71007ff0f99cb92b4a4a90f2
BEV2_2024-08-09_drive4.csv,train,1723216137000000000,150,128,"[""BEV2_2024-08-07_drive4.csv"", ""BEV2_2024-08-07_drive5.csv"", ""BEV2_2024-08-07_drive6.csv"", ""BEV2_2024-08-07_drive7.csv"", ""BEV2_2024-08-07_drive8.csv"", ""BEV2_2024-08-07_drive9.csv"", ""BEV2_2024-08-08_drive3.csv"", ""BEV2_2024-08-08_drive4.csv"", ""BEV2_2024-08-09_drive2.csv"", ""BEV2_2024-08-09_drive3.csv""]",[],5a79b2691a5ba158e5b2184d884d3317c3cb11672bb7889943c053b37ed75419,438cb5b3fae5ef00ef2fc5d8405f19b0a1abde8470df6f60f10fd4bd08c01033
BEV2_2024-08-09_drive5.csv,train,1723223495000000000,151,129,"[""BEV2_2024-08-07_drive5.csv"", ""BEV2_2024-08-07_drive6.csv"", ""BEV2_2024-08-07_drive7.csv"", ""BEV2_2024-08-07_drive8.csv"", ""BEV2_2024-08-07_drive9.csv"", ""BEV2_2024-08-08_drive3.csv"", ""BEV2_2024-08-08_drive4.csv"", ""BEV2_2024-08-09_drive2.csv"", ""BEV2_2024-08-09_drive3.csv"", ""BEV2_2024-08-09_drive4.csv""]","[""BEV2_2024-08-08_drive3.csv""]",5ad975aaa67c15603d8a6fba55027f0632ca8c8db79c371a38ba6992b9d56312,ec8be122c80dc13a0ab281492c9b0013dfaf2d9d84c680e36649ac6cc8146542
BEV2_2024-08-09_drive6.csv,train,1723232581000000000,152,130,"[""BEV2_2024-08-07_drive6.csv"", ""BEV2_2024-08-07_drive7.csv"", ""BEV2_2024-08-07_drive8.csv"", ""BEV2_2024-08-07_drive9.csv"", ""BEV2_2024-08-08_drive3.csv"", ""BEV2_2024-08-08_drive4.csv"", ""BEV2_2024-08-09_drive2.csv"", ""BEV2_2024-08-09_drive3.csv"", ""BEV2_2024-08-09_drive4.csv"", ""BEV2_2024-08-09_drive5.csv""]","[""BEV2_2024-08-08_drive4.csv""]",192567745112640a5d3867ad592821c7fa214f06d5d8d18e9c291d38486b7fcf,3f73eace82b44d76de01893a5a36314b18cec2986e490fe9ce98604f2b67e170
BEV2_2024-08-09_drive7.csv,train,1723238238000000000,153,131,"[""BEV2_2024-08-07_drive7.csv"", ""BEV2_2024-08-07_drive8.csv"", ""BEV2_2024-08-07_drive9.csv"", ""BEV2_2024-08-08_drive3.csv"", ""BEV2_2024-08-08_drive4.csv"", ""BEV2_2024-08-09_drive2.csv"", ""BEV2_2024-08-09_drive3.csv"", ""BEV2_2024-08-09_drive4.csv"", ""BEV2_2024-08-09_drive5.csv"", ""BEV2_2024-08-09_drive6.csv""]",[],7ab5c3a17499ef18d9ac81fc79542a261f5ad2fb4bb6deb043003966c9729ec3,6a57282bff283e8c607f13eadd4650451ae6cd1fbd3b076652d25a354eba3c9d
BEV2_2024-08-09_drive8.csv,train,1723239818000000000,154,132,"[""BEV2_2024-08-07_drive8.csv"", ""BEV2_2024-08-07_drive9.csv"", ""BEV2_2024-08-08_drive3.csv"", ""BEV2_2024-08-08_drive4.csv"", ""BEV2_2024-08-09_drive2.csv"", ""BEV2_2024-08-09_drive3.csv"", ""BEV2_2024-08-09_drive4.csv"", ""BEV2_2024-08-09_drive5.csv"", ""BEV2_2024-08-09_drive6.csv"", ""BEV2_2024-08-09_drive7.csv""]",[],7014e54e2c0a996cfa21a668107c16ea0ed56258727a9607560b0975fafd8d4d,195218d618522f46c0641f2760a0fabf70f200863279e761e93645e3c55d03ae
BEV1_2024-08-10_drive1.csv,train,1723270417000000000,155,22,"[""BEV1_2024-07-31_drive1.csv"", ""BEV1_2024-07-31_drive2.csv"", ""BEV1_2024-07-31_drive3.csv"", ""BEV1_2024-08-01_drive1.csv"", ""BEV1_2024-08-01_drive2.csv"", ""BEV1_2024-08-02_drive1.csv"", ""BEV1_2024-08-06_drive1.csv"", ""BEV1_2024-08-06_drive2.csv"", ""BEV1_2024-08-06_drive3.csv"", ""BEV1_2024-08-08_drive1.csv""]",[],cad02173f97e6be7ea3964faaa12de25e1132bd4eb07b9756931f0e87d0000f1,33fe5c29ecd15d6b2fe6c4cbd204e731ca02b010d29d6af92cc4448986d66cde
BEV1_2024-08-10_drive2.csv,train,1723273343000000000,156,23,"[""BEV1_2024-07-31_drive2.csv"", ""BEV1_2024-07-31_drive3.csv"", ""BEV1_2024-08-01_drive1.csv"", ""BEV1_2024-08-01_drive2.csv"", ""BEV1_2024-08-02_drive1.csv"", ""BEV1_2024-08-06_drive1.csv"", ""BEV1_2024-08-06_drive2.csv"", ""BEV1_2024-08-06_drive3.csv"", ""BEV1_2024-08-08_drive1.csv"", ""BEV1_2024-08-10_drive1.csv""]",[],e0c264f53b075a1e151f5a955cf9bd834f633963ce9ab7be0b40c36376c75620,b60c16116215655eb77fa7b39be83a1bc1d9e62ce600ca303ace1beff81bfffb
BEV1_2024-08-10_drive3.csv,train,1723285030000000000,157,24,"[""BEV1_2024-07-31_drive3.csv"", ""BEV1_2024-08-01_drive1.csv"", ""BEV1_2024-08-01_drive2.csv"", ""BEV1_2024-08-02_drive1.csv"", ""BEV1_2024-08-06_drive1.csv"", ""BEV1_2024-08-06_drive2.csv"", ""BEV1_2024-08-06_drive3.csv"", ""BEV1_2024-08-08_drive1.csv"", ""BEV1_2024-08-10_drive1.csv"", ""BEV1_2024-08-10_drive2.csv""]",[],b15b3c59ede1bdbd9ab00ecc90ef59fd910397f7b22a43e789120bda75ed29d6,ed98b9d7c9a4528022367cb2d915dd3327c6ecc0182bbba27b758eebc2a7e1f1
BEV2_2024-08-10_drive1.csv,train,1723291568000000000,158,133,"[""BEV2_2024-08-07_drive9.csv"", ""BEV2_2024-08-08_drive3.csv"", ""BEV2_2024-08-08_drive4.csv"", ""BEV2_2024-08-09_drive2.csv"", ""BEV2_2024-08-09_drive3.csv"", ""BEV2_2024-08-09_drive4.csv"", ""BEV2_2024-08-09_drive5.csv"", ""BEV2_2024-08-09_drive6.csv"", ""BEV2_2024-08-09_drive7.csv"", ""BEV2_2024-08-09_drive8.csv""]",[],9626b05d32dc8e23c906206940d2dc59808eeb2ff89c79f5afd1f1909759053c,2e8076ab755497cc4c773f6986f4966c5f93f5bc3c4e22c382f35c5bffd8efd9
BEV2_2024-08-10_drive2.csv,train,1723302994000000000,159,134,"[""BEV2_2024-08-08_drive3.csv"", ""BEV2_2024-08-08_drive4.csv"", ""BEV2_2024-08-09_drive2.csv"", ""BEV2_2024-08-09_drive3.csv"", ""BEV2_2024-08-09_drive4.csv"", ""BEV2_2024-08-09_drive5.csv"", ""BEV2_2024-08-09_drive6.csv"", ""BEV2_2024-08-09_drive7.csv"", ""BEV2_2024-08-09_drive8.csv"", ""BEV2_2024-08-10_drive1.csv""]",[],4101d80b050fded119b86d2e247393c94e3847abe40387d1cfbe5cf59c360058,133c5c79f0dcfaf40ece1df976fd262836d4248aec602b18c359860ccf684205
BEV1_2024-08-10_drive4.csv,train,1723317134000000000,160,25,"[""BEV1_2024-08-01_drive1.csv"", ""BEV1_2024-08-01_drive2.csv"", ""BEV1_2024-08-02_drive1.csv"", ""BEV1_2024-08-06_drive1.csv"", ""BEV1_2024-08-06_drive2.csv"", ""BEV1_2024-08-06_drive3.csv"", ""BEV1_2024-08-08_drive1.csv"", ""BEV1_2024-08-10_drive1.csv"", ""BEV1_2024-08-10_drive2.csv"", ""BEV1_2024-08-10_drive3.csv""]",[],91eff756fa5f5f8e8fe90c9187112d9784d8bac5b3e8f262defd9c4758d8c507,47a9de56baeb48dd1991f6804ab2cbb0e33b731f3bd74c1f494af92e2ce8921f
BEV1_2024-08-10_drive5.csv,train,1723329972000000000,161,26,"[""BEV1_2024-08-01_drive2.csv"", ""BEV1_2024-08-02_drive1.csv"", ""BEV1_2024-08-06_drive1.csv"", ""BEV1_2024-08-06_drive2.csv"", ""BEV1_2024-08-06_drive3.csv"", ""BEV1_2024-08-08_drive1.csv"", ""BEV1_2024-08-10_drive1.csv"", ""BEV1_2024-08-10_drive2.csv"", ""BEV1_2024-08-10_drive3.csv"", ""BEV1_2024-08-10_drive4.csv""]",[],c8b861ad39d4cff0a6e5a9cf38c2ac3b6342c9106f40d5c1cb105d64ec230730,b52d1d4cb169866e4fbee0c5dba8c9a0c79e16ad5b0cc7af0d69704d26c2d28a
BEV1_2024-08-11_drive1.csv,train,1723357577000000000,162,27,"[""BEV1_2024-08-02_drive1.csv"", ""BEV1_2024-08-06_drive1.csv"", ""BEV1_2024-08-06_drive2.csv"", ""BEV1_2024-08-06_drive3.csv"", ""BEV1_2024-08-08_drive1.csv"", ""BEV1_2024-08-10_drive1.csv"", ""BEV1_2024-08-10_drive2.csv"", ""BEV1_2024-08-10_drive3.csv"", ""BEV1_2024-08-10_drive4.csv"", ""BEV1_2024-08-10_drive5.csv""]",[],fe6e8a186036ac696c39006968de207876bb30aeacdb1df95e738512cd6cdbb5,e2ffd901e8d1f932ff4a22b3459d9df93ff73d24db0ef29a420353db45a392f4
BEV2_2024-08-11_drive1.csv,train,1723360724000000000,163,135,"[""BEV2_2024-08-08_drive4.csv"", ""BEV2_2024-08-09_drive2.csv"", ""BEV2_2024-08-09_drive3.csv"", ""BEV2_2024-08-09_drive4.csv"", ""BEV2_2024-08-09_drive5.csv"", ""BEV2_2024-08-09_drive6.csv"", ""BEV2_2024-08-09_drive7.csv"", ""BEV2_2024-08-09_drive8.csv"", ""BEV2_2024-08-10_drive1.csv"", ""BEV2_2024-08-10_drive2.csv""]",[],d46ec2fef453c166d4af9b59b2228f6fc43f475ead71ffd957a4c9460a1087c9,3ff63a7388e0dcad4ee351ac3038d2337688c46d9fa9dfcfcdbc31f7bb7acf54
BEV1_2024-08-11_drive2.csv,train,1723361533000000000,163,28,"[""BEV1_2024-08-06_drive1.csv"", ""BEV1_2024-08-06_drive2.csv"", ""BEV1_2024-08-06_drive3.csv"", ""BEV1_2024-08-08_drive1.csv"", ""BEV1_2024-08-10_drive1.csv"", ""BEV1_2024-08-10_drive2.csv"", ""BEV1_2024-08-10_drive3.csv"", ""BEV1_2024-08-10_drive4.csv"", ""BEV1_2024-08-10_drive5.csv"", ""BEV1_2024-08-11_drive1.csv""]",[],cf813b25b2f754a6c79ce040d4e48c3b38121a822dce4254de0b14c6289b4dca,bd605bbdd6f8973653b8e4bda4d6586b2955cb2a46b4e739a2940508f359c9a2
BEV2_2024-08-11_drive2.csv,train,1723368327000000000,165,136,"[""BEV2_2024-08-09_drive2.csv"", ""BEV2_2024-08-09_drive3.csv"", ""BEV2_2024-08-09_drive4.csv"", ""BEV2_2024-08-09_drive5.csv"", ""BEV2_2024-08-09_drive6.csv"", ""BEV2_2024-08-09_drive7.csv"", ""BEV2_2024-08-09_drive8.csv"", ""BEV2_2024-08-10_drive1.csv"", ""BEV2_2024-08-10_drive2.csv"", ""BEV2_2024-08-11_drive1.csv""]",[],caae558c5cac1e16f69ab1f5da69ec990ecedafd89e872281f217e57f8b9281f,f1b6f45655cc39b3165465c8af533c6d164c71c4d439166f1967bf091e568e77
BEV2_2024-08-11_drive3.csv,train,1723373153000000000,166,137,"[""BEV2_2024-08-09_drive3.csv"", ""BEV2_2024-08-09_drive4.csv"", ""BEV2_2024-08-09_drive5.csv"", ""BEV2_2024-08-09_drive6.csv"", ""BEV2_2024-08-09_drive7.csv"", ""BEV2_2024-08-09_drive8.csv"", ""BEV2_2024-08-10_drive1.csv"", ""BEV2_2024-08-10_drive2.csv"", ""BEV2_2024-08-11_drive1.csv"", ""BEV2_2024-08-11_drive2.csv""]",[],c8f406f3dfca8d00957da647cd045a8487f1fc03f99696b7cd80c94d16b5ec72,03bba7cf255eb9926a46d16d522a5a091b0141b24e28945e53d9de1270550328
BEV2_2024-08-11_drive4.csv,train,1723378422000000000,166,137,"[""BEV2_2024-08-09_drive3.csv"", ""BEV2_2024-08-09_drive4.csv"", ""BEV2_2024-08-09_drive5.csv"", ""BEV2_2024-08-09_drive6.csv"", ""BEV2_2024-08-09_drive7.csv"", ""BEV2_2024-08-09_drive8.csv"", ""BEV2_2024-08-10_drive1.csv"", ""BEV2_2024-08-10_drive2.csv"", ""BEV2_2024-08-11_drive1.csv"", ""BEV2_2024-08-11_drive2.csv""]",[],c8f406f3dfca8d00957da647cd045a8487f1fc03f99696b7cd80c94d16b5ec72,12a4ab9c2bde2b8f802ca37a013a72e19056f923206e66721bd6954d687f3e3a
BEV1_2024-08-11_drive3.csv,train,1723383496000000000,167,29,"[""BEV1_2024-08-06_drive2.csv"", ""BEV1_2024-08-06_drive3.csv"", ""BEV1_2024-08-08_drive1.csv"", ""BEV1_2024-08-10_drive1.csv"", ""BEV1_2024-08-10_drive2.csv"", ""BEV1_2024-08-10_drive3.csv"", ""BEV1_2024-08-10_drive4.csv"", ""BEV1_2024-08-10_drive5.csv"", ""BEV1_2024-08-11_drive1.csv"", ""BEV1_2024-08-11_drive2.csv""]",[],ad8da4b9aeefa55357df3df1b92ebfac752e31d6d47b1a7c0fd14be76948b1fc,a733541e71dae36dd60de279cbd32db00dfeb998c56e6e3525964c554472b8c2
BEV2_2024-08-12_drive2.csv,train,1723487259000000000,167,138,"[""BEV2_2024-08-09_drive4.csv"", ""BEV2_2024-08-09_drive5.csv"", ""BEV2_2024-08-09_drive6.csv"", ""BEV2_2024-08-09_drive7.csv"", ""BEV2_2024-08-09_drive8.csv"", ""BEV2_2024-08-10_drive1.csv"", ""BEV2_2024-08-10_drive2.csv"", ""BEV2_2024-08-11_drive1.csv"", ""BEV2_2024-08-11_drive2.csv"", ""BEV2_2024-08-11_drive4.csv""]",[],a0990ac73a3b0830ff150f3f15b4c0e6ea2a9aba36ee6517c5191810954de17c,4a97805800e29071cb0103101429d0859a8573d5c238fce424a921ec7bad0e54
BEV2_2024-08-13_drive1.csv,train,1723528424000000000,168,139,"[""BEV2_2024-08-09_drive5.csv"", ""BEV2_2024-08-09_drive6.csv"", ""BEV2_2024-08-09_drive7.csv"", ""BEV2_2024-08-09_drive8.csv"", ""BEV2_2024-08-10_drive1.csv"", ""BEV2_2024-08-10_drive2.csv"", ""BEV2_2024-08-11_drive1.csv"", ""BEV2_2024-08-11_drive2.csv"", ""BEV2_2024-08-11_drive4.csv"", ""BEV2_2024-08-12_drive2.csv""]",[],3843beb56bb89b0553fbc0b937cd0c836fd4b1edae511a5a80b9546e46416e85,a78593cb800e85c6bf13e0ce1d544e78d05a108cbe48409a0fb932188772313a
BEV2_2024-08-13_drive2.csv,train,1723541555000000000,169,140,"[""BEV2_2024-08-09_drive6.csv"", ""BEV2_2024-08-09_drive7.csv"", ""BEV2_2024-08-09_drive8.csv"", ""BEV2_2024-08-10_drive1.csv"", ""BEV2_2024-08-10_drive2.csv"", ""BEV2_2024-08-11_drive1.csv"", ""BEV2_2024-08-11_drive2.csv"", ""BEV2_2024-08-11_drive4.csv"", ""BEV2_2024-08-12_drive2.csv"", ""BEV2_2024-08-13_drive1.csv""]",[],cb191ab3031d44517b14a4682e92c56e6c7b21d21af6be0958185ace002651a4,05b5a6d8bd610ab062c754abbe90d881363006471e7c1c9da7b31904eb3edad5
BEV2_2024-08-13_drive3.csv,train,1723545372000000000,170,141,"[""BEV2_2024-08-09_drive7.csv"", ""BEV2_2024-08-09_drive8.csv"", ""BEV2_2024-08-10_drive1.csv"", ""BEV2_2024-08-10_drive2.csv"", ""BEV2_2024-08-11_drive1.csv"", ""BEV2_2024-08-11_drive2.csv"", ""BEV2_2024-08-11_drive4.csv"", ""BEV2_2024-08-12_drive2.csv"", ""BEV2_2024-08-13_drive1.csv"", ""BEV2_2024-08-13_drive2.csv""]","[""BEV2_2024-08-13_drive1.csv""]",7e94abf3dbb7c13d3f7e75e6072b1ba30cea5fa6a77aac4ae223afdc4183fb76,4ea8d4fc0ad20fda4a0c99242d02cf85a304f378b0529ed3cc09d2d8f47b1885
BEV2_2024-08-13_drive4.csv,train,1723559832000000000,171,142,"[""BEV2_2024-08-09_drive8.csv"", ""BEV2_2024-08-10_drive1.csv"", ""BEV2_2024-08-10_drive2.csv"", ""BEV2_2024-08-11_drive1.csv"", ""BEV2_2024-08-11_drive2.csv"", ""BEV2_2024-08-11_drive4.csv"", ""BEV2_2024-08-12_drive2.csv"", ""BEV2_2024-08-13_drive1.csv"", ""BEV2_2024-08-13_drive2.csv"", ""BEV2_2024-08-13_drive3.csv""]","[""BEV2_2024-08-13_drive2.csv""]",04f024ffbe5b89963d7d815ee28b9c68b0b22893706924740fc4f21f740026d5,5ca83902f4ecfda327db79eeccecde6ac4bfd40c6d201d44699d3ffeebc8051e
BEV2_2024-08-13_drive5.csv,train,1723561274000000000,172,143,"[""BEV2_2024-08-10_drive1.csv"", ""BEV2_2024-08-10_drive2.csv"", ""BEV2_2024-08-11_drive1.csv"", ""BEV2_2024-08-11_drive2.csv"", ""BEV2_2024-08-11_drive4.csv"", ""BEV2_2024-08-12_drive2.csv"", ""BEV2_2024-08-13_drive1.csv"", ""BEV2_2024-08-13_drive2.csv"", ""BEV2_2024-08-13_drive3.csv"", ""BEV2_2024-08-13_drive4.csv""]",[],1379e6d857baa47b4501eb14870f4bce87c773bbebebd6bad1d2409ffb1fcf97,a92571c78c963939f8c7096cfff88c7017f185235e878cd9b812c27e41150a5e
BEV2_2024-08-13_drive6.csv,train,1723565567000000000,173,144,"[""BEV2_2024-08-10_drive2.csv"", ""BEV2_2024-08-11_drive1.csv"", ""BEV2_2024-08-11_drive2.csv"", ""BEV2_2024-08-11_drive4.csv"", ""BEV2_2024-08-12_drive2.csv"", ""BEV2_2024-08-13_drive1.csv"", ""BEV2_2024-08-13_drive2.csv"", ""BEV2_2024-08-13_drive3.csv"", ""BEV2_2024-08-13_drive4.csv"", ""BEV2_2024-08-13_drive5.csv""]",[],c6f0cc682af0ad6c4b3aba831a5b13349ed3b3cd451639196cb2631ba6ff5f67,e7db8b9891b4e63831986094037648aab82f88c1d778e90914a45551af5c55bc
BEV2_2024-08-13_drive7.csv,train,1723567422000000000,174,145,"[""BEV2_2024-08-11_drive1.csv"", ""BEV2_2024-08-11_drive2.csv"", ""BEV2_2024-08-11_drive4.csv"", ""BEV2_2024-08-12_drive2.csv"", ""BEV2_2024-08-13_drive1.csv"", ""BEV2_2024-08-13_drive2.csv"", ""BEV2_2024-08-13_drive3.csv"", ""BEV2_2024-08-13_drive4.csv"", ""BEV2_2024-08-13_drive5.csv"", ""BEV2_2024-08-13_drive6.csv""]","[""BEV2_2024-08-11_drive4.csv""]",264107a5fd2ee35b0908a04e05980c999b58a81fd62ac4a067a2e0597665815d,869412624770f36c069062893ee988b6340403ac9d114adcf103eba4af1ade15
BEV2_2024-08-13_drive8.csv,train,1723572005000000000,175,146,"[""BEV2_2024-08-11_drive2.csv"", ""BEV2_2024-08-11_drive4.csv"", ""BEV2_2024-08-12_drive2.csv"", ""BEV2_2024-08-13_drive1.csv"", ""BEV2_2024-08-13_drive2.csv"", ""BEV2_2024-08-13_drive3.csv"", ""BEV2_2024-08-13_drive4.csv"", ""BEV2_2024-08-13_drive5.csv"", ""BEV2_2024-08-13_drive6.csv"", ""BEV2_2024-08-13_drive7.csv""]","[""BEV2_2024-08-11_drive4.csv"", ""BEV2_2024-08-13_drive7.csv""]",75bae6bb5bed4812dad351359a78865526f076518a2628830d95bb0055c47030,102ebfe5ceb70590634dcb28fc79b6244ed76834c09bfe9173afd1cf3e1fb919
BEV2_2024-08-14_drive1.csv,train,1723625228000000000,176,147,"[""BEV2_2024-08-11_drive4.csv"", ""BEV2_2024-08-12_drive2.csv"", ""BEV2_2024-08-13_drive1.csv"", ""BEV2_2024-08-13_drive2.csv"", ""BEV2_2024-08-13_drive3.csv"", ""BEV2_2024-08-13_drive4.csv"", ""BEV2_2024-08-13_drive5.csv"", ""BEV2_2024-08-13_drive6.csv"", ""BEV2_2024-08-13_drive7.csv"", ""BEV2_2024-08-13_drive8.csv""]",[],c3fb8721e758f32bd7e9347a6c36ec7a1f7321fedcd16ae267c88d4344df9407,82563948f4b37610a2975df59ac4b25d48f3803d4cd3890bde80db54de06d003
BEV2_2024-08-14_drive2.csv,train,1723627863000000000,177,148,"[""BEV2_2024-08-12_drive2.csv"", ""BEV2_2024-08-13_drive1.csv"", ""BEV2_2024-08-13_drive2.csv"", ""BEV2_2024-08-13_drive3.csv"", ""BEV2_2024-08-13_drive4.csv"", ""BEV2_2024-08-13_drive5.csv"", ""BEV2_2024-08-13_drive6.csv"", ""BEV2_2024-08-13_drive7.csv"", ""BEV2_2024-08-13_drive8.csv"", ""BEV2_2024-08-14_drive1.csv""]",[],a1c3cd6c5367443d80f134adbad512b54665da849f8c99d2491fe96962b68f23,e96f74f1c63d35921c15b6838a5dea9906b091292ba6292156344128f89d400d
BEV2_2024-08-14_drive3.csv,train,1723630392000000000,178,149,"[""BEV2_2024-08-13_drive1.csv"", ""BEV2_2024-08-13_drive2.csv"", ""BEV2_2024-08-13_drive3.csv"", ""BEV2_2024-08-13_drive4.csv"", ""BEV2_2024-08-13_drive5.csv"", ""BEV2_2024-08-13_drive6.csv"", ""BEV2_2024-08-13_drive7.csv"", ""BEV2_2024-08-13_drive8.csv"", ""BEV2_2024-08-14_drive1.csv"", ""BEV2_2024-08-14_drive2.csv""]",[],64789c3f86653baf274895c7f76fe16ec0ee9972075b2ab6bd0dae2b30a8de2b,7daa0eb5a93fd5efed18a9e5c1cede36f0e224383fb40747d2e1b32febab4ad2
BEV2_2024-08-14_drive5.csv,train,1723656159000000000,179,150,"[""BEV2_2024-08-13_drive2.csv"", ""BEV2_2024-08-13_drive3.csv"", ""BEV2_2024-08-13_drive4.csv"", ""BEV2_2024-08-13_drive5.csv"", ""BEV2_2024-08-13_drive6.csv"", ""BEV2_2024-08-13_drive7.csv"", ""BEV2_2024-08-13_drive8.csv"", ""BEV2_2024-08-14_drive1.csv"", ""BEV2_2024-08-14_drive2.csv"", ""BEV2_2024-08-14_drive3.csv""]","[""BEV2_2024-08-13_drive7.csv"", ""BEV2_2024-08-13_drive8.csv""]",3bb2f2e902a2537bb4d0b63f44ebd0ecd1f548cf7d837cdb4d04d05c7d7494a2,ec8670f162a6a1377c95566ced546b3967aabe7f404ec62a98a51834cd6c8914
BEV2_2024-08-14_drive6.csv,train,1723666264000000000,180,151,"[""BEV2_2024-08-13_drive3.csv"", ""BEV2_2024-08-13_drive4.csv"", ""BEV2_2024-08-13_drive5.csv"", ""BEV2_2024-08-13_drive6.csv"", ""BEV2_2024-08-13_drive7.csv"", ""BEV2_2024-08-13_drive8.csv"", ""BEV2_2024-08-14_drive1.csv"", ""BEV2_2024-08-14_drive2.csv"", ""BEV2_2024-08-14_drive3.csv"", ""BEV2_2024-08-14_drive5.csv""]",[],78b3bba827af38cafc21c6aba16097e1765bf4d4b0923190d2c371c836969477,f430cf81ab014d5d519b1e5c4b8f86830f4c2400e51adc9e4c324b108b9e343f
BEV2_2024-08-14_drive7.csv,train,1723667185000000000,181,152,"[""BEV2_2024-08-13_drive4.csv"", ""BEV2_2024-08-13_drive5.csv"", ""BEV2_2024-08-13_drive6.csv"", ""BEV2_2024-08-13_drive7.csv"", ""BEV2_2024-08-13_drive8.csv"", ""BEV2_2024-08-14_drive1.csv"", ""BEV2_2024-08-14_drive2.csv"", ""BEV2_2024-08-14_drive3.csv"", ""BEV2_2024-08-14_drive5.csv"", ""BEV2_2024-08-14_drive6.csv""]",[],f4ed6eaf7f09ab2a0ee1a1343c70bb4eb85542d6993f2a1436e18f8fe2c81598,d2f4e51024368d49ac814992c9d2334765a3162ca1fa31679b88cf9956583692
BEV2_2024-08-15_drive1.csv,train,1723707324000000000,182,153,"[""BEV2_2024-08-13_drive5.csv"", ""BEV2_2024-08-13_drive6.csv"", ""BEV2_2024-08-13_drive7.csv"", ""BEV2_2024-08-13_drive8.csv"", ""BEV2_2024-08-14_drive1.csv"", ""BEV2_2024-08-14_drive2.csv"", ""BEV2_2024-08-14_drive3.csv"", ""BEV2_2024-08-14_drive5.csv"", ""BEV2_2024-08-14_drive6.csv"", ""BEV2_2024-08-14_drive7.csv""]",[],457ac24d1df41e35c8a75aad7cc38cb3122b8250f6625fbf886b2ab7f21eb85b,786a6e9537952aba78a5695819f33637c29c265f060490ff2282df00b8476373
BEV2_2024-08-15_drive4.csv,train,1723715857000000000,183,154,"[""BEV2_2024-08-13_drive6.csv"", ""BEV2_2024-08-13_drive7.csv"", ""BEV2_2024-08-13_drive8.csv"", ""BEV2_2024-08-14_drive1.csv"", ""BEV2_2024-08-14_drive2.csv"", ""BEV2_2024-08-14_drive3.csv"", ""BEV2_2024-08-14_drive5.csv"", ""BEV2_2024-08-14_drive6.csv"", ""BEV2_2024-08-14_drive7.csv"", ""BEV2_2024-08-15_drive1.csv""]",[],4ebcdf7689f77b1705f45db43e24595de159b69a1e7e6992f871c03dd519a457,431c63e0c75dea6938ac2756c046fc8a0cbdec52508803dbd3885882f6b3cc8f
BEV2_2024-08-15_drive5.csv,train,1723719924000000000,184,155,"[""BEV2_2024-08-13_drive7.csv"", ""BEV2_2024-08-13_drive8.csv"", ""BEV2_2024-08-14_drive1.csv"", ""BEV2_2024-08-14_drive2.csv"", ""BEV2_2024-08-14_drive3.csv"", ""BEV2_2024-08-14_drive5.csv"", ""BEV2_2024-08-14_drive6.csv"", ""BEV2_2024-08-14_drive7.csv"", ""BEV2_2024-08-15_drive1.csv"", ""BEV2_2024-08-15_drive4.csv""]",[],4c1e35e9b3c2f956de49e1f5a1c7d30e460f0bf2d30a46f744182fb0288606f3,6075714ee4c1478098c54f10ec0a127e2cbbeb781870c8a4a40dcb664b8bb0f3
BEV2_2024-08-15_drive6.csv,train,1723723809000000000,185,156,"[""BEV2_2024-08-13_drive8.csv"", ""BEV2_2024-08-14_drive1.csv"", ""BEV2_2024-08-14_drive2.csv"", ""BEV2_2024-08-14_drive3.csv"", ""BEV2_2024-08-14_drive5.csv"", ""BEV2_2024-08-14_drive6.csv"", ""BEV2_2024-08-14_drive7.csv"", ""BEV2_2024-08-15_drive1.csv"", ""BEV2_2024-08-15_drive4.csv"", ""BEV2_2024-08-15_drive5.csv""]",[],2f00f2825112c76342ad58f1b29c709d94afc4eb9fec9607893d06a5d4bb3c4b,87f123cf902e7fe39494f488e52a44e367e99eb945280c5573f339f77f65cf35
BEV2_2024-08-15_drive7.csv,train,1723728486000000000,186,157,"[""BEV2_2024-08-14_drive1.csv"", ""BEV2_2024-08-14_drive2.csv"", ""BEV2_2024-08-14_drive3.csv"", ""BEV2_2024-08-14_drive5.csv"", ""BEV2_2024-08-14_drive6.csv"", ""BEV2_2024-08-14_drive7.csv"", ""BEV2_2024-08-15_drive1.csv"", ""BEV2_2024-08-15_drive4.csv"", ""BEV2_2024-08-15_drive5.csv"", ""BEV2_2024-08-15_drive6.csv""]",[],b6c0750fec404e7d25a2d300b5bed3c7c66a4215efa6f16680b6a260f6a699dc,dda17f45e1d8bf509f31322620034da0b1a9175c07e1cbddd70b7af8c88516e1
BEV2_2024-08-15_drive8.csv,train,1723734254000000000,187,158,"[""BEV2_2024-08-14_drive2.csv"", ""BEV2_2024-08-14_drive3.csv"", ""BEV2_2024-08-14_drive5.csv"", ""BEV2_2024-08-14_drive6.csv"", ""BEV2_2024-08-14_drive7.csv"", ""BEV2_2024-08-15_drive1.csv"", ""BEV2_2024-08-15_drive4.csv"", ""BEV2_2024-08-15_drive5.csv"", ""BEV2_2024-08-15_drive6.csv"", ""BEV2_2024-08-15_drive7.csv""]",[],7a27e32789ca686f52ffef418945b87490d0d8d4ecbc68382e77c9197e6740ad,043932f71f67eec73e68f02e516659a877b69eeb9ab7de1911ecd9a0728f745a
BEV2_2024-08-15_drive9.csv,train,1723735915000000000,188,159,"[""BEV2_2024-08-14_drive3.csv"", ""BEV2_2024-08-14_drive5.csv"", ""BEV2_2024-08-14_drive6.csv"", ""BEV2_2024-08-14_drive7.csv"", ""BEV2_2024-08-15_drive1.csv"", ""BEV2_2024-08-15_drive4.csv"", ""BEV2_2024-08-15_drive5.csv"", ""BEV2_2024-08-15_drive6.csv"", ""BEV2_2024-08-15_drive7.csv"", ""BEV2_2024-08-15_drive8.csv""]",[],0e96791ee883aa4e0945b924345c488b9b19f45d2737e5892c876acf18a9c83f,b4965b7b442c6feb3632b5f53189d43892de3823805d496c28c1e56da55bae6d
BEV2_2024-08-15_drive10.csv,train,1723740689000000000,189,160,"[""BEV2_2024-08-14_drive5.csv"", ""BEV2_2024-08-14_drive6.csv"", ""BEV2_2024-08-14_drive7.csv"", ""BEV2_2024-08-15_drive1.csv"", ""BEV2_2024-08-15_drive4.csv"", ""BEV2_2024-08-15_drive5.csv"", ""BEV2_2024-08-15_drive6.csv"", ""BEV2_2024-08-15_drive7.csv"", ""BEV2_2024-08-15_drive8.csv"", ""BEV2_2024-08-15_drive9.csv""]",[],6b10558db36572a3aebf94a781ddad07aca57f0556be80c725035baf23852c21,2076ff682ce70914343e37af234905cf0e24eca57a80d5ae883fa7126e44051b
BEV2_2024-08-15_drive11.csv,train,1723741825000000000,190,161,"[""BEV2_2024-08-14_drive6.csv"", ""BEV2_2024-08-14_drive7.csv"", ""BEV2_2024-08-15_drive1.csv"", ""BEV2_2024-08-15_drive4.csv"", ""BEV2_2024-08-15_drive5.csv"", ""BEV2_2024-08-15_drive6.csv"", ""BEV2_2024-08-15_drive7.csv"", ""BEV2_2024-08-15_drive8.csv"", ""BEV2_2024-08-15_drive9.csv"", ""BEV2_2024-08-15_drive10.csv""]",[],41a5abaea118fc9b19464702bf3ea025049d53acddad627598840f8e6dbb0b99,b936ac82fc127d0decef45c079ea818f2284d91d1c8975b795f45836c8e06217
BEV2_2024-08-15_drive2.csv,train,1723749027000000000,191,162,"[""BEV2_2024-08-14_drive7.csv"", ""BEV2_2024-08-15_drive1.csv"", ""BEV2_2024-08-15_drive4.csv"", ""BEV2_2024-08-15_drive5.csv"", ""BEV2_2024-08-15_drive6.csv"", ""BEV2_2024-08-15_drive7.csv"", ""BEV2_2024-08-15_drive8.csv"", ""BEV2_2024-08-15_drive9.csv"", ""BEV2_2024-08-15_drive10.csv"", ""BEV2_2024-08-15_drive11.csv""]",[],8b9e6d2ad11be515aa276285de613446c7675f023ec08f3ed3ce5bc35522139a,79fd036a25acafd47b6bf84f54cc8a70b314db3e02024aff2ba9f3a16f9de410
BEV2_2024-08-15_drive3.csv,train,1723760118000000000,192,163,"[""BEV2_2024-08-15_drive1.csv"", ""BEV2_2024-08-15_drive4.csv"", ""BEV2_2024-08-15_drive5.csv"", ""BEV2_2024-08-15_drive6.csv"", ""BEV2_2024-08-15_drive7.csv"", ""BEV2_2024-08-15_drive8.csv"", ""BEV2_2024-08-15_drive9.csv"", ""BEV2_2024-08-15_drive10.csv"", ""BEV2_2024-08-15_drive11.csv"", ""BEV2_2024-08-15_drive2.csv""]",[],d5c7b23ca16229c7b268335155bafc9971c8af8024d65edbbbedf7d9321989b5,30e2caf3a1eafcd89f9bcca99d3f7f29938f8e286112fa118737ca4227abfe2d
BEV2_2024-08-16_drive1.csv,train,1723787980000000000,192,163,"[""BEV2_2024-08-15_drive1.csv"", ""BEV2_2024-08-15_drive4.csv"", ""BEV2_2024-08-15_drive5.csv"", ""BEV2_2024-08-15_drive6.csv"", ""BEV2_2024-08-15_drive7.csv"", ""BEV2_2024-08-15_drive8.csv"", ""BEV2_2024-08-15_drive9.csv"", ""BEV2_2024-08-15_drive10.csv"", ""BEV2_2024-08-15_drive11.csv"", ""BEV2_2024-08-15_drive2.csv""]",[],d5c7b23ca16229c7b268335155bafc9971c8af8024d65edbbbedf7d9321989b5,679d42c4ca652782f937ead5c31846ec485e28c78536ee802231f1244e7013a6
BEV2_2024-08-16_drive2.csv,train,1723792090000000000,193,164,"[""BEV2_2024-08-15_drive4.csv"", ""BEV2_2024-08-15_drive5.csv"", ""BEV2_2024-08-15_drive6.csv"", ""BEV2_2024-08-15_drive7.csv"", ""BEV2_2024-08-15_drive8.csv"", ""BEV2_2024-08-15_drive9.csv"", ""BEV2_2024-08-15_drive10.csv"", ""BEV2_2024-08-15_drive11.csv"", ""BEV2_2024-08-15_drive2.csv"", ""BEV2_2024-08-16_drive1.csv""]",[],a1b57088ce2b8d5e4fd0fd539432305b888d9599f03d47d78ebc3580597cfb3f,f62a51951faed53782ae25178a4574ac7b779c2e6766c26f422bcc26dada4026
BEV2_2024-08-16_drive3.csv,train,1723800292000000000,194,165,"[""BEV2_2024-08-15_drive5.csv"", ""BEV2_2024-08-15_drive6.csv"", ""BEV2_2024-08-15_drive7.csv"", ""BEV2_2024-08-15_drive8.csv"", ""BEV2_2024-08-15_drive9.csv"", ""BEV2_2024-08-15_drive10.csv"", ""BEV2_2024-08-15_drive11.csv"", ""BEV2_2024-08-15_drive2.csv"", ""BEV2_2024-08-16_drive1.csv"", ""BEV2_2024-08-16_drive2.csv""]",[],01d03036bab484831589e2aa46cf7e42df858f3f2589ad59edf6ce89d35a922d,3116fedfc4a4ca289a0bde7787368b45ffa2bb1faaa7486235f563e58eb28771
BEV2_2024-08-16_drive4.csv,train,1723802193000000000,195,166,"[""BEV2_2024-08-15_drive6.csv"", ""BEV2_2024-08-15_drive7.csv"", ""BEV2_2024-08-15_drive8.csv"", ""BEV2_2024-08-15_drive9.csv"", ""BEV2_2024-08-15_drive10.csv"", ""BEV2_2024-08-15_drive11.csv"", ""BEV2_2024-08-15_drive2.csv"", ""BEV2_2024-08-16_drive1.csv"", ""BEV2_2024-08-16_drive2.csv"", ""BEV2_2024-08-16_drive3.csv""]",[],3e5518b882c87bc06e859ea6461e155726279e2d05e67c410290078377ba284f,a41aba92fbbf2189d9d4d27481916a43d3092062cc44a1d30af3fd8f24430656
BEV2_2024-08-16_drive5.csv,train,1723812334000000000,196,167,"[""BEV2_2024-08-15_drive7.csv"", ""BEV2_2024-08-15_drive8.csv"", ""BEV2_2024-08-15_drive9.csv"", ""BEV2_2024-08-15_drive10.csv"", ""BEV2_2024-08-15_drive11.csv"", ""BEV2_2024-08-15_drive2.csv"", ""BEV2_2024-08-16_drive1.csv"", ""BEV2_2024-08-16_drive2.csv"", ""BEV2_2024-08-16_drive3.csv"", ""BEV2_2024-08-16_drive4.csv""]",[],bef6bf405e4748ed67b55b53dfe52dd3e6525db1f0e1c7266c8dbb0ed9137bd1,72ffb1ca07bd424983f4a213252b49bd6b1015ec60084d30d572a5b61d952b03
BEV2_2024-08-16_drive6.csv,train,1723837018000000000,197,168,"[""BEV2_2024-08-15_drive8.csv"", ""BEV2_2024-08-15_drive9.csv"", ""BEV2_2024-08-15_drive10.csv"", ""BEV2_2024-08-15_drive11.csv"", ""BEV2_2024-08-15_drive2.csv"", ""BEV2_2024-08-16_drive1.csv"", ""BEV2_2024-08-16_drive2.csv"", ""BEV2_2024-08-16_drive3.csv"", ""BEV2_2024-08-16_drive4.csv"", ""BEV2_2024-08-16_drive5.csv""]",[],9383f714f79b228f93b4280349dffb86c44b78f1163c86c964ca35387004a09e,7a846dee937de74cc5e5e49293a2bdd3c73fe67f5e6ef19fcac2aa3be2f2f4ad
BEV2_2024-08-16_drive7.csv,train,1723850700000000000,197,168,"[""BEV2_2024-08-15_drive8.csv"", ""BEV2_2024-08-15_drive9.csv"", ""BEV2_2024-08-15_drive10.csv"", ""BEV2_2024-08-15_drive11.csv"", ""BEV2_2024-08-15_drive2.csv"", ""BEV2_2024-08-16_drive1.csv"", ""BEV2_2024-08-16_drive2.csv"", ""BEV2_2024-08-16_drive3.csv"", ""BEV2_2024-08-16_drive4.csv"", ""BEV2_2024-08-16_drive5.csv""]",[],9383f714f79b228f93b4280349dffb86c44b78f1163c86c964ca35387004a09e,7b2a14b6d9adcb6e46a84e33c259453573a4f4ba6cfe937bb45bad6903257551
BEV2_2024-08-17_drive1.csv,train,1723891089000000000,198,169,"[""BEV2_2024-08-15_drive9.csv"", ""BEV2_2024-08-15_drive10.csv"", ""BEV2_2024-08-15_drive11.csv"", ""BEV2_2024-08-15_drive2.csv"", ""BEV2_2024-08-16_drive1.csv"", ""BEV2_2024-08-16_drive2.csv"", ""BEV2_2024-08-16_drive3.csv"", ""BEV2_2024-08-16_drive4.csv"", ""BEV2_2024-08-16_drive5.csv"", ""BEV2_2024-08-16_drive7.csv""]",[],ab6cf9ee41bf46604ac6bf8dfe0bc65bedadd09e4f717b34830c60a5d1f54d79,241f2cb793710acef2aa2d179d9f52bc96fa18723669afc806083c6ad98a4f3e
BEV2_2024-08-17_drive2.csv,train,1723895642000000000,199,170,"[""BEV2_2024-08-15_drive10.csv"", ""BEV2_2024-08-15_drive11.csv"", ""BEV2_2024-08-15_drive2.csv"", ""BEV2_2024-08-16_drive1.csv"", ""BEV2_2024-08-16_drive2.csv"", ""BEV2_2024-08-16_drive3.csv"", ""BEV2_2024-08-16_drive4.csv"", ""BEV2_2024-08-16_drive5.csv"", ""BEV2_2024-08-16_drive7.csv"", ""BEV2_2024-08-17_drive1.csv""]",[],6995376b43f9d3c2b33707a6112778c592eb783570fda59febb8ed06734d9af8,3c612b2d4073eef8c3164dda444a7f1e6f41335bdf716d2cba4b5027f7eb30fd
BEV2_2024-08-17_drive4.csv,train,1723911317000000000,200,171,"[""BEV2_2024-08-15_drive11.csv"", ""BEV2_2024-08-15_drive2.csv"", ""BEV2_2024-08-16_drive1.csv"", ""BEV2_2024-08-16_drive2.csv"", ""BEV2_2024-08-16_drive3.csv"", ""BEV2_2024-08-16_drive4.csv"", ""BEV2_2024-08-16_drive5.csv"", ""BEV2_2024-08-16_drive7.csv"", ""BEV2_2024-08-17_drive1.csv"", ""BEV2_2024-08-17_drive2.csv""]",[],32fba90fdc67bf2a9d318c2d5ccd0bc7048fa58ac51b2c37370a92de1847d1e2,14db442b34fd6922feddfc921aa82752e31ecc07f42db78fcf89cdf0288a3c80
BEV2_2024-08-17_drive5.csv,train,1723914007000000000,201,172,"[""BEV2_2024-08-15_drive2.csv"", ""BEV2_2024-08-16_drive1.csv"", ""BEV2_2024-08-16_drive2.csv"", ""BEV2_2024-08-16_drive3.csv"", ""BEV2_2024-08-16_drive4.csv"", ""BEV2_2024-08-16_drive5.csv"", ""BEV2_2024-08-16_drive7.csv"", ""BEV2_2024-08-17_drive1.csv"", ""BEV2_2024-08-17_drive2.csv"", ""BEV2_2024-08-17_drive4.csv""]",[],bded3bd8d66abfa149e859f4839bfb8f6699ccaf6e66801d8760685a890e7b4b,c19bc18d8e52cdffe6329fb5094417bf71b3455906822a2dcb0e4756537c6650
BEV2_2024-08-17_drive6.csv,train,1723917894000000000,202,173,"[""BEV2_2024-08-16_drive1.csv"", ""BEV2_2024-08-16_drive2.csv"", ""BEV2_2024-08-16_drive3.csv"", ""BEV2_2024-08-16_drive4.csv"", ""BEV2_2024-08-16_drive5.csv"", ""BEV2_2024-08-16_drive7.csv"", ""BEV2_2024-08-17_drive1.csv"", ""BEV2_2024-08-17_drive2.csv"", ""BEV2_2024-08-17_drive4.csv"", ""BEV2_2024-08-17_drive5.csv""]",[],020798cb6d9f392017e07524beba14198b21a8ab22c98a44fd395300a553e00c,9fd0ca1232caac71311a7b76eb08c7ace744f1f813db5d7709a05d48a8b85898
BEV2_2024-08-17_drive7.csv,train,1723938874000000000,203,174,"[""BEV2_2024-08-16_drive2.csv"", ""BEV2_2024-08-16_drive3.csv"", ""BEV2_2024-08-16_drive4.csv"", ""BEV2_2024-08-16_drive5.csv"", ""BEV2_2024-08-16_drive7.csv"", ""BEV2_2024-08-17_drive1.csv"", ""BEV2_2024-08-17_drive2.csv"", ""BEV2_2024-08-17_drive4.csv"", ""BEV2_2024-08-17_drive5.csv"", ""BEV2_2024-08-17_drive6.csv""]",[],e87624e4653f3e2c5b487083062501f18b23c29c83cb845cf77d9dd7f2163259,8499c79e9b0275bfb37d6937d78a56a42a85eafbb1f2d38a628163e9e900dd03
BEV2_2024-08-18_drive1.csv,train,1723966202000000000,204,175,"[""BEV2_2024-08-16_drive3.csv"", ""BEV2_2024-08-16_drive4.csv"", ""BEV2_2024-08-16_drive5.csv"", ""BEV2_2024-08-16_drive7.csv"", ""BEV2_2024-08-17_drive1.csv"", ""BEV2_2024-08-17_drive2.csv"", ""BEV2_2024-08-17_drive4.csv"", ""BEV2_2024-08-17_drive5.csv"", ""BEV2_2024-08-17_drive6.csv"", ""BEV2_2024-08-17_drive7.csv""]",[],7c0801765956bb0597e3f5016037f82e1b967b42f4e4975519db69211faa095c,7412c2eb61ffe8899e112bc958204733515b09d3ca214043475b03540d8e610a
BEV2_2024-08-18_drive2.csv,train,1723978365000000000,205,176,"[""BEV2_2024-08-16_drive4.csv"", ""BEV2_2024-08-16_drive5.csv"", ""BEV2_2024-08-16_drive7.csv"", ""BEV2_2024-08-17_drive1.csv"", ""BEV2_2024-08-17_drive2.csv"", ""BEV2_2024-08-17_drive4.csv"", ""BEV2_2024-08-17_drive5.csv"", ""BEV2_2024-08-17_drive6.csv"", ""BEV2_2024-08-17_drive7.csv"", ""BEV2_2024-08-18_drive1.csv""]",[],9bdab3896371a6d5662e0b72010ba33c6c767528c398b8afde91cf416e76c2e6,20061ea96faa3246be4af4e0b67517dcc9d1aa8e073dd31599c01ec8b8df8f09
BEV2_2024-08-18_drive3.csv,train,1723983209000000000,206,177,"[""BEV2_2024-08-16_drive5.csv"", ""BEV2_2024-08-16_drive7.csv"", ""BEV2_2024-08-17_drive1.csv"", ""BEV2_2024-08-17_drive2.csv"", ""BEV2_2024-08-17_drive4.csv"", ""BEV2_2024-08-17_drive5.csv"", ""BEV2_2024-08-17_drive6.csv"", ""BEV2_2024-08-17_drive7.csv"", ""BEV2_2024-08-18_drive1.csv"", ""BEV2_2024-08-18_drive2.csv""]",[],95a799d471585d9786204e4a068b358197c314ca067cd547b257b5f721e08af7,b5a9c5bb2c7934d0e5a7438774581a8eb9531ded418d8b77f55047d8e36ab022
BEV2_2024-08-18_drive4.csv,train,1723986484000000000,207,178,"[""BEV2_2024-08-16_drive7.csv"", ""BEV2_2024-08-17_drive1.csv"", ""BEV2_2024-08-17_drive2.csv"", ""BEV2_2024-08-17_drive4.csv"", ""BEV2_2024-08-17_drive5.csv"", ""BEV2_2024-08-17_drive6.csv"", ""BEV2_2024-08-17_drive7.csv"", ""BEV2_2024-08-18_drive1.csv"", ""BEV2_2024-08-18_drive2.csv"", ""BEV2_2024-08-18_drive3.csv""]",[],290462b8380a4b45121ed63646e40ec1794bd8e3bfce1e2b3bb345a98d054917,d41686c4f8eb7a1c6ee9acce867aca1a697ed14097bd3c2d88599a5994e938d6
BEV2_2024-08-18_drive5.csv,train,1723993611000000000,208,179,"[""BEV2_2024-08-17_drive1.csv"", ""BEV2_2024-08-17_drive2.csv"", ""BEV2_2024-08-17_drive4.csv"", ""BEV2_2024-08-17_drive5.csv"", ""BEV2_2024-08-17_drive6.csv"", ""BEV2_2024-08-17_drive7.csv"", ""BEV2_2024-08-18_drive1.csv"", ""BEV2_2024-08-18_drive2.csv"", ""BEV2_2024-08-18_drive3.csv"", ""BEV2_2024-08-18_drive4.csv""]",[],b37cc849624c446910d684edb72992a134522d077f65bfd2b994abaa5a738ee9,9e75bca05e6b2115df5041fa97ba141376501af1398ee8626216fd7d756c4ddc
BEV2_2024-08-18_drive6.csv,train,1723998386000000000,209,180,"[""BEV2_2024-08-17_drive2.csv"", ""BEV2_2024-08-17_drive4.csv"", ""BEV2_2024-08-17_drive5.csv"", ""BEV2_2024-08-17_drive6.csv"", ""BEV2_2024-08-17_drive7.csv"", ""BEV2_2024-08-18_drive1.csv"", ""BEV2_2024-08-18_drive2.csv"", ""BEV2_2024-08-18_drive3.csv"", ""BEV2_2024-08-18_drive4.csv"", ""BEV2_2024-08-18_drive5.csv""]",[],399319a07bae0b8da59971f50dd84b6b828a2f1cee193578a2f73b0ba6e14835,4c5b7ba16b252419eab5d44cbdf85f9119287e6c57815767ae5e2880ebfef6e7
BEV2_2024-08-18_drive7.csv,train,1724004212000000000,210,181,"[""BEV2_2024-08-17_drive4.csv"", ""BEV2_2024-08-17_drive5.csv"", ""BEV2_2024-08-17_drive6.csv"", ""BEV2_2024-08-17_drive7.csv"", ""BEV2_2024-08-18_drive1.csv"", ""BEV2_2024-08-18_drive2.csv"", ""BEV2_2024-08-18_drive3.csv"", ""BEV2_2024-08-18_drive4.csv"", ""BEV2_2024-08-18_drive5.csv"", ""BEV2_2024-08-18_drive6.csv""]",[],21910314d1e81b6f8027d29bbd9f85c2229461e5124f71036389f8a16d80d19c,8e29c1a7c97ee9c3c7f7c03cb266f0ec958e31721f3cfbb4fe4412b1f9945aae
BEV2_2024-08-18_drive8.csv,train,1724023977000000000,211,182,"[""BEV2_2024-08-17_drive5.csv"", ""BEV2_2024-08-17_drive6.csv"", ""BEV2_2024-08-17_drive7.csv"", ""BEV2_2024-08-18_drive1.csv"", ""BEV2_2024-08-18_drive2.csv"", ""BEV2_2024-08-18_drive3.csv"", ""BEV2_2024-08-18_drive4.csv"", ""BEV2_2024-08-18_drive5.csv"", ""BEV2_2024-08-18_drive6.csv"", ""BEV2_2024-08-18_drive7.csv""]",[],f2fe453295b3e39a2db5b61d34fbac4126395fd25bb1ade3c62e9874892b9129,777f17b407a718a788cbd814b6eb00805ff362cb8e6345bc04fa5739a0c3b8f9
BEV2_2024-08-19_drive1.csv,train,1724058179000000000,212,183,"[""BEV2_2024-08-17_drive6.csv"", ""BEV2_2024-08-17_drive7.csv"", ""BEV2_2024-08-18_drive1.csv"", ""BEV2_2024-08-18_drive2.csv"", ""BEV2_2024-08-18_drive3.csv"", ""BEV2_2024-08-18_drive4.csv"", ""BEV2_2024-08-18_drive5.csv"", ""BEV2_2024-08-18_drive6.csv"", ""BEV2_2024-08-18_drive7.csv"", ""BEV2_2024-08-18_drive8.csv""]",[],587f2e62b142701e287e09091c59dde8746cb63672e0343b2d6c8690c63a2e59,6180cd078276c3d707a75b22e8f31dc72b5a777cd315f18ca2659b9870caf95e
BEV2_2024-08-19_drive2.csv,train,1724059464000000000,213,184,"[""BEV2_2024-08-17_drive7.csv"", ""BEV2_2024-08-18_drive1.csv"", ""BEV2_2024-08-18_drive2.csv"", ""BEV2_2024-08-18_drive3.csv"", ""BEV2_2024-08-18_drive4.csv"", ""BEV2_2024-08-18_drive5.csv"", ""BEV2_2024-08-18_drive6.csv"", ""BEV2_2024-08-18_drive7.csv"", ""BEV2_2024-08-18_drive8.csv"", ""BEV2_2024-08-19_drive1.csv""]",[],dadbbcd5a6b9cb58124a5f5ec85e84e0692efa4fc1144e12b96e02bd86e0f654,ed8671da9759ba6a55dec6b9a265fa6b35df3eb6dfe321b414fca81bdf93bd48
BEV2_2024-08-19_drive4.csv,train,1724079420000000000,214,185,"[""BEV2_2024-08-18_drive1.csv"", ""BEV2_2024-08-18_drive2.csv"", ""BEV2_2024-08-18_drive3.csv"", ""BEV2_2024-08-18_drive4.csv"", ""BEV2_2024-08-18_drive5.csv"", ""BEV2_2024-08-18_drive6.csv"", ""BEV2_2024-08-18_drive7.csv"", ""BEV2_2024-08-18_drive8.csv"", ""BEV2_2024-08-19_drive1.csv"", ""BEV2_2024-08-19_drive2.csv""]",[],6fdb8929c95045f3363f5bc1b198e8492dfd6385428343a3b40111a851b3233d,925d32f0967798b77460a846dcaadbd4af3d9f18452a3ac98b160d500e0157f8
BEV2_2024-08-19_drive5.csv,train,1724084401000000000,215,186,"[""BEV2_2024-08-18_drive2.csv"", ""BEV2_2024-08-18_drive3.csv"", ""BEV2_2024-08-18_drive4.csv"", ""BEV2_2024-08-18_drive5.csv"", ""BEV2_2024-08-18_drive6.csv"", ""BEV2_2024-08-18_drive7.csv"", ""BEV2_2024-08-18_drive8.csv"", ""BEV2_2024-08-19_drive1.csv"", ""BEV2_2024-08-19_drive2.csv"", ""BEV2_2024-08-19_drive4.csv""]",[],c95113dcc34115e92b6bdb84cc139734085ade7dce8002708ed3ae4992650b96,79f50f587082fcd6d87e5ba0f0e9b0ca39e30c9d5dccd73c142b84b23faeb883
BEV2_2024-08-19_drive6.csv,train,1724088805000000000,216,187,"[""BEV2_2024-08-18_drive3.csv"", ""BEV2_2024-08-18_drive4.csv"", ""BEV2_2024-08-18_drive5.csv"", ""BEV2_2024-08-18_drive6.csv"", ""BEV2_2024-08-18_drive7.csv"", ""BEV2_2024-08-18_drive8.csv"", ""BEV2_2024-08-19_drive1.csv"", ""BEV2_2024-08-19_drive2.csv"", ""BEV2_2024-08-19_drive4.csv"", ""BEV2_2024-08-19_drive5.csv""]",[],ded36fb010924d2a4f2c112291c8efc153def8e9e22284558231d4451ad08aff,80e73116bceb44420bd6fa701f798153976bd0feae22d84174754706c82ce8f8
BEV2_2024-08-19_drive7.csv,train,1724092588000000000,217,188,"[""BEV2_2024-08-18_drive4.csv"", ""BEV2_2024-08-18_drive5.csv"", ""BEV2_2024-08-18_drive6.csv"", ""BEV2_2024-08-18_drive7.csv"", ""BEV2_2024-08-18_drive8.csv"", ""BEV2_2024-08-19_drive1.csv"", ""BEV2_2024-08-19_drive2.csv"", ""BEV2_2024-08-19_drive4.csv"", ""BEV2_2024-08-19_drive5.csv"", ""BEV2_2024-08-19_drive6.csv""]",[],c3d8911904dc2943b123945a4bd864cfc6f8e494bb4b1a45810af30e89278620,d25bb89a99134a86219d66bd4a6fadb024c38377c001b0007071b9d083387300
BEV2_2024-08-19_drive8.csv,train,1724103979000000000,218,189,"[""BEV2_2024-08-18_drive5.csv"", ""BEV2_2024-08-18_drive6.csv"", ""BEV2_2024-08-18_drive7.csv"", ""BEV2_2024-08-18_drive8.csv"", ""BEV2_2024-08-19_drive1.csv"", ""BEV2_2024-08-19_drive2.csv"", ""BEV2_2024-08-19_drive4.csv"", ""BEV2_2024-08-19_drive5.csv"", ""BEV2_2024-08-19_drive6.csv"", ""BEV2_2024-08-19_drive7.csv""]",[],c6910e03a96cba86c0b3b850143e770ce0c976352536eb456818e33804b35aa3,bd7c402af61154c8ac0cc683d7484d787a9558827ba8cb36bd4fa1407f3bcf8e
BEV2_2024-08-20_drive1.csv,train,1724133553000000000,219,190,"[""BEV2_2024-08-18_drive6.csv"", ""BEV2_2024-08-18_drive7.csv"", ""BEV2_2024-08-18_drive8.csv"", ""BEV2_2024-08-19_drive1.csv"", ""BEV2_2024-08-19_drive2.csv"", ""BEV2_2024-08-19_drive4.csv"", ""BEV2_2024-08-19_drive5.csv"", ""BEV2_2024-08-19_drive6.csv"", ""BEV2_2024-08-19_drive7.csv"", ""BEV2_2024-08-19_drive8.csv""]",[],74aa17ea57a6359360bac0eba6ad83f570f8d58e981c3c4edff10e9774427f78,f8c68a92830a536840ecc454fdd1063a3a62b2ad64a336a8f562717e33c573c4
BEV2_2024-08-20_drive3.csv,train,1724150100000000000,220,191,"[""BEV2_2024-08-18_drive7.csv"", ""BEV2_2024-08-18_drive8.csv"", ""BEV2_2024-08-19_drive1.csv"", ""BEV2_2024-08-19_drive2.csv"", ""BEV2_2024-08-19_drive4.csv"", ""BEV2_2024-08-19_drive5.csv"", ""BEV2_2024-08-19_drive6.csv"", ""BEV2_2024-08-19_drive7.csv"", ""BEV2_2024-08-19_drive8.csv"", ""BEV2_2024-08-20_drive1.csv""]",[],829b926e9ec66c1535ae95f2366cf2e844ab169534774fb263cc059ab3109ddc,b53f885b9b17f3c45a235633f3b743318368323813a897a4bbc93d4d0814ca81
BEV2_2024-08-20_drive4.csv,train,1724168785000000000,221,192,"[""BEV2_2024-08-18_drive8.csv"", ""BEV2_2024-08-19_drive1.csv"", ""BEV2_2024-08-19_drive2.csv"", ""BEV2_2024-08-19_drive4.csv"", ""BEV2_2024-08-19_drive5.csv"", ""BEV2_2024-08-19_drive6.csv"", ""BEV2_2024-08-19_drive7.csv"", ""BEV2_2024-08-19_drive8.csv"", ""BEV2_2024-08-20_drive1.csv"", ""BEV2_2024-08-20_drive3.csv""]",[],c929e8312689a7ced0b7ae85cd700f04df96a4d59a9b1f0855a8b948b4615bad,09ce755e373caf2edefb855bb04c4b4c1dbca0a3849c62bbce158e0fc7c8cb5b
BEV2_2024-08-20_drive5.csv,train,1724171743000000000,222,193,"[""BEV2_2024-08-19_drive1.csv"", ""BEV2_2024-08-19_drive2.csv"", ""BEV2_2024-08-19_drive4.csv"", ""BEV2_2024-08-19_drive5.csv"", ""BEV2_2024-08-19_drive6.csv"", ""BEV2_2024-08-19_drive7.csv"", ""BEV2_2024-08-19_drive8.csv"", ""BEV2_2024-08-20_drive1.csv"", ""BEV2_2024-08-20_drive3.csv"", ""BEV2_2024-08-20_drive4.csv""]",[],a670706efe566dd8dc1c4d304ed2c14108a0a6f2e142f0bf5b47ce38d2c0abaf,4f57a7dfd76b544e209bf53e0f588b83dba69363d5934cddb65cbcbe0113cfd0
BEV2_2024-08-20_drive6.csv,train,1724185606000000000,223,194,"[""BEV2_2024-08-19_drive2.csv"", ""BEV2_2024-08-19_drive4.csv"", ""BEV2_2024-08-19_drive5.csv"", ""BEV2_2024-08-19_drive6.csv"", ""BEV2_2024-08-19_drive7.csv"", ""BEV2_2024-08-19_drive8.csv"", ""BEV2_2024-08-20_drive1.csv"", ""BEV2_2024-08-20_drive3.csv"", ""BEV2_2024-08-20_drive4.csv"", ""BEV2_2024-08-20_drive5.csv""]",[],40def1601f2f3d4bd8b0f44a468cbaf37b88b4621113e413b6c81ac1fc7c284c,d34dd7275af9c4416ee5569b1b9ba5427dfd68527e02a0b5d846ef204c6056a8
BEV2_2024-08-21_drive1.csv,train,1724219151000000000,224,195,"[""BEV2_2024-08-19_drive4.csv"", ""BEV2_2024-08-19_drive5.csv"", ""BEV2_2024-08-19_drive6.csv"", ""BEV2_2024-08-19_drive7.csv"", ""BEV2_2024-08-19_drive8.csv"", ""BEV2_2024-08-20_drive1.csv"", ""BEV2_2024-08-20_drive3.csv"", ""BEV2_2024-08-20_drive4.csv"", ""BEV2_2024-08-20_drive5.csv"", ""BEV2_2024-08-20_drive6.csv""]",[],a78446cb8e084e73ac33b456e5ba26f46cbfd6b8e63aa80a89b9fce448bc64fa,73a3e953c35ea68704fab81c4f6156c5b57e43339d762577eba2747f5e8e78b2
BEV2_2024-08-21_drive2.csv,train,1724220538000000000,225,196,"[""BEV2_2024-08-19_drive5.csv"", ""BEV2_2024-08-19_drive6.csv"", ""BEV2_2024-08-19_drive7.csv"", ""BEV2_2024-08-19_drive8.csv"", ""BEV2_2024-08-20_drive1.csv"", ""BEV2_2024-08-20_drive3.csv"", ""BEV2_2024-08-20_drive4.csv"", ""BEV2_2024-08-20_drive5.csv"", ""BEV2_2024-08-20_drive6.csv"", ""BEV2_2024-08-21_drive1.csv""]",[],7c98fb99dc3a165e60d1b18019be7cbd11395789d9767cbe2ff9fd17cee610ab,b161002b0d205842c008be9709681f9ee65c0c7df2ca0765d73110ff2f073ae0
BEV2_2024-08-22_drive1.csv,train,1724327113000000000,226,197,"[""BEV2_2024-08-19_drive6.csv"", ""BEV2_2024-08-19_drive7.csv"", ""BEV2_2024-08-19_drive8.csv"", ""BEV2_2024-08-20_drive1.csv"", ""BEV2_2024-08-20_drive3.csv"", ""BEV2_2024-08-20_drive4.csv"", ""BEV2_2024-08-20_drive5.csv"", ""BEV2_2024-08-20_drive6.csv"", ""BEV2_2024-08-21_drive1.csv"", ""BEV2_2024-08-21_drive2.csv""]",[],1e9feb34bffa9bc3a4db122419f2ee2861479ba946a518e3a1c55efd4346fa36,8e4cddfea661ae88c6369495d3b2d45134300e46c361adca8d7ffd48e18ff37c
BEV2_2024-08-22_drive2.csv,train,1724334764000000000,227,198,"[""BEV2_2024-08-19_drive7.csv"", ""BEV2_2024-08-19_drive8.csv"", ""BEV2_2024-08-20_drive1.csv"", ""BEV2_2024-08-20_drive3.csv"", ""BEV2_2024-08-20_drive4.csv"", ""BEV2_2024-08-20_drive5.csv"", ""BEV2_2024-08-20_drive6.csv"", ""BEV2_2024-08-21_drive1.csv"", ""BEV2_2024-08-21_drive2.csv"", ""BEV2_2024-08-22_drive1.csv""]",[],036249f68adb38f8212965cd27c387f6f8794d083b4950367079b0ed9f271a5b,25078c66834ee111bf72300086a6d0a9abf2ea3ba6115e2be8757fc2ef14bf1f
BEV2_2024-08-22_drive3.csv,train,1724338223000000000,228,199,"[""BEV2_2024-08-19_drive8.csv"", ""BEV2_2024-08-20_drive1.csv"", ""BEV2_2024-08-20_drive3.csv"", ""BEV2_2024-08-20_drive4.csv"", ""BEV2_2024-08-20_drive5.csv"", ""BEV2_2024-08-20_drive6.csv"", ""BEV2_2024-08-21_drive1.csv"", ""BEV2_2024-08-21_drive2.csv"", ""BEV2_2024-08-22_drive1.csv"", ""BEV2_2024-08-22_drive2.csv""]",[],f61b0d5e8f97ebc11a7782b3cc90cb3cf519d3cde070d4def95aec71df98fb35,1c1a5cf4ef23245076611fc4e642a183bbc64c58e1c2fff430b7ef6693ea7b59
BEV2_2024-08-22_drive4.csv,train,1724342547000000000,229,200,"[""BEV2_2024-08-20_drive1.csv"", ""BEV2_2024-08-20_drive3.csv"", ""BEV2_2024-08-20_drive4.csv"", ""BEV2_2024-08-20_drive5.csv"", ""BEV2_2024-08-20_drive6.csv"", ""BEV2_2024-08-21_drive1.csv"", ""BEV2_2024-08-21_drive2.csv"", ""BEV2_2024-08-22_drive1.csv"", ""BEV2_2024-08-22_drive2.csv"", ""BEV2_2024-08-22_drive3.csv""]","[""BEV2_2024-08-20_drive5.csv""]",a10fbdd8531cc23c1faf7998bff18f341792a5690d646c4fba7a9d5aaa60bcf8,152ff6c23ffb1d6aeb7afe1a16c2767e65575d4b1e09b707d8b846f84ced323d
BEV2_2024-08-22_drive5.csv,train,1724349646000000000,230,201,"[""BEV2_2024-08-20_drive3.csv"", ""BEV2_2024-08-20_drive4.csv"", ""BEV2_2024-08-20_drive5.csv"", ""BEV2_2024-08-20_drive6.csv"", ""BEV2_2024-08-21_drive1.csv"", ""BEV2_2024-08-21_drive2.csv"", ""BEV2_2024-08-22_drive1.csv"", ""BEV2_2024-08-22_drive2.csv"", ""BEV2_2024-08-22_drive3.csv"", ""BEV2_2024-08-22_drive4.csv""]",[],17abee1e5f1ebbe17b92792f924b44c4c79c19676e59b165ca2e8519d2152154,c3276b16c065c876dea8a6b1f5b8bc1e5e34800c3dfb78a24564b12ea78af6bb
BEV2_2024-08-22_drive6.csv,train,1724353683000000000,231,202,"[""BEV2_2024-08-20_drive4.csv"", ""BEV2_2024-08-20_drive5.csv"", ""BEV2_2024-08-20_drive6.csv"", ""BEV2_2024-08-21_drive1.csv"", ""BEV2_2024-08-21_drive2.csv"", ""BEV2_2024-08-22_drive1.csv"", ""BEV2_2024-08-22_drive2.csv"", ""BEV2_2024-08-22_drive3.csv"", ""BEV2_2024-08-22_drive4.csv"", ""BEV2_2024-08-22_drive5.csv""]",[],80479329e08d31af5e590f9d1e2cb57689612748f715058c1c7e379d1eca479a,4cdb2292b3bd9a28cbbd69edbbbff7eb4db6608ff55a10d17522806bc18bf530
BEV2_2024-08-23_drive1.csv,train,1724394270000000000,232,203,"[""BEV2_2024-08-20_drive5.csv"", ""BEV2_2024-08-20_drive6.csv"", ""BEV2_2024-08-21_drive1.csv"", ""BEV2_2024-08-21_drive2.csv"", ""BEV2_2024-08-22_drive1.csv"", ""BEV2_2024-08-22_drive2.csv"", ""BEV2_2024-08-22_drive3.csv"", ""BEV2_2024-08-22_drive4.csv"", ""BEV2_2024-08-22_drive5.csv"", ""BEV2_2024-08-22_drive6.csv""]",[],f4acfc0c5c71b46b5c5b294dcdfd1589ec76be0f40f198ad4729bd72aa1bd16b,92685afd8c277243542e8e05c9f17a8d1abd0cd41a2ef43fba6d3d0a7889cffc
BEV2_2024-08-23_drive4.csv,train,1724420115000000000,233,204,"[""BEV2_2024-08-20_drive6.csv"", ""BEV2_2024-08-21_drive1.csv"", ""BEV2_2024-08-21_drive2.csv"", ""BEV2_2024-08-22_drive1.csv"", ""BEV2_2024-08-22_drive2.csv"", ""BEV2_2024-08-22_drive3.csv"", ""BEV2_2024-08-22_drive4.csv"", ""BEV2_2024-08-22_drive5.csv"", ""BEV2_2024-08-22_drive6.csv"", ""BEV2_2024-08-23_drive1.csv""]",[],e8b1329495844d1cfcc6f84c0d06b2e60653d05c6ac3dc844210fe0ab43f6f79,4a87600792ff806a37b9a229c29db498f5191a340c9e4da0d370eb374cd31937
BEV2_2024-08-23_drive5.csv,train,1724423865000000000,234,205,"[""BEV2_2024-08-21_drive1.csv"", ""BEV2_2024-08-21_drive2.csv"", ""BEV2_2024-08-22_drive1.csv"", ""BEV2_2024-08-22_drive2.csv"", ""BEV2_2024-08-22_drive3.csv"", ""BEV2_2024-08-22_drive4.csv"", ""BEV2_2024-08-22_drive5.csv"", ""BEV2_2024-08-22_drive6.csv"", ""BEV2_2024-08-23_drive1.csv"", ""BEV2_2024-08-23_drive4.csv""]",[],440acaa17c6c7bcef8b9e5bc4849432718f2c3f83cfe0840552e4dc9b57bc828,284a7bbd1f33c4b031011cbdf5ade874764b4f8aaa4306465d1c86f3fe387e58
BEV2_2024-08-23_drive6.csv,train,1724431207000000000,235,206,"[""BEV2_2024-08-21_drive2.csv"", ""BEV2_2024-08-22_drive1.csv"", ""BEV2_2024-08-22_drive2.csv"", ""BEV2_2024-08-22_drive3.csv"", ""BEV2_2024-08-22_drive4.csv"", ""BEV2_2024-08-22_drive5.csv"", ""BEV2_2024-08-22_drive6.csv"", ""BEV2_2024-08-23_drive1.csv"", ""BEV2_2024-08-23_drive4.csv"", ""BEV2_2024-08-23_drive5.csv""]",[],e79423cf8d8d7f1f095f434f89a2ac1b105e88a3d66a197dd2020f7733e54d9b,cf4a77e5fa1115a9065546b80f85a6c94717ffc95936581016da68f08e6365b3
BEV2_2024-08-23_drive7.csv,train,1724436070000000000,236,207,"[""BEV2_2024-08-22_drive1.csv"", ""BEV2_2024-08-22_drive2.csv"", ""BEV2_2024-08-22_drive3.csv"", ""BEV2_2024-08-22_drive4.csv"", ""BEV2_2024-08-22_drive5.csv"", ""BEV2_2024-08-22_drive6.csv"", ""BEV2_2024-08-23_drive1.csv"", ""BEV2_2024-08-23_drive4.csv"", ""BEV2_2024-08-23_drive5.csv"", ""BEV2_2024-08-23_drive6.csv""]","[""BEV2_2024-08-22_drive4.csv""]",64fa7be6f32ef89c583e26225607dd9360efebb49719e870fce7eb18432be668,33b60538e8d4c7fa4e09941e6164e4212f262ba0b81c0107ed46bfda85b7e677
BEV2_2024-08-23_drive8.csv,train,1724443179000000000,237,208,"[""BEV2_2024-08-22_drive2.csv"", ""BEV2_2024-08-22_drive3.csv"", ""BEV2_2024-08-22_drive4.csv"", ""BEV2_2024-08-22_drive5.csv"", ""BEV2_2024-08-22_drive6.csv"", ""BEV2_2024-08-23_drive1.csv"", ""BEV2_2024-08-23_drive4.csv"", ""BEV2_2024-08-23_drive5.csv"", ""BEV2_2024-08-23_drive6.csv"", ""BEV2_2024-08-23_drive7.csv""]",[],a95c207e94c6282b73264ddd6038f8e5352b940c154bf172d94fcb92476ecbe3,2bdb402c9c9b67f911f4a36c1e252df2baf94736317003e23b471e494952c9cb
BEV2_2024-08-24_drive1.csv,train,1724491587000000000,238,209,"[""BEV2_2024-08-22_drive3.csv"", ""BEV2_2024-08-22_drive4.csv"", ""BEV2_2024-08-22_drive5.csv"", ""BEV2_2024-08-22_drive6.csv"", ""BEV2_2024-08-23_drive1.csv"", ""BEV2_2024-08-23_drive4.csv"", ""BEV2_2024-08-23_drive5.csv"", ""BEV2_2024-08-23_drive6.csv"", ""BEV2_2024-08-23_drive7.csv"", ""BEV2_2024-08-23_drive8.csv""]",[],352a648ebb1fde0e3d247ed3e16dcf15cfa66585bb020a0b5882f8af6b9d435f,57d532705b442023f6dd15c17921f4528055d67081ad3814cf8397a74fe823c8
BEV2_2024-08-24_drive2.csv,train,1724510615000000000,239,210,"[""BEV2_2024-08-22_drive4.csv"", ""BEV2_2024-08-22_drive5.csv"", ""BEV2_2024-08-22_drive6.csv"", ""BEV2_2024-08-23_drive1.csv"", ""BEV2_2024-08-23_drive4.csv"", ""BEV2_2024-08-23_drive5.csv"", ""BEV2_2024-08-23_drive6.csv"", ""BEV2_2024-08-23_drive7.csv"", ""BEV2_2024-08-23_drive8.csv"", ""BEV2_2024-08-24_drive1.csv""]",[],1dc0c8299efea51f330cf1997cc9b6cc7ab21f202ba66a6afd48c12ceab3e190,d74c16e492eab9cdcc442353b884919f89f3f1f00db26077ed35e021934562a9
BEV2_2024-08-24_drive3.csv,train,1724516907000000000,240,211,"[""BEV2_2024-08-22_drive5.csv"", ""BEV2_2024-08-22_drive6.csv"", ""BEV2_2024-08-23_drive1.csv"", ""BEV2_2024-08-23_drive4.csv"", ""BEV2_2024-08-23_drive5.csv"", ""BEV2_2024-08-23_drive6.csv"", ""BEV2_2024-08-23_drive7.csv"", ""BEV2_2024-08-23_drive8.csv"", ""BEV2_2024-08-24_drive1.csv"", ""BEV2_2024-08-24_drive2.csv""]",[],251cba09839317d6622a25e63a17eab846fc2ed2d624f526fd41dbea0615dadf,e98a2ce598875c4def015308890753e94863703cd77fe69020ba21e10b05cb17
BEV2_2024-08-24_drive4.csv,train,1724529557000000000,241,212,"[""BEV2_2024-08-22_drive6.csv"", ""BEV2_2024-08-23_drive1.csv"", ""BEV2_2024-08-23_drive4.csv"", ""BEV2_2024-08-23_drive5.csv"", ""BEV2_2024-08-23_drive6.csv"", ""BEV2_2024-08-23_drive7.csv"", ""BEV2_2024-08-23_drive8.csv"", ""BEV2_2024-08-24_drive1.csv"", ""BEV2_2024-08-24_drive2.csv"", ""BEV2_2024-08-24_drive3.csv""]",[],3d02e8f3d0f217b4db8f3a8c59312e72c329290b81ff2cc77ece0904328713d5,0dd7894925a8d00bcb84c90b7f2c228f9101511d391f2894316a66d7bb968469
BEV2_2024-08-25_drive1.csv,train,1724573980000000000,242,213,"[""BEV2_2024-08-23_drive1.csv"", ""BEV2_2024-08-23_drive4.csv"", ""BEV2_2024-08-23_drive5.csv"", ""BEV2_2024-08-23_drive6.csv"", ""BEV2_2024-08-23_drive7.csv"", ""BEV2_2024-08-23_drive8.csv"", ""BEV2_2024-08-24_drive1.csv"", ""BEV2_2024-08-24_drive2.csv"", ""BEV2_2024-08-24_drive3.csv"", ""BEV2_2024-08-24_drive4.csv""]",[],e55667275dfe076855f2437c74b7602f254565b66a2d37d1e5e611207c6d872f,46a2742928fab610e0894b291035135caa05b53e727b623de20dbdba2a09534a
BEV2_2024-08-25_drive2.csv,train,1724576480000000000,243,214,"[""BEV2_2024-08-23_drive4.csv"", ""BEV2_2024-08-23_drive5.csv"", ""BEV2_2024-08-23_drive6.csv"", ""BEV2_2024-08-23_drive7.csv"", ""BEV2_2024-08-23_drive8.csv"", ""BEV2_2024-08-24_drive1.csv"", ""BEV2_2024-08-24_drive2.csv"", ""BEV2_2024-08-24_drive3.csv"", ""BEV2_2024-08-24_drive4.csv"", ""BEV2_2024-08-25_drive1.csv""]",[],2646e4a27855fda74f571899a235e4ee142d4ebb03a12ee79b3ceed71585e92b,2b8ad35afe08ae7d431a385bdbc082406e7e35f1026966355590c8f90b0edb43
BEV2_2024-08-25_drive3.csv,train,1724587193000000000,244,215,"[""BEV2_2024-08-23_drive5.csv"", ""BEV2_2024-08-23_drive6.csv"", ""BEV2_2024-08-23_drive7.csv"", ""BEV2_2024-08-23_drive8.csv"", ""BEV2_2024-08-24_drive1.csv"", ""BEV2_2024-08-24_drive2.csv"", ""BEV2_2024-08-24_drive3.csv"", ""BEV2_2024-08-24_drive4.csv"", ""BEV2_2024-08-25_drive1.csv"", ""BEV2_2024-08-25_drive2.csv""]",[],9bdda9349c7aa297c35d64250cf241f70dc11dc86422186495904014ef4bb5a3,3c77dfdbf4bf52971926464176de44daff01df4dbc773228a1ce413a688045a5
BEV2_2024-08-25_drive4.csv,train,1724591350000000000,245,216,"[""BEV2_2024-08-23_drive6.csv"", ""BEV2_2024-08-23_drive7.csv"", ""BEV2_2024-08-23_drive8.csv"", ""BEV2_2024-08-24_drive1.csv"", ""BEV2_2024-08-24_drive2.csv"", ""BEV2_2024-08-24_drive3.csv"", ""BEV2_2024-08-24_drive4.csv"", ""BEV2_2024-08-25_drive1.csv"", ""BEV2_2024-08-25_drive2.csv"", ""BEV2_2024-08-25_drive3.csv""]",[],14b3c31bbbfe40571124ae48d8297b2bbc4aa76b9ddf68288703285c82c3be37,a399aeb40261e86e5de849d2a5be2b30bd11ca8f439cbfbda5218672d7e2457f
BEV2_2024-08-25_drive5.csv,train,1724598829000000000,246,217,"[""BEV2_2024-08-23_drive7.csv"", ""BEV2_2024-08-23_drive8.csv"", ""BEV2_2024-08-24_drive1.csv"", ""BEV2_2024-08-24_drive2.csv"", ""BEV2_2024-08-24_drive3.csv"", ""BEV2_2024-08-24_drive4.csv"", ""BEV2_2024-08-25_drive1.csv"", ""BEV2_2024-08-25_drive2.csv"", ""BEV2_2024-08-25_drive3.csv"", ""BEV2_2024-08-25_drive4.csv""]",[],0e8fb6df35bb730d76e64d7fe159acb2de9e1f1deda8cdba20a2881c756fed20,6d8047463acaeb8a3bce4a1b442a6533b9b2f946c6f0697028b28c0bc8873905
BEV2_2024-08-25_drive6.csv,train,1724623139000000000,247,218,"[""BEV2_2024-08-23_drive8.csv"", ""BEV2_2024-08-24_drive1.csv"", ""BEV2_2024-08-24_drive2.csv"", ""BEV2_2024-08-24_drive3.csv"", ""BEV2_2024-08-24_drive4.csv"", ""BEV2_2024-08-25_drive1.csv"", ""BEV2_2024-08-25_drive2.csv"", ""BEV2_2024-08-25_drive3.csv"", ""BEV2_2024-08-25_drive4.csv"", ""BEV2_2024-08-25_drive5.csv""]",[],27f4fcd83a7b1b165cafffea412b7e2bf8585486a8ccb25315e71eebf8fba4c6,5ab08cc7b89bdcd7d1a333e0f067cff0bb03243955102f1786996fa6cd527b3b
BEV2_2024-08-26_drive2.csv,train,1724693327000000000,248,219,"[""BEV2_2024-08-24_drive1.csv"", ""BEV2_2024-08-24_drive2.csv"", ""BEV2_2024-08-24_drive3.csv"", ""BEV2_2024-08-24_drive4.csv"", ""BEV2_2024-08-25_drive1.csv"", ""BEV2_2024-08-25_drive2.csv"", ""BEV2_2024-08-25_drive3.csv"", ""BEV2_2024-08-25_drive4.csv"", ""BEV2_2024-08-25_drive5.csv"", ""BEV2_2024-08-25_drive6.csv""]",[],72746851c30c15fcd81f320469b33f1c38cb773433c50ee844d0f899ffc27dba,d597832d08552087bdc8d386bbc294db680fd6aad84ef714ff4e12ebdb2a7fc5
BEV2_2024-08-26_drive3.csv,train,1724704236000000000,249,220,"[""BEV2_2024-08-24_drive2.csv"", ""BEV2_2024-08-24_drive3.csv"", ""BEV2_2024-08-24_drive4.csv"", ""BEV2_2024-08-25_drive1.csv"", ""BEV2_2024-08-25_drive2.csv"", ""BEV2_2024-08-25_drive3.csv"", ""BEV2_2024-08-25_drive4.csv"", ""BEV2_2024-08-25_drive5.csv"", ""BEV2_2024-08-25_drive6.csv"", ""BEV2_2024-08-26_drive2.csv""]",[],33333050890871a6586b927f55a798f082a63538d4989e0c6001007af4a136d0,5d8f06f9480535d4e7b11a632b0d730820425cc0a07b9ecac2e8dc9fbc375aee
BEV2_2024-08-27_drive2.csv,train,1724753161000000000,250,221,"[""BEV2_2024-08-24_drive3.csv"", ""BEV2_2024-08-24_drive4.csv"", ""BEV2_2024-08-25_drive1.csv"", ""BEV2_2024-08-25_drive2.csv"", ""BEV2_2024-08-25_drive3.csv"", ""BEV2_2024-08-25_drive4.csv"", ""BEV2_2024-08-25_drive5.csv"", ""BEV2_2024-08-25_drive6.csv"", ""BEV2_2024-08-26_drive2.csv"", ""BEV2_2024-08-26_drive3.csv""]",[],dfd51d63b5324ae891cbacc26f82c381a78b17c5a4e157f5eac31b8789b194f6,5fcdfb081c16312a70925b023c571cff1c3793758e136953b33675dc5baec801
BEV2_2024-08-28_drive2.csv,train,1724858021000000000,251,222,"[""BEV2_2024-08-24_drive4.csv"", ""BEV2_2024-08-25_drive1.csv"", ""BEV2_2024-08-25_drive2.csv"", ""BEV2_2024-08-25_drive3.csv"", ""BEV2_2024-08-25_drive4.csv"", ""BEV2_2024-08-25_drive5.csv"", ""BEV2_2024-08-25_drive6.csv"", ""BEV2_2024-08-26_drive2.csv"", ""BEV2_2024-08-26_drive3.csv"", ""BEV2_2024-08-27_drive2.csv""]",[],aeffdd8714e4cef9d8dcd69660c6b0c0793c6e64bc426b5623bdf9627d18998a,899f1aba16d1abae5bac631d055fe6f7553f2fe6f812cfa5bf96191a8b9fe36b
BEV2_2024-08-28_drive3.csv,train,1724862633000000000,252,223,"[""BEV2_2024-08-25_drive1.csv"", ""BEV2_2024-08-25_drive2.csv"", ""BEV2_2024-08-25_drive3.csv"", ""BEV2_2024-08-25_drive4.csv"", ""BEV2_2024-08-25_drive5.csv"", ""BEV2_2024-08-25_drive6.csv"", ""BEV2_2024-08-26_drive2.csv"", ""BEV2_2024-08-26_drive3.csv"", ""BEV2_2024-08-27_drive2.csv"", ""BEV2_2024-08-28_drive2.csv""]",[],cf8411ade32fa59b4e347122c2525943767fe4d2efca7060708ef03dc53354c4,f4c8e9865ac0bd9a9f7a75fe876a6a505ab6dbff97083848182925ff88d06d2d
BEV2_2024-08-28_drive4.csv,train,1724873314000000000,253,224,"[""BEV2_2024-08-25_drive2.csv"", ""BEV2_2024-08-25_drive3.csv"", ""BEV2_2024-08-25_drive4.csv"", ""BEV2_2024-08-25_drive5.csv"", ""BEV2_2024-08-25_drive6.csv"", ""BEV2_2024-08-26_drive2.csv"", ""BEV2_2024-08-26_drive3.csv"", ""BEV2_2024-08-27_drive2.csv"", ""BEV2_2024-08-28_drive2.csv"", ""BEV2_2024-08-28_drive3.csv""]",[],848c606070215a05946af3abde2d8a6c435551fa3c723eba6b1ef08f3a6c26a6,7f7f0baa6d4e4bedf6d2bd9d451a9a06a837a786f0cf4450dfde3fc56f26bb16
BEV2_2024-08-29_drive1.csv,train,1724911280000000000,254,225,"[""BEV2_2024-08-25_drive3.csv"", ""BEV2_2024-08-25_drive4.csv"", ""BEV2_2024-08-25_drive5.csv"", ""BEV2_2024-08-25_drive6.csv"", ""BEV2_2024-08-26_drive2.csv"", ""BEV2_2024-08-26_drive3.csv"", ""BEV2_2024-08-27_drive2.csv"", ""BEV2_2024-08-28_drive2.csv"", ""BEV2_2024-08-28_drive3.csv"", ""BEV2_2024-08-28_drive4.csv""]",[],28ba619a9c1cede7a8d4507705bd358ff396ed864794763e172582a4181f536c,ea5f0506e3001123e2eeaa3f6ade675fbf3a1dccde1c5632e583bb8f6a66cca7
BEV2_2024-08-29_drive2.csv,train,1724914687000000000,255,226,"[""BEV2_2024-08-25_drive4.csv"", ""BEV2_2024-08-25_drive5.csv"", ""BEV2_2024-08-25_drive6.csv"", ""BEV2_2024-08-26_drive2.csv"", ""BEV2_2024-08-26_drive3.csv"", ""BEV2_2024-08-27_drive2.csv"", ""BEV2_2024-08-28_drive2.csv"", ""BEV2_2024-08-28_drive3.csv"", ""BEV2_2024-08-28_drive4.csv"", ""BEV2_2024-08-29_drive1.csv""]",[],c7e9c710b9aef140de05112993423e8abaa43cb3cb3cc448e9fa5c5da91f5822,d9fd52149904635b025590d54f4b28ff4cf81e94ddc454d0a74e923c4f5dc019
BEV2_2024-08-29_drive3.csv,train,1724916338000000000,256,227,"[""BEV2_2024-08-25_drive5.csv"", ""BEV2_2024-08-25_drive6.csv"", ""BEV2_2024-08-26_drive2.csv"", ""BEV2_2024-08-26_drive3.csv"", ""BEV2_2024-08-27_drive2.csv"", ""BEV2_2024-08-28_drive2.csv"", ""BEV2_2024-08-28_drive3.csv"", ""BEV2_2024-08-28_drive4.csv"", ""BEV2_2024-08-29_drive1.csv"", ""BEV2_2024-08-29_drive2.csv""]",[],8fb0509e64ccee1eaff7e46f6079da99521522821b41cb4dae112c13f2ddf17b,413ce454b2a6d594413787f8339c5c659607d95c1664cd202df3010646735213
BEV2_2024-08-29_drive4.csv,train,1724925499000000000,257,228,"[""BEV2_2024-08-25_drive6.csv"", ""BEV2_2024-08-26_drive2.csv"", ""BEV2_2024-08-26_drive3.csv"", ""BEV2_2024-08-27_drive2.csv"", ""BEV2_2024-08-28_drive2.csv"", ""BEV2_2024-08-28_drive3.csv"", ""BEV2_2024-08-28_drive4.csv"", ""BEV2_2024-08-29_drive1.csv"", ""BEV2_2024-08-29_drive2.csv"", ""BEV2_2024-08-29_drive3.csv""]","[""BEV2_2024-08-27_drive2.csv""]",488bdc31add0d0715e8a6cd8831031a425f3d229f8baff0cd6c32affa154401b,a864c0f9f8e46dacc95a489cac259fea11e12f9cbc929dc0f15bde9c26660b9b
BEV2_2024-08-29_drive5.csv,train,1724928192000000000,258,229,"[""BEV2_2024-08-26_drive2.csv"", ""BEV2_2024-08-26_drive3.csv"", ""BEV2_2024-08-27_drive2.csv"", ""BEV2_2024-08-28_drive2.csv"", ""BEV2_2024-08-28_drive3.csv"", ""BEV2_2024-08-28_drive4.csv"", ""BEV2_2024-08-29_drive1.csv"", ""BEV2_2024-08-29_drive2.csv"", ""BEV2_2024-08-29_drive3.csv"", ""BEV2_2024-08-29_drive4.csv""]",[],5e9af6791cf1ea5a528c1bf868107696427c1fc4661247b292ddef54f993b559,e52fad7716ef5ced94e39597dfaa9ba1f8017b86885ca9b7b0febf122eecd46a
BEV1_2024-08-29_drive1.csv,train,1724944858000000000,259,29,"[""BEV1_2024-08-06_drive2.csv"", ""BEV1_2024-08-06_drive3.csv"", ""BEV1_2024-08-08_drive1.csv"", ""BEV1_2024-08-10_drive1.csv"", ""BEV1_2024-08-10_drive2.csv"", ""BEV1_2024-08-10_drive3.csv"", ""BEV1_2024-08-10_drive4.csv"", ""BEV1_2024-08-10_drive5.csv"", ""BEV1_2024-08-11_drive1.csv"", ""BEV1_2024-08-11_drive2.csv""]",[],ad8da4b9aeefa55357df3df1b92ebfac752e31d6d47b1a7c0fd14be76948b1fc,70800142dbb3c0af5631e33e226d994d7a5d3150ff84ffc042ea0490210625ff
BEV2_2024-08-29_drive6.csv,train,1724953196000000000,260,230,"[""BEV2_2024-08-26_drive3.csv"", ""BEV2_2024-08-27_drive2.csv"", ""BEV2_2024-08-28_drive2.csv"", ""BEV2_2024-08-28_drive3.csv"", ""BEV2_2024-08-28_drive4.csv"", ""BEV2_2024-08-29_drive1.csv"", ""BEV2_2024-08-29_drive2.csv"", ""BEV2_2024-08-29_drive3.csv"", ""BEV2_2024-08-29_drive4.csv"", ""BEV2_2024-08-29_drive5.csv""]","[""BEV2_2024-08-27_drive2.csv"", ""BEV2_2024-08-29_drive4.csv""]",495e9dd84c851fd2dd89670a136892738975b02f04e5e8fe47c71e8a91b3c813,381eb253c4e597b54d14c5634b543dfcede5b2bb04ba4ac94dc3d6d3ff9f5784
BEV2_2024-08-29_drive7.csv,train,1724954522000000000,261,231,"[""BEV2_2024-08-27_drive2.csv"", ""BEV2_2024-08-28_drive2.csv"", ""BEV2_2024-08-28_drive3.csv"", ""BEV2_2024-08-28_drive4.csv"", ""BEV2_2024-08-29_drive1.csv"", ""BEV2_2024-08-29_drive2.csv"", ""BEV2_2024-08-29_drive3.csv"", ""BEV2_2024-08-29_drive4.csv"", ""BEV2_2024-08-29_drive5.csv"", ""BEV2_2024-08-29_drive6.csv""]",[],726cfeb31b01e23b7893bdea809bf1233f4ae222fc84e605e5186e45e33336d6,9bf5bd3a43953b3cf05ee4919a61c28674418c5be23e0f150d638813316237f8
BEV2_2024-08-29_drive8.csv,train,1724961957000000000,262,232,"[""BEV2_2024-08-28_drive2.csv"", ""BEV2_2024-08-28_drive3.csv"", ""BEV2_2024-08-28_drive4.csv"", ""BEV2_2024-08-29_drive1.csv"", ""BEV2_2024-08-29_drive2.csv"", ""BEV2_2024-08-29_drive3.csv"", ""BEV2_2024-08-29_drive4.csv"", ""BEV2_2024-08-29_drive5.csv"", ""BEV2_2024-08-29_drive6.csv"", ""BEV2_2024-08-29_drive7.csv""]",[],9d7fb59af10208e6a6b6bf0180e9be2054e465ec2989089b60b537800899b2d1,cdd7962a62bda687201d854df3c42ce38707d244e0e23156cefe4de0d04730c4
BEV1_2024-08-30_drive1.csv,train,1724999763000000000,263,30,"[""BEV1_2024-08-06_drive3.csv"", ""BEV1_2024-08-08_drive1.csv"", ""BEV1_2024-08-10_drive1.csv"", ""BEV1_2024-08-10_drive2.csv"", ""BEV1_2024-08-10_drive3.csv"", ""BEV1_2024-08-10_drive4.csv"", ""BEV1_2024-08-10_drive5.csv"", ""BEV1_2024-08-11_drive1.csv"", ""BEV1_2024-08-11_drive2.csv"", ""BEV1_2024-08-29_drive1.csv""]",[],5db657193de9bc447496a248dde0ab9ebac6e6a61c4627d37adc229967acf145,617cb415258892912b8987bb8596b77696db0a994ec01673399ba49ce116534d
BEV2_2024-08-30_drive1.csv,train,1725003119000000000,264,233,"[""BEV2_2024-08-28_drive3.csv"", ""BEV2_2024-08-28_drive4.csv"", ""BEV2_2024-08-29_drive1.csv"", ""BEV2_2024-08-29_drive2.csv"", ""BEV2_2024-08-29_drive3.csv"", ""BEV2_2024-08-29_drive4.csv"", ""BEV2_2024-08-29_drive5.csv"", ""BEV2_2024-08-29_drive6.csv"", ""BEV2_2024-08-29_drive7.csv"", ""BEV2_2024-08-29_drive8.csv""]",[],d720b7fc9cc450b11e038ee067945654e63b6326f3139801decf6e66a7878ac8,6648e1418827b14b1499d7da291e38eb69cd169dbd9ef88e5cbc185deafa848d
BEV2_2024-08-30_drive2.csv,train,1725007473000000000,265,234,"[""BEV2_2024-08-28_drive4.csv"", ""BEV2_2024-08-29_drive1.csv"", ""BEV2_2024-08-29_drive2.csv"", ""BEV2_2024-08-29_drive3.csv"", ""BEV2_2024-08-29_drive4.csv"", ""BEV2_2024-08-29_drive5.csv"", ""BEV2_2024-08-29_drive6.csv"", ""BEV2_2024-08-29_drive7.csv"", ""BEV2_2024-08-29_drive8.csv"", ""BEV2_2024-08-30_drive1.csv""]",[],e8f522191421de906b5f4183867b5ecb814ab4e388dea40830e9da6c821535af,34c051ecb1b4b963e0b06253d9e59d399ffa9be7560c46b7762ef341e406ebd6
BEV1_2024-08-30_drive2.csv,train,1725007857000000000,265,31,"[""BEV1_2024-08-08_drive1.csv"", ""BEV1_2024-08-10_drive1.csv"", ""BEV1_2024-08-10_drive2.csv"", ""BEV1_2024-08-10_drive3.csv"", ""BEV1_2024-08-10_drive4.csv"", ""BEV1_2024-08-10_drive5.csv"", ""BEV1_2024-08-11_drive1.csv"", ""BEV1_2024-08-11_drive2.csv"", ""BEV1_2024-08-29_drive1.csv"", ""BEV1_2024-08-30_drive1.csv""]",[],0551171ceff70c5e54f0b3b52afbd5cbaa2c270c3ba4e389147d029234925c5d,31b8b6436ae444f9d47126ea4e9c76602b50bd5a73f4ed57f8c671802e998e6f
BEV2_2024-08-30_drive3.csv,train,1725009961000000000,266,235,"[""BEV2_2024-08-29_drive1.csv"", ""BEV2_2024-08-29_drive2.csv"", ""BEV2_2024-08-29_drive3.csv"", ""BEV2_2024-08-29_drive4.csv"", ""BEV2_2024-08-29_drive5.csv"", ""BEV2_2024-08-29_drive6.csv"", ""BEV2_2024-08-29_drive7.csv"", ""BEV2_2024-08-29_drive8.csv"", ""BEV2_2024-08-30_drive1.csv"", ""BEV2_2024-08-30_drive2.csv""]",[],1c8c3a3550dbe8ac8efd1d35442189db17c94a5f09b68a9d9b514a0a29f6eb1c,7ea0904fc0059c873e59b90c2fb58f74f7d0151caeed7cdf8446943851ce046b
BEV2_2024-08-30_drive4.csv,train,1725015263000000000,268,236,"[""BEV2_2024-08-29_drive2.csv"", ""BEV2_2024-08-29_drive3.csv"", ""BEV2_2024-08-29_drive4.csv"", ""BEV2_2024-08-29_drive5.csv"", ""BEV2_2024-08-29_drive6.csv"", ""BEV2_2024-08-29_drive7.csv"", ""BEV2_2024-08-29_drive8.csv"", ""BEV2_2024-08-30_drive1.csv"", ""BEV2_2024-08-30_drive2.csv"", ""BEV2_2024-08-30_drive3.csv""]","[""BEV2_2024-08-29_drive5.csv""]",342d264c5bbc549b52dbcd2d6a3326161cf8924a9c383272184555b920c10003,529010ad23e85a41e4416bc6e8d58d8b27ed1c42b69be40fee6e32607f9ad0c3
BEV2_2024-08-30_drive5.csv,train,1725032290000000000,269,237,"[""BEV2_2024-08-29_drive3.csv"", ""BEV2_2024-08-29_drive4.csv"", ""BEV2_2024-08-29_drive5.csv"", ""BEV2_2024-08-29_drive6.csv"", ""BEV2_2024-08-29_drive7.csv"", ""BEV2_2024-08-29_drive8.csv"", ""BEV2_2024-08-30_drive1.csv"", ""BEV2_2024-08-30_drive2.csv"", ""BEV2_2024-08-30_drive3.csv"", ""BEV2_2024-08-30_drive4.csv""]",[],dbd0d87406e3e6656910c946c8ec16156be0e15260c74316c9d0561de811978e,e099b97d14e021587914fd311ed2881de11015c9d1645d5c41bdd54e66189a4f
BEV2_2024-08-30_drive6.csv,train,1725054216000000000,270,238,"[""BEV2_2024-08-29_drive4.csv"", ""BEV2_2024-08-29_drive5.csv"", ""BEV2_2024-08-29_drive6.csv"", ""BEV2_2024-08-29_drive7.csv"", ""BEV2_2024-08-29_drive8.csv"", ""BEV2_2024-08-30_drive1.csv"", ""BEV2_2024-08-30_drive2.csv"", ""BEV2_2024-08-30_drive3.csv"", ""BEV2_2024-08-30_drive4.csv"", ""BEV2_2024-08-30_drive5.csv""]",[],f7abe8ac810624efdbec79c12ff146feb3ed1b13b16c66adc5442a70b41e84de,1b1519eaf1190e44a0633e4d3f7e19cc3c66cd1ff50a4654a142bfd2e31831c0
BEV2_2024-08-31_drive1.csv,train,1725090590000000000,271,239,"[""BEV2_2024-08-29_drive5.csv"", ""BEV2_2024-08-29_drive6.csv"", ""BEV2_2024-08-29_drive7.csv"", ""BEV2_2024-08-29_drive8.csv"", ""BEV2_2024-08-30_drive1.csv"", ""BEV2_2024-08-30_drive2.csv"", ""BEV2_2024-08-30_drive3.csv"", ""BEV2_2024-08-30_drive4.csv"", ""BEV2_2024-08-30_drive5.csv"", ""BEV2_2024-08-30_drive6.csv""]",[],76ecf36fee01a46291612d1faac31b50bee573579e8a30e34f50762713060834,8d7f41068fbbb39d132d5342b0196ca598ef5a93f8d781897b72ace88e8262d0
BEV2_2024-08-31_drive2.csv,train,1725096435000000000,272,240,"[""BEV2_2024-08-29_drive6.csv"", ""BEV2_2024-08-29_drive7.csv"", ""BEV2_2024-08-29_drive8.csv"", ""BEV2_2024-08-30_drive1.csv"", ""BEV2_2024-08-30_drive2.csv"", ""BEV2_2024-08-30_drive3.csv"", ""BEV2_2024-08-30_drive4.csv"", ""BEV2_2024-08-30_drive5.csv"", ""BEV2_2024-08-30_drive6.csv"", ""BEV2_2024-08-31_drive1.csv""]",[],e05cce00c7cb7f90f330b27a8d4fccba76a751e8fd883caacc406df2490562db,a9465a3c33955e07f213c1fd4ac863da8642f33c9b39fd82dfa4dc7dabdebaa8
BEV1_2024-08-31_drive1.csv,train,1725128902000000000,273,32,"[""BEV1_2024-08-10_drive1.csv"", ""BEV1_2024-08-10_drive2.csv"", ""BEV1_2024-08-10_drive3.csv"", ""BEV1_2024-08-10_drive4.csv"", ""BEV1_2024-08-10_drive5.csv"", ""BEV1_2024-08-11_drive1.csv"", ""BEV1_2024-08-11_drive2.csv"", ""BEV1_2024-08-29_drive1.csv"", ""BEV1_2024-08-30_drive1.csv"", ""BEV1_2024-08-30_drive2.csv""]",[],8b1f7db2fd6ca937e0b2cd8dc3d8610fefddc87f0f0735cc84469e110d2ac534,903df3dc9160597de2717bc69e75d4e973981a87def719400172a3c8689decb5
BEV2_2024-08-31_drive4.csv,train,1725135096000000000,274,241,"[""BEV2_2024-08-29_drive7.csv"", ""BEV2_2024-08-29_drive8.csv"", ""BEV2_2024-08-30_drive1.csv"", ""BEV2_2024-08-30_drive2.csv"", ""BEV2_2024-08-30_drive3.csv"", ""BEV2_2024-08-30_drive4.csv"", ""BEV2_2024-08-30_drive5.csv"", ""BEV2_2024-08-30_drive6.csv"", ""BEV2_2024-08-31_drive1.csv"", ""BEV2_2024-08-31_drive2.csv""]",[],4ccb44d10c87360d3b95998a277eafc4328fae6aaddc2947561db035da3d16f9,3e90cd6e8a812e5a25fa1b69fb5c6ff1a726cb4aea18d5067075dd9c4190c886
BEV1_2024-08-31_drive2.csv,train,1725137035000000000,275,33,"[""BEV1_2024-08-10_drive2.csv"", ""BEV1_2024-08-10_drive3.csv"", ""BEV1_2024-08-10_drive4.csv"", ""BEV1_2024-08-10_drive5.csv"", ""BEV1_2024-08-11_drive1.csv"", ""BEV1_2024-08-11_drive2.csv"", ""BEV1_2024-08-29_drive1.csv"", ""BEV1_2024-08-30_drive1.csv"", ""BEV1_2024-08-30_drive2.csv"", ""BEV1_2024-08-31_drive1.csv""]",[],6037ae7596903604aa7c6c82f637f232940942fd83c64deed8b97196ffb46162,2b6c1f6e145620b15c68eb097816ccabd9bd044258ee07f881e8d5d1e4619ce2
BEV2_2024-09-01_drive1.csv,train,1725178433000000000,276,242,"[""BEV2_2024-08-29_drive8.csv"", ""BEV2_2024-08-30_drive1.csv"", ""BEV2_2024-08-30_drive2.csv"", ""BEV2_2024-08-30_drive3.csv"", ""BEV2_2024-08-30_drive4.csv"", ""BEV2_2024-08-30_drive5.csv"", ""BEV2_2024-08-30_drive6.csv"", ""BEV2_2024-08-31_drive1.csv"", ""BEV2_2024-08-31_drive2.csv"", ""BEV2_2024-08-31_drive4.csv""]",[],7953cde1400487bf40f9979caaed763da6cb31f91788ef0ba38f6b84b71600e1,f44d51a4b615384d2f68fede7c110a2764a866d84c6b05d2503c28d6ec2809c2
BEV1_2024-09-01_drive1.csv,train,1725178918000000000,276,34,"[""BEV1_2024-08-10_drive3.csv"", ""BEV1_2024-08-10_drive4.csv"", ""BEV1_2024-08-10_drive5.csv"", ""BEV1_2024-08-11_drive1.csv"", ""BEV1_2024-08-11_drive2.csv"", ""BEV1_2024-08-29_drive1.csv"", ""BEV1_2024-08-30_drive1.csv"", ""BEV1_2024-08-30_drive2.csv"", ""BEV1_2024-08-31_drive1.csv"", ""BEV1_2024-08-31_drive2.csv""]",[],057534c43e8f68e2fc42b4ac1d269f276dabcad7199b517836b38c55ef4bfa9c,eefb2104fd5637a038488613ed6d8c23eeb007a6906620c7c6c5a51905fbb0c1
BEV1_2024-09-01_drive2.csv,train,1725186213000000000,276,34,"[""BEV1_2024-08-10_drive3.csv"", ""BEV1_2024-08-10_drive4.csv"", ""BEV1_2024-08-10_drive5.csv"", ""BEV1_2024-08-11_drive1.csv"", ""BEV1_2024-08-11_drive2.csv"", ""BEV1_2024-08-29_drive1.csv"", ""BEV1_2024-08-30_drive1.csv"", ""BEV1_2024-08-30_drive2.csv"", ""BEV1_2024-08-31_drive1.csv"", ""BEV1_2024-08-31_drive2.csv""]",[],057534c43e8f68e2fc42b4ac1d269f276dabcad7199b517836b38c55ef4bfa9c,9c2eda0dadad64f40adac467eb58b36758902680f91fd16a6fe98d56fb2c85e8
BEV2_2024-09-01_drive3.csv,train,1725194789000000000,276,242,"[""BEV2_2024-08-29_drive8.csv"", ""BEV2_2024-08-30_drive1.csv"", ""BEV2_2024-08-30_drive2.csv"", ""BEV2_2024-08-30_drive3.csv"", ""BEV2_2024-08-30_drive4.csv"", ""BEV2_2024-08-30_drive5.csv"", ""BEV2_2024-08-30_drive6.csv"", ""BEV2_2024-08-31_drive1.csv"", ""BEV2_2024-08-31_drive2.csv"", ""BEV2_2024-08-31_drive4.csv""]",[],7953cde1400487bf40f9979caaed763da6cb31f91788ef0ba38f6b84b71600e1,9b602a8d5c5b5b19c6870247cead8564b9dbd5cb238a503baee28c3b4c3e1e3b
BEV1_2024-09-01_drive3.csv,train,1725197846000000000,276,34,"[""BEV1_2024-08-10_drive3.csv"", ""BEV1_2024-08-10_drive4.csv"", ""BEV1_2024-08-10_drive5.csv"", ""BEV1_2024-08-11_drive1.csv"", ""BEV1_2024-08-11_drive2.csv"", ""BEV1_2024-08-29_drive1.csv"", ""BEV1_2024-08-30_drive1.csv"", ""BEV1_2024-08-30_drive2.csv"", ""BEV1_2024-08-31_drive1.csv"", ""BEV1_2024-08-31_drive2.csv""]",[],057534c43e8f68e2fc42b4ac1d269f276dabcad7199b517836b38c55ef4bfa9c,aa517143a246e01d88e4c88594b872aca927051f8e3a71504185a85c90441647
BEV2_2024-09-01_drive4.csv,train,1725204228000000000,278,243,"[""BEV2_2024-08-30_drive1.csv"", ""BEV2_2024-08-30_drive2.csv"", ""BEV2_2024-08-30_drive3.csv"", ""BEV2_2024-08-30_drive4.csv"", ""BEV2_2024-08-30_drive5.csv"", ""BEV2_2024-08-30_drive6.csv"", ""BEV2_2024-08-31_drive1.csv"", ""BEV2_2024-08-31_drive2.csv"", ""BEV2_2024-08-31_drive4.csv"", ""BEV2_2024-09-01_drive3.csv""]",[],c0127ef26a3a438ff8091b08811dd848aa62da529c94ef3c4a1a80c819149cb3,3ef1b771cebc90e29eecce8735dec44ab996d2b26515c21ad075d7794588b161
BEV1_2024-09-01_drive4.csv,train,1725205093000000000,278,35,"[""BEV1_2024-08-10_drive4.csv"", ""BEV1_2024-08-10_drive5.csv"", ""BEV1_2024-08-11_drive1.csv"", ""BEV1_2024-08-11_drive2.csv"", ""BEV1_2024-08-29_drive1.csv"", ""BEV1_2024-08-30_drive1.csv"", ""BEV1_2024-08-30_drive2.csv"", ""BEV1_2024-08-31_drive1.csv"", ""BEV1_2024-08-31_drive2.csv"", ""BEV1_2024-09-01_drive3.csv""]",[],f9d56a62748650615b9374cb0dd3f0950ee5a8bb98a2ca56b6d0b21c1810eddc,206305b4d78f24e20ecc83c601c2ffd2cb71017d9d4c26fdb34156d83d5f5a4a
BEV2_2024-09-01_drive5.csv,train,1725213016000000000,279,244,"[""BEV2_2024-08-30_drive2.csv"", ""BEV2_2024-08-30_drive3.csv"", ""BEV2_2024-08-30_drive4.csv"", ""BEV2_2024-08-30_drive5.csv"", ""BEV2_2024-08-30_drive6.csv"", ""BEV2_2024-08-31_drive1.csv"", ""BEV2_2024-08-31_drive2.csv"", ""BEV2_2024-08-31_drive4.csv"", ""BEV2_2024-09-01_drive3.csv"", ""BEV2_2024-09-01_drive4.csv""]",[],8036a645072bfb5698c5f610d3497d3f79722912b1865adb1d51ff57c3070f41,49b9d726eaa91e08c075c2f01cebe0e57d0fd9b8fad054729d8c62a9c6e106ed
BEV1_2024-09-01_drive5.csv,train,1725214244000000000,279,35,"[""BEV1_2024-08-10_drive4.csv"", ""BEV1_2024-08-10_drive5.csv"", ""BEV1_2024-08-11_drive1.csv"", ""BEV1_2024-08-11_drive2.csv"", ""BEV1_2024-08-29_drive1.csv"", ""BEV1_2024-08-30_drive1.csv"", ""BEV1_2024-08-30_drive2.csv"", ""BEV1_2024-08-31_drive1.csv"", ""BEV1_2024-08-31_drive2.csv"", ""BEV1_2024-09-01_drive3.csv""]",[],f9d56a62748650615b9374cb0dd3f0950ee5a8bb98a2ca56b6d0b21c1810eddc,afeff7e80e0df6a9292ef12e6bac6c91b0c00b5a44ff069b2bf0d4d34782b479
BEV1_2024-09-02_drive1.csv,train,1725258189000000000,281,36,"[""BEV1_2024-08-10_drive5.csv"", ""BEV1_2024-08-11_drive1.csv"", ""BEV1_2024-08-11_drive2.csv"", ""BEV1_2024-08-29_drive1.csv"", ""BEV1_2024-08-30_drive1.csv"", ""BEV1_2024-08-30_drive2.csv"", ""BEV1_2024-08-31_drive1.csv"", ""BEV1_2024-08-31_drive2.csv"", ""BEV1_2024-09-01_drive3.csv"", ""BEV1_2024-09-01_drive5.csv""]",[],9d684bf1433b752a043ea44c531d5df6edcf5ea2b681111e2938ca7163d1e2bc,32e6a515cf78bde8129a135cd7266fda9880c3c778669c180811c0a1db8770aa
BEV2_2024-09-02_drive1.csv,train,1725275842000000000,282,245,"[""BEV2_2024-08-30_drive3.csv"", ""BEV2_2024-08-30_drive4.csv"", ""BEV2_2024-08-30_drive5.csv"", ""BEV2_2024-08-30_drive6.csv"", ""BEV2_2024-08-31_drive1.csv"", ""BEV2_2024-08-31_drive2.csv"", ""BEV2_2024-08-31_drive4.csv"", ""BEV2_2024-09-01_drive3.csv"", ""BEV2_2024-09-01_drive4.csv"", ""BEV2_2024-09-01_drive5.csv""]",[],44144f17e419f2e910c186960a91a8f3fdcc349291881c2a68cb4a161014d057,e74e23dda0451694a53d84882e5c62accc972ecb7979a5ca9474d66b9ffce0f8
BEV2_2024-09-02_drive2.csv,train,1725282409000000000,283,246,"[""BEV2_2024-08-30_drive4.csv"", ""BEV2_2024-08-30_drive5.csv"", ""BEV2_2024-08-30_drive6.csv"", ""BEV2_2024-08-31_drive1.csv"", ""BEV2_2024-08-31_drive2.csv"", ""BEV2_2024-08-31_drive4.csv"", ""BEV2_2024-09-01_drive3.csv"", ""BEV2_2024-09-01_drive4.csv"", ""BEV2_2024-09-01_drive5.csv"", ""BEV2_2024-09-02_drive1.csv""]",[],3c46410dd0154356274d98193506bfd1592991d7768fad03d6dd84c870d02b2b,ac2ead8ad85483dc2da862f74f4b49f82e6111dfe1200725cc824008c520f7fe
BEV2_2024-09-02_drive3.csv,train,1725286675000000000,284,247,"[""BEV2_2024-08-30_drive5.csv"", ""BEV2_2024-08-30_drive6.csv"", ""BEV2_2024-08-31_drive1.csv"", ""BEV2_2024-08-31_drive2.csv"", ""BEV2_2024-08-31_drive4.csv"", ""BEV2_2024-09-01_drive3.csv"", ""BEV2_2024-09-01_drive4.csv"", ""BEV2_2024-09-01_drive5.csv"", ""BEV2_2024-09-02_drive1.csv"", ""BEV2_2024-09-02_drive2.csv""]",[],63597862acf1cc7bf4fd90a841561ce7cf1fec2b6d0e50a72df9b637a061dacc,6193d57cddf64600abd969cdefa0cec8f67aad3da1a6b786e25bff0f0dc692b2
BEV1_2024-09-02_drive2.csv,train,1725292134000000000,285,37,"[""BEV1_2024-08-11_drive1.csv"", ""BEV1_2024-08-11_drive2.csv"", ""BEV1_2024-08-29_drive1.csv"", ""BEV1_2024-08-30_drive1.csv"", ""BEV1_2024-08-30_drive2.csv"", ""BEV1_2024-08-31_drive1.csv"", ""BEV1_2024-08-31_drive2.csv"", ""BEV1_2024-09-01_drive3.csv"", ""BEV1_2024-09-01_drive5.csv"", ""BEV1_2024-09-02_drive1.csv""]",[],e10f65d05fb900d163dc07190fb9689103d101e795319a9b0a9c6fd68b2ea3ad,cb14e5a59360e848ce42c205d5704faec81c9df8b6da8f6642cfca7c92caa316
BEV2_2024-09-03_drive1.csv,train,1725343866000000000,286,248,"[""BEV2_2024-08-30_drive6.csv"", ""BEV2_2024-08-31_drive1.csv"", ""BEV2_2024-08-31_drive2.csv"", ""BEV2_2024-08-31_drive4.csv"", ""BEV2_2024-09-01_drive3.csv"", ""BEV2_2024-09-01_drive4.csv"", ""BEV2_2024-09-01_drive5.csv"", ""BEV2_2024-09-02_drive1.csv"", ""BEV2_2024-09-02_drive2.csv"", ""BEV2_2024-09-02_drive3.csv""]",[],5caf7fbda563162b8398e93665cbf937fb23fc48960605f772951428f83e85bc,e4c74274bfc20d3e3aa837f1f41d999ef95755b35856f42c316d2d56ebdfc064
BEV1_2024-09-03_drive1.csv,train,1725351478000000000,287,38,"[""BEV1_2024-08-11_drive2.csv"", ""BEV1_2024-08-29_drive1.csv"", ""BEV1_2024-08-30_drive1.csv"", ""BEV1_2024-08-30_drive2.csv"", ""BEV1_2024-08-31_drive1.csv"", ""BEV1_2024-08-31_drive2.csv"", ""BEV1_2024-09-01_drive3.csv"", ""BEV1_2024-09-01_drive5.csv"", ""BEV1_2024-09-02_drive1.csv"", ""BEV1_2024-09-02_drive2.csv""]",[],80c3f9fc3da33b32680839883fb15473c19121ea26afffe0f22a8f8cba148180,2679ba2deb740f539e0eb8295668942a8bdf223dea14ce57e8406c97ebf1d429
BEV2_2024-09-03_drive2.csv,train,1725355855000000000,288,249,"[""BEV2_2024-08-31_drive1.csv"", ""BEV2_2024-08-31_drive2.csv"", ""BEV2_2024-08-31_drive4.csv"", ""BEV2_2024-09-01_drive3.csv"", ""BEV2_2024-09-01_drive4.csv"", ""BEV2_2024-09-01_drive5.csv"", ""BEV2_2024-09-02_drive1.csv"", ""BEV2_2024-09-02_drive2.csv"", ""BEV2_2024-09-02_drive3.csv"", ""BEV2_2024-09-03_drive1.csv""]",[],c21db11ba3e19d096f8ba665abeaae16e70c98bb1506d013f2093a95ae466b74,879ea4685b381d0d789686552caf7966c16ca6fa840897b709f7861f2526ad12
BEV1_2024-09-03_drive2.csv,train,1725358052000000000,288,39,"[""BEV1_2024-08-29_drive1.csv"", ""BEV1_2024-08-30_drive1.csv"", ""BEV1_2024-08-30_drive2.csv"", ""BEV1_2024-08-31_drive1.csv"", ""BEV1_2024-08-31_drive2.csv"", ""BEV1_2024-09-01_drive3.csv"", ""BEV1_2024-09-01_drive5.csv"", ""BEV1_2024-09-02_drive1.csv"", ""BEV1_2024-09-02_drive2.csv"", ""BEV1_2024-09-03_drive1.csv""]",[],53d192677b2f04efb995f49185a7eea99687b99f957b9069529ccbd9a945b2bd,71569e3d6658a8c4ad907ef7d96cb9cd3c3b4108ff4744a9c20f879a058bc331
BEV2_2024-09-03_drive3.csv,train,1725358702000000000,288,249,"[""BEV2_2024-08-31_drive1.csv"", ""BEV2_2024-08-31_drive2.csv"", ""BEV2_2024-08-31_drive4.csv"", ""BEV2_2024-09-01_drive3.csv"", ""BEV2_2024-09-01_drive4.csv"", ""BEV2_2024-09-01_drive5.csv"", ""BEV2_2024-09-02_drive1.csv"", ""BEV2_2024-09-02_drive2.csv"", ""BEV2_2024-09-02_drive3.csv"", ""BEV2_2024-09-03_drive1.csv""]",[],c21db11ba3e19d096f8ba665abeaae16e70c98bb1506d013f2093a95ae466b74,95a9bc368c90f4a72cfb1fe0724a2ecdf295f2601a39e7dfb39d2df0b9537f92
BEV1_2024-09-03_drive3.csv,train,1725367287000000000,290,40,"[""BEV1_2024-08-30_drive1.csv"", ""BEV1_2024-08-30_drive2.csv"", ""BEV1_2024-08-31_drive1.csv"", ""BEV1_2024-08-31_drive2.csv"", ""BEV1_2024-09-01_drive3.csv"", ""BEV1_2024-09-01_drive5.csv"", ""BEV1_2024-09-02_drive1.csv"", ""BEV1_2024-09-02_drive2.csv"", ""BEV1_2024-09-03_drive1.csv"", ""BEV1_2024-09-03_drive2.csv""]",[],1ef3e974bf224994167772d2a2f8dc6237ca324e2ec293987481827946e6c381,9a1c882e24ca77b4a110ff804cad87c7ab52c5f79153c0821927e049c25fee1e
BEV2_2024-09-03_drive4.csv,train,1725369668000000000,291,250,"[""BEV2_2024-08-31_drive2.csv"", ""BEV2_2024-08-31_drive4.csv"", ""BEV2_2024-09-01_drive3.csv"", ""BEV2_2024-09-01_drive4.csv"", ""BEV2_2024-09-01_drive5.csv"", ""BEV2_2024-09-02_drive1.csv"", ""BEV2_2024-09-02_drive2.csv"", ""BEV2_2024-09-02_drive3.csv"", ""BEV2_2024-09-03_drive1.csv"", ""BEV2_2024-09-03_drive3.csv""]",[],ceeb9a8987615955d2480540880923b618f5e1c56e99fadc3cb93791e918fca6,5c69983a6ebe2704fa46182e0a7dc6e49b26d5cea9737196a360ef4a06d8aff3
BEV2_2024-09-03_drive5.csv,train,1725374527000000000,292,251,"[""BEV2_2024-08-31_drive4.csv"", ""BEV2_2024-09-01_drive3.csv"", ""BEV2_2024-09-01_drive4.csv"", ""BEV2_2024-09-01_drive5.csv"", ""BEV2_2024-09-02_drive1.csv"", ""BEV2_2024-09-02_drive2.csv"", ""BEV2_2024-09-02_drive3.csv"", ""BEV2_2024-09-03_drive1.csv"", ""BEV2_2024-09-03_drive3.csv"", ""BEV2_2024-09-03_drive4.csv""]",[],e2ef9ddf536bcdb111a827d8f3945f699771f10370835af76af14499d0186cd4,284f6ebecaabdf2fecb2c099620b7b632596f63ae7bd857444252c476fe6b258
BEV2_2024-09-03_drive6.csv,train,1725379360000000000,292,251,"[""BEV2_2024-08-31_drive4.csv"", ""BEV2_2024-09-01_drive3.csv"", ""BEV2_2024-09-01_drive4.csv"", ""BEV2_2024-09-01_drive5.csv"", ""BEV2_2024-09-02_drive1.csv"", ""BEV2_2024-09-02_drive2.csv"", ""BEV2_2024-09-02_drive3.csv"", ""BEV2_2024-09-03_drive1.csv"", ""BEV2_2024-09-03_drive3.csv"", ""BEV2_2024-09-03_drive4.csv""]",[],e2ef9ddf536bcdb111a827d8f3945f699771f10370835af76af14499d0186cd4,633a00460d955f77294981774907511536ea4e654fe797018002041ee856f630
BEV1_2024-09-03_drive5.csv,train,1725381326000000000,293,41,"[""BEV1_2024-08-30_drive2.csv"", ""BEV1_2024-08-31_drive1.csv"", ""BEV1_2024-08-31_drive2.csv"", ""BEV1_2024-09-01_drive3.csv"", ""BEV1_2024-09-01_drive5.csv"", ""BEV1_2024-09-02_drive1.csv"", ""BEV1_2024-09-02_drive2.csv"", ""BEV1_2024-09-03_drive1.csv"", ""BEV1_2024-09-03_drive2.csv"", ""BEV1_2024-09-03_drive3.csv""]",[],17e31a61078307e533fb0149c7eaeff30e20e41c60465ec10644684bdc3fe718,89282e10478660d24a4b7c7478e6c687c87dd9789f28608f9f6178d3dc4ad9e0
BEV1_2024-09-03_drive6.csv,train,1725389464000000000,294,42,"[""BEV1_2024-08-31_drive1.csv"", ""BEV1_2024-08-31_drive2.csv"", ""BEV1_2024-09-01_drive3.csv"", ""BEV1_2024-09-01_drive5.csv"", ""BEV1_2024-09-02_drive1.csv"", ""BEV1_2024-09-02_drive2.csv"", ""BEV1_2024-09-03_drive1.csv"", ""BEV1_2024-09-03_drive2.csv"", ""BEV1_2024-09-03_drive3.csv"", ""BEV1_2024-09-03_drive5.csv""]",[],085ca6122f774afe0ac341acce5ba43af3913967fcab53d8465c34175ecf0528,7570dd42a0ecb06e4fabe0b5b45c6b5c975a2ff85039b84a7c90473f9ddd2496
BEV1_2024-09-04_drive1.csv,train,1725429457000000000,295,43,"[""BEV1_2024-08-31_drive2.csv"", ""BEV1_2024-09-01_drive3.csv"", ""BEV1_2024-09-01_drive5.csv"", ""BEV1_2024-09-02_drive1.csv"", ""BEV1_2024-09-02_drive2.csv"", ""BEV1_2024-09-03_drive1.csv"", ""BEV1_2024-09-03_drive2.csv"", ""BEV1_2024-09-03_drive3.csv"", ""BEV1_2024-09-03_drive5.csv"", ""BEV1_2024-09-03_drive6.csv""]",[],562d3ca6da0084d2d601813123e9bf60ea641e159ebd56d6d1921e55699f6344,a20d22d62b3e3ad37cd4c9f686be4ac98473300dd2a3dc27e5e91c51a25f1876
BEV2_2024-09-04_drive1.csv,train,1725430177000000000,295,252,"[""BEV2_2024-09-01_drive3.csv"", ""BEV2_2024-09-01_drive4.csv"", ""BEV2_2024-09-01_drive5.csv"", ""BEV2_2024-09-02_drive1.csv"", ""BEV2_2024-09-02_drive2.csv"", ""BEV2_2024-09-02_drive3.csv"", ""BEV2_2024-09-03_drive1.csv"", ""BEV2_2024-09-03_drive3.csv"", ""BEV2_2024-09-03_drive4.csv"", ""BEV2_2024-09-03_drive6.csv""]","[""BEV2_2024-09-03_drive1.csv""]",eae856cce3777080f56ea15b9f47a8366ef0bd8172b515e7c66cdcfa83cf572b,b9ee0510c28c84356814c1bc6cd65f4d37b895e52f7ac92083fac2f015ac481b
BEV2_2024-09-04_drive2.csv,train,1725445473000000000,297,253,"[""BEV2_2024-09-01_drive4.csv"", ""BEV2_2024-09-01_drive5.csv"", ""BEV2_2024-09-02_drive1.csv"", ""BEV2_2024-09-02_drive2.csv"", ""BEV2_2024-09-02_drive3.csv"", ""BEV2_2024-09-03_drive1.csv"", ""BEV2_2024-09-03_drive3.csv"", ""BEV2_2024-09-03_drive4.csv"", ""BEV2_2024-09-03_drive6.csv"", ""BEV2_2024-09-04_drive1.csv""]",[],14760fbd754098e67ca0b81b5d442dba0d01ee4563ca8b72d717233bfcddca18,9f32a188eb7ced4dd78877b24f5a4de5f3a48de1abea8e40f266624b56594993
BEV2_2024-09-04_drive3.csv,train,1725449662000000000,298,254,"[""BEV2_2024-09-01_drive5.csv"", ""BEV2_2024-09-02_drive1.csv"", ""BEV2_2024-09-02_drive2.csv"", ""BEV2_2024-09-02_drive3.csv"", ""BEV2_2024-09-03_drive1.csv"", ""BEV2_2024-09-03_drive3.csv"", ""BEV2_2024-09-03_drive4.csv"", ""BEV2_2024-09-03_drive6.csv"", ""BEV2_2024-09-04_drive1.csv"", ""BEV2_2024-09-04_drive2.csv""]",[],35146b3423ae68bd1ca7363bbdf74d51c5d44282d3f8ed4142f7e721371b5d35,23dbb107016cb5c193ade37f9abf4d1a4a7f2bab52d0a90b9929db49e1ebe51e
BEV2_2024-09-04_drive4.csv,train,1725455452000000000,299,255,"[""BEV2_2024-09-02_drive1.csv"", ""BEV2_2024-09-02_drive2.csv"", ""BEV2_2024-09-02_drive3.csv"", ""BEV2_2024-09-03_drive1.csv"", ""BEV2_2024-09-03_drive3.csv"", ""BEV2_2024-09-03_drive4.csv"", ""BEV2_2024-09-03_drive6.csv"", ""BEV2_2024-09-04_drive1.csv"", ""BEV2_2024-09-04_drive2.csv"", ""BEV2_2024-09-04_drive3.csv""]",[],0471604a4668ce83c408b7efed213c35efe6cd339d7c3ed882459e0e23726a8e,fba098dded495fb277a5b58697deaeb71c693f2556bedb6c67320d9c0a6ab260
BEV2_2024-09-04_drive5.csv,train,1725458418000000000,300,256,"[""BEV2_2024-09-02_drive2.csv"", ""BEV2_2024-09-02_drive3.csv"", ""BEV2_2024-09-03_drive1.csv"", ""BEV2_2024-09-03_drive3.csv"", ""BEV2_2024-09-03_drive4.csv"", ""BEV2_2024-09-03_drive6.csv"", ""BEV2_2024-09-04_drive1.csv"", ""BEV2_2024-09-04_drive2.csv"", ""BEV2_2024-09-04_drive3.csv"", ""BEV2_2024-09-04_drive4.csv""]",[],85c295eae8ca805d7efe9824a6c3c3d9cbb07ee5258bfb034c9e555012c8822e,1fb54814fc164631778037950607053798db88a2597ca76d38969c21d2553f76
BEV1_2024-09-04_drive2.csv,train,1725463972000000000,301,44,"[""BEV1_2024-09-01_drive3.csv"", ""BEV1_2024-09-01_drive5.csv"", ""BEV1_2024-09-02_drive1.csv"", ""BEV1_2024-09-02_drive2.csv"", ""BEV1_2024-09-03_drive1.csv"", ""BEV1_2024-09-03_drive2.csv"", ""BEV1_2024-09-03_drive3.csv"", ""BEV1_2024-09-03_drive5.csv"", ""BEV1_2024-09-03_drive6.csv"", ""BEV1_2024-09-04_drive1.csv""]",[],7f55691a0a2c25fd8ee3c8ceedf963a47ef29dd63ce89f21a9b9b36e16cceed9,e4b163d902b81af84fac61438925e861afc952d47e7ad91a072c2fba06525693
BEV2_2024-09-06_drive1.csv,train,1725610755000000000,301,257,"[""BEV2_2024-09-02_drive3.csv"", ""BEV2_2024-09-03_drive1.csv"", ""BEV2_2024-09-03_drive3.csv"", ""BEV2_2024-09-03_drive4.csv"", ""BEV2_2024-09-03_drive6.csv"", ""BEV2_2024-09-04_drive1.csv"", ""BEV2_2024-09-04_drive2.csv"", ""BEV2_2024-09-04_drive3.csv"", ""BEV2_2024-09-04_drive4.csv"", ""BEV2_2024-09-04_drive5.csv""]",[],a81388c15b562183420bed8499d2c87ef14dcae304f7577b680ddde989e63e20,afb834c0b74040bc3bf322bf0331d4608c6688f786a32bdb2c1ec4a846880b10
BEV2_2024-09-06_drive2.csv,train,1725618659000000000,302,258,"[""BEV2_2024-09-03_drive1.csv"", ""BEV2_2024-09-03_drive3.csv"", ""BEV2_2024-09-03_drive4.csv"", ""BEV2_2024-09-03_drive6.csv"", ""BEV2_2024-09-04_drive1.csv"", ""BEV2_2024-09-04_drive2.csv"", ""BEV2_2024-09-04_drive3.csv"", ""BEV2_2024-09-04_drive4.csv"", ""BEV2_2024-09-04_drive5.csv"", ""BEV2_2024-09-06_drive1.csv""]",[],5bf8ca4688ed044ebe741b2d1a0bf62fdf8246bdb6b0057cab781631d33a5d96,bc38ca318cc4b7ea987ca8370ad48109b7d5736557e4f50daaeaf778edf89c32
BEV2_2024-09-06_drive3.csv,train,1725641718000000000,303,259,"[""BEV2_2024-09-03_drive3.csv"", ""BEV2_2024-09-03_drive4.csv"", ""BEV2_2024-09-03_drive6.csv"", ""BEV2_2024-09-04_drive1.csv"", ""BEV2_2024-09-04_drive2.csv"", ""BEV2_2024-09-04_drive3.csv"", ""BEV2_2024-09-04_drive4.csv"", ""BEV2_2024-09-04_drive5.csv"", ""BEV2_2024-09-06_drive1.csv"", ""BEV2_2024-09-06_drive2.csv""]","[""BEV2_2024-09-04_drive2.csv""]",9332b0576f895252500630d07bd5d9cbf252d039d5525d9c0aeb2ac37bff843c,a400e8f51aa81a11e4296d03343c2d62d416eb15ec4a96257f51aeb93c68aa8e
BEV2_2024-09-07_drive1.csv,train,1725702029000000000,304,260,"[""BEV2_2024-09-03_drive4.csv"", ""BEV2_2024-09-03_drive6.csv"", ""BEV2_2024-09-04_drive1.csv"", ""BEV2_2024-09-04_drive2.csv"", ""BEV2_2024-09-04_drive3.csv"", ""BEV2_2024-09-04_drive4.csv"", ""BEV2_2024-09-04_drive5.csv"", ""BEV2_2024-09-06_drive1.csv"", ""BEV2_2024-09-06_drive2.csv"", ""BEV2_2024-09-06_drive3.csv""]",[],6b014a6ae5c0193aeb9b7740c7eddcb2d1509fe6a5dd5e084866eaed01c99aa4,43b2999f77e3a63d809b237fc8614ff98090d01d405c8c7ac8dd4e114e5d88f8
BEV2_2024-09-07_drive2.csv,train,1725703163000000000,305,261,"[""BEV2_2024-09-03_drive6.csv"", ""BEV2_2024-09-04_drive1.csv"", ""BEV2_2024-09-04_drive2.csv"", ""BEV2_2024-09-04_drive3.csv"", ""BEV2_2024-09-04_drive4.csv"", ""BEV2_2024-09-04_drive5.csv"", ""BEV2_2024-09-06_drive1.csv"", ""BEV2_2024-09-06_drive2.csv"", ""BEV2_2024-09-06_drive3.csv"", ""BEV2_2024-09-07_drive1.csv""]",[],3006733428a5919ef3e784f80ad0f827a8daf1ab032e1985a11962ff1db816c0,2917348999d148101352a17a121e06768932d2bb351610324ef1755ebd46c0f2
BEV2_2024-09-07_drive3.csv,train,1725711685000000000,306,262,"[""BEV2_2024-09-04_drive1.csv"", ""BEV2_2024-09-04_drive2.csv"", ""BEV2_2024-09-04_drive3.csv"", ""BEV2_2024-09-04_drive4.csv"", ""BEV2_2024-09-04_drive5.csv"", ""BEV2_2024-09-06_drive1.csv"", ""BEV2_2024-09-06_drive2.csv"", ""BEV2_2024-09-06_drive3.csv"", ""BEV2_2024-09-07_drive1.csv"", ""BEV2_2024-09-07_drive2.csv""]",[],8c3f4a75a8ed4384e80933e24092b1bf15276aaa79d459303e9b27193f68b36e,cb828964e22fe59f48bcb8cde9e5d42737ff0ff5bd0a228d254f6c6bdacbc32b
BEV2_2024-09-07_drive4.csv,train,1725717267000000000,307,263,"[""BEV2_2024-09-04_drive2.csv"", ""BEV2_2024-09-04_drive3.csv"", ""BEV2_2024-09-04_drive4.csv"", ""BEV2_2024-09-04_drive5.csv"", ""BEV2_2024-09-06_drive1.csv"", ""BEV2_2024-09-06_drive2.csv"", ""BEV2_2024-09-06_drive3.csv"", ""BEV2_2024-09-07_drive1.csv"", ""BEV2_2024-09-07_drive2.csv"", ""BEV2_2024-09-07_drive3.csv""]",[],2637ef3e99e4ef12a02c76ecf2354dfb6283298006a09c9e4d47be3f5f3509bb,2d58fb1558dc2a7771190613c2d86d9676890f8eeead3c64fd7baf7e73ab322d
BEV2_2024-09-07_drive5.csv,train,1725719511000000000,308,264,"[""BEV2_2024-09-04_drive3.csv"", ""BEV2_2024-09-04_drive4.csv"", ""BEV2_2024-09-04_drive5.csv"", ""BEV2_2024-09-06_drive1.csv"", ""BEV2_2024-09-06_drive2.csv"", ""BEV2_2024-09-06_drive3.csv"", ""BEV2_2024-09-07_drive1.csv"", ""BEV2_2024-09-07_drive2.csv"", ""BEV2_2024-09-07_drive3.csv"", ""BEV2_2024-09-07_drive4.csv""]",[],65812c61e6f288f1ab2e5f474ecb33ce304325a7bdc9ce783f8d769a920f0958,c3aeb616b8ab7c3b61434121524030a6afcd7d685a81b3c28f721f5977b5073f
BEV2_2024-09-07_drive6.csv,train,1725725253000000000,309,265,"[""BEV2_2024-09-04_drive4.csv"", ""BEV2_2024-09-04_drive5.csv"", ""BEV2_2024-09-06_drive1.csv"", ""BEV2_2024-09-06_drive2.csv"", ""BEV2_2024-09-06_drive3.csv"", ""BEV2_2024-09-07_drive1.csv"", ""BEV2_2024-09-07_drive2.csv"", ""BEV2_2024-09-07_drive3.csv"", ""BEV2_2024-09-07_drive4.csv"", ""BEV2_2024-09-07_drive5.csv""]",[],c8b1fbb3c106a0719ca16c50ac0f5f53824d64422724bc1c535b0dac7410f399,ba3d2708af2bb402be1153bbe7ff2a835134d7d8cd11a6b086bda433da29eefa
BEV2_2024-09-08_drive2.csv,train,1725789910000000000,310,266,"[""BEV2_2024-09-04_drive5.csv"", ""BEV2_2024-09-06_drive1.csv"", ""BEV2_2024-09-06_drive2.csv"", ""BEV2_2024-09-06_drive3.csv"", ""BEV2_2024-09-07_drive1.csv"", ""BEV2_2024-09-07_drive2.csv"", ""BEV2_2024-09-07_drive3.csv"", ""BEV2_2024-09-07_drive4.csv"", ""BEV2_2024-09-07_drive5.csv"", ""BEV2_2024-09-07_drive6.csv""]",[],afa47a11567d12bc6d693ad94e66b28dea6ce976abb23898094391dd267b56be,ecb86308405cab2acbeecc3262acca672a26d87d83087d5c8c4043cea5df508c
BEV2_2024-09-08_drive3.csv,train,1725794062000000000,311,267,"[""BEV2_2024-09-06_drive1.csv"", ""BEV2_2024-09-06_drive2.csv"", ""BEV2_2024-09-06_drive3.csv"", ""BEV2_2024-09-07_drive1.csv"", ""BEV2_2024-09-07_drive2.csv"", ""BEV2_2024-09-07_drive3.csv"", ""BEV2_2024-09-07_drive4.csv"", ""BEV2_2024-09-07_drive5.csv"", ""BEV2_2024-09-07_drive6.csv"", ""BEV2_2024-09-08_drive2.csv""]",[],ab091daa07a688c4d0d25e5dfb4e282704cd2908fbb6941157f55dfb20f5ab20,afed00c254b273f0fa4d1132b7347b7e10f7d980bbd88046edb91d45f7570617
BEV2_2024-09-08_drive4.csv,train,1725798661000000000,312,268,"[""BEV2_2024-09-06_drive2.csv"", ""BEV2_2024-09-06_drive3.csv"", ""BEV2_2024-09-07_drive1.csv"", ""BEV2_2024-09-07_drive2.csv"", ""BEV2_2024-09-07_drive3.csv"", ""BEV2_2024-09-07_drive4.csv"", ""BEV2_2024-09-07_drive5.csv"", ""BEV2_2024-09-07_drive6.csv"", ""BEV2_2024-09-08_drive2.csv"", ""BEV2_2024-09-08_drive3.csv""]",[],ce0941514dec656d55ae67a5f27b01fac7d1773adbb0ca199075d86942a2ddc3,32195f4079e76b56ed35789d0cf14bcd392b57703bdde7afdbc2088b7364987a
BEV2_2024-09-08_drive5.csv,train,1725803093000000000,313,269,"[""BEV2_2024-09-06_drive3.csv"", ""BEV2_2024-09-07_drive1.csv"", ""BEV2_2024-09-07_drive2.csv"", ""BEV2_2024-09-07_drive3.csv"", ""BEV2_2024-09-07_drive4.csv"", ""BEV2_2024-09-07_drive5.csv"", ""BEV2_2024-09-07_drive6.csv"", ""BEV2_2024-09-08_drive2.csv"", ""BEV2_2024-09-08_drive3.csv"", ""BEV2_2024-09-08_drive4.csv""]",[],974c2ae55e681b8c9a86a0a9d08e557c3341cf229c2cbad561075b0b061440a0,c3f4a45cabe63f8ddebb99a7f5434ff0136849a19624039c8e314b55a344c9be
BEV2_2024-09-09_drive1.csv,train,1725861984000000000,314,270,"[""BEV2_2024-09-07_drive1.csv"", ""BEV2_2024-09-07_drive2.csv"", ""BEV2_2024-09-07_drive3.csv"", ""BEV2_2024-09-07_drive4.csv"", ""BEV2_2024-09-07_drive5.csv"", ""BEV2_2024-09-07_drive6.csv"", ""BEV2_2024-09-08_drive2.csv"", ""BEV2_2024-09-08_drive3.csv"", ""BEV2_2024-09-08_drive4.csv"", ""BEV2_2024-09-08_drive5.csv""]",[],2153d3e8bb317473261e18641ce78b7ebde258239b48a6841f4516211cf7edae,40e3ec853a7695036ca460a1482ce5f15e89de9811f48cfa57b3f7f4c6b167ea
BEV2_2024-09-09_drive2.csv,train,1725896167000000000,315,271,"[""BEV2_2024-09-07_drive2.csv"", ""BEV2_2024-09-07_drive3.csv"", ""BEV2_2024-09-07_drive4.csv"", ""BEV2_2024-09-07_drive5.csv"", ""BEV2_2024-09-07_drive6.csv"", ""BEV2_2024-09-08_drive2.csv"", ""BEV2_2024-09-08_drive3.csv"", ""BEV2_2024-09-08_drive4.csv"", ""BEV2_2024-09-08_drive5.csv"", ""BEV2_2024-09-09_drive1.csv""]",[],bfe99f94201b0a79aad6598b37b52d88eb01dc13b0df1f9646815e339d1f3ad4,300c662f7acbafa9f08afc1a47b34889885aab9f628edc49d015f6d5db265b4b
BEV2_2024-09-09_drive3.csv,train,1725899490000000000,316,272,"[""BEV2_2024-09-07_drive3.csv"", ""BEV2_2024-09-07_drive4.csv"", ""BEV2_2024-09-07_drive5.csv"", ""BEV2_2024-09-07_drive6.csv"", ""BEV2_2024-09-08_drive2.csv"", ""BEV2_2024-09-08_drive3.csv"", ""BEV2_2024-09-08_drive4.csv"", ""BEV2_2024-09-08_drive5.csv"", ""BEV2_2024-09-09_drive1.csv"", ""BEV2_2024-09-09_drive2.csv""]",[],7771b4cbc329d0bd23f4055cfe28d25ea69913f715f7b373d1d0c41db1ac830e,4709ea95e520a13bfb9fe7f03e18c42f32927670956a2e0a4a8b63a46fd3f64d
BEV2_2024-09-10_drive1.csv,train,1725937583000000000,317,273,"[""BEV2_2024-09-07_drive4.csv"", ""BEV2_2024-09-07_drive5.csv"", ""BEV2_2024-09-07_drive6.csv"", ""BEV2_2024-09-08_drive2.csv"", ""BEV2_2024-09-08_drive3.csv"", ""BEV2_2024-09-08_drive4.csv"", ""BEV2_2024-09-08_drive5.csv"", ""BEV2_2024-09-09_drive1.csv"", ""BEV2_2024-09-09_drive2.csv"", ""BEV2_2024-09-09_drive3.csv""]",[],7f63d0ee4081068882849f8ad8c25082cc07e3a4ee035dc8740d6fb06468a98c,dcdff54656da20cb98a1a2f02a0ff2e2cf00c8bbd4122c88968b31736ffdd8e8
BEV2_2024-09-10_drive2.csv,train,1725953224000000000,318,274,"[""BEV2_2024-09-07_drive5.csv"", ""BEV2_2024-09-07_drive6.csv"", ""BEV2_2024-09-08_drive2.csv"", ""BEV2_2024-09-08_drive3.csv"", ""BEV2_2024-09-08_drive4.csv"", ""BEV2_2024-09-08_drive5.csv"", ""BEV2_2024-09-09_drive1.csv"", ""BEV2_2024-09-09_drive2.csv"", ""BEV2_2024-09-09_drive3.csv"", ""BEV2_2024-09-10_drive1.csv""]",[],7eb0dbc7b7671be9e7d1e3d763c11f1f472903d464fc9950541b3c613d74e336,51e20fc0700decd3a4cb56c3566944736b1a1d2eb4a728b49375e96ed9e4ad1f
BEV2_2024-09-10_drive3.csv,train,1725971948000000000,319,275,"[""BEV2_2024-09-07_drive6.csv"", ""BEV2_2024-09-08_drive2.csv"", ""BEV2_2024-09-08_drive3.csv"", ""BEV2_2024-09-08_drive4.csv"", ""BEV2_2024-09-08_drive5.csv"", ""BEV2_2024-09-09_drive1.csv"", ""BEV2_2024-09-09_drive2.csv"", ""BEV2_2024-09-09_drive3.csv"", ""BEV2_2024-09-10_drive1.csv"", ""BEV2_2024-09-10_drive2.csv""]",[],fd7a2fa21bea71f91ee3f2827c3a3cffa1d4e250100ada199ea4e495e9c7a63a,90a873d46ee73a2f9f5348ebe55db61a246149a11611dcd283e6b2792a362fb0
BEV2_2024-09-10_drive5.csv,train,1725991714000000000,320,276,"[""BEV2_2024-09-08_drive2.csv"", ""BEV2_2024-09-08_drive3.csv"", ""BEV2_2024-09-08_drive4.csv"", ""BEV2_2024-09-08_drive5.csv"", ""BEV2_2024-09-09_drive1.csv"", ""BEV2_2024-09-09_drive2.csv"", ""BEV2_2024-09-09_drive3.csv"", ""BEV2_2024-09-10_drive1.csv"", ""BEV2_2024-09-10_drive2.csv"", ""BEV2_2024-09-10_drive3.csv""]",[],94c2c9c3afacd2d4dedf7bb86a5159fdc6ea80b2d0a4d2b6a625f028c5fde282,11be2620c968602be8e4b8514684a7e13950b2296de20ee152d7b650284daf75
BEV2_2024-09-10_drive6.csv,train,1725997786000000000,321,277,"[""BEV2_2024-09-08_drive3.csv"", ""BEV2_2024-09-08_drive4.csv"", ""BEV2_2024-09-08_drive5.csv"", ""BEV2_2024-09-09_drive1.csv"", ""BEV2_2024-09-09_drive2.csv"", ""BEV2_2024-09-09_drive3.csv"", ""BEV2_2024-09-10_drive1.csv"", ""BEV2_2024-09-10_drive2.csv"", ""BEV2_2024-09-10_drive3.csv"", ""BEV2_2024-09-10_drive5.csv""]",[],3539d7148b0d6b9bb6583e057c4ce097db038def28a6e2181c5cb6de4344cba1,70b683c8bbd381952825f1604f70156161680ab5f29f6a29ca31ab6005fef531
BEV2_2024-09-11_drive1.csv,train,1726038856000000000,322,278,"[""BEV2_2024-09-08_drive4.csv"", ""BEV2_2024-09-08_drive5.csv"", ""BEV2_2024-09-09_drive1.csv"", ""BEV2_2024-09-09_drive2.csv"", ""BEV2_2024-09-09_drive3.csv"", ""BEV2_2024-09-10_drive1.csv"", ""BEV2_2024-09-10_drive2.csv"", ""BEV2_2024-09-10_drive3.csv"", ""BEV2_2024-09-10_drive5.csv"", ""BEV2_2024-09-10_drive6.csv""]",[],def253b73a89832a1ad4cfced3dee363399fbfc3e18981d3fe6725ec657c1d30,3a60c25ed0d58f81e2125698d4385f8172840b816c6269859d203c60889fd522
BEV2_2024-09-11_drive2.csv,train,1726051603000000000,323,279,"[""BEV2_2024-09-08_drive5.csv"", ""BEV2_2024-09-09_drive1.csv"", ""BEV2_2024-09-09_drive2.csv"", ""BEV2_2024-09-09_drive3.csv"", ""BEV2_2024-09-10_drive1.csv"", ""BEV2_2024-09-10_drive2.csv"", ""BEV2_2024-09-10_drive3.csv"", ""BEV2_2024-09-10_drive5.csv"", ""BEV2_2024-09-10_drive6.csv"", ""BEV2_2024-09-11_drive1.csv""]",[],a053604d8b4a1667799f0a768edd95fc31f31f69d3aab6afc94aa61eae4fd1d8,c773bb51c88a80d0321859f329d73137d2420ead50929aa85029b0ac3b6df40a
BEV2_2024-09-11_drive3.csv,train,1726066344000000000,324,280,"[""BEV2_2024-09-09_drive1.csv"", ""BEV2_2024-09-09_drive2.csv"", ""BEV2_2024-09-09_drive3.csv"", ""BEV2_2024-09-10_drive1.csv"", ""BEV2_2024-09-10_drive2.csv"", ""BEV2_2024-09-10_drive3.csv"", ""BEV2_2024-09-10_drive5.csv"", ""BEV2_2024-09-10_drive6.csv"", ""BEV2_2024-09-11_drive1.csv"", ""BEV2_2024-09-11_drive2.csv""]",[],839f40d48f890532f28957bd537e888348cfc454f1ec512f3cb96a8def4707e8,f8cf2c512526f833fca358d0b363ae8cc9f438f507c28e16261612dc1a001235
BEV2_2024-09-12_drive1.csv,train,1726135832000000000,324,280,"[""BEV2_2024-09-09_drive1.csv"", ""BEV2_2024-09-09_drive2.csv"", ""BEV2_2024-09-09_drive3.csv"", ""BEV2_2024-09-10_drive1.csv"", ""BEV2_2024-09-10_drive2.csv"", ""BEV2_2024-09-10_drive3.csv"", ""BEV2_2024-09-10_drive5.csv"", ""BEV2_2024-09-10_drive6.csv"", ""BEV2_2024-09-11_drive1.csv"", ""BEV2_2024-09-11_drive2.csv""]",[],839f40d48f890532f28957bd537e888348cfc454f1ec512f3cb96a8def4707e8,3f9214ccf52147868736307025d732c01644a6fbc506af26ccc023bc49aeddd2
BEV2_2024-09-12_drive2.csv,train,1726137035000000000,324,280,"[""BEV2_2024-09-09_drive1.csv"", ""BEV2_2024-09-09_drive2.csv"", ""BEV2_2024-09-09_drive3.csv"", ""BEV2_2024-09-10_drive1.csv"", ""BEV2_2024-09-10_drive2.csv"", ""BEV2_2024-09-10_drive3.csv"", ""BEV2_2024-09-10_drive5.csv"", ""BEV2_2024-09-10_drive6.csv"", ""BEV2_2024-09-11_drive1.csv"", ""BEV2_2024-09-11_drive2.csv""]",[],839f40d48f890532f28957bd537e888348cfc454f1ec512f3cb96a8def4707e8,8b2da6cd48b97201a2abccc65d521e61396a3d1e68b80ccc23fec7efa1b4ac66
BEV2_2024-09-12_drive3.csv,train,1726137344000000000,325,281,"[""BEV2_2024-09-09_drive2.csv"", ""BEV2_2024-09-09_drive3.csv"", ""BEV2_2024-09-10_drive1.csv"", ""BEV2_2024-09-10_drive2.csv"", ""BEV2_2024-09-10_drive3.csv"", ""BEV2_2024-09-10_drive5.csv"", ""BEV2_2024-09-10_drive6.csv"", ""BEV2_2024-09-11_drive1.csv"", ""BEV2_2024-09-11_drive2.csv"", ""BEV2_2024-09-12_drive2.csv""]",[],26e854ffeb3b5683a6ad8afb562a92dac3bf4f1568eb5569ec6e8ced17a1c356,e04f0ab6209d74fc6c061fc827c4a9d0eb794c059670f6b2b29b4e12c71241a5
BEV2_2024-09-12_drive4.csv,train,1726138299000000000,326,282,"[""BEV2_2024-09-09_drive3.csv"", ""BEV2_2024-09-10_drive1.csv"", ""BEV2_2024-09-10_drive2.csv"", ""BEV2_2024-09-10_drive3.csv"", ""BEV2_2024-09-10_drive5.csv"", ""BEV2_2024-09-10_drive6.csv"", ""BEV2_2024-09-11_drive1.csv"", ""BEV2_2024-09-11_drive2.csv"", ""BEV2_2024-09-12_drive2.csv"", ""BEV2_2024-09-12_drive3.csv""]",[],b5d1e15caa048e2db5a7d3abb48c3d72404458ddd86d1af78bdcbccca6aeecf8,d6b23a744317abff2f541f370a643ebd536bb600b6d4b1dc958a04b19baea2ea
BEV2_2024-09-12_drive5.csv,train,1726138657000000000,327,283,"[""BEV2_2024-09-10_drive1.csv"", ""BEV2_2024-09-10_drive2.csv"", ""BEV2_2024-09-10_drive3.csv"", ""BEV2_2024-09-10_drive5.csv"", ""BEV2_2024-09-10_drive6.csv"", ""BEV2_2024-09-11_drive1.csv"", ""BEV2_2024-09-11_drive2.csv"", ""BEV2_2024-09-12_drive2.csv"", ""BEV2_2024-09-12_drive3.csv"", ""BEV2_2024-09-12_drive4.csv""]",[],24ef734e9dc38063d83812b3e4b680f65b9bb90af5da60a78525efb6798131a9,855996a5f8644c47b748eb195068e6d3e26a6fae6d7e82bcc86986edc1ad25d9
BEV2_2024-09-12_drive6.csv,train,1726146745000000000,328,284,"[""BEV2_2024-09-10_drive2.csv"", ""BEV2_2024-09-10_drive3.csv"", ""BEV2_2024-09-10_drive5.csv"", ""BEV2_2024-09-10_drive6.csv"", ""BEV2_2024-09-11_drive1.csv"", ""BEV2_2024-09-11_drive2.csv"", ""BEV2_2024-09-12_drive2.csv"", ""BEV2_2024-09-12_drive3.csv"", ""BEV2_2024-09-12_drive4.csv"", ""BEV2_2024-09-12_drive5.csv""]",[],0cc3354ef5807b43f8ae774de59e501b85586a7b84596fe092b50e0f0fcef391,7fd48dfdbbf05b711ce7f250c9d962d5cf47379737dbb61894503e7d1c60da45
BEV2_2024-09-12_drive8.csv,train,1726156063000000000,329,285,"[""BEV2_2024-09-10_drive3.csv"", ""BEV2_2024-09-10_drive5.csv"", ""BEV2_2024-09-10_drive6.csv"", ""BEV2_2024-09-11_drive1.csv"", ""BEV2_2024-09-11_drive2.csv"", ""BEV2_2024-09-12_drive2.csv"", ""BEV2_2024-09-12_drive3.csv"", ""BEV2_2024-09-12_drive4.csv"", ""BEV2_2024-09-12_drive5.csv"", ""BEV2_2024-09-12_drive6.csv""]",[],d7dc5337199098a5b34ae7a84c2f3d8d4bc9509361634f7a1051405c2ea51b53,f3843c275497e2378398026a41ff77b6c206bbcadcb0a403a030ccc2fdaed002
BEV2_2024-09-13_drive1.csv,train,1726207341000000000,330,286,"[""BEV2_2024-09-10_drive5.csv"", ""BEV2_2024-09-10_drive6.csv"", ""BEV2_2024-09-11_drive1.csv"", ""BEV2_2024-09-11_drive2.csv"", ""BEV2_2024-09-12_drive2.csv"", ""BEV2_2024-09-12_drive3.csv"", ""BEV2_2024-09-12_drive4.csv"", ""BEV2_2024-09-12_drive5.csv"", ""BEV2_2024-09-12_drive6.csv"", ""BEV2_2024-09-12_drive8.csv""]",[],40754c4be4401d4053ed637e879a318dd34e781e8d572012a3ac2c46294b5e6f,78ff6835ddb10f1904546e51f8e36f0fd59afab302b376fca1d670a15e68d374
BEV2_2024-09-13_drive2.csv,train,1726219725000000000,331,287,"[""BEV2_2024-09-10_drive6.csv"", ""BEV2_2024-09-11_drive1.csv"", ""BEV2_2024-09-11_drive2.csv"", ""BEV2_2024-09-12_drive2.csv"", ""BEV2_2024-09-12_drive3.csv"", ""BEV2_2024-09-12_drive4.csv"", ""BEV2_2024-09-12_drive5.csv"", ""BEV2_2024-09-12_drive6.csv"", ""BEV2_2024-09-12_drive8.csv"", ""BEV2_2024-09-13_drive1.csv""]",[],258993b9186429af1b2b2e6b6fbda6ad4abf827039a525f6be9e4d804c1939d9,7356a51c594a88a0f31f0aa15eeda03c2c1ee3375ce2398ded8e5fafcb62b314
BEV2_2024-09-13_drive3.csv,train,1726220609000000000,332,288,"[""BEV2_2024-09-11_drive1.csv"", ""BEV2_2024-09-11_drive2.csv"", ""BEV2_2024-09-12_drive2.csv"", ""BEV2_2024-09-12_drive3.csv"", ""BEV2_2024-09-12_drive4.csv"", ""BEV2_2024-09-12_drive5.csv"", ""BEV2_2024-09-12_drive6.csv"", ""BEV2_2024-09-12_drive8.csv"", ""BEV2_2024-09-13_drive1.csv"", ""BEV2_2024-09-13_drive2.csv""]",[],46d3a0406b702fba87f2371c379e9e0ffabe8ff9f2a244ecbccf1033a35457b1,2f6fa45ee01c1f38a4c9679214b09af0d9ba1770ae9dc77e4f30f1a669e79b42
BEV2_2024-09-13_drive4.csv,train,1726239323000000000,333,289,"[""BEV2_2024-09-11_drive2.csv"", ""BEV2_2024-09-12_drive2.csv"", ""BEV2_2024-09-12_drive3.csv"", ""BEV2_2024-09-12_drive4.csv"", ""BEV2_2024-09-12_drive5.csv"", ""BEV2_2024-09-12_drive6.csv"", ""BEV2_2024-09-12_drive8.csv"", ""BEV2_2024-09-13_drive1.csv"", ""BEV2_2024-09-13_drive2.csv"", ""BEV2_2024-09-13_drive3.csv""]",[],82c271d2be962feeb6b7a1fdc25089077f0ce22a77308c1f4b99857a68eaa970,8aa3ace7a1908026aa3815842f7a8f2313f64ab7e0eca4a48adbef38e1908b32
BEV2_2024-09-13_drive5.csv,train,1726243374000000000,334,290,"[""BEV2_2024-09-12_drive2.csv"", ""BEV2_2024-09-12_drive3.csv"", ""BEV2_2024-09-12_drive4.csv"", ""BEV2_2024-09-12_drive5.csv"", ""BEV2_2024-09-12_drive6.csv"", ""BEV2_2024-09-12_drive8.csv"", ""BEV2_2024-09-13_drive1.csv"", ""BEV2_2024-09-13_drive2.csv"", ""BEV2_2024-09-13_drive3.csv"", ""BEV2_2024-09-13_drive4.csv""]",[],4f27e1c1647f8605393dc5cd650aa80497ea234b8889daddf00d4d69c7cca8ab,bab305c50043c67ffd5feab6ac83f22fef3952941efda5aeaf71bc3e1b8efe68
BEV2_2024-09-13_drive6.csv,train,1726252223000000000,335,291,"[""BEV2_2024-09-12_drive3.csv"", ""BEV2_2024-09-12_drive4.csv"", ""BEV2_2024-09-12_drive5.csv"", ""BEV2_2024-09-12_drive6.csv"", ""BEV2_2024-09-12_drive8.csv"", ""BEV2_2024-09-13_drive1.csv"", ""BEV2_2024-09-13_drive2.csv"", ""BEV2_2024-09-13_drive3.csv"", ""BEV2_2024-09-13_drive4.csv"", ""BEV2_2024-09-13_drive5.csv""]",[],6354d51ae428a69e0f4904f10079d2dcb3b54fe0544d164327bc69349a013c6c,38a37cced46cf3dbab85dc551f0c0d33ebb70652f6f993ba3bc242420449fe93
BEV2_2024-09-13_drive7.csv,train,1726259395000000000,336,292,"[""BEV2_2024-09-12_drive4.csv"", ""BEV2_2024-09-12_drive5.csv"", ""BEV2_2024-09-12_drive6.csv"", ""BEV2_2024-09-12_drive8.csv"", ""BEV2_2024-09-13_drive1.csv"", ""BEV2_2024-09-13_drive2.csv"", ""BEV2_2024-09-13_drive3.csv"", ""BEV2_2024-09-13_drive4.csv"", ""BEV2_2024-09-13_drive5.csv"", ""BEV2_2024-09-13_drive6.csv""]",[],14f20d5d81d9c01ca19ec817cffa8173226b13d241be5aa74297107a6909c040,c77830289fd96df8e94bc1ba7121f6bc630bbcdff7801e53f04817727ae6da82
BEV2_2024-09-13_drive8.csv,train,1726267017000000000,337,293,"[""BEV2_2024-09-12_drive5.csv"", ""BEV2_2024-09-12_drive6.csv"", ""BEV2_2024-09-12_drive8.csv"", ""BEV2_2024-09-13_drive1.csv"", ""BEV2_2024-09-13_drive2.csv"", ""BEV2_2024-09-13_drive3.csv"", ""BEV2_2024-09-13_drive4.csv"", ""BEV2_2024-09-13_drive5.csv"", ""BEV2_2024-09-13_drive6.csv"", ""BEV2_2024-09-13_drive7.csv""]",[],e28c4a778849b0b44b0a6b93f1a7ed0e9335e57ed27fde7a650e748d28a84ecf,daedee5f2813f18ed0d72670b0360eeaea4151d5c69c0a8a3132d4515656ec35
BEV2_2024-09-14_drive1.csv,train,1726295937000000000,337,293,"[""BEV2_2024-09-12_drive5.csv"", ""BEV2_2024-09-12_drive6.csv"", ""BEV2_2024-09-12_drive8.csv"", ""BEV2_2024-09-13_drive1.csv"", ""BEV2_2024-09-13_drive2.csv"", ""BEV2_2024-09-13_drive3.csv"", ""BEV2_2024-09-13_drive4.csv"", ""BEV2_2024-09-13_drive5.csv"", ""BEV2_2024-09-13_drive6.csv"", ""BEV2_2024-09-13_drive7.csv""]",[],e28c4a778849b0b44b0a6b93f1a7ed0e9335e57ed27fde7a650e748d28a84ecf,53382e66e39bdceced76e480f6f4889c389d13803d73309417bf54cd923e1d81
BEV2_2024-09-14_drive2.csv,train,1726300515000000000,338,294,"[""BEV2_2024-09-12_drive6.csv"", ""BEV2_2024-09-12_drive8.csv"", ""BEV2_2024-09-13_drive1.csv"", ""BEV2_2024-09-13_drive2.csv"", ""BEV2_2024-09-13_drive3.csv"", ""BEV2_2024-09-13_drive4.csv"", ""BEV2_2024-09-13_drive5.csv"", ""BEV2_2024-09-13_drive6.csv"", ""BEV2_2024-09-13_drive7.csv"", ""BEV2_2024-09-14_drive1.csv""]",[],3f0f195ec454123656ee76211dd3d486f4a2dee7091cee4fb204b4254aa4bd95,9ad2b5e307d6badba25ca936cee8d420ce83673337dbb9b9501f6b24e717bbdb
BEV2_2024-09-14_drive3.csv,train,1726303913000000000,339,295,"[""BEV2_2024-09-12_drive8.csv"", ""BEV2_2024-09-13_drive1.csv"", ""BEV2_2024-09-13_drive2.csv"", ""BEV2_2024-09-13_drive3.csv"", ""BEV2_2024-09-13_drive4.csv"", ""BEV2_2024-09-13_drive5.csv"", ""BEV2_2024-09-13_drive6.csv"", ""BEV2_2024-09-13_drive7.csv"", ""BEV2_2024-09-14_drive1.csv"", ""BEV2_2024-09-14_drive2.csv""]",[],1e3059a24573ac2d5cc5df86458af159030158f7e2227fcc3477ed2a3a6186ad,065dcd068025f1d448f881a3dae426d9642a5680afcde0471264266158b6bd84
BEV2_2024-09-14_drive5.csv,train,1726319069000000000,340,296,"[""BEV2_2024-09-13_drive1.csv"", ""BEV2_2024-09-13_drive2.csv"", ""BEV2_2024-09-13_drive3.csv"", ""BEV2_2024-09-13_drive4.csv"", ""BEV2_2024-09-13_drive5.csv"", ""BEV2_2024-09-13_drive6.csv"", ""BEV2_2024-09-13_drive7.csv"", ""BEV2_2024-09-14_drive1.csv"", ""BEV2_2024-09-14_drive2.csv"", ""BEV2_2024-09-14_drive3.csv""]",[],a8409635d2ea677c5487b8630e2451961850bd0c32fa3773ddb7ad7b8cf07649,855e0456d1cd0f5a512549d15e0166a95fc18968f62971ab08df06bafa4f419c
BEV2_2024-09-14_drive7.csv,train,1726326243000000000,341,297,"[""BEV2_2024-09-13_drive2.csv"", ""BEV2_2024-09-13_drive3.csv"", ""BEV2_2024-09-13_drive4.csv"", ""BEV2_2024-09-13_drive5.csv"", ""BEV2_2024-09-13_drive6.csv"", ""BEV2_2024-09-13_drive7.csv"", ""BEV2_2024-09-14_drive1.csv"", ""BEV2_2024-09-14_drive2.csv"", ""BEV2_2024-09-14_drive3.csv"", ""BEV2_2024-09-14_drive5.csv""]",[],89f3f0188b3f007dd6237925a6b222ce9a8b0d3fb0fcd62bd3e6fe0996f03c57,d74a550940233cc4cc760d11d2af485f05512dec5f38cf2227340054fa165ca6
BEV2_2024-09-14_drive8.csv,train,1726331743000000000,342,298,"[""BEV2_2024-09-13_drive3.csv"", ""BEV2_2024-09-13_drive4.csv"", ""BEV2_2024-09-13_drive5.csv"", ""BEV2_2024-09-13_drive6.csv"", ""BEV2_2024-09-13_drive7.csv"", ""BEV2_2024-09-14_drive1.csv"", ""BEV2_2024-09-14_drive2.csv"", ""BEV2_2024-09-14_drive3.csv"", ""BEV2_2024-09-14_drive5.csv"", ""BEV2_2024-09-14_drive7.csv""]",[],43c85b1c4a8e6a0536614b0f93f4f450298be63121a4b5bee12efd1b7fc81591,caab084048a74f17c432cb02b270facbc4b6c26e0762a03eec9ceda56e782205
BEV2_2024-09-14_drive9.csv,train,1726338679000000000,343,299,"[""BEV2_2024-09-13_drive4.csv"", ""BEV2_2024-09-13_drive5.csv"", ""BEV2_2024-09-13_drive6.csv"", ""BEV2_2024-09-13_drive7.csv"", ""BEV2_2024-09-14_drive1.csv"", ""BEV2_2024-09-14_drive2.csv"", ""BEV2_2024-09-14_drive3.csv"", ""BEV2_2024-09-14_drive5.csv"", ""BEV2_2024-09-14_drive7.csv"", ""BEV2_2024-09-14_drive8.csv""]",[],a18604c49716612af3b9ee9f0c0e303ab70221237839eda736e3218504eb3147,b81ef11e3044eb1a7360504bd7bc30d1bf16b928531f2be11d91eaf0b35d36be
BEV2_2024-09-15_drive1.csv,train,1726389242000000000,344,300,"[""BEV2_2024-09-13_drive5.csv"", ""BEV2_2024-09-13_drive6.csv"", ""BEV2_2024-09-13_drive7.csv"", ""BEV2_2024-09-14_drive1.csv"", ""BEV2_2024-09-14_drive2.csv"", ""BEV2_2024-09-14_drive3.csv"", ""BEV2_2024-09-14_drive5.csv"", ""BEV2_2024-09-14_drive7.csv"", ""BEV2_2024-09-14_drive8.csv"", ""BEV2_2024-09-14_drive9.csv""]",[],e850e98787c334cd40a29f789ca725baedfd0595f9859d6f3d3d6de850b5b7cd,12185628ed549d57f77518fd72b0657517ecef6e5b56bde6d3e0753ffb8f9d05
BEV2_2024-09-15_drive2.csv,train,1726392090000000000,345,301,"[""BEV2_2024-09-13_drive6.csv"", ""BEV2_2024-09-13_drive7.csv"", ""BEV2_2024-09-14_drive1.csv"", ""BEV2_2024-09-14_drive2.csv"", ""BEV2_2024-09-14_drive3.csv"", ""BEV2_2024-09-14_drive5.csv"", ""BEV2_2024-09-14_drive7.csv"", ""BEV2_2024-09-14_drive8.csv"", ""BEV2_2024-09-14_drive9.csv"", ""BEV2_2024-09-15_drive1.csv""]",[],94af90040b0eba26c916be47ec856f34a2b3dce96ae391585e83e338b3f5c4b6,8abde3e4ddc77f6eb1e3c73a6354c18755c9d409f17d9d0aa7f5666034862e42
BEV2_2024-09-15_drive3.csv,train,1726404067000000000,346,302,"[""BEV2_2024-09-13_drive7.csv"", ""BEV2_2024-09-14_drive1.csv"", ""BEV2_2024-09-14_drive2.csv"", ""BEV2_2024-09-14_drive3.csv"", ""BEV2_2024-09-14_drive5.csv"", ""BEV2_2024-09-14_drive7.csv"", ""BEV2_2024-09-14_drive8.csv"", ""BEV2_2024-09-14_drive9.csv"", ""BEV2_2024-09-15_drive1.csv"", ""BEV2_2024-09-15_drive2.csv""]",[],e8cdeecdb0753c8f7c646f2f5e9d292f9a571611589b83de01011d3d31c20cce,d9d247e304a07fec2fc0435529ab571bbabb5b90d43545d4611ae9cf3eb4cfbf
BEV2_2024-09-15_drive4.csv,train,1726412508000000000,347,303,"[""BEV2_2024-09-14_drive1.csv"", ""BEV2_2024-09-14_drive2.csv"", ""BEV2_2024-09-14_drive3.csv"", ""BEV2_2024-09-14_drive5.csv"", ""BEV2_2024-09-14_drive7.csv"", ""BEV2_2024-09-14_drive8.csv"", ""BEV2_2024-09-14_drive9.csv"", ""BEV2_2024-09-15_drive1.csv"", ""BEV2_2024-09-15_drive2.csv"", ""BEV2_2024-09-15_drive3.csv""]",[],ebcacd351c6ea292d845e75ce8a21202bd4534319bdf0c5064d63e61240a3690,4390da6007ab75d17d0bf674973871acbf959591e4d363ed99b0ac65595265c3
BEV2_2024-09-15_drive5.csv,train,1726415028000000000,348,304,"[""BEV2_2024-09-14_drive2.csv"", ""BEV2_2024-09-14_drive3.csv"", ""BEV2_2024-09-14_drive5.csv"", ""BEV2_2024-09-14_drive7.csv"", ""BEV2_2024-09-14_drive8.csv"", ""BEV2_2024-09-14_drive9.csv"", ""BEV2_2024-09-15_drive1.csv"", ""BEV2_2024-09-15_drive2.csv"", ""BEV2_2024-09-15_drive3.csv"", ""BEV2_2024-09-15_drive4.csv""]",[],7a4a21356afbffacfa2ee53a7c5b90e33a4407111e31f7d4ca5929336432e837,4c98136462c20c825b7ea83b320af29c0ed3a08d781e4a053235b4ca22b93700
BEV2_2024-09-15_drive6.csv,train,1726433241000000000,349,305,"[""BEV2_2024-09-14_drive3.csv"", ""BEV2_2024-09-14_drive5.csv"", ""BEV2_2024-09-14_drive7.csv"", ""BEV2_2024-09-14_drive8.csv"", ""BEV2_2024-09-14_drive9.csv"", ""BEV2_2024-09-15_drive1.csv"", ""BEV2_2024-09-15_drive2.csv"", ""BEV2_2024-09-15_drive3.csv"", ""BEV2_2024-09-15_drive4.csv"", ""BEV2_2024-09-15_drive5.csv""]","[""BEV2_2024-09-15_drive1.csv""]",7d636c0b2919f126b4fa188b2608a998ee1c0d0fb0df6b44766e1dc51650c8bc,8834c56fc379ba9957dee2f64eab749bd26deab3e0eb5a15685ad395b258b9c1
BEV2_2024-09-15_drive7.csv,train,1726433898000000000,350,306,"[""BEV2_2024-09-14_drive5.csv"", ""BEV2_2024-09-14_drive7.csv"", ""BEV2_2024-09-14_drive8.csv"", ""BEV2_2024-09-14_drive9.csv"", ""BEV2_2024-09-15_drive1.csv"", ""BEV2_2024-09-15_drive2.csv"", ""BEV2_2024-09-15_drive3.csv"", ""BEV2_2024-09-15_drive4.csv"", ""BEV2_2024-09-15_drive5.csv"", ""BEV2_2024-09-15_drive6.csv""]",[],e304247fb4b9f5e5f5f185091eb70298d9a6a5455113f37464bb1c65d6a45383,d2bc94f89ad62a833388de0ee88951431434d65f301817598662cc5742f5c021
BEV2_2024-09-15_drive8.csv,train,1726434967000000000,351,307,"[""BEV2_2024-09-14_drive7.csv"", ""BEV2_2024-09-14_drive8.csv"", ""BEV2_2024-09-14_drive9.csv"", ""BEV2_2024-09-15_drive1.csv"", ""BEV2_2024-09-15_drive2.csv"", ""BEV2_2024-09-15_drive3.csv"", ""BEV2_2024-09-15_drive4.csv"", ""BEV2_2024-09-15_drive5.csv"", ""BEV2_2024-09-15_drive6.csv"", ""BEV2_2024-09-15_drive7.csv""]",[],a078ab1d394367a3e0d51aab431176cee4062024b58ae59d5309a1bd87c081fd,0f08f24c1d44c5f30da1581e50acdf6339d7ad5ff200341ec7a96a6a9bc61a61
BEV2_2024-09-16_drive2.csv,train,1726480391000000000,352,308,"[""BEV2_2024-09-14_drive8.csv"", ""BEV2_2024-09-14_drive9.csv"", ""BEV2_2024-09-15_drive1.csv"", ""BEV2_2024-09-15_drive2.csv"", ""BEV2_2024-09-15_drive3.csv"", ""BEV2_2024-09-15_drive4.csv"", ""BEV2_2024-09-15_drive5.csv"", ""BEV2_2024-09-15_drive6.csv"", ""BEV2_2024-09-15_drive7.csv"", ""BEV2_2024-09-15_drive8.csv""]",[],54e051020f165b6110c6a0376c1bcf87076291e1df015987181f6dc1de988399,d61fbdef439812ba9de478f4a374fd54f388617d21f8b75f30eb03bb8c3db605
BEV2_2024-09-16_drive3.csv,train,1726486642000000000,352,308,"[""BEV2_2024-09-14_drive8.csv"", ""BEV2_2024-09-14_drive9.csv"", ""BEV2_2024-09-15_drive1.csv"", ""BEV2_2024-09-15_drive2.csv"", ""BEV2_2024-09-15_drive3.csv"", ""BEV2_2024-09-15_drive4.csv"", ""BEV2_2024-09-15_drive5.csv"", ""BEV2_2024-09-15_drive6.csv"", ""BEV2_2024-09-15_drive7.csv"", ""BEV2_2024-09-15_drive8.csv""]",[],54e051020f165b6110c6a0376c1bcf87076291e1df015987181f6dc1de988399,e3506a016da71976c83f1119589e2658670efbc805503ae625ea18f287efdade
BEV2_2024-09-16_drive4.csv,train,1726491363000000000,353,309,"[""BEV2_2024-09-14_drive9.csv"", ""BEV2_2024-09-15_drive1.csv"", ""BEV2_2024-09-15_drive2.csv"", ""BEV2_2024-09-15_drive3.csv"", ""BEV2_2024-09-15_drive4.csv"", ""BEV2_2024-09-15_drive5.csv"", ""BEV2_2024-09-15_drive6.csv"", ""BEV2_2024-09-15_drive7.csv"", ""BEV2_2024-09-15_drive8.csv"", ""BEV2_2024-09-16_drive3.csv""]",[],94b44215452e426dcd59657c9a682e4279b50661b99230be11d685e6c2001f93,91ffa2d4e933a0b4d5bb9a68270dce8146fe5c2ccd792cc02cb40432116b8c1c
BEV2_2024-09-16_drive5.csv,train,1726493453000000000,354,310,"[""BEV2_2024-09-15_drive1.csv"", ""BEV2_2024-09-15_drive2.csv"", ""BEV2_2024-09-15_drive3.csv"", ""BEV2_2024-09-15_drive4.csv"", ""BEV2_2024-09-15_drive5.csv"", ""BEV2_2024-09-15_drive6.csv"", ""BEV2_2024-09-15_drive7.csv"", ""BEV2_2024-09-15_drive8.csv"", ""BEV2_2024-09-16_drive3.csv"", ""BEV2_2024-09-16_drive4.csv""]",[],19e61432fb2b95ba563ee7dcfb18422c840f9b2d29a0cce9455bb92223085f1d,9b1bb4851f944fd6d7d672a7dfcb36811c3b79fddb2f25672f8d94e9ffe215b4
BEV2_2024-09-16_drive6.csv,train,1726501296000000000,355,311,"[""BEV2_2024-09-15_drive2.csv"", ""BEV2_2024-09-15_drive3.csv"", ""BEV2_2024-09-15_drive4.csv"", ""BEV2_2024-09-15_drive5.csv"", ""BEV2_2024-09-15_drive6.csv"", ""BEV2_2024-09-15_drive7.csv"", ""BEV2_2024-09-15_drive8.csv"", ""BEV2_2024-09-16_drive3.csv"", ""BEV2_2024-09-16_drive4.csv"", ""BEV2_2024-09-16_drive5.csv""]",[],4f1a390780054f195b314c35fc08b3ef1ca263bf7f83f9c57e8d774d36c182a5,0a51ad06b04db795d5d5fe2ca58cdf67af41783934500330f70e6f5403424699
BEV2_2024-09-17_drive1.csv,train,1726568238000000000,356,312,"[""BEV2_2024-09-15_drive3.csv"", ""BEV2_2024-09-15_drive4.csv"", ""BEV2_2024-09-15_drive5.csv"", ""BEV2_2024-09-15_drive6.csv"", ""BEV2_2024-09-15_drive7.csv"", ""BEV2_2024-09-15_drive8.csv"", ""BEV2_2024-09-16_drive3.csv"", ""BEV2_2024-09-16_drive4.csv"", ""BEV2_2024-09-16_drive5.csv"", ""BEV2_2024-09-16_drive6.csv""]",[],339f2bf7785b94d88e1dfb1da7f1b3318e9374b089a2894d6fa25bfcc0f42334,ec4dc154dd9611dfbac6f270f84462fcb6f1e560f97d2d80368ba5b87cf13277
BEV1_2024-09-17_drive1.csv,train,1726588230000000000,357,44,"[""BEV1_2024-09-01_drive3.csv"", ""BEV1_2024-09-01_drive5.csv"", ""BEV1_2024-09-02_drive1.csv"", ""BEV1_2024-09-02_drive2.csv"", ""BEV1_2024-09-03_drive1.csv"", ""BEV1_2024-09-03_drive2.csv"", ""BEV1_2024-09-03_drive3.csv"", ""BEV1_2024-09-03_drive5.csv"", ""BEV1_2024-09-03_drive6.csv"", ""BEV1_2024-09-04_drive1.csv""]",[],7f55691a0a2c25fd8ee3c8ceedf963a47ef29dd63ce89f21a9b9b36e16cceed9,6d18477f7006b4c16ea1a662d9cda7be9b2410801cdfe5e47abd636cea30aba8
BEV2_2024-09-17_drive2.csv,train,1726588593000000000,357,313,"[""BEV2_2024-09-15_drive4.csv"", ""BEV2_2024-09-15_drive5.csv"", ""BEV2_2024-09-15_drive6.csv"", ""BEV2_2024-09-15_drive7.csv"", ""BEV2_2024-09-15_drive8.csv"", ""BEV2_2024-09-16_drive3.csv"", ""BEV2_2024-09-16_drive4.csv"", ""BEV2_2024-09-16_drive5.csv"", ""BEV2_2024-09-16_drive6.csv"", ""BEV2_2024-09-17_drive1.csv""]",[],45bf8bced1e4d6cc1af6f6549c67aa3f2de7f80bf9879387e06750da39c44c92,8bf0af47845714a49554d34aa34fb6687ee08962e4e4a4694db798b7a1ae386d
BEV2_2024-09-17_drive3.csv,train,1726596876000000000,359,314,"[""BEV2_2024-09-15_drive5.csv"", ""BEV2_2024-09-15_drive6.csv"", ""BEV2_2024-09-15_drive7.csv"", ""BEV2_2024-09-15_drive8.csv"", ""BEV2_2024-09-16_drive3.csv"", ""BEV2_2024-09-16_drive4.csv"", ""BEV2_2024-09-16_drive5.csv"", ""BEV2_2024-09-16_drive6.csv"", ""BEV2_2024-09-17_drive1.csv"", ""BEV2_2024-09-17_drive2.csv""]",[],b45975e106497c458889065a962731804c23c9931a88090ac495ddfe2d53ece5,100fb33989ab000fb2543d617cdd83d5742d1da7ee81be4e974e55b36ab2e71e
BEV2_2024-09-18_drive1.csv,train,1726638664000000000,360,315,"[""BEV2_2024-09-15_drive6.csv"", ""BEV2_2024-09-15_drive7.csv"", ""BEV2_2024-09-15_drive8.csv"", ""BEV2_2024-09-16_drive3.csv"", ""BEV2_2024-09-16_drive4.csv"", ""BEV2_2024-09-16_drive5.csv"", ""BEV2_2024-09-16_drive6.csv"", ""BEV2_2024-09-17_drive1.csv"", ""BEV2_2024-09-17_drive2.csv"", ""BEV2_2024-09-17_drive3.csv""]","[""BEV2_2024-09-16_drive5.csv""]",28f956cfeb7ebc375671a01ad43aa86c7aec991edd3d5a75765bb3f88cc1fc66,8507cfb075b9a1f14557954621f792a4e8b62aa57f1914b6024e01f4f17e3f8d
BEV1_2024-09-18_drive1.csv,train,1726643140000000000,361,45,"[""BEV1_2024-09-01_drive5.csv"", ""BEV1_2024-09-02_drive1.csv"", ""BEV1_2024-09-02_drive2.csv"", ""BEV1_2024-09-03_drive1.csv"", ""BEV1_2024-09-03_drive2.csv"", ""BEV1_2024-09-03_drive3.csv"", ""BEV1_2024-09-03_drive5.csv"", ""BEV1_2024-09-03_drive6.csv"", ""BEV1_2024-09-04_drive1.csv"", ""BEV1_2024-09-17_drive1.csv""]",[],713bc64b690ae3040b2437a348260f39d02f4bbf643dd4d117d55009dc43c0c3,be9eead1989f44637b7c3fdbc4df312a652791be8c6e3570ab68f81e9e76455a
BEV2_2024-09-18_drive2.csv,train,1726654770000000000,362,316,"[""BEV2_2024-09-15_drive7.csv"", ""BEV2_2024-09-15_drive8.csv"", ""BEV2_2024-09-16_drive3.csv"", ""BEV2_2024-09-16_drive4.csv"", ""BEV2_2024-09-16_drive5.csv"", ""BEV2_2024-09-16_drive6.csv"", ""BEV2_2024-09-17_drive1.csv"", ""BEV2_2024-09-17_drive2.csv"", ""BEV2_2024-09-17_drive3.csv"", ""BEV2_2024-09-18_drive1.csv""]",[],a00b11b249935f499f8d2099c6673de661307a6df443272cc502ee911b616727,3bb31048f533fa2173a2c4278aaa34d4d23e49d2d8fe5bb48c69723a8907e7ca
BEV2_2024-09-18_drive3.csv,train,1726666448000000000,362,316,"[""BEV2_2024-09-15_drive7.csv"", ""BEV2_2024-09-15_drive8.csv"", ""BEV2_2024-09-16_drive3.csv"", ""BEV2_2024-09-16_drive4.csv"", ""BEV2_2024-09-16_drive5.csv"", ""BEV2_2024-09-16_drive6.csv"", ""BEV2_2024-09-17_drive1.csv"", ""BEV2_2024-09-17_drive2.csv"", ""BEV2_2024-09-17_drive3.csv"", ""BEV2_2024-09-18_drive1.csv""]",[],a00b11b249935f499f8d2099c6673de661307a6df443272cc502ee911b616727,56710ff3d05c27eef2e99597e3402a5431dded17c84fb59356524605e7962f80
BEV2_2024-09-18_drive4.csv,train,1726670165000000000,363,317,"[""BEV2_2024-09-15_drive8.csv"", ""BEV2_2024-09-16_drive3.csv"", ""BEV2_2024-09-16_drive4.csv"", ""BEV2_2024-09-16_drive5.csv"", ""BEV2_2024-09-16_drive6.csv"", ""BEV2_2024-09-17_drive1.csv"", ""BEV2_2024-09-17_drive2.csv"", ""BEV2_2024-09-17_drive3.csv"", ""BEV2_2024-09-18_drive1.csv"", ""BEV2_2024-09-18_drive3.csv""]",[],95276f1f42122913433144700d5e233396eb8935ee3daaec5fcac17cdc06e476,61f127a07c074810155aa6b217099b0f3ca224066c067df9efe18beee8aae38e
BEV1_2024-09-18_drive2.csv,train,1726674559000000000,364,46,"[""BEV1_2024-09-02_drive1.csv"", ""BEV1_2024-09-02_drive2.csv"", ""BEV1_2024-09-03_drive1.csv"", ""BEV1_2024-09-03_drive2.csv"", ""BEV1_2024-09-03_drive3.csv"", ""BEV1_2024-09-03_drive5.csv"", ""BEV1_2024-09-03_drive6.csv"", ""BEV1_2024-09-04_drive1.csv"", ""BEV1_2024-09-17_drive1.csv"", ""BEV1_2024-09-18_drive1.csv""]",[],adb666a764cc4ce579b6b6ad1b672a9146cdf48c7c01775cac744069e362fd1e,092c812be9068b09cf6dd91fd3a62b9894fc49b4a24d3a94cee8c2a3bc532e1d
BEV2_2024-09-18_drive5.csv,train,1726675733000000000,364,318,"[""BEV2_2024-09-16_drive3.csv"", ""BEV2_2024-09-16_drive4.csv"", ""BEV2_2024-09-16_drive5.csv"", ""BEV2_2024-09-16_drive6.csv"", ""BEV2_2024-09-17_drive1.csv"", ""BEV2_2024-09-17_drive2.csv"", ""BEV2_2024-09-17_drive3.csv"", ""BEV2_2024-09-18_drive1.csv"", ""BEV2_2024-09-18_drive3.csv"", ""BEV2_2024-09-18_drive4.csv""]",[],1893921a90707c001171b2ba202a05ad1c245ba4b0f98b885ba098696acae6e6,fbbb93566eeb1daf2037af6ac88ba7771c3725b994a5c10c1cbb94db64712212
BEV1_2024-09-18_drive3.csv,train,1726687169000000000,366,47,"[""BEV1_2024-09-02_drive2.csv"", ""BEV1_2024-09-03_drive1.csv"", ""BEV1_2024-09-03_drive2.csv"", ""BEV1_2024-09-03_drive3.csv"", ""BEV1_2024-09-03_drive5.csv"", ""BEV1_2024-09-03_drive6.csv"", ""BEV1_2024-09-04_drive1.csv"", ""BEV1_2024-09-17_drive1.csv"", ""BEV1_2024-09-18_drive1.csv"", ""BEV1_2024-09-18_drive2.csv""]",[],b0779fd0ee5ee3310f21b602f65f130ae4eed686e3ce65cf4a2ac37add0197d0,9592f306706caa291e54a4834bbbc5ea5cd5065eeefdc7830aa94248b6fb1351
BEV1_2024-09-18_drive4.csv,train,1726691240000000000,367,48,"[""BEV1_2024-09-03_drive1.csv"", ""BEV1_2024-09-03_drive2.csv"", ""BEV1_2024-09-03_drive3.csv"", ""BEV1_2024-09-03_drive5.csv"", ""BEV1_2024-09-03_drive6.csv"", ""BEV1_2024-09-04_drive1.csv"", ""BEV1_2024-09-17_drive1.csv"", ""BEV1_2024-09-18_drive1.csv"", ""BEV1_2024-09-18_drive2.csv"", ""BEV1_2024-09-18_drive3.csv""]",[],5fd8cd5ead5ebd0ee90cf2b6ad22f77f44671339ab7962268853d71654a114c8,d244520d845743a9dd89af7354b0230900356b5ed573e514175f186c8b3ed006
BEV2_2024-09-19_drive1.csv,train,1726725050000000000,368,319,"[""BEV2_2024-09-16_drive4.csv"", ""BEV2_2024-09-16_drive5.csv"", ""BEV2_2024-09-16_drive6.csv"", ""BEV2_2024-09-17_drive1.csv"", ""BEV2_2024-09-17_drive2.csv"", ""BEV2_2024-09-17_drive3.csv"", ""BEV2_2024-09-18_drive1.csv"", ""BEV2_2024-09-18_drive3.csv"", ""BEV2_2024-09-18_drive4.csv"", ""BEV2_2024-09-18_drive5.csv""]",[],217ef4ed856b9f3de61f20bb7f8d42f870a1212e3273cdf5db97cf0cd6becf02,9bbcd1ba1d4a2fee2bd255ce2215374dea5328862f1f2b456557e1f74889c56d
BEV1_2024-09-19_drive1.csv,train,1726727144000000000,368,49,"[""BEV1_2024-09-03_drive2.csv"", ""BEV1_2024-09-03_drive3.csv"", ""BEV1_2024-09-03_drive5.csv"", ""BEV1_2024-09-03_drive6.csv"", ""BEV1_2024-09-04_drive1.csv"", ""BEV1_2024-09-17_drive1.csv"", ""BEV1_2024-09-18_drive1.csv"", ""BEV1_2024-09-18_drive2.csv"", ""BEV1_2024-09-18_drive3.csv"", ""BEV1_2024-09-18_drive4.csv""]",[],ddb9e6b048585c2901153e4cbb26128739706ed4af08bedcb554648a228cea52,5d76bd6cf1a9a530deb25140ae691250eb16510ce1c8bf28cafde4e42ac49df1
BEV1_2024-09-19_drive2.csv,train,1726757275000000000,370,50,"[""BEV1_2024-09-03_drive3.csv"", ""BEV1_2024-09-03_drive5.csv"", ""BEV1_2024-09-03_drive6.csv"", ""BEV1_2024-09-04_drive1.csv"", ""BEV1_2024-09-17_drive1.csv"", ""BEV1_2024-09-18_drive1.csv"", ""BEV1_2024-09-18_drive2.csv"", ""BEV1_2024-09-18_drive3.csv"", ""BEV1_2024-09-18_drive4.csv"", ""BEV1_2024-09-19_drive1.csv""]",[],05715b987cc04c88a527e475aecc720b34cc039ab48c6d3aaf9041fa6729b6e6,bfe27476e842122636781a58a649f0c4c8f7cab63327a6bf5e6afaf76a0ac13c
BEV2_2024-09-19_drive2.csv,train,1726760924000000000,370,320,"[""BEV2_2024-09-16_drive5.csv"", ""BEV2_2024-09-16_drive6.csv"", ""BEV2_2024-09-17_drive1.csv"", ""BEV2_2024-09-17_drive2.csv"", ""BEV2_2024-09-17_drive3.csv"", ""BEV2_2024-09-18_drive1.csv"", ""BEV2_2024-09-18_drive3.csv"", ""BEV2_2024-09-18_drive4.csv"", ""BEV2_2024-09-18_drive5.csv"", ""BEV2_2024-09-19_drive1.csv""]",[],abcd921eb0849193ba04edb63eaae4268f6e4ff8332451694f9e97172e133d91,42cbfc4c9df396c7235b088225a473ac9476ce2ae480c8c6ec7dce91e9bddb87
BEV2_2024-09-20_drive1.csv,train,1726810236000000000,372,321,"[""BEV2_2024-09-16_drive6.csv"", ""BEV2_2024-09-17_drive1.csv"", ""BEV2_2024-09-17_drive2.csv"", ""BEV2_2024-09-17_drive3.csv"", ""BEV2_2024-09-18_drive1.csv"", ""BEV2_2024-09-18_drive3.csv"", ""BEV2_2024-09-18_drive4.csv"", ""BEV2_2024-09-18_drive5.csv"", ""BEV2_2024-09-19_drive1.csv"", ""BEV2_2024-09-19_drive2.csv""]","[""BEV2_2024-09-18_drive1.csv""]",6053b3c53e9c84d08c3a7794f72533a9ae468f00fecb58a39eb057620892904f,c0e2d5878217849311ac7c0b3df7d66a4caac758d2bf9ec44906322a40bde645
BEV1_2024-09-20_drive1.csv,train,1726811474000000000,373,51,"[""BEV1_2024-09-03_drive5.csv"", ""BEV1_2024-09-03_drive6.csv"", ""BEV1_2024-09-04_drive1.csv"", ""BEV1_2024-09-17_drive1.csv"", ""BEV1_2024-09-18_drive1.csv"", ""BEV1_2024-09-18_drive2.csv"", ""BEV1_2024-09-18_drive3.csv"", ""BEV1_2024-09-18_drive4.csv"", ""BEV1_2024-09-19_drive1.csv"", ""BEV1_2024-09-19_drive2.csv""]","[""BEV1_2024-09-18_drive1.csv""]",a23d7851979d499215c706d95230bb59d1e7b175940a9c3cad02186ac702d74e,c68d5c388c77242d1ceafbbecf9e88cc6811038e544e47c76c8d92c2c39c4d89
BEV1_2024-09-20_drive2.csv,train,1726834493000000000,374,52,"[""BEV1_2024-09-03_drive6.csv"", ""BEV1_2024-09-04_drive1.csv"", ""BEV1_2024-09-17_drive1.csv"", ""BEV1_2024-09-18_drive1.csv"", ""BEV1_2024-09-18_drive2.csv"", ""BEV1_2024-09-18_drive3.csv"", ""BEV1_2024-09-18_drive4.csv"", ""BEV1_2024-09-19_drive1.csv"", ""BEV1_2024-09-19_drive2.csv"", ""BEV1_2024-09-20_drive1.csv""]",[],1e5a45e3fc739597dd25034dd3e1fd0abca375bf588a2ad249f0dbdec8f98a2a,f54c442475645121a6545f46017e200027a9aee4d7cd33e8f29f96b9a161bbb5
BEV1_2024-09-20_drive3.csv,train,1726846655000000000,375,53,"[""BEV1_2024-09-04_drive1.csv"", ""BEV1_2024-09-17_drive1.csv"", ""BEV1_2024-09-18_drive1.csv"", ""BEV1_2024-09-18_drive2.csv"", ""BEV1_2024-09-18_drive3.csv"", ""BEV1_2024-09-18_drive4.csv"", ""BEV1_2024-09-19_drive1.csv"", ""BEV1_2024-09-19_drive2.csv"", ""BEV1_2024-09-20_drive1.csv"", ""BEV1_2024-09-20_drive2.csv""]",[],c7486746f4b1944bf600259ab668666aff23599d175a20c2850b275845cb30e0,e44417a2f429b8182aa0a72a1688db65068e0c20a90a9a56c17ed619cc7e79b8
BEV2_2024-09-20_drive2.csv,train,1726847946000000000,375,322,"[""BEV2_2024-09-17_drive1.csv"", ""BEV2_2024-09-17_drive2.csv"", ""BEV2_2024-09-17_drive3.csv"", ""BEV2_2024-09-18_drive1.csv"", ""BEV2_2024-09-18_drive3.csv"", ""BEV2_2024-09-18_drive4.csv"", ""BEV2_2024-09-18_drive5.csv"", ""BEV2_2024-09-19_drive1.csv"", ""BEV2_2024-09-19_drive2.csv"", ""BEV2_2024-09-20_drive1.csv""]",[],76711984cd55f307a6af1fed35d1ec1db20fe8ced09f81ebf1e6ad1e65084e12,7daf055ff3b42ab818fd7cb946b4b5fbb7b96813c177927e92591692ff055138
BEV2_2024-09-20_drive3.csv,train,1726852365000000000,377,323,"[""BEV2_2024-09-17_drive2.csv"", ""BEV2_2024-09-17_drive3.csv"", ""BEV2_2024-09-18_drive1.csv"", ""BEV2_2024-09-18_drive3.csv"", ""BEV2_2024-09-18_drive4.csv"", ""BEV2_2024-09-18_drive5.csv"", ""BEV2_2024-09-19_drive1.csv"", ""BEV2_2024-09-19_drive2.csv"", ""BEV2_2024-09-20_drive1.csv"", ""BEV2_2024-09-20_drive2.csv""]",[],d04a85a09ae1572c19bbed4b87b07e18116e2979802fd68161acbb92fc665c8d,d5c569d0db17bc7a95efe5fe489f8f392860602318b24700f6ded252af17ad80
BEV2_2024-09-20_drive4.csv,train,1726860794000000000,378,324,"[""BEV2_2024-09-17_drive3.csv"", ""BEV2_2024-09-18_drive1.csv"", ""BEV2_2024-09-18_drive3.csv"", ""BEV2_2024-09-18_drive4.csv"", ""BEV2_2024-09-18_drive5.csv"", ""BEV2_2024-09-19_drive1.csv"", ""BEV2_2024-09-19_drive2.csv"", ""BEV2_2024-09-20_drive1.csv"", ""BEV2_2024-09-20_drive2.csv"", ""BEV2_2024-09-20_drive3.csv""]",[],47bb54f318ab31daaafdc720e6d0b2e05e376355cc5843509f110c624458a3cc,8a2e2fb224e5a3aff3732345a79a4e94ea044870c800f45a0d74b6c0be3e4774
BEV1_2024-09-21_drive1.csv,train,1726906764000000000,379,54,"[""BEV1_2024-09-17_drive1.csv"", ""BEV1_2024-09-18_drive1.csv"", ""BEV1_2024-09-18_drive2.csv"", ""BEV1_2024-09-18_drive3.csv"", ""BEV1_2024-09-18_drive4.csv"", ""BEV1_2024-09-19_drive1.csv"", ""BEV1_2024-09-19_drive2.csv"", ""BEV1_2024-09-20_drive1.csv"", ""BEV1_2024-09-20_drive2.csv"", ""BEV1_2024-09-20_drive3.csv""]",[],c273a5d3754a4401c9b2321b8cd8715de65701fcb7a6bf7e265ec34170a1cd7f,bbf7c3774a7efd7aad1cec60476bc6033e951bed42f42ebbd1743daf14636461
BEV2_2024-09-21_drive1.csv,train,1726916796000000000,380,325,"[""BEV2_2024-09-18_drive1.csv"", ""BEV2_2024-09-18_drive3.csv"", ""BEV2_2024-09-18_drive4.csv"", ""BEV2_2024-09-18_drive5.csv"", ""BEV2_2024-09-19_drive1.csv"", ""BEV2_2024-09-19_drive2.csv"", ""BEV2_2024-09-20_drive1.csv"", ""BEV2_2024-09-20_drive2.csv"", ""BEV2_2024-09-20_drive3.csv"", ""BEV2_2024-09-20_drive4.csv""]",[],e3beb173675b3b63561790d2fe4a258af5cb64a03f18290ebaa2554d5189186e,9e0dd53dffd88c368a081d606dad00bf26cc97a9f37b9fad8ba4c18b9dd8e725
BEV2_2024-09-21_drive2.csv,train,1726919972000000000,381,326,"[""BEV2_2024-09-18_drive3.csv"", ""BEV2_2024-09-18_drive4.csv"", ""BEV2_2024-09-18_drive5.csv"", ""BEV2_2024-09-19_drive1.csv"", ""BEV2_2024-09-19_drive2.csv"", ""BEV2_2024-09-20_drive1.csv"", ""BEV2_2024-09-20_drive2.csv"", ""BEV2_2024-09-20_drive3.csv"", ""BEV2_2024-09-20_drive4.csv"", ""BEV2_2024-09-21_drive1.csv""]",[],0e280885a8254f6c1de3b7f0da9d46fe3ebdeeb03b560e315c0bbcc44aa89785,8b5f2d244019fec98dcac43033fda3fba4b9418f84d7ee8180f96e48cd6a017d
BEV2_2024-09-21_drive3.csv,train,1726921495000000000,382,327,"[""BEV2_2024-09-18_drive4.csv"", ""BEV2_2024-09-18_drive5.csv"", ""BEV2_2024-09-19_drive1.csv"", ""BEV2_2024-09-19_drive2.csv"", ""BEV2_2024-09-20_drive1.csv"", ""BEV2_2024-09-20_drive2.csv"", ""BEV2_2024-09-20_drive3.csv"", ""BEV2_2024-09-20_drive4.csv"", ""BEV2_2024-09-21_drive1.csv"", ""BEV2_2024-09-21_drive2.csv""]",[],8b4a12aab06348d40d0b8d78b6d5c447bc9c62873916a22220076fb37d708d69,7f16fb565e8f5607488fba4f70b8d8564ee2679e654b5053fc5e6f21fb8e07b9
BEV2_2024-09-21_drive4.csv,train,1726922837000000000,383,328,"[""BEV2_2024-09-18_drive5.csv"", ""BEV2_2024-09-19_drive1.csv"", ""BEV2_2024-09-19_drive2.csv"", ""BEV2_2024-09-20_drive1.csv"", ""BEV2_2024-09-20_drive2.csv"", ""BEV2_2024-09-20_drive3.csv"", ""BEV2_2024-09-20_drive4.csv"", ""BEV2_2024-09-21_drive1.csv"", ""BEV2_2024-09-21_drive2.csv"", ""BEV2_2024-09-21_drive3.csv""]",[],f6fa459cc084d7722bf93502987aeb94d3f4969a6900ac63fdfc2fd98165d6a4,305839ce4df97f49dbb13b78ced7aa1f078d702f1a4e39c98a2f62be21367b51
BEV1_2024-09-21_drive2.csv,train,1726934824000000000,384,55,"[""BEV1_2024-09-18_drive1.csv"", ""BEV1_2024-09-18_drive2.csv"", ""BEV1_2024-09-18_drive3.csv"", ""BEV1_2024-09-18_drive4.csv"", ""BEV1_2024-09-19_drive1.csv"", ""BEV1_2024-09-19_drive2.csv"", ""BEV1_2024-09-20_drive1.csv"", ""BEV1_2024-09-20_drive2.csv"", ""BEV1_2024-09-20_drive3.csv"", ""BEV1_2024-09-21_drive1.csv""]",[],cf82f4327f361ca0f2cfbfe14d2b817b2a5311bb7aa08525163ec892b515fd2e,c05a27cc6a7005e06758826ea850da0e0f07d140b97070d7dacb14545e7eb34a
BEV2_2024-09-21_drive5.csv,train,1726939620000000000,384,329,"[""BEV2_2024-09-19_drive1.csv"", ""BEV2_2024-09-19_drive2.csv"", ""BEV2_2024-09-20_drive1.csv"", ""BEV2_2024-09-20_drive2.csv"", ""BEV2_2024-09-20_drive3.csv"", ""BEV2_2024-09-20_drive4.csv"", ""BEV2_2024-09-21_drive1.csv"", ""BEV2_2024-09-21_drive2.csv"", ""BEV2_2024-09-21_drive3.csv"", ""BEV2_2024-09-21_drive4.csv""]",[],0b70dd67b98483ec797cfe6bfa816c3aca4d84f512a1f5bd439300b2c858e027,c9b707ffa503ef6122d6d8f4558af860b2afa1bdb41036d62d55b6ce553d00ff
BEV2_2024-09-21_drive6.csv,train,1726946612000000000,386,330,"[""BEV2_2024-09-19_drive2.csv"", ""BEV2_2024-09-20_drive1.csv"", ""BEV2_2024-09-20_drive2.csv"", ""BEV2_2024-09-20_drive3.csv"", ""BEV2_2024-09-20_drive4.csv"", ""BEV2_2024-09-21_drive1.csv"", ""BEV2_2024-09-21_drive2.csv"", ""BEV2_2024-09-21_drive3.csv"", ""BEV2_2024-09-21_drive4.csv"", ""BEV2_2024-09-21_drive5.csv""]",[],fbed21b3714a008dc3a2bb6ca4cb1c0481760ceaafdfaefbff6175031b50307b,4c6bc39bb341614ba41e5ad49a0afcf67a681d1eb80be32981e0629082e29f70
BEV2_2024-09-21_drive7.csv,train,1726950747000000000,386,330,"[""BEV2_2024-09-19_drive2.csv"", ""BEV2_2024-09-20_drive1.csv"", ""BEV2_2024-09-20_drive2.csv"", ""BEV2_2024-09-20_drive3.csv"", ""BEV2_2024-09-20_drive4.csv"", ""BEV2_2024-09-21_drive1.csv"", ""BEV2_2024-09-21_drive2.csv"", ""BEV2_2024-09-21_drive3.csv"", ""BEV2_2024-09-21_drive4.csv"", ""BEV2_2024-09-21_drive5.csv""]",[],fbed21b3714a008dc3a2bb6ca4cb1c0481760ceaafdfaefbff6175031b50307b,9b60adfbecc30f9c061128c9410f8b444df7382358b45b488a7ed8c6fa91348e
BEV1_2024-09-22_drive1.csv,train,1726996001000000000,387,56,"[""BEV1_2024-09-18_drive2.csv"", ""BEV1_2024-09-18_drive3.csv"", ""BEV1_2024-09-18_drive4.csv"", ""BEV1_2024-09-19_drive1.csv"", ""BEV1_2024-09-19_drive2.csv"", ""BEV1_2024-09-20_drive1.csv"", ""BEV1_2024-09-20_drive2.csv"", ""BEV1_2024-09-20_drive3.csv"", ""BEV1_2024-09-21_drive1.csv"", ""BEV1_2024-09-21_drive2.csv""]",[],e73640d1f5e89943b333c040bb970b0a450061e53554acc5a297ffef238e0fde,e24878fd15afc7c7222fdbafe4cdd486d0b7ae6019a7e83cc1499b0aac89c288
BEV2_2024-09-22_drive1.csv,train,1726996614000000000,387,331,"[""BEV2_2024-09-20_drive1.csv"", ""BEV2_2024-09-20_drive2.csv"", ""BEV2_2024-09-20_drive3.csv"", ""BEV2_2024-09-20_drive4.csv"", ""BEV2_2024-09-21_drive1.csv"", ""BEV2_2024-09-21_drive2.csv"", ""BEV2_2024-09-21_drive3.csv"", ""BEV2_2024-09-21_drive4.csv"", ""BEV2_2024-09-21_drive5.csv"", ""BEV2_2024-09-21_drive7.csv""]",[],c8a59cca33095ea07743506571d58d630695f8cf88290945bc1d2a0b8237bd4c,a6bccf89621a78d5c37b9a11210294c44dbbe72621e883ce80e5a6da25822b2a
BEV2_2024-09-22_drive2.csv,train,1726999508000000000,389,332,"[""BEV2_2024-09-20_drive2.csv"", ""BEV2_2024-09-20_drive3.csv"", ""BEV2_2024-09-20_drive4.csv"", ""BEV2_2024-09-21_drive1.csv"", ""BEV2_2024-09-21_drive2.csv"", ""BEV2_2024-09-21_drive3.csv"", ""BEV2_2024-09-21_drive4.csv"", ""BEV2_2024-09-21_drive5.csv"", ""BEV2_2024-09-21_drive7.csv"", ""BEV2_2024-09-22_drive1.csv""]",[],5e040314143cc0869d314bf3c7a236a940f50748519f7818efb01c423337356a,0b58262280c7a3c8223f4892c1dae89187bae7d6ea377d14b338f3b6d4f6fd2a
BEV2_2024-09-22_drive3.csv,train,1727006160000000000,390,333,"[""BEV2_2024-09-20_drive3.csv"", ""BEV2_2024-09-20_drive4.csv"", ""BEV2_2024-09-21_drive1.csv"", ""BEV2_2024-09-21_drive2.csv"", ""BEV2_2024-09-21_drive3.csv"", ""BEV2_2024-09-21_drive4.csv"", ""BEV2_2024-09-21_drive5.csv"", ""BEV2_2024-09-21_drive7.csv"", ""BEV2_2024-09-22_drive1.csv"", ""BEV2_2024-09-22_drive2.csv""]",[],ca019c8724af532cfca138c6cfedc9c721523b121d8b30298fdc78481b77d980,a3602d0c64475f51e6f77a25c894a21de31eed3eda8d429ff8c89a030f7f5a76
BEV1_2024-09-22_drive2.csv,train,1727015328000000000,391,57,"[""BEV1_2024-09-18_drive3.csv"", ""BEV1_2024-09-18_drive4.csv"", ""BEV1_2024-09-19_drive1.csv"", ""BEV1_2024-09-19_drive2.csv"", ""BEV1_2024-09-20_drive1.csv"", ""BEV1_2024-09-20_drive2.csv"", ""BEV1_2024-09-20_drive3.csv"", ""BEV1_2024-09-21_drive1.csv"", ""BEV1_2024-09-21_drive2.csv"", ""BEV1_2024-09-22_drive1.csv""]",[],b7d332c52428fe70416c38c86c98bfd30067655e99cc6593e9818d4677ca12d3,b0d8d1d570d0f0bcace7316d0b5e867e4ce5007bdc71c7addbf46bba945b1684
BEV1_2024-09-23_drive1.csv,train,1727071092000000000,392,58,"[""BEV1_2024-09-18_drive4.csv"", ""BEV1_2024-09-19_drive1.csv"", ""BEV1_2024-09-19_drive2.csv"", ""BEV1_2024-09-20_drive1.csv"", ""BEV1_2024-09-20_drive2.csv"", ""BEV1_2024-09-20_drive3.csv"", ""BEV1_2024-09-21_drive1.csv"", ""BEV1_2024-09-21_drive2.csv"", ""BEV1_2024-09-22_drive1.csv"", ""BEV1_2024-09-22_drive2.csv""]",[],f92cb6a1effeefc1e78f2594da297f5634c3fcd80653e9683c57b876fd7a7443,2929430cfece3cc1916fc9a530dcb431296a3a1ce7de7dd581606ef92ab97271
BEV2_2024-09-23_drive1.csv,train,1727071513000000000,392,334,"[""BEV2_2024-09-20_drive4.csv"", ""BEV2_2024-09-21_drive1.csv"", ""BEV2_2024-09-21_drive2.csv"", ""BEV2_2024-09-21_drive3.csv"", ""BEV2_2024-09-21_drive4.csv"", ""BEV2_2024-09-21_drive5.csv"", ""BEV2_2024-09-21_drive7.csv"", ""BEV2_2024-09-22_drive1.csv"", ""BEV2_2024-09-22_drive2.csv"", ""BEV2_2024-09-22_drive3.csv""]",[],26b01a4558594f976e67b2211051af71315ae9a3f2690388e1a2573e1bcdbb87,7d915cd7d019c42400a6f88882a665272947e2594d33c1c57da25f6f09c4da3f
BEV2_2024-09-23_drive2.csv,train,1727081382000000000,394,335,"[""BEV2_2024-09-21_drive1.csv"", ""BEV2_2024-09-21_drive2.csv"", ""BEV2_2024-09-21_drive3.csv"", ""BEV2_2024-09-21_drive4.csv"", ""BEV2_2024-09-21_drive5.csv"", ""BEV2_2024-09-21_drive7.csv"", ""BEV2_2024-09-22_drive1.csv"", ""BEV2_2024-09-22_drive2.csv"", ""BEV2_2024-09-22_drive3.csv"", ""BEV2_2024-09-23_drive1.csv""]",[],8656bb8fe25626162f944499dc7998bf67983bb60625c29eadb5fad019ae8b35,30af3a2e5e1ef540249ddc899c1dd8a81a0519532899ab57cd16b88dfbf39676
BEV2_2024-09-23_drive3.csv,train,1727084533000000000,395,336,"[""BEV2_2024-09-21_drive2.csv"", ""BEV2_2024-09-21_drive3.csv"", ""BEV2_2024-09-21_drive4.csv"", ""BEV2_2024-09-21_drive5.csv"", ""BEV2_2024-09-21_drive7.csv"", ""BEV2_2024-09-22_drive1.csv"", ""BEV2_2024-09-22_drive2.csv"", ""BEV2_2024-09-22_drive3.csv"", ""BEV2_2024-09-23_drive1.csv"", ""BEV2_2024-09-23_drive2.csv""]",[],e7d209ee9aa00e199c8428d0c9a9e7b80adfa09860efabdeaf38129da7140e07,d2a30f3c586d52b5479c005c31f0d52c6f54e23daef4978533f585229004d555
BEV1_2024-09-23_drive2.csv,train,1727106523000000000,395,59,"[""BEV1_2024-09-19_drive1.csv"", ""BEV1_2024-09-19_drive2.csv"", ""BEV1_2024-09-20_drive1.csv"", ""BEV1_2024-09-20_drive2.csv"", ""BEV1_2024-09-20_drive3.csv"", ""BEV1_2024-09-21_drive1.csv"", ""BEV1_2024-09-21_drive2.csv"", ""BEV1_2024-09-22_drive1.csv"", ""BEV1_2024-09-22_drive2.csv"", ""BEV1_2024-09-23_drive1.csv""]",[],49a21c6a2c4bf03b99378bc945a3a6b4a6a0bbfca36ff4a6b28cdef6875dfbcd,a7f4d2884bf0d85462fae1bb87702718b813145ba828db1ff3b14095446ff186
BEV1_2024-09-24_drive1.csv,train,1727164956000000000,396,60,"[""BEV1_2024-09-19_drive2.csv"", ""BEV1_2024-09-20_drive1.csv"", ""BEV1_2024-09-20_drive2.csv"", ""BEV1_2024-09-20_drive3.csv"", ""BEV1_2024-09-21_drive1.csv"", ""BEV1_2024-09-21_drive2.csv"", ""BEV1_2024-09-22_drive1.csv"", ""BEV1_2024-09-22_drive2.csv"", ""BEV1_2024-09-23_drive1.csv"", ""BEV1_2024-09-23_drive2.csv""]",[],42bfba06e47b8e068136c9e5413e954281c7ee48ee107fb9c8c0bdc62f951bda,e88bc9f29713147d4a210e72f72e50b319b343beef2b463be8ef4c7f4a5ed336
BEV1_2024-09-24_drive2.csv,train,1727175777000000000,397,61,"[""BEV1_2024-09-20_drive1.csv"", ""BEV1_2024-09-20_drive2.csv"", ""BEV1_2024-09-20_drive3.csv"", ""BEV1_2024-09-21_drive1.csv"", ""BEV1_2024-09-21_drive2.csv"", ""BEV1_2024-09-22_drive1.csv"", ""BEV1_2024-09-22_drive2.csv"", ""BEV1_2024-09-23_drive1.csv"", ""BEV1_2024-09-23_drive2.csv"", ""BEV1_2024-09-24_drive1.csv""]",[],b1f58cfccc77faa7076b0e55307212d495fda0ccde441c825fdf54dc671baf3b,1de48dee6e5d0145a8566a77f5a4a974a9fade4d4398d48cbcd71609258fab22
BEV1_2024-09-24_drive3.csv,train,1727193381000000000,398,62,"[""BEV1_2024-09-20_drive2.csv"", ""BEV1_2024-09-20_drive3.csv"", ""BEV1_2024-09-21_drive1.csv"", ""BEV1_2024-09-21_drive2.csv"", ""BEV1_2024-09-22_drive1.csv"", ""BEV1_2024-09-22_drive2.csv"", ""BEV1_2024-09-23_drive1.csv"", ""BEV1_2024-09-23_drive2.csv"", ""BEV1_2024-09-24_drive1.csv"", ""BEV1_2024-09-24_drive2.csv""]",[],ec88c709ff89ee78ca9d645752b446d685594f2c2bd70f2f0ba2da3254adb7ac,0a090dbec11c8400ee17cc22075e8354710161278aad60229798747b18253c21
BEV2_2024-09-24_drive1.csv,train,1727214797000000000,399,336,"[""BEV2_2024-09-21_drive2.csv"", ""BEV2_2024-09-21_drive3.csv"", ""BEV2_2024-09-21_drive4.csv"", ""BEV2_2024-09-21_drive5.csv"", ""BEV2_2024-09-21_drive7.csv"", ""BEV2_2024-09-22_drive1.csv"", ""BEV2_2024-09-22_drive2.csv"", ""BEV2_2024-09-22_drive3.csv"", ""BEV2_2024-09-23_drive1.csv"", ""BEV2_2024-09-23_drive2.csv""]",[],e7d209ee9aa00e199c8428d0c9a9e7b80adfa09860efabdeaf38129da7140e07,f612e6d47865da2996ec681cd7e5222681a47d564cd92d7d02e970b2c9cba534
BEV1_2024-09-25_drive1.csv,train,1727247765000000000,400,63,"[""BEV1_2024-09-20_drive3.csv"", ""BEV1_2024-09-21_drive1.csv"", ""BEV1_2024-09-21_drive2.csv"", ""BEV1_2024-09-22_drive1.csv"", ""BEV1_2024-09-22_drive2.csv"", ""BEV1_2024-09-23_drive1.csv"", ""BEV1_2024-09-23_drive2.csv"", ""BEV1_2024-09-24_drive1.csv"", ""BEV1_2024-09-24_drive2.csv"", ""BEV1_2024-09-24_drive3.csv""]",[],1fd14d488dad1ad6a4beaabc779e938d93f37360f0b72800592f5a1907eb43b2,69d2121c2be1f8d06ba60c145b0d5fc02c1de07526f161ace506504f90ba1233
BEV2_2024-09-25_drive1.csv,train,1727247902000000000,400,337,"[""BEV2_2024-09-21_drive3.csv"", ""BEV2_2024-09-21_drive4.csv"", ""BEV2_2024-09-21_drive5.csv"", ""BEV2_2024-09-21_drive7.csv"", ""BEV2_2024-09-22_drive1.csv"", ""BEV2_2024-09-22_drive2.csv"", ""BEV2_2024-09-22_drive3.csv"", ""BEV2_2024-09-23_drive1.csv"", ""BEV2_2024-09-23_drive2.csv"", ""BEV2_2024-09-24_drive1.csv""]",[],83ebcc98c7287eb7e17af8d4ca52cd37b6f1be8b3414ec364bddec86d64a12ca,f74e22ef8e1a75792dc8dc17e24244e506044bd8c8e25abab648bcc7f502a816
BEV2_2024-09-25_drive2.csv,train,1727249134000000000,401,338,"[""BEV2_2024-09-21_drive4.csv"", ""BEV2_2024-09-21_drive5.csv"", ""BEV2_2024-09-21_drive7.csv"", ""BEV2_2024-09-22_drive1.csv"", ""BEV2_2024-09-22_drive2.csv"", ""BEV2_2024-09-22_drive3.csv"", ""BEV2_2024-09-23_drive1.csv"", ""BEV2_2024-09-23_drive2.csv"", ""BEV2_2024-09-24_drive1.csv"", ""BEV2_2024-09-25_drive1.csv""]",[],80ea52c3b6ea4f3e66a4e7fb6d0b83bdd3b1cf1c8bc905211a593c76761c7f17,cea3970fca1f0fdef1ffc38e7cb44192c9deb2ea822dcb216c90e0e645ee75b7
BEV2_2024-09-25_drive3.csv,train,1727270057000000000,403,339,"[""BEV2_2024-09-21_drive5.csv"", ""BEV2_2024-09-21_drive7.csv"", ""BEV2_2024-09-22_drive1.csv"", ""BEV2_2024-09-22_drive2.csv"", ""BEV2_2024-09-22_drive3.csv"", ""BEV2_2024-09-23_drive1.csv"", ""BEV2_2024-09-23_drive2.csv"", ""BEV2_2024-09-24_drive1.csv"", ""BEV2_2024-09-25_drive1.csv"", ""BEV2_2024-09-25_drive2.csv""]","[""BEV2_2024-09-23_drive1.csv""]",cd2b03cb140dbf4ff2c67db79845252d290407db2850b65b5e01c51d19531198,d226b0502350df1e80db9cfa8e6664eee75f60e9dc19c820086bc62899af2d85
BEV1_2024-09-25_drive2.csv,train,1727277798000000000,404,64,"[""BEV1_2024-09-21_drive1.csv"", ""BEV1_2024-09-21_drive2.csv"", ""BEV1_2024-09-22_drive1.csv"", ""BEV1_2024-09-22_drive2.csv"", ""BEV1_2024-09-23_drive1.csv"", ""BEV1_2024-09-23_drive2.csv"", ""BEV1_2024-09-24_drive1.csv"", ""BEV1_2024-09-24_drive2.csv"", ""BEV1_2024-09-24_drive3.csv"", ""BEV1_2024-09-25_drive1.csv""]","[""BEV1_2024-09-24_drive3.csv""]",4056d9514496de082bc12ae9b67f8013dfbf0b9c41e6bb5d88936a19bb2e9ca4,603b5e5d953bfbd5c8c19dc8791d6d7e63df94fa2ee51764ccfc8b90c7e4bd63
BEV2_2024-09-25_drive4.csv,train,1727287964000000000,405,340,"[""BEV2_2024-09-21_drive7.csv"", ""BEV2_2024-09-22_drive1.csv"", ""BEV2_2024-09-22_drive2.csv"", ""BEV2_2024-09-22_drive3.csv"", ""BEV2_2024-09-23_drive1.csv"", ""BEV2_2024-09-23_drive2.csv"", ""BEV2_2024-09-24_drive1.csv"", ""BEV2_2024-09-25_drive1.csv"", ""BEV2_2024-09-25_drive2.csv"", ""BEV2_2024-09-25_drive3.csv""]","[""BEV2_2024-09-23_drive2.csv""]",75b69415ba661ffee1ae9b766ec0bb112cf4f58fbdf707e878d113d8c86787b3,0682a1d0c4a2f9cc169eb01f7d95145c9511985c897ea0f2d738ca74165614a7
BEV1_2024-09-26_drive1.csv,train,1727329135000000000,406,65,"[""BEV1_2024-09-21_drive2.csv"", ""BEV1_2024-09-22_drive1.csv"", ""BEV1_2024-09-22_drive2.csv"", ""BEV1_2024-09-23_drive1.csv"", ""BEV1_2024-09-23_drive2.csv"", ""BEV1_2024-09-24_drive1.csv"", ""BEV1_2024-09-24_drive2.csv"", ""BEV1_2024-09-24_drive3.csv"", ""BEV1_2024-09-25_drive1.csv"", ""BEV1_2024-09-25_drive2.csv""]",[],ffcdc1c70860e7e90502bb9240064a452d3d1b480b650c633efa3a4604059d5c,642112f87033282340a86dd45b44fc55516dfb3d053dde5af2c985fd192858d8
BEV2_2024-09-26_drive1.csv,train,1727329704000000000,406,341,"[""BEV2_2024-09-22_drive1.csv"", ""BEV2_2024-09-22_drive2.csv"", ""BEV2_2024-09-22_drive3.csv"", ""BEV2_2024-09-23_drive1.csv"", ""BEV2_2024-09-23_drive2.csv"", ""BEV2_2024-09-24_drive1.csv"", ""BEV2_2024-09-25_drive1.csv"", ""BEV2_2024-09-25_drive2.csv"", ""BEV2_2024-09-25_drive3.csv"", ""BEV2_2024-09-25_drive4.csv""]","[""BEV2_2024-09-23_drive1.csv"", ""BEV2_2024-09-25_drive3.csv""]",a19ef50abd9b1cfc28182a4da4903cd6f41077addd44ef1769aeafc8903d1513,8c95bd264ddd8a6320edfb843d9b5883fb14765147ae4d8a4c80719e57fb0beb
BEV1_2024-09-26_drive2.csv,train,1727364816000000000,408,66,"[""BEV1_2024-09-22_drive1.csv"", ""BEV1_2024-09-22_drive2.csv"", ""BEV1_2024-09-23_drive1.csv"", ""BEV1_2024-09-23_drive2.csv"", ""BEV1_2024-09-24_drive1.csv"", ""BEV1_2024-09-24_drive2.csv"", ""BEV1_2024-09-24_drive3.csv"", ""BEV1_2024-09-25_drive1.csv"", ""BEV1_2024-09-25_drive2.csv"", ""BEV1_2024-09-26_drive1.csv""]",[],6ce00f0aac9a06655e13f19f112fecde45e9b339b21352de935d1e93c2725fe7,6bf6b013b64c76dcf0ff92ae6b72898de78918951ff66b9195551ef8cbbd6bf9
BEV2_2024-09-26_drive2.csv,train,1727369947000000000,409,342,"[""BEV2_2024-09-22_drive2.csv"", ""BEV2_2024-09-22_drive3.csv"", ""BEV2_2024-09-23_drive1.csv"", ""BEV2_2024-09-23_drive2.csv"", ""BEV2_2024-09-24_drive1.csv"", ""BEV2_2024-09-25_drive1.csv"", ""BEV2_2024-09-25_drive2.csv"", ""BEV2_2024-09-25_drive3.csv"", ""BEV2_2024-09-25_drive4.csv"", ""BEV2_2024-09-26_drive1.csv""]",[],3db44712adbeb48f314bdf885655c80e779f12faf9e7b1e87447042669fbc42c,0d710e4fa0dbf08746f4a9a0eda9d2982d0de9d930a63531a1519d4ec38aca14
BEV2_2024-09-26_drive3.csv,train,1727370554000000000,410,343,"[""BEV2_2024-09-22_drive3.csv"", ""BEV2_2024-09-23_drive1.csv"", ""BEV2_2024-09-23_drive2.csv"", ""BEV2_2024-09-24_drive1.csv"", ""BEV2_2024-09-25_drive1.csv"", ""BEV2_2024-09-25_drive2.csv"", ""BEV2_2024-09-25_drive3.csv"", ""BEV2_2024-09-25_drive4.csv"", ""BEV2_2024-09-26_drive1.csv"", ""BEV2_2024-09-26_drive2.csv""]",[],662aa1843866864a7c19a742e7ef162e67acf1b6ad0f8c2c6c3d3685f69379ad,33042044495172d30d2e6797c9250a58fed1c4539cfaccc5901b9dc2b433989a
BEV2_2024-09-27_drive1.csv,train,1727415955000000000,411,344,"[""BEV2_2024-09-23_drive1.csv"", ""BEV2_2024-09-23_drive2.csv"", ""BEV2_2024-09-24_drive1.csv"", ""BEV2_2024-09-25_drive1.csv"", ""BEV2_2024-09-25_drive2.csv"", ""BEV2_2024-09-25_drive3.csv"", ""BEV2_2024-09-25_drive4.csv"", ""BEV2_2024-09-26_drive1.csv"", ""BEV2_2024-09-26_drive2.csv"", ""BEV2_2024-09-26_drive3.csv""]",[],8780d125cc5332b96e0650a9539ae0248fb81491d655c985d180b17ccb96d905,7de79349695bd9cc04dbc400272158119307c309f3b5f005262d26e6352fc0ee
BEV1_2024-09-27_drive1.csv,train,1727416115000000000,411,67,"[""BEV1_2024-09-22_drive2.csv"", ""BEV1_2024-09-23_drive1.csv"", ""BEV1_2024-09-23_drive2.csv"", ""BEV1_2024-09-24_drive1.csv"", ""BEV1_2024-09-24_drive2.csv"", ""BEV1_2024-09-24_drive3.csv"", ""BEV1_2024-09-25_drive1.csv"", ""BEV1_2024-09-25_drive2.csv"", ""BEV1_2024-09-26_drive1.csv"", ""BEV1_2024-09-26_drive2.csv""]",[],fa49e039767a7d566ff0491f5ea0f4fa3062b8e1e180a28323b639be80f77c25,f2ad5ee95df06a99be9321fb67c85313292cf4b1e4d217012eff15ae98db9641
BEV2_2024-09-27_drive2.csv,train,1727430556000000000,413,345,"[""BEV2_2024-09-23_drive2.csv"", ""BEV2_2024-09-24_drive1.csv"", ""BEV2_2024-09-25_drive1.csv"", ""BEV2_2024-09-25_drive2.csv"", ""BEV2_2024-09-25_drive3.csv"", ""BEV2_2024-09-25_drive4.csv"", ""BEV2_2024-09-26_drive1.csv"", ""BEV2_2024-09-26_drive2.csv"", ""BEV2_2024-09-26_drive3.csv"", ""BEV2_2024-09-27_drive1.csv""]",[],cc99996064f8e21d6cbbe69fece4626a2fa8bdfe15167964eb0e477d59723721,e2c4c624eb88ffae27e987bd37f13c717579244e34ef9a65dc850b52d68ee0d2
BEV2_2024-09-27_drive3.csv,train,1727453801000000000,414,346,"[""BEV2_2024-09-24_drive1.csv"", ""BEV2_2024-09-25_drive1.csv"", ""BEV2_2024-09-25_drive2.csv"", ""BEV2_2024-09-25_drive3.csv"", ""BEV2_2024-09-25_drive4.csv"", ""BEV2_2024-09-26_drive1.csv"", ""BEV2_2024-09-26_drive2.csv"", ""BEV2_2024-09-26_drive3.csv"", ""BEV2_2024-09-27_drive1.csv"", ""BEV2_2024-09-27_drive2.csv""]",[],339fa272bb259c5c12af6af4b5517cca6f41e1e4c0682e93395d0d97ae43f20b,97d5dba88359a63fd70f1bdad77402896022f449239d1bb6f404bb76288b926b
BEV2_2024-09-27_drive4.csv,train,1727455494000000000,415,347,"[""BEV2_2024-09-25_drive1.csv"", ""BEV2_2024-09-25_drive2.csv"", ""BEV2_2024-09-25_drive3.csv"", ""BEV2_2024-09-25_drive4.csv"", ""BEV2_2024-09-26_drive1.csv"", ""BEV2_2024-09-26_drive2.csv"", ""BEV2_2024-09-26_drive3.csv"", ""BEV2_2024-09-27_drive1.csv"", ""BEV2_2024-09-27_drive2.csv"", ""BEV2_2024-09-27_drive3.csv""]",[],a9d2f0bc5e07059927d6d47ef7df3012cb7362b2ab5563e454e42cad13e966f3,89ae1ab6066b87dec60731534f5eb1451b7ab2183577549fc5c3481a9f375e6d
BEV2_2024-09-27_drive5.csv,train,1727472915000000000,416,348,"[""BEV2_2024-09-25_drive2.csv"", ""BEV2_2024-09-25_drive3.csv"", ""BEV2_2024-09-25_drive4.csv"", ""BEV2_2024-09-26_drive1.csv"", ""BEV2_2024-09-26_drive2.csv"", ""BEV2_2024-09-26_drive3.csv"", ""BEV2_2024-09-27_drive1.csv"", ""BEV2_2024-09-27_drive2.csv"", ""BEV2_2024-09-27_drive3.csv"", ""BEV2_2024-09-27_drive4.csv""]",[],cc312666effa81a77a8cb5f86d4c28f6369af8007cfbf125937c1836432e6435,bf60329bd7edb88f296824ddf031195fe53f6549525006b976036f1e9a5510d7
BEV2_2024-09-28_drive1.csv,train,1727512976000000000,417,349,"[""BEV2_2024-09-25_drive3.csv"", ""BEV2_2024-09-25_drive4.csv"", ""BEV2_2024-09-26_drive1.csv"", ""BEV2_2024-09-26_drive2.csv"", ""BEV2_2024-09-26_drive3.csv"", ""BEV2_2024-09-27_drive1.csv"", ""BEV2_2024-09-27_drive2.csv"", ""BEV2_2024-09-27_drive3.csv"", ""BEV2_2024-09-27_drive4.csv"", ""BEV2_2024-09-27_drive5.csv""]",[],1f43ce9f50ce201cb5a03647636b5d0c46e887b555eb5df0f43640077a731b85,a38f4c805efd1c48d2233ba86a99bb6c6e97b415f37bcd3ba6f78bb1b99dc3f4
BEV2_2024-09-28_drive2.csv,train,1727520093000000000,418,350,"[""BEV2_2024-09-25_drive4.csv"", ""BEV2_2024-09-26_drive1.csv"", ""BEV2_2024-09-26_drive2.csv"", ""BEV2_2024-09-26_drive3.csv"", ""BEV2_2024-09-27_drive1.csv"", ""BEV2_2024-09-27_drive2.csv"", ""BEV2_2024-09-27_drive3.csv"", ""BEV2_2024-09-27_drive4.csv"", ""BEV2_2024-09-27_drive5.csv"", ""BEV2_2024-09-28_drive1.csv""]",[],49db4f885b77e95cadcc6b7bc9cfeccf31850074a263665d35d6908c51c4a640,ca6c6e1ec9a31a1e7d14a3d54f395c0203cb5422cce3a8c0ed5922c8ce8ea900
BEV2_2024-09-28_drive4.csv,train,1727537957000000000,419,351,"[""BEV2_2024-09-26_drive1.csv"", ""BEV2_2024-09-26_drive2.csv"", ""BEV2_2024-09-26_drive3.csv"", ""BEV2_2024-09-27_drive1.csv"", ""BEV2_2024-09-27_drive2.csv"", ""BEV2_2024-09-27_drive3.csv"", ""BEV2_2024-09-27_drive4.csv"", ""BEV2_2024-09-27_drive5.csv"", ""BEV2_2024-09-28_drive1.csv"", ""BEV2_2024-09-28_drive2.csv""]",[],b18db857658afb9045b2b29612cc3235b15aa78111cf150e72694c41a542e6fc,9c91fba019583715ce2ddf2efcc9af47de3b380b7bf302e52b59bf2c767da5f3
BEV2_2024-09-28_drive5.csv,train,1727539626000000000,420,352,"[""BEV2_2024-09-26_drive2.csv"", ""BEV2_2024-09-26_drive3.csv"", ""BEV2_2024-09-27_drive1.csv"", ""BEV2_2024-09-27_drive2.csv"", ""BEV2_2024-09-27_drive3.csv"", ""BEV2_2024-09-27_drive4.csv"", ""BEV2_2024-09-27_drive5.csv"", ""BEV2_2024-09-28_drive1.csv"", ""BEV2_2024-09-28_drive2.csv"", ""BEV2_2024-09-28_drive4.csv""]",[],486e2e5f11a9822c757c822ea8d4bc93dbf916c1a3ca878022d707e61870cb03,269114366ac62ceaed0ab424acaf376e7b79276d6f35264e2d9cf5696f109f6a
BEV2_2024-09-28_drive6.csv,train,1727544723000000000,421,353,"[""BEV2_2024-09-26_drive3.csv"", ""BEV2_2024-09-27_drive1.csv"", ""BEV2_2024-09-27_drive2.csv"", ""BEV2_2024-09-27_drive3.csv"", ""BEV2_2024-09-27_drive4.csv"", ""BEV2_2024-09-27_drive5.csv"", ""BEV2_2024-09-28_drive1.csv"", ""BEV2_2024-09-28_drive2.csv"", ""BEV2_2024-09-28_drive4.csv"", ""BEV2_2024-09-28_drive5.csv""]",[],4c5a8ff8a5e3d6acb0aea82ed19f0023b02d1882ce04db69cd26c89473638cb0,5330e835ae7c1d5968234b8a84aff83fd5f1d00542c7b33e1cf97ded7083ef75
BEV2_2024-09-29_drive1.csv,train,1727584051000000000,421,353,"[""BEV2_2024-09-26_drive3.csv"", ""BEV2_2024-09-27_drive1.csv"", ""BEV2_2024-09-27_drive2.csv"", ""BEV2_2024-09-27_drive3.csv"", ""BEV2_2024-09-27_drive4.csv"", ""BEV2_2024-09-27_drive5.csv"", ""BEV2_2024-09-28_drive1.csv"", ""BEV2_2024-09-28_drive2.csv"", ""BEV2_2024-09-28_drive4.csv"", ""BEV2_2024-09-28_drive5.csv""]",[],4c5a8ff8a5e3d6acb0aea82ed19f0023b02d1882ce04db69cd26c89473638cb0,83ec1f02aae0c516c2ab36e7a4c1d4e7d8d8ceeda35a7bbb36190eeeca6da495
BEV2_2024-09-29_drive2.csv,train,1727609056000000000,421,353,"[""BEV2_2024-09-26_drive3.csv"", ""BEV2_2024-09-27_drive1.csv"", ""BEV2_2024-09-27_drive2.csv"", ""BEV2_2024-09-27_drive3.csv"", ""BEV2_2024-09-27_drive4.csv"", ""BEV2_2024-09-27_drive5.csv"", ""BEV2_2024-09-28_drive1.csv"", ""BEV2_2024-09-28_drive2.csv"", ""BEV2_2024-09-28_drive4.csv"", ""BEV2_2024-09-28_drive5.csv""]",[],4c5a8ff8a5e3d6acb0aea82ed19f0023b02d1882ce04db69cd26c89473638cb0,7466c672822038cf9da6449177ef6d929aefb98d5d6c2c53b98f878f1e198055
BEV2_2024-09-29_drive3.csv,train,1727615880000000000,422,354,"[""BEV2_2024-09-27_drive1.csv"", ""BEV2_2024-09-27_drive2.csv"", ""BEV2_2024-09-27_drive3.csv"", ""BEV2_2024-09-27_drive4.csv"", ""BEV2_2024-09-27_drive5.csv"", ""BEV2_2024-09-28_drive1.csv"", ""BEV2_2024-09-28_drive2.csv"", ""BEV2_2024-09-28_drive4.csv"", ""BEV2_2024-09-28_drive5.csv"", ""BEV2_2024-09-29_drive2.csv""]",[],2936c2e96d7922dfcbdd2ea70d1d353416aa3689db23091737ee65a92b701599,40a8afd1b07d6d11cbac2fe2af9f30a8ef4c985225078c3076a7872c0ef28e38
BEV2_2024-09-29_drive4.csv,train,1727625425000000000,423,355,"[""BEV2_2024-09-27_drive2.csv"", ""BEV2_2024-09-27_drive3.csv"", ""BEV2_2024-09-27_drive4.csv"", ""BEV2_2024-09-27_drive5.csv"", ""BEV2_2024-09-28_drive1.csv"", ""BEV2_2024-09-28_drive2.csv"", ""BEV2_2024-09-28_drive4.csv"", ""BEV2_2024-09-28_drive5.csv"", ""BEV2_2024-09-29_drive2.csv"", ""BEV2_2024-09-29_drive3.csv""]","[""BEV2_2024-09-27_drive3.csv""]",2db684cee65ad6d1ba233c30439f1fc9ebb40504420b413ad98153a0e8fad120,d140b0ec75fab1d02f2e042ea6209bac2a83969b4feb718b6c8ae2189086d7b3
BEV2_2024-09-29_drive5.csv,train,1727638369000000000,424,356,"[""BEV2_2024-09-27_drive3.csv"", ""BEV2_2024-09-27_drive4.csv"", ""BEV2_2024-09-27_drive5.csv"", ""BEV2_2024-09-28_drive1.csv"", ""BEV2_2024-09-28_drive2.csv"", ""BEV2_2024-09-28_drive4.csv"", ""BEV2_2024-09-28_drive5.csv"", ""BEV2_2024-09-29_drive2.csv"", ""BEV2_2024-09-29_drive3.csv"", ""BEV2_2024-09-29_drive4.csv""]",[],181f8ea9ffa5f3d5a88b27e1df9c5b48a0ed3cf4fa67da1e6b5f456df86cefa5,4ecda23ca0bdfa37440788dcbbcfb681566e5ea3068d522b8c26e8313396e082
BEV2_2024-09-30_drive1.csv,train,1727674985000000000,424,356,"[""BEV2_2024-09-27_drive3.csv"", ""BEV2_2024-09-27_drive4.csv"", ""BEV2_2024-09-27_drive5.csv"", ""BEV2_2024-09-28_drive1.csv"", ""BEV2_2024-09-28_drive2.csv"", ""BEV2_2024-09-28_drive4.csv"", ""BEV2_2024-09-28_drive5.csv"", ""BEV2_2024-09-29_drive2.csv"", ""BEV2_2024-09-29_drive3.csv"", ""BEV2_2024-09-29_drive4.csv""]",[],181f8ea9ffa5f3d5a88b27e1df9c5b48a0ed3cf4fa67da1e6b5f456df86cefa5,ef0cbb74b2fecf1411c7191bc109985c11ef4a745bdfcb525662de83d36dc9b8
BEV2_2024-09-30_drive2.csv,train,1727689020000000000,425,357,"[""BEV2_2024-09-27_drive4.csv"", ""BEV2_2024-09-27_drive5.csv"", ""BEV2_2024-09-28_drive1.csv"", ""BEV2_2024-09-28_drive2.csv"", ""BEV2_2024-09-28_drive4.csv"", ""BEV2_2024-09-28_drive5.csv"", ""BEV2_2024-09-29_drive2.csv"", ""BEV2_2024-09-29_drive3.csv"", ""BEV2_2024-09-29_drive4.csv"", ""BEV2_2024-09-30_drive1.csv""]",[],3493504a56cb98cc8f787dfbd46117688f7c1f81b7b9aca24eef9c7597b49dd4,f75032d18e7acbe0a0e1564103255d0195a7ddb6a7be22ccaea8a2fcc6d9278a
BEV2_2024-09-30_drive3.csv,train,1727689767000000000,426,358,"[""BEV2_2024-09-27_drive5.csv"", ""BEV2_2024-09-28_drive1.csv"", ""BEV2_2024-09-28_drive2.csv"", ""BEV2_2024-09-28_drive4.csv"", ""BEV2_2024-09-28_drive5.csv"", ""BEV2_2024-09-29_drive2.csv"", ""BEV2_2024-09-29_drive3.csv"", ""BEV2_2024-09-29_drive4.csv"", ""BEV2_2024-09-30_drive1.csv"", ""BEV2_2024-09-30_drive2.csv""]",[],4f0c3b6534a48c4368bd53a3ccc910410b7a535bbbf552881d2021ec437b7ef8,aad13ee98da6dd2806f34b12c5985ed352e595dea5a627f38b2288f9ff42e83b
BEV2_2024-09-30_drive4.csv,train,1727693142000000000,427,359,"[""BEV2_2024-09-28_drive1.csv"", ""BEV2_2024-09-28_drive2.csv"", ""BEV2_2024-09-28_drive4.csv"", ""BEV2_2024-09-28_drive5.csv"", ""BEV2_2024-09-29_drive2.csv"", ""BEV2_2024-09-29_drive3.csv"", ""BEV2_2024-09-29_drive4.csv"", ""BEV2_2024-09-30_drive1.csv"", ""BEV2_2024-09-30_drive2.csv"", ""BEV2_2024-09-30_drive3.csv""]",[],599633ce5dfe7f972d4aeb631b341ac261b14ac956be7ee0dbb95355633655a1,e16913e1fdff3cc9b743d1de1a6bf2387a506be262a37f19ede7115345052a03
BEV2_2024-09-30_drive5.csv,train,1727713236000000000,428,360,"[""BEV2_2024-09-28_drive2.csv"", ""BEV2_2024-09-28_drive4.csv"", ""BEV2_2024-09-28_drive5.csv"", ""BEV2_2024-09-29_drive2.csv"", ""BEV2_2024-09-29_drive3.csv"", ""BEV2_2024-09-29_drive4.csv"", ""BEV2_2024-09-30_drive1.csv"", ""BEV2_2024-09-30_drive2.csv"", ""BEV2_2024-09-30_drive3.csv"", ""BEV2_2024-09-30_drive4.csv""]","[""BEV2_2024-09-30_drive2.csv""]",a05d6fb22ba2e4e59a7c6288f099bfe29ba80fefec108876fe64eae7c20defa2,2136537fed441acc390a5719678281a07ad784354612d1f0d6a3b9f8096c556c
BEV2_2024-09-30_drive6.csv,train,1727720898000000000,429,361,"[""BEV2_2024-09-28_drive4.csv"", ""BEV2_2024-09-28_drive5.csv"", ""BEV2_2024-09-29_drive2.csv"", ""BEV2_2024-09-29_drive3.csv"", ""BEV2_2024-09-29_drive4.csv"", ""BEV2_2024-09-30_drive1.csv"", ""BEV2_2024-09-30_drive2.csv"", ""BEV2_2024-09-30_drive3.csv"", ""BEV2_2024-09-30_drive4.csv"", ""BEV2_2024-09-30_drive5.csv""]",[],8962669318527be10865dac3937736b8f9be4d3d15fca766c250d99c0f0f2e49,14d786a025585ad3d41f3d3a553951e550d44cdca6852502b3fbdc264f6556eb
BEV2_2024-10-01_drive1.csv,train,1727765224000000000,430,362,"[""BEV2_2024-09-28_drive5.csv"", ""BEV2_2024-09-29_drive2.csv"", ""BEV2_2024-09-29_drive3.csv"", ""BEV2_2024-09-29_drive4.csv"", ""BEV2_2024-09-30_drive1.csv"", ""BEV2_2024-09-30_drive2.csv"", ""BEV2_2024-09-30_drive3.csv"", ""BEV2_2024-09-30_drive4.csv"", ""BEV2_2024-09-30_drive5.csv"", ""BEV2_2024-09-30_drive6.csv""]",[],4965c54a32d6bae53de4426ef18617b1b53de9bbdbd2da4a5b7d8637fa123ebd,8446290ae5fdc6d9a207b039510b2e8fbe5cc4833bd8103b332915542f3ab4ac
BEV2_2024-10-01_drive2.csv,train,1727794847000000000,430,362,"[""BEV2_2024-09-28_drive5.csv"", ""BEV2_2024-09-29_drive2.csv"", ""BEV2_2024-09-29_drive3.csv"", ""BEV2_2024-09-29_drive4.csv"", ""BEV2_2024-09-30_drive1.csv"", ""BEV2_2024-09-30_drive2.csv"", ""BEV2_2024-09-30_drive3.csv"", ""BEV2_2024-09-30_drive4.csv"", ""BEV2_2024-09-30_drive5.csv"", ""BEV2_2024-09-30_drive6.csv""]",[],4965c54a32d6bae53de4426ef18617b1b53de9bbdbd2da4a5b7d8637fa123ebd,66e5bc61b831d123fef127b7f5f9c0bfff2af5fe55bf071549d88a0b060944bc
BEV1_2024-10-01_drive1.csv,train,1727800626000000000,430,68,"[""BEV1_2024-09-23_drive1.csv"", ""BEV1_2024-09-23_drive2.csv"", ""BEV1_2024-09-24_drive1.csv"", ""BEV1_2024-09-24_drive2.csv"", ""BEV1_2024-09-24_drive3.csv"", ""BEV1_2024-09-25_drive1.csv"", ""BEV1_2024-09-25_drive2.csv"", ""BEV1_2024-09-26_drive1.csv"", ""BEV1_2024-09-26_drive2.csv"", ""BEV1_2024-09-27_drive1.csv""]","[""BEV1_2024-09-24_drive3.csv"", ""BEV1_2024-09-25_drive2.csv""]",731e156eac57edac01b58900d1262993ef96d00f30ea927fbd6fbad9cc49b625,2944503cba4e489915ed212f2d6c198ab3b103f382660ccb273759180148f36f
BEV2_2024-10-01_drive3.csv,train,1727803619000000000,431,363,"[""BEV2_2024-09-29_drive2.csv"", ""BEV2_2024-09-29_drive3.csv"", ""BEV2_2024-09-29_drive4.csv"", ""BEV2_2024-09-30_drive1.csv"", ""BEV2_2024-09-30_drive2.csv"", ""BEV2_2024-09-30_drive3.csv"", ""BEV2_2024-09-30_drive4.csv"", ""BEV2_2024-09-30_drive5.csv"", ""BEV2_2024-09-30_drive6.csv"", ""BEV2_2024-10-01_drive2.csv""]",[],80c5b085c9d5aaff7175c8b1e96a9131df58d72bb6cb24ab7e412e87c3726073,0a9d81efeebfc2565e4349ae9333aa728fcf2f9c7489ce8b9225e98b5ac9db75
BEV2_2024-10-02_drive1.csv,train,1727848000000000000,433,364,"[""BEV2_2024-09-29_drive3.csv"", ""BEV2_2024-09-29_drive4.csv"", ""BEV2_2024-09-30_drive1.csv"", ""BEV2_2024-09-30_drive2.csv"", ""BEV2_2024-09-30_drive3.csv"", ""BEV2_2024-09-30_drive4.csv"", ""BEV2_2024-09-30_drive5.csv"", ""BEV2_2024-09-30_drive6.csv"", ""BEV2_2024-10-01_drive2.csv"", ""BEV2_2024-10-01_drive3.csv""]",[],905396119b7de407a9fb23714d8b9fffaa30db6160e8c3e45951fcd053ba3387,10209bf7d60769b524258aecf703e00b010e77d6d4a07a5163556ba2665bbbc0
BEV1_2024-10-02_drive1.csv,train,1727852825000000000,434,69,"[""BEV1_2024-09-23_drive2.csv"", ""BEV1_2024-09-24_drive1.csv"", ""BEV1_2024-09-24_drive2.csv"", ""BEV1_2024-09-24_drive3.csv"", ""BEV1_2024-09-25_drive1.csv"", ""BEV1_2024-09-25_drive2.csv"", ""BEV1_2024-09-26_drive1.csv"", ""BEV1_2024-09-26_drive2.csv"", ""BEV1_2024-09-27_drive1.csv"", ""BEV1_2024-10-01_drive1.csv""]",[],6931136a1e643ad0fd9bed2954bf6f81581d45a9a698be5133f54fc6552ffd1e,c5c386c95feeb23e33a464d81164d65a45a0284790d76ac2a9702220d59abc54
BEV2_2024-10-02_drive2.csv,train,1727860913000000000,435,365,"[""BEV2_2024-09-29_drive4.csv"", ""BEV2_2024-09-30_drive1.csv"", ""BEV2_2024-09-30_drive2.csv"", ""BEV2_2024-09-30_drive3.csv"", ""BEV2_2024-09-30_drive4.csv"", ""BEV2_2024-09-30_drive5.csv"", ""BEV2_2024-09-30_drive6.csv"", ""BEV2_2024-10-01_drive2.csv"", ""BEV2_2024-10-01_drive3.csv"", ""BEV2_2024-10-02_drive1.csv""]",[],70beca50e2c79c5afb75540005ca35774000662a88606080e18f705ceccf8cc8,224f3a3a54efb556ef1b817f98ed92e8497e680e1371cd0b195f4b5411096d61
BEV1_2024-10-02_drive2.csv,train,1727861979000000000,435,70,"[""BEV1_2024-09-24_drive1.csv"", ""BEV1_2024-09-24_drive2.csv"", ""BEV1_2024-09-24_drive3.csv"", ""BEV1_2024-09-25_drive1.csv"", ""BEV1_2024-09-25_drive2.csv"", ""BEV1_2024-09-26_drive1.csv"", ""BEV1_2024-09-26_drive2.csv"", ""BEV1_2024-09-27_drive1.csv"", ""BEV1_2024-10-01_drive1.csv"", ""BEV1_2024-10-02_drive1.csv""]",[],3054e422d4e10aba9db3ed3309432a31f4b8fe8181b9d0dffdb9ebd7ea2057c4,80592bffef47698bbc7826738440718502009e8a4aaf8b47a1572816cb744c57
BEV2_2024-10-02_drive3.csv,train,1727868686000000000,437,366,"[""BEV2_2024-09-30_drive1.csv"", ""BEV2_2024-09-30_drive2.csv"", ""BEV2_2024-09-30_drive3.csv"", ""BEV2_2024-09-30_drive4.csv"", ""BEV2_2024-09-30_drive5.csv"", ""BEV2_2024-09-30_drive6.csv"", ""BEV2_2024-10-01_drive2.csv"", ""BEV2_2024-10-01_drive3.csv"", ""BEV2_2024-10-02_drive1.csv"", ""BEV2_2024-10-02_drive2.csv""]",[],3b9bb1daa4344f47e95097f2b51a0ecf130788e89ed8599e3f22260b006466e4,9464ea53e125be9524c9f0efb648479670e77877826b8d05dbdd27315b9f01f9
BEV1_2024-10-02_drive3.csv,train,1727878020000000000,438,71,"[""BEV1_2024-09-24_drive2.csv"", ""BEV1_2024-09-24_drive3.csv"", ""BEV1_2024-09-25_drive1.csv"", ""BEV1_2024-09-25_drive2.csv"", ""BEV1_2024-09-26_drive1.csv"", ""BEV1_2024-09-26_drive2.csv"", ""BEV1_2024-09-27_drive1.csv"", ""BEV1_2024-10-01_drive1.csv"", ""BEV1_2024-10-02_drive1.csv"", ""BEV1_2024-10-02_drive2.csv""]",[],cf253196cc09498ff4cf813e42eda9c8c423d4a74f705a4b5378fc31d44bd626,d70ca54a801df1662b21511e94a3527ec8916230ed109c3ed19c801244d8e062
BEV2_2024-10-02_drive4.csv,train,1727886069000000000,439,367,"[""BEV2_2024-09-30_drive2.csv"", ""BEV2_2024-09-30_drive3.csv"", ""BEV2_2024-09-30_drive4.csv"", ""BEV2_2024-09-30_drive5.csv"", ""BEV2_2024-09-30_drive6.csv"", ""BEV2_2024-10-01_drive2.csv"", ""BEV2_2024-10-01_drive3.csv"", ""BEV2_2024-10-02_drive1.csv"", ""BEV2_2024-10-02_drive2.csv"", ""BEV2_2024-10-02_drive3.csv""]",[],a92ab3ea0b7af402a590718aa19a1c9299c416878f1ba39b1d509179d4abb0f4,cdbe8dc1e1d9ec00790302e5315dbd81443a57dd1edf55b646f8442f4c57c5d0
BEV2_2024-10-02_drive5.csv,train,1727888968000000000,440,368,"[""BEV2_2024-09-30_drive3.csv"", ""BEV2_2024-09-30_drive4.csv"", ""BEV2_2024-09-30_drive5.csv"", ""BEV2_2024-09-30_drive6.csv"", ""BEV2_2024-10-01_drive2.csv"", ""BEV2_2024-10-01_drive3.csv"", ""BEV2_2024-10-02_drive1.csv"", ""BEV2_2024-10-02_drive2.csv"", ""BEV2_2024-10-02_drive3.csv"", ""BEV2_2024-10-02_drive4.csv""]",[],00ba5adb3f996136280aef49842753214cfd8db10018aa5e9698f88903b3a0f5,0d1f77e510b4a08adb7a9ddcbbf27a720bb69cf3c76a6e38feab36bf07bcc39f
BEV2_2024-10-03_drive1.csv,train,1727934346000000000,441,369,"[""BEV2_2024-09-30_drive4.csv"", ""BEV2_2024-09-30_drive5.csv"", ""BEV2_2024-09-30_drive6.csv"", ""BEV2_2024-10-01_drive2.csv"", ""BEV2_2024-10-01_drive3.csv"", ""BEV2_2024-10-02_drive1.csv"", ""BEV2_2024-10-02_drive2.csv"", ""BEV2_2024-10-02_drive3.csv"", ""BEV2_2024-10-02_drive4.csv"", ""BEV2_2024-10-02_drive5.csv""]",[],2791f0fd58c71fa15090d63375b30a3fd1531c5b2ef8c9063b6e40914236e7f1,7918d7935afb99ab9ce307265bb6242164c55feb9dccad40be1cf93237476a86
BEV1_2024-10-03_drive1.csv,train,1727935614000000000,442,72,"[""BEV1_2024-09-24_drive3.csv"", ""BEV1_2024-09-25_drive1.csv"", ""BEV1_2024-09-25_drive2.csv"", ""BEV1_2024-09-26_drive1.csv"", ""BEV1_2024-09-26_drive2.csv"", ""BEV1_2024-09-27_drive1.csv"", ""BEV1_2024-10-01_drive1.csv"", ""BEV1_2024-10-02_drive1.csv"", ""BEV1_2024-10-02_drive2.csv"", ""BEV1_2024-10-02_drive3.csv""]",[],8c66a37de7863ad47f32a638e64d57b2586ce3bc746fa9758985bc088563b58c,27e20ee2e8b99e129e9a8b7f76148b4c9179881fd25718dc373af2da81af8002
BEV2_2024-10-03_drive2.csv,train,1727948472000000000,443,370,"[""BEV2_2024-09-30_drive5.csv"", ""BEV2_2024-09-30_drive6.csv"", ""BEV2_2024-10-01_drive2.csv"", ""BEV2_2024-10-01_drive3.csv"", ""BEV2_2024-10-02_drive1.csv"", ""BEV2_2024-10-02_drive2.csv"", ""BEV2_2024-10-02_drive3.csv"", ""BEV2_2024-10-02_drive4.csv"", ""BEV2_2024-10-02_drive5.csv"", ""BEV2_2024-10-03_drive1.csv""]",[],cbcf8cf2c3ee1a4c53b3731f7f4fe00b0a1621ba515e5befb8adf09d0628c4d4,c8f6732bb981e5ea5cb7376406f93b32e36a69bf66f7cb5bd0dc565b4d2bd128
BEV2_2024-10-03_drive3.csv,train,1727950024000000000,444,371,"[""BEV2_2024-09-30_drive6.csv"", ""BEV2_2024-10-01_drive2.csv"", ""BEV2_2024-10-01_drive3.csv"", ""BEV2_2024-10-02_drive1.csv"", ""BEV2_2024-10-02_drive2.csv"", ""BEV2_2024-10-02_drive3.csv"", ""BEV2_2024-10-02_drive4.csv"", ""BEV2_2024-10-02_drive5.csv"", ""BEV2_2024-10-03_drive1.csv"", ""BEV2_2024-10-03_drive2.csv""]",[],e55a41d81aa6870d03ecf1ad9b55dc9e2e3b6353ac4d286ea7f097283c0076a9,b511a643810b0183c090afec905479420b9217d8b8186a5ce5d8742f152d9134
BEV1_2024-10-03_drive2.csv,train,1727951697000000000,445,73,"[""BEV1_2024-09-25_drive1.csv"", ""BEV1_2024-09-25_drive2.csv"", ""BEV1_2024-09-26_drive1.csv"", ""BEV1_2024-09-26_drive2.csv"", ""BEV1_2024-09-27_drive1.csv"", ""BEV1_2024-10-01_drive1.csv"", ""BEV1_2024-10-02_drive1.csv"", ""BEV1_2024-10-02_drive2.csv"", ""BEV1_2024-10-02_drive3.csv"", ""BEV1_2024-10-03_drive1.csv""]",[],5e1d53723f8f9e2c9d7b5ef9fb79f5f145bcbd39c4e56b3b95268fa8ee6a867e,a0555b0d2d540fdfe2290d3046060faa468d958d64bc3e958abdea5a09a85135
BEV1_2024-10-03_drive3.csv,train,1727970907000000000,445,73,"[""BEV1_2024-09-25_drive1.csv"", ""BEV1_2024-09-25_drive2.csv"", ""BEV1_2024-09-26_drive1.csv"", ""BEV1_2024-09-26_drive2.csv"", ""BEV1_2024-09-27_drive1.csv"", ""BEV1_2024-10-01_drive1.csv"", ""BEV1_2024-10-02_drive1.csv"", ""BEV1_2024-10-02_drive2.csv"", ""BEV1_2024-10-02_drive3.csv"", ""BEV1_2024-10-03_drive1.csv""]","[""BEV1_2024-09-25_drive2.csv"", ""BEV1_2024-10-01_drive1.csv""]",5e1d53723f8f9e2c9d7b5ef9fb79f5f145bcbd39c4e56b3b95268fa8ee6a867e,1ed8340dad483c702ea3a9141d23e9738ce419420c1232ffe4739e62b8f8f55c
BEV2_2024-10-03_drive4.csv,train,1727974630000000000,446,372,"[""BEV2_2024-10-01_drive2.csv"", ""BEV2_2024-10-01_drive3.csv"", ""BEV2_2024-10-02_drive1.csv"", ""BEV2_2024-10-02_drive2.csv"", ""BEV2_2024-10-02_drive3.csv"", ""BEV2_2024-10-02_drive4.csv"", ""BEV2_2024-10-02_drive5.csv"", ""BEV2_2024-10-03_drive1.csv"", ""BEV2_2024-10-03_drive2.csv"", ""BEV2_2024-10-03_drive3.csv""]",[],4c058983770c26a1c988f38982e94dc0298fdb107354cbeaf6e386e08686c741,65c898debb9bd6fda3866b8bcdda72fc8973107bac71682ded6b16ba8ebf2d16
BEV2_2024-10-03_drive5.csv,train,1727976644000000000,447,373,"[""BEV2_2024-10-01_drive3.csv"", ""BEV2_2024-10-02_drive1.csv"", ""BEV2_2024-10-02_drive2.csv"", ""BEV2_2024-10-02_drive3.csv"", ""BEV2_2024-10-02_drive4.csv"", ""BEV2_2024-10-02_drive5.csv"", ""BEV2_2024-10-03_drive1.csv"", ""BEV2_2024-10-03_drive2.csv"", ""BEV2_2024-10-03_drive3.csv"", ""BEV2_2024-10-03_drive4.csv""]",[],a01ac3061ed4055b2dc9f6f5593a2c3570f046d763353ed3c9ac89e1e4415cfe,bc6d1bbd47adfa5065217282d870bcc2ddef95e1582d92d0927ceea140cf2b6e
BEV2_2024-10-03_drive6.csv,train,1727983911000000000,448,374,"[""BEV2_2024-10-02_drive1.csv"", ""BEV2_2024-10-02_drive2.csv"", ""BEV2_2024-10-02_drive3.csv"", ""BEV2_2024-10-02_drive4.csv"", ""BEV2_2024-10-02_drive5.csv"", ""BEV2_2024-10-03_drive1.csv"", ""BEV2_2024-10-03_drive2.csv"", ""BEV2_2024-10-03_drive3.csv"", ""BEV2_2024-10-03_drive4.csv"", ""BEV2_2024-10-03_drive5.csv""]",[],101699715aef033475e2ff05691a486e712b1f27713889a4e2b4d95b232d9609,2ae4f397302c551c66e0b023ab5bd2f41f75990dab19f50371bd9dd88b27d88d
BEV2_2024-10-04_drive1.csv,train,1728020670000000000,449,375,"[""BEV2_2024-10-02_drive2.csv"", ""BEV2_2024-10-02_drive3.csv"", ""BEV2_2024-10-02_drive4.csv"", ""BEV2_2024-10-02_drive5.csv"", ""BEV2_2024-10-03_drive1.csv"", ""BEV2_2024-10-03_drive2.csv"", ""BEV2_2024-10-03_drive3.csv"", ""BEV2_2024-10-03_drive4.csv"", ""BEV2_2024-10-03_drive5.csv"", ""BEV2_2024-10-03_drive6.csv""]","[""BEV2_2024-10-03_drive3.csv""]",04f2ce894a50a3684f04103b13e9d46311aa3e7d3e5a82dce0db02e13313b587,929918ea2a39c06e3d208279c3a2b078722ac6993be6a37554270ccb8c18e0e7
BEV1_2024-10-04_drive1.csv,train,1728021193000000000,449,74,"[""BEV1_2024-09-25_drive2.csv"", ""BEV1_2024-09-26_drive1.csv"", ""BEV1_2024-09-26_drive2.csv"", ""BEV1_2024-09-27_drive1.csv"", ""BEV1_2024-10-01_drive1.csv"", ""BEV1_2024-10-02_drive1.csv"", ""BEV1_2024-10-02_drive2.csv"", ""BEV1_2024-10-02_drive3.csv"", ""BEV1_2024-10-03_drive1.csv"", ""BEV1_2024-10-03_drive3.csv""]","[""BEV1_2024-10-02_drive1.csv""]",5b52465b921debd8df117ec8e23258fc70580b283b394a8dcfd751d5e5883b0d,c7d573a21f9bd1d04d9a013d4850cbde1aa0b3f13daaa519e71e9003541ba1c9
BEV2_2024-10-04_drive2.csv,train,1728063554000000000,450,375,"[""BEV2_2024-10-02_drive2.csv"", ""BEV2_2024-10-02_drive3.csv"", ""BEV2_2024-10-02_drive4.csv"", ""BEV2_2024-10-02_drive5.csv"", ""BEV2_2024-10-03_drive1.csv"", ""BEV2_2024-10-03_drive2.csv"", ""BEV2_2024-10-03_drive3.csv"", ""BEV2_2024-10-03_drive4.csv"", ""BEV2_2024-10-03_drive5.csv"", ""BEV2_2024-10-03_drive6.csv""]",[],04f2ce894a50a3684f04103b13e9d46311aa3e7d3e5a82dce0db02e13313b587,b0ae34528cbe4f5c24631bd6f3e0c237706f66ca247df1d8ca02ded06803d680
BEV2_2024-10-05_drive1.csv,train,1728107668000000000,451,376,"[""BEV2_2024-10-02_drive3.csv"", ""BEV2_2024-10-02_drive4.csv"", ""BEV2_2024-10-02_drive5.csv"", ""BEV2_2024-10-03_drive1.csv"", ""BEV2_2024-10-03_drive2.csv"", ""BEV2_2024-10-03_drive3.csv"", ""BEV2_2024-10-03_drive4.csv"", ""BEV2_2024-10-03_drive5.csv"", ""BEV2_2024-10-03_drive6.csv"", ""BEV2_2024-10-04_drive2.csv""]",[],52337c5adc39f4671d09f055a36fb4c7a5fabd271b5e0fef3fbcc0e59a04d346,524e7809155cd7140ded32eaba497a44876439aae88b32c202bae96b574205c1
BEV2_2024-10-06_drive1.csv,train,1728221838000000000,452,377,"[""BEV2_2024-10-02_drive4.csv"", ""BEV2_2024-10-02_drive5.csv"", ""BEV2_2024-10-03_drive1.csv"", ""BEV2_2024-10-03_drive2.csv"", ""BEV2_2024-10-03_drive3.csv"", ""BEV2_2024-10-03_drive4.csv"", ""BEV2_2024-10-03_drive5.csv"", ""BEV2_2024-10-03_drive6.csv"", ""BEV2_2024-10-04_drive2.csv"", ""BEV2_2024-10-05_drive1.csv""]",[],4d86845b3c8d61d8340e1960cec95646d9f469f7fcc7abef960f8f97bf023ad2,bf350ecfa2b2796ceb9572aeb059499e2094540b6f09e40911a06084f550bdbf
BEV2_2024-10-06_drive2.csv,train,1728227447000000000,453,378,"[""BEV2_2024-10-02_drive5.csv"", ""BEV2_2024-10-03_drive1.csv"", ""BEV2_2024-10-03_drive2.csv"", ""BEV2_2024-10-03_drive3.csv"", ""BEV2_2024-10-03_drive4.csv"", ""BEV2_2024-10-03_drive5.csv"", ""BEV2_2024-10-03_drive6.csv"", ""BEV2_2024-10-04_drive2.csv"", ""BEV2_2024-10-05_drive1.csv"", ""BEV2_2024-10-06_drive1.csv""]",[],59022102e7b32322d8218aa9b940fd3754c34889f68f02b07b226e2defe9cda7,a85e80d6d43bb40ac75e565ac35c39cd89bcda53a94ed8fbb816637a996c25d6
BEV2_2024-10-06_drive3.csv,train,1728232668000000000,454,379,"[""BEV2_2024-10-03_drive1.csv"", ""BEV2_2024-10-03_drive2.csv"", ""BEV2_2024-10-03_drive3.csv"", ""BEV2_2024-10-03_drive4.csv"", ""BEV2_2024-10-03_drive5.csv"", ""BEV2_2024-10-03_drive6.csv"", ""BEV2_2024-10-04_drive2.csv"", ""BEV2_2024-10-05_drive1.csv"", ""BEV2_2024-10-06_drive1.csv"", ""BEV2_2024-10-06_drive2.csv""]",[],42fc7fca00ebae8ee38550113a0553d7ebd2244e394ed21a97b0cfcac1de86ab,e88401ed6ccf3d9c955f2016df3b7c4df35893324d839e7f04fd6199d4a3c2de
BEV2_2024-10-07_drive1.csv,train,1728283173000000000,455,380,"[""BEV2_2024-10-03_drive2.csv"", ""BEV2_2024-10-03_drive3.csv"", ""BEV2_2024-10-03_drive4.csv"", ""BEV2_2024-10-03_drive5.csv"", ""BEV2_2024-10-03_drive6.csv"", ""BEV2_2024-10-04_drive2.csv"", ""BEV2_2024-10-05_drive1.csv"", ""BEV2_2024-10-06_drive1.csv"", ""BEV2_2024-10-06_drive2.csv"", ""BEV2_2024-10-06_drive3.csv""]",[],2448602b2eeabcf788eec69efd01078d19b2677af2a8caa40015dbe0f58e606b,4f13492ff032b4e110d27cd5d31dc8763217070faab90b10afbd98cbbb6f48dc
BEV2_2024-10-07_drive2.csv,train,1728326102000000000,456,381,"[""BEV2_2024-10-03_drive3.csv"", ""BEV2_2024-10-03_drive4.csv"", ""BEV2_2024-10-03_drive5.csv"", ""BEV2_2024-10-03_drive6.csv"", ""BEV2_2024-10-04_drive2.csv"", ""BEV2_2024-10-05_drive1.csv"", ""BEV2_2024-10-06_drive1.csv"", ""BEV2_2024-10-06_drive2.csv"", ""BEV2_2024-10-06_drive3.csv"", ""BEV2_2024-10-07_drive1.csv""]",[],90c91aeb884556a3c8022d82f84727ffef7541256d0ee5de2c62b7789226f68d,8ec76df1decf6686721c39fce8d978d1246c98888d35b7b1c09d7d1220d2a20f
BEV2_2024-10-08_drive1.csv,train,1728367495000000000,457,382,"[""BEV2_2024-10-03_drive4.csv"", ""BEV2_2024-10-03_drive5.csv"", ""BEV2_2024-10-03_drive6.csv"", ""BEV2_2024-10-04_drive2.csv"", ""BEV2_2024-10-05_drive1.csv"", ""BEV2_2024-10-06_drive1.csv"", ""BEV2_2024-10-06_drive2.csv"", ""BEV2_2024-10-06_drive3.csv"", ""BEV2_2024-10-07_drive1.csv"", ""BEV2_2024-10-07_drive2.csv""]",[],a2d2c31f33c4e1ffea7dc1751038bb4cc5cedccab02642e34e7a913eacfeb384,40137307cf2d2eb4e0d4054022e93a2cc7d5fb44536f18f3f453c0446f0db474
BEV2_2024-10-08_drive2.csv,train,1728379248000000000,458,383,"[""BEV2_2024-10-03_drive5.csv"", ""BEV2_2024-10-03_drive6.csv"", ""BEV2_2024-10-04_drive2.csv"", ""BEV2_2024-10-05_drive1.csv"", ""BEV2_2024-10-06_drive1.csv"", ""BEV2_2024-10-06_drive2.csv"", ""BEV2_2024-10-06_drive3.csv"", ""BEV2_2024-10-07_drive1.csv"", ""BEV2_2024-10-07_drive2.csv"", ""BEV2_2024-10-08_drive1.csv""]",[],8daa060a4bc37222a114843767138aed77e3615bc9f9022cbfe43f61c2624af1,215eb83bee645babf374b2607433f3db1cc518919f647e17b1d567e939f49c12
BEV2_2024-10-08_drive3.csv,train,1728386481000000000,459,384,"[""BEV2_2024-10-03_drive6.csv"", ""BEV2_2024-10-04_drive2.csv"", ""BEV2_2024-10-05_drive1.csv"", ""BEV2_2024-10-06_drive1.csv"", ""BEV2_2024-10-06_drive2.csv"", ""BEV2_2024-10-06_drive3.csv"", ""BEV2_2024-10-07_drive1.csv"", ""BEV2_2024-10-07_drive2.csv"", ""BEV2_2024-10-08_drive1.csv"", ""BEV2_2024-10-08_drive2.csv""]",[],67c50f0e18dc00948205394ef0de5f8e8f6d97c1a811feb21e98ffcab8c3f459,a8aed6279994f1b5ba6d9b8ddb5391ebcc78e82fe2a46231f769e6054cd12900
BEV2_2024-10-08_drive4.csv,train,1728391257000000000,460,385,"[""BEV2_2024-10-04_drive2.csv"", ""BEV2_2024-10-05_drive1.csv"", ""BEV2_2024-10-06_drive1.csv"", ""BEV2_2024-10-06_drive2.csv"", ""BEV2_2024-10-06_drive3.csv"", ""BEV2_2024-10-07_drive1.csv"", ""BEV2_2024-10-07_drive2.csv"", ""BEV2_2024-10-08_drive1.csv"", ""BEV2_2024-10-08_drive2.csv"", ""BEV2_2024-10-08_drive3.csv""]",[],056fddf80d93d7c363c07890f31c2e3f52fcc501b98bcfbc7d564296f68e1655,f6d9298a632287f8ae686f0ac670af11992b39e0b338f4874c2c0e4c11761d8f
BEV2_2024-10-08_drive5.csv,train,1728395419000000000,461,386,"[""BEV2_2024-10-05_drive1.csv"", ""BEV2_2024-10-06_drive1.csv"", ""BEV2_2024-10-06_drive2.csv"", ""BEV2_2024-10-06_drive3.csv"", ""BEV2_2024-10-07_drive1.csv"", ""BEV2_2024-10-07_drive2.csv"", ""BEV2_2024-10-08_drive1.csv"", ""BEV2_2024-10-08_drive2.csv"", ""BEV2_2024-10-08_drive3.csv"", ""BEV2_2024-10-08_drive4.csv""]",[],7ca4e72f9619f1ea8c96994b368ff856b6613a62aa10a164546503c26a7662e3,653452afc86a27f8739710e5c758f75f2a5d559651e18c74495203e907832c5b
BEV2_2024-10-08_drive6.csv,train,1728412452000000000,462,387,"[""BEV2_2024-10-06_drive1.csv"", ""BEV2_2024-10-06_drive2.csv"", ""BEV2_2024-10-06_drive3.csv"", ""BEV2_2024-10-07_drive1.csv"", ""BEV2_2024-10-07_drive2.csv"", ""BEV2_2024-10-08_drive1.csv"", ""BEV2_2024-10-08_drive2.csv"", ""BEV2_2024-10-08_drive3.csv"", ""BEV2_2024-10-08_drive4.csv"", ""BEV2_2024-10-08_drive5.csv""]",[],0afdbad8694b0d57bc83fea96478a113869d639ea9f0fbc4cd9dcc81659363fd,2a7a0b0312935f9590e9a30e82992c32b9744389d775f5ac662c8877f92f03c7
BEV2_2024-10-08_drive7.csv,train,1728415182000000000,462,387,"[""BEV2_2024-10-06_drive1.csv"", ""BEV2_2024-10-06_drive2.csv"", ""BEV2_2024-10-06_drive3.csv"", ""BEV2_2024-10-07_drive1.csv"", ""BEV2_2024-10-07_drive2.csv"", ""BEV2_2024-10-08_drive1.csv"", ""BEV2_2024-10-08_drive2.csv"", ""BEV2_2024-10-08_drive3.csv"", ""BEV2_2024-10-08_drive4.csv"", ""BEV2_2024-10-08_drive5.csv""]",[],0afdbad8694b0d57bc83fea96478a113869d639ea9f0fbc4cd9dcc81659363fd,f36fb62c7d7c9d9f1eadb6360cb1d1cbf391c1d5543c289a6076624d11f00c91
BEV2_2024-10-09_drive1.csv,train,1728452700000000000,463,388,"[""BEV2_2024-10-06_drive2.csv"", ""BEV2_2024-10-06_drive3.csv"", ""BEV2_2024-10-07_drive1.csv"", ""BEV2_2024-10-07_drive2.csv"", ""BEV2_2024-10-08_drive1.csv"", ""BEV2_2024-10-08_drive2.csv"", ""BEV2_2024-10-08_drive3.csv"", ""BEV2_2024-10-08_drive4.csv"", ""BEV2_2024-10-08_drive5.csv"", ""BEV2_2024-10-08_drive7.csv""]",[],f2f7e0231f6354d61f94f2a4d96cab3e5eb2da1f793afac9a4945765e9df4463,b8a2f9cecf922999766175cc1e557cb4843c9eca759533499223d7bf2eba9f31
BEV2_2024-10-09_drive2.csv,train,1728465036000000000,464,389,"[""BEV2_2024-10-06_drive3.csv"", ""BEV2_2024-10-07_drive1.csv"", ""BEV2_2024-10-07_drive2.csv"", ""BEV2_2024-10-08_drive1.csv"", ""BEV2_2024-10-08_drive2.csv"", ""BEV2_2024-10-08_drive3.csv"", ""BEV2_2024-10-08_drive4.csv"", ""BEV2_2024-10-08_drive5.csv"", ""BEV2_2024-10-08_drive7.csv"", ""BEV2_2024-10-09_drive1.csv""]",[],cb4e6ab28e6571e1c0517d1378eb5aa8395e63e42d368a70651d59b9936cd23a,f9b762458cf87b9ff05d7a5ed4cde57d7863cf27f8e27108a020192e7b240786
BEV2_2024-10-09_drive3.csv,train,1728480472000000000,465,390,"[""BEV2_2024-10-07_drive1.csv"", ""BEV2_2024-10-07_drive2.csv"", ""BEV2_2024-10-08_drive1.csv"", ""BEV2_2024-10-08_drive2.csv"", ""BEV2_2024-10-08_drive3.csv"", ""BEV2_2024-10-08_drive4.csv"", ""BEV2_2024-10-08_drive5.csv"", ""BEV2_2024-10-08_drive7.csv"", ""BEV2_2024-10-09_drive1.csv"", ""BEV2_2024-10-09_drive2.csv""]",[],827f98dcfd8d5e64737d9311f3a5ebd01dad402922ad4af2a34643012bfefab8,cc3da7bf62e771801632ab609bd8f5688022a8e4becb5332afd8c36ca5d4c881
BEV2_2024-10-09_drive4.csv,train,1728489555000000000,466,391,"[""BEV2_2024-10-07_drive2.csv"", ""BEV2_2024-10-08_drive1.csv"", ""BEV2_2024-10-08_drive2.csv"", ""BEV2_2024-10-08_drive3.csv"", ""BEV2_2024-10-08_drive4.csv"", ""BEV2_2024-10-08_drive5.csv"", ""BEV2_2024-10-08_drive7.csv"", ""BEV2_2024-10-09_drive1.csv"", ""BEV2_2024-10-09_drive2.csv"", ""BEV2_2024-10-09_drive3.csv""]",[],4bfa5a8b008f36e7a22fe5a1890abcabf24f48546476de0b8ee2e91f40071784,bf545b8223299ba90f56bee5b25a5ac041240f23ce9d05c28a5d10af8327028b
BEV2_2024-10-10_drive1.csv,train,1728538873000000000,467,392,"[""BEV2_2024-10-08_drive1.csv"", ""BEV2_2024-10-08_drive2.csv"", ""BEV2_2024-10-08_drive3.csv"", ""BEV2_2024-10-08_drive4.csv"", ""BEV2_2024-10-08_drive5.csv"", ""BEV2_2024-10-08_drive7.csv"", ""BEV2_2024-10-09_drive1.csv"", ""BEV2_2024-10-09_drive2.csv"", ""BEV2_2024-10-09_drive3.csv"", ""BEV2_2024-10-09_drive4.csv""]",[],634e5c9c8d4f1ce265f6ad4e5b34b613bd5385ef51f0f9c1baf979ac40fa9a56,69c72e4b38049ddc5b2d0d995227dd6918a7c05cf0e6ba8a1f045caee8dbc61a
BEV2_2024-10-10_drive2.csv,train,1728569413000000000,468,393,"[""BEV2_2024-10-08_drive2.csv"", ""BEV2_2024-10-08_drive3.csv"", ""BEV2_2024-10-08_drive4.csv"", ""BEV2_2024-10-08_drive5.csv"", ""BEV2_2024-10-08_drive7.csv"", ""BEV2_2024-10-09_drive1.csv"", ""BEV2_2024-10-09_drive2.csv"", ""BEV2_2024-10-09_drive3.csv"", ""BEV2_2024-10-09_drive4.csv"", ""BEV2_2024-10-10_drive1.csv""]",[],d2c6cf9d7081938353b049c4ffd3236ae215bde7ba601ade73c4f5a9510172f4,fa012dfc9a80fdfbf187ec4aec6013c7e245b2a34b2e20e7318a3834ee5bba6d
BEV2_2024-10-10_drive3.csv,train,1728576473000000000,469,394,"[""BEV2_2024-10-08_drive3.csv"", ""BEV2_2024-10-08_drive4.csv"", ""BEV2_2024-10-08_drive5.csv"", ""BEV2_2024-10-08_drive7.csv"", ""BEV2_2024-10-09_drive1.csv"", ""BEV2_2024-10-09_drive2.csv"", ""BEV2_2024-10-09_drive3.csv"", ""BEV2_2024-10-09_drive4.csv"", ""BEV2_2024-10-10_drive1.csv"", ""BEV2_2024-10-10_drive2.csv""]",[],f72f1833832c45a218f27ec2bea2d942564f3252deb0d91a86e99668a9f7f2ee,5d004941c69ec889a95fc42c0deea5f2f0567c2329225c1321c0990c0aa9dc7c
BEV2_2024-10-11_drive2.csv,train,1728667538000000000,470,395,"[""BEV2_2024-10-08_drive4.csv"", ""BEV2_2024-10-08_drive5.csv"", ""BEV2_2024-10-08_drive7.csv"", ""BEV2_2024-10-09_drive1.csv"", ""BEV2_2024-10-09_drive2.csv"", ""BEV2_2024-10-09_drive3.csv"", ""BEV2_2024-10-09_drive4.csv"", ""BEV2_2024-10-10_drive1.csv"", ""BEV2_2024-10-10_drive2.csv"", ""BEV2_2024-10-10_drive3.csv""]",[],1d19ee0f98b68f33c14cc9cf96a322d345d03f2f3e21bcd2fe1b3803f3ba3611,8c83ec94068398878e46a7b2eee34ac1c5f7db8f3dabba000fb020c7d9f898a8
BEV2_2024-10-11_drive3.csv,train,1728670142000000000,471,396,"[""BEV2_2024-10-08_drive5.csv"", ""BEV2_2024-10-08_drive7.csv"", ""BEV2_2024-10-09_drive1.csv"", ""BEV2_2024-10-09_drive2.csv"", ""BEV2_2024-10-09_drive3.csv"", ""BEV2_2024-10-09_drive4.csv"", ""BEV2_2024-10-10_drive1.csv"", ""BEV2_2024-10-10_drive2.csv"", ""BEV2_2024-10-10_drive3.csv"", ""BEV2_2024-10-11_drive2.csv""]",[],9e5b0fa5119d6d6ceb74f666c6bae8aa2c733d6c781087569f3e81a13fc92950,0fb699b78da234d4ac1cdc0ad99dafcf29823587cb86e6c96af6c120d05f628c
BEV2_2024-10-11_drive4.csv,train,1728677101000000000,472,397,"[""BEV2_2024-10-08_drive7.csv"", ""BEV2_2024-10-09_drive1.csv"", ""BEV2_2024-10-09_drive2.csv"", ""BEV2_2024-10-09_drive3.csv"", ""BEV2_2024-10-09_drive4.csv"", ""BEV2_2024-10-10_drive1.csv"", ""BEV2_2024-10-10_drive2.csv"", ""BEV2_2024-10-10_drive3.csv"", ""BEV2_2024-10-11_drive2.csv"", ""BEV2_2024-10-11_drive3.csv""]",[],bf1adf129e8ac371e7cf3e64397d04bc3983def7c26eb6401ff55b1312316c3d,35f041caa9de9e4bbcee9821f28b6f3ff8e3ca79c34648b3214e9912919f2603
BEV2_2024-10-12_drive1.csv,train,1728749708000000000,473,398,"[""BEV2_2024-10-09_drive1.csv"", ""BEV2_2024-10-09_drive2.csv"", ""BEV2_2024-10-09_drive3.csv"", ""BEV2_2024-10-09_drive4.csv"", ""BEV2_2024-10-10_drive1.csv"", ""BEV2_2024-10-10_drive2.csv"", ""BEV2_2024-10-10_drive3.csv"", ""BEV2_2024-10-11_drive2.csv"", ""BEV2_2024-10-11_drive3.csv"", ""BEV2_2024-10-11_drive4.csv""]",[],f5e14009fe3d5ca4f5889df9f40e3397e5c12e988bba01cbd9041b60d4d529b7,4674e5c1b591544d610f6f9c87aae95bb303c19f4c3b3d5d2e6eef6f1cddc468
BEV2_2024-10-12_drive2.csv,train,1728756660000000000,474,399,"[""BEV2_2024-10-09_drive2.csv"", ""BEV2_2024-10-09_drive3.csv"", ""BEV2_2024-10-09_drive4.csv"", ""BEV2_2024-10-10_drive1.csv"", ""BEV2_2024-10-10_drive2.csv"", ""BEV2_2024-10-10_drive3.csv"", ""BEV2_2024-10-11_drive2.csv"", ""BEV2_2024-10-11_drive3.csv"", ""BEV2_2024-10-11_drive4.csv"", ""BEV2_2024-10-12_drive1.csv""]",[],c99596d2c8bde8a040c28285db39f097ec58c0cb112d6d23df9465ed8d0d51c9,cb4c11ae20935517addc2d421737fbe689671e5b8775ef3c29d2964bb1decb5b
BEV2_2024-10-13_drive1.csv,train,1728807726000000000,475,400,"[""BEV2_2024-10-09_drive3.csv"", ""BEV2_2024-10-09_drive4.csv"", ""BEV2_2024-10-10_drive1.csv"", ""BEV2_2024-10-10_drive2.csv"", ""BEV2_2024-10-10_drive3.csv"", ""BEV2_2024-10-11_drive2.csv"", ""BEV2_2024-10-11_drive3.csv"", ""BEV2_2024-10-11_drive4.csv"", ""BEV2_2024-10-12_drive1.csv"", ""BEV2_2024-10-12_drive2.csv""]",[],341a46879b9809f8900047cfdde225c3735d07e3cecdad3598b555f7264b0e03,87c3cbe32cf077746d7c154de838b3d9b172321b48acc88d6bbd22723f7632c8
BEV2_2024-10-13_drive2.csv,train,1728813851000000000,475,400,"[""BEV2_2024-10-09_drive3.csv"", ""BEV2_2024-10-09_drive4.csv"", ""BEV2_2024-10-10_drive1.csv"", ""BEV2_2024-10-10_drive2.csv"", ""BEV2_2024-10-10_drive3.csv"", ""BEV2_2024-10-11_drive2.csv"", ""BEV2_2024-10-11_drive3.csv"", ""BEV2_2024-10-11_drive4.csv"", ""BEV2_2024-10-12_drive1.csv"", ""BEV2_2024-10-12_drive2.csv""]",[],341a46879b9809f8900047cfdde225c3735d07e3cecdad3598b555f7264b0e03,e6688c060baddaa6c1c5fa109c031c57bf2fa46321373d530b32938a03e8dfa2
BEV2_2024-10-13_drive3.csv,train,1728820403000000000,476,401,"[""BEV2_2024-10-09_drive4.csv"", ""BEV2_2024-10-10_drive1.csv"", ""BEV2_2024-10-10_drive2.csv"", ""BEV2_2024-10-10_drive3.csv"", ""BEV2_2024-10-11_drive2.csv"", ""BEV2_2024-10-11_drive3.csv"", ""BEV2_2024-10-11_drive4.csv"", ""BEV2_2024-10-12_drive1.csv"", ""BEV2_2024-10-12_drive2.csv"", ""BEV2_2024-10-13_drive2.csv""]",[],3db75eb43ee5603a822554d52ed66fa98b052b9bfeccf2dd889912c82a369287,caaeeee50fb074041e14c1f684645604a446186c06e7dd63814c929cdd96b7dd
BEV2_2024-10-13_drive4.csv,train,1728830278000000000,477,402,"[""BEV2_2024-10-10_drive1.csv"", ""BEV2_2024-10-10_drive2.csv"", ""BEV2_2024-10-10_drive3.csv"", ""BEV2_2024-10-11_drive2.csv"", ""BEV2_2024-10-11_drive3.csv"", ""BEV2_2024-10-11_drive4.csv"", ""BEV2_2024-10-12_drive1.csv"", ""BEV2_2024-10-12_drive2.csv"", ""BEV2_2024-10-13_drive2.csv"", ""BEV2_2024-10-13_drive3.csv""]",[],a23f2396f7528e0202992866c6f19973d730ec7d1cef943466fb40413cb68ade,1c8be7330eac70c206e5ca40ab2c4dc4fcc78d5d916104e75d6a46db62ad2ad3
BEV2_2024-10-13_drive5.csv,train,1728850535000000000,477,402,"[""BEV2_2024-10-10_drive1.csv"", ""BEV2_2024-10-10_drive2.csv"", ""BEV2_2024-10-10_drive3.csv"", ""BEV2_2024-10-11_drive2.csv"", ""BEV2_2024-10-11_drive3.csv"", ""BEV2_2024-10-11_drive4.csv"", ""BEV2_2024-10-12_drive1.csv"", ""BEV2_2024-10-12_drive2.csv"", ""BEV2_2024-10-13_drive2.csv"", ""BEV2_2024-10-13_drive3.csv""]",[],a23f2396f7528e0202992866c6f19973d730ec7d1cef943466fb40413cb68ade,88af87c67a459805a583a09c12a1be4c63396373628bab1915500f924d933d4b
BEV2_2024-10-14_drive1.csv,train,1728884477000000000,478,403,"[""BEV2_2024-10-10_drive2.csv"", ""BEV2_2024-10-10_drive3.csv"", ""BEV2_2024-10-11_drive2.csv"", ""BEV2_2024-10-11_drive3.csv"", ""BEV2_2024-10-11_drive4.csv"", ""BEV2_2024-10-12_drive1.csv"", ""BEV2_2024-10-12_drive2.csv"", ""BEV2_2024-10-13_drive2.csv"", ""BEV2_2024-10-13_drive3.csv"", ""BEV2_2024-10-13_drive5.csv""]",[],f2278a339e563cdaf65305a5385dc31009eac4502f3a3ce8e7933eb19f8ff24a,6ca17536c2401fb095d2bd203a2af4667722e88c2753645bba19ef9437532bef
BEV2_2024-10-14_drive2.csv,train,1728899782000000000,479,404,"[""BEV2_2024-10-10_drive3.csv"", ""BEV2_2024-10-11_drive2.csv"", ""BEV2_2024-10-11_drive3.csv"", ""BEV2_2024-10-11_drive4.csv"", ""BEV2_2024-10-12_drive1.csv"", ""BEV2_2024-10-12_drive2.csv"", ""BEV2_2024-10-13_drive2.csv"", ""BEV2_2024-10-13_drive3.csv"", ""BEV2_2024-10-13_drive5.csv"", ""BEV2_2024-10-14_drive1.csv""]",[],235720ecda4d5d69f973cd27be16ca7ac36efb9e3e53740a8d1e296c72fa1715,409f5bc817d75f928a5dcd78b02e6e690aaba31d93c979964c97ed9d88550d63
BEV2_2024-10-14_drive3.csv,train,1728902757000000000,480,405,"[""BEV2_2024-10-11_drive2.csv"", ""BEV2_2024-10-11_drive3.csv"", ""BEV2_2024-10-11_drive4.csv"", ""BEV2_2024-10-12_drive1.csv"", ""BEV2_2024-10-12_drive2.csv"", ""BEV2_2024-10-13_drive2.csv"", ""BEV2_2024-10-13_drive3.csv"", ""BEV2_2024-10-13_drive5.csv"", ""BEV2_2024-10-14_drive1.csv"", ""BEV2_2024-10-14_drive2.csv""]",[],682c6c7693e89f04e0ea539d0ddf97fd66d0d23648b663574cfa07f92f0e5f11,586ffe5dc4d42ba778ad03af5345af8581c684bf72e274b4db79040ab9b71f36
BEV2_2024-10-14_drive4.csv,train,1728914971000000000,480,405,"[""BEV2_2024-10-11_drive2.csv"", ""BEV2_2024-10-11_drive3.csv"", ""BEV2_2024-10-11_drive4.csv"", ""BEV2_2024-10-12_drive1.csv"", ""BEV2_2024-10-12_drive2.csv"", ""BEV2_2024-10-13_drive2.csv"", ""BEV2_2024-10-13_drive3.csv"", ""BEV2_2024-10-13_drive5.csv"", ""BEV2_2024-10-14_drive1.csv"", ""BEV2_2024-10-14_drive2.csv""]",[],682c6c7693e89f04e0ea539d0ddf97fd66d0d23648b663574cfa07f92f0e5f11,1dca38b3ae549ab39eec9cdf1a70eda20c25a79a6ae5345850df55c09c60bea4
BEV2_2024-10-14_drive5.csv,train,1728918223000000000,481,406,"[""BEV2_2024-10-11_drive3.csv"", ""BEV2_2024-10-11_drive4.csv"", ""BEV2_2024-10-12_drive1.csv"", ""BEV2_2024-10-12_drive2.csv"", ""BEV2_2024-10-13_drive2.csv"", ""BEV2_2024-10-13_drive3.csv"", ""BEV2_2024-10-13_drive5.csv"", ""BEV2_2024-10-14_drive1.csv"", ""BEV2_2024-10-14_drive2.csv"", ""BEV2_2024-10-14_drive4.csv""]",[],e1cf288bea3497f2086a6493f0b26dabe1948988dada8532014901b36f1a1fd5,ad44888b2646cfe9659ba31b74b34441d4b8d88582cb2f6000e4f536ea3e4654
BEV2_2024-10-15_drive1.csv,train,1728972672000000000,482,407,"[""BEV2_2024-10-11_drive4.csv"", ""BEV2_2024-10-12_drive1.csv"", ""BEV2_2024-10-12_drive2.csv"", ""BEV2_2024-10-13_drive2.csv"", ""BEV2_2024-10-13_drive3.csv"", ""BEV2_2024-10-13_drive5.csv"", ""BEV2_2024-10-14_drive1.csv"", ""BEV2_2024-10-14_drive2.csv"", ""BEV2_2024-10-14_drive4.csv"", ""BEV2_2024-10-14_drive5.csv""]",[],6c19e6b855e18502b702727940fee91f1afaf25561bf210d00cd6f779f44d696,779a45322f821e43f9847112bd73c560bdeae8d3a005b953760c88c0ea169012
BEV2_2024-10-15_drive2.csv,train,1728988962000000000,483,408,"[""BEV2_2024-10-12_drive1.csv"", ""BEV2_2024-10-12_drive2.csv"", ""BEV2_2024-10-13_drive2.csv"", ""BEV2_2024-10-13_drive3.csv"", ""BEV2_2024-10-13_drive5.csv"", ""BEV2_2024-10-14_drive1.csv"", ""BEV2_2024-10-14_drive2.csv"", ""BEV2_2024-10-14_drive4.csv"", ""BEV2_2024-10-14_drive5.csv"", ""BEV2_2024-10-15_drive1.csv""]","[""BEV2_2024-10-15_drive1.csv""]",28b11e8029d4675411756518d3c4de4612a36825808476c6ac09b3c2bf513aaa,dae35faea9143b1863887872d4f4d9467b2f2c01f5d37345cb888ae47bb824c2
BEV2_2024-10-16_drive1.csv,train,1729051304000000000,484,409,"[""BEV2_2024-10-12_drive2.csv"", ""BEV2_2024-10-13_drive2.csv"", ""BEV2_2024-10-13_drive3.csv"", ""BEV2_2024-10-13_drive5.csv"", ""BEV2_2024-10-14_drive1.csv"", ""BEV2_2024-10-14_drive2.csv"", ""BEV2_2024-10-14_drive4.csv"", ""BEV2_2024-10-14_drive5.csv"", ""BEV2_2024-10-15_drive1.csv"", ""BEV2_2024-10-15_drive2.csv""]","[""BEV2_2024-10-15_drive1.csv"", ""BEV2_2024-10-15_drive2.csv""]",b9bacecae3ddafe3c9e0598c809d73da16fdc0814aa2f8e4140e3fb20cee1ebb,d4f789b10d7740c67c87557da07351be6d5fd97c51f3042d46c351ede5cdf444
BEV2_2024-10-16_drive2.csv,train,1729051830000000000,485,410,"[""BEV2_2024-10-13_drive2.csv"", ""BEV2_2024-10-13_drive3.csv"", ""BEV2_2024-10-13_drive5.csv"", ""BEV2_2024-10-14_drive1.csv"", ""BEV2_2024-10-14_drive2.csv"", ""BEV2_2024-10-14_drive4.csv"", ""BEV2_2024-10-14_drive5.csv"", ""BEV2_2024-10-15_drive1.csv"", ""BEV2_2024-10-15_drive2.csv"", ""BEV2_2024-10-16_drive1.csv""]",[],0e8478a04a3c26a54912f69f80ef72a8aaeff2c6eea1f61cae3a562e3b0c8bd6,6f54430632a4f1eadc683e08c97cc52f8ecc270a46455ff12e741e4b481d8ad3
BEV2_2024-10-16_drive3.csv,train,1729062098000000000,485,410,"[""BEV2_2024-10-13_drive2.csv"", ""BEV2_2024-10-13_drive3.csv"", ""BEV2_2024-10-13_drive5.csv"", ""BEV2_2024-10-14_drive1.csv"", ""BEV2_2024-10-14_drive2.csv"", ""BEV2_2024-10-14_drive4.csv"", ""BEV2_2024-10-14_drive5.csv"", ""BEV2_2024-10-15_drive1.csv"", ""BEV2_2024-10-15_drive2.csv"", ""BEV2_2024-10-16_drive1.csv""]",[],0e8478a04a3c26a54912f69f80ef72a8aaeff2c6eea1f61cae3a562e3b0c8bd6,cdbb5f35cf5a0d3527fad55ff15a995d3d64d84b45d66226442590d4885360d7
BEV2_2024-10-16_drive4.csv,train,1729071327000000000,486,411,"[""BEV2_2024-10-13_drive3.csv"", ""BEV2_2024-10-13_drive5.csv"", ""BEV2_2024-10-14_drive1.csv"", ""BEV2_2024-10-14_drive2.csv"", ""BEV2_2024-10-14_drive4.csv"", ""BEV2_2024-10-14_drive5.csv"", ""BEV2_2024-10-15_drive1.csv"", ""BEV2_2024-10-15_drive2.csv"", ""BEV2_2024-10-16_drive1.csv"", ""BEV2_2024-10-16_drive3.csv""]",[],4025dd3b4e5544f04826558940a1b2e28edde6564b385cb14c6752a60c9f4d90,a7efb9bffd7a70dc010644ffe008e04194a2867f7e6e7617bf26ccd677398154
BEV2_2024-10-16_drive5.csv,train,1729071889000000000,487,412,"[""BEV2_2024-10-13_drive5.csv"", ""BEV2_2024-10-14_drive1.csv"", ""BEV2_2024-10-14_drive2.csv"", ""BEV2_2024-10-14_drive4.csv"", ""BEV2_2024-10-14_drive5.csv"", ""BEV2_2024-10-15_drive1.csv"", ""BEV2_2024-10-15_drive2.csv"", ""BEV2_2024-10-16_drive1.csv"", ""BEV2_2024-10-16_drive3.csv"", ""BEV2_2024-10-16_drive4.csv""]",[],f1432f99bf292eef3de4c6aeab5282acd1a8a1fd58476659233e96e8f52b8f51,c570c63ca4986b1aba40486a9075643eab0feb3f832bb14a8cae17daa60b4624
BEV2_2024-10-16_drive6.csv,train,1729080295000000000,488,413,"[""BEV2_2024-10-14_drive1.csv"", ""BEV2_2024-10-14_drive2.csv"", ""BEV2_2024-10-14_drive4.csv"", ""BEV2_2024-10-14_drive5.csv"", ""BEV2_2024-10-15_drive1.csv"", ""BEV2_2024-10-15_drive2.csv"", ""BEV2_2024-10-16_drive1.csv"", ""BEV2_2024-10-16_drive3.csv"", ""BEV2_2024-10-16_drive4.csv"", ""BEV2_2024-10-16_drive5.csv""]",[],c3b6a93da4447bb501951cfd5f68963d38bca697a32d925f732362d439e3b762,285d903a566a8dec9bfd3ac5e83e8dd0a5cd37ebd97d598f73f27ba89a65bd9d
BEV2_2024-10-17_drive1.csv,train,1729203725000000000,489,414,"[""BEV2_2024-10-14_drive2.csv"", ""BEV2_2024-10-14_drive4.csv"", ""BEV2_2024-10-14_drive5.csv"", ""BEV2_2024-10-15_drive1.csv"", ""BEV2_2024-10-15_drive2.csv"", ""BEV2_2024-10-16_drive1.csv"", ""BEV2_2024-10-16_drive3.csv"", ""BEV2_2024-10-16_drive4.csv"", ""BEV2_2024-10-16_drive5.csv"", ""BEV2_2024-10-16_drive6.csv""]",[],a2fc7fc417f5346b3718cdebfb2440acd009e826f4499850c4eda72ed6daf444,50b37e58b54b7bfc4a4d44c20d38f00cde9c3312f84f6beacd41fbbdc622ad07
BEV2_2024-10-18_drive1.csv,train,1729232964000000000,490,415,"[""BEV2_2024-10-14_drive4.csv"", ""BEV2_2024-10-14_drive5.csv"", ""BEV2_2024-10-15_drive1.csv"", ""BEV2_2024-10-15_drive2.csv"", ""BEV2_2024-10-16_drive1.csv"", ""BEV2_2024-10-16_drive3.csv"", ""BEV2_2024-10-16_drive4.csv"", ""BEV2_2024-10-16_drive5.csv"", ""BEV2_2024-10-16_drive6.csv"", ""BEV2_2024-10-17_drive1.csv""]",[],6ed9d60eb67d760c4aa9ab3b6bc3938fc5f1960f9d931b7f0eae035c2d9abb34,0330ed13561c1a3696ca56b165a01cc956f6a28b2b5d36077678d7347b5092e9
BEV2_2024-10-18_drive2.csv,train,1729248367000000000,491,416,"[""BEV2_2024-10-14_drive5.csv"", ""BEV2_2024-10-15_drive1.csv"", ""BEV2_2024-10-15_drive2.csv"", ""BEV2_2024-10-16_drive1.csv"", ""BEV2_2024-10-16_drive3.csv"", ""BEV2_2024-10-16_drive4.csv"", ""BEV2_2024-10-16_drive5.csv"", ""BEV2_2024-10-16_drive6.csv"", ""BEV2_2024-10-17_drive1.csv"", ""BEV2_2024-10-18_drive1.csv""]",[],598e3cd20c0a48becf1bd46ecefd16f22c2d425d0d885aece0a800e7d9d61314,b738b20ffdf7ff0569096ca30fabf388ab53781d8c3029405f585befedc6f783
BEV2_2024-10-18_drive3.csv,train,1729263884000000000,492,417,"[""BEV2_2024-10-15_drive1.csv"", ""BEV2_2024-10-15_drive2.csv"", ""BEV2_2024-10-16_drive1.csv"", ""BEV2_2024-10-16_drive3.csv"", ""BEV2_2024-10-16_drive4.csv"", ""BEV2_2024-10-16_drive5.csv"", ""BEV2_2024-10-16_drive6.csv"", ""BEV2_2024-10-17_drive1.csv"", ""BEV2_2024-10-18_drive1.csv"", ""BEV2_2024-10-18_drive2.csv""]",[],b560a07a6ffebdaba594a549806f20250821f1797fca34386ef5636aca0bd8c0,0230846fc7452f6de7b1d0624f39d05e91a1878ed9bf5c1598a02115cec48bac
BEV2_2024-10-18_drive4.csv,train,1729279400000000000,492,417,"[""BEV2_2024-10-15_drive1.csv"", ""BEV2_2024-10-15_drive2.csv"", ""BEV2_2024-10-16_drive1.csv"", ""BEV2_2024-10-16_drive3.csv"", ""BEV2_2024-10-16_drive4.csv"", ""BEV2_2024-10-16_drive5.csv"", ""BEV2_2024-10-16_drive6.csv"", ""BEV2_2024-10-17_drive1.csv"", ""BEV2_2024-10-18_drive1.csv"", ""BEV2_2024-10-18_drive2.csv""]",[],b560a07a6ffebdaba594a549806f20250821f1797fca34386ef5636aca0bd8c0,5a5e7ca17cfc076001e27f76913a95961052e77c60ca5fd2c3eb758c7a5e11cb
BEV2_2024-10-19_drive1.csv,train,1729341323000000000,493,418,"[""BEV2_2024-10-15_drive2.csv"", ""BEV2_2024-10-16_drive1.csv"", ""BEV2_2024-10-16_drive3.csv"", ""BEV2_2024-10-16_drive4.csv"", ""BEV2_2024-10-16_drive5.csv"", ""BEV2_2024-10-16_drive6.csv"", ""BEV2_2024-10-17_drive1.csv"", ""BEV2_2024-10-18_drive1.csv"", ""BEV2_2024-10-18_drive2.csv"", ""BEV2_2024-10-18_drive4.csv""]",[],fd09f43391c3d5ea265b9855a96e6fc9f430a1125e5ad36e0d2a5c219d166c53,fc65b73ad555bb4880eca614e7be5f19d468d291a35a7d414fbf8ff9ec060639
BEV2_2024-10-19_drive2.csv,train,1729345523000000000,494,419,"[""BEV2_2024-10-16_drive1.csv"", ""BEV2_2024-10-16_drive3.csv"", ""BEV2_2024-10-16_drive4.csv"", ""BEV2_2024-10-16_drive5.csv"", ""BEV2_2024-10-16_drive6.csv"", ""BEV2_2024-10-17_drive1.csv"", ""BEV2_2024-10-18_drive1.csv"", ""BEV2_2024-10-18_drive2.csv"", ""BEV2_2024-10-18_drive4.csv"", ""BEV2_2024-10-19_drive1.csv""]",[],873f59ebd100a50b730f52557f178b5d6a19935873f9bbefe9d4276441d0616e,55d06f5b72a4b41cfc8bbde9eddb46f89d483aebda7d74eec189d578a3a0b18c
BEV2_2024-10-19_drive3.csv,train,1729349706000000000,495,420,"[""BEV2_2024-10-16_drive3.csv"", ""BEV2_2024-10-16_drive4.csv"", ""BEV2_2024-10-16_drive5.csv"", ""BEV2_2024-10-16_drive6.csv"", ""BEV2_2024-10-17_drive1.csv"", ""BEV2_2024-10-18_drive1.csv"", ""BEV2_2024-10-18_drive2.csv"", ""BEV2_2024-10-18_drive4.csv"", ""BEV2_2024-10-19_drive1.csv"", ""BEV2_2024-10-19_drive2.csv""]",[],11fc683850adcdba131c61c26878cdc0d0000cd51483b2a4b1b58610799c7829,145b5ae922325bfcee9d96cc914987f81fea776f5d849363b80a3beb8774506a
BEV2_2024-10-19_drive4.csv,train,1729361676000000000,496,421,"[""BEV2_2024-10-16_drive4.csv"", ""BEV2_2024-10-16_drive5.csv"", ""BEV2_2024-10-16_drive6.csv"", ""BEV2_2024-10-17_drive1.csv"", ""BEV2_2024-10-18_drive1.csv"", ""BEV2_2024-10-18_drive2.csv"", ""BEV2_2024-10-18_drive4.csv"", ""BEV2_2024-10-19_drive1.csv"", ""BEV2_2024-10-19_drive2.csv"", ""BEV2_2024-10-19_drive3.csv""]",[],a915375048da199c69ff7f208064a41776f3100aeeea23c903b0894f48f48c06,e94e525df8b93fe2a53d47922a11acdcf017691cd3f94d13d03daf711d3c5ef7
BEV2_2024-10-19_drive5.csv,train,1729363194000000000,496,421,"[""BEV2_2024-10-16_drive4.csv"", ""BEV2_2024-10-16_drive5.csv"", ""BEV2_2024-10-16_drive6.csv"", ""BEV2_2024-10-17_drive1.csv"", ""BEV2_2024-10-18_drive1.csv"", ""BEV2_2024-10-18_drive2.csv"", ""BEV2_2024-10-18_drive4.csv"", ""BEV2_2024-10-19_drive1.csv"", ""BEV2_2024-10-19_drive2.csv"", ""BEV2_2024-10-19_drive3.csv""]",[],a915375048da199c69ff7f208064a41776f3100aeeea23c903b0894f48f48c06,7b914cf20fc9d25e8b3cf211a7d38b2312e852998437b03f3c57f2a5a7d88446
BEV2_2024-10-20_drive1.csv,train,1729416343000000000,497,422,"[""BEV2_2024-10-16_drive5.csv"", ""BEV2_2024-10-16_drive6.csv"", ""BEV2_2024-10-17_drive1.csv"", ""BEV2_2024-10-18_drive1.csv"", ""BEV2_2024-10-18_drive2.csv"", ""BEV2_2024-10-18_drive4.csv"", ""BEV2_2024-10-19_drive1.csv"", ""BEV2_2024-10-19_drive2.csv"", ""BEV2_2024-10-19_drive3.csv"", ""BEV2_2024-10-19_drive5.csv""]",[],ce4e890f8448ebac0200ce71ead3b41f06659dfed50203c9c58e4e57ba957b44,cbb4852d58c172cc68352afbb509d84d1ec97c244fb1a75ee67583789348f349
BEV1_2024-10-20_drive1.csv,train,1729418327000000000,498,75,"[""BEV1_2024-09-26_drive1.csv"", ""BEV1_2024-09-26_drive2.csv"", ""BEV1_2024-09-27_drive1.csv"", ""BEV1_2024-10-01_drive1.csv"", ""BEV1_2024-10-02_drive1.csv"", ""BEV1_2024-10-02_drive2.csv"", ""BEV1_2024-10-02_drive3.csv"", ""BEV1_2024-10-03_drive1.csv"", ""BEV1_2024-10-03_drive3.csv"", ""BEV1_2024-10-04_drive1.csv""]",[],4277abb4f28f82e20221d7524e04de8fe941cee5757edcdb38fdfc3f492884ca,4599d73cf70f7bd7a78a1533d30b946a16ff66a8f29512a358a4204044fbbb76
BEV2_2024-10-20_drive2.csv,train,1729419524000000000,498,423,"[""BEV2_2024-10-16_drive6.csv"", ""BEV2_2024-10-17_drive1.csv"", ""BEV2_2024-10-18_drive1.csv"", ""BEV2_2024-10-18_drive2.csv"", ""BEV2_2024-10-18_drive4.csv"", ""BEV2_2024-10-19_drive1.csv"", ""BEV2_2024-10-19_drive2.csv"", ""BEV2_2024-10-19_drive3.csv"", ""BEV2_2024-10-19_drive5.csv"", ""BEV2_2024-10-20_drive1.csv""]",[],50aed9b5a59922b67a66b76cea5fbc86c92c7f455ad2fae5e4a22018e370f476,4fa89e3664dd81e6a549e4a139fd75e40bd23c20780e13c3a552462bfd9945fe
BEV1_2024-10-20_drive2.csv,train,1729423428000000000,499,76,"[""BEV1_2024-09-26_drive2.csv"", ""BEV1_2024-09-27_drive1.csv"", ""BEV1_2024-10-01_drive1.csv"", ""BEV1_2024-10-02_drive1.csv"", ""BEV1_2024-10-02_drive2.csv"", ""BEV1_2024-10-02_drive3.csv"", ""BEV1_2024-10-03_drive1.csv"", ""BEV1_2024-10-03_drive3.csv"", ""BEV1_2024-10-04_drive1.csv"", ""BEV1_2024-10-20_drive1.csv""]",[],f24aa36e993788ce93d0c963b8f64e7c9202d3494669c58e33aab115ed08c6de,3500d215a8902e93955048d7f7c91e22ed830a574b540b2c99cd4506e6a870ad
BEV2_2024-10-20_drive3.csv,train,1729442081000000000,500,423,"[""BEV2_2024-10-16_drive6.csv"", ""BEV2_2024-10-17_drive1.csv"", ""BEV2_2024-10-18_drive1.csv"", ""BEV2_2024-10-18_drive2.csv"", ""BEV2_2024-10-18_drive4.csv"", ""BEV2_2024-10-19_drive1.csv"", ""BEV2_2024-10-19_drive2.csv"", ""BEV2_2024-10-19_drive3.csv"", ""BEV2_2024-10-19_drive5.csv"", ""BEV2_2024-10-20_drive1.csv""]",[],50aed9b5a59922b67a66b76cea5fbc86c92c7f455ad2fae5e4a22018e370f476,f8f908b1f876b679be7a3fb4727966efbe8c686f06fc9ee37a1e39d783e54059
BEV2_2024-10-20_drive4.csv,train,1729448515000000000,501,424,"[""BEV2_2024-10-17_drive1.csv"", ""BEV2_2024-10-18_drive1.csv"", ""BEV2_2024-10-18_drive2.csv"", ""BEV2_2024-10-18_drive4.csv"", ""BEV2_2024-10-19_drive1.csv"", ""BEV2_2024-10-19_drive2.csv"", ""BEV2_2024-10-19_drive3.csv"", ""BEV2_2024-10-19_drive5.csv"", ""BEV2_2024-10-20_drive1.csv"", ""BEV2_2024-10-20_drive3.csv""]",[],e324e453e33345549729ea17e6f864af0520916d6443f940c1aa8d5885336040,36b85b1ad89ff8b00206595e8a8910308ecb1d170878739f8c7062bea3b9d155
BEV2_2024-10-20_drive5.csv,train,1729449462000000000,502,425,"[""BEV2_2024-10-18_drive1.csv"", ""BEV2_2024-10-18_drive2.csv"", ""BEV2_2024-10-18_drive4.csv"", ""BEV2_2024-10-19_drive1.csv"", ""BEV2_2024-10-19_drive2.csv"", ""BEV2_2024-10-19_drive3.csv"", ""BEV2_2024-10-19_drive5.csv"", ""BEV2_2024-10-20_drive1.csv"", ""BEV2_2024-10-20_drive3.csv"", ""BEV2_2024-10-20_drive4.csv""]",[],12ff0f826bb208f0a84eafd24fa998c81490194d41687fa23e0f51de9fa2ece8,e631cb8078faa378a5b2cdf3548067e4aac9bef5f8a3467663b16d28868dbd5f
BEV2_2024-10-21_drive1.csv,train,1729490483000000000,503,426,"[""BEV2_2024-10-18_drive2.csv"", ""BEV2_2024-10-18_drive4.csv"", ""BEV2_2024-10-19_drive1.csv"", ""BEV2_2024-10-19_drive2.csv"", ""BEV2_2024-10-19_drive3.csv"", ""BEV2_2024-10-19_drive5.csv"", ""BEV2_2024-10-20_drive1.csv"", ""BEV2_2024-10-20_drive3.csv"", ""BEV2_2024-10-20_drive4.csv"", ""BEV2_2024-10-20_drive5.csv""]",[],5fca35c70c3781deb0e53f30275d5e5f7780d996ef550c1dde3dd93252662a77,1263550c372d9a79a30f073e954d6aca32d4df85a39bedf562422f9b2974e013
BEV2_2024-10-21_drive2.csv,train,1729506221000000000,504,427,"[""BEV2_2024-10-18_drive4.csv"", ""BEV2_2024-10-19_drive1.csv"", ""BEV2_2024-10-19_drive2.csv"", ""BEV2_2024-10-19_drive3.csv"", ""BEV2_2024-10-19_drive5.csv"", ""BEV2_2024-10-20_drive1.csv"", ""BEV2_2024-10-20_drive3.csv"", ""BEV2_2024-10-20_drive4.csv"", ""BEV2_2024-10-20_drive5.csv"", ""BEV2_2024-10-21_drive1.csv""]",[],3b44748e857752a4667951c26b8140d2aac1bd74e7536cbe95544a1ded525d02,f2132cf4fa04f04bb76cd530274a10a473bd5dea830fa652271ede3e492d095e
BEV2_2024-10-21_drive3.csv,train,1729511835000000000,505,428,"[""BEV2_2024-10-19_drive1.csv"", ""BEV2_2024-10-19_drive2.csv"", ""BEV2_2024-10-19_drive3.csv"", ""BEV2_2024-10-19_drive5.csv"", ""BEV2_2024-10-20_drive1.csv"", ""BEV2_2024-10-20_drive3.csv"", ""BEV2_2024-10-20_drive4.csv"", ""BEV2_2024-10-20_drive5.csv"", ""BEV2_2024-10-21_drive1.csv"", ""BEV2_2024-10-21_drive2.csv""]",[],c83f9822b55d229d31a48d57aa4d47a41d41982598d79fd3fa98c0d3647c2723,8ea9b9189dbaa8ebf26df037a3cbcada62db84dd809a0438616d6d2d3d83ac8c
BEV1_2024-10-22_drive1.csv,train,1729575851000000000,506,77,"[""BEV1_2024-09-27_drive1.csv"", ""BEV1_2024-10-01_drive1.csv"", ""BEV1_2024-10-02_drive1.csv"", ""BEV1_2024-10-02_drive2.csv"", ""BEV1_2024-10-02_drive3.csv"", ""BEV1_2024-10-03_drive1.csv"", ""BEV1_2024-10-03_drive3.csv"", ""BEV1_2024-10-04_drive1.csv"", ""BEV1_2024-10-20_drive1.csv"", ""BEV1_2024-10-20_drive2.csv""]",[],c527caacf361ba5fc2d7f088111d1e6457e6dd46c2052486167eb95cf9411810,f7df9d0955b5e5e27b081da01b51517dd9a580ea854cde6df4e493b3db1a28fd
BEV1_2024-10-22_drive2.csv,train,1729608831000000000,507,78,"[""BEV1_2024-10-01_drive1.csv"", ""BEV1_2024-10-02_drive1.csv"", ""BEV1_2024-10-02_drive2.csv"", ""BEV1_2024-10-02_drive3.csv"", ""BEV1_2024-10-03_drive1.csv"", ""BEV1_2024-10-03_drive3.csv"", ""BEV1_2024-10-04_drive1.csv"", ""BEV1_2024-10-20_drive1.csv"", ""BEV1_2024-10-20_drive2.csv"", ""BEV1_2024-10-22_drive1.csv""]",[],3b96051d15dbb743a1402a1e2b2f6a4d050c040413d5213b19d0a7bb448a54d4,a45ff0b583edf0a1c16bd89bde636626e231447b548e90516013e0b184de5702
BEV2_2024-10-23_drive1.csv,train,1729719384000000000,508,429,"[""BEV2_2024-10-19_drive2.csv"", ""BEV2_2024-10-19_drive3.csv"", ""BEV2_2024-10-19_drive5.csv"", ""BEV2_2024-10-20_drive1.csv"", ""BEV2_2024-10-20_drive3.csv"", ""BEV2_2024-10-20_drive4.csv"", ""BEV2_2024-10-20_drive5.csv"", ""BEV2_2024-10-21_drive1.csv"", ""BEV2_2024-10-21_drive2.csv"", ""BEV2_2024-10-21_drive3.csv""]",[],9b78167c147033f9a29b4e81112d08d65d6a352b78c5b8ac134a85e13343b4d5,0a7f861228fe465a82a68c6b6926141cf434cb5e1d841e30d667ea93404ddeab
BEV2_2024-10-24_drive1.csv,train,1729747698000000000,509,430,"[""BEV2_2024-10-19_drive3.csv"", ""BEV2_2024-10-19_drive5.csv"", ""BEV2_2024-10-20_drive1.csv"", ""BEV2_2024-10-20_drive3.csv"", ""BEV2_2024-10-20_drive4.csv"", ""BEV2_2024-10-20_drive5.csv"", ""BEV2_2024-10-21_drive1.csv"", ""BEV2_2024-10-21_drive2.csv"", ""BEV2_2024-10-21_drive3.csv"", ""BEV2_2024-10-23_drive1.csv""]",[],83d75b80eac31b8a5e4f2ee249727d3aee79b22066bccc17f1fcf9619175b9f9,b023da68076c9c1ad9752cbe72e571173299dbbaac070ef4e5f4c726f5d72add
BEV1_2024-10-24_drive1.csv,train,1729749761000000000,509,79,"[""BEV1_2024-10-02_drive1.csv"", ""BEV1_2024-10-02_drive2.csv"", ""BEV1_2024-10-02_drive3.csv"", ""BEV1_2024-10-03_drive1.csv"", ""BEV1_2024-10-03_drive3.csv"", ""BEV1_2024-10-04_drive1.csv"", ""BEV1_2024-10-20_drive1.csv"", ""BEV1_2024-10-20_drive2.csv"", ""BEV1_2024-10-22_drive1.csv"", ""BEV1_2024-10-22_drive2.csv""]","[""BEV1_2024-10-22_drive1.csv""]",1ffb6bb7cc681a9a5c306544c9ca37a83161b5b78ee357060fffc2ca7cd26aba,d98309e0947dcbdb80e4d0b461e01ccef9566718b28eacb3e2c2614c64fb7826
BEV1_2024-10-24_drive2.csv,train,1729782722000000000,510,80,"[""BEV1_2024-10-02_drive2.csv"", ""BEV1_2024-10-02_drive3.csv"", ""BEV1_2024-10-03_drive1.csv"", ""BEV1_2024-10-03_drive3.csv"", ""BEV1_2024-10-04_drive1.csv"", ""BEV1_2024-10-20_drive1.csv"", ""BEV1_2024-10-20_drive2.csv"", ""BEV1_2024-10-22_drive1.csv"", ""BEV1_2024-10-22_drive2.csv"", ""BEV1_2024-10-24_drive1.csv""]",[],d39938d706933849b567004a7a19142c0c6a7ea9a24eb299a7de6af2c54d5a5d,47b3c8cd65851e2efb6f6f5d1eabdf638c91a3e438c10f0fbc58c29f7681f680
BEV2_2024-10-24_drive2.csv,train,1729783247000000000,510,430,"[""BEV2_2024-10-19_drive3.csv"", ""BEV2_2024-10-19_drive5.csv"", ""BEV2_2024-10-20_drive1.csv"", ""BEV2_2024-10-20_drive3.csv"", ""BEV2_2024-10-20_drive4.csv"", ""BEV2_2024-10-20_drive5.csv"", ""BEV2_2024-10-21_drive1.csv"", ""BEV2_2024-10-21_drive2.csv"", ""BEV2_2024-10-21_drive3.csv"", ""BEV2_2024-10-23_drive1.csv""]",[],83d75b80eac31b8a5e4f2ee249727d3aee79b22066bccc17f1fcf9619175b9f9,5858fdd739de79565e534384a8852344a90fbb289ae7ccee34bd4b22bf144ca2
BEV1_2024-10-24_drive3.csv,train,1729798988000000000,512,81,"[""BEV1_2024-10-02_drive3.csv"", ""BEV1_2024-10-03_drive1.csv"", ""BEV1_2024-10-03_drive3.csv"", ""BEV1_2024-10-04_drive1.csv"", ""BEV1_2024-10-20_drive1.csv"", ""BEV1_2024-10-20_drive2.csv"", ""BEV1_2024-10-22_drive1.csv"", ""BEV1_2024-10-22_drive2.csv"", ""BEV1_2024-10-24_drive1.csv"", ""BEV1_2024-10-24_drive2.csv""]",[],1fa7b2b60d6e4f1d8e7c9774a1570dd3d55526e20a28da53306e3a3bc61cb0cd,64a58bade204d2d55281afabec56e0d1da7fb951ce15041872b7d3186cc3485a
BEV2_2024-10-25_drive1.csv,train,1729835581000000000,513,431,"[""BEV2_2024-10-19_drive5.csv"", ""BEV2_2024-10-20_drive1.csv"", ""BEV2_2024-10-20_drive3.csv"", ""BEV2_2024-10-20_drive4.csv"", ""BEV2_2024-10-20_drive5.csv"", ""BEV2_2024-10-21_drive1.csv"", ""BEV2_2024-10-21_drive2.csv"", ""BEV2_2024-10-21_drive3.csv"", ""BEV2_2024-10-23_drive1.csv"", ""BEV2_2024-10-24_drive2.csv""]",[],188bbb01f3047695b418d5d11fb3eca32193e6d5de941e32d26fc5d1ce756f27,52c611885f82e4404123fde4166bfff7ab1efe7a30cc53d45f36f18266810ccd
BEV1_2024-10-25_drive1.csv,train,1729836281000000000,514,82,"[""BEV1_2024-10-03_drive1.csv"", ""BEV1_2024-10-03_drive3.csv"", ""BEV1_2024-10-04_drive1.csv"", ""BEV1_2024-10-20_drive1.csv"", ""BEV1_2024-10-20_drive2.csv"", ""BEV1_2024-10-22_drive1.csv"", ""BEV1_2024-10-22_drive2.csv"", ""BEV1_2024-10-24_drive1.csv"", ""BEV1_2024-10-24_drive2.csv"", ""BEV1_2024-10-24_drive3.csv""]","[""BEV1_2024-10-22_drive1.csv"", ""BEV1_2024-10-24_drive1.csv""]",b3f46d18083e8a2910eb0aef69621f523ad353570976f4e014a28846c115f321,92ccdcddebfc4db48028ff0e525b5850cbf4abf83ed857ade6280f60e1e87d4c
BEV1_2024-10-25_drive2.csv,train,1729868290000000000,515,83,"[""BEV1_2024-10-03_drive3.csv"", ""BEV1_2024-10-04_drive1.csv"", ""BEV1_2024-10-20_drive1.csv"", ""BEV1_2024-10-20_drive2.csv"", ""BEV1_2024-10-22_drive1.csv"", ""BEV1_2024-10-22_drive2.csv"", ""BEV1_2024-10-24_drive1.csv"", ""BEV1_2024-10-24_drive2.csv"", ""BEV1_2024-10-24_drive3.csv"", ""BEV1_2024-10-25_drive1.csv""]",[],422229d910d2617aaea4db0ed28892345bc104776ed4a7a655ddbdab63a7aa0b,1df81787b88a8ddc6888fcf6f2bba19ec22d9d22ded9136a02b55aebe2b7f29a
BEV2_2024-10-25_drive2.csv,train,1729875638000000000,516,432,"[""BEV2_2024-10-20_drive1.csv"", ""BEV2_2024-10-20_drive3.csv"", ""BEV2_2024-10-20_drive4.csv"", ""BEV2_2024-10-20_drive5.csv"", ""BEV2_2024-10-21_drive1.csv"", ""BEV2_2024-10-21_drive2.csv"", ""BEV2_2024-10-21_drive3.csv"", ""BEV2_2024-10-23_drive1.csv"", ""BEV2_2024-10-24_drive2.csv"", ""BEV2_2024-10-25_drive1.csv""]",[],e2fe109dabd56f663c02ead55d6e8683f374f1e6903c2daadfc14d0bf631a298,f6ad3dcce6e360f34efeb994fe283fa9ac7ed44fba92477fcdaaad48655d4306
BEV2_2024-10-26_drive1.csv,train,1729946469000000000,517,433,"[""BEV2_2024-10-20_drive3.csv"", ""BEV2_2024-10-20_drive4.csv"", ""BEV2_2024-10-20_drive5.csv"", ""BEV2_2024-10-21_drive1.csv"", ""BEV2_2024-10-21_drive2.csv"", ""BEV2_2024-10-21_drive3.csv"", ""BEV2_2024-10-23_drive1.csv"", ""BEV2_2024-10-24_drive2.csv"", ""BEV2_2024-10-25_drive1.csv"", ""BEV2_2024-10-25_drive2.csv""]",[],7a57109d62bbd164dd02b05d6ae10a0b7584cabf9ea4e9c41f9a2ab90b9d3778,4b8159c10273e46ec6af3a7bdaaf2ce2adadd95cca143566fd40b3f3d68d2db9
BEV2_2024-10-26_drive2.csv,train,1729963593000000000,518,434,"[""BEV2_2024-10-20_drive4.csv"", ""BEV2_2024-10-20_drive5.csv"", ""BEV2_2024-10-21_drive1.csv"", ""BEV2_2024-10-21_drive2.csv"", ""BEV2_2024-10-21_drive3.csv"", ""BEV2_2024-10-23_drive1.csv"", ""BEV2_2024-10-24_drive2.csv"", ""BEV2_2024-10-25_drive1.csv"", ""BEV2_2024-10-25_drive2.csv"", ""BEV2_2024-10-26_drive1.csv""]",[],d0be0892fbfd2eec4cbc0ce2a24770af7ae317c76d40248fb5d010e01a02e627,c6f5c13bf246ace1f454a135abfa43407e912964da94fd596ad63c5b3147e3a4
BEV2_2024-10-26_drive3.csv,train,1729974002000000000,519,435,"[""BEV2_2024-10-20_drive5.csv"", ""BEV2_2024-10-21_drive1.csv"", ""BEV2_2024-10-21_drive2.csv"", ""BEV2_2024-10-21_drive3.csv"", ""BEV2_2024-10-23_drive1.csv"", ""BEV2_2024-10-24_drive2.csv"", ""BEV2_2024-10-25_drive1.csv"", ""BEV2_2024-10-25_drive2.csv"", ""BEV2_2024-10-26_drive1.csv"", ""BEV2_2024-10-26_drive2.csv""]",[],3a7d435ef4d7adf35d9e95494e4dbdebf521e3bd105c4f14ab7bb48ce78fd3a6,97b84af3a4d0e8295a5c232ffe361cde1722addfa4200f1999376635ce0bcb6b
BEV2_2024-10-27_drive1.csv,train,1730024326000000000,520,436,"[""BEV2_2024-10-21_drive1.csv"", ""BEV2_2024-10-21_drive2.csv"", ""BEV2_2024-10-21_drive3.csv"", ""BEV2_2024-10-23_drive1.csv"", ""BEV2_2024-10-24_drive2.csv"", ""BEV2_2024-10-25_drive1.csv"", ""BEV2_2024-10-25_drive2.csv"", ""BEV2_2024-10-26_drive1.csv"", ""BEV2_2024-10-26_drive2.csv"", ""BEV2_2024-10-26_drive3.csv""]",[],a616a61cf241c78c969ed83e5a0d0c9873ad645d9eba7bef34f79c415e59b7b8,8bca49885b5b9b77cd4f37af7194334958a1c09e3d5bbc105233b62179f45bc4
BEV1_2024-10-27_drive1.csv,train,1730025988000000000,521,84,"[""BEV1_2024-10-04_drive1.csv"", ""BEV1_2024-10-20_drive1.csv"", ""BEV1_2024-10-20_drive2.csv"", ""BEV1_2024-10-22_drive1.csv"", ""BEV1_2024-10-22_drive2.csv"", ""BEV1_2024-10-24_drive1.csv"", ""BEV1_2024-10-24_drive2.csv"", ""BEV1_2024-10-24_drive3.csv"", ""BEV1_2024-10-25_drive1.csv"", ""BEV1_2024-10-25_drive2.csv""]",[],cc75ca6331217b91c4decaf1db14b4b53c728d3901f887906660bb639f8cd6d6,cdeacda1f12eae8ed338c2dc4b984739f329032ce1c3d84df681161cf60fff2c
BEV2_2024-10-27_drive2.csv,train,1730027317000000000,521,437,"[""BEV2_2024-10-21_drive2.csv"", ""BEV2_2024-10-21_drive3.csv"", ""BEV2_2024-10-23_drive1.csv"", ""BEV2_2024-10-24_drive2.csv"", ""BEV2_2024-10-25_drive1.csv"", ""BEV2_2024-10-25_drive2.csv"", ""BEV2_2024-10-26_drive1.csv"", ""BEV2_2024-10-26_drive2.csv"", ""BEV2_2024-10-26_drive3.csv"", ""BEV2_2024-10-27_drive1.csv""]",[],77892cf0f30bf3f6b0f1cd692f5deaaae6c91c7d443a2668dc4f26e40b144de1,fb1c6d9ca9382a0a2e61bc623795992b66539852c86fb64dfdb171d591bdc2b2
BEV2_2024-10-27_drive3.csv,train,1730034528000000000,523,438,"[""BEV2_2024-10-21_drive3.csv"", ""BEV2_2024-10-23_drive1.csv"", ""BEV2_2024-10-24_drive2.csv"", ""BEV2_2024-10-25_drive1.csv"", ""BEV2_2024-10-25_drive2.csv"", ""BEV2_2024-10-26_drive1.csv"", ""BEV2_2024-10-26_drive2.csv"", ""BEV2_2024-10-26_drive3.csv"", ""BEV2_2024-10-27_drive1.csv"", ""BEV2_2024-10-27_drive2.csv""]",[],5f3260e30b15f0e62034c48a728fc42061b2b74256e262532a2c65089f4a72d2,d27e05eab1e337610833cb61ee8b42cb90f179e1d58d8fc78813e46791cc718b
BEV1_2024-10-27_drive2.csv,train,1730035115000000000,523,85,"[""BEV1_2024-10-20_drive1.csv"", ""BEV1_2024-10-20_drive2.csv"", ""BEV1_2024-10-22_drive1.csv"", ""BEV1_2024-10-22_drive2.csv"", ""BEV1_2024-10-24_drive1.csv"", ""BEV1_2024-10-24_drive2.csv"", ""BEV1_2024-10-24_drive3.csv"", ""BEV1_2024-10-25_drive1.csv"", ""BEV1_2024-10-25_drive2.csv"", ""BEV1_2024-10-27_drive1.csv""]",[],6038f2dd74092fd7e79611c56cd4bdf480a0cb09e18e10f9d57fda9a9f367ee2,d06437f89b8064cf666675383a4bd771be61c9e2f2f3754a41c57c7f7bbf34bc
BEV2_2024-10-27_drive4.csv,train,1730047092000000000,525,439,"[""BEV2_2024-10-23_drive1.csv"", ""BEV2_2024-10-24_drive2.csv"", ""BEV2_2024-10-25_drive1.csv"", ""BEV2_2024-10-25_drive2.csv"", ""BEV2_2024-10-26_drive1.csv"", ""BEV2_2024-10-26_drive2.csv"", ""BEV2_2024-10-26_drive3.csv"", ""BEV2_2024-10-27_drive1.csv"", ""BEV2_2024-10-27_drive2.csv"", ""BEV2_2024-10-27_drive3.csv""]",[],6e652a3f413504d4645eb3a2653c8182b65b11780a25d14a014dd274c606c635,0e903cf707983756da99af742565f562aa7ce0c6466ff6fdbb571ee8961ba223
BEV1_2024-10-27_drive3.csv,train,1730056445000000000,526,86,"[""BEV1_2024-10-20_drive2.csv"", ""BEV1_2024-10-22_drive1.csv"", ""BEV1_2024-10-22_drive2.csv"", ""BEV1_2024-10-24_drive1.csv"", ""BEV1_2024-10-24_drive2.csv"", ""BEV1_2024-10-24_drive3.csv"", ""BEV1_2024-10-25_drive1.csv"", ""BEV1_2024-10-25_drive2.csv"", ""BEV1_2024-10-27_drive1.csv"", ""BEV1_2024-10-27_drive2.csv""]","[""BEV1_2024-10-24_drive3.csv""]",44053e3779f74ff2f0694b68435b1dc2514442580b9113ed32480169b00cdf12,e226808522f43971c4d6205d4c12822b368ec28161345ea280657bba435dbcf2
BEV2_2024-10-27_drive5.csv,train,1730060988000000000,527,440,"[""BEV2_2024-10-24_drive2.csv"", ""BEV2_2024-10-25_drive1.csv"", ""BEV2_2024-10-25_drive2.csv"", ""BEV2_2024-10-26_drive1.csv"", ""BEV2_2024-10-26_drive2.csv"", ""BEV2_2024-10-26_drive3.csv"", ""BEV2_2024-10-27_drive1.csv"", ""BEV2_2024-10-27_drive2.csv"", ""BEV2_2024-10-27_drive3.csv"", ""BEV2_2024-10-27_drive4.csv""]",[],92c4774ad2fd8dae2a89c0976fc640d04a10ba631a111a33b35d9f78a54ce537,9a60b7ac0a3a4edc021d01c0d437efc1dfd702de0b0219a31d4b0a3a68ddcced
BEV1_2024-10-28_drive1.csv,train,1730099309000000000,528,87,"[""BEV1_2024-10-22_drive1.csv"", ""BEV1_2024-10-22_drive2.csv"", ""BEV1_2024-10-24_drive1.csv"", ""BEV1_2024-10-24_drive2.csv"", ""BEV1_2024-10-24_drive3.csv"", ""BEV1_2024-10-25_drive1.csv"", ""BEV1_2024-10-25_drive2.csv"", ""BEV1_2024-10-27_drive1.csv"", ""BEV1_2024-10-27_drive2.csv"", ""BEV1_2024-10-27_drive3.csv""]","[""BEV1_2024-10-22_drive1.csv"", ""BEV1_2024-10-24_drive1.csv"", ""BEV1_2024-10-25_drive1.csv""]",1be9189510bb8e4d2014a840e9287974a402bf84808cd6ad18608e1be3c6d419,e2b690b6d4d8f1139f85beb0f9999837d4dfd8bd7c6cd31970c930c359d7cd2b
BEV2_2024-10-28_drive1.csv,train,1730099582000000000,528,441,"[""BEV2_2024-10-25_drive1.csv"", ""BEV2_2024-10-25_drive2.csv"", ""BEV2_2024-10-26_drive1.csv"", ""BEV2_2024-10-26_drive2.csv"", ""BEV2_2024-10-26_drive3.csv"", ""BEV2_2024-10-27_drive1.csv"", ""BEV2_2024-10-27_drive2.csv"", ""BEV2_2024-10-27_drive3.csv"", ""BEV2_2024-10-27_drive4.csv"", ""BEV2_2024-10-27_drive5.csv""]",[],16a9b1d48147de12be6911c10489e00eeecd518178bc31264fbcbbe0bef0df03,fe1206223e5748597f819b658d6e981fff6ebfc83ca9996daf4cec95bbf8e770
BEV2_2024-10-28_drive2.csv,train,1730114118000000000,530,442,"[""BEV2_2024-10-25_drive2.csv"", ""BEV2_2024-10-26_drive1.csv"", ""BEV2_2024-10-26_drive2.csv"", ""BEV2_2024-10-26_drive3.csv"", ""BEV2_2024-10-27_drive1.csv"", ""BEV2_2024-10-27_drive2.csv"", ""BEV2_2024-10-27_drive3.csv"", ""BEV2_2024-10-27_drive4.csv"", ""BEV2_2024-10-27_drive5.csv"", ""BEV2_2024-10-28_drive1.csv""]",[],7929b216c718c75337080215938fb31536aababe9670ce86d0ab17dade9e62c3,6d18be69cc38c9f76ba06c77a8e8864e971e7ee3580994398674b58df16dcad7
BEV2_2024-10-28_drive3.csv,train,1730130137000000000,531,443,"[""BEV2_2024-10-26_drive1.csv"", ""BEV2_2024-10-26_drive2.csv"", ""BEV2_2024-10-26_drive3.csv"", ""BEV2_2024-10-27_drive1.csv"", ""BEV2_2024-10-27_drive2.csv"", ""BEV2_2024-10-27_drive3.csv"", ""BEV2_2024-10-27_drive4.csv"", ""BEV2_2024-10-27_drive5.csv"", ""BEV2_2024-10-28_drive1.csv"", ""BEV2_2024-10-28_drive2.csv""]",[],3a227f43be7e15168f98b90ac025057349848c0fb7274e3a98768b21c991665c,40fb2884fd2b2d82bd24ff793ad26ad0927fccb359518083ad76737fb67ec452
BEV1_2024-10-28_drive2.csv,train,1730130916000000000,531,88,"[""BEV1_2024-10-22_drive2.csv"", ""BEV1_2024-10-24_drive1.csv"", ""BEV1_2024-10-24_drive2.csv"", ""BEV1_2024-10-24_drive3.csv"", ""BEV1_2024-10-25_drive1.csv"", ""BEV1_2024-10-25_drive2.csv"", ""BEV1_2024-10-27_drive1.csv"", ""BEV1_2024-10-27_drive2.csv"", ""BEV1_2024-10-27_drive3.csv"", ""BEV1_2024-10-28_drive1.csv""]","[""BEV1_2024-10-22_drive2.csv""]",f57d58944e48a5115b3c21de064677a5b543fd0ceccfe7d1e5784420e600d2bd,39fc769d9176264b5b4ebe5d40bcfa0fdfe881dd8dbbcf208c2d2070ab9fe4a4
BEV2_2024-10-28_drive4.csv,train,1730132598000000000,532,444,"[""BEV2_2024-10-26_drive2.csv"", ""BEV2_2024-10-26_drive3.csv"", ""BEV2_2024-10-27_drive1.csv"", ""BEV2_2024-10-27_drive2.csv"", ""BEV2_2024-10-27_drive3.csv"", ""BEV2_2024-10-27_drive4.csv"", ""BEV2_2024-10-27_drive5.csv"", ""BEV2_2024-10-28_drive1.csv"", ""BEV2_2024-10-28_drive2.csv"", ""BEV2_2024-10-28_drive3.csv""]",[],3577b3b494124b502291a9586cc10077b01d78d5f30948cd162e16db381c3515,4aaa5df375768672f0239878b90ff03b2653c2a66bc7b005c6a29c1fb49239b3
BEV1_2024-10-29_drive1.csv,train,1730183209000000000,534,89,"[""BEV1_2024-10-24_drive1.csv"", ""BEV1_2024-10-24_drive2.csv"", ""BEV1_2024-10-24_drive3.csv"", ""BEV1_2024-10-25_drive1.csv"", ""BEV1_2024-10-25_drive2.csv"", ""BEV1_2024-10-27_drive1.csv"", ""BEV1_2024-10-27_drive2.csv"", ""BEV1_2024-10-27_drive3.csv"", ""BEV1_2024-10-28_drive1.csv"", ""BEV1_2024-10-28_drive2.csv""]",[],b0a25f05fcf06d8261fb3ad743c051fb341db931008e3738f79dc05cf1a10a85,fccc3c69a387e325d1a3ab0fd879a535e531e3b86dc28e5b6ad1589e27124b2a
BEV2_2024-10-29_drive1.csv,train,1730189157000000000,535,445,"[""BEV2_2024-10-26_drive3.csv"", ""BEV2_2024-10-27_drive1.csv"", ""BEV2_2024-10-27_drive2.csv"", ""BEV2_2024-10-27_drive3.csv"", ""BEV2_2024-10-27_drive4.csv"", ""BEV2_2024-10-27_drive5.csv"", ""BEV2_2024-10-28_drive1.csv"", ""BEV2_2024-10-28_drive2.csv"", ""BEV2_2024-10-28_drive3.csv"", ""BEV2_2024-10-28_drive4.csv""]",[],22752974e3e62f540cdef077e6ed2ef64d2275c3841c4227964633a29d951a2c,73484e8d505b95ebf0a021f31b4029e7981df7e9846042f5bc3f8732cd9c08e1
BEV2_2024-10-29_drive2.csv,train,1730190362000000000,535,445,"[""BEV2_2024-10-26_drive3.csv"", ""BEV2_2024-10-27_drive1.csv"", ""BEV2_2024-10-27_drive2.csv"", ""BEV2_2024-10-27_drive3.csv"", ""BEV2_2024-10-27_drive4.csv"", ""BEV2_2024-10-27_drive5.csv"", ""BEV2_2024-10-28_drive1.csv"", ""BEV2_2024-10-28_drive2.csv"", ""BEV2_2024-10-28_drive3.csv"", ""BEV2_2024-10-28_drive4.csv""]",[],22752974e3e62f540cdef077e6ed2ef64d2275c3841c4227964633a29d951a2c,0711ce3f3955e62afeb557c8b7f08e09d318ec7c5fd2db186422d1090b58621a
BEV2_2024-10-29_drive3.csv,train,1730215357000000000,535,445,"[""BEV2_2024-10-26_drive3.csv"", ""BEV2_2024-10-27_drive1.csv"", ""BEV2_2024-10-27_drive2.csv"", ""BEV2_2024-10-27_drive3.csv"", ""BEV2_2024-10-27_drive4.csv"", ""BEV2_2024-10-27_drive5.csv"", ""BEV2_2024-10-28_drive1.csv"", ""BEV2_2024-10-28_drive2.csv"", ""BEV2_2024-10-28_drive3.csv"", ""BEV2_2024-10-28_drive4.csv""]",[],22752974e3e62f540cdef077e6ed2ef64d2275c3841c4227964633a29d951a2c,6f0c84bb047799b19e049f78e27db6eff31f9acbd7a64007ff15656dd410e3f4
BEV2_2024-10-29_drive4.csv,train,1730216546000000000,536,446,"[""BEV2_2024-10-27_drive1.csv"", ""BEV2_2024-10-27_drive2.csv"", ""BEV2_2024-10-27_drive3.csv"", ""BEV2_2024-10-27_drive4.csv"", ""BEV2_2024-10-27_drive5.csv"", ""BEV2_2024-10-28_drive1.csv"", ""BEV2_2024-10-28_drive2.csv"", ""BEV2_2024-10-28_drive3.csv"", ""BEV2_2024-10-28_drive4.csv"", ""BEV2_2024-10-29_drive3.csv""]",[],88ad9a0a519de4eb05e89ebe2ae61420883d0848045596c09f4863e40c3e2020,30c23749c21fb2a8d2644402b84406807bbe771214d062bf1fc300385e7693fe
BEV1_2024-10-29_drive2.csv,train,1730220930000000000,537,90,"[""BEV1_2024-10-24_drive2.csv"", ""BEV1_2024-10-24_drive3.csv"", ""BEV1_2024-10-25_drive1.csv"", ""BEV1_2024-10-25_drive2.csv"", ""BEV1_2024-10-27_drive1.csv"", ""BEV1_2024-10-27_drive2.csv"", ""BEV1_2024-10-27_drive3.csv"", ""BEV1_2024-10-28_drive1.csv"", ""BEV1_2024-10-28_drive2.csv"", ""BEV1_2024-10-29_drive1.csv""]",[],f92fd470143ea9ca2ca2c59df059da341bcac4109d76b6b5860ce3df04247ea4,03c7ba29063387e5257bf385acc85fe56416ced1639928458420293c111f1ca5
BEV2_2024-10-30_drive1.csv,train,1730271499000000000,538,447,"[""BEV2_2024-10-27_drive2.csv"", ""BEV2_2024-10-27_drive3.csv"", ""BEV2_2024-10-27_drive4.csv"", ""BEV2_2024-10-27_drive5.csv"", ""BEV2_2024-10-28_drive1.csv"", ""BEV2_2024-10-28_drive2.csv"", ""BEV2_2024-10-28_drive3.csv"", ""BEV2_2024-10-28_drive4.csv"", ""BEV2_2024-10-29_drive3.csv"", ""BEV2_2024-10-29_drive4.csv""]","[""BEV2_2024-10-28_drive1.csv""]",c2ab943439eb0d310df049843bb99572ec9358302f97355451206fef6e81747f,a1f0c3447c5281f86db5aab0d20dec978e69d2a4772deb264fe8fbac5e85fab8
BEV2_2024-10-30_drive2.csv,train,1730284200000000000,539,448,"[""BEV2_2024-10-27_drive3.csv"", ""BEV2_2024-10-27_drive4.csv"", ""BEV2_2024-10-27_drive5.csv"", ""BEV2_2024-10-28_drive1.csv"", ""BEV2_2024-10-28_drive2.csv"", ""BEV2_2024-10-28_drive3.csv"", ""BEV2_2024-10-28_drive4.csv"", ""BEV2_2024-10-29_drive3.csv"", ""BEV2_2024-10-29_drive4.csv"", ""BEV2_2024-10-30_drive1.csv""]","[""BEV2_2024-10-28_drive2.csv""]",b7efd08fa497a61b2afd07012b01a6dbbd833668e4d8efaad920ceb032d3f518,f217ec29f633f12dd4af6db2c3d7362c97afa479de7175b68a5f69413b256af7
BEV2_2024-10-30_drive3.csv,train,1730288582000000000,540,449,"[""BEV2_2024-10-27_drive4.csv"", ""BEV2_2024-10-27_drive5.csv"", ""BEV2_2024-10-28_drive1.csv"", ""BEV2_2024-10-28_drive2.csv"", ""BEV2_2024-10-28_drive3.csv"", ""BEV2_2024-10-28_drive4.csv"", ""BEV2_2024-10-29_drive3.csv"", ""BEV2_2024-10-29_drive4.csv"", ""BEV2_2024-10-30_drive1.csv"", ""BEV2_2024-10-30_drive2.csv""]","[""BEV2_2024-10-28_drive1.csv"", ""BEV2_2024-10-30_drive1.csv""]",bc085c36e8c61a14bc7e036e8adcad3b0078e0b9b3acda3ce23e950600a69665,21e5a9272a86ae992b6f5167858ddf250405bd336c444a4b63b9be346c09c0fa
BEV1_2024-10-30_drive1.csv,train,1730290197000000000,541,91,"[""BEV1_2024-10-24_drive3.csv"", ""BEV1_2024-10-25_drive1.csv"", ""BEV1_2024-10-25_drive2.csv"", ""BEV1_2024-10-27_drive1.csv"", ""BEV1_2024-10-27_drive2.csv"", ""BEV1_2024-10-27_drive3.csv"", ""BEV1_2024-10-28_drive1.csv"", ""BEV1_2024-10-28_drive2.csv"", ""BEV1_2024-10-29_drive1.csv"", ""BEV1_2024-10-29_drive2.csv""]",[],35f38ae0e4dadd71f75487f9d7fff3dbfc9892185ce486e742a795bc6c102610,2d134051835d233786a96e6377077c2f70a0478a64a135c63e94c6362b70e3c2
BEV2_2024-10-30_drive4.csv,train,1730298872000000000,542,450,"[""BEV2_2024-10-27_drive5.csv"", ""BEV2_2024-10-28_drive1.csv"", ""BEV2_2024-10-28_drive2.csv"", ""BEV2_2024-10-28_drive3.csv"", ""BEV2_2024-10-28_drive4.csv"", ""BEV2_2024-10-29_drive3.csv"", ""BEV2_2024-10-29_drive4.csv"", ""BEV2_2024-10-30_drive1.csv"", ""BEV2_2024-10-30_drive2.csv"", ""BEV2_2024-10-30_drive3.csv""]",[],91539acb8f226d45964a98a2237638128da70a788aab5edc741ca582812d683c,304bbdf9b0746fdc224d3b2d2414f0a5efb7be54670165e201e42c1249f293e4
BEV1_2024-10-30_drive2.csv,train,1730306249000000000,543,92,"[""BEV1_2024-10-25_drive1.csv"", ""BEV1_2024-10-25_drive2.csv"", ""BEV1_2024-10-27_drive1.csv"", ""BEV1_2024-10-27_drive2.csv"", ""BEV1_2024-10-27_drive3.csv"", ""BEV1_2024-10-28_drive1.csv"", ""BEV1_2024-10-28_drive2.csv"", ""BEV1_2024-10-29_drive1.csv"", ""BEV1_2024-10-29_drive2.csv"", ""BEV1_2024-10-30_drive1.csv""]",[],534028af6962a5f69e53295d3704e35234144de5377d824a677f51639d34f1c3,6e0cd5633ce02d6db47163cf37bce2d338c6fd7dd78f0837becc46e9aca067c8
BEV2_2024-10-30_drive5.csv,train,1730307792000000000,543,451,"[""BEV2_2024-10-28_drive1.csv"", ""BEV2_2024-10-28_drive2.csv"", ""BEV2_2024-10-28_drive3.csv"", ""BEV2_2024-10-28_drive4.csv"", ""BEV2_2024-10-29_drive3.csv"", ""BEV2_2024-10-29_drive4.csv"", ""BEV2_2024-10-30_drive1.csv"", ""BEV2_2024-10-30_drive2.csv"", ""BEV2_2024-10-30_drive3.csv"", ""BEV2_2024-10-30_drive4.csv""]",[],4e9a55038e0333499fcc4a85106ff607fe1f3bb98f20ed628b86cd54fd4ce8ff,4a796517c97b6eae3cdda8b524eb80844b6cd72512ed922d5fbb26a22da9a07f
BEV2_2024-10-30_drive6.csv,train,1730316118000000000,544,452,"[""BEV2_2024-10-28_drive2.csv"", ""BEV2_2024-10-28_drive3.csv"", ""BEV2_2024-10-28_drive4.csv"", ""BEV2_2024-10-29_drive3.csv"", ""BEV2_2024-10-29_drive4.csv"", ""BEV2_2024-10-30_drive1.csv"", ""BEV2_2024-10-30_drive2.csv"", ""BEV2_2024-10-30_drive3.csv"", ""BEV2_2024-10-30_drive4.csv"", ""BEV2_2024-10-30_drive5.csv""]",[],1674ae67314541d42e029948a60e9b11bd380056fc7af0ed41d6bfbae5dc2fbf,3afe51644a248519e892df302a756c54c6f9ad381a5267ea36e9b6f1f3ff1959
BEV2_2024-10-31_drive1.csv,train,1730357195000000000,546,453,"[""BEV2_2024-10-28_drive3.csv"", ""BEV2_2024-10-28_drive4.csv"", ""BEV2_2024-10-29_drive3.csv"", ""BEV2_2024-10-29_drive4.csv"", ""BEV2_2024-10-30_drive1.csv"", ""BEV2_2024-10-30_drive2.csv"", ""BEV2_2024-10-30_drive3.csv"", ""BEV2_2024-10-30_drive4.csv"", ""BEV2_2024-10-30_drive5.csv"", ""BEV2_2024-10-30_drive6.csv""]","[""BEV2_2024-10-30_drive1.csv"", ""BEV2_2024-10-30_drive3.csv""]",47657ea1430820290d4ee914b4a6a0115a5c13eaa1a166a7a6d3ce706e8f2588,cc692552b655280da75b64c7d7b4bdb39dcd788e678a1b248d0dfb8fd2ed8409
BEV1_2024-10-31_drive1.csv,train,1730361181000000000,547,93,"[""BEV1_2024-10-25_drive2.csv"", ""BEV1_2024-10-27_drive1.csv"", ""BEV1_2024-10-27_drive2.csv"", ""BEV1_2024-10-27_drive3.csv"", ""BEV1_2024-10-28_drive1.csv"", ""BEV1_2024-10-28_drive2.csv"", ""BEV1_2024-10-29_drive1.csv"", ""BEV1_2024-10-29_drive2.csv"", ""BEV1_2024-10-30_drive1.csv"", ""BEV1_2024-10-30_drive2.csv""]",[],f2c3fa395b9a624d04f3f81ad68d01dfdd93d5996911c88fc27d3bc3a051907c,21e203e4c14fd8497ece14377c318bf47d9efa40e1b6b708373ff75841ed5670
BEV2_2024-10-31_drive2.csv,train,1730367834000000000,548,454,"[""BEV2_2024-10-28_drive4.csv"", ""BEV2_2024-10-29_drive3.csv"", ""BEV2_2024-10-29_drive4.csv"", ""BEV2_2024-10-30_drive1.csv"", ""BEV2_2024-10-30_drive2.csv"", ""BEV2_2024-10-30_drive3.csv"", ""BEV2_2024-10-30_drive4.csv"", ""BEV2_2024-10-30_drive5.csv"", ""BEV2_2024-10-30_drive6.csv"", ""BEV2_2024-10-31_drive1.csv""]",[],ab303c7202e31f3faa6f635809785b95095886e31786974311c48f6883d333be,9d537f9a7cd10eb2196d87b2478f016228bc6965feedba9c7dd411dc0dde9465
BEV2_2024-10-31_drive3.csv,train,1730372518000000000,549,455,"[""BEV2_2024-10-29_drive3.csv"", ""BEV2_2024-10-29_drive4.csv"", ""BEV2_2024-10-30_drive1.csv"", ""BEV2_2024-10-30_drive2.csv"", ""BEV2_2024-10-30_drive3.csv"", ""BEV2_2024-10-30_drive4.csv"", ""BEV2_2024-10-30_drive5.csv"", ""BEV2_2024-10-30_drive6.csv"", ""BEV2_2024-10-31_drive1.csv"", ""BEV2_2024-10-31_drive2.csv""]","[""BEV2_2024-10-30_drive2.csv""]",46db664a0e7c20f49ed7274851035a639dcbc7f2bea93f79df6c9b56c3ecd087,f85eb6e285a0b1cd62a78c3d55840430248cb983483d5a82dbdbabfe13854946
BEV2_2024-10-31_drive4.csv,train,1730373838000000000,550,456,"[""BEV2_2024-10-29_drive4.csv"", ""BEV2_2024-10-30_drive1.csv"", ""BEV2_2024-10-30_drive2.csv"", ""BEV2_2024-10-30_drive3.csv"", ""BEV2_2024-10-30_drive4.csv"", ""BEV2_2024-10-30_drive5.csv"", ""BEV2_2024-10-30_drive6.csv"", ""BEV2_2024-10-31_drive1.csv"", ""BEV2_2024-10-31_drive2.csv"", ""BEV2_2024-10-31_drive3.csv""]","[""BEV2_2024-10-30_drive1.csv"", ""BEV2_2024-10-30_drive3.csv"", ""BEV2_2024-10-31_drive1.csv""]",e30594358cf9efcb68022f977f31a88579369bf7a82850d530f1131a31ceb6f9,ae1087579e4799c21a629fd0f727c43f41973381831ab5a34632908905b56ad1
BEV1_2024-10-31_drive2.csv,train,1730381211000000000,551,94,"[""BEV1_2024-10-27_drive1.csv"", ""BEV1_2024-10-27_drive2.csv"", ""BEV1_2024-10-27_drive3.csv"", ""BEV1_2024-10-28_drive1.csv"", ""BEV1_2024-10-28_drive2.csv"", ""BEV1_2024-10-29_drive1.csv"", ""BEV1_2024-10-29_drive2.csv"", ""BEV1_2024-10-30_drive1.csv"", ""BEV1_2024-10-30_drive2.csv"", ""BEV1_2024-10-31_drive1.csv""]",[],274c9fafdac40bebba4e459bd11b288617d1e5b96b745a1171e76fe5bf1aa997,d2e175b6a42c6ed6f4d45c2fe7fac4eab586c10b9967c4b1f1410da94555c81c
BEV1_2024-10-31_drive3.csv,train,1730386319000000000,551,94,"[""BEV1_2024-10-27_drive1.csv"", ""BEV1_2024-10-27_drive2.csv"", ""BEV1_2024-10-27_drive3.csv"", ""BEV1_2024-10-28_drive1.csv"", ""BEV1_2024-10-28_drive2.csv"", ""BEV1_2024-10-29_drive1.csv"", ""BEV1_2024-10-29_drive2.csv"", ""BEV1_2024-10-30_drive1.csv"", ""BEV1_2024-10-30_drive2.csv"", ""BEV1_2024-10-31_drive1.csv""]",[],274c9fafdac40bebba4e459bd11b288617d1e5b96b745a1171e76fe5bf1aa997,d34e7cdc439c11fe4f5e2dfb34653919eee2bb91a3df9050f2e763b8fcb0d6f0
BEV1_2024-10-31_drive4.csv,train,1730391516000000000,551,94,"[""BEV1_2024-10-27_drive1.csv"", ""BEV1_2024-10-27_drive2.csv"", ""BEV1_2024-10-27_drive3.csv"", ""BEV1_2024-10-28_drive1.csv"", ""BEV1_2024-10-28_drive2.csv"", ""BEV1_2024-10-29_drive1.csv"", ""BEV1_2024-10-29_drive2.csv"", ""BEV1_2024-10-30_drive1.csv"", ""BEV1_2024-10-30_drive2.csv"", ""BEV1_2024-10-31_drive1.csv""]",[],274c9fafdac40bebba4e459bd11b288617d1e5b96b745a1171e76fe5bf1aa997,4bb3cdbe700745fe18d2d4e175489712d632fa75b54964ba12f04e0b1cc115b9
BEV2_2024-10-31_drive5.csv,train,1730392501000000000,551,457,"[""BEV2_2024-10-30_drive1.csv"", ""BEV2_2024-10-30_drive2.csv"", ""BEV2_2024-10-30_drive3.csv"", ""BEV2_2024-10-30_drive4.csv"", ""BEV2_2024-10-30_drive5.csv"", ""BEV2_2024-10-30_drive6.csv"", ""BEV2_2024-10-31_drive1.csv"", ""BEV2_2024-10-31_drive2.csv"", ""BEV2_2024-10-31_drive3.csv"", ""BEV2_2024-10-31_drive4.csv""]",[],f35ac86d41717a345ea1ade127ad789c87ae4816cee13d1c2d8cdc1486cf5a6f,74429e6ceb67f727e1841208002f03d4f315f461dae3a6e25cf8e8d2f6fcff03
BEV1_2024-10-31_drive5.csv,train,1730396720000000000,553,95,"[""BEV1_2024-10-27_drive2.csv"", ""BEV1_2024-10-27_drive3.csv"", ""BEV1_2024-10-28_drive1.csv"", ""BEV1_2024-10-28_drive2.csv"", ""BEV1_2024-10-29_drive1.csv"", ""BEV1_2024-10-29_drive2.csv"", ""BEV1_2024-10-30_drive1.csv"", ""BEV1_2024-10-30_drive2.csv"", ""BEV1_2024-10-31_drive1.csv"", ""BEV1_2024-10-31_drive4.csv""]",[],beb9950e7ce7f99ee8ca8193e2265d22c869fee260571212a62b7fa812c584dd,b23f6baed25d40c1cb0fcaeb89b5b6ad32c04dc6cef7c063ad0543f795666a85
BEV2_2024-10-31_drive6.csv,train,1730398862000000000,553,458,"[""BEV2_2024-10-30_drive2.csv"", ""BEV2_2024-10-30_drive3.csv"", ""BEV2_2024-10-30_drive4.csv"", ""BEV2_2024-10-30_drive5.csv"", ""BEV2_2024-10-30_drive6.csv"", ""BEV2_2024-10-31_drive1.csv"", ""BEV2_2024-10-31_drive2.csv"", ""BEV2_2024-10-31_drive3.csv"", ""BEV2_2024-10-31_drive4.csv"", ""BEV2_2024-10-31_drive5.csv""]",[],be74e684b630294ac74b32792d90dd295a31f54510afd553a82c01fc24ca7e0a,a1b506d43ae83cd7d7d1cf818e2c17daefb2e95828db4c9ac4d34860511def75
BEV2_2024-10-31_drive7.csv,train,1730405706000000000,555,459,"[""BEV2_2024-10-30_drive3.csv"", ""BEV2_2024-10-30_drive4.csv"", ""BEV2_2024-10-30_drive5.csv"", ""BEV2_2024-10-30_drive6.csv"", ""BEV2_2024-10-31_drive1.csv"", ""BEV2_2024-10-31_drive2.csv"", ""BEV2_2024-10-31_drive3.csv"", ""BEV2_2024-10-31_drive4.csv"", ""BEV2_2024-10-31_drive5.csv"", ""BEV2_2024-10-31_drive6.csv""]",[],8f7f92b7bdbb62e6ff8e6800ddeb70aaba4954748708a75a0f4fb77a818ad26e,3e18c4cd79bda74815874aae5b13913e547a8d319b541d99a19ab87f82c33553
BEV2_2024-11-01_drive1.csv,train,1730429076000000000,556,460,"[""BEV2_2024-10-30_drive4.csv"", ""BEV2_2024-10-30_drive5.csv"", ""BEV2_2024-10-30_drive6.csv"", ""BEV2_2024-10-31_drive1.csv"", ""BEV2_2024-10-31_drive2.csv"", ""BEV2_2024-10-31_drive3.csv"", ""BEV2_2024-10-31_drive4.csv"", ""BEV2_2024-10-31_drive5.csv"", ""BEV2_2024-10-31_drive6.csv"", ""BEV2_2024-10-31_drive7.csv""]",[],aa9935c4d06de6a878b57c81320bea50007213bf559f63bdcb6f06f54de2b121,cc2f323dcf78ad60dfc9e63185f7ec46afe86fc5902b715d2e0319ee859ae43b
BEV1_2024-11-01_drive1.csv,train,1730473662000000000,557,96,"[""BEV1_2024-10-27_drive3.csv"", ""BEV1_2024-10-28_drive1.csv"", ""BEV1_2024-10-28_drive2.csv"", ""BEV1_2024-10-29_drive1.csv"", ""BEV1_2024-10-29_drive2.csv"", ""BEV1_2024-10-30_drive1.csv"", ""BEV1_2024-10-30_drive2.csv"", ""BEV1_2024-10-31_drive1.csv"", ""BEV1_2024-10-31_drive4.csv"", ""BEV1_2024-10-31_drive5.csv""]",[],aaa672a8e57b0093968f5e205a374f63b6f7ca557a406ef04d3530185fb009ee,e91bb2de429abb1523a619e4bf7a5efac4fb2f456650d8f1672deafa8e904761
BEV1_2024-11-02_drive1.csv,train,1730539875000000000,558,97,"[""BEV1_2024-10-28_drive1.csv"", ""BEV1_2024-10-28_drive2.csv"", ""BEV1_2024-10-29_drive1.csv"", ""BEV1_2024-10-29_drive2.csv"", ""BEV1_2024-10-30_drive1.csv"", ""BEV1_2024-10-30_drive2.csv"", ""BEV1_2024-10-31_drive1.csv"", ""BEV1_2024-10-31_drive4.csv"", ""BEV1_2024-10-31_drive5.csv"", ""BEV1_2024-11-01_drive1.csv""]",[],e75b54fccd41a6e5b73f24c157fd9ef37b3c29dc0c050f911f374fc09666111a,d6004ac8abe9d58aea03b7f1d43ac94bdb3788c1b68982f87f1c844055f18f0a
BEV1_2024-11-02_drive2.csv,train,1730548125000000000,559,98,"[""BEV1_2024-10-28_drive2.csv"", ""BEV1_2024-10-29_drive1.csv"", ""BEV1_2024-10-29_drive2.csv"", ""BEV1_2024-10-30_drive1.csv"", ""BEV1_2024-10-30_drive2.csv"", ""BEV1_2024-10-31_drive1.csv"", ""BEV1_2024-10-31_drive4.csv"", ""BEV1_2024-10-31_drive5.csv"", ""BEV1_2024-11-01_drive1.csv"", ""BEV1_2024-11-02_drive1.csv""]",[],9cdcec3c682dce592cf338b0a27766375b84fea4a0e3dfaf3773d16eb54a4959,8ddbf09bb8033dd34f1eaf27ce3f199220cb84f6a886f57ea5a50eb6079906e3
BEV1_2024-11-02_drive3.csv,train,1730553999000000000,560,99,"[""BEV1_2024-10-29_drive1.csv"", ""BEV1_2024-10-29_drive2.csv"", ""BEV1_2024-10-30_drive1.csv"", ""BEV1_2024-10-30_drive2.csv"", ""BEV1_2024-10-31_drive1.csv"", ""BEV1_2024-10-31_drive4.csv"", ""BEV1_2024-10-31_drive5.csv"", ""BEV1_2024-11-01_drive1.csv"", ""BEV1_2024-11-02_drive1.csv"", ""BEV1_2024-11-02_drive2.csv""]",[],597d40ef5ce65855e015607991cec9be7dec22acadf11caa331e4298d48d5e9c,994704f05d403f8cecfe4bece43d6edb2f84cad4d6fac844ade9f5360979a9b0
BEV1_2024-11-02_drive4.csv,train,1730568923000000000,561,100,"[""BEV1_2024-10-29_drive2.csv"", ""BEV1_2024-10-30_drive1.csv"", ""BEV1_2024-10-30_drive2.csv"", ""BEV1_2024-10-31_drive1.csv"", ""BEV1_2024-10-31_drive4.csv"", ""BEV1_2024-10-31_drive5.csv"", ""BEV1_2024-11-01_drive1.csv"", ""BEV1_2024-11-02_drive1.csv"", ""BEV1_2024-11-02_drive2.csv"", ""BEV1_2024-11-02_drive3.csv""]",[],332150e226c27ff3d453be172312e5878b8d772447e6e8179e4045ac0961df49,762b371d46a9dd897adbe8bed6c83e47b87452ef2ffdabc28790bffd8e310fc7
BEV1_2024-11-02_drive5.csv,train,1730576259000000000,562,101,"[""BEV1_2024-10-30_drive1.csv"", ""BEV1_2024-10-30_drive2.csv"", ""BEV1_2024-10-31_drive1.csv"", ""BEV1_2024-10-31_drive4.csv"", ""BEV1_2024-10-31_drive5.csv"", ""BEV1_2024-11-01_drive1.csv"", ""BEV1_2024-11-02_drive1.csv"", ""BEV1_2024-11-02_drive2.csv"", ""BEV1_2024-11-02_drive3.csv"", ""BEV1_2024-11-02_drive4.csv""]",[],fed057007428675a180261a7785e7adf87fb0280a68dc2b857f657852365d06e,b5d2b588f6ea137ea68d05b0ed83aed43eee16c0bfcc6400f07320d5df731bfd
BEV2_2024-11-04_drive1.csv,train,1730717736000000000,562,461,"[""BEV2_2024-10-30_drive5.csv"", ""BEV2_2024-10-30_drive6.csv"", ""BEV2_2024-10-31_drive1.csv"", ""BEV2_2024-10-31_drive2.csv"", ""BEV2_2024-10-31_drive3.csv"", ""BEV2_2024-10-31_drive4.csv"", ""BEV2_2024-10-31_drive5.csv"", ""BEV2_2024-10-31_drive6.csv"", ""BEV2_2024-10-31_drive7.csv"", ""BEV2_2024-11-01_drive1.csv""]",[],92078dc4c4b38ab9aa53df8909851cd4928a53772ae22dc8f7092b1130ecc877,1697726b0e5f0d7f588a99ea670215a9215fae07857c701a334036641d2f044f
BEV2_2024-11-04_drive2.csv,train,1730723426000000000,563,462,"[""BEV2_2024-10-30_drive6.csv"", ""BEV2_2024-10-31_drive1.csv"", ""BEV2_2024-10-31_drive2.csv"", ""BEV2_2024-10-31_drive3.csv"", ""BEV2_2024-10-31_drive4.csv"", ""BEV2_2024-10-31_drive5.csv"", ""BEV2_2024-10-31_drive6.csv"", ""BEV2_2024-10-31_drive7.csv"", ""BEV2_2024-11-01_drive1.csv"", ""BEV2_2024-11-04_drive1.csv""]","[""BEV2_2024-10-30_drive6.csv""]",a1e809ef1310d75c7ec07d4401a2f96cf473d7f910165ca9da4b938613bd9f05,57580f0054d85c7b468a33057589b6ff77456621d51fe1cfc9dc5752df33295f
BEV2_2024-11-04_drive3.csv,train,1730724757000000000,564,463,"[""BEV2_2024-10-31_drive1.csv"", ""BEV2_2024-10-31_drive2.csv"", ""BEV2_2024-10-31_drive3.csv"", ""BEV2_2024-10-31_drive4.csv"", ""BEV2_2024-10-31_drive5.csv"", ""BEV2_2024-10-31_drive6.csv"", ""BEV2_2024-10-31_drive7.csv"", ""BEV2_2024-11-01_drive1.csv"", ""BEV2_2024-11-04_drive1.csv"", ""BEV2_2024-11-04_drive2.csv""]",[],72297940e4e0fca86e17da73e97115bc628398e3ba10164aaeab096cea7e3237,c98fb11a99fbe0d4a13b423a1388d1cf31f620fa1ea5cf9eb69e6412abbf89c0
BEV2_2024-11-04_drive4.csv,train,1730728466000000000,565,464,"[""BEV2_2024-10-31_drive2.csv"", ""BEV2_2024-10-31_drive3.csv"", ""BEV2_2024-10-31_drive4.csv"", ""BEV2_2024-10-31_drive5.csv"", ""BEV2_2024-10-31_drive6.csv"", ""BEV2_2024-10-31_drive7.csv"", ""BEV2_2024-11-01_drive1.csv"", ""BEV2_2024-11-04_drive1.csv"", ""BEV2_2024-11-04_drive2.csv"", ""BEV2_2024-11-04_drive3.csv""]",[],a27fbf915bc238e8ccb185958cb9d1d2be4d702653dd3b29a10901470788420d,8788715a9afd74c8ac60e6392ec04095091aa84754b031b9adc205bf2921a0c8
BEV2_2024-11-04_drive5.csv,train,1730735931000000000,566,465,"[""BEV2_2024-10-31_drive3.csv"", ""BEV2_2024-10-31_drive4.csv"", ""BEV2_2024-10-31_drive5.csv"", ""BEV2_2024-10-31_drive6.csv"", ""BEV2_2024-10-31_drive7.csv"", ""BEV2_2024-11-01_drive1.csv"", ""BEV2_2024-11-04_drive1.csv"", ""BEV2_2024-11-04_drive2.csv"", ""BEV2_2024-11-04_drive3.csv"", ""BEV2_2024-11-04_drive4.csv""]",[],dbcbd5c9631fc03a33e47189d7ba9387dea1ca83bfda615a74e6a99f9ddfc316,3512840ced8c1ac134ab21bd38ad459910303ba3a36447f29cff6070b4ea7d06
BEV2_2024-11-04_drive6.csv,train,1730737871000000000,567,466,"[""BEV2_2024-10-31_drive4.csv"", ""BEV2_2024-10-31_drive5.csv"", ""BEV2_2024-10-31_drive6.csv"", ""BEV2_2024-10-31_drive7.csv"", ""BEV2_2024-11-01_drive1.csv"", ""BEV2_2024-11-04_drive1.csv"", ""BEV2_2024-11-04_drive2.csv"", ""BEV2_2024-11-04_drive3.csv"", ""BEV2_2024-11-04_drive4.csv"", ""BEV2_2024-11-04_drive5.csv""]",[],e2f8b11eef947d6b1d59aba4d477fa9cdce173f3574cddd7e089ad65540420d4,db137c45bd4cc8885926d024b21b64ebf80e6ce4925ef638fcb669badbbcf819
BEV1_2024-11-04_drive2.csv,train,1730737893000000000,567,101,"[""BEV1_2024-10-30_drive1.csv"", ""BEV1_2024-10-30_drive2.csv"", ""BEV1_2024-10-31_drive1.csv"", ""BEV1_2024-10-31_drive4.csv"", ""BEV1_2024-10-31_drive5.csv"", ""BEV1_2024-11-01_drive1.csv"", ""BEV1_2024-11-02_drive1.csv"", ""BEV1_2024-11-02_drive2.csv"", ""BEV1_2024-11-02_drive3.csv"", ""BEV1_2024-11-02_drive4.csv""]",[],fed057007428675a180261a7785e7adf87fb0280a68dc2b857f657852365d06e,286b5bf0f16a218fda29313b69794227d40dc896e2dd79b8a1a446fd873cc85f
BEV2_2024-11-04_drive7.csv,train,1730741316000000000,569,467,"[""BEV2_2024-10-31_drive5.csv"", ""BEV2_2024-10-31_drive6.csv"", ""BEV2_2024-10-31_drive7.csv"", ""BEV2_2024-11-01_drive1.csv"", ""BEV2_2024-11-04_drive1.csv"", ""BEV2_2024-11-04_drive2.csv"", ""BEV2_2024-11-04_drive3.csv"", ""BEV2_2024-11-04_drive4.csv"", ""BEV2_2024-11-04_drive5.csv"", ""BEV2_2024-11-04_drive6.csv""]",[],66775ec467bed7dbfa80f7888167d5668dd5f01e2a00d9c98526549a542f8a95,48e0ad64497d17d782ce738e889bc4bf0dafcbba49ce2ca8f0ec4234bae8a0f3
BEV2_2024-11-04_drive8.csv,train,1730753316000000000,570,468,"[""BEV2_2024-10-31_drive6.csv"", ""BEV2_2024-10-31_drive7.csv"", ""BEV2_2024-11-01_drive1.csv"", ""BEV2_2024-11-04_drive1.csv"", ""BEV2_2024-11-04_drive2.csv"", ""BEV2_2024-11-04_drive3.csv"", ""BEV2_2024-11-04_drive4.csv"", ""BEV2_2024-11-04_drive5.csv"", ""BEV2_2024-11-04_drive6.csv"", ""BEV2_2024-11-04_drive7.csv""]",[],89ca387ad2e88ccaa5b66c7e41878863426b6f0c8dfad8913e28efdb104d6a16,06e146ae9ccd337ec880521b4148262d2b4411b3e8f323ca27566b9f558c4055
BEV1_2024-11-05_drive1.csv,train,1730789255000000000,571,102,"[""BEV1_2024-10-30_drive2.csv"", ""BEV1_2024-10-31_drive1.csv"", ""BEV1_2024-10-31_drive4.csv"", ""BEV1_2024-10-31_drive5.csv"", ""BEV1_2024-11-01_drive1.csv"", ""BEV1_2024-11-02_drive1.csv"", ""BEV1_2024-11-02_drive2.csv"", ""BEV1_2024-11-02_drive3.csv"", ""BEV1_2024-11-02_drive4.csv"", ""BEV1_2024-11-04_drive2.csv""]",[],b5d63c264768f75bda4444dbe7ca41a2a91ee108a79e0b4bd3dc1b413ea0273c,cf55c868ce0efcd30f7a4bae813a030c3a70e72b2ce681586591da079e5ba570
BEV2_2024-11-05_drive1.csv,train,1730789361000000000,571,469,"[""BEV2_2024-10-31_drive7.csv"", ""BEV2_2024-11-01_drive1.csv"", ""BEV2_2024-11-04_drive1.csv"", ""BEV2_2024-11-04_drive2.csv"", ""BEV2_2024-11-04_drive3.csv"", ""BEV2_2024-11-04_drive4.csv"", ""BEV2_2024-11-04_drive5.csv"", ""BEV2_2024-11-04_drive6.csv"", ""BEV2_2024-11-04_drive7.csv"", ""BEV2_2024-11-04_drive8.csv""]",[],6ffc52d4cc799f2755c9ab8f075d2db35b5b6eaf1a2188483511cd559118fa03,e0846fef400bb090b5bb6c50f83fea75082499b7a73c772424af832790ce2887
BEV1_2024-11-05_drive2.csv,train,1730824949000000000,572,103,"[""BEV1_2024-10-31_drive1.csv"", ""BEV1_2024-10-31_drive4.csv"", ""BEV1_2024-10-31_drive5.csv"", ""BEV1_2024-11-01_drive1.csv"", ""BEV1_2024-11-02_drive1.csv"", ""BEV1_2024-11-02_drive2.csv"", ""BEV1_2024-11-02_drive3.csv"", ""BEV1_2024-11-02_drive4.csv"", ""BEV1_2024-11-04_drive2.csv"", ""BEV1_2024-11-05_drive1.csv""]",[],55650b8e208bc0959aa242ca01f66f3aabcd680dfa2da01bbf30913c8b755f86,726b224fb80ebaf2971746fcda41e7b6e0fbe4520697df8e0398eb3ec6738c9e
BEV2_2024-11-05_drive2.csv,train,1730825802000000000,572,469,"[""BEV2_2024-10-31_drive7.csv"", ""BEV2_2024-11-01_drive1.csv"", ""BEV2_2024-11-04_drive1.csv"", ""BEV2_2024-11-04_drive2.csv"", ""BEV2_2024-11-04_drive3.csv"", ""BEV2_2024-11-04_drive4.csv"", ""BEV2_2024-11-04_drive5.csv"", ""BEV2_2024-11-04_drive6.csv"", ""BEV2_2024-11-04_drive7.csv"", ""BEV2_2024-11-04_drive8.csv""]",[],6ffc52d4cc799f2755c9ab8f075d2db35b5b6eaf1a2188483511cd559118fa03,d8540af839cd3d54b0464731fc86a500d7cdd9a60e013ceb2d4c6c09a21442dc
BEV1_2024-11-06_drive1.csv,train,1730881446000000000,574,104,"[""BEV1_2024-10-31_drive4.csv"", ""BEV1_2024-10-31_drive5.csv"", ""BEV1_2024-11-01_drive1.csv"", ""BEV1_2024-11-02_drive1.csv"", ""BEV1_2024-11-02_drive2.csv"", ""BEV1_2024-11-02_drive3.csv"", ""BEV1_2024-11-02_drive4.csv"", ""BEV1_2024-11-04_drive2.csv"", ""BEV1_2024-11-05_drive1.csv"", ""BEV1_2024-11-05_drive2.csv""]",[],d0ece6cb62788d124159f51d17372dbe13f1884227a49da4dd711945ba960710,5e9b389ec16d75649f137d6727cb121eb0cc1676d400bb778d85497b6a609972
BEV1_2024-11-06_drive3.csv,train,1730919128000000000,575,105,"[""BEV1_2024-10-31_drive5.csv"", ""BEV1_2024-11-01_drive1.csv"", ""BEV1_2024-11-02_drive1.csv"", ""BEV1_2024-11-02_drive2.csv"", ""BEV1_2024-11-02_drive3.csv"", ""BEV1_2024-11-02_drive4.csv"", ""BEV1_2024-11-04_drive2.csv"", ""BEV1_2024-11-05_drive1.csv"", ""BEV1_2024-11-05_drive2.csv"", ""BEV1_2024-11-06_drive1.csv""]",[],d3d0e891dab23b64b704a66303be79e20b9f624970422202f4d17d31ad87bf94,56bd91b33ff184741b5cc4d8f90caa97286f885ad18c05d024d09cf0fa36cab3
BEV1_2024-11-06_drive4.csv,train,1730923696000000000,576,106,"[""BEV1_2024-11-01_drive1.csv"", ""BEV1_2024-11-02_drive1.csv"", ""BEV1_2024-11-02_drive2.csv"", ""BEV1_2024-11-02_drive3.csv"", ""BEV1_2024-11-02_drive4.csv"", ""BEV1_2024-11-04_drive2.csv"", ""BEV1_2024-11-05_drive1.csv"", ""BEV1_2024-11-05_drive2.csv"", ""BEV1_2024-11-06_drive1.csv"", ""BEV1_2024-11-06_drive3.csv""]",[],609f38bb5e3827d9110582a6c9747c2de2492ad4bae80cb46e01b3e0e70605be,8906ca354035ea085fe5a752e30153490142d074de373a82409afed36bb03096
BEV1_2024-11-07_drive1.csv,train,1730964712000000000,577,107,"[""BEV1_2024-11-02_drive1.csv"", ""BEV1_2024-11-02_drive2.csv"", ""BEV1_2024-11-02_drive3.csv"", ""BEV1_2024-11-02_drive4.csv"", ""BEV1_2024-11-04_drive2.csv"", ""BEV1_2024-11-05_drive1.csv"", ""BEV1_2024-11-05_drive2.csv"", ""BEV1_2024-11-06_drive1.csv"", ""BEV1_2024-11-06_drive3.csv"", ""BEV1_2024-11-06_drive4.csv""]",[],8f4030790ebefe5dca9a134e679c6eb19d955024b26cb85d6f70e3b639c406be,e1565f263606684648cc102e9f99c72ad628beda689a1b6a81c6e334ab572c4b
BEV1_2024-11-07_drive2.csv,train,1730997130000000000,578,108,"[""BEV1_2024-11-02_drive2.csv"", ""BEV1_2024-11-02_drive3.csv"", ""BEV1_2024-11-02_drive4.csv"", ""BEV1_2024-11-04_drive2.csv"", ""BEV1_2024-11-05_drive1.csv"", ""BEV1_2024-11-05_drive2.csv"", ""BEV1_2024-11-06_drive1.csv"", ""BEV1_2024-11-06_drive3.csv"", ""BEV1_2024-11-06_drive4.csv"", ""BEV1_2024-11-07_drive1.csv""]","[""BEV1_2024-11-04_drive2.csv""]",4b6b0b9692af9331f49d5158fa7f7d5e65175b46de742b66d6373d1436d78fea,9b2936921a30ff51be2f66b94d26d601c52de71c3269f2e1c475d5cda6b5b46d
BEV1_2024-11-08_drive1.csv,train,1731056598000000000,579,109,"[""BEV1_2024-11-02_drive3.csv"", ""BEV1_2024-11-02_drive4.csv"", ""BEV1_2024-11-04_drive2.csv"", ""BEV1_2024-11-05_drive1.csv"", ""BEV1_2024-11-05_drive2.csv"", ""BEV1_2024-11-06_drive1.csv"", ""BEV1_2024-11-06_drive3.csv"", ""BEV1_2024-11-06_drive4.csv"", ""BEV1_2024-11-07_drive1.csv"", ""BEV1_2024-11-07_drive2.csv""]",[],064a6c7acddfe1360b6a90ca2724a7ec94d07d068d523826dc999fc13406d480,8a6429fe824a9452bad1c47c1e08ba19e59aaa3b9cd4db2be40593b9c434ff75
BEV1_2024-11-08_drive2.csv,train,1731067757000000000,579,109,"[""BEV1_2024-11-02_drive3.csv"", ""BEV1_2024-11-02_drive4.csv"", ""BEV1_2024-11-04_drive2.csv"", ""BEV1_2024-11-05_drive1.csv"", ""BEV1_2024-11-05_drive2.csv"", ""BEV1_2024-11-06_drive1.csv"", ""BEV1_2024-11-06_drive3.csv"", ""BEV1_2024-11-06_drive4.csv"", ""BEV1_2024-11-07_drive1.csv"", ""BEV1_2024-11-07_drive2.csv""]",[],064a6c7acddfe1360b6a90ca2724a7ec94d07d068d523826dc999fc13406d480,af35948f87b4cad722a544e8a69d3dd854abdb97e6d9d7c26693f32e32b042eb
BEV1_2024-11-08_drive3.csv,train,1731088168000000000,580,110,"[""BEV1_2024-11-02_drive4.csv"", ""BEV1_2024-11-04_drive2.csv"", ""BEV1_2024-11-05_drive1.csv"", ""BEV1_2024-11-05_drive2.csv"", ""BEV1_2024-11-06_drive1.csv"", ""BEV1_2024-11-06_drive3.csv"", ""BEV1_2024-11-06_drive4.csv"", ""BEV1_2024-11-07_drive1.csv"", ""BEV1_2024-11-07_drive2.csv"", ""BEV1_2024-11-08_drive2.csv""]",[],93360456460da29c781704eb3a7b5ac2248fda93a81dd91ff107111987129122,7a2821d24ef7a3bc58bae80c41df03a6f5be076d7dece14511112f4f03d1d5c0
BEV1_2024-11-08_drive4.csv,train,1731106386000000000,581,111,"[""BEV1_2024-11-04_drive2.csv"", ""BEV1_2024-11-05_drive1.csv"", ""BEV1_2024-11-05_drive2.csv"", ""BEV1_2024-11-06_drive1.csv"", ""BEV1_2024-11-06_drive3.csv"", ""BEV1_2024-11-06_drive4.csv"", ""BEV1_2024-11-07_drive1.csv"", ""BEV1_2024-11-07_drive2.csv"", ""BEV1_2024-11-08_drive2.csv"", ""BEV1_2024-11-08_drive3.csv""]",[],86e146abcfa0815e118c629421f2bed1b46bf2e63df95a3060e091b72b7d83c0,4f3aaf29ff220cf9d40a17ab6e2e2786d5d6ff89f4f4a2f108ec0f215c749af9
BEV1_2024-11-10_drive1.csv,train,1731254328000000000,582,112,"[""BEV1_2024-11-05_drive1.csv"", ""BEV1_2024-11-05_drive2.csv"", ""BEV1_2024-11-06_drive1.csv"", ""BEV1_2024-11-06_drive3.csv"", ""BEV1_2024-11-06_drive4.csv"", ""BEV1_2024-11-07_drive1.csv"", ""BEV1_2024-11-07_drive2.csv"", ""BEV1_2024-11-08_drive2.csv"", ""BEV1_2024-11-08_drive3.csv"", ""BEV1_2024-11-08_drive4.csv""]",[],81d7bfa76db9e7cb45463200421ac5bdf1bfdac69297b8ce4ac0e8efea87aae7,a2c2b3d350b172c977fb5597c11a5fa3c3357b6073ed0848bfe6891f67ae2496
BEV1_2024-11-10_drive2.csv,train,1731258284000000000,583,113,"[""BEV1_2024-11-05_drive2.csv"", ""BEV1_2024-11-06_drive1.csv"", ""BEV1_2024-11-06_drive3.csv"", ""BEV1_2024-11-06_drive4.csv"", ""BEV1_2024-11-07_drive1.csv"", ""BEV1_2024-11-07_drive2.csv"", ""BEV1_2024-11-08_drive2.csv"", ""BEV1_2024-11-08_drive3.csv"", ""BEV1_2024-11-08_drive4.csv"", ""BEV1_2024-11-10_drive1.csv""]",[],a264c4913ae230554c131be82504eb89f7b0164d524e01ad24089e129313697c,afc827204f863f6651886a8ca97186db3897ee7554a6c6185a12abecd2ba463e
BEV1_2024-11-10_drive3.csv,train,1731267957000000000,584,114,"[""BEV1_2024-11-06_drive1.csv"", ""BEV1_2024-11-06_drive3.csv"", ""BEV1_2024-11-06_drive4.csv"", ""BEV1_2024-11-07_drive1.csv"", ""BEV1_2024-11-07_drive2.csv"", ""BEV1_2024-11-08_drive2.csv"", ""BEV1_2024-11-08_drive3.csv"", ""BEV1_2024-11-08_drive4.csv"", ""BEV1_2024-11-10_drive1.csv"", ""BEV1_2024-11-10_drive2.csv""]",[],c1f9e754802f8e7e10b06586ee092f17a8feaabccf7af803883b4746af6a706d,4095f85048122a043be27c4bf63483a7d31c14c940f4ceeaeaa70572c8b6a917
BEV1_2024-11-10_drive4.csv,train,1731270642000000000,585,115,"[""BEV1_2024-11-06_drive3.csv"", ""BEV1_2024-11-06_drive4.csv"", ""BEV1_2024-11-07_drive1.csv"", ""BEV1_2024-11-07_drive2.csv"", ""BEV1_2024-11-08_drive2.csv"", ""BEV1_2024-11-08_drive3.csv"", ""BEV1_2024-11-08_drive4.csv"", ""BEV1_2024-11-10_drive1.csv"", ""BEV1_2024-11-10_drive2.csv"", ""BEV1_2024-11-10_drive3.csv""]",[],de61f1a5f601e9b10384411a9acc4575bd03e0e5c3a7384b7870fe0c1bde13c5,f12d885af3909975c79701a7661b026c7a575c6707328910b62b89ea40f502e3
BEV1_2024-11-11_drive1.csv,train,1731322215000000000,586,116,"[""BEV1_2024-11-06_drive4.csv"", ""BEV1_2024-11-07_drive1.csv"", ""BEV1_2024-11-07_drive2.csv"", ""BEV1_2024-11-08_drive2.csv"", ""BEV1_2024-11-08_drive3.csv"", ""BEV1_2024-11-08_drive4.csv"", ""BEV1_2024-11-10_drive1.csv"", ""BEV1_2024-11-10_drive2.csv"", ""BEV1_2024-11-10_drive3.csv"", ""BEV1_2024-11-10_drive4.csv""]",[],5bd48e14512da8790710c84a149c45a4d3a8e80374cf4e80b29a5bb40d25d9cb,5871d2768d9a67999094be608de55c64a4725fe2cb1fc40c71e3a529bb070667
BEV1_2024-11-11_drive2.csv,train,1731343882000000000,587,117,"[""BEV1_2024-11-07_drive1.csv"", ""BEV1_2024-11-07_drive2.csv"", ""BEV1_2024-11-08_drive2.csv"", ""BEV1_2024-11-08_drive3.csv"", ""BEV1_2024-11-08_drive4.csv"", ""BEV1_2024-11-10_drive1.csv"", ""BEV1_2024-11-10_drive2.csv"", ""BEV1_2024-11-10_drive3.csv"", ""BEV1_2024-11-10_drive4.csv"", ""BEV1_2024-11-11_drive1.csv""]",[],8624a891cd3a8d8d3ee7bcf526dc61a434bfee072e50a75be46ecba31a5cc424,941faf49f7070064dd19d31f3aa6a8985538a8331f995d40cc182d44c41d3719
BEV1_2024-11-11_drive3.csv,train,1731344483000000000,588,118,"[""BEV1_2024-11-07_drive2.csv"", ""BEV1_2024-11-08_drive2.csv"", ""BEV1_2024-11-08_drive3.csv"", ""BEV1_2024-11-08_drive4.csv"", ""BEV1_2024-11-10_drive1.csv"", ""BEV1_2024-11-10_drive2.csv"", ""BEV1_2024-11-10_drive3.csv"", ""BEV1_2024-11-10_drive4.csv"", ""BEV1_2024-11-11_drive1.csv"", ""BEV1_2024-11-11_drive2.csv""]",[],9813c4c3d1906e38ea31097d9c06df7c0a27377bb9885ef8b67eb40363a4cbed,8a738643c03d9af9ab07bc89ea99c64f5e7dca0a752a101a9516aa7e804de7f7
BEV1_2024-11-11_drive4.csv,train,1731347962000000000,589,119,"[""BEV1_2024-11-08_drive2.csv"", ""BEV1_2024-11-08_drive3.csv"", ""BEV1_2024-11-08_drive4.csv"", ""BEV1_2024-11-10_drive1.csv"", ""BEV1_2024-11-10_drive2.csv"", ""BEV1_2024-11-10_drive3.csv"", ""BEV1_2024-11-10_drive4.csv"", ""BEV1_2024-11-11_drive1.csv"", ""BEV1_2024-11-11_drive2.csv"", ""BEV1_2024-11-11_drive3.csv""]",[],0c9c14c0dec8e7db905cf74643a2934367513f24bea78f7ba87690d2c14b742d,00f7942ae9dd58151b48f416ecdf19413ed55c78854c6bb50f3e5247b33e2cc1
BEV1_2024-11-12_drive1.csv,train,1731394893000000000,590,120,"[""BEV1_2024-11-08_drive3.csv"", ""BEV1_2024-11-08_drive4.csv"", ""BEV1_2024-11-10_drive1.csv"", ""BEV1_2024-11-10_drive2.csv"", ""BEV1_2024-11-10_drive3.csv"", ""BEV1_2024-11-10_drive4.csv"", ""BEV1_2024-11-11_drive1.csv"", ""BEV1_2024-11-11_drive2.csv"", ""BEV1_2024-11-11_drive3.csv"", ""BEV1_2024-11-11_drive4.csv""]",[],b8c142f87ed7a311dd61069edc9561e7e4bbd7bda0d564e6a614ce5138a48cb4,8159b2470fba9ce397b289314c9884ea6262e1cc47bf2827888376829d908cc3
BEV1_2024-11-12_drive2.csv,train,1731429773000000000,591,121,"[""BEV1_2024-11-08_drive4.csv"", ""BEV1_2024-11-10_drive1.csv"", ""BEV1_2024-11-10_drive2.csv"", ""BEV1_2024-11-10_drive3.csv"", ""BEV1_2024-11-10_drive4.csv"", ""BEV1_2024-11-11_drive1.csv"", ""BEV1_2024-11-11_drive2.csv"", ""BEV1_2024-11-11_drive3.csv"", ""BEV1_2024-11-11_drive4.csv"", ""BEV1_2024-11-12_drive1.csv""]",[],e32706b2d87229dac38eb57142e12c60e68ab0a7f9f72da9a40cfa42abd9aef9,56bb249baa17690d53d414cfc338edc0d321fe4653c2a1806fbf54deb188cc79
BEV2_2024-11-12_drive1.csv,train,1731431043000000000,591,470,"[""BEV2_2024-11-01_drive1.csv"", ""BEV2_2024-11-04_drive1.csv"", ""BEV2_2024-11-04_drive2.csv"", ""BEV2_2024-11-04_drive3.csv"", ""BEV2_2024-11-04_drive4.csv"", ""BEV2_2024-11-04_drive5.csv"", ""BEV2_2024-11-04_drive6.csv"", ""BEV2_2024-11-04_drive7.csv"", ""BEV2_2024-11-04_drive8.csv"", ""BEV2_2024-11-05_drive2.csv""]",[],84c66dd023ac42c5f4505669eb18747b415982efe4913499d5f8bbd240227da5,610911d31f2c79876767b083411a29243bef59222e9eaba7a72e1e1fba52b0fd
BEV2_2024-11-13_drive1.csv,train,1731482009000000000,593,471,"[""BEV2_2024-11-04_drive1.csv"", ""BEV2_2024-11-04_drive2.csv"", ""BEV2_2024-11-04_drive3.csv"", ""BEV2_2024-11-04_drive4.csv"", ""BEV2_2024-11-04_drive5.csv"", ""BEV2_2024-11-04_drive6.csv"", ""BEV2_2024-11-04_drive7.csv"", ""BEV2_2024-11-04_drive8.csv"", ""BEV2_2024-11-05_drive2.csv"", ""BEV2_2024-11-12_drive1.csv""]",[],63396edb52bf067debf07eaf06f32990b1275fb8a53dafffda9bb2c61685a87d,5b9eed72992d1d864c0540b7350a6b0e64d2cac72722e20779c17a125ac00253
BEV1_2024-11-13_drive1.csv,train,1731483810000000000,594,122,"[""BEV1_2024-11-10_drive1.csv"", ""BEV1_2024-11-10_drive2.csv"", ""BEV1_2024-11-10_drive3.csv"", ""BEV1_2024-11-10_drive4.csv"", ""BEV1_2024-11-11_drive1.csv"", ""BEV1_2024-11-11_drive2.csv"", ""BEV1_2024-11-11_drive3.csv"", ""BEV1_2024-11-11_drive4.csv"", ""BEV1_2024-11-12_drive1.csv"", ""BEV1_2024-11-12_drive2.csv""]",[],6efc5922b9bd842682adfe257e0801f98cf0e40c30d6a2dfdc5b8f5a63da12a8,119e52ef319c75f650484022e1fb0a6be44a81d46df638eabf193f77cca6f87e
BEV2_2024-11-13_drive2.csv,train,1731510422000000000,595,472,"[""BEV2_2024-11-04_drive2.csv"", ""BEV2_2024-11-04_drive3.csv"", ""BEV2_2024-11-04_drive4.csv"", ""BEV2_2024-11-04_drive5.csv"", ""BEV2_2024-11-04_drive6.csv"", ""BEV2_2024-11-04_drive7.csv"", ""BEV2_2024-11-04_drive8.csv"", ""BEV2_2024-11-05_drive2.csv"", ""BEV2_2024-11-12_drive1.csv"", ""BEV2_2024-11-13_drive1.csv""]",[],d3e13cdce0ea4355282c6d5891044bfccf5d080b5316472df6c1427a605037f6,fe1ce1c7c95fa6f8d4927d2c26690021ed1cc2a9aed222a34b1627d0325b0118
BEV1_2024-11-13_drive2.csv,train,1731516089000000000,596,123,"[""BEV1_2024-11-10_drive2.csv"", ""BEV1_2024-11-10_drive3.csv"", ""BEV1_2024-11-10_drive4.csv"", ""BEV1_2024-11-11_drive1.csv"", ""BEV1_2024-11-11_drive2.csv"", ""BEV1_2024-11-11_drive3.csv"", ""BEV1_2024-11-11_drive4.csv"", ""BEV1_2024-11-12_drive1.csv"", ""BEV1_2024-11-12_drive2.csv"", ""BEV1_2024-11-13_drive1.csv""]",[],b008073b70074901010585cf6f8df43cd337f7b4639eb0be9f66f3d25ed3fbf8,2e262ab766e26633240a9dc0a55bffc274970e6b696e0c93624b3151210d3163
BEV1_2024-11-13_drive3.csv,train,1731521231000000000,597,124,"[""BEV1_2024-11-10_drive3.csv"", ""BEV1_2024-11-10_drive4.csv"", ""BEV1_2024-11-11_drive1.csv"", ""BEV1_2024-11-11_drive2.csv"", ""BEV1_2024-11-11_drive3.csv"", ""BEV1_2024-11-11_drive4.csv"", ""BEV1_2024-11-12_drive1.csv"", ""BEV1_2024-11-12_drive2.csv"", ""BEV1_2024-11-13_drive1.csv"", ""BEV1_2024-11-13_drive2.csv""]",[],75a1f51f63a0bc02490a334bafc0aebc25e2a2e1bf1088832d5e4f1730a92200,3a89055f4dc8c1e2dbe9c78a02fb44fa0a0d12e2c5d9c65cc0dda1e22dea5769
BEV2_2024-11-13_drive3.csv,train,1731523490000000000,598,473,"[""BEV2_2024-11-04_drive3.csv"", ""BEV2_2024-11-04_drive4.csv"", ""BEV2_2024-11-04_drive5.csv"", ""BEV2_2024-11-04_drive6.csv"", ""BEV2_2024-11-04_drive7.csv"", ""BEV2_2024-11-04_drive8.csv"", ""BEV2_2024-11-05_drive2.csv"", ""BEV2_2024-11-12_drive1.csv"", ""BEV2_2024-11-13_drive1.csv"", ""BEV2_2024-11-13_drive2.csv""]",[],373c5efdd464cbba4679a5518277a2a4ee0b11f063ed778e78194ed011209ad6,93bbbde218d0f4aca4116efc986b4e7477f2d532c7888a6b863acacf6f13c1b1
BEV2_2024-11-13_drive4.csv,train,1731532084000000000,599,474,"[""BEV2_2024-11-04_drive4.csv"", ""BEV2_2024-11-04_drive5.csv"", ""BEV2_2024-11-04_drive6.csv"", ""BEV2_2024-11-04_drive7.csv"", ""BEV2_2024-11-04_drive8.csv"", ""BEV2_2024-11-05_drive2.csv"", ""BEV2_2024-11-12_drive1.csv"", ""BEV2_2024-11-13_drive1.csv"", ""BEV2_2024-11-13_drive2.csv"", ""BEV2_2024-11-13_drive3.csv""]",[],fb17934261ad6db5b80a5a474c0eacbb040f79a4ff0bfa3106e6a62806b2404e,2b3742dff907feb41f2cb7efa234170bd1f44b4767cebfb0e3cafc70f4be5b8d
BEV1_2024-11-13_drive4.csv,train,1731534106000000000,600,125,"[""BEV1_2024-11-10_drive4.csv"", ""BEV1_2024-11-11_drive1.csv"", ""BEV1_2024-11-11_drive2.csv"", ""BEV1_2024-11-11_drive3.csv"", ""BEV1_2024-11-11_drive4.csv"", ""BEV1_2024-11-12_drive1.csv"", ""BEV1_2024-11-12_drive2.csv"", ""BEV1_2024-11-13_drive1.csv"", ""BEV1_2024-11-13_drive2.csv"", ""BEV1_2024-11-13_drive3.csv""]",[],4d1ab29d88e871a3777c349159b74df07e2276a1ab100dc88838a3b960c08f10,388e3f674e5a6bee71c2d0afc17f7871291ec26ed271e40324be1703766dff4c
BEV2_2024-11-14_drive1.csv,train,1731567074000000000,601,475,"[""BEV2_2024-11-04_drive5.csv"", ""BEV2_2024-11-04_drive6.csv"", ""BEV2_2024-11-04_drive7.csv"", ""BEV2_2024-11-04_drive8.csv"", ""BEV2_2024-11-05_drive2.csv"", ""BEV2_2024-11-12_drive1.csv"", ""BEV2_2024-11-13_drive1.csv"", ""BEV2_2024-11-13_drive2.csv"", ""BEV2_2024-11-13_drive3.csv"", ""BEV2_2024-11-13_drive4.csv""]","[""BEV2_2024-11-13_drive1.csv""]",c2a4ad69b637ae325d48b40dbd6ee132b1d14da0f13d618b6dfff50877123f0d,56b9e35db827e5e1428e61b0216c62ab610ffc285a51074dc2ce61a1fbb13135
BEV1_2024-11-14_drive1.csv,train,1731567186000000000,601,126,"[""BEV1_2024-11-11_drive1.csv"", ""BEV1_2024-11-11_drive2.csv"", ""BEV1_2024-11-11_drive3.csv"", ""BEV1_2024-11-11_drive4.csv"", ""BEV1_2024-11-12_drive1.csv"", ""BEV1_2024-11-12_drive2.csv"", ""BEV1_2024-11-13_drive1.csv"", ""BEV1_2024-11-13_drive2.csv"", ""BEV1_2024-11-13_drive3.csv"", ""BEV1_2024-11-13_drive4.csv""]",[],60fbd13ba574a4cbd7ad38d54bc265cf598265851b241561b9395b835b775749,5f5fbd6fff8759c6551e296c32110c14bcda99404fb5bcb2cd47b64ab05b65e2
BEV2_2024-11-14_drive2.csv,train,1731577830000000000,603,476,"[""BEV2_2024-11-04_drive6.csv"", ""BEV2_2024-11-04_drive7.csv"", ""BEV2_2024-11-04_drive8.csv"", ""BEV2_2024-11-05_drive2.csv"", ""BEV2_2024-11-12_drive1.csv"", ""BEV2_2024-11-13_drive1.csv"", ""BEV2_2024-11-13_drive2.csv"", ""BEV2_2024-11-13_drive3.csv"", ""BEV2_2024-11-13_drive4.csv"", ""BEV2_2024-11-14_drive1.csv""]",[],c37e9751f86e8c519f9b37c078a4cf461041e8fdbd6061c9a2df59a1cf48c73d,d8a7b1c033d1bb614133c3c636b475e32f8231f1fca8c80a72e4e68f690b4056
BEV1_2024-11-14_drive2.csv,train,1731578374000000000,603,127,"[""BEV1_2024-11-11_drive2.csv"", ""BEV1_2024-11-11_drive3.csv"", ""BEV1_2024-11-11_drive4.csv"", ""BEV1_2024-11-12_drive1.csv"", ""BEV1_2024-11-12_drive2.csv"", ""BEV1_2024-11-13_drive1.csv"", ""BEV1_2024-11-13_drive2.csv"", ""BEV1_2024-11-13_drive3.csv"", ""BEV1_2024-11-13_drive4.csv"", ""BEV1_2024-11-14_drive1.csv""]",[],72672eaaa9ffd2ee44af2ab997c09a218ff315c9dfee9ee70109ab59f343eba2,f532bbdf32691f8d4c1b1018e34f1cfd727d18848bd446e76476e7e669288912
BEV1_2024-11-14_drive3.csv,train,1731600367000000000,605,128,"[""BEV1_2024-11-11_drive3.csv"", ""BEV1_2024-11-11_drive4.csv"", ""BEV1_2024-11-12_drive1.csv"", ""BEV1_2024-11-12_drive2.csv"", ""BEV1_2024-11-13_drive1.csv"", ""BEV1_2024-11-13_drive2.csv"", ""BEV1_2024-11-13_drive3.csv"", ""BEV1_2024-11-13_drive4.csv"", ""BEV1_2024-11-14_drive1.csv"", ""BEV1_2024-11-14_drive2.csv""]",[],2608eb75e8fa7cfe8ccb031c512f12cffbb9daea870e82125646f03546921f9e,314f9d209d3185249b909f6bef9913310ab8c94d3725bab9ba2605eda59e9bcf
BEV2_2024-11-14_drive3.csv,train,1731606434000000000,606,477,"[""BEV2_2024-11-04_drive7.csv"", ""BEV2_2024-11-04_drive8.csv"", ""BEV2_2024-11-05_drive2.csv"", ""BEV2_2024-11-12_drive1.csv"", ""BEV2_2024-11-13_drive1.csv"", ""BEV2_2024-11-13_drive2.csv"", ""BEV2_2024-11-13_drive3.csv"", ""BEV2_2024-11-13_drive4.csv"", ""BEV2_2024-11-14_drive1.csv"", ""BEV2_2024-11-14_drive2.csv""]",[],251e82b1c109a64f2fb3996c73c5d3fecfd73d779e7817992075b902c3ae2faa,2a2a28f897a153750c24558dfc2788c622767299a53b9d06bd88b22a4d6f2aae
BEV2_2024-11-15_drive2.csv,train,1731652113000000000,607,478,"[""BEV2_2024-11-04_drive8.csv"", ""BEV2_2024-11-05_drive2.csv"", ""BEV2_2024-11-12_drive1.csv"", ""BEV2_2024-11-13_drive1.csv"", ""BEV2_2024-11-13_drive2.csv"", ""BEV2_2024-11-13_drive3.csv"", ""BEV2_2024-11-13_drive4.csv"", ""BEV2_2024-11-14_drive1.csv"", ""BEV2_2024-11-14_drive2.csv"", ""BEV2_2024-11-14_drive3.csv""]",[],3a26a5f19c3ece46f45a3e1bdf5686f528a489a6f5eec251e6e0b890d2e38bc3,b9b55ca1a5aabbafa6256dd753d28741f7775fb7b21648415cb44f381738da71
BEV2_2024-11-15_drive3.csv,train,1731659794000000000,608,479,"[""BEV2_2024-11-05_drive2.csv"", ""BEV2_2024-11-12_drive1.csv"", ""BEV2_2024-11-13_drive1.csv"", ""BEV2_2024-11-13_drive2.csv"", ""BEV2_2024-11-13_drive3.csv"", ""BEV2_2024-11-13_drive4.csv"", ""BEV2_2024-11-14_drive1.csv"", ""BEV2_2024-11-14_drive2.csv"", ""BEV2_2024-11-14_drive3.csv"", ""BEV2_2024-11-15_drive2.csv""]",[],9156cf7d7fee99c4e8ae4f9171239675a0c089f6e3e61ee6281ed9428acb5152,77bf30674188a03ccb7e192048eaf7290b195a4e396a52785acb547bd569baba
BEV2_2024-11-15_drive4.csv,train,1731668470000000000,609,480,"[""BEV2_2024-11-12_drive1.csv"", ""BEV2_2024-11-13_drive1.csv"", ""BEV2_2024-11-13_drive2.csv"", ""BEV2_2024-11-13_drive3.csv"", ""BEV2_2024-11-13_drive4.csv"", ""BEV2_2024-11-14_drive1.csv"", ""BEV2_2024-11-14_drive2.csv"", ""BEV2_2024-11-14_drive3.csv"", ""BEV2_2024-11-15_drive2.csv"", ""BEV2_2024-11-15_drive3.csv""]",[],a18856138b8b9112ecb7035dc789107f44e3bd438affc96fbac8be529572eebd,f3351ade11980e6e9e922f51d5cf8a1fa015f878d59caa5e4dc04c6ea3a42758
BEV2_2024-11-15_drive5.csv,train,1731672902000000000,610,481,"[""BEV2_2024-11-13_drive1.csv"", ""BEV2_2024-11-13_drive2.csv"", ""BEV2_2024-11-13_drive3.csv"", ""BEV2_2024-11-13_drive4.csv"", ""BEV2_2024-11-14_drive1.csv"", ""BEV2_2024-11-14_drive2.csv"", ""BEV2_2024-11-14_drive3.csv"", ""BEV2_2024-11-15_drive2.csv"", ""BEV2_2024-11-15_drive3.csv"", ""BEV2_2024-11-15_drive4.csv""]","[""BEV2_2024-11-13_drive1.csv"", ""BEV2_2024-11-14_drive1.csv""]",c1f3251add5d1c389726d162e00ff988e4af854f05d255bf26869d2dc2767fa0,50f58a1872c18d851c635d69aa883b58e7692a0f1f1cc1027d223947258acc88
BEV1_2024-11-15_drive1.csv,train,1731681555000000000,611,129,"[""BEV1_2024-11-11_drive4.csv"", ""BEV1_2024-11-12_drive1.csv"", ""BEV1_2024-11-12_drive2.csv"", ""BEV1_2024-11-13_drive1.csv"", ""BEV1_2024-11-13_drive2.csv"", ""BEV1_2024-11-13_drive3.csv"", ""BEV1_2024-11-13_drive4.csv"", ""BEV1_2024-11-14_drive1.csv"", ""BEV1_2024-11-14_drive2.csv"", ""BEV1_2024-11-14_drive3.csv""]",[],7c3af9855408c8b1c40e7bb25a828611f2e3161eb8374b4462b85b7baa74361a,99ca24af81c685e63251aa02732df44be892504ef961eb943166092672763705
BEV2_2024-11-15_drive6.csv,train,1731693612000000000,612,482,"[""BEV2_2024-11-13_drive2.csv"", ""BEV2_2024-11-13_drive3.csv"", ""BEV2_2024-11-13_drive4.csv"", ""BEV2_2024-11-14_drive1.csv"", ""BEV2_2024-11-14_drive2.csv"", ""BEV2_2024-11-14_drive3.csv"", ""BEV2_2024-11-15_drive2.csv"", ""BEV2_2024-11-15_drive3.csv"", ""BEV2_2024-11-15_drive4.csv"", ""BEV2_2024-11-15_drive5.csv""]",[],be541736e1c38949568f08e8a69d6d9210d7fe88cde6f1c092f0da1b185c6b82,fc390d14bc2a74e7e5655ed5b15522a39a04d0c9ec2993dddde1cdcc6105f086
BEV2_2024-11-15_drive7.csv,train,1731694423000000000,613,483,"[""BEV2_2024-11-13_drive3.csv"", ""BEV2_2024-11-13_drive4.csv"", ""BEV2_2024-11-14_drive1.csv"", ""BEV2_2024-11-14_drive2.csv"", ""BEV2_2024-11-14_drive3.csv"", ""BEV2_2024-11-15_drive2.csv"", ""BEV2_2024-11-15_drive3.csv"", ""BEV2_2024-11-15_drive4.csv"", ""BEV2_2024-11-15_drive5.csv"", ""BEV2_2024-11-15_drive6.csv""]",[],e30dae874205879d2db0d1dfd8bf9d62a48781dc811c101be4414c260e2b54f8,f216eb4414274b97b3ae1e417475e2d9bc4e77b899671b4b391ac94fd965c693
BEV2_2024-11-15_drive8.csv,train,1731706404000000000,614,484,"[""BEV2_2024-11-13_drive4.csv"", ""BEV2_2024-11-14_drive1.csv"", ""BEV2_2024-11-14_drive2.csv"", ""BEV2_2024-11-14_drive3.csv"", ""BEV2_2024-11-15_drive2.csv"", ""BEV2_2024-11-15_drive3.csv"", ""BEV2_2024-11-15_drive4.csv"", ""BEV2_2024-11-15_drive5.csv"", ""BEV2_2024-11-15_drive6.csv"", ""BEV2_2024-11-15_drive7.csv""]",[],041715aa7abe5e9605cdb07de4780efe395bbc0d03734e41526c4a9ac068eff6,1b5e5709347dc6c41378887aabb2c7a05127b2907c401fdff1b286940afe0ac8
BEV2_2024-11-16_drive1.csv,train,1731744593000000000,615,485,"[""BEV2_2024-11-14_drive1.csv"", ""BEV2_2024-11-14_drive2.csv"", ""BEV2_2024-11-14_drive3.csv"", ""BEV2_2024-11-15_drive2.csv"", ""BEV2_2024-11-15_drive3.csv"", ""BEV2_2024-11-15_drive4.csv"", ""BEV2_2024-11-15_drive5.csv"", ""BEV2_2024-11-15_drive6.csv"", ""BEV2_2024-11-15_drive7.csv"", ""BEV2_2024-11-15_drive8.csv""]",[],9e3d54d6e2ef4c997247d08b606c2f010d9af1d5688aa5b845b33e112fc0e7f2,5dbe5254be4adfef59df749078cfa53271c6f100d50d623d2e731ddd089e1a27
BEV2_2024-11-16_drive2.csv,train,1731747173000000000,616,486,"[""BEV2_2024-11-14_drive2.csv"", ""BEV2_2024-11-14_drive3.csv"", ""BEV2_2024-11-15_drive2.csv"", ""BEV2_2024-11-15_drive3.csv"", ""BEV2_2024-11-15_drive4.csv"", ""BEV2_2024-11-15_drive5.csv"", ""BEV2_2024-11-15_drive6.csv"", ""BEV2_2024-11-15_drive7.csv"", ""BEV2_2024-11-15_drive8.csv"", ""BEV2_2024-11-16_drive1.csv""]",[],ca20cf648f8c1cd8942ec03a301a641750c6c5ff08dcaf956dc1e779133bfb2f,9139500287c0d60709c561903b9f567c9a32a7e0e8c1462371903aec404126cd
BEV2_2024-11-16_drive3.csv,train,1731751706000000000,617,487,"[""BEV2_2024-11-14_drive3.csv"", ""BEV2_2024-11-15_drive2.csv"", ""BEV2_2024-11-15_drive3.csv"", ""BEV2_2024-11-15_drive4.csv"", ""BEV2_2024-11-15_drive5.csv"", ""BEV2_2024-11-15_drive6.csv"", ""BEV2_2024-11-15_drive7.csv"", ""BEV2_2024-11-15_drive8.csv"", ""BEV2_2024-11-16_drive1.csv"", ""BEV2_2024-11-16_drive2.csv""]",[],8f9905e5715a5368912a30cea40a91e821850e94a65cdb92805c19ec73a23475,8ef3bdb893b711fe1f5073b846ff485395683ec35ba8bfcdd5cdf84ef7ee97cd
BEV2_2024-11-16_drive4.csv,train,1731752631000000000,618,488,"[""BEV2_2024-11-15_drive2.csv"", ""BEV2_2024-11-15_drive3.csv"", ""BEV2_2024-11-15_drive4.csv"", ""BEV2_2024-11-15_drive5.csv"", ""BEV2_2024-11-15_drive6.csv"", ""BEV2_2024-11-15_drive7.csv"", ""BEV2_2024-11-15_drive8.csv"", ""BEV2_2024-11-16_drive1.csv"", ""BEV2_2024-11-16_drive2.csv"", ""BEV2_2024-11-16_drive3.csv""]",[],24ce17ccd72da0f729948bfd29f0957c15124923c0acbdd82c1ff55289d034b7,52700859edb38992236e5846daa97b511478cd0db6ef974279412d9dee5e5ac4
BEV2_2024-11-16_drive5.csv,train,1731764914000000000,619,489,"[""BEV2_2024-11-15_drive3.csv"", ""BEV2_2024-11-15_drive4.csv"", ""BEV2_2024-11-15_drive5.csv"", ""BEV2_2024-11-15_drive6.csv"", ""BEV2_2024-11-15_drive7.csv"", ""BEV2_2024-11-15_drive8.csv"", ""BEV2_2024-11-16_drive1.csv"", ""BEV2_2024-11-16_drive2.csv"", ""BEV2_2024-11-16_drive3.csv"", ""BEV2_2024-11-16_drive4.csv""]",[],c0809659840f8cb9b033d8c995b28af82f74a9a2ed1750dd28f935fab28cb43f,dfb0687b4ec0c5baf56368eae95877dfb7e041ce644836e50d70688c0c3dc9bd
BEV2_2024-11-16_drive6.csv,train,1731775548000000000,620,490,"[""BEV2_2024-11-15_drive4.csv"", ""BEV2_2024-11-15_drive5.csv"", ""BEV2_2024-11-15_drive6.csv"", ""BEV2_2024-11-15_drive7.csv"", ""BEV2_2024-11-15_drive8.csv"", ""BEV2_2024-11-16_drive1.csv"", ""BEV2_2024-11-16_drive2.csv"", ""BEV2_2024-11-16_drive3.csv"", ""BEV2_2024-11-16_drive4.csv"", ""BEV2_2024-11-16_drive5.csv""]",[],33247ac05c8f7d8cf824555a6634e6d9fb564e0ca902e2f1e5d968c2eec11464,9259a1397cd31bc1741adbcb4570b113b272e018553bbf75745851eda596c309
BEV2_2024-11-16_drive7.csv,train,1731778019000000000,621,491,"[""BEV2_2024-11-15_drive5.csv"", ""BEV2_2024-11-15_drive6.csv"", ""BEV2_2024-11-15_drive7.csv"", ""BEV2_2024-11-15_drive8.csv"", ""BEV2_2024-11-16_drive1.csv"", ""BEV2_2024-11-16_drive2.csv"", ""BEV2_2024-11-16_drive3.csv"", ""BEV2_2024-11-16_drive4.csv"", ""BEV2_2024-11-16_drive5.csv"", ""BEV2_2024-11-16_drive6.csv""]",[],10d4a67e5260ca20a36ade81beffa449320c106483caba067d78ba41f7b556a3,4922a6cfbc6e678c81c79f09397bdf4f21bda173de03685300c3b6cbe6cf0a6a
BEV2_2024-11-17_drive1.csv,train,1731844384000000000,622,492,"[""BEV2_2024-11-15_drive6.csv"", ""BEV2_2024-11-15_drive7.csv"", ""BEV2_2024-11-15_drive8.csv"", ""BEV2_2024-11-16_drive1.csv"", ""BEV2_2024-11-16_drive2.csv"", ""BEV2_2024-11-16_drive3.csv"", ""BEV2_2024-11-16_drive4.csv"", ""BEV2_2024-11-16_drive5.csv"", ""BEV2_2024-11-16_drive6.csv"", ""BEV2_2024-11-16_drive7.csv""]",[],0ae2a0c96f5176a7a1fd0f175307392bb90977276b221d86a14b738f59b5fcf0,d28ecfbf4a13f76bde09863b13aa7e12f865352d65705f06081cf80a7fe962ef
BEV2_2024-11-17_drive2.csv,train,1731874252000000000,623,493,"[""BEV2_2024-11-15_drive7.csv"", ""BEV2_2024-11-15_drive8.csv"", ""BEV2_2024-11-16_drive1.csv"", ""BEV2_2024-11-16_drive2.csv"", ""BEV2_2024-11-16_drive3.csv"", ""BEV2_2024-11-16_drive4.csv"", ""BEV2_2024-11-16_drive5.csv"", ""BEV2_2024-11-16_drive6.csv"", ""BEV2_2024-11-16_drive7.csv"", ""BEV2_2024-11-17_drive1.csv""]",[],79811d17da78a01c7bf493ffd64240aa3ed03cd89b8375d6939f761464eeb8a1,1f66157fda19d599563b6fa540791f21c2482917425a1046e935fbcd3abb262f
BEV1_2024-11-17_drive1.csv,train,1731883303000000000,624,130,"[""BEV1_2024-11-12_drive1.csv"", ""BEV1_2024-11-12_drive2.csv"", ""BEV1_2024-11-13_drive1.csv"", ""BEV1_2024-11-13_drive2.csv"", ""BEV1_2024-11-13_drive3.csv"", ""BEV1_2024-11-13_drive4.csv"", ""BEV1_2024-11-14_drive1.csv"", ""BEV1_2024-11-14_drive2.csv"", ""BEV1_2024-11-14_drive3.csv"", ""BEV1_2024-11-15_drive1.csv""]",[],93bb6e2434118ad2d337c7dfc8e7e445b61d591eec90d94891203e8fa9206560,3dec184e97815055c0f99c23f92b06db9cd7574ec6e6de245b396c735e627fdf
BEV1_2024-11-17_drive2.csv,train,1731885757000000000,625,131,"[""BEV1_2024-11-12_drive2.csv"", ""BEV1_2024-11-13_drive1.csv"", ""BEV1_2024-11-13_drive2.csv"", ""BEV1_2024-11-13_drive3.csv"", ""BEV1_2024-11-13_drive4.csv"", ""BEV1_2024-11-14_drive1.csv"", ""BEV1_2024-11-14_drive2.csv"", ""BEV1_2024-11-14_drive3.csv"", ""BEV1_2024-11-15_drive1.csv"", ""BEV1_2024-11-17_drive1.csv""]",[],4221cb88d837530c57cdb8cddcd9f837b4947297fdf1cca54472d3c96141840c,965303f8c1ba2dc65d27ec13491fde5e05768aae39b60c5211b458d720339102
BEV2_2024-11-18_drive1.csv,train,1731913483000000000,625,494,"[""BEV2_2024-11-15_drive8.csv"", ""BEV2_2024-11-16_drive1.csv"", ""BEV2_2024-11-16_drive2.csv"", ""BEV2_2024-11-16_drive3.csv"", ""BEV2_2024-11-16_drive4.csv"", ""BEV2_2024-11-16_drive5.csv"", ""BEV2_2024-11-16_drive6.csv"", ""BEV2_2024-11-16_drive7.csv"", ""BEV2_2024-11-17_drive1.csv"", ""BEV2_2024-11-17_drive2.csv""]",[],de799b72f70d5f5302b5828cb94a47028b6e5ff9ef9f1281438a9ab6f70c61bd,6dc10c8475ca8c9269fabed74585d6ee136c86c249388399730af28390ecdceb
BEV1_2024-11-18_drive1.csv,train,1731915433000000000,626,131,"[""BEV1_2024-11-12_drive2.csv"", ""BEV1_2024-11-13_drive1.csv"", ""BEV1_2024-11-13_drive2.csv"", ""BEV1_2024-11-13_drive3.csv"", ""BEV1_2024-11-13_drive4.csv"", ""BEV1_2024-11-14_drive1.csv"", ""BEV1_2024-11-14_drive2.csv"", ""BEV1_2024-11-14_drive3.csv"", ""BEV1_2024-11-15_drive1.csv"", ""BEV1_2024-11-17_drive1.csv""]",[],4221cb88d837530c57cdb8cddcd9f837b4947297fdf1cca54472d3c96141840c,ce8963d24a1dfc700e977a5bb3092fad9c4ae2737766607849778387ee2e0d5a
BEV2_2024-11-18_drive2.csv,train,1731927066000000000,627,495,"[""BEV2_2024-11-16_drive1.csv"", ""BEV2_2024-11-16_drive2.csv"", ""BEV2_2024-11-16_drive3.csv"", ""BEV2_2024-11-16_drive4.csv"", ""BEV2_2024-11-16_drive5.csv"", ""BEV2_2024-11-16_drive6.csv"", ""BEV2_2024-11-16_drive7.csv"", ""BEV2_2024-11-17_drive1.csv"", ""BEV2_2024-11-17_drive2.csv"", ""BEV2_2024-11-18_drive1.csv""]",[],8626ab8c805dfb5b688de6585861a9cca08af3a9a6a5a1f0803c2d622bee51c7,0381170c221b80620d9762bf73225b167d5dc9ffe7b2c38d5be33bad0e1b371a
BEV2_2024-11-18_drive3.csv,train,1731930046000000000,628,496,"[""BEV2_2024-11-16_drive2.csv"", ""BEV2_2024-11-16_drive3.csv"", ""BEV2_2024-11-16_drive4.csv"", ""BEV2_2024-11-16_drive5.csv"", ""BEV2_2024-11-16_drive6.csv"", ""BEV2_2024-11-16_drive7.csv"", ""BEV2_2024-11-17_drive1.csv"", ""BEV2_2024-11-17_drive2.csv"", ""BEV2_2024-11-18_drive1.csv"", ""BEV2_2024-11-18_drive2.csv""]",[],b82872bc0f6aab82cbd5a037871be3118457a4dd2493f7c1bf9d041eb96215bc,8768b67a0968a6c7f26060d824fd4f317c8acc94d60b3d6d3e48cca5c3ef0baa
BEV1_2024-11-18_drive2.csv,train,1731946172000000000,629,132,"[""BEV1_2024-11-13_drive1.csv"", ""BEV1_2024-11-13_drive2.csv"", ""BEV1_2024-11-13_drive3.csv"", ""BEV1_2024-11-13_drive4.csv"", ""BEV1_2024-11-14_drive1.csv"", ""BEV1_2024-11-14_drive2.csv"", ""BEV1_2024-11-14_drive3.csv"", ""BEV1_2024-11-15_drive1.csv"", ""BEV1_2024-11-17_drive1.csv"", ""BEV1_2024-11-18_drive1.csv""]",[],ba0e1c348768f3abb0e2e49c6f0f1eee9f4eafd4933a797d1f472a50a99549fd,b58f9737a88b2d2de86ca2963fbe7c00a453bc08efde4028c10f923afd5201dd
BEV1_2024-11-18_drive3.csv,train,1731947951000000000,630,133,"[""BEV1_2024-11-13_drive2.csv"", ""BEV1_2024-11-13_drive3.csv"", ""BEV1_2024-11-13_drive4.csv"", ""BEV1_2024-11-14_drive1.csv"", ""BEV1_2024-11-14_drive2.csv"", ""BEV1_2024-11-14_drive3.csv"", ""BEV1_2024-11-15_drive1.csv"", ""BEV1_2024-11-17_drive1.csv"", ""BEV1_2024-11-18_drive1.csv"", ""BEV1_2024-11-18_drive2.csv""]",[],77350254b81cf078e4b04b776cb2e6498982bbc5e65308b86cb1bf9a5b7550dc,a914087b39a67d21328210304224c9ee1f46444cba68ab23f91be34efa6c73aa
BEV2_2024-11-18_drive4.csv,train,1731948361000000000,630,497,"[""BEV2_2024-11-16_drive3.csv"", ""BEV2_2024-11-16_drive4.csv"", ""BEV2_2024-11-16_drive5.csv"", ""BEV2_2024-11-16_drive6.csv"", ""BEV2_2024-11-16_drive7.csv"", ""BEV2_2024-11-17_drive1.csv"", ""BEV2_2024-11-17_drive2.csv"", ""BEV2_2024-11-18_drive1.csv"", ""BEV2_2024-11-18_drive2.csv"", ""BEV2_2024-11-18_drive3.csv""]","[""BEV2_2024-11-18_drive2.csv""]",b007458a5d77124d6501d84d6ce76cb23c7e9969eba356e264369e3f3b46ef28,30dac06e4760d6f67513e4c97d0db84af51b392a7e02af060d9c226beb8455b0
BEV2_2024-11-19_drive1.csv,train,1731999409000000000,632,498,"[""BEV2_2024-11-16_drive4.csv"", ""BEV2_2024-11-16_drive5.csv"", ""BEV2_2024-11-16_drive6.csv"", ""BEV2_2024-11-16_drive7.csv"", ""BEV2_2024-11-17_drive1.csv"", ""BEV2_2024-11-17_drive2.csv"", ""BEV2_2024-11-18_drive1.csv"", ""BEV2_2024-11-18_drive2.csv"", ""BEV2_2024-11-18_drive3.csv"", ""BEV2_2024-11-18_drive4.csv""]","[""BEV2_2024-11-18_drive3.csv""]",c123a6968e3eaec36384697fc71e006ba54a17f854f07db4a89f0e32f0e81743,03f542445b1bab331a643c7d4eacac44e7d250c4cc3a0267b6737477b0f982d7
BEV1_2024-11-19_drive1.csv,train,1732001259000000000,633,134,"[""BEV1_2024-11-13_drive3.csv"", ""BEV1_2024-11-13_drive4.csv"", ""BEV1_2024-11-14_drive1.csv"", ""BEV1_2024-11-14_drive2.csv"", ""BEV1_2024-11-14_drive3.csv"", ""BEV1_2024-11-15_drive1.csv"", ""BEV1_2024-11-17_drive1.csv"", ""BEV1_2024-11-18_drive1.csv"", ""BEV1_2024-11-18_drive2.csv"", ""BEV1_2024-11-18_drive3.csv""]",[],15f43cba3629887b45ae0daac12a8a847a46176e2fc36c5cc601dbe2c121493a,99b11a877f2f51929e50555505ed61c3322261d108e1c1ffc69c49bde012441c
BEV1_2024-11-19_drive2.csv,train,1732032551000000000,634,135,"[""BEV1_2024-11-13_drive4.csv"", ""BEV1_2024-11-14_drive1.csv"", ""BEV1_2024-11-14_drive2.csv"", ""BEV1_2024-11-14_drive3.csv"", ""BEV1_2024-11-15_drive1.csv"", ""BEV1_2024-11-17_drive1.csv"", ""BEV1_2024-11-18_drive1.csv"", ""BEV1_2024-11-18_drive2.csv"", ""BEV1_2024-11-18_drive3.csv"", ""BEV1_2024-11-19_drive1.csv""]",[],21e2901f1237d51b6eca4a222be0b2e81ad677547c4a453064b750003606ea06,e59a5933310557edbd0ed5840f89f21b2d5c780f893749d4673898d03592e053
BEV2_2024-11-19_drive2.csv,train,1732037401000000000,635,499,"[""BEV2_2024-11-16_drive5.csv"", ""BEV2_2024-11-16_drive6.csv"", ""BEV2_2024-11-16_drive7.csv"", ""BEV2_2024-11-17_drive1.csv"", ""BEV2_2024-11-17_drive2.csv"", ""BEV2_2024-11-18_drive1.csv"", ""BEV2_2024-11-18_drive2.csv"", ""BEV2_2024-11-18_drive3.csv"", ""BEV2_2024-11-18_drive4.csv"", ""BEV2_2024-11-19_drive1.csv""]","[""BEV2_2024-11-18_drive2.csv"", ""BEV2_2024-11-18_drive4.csv""]",9ede5d6a86b851bcd22b040ebb26ba4d87524554e24e388961c498945f11214f,e58dd99f2ab77c97492bc2c4d8b1c83b1da441b3c8ee9abdac1503fecdc864e9
BEV2_2024-11-20_drive1.csv,train,1732083579000000000,636,500,"[""BEV2_2024-11-16_drive6.csv"", ""BEV2_2024-11-16_drive7.csv"", ""BEV2_2024-11-17_drive1.csv"", ""BEV2_2024-11-17_drive2.csv"", ""BEV2_2024-11-18_drive1.csv"", ""BEV2_2024-11-18_drive2.csv"", ""BEV2_2024-11-18_drive3.csv"", ""BEV2_2024-11-18_drive4.csv"", ""BEV2_2024-11-19_drive1.csv"", ""BEV2_2024-11-19_drive2.csv""]","[""BEV2_2024-11-18_drive3.csv"", ""BEV2_2024-11-19_drive1.csv""]",1f2bff2848f87ae0fada5367f401b21ea91170e7c78a0c02d7ef77edb90650a7,fa0751144e3edf6b0a806086216067466be0ddb11c81f148ae7229249567fee8
BEV1_2024-11-20_drive1.csv,train,1732089007000000000,637,136,"[""BEV1_2024-11-14_drive1.csv"", ""BEV1_2024-11-14_drive2.csv"", ""BEV1_2024-11-14_drive3.csv"", ""BEV1_2024-11-15_drive1.csv"", ""BEV1_2024-11-17_drive1.csv"", ""BEV1_2024-11-18_drive1.csv"", ""BEV1_2024-11-18_drive2.csv"", ""BEV1_2024-11-18_drive3.csv"", ""BEV1_2024-11-19_drive1.csv"", ""BEV1_2024-11-19_drive2.csv""]",[],ed9ea38b082874dbe7d28f3a25a11115ae77339264e77ac788f5de374a0a9d1c,c909c75813d755404a38937be05d7649483cc7cba7bf1ddbfbc77ce4bf4c3b6f
BEV2_2024-11-20_drive2.csv,train,1732093794000000000,638,501,"[""BEV2_2024-11-16_drive7.csv"", ""BEV2_2024-11-17_drive1.csv"", ""BEV2_2024-11-17_drive2.csv"", ""BEV2_2024-11-18_drive1.csv"", ""BEV2_2024-11-18_drive2.csv"", ""BEV2_2024-11-18_drive3.csv"", ""BEV2_2024-11-18_drive4.csv"", ""BEV2_2024-11-19_drive1.csv"", ""BEV2_2024-11-19_drive2.csv"", ""BEV2_2024-11-20_drive1.csv""]",[],20dcd94e3fc883f17350ed6128390b45476a15d45b1452a800ec63c23aaacba6,e260414b0117a77a99fc02dd6455b858a8eee65652b9a93b90809ad601634b73
BEV2_2024-11-20_drive3.csv,train,1732110329000000000,638,501,"[""BEV2_2024-11-16_drive7.csv"", ""BEV2_2024-11-17_drive1.csv"", ""BEV2_2024-11-17_drive2.csv"", ""BEV2_2024-11-18_drive1.csv"", ""BEV2_2024-11-18_drive2.csv"", ""BEV2_2024-11-18_drive3.csv"", ""BEV2_2024-11-18_drive4.csv"", ""BEV2_2024-11-19_drive1.csv"", ""BEV2_2024-11-19_drive2.csv"", ""BEV2_2024-11-20_drive1.csv""]",[],20dcd94e3fc883f17350ed6128390b45476a15d45b1452a800ec63c23aaacba6,97e49ee540bb0d9a3fffa92933a3ec532712006b4b4acf2304cc97ce0f015f87
BEV1_2024-11-20_drive2.csv,train,1732121599000000000,639,137,"[""BEV1_2024-11-14_drive2.csv"", ""BEV1_2024-11-14_drive3.csv"", ""BEV1_2024-11-15_drive1.csv"", ""BEV1_2024-11-17_drive1.csv"", ""BEV1_2024-11-18_drive1.csv"", ""BEV1_2024-11-18_drive2.csv"", ""BEV1_2024-11-18_drive3.csv"", ""BEV1_2024-11-19_drive1.csv"", ""BEV1_2024-11-19_drive2.csv"", ""BEV1_2024-11-20_drive1.csv""]",[],704111fac8b3b4760f372c485d461ff485936e240f0fb012c18d48df2edddeac,9e0876fa6256b25339fa2ebb4eef656a60111cf6249dbe541abdd0345550abec
BEV2_2024-11-20_drive4.csv,train,1732122292000000000,639,502,"[""BEV2_2024-11-17_drive1.csv"", ""BEV2_2024-11-17_drive2.csv"", ""BEV2_2024-11-18_drive1.csv"", ""BEV2_2024-11-18_drive2.csv"", ""BEV2_2024-11-18_drive3.csv"", ""BEV2_2024-11-18_drive4.csv"", ""BEV2_2024-11-19_drive1.csv"", ""BEV2_2024-11-19_drive2.csv"", ""BEV2_2024-11-20_drive1.csv"", ""BEV2_2024-11-20_drive3.csv""]",[],f342c793cc6bda19c96abe3a0f80f9403f405dc1f1e248b73f91e8f95b11d136,ff7bd7735cc48751c635ee8b528dcef7c0c549cbc90340dfd47f4501a4577b75
BEV1_2024-11-20_drive3.csv,train,1732126663000000000,641,138,"[""BEV1_2024-11-14_drive3.csv"", ""BEV1_2024-11-15_drive1.csv"", ""BEV1_2024-11-17_drive1.csv"", ""BEV1_2024-11-18_drive1.csv"", ""BEV1_2024-11-18_drive2.csv"", ""BEV1_2024-11-18_drive3.csv"", ""BEV1_2024-11-19_drive1.csv"", ""BEV1_2024-11-19_drive2.csv"", ""BEV1_2024-11-20_drive1.csv"", ""BEV1_2024-11-20_drive2.csv""]",[],d4a4b596f13d7edb5d4bfe0bd14bb0ae98322b3d438789a07b9e7259bde3eaf1,f642b306d23d2affe321d23be23cd657b44d42d5d4b0ffb922af6d4d8102c622
BEV1_2024-11-20_drive4.csv,train,1732132957000000000,642,139,"[""BEV1_2024-11-15_drive1.csv"", ""BEV1_2024-11-17_drive1.csv"", ""BEV1_2024-11-18_drive1.csv"", ""BEV1_2024-11-18_drive2.csv"", ""BEV1_2024-11-18_drive3.csv"", ""BEV1_2024-11-19_drive1.csv"", ""BEV1_2024-11-19_drive2.csv"", ""BEV1_2024-11-20_drive1.csv"", ""BEV1_2024-11-20_drive2.csv"", ""BEV1_2024-11-20_drive3.csv""]",[],67a689c76bd7671fa8cbf9d1da994a3bc3dc958ca2dfad6f72c97f53179f20b8,b08ad3525c647ed26f64800f75c64da7b9d8970a945e258ecf0a31285d1159bb
BEV1_2024-11-21_drive1.csv,train,1732170425000000000,643,140,"[""BEV1_2024-11-17_drive1.csv"", ""BEV1_2024-11-18_drive1.csv"", ""BEV1_2024-11-18_drive2.csv"", ""BEV1_2024-11-18_drive3.csv"", ""BEV1_2024-11-19_drive1.csv"", ""BEV1_2024-11-19_drive2.csv"", ""BEV1_2024-11-20_drive1.csv"", ""BEV1_2024-11-20_drive2.csv"", ""BEV1_2024-11-20_drive3.csv"", ""BEV1_2024-11-20_drive4.csv""]","[""BEV1_2024-11-20_drive1.csv""]",70d7b742d951d0f725ea7605adc96fbf5e4d653747a29945527817e8056b14b6,2efdf8d0041e49a251ac412123ab3d270d67db00952a21e0f9bcf669e3daaa43
BEV2_2024-11-21_drive1.csv,train,1732188487000000000,643,503,"[""BEV2_2024-11-17_drive2.csv"", ""BEV2_2024-11-18_drive1.csv"", ""BEV2_2024-11-18_drive2.csv"", ""BEV2_2024-11-18_drive3.csv"", ""BEV2_2024-11-18_drive4.csv"", ""BEV2_2024-11-19_drive1.csv"", ""BEV2_2024-11-19_drive2.csv"", ""BEV2_2024-11-20_drive1.csv"", ""BEV2_2024-11-20_drive3.csv"", ""BEV2_2024-11-20_drive4.csv""]","[""BEV2_2024-11-18_drive3.csv"", ""BEV2_2024-11-19_drive1.csv"", ""BEV2_2024-11-20_drive1.csv""]",5759355399935eeba039b47a9f40758f9922fd1d0b5e861a2213e6cb3375fc21,e166ffe58062eeba41bd6482fa5f4b45c31a87dd81638d30da6ea02172500a0a
BEV1_2024-11-21_drive2.csv,train,1732199334000000000,644,140,"[""BEV1_2024-11-17_drive1.csv"", ""BEV1_2024-11-18_drive1.csv"", ""BEV1_2024-11-18_drive2.csv"", ""BEV1_2024-11-18_drive3.csv"", ""BEV1_2024-11-19_drive1.csv"", ""BEV1_2024-11-19_drive2.csv"", ""BEV1_2024-11-20_drive1.csv"", ""BEV1_2024-11-20_drive2.csv"", ""BEV1_2024-11-20_drive3.csv"", ""BEV1_2024-11-20_drive4.csv""]",[],70d7b742d951d0f725ea7605adc96fbf5e4d653747a29945527817e8056b14b6,8e1cd43d6cd26fe43efa8a15d7062a5ddc884a1888fccf20e0aff603f3866746
BEV2_2024-11-21_drive2.csv,train,1732208880000000000,644,504,"[""BEV2_2024-11-18_drive1.csv"", ""BEV2_2024-11-18_drive2.csv"", ""BEV2_2024-11-18_drive3.csv"", ""BEV2_2024-11-18_drive4.csv"", ""BEV2_2024-11-19_drive1.csv"", ""BEV2_2024-11-19_drive2.csv"", ""BEV2_2024-11-20_drive1.csv"", ""BEV2_2024-11-20_drive3.csv"", ""BEV2_2024-11-20_drive4.csv"", ""BEV2_2024-11-21_drive1.csv""]",[],3a564dc0a516867e46f0c22ec750f9baaeda39e6d2421addd54bc68d514c24cc,f93504d576b792145251d554f11342908781b6267e7a72ea0bb9164e55cc6611
BEV2_2024-11-21_drive3.csv,train,1732209519000000000,645,505,"[""BEV2_2024-11-18_drive2.csv"", ""BEV2_2024-11-18_drive3.csv"", ""BEV2_2024-11-18_drive4.csv"", ""BEV2_2024-11-19_drive1.csv"", ""BEV2_2024-11-19_drive2.csv"", ""BEV2_2024-11-20_drive1.csv"", ""BEV2_2024-11-20_drive3.csv"", ""BEV2_2024-11-20_drive4.csv"", ""BEV2_2024-11-21_drive1.csv"", ""BEV2_2024-11-21_drive2.csv""]",[],76dfcf94f807639d703f93f5a77c425645a43b8071dbc942483a43af7aebed7c,4007c455df18263f1ed911cdafe62e35b13d6353eaacea37bd3d70d2a36b6114
BEV2_2024-11-21_drive4.csv,train,1732209897000000000,646,506,"[""BEV2_2024-11-18_drive3.csv"", ""BEV2_2024-11-18_drive4.csv"", ""BEV2_2024-11-19_drive1.csv"", ""BEV2_2024-11-19_drive2.csv"", ""BEV2_2024-11-20_drive1.csv"", ""BEV2_2024-11-20_drive3.csv"", ""BEV2_2024-11-20_drive4.csv"", ""BEV2_2024-11-21_drive1.csv"", ""BEV2_2024-11-21_drive2.csv"", ""BEV2_2024-11-21_drive3.csv""]",[],ae6fb00780bdd442d117fe5e3b581248110432c9e58870af042817fb32aef518,8601f80e2ab6aa990576da75d697ba92e5b7b85d8d9cd7781de875bfef860ab3
BEV2_2024-11-21_drive5.csv,train,1732210816000000000,646,506,"[""BEV2_2024-11-18_drive3.csv"", ""BEV2_2024-11-18_drive4.csv"", ""BEV2_2024-11-19_drive1.csv"", ""BEV2_2024-11-19_drive2.csv"", ""BEV2_2024-11-20_drive1.csv"", ""BEV2_2024-11-20_drive3.csv"", ""BEV2_2024-11-20_drive4.csv"", ""BEV2_2024-11-21_drive1.csv"", ""BEV2_2024-11-21_drive2.csv"", ""BEV2_2024-11-21_drive3.csv""]",[],ae6fb00780bdd442d117fe5e3b581248110432c9e58870af042817fb32aef518,2fe1f73b8a8496ffad2905e60ab25fdb0bc154526b32cee103b791340406ea0d
BEV1_2024-11-21_drive3.csv,train,1732211707000000000,647,140,"[""BEV1_2024-11-17_drive1.csv"", ""BEV1_2024-11-18_drive1.csv"", ""BEV1_2024-11-18_drive2.csv"", ""BEV1_2024-11-18_drive3.csv"", ""BEV1_2024-11-19_drive1.csv"", ""BEV1_2024-11-19_drive2.csv"", ""BEV1_2024-11-20_drive1.csv"", ""BEV1_2024-11-20_drive2.csv"", ""BEV1_2024-11-20_drive3.csv"", ""BEV1_2024-11-20_drive4.csv""]",[],70d7b742d951d0f725ea7605adc96fbf5e4d653747a29945527817e8056b14b6,2d9ca510c86782f7d2b762859676916933c3bebcf28618e70c8c53acfebcf2a4
BEV2_2024-11-21_drive6.csv,train,1732216483000000000,648,507,"[""BEV2_2024-11-18_drive4.csv"", ""BEV2_2024-11-19_drive1.csv"", ""BEV2_2024-11-19_drive2.csv"", ""BEV2_2024-11-20_drive1.csv"", ""BEV2_2024-11-20_drive3.csv"", ""BEV2_2024-11-20_drive4.csv"", ""BEV2_2024-11-21_drive1.csv"", ""BEV2_2024-11-21_drive2.csv"", ""BEV2_2024-11-21_drive3.csv"", ""BEV2_2024-11-21_drive5.csv""]",[],0e995b07456d994140073ac34ea2e804865c040f434a12acdba418fad1e90207,115aebb8490a670d175b2cd0ca7a7c9130af3ff8e2ea8f0587c200a90e5660b2
BEV1_2024-11-21_drive4.csv,train,1732219729000000000,648,141,"[""BEV1_2024-11-18_drive1.csv"", ""BEV1_2024-11-18_drive2.csv"", ""BEV1_2024-11-18_drive3.csv"", ""BEV1_2024-11-19_drive1.csv"", ""BEV1_2024-11-19_drive2.csv"", ""BEV1_2024-11-20_drive1.csv"", ""BEV1_2024-11-20_drive2.csv"", ""BEV1_2024-11-20_drive3.csv"", ""BEV1_2024-11-20_drive4.csv"", ""BEV1_2024-11-21_drive3.csv""]",[],ad77b1a212db2de4e4f34009291dd3d10e7e34141911e37aa9822123afa0e759,1243d7239c56fa7f6a12a39d88ea76c8367299a4c1a6a36d460d86b1637225f2
BEV2_2024-11-21_drive7.csv,train,1732229252000000000,649,507,"[""BEV2_2024-11-18_drive4.csv"", ""BEV2_2024-11-19_drive1.csv"", ""BEV2_2024-11-19_drive2.csv"", ""BEV2_2024-11-20_drive1.csv"", ""BEV2_2024-11-20_drive3.csv"", ""BEV2_2024-11-20_drive4.csv"", ""BEV2_2024-11-21_drive1.csv"", ""BEV2_2024-11-21_drive2.csv"", ""BEV2_2024-11-21_drive3.csv"", ""BEV2_2024-11-21_drive5.csv""]",[],0e995b07456d994140073ac34ea2e804865c040f434a12acdba418fad1e90207,213669b2228be7af5e3f0dc49e69ed4ef0f934390667168bbd9f447a941a72f5
BEV2_2024-11-22_drive1.csv,train,1732255254000000000,650,508,"[""BEV2_2024-11-19_drive1.csv"", ""BEV2_2024-11-19_drive2.csv"", ""BEV2_2024-11-20_drive1.csv"", ""BEV2_2024-11-20_drive3.csv"", ""BEV2_2024-11-20_drive4.csv"", ""BEV2_2024-11-21_drive1.csv"", ""BEV2_2024-11-21_drive2.csv"", ""BEV2_2024-11-21_drive3.csv"", ""BEV2_2024-11-21_drive5.csv"", ""BEV2_2024-11-21_drive7.csv""]",[],68698adc1d738bff98958449bce422e253d1efe3168f95748bb0886a29d129a1,437ee7c98b79516851594a8a0fd4aaee90ab4d3d5435c6ebc36cfe90914e92e1
BEV2_2024-11-22_drive2.csv,train,1732266086000000000,651,509,"[""BEV2_2024-11-19_drive2.csv"", ""BEV2_2024-11-20_drive1.csv"", ""BEV2_2024-11-20_drive3.csv"", ""BEV2_2024-11-20_drive4.csv"", ""BEV2_2024-11-21_drive1.csv"", ""BEV2_2024-11-21_drive2.csv"", ""BEV2_2024-11-21_drive3.csv"", ""BEV2_2024-11-21_drive5.csv"", ""BEV2_2024-11-21_drive7.csv"", ""BEV2_2024-11-22_drive1.csv""]",[],35cc10f43c047b85db2c79fcaa8e54b26bac9ab2d496c30a813d5091c733cd5c,9ca193efe168288e8e2092134fb7eeed585acee990fe0c7a89a49959867f635f
BEV1_2024-11-22_drive1.csv,train,1732267107000000000,651,142,"[""BEV1_2024-11-18_drive2.csv"", ""BEV1_2024-11-18_drive3.csv"", ""BEV1_2024-11-19_drive1.csv"", ""BEV1_2024-11-19_drive2.csv"", ""BEV1_2024-11-20_drive1.csv"", ""BEV1_2024-11-20_drive2.csv"", ""BEV1_2024-11-20_drive3.csv"", ""BEV1_2024-11-20_drive4.csv"", ""BEV1_2024-11-21_drive3.csv"", ""BEV1_2024-11-21_drive4.csv""]",[],afee38731af47b92ee4caae96a77258b59f3d1786814e27e3864052a75675518,902bc90e1288d94a20f88bfe688b7c0e02b3973520ab0d8d70c993a73d707a77
BEV2_2024-11-22_drive3.csv,train,1732270259000000000,653,510,"[""BEV2_2024-11-20_drive1.csv"", ""BEV2_2024-11-20_drive3.csv"", ""BEV2_2024-11-20_drive4.csv"", ""BEV2_2024-11-21_drive1.csv"", ""BEV2_2024-11-21_drive2.csv"", ""BEV2_2024-11-21_drive3.csv"", ""BEV2_2024-11-21_drive5.csv"", ""BEV2_2024-11-21_drive7.csv"", ""BEV2_2024-11-22_drive1.csv"", ""BEV2_2024-11-22_drive2.csv""]",[],422e1309e93263486c4aaf67ddc98f409fa9ff7a2ff6b0978c7f8e4f812cd5b0,c43bccc9e18b68bf82ee37ca8506961b302553203ba75a75c75facacebdfe604
BEV1_2024-11-22_drive2.csv,train,1732275302000000000,654,143,"[""BEV1_2024-11-18_drive3.csv"", ""BEV1_2024-11-19_drive1.csv"", ""BEV1_2024-11-19_drive2.csv"", ""BEV1_2024-11-20_drive1.csv"", ""BEV1_2024-11-20_drive2.csv"", ""BEV1_2024-11-20_drive3.csv"", ""BEV1_2024-11-20_drive4.csv"", ""BEV1_2024-11-21_drive3.csv"", ""BEV1_2024-11-21_drive4.csv"", ""BEV1_2024-11-22_drive1.csv""]",[],f73296f272f039ef399cfcda4485a04c8e82206a5bfc168a3655f137e6fcbd87,e0d2539de04b782f03ab6862266bf7163c4a4dcc7a8044b8b5d78154934bdfc9
BEV1_2024-11-22_drive4.csv,train,1732297411000000000,655,144,"[""BEV1_2024-11-19_drive1.csv"", ""BEV1_2024-11-19_drive2.csv"", ""BEV1_2024-11-20_drive1.csv"", ""BEV1_2024-11-20_drive2.csv"", ""BEV1_2024-11-20_drive3.csv"", ""BEV1_2024-11-20_drive4.csv"", ""BEV1_2024-11-21_drive3.csv"", ""BEV1_2024-11-21_drive4.csv"", ""BEV1_2024-11-22_drive1.csv"", ""BEV1_2024-11-22_drive2.csv""]",[],e828f65d0cdd87f1de66919d908717690e8e647da0795208bf14d7a0826abeeb,0445b40d14621e6c03e57579591a8af32553c1c9ecc0c51527242d674b58544b
BEV1_2024-11-22_drive5.csv,train,1732309426000000000,656,145,"[""BEV1_2024-11-19_drive2.csv"", ""BEV1_2024-11-20_drive1.csv"", ""BEV1_2024-11-20_drive2.csv"", ""BEV1_2024-11-20_drive3.csv"", ""BEV1_2024-11-20_drive4.csv"", ""BEV1_2024-11-21_drive3.csv"", ""BEV1_2024-11-21_drive4.csv"", ""BEV1_2024-11-22_drive1.csv"", ""BEV1_2024-11-22_drive2.csv"", ""BEV1_2024-11-22_drive4.csv""]",[],b0124d441486df1120703ab7f0bc72da91eba192a63bafadae0ed8ece5e040bd,dbbfb884d8fb9f3ca100b73bceda5305df76675995b4f5dae47a411e9b1f21ef
BEV2_2024-11-23_drive1.csv,train,1732352075000000000,657,511,"[""BEV2_2024-11-20_drive3.csv"", ""BEV2_2024-11-20_drive4.csv"", ""BEV2_2024-11-21_drive1.csv"", ""BEV2_2024-11-21_drive2.csv"", ""BEV2_2024-11-21_drive3.csv"", ""BEV2_2024-11-21_drive5.csv"", ""BEV2_2024-11-21_drive7.csv"", ""BEV2_2024-11-22_drive1.csv"", ""BEV2_2024-11-22_drive2.csv"", ""BEV2_2024-11-22_drive3.csv""]",[],c10b03bdefcf91940cd34af7eea0bd446d9b7e7088885a94c78a38285aa2fef5,8385e5673e8a71ec95519cb3fe9396b3634aec19874b384229a45ad46ee88f6e
BEV1_2024-11-23_drive1.csv,train,1732368183000000000,658,146,"[""BEV1_2024-11-20_drive1.csv"", ""BEV1_2024-11-20_drive2.csv"", ""BEV1_2024-11-20_drive3.csv"", ""BEV1_2024-11-20_drive4.csv"", ""BEV1_2024-11-21_drive3.csv"", ""BEV1_2024-11-21_drive4.csv"", ""BEV1_2024-11-22_drive1.csv"", ""BEV1_2024-11-22_drive2.csv"", ""BEV1_2024-11-22_drive4.csv"", ""BEV1_2024-11-22_drive5.csv""]",[],3f07d92a5c26cf40070452f125fb707a3f85678826502f0f00904539befe765d,9c6464fd9f967a06de0b05d18b8539f0e5783e2fe5a9e254b2d0662f02572441
BEV1_2024-11-23_drive2.csv,train,1732369183000000000,659,147,"[""BEV1_2024-11-20_drive2.csv"", ""BEV1_2024-11-20_drive3.csv"", ""BEV1_2024-11-20_drive4.csv"", ""BEV1_2024-11-21_drive3.csv"", ""BEV1_2024-11-21_drive4.csv"", ""BEV1_2024-11-22_drive1.csv"", ""BEV1_2024-11-22_drive2.csv"", ""BEV1_2024-11-22_drive4.csv"", ""BEV1_2024-11-22_drive5.csv"", ""BEV1_2024-11-23_drive1.csv""]",[],7e821801dc8dc9e11f48d13c8deb848e4a64893b3c39a92c9787dd67aabb1070,efbc57028dcc83fe5b4da2ba6bbaf83d65937f5506b9d1b20fdf733ad6e0f63b
BEV2_2024-11-23_drive2.csv,train,1732375822000000000,660,512,"[""BEV2_2024-11-20_drive4.csv"", ""BEV2_2024-11-21_drive1.csv"", ""BEV2_2024-11-21_drive2.csv"", ""BEV2_2024-11-21_drive3.csv"", ""BEV2_2024-11-21_drive5.csv"", ""BEV2_2024-11-21_drive7.csv"", ""BEV2_2024-11-22_drive1.csv"", ""BEV2_2024-11-22_drive2.csv"", ""BEV2_2024-11-22_drive3.csv"", ""BEV2_2024-11-23_drive1.csv""]",[],d5f4072c35de29faca6c3f62ca65c9f219c11df717b9b0de6a2e0b5ae8edc413,9e6f21f6aadf7fc085e06bbd80118fafe1780dabaad2308cb165fb0e3fff4a20
BEV2_2024-11-23_drive3.csv,train,1732380469000000000,661,513,"[""BEV2_2024-11-21_drive1.csv"", ""BEV2_2024-11-21_drive2.csv"", ""BEV2_2024-11-21_drive3.csv"", ""BEV2_2024-11-21_drive5.csv"", ""BEV2_2024-11-21_drive7.csv"", ""BEV2_2024-11-22_drive1.csv"", ""BEV2_2024-11-22_drive2.csv"", ""BEV2_2024-11-22_drive3.csv"", ""BEV2_2024-11-23_drive1.csv"", ""BEV2_2024-11-23_drive2.csv""]",[],6fe37e95e9a1061664c6822e21616e222bf8a5e4dc11d8fd2428b1a430c73871,d31da2ee6d849076ad616b4fd42924095c9114e745d24d733505ffb50fc9c51d
BEV1_2024-11-23_drive3.csv,train,1732380557000000000,661,148,"[""BEV1_2024-11-20_drive3.csv"", ""BEV1_2024-11-20_drive4.csv"", ""BEV1_2024-11-21_drive3.csv"", ""BEV1_2024-11-21_drive4.csv"", ""BEV1_2024-11-22_drive1.csv"", ""BEV1_2024-11-22_drive2.csv"", ""BEV1_2024-11-22_drive4.csv"", ""BEV1_2024-11-22_drive5.csv"", ""BEV1_2024-11-23_drive1.csv"", ""BEV1_2024-11-23_drive2.csv""]",[],7e4511fb1d6563532bd71889f69a00357ed3d7a5fbacfa9ddcbf63b2e86e50da,3c70074da2950c20e1985c2a7e8a62c182c96af74a4ab9d3c2b72f2a67c677be
BEV1_2024-11-23_drive4.csv,train,1732383740000000000,663,149,"[""BEV1_2024-11-20_drive4.csv"", ""BEV1_2024-11-21_drive3.csv"", ""BEV1_2024-11-21_drive4.csv"", ""BEV1_2024-11-22_drive1.csv"", ""BEV1_2024-11-22_drive2.csv"", ""BEV1_2024-11-22_drive4.csv"", ""BEV1_2024-11-22_drive5.csv"", ""BEV1_2024-11-23_drive1.csv"", ""BEV1_2024-11-23_drive2.csv"", ""BEV1_2024-11-23_drive3.csv""]",[],996bf81073204bf48a029a7cad0b9074a13599dc1bf47e907657c1b3a5a42cfd,ff69b97bb343b44935dfcf3cc126593b73a748cb0d54d5539c13abbb1e1c4eb6
BEV1_2024-11-24_drive1.csv,train,1732442890000000000,664,150,"[""BEV1_2024-11-21_drive3.csv"", ""BEV1_2024-11-21_drive4.csv"", ""BEV1_2024-11-22_drive1.csv"", ""BEV1_2024-11-22_drive2.csv"", ""BEV1_2024-11-22_drive4.csv"", ""BEV1_2024-11-22_drive5.csv"", ""BEV1_2024-11-23_drive1.csv"", ""BEV1_2024-11-23_drive2.csv"", ""BEV1_2024-11-23_drive3.csv"", ""BEV1_2024-11-23_drive4.csv""]",[],2aad8ba5e8b2ebe0289f5492c4c7a431ba84b7733a71618c814101f9be00e6a6,cadaeb96e585f4b88e760da9e449da36d540efcdd88962316fc1565977324a6c
BEV1_2024-11-24_drive2.csv,train,1732443892000000000,665,151,"[""BEV1_2024-11-21_drive4.csv"", ""BEV1_2024-11-22_drive1.csv"", ""BEV1_2024-11-22_drive2.csv"", ""BEV1_2024-11-22_drive4.csv"", ""BEV1_2024-11-22_drive5.csv"", ""BEV1_2024-11-23_drive1.csv"", ""BEV1_2024-11-23_drive2.csv"", ""BEV1_2024-11-23_drive3.csv"", ""BEV1_2024-11-23_drive4.csv"", ""BEV1_2024-11-24_drive1.csv""]",[],bec25ec1810f271e88495fc6e21520c675ca813380a4f0bf860a390ffc1c7900,10a1986d271f00c210af00cc015577105a4255a6d68328cb60ebf721b607ed8b
BEV2_2024-11-24_drive1.csv,train,1732454730000000000,666,514,"[""BEV2_2024-11-21_drive2.csv"", ""BEV2_2024-11-21_drive3.csv"", ""BEV2_2024-11-21_drive5.csv"", ""BEV2_2024-11-21_drive7.csv"", ""BEV2_2024-11-22_drive1.csv"", ""BEV2_2024-11-22_drive2.csv"", ""BEV2_2024-11-22_drive3.csv"", ""BEV2_2024-11-23_drive1.csv"", ""BEV2_2024-11-23_drive2.csv"", ""BEV2_2024-11-23_drive3.csv""]",[],be61664d11bd9c7b819a63abc37a73a95fdceb5196ca10e041e99ee697d30f20,0fc435887f0e2f76faee9f498604e5cff74ea9b27fcb0f06636bf8773d6693b4
BEV2_2024-11-24_drive2.csv,train,1732469726000000000,667,515,"[""BEV2_2024-11-21_drive3.csv"", ""BEV2_2024-11-21_drive5.csv"", ""BEV2_2024-11-21_drive7.csv"", ""BEV2_2024-11-22_drive1.csv"", ""BEV2_2024-11-22_drive2.csv"", ""BEV2_2024-11-22_drive3.csv"", ""BEV2_2024-11-23_drive1.csv"", ""BEV2_2024-11-23_drive2.csv"", ""BEV2_2024-11-23_drive3.csv"", ""BEV2_2024-11-24_drive1.csv""]",[],0e3c21e198a54e2e8d87d9155be64a0041d6d654178369fa743293ca9ee39709,4d720fd91ff2c963614d0352b8cbc12ab1b0d433a8fe32448b640053eee4b58b
BEV1_2024-11-25_drive1.csv,train,1732519626000000000,668,152,"[""BEV1_2024-11-22_drive1.csv"", ""BEV1_2024-11-22_drive2.csv"", ""BEV1_2024-11-22_drive4.csv"", ""BEV1_2024-11-22_drive5.csv"", ""BEV1_2024-11-23_drive1.csv"", ""BEV1_2024-11-23_drive2.csv"", ""BEV1_2024-11-23_drive3.csv"", ""BEV1_2024-11-23_drive4.csv"", ""BEV1_2024-11-24_drive1.csv"", ""BEV1_2024-11-24_drive2.csv""]",[],c0d5fbb2a2086e5ab3e846f58753dabb0456fa2378fb5e5f51e719845c798344,66e3f54c5a6bcdbf080964338cd1be6f021c5ba4fc94ad5252f4de6b10cade84
BEV1_2024-11-25_drive2.csv,train,1732537990000000000,669,153,"[""BEV1_2024-11-22_drive2.csv"", ""BEV1_2024-11-22_drive4.csv"", ""BEV1_2024-11-22_drive5.csv"", ""BEV1_2024-11-23_drive1.csv"", ""BEV1_2024-11-23_drive2.csv"", ""BEV1_2024-11-23_drive3.csv"", ""BEV1_2024-11-23_drive4.csv"", ""BEV1_2024-11-24_drive1.csv"", ""BEV1_2024-11-24_drive2.csv"", ""BEV1_2024-11-25_drive1.csv""]",[],0327d6605a7560cebf88751c0e4632b90a3d50e926978e0d99da064fa03469dd,d63e720da3ede51ce9a6c5b1f730eb592bcc586e59d0a354f1aada041b38f532
BEV1_2024-11-25_drive3.csv,train,1732542461000000000,670,154,"[""BEV1_2024-11-22_drive4.csv"", ""BEV1_2024-11-22_drive5.csv"", ""BEV1_2024-11-23_drive1.csv"", ""BEV1_2024-11-23_drive2.csv"", ""BEV1_2024-11-23_drive3.csv"", ""BEV1_2024-11-23_drive4.csv"", ""BEV1_2024-11-24_drive1.csv"", ""BEV1_2024-11-24_drive2.csv"", ""BEV1_2024-11-25_drive1.csv"", ""BEV1_2024-11-25_drive2.csv""]",[],f4cba07988ecba498a3e1bfc330656f4c06296e6d51953ad06a2c39ae70897a6,2086f63856b4e5ea9c6d88ee869aa024ac339e022dbcc00bfcb519829a00e122
BEV1_2024-11-25_drive4.csv,train,1732553130000000000,671,155,"[""BEV1_2024-11-22_drive5.csv"", ""BEV1_2024-11-23_drive1.csv"", ""BEV1_2024-11-23_drive2.csv"", ""BEV1_2024-11-23_drive3.csv"", ""BEV1_2024-11-23_drive4.csv"", ""BEV1_2024-11-24_drive1.csv"", ""BEV1_2024-11-24_drive2.csv"", ""BEV1_2024-11-25_drive1.csv"", ""BEV1_2024-11-25_drive2.csv"", ""BEV1_2024-11-25_drive3.csv""]",[],551386174742d20f5934f1d9f4b8da40406bac6e676bcf2831626d0b04023798,1b7e26d508b46963820245ea00f6dd096e1b97a5eb039dd553801fd2ea1723a8
BEV1_2024-11-26_drive1.csv,train,1732606015000000000,672,156,"[""BEV1_2024-11-23_drive1.csv"", ""BEV1_2024-11-23_drive2.csv"", ""BEV1_2024-11-23_drive3.csv"", ""BEV1_2024-11-23_drive4.csv"", ""BEV1_2024-11-24_drive1.csv"", ""BEV1_2024-11-24_drive2.csv"", ""BEV1_2024-11-25_drive1.csv"", ""BEV1_2024-11-25_drive2.csv"", ""BEV1_2024-11-25_drive3.csv"", ""BEV1_2024-11-25_drive4.csv""]",[],52fc23b30f0f4e11fac61b0c326c20b2bf8562b7dfe3139bf39c1b9b0a5facf8,0bb208d322f3dcfa20d16f74e1510d2855b114e8739829689aab21bf549e9a07
BEV2_2024-11-26_drive1.csv,train,1732621462000000000,673,516,"[""BEV2_2024-11-21_drive5.csv"", ""BEV2_2024-11-21_drive7.csv"", ""BEV2_2024-11-22_drive1.csv"", ""BEV2_2024-11-22_drive2.csv"", ""BEV2_2024-11-22_drive3.csv"", ""BEV2_2024-11-23_drive1.csv"", ""BEV2_2024-11-23_drive2.csv"", ""BEV2_2024-11-23_drive3.csv"", ""BEV2_2024-11-24_drive1.csv"", ""BEV2_2024-11-24_drive2.csv""]",[],c74fbf4c395acb4ee0207a71964e9e1378effffe0b47a0ea15b5cdd807d51c96,cdb24419ab8be54c00bbe5c133988e51e3bd786400cf74db462e753c447201e1
BEV1_2024-11-26_drive2.csv,train,1732637225000000000,674,157,"[""BEV1_2024-11-23_drive2.csv"", ""BEV1_2024-11-23_drive3.csv"", ""BEV1_2024-11-23_drive4.csv"", ""BEV1_2024-11-24_drive1.csv"", ""BEV1_2024-11-24_drive2.csv"", ""BEV1_2024-11-25_drive1.csv"", ""BEV1_2024-11-25_drive2.csv"", ""BEV1_2024-11-25_drive3.csv"", ""BEV1_2024-11-25_drive4.csv"", ""BEV1_2024-11-26_drive1.csv""]",[],2fa16438846892ffb22998ae00f34634c781418f3f0af302a153f2ccd6f37762,1f476d73cb496b5eb91e7aea1c94c39666a49bbdd3e784a496fb765ce55b9e5a
BEV2_2024-11-26_drive2.csv,train,1732639215000000000,674,517,"[""BEV2_2024-11-21_drive7.csv"", ""BEV2_2024-11-22_drive1.csv"", ""BEV2_2024-11-22_drive2.csv"", ""BEV2_2024-11-22_drive3.csv"", ""BEV2_2024-11-23_drive1.csv"", ""BEV2_2024-11-23_drive2.csv"", ""BEV2_2024-11-23_drive3.csv"", ""BEV2_2024-11-24_drive1.csv"", ""BEV2_2024-11-24_drive2.csv"", ""BEV2_2024-11-26_drive1.csv""]",[],a0e4d15345d47c6c336e095b5e83273a51ba15e9c30b87cda8b6fe5e9202cda7,6722913c1fa5605e0f236a1fe7c2b0fac69b9d3e99b2db9b60a4622ad5510326
BEV2_2024-11-27_drive1.csv,train,1732692400000000000,676,518,"[""BEV2_2024-11-22_drive1.csv"", ""BEV2_2024-11-22_drive2.csv"", ""BEV2_2024-11-22_drive3.csv"", ""BEV2_2024-11-23_drive1.csv"", ""BEV2_2024-11-23_drive2.csv"", ""BEV2_2024-11-23_drive3.csv"", ""BEV2_2024-11-24_drive1.csv"", ""BEV2_2024-11-24_drive2.csv"", ""BEV2_2024-11-26_drive1.csv"", ""BEV2_2024-11-26_drive2.csv""]",[],11a7b8b2649ebc33a5447edfeaad414ca79a219cf07509ccc48a301998667075,8f335b7db8e43491d05f8399062e2fc6ccfd3dc2112ec7729b4330f2f7457868
BEV2_2024-11-27_drive2.csv,train,1732693227000000000,677,519,"[""BEV2_2024-11-22_drive2.csv"", ""BEV2_2024-11-22_drive3.csv"", ""BEV2_2024-11-23_drive1.csv"", ""BEV2_2024-11-23_drive2.csv"", ""BEV2_2024-11-23_drive3.csv"", ""BEV2_2024-11-24_drive1.csv"", ""BEV2_2024-11-24_drive2.csv"", ""BEV2_2024-11-26_drive1.csv"", ""BEV2_2024-11-26_drive2.csv"", ""BEV2_2024-11-27_drive1.csv""]",[],32355fb1685bcf4b129a2fee72cab979c5e530952fa03dbda00685b46b26a280,637bcc0699a72d7c58e8fdbac43b2de36b61315d6f8fdf7754e3d18e386e89b0
BEV2_2024-11-27_drive3.csv,train,1732718343000000000,678,520,"[""BEV2_2024-11-22_drive3.csv"", ""BEV2_2024-11-23_drive1.csv"", ""BEV2_2024-11-23_drive2.csv"", ""BEV2_2024-11-23_drive3.csv"", ""BEV2_2024-11-24_drive1.csv"", ""BEV2_2024-11-24_drive2.csv"", ""BEV2_2024-11-26_drive1.csv"", ""BEV2_2024-11-26_drive2.csv"", ""BEV2_2024-11-27_drive1.csv"", ""BEV2_2024-11-27_drive2.csv""]",[],8a10b2ab9bb0e5a4326c2d00ba50de170e0011f868c456e14e93f5f93d65bd34,9d0f5c68da10b5f1627258bcfb1c33079a90f01a39a7209d34a315fade636898
BEV2_2024-11-27_drive4.csv,train,1732727287000000000,679,521,"[""BEV2_2024-11-23_drive1.csv"", ""BEV2_2024-11-23_drive2.csv"", ""BEV2_2024-11-23_drive3.csv"", ""BEV2_2024-11-24_drive1.csv"", ""BEV2_2024-11-24_drive2.csv"", ""BEV2_2024-11-26_drive1.csv"", ""BEV2_2024-11-26_drive2.csv"", ""BEV2_2024-11-27_drive1.csv"", ""BEV2_2024-11-27_drive2.csv"", ""BEV2_2024-11-27_drive3.csv""]",[],e16341e73fb4575a6a68e8c8a486e6ae41e62fcc9659a439f2984561e2b35950,fcc4ae193ac8b3e1d6a7f7891a1352c4d8e6b67b2ddcc780a88cc94169018575
BEV2_2024-11-27_drive5.csv,train,1732736890000000000,680,522,"[""BEV2_2024-11-23_drive2.csv"", ""BEV2_2024-11-23_drive3.csv"", ""BEV2_2024-11-24_drive1.csv"", ""BEV2_2024-11-24_drive2.csv"", ""BEV2_2024-11-26_drive1.csv"", ""BEV2_2024-11-26_drive2.csv"", ""BEV2_2024-11-27_drive1.csv"", ""BEV2_2024-11-27_drive2.csv"", ""BEV2_2024-11-27_drive3.csv"", ""BEV2_2024-11-27_drive4.csv""]",[],d18c236ab83307b4ea244bc9e596e795e9673937b2cfa4523da4b483da57b4be,44d0c8302f8582d06c9e0063c6d63b35cd1a815ad00286eb6099eb20d44030c7
BEV2_2024-11-28_drive1.csv,train,1732776501000000000,681,523,"[""BEV2_2024-11-23_drive3.csv"", ""BEV2_2024-11-24_drive1.csv"", ""BEV2_2024-11-24_drive2.csv"", ""BEV2_2024-11-26_drive1.csv"", ""BEV2_2024-11-26_drive2.csv"", ""BEV2_2024-11-27_drive1.csv"", ""BEV2_2024-11-27_drive2.csv"", ""BEV2_2024-11-27_drive3.csv"", ""BEV2_2024-11-27_drive4.csv"", ""BEV2_2024-11-27_drive5.csv""]",[],e6b4de6543639c3a6d121db0412ecdbd84065aaf4a06c94ac67dcc008ee5435f,c93bf92934bf087f2c69d536587cc2fed5ba5d516ba9afa508f0d574b2d2c8fe
BEV1_2024-11-28_drive1.csv,train,1732777892000000000,682,158,"[""BEV1_2024-11-23_drive3.csv"", ""BEV1_2024-11-23_drive4.csv"", ""BEV1_2024-11-24_drive1.csv"", ""BEV1_2024-11-24_drive2.csv"", ""BEV1_2024-11-25_drive1.csv"", ""BEV1_2024-11-25_drive2.csv"", ""BEV1_2024-11-25_drive3.csv"", ""BEV1_2024-11-25_drive4.csv"", ""BEV1_2024-11-26_drive1.csv"", ""BEV1_2024-11-26_drive2.csv""]",[],6499b27e4059700ade0e2066e327f05b3b94a3a88b9a7212ff2fc3aa507be5a2,6ee1e7bea69eca04855b360b1ea4bc1398716740495d23377f99e3b23277ce34
BEV2_2024-11-28_drive2.csv,train,1732791449000000000,682,524,"[""BEV2_2024-11-24_drive1.csv"", ""BEV2_2024-11-24_drive2.csv"", ""BEV2_2024-11-26_drive1.csv"", ""BEV2_2024-11-26_drive2.csv"", ""BEV2_2024-11-27_drive1.csv"", ""BEV2_2024-11-27_drive2.csv"", ""BEV2_2024-11-27_drive3.csv"", ""BEV2_2024-11-27_drive4.csv"", ""BEV2_2024-11-27_drive5.csv"", ""BEV2_2024-11-28_drive1.csv""]",[],d40616d2d08f764f139e7d0b5f16f6ff88dc2899a2500f54a869f282014c86b3,3e0b31cd36fd8a9821fb541cc3434708f5e8848920243f61d5b963e07b2c76b1
BEV1_2024-11-28_drive2.csv,train,1732793638000000000,682,158,"[""BEV1_2024-11-23_drive3.csv"", ""BEV1_2024-11-23_drive4.csv"", ""BEV1_2024-11-24_drive1.csv"", ""BEV1_2024-11-24_drive2.csv"", ""BEV1_2024-11-25_drive1.csv"", ""BEV1_2024-11-25_drive2.csv"", ""BEV1_2024-11-25_drive3.csv"", ""BEV1_2024-11-25_drive4.csv"", ""BEV1_2024-11-26_drive1.csv"", ""BEV1_2024-11-26_drive2.csv""]",[],6499b27e4059700ade0e2066e327f05b3b94a3a88b9a7212ff2fc3aa507be5a2,ff20f3939367759fa80f02171c56638cea3dc37f776e79d160aea3caa3f4cf9e
BEV1_2024-11-28_drive3.csv,train,1732805034000000000,684,159,"[""BEV1_2024-11-23_drive4.csv"", ""BEV1_2024-11-24_drive1.csv"", ""BEV1_2024-11-24_drive2.csv"", ""BEV1_2024-11-25_drive1.csv"", ""BEV1_2024-11-25_drive2.csv"", ""BEV1_2024-11-25_drive3.csv"", ""BEV1_2024-11-25_drive4.csv"", ""BEV1_2024-11-26_drive1.csv"", ""BEV1_2024-11-26_drive2.csv"", ""BEV1_2024-11-28_drive2.csv""]",[],6834e49d2d28c6c25b4c6d9250adbb56aa00ae563c9d2b0b5a5db50f558e5802,3b907503fc732dda013c3e8c1db925b309675fd9fdaa73c96f5e6f2839fb0cd7
BEV2_2024-11-28_drive3.csv,train,1732807412000000000,685,525,"[""BEV2_2024-11-24_drive2.csv"", ""BEV2_2024-11-26_drive1.csv"", ""BEV2_2024-11-26_drive2.csv"", ""BEV2_2024-11-27_drive1.csv"", ""BEV2_2024-11-27_drive2.csv"", ""BEV2_2024-11-27_drive3.csv"", ""BEV2_2024-11-27_drive4.csv"", ""BEV2_2024-11-27_drive5.csv"", ""BEV2_2024-11-28_drive1.csv"", ""BEV2_2024-11-28_drive2.csv""]",[],772159d151334421646584480d0c9c2c9b72bc0f3cd74cf4bb60fc06a71ec8a3,17278d02565d85f21a8ab0ad37a04440c26b8da0b7919b3d1344ade1bc602de3
BEV1_2024-11-28_drive4.csv,train,1732813637000000000,686,160,"[""BEV1_2024-11-24_drive1.csv"", ""BEV1_2024-11-24_drive2.csv"", ""BEV1_2024-11-25_drive1.csv"", ""BEV1_2024-11-25_drive2.csv"", ""BEV1_2024-11-25_drive3.csv"", ""BEV1_2024-11-25_drive4.csv"", ""BEV1_2024-11-26_drive1.csv"", ""BEV1_2024-11-26_drive2.csv"", ""BEV1_2024-11-28_drive2.csv"", ""BEV1_2024-11-28_drive3.csv""]",[],6780781ddcbe84843e7a71f29c18255c20ff720a258bf6f55b8900cd7e163dd8,81a0d6be03dec6bd702966895219d1df26d43eb3eed130f2d360f656b070926f
BEV2_2024-11-28_drive4.csv,train,1732814249000000000,686,526,"[""BEV2_2024-11-26_drive1.csv"", ""BEV2_2024-11-26_drive2.csv"", ""BEV2_2024-11-27_drive1.csv"", ""BEV2_2024-11-27_drive2.csv"", ""BEV2_2024-11-27_drive3.csv"", ""BEV2_2024-11-27_drive4.csv"", ""BEV2_2024-11-27_drive5.csv"", ""BEV2_2024-11-28_drive1.csv"", ""BEV2_2024-11-28_drive2.csv"", ""BEV2_2024-11-28_drive3.csv""]",[],ca06e12a4227c5fd16de7ef9b843d5e5c10321290040478bf9d5c2b8b75d5df3,df03e26278361742c4762d0961e28fff73c2940252de6160fc2703dd09c5e120
BEV1_2024-11-28_drive5.csv,train,1732822719000000000,688,161,"[""BEV1_2024-11-24_drive2.csv"", ""BEV1_2024-11-25_drive1.csv"", ""BEV1_2024-11-25_drive2.csv"", ""BEV1_2024-11-25_drive3.csv"", ""BEV1_2024-11-25_drive4.csv"", ""BEV1_2024-11-26_drive1.csv"", ""BEV1_2024-11-26_drive2.csv"", ""BEV1_2024-11-28_drive2.csv"", ""BEV1_2024-11-28_drive3.csv"", ""BEV1_2024-11-28_drive4.csv""]",[],e996d1d9efb2797085af447152eec9265dd6af35c40e48b4eef5f36692f0cccf,cf3f8643f827617fabea23f9c5a9c97f42ffd0e32150a19b0a277513071f22f0
BEV1_2024-11-29_drive1.csv,train,1732862639000000000,689,162,"[""BEV1_2024-11-25_drive1.csv"", ""BEV1_2024-11-25_drive2.csv"", ""BEV1_2024-11-25_drive3.csv"", ""BEV1_2024-11-25_drive4.csv"", ""BEV1_2024-11-26_drive1.csv"", ""BEV1_2024-11-26_drive2.csv"", ""BEV1_2024-11-28_drive2.csv"", ""BEV1_2024-11-28_drive3.csv"", ""BEV1_2024-11-28_drive4.csv"", ""BEV1_2024-11-28_drive5.csv""]","[""BEV1_2024-11-26_drive1.csv""]",54a561166c27dcdf7d07e7ccd1eed88139c1dfd1698aca2d7e1ce491ddb04c65,9b8d3709674eb53169fc302805e0a786cd791f8f37f3c94b2c67a18f297c3473
BEV2_2024-11-29_drive1.csv,train,1732864051000000000,689,527,"[""BEV2_2024-11-26_drive2.csv"", ""BEV2_2024-11-27_drive1.csv"", ""BEV2_2024-11-27_drive2.csv"", ""BEV2_2024-11-27_drive3.csv"", ""BEV2_2024-11-27_drive4.csv"", ""BEV2_2024-11-27_drive5.csv"", ""BEV2_2024-11-28_drive1.csv"", ""BEV2_2024-11-28_drive2.csv"", ""BEV2_2024-11-28_drive3.csv"", ""BEV2_2024-11-28_drive4.csv""]",[],79bb1add2b8126d1be55018f3a453751f1eb25bdd1ed7497e16b1724c5422169,5b7b55a15ac33363e45a25b0225fdaf6969e5580065a3f0d667176063c622069
BEV2_2024-11-29_drive2.csv,train,1732883121000000000,690,528,"[""BEV2_2024-11-27_drive1.csv"", ""BEV2_2024-11-27_drive2.csv"", ""BEV2_2024-11-27_drive3.csv"", ""BEV2_2024-11-27_drive4.csv"", ""BEV2_2024-11-27_drive5.csv"", ""BEV2_2024-11-28_drive1.csv"", ""BEV2_2024-11-28_drive2.csv"", ""BEV2_2024-11-28_drive3.csv"", ""BEV2_2024-11-28_drive4.csv"", ""BEV2_2024-11-29_drive1.csv""]",[],9503d052ab68bf6c427402cf37f6c4ffbacad6879a61dbac4a652f8b32834e89,bc6f4b90fa7f9228c6f2821f84b925e3a90abb61e6c97d38efac30687e04d689
BEV1_2024-11-29_drive2.csv,train,1732897945000000000,691,162,"[""BEV1_2024-11-25_drive1.csv"", ""BEV1_2024-11-25_drive2.csv"", ""BEV1_2024-11-25_drive3.csv"", ""BEV1_2024-11-25_drive4.csv"", ""BEV1_2024-11-26_drive1.csv"", ""BEV1_2024-11-26_drive2.csv"", ""BEV1_2024-11-28_drive2.csv"", ""BEV1_2024-11-28_drive3.csv"", ""BEV1_2024-11-28_drive4.csv"", ""BEV1_2024-11-28_drive5.csv""]","[""BEV1_2024-11-26_drive2.csv""]",54a561166c27dcdf7d07e7ccd1eed88139c1dfd1698aca2d7e1ce491ddb04c65,1c7637e7bc7dd1470a300c86075c7ac1fe8f3ac364256f7379eef80d7bbe3e95
BEV2_2024-11-29_drive3.csv,train,1732904648000000000,692,529,"[""BEV2_2024-11-27_drive2.csv"", ""BEV2_2024-11-27_drive3.csv"", ""BEV2_2024-11-27_drive4.csv"", ""BEV2_2024-11-27_drive5.csv"", ""BEV2_2024-11-28_drive1.csv"", ""BEV2_2024-11-28_drive2.csv"", ""BEV2_2024-11-28_drive3.csv"", ""BEV2_2024-11-28_drive4.csv"", ""BEV2_2024-11-29_drive1.csv"", ""BEV2_2024-11-29_drive2.csv""]",[],8cce691040d962366dc2886c4fadaefbe6b6f13788ee6f5401a662daa2585fe7,df095f7e7d951ff976e758faec8839425bea0f97e957b6b8380abf7080bbdc2c
BEV2_2024-11-29_drive4.csv,train,1732911643000000000,693,530,"[""BEV2_2024-11-27_drive3.csv"", ""BEV2_2024-11-27_drive4.csv"", ""BEV2_2024-11-27_drive5.csv"", ""BEV2_2024-11-28_drive1.csv"", ""BEV2_2024-11-28_drive2.csv"", ""BEV2_2024-11-28_drive3.csv"", ""BEV2_2024-11-28_drive4.csv"", ""BEV2_2024-11-29_drive1.csv"", ""BEV2_2024-11-29_drive2.csv"", ""BEV2_2024-11-29_drive3.csv""]",[],5a14d7de4d161e310ef8db2668fc2d6b0e42f59e632ecfcc8090b543079bedec,4ed2f3085fe26a53ef78197b8b41a49584146952585db3fc5358c31e5d92f878
BEV2_2024-11-29_drive5.csv,train,1732912605000000000,694,531,"[""BEV2_2024-11-27_drive4.csv"", ""BEV2_2024-11-27_drive5.csv"", ""BEV2_2024-11-28_drive1.csv"", ""BEV2_2024-11-28_drive2.csv"", ""BEV2_2024-11-28_drive3.csv"", ""BEV2_2024-11-28_drive4.csv"", ""BEV2_2024-11-29_drive1.csv"", ""BEV2_2024-11-29_drive2.csv"", ""BEV2_2024-11-29_drive3.csv"", ""BEV2_2024-11-29_drive4.csv""]",[],8597e999b4148e70f92dbe7e975004df092db41a7ecf6dccbcc00ef1347490da,31e6d90986a46560b333e06bf294eaa3759489201b84b0385507507bcd0de64f
BEV2_2024-11-30_drive1.csv,train,1732958978000000000,695,532,"[""BEV2_2024-11-27_drive5.csv"", ""BEV2_2024-11-28_drive1.csv"", ""BEV2_2024-11-28_drive2.csv"", ""BEV2_2024-11-28_drive3.csv"", ""BEV2_2024-11-28_drive4.csv"", ""BEV2_2024-11-29_drive1.csv"", ""BEV2_2024-11-29_drive2.csv"", ""BEV2_2024-11-29_drive3.csv"", ""BEV2_2024-11-29_drive4.csv"", ""BEV2_2024-11-29_drive5.csv""]",[],825a6b8fec29bbcd59867e49d3083a03153fb6e7647304a4ce2b51275ad24f9e,057cb6c408c26fd0959703da37fcf523f16331ac0bdea542ab557e2379dab652
BEV1_2024-11-30_drive1.csv,train,1732964491000000000,696,163,"[""BEV1_2024-11-25_drive2.csv"", ""BEV1_2024-11-25_drive3.csv"", ""BEV1_2024-11-25_drive4.csv"", ""BEV1_2024-11-26_drive1.csv"", ""BEV1_2024-11-26_drive2.csv"", ""BEV1_2024-11-28_drive2.csv"", ""BEV1_2024-11-28_drive3.csv"", ""BEV1_2024-11-28_drive4.csv"", ""BEV1_2024-11-28_drive5.csv"", ""BEV1_2024-11-29_drive2.csv""]",[],152922b9316b9dcc147f19d016a1b48af4c70b89375c620a2b8fe96233b452ad,f9dc094cb53267e42c82a7329a6584cf48d90978edaa0610f76f1f4d499a130b
BEV1_2024-11-30_drive2.csv,train,1732965660000000000,697,164,"[""BEV1_2024-11-25_drive3.csv"", ""BEV1_2024-11-25_drive4.csv"", ""BEV1_2024-11-26_drive1.csv"", ""BEV1_2024-11-26_drive2.csv"", ""BEV1_2024-11-28_drive2.csv"", ""BEV1_2024-11-28_drive3.csv"", ""BEV1_2024-11-28_drive4.csv"", ""BEV1_2024-11-28_drive5.csv"", ""BEV1_2024-11-29_drive2.csv"", ""BEV1_2024-11-30_drive1.csv""]",[],025e75cd312b649077b363d11d56862fc395d339486d9a3a37e12bda90576e63,e47331ffe77fc56824e52c614c075e4e8dffd9228bfb7682a20c609656330054
BEV2_2024-11-30_drive2.csv,train,1732965683000000000,697,533,"[""BEV2_2024-11-28_drive1.csv"", ""BEV2_2024-11-28_drive2.csv"", ""BEV2_2024-11-28_drive3.csv"", ""BEV2_2024-11-28_drive4.csv"", ""BEV2_2024-11-29_drive1.csv"", ""BEV2_2024-11-29_drive2.csv"", ""BEV2_2024-11-29_drive3.csv"", ""BEV2_2024-11-29_drive4.csv"", ""BEV2_2024-11-29_drive5.csv"", ""BEV2_2024-11-30_drive1.csv""]","[""BEV2_2024-11-30_drive1.csv""]",687d978238c68089ee210b811898a2ada478792ab30282712128048431e06b40,7f623500d5990cec4b499ba0f2c58c42f5dcbf0e1c26d5613b106d374c2baa86
BEV1_2024-11-30_drive3.csv,train,1732969311000000000,699,165,"[""BEV1_2024-11-25_drive4.csv"", ""BEV1_2024-11-26_drive1.csv"", ""BEV1_2024-11-26_drive2.csv"", ""BEV1_2024-11-28_drive2.csv"", ""BEV1_2024-11-28_drive3.csv"", ""BEV1_2024-11-28_drive4.csv"", ""BEV1_2024-11-28_drive5.csv"", ""BEV1_2024-11-29_drive2.csv"", ""BEV1_2024-11-30_drive1.csv"", ""BEV1_2024-11-30_drive2.csv""]",[],6d1100593779baf014bb6bb0bd0fb0730b6c11acdfe22179b59f1a356431dc7b,97aaa5c644f0c3884722eca833b1a2abedec28f0a0fec1d0a099664d362244c6
BEV1_2024-11-30_drive4.csv,train,1732973457000000000,700,166,"[""BEV1_2024-11-26_drive1.csv"", ""BEV1_2024-11-26_drive2.csv"", ""BEV1_2024-11-28_drive2.csv"", ""BEV1_2024-11-28_drive3.csv"", ""BEV1_2024-11-28_drive4.csv"", ""BEV1_2024-11-28_drive5.csv"", ""BEV1_2024-11-29_drive2.csv"", ""BEV1_2024-11-30_drive1.csv"", ""BEV1_2024-11-30_drive2.csv"", ""BEV1_2024-11-30_drive3.csv""]",[],aa73d6f2a9af3b24cde16bf95605bcba44a71f2ee2f1fc6f5826a3955e71750f,df625e7a640ab36371bd07bdaec95a64cb6787d2698daedb4aec4b8c235e8f68
BEV2_2024-11-30_drive3.csv,train,1732974669000000000,701,534,"[""BEV2_2024-11-28_drive2.csv"", ""BEV2_2024-11-28_drive3.csv"", ""BEV2_2024-11-28_drive4.csv"", ""BEV2_2024-11-29_drive1.csv"", ""BEV2_2024-11-29_drive2.csv"", ""BEV2_2024-11-29_drive3.csv"", ""BEV2_2024-11-29_drive4.csv"", ""BEV2_2024-11-29_drive5.csv"", ""BEV2_2024-11-30_drive1.csv"", ""BEV2_2024-11-30_drive2.csv""]",[],b00d797f91f0384bf0761a443ecc39266e6c0a89810a6ff9d4ea69e7a965bb71,92291c3d1717d3af4d4524568abb6311a8524ba642b4dbda4317490ff2a2129f
BEV2_2024-11-30_drive4.csv,train,1732975335000000000,702,535,"[""BEV2_2024-11-28_drive3.csv"", ""BEV2_2024-11-28_drive4.csv"", ""BEV2_2024-11-29_drive1.csv"", ""BEV2_2024-11-29_drive2.csv"", ""BEV2_2024-11-29_drive3.csv"", ""BEV2_2024-11-29_drive4.csv"", ""BEV2_2024-11-29_drive5.csv"", ""BEV2_2024-11-30_drive1.csv"", ""BEV2_2024-11-30_drive2.csv"", ""BEV2_2024-11-30_drive3.csv""]",[],5f49abb14987dd7942b870bd593dea1107305dd3e97050e186cadf8f80070a57,b841ffef8304d7f1622f615403052d0bbac3c702f706320fe0c98b2e7e781f9c
BEV2_2024-11-30_drive5.csv,train,1732982406000000000,703,536,"[""BEV2_2024-11-28_drive4.csv"", ""BEV2_2024-11-29_drive1.csv"", ""BEV2_2024-11-29_drive2.csv"", ""BEV2_2024-11-29_drive3.csv"", ""BEV2_2024-11-29_drive4.csv"", ""BEV2_2024-11-29_drive5.csv"", ""BEV2_2024-11-30_drive1.csv"", ""BEV2_2024-11-30_drive2.csv"", ""BEV2_2024-11-30_drive3.csv"", ""BEV2_2024-11-30_drive4.csv""]",[],a572e9ad1bbc09f56f01b51f0173c157f7f3f55d1b19c7b31106f8a21ee187b3,34b8cbcd8eb626f0d4b40ba397a3e0461226660c7497f078831fd439ff25e110
BEV2_2024-11-30_drive6.csv,train,1732984474000000000,704,537,"[""BEV2_2024-11-29_drive1.csv"", ""BEV2_2024-11-29_drive2.csv"", ""BEV2_2024-11-29_drive3.csv"", ""BEV2_2024-11-29_drive4.csv"", ""BEV2_2024-11-29_drive5.csv"", ""BEV2_2024-11-30_drive1.csv"", ""BEV2_2024-11-30_drive2.csv"", ""BEV2_2024-11-30_drive3.csv"", ""BEV2_2024-11-30_drive4.csv"", ""BEV2_2024-11-30_drive5.csv""]",[],7f81f49ac20da547ef399348758fa52c0efb7c827e73cc13690f30674ef7acfd,81700ac3415625592aba9dd3548121cdc10b0614363482c15c4a40a201bc8cad
BEV2_2024-11-30_drive7.csv,train,1732987798000000000,705,538,"[""BEV2_2024-11-29_drive2.csv"", ""BEV2_2024-11-29_drive3.csv"", ""BEV2_2024-11-29_drive4.csv"", ""BEV2_2024-11-29_drive5.csv"", ""BEV2_2024-11-30_drive1.csv"", ""BEV2_2024-11-30_drive2.csv"", ""BEV2_2024-11-30_drive3.csv"", ""BEV2_2024-11-30_drive4.csv"", ""BEV2_2024-11-30_drive5.csv"", ""BEV2_2024-11-30_drive6.csv""]",[],367d2ee4a0af471eb9cbc759ce9d1cf99b8ce1d5723129d68891a99ce728924b,57f3feeb8c75fa1d2b8e558b7805f21cd386def491027e6714929a6313ac601c
BEV2_2024-12-01_drive1.csv,validation,1733042059000000000,706,539,"[""BEV2_2024-11-29_drive3.csv"", ""BEV2_2024-11-29_drive4.csv"", ""BEV2_2024-11-29_drive5.csv"", ""BEV2_2024-11-30_drive1.csv"", ""BEV2_2024-11-30_drive2.csv"", ""BEV2_2024-11-30_drive3.csv"", ""BEV2_2024-11-30_drive4.csv"", ""BEV2_2024-11-30_drive5.csv"", ""BEV2_2024-11-30_drive6.csv"", ""BEV2_2024-11-30_drive7.csv""]",[],77a255251de8633b5713ac764699c7ba1240ae63113b0dd76b79f1ca2222799f,4c979202784a933d9393e155b80d8ad8e9e2b579ee9ea7a4ae140597be3e0b74
BEV2_2024-12-01_drive2.csv,validation,1733042995000000000,706,539,"[""BEV2_2024-11-29_drive3.csv"", ""BEV2_2024-11-29_drive4.csv"", ""BEV2_2024-11-29_drive5.csv"", ""BEV2_2024-11-30_drive1.csv"", ""BEV2_2024-11-30_drive2.csv"", ""BEV2_2024-11-30_drive3.csv"", ""BEV2_2024-11-30_drive4.csv"", ""BEV2_2024-11-30_drive5.csv"", ""BEV2_2024-11-30_drive6.csv"", ""BEV2_2024-11-30_drive7.csv""]",[],77a255251de8633b5713ac764699c7ba1240ae63113b0dd76b79f1ca2222799f,8dcd077b8e379c02c888f9e42cd90643efca3f5ad2750b1898ca1ebdf4191e10
BEV2_2024-12-01_drive3.csv,validation,1733044886000000000,707,540,"[""BEV2_2024-11-29_drive4.csv"", ""BEV2_2024-11-29_drive5.csv"", ""BEV2_2024-11-30_drive1.csv"", ""BEV2_2024-11-30_drive2.csv"", ""BEV2_2024-11-30_drive3.csv"", ""BEV2_2024-11-30_drive4.csv"", ""BEV2_2024-11-30_drive5.csv"", ""BEV2_2024-11-30_drive6.csv"", ""BEV2_2024-11-30_drive7.csv"", ""BEV2_2024-12-01_drive2.csv""]",[],7376081da07475beb26cb0d0c0c635a05d3f2a864847aaf1e3119672d9324924,56d6b4c189a36634f77b6418198145ae8d80965dc4bae091ab8b87e8ea04d746
BEV2_2024-12-01_drive4.csv,validation,1733048240000000000,708,541,"[""BEV2_2024-11-29_drive5.csv"", ""BEV2_2024-11-30_drive1.csv"", ""BEV2_2024-11-30_drive2.csv"", ""BEV2_2024-11-30_drive3.csv"", ""BEV2_2024-11-30_drive4.csv"", ""BEV2_2024-11-30_drive5.csv"", ""BEV2_2024-11-30_drive6.csv"", ""BEV2_2024-11-30_drive7.csv"", ""BEV2_2024-12-01_drive2.csv"", ""BEV2_2024-12-01_drive3.csv""]",[],dd2f9f370845773409caaf22b2a315ac23ebeaee644d97cc05cc1630728b438a,70e8da51e0832f4a7b20f14b86d79111f485562d00426fe9360f6f0f66ce222e
BEV2_2024-12-01_drive5.csv,validation,1733052783000000000,709,542,"[""BEV2_2024-11-30_drive1.csv"", ""BEV2_2024-11-30_drive2.csv"", ""BEV2_2024-11-30_drive3.csv"", ""BEV2_2024-11-30_drive4.csv"", ""BEV2_2024-11-30_drive5.csv"", ""BEV2_2024-11-30_drive6.csv"", ""BEV2_2024-11-30_drive7.csv"", ""BEV2_2024-12-01_drive2.csv"", ""BEV2_2024-12-01_drive3.csv"", ""BEV2_2024-12-01_drive4.csv""]",[],e04f29359c8b6ae865ea98bc761366e7b15216e62acaa5ec459c0dd3f87ea23e,a6d3cd4d5e753a35c6e54d86052cb3e023fc5223389b083aaaf4bb6c294d5010
BEV2_2024-12-01_drive6.csv,validation,1733063519000000000,710,543,"[""BEV2_2024-11-30_drive2.csv"", ""BEV2_2024-11-30_drive3.csv"", ""BEV2_2024-11-30_drive4.csv"", ""BEV2_2024-11-30_drive5.csv"", ""BEV2_2024-11-30_drive6.csv"", ""BEV2_2024-11-30_drive7.csv"", ""BEV2_2024-12-01_drive2.csv"", ""BEV2_2024-12-01_drive3.csv"", ""BEV2_2024-12-01_drive4.csv"", ""BEV2_2024-12-01_drive5.csv""]",[],4bc46082e6a8494ba650c3583ce6752b660dc689bb4407b89d3e819dafd08959,0e710196d0f3c6d588bc4e0b75c5eb8342feae9903996f5183c0ec9d04d9dad1
BEV1_2024-12-01_drive1.csv,validation,1733068775000000000,710,167,"[""BEV1_2024-11-26_drive2.csv"", ""BEV1_2024-11-28_drive2.csv"", ""BEV1_2024-11-28_drive3.csv"", ""BEV1_2024-11-28_drive4.csv"", ""BEV1_2024-11-28_drive5.csv"", ""BEV1_2024-11-29_drive2.csv"", ""BEV1_2024-11-30_drive1.csv"", ""BEV1_2024-11-30_drive2.csv"", ""BEV1_2024-11-30_drive3.csv"", ""BEV1_2024-11-30_drive4.csv""]",[],e1ded4c7a27f5596b0d0b6ae1b2d021e51e4ef24810631e116d08ef1a1ab4786,6c8deaee38df30748af78deca86a05170929cfa493a183afe1d654335ec4189f
BEV1_2024-12-01_drive2.csv,validation,1733069882000000000,711,168,"[""BEV1_2024-11-28_drive2.csv"", ""BEV1_2024-11-28_drive3.csv"", ""BEV1_2024-11-28_drive4.csv"", ""BEV1_2024-11-28_drive5.csv"", ""BEV1_2024-11-29_drive2.csv"", ""BEV1_2024-11-30_drive1.csv"", ""BEV1_2024-11-30_drive2.csv"", ""BEV1_2024-11-30_drive3.csv"", ""BEV1_2024-11-30_drive4.csv"", ""BEV1_2024-12-01_drive1.csv""]",[],ac783d2837df36af129a237a22bfb6e1f833fb497d891adba2e23c69d3b9d605,d68bc143e60048172bfd1ed3c0985169a2061913f1f1efa66bc282002bf184fa
BEV1_2024-12-01_drive3.csv,validation,1733073112000000000,712,169,"[""BEV1_2024-11-28_drive3.csv"", ""BEV1_2024-11-28_drive4.csv"", ""BEV1_2024-11-28_drive5.csv"", ""BEV1_2024-11-29_drive2.csv"", ""BEV1_2024-11-30_drive1.csv"", ""BEV1_2024-11-30_drive2.csv"", ""BEV1_2024-11-30_drive3.csv"", ""BEV1_2024-11-30_drive4.csv"", ""BEV1_2024-12-01_drive1.csv"", ""BEV1_2024-12-01_drive2.csv""]",[],a2ce8c9aed3c339f30333ce2b90eea067aa36cac0be131a061bc48a04a060b54,fd1e125de34f6ef0a03793bb7f9eed46caab9e0efa31bb0e1515497b12abc5dd
BEV1_2024-12-01_drive4.csv,validation,1733074871000000000,713,170,"[""BEV1_2024-11-28_drive4.csv"", ""BEV1_2024-11-28_drive5.csv"", ""BEV1_2024-11-29_drive2.csv"", ""BEV1_2024-11-30_drive1.csv"", ""BEV1_2024-11-30_drive2.csv"", ""BEV1_2024-11-30_drive3.csv"", ""BEV1_2024-11-30_drive4.csv"", ""BEV1_2024-12-01_drive1.csv"", ""BEV1_2024-12-01_drive2.csv"", ""BEV1_2024-12-01_drive3.csv""]",[],a267d06759f84dd6c22b1a8f2914bac5cf68f56297ff8ff8c3f4859e2cf2f9db,d9b16f992406768f409324e6b9e9702f6aadf1b4c2bae6525339a8f53dac6c1e
BEV1_2024-12-01_drive5.csv,validation,1733075512000000000,714,171,"[""BEV1_2024-11-28_drive5.csv"", ""BEV1_2024-11-29_drive2.csv"", ""BEV1_2024-11-30_drive1.csv"", ""BEV1_2024-11-30_drive2.csv"", ""BEV1_2024-11-30_drive3.csv"", ""BEV1_2024-11-30_drive4.csv"", ""BEV1_2024-12-01_drive1.csv"", ""BEV1_2024-12-01_drive2.csv"", ""BEV1_2024-12-01_drive3.csv"", ""BEV1_2024-12-01_drive4.csv""]",[],dafc44429522734513af4948e35e62eec78fe53b45093f90e1058e2dfb7506f0,71182bfacbb96c53f47e023f646457d17d22590f9422abbede35882afd4e8b9a
BEV1_2024-12-01_drive6.csv,validation,1733077525000000000,715,172,"[""BEV1_2024-11-29_drive2.csv"", ""BEV1_2024-11-30_drive1.csv"", ""BEV1_2024-11-30_drive2.csv"", ""BEV1_2024-11-30_drive3.csv"", ""BEV1_2024-11-30_drive4.csv"", ""BEV1_2024-12-01_drive1.csv"", ""BEV1_2024-12-01_drive2.csv"", ""BEV1_2024-12-01_drive3.csv"", ""BEV1_2024-12-01_drive4.csv"", ""BEV1_2024-12-01_drive5.csv""]",[],71ed0442eaa027525207fad4fa729cc2278f8464ba4c8991bb554323fe55f359,db1620d01b15a64e86e09d36b5aa841720728a18308ddad7c69f6fe16a794caa
BEV2_2024-12-01_drive7.csv,validation,1733079680000000000,716,543,"[""BEV2_2024-11-30_drive2.csv"", ""BEV2_2024-11-30_drive3.csv"", ""BEV2_2024-11-30_drive4.csv"", ""BEV2_2024-11-30_drive5.csv"", ""BEV2_2024-11-30_drive6.csv"", ""BEV2_2024-11-30_drive7.csv"", ""BEV2_2024-12-01_drive2.csv"", ""BEV2_2024-12-01_drive3.csv"", ""BEV2_2024-12-01_drive4.csv"", ""BEV2_2024-12-01_drive5.csv""]",[],4bc46082e6a8494ba650c3583ce6752b660dc689bb4407b89d3e819dafd08959,a01082788b2b111d5b80e860c5fd87ab70b89d7aa8817b5d3094e0d67b1d4425
BEV2_2024-12-01_drive8.csv,validation,1733080982000000000,717,544,"[""BEV2_2024-11-30_drive3.csv"", ""BEV2_2024-11-30_drive4.csv"", ""BEV2_2024-11-30_drive5.csv"", ""BEV2_2024-11-30_drive6.csv"", ""BEV2_2024-11-30_drive7.csv"", ""BEV2_2024-12-01_drive2.csv"", ""BEV2_2024-12-01_drive3.csv"", ""BEV2_2024-12-01_drive4.csv"", ""BEV2_2024-12-01_drive5.csv"", ""BEV2_2024-12-01_drive7.csv""]",[],0993eb0db51f5207252019ebd380041220343817dba9143c758ffe0522a631d9,6add05080788f2e8d5a3b0007d481b3ec1b0321692a0a83762f07794519217a8
BEV1_2024-12-02_drive1.csv,validation,1733125030000000000,718,173,"[""BEV1_2024-11-30_drive1.csv"", ""BEV1_2024-11-30_drive2.csv"", ""BEV1_2024-11-30_drive3.csv"", ""BEV1_2024-11-30_drive4.csv"", ""BEV1_2024-12-01_drive1.csv"", ""BEV1_2024-12-01_drive2.csv"", ""BEV1_2024-12-01_drive3.csv"", ""BEV1_2024-12-01_drive4.csv"", ""BEV1_2024-12-01_drive5.csv"", ""BEV1_2024-12-01_drive6.csv""]",[],5295a30f1980dd254fd51b2d1b07c9f16dfc0d8753562ecc31a8dcd7410af4a8,e2b7802f3a7456aa95d1ff8f29911ad600a020af5d7471e78de71fdd3ba485bf
BEV1_2024-12-02_drive2.csv,validation,1733156551000000000,719,174,"[""BEV1_2024-11-30_drive2.csv"", ""BEV1_2024-11-30_drive3.csv"", ""BEV1_2024-11-30_drive4.csv"", ""BEV1_2024-12-01_drive1.csv"", ""BEV1_2024-12-01_drive2.csv"", ""BEV1_2024-12-01_drive3.csv"", ""BEV1_2024-12-01_drive4.csv"", ""BEV1_2024-12-01_drive5.csv"", ""BEV1_2024-12-01_drive6.csv"", ""BEV1_2024-12-02_drive1.csv""]",[],23e1ce636c2952735e4c3f44e0fa58c33288bbb65da8545d366483858c1ad18a,730fda2bf58ba32abc2b97b45b85c184634015e21c8db921d9992374a5fc4d97
BEV1_2024-12-02_drive3.csv,validation,1733160749000000000,720,175,"[""BEV1_2024-11-30_drive3.csv"", ""BEV1_2024-11-30_drive4.csv"", ""BEV1_2024-12-01_drive1.csv"", ""BEV1_2024-12-01_drive2.csv"", ""BEV1_2024-12-01_drive3.csv"", ""BEV1_2024-12-01_drive4.csv"", ""BEV1_2024-12-01_drive5.csv"", ""BEV1_2024-12-01_drive6.csv"", ""BEV1_2024-12-02_drive1.csv"", ""BEV1_2024-12-02_drive2.csv""]",[],6784fee9c3e8f2f50a12f1d26ae8cd1e6015a36f5470d2586289b11dcb615030,2d0da8feb3225db617470283f83268d8c62406c760a47fe18728a57d2af551bc
BEV1_2024-12-02_drive4.csv,validation,1733161579000000000,721,176,"[""BEV1_2024-11-30_drive4.csv"", ""BEV1_2024-12-01_drive1.csv"", ""BEV1_2024-12-01_drive2.csv"", ""BEV1_2024-12-01_drive3.csv"", ""BEV1_2024-12-01_drive4.csv"", ""BEV1_2024-12-01_drive5.csv"", ""BEV1_2024-12-01_drive6.csv"", ""BEV1_2024-12-02_drive1.csv"", ""BEV1_2024-12-02_drive2.csv"", ""BEV1_2024-12-02_drive3.csv""]",[],85dfc8ec292401ced4ce4f09a0540cba588ba7a8aa241d6b71baaafeb7d9f9b3,96d4c718015400ffa3f983f662afbdf4f8c282add89d300cb29a245071e16634
BEV1_2024-12-02_drive5.csv,validation,1733162790000000000,722,177,"[""BEV1_2024-12-01_drive1.csv"", ""BEV1_2024-12-01_drive2.csv"", ""BEV1_2024-12-01_drive3.csv"", ""BEV1_2024-12-01_drive4.csv"", ""BEV1_2024-12-01_drive5.csv"", ""BEV1_2024-12-01_drive6.csv"", ""BEV1_2024-12-02_drive1.csv"", ""BEV1_2024-12-02_drive2.csv"", ""BEV1_2024-12-02_drive3.csv"", ""BEV1_2024-12-02_drive4.csv""]",[],8aca7d08b2e5677fba91631bf0108489778b9247a2a93a390aadd9db32fcee45,3ba78258cded08bd31a335997ea28559f8a7c5627f6ed71bb76a64369761338e
BEV1_2024-12-02_drive6.csv,validation,1733169787000000000,723,178,"[""BEV1_2024-12-01_drive2.csv"", ""BEV1_2024-12-01_drive3.csv"", ""BEV1_2024-12-01_drive4.csv"", ""BEV1_2024-12-01_drive5.csv"", ""BEV1_2024-12-01_drive6.csv"", ""BEV1_2024-12-02_drive1.csv"", ""BEV1_2024-12-02_drive2.csv"", ""BEV1_2024-12-02_drive3.csv"", ""BEV1_2024-12-02_drive4.csv"", ""BEV1_2024-12-02_drive5.csv""]",[],0f02d6d79e3e06aa8515791bc570dc3c6c1be2869484aed7968438b493e1f84c,eea11feda2155a6d3dd5be36e3c16e5be15a5ed1476f8213e12248a484f79c97
BEV1_2024-12-03_drive1.csv,validation,1733209064000000000,723,178,"[""BEV1_2024-12-01_drive2.csv"", ""BEV1_2024-12-01_drive3.csv"", ""BEV1_2024-12-01_drive4.csv"", ""BEV1_2024-12-01_drive5.csv"", ""BEV1_2024-12-01_drive6.csv"", ""BEV1_2024-12-02_drive1.csv"", ""BEV1_2024-12-02_drive2.csv"", ""BEV1_2024-12-02_drive3.csv"", ""BEV1_2024-12-02_drive4.csv"", ""BEV1_2024-12-02_drive5.csv""]",[],0f02d6d79e3e06aa8515791bc570dc3c6c1be2869484aed7968438b493e1f84c,53c50aa72409e3a81b68902707b0c4fed659f254e964630195d072b6cfb8cd49
BEV1_2024-12-03_drive2.csv,validation,1733231959000000000,724,179,"[""BEV1_2024-12-01_drive3.csv"", ""BEV1_2024-12-01_drive4.csv"", ""BEV1_2024-12-01_drive5.csv"", ""BEV1_2024-12-01_drive6.csv"", ""BEV1_2024-12-02_drive1.csv"", ""BEV1_2024-12-02_drive2.csv"", ""BEV1_2024-12-02_drive3.csv"", ""BEV1_2024-12-02_drive4.csv"", ""BEV1_2024-12-02_drive5.csv"", ""BEV1_2024-12-03_drive1.csv""]",[],6d1dba137962d4b0995c43f98a08b381ae967b596268d1dd090fbbaf0cf9ccac,e40626d290f5855bd9b408a15872a108a07bdff9c1bb0cc18fc623c6cb81c745
BEV1_2024-12-03_drive3.csv,validation,1733236851000000000,725,180,"[""BEV1_2024-12-01_drive4.csv"", ""BEV1_2024-12-01_drive5.csv"", ""BEV1_2024-12-01_drive6.csv"", ""BEV1_2024-12-02_drive1.csv"", ""BEV1_2024-12-02_drive2.csv"", ""BEV1_2024-12-02_drive3.csv"", ""BEV1_2024-12-02_drive4.csv"", ""BEV1_2024-12-02_drive5.csv"", ""BEV1_2024-12-03_drive1.csv"", ""BEV1_2024-12-03_drive2.csv""]",[],539e388b318425863494f3dc520e2a2aaeb855a9167672c406970147b2d94173,2a098171bc9ddc102cbd12305d0cd445de0b4f4637b2a1db1df6e1ab8c9c5b21
BEV1_2024-12-03_drive4.csv,validation,1733240298000000000,726,181,"[""BEV1_2024-12-01_drive5.csv"", ""BEV1_2024-12-01_drive6.csv"", ""BEV1_2024-12-02_drive1.csv"", ""BEV1_2024-12-02_drive2.csv"", ""BEV1_2024-12-02_drive3.csv"", ""BEV1_2024-12-02_drive4.csv"", ""BEV1_2024-12-02_drive5.csv"", ""BEV1_2024-12-03_drive1.csv"", ""BEV1_2024-12-03_drive2.csv"", ""BEV1_2024-12-03_drive3.csv""]",[],94e09b5f3e126fa38364297b8f5c4a5db07066c76fb7e04b28371627e33589d2,74e73409a4428d0d66f5461d62b635f7f057094d89b16f6da4f06ffe6d4a965a
BEV1_2024-12-04_drive1.csv,validation,1733329899000000000,727,182,"[""BEV1_2024-12-01_drive6.csv"", ""BEV1_2024-12-02_drive1.csv"", ""BEV1_2024-12-02_drive2.csv"", ""BEV1_2024-12-02_drive3.csv"", ""BEV1_2024-12-02_drive4.csv"", ""BEV1_2024-12-02_drive5.csv"", ""BEV1_2024-12-03_drive1.csv"", ""BEV1_2024-12-03_drive2.csv"", ""BEV1_2024-12-03_drive3.csv"", ""BEV1_2024-12-03_drive4.csv""]",[],5ae328e141c491fbc7bc46b3ccfb6536b7b52a1c2e87682191ec4d76faf6a144,f7eacc7778d7561a860b22ae2ce41bc0ec987aa7b83bc53c13cf74da896c0c56
BEV1_2024-12-04_drive2.csv,validation,1733332777000000000,728,183,"[""BEV1_2024-12-02_drive1.csv"", ""BEV1_2024-12-02_drive2.csv"", ""BEV1_2024-12-02_drive3.csv"", ""BEV1_2024-12-02_drive4.csv"", ""BEV1_2024-12-02_drive5.csv"", ""BEV1_2024-12-03_drive1.csv"", ""BEV1_2024-12-03_drive2.csv"", ""BEV1_2024-12-03_drive3.csv"", ""BEV1_2024-12-03_drive4.csv"", ""BEV1_2024-12-04_drive1.csv""]",[],1eac21517e44aaec91f9ad5653c86bd1747841b6a07a2cd897f4d3a0d7c936ab,7f64554715abfcd9c8427bbe186fc3e53c88dc8b7315eda37be0e344463ff5ed
BEV1_2024-12-04_drive3.csv,validation,1733338101000000000,729,184,"[""BEV1_2024-12-02_drive2.csv"", ""BEV1_2024-12-02_drive3.csv"", ""BEV1_2024-12-02_drive4.csv"", ""BEV1_2024-12-02_drive5.csv"", ""BEV1_2024-12-03_drive1.csv"", ""BEV1_2024-12-03_drive2.csv"", ""BEV1_2024-12-03_drive3.csv"", ""BEV1_2024-12-03_drive4.csv"", ""BEV1_2024-12-04_drive1.csv"", ""BEV1_2024-12-04_drive2.csv""]",[],3f825e0cccdad8f73907c4f1d0f44c1c95c7c111752db900c8399d679a712331,4c2939c63c495371fd8cb9fbf870438fb7387e5f66a3ca66ac983db390e054e2
BEV1_2024-12-05_drive1.csv,validation,1733384381000000000,730,185,"[""BEV1_2024-12-02_drive3.csv"", ""BEV1_2024-12-02_drive4.csv"", ""BEV1_2024-12-02_drive5.csv"", ""BEV1_2024-12-03_drive1.csv"", ""BEV1_2024-12-03_drive2.csv"", ""BEV1_2024-12-03_drive3.csv"", ""BEV1_2024-12-03_drive4.csv"", ""BEV1_2024-12-04_drive1.csv"", ""BEV1_2024-12-04_drive2.csv"", ""BEV1_2024-12-04_drive3.csv""]",[],313ff6e8bb4adaa8d64d2f5b3fb9c3a3f25602dfb4f1ed6ec2714dabfb59ba46,a481445b17f47c729600974442ec8c5863c429a103d71bb61e034f4e5b915c1a
BEV1_2024-12-05_drive2.csv,validation,1733416471000000000,731,186,"[""BEV1_2024-12-02_drive4.csv"", ""BEV1_2024-12-02_drive5.csv"", ""BEV1_2024-12-03_drive1.csv"", ""BEV1_2024-12-03_drive2.csv"", ""BEV1_2024-12-03_drive3.csv"", ""BEV1_2024-12-03_drive4.csv"", ""BEV1_2024-12-04_drive1.csv"", ""BEV1_2024-12-04_drive2.csv"", ""BEV1_2024-12-04_drive3.csv"", ""BEV1_2024-12-05_drive1.csv""]",[],7966d39ce3b553190e588abcbb1ee00ea14fb86f9f21d2a94db02c09da2e933a,684a15d2532a9884c2f6abdc721feba4273e9f07c92e427aace66b700c1b3e74
BEV1_2024-12-05_drive3.csv,validation,1733418044000000000,732,187,"[""BEV1_2024-12-02_drive5.csv"", ""BEV1_2024-12-03_drive1.csv"", ""BEV1_2024-12-03_drive2.csv"", ""BEV1_2024-12-03_drive3.csv"", ""BEV1_2024-12-03_drive4.csv"", ""BEV1_2024-12-04_drive1.csv"", ""BEV1_2024-12-04_drive2.csv"", ""BEV1_2024-12-04_drive3.csv"", ""BEV1_2024-12-05_drive1.csv"", ""BEV1_2024-12-05_drive2.csv""]",[],1881359e3e578c567f988f5d42bfaa5194eeeb9cf03a05722771ad0b16d07c3a,94c5aee66cef2fdfeea810672446f498c627240c450fa7270fbee23efe0e7ffe
BEV1_2024-12-05_drive4.csv,validation,1733419312000000000,733,188,"[""BEV1_2024-12-03_drive1.csv"", ""BEV1_2024-12-03_drive2.csv"", ""BEV1_2024-12-03_drive3.csv"", ""BEV1_2024-12-03_drive4.csv"", ""BEV1_2024-12-04_drive1.csv"", ""BEV1_2024-12-04_drive2.csv"", ""BEV1_2024-12-04_drive3.csv"", ""BEV1_2024-12-05_drive1.csv"", ""BEV1_2024-12-05_drive2.csv"", ""BEV1_2024-12-05_drive3.csv""]",[],22fc5890b24c70b0daba4b4a4a7a3cf8f8576860c7242658b369d724df0733c8,ea8274603ee6c01a2574c902a53eb4108af6587c2e6d0f62082585719c3b1f8b
BEV1_2024-12-06_drive1.csv,validation,1733468209000000000,733,188,"[""BEV1_2024-12-03_drive1.csv"", ""BEV1_2024-12-03_drive2.csv"", ""BEV1_2024-12-03_drive3.csv"", ""BEV1_2024-12-03_drive4.csv"", ""BEV1_2024-12-04_drive1.csv"", ""BEV1_2024-12-04_drive2.csv"", ""BEV1_2024-12-04_drive3.csv"", ""BEV1_2024-12-05_drive1.csv"", ""BEV1_2024-12-05_drive2.csv"", ""BEV1_2024-12-05_drive3.csv""]",[],22fc5890b24c70b0daba4b4a4a7a3cf8f8576860c7242658b369d724df0733c8,f60076aa562da1bd4f366b0311417e49f081db8ca1a0744d56916c4ee820b2ef
BEV1_2024-12-06_drive2.csv,validation,1733500656000000000,734,189,"[""BEV1_2024-12-03_drive2.csv"", ""BEV1_2024-12-03_drive3.csv"", ""BEV1_2024-12-03_drive4.csv"", ""BEV1_2024-12-04_drive1.csv"", ""BEV1_2024-12-04_drive2.csv"", ""BEV1_2024-12-04_drive3.csv"", ""BEV1_2024-12-05_drive1.csv"", ""BEV1_2024-12-05_drive2.csv"", ""BEV1_2024-12-05_drive3.csv"", ""BEV1_2024-12-06_drive1.csv""]",[],8123c3b55f8f9a121dd1bc12a50301f46fe8f0541d80e1851cd08e055d63d8e1,c9a3893a7c4ccce124e5e77830308c52a285351a5ccd82ecc2c420df6df5d371
BEV1_2024-12-06_drive3.csv,validation,1733508250000000000,735,190,"[""BEV1_2024-12-03_drive3.csv"", ""BEV1_2024-12-03_drive4.csv"", ""BEV1_2024-12-04_drive1.csv"", ""BEV1_2024-12-04_drive2.csv"", ""BEV1_2024-12-04_drive3.csv"", ""BEV1_2024-12-05_drive1.csv"", ""BEV1_2024-12-05_drive2.csv"", ""BEV1_2024-12-05_drive3.csv"", ""BEV1_2024-12-06_drive1.csv"", ""BEV1_2024-12-06_drive2.csv""]",[],a48585b47164e8ef4b72328035eedea8ffbcc695210bece19ac70540139057cc,87e4cd912ec1cd932aa2b540e81d5970ac2114cc751fe5800e501815bf1d8df8
BEV1_2024-12-06_drive4.csv,validation,1733525345000000000,736,191,"[""BEV1_2024-12-03_drive4.csv"", ""BEV1_2024-12-04_drive1.csv"", ""BEV1_2024-12-04_drive2.csv"", ""BEV1_2024-12-04_drive3.csv"", ""BEV1_2024-12-05_drive1.csv"", ""BEV1_2024-12-05_drive2.csv"", ""BEV1_2024-12-05_drive3.csv"", ""BEV1_2024-12-06_drive1.csv"", ""BEV1_2024-12-06_drive2.csv"", ""BEV1_2024-12-06_drive3.csv""]",[],e89c86086a24c3b968fa50a297a3277d165cc5376b51bfad4b0a170538f5128a,dcc305faa8cd31986381218ac6a1e076ebb69988fb8b9c4aa31fb200819b7f7c
BEV1_2024-12-07_drive1.csv,validation,1733567511000000000,737,192,"[""BEV1_2024-12-04_drive1.csv"", ""BEV1_2024-12-04_drive2.csv"", ""BEV1_2024-12-04_drive3.csv"", ""BEV1_2024-12-05_drive1.csv"", ""BEV1_2024-12-05_drive2.csv"", ""BEV1_2024-12-05_drive3.csv"", ""BEV1_2024-12-06_drive1.csv"", ""BEV1_2024-12-06_drive2.csv"", ""BEV1_2024-12-06_drive3.csv"", ""BEV1_2024-12-06_drive4.csv""]",[],ffb170dacbcdd0ab8a2870130ea425c1f82b540c4cde8c3af0cdc267a250dc34,d0add2245164de5bb2466a438ec410f24bfd88f23851375837155b27df0b9804
BEV1_2024-12-07_drive3.csv,validation,1733584776000000000,737,192,"[""BEV1_2024-12-04_drive1.csv"", ""BEV1_2024-12-04_drive2.csv"", ""BEV1_2024-12-04_drive3.csv"", ""BEV1_2024-12-05_drive1.csv"", ""BEV1_2024-12-05_drive2.csv"", ""BEV1_2024-12-05_drive3.csv"", ""BEV1_2024-12-06_drive1.csv"", ""BEV1_2024-12-06_drive2.csv"", ""BEV1_2024-12-06_drive3.csv"", ""BEV1_2024-12-06_drive4.csv""]",[],ffb170dacbcdd0ab8a2870130ea425c1f82b540c4cde8c3af0cdc267a250dc34,f76cd8f08e78f28a93c269f5b6c6f66fbbf7e71aaa6b23a010398d1fb1c0e93c
BEV1_2024-12-07_drive4.csv,validation,1733591068000000000,738,193,"[""BEV1_2024-12-04_drive2.csv"", ""BEV1_2024-12-04_drive3.csv"", ""BEV1_2024-12-05_drive1.csv"", ""BEV1_2024-12-05_drive2.csv"", ""BEV1_2024-12-05_drive3.csv"", ""BEV1_2024-12-06_drive1.csv"", ""BEV1_2024-12-06_drive2.csv"", ""BEV1_2024-12-06_drive3.csv"", ""BEV1_2024-12-06_drive4.csv"", ""BEV1_2024-12-07_drive3.csv""]",[],e0d10b8386b06389789ead420b85408a9351d0fcb7571d192a353e43f02073bd,36f4f385290ebe6c34e49a6d79034f5de63ff5c5b03e6e474d3996a84c3a4d78
BEV1_2024-12-08_drive1.csv,validation,1733616067000000000,739,194,"[""BEV1_2024-12-04_drive3.csv"", ""BEV1_2024-12-05_drive1.csv"", ""BEV1_2024-12-05_drive2.csv"", ""BEV1_2024-12-05_drive3.csv"", ""BEV1_2024-12-06_drive1.csv"", ""BEV1_2024-12-06_drive2.csv"", ""BEV1_2024-12-06_drive3.csv"", ""BEV1_2024-12-06_drive4.csv"", ""BEV1_2024-12-07_drive3.csv"", ""BEV1_2024-12-07_drive4.csv""]",[],7f281ab23f40895db446d6b73186066e3f89725b14e68ae3d140b9b7332ce2e8,5f25b007d1165ec3de333e77b6357c7d08672f2e4ec2a14d6c03356d5432c477
BEV2_2024-12-08_drive1.csv,validation,1733650584000000000,740,545,"[""BEV2_2024-11-30_drive4.csv"", ""BEV2_2024-11-30_drive5.csv"", ""BEV2_2024-11-30_drive6.csv"", ""BEV2_2024-11-30_drive7.csv"", ""BEV2_2024-12-01_drive2.csv"", ""BEV2_2024-12-01_drive3.csv"", ""BEV2_2024-12-01_drive4.csv"", ""BEV2_2024-12-01_drive5.csv"", ""BEV2_2024-12-01_drive7.csv"", ""BEV2_2024-12-01_drive8.csv""]",[],9e55027fe60b4d4bd6e39a5406f4cf07c1b5c7e40866c6b7267e71ccca3fc2b0,5226cbdc3ef00a3c511590925f97f604a8ceb59a6e92fcc3c6350acef8341b30
BEV2_2024-12-08_drive2.csv,validation,1733653082000000000,741,546,"[""BEV2_2024-11-30_drive5.csv"", ""BEV2_2024-11-30_drive6.csv"", ""BEV2_2024-11-30_drive7.csv"", ""BEV2_2024-12-01_drive2.csv"", ""BEV2_2024-12-01_drive3.csv"", ""BEV2_2024-12-01_drive4.csv"", ""BEV2_2024-12-01_drive5.csv"", ""BEV2_2024-12-01_drive7.csv"", ""BEV2_2024-12-01_drive8.csv"", ""BEV2_2024-12-08_drive1.csv""]",[],667532fde626f5a81a83deb784a477fefb1e59e4992d9143e5179cddeb2bdac4,bf8c17b96c8931cd9cf4e9539771025c3febd4b5927071dc69306f049b0cdaae
BEV2_2024-12-08_drive3.csv,validation,1733656988000000000,741,546,"[""BEV2_2024-11-30_drive5.csv"", ""BEV2_2024-11-30_drive6.csv"", ""BEV2_2024-11-30_drive7.csv"", ""BEV2_2024-12-01_drive2.csv"", ""BEV2_2024-12-01_drive3.csv"", ""BEV2_2024-12-01_drive4.csv"", ""BEV2_2024-12-01_drive5.csv"", ""BEV2_2024-12-01_drive7.csv"", ""BEV2_2024-12-01_drive8.csv"", ""BEV2_2024-12-08_drive1.csv""]",[],667532fde626f5a81a83deb784a477fefb1e59e4992d9143e5179cddeb2bdac4,5950259de48bf09e4ae6db0c19007bfd6b3fffd0af8ed890d4b88360ae7e4d9d
BEV1_2024-12-08_drive2.csv,validation,1733658531000000000,742,195,"[""BEV1_2024-12-05_drive1.csv"", ""BEV1_2024-12-05_drive2.csv"", ""BEV1_2024-12-05_drive3.csv"", ""BEV1_2024-12-06_drive1.csv"", ""BEV1_2024-12-06_drive2.csv"", ""BEV1_2024-12-06_drive3.csv"", ""BEV1_2024-12-06_drive4.csv"", ""BEV1_2024-12-07_drive3.csv"", ""BEV1_2024-12-07_drive4.csv"", ""BEV1_2024-12-08_drive1.csv""]",[],210c3854a8f1939893c759535880584fcd83725b612f09ef1127320b9355a602,c579126f8443f114e1c66bae38f36433eb5dd5fd4c280b5448d13349cdaa9873
BEV2_2024-12-08_drive4.csv,validation,1733664640000000000,743,547,"[""BEV2_2024-11-30_drive6.csv"", ""BEV2_2024-11-30_drive7.csv"", ""BEV2_2024-12-01_drive2.csv"", ""BEV2_2024-12-01_drive3.csv"", ""BEV2_2024-12-01_drive4.csv"", ""BEV2_2024-12-01_drive5.csv"", ""BEV2_2024-12-01_drive7.csv"", ""BEV2_2024-12-01_drive8.csv"", ""BEV2_2024-12-08_drive1.csv"", ""BEV2_2024-12-08_drive3.csv""]",[],d7cf7f5c9c24a2f546d88c1e8527fca78cc413e1c266bdfda14d3954ae9f0a8d,509f185a034306a12292a54317a89eef1f7968f9dacaaaed1ec56f2149b0b2f2
BEV1_2024-12-08_drive3.csv,validation,1733667878000000000,743,196,"[""BEV1_2024-12-05_drive2.csv"", ""BEV1_2024-12-05_drive3.csv"", ""BEV1_2024-12-06_drive1.csv"", ""BEV1_2024-12-06_drive2.csv"", ""BEV1_2024-12-06_drive3.csv"", ""BEV1_2024-12-06_drive4.csv"", ""BEV1_2024-12-07_drive3.csv"", ""BEV1_2024-12-07_drive4.csv"", ""BEV1_2024-12-08_drive1.csv"", ""BEV1_2024-12-08_drive2.csv""]",[],e2100cc892599bb268bdb9a5b0854765529c45f014e24329cb848f44f09b87d9,bcbd79b01296edfc0d20f9b661022cb42213b1438587201e5bcff0b02096119d
BEV2_2024-12-08_drive5.csv,validation,1733669405000000000,744,548,"[""BEV2_2024-11-30_drive7.csv"", ""BEV2_2024-12-01_drive2.csv"", ""BEV2_2024-12-01_drive3.csv"", ""BEV2_2024-12-01_drive4.csv"", ""BEV2_2024-12-01_drive5.csv"", ""BEV2_2024-12-01_drive7.csv"", ""BEV2_2024-12-01_drive8.csv"", ""BEV2_2024-12-08_drive1.csv"", ""BEV2_2024-12-08_drive3.csv"", ""BEV2_2024-12-08_drive4.csv""]",[],c7079796e88030193db40d5f5bca402835c0e0bcd3342e51c856572af5ad175d,3b8bc5fe00de6be2bb75f0b52dd0abec80f5e925a65561fb4ace4a885b52ebf3
BEV1_2024-12-08_drive4.csv,validation,1733672683000000000,746,197,"[""BEV1_2024-12-05_drive3.csv"", ""BEV1_2024-12-06_drive1.csv"", ""BEV1_2024-12-06_drive2.csv"", ""BEV1_2024-12-06_drive3.csv"", ""BEV1_2024-12-06_drive4.csv"", ""BEV1_2024-12-07_drive3.csv"", ""BEV1_2024-12-07_drive4.csv"", ""BEV1_2024-12-08_drive1.csv"", ""BEV1_2024-12-08_drive2.csv"", ""BEV1_2024-12-08_drive3.csv""]",[],10e5af657b39233b044e1ed30138f13b213bfa20af9119f2117b53c949defac2,a6b31ddef7a8177cf6b460594c5aece12d246f5a3ce139d26fe4ec9870b8659c
BEV2_2024-12-08_drive6.csv,validation,1733674034000000000,746,549,"[""BEV2_2024-12-01_drive2.csv"", ""BEV2_2024-12-01_drive3.csv"", ""BEV2_2024-12-01_drive4.csv"", ""BEV2_2024-12-01_drive5.csv"", ""BEV2_2024-12-01_drive7.csv"", ""BEV2_2024-12-01_drive8.csv"", ""BEV2_2024-12-08_drive1.csv"", ""BEV2_2024-12-08_drive3.csv"", ""BEV2_2024-12-08_drive4.csv"", ""BEV2_2024-12-08_drive5.csv""]",[],88b3ad74b5d8fd09ad17ba93beb524af4cdd763963961e94940c5580d1b631a5,5fad9ade3bf890bb8bc2ae70365077af340e5031096bed2897a6ed76dd7a424d
BEV2_2024-12-09_drive1.csv,validation,1733726707000000000,748,550,"[""BEV2_2024-12-01_drive3.csv"", ""BEV2_2024-12-01_drive4.csv"", ""BEV2_2024-12-01_drive5.csv"", ""BEV2_2024-12-01_drive7.csv"", ""BEV2_2024-12-01_drive8.csv"", ""BEV2_2024-12-08_drive1.csv"", ""BEV2_2024-12-08_drive3.csv"", ""BEV2_2024-12-08_drive4.csv"", ""BEV2_2024-12-08_drive5.csv"", ""BEV2_2024-12-08_drive6.csv""]",[],21ece9a3921fd79c9b2311960172e15e49914f6c5a4b77e67103f4cc9bdd5bec,4d16f1da661a744f4831658f39bd191b3adc4efab7fd422aff88536e7e417904
BEV1_2024-12-09_drive1.csv,validation,1733732098000000000,748,198,"[""BEV1_2024-12-06_drive1.csv"", ""BEV1_2024-12-06_drive2.csv"", ""BEV1_2024-12-06_drive3.csv"", ""BEV1_2024-12-06_drive4.csv"", ""BEV1_2024-12-07_drive3.csv"", ""BEV1_2024-12-07_drive4.csv"", ""BEV1_2024-12-08_drive1.csv"", ""BEV1_2024-12-08_drive2.csv"", ""BEV1_2024-12-08_drive3.csv"", ""BEV1_2024-12-08_drive4.csv""]",[],0565985784a94edc4ed3d4a823d318082e7f5d268ab0de7d6f7ad18e07c672de,b916b184c534dddc5c34856be59ba535605fd6e7c8581d645d0cfea2e382093e
BEV1_2024-12-09_drive2.csv,validation,1733738738000000000,749,199,"[""BEV1_2024-12-06_drive2.csv"", ""BEV1_2024-12-06_drive3.csv"", ""BEV1_2024-12-06_drive4.csv"", ""BEV1_2024-12-07_drive3.csv"", ""BEV1_2024-12-07_drive4.csv"", ""BEV1_2024-12-08_drive1.csv"", ""BEV1_2024-12-08_drive2.csv"", ""BEV1_2024-12-08_drive3.csv"", ""BEV1_2024-12-08_drive4.csv"", ""BEV1_2024-12-09_drive1.csv""]",[],5f7300fc951758619451997c2d97a4ba3e8646f1552bdc87ccec236854b4c883,1f578c16ea42a426e0c183bd3856aed681449b7329d7505bebad99b8e5fe9032
BEV2_2024-12-09_drive2.csv,validation,1733741585000000000,749,550,"[""BEV2_2024-12-01_drive3.csv"", ""BEV2_2024-12-01_drive4.csv"", ""BEV2_2024-12-01_drive5.csv"", ""BEV2_2024-12-01_drive7.csv"", ""BEV2_2024-12-01_drive8.csv"", ""BEV2_2024-12-08_drive1.csv"", ""BEV2_2024-12-08_drive3.csv"", ""BEV2_2024-12-08_drive4.csv"", ""BEV2_2024-12-08_drive5.csv"", ""BEV2_2024-12-08_drive6.csv""]",[],21ece9a3921fd79c9b2311960172e15e49914f6c5a4b77e67103f4cc9bdd5bec,3e94669f496e914ae96348ed4af312f7d04b9a952c3a3c0eef86f97a55d5fba3
BEV2_2024-12-09_drive3.csv,validation,1733746012000000000,750,551,"[""BEV2_2024-12-01_drive4.csv"", ""BEV2_2024-12-01_drive5.csv"", ""BEV2_2024-12-01_drive7.csv"", ""BEV2_2024-12-01_drive8.csv"", ""BEV2_2024-12-08_drive1.csv"", ""BEV2_2024-12-08_drive3.csv"", ""BEV2_2024-12-08_drive4.csv"", ""BEV2_2024-12-08_drive5.csv"", ""BEV2_2024-12-08_drive6.csv"", ""BEV2_2024-12-09_drive2.csv""]",[],9d4ee1f4739a566d156f79c449e5ff4c7c789204814f2a2d3e920ff41225faf4,66c8735435592de502eb8f810980b72ebafb487c9417ffe7864f9844737be755
BEV1_2024-12-09_drive3.csv,validation,1733750783000000000,751,199,"[""BEV1_2024-12-06_drive2.csv"", ""BEV1_2024-12-06_drive3.csv"", ""BEV1_2024-12-06_drive4.csv"", ""BEV1_2024-12-07_drive3.csv"", ""BEV1_2024-12-07_drive4.csv"", ""BEV1_2024-12-08_drive1.csv"", ""BEV1_2024-12-08_drive2.csv"", ""BEV1_2024-12-08_drive3.csv"", ""BEV1_2024-12-08_drive4.csv"", ""BEV1_2024-12-09_drive1.csv""]",[],5f7300fc951758619451997c2d97a4ba3e8646f1552bdc87ccec236854b4c883,c4344e132602a754ed6a486964ca90ea054db213376ad4a3f6b69f63bb9472b7
BEV1_2024-12-09_drive4.csv,validation,1733758678000000000,752,200,"[""BEV1_2024-12-06_drive3.csv"", ""BEV1_2024-12-06_drive4.csv"", ""BEV1_2024-12-07_drive3.csv"", ""BEV1_2024-12-07_drive4.csv"", ""BEV1_2024-12-08_drive1.csv"", ""BEV1_2024-12-08_drive2.csv"", ""BEV1_2024-12-08_drive3.csv"", ""BEV1_2024-12-08_drive4.csv"", ""BEV1_2024-12-09_drive1.csv"", ""BEV1_2024-12-09_drive3.csv""]",[],22eaee6cd6b952453aa6d199b8c774842488eb78e56a4fcb9888878b4c0815f7,3c9685b0289e342096eac0762a9d41145a889a34b46fce4dfeffd8f93dadb72b
BEV1_2024-12-09_drive5.csv,validation,1733761119000000000,753,201,"[""BEV1_2024-12-06_drive4.csv"", ""BEV1_2024-12-07_drive3.csv"", ""BEV1_2024-12-07_drive4.csv"", ""BEV1_2024-12-08_drive1.csv"", ""BEV1_2024-12-08_drive2.csv"", ""BEV1_2024-12-08_drive3.csv"", ""BEV1_2024-12-08_drive4.csv"", ""BEV1_2024-12-09_drive1.csv"", ""BEV1_2024-12-09_drive3.csv"", ""BEV1_2024-12-09_drive4.csv""]",[],8320c0d30e3c4242653999e2a96c8088a24070f1018375b2ea1dabd42bf9cc21,5db58d3d372c83b653edbb7cbdf155da1d57cb567d37fa548c29a098bb951882
BEV2_2024-12-09_drive4.csv,validation,1733761911000000000,754,552,"[""BEV2_2024-12-01_drive5.csv"", ""BEV2_2024-12-01_drive7.csv"", ""BEV2_2024-12-01_drive8.csv"", ""BEV2_2024-12-08_drive1.csv"", ""BEV2_2024-12-08_drive3.csv"", ""BEV2_2024-12-08_drive4.csv"", ""BEV2_2024-12-08_drive5.csv"", ""BEV2_2024-12-08_drive6.csv"", ""BEV2_2024-12-09_drive2.csv"", ""BEV2_2024-12-09_drive3.csv""]",[],379becaf7ba13aca514b7db6788fa4e5834c79f4b99184897eec220353f3a32c,14801936cf1870ee26caee58d895cf40168b1c960025b0b24c92c90d621120fc
BEV1_2024-12-09_drive6.csv,validation,1733764108000000000,755,202,"[""BEV1_2024-12-07_drive3.csv"", ""BEV1_2024-12-07_drive4.csv"", ""BEV1_2024-12-08_drive1.csv"", ""BEV1_2024-12-08_drive2.csv"", ""BEV1_2024-12-08_drive3.csv"", ""BEV1_2024-12-08_drive4.csv"", ""BEV1_2024-12-09_drive1.csv"", ""BEV1_2024-12-09_drive3.csv"", ""BEV1_2024-12-09_drive4.csv"", ""BEV1_2024-12-09_drive5.csv""]",[],2f15717e2f07c17bd55716769d9d1b8c2fb1429fb635d31ee6e597326bad13dc,0098f23ca1ce36c9c40ee8503cae2e853e3b32c410b4c477f8b09d1d9d96d68e
BEV2_2024-12-09_drive5.csv,validation,1733776396000000000,756,553,"[""BEV2_2024-12-01_drive7.csv"", ""BEV2_2024-12-01_drive8.csv"", ""BEV2_2024-12-08_drive1.csv"", ""BEV2_2024-12-08_drive3.csv"", ""BEV2_2024-12-08_drive4.csv"", ""BEV2_2024-12-08_drive5.csv"", ""BEV2_2024-12-08_drive6.csv"", ""BEV2_2024-12-09_drive2.csv"", ""BEV2_2024-12-09_drive3.csv"", ""BEV2_2024-12-09_drive4.csv""]",[],eeb85c6913ed7460b35aa61f1401ae225d37e1fc28e2345f6ac7349e3a1917fb,6989ea40138575fc4981325fc13a6615d792c0567801c875584d2b6510ae5a4f
BEV2_2024-12-09_drive6.csv,validation,1733778195000000000,757,554,"[""BEV2_2024-12-01_drive8.csv"", ""BEV2_2024-12-08_drive1.csv"", ""BEV2_2024-12-08_drive3.csv"", ""BEV2_2024-12-08_drive4.csv"", ""BEV2_2024-12-08_drive5.csv"", ""BEV2_2024-12-08_drive6.csv"", ""BEV2_2024-12-09_drive2.csv"", ""BEV2_2024-12-09_drive3.csv"", ""BEV2_2024-12-09_drive4.csv"", ""BEV2_2024-12-09_drive5.csv""]",[],b24530c8b38afda48a953f67b8939a732d3e63a709201be8cce92a707d643d4c,a6df1124ddf9b9544275fc7e1d98c31622bc29484a0afb379df3e7059d1a3f0b
BEV2_2024-12-10_drive1.csv,validation,1733813080000000000,758,555,"[""BEV2_2024-12-08_drive1.csv"", ""BEV2_2024-12-08_drive3.csv"", ""BEV2_2024-12-08_drive4.csv"", ""BEV2_2024-12-08_drive5.csv"", ""BEV2_2024-12-08_drive6.csv"", ""BEV2_2024-12-09_drive2.csv"", ""BEV2_2024-12-09_drive3.csv"", ""BEV2_2024-12-09_drive4.csv"", ""BEV2_2024-12-09_drive5.csv"", ""BEV2_2024-12-09_drive6.csv""]",[],266f37d960f8150122a3b251e35d66519a346f8ec5e5d88e0c4a292c89ad8746,48092e20c36b4e647cfc1c9186a43a81f490a27859a456976c156ad82023f8eb
BEV1_2024-12-10_drive1.csv,validation,1733821430000000000,759,203,"[""BEV1_2024-12-07_drive4.csv"", ""BEV1_2024-12-08_drive1.csv"", ""BEV1_2024-12-08_drive2.csv"", ""BEV1_2024-12-08_drive3.csv"", ""BEV1_2024-12-08_drive4.csv"", ""BEV1_2024-12-09_drive1.csv"", ""BEV1_2024-12-09_drive3.csv"", ""BEV1_2024-12-09_drive4.csv"", ""BEV1_2024-12-09_drive5.csv"", ""BEV1_2024-12-09_drive6.csv""]",[],b577819713db658e1b05414e831e8b73f875701d1c3f0ad3c7ca318aaa78d488,05548bc1b06201345222f3a740341c78c4c61756954f50c7a31b241cfb0512d9
BEV1_2024-12-10_drive2.csv,validation,1733822419000000000,760,204,"[""BEV1_2024-12-08_drive1.csv"", ""BEV1_2024-12-08_drive2.csv"", ""BEV1_2024-12-08_drive3.csv"", ""BEV1_2024-12-08_drive4.csv"", ""BEV1_2024-12-09_drive1.csv"", ""BEV1_2024-12-09_drive3.csv"", ""BEV1_2024-12-09_drive4.csv"", ""BEV1_2024-12-09_drive5.csv"", ""BEV1_2024-12-09_drive6.csv"", ""BEV1_2024-12-10_drive1.csv""]",[],234e9b99780f0002412425e5888711a6bb9bcc6e6acc64a0c29c1a95ca5d0a73,a1b8bc41968e83bb210389357b73be1d8db445e0c9d940dc96001232a549311b
BEV1_2024-12-10_drive3.csv,validation,1733848798000000000,761,205,"[""BEV1_2024-12-08_drive2.csv"", ""BEV1_2024-12-08_drive3.csv"", ""BEV1_2024-12-08_drive4.csv"", ""BEV1_2024-12-09_drive1.csv"", ""BEV1_2024-12-09_drive3.csv"", ""BEV1_2024-12-09_drive4.csv"", ""BEV1_2024-12-09_drive5.csv"", ""BEV1_2024-12-09_drive6.csv"", ""BEV1_2024-12-10_drive1.csv"", ""BEV1_2024-12-10_drive2.csv""]",[],e8138739344467fcde86fee8607b421d1c3754372b7ffacfe3854c1f3aaabf51,0de4cbfa27f4392ed9d0c2c0a551f8c3508d3aa33cc864f3852df869f069c982
BEV2_2024-12-10_drive2.csv,validation,1733851504000000000,762,556,"[""BEV2_2024-12-08_drive3.csv"", ""BEV2_2024-12-08_drive4.csv"", ""BEV2_2024-12-08_drive5.csv"", ""BEV2_2024-12-08_drive6.csv"", ""BEV2_2024-12-09_drive2.csv"", ""BEV2_2024-12-09_drive3.csv"", ""BEV2_2024-12-09_drive4.csv"", ""BEV2_2024-12-09_drive5.csv"", ""BEV2_2024-12-09_drive6.csv"", ""BEV2_2024-12-10_drive1.csv""]",[],cc601539c7818f293776a64944366bdbce486fe84364d446f245166cd206b903,9efb8be8114f2e624d08d6c3cf4142b9f6808612fc1ea2f76416b26b5f93473e
BEV2_2024-12-10_drive3.csv,validation,1733852413000000000,763,557,"[""BEV2_2024-12-08_drive4.csv"", ""BEV2_2024-12-08_drive5.csv"", ""BEV2_2024-12-08_drive6.csv"", ""BEV2_2024-12-09_drive2.csv"", ""BEV2_2024-12-09_drive3.csv"", ""BEV2_2024-12-09_drive4.csv"", ""BEV2_2024-12-09_drive5.csv"", ""BEV2_2024-12-09_drive6.csv"", ""BEV2_2024-12-10_drive1.csv"", ""BEV2_2024-12-10_drive2.csv""]",[],8e725e5be5eabf610fe0b57917a7666a88d3a1e1c31911da2e48710cacf5bc40,0c87ceaededefd234ae3958414d09c94a42ca0fb76db5e66559f3758004a3cf3
BEV1_2024-12-10_drive4.csv,validation,1733858533000000000,764,206,"[""BEV1_2024-12-08_drive3.csv"", ""BEV1_2024-12-08_drive4.csv"", ""BEV1_2024-12-09_drive1.csv"", ""BEV1_2024-12-09_drive3.csv"", ""BEV1_2024-12-09_drive4.csv"", ""BEV1_2024-12-09_drive5.csv"", ""BEV1_2024-12-09_drive6.csv"", ""BEV1_2024-12-10_drive1.csv"", ""BEV1_2024-12-10_drive2.csv"", ""BEV1_2024-12-10_drive3.csv""]",[],f35cf69a135332e5bdcbf32329824bbf5e22b44ff4cabb5c068019827262ff52,711129e3ccb4f48dc5ae4cdd9128cb5cba76863ffca7f19c831ad330f55774f9
BEV2_2024-12-11_drive1.csv,validation,1733900033000000000,765,558,"[""BEV2_2024-12-08_drive5.csv"", ""BEV2_2024-12-08_drive6.csv"", ""BEV2_2024-12-09_drive2.csv"", ""BEV2_2024-12-09_drive3.csv"", ""BEV2_2024-12-09_drive4.csv"", ""BEV2_2024-12-09_drive5.csv"", ""BEV2_2024-12-09_drive6.csv"", ""BEV2_2024-12-10_drive1.csv"", ""BEV2_2024-12-10_drive2.csv"", ""BEV2_2024-12-10_drive3.csv""]",[],cfad8b0344f25654e5d0bae9ee495858d8acfe862a24d421a0a21cf38fa60c9d,0e9fce383794d71bd3e1fca987ade8b53caf8ab1d6a4612ea51455bcaabd60d5
BEV1_2024-12-11_drive1.csv,validation,1733900853000000000,765,207,"[""BEV1_2024-12-08_drive4.csv"", ""BEV1_2024-12-09_drive1.csv"", ""BEV1_2024-12-09_drive3.csv"", ""BEV1_2024-12-09_drive4.csv"", ""BEV1_2024-12-09_drive5.csv"", ""BEV1_2024-12-09_drive6.csv"", ""BEV1_2024-12-10_drive1.csv"", ""BEV1_2024-12-10_drive2.csv"", ""BEV1_2024-12-10_drive3.csv"", ""BEV1_2024-12-10_drive4.csv""]",[],fceb54351032c9010e3689f5160ec80770429cd89a0fcfa10e58261b930291bf,2b17908873ad37423fbe673ad298c950f917d3acc2a2e1fa000f03f6ec41a8e3
BEV1_2024-12-11_drive2.csv,validation,1733932833000000000,767,208,"[""BEV1_2024-12-09_drive1.csv"", ""BEV1_2024-12-09_drive3.csv"", ""BEV1_2024-12-09_drive4.csv"", ""BEV1_2024-12-09_drive5.csv"", ""BEV1_2024-12-09_drive6.csv"", ""BEV1_2024-12-10_drive1.csv"", ""BEV1_2024-12-10_drive2.csv"", ""BEV1_2024-12-10_drive3.csv"", ""BEV1_2024-12-10_drive4.csv"", ""BEV1_2024-12-11_drive1.csv""]",[],7eeca9c49e123acefda89723ccee50031d92707752f6fcb49332ce06359d2143,907b8354273aeb1c5cc5794cab35699a53aa7ea9897fa46aec68dc259f75e974
BEV2_2024-12-11_drive2.csv,validation,1733936541000000000,767,559,"[""BEV2_2024-12-08_drive6.csv"", ""BEV2_2024-12-09_drive2.csv"", ""BEV2_2024-12-09_drive3.csv"", ""BEV2_2024-12-09_drive4.csv"", ""BEV2_2024-12-09_drive5.csv"", ""BEV2_2024-12-09_drive6.csv"", ""BEV2_2024-12-10_drive1.csv"", ""BEV2_2024-12-10_drive2.csv"", ""BEV2_2024-12-10_drive3.csv"", ""BEV2_2024-12-11_drive1.csv""]","[""BEV2_2024-12-09_drive2.csv""]",988f59c906c9fd0a187e79fefe88b0f56eb6c08f7abfe49cd3d1f0f2c74a6e14,073e3f2846c6f27b1aa4a87fa1bf9059dee191114748646bcd5b2ccc2d042fa5
BEV1_2024-12-11_drive3.csv,validation,1733950975000000000,769,209,"[""BEV1_2024-12-09_drive3.csv"", ""BEV1_2024-12-09_drive4.csv"", ""BEV1_2024-12-09_drive5.csv"", ""BEV1_2024-12-09_drive6.csv"", ""BEV1_2024-12-10_drive1.csv"", ""BEV1_2024-12-10_drive2.csv"", ""BEV1_2024-12-10_drive3.csv"", ""BEV1_2024-12-10_drive4.csv"", ""BEV1_2024-12-11_drive1.csv"", ""BEV1_2024-12-11_drive2.csv""]",[],97d3ea268c145f75f0539711ff5affb03d2cc1004601dedd748f3676bc60e870,df20d977a9d2ed24cf61704e59b094de6cc6070702edae8a95cc0bba307f5722
BEV2_2024-12-12_drive1.csv,validation,1733985837000000000,769,560,"[""BEV2_2024-12-09_drive2.csv"", ""BEV2_2024-12-09_drive3.csv"", ""BEV2_2024-12-09_drive4.csv"", ""BEV2_2024-12-09_drive5.csv"", ""BEV2_2024-12-09_drive6.csv"", ""BEV2_2024-12-10_drive1.csv"", ""BEV2_2024-12-10_drive2.csv"", ""BEV2_2024-12-10_drive3.csv"", ""BEV2_2024-12-11_drive1.csv"", ""BEV2_2024-12-11_drive2.csv""]",[],24147671ca4ac851836d339cfba53d30889260d9fe30febca1491bfdfc746a66,f48d75c99a6f24919eb2e646b187743718211f8117ed64c8cf39a5a275d4eba2
BEV1_2024-12-12_drive1.csv,validation,1733992138000000000,769,209,"[""BEV1_2024-12-09_drive3.csv"", ""BEV1_2024-12-09_drive4.csv"", ""BEV1_2024-12-09_drive5.csv"", ""BEV1_2024-12-09_drive6.csv"", ""BEV1_2024-12-10_drive1.csv"", ""BEV1_2024-12-10_drive2.csv"", ""BEV1_2024-12-10_drive3.csv"", ""BEV1_2024-12-10_drive4.csv"", ""BEV1_2024-12-11_drive1.csv"", ""BEV1_2024-12-11_drive2.csv""]",[],97d3ea268c145f75f0539711ff5affb03d2cc1004601dedd748f3676bc60e870,89ba310aed1b9b20ebabfcb57ad03ebca31ecbe888511d1673d18d5a7c2844a7
BEV2_2024-12-12_drive2.csv,validation,1734001314000000000,770,560,"[""BEV2_2024-12-09_drive2.csv"", ""BEV2_2024-12-09_drive3.csv"", ""BEV2_2024-12-09_drive4.csv"", ""BEV2_2024-12-09_drive5.csv"", ""BEV2_2024-12-09_drive6.csv"", ""BEV2_2024-12-10_drive1.csv"", ""BEV2_2024-12-10_drive2.csv"", ""BEV2_2024-12-10_drive3.csv"", ""BEV2_2024-12-11_drive1.csv"", ""BEV2_2024-12-11_drive2.csv""]",[],24147671ca4ac851836d339cfba53d30889260d9fe30febca1491bfdfc746a66,359b2a8509b7ea000858d6dea763f8ddca6ded056ec49425a04a18b473bcdb27
BEV1_2024-12-12_drive2.csv,validation,1734001400000000000,770,210,"[""BEV1_2024-12-09_drive4.csv"", ""BEV1_2024-12-09_drive5.csv"", ""BEV1_2024-12-09_drive6.csv"", ""BEV1_2024-12-10_drive1.csv"", ""BEV1_2024-12-10_drive2.csv"", ""BEV1_2024-12-10_drive3.csv"", ""BEV1_2024-12-10_drive4.csv"", ""BEV1_2024-12-11_drive1.csv"", ""BEV1_2024-12-11_drive2.csv"", ""BEV1_2024-12-12_drive1.csv""]",[],ef6a65fca9b5ef71574d285bef5da8cecb3cd350752e2106be2fc2439707b6fc,32d2072212acb09df8f3cc5444847d8c8d030961fd494b3d972e974b41b5a220
BEV1_2024-12-12_drive3.csv,validation,1734014302000000000,770,210,"[""BEV1_2024-12-09_drive4.csv"", ""BEV1_2024-12-09_drive5.csv"", ""BEV1_2024-12-09_drive6.csv"", ""BEV1_2024-12-10_drive1.csv"", ""BEV1_2024-12-10_drive2.csv"", ""BEV1_2024-12-10_drive3.csv"", ""BEV1_2024-12-10_drive4.csv"", ""BEV1_2024-12-11_drive1.csv"", ""BEV1_2024-12-11_drive2.csv"", ""BEV1_2024-12-12_drive1.csv""]",[],ef6a65fca9b5ef71574d285bef5da8cecb3cd350752e2106be2fc2439707b6fc,3af4b4b7a777e4da791361f28dcd8d810f2fedb518197923f4b05c1faf93223a
BEV2_2024-12-12_drive3.csv,validation,1734017271000000000,770,560,"[""BEV2_2024-12-09_drive2.csv"", ""BEV2_2024-12-09_drive3.csv"", ""BEV2_2024-12-09_drive4.csv"", ""BEV2_2024-12-09_drive5.csv"", ""BEV2_2024-12-09_drive6.csv"", ""BEV2_2024-12-10_drive1.csv"", ""BEV2_2024-12-10_drive2.csv"", ""BEV2_2024-12-10_drive3.csv"", ""BEV2_2024-12-11_drive1.csv"", ""BEV2_2024-12-11_drive2.csv""]","[""BEV2_2024-12-09_drive2.csv"", ""BEV2_2024-12-11_drive2.csv""]",24147671ca4ac851836d339cfba53d30889260d9fe30febca1491bfdfc746a66,31f4a0b7d7ede9a86d5e0a23674584e03751c41d33a592ee4bc7b90a98382a8c
BEV2_2024-12-13_drive1.csv,validation,1734072427000000000,771,560,"[""BEV2_2024-12-09_drive2.csv"", ""BEV2_2024-12-09_drive3.csv"", ""BEV2_2024-12-09_drive4.csv"", ""BEV2_2024-12-09_drive5.csv"", ""BEV2_2024-12-09_drive6.csv"", ""BEV2_2024-12-10_drive1.csv"", ""BEV2_2024-12-10_drive2.csv"", ""BEV2_2024-12-10_drive3.csv"", ""BEV2_2024-12-11_drive1.csv"", ""BEV2_2024-12-11_drive2.csv""]",[],24147671ca4ac851836d339cfba53d30889260d9fe30febca1491bfdfc746a66,49c4d6a6c28617d293da3e1bd8d3ecd95c7b150928b572d237731420116e196a
BEV2_2024-12-13_drive2.csv,validation,1734110885000000000,772,561,"[""BEV2_2024-12-09_drive3.csv"", ""BEV2_2024-12-09_drive4.csv"", ""BEV2_2024-12-09_drive5.csv"", ""BEV2_2024-12-09_drive6.csv"", ""BEV2_2024-12-10_drive1.csv"", ""BEV2_2024-12-10_drive2.csv"", ""BEV2_2024-12-10_drive3.csv"", ""BEV2_2024-12-11_drive1.csv"", ""BEV2_2024-12-11_drive2.csv"", ""BEV2_2024-12-13_drive1.csv""]",[],8e2db4361966c39bc8f9a9251e893659d664759aa9e6ffc972dc58bf1cd3eef3,309b7e773481b36d4ff7204e3b7169dfd3866a47847e9edced0ec5f6270b71c2
BEV2_2024-12-13_drive4.csv,validation,1734127130000000000,773,562,"[""BEV2_2024-12-09_drive4.csv"", ""BEV2_2024-12-09_drive5.csv"", ""BEV2_2024-12-09_drive6.csv"", ""BEV2_2024-12-10_drive1.csv"", ""BEV2_2024-12-10_drive2.csv"", ""BEV2_2024-12-10_drive3.csv"", ""BEV2_2024-12-11_drive1.csv"", ""BEV2_2024-12-11_drive2.csv"", ""BEV2_2024-12-13_drive1.csv"", ""BEV2_2024-12-13_drive2.csv""]",[],911bc480d8709b5162c2055f85cfbc885750d299633934a2c29ff575a8aa34c9,03a0069c0e36b7f92072f6fbdd52af31e002d9f2ba87853bcffc78dc4369102e
BEV2_2024-12-14_drive1.csv,validation,1734167209000000000,774,563,"[""BEV2_2024-12-09_drive5.csv"", ""BEV2_2024-12-09_drive6.csv"", ""BEV2_2024-12-10_drive1.csv"", ""BEV2_2024-12-10_drive2.csv"", ""BEV2_2024-12-10_drive3.csv"", ""BEV2_2024-12-11_drive1.csv"", ""BEV2_2024-12-11_drive2.csv"", ""BEV2_2024-12-13_drive1.csv"", ""BEV2_2024-12-13_drive2.csv"", ""BEV2_2024-12-13_drive4.csv""]",[],3d5c78791359831c3eb14aa144eab09cc61f0faaba5479eca9670933270c9e02,5f1bb581fd169ffec367ad429241c4c43f62c3e7c15e86318ad5da79b9611697
BEV2_2024-12-14_drive2.csv,validation,1734178450000000000,774,563,"[""BEV2_2024-12-09_drive5.csv"", ""BEV2_2024-12-09_drive6.csv"", ""BEV2_2024-12-10_drive1.csv"", ""BEV2_2024-12-10_drive2.csv"", ""BEV2_2024-12-10_drive3.csv"", ""BEV2_2024-12-11_drive1.csv"", ""BEV2_2024-12-11_drive2.csv"", ""BEV2_2024-12-13_drive1.csv"", ""BEV2_2024-12-13_drive2.csv"", ""BEV2_2024-12-13_drive4.csv""]",[],3d5c78791359831c3eb14aa144eab09cc61f0faaba5479eca9670933270c9e02,87cf887549dd0ee1402476ff88292c80119ceaf22d9d21cc1dac89f83d070a4a
BEV2_2024-12-14_drive3.csv,validation,1734184576000000000,775,564,"[""BEV2_2024-12-09_drive6.csv"", ""BEV2_2024-12-10_drive1.csv"", ""BEV2_2024-12-10_drive2.csv"", ""BEV2_2024-12-10_drive3.csv"", ""BEV2_2024-12-11_drive1.csv"", ""BEV2_2024-12-11_drive2.csv"", ""BEV2_2024-12-13_drive1.csv"", ""BEV2_2024-12-13_drive2.csv"", ""BEV2_2024-12-13_drive4.csv"", ""BEV2_2024-12-14_drive2.csv""]",[],a92db0bae160362f0a5f475d9f78c2cbcb5f140bced334104d1694c0054b0f25,6664d5f0c617cdac54ff944acd74331f90218e1e7249e6c45877f26824b7d73e
BEV2_2024-12-14_drive4.csv,validation,1734194630000000000,776,565,"[""BEV2_2024-12-10_drive1.csv"", ""BEV2_2024-12-10_drive2.csv"", ""BEV2_2024-12-10_drive3.csv"", ""BEV2_2024-12-11_drive1.csv"", ""BEV2_2024-12-11_drive2.csv"", ""BEV2_2024-12-13_drive1.csv"", ""BEV2_2024-12-13_drive2.csv"", ""BEV2_2024-12-13_drive4.csv"", ""BEV2_2024-12-14_drive2.csv"", ""BEV2_2024-12-14_drive3.csv""]",[],98f1b5d40e9b6732c0ee2f857f9ece763c825cfefd57ff959d22f7a732ecdb07,9b1208dc225ce91ba9f948733146356790944f8dc5ba66e8397d5a262998ed86
BEV2_2024-12-14_drive5.csv,validation,1734198592000000000,777,566,"[""BEV2_2024-12-10_drive2.csv"", ""BEV2_2024-12-10_drive3.csv"", ""BEV2_2024-12-11_drive1.csv"", ""BEV2_2024-12-11_drive2.csv"", ""BEV2_2024-12-13_drive1.csv"", ""BEV2_2024-12-13_drive2.csv"", ""BEV2_2024-12-13_drive4.csv"", ""BEV2_2024-12-14_drive2.csv"", ""BEV2_2024-12-14_drive3.csv"", ""BEV2_2024-12-14_drive4.csv""]",[],21737af0cabf2f8b59d7ce8e2b29d0d0ac86d5bfc09a3ba6543fc43dafa1d822,e3c6585cc053e9a5da20b6237bc24fc05cba7009c07a046570e924982d28cbf4
BEV2_2024-12-14_drive6.csv,validation,1734206852000000000,778,567,"[""BEV2_2024-12-10_drive3.csv"", ""BEV2_2024-12-11_drive1.csv"", ""BEV2_2024-12-11_drive2.csv"", ""BEV2_2024-12-13_drive1.csv"", ""BEV2_2024-12-13_drive2.csv"", ""BEV2_2024-12-13_drive4.csv"", ""BEV2_2024-12-14_drive2.csv"", ""BEV2_2024-12-14_drive3.csv"", ""BEV2_2024-12-14_drive4.csv"", ""BEV2_2024-12-14_drive5.csv""]","[""BEV2_2024-12-14_drive4.csv""]",cf986ce67c3c138cbb91c07494ffe67c1eecdea1b30de960e4d467db6386b801,a56888c4687884873c9ba44009c33153a3011989918cfed3725b2f9da57fdafc
BEV2_2024-12-15_drive1.csv,validation,1734252941000000000,779,568,"[""BEV2_2024-12-11_drive1.csv"", ""BEV2_2024-12-11_drive2.csv"", ""BEV2_2024-12-13_drive1.csv"", ""BEV2_2024-12-13_drive2.csv"", ""BEV2_2024-12-13_drive4.csv"", ""BEV2_2024-12-14_drive2.csv"", ""BEV2_2024-12-14_drive3.csv"", ""BEV2_2024-12-14_drive4.csv"", ""BEV2_2024-12-14_drive5.csv"", ""BEV2_2024-12-14_drive6.csv""]",[],c0f187e9a307e4c83c1772a6b7bac4ee8dd9d04472b836e3992b0e50e4fcc4ca,16839586c443ce2e55dc5b3dbfb7ce2c91710033a3884ea3c3d84a574c958985
BEV2_2024-12-15_drive2.csv,validation,1734255800000000000,780,569,"[""BEV2_2024-12-11_drive2.csv"", ""BEV2_2024-12-13_drive1.csv"", ""BEV2_2024-12-13_drive2.csv"", ""BEV2_2024-12-13_drive4.csv"", ""BEV2_2024-12-14_drive2.csv"", ""BEV2_2024-12-14_drive3.csv"", ""BEV2_2024-12-14_drive4.csv"", ""BEV2_2024-12-14_drive5.csv"", ""BEV2_2024-12-14_drive6.csv"", ""BEV2_2024-12-15_drive1.csv""]",[],2ef220fad0e88562c31dd6de18c08f2b5e411feb182eafe5e4fe9f8557a9ec3d,734c414bb97b66c3587270c32f6b2db2b252bdad8aa34c9a0f993baa68136a1a
BEV2_2024-12-15_drive3.csv,validation,1734268083000000000,781,570,"[""BEV2_2024-12-13_drive1.csv"", ""BEV2_2024-12-13_drive2.csv"", ""BEV2_2024-12-13_drive4.csv"", ""BEV2_2024-12-14_drive2.csv"", ""BEV2_2024-12-14_drive3.csv"", ""BEV2_2024-12-14_drive4.csv"", ""BEV2_2024-12-14_drive5.csv"", ""BEV2_2024-12-14_drive6.csv"", ""BEV2_2024-12-15_drive1.csv"", ""BEV2_2024-12-15_drive2.csv""]",[],be46dfbef79278047b699cee77bbf265aa84f3235a161f100ee5c562118e0987,11b464e494d373af300eab74c3fbfdd6257a7dcd1561ad1df89b9dde5d414483
BEV2_2024-12-15_drive4.csv,validation,1734279305000000000,782,571,"[""BEV2_2024-12-13_drive2.csv"", ""BEV2_2024-12-13_drive4.csv"", ""BEV2_2024-12-14_drive2.csv"", ""BEV2_2024-12-14_drive3.csv"", ""BEV2_2024-12-14_drive4.csv"", ""BEV2_2024-12-14_drive5.csv"", ""BEV2_2024-12-14_drive6.csv"", ""BEV2_2024-12-15_drive1.csv"", ""BEV2_2024-12-15_drive2.csv"", ""BEV2_2024-12-15_drive3.csv""]",[],887f79a9a30a2e5c0b68ebb943a35048cdfd22d0083ff332e56c3e00a1808f98,3ff97aac0b5e6db5cadbb69ebb4fb81fc20c168cec83776f7890db21217ba302
BEV2_2024-12-15_drive5.csv,validation,1734290627000000000,783,572,"[""BEV2_2024-12-13_drive4.csv"", ""BEV2_2024-12-14_drive2.csv"", ""BEV2_2024-12-14_drive3.csv"", ""BEV2_2024-12-14_drive4.csv"", ""BEV2_2024-12-14_drive5.csv"", ""BEV2_2024-12-14_drive6.csv"", ""BEV2_2024-12-15_drive1.csv"", ""BEV2_2024-12-15_drive2.csv"", ""BEV2_2024-12-15_drive3.csv"", ""BEV2_2024-12-15_drive4.csv""]",[],204b1e4ba68ca0b58b7a3a0c71f4282c70df4812b15e3f027942e6964464035a,8ced757ef57f0f91ae361154badd49f61c20b116b15bf97f2f90254d7cc48bc7
BEV2_2024-12-15_drive6.csv,validation,1734292393000000000,784,573,"[""BEV2_2024-12-14_drive2.csv"", ""BEV2_2024-12-14_drive3.csv"", ""BEV2_2024-12-14_drive4.csv"", ""BEV2_2024-12-14_drive5.csv"", ""BEV2_2024-12-14_drive6.csv"", ""BEV2_2024-12-15_drive1.csv"", ""BEV2_2024-12-15_drive2.csv"", ""BEV2_2024-12-15_drive3.csv"", ""BEV2_2024-12-15_drive4.csv"", ""BEV2_2024-12-15_drive5.csv""]","[""BEV2_2024-12-14_drive5.csv""]",3bae55239f24b215ef8cbd655b5bc815acbfc891b68ebea9036d9f1c5a0f76f7,d565b0f47831ab5124bddbb11cf22bbf6ae14558b452b6d8ded4ca98b2395316
BEV2_2024-12-15_drive7.csv,validation,1734305677000000000,785,574,"[""BEV2_2024-12-14_drive3.csv"", ""BEV2_2024-12-14_drive4.csv"", ""BEV2_2024-12-14_drive5.csv"", ""BEV2_2024-12-14_drive6.csv"", ""BEV2_2024-12-15_drive1.csv"", ""BEV2_2024-12-15_drive2.csv"", ""BEV2_2024-12-15_drive3.csv"", ""BEV2_2024-12-15_drive4.csv"", ""BEV2_2024-12-15_drive5.csv"", ""BEV2_2024-12-15_drive6.csv""]","[""BEV2_2024-12-14_drive4.csv"", ""BEV2_2024-12-14_drive6.csv""]",d76cc56e683ec1b125e0065ef2820d8d8cf032d8ba8eccdd91b76127bd844ce8,4694c15bd55b4d0eb0f4100b7b44ae1dcac91f0dd7cc322591859534fef8930d
BEV2_2024-12-16_drive1.csv,validation,1734332155000000000,786,575,"[""BEV2_2024-12-14_drive4.csv"", ""BEV2_2024-12-14_drive5.csv"", ""BEV2_2024-12-14_drive6.csv"", ""BEV2_2024-12-15_drive1.csv"", ""BEV2_2024-12-15_drive2.csv"", ""BEV2_2024-12-15_drive3.csv"", ""BEV2_2024-12-15_drive4.csv"", ""BEV2_2024-12-15_drive5.csv"", ""BEV2_2024-12-15_drive6.csv"", ""BEV2_2024-12-15_drive7.csv""]",[],edf09c9f31f8ecc3131be35ed9b32acd66e2715e877bc06f7267cddfae1d45df,d09a6a9cc8913ff8b6a5b355fb2821cfe69d966fa9a3effdce59e3262cc8f39d
BEV2_2024-12-17_drive1.csv,validation,1734453174000000000,787,576,"[""BEV2_2024-12-14_drive5.csv"", ""BEV2_2024-12-14_drive6.csv"", ""BEV2_2024-12-15_drive1.csv"", ""BEV2_2024-12-15_drive2.csv"", ""BEV2_2024-12-15_drive3.csv"", ""BEV2_2024-12-15_drive4.csv"", ""BEV2_2024-12-15_drive5.csv"", ""BEV2_2024-12-15_drive6.csv"", ""BEV2_2024-12-15_drive7.csv"", ""BEV2_2024-12-16_drive1.csv""]",[],de4b742a813c989a2abb79f754f56dd9f4e37b42c6ca9355938ca392eee2ec24,cfa7a2cdeb7b32ea1bd6e471dcbca634860e33ca085931e59b400c8ed8b73f41
BEV2_2024-12-19_drive2.csv,validation,1734632471000000000,788,577,"[""BEV2_2024-12-14_drive6.csv"", ""BEV2_2024-12-15_drive1.csv"", ""BEV2_2024-12-15_drive2.csv"", ""BEV2_2024-12-15_drive3.csv"", ""BEV2_2024-12-15_drive4.csv"", ""BEV2_2024-12-15_drive5.csv"", ""BEV2_2024-12-15_drive6.csv"", ""BEV2_2024-12-15_drive7.csv"", ""BEV2_2024-12-16_drive1.csv"", ""BEV2_2024-12-17_drive1.csv""]",[],8d0f913802185a859a5c63318016e41a1650a1ad395984cc83524ffdf26ef1dd,4f91904a002dec8684a4c63b8221f378ca0513d8d0ab92cd4ae57626c50a386d
BEV2_2024-12-20_drive1.csv,validation,1734718994000000000,789,578,"[""BEV2_2024-12-15_drive1.csv"", ""BEV2_2024-12-15_drive2.csv"", ""BEV2_2024-12-15_drive3.csv"", ""BEV2_2024-12-15_drive4.csv"", ""BEV2_2024-12-15_drive5.csv"", ""BEV2_2024-12-15_drive6.csv"", ""BEV2_2024-12-15_drive7.csv"", ""BEV2_2024-12-16_drive1.csv"", ""BEV2_2024-12-17_drive1.csv"", ""BEV2_2024-12-19_drive2.csv""]",[],fc7265c271ea7ecc81490b64c814ee4f1dbb42435f1e8590c299da9d700c7a5a,e59554d0313a45407e4cd58138b51b0b5a47311d01045138e1dd300e263c3575
BEV2_2024-12-22_drive1.csv,validation,1734893218000000000,790,579,"[""BEV2_2024-12-15_drive2.csv"", ""BEV2_2024-12-15_drive3.csv"", ""BEV2_2024-12-15_drive4.csv"", ""BEV2_2024-12-15_drive5.csv"", ""BEV2_2024-12-15_drive6.csv"", ""BEV2_2024-12-15_drive7.csv"", ""BEV2_2024-12-16_drive1.csv"", ""BEV2_2024-12-17_drive1.csv"", ""BEV2_2024-12-19_drive2.csv"", ""BEV2_2024-12-20_drive1.csv""]",[],dda3c104421d698d295829839188f462301cba11e756ed63098f1ef357f93cf6,724c059507bf952ebc127703f70ea349f173884e3460737331cac8f0f5d3fc12
BEV2_2024-12-23_drive1.csv,validation,1734941689000000000,791,580,"[""BEV2_2024-12-15_drive3.csv"", ""BEV2_2024-12-15_drive4.csv"", ""BEV2_2024-12-15_drive5.csv"", ""BEV2_2024-12-15_drive6.csv"", ""BEV2_2024-12-15_drive7.csv"", ""BEV2_2024-12-16_drive1.csv"", ""BEV2_2024-12-17_drive1.csv"", ""BEV2_2024-12-19_drive2.csv"", ""BEV2_2024-12-20_drive1.csv"", ""BEV2_2024-12-22_drive1.csv""]",[],1d208741ff2de2b0c9b4c9150c2406d63fd325790cba22f44f0107f9a6465254,2db0cc956a9e86e3896be73ff059aec3688757e8a9732e914726b9ef17cbd584
BEV2_2024-12-23_drive2.csv,validation,1734980508000000000,792,581,"[""BEV2_2024-12-15_drive4.csv"", ""BEV2_2024-12-15_drive5.csv"", ""BEV2_2024-12-15_drive6.csv"", ""BEV2_2024-12-15_drive7.csv"", ""BEV2_2024-12-16_drive1.csv"", ""BEV2_2024-12-17_drive1.csv"", ""BEV2_2024-12-19_drive2.csv"", ""BEV2_2024-12-20_drive1.csv"", ""BEV2_2024-12-22_drive1.csv"", ""BEV2_2024-12-23_drive1.csv""]",[],c5ee67aa4b13694278e45e7aea8794b07c86988644456d8d9173445d9534386b,1161562185846333632b3be07a3dc7fe145524b86b5f52673866b0b844e3359a
BEV2_2024-12-24_drive1.csv,validation,1735052817000000000,793,582,"[""BEV2_2024-12-15_drive5.csv"", ""BEV2_2024-12-15_drive6.csv"", ""BEV2_2024-12-15_drive7.csv"", ""BEV2_2024-12-16_drive1.csv"", ""BEV2_2024-12-17_drive1.csv"", ""BEV2_2024-12-19_drive2.csv"", ""BEV2_2024-12-20_drive1.csv"", ""BEV2_2024-12-22_drive1.csv"", ""BEV2_2024-12-23_drive1.csv"", ""BEV2_2024-12-23_drive2.csv""]",[],d44089a9f8549ac9ec2f54f27dca939f9637cff8989e7727225d681bdf07ed90,c9047e6b8b2b083d47d0405e082979fb5217c84ad338aac364ed0c5686b80274
BEV2_2024-12-24_drive2.csv,validation,1735062271000000000,793,582,"[""BEV2_2024-12-15_drive5.csv"", ""BEV2_2024-12-15_drive6.csv"", ""BEV2_2024-12-15_drive7.csv"", ""BEV2_2024-12-16_drive1.csv"", ""BEV2_2024-12-17_drive1.csv"", ""BEV2_2024-12-19_drive2.csv"", ""BEV2_2024-12-20_drive1.csv"", ""BEV2_2024-12-22_drive1.csv"", ""BEV2_2024-12-23_drive1.csv"", ""BEV2_2024-12-23_drive2.csv""]",[],d44089a9f8549ac9ec2f54f27dca939f9637cff8989e7727225d681bdf07ed90,7e7547c64d314fa46533ef1329a080e66e556dbcb3bd90ca293dc7ec4464e4e0
BEV2_2024-12-26_drive1.csv,validation,1735221611000000000,794,583,"[""BEV2_2024-12-15_drive6.csv"", ""BEV2_2024-12-15_drive7.csv"", ""BEV2_2024-12-16_drive1.csv"", ""BEV2_2024-12-17_drive1.csv"", ""BEV2_2024-12-19_drive2.csv"", ""BEV2_2024-12-20_drive1.csv"", ""BEV2_2024-12-22_drive1.csv"", ""BEV2_2024-12-23_drive1.csv"", ""BEV2_2024-12-23_drive2.csv"", ""BEV2_2024-12-24_drive2.csv""]",[],8e4142e9c66b3b3ccf89add11b20e71ed3b24690d0aaf991f83f70ac14bc97d4,36c73356c500b66ad5784aac49c1cb88b61ff5dc1ebb9c7c04a417602afb60f7
BEV2_2024-12-27_drive1.csv,validation,1735329424000000000,795,584,"[""BEV2_2024-12-15_drive7.csv"", ""BEV2_2024-12-16_drive1.csv"", ""BEV2_2024-12-17_drive1.csv"", ""BEV2_2024-12-19_drive2.csv"", ""BEV2_2024-12-20_drive1.csv"", ""BEV2_2024-12-22_drive1.csv"", ""BEV2_2024-12-23_drive1.csv"", ""BEV2_2024-12-23_drive2.csv"", ""BEV2_2024-12-24_drive2.csv"", ""BEV2_2024-12-26_drive1.csv""]",[],92f2f066a4f790492d1a19869488a1a00b462f4803a23daed603414d59582448,802bd74cf1b53f7499ba5ddefbcd770b94d6e09644d26db07015e6e207bec4f2
BEV2_2024-12-28_drive1.csv,validation,1735376937000000000,796,585,"[""BEV2_2024-12-16_drive1.csv"", ""BEV2_2024-12-17_drive1.csv"", ""BEV2_2024-12-19_drive2.csv"", ""BEV2_2024-12-20_drive1.csv"", ""BEV2_2024-12-22_drive1.csv"", ""BEV2_2024-12-23_drive1.csv"", ""BEV2_2024-12-23_drive2.csv"", ""BEV2_2024-12-24_drive2.csv"", ""BEV2_2024-12-26_drive1.csv"", ""BEV2_2024-12-27_drive1.csv""]",[],7f5914b499e5011086dd5e8ea716dfedf3eb17f6c1bd59c5cf16cf1348ee00e6,9e06490a72066f733803049418a8d96d51a90912e928469371110e206517612a
BEV2_2024-12-28_drive2.csv,validation,1735396889000000000,797,586,"[""BEV2_2024-12-17_drive1.csv"", ""BEV2_2024-12-19_drive2.csv"", ""BEV2_2024-12-20_drive1.csv"", ""BEV2_2024-12-22_drive1.csv"", ""BEV2_2024-12-23_drive1.csv"", ""BEV2_2024-12-23_drive2.csv"", ""BEV2_2024-12-24_drive2.csv"", ""BEV2_2024-12-26_drive1.csv"", ""BEV2_2024-12-27_drive1.csv"", ""BEV2_2024-12-28_drive1.csv""]",[],e5824c33b471fac27990f5729b6e4f3ff6f2560c403e902d45d55c004c779fd1,e82369cdeb19953f2590b2474eb55ccaaef08c27597e4ab842ec35619bc3c2d0
BEV2_2024-12-31_drive1.csv,validation,1735631887000000000,798,587,"[""BEV2_2024-12-19_drive2.csv"", ""BEV2_2024-12-20_drive1.csv"", ""BEV2_2024-12-22_drive1.csv"", ""BEV2_2024-12-23_drive1.csv"", ""BEV2_2024-12-23_drive2.csv"", ""BEV2_2024-12-24_drive2.csv"", ""BEV2_2024-12-26_drive1.csv"", ""BEV2_2024-12-27_drive1.csv"", ""BEV2_2024-12-28_drive1.csv"", ""BEV2_2024-12-28_drive2.csv""]",[],f4e02181e12e91e03917d16ed761707f27404a9b438b4af3a5e1afcc0aec58c5,1a762faaa9b0bec1872a1b279fd97a9bf5315d765844b7287484cd5a54ef24c2
BEV2_2024-12-31_drive2.csv,validation,1735646968000000000,799,588,"[""BEV2_2024-12-20_drive1.csv"", ""BEV2_2024-12-22_drive1.csv"", ""BEV2_2024-12-23_drive1.csv"", ""BEV2_2024-12-23_drive2.csv"", ""BEV2_2024-12-24_drive2.csv"", ""BEV2_2024-12-26_drive1.csv"", ""BEV2_2024-12-27_drive1.csv"", ""BEV2_2024-12-28_drive1.csv"", ""BEV2_2024-12-28_drive2.csv"", ""BEV2_2024-12-31_drive1.csv""]",[],47f33bc1164eb6397056aaccd1dbc0db1a865632bb3996244cf225c013d221af,253b9e1d248440021cd8f938eaabe35d47267cefaa941809d66a6044fe6ff482
BEV2_2024-12-31_drive3.csv,validation,1735652706000000000,800,589,"[""BEV2_2024-12-22_drive1.csv"", ""BEV2_2024-12-23_drive1.csv"", ""BEV2_2024-12-23_drive2.csv"", ""BEV2_2024-12-24_drive2.csv"", ""BEV2_2024-12-26_drive1.csv"", ""BEV2_2024-12-27_drive1.csv"", ""BEV2_2024-12-28_drive1.csv"", ""BEV2_2024-12-28_drive2.csv"", ""BEV2_2024-12-31_drive1.csv"", ""BEV2_2024-12-31_drive2.csv""]",[],d440c6189b4f8406f4cbb4648dd5e10cc650502f93843229b107dd18dc2feecb,d08ec0d53f1819f585a26f7763f94684fc9d63808a9749f944bcddd705aef9a5
BEV2_2024-12-31_drive4.csv,validation,1735656932000000000,801,590,"[""BEV2_2024-12-23_drive1.csv"", ""BEV2_2024-12-23_drive2.csv"", ""BEV2_2024-12-24_drive2.csv"", ""BEV2_2024-12-26_drive1.csv"", ""BEV2_2024-12-27_drive1.csv"", ""BEV2_2024-12-28_drive1.csv"", ""BEV2_2024-12-28_drive2.csv"", ""BEV2_2024-12-31_drive1.csv"", ""BEV2_2024-12-31_drive2.csv"", ""BEV2_2024-12-31_drive3.csv""]",[],2de77eb029c7000147d3180331088db29ffd70f6b2d7e128a3795b0217746e7b,fc587ba0830d3f248b48be1b30ae9bdb7bd3bc4382b84f23aa8d8eccc6f4af73
BEV2_2024-12-31_drive5.csv,validation,1735659824000000000,802,591,"[""BEV2_2024-12-23_drive2.csv"", ""BEV2_2024-12-24_drive2.csv"", ""BEV2_2024-12-26_drive1.csv"", ""BEV2_2024-12-27_drive1.csv"", ""BEV2_2024-12-28_drive1.csv"", ""BEV2_2024-12-28_drive2.csv"", ""BEV2_2024-12-31_drive1.csv"", ""BEV2_2024-12-31_drive2.csv"", ""BEV2_2024-12-31_drive3.csv"", ""BEV2_2024-12-31_drive4.csv""]",[],ef2483d9f4bef59c153efe46ca3eed9e732644d10b1f737b81ef8d9f08b4a993,860ac9adb379b5f4105fca68237277975571401e7392a04ae71ec74eba9cae73
BEV2_2025-01-01_drive1.csv,validation,1735759419000000000,803,592,"[""BEV2_2024-12-24_drive2.csv"", ""BEV2_2024-12-26_drive1.csv"", ""BEV2_2024-12-27_drive1.csv"", ""BEV2_2024-12-28_drive1.csv"", ""BEV2_2024-12-28_drive2.csv"", ""BEV2_2024-12-31_drive1.csv"", ""BEV2_2024-12-31_drive2.csv"", ""BEV2_2024-12-31_drive3.csv"", ""BEV2_2024-12-31_drive4.csv"", ""BEV2_2024-12-31_drive5.csv""]",[],54434bc99ce699b4d96646c171abf7b796b261d8282986cf875778a6e965153a,da36640dc62b44b189f1668cfe01dbf177fa4f25de363d5440cc5863c978ac72
BEV2_2025-01-01_drive2.csv,validation,1735761282000000000,804,593,"[""BEV2_2024-12-26_drive1.csv"", ""BEV2_2024-12-27_drive1.csv"", ""BEV2_2024-12-28_drive1.csv"", ""BEV2_2024-12-28_drive2.csv"", ""BEV2_2024-12-31_drive1.csv"", ""BEV2_2024-12-31_drive2.csv"", ""BEV2_2024-12-31_drive3.csv"", ""BEV2_2024-12-31_drive4.csv"", ""BEV2_2024-12-31_drive5.csv"", ""BEV2_2025-01-01_drive1.csv""]",[],0c3bad293364f319a9b164a1a97f0999a6b3961b318005c1779d85f52fce7281,3945287899940cea48edefa417cb0397711521828690b46cf601b6911e62b6b0
BEV2_2025-01-02_drive1.csv,validation,1735817798000000000,805,594,"[""BEV2_2024-12-27_drive1.csv"", ""BEV2_2024-12-28_drive1.csv"", ""BEV2_2024-12-28_drive2.csv"", ""BEV2_2024-12-31_drive1.csv"", ""BEV2_2024-12-31_drive2.csv"", ""BEV2_2024-12-31_drive3.csv"", ""BEV2_2024-12-31_drive4.csv"", ""BEV2_2024-12-31_drive5.csv"", ""BEV2_2025-01-01_drive1.csv"", ""BEV2_2025-01-01_drive2.csv""]",[],61bc8d18630e0c6825eecadd4b553a832bdcd8d73957578c1cbc103889824f0d,aa3c11833fd3992a88906a7ddf9025a4de925b513b14549f0913505e7401c447
BEV2_2025-01-02_drive2.csv,validation,1735822452000000000,806,595,"[""BEV2_2024-12-28_drive1.csv"", ""BEV2_2024-12-28_drive2.csv"", ""BEV2_2024-12-31_drive1.csv"", ""BEV2_2024-12-31_drive2.csv"", ""BEV2_2024-12-31_drive3.csv"", ""BEV2_2024-12-31_drive4.csv"", ""BEV2_2024-12-31_drive5.csv"", ""BEV2_2025-01-01_drive1.csv"", ""BEV2_2025-01-01_drive2.csv"", ""BEV2_2025-01-02_drive1.csv""]",[],c3aaa3b4295362113ea9630b1c1e87f182839c9e31ed000794b1784f21250725,83095366e9cd8cd805e88827b8db255d33fcbca8000de46ccfb70772b6ff800b
BEV2_2025-01-03_drive1.csv,validation,1735913723000000000,807,596,"[""BEV2_2024-12-28_drive2.csv"", ""BEV2_2024-12-31_drive1.csv"", ""BEV2_2024-12-31_drive2.csv"", ""BEV2_2024-12-31_drive3.csv"", ""BEV2_2024-12-31_drive4.csv"", ""BEV2_2024-12-31_drive5.csv"", ""BEV2_2025-01-01_drive1.csv"", ""BEV2_2025-01-01_drive2.csv"", ""BEV2_2025-01-02_drive1.csv"", ""BEV2_2025-01-02_drive2.csv""]",[],0c743f362251926765316b4d555ffddaf306526c10f488e14bd0f0b18682f2c9,afc7f9e4db20d4428ff684b24dd8ff18b3d97660a3f2a588063495020492e1cb
BEV2_2025-01-03_drive2.csv,validation,1735946621000000000,808,597,"[""BEV2_2024-12-31_drive1.csv"", ""BEV2_2024-12-31_drive2.csv"", ""BEV2_2024-12-31_drive3.csv"", ""BEV2_2024-12-31_drive4.csv"", ""BEV2_2024-12-31_drive5.csv"", ""BEV2_2025-01-01_drive1.csv"", ""BEV2_2025-01-01_drive2.csv"", ""BEV2_2025-01-02_drive1.csv"", ""BEV2_2025-01-02_drive2.csv"", ""BEV2_2025-01-03_drive1.csv""]",[],5c7bc20233492178fd3f1738a8d9f1502e5297aaaac21855937709986189bb75,68ff7e5a0465d9a3eaadab95f8342e30283f4bb007acc960fdd918de4d2dcee2
BEV2_2025-01-04_drive1.csv,validation,1735973769000000000,809,598,"[""BEV2_2024-12-31_drive2.csv"", ""BEV2_2024-12-31_drive3.csv"", ""BEV2_2024-12-31_drive4.csv"", ""BEV2_2024-12-31_drive5.csv"", ""BEV2_2025-01-01_drive1.csv"", ""BEV2_2025-01-01_drive2.csv"", ""BEV2_2025-01-02_drive1.csv"", ""BEV2_2025-01-02_drive2.csv"", ""BEV2_2025-01-03_drive1.csv"", ""BEV2_2025-01-03_drive2.csv""]",[],5c9d26d416bab08a769bb7f33f202e6a1c7cd80ba892e9dbe4342281fc0a0d38,6b0bddd781ee49c032c78bde70823df55a3e238ae37f5f92d351bba98e4bb823
BEV2_2025-01-04_drive2.csv,validation,1735992720000000000,810,599,"[""BEV2_2024-12-31_drive3.csv"", ""BEV2_2024-12-31_drive4.csv"", ""BEV2_2024-12-31_drive5.csv"", ""BEV2_2025-01-01_drive1.csv"", ""BEV2_2025-01-01_drive2.csv"", ""BEV2_2025-01-02_drive1.csv"", ""BEV2_2025-01-02_drive2.csv"", ""BEV2_2025-01-03_drive1.csv"", ""BEV2_2025-01-03_drive2.csv"", ""BEV2_2025-01-04_drive1.csv""]",[],dba9bc9b147c68b807da23de24ab811d30fdadc953f1f467924114022514e59f,7cec27b7a66ac656cebcf2c3d9d0e4a3129d25411d9e8460b240da95a9b00e1b
BEV2_2025-01-04_drive3.csv,validation,1736011555000000000,811,600,"[""BEV2_2024-12-31_drive4.csv"", ""BEV2_2024-12-31_drive5.csv"", ""BEV2_2025-01-01_drive1.csv"", ""BEV2_2025-01-01_drive2.csv"", ""BEV2_2025-01-02_drive1.csv"", ""BEV2_2025-01-02_drive2.csv"", ""BEV2_2025-01-03_drive1.csv"", ""BEV2_2025-01-03_drive2.csv"", ""BEV2_2025-01-04_drive1.csv"", ""BEV2_2025-01-04_drive2.csv""]",[],4ddb05702eb9b0123fe7e15899eb5ed1e0e5ac7eaa3869156aa3cc9ebaaac833,aa80cf60f89462c5106b174caf8c9f250f24654553f6b72e3da559a552655f39
BEV2_2025-01-04_drive4.csv,validation,1736029114000000000,812,601,"[""BEV2_2024-12-31_drive5.csv"", ""BEV2_2025-01-01_drive1.csv"", ""BEV2_2025-01-01_drive2.csv"", ""BEV2_2025-01-02_drive1.csv"", ""BEV2_2025-01-02_drive2.csv"", ""BEV2_2025-01-03_drive1.csv"", ""BEV2_2025-01-03_drive2.csv"", ""BEV2_2025-01-04_drive1.csv"", ""BEV2_2025-01-04_drive2.csv"", ""BEV2_2025-01-04_drive3.csv""]",[],e9d19de31c7d56a839d941c5f0a45c04e27efd9e79d48567fdb981892aa19356,59027620e133b7c6c7112664a2da98ffa61ad23dc4a7bbb774a781a75cf90426
BEV2_2025-01-05_drive1.csv,validation,1736099469000000000,813,602,"[""BEV2_2025-01-01_drive1.csv"", ""BEV2_2025-01-01_drive2.csv"", ""BEV2_2025-01-02_drive1.csv"", ""BEV2_2025-01-02_drive2.csv"", ""BEV2_2025-01-03_drive1.csv"", ""BEV2_2025-01-03_drive2.csv"", ""BEV2_2025-01-04_drive1.csv"", ""BEV2_2025-01-04_drive2.csv"", ""BEV2_2025-01-04_drive3.csv"", ""BEV2_2025-01-04_drive4.csv""]",[],a0aad4680dc05a1db13052456ea0c59e3b5779b4be9cc08dcee9af1ab43d35cc,cb9018312454524b81346900742a115a87497a5256b62272530fd0215d983aac
BEV2_2025-01-05_drive2.csv,validation,1736111842000000000,814,603,"[""BEV2_2025-01-01_drive2.csv"", ""BEV2_2025-01-02_drive1.csv"", ""BEV2_2025-01-02_drive2.csv"", ""BEV2_2025-01-03_drive1.csv"", ""BEV2_2025-01-03_drive2.csv"", ""BEV2_2025-01-04_drive1.csv"", ""BEV2_2025-01-04_drive2.csv"", ""BEV2_2025-01-04_drive3.csv"", ""BEV2_2025-01-04_drive4.csv"", ""BEV2_2025-01-05_drive1.csv""]",[],8165eb5af833a5a4f6869f34b71de33c06de4438eb111bcb830beaacefb88576,d2f6e4cb1e6f161a6fbf8d8e30c7b225106497b97ed46fbc81e7a131fca18e94
BEV2_2025-01-05_drive3.csv,validation,1736113974000000000,815,604,"[""BEV2_2025-01-02_drive1.csv"", ""BEV2_2025-01-02_drive2.csv"", ""BEV2_2025-01-03_drive1.csv"", ""BEV2_2025-01-03_drive2.csv"", ""BEV2_2025-01-04_drive1.csv"", ""BEV2_2025-01-04_drive2.csv"", ""BEV2_2025-01-04_drive3.csv"", ""BEV2_2025-01-04_drive4.csv"", ""BEV2_2025-01-05_drive1.csv"", ""BEV2_2025-01-05_drive2.csv""]","[""BEV2_2025-01-03_drive2.csv""]",2ea228cd14a3d0eaf68165b2867639aa8b3f285a08635aca5999344f724b08e7,b7a74ef93b706e2967b3d696b84c9b4c3e218f1b5eec23045c0371c813752454
BEV2_2025-01-05_drive4.csv,validation,1736116323000000000,816,605,"[""BEV2_2025-01-02_drive2.csv"", ""BEV2_2025-01-03_drive1.csv"", ""BEV2_2025-01-03_drive2.csv"", ""BEV2_2025-01-04_drive1.csv"", ""BEV2_2025-01-04_drive2.csv"", ""BEV2_2025-01-04_drive3.csv"", ""BEV2_2025-01-04_drive4.csv"", ""BEV2_2025-01-05_drive1.csv"", ""BEV2_2025-01-05_drive2.csv"", ""BEV2_2025-01-05_drive3.csv""]",[],4fd958fc88f40a06cf8da03eda8a3953f46ab92fb071797ee6bd4be0a03f8ebd,b938ab44bb74c6b8b0c9a8f7bfe11fb0aeafe1ac682e1b33bc09b16a18937b81
BEV1_2025-01-07_drive1.csv,validation,1736233734000000000,817,211,"[""BEV1_2024-12-09_drive5.csv"", ""BEV1_2024-12-09_drive6.csv"", ""BEV1_2024-12-10_drive1.csv"", ""BEV1_2024-12-10_drive2.csv"", ""BEV1_2024-12-10_drive3.csv"", ""BEV1_2024-12-10_drive4.csv"", ""BEV1_2024-12-11_drive1.csv"", ""BEV1_2024-12-11_drive2.csv"", ""BEV1_2024-12-12_drive1.csv"", ""BEV1_2024-12-12_drive3.csv""]",[],64635148c7e18e60fe445d7a2991a8f0b3367ae072c06120fbd3828c29189400,cc8adb7b1ae434c16fa4155de0ddee547f1dbee351298dfca9c6f42bd9766702
BEV1_2025-01-07_drive2.csv,validation,1736266820000000000,818,212,"[""BEV1_2024-12-09_drive6.csv"", ""BEV1_2024-12-10_drive1.csv"", ""BEV1_2024-12-10_drive2.csv"", ""BEV1_2024-12-10_drive3.csv"", ""BEV1_2024-12-10_drive4.csv"", ""BEV1_2024-12-11_drive1.csv"", ""BEV1_2024-12-11_drive2.csv"", ""BEV1_2024-12-12_drive1.csv"", ""BEV1_2024-12-12_drive3.csv"", ""BEV1_2025-01-07_drive1.csv""]",[],e9c19e424f782ce752cbc999d74d5a1a12476889fc176b61aa82a24691aad6eb,25f9eb16c419a38d1204a4ab581cd2a87c30a2706eddec0a2d2ba55caa030d57
BEV1_2025-01-07_drive3.csv,validation,1736270876000000000,819,213,"[""BEV1_2024-12-10_drive1.csv"", ""BEV1_2024-12-10_drive2.csv"", ""BEV1_2024-12-10_drive3.csv"", ""BEV1_2024-12-10_drive4.csv"", ""BEV1_2024-12-11_drive1.csv"", ""BEV1_2024-12-11_drive2.csv"", ""BEV1_2024-12-12_drive1.csv"", ""BEV1_2024-12-12_drive3.csv"", ""BEV1_2025-01-07_drive1.csv"", ""BEV1_2025-01-07_drive2.csv""]",[],45911844b4c1774c8d61363f95f7cdebdf9eb2a986576cf5d9afdbd9061a4605,27005daf54fea42f5c73bcb918487b11dbca53e4b5df0ac1140b904514a6a499
BEV2_2025-01-07_drive1.csv,validation,1736280250000000000,820,606,"[""BEV2_2025-01-03_drive1.csv"", ""BEV2_2025-01-03_drive2.csv"", ""BEV2_2025-01-04_drive1.csv"", ""BEV2_2025-01-04_drive2.csv"", ""BEV2_2025-01-04_drive3.csv"", ""BEV2_2025-01-04_drive4.csv"", ""BEV2_2025-01-05_drive1.csv"", ""BEV2_2025-01-05_drive2.csv"", ""BEV2_2025-01-05_drive3.csv"", ""BEV2_2025-01-05_drive4.csv""]",[],b68e80a1eaa1a3283673961084d5ada285d3f3ea1477bf6322e5067a9e44d5f7,b02bd4b635b56da43744980deb17fa94f86bb8ec1985491b2cdadfad02fb982e
BEV1_2025-01-08_drive1.csv,validation,1736321668000000000,821,214,"[""BEV1_2024-12-10_drive2.csv"", ""BEV1_2024-12-10_drive3.csv"", ""BEV1_2024-12-10_drive4.csv"", ""BEV1_2024-12-11_drive1.csv"", ""BEV1_2024-12-11_drive2.csv"", ""BEV1_2024-12-12_drive1.csv"", ""BEV1_2024-12-12_drive3.csv"", ""BEV1_2025-01-07_drive1.csv"", ""BEV1_2025-01-07_drive2.csv"", ""BEV1_2025-01-07_drive3.csv""]","[""BEV1_2025-01-07_drive1.csv""]",6fc296fc67918e5e16f1024757c03afb2a898da7abc00a8a31cb081866bff46e,6decf6f9fff23a20d069d222d37593a2d039edb666d657faeab9739eac250ad2
BEV1_2025-01-08_drive2.csv,validation,1736354226000000000,822,215,"[""BEV1_2024-12-10_drive3.csv"", ""BEV1_2024-12-10_drive4.csv"", ""BEV1_2024-12-11_drive1.csv"", ""BEV1_2024-12-11_drive2.csv"", ""BEV1_2024-12-12_drive1.csv"", ""BEV1_2024-12-12_drive3.csv"", ""BEV1_2025-01-07_drive1.csv"", ""BEV1_2025-01-07_drive2.csv"", ""BEV1_2025-01-07_drive3.csv"", ""BEV1_2025-01-08_drive1.csv""]",[],0db8325aa9f2dc5d5ba991af7e713653e2349c1f157d25bd7d9033ef9a7d80ef,4a36369ff2fc45f97db6d91c728cbec8aaf73fb7181c6833f949dc630eaf60a9
BEV1_2025-01-08_drive3.csv,validation,1736371922000000000,823,216,"[""BEV1_2024-12-10_drive4.csv"", ""BEV1_2024-12-11_drive1.csv"", ""BEV1_2024-12-11_drive2.csv"", ""BEV1_2024-12-12_drive1.csv"", ""BEV1_2024-12-12_drive3.csv"", ""BEV1_2025-01-07_drive1.csv"", ""BEV1_2025-01-07_drive2.csv"", ""BEV1_2025-01-07_drive3.csv"", ""BEV1_2025-01-08_drive1.csv"", ""BEV1_2025-01-08_drive2.csv""]",[],dda1609fc8516a57c657f954ea9511a6dc4d44a039e4ac277bdb17fbbef34e64,1bde3610b9c556e3268d4aa45f538203defdfd4fd1a2a2fdbc14b8696ef0fed5
BEV1_2025-01-09_drive1.csv,validation,1736405229000000000,823,216,"[""BEV1_2024-12-10_drive4.csv"", ""BEV1_2024-12-11_drive1.csv"", ""BEV1_2024-12-11_drive2.csv"", ""BEV1_2024-12-12_drive1.csv"", ""BEV1_2024-12-12_drive3.csv"", ""BEV1_2025-01-07_drive1.csv"", ""BEV1_2025-01-07_drive2.csv"", ""BEV1_2025-01-07_drive3.csv"", ""BEV1_2025-01-08_drive1.csv"", ""BEV1_2025-01-08_drive2.csv""]","[""BEV1_2025-01-07_drive1.csv"", ""BEV1_2025-01-08_drive1.csv""]",dda1609fc8516a57c657f954ea9511a6dc4d44a039e4ac277bdb17fbbef34e64,42473b94bc2581b995e5587b904272bae6e78cfe3bc09d9b819db7040ea6f3b3
BEV2_2025-01-09_drive1.csv,validation,1736407578000000000,824,607,"[""BEV2_2025-01-03_drive2.csv"", ""BEV2_2025-01-04_drive1.csv"", ""BEV2_2025-01-04_drive2.csv"", ""BEV2_2025-01-04_drive3.csv"", ""BEV2_2025-01-04_drive4.csv"", ""BEV2_2025-01-05_drive1.csv"", ""BEV2_2025-01-05_drive2.csv"", ""BEV2_2025-01-05_drive3.csv"", ""BEV2_2025-01-05_drive4.csv"", ""BEV2_2025-01-07_drive1.csv""]",[],6f83468ef8bf3fc80a26e6f57a1ed9090010130a0ab6540ad9a83a4059184093,98980fce6c528ec76e9a76ff0754c4a142fc6a67757e35e4a572e8c7a2536681
BEV2_2025-01-09_drive2.csv,validation,1736422879000000000,825,608,"[""BEV2_2025-01-04_drive1.csv"", ""BEV2_2025-01-04_drive2.csv"", ""BEV2_2025-01-04_drive3.csv"", ""BEV2_2025-01-04_drive4.csv"", ""BEV2_2025-01-05_drive1.csv"", ""BEV2_2025-01-05_drive2.csv"", ""BEV2_2025-01-05_drive3.csv"", ""BEV2_2025-01-05_drive4.csv"", ""BEV2_2025-01-07_drive1.csv"", ""BEV2_2025-01-09_drive1.csv""]",[],a351919b5b8c09ebd970cdb66e0b503d9dd46db6f4a99806712671c68ca2635f,3ac876c271cf357171f612d69eec624b3e769a2485c319b9143e2f6fc0e40954
BEV1_2025-01-09_drive2.csv,validation,1736437951000000000,826,217,"[""BEV1_2024-12-11_drive1.csv"", ""BEV1_2024-12-11_drive2.csv"", ""BEV1_2024-12-12_drive1.csv"", ""BEV1_2024-12-12_drive3.csv"", ""BEV1_2025-01-07_drive1.csv"", ""BEV1_2025-01-07_drive2.csv"", ""BEV1_2025-01-07_drive3.csv"", ""BEV1_2025-01-08_drive1.csv"", ""BEV1_2025-01-08_drive2.csv"", ""BEV1_2025-01-09_drive1.csv""]",[],3dc190fef1b4201fc99beff8529a655868141210f87d27b28ce6cdf117b95081,c2fb0ba4d90e9a96b404f36c0c50c9e04e03b7ed493dcc9e2b03812c61bc2f47
BEV2_2025-01-09_drive5.csv,validation,1736446364000000000,827,609,"[""BEV2_2025-01-04_drive2.csv"", ""BEV2_2025-01-04_drive3.csv"", ""BEV2_2025-01-04_drive4.csv"", ""BEV2_2025-01-05_drive1.csv"", ""BEV2_2025-01-05_drive2.csv"", ""BEV2_2025-01-05_drive3.csv"", ""BEV2_2025-01-05_drive4.csv"", ""BEV2_2025-01-07_drive1.csv"", ""BEV2_2025-01-09_drive1.csv"", ""BEV2_2025-01-09_drive2.csv""]",[],c617ada844f3d62adb5f638e185f8b4868314b07e19098294960dd66f86bc47a,4fcf0020f045945f44ce18f8965567477dc198119e071e486ed0c65d2d16bdda
BEV2_2025-01-10_drive1.csv,validation,1736529887000000000,828,610,"[""BEV2_2025-01-04_drive3.csv"", ""BEV2_2025-01-04_drive4.csv"", ""BEV2_2025-01-05_drive1.csv"", ""BEV2_2025-01-05_drive2.csv"", ""BEV2_2025-01-05_drive3.csv"", ""BEV2_2025-01-05_drive4.csv"", ""BEV2_2025-01-07_drive1.csv"", ""BEV2_2025-01-09_drive1.csv"", ""BEV2_2025-01-09_drive2.csv"", ""BEV2_2025-01-09_drive5.csv""]","[""BEV2_2025-01-05_drive1.csv""]",c9012c9bc33622fd60e701310aaaba836e43954067a6d536fb276a7d52b3943d,a2214156018482f6b3fa265c382ccea6b3036ee1dea1d07a4fafecd0d1341b41
BEV2_2025-01-11_drive1.csv,validation,1736602300000000000,829,611,"[""BEV2_2025-01-04_drive4.csv"", ""BEV2_2025-01-05_drive1.csv"", ""BEV2_2025-01-05_drive2.csv"", ""BEV2_2025-01-05_drive3.csv"", ""BEV2_2025-01-05_drive4.csv"", ""BEV2_2025-01-07_drive1.csv"", ""BEV2_2025-01-09_drive1.csv"", ""BEV2_2025-01-09_drive2.csv"", ""BEV2_2025-01-09_drive5.csv"", ""BEV2_2025-01-10_drive1.csv""]",[],8f9a84e690610f18efa5e16bdc4c6b2d908b9e823f8bf0498739313792d107cb,47802d5904a5b30c732de21b8628512665d91b37c11412f8aa46ef5bfa78f80a
BEV2_2025-01-11_drive2.csv,validation,1736613579000000000,830,612,"[""BEV2_2025-01-05_drive1.csv"", ""BEV2_2025-01-05_drive2.csv"", ""BEV2_2025-01-05_drive3.csv"", ""BEV2_2025-01-05_drive4.csv"", ""BEV2_2025-01-07_drive1.csv"", ""BEV2_2025-01-09_drive1.csv"", ""BEV2_2025-01-09_drive2.csv"", ""BEV2_2025-01-09_drive5.csv"", ""BEV2_2025-01-10_drive1.csv"", ""BEV2_2025-01-11_drive1.csv""]",[],0d20c789d927115dbe3ab38092f442181602e1471336a05600c973fde57338c3,7653964a7b184613049357da9eb4f5419a1170ffc6503989f7cc20ded4c9afdf
BEV2_2025-01-12_drive1.csv,validation,1736671107000000000,831,613,"[""BEV2_2025-01-05_drive2.csv"", ""BEV2_2025-01-05_drive3.csv"", ""BEV2_2025-01-05_drive4.csv"", ""BEV2_2025-01-07_drive1.csv"", ""BEV2_2025-01-09_drive1.csv"", ""BEV2_2025-01-09_drive2.csv"", ""BEV2_2025-01-09_drive5.csv"", ""BEV2_2025-01-10_drive1.csv"", ""BEV2_2025-01-11_drive1.csv"", ""BEV2_2025-01-11_drive2.csv""]",[],ba5208a1cd0fdae840c6bb641a7b467e90c6ee35ee41b76f093ac291a5f42ecb,0c84d654cd5061c700885069fa0b88db0dcb3a008026095a8652d6396cc12e48
BEV1_2025-01-12_drive1.csv,validation,1736689764000000000,831,218,"[""BEV1_2024-12-11_drive2.csv"", ""BEV1_2024-12-12_drive1.csv"", ""BEV1_2024-12-12_drive3.csv"", ""BEV1_2025-01-07_drive1.csv"", ""BEV1_2025-01-07_drive2.csv"", ""BEV1_2025-01-07_drive3.csv"", ""BEV1_2025-01-08_drive1.csv"", ""BEV1_2025-01-08_drive2.csv"", ""BEV1_2025-01-09_drive1.csv"", ""BEV1_2025-01-09_drive2.csv""]",[],83caf7ce14519911ce2d9c2c3f7d7975f3fa6964627d93773124537072ea033a,ffa6e93c3073b2ecfa661dc839bddaf398ca91282dbdca2969c8fe93c88bcb94
BEV1_2025-01-12_drive2.csv,validation,1736700605000000000,832,219,"[""BEV1_2024-12-12_drive1.csv"", ""BEV1_2024-12-12_drive3.csv"", ""BEV1_2025-01-07_drive1.csv"", ""BEV1_2025-01-07_drive2.csv"", ""BEV1_2025-01-07_drive3.csv"", ""BEV1_2025-01-08_drive1.csv"", ""BEV1_2025-01-08_drive2.csv"", ""BEV1_2025-01-09_drive1.csv"", ""BEV1_2025-01-09_drive2.csv"", ""BEV1_2025-01-12_drive1.csv""]",[],c2842290b2b3f7fcb4c168c09f73a3cd808ae5c888100ce2a060a3c99adbca9f,5e501571f7b145d06dcb3a90a4bbcd55880feef4848a604ad58cccc3a372eb53
BEV2_2025-01-12_drive2.csv,validation,1736704125000000000,832,613,"[""BEV2_2025-01-05_drive2.csv"", ""BEV2_2025-01-05_drive3.csv"", ""BEV2_2025-01-05_drive4.csv"", ""BEV2_2025-01-07_drive1.csv"", ""BEV2_2025-01-09_drive1.csv"", ""BEV2_2025-01-09_drive2.csv"", ""BEV2_2025-01-09_drive5.csv"", ""BEV2_2025-01-10_drive1.csv"", ""BEV2_2025-01-11_drive1.csv"", ""BEV2_2025-01-11_drive2.csv""]",[],ba5208a1cd0fdae840c6bb641a7b467e90c6ee35ee41b76f093ac291a5f42ecb,e00e747bb16e23e9df27a6fc470e08fc74baa87a6f1e5c78ca2e8a5ebbae07c5
BEV2_2025-01-12_drive3.csv,validation,1736710262000000000,833,614,"[""BEV2_2025-01-05_drive3.csv"", ""BEV2_2025-01-05_drive4.csv"", ""BEV2_2025-01-07_drive1.csv"", ""BEV2_2025-01-09_drive1.csv"", ""BEV2_2025-01-09_drive2.csv"", ""BEV2_2025-01-09_drive5.csv"", ""BEV2_2025-01-10_drive1.csv"", ""BEV2_2025-01-11_drive1.csv"", ""BEV2_2025-01-11_drive2.csv"", ""BEV2_2025-01-12_drive2.csv""]",[],75ff9d26f34df2ad198919241e6e185aa238212d4a3baaa2dfecb64647e73e8f,81092d6205540da7f7d9ff0cc55877eb7991cfc9aa579180a894def8fd09a097
BEV1_2025-01-13_drive1.csv,validation,1736752157000000000,834,219,"[""BEV1_2024-12-12_drive1.csv"", ""BEV1_2024-12-12_drive3.csv"", ""BEV1_2025-01-07_drive1.csv"", ""BEV1_2025-01-07_drive2.csv"", ""BEV1_2025-01-07_drive3.csv"", ""BEV1_2025-01-08_drive1.csv"", ""BEV1_2025-01-08_drive2.csv"", ""BEV1_2025-01-09_drive1.csv"", ""BEV1_2025-01-09_drive2.csv"", ""BEV1_2025-01-12_drive1.csv""]","[""BEV1_2025-01-07_drive1.csv"", ""BEV1_2025-01-08_drive1.csv"", ""BEV1_2025-01-09_drive1.csv""]",c2842290b2b3f7fcb4c168c09f73a3cd808ae5c888100ce2a060a3c99adbca9f,f13f94a93ff3d5febc752e85cb32ad5b5a30d90e61271d715cf5b5dec770db2e
BEV1_2025-01-13_drive2.csv,validation,1736784932000000000,835,220,"[""BEV1_2024-12-12_drive3.csv"", ""BEV1_2025-01-07_drive1.csv"", ""BEV1_2025-01-07_drive2.csv"", ""BEV1_2025-01-07_drive3.csv"", ""BEV1_2025-01-08_drive1.csv"", ""BEV1_2025-01-08_drive2.csv"", ""BEV1_2025-01-09_drive1.csv"", ""BEV1_2025-01-09_drive2.csv"", ""BEV1_2025-01-12_drive1.csv"", ""BEV1_2025-01-13_drive1.csv""]","[""BEV1_2025-01-09_drive2.csv""]",03cf03c5d0e5530c6c1ace1d082022b82335c847dfe51e128499029889c9ac18,4ea37db213242a63504e60adeede25105f1ff20bafc48efae1d1bac315ae1637
BEV1_2025-01-14_drive1.csv,validation,1736840035000000000,836,221,"[""BEV1_2025-01-07_drive1.csv"", ""BEV1_2025-01-07_drive2.csv"", ""BEV1_2025-01-07_drive3.csv"", ""BEV1_2025-01-08_drive1.csv"", ""BEV1_2025-01-08_drive2.csv"", ""BEV1_2025-01-09_drive1.csv"", ""BEV1_2025-01-09_drive2.csv"", ""BEV1_2025-01-12_drive1.csv"", ""BEV1_2025-01-13_drive1.csv"", ""BEV1_2025-01-13_drive2.csv""]",[],192898de37ea94725cee4645f419752584fc22844eea1730cffbd18671b64daf,c95d5f64f7873f8df529e0ca72a3e3ae202a2e63d6ae95c96d9d623f7da70a7a
BEV1_2025-01-14_drive2.csv,validation,1736871474000000000,837,222,"[""BEV1_2025-01-07_drive2.csv"", ""BEV1_2025-01-07_drive3.csv"", ""BEV1_2025-01-08_drive1.csv"", ""BEV1_2025-01-08_drive2.csv"", ""BEV1_2025-01-09_drive1.csv"", ""BEV1_2025-01-09_drive2.csv"", ""BEV1_2025-01-12_drive1.csv"", ""BEV1_2025-01-13_drive1.csv"", ""BEV1_2025-01-13_drive2.csv"", ""BEV1_2025-01-14_drive1.csv""]","[""BEV1_2025-01-07_drive2.csv""]",56d3832ec08073aa7d146ff4f74aa50c5caa270dee09370c2d0fb96c16a197e6,25a8120620b92caf3f17f0cf851eaf9bdd08cbc75f95d3a3b4f012698eb9e9cb
BEV1_2025-01-14_drive3.csv,validation,1736875207000000000,838,223,"[""BEV1_2025-01-07_drive3.csv"", ""BEV1_2025-01-08_drive1.csv"", ""BEV1_2025-01-08_drive2.csv"", ""BEV1_2025-01-09_drive1.csv"", ""BEV1_2025-01-09_drive2.csv"", ""BEV1_2025-01-12_drive1.csv"", ""BEV1_2025-01-13_drive1.csv"", ""BEV1_2025-01-13_drive2.csv"", ""BEV1_2025-01-14_drive1.csv"", ""BEV1_2025-01-14_drive2.csv""]","[""BEV1_2025-01-07_drive3.csv""]",9022b3557a9f8bf0cb6d5585baab7f40c29c5c1ad05c969248c73192383b95e5,f60a83a5ebdd2d279d58f60cca72388422fdf98e03667acba4019affc9918e01
BEV2_2025-01-15_drive1.csv,validation,1736947930000000000,839,615,"[""BEV2_2025-01-05_drive4.csv"", ""BEV2_2025-01-07_drive1.csv"", ""BEV2_2025-01-09_drive1.csv"", ""BEV2_2025-01-09_drive2.csv"", ""BEV2_2025-01-09_drive5.csv"", ""BEV2_2025-01-10_drive1.csv"", ""BEV2_2025-01-11_drive1.csv"", ""BEV2_2025-01-11_drive2.csv"", ""BEV2_2025-01-12_drive2.csv"", ""BEV2_2025-01-12_drive3.csv""]",[],18d57a51000ccfd13c4f2f96a9c372b9098492a2c28ec72feea90da469dd52d7,941498a7d2f1137fa10b753e1bb198444bb53d90e75a678e4cd663fe9101b613
BEV1_2025-01-15_drive1.csv,validation,1736966292000000000,840,224,"[""BEV1_2025-01-08_drive1.csv"", ""BEV1_2025-01-08_drive2.csv"", ""BEV1_2025-01-09_drive1.csv"", ""BEV1_2025-01-09_drive2.csv"", ""BEV1_2025-01-12_drive1.csv"", ""BEV1_2025-01-13_drive1.csv"", ""BEV1_2025-01-13_drive2.csv"", ""BEV1_2025-01-14_drive1.csv"", ""BEV1_2025-01-14_drive2.csv"", ""BEV1_2025-01-14_drive3.csv""]",[],e1080cf5e5a76447201e4df6c017dc664cedc653a95b264119d5a2d47ae41036,615bc26130cb7993be53e300bd5c2cb09c5849c40eb95457e5a2de841e94d678
BEV1_2025-01-15_drive2.csv,validation,1736968498000000000,841,225,"[""BEV1_2025-01-08_drive2.csv"", ""BEV1_2025-01-09_drive1.csv"", ""BEV1_2025-01-09_drive2.csv"", ""BEV1_2025-01-12_drive1.csv"", ""BEV1_2025-01-13_drive1.csv"", ""BEV1_2025-01-13_drive2.csv"", ""BEV1_2025-01-14_drive1.csv"", ""BEV1_2025-01-14_drive2.csv"", ""BEV1_2025-01-14_drive3.csv"", ""BEV1_2025-01-15_drive1.csv""]",[],3d56b3eecc84b8f14a6ac14d4477a978c33424a8b8fd1b2328826e23ba052305,a78095804d97e0d17265e701ede5390b606d86fe962ffbc94580d80a08839757
BEV1_2025-01-16_drive1.csv,validation,1737013438000000000,842,226,"[""BEV1_2025-01-09_drive1.csv"", ""BEV1_2025-01-09_drive2.csv"", ""BEV1_2025-01-12_drive1.csv"", ""BEV1_2025-01-13_drive1.csv"", ""BEV1_2025-01-13_drive2.csv"", ""BEV1_2025-01-14_drive1.csv"", ""BEV1_2025-01-14_drive2.csv"", ""BEV1_2025-01-14_drive3.csv"", ""BEV1_2025-01-15_drive1.csv"", ""BEV1_2025-01-15_drive2.csv""]",[],0569fb5f35104724373c823c244d11ce58ec619f9dc04027be66b1e94034f1ae,64f629e08cf9722574fe8d21d457ab3b4cb83b4a39bd7d6a9e3faa2ba18e25f6
BEV1_2025-01-16_drive2.csv,validation,1737046307000000000,843,227,"[""BEV1_2025-01-09_drive2.csv"", ""BEV1_2025-01-12_drive1.csv"", ""BEV1_2025-01-13_drive1.csv"", ""BEV1_2025-01-13_drive2.csv"", ""BEV1_2025-01-14_drive1.csv"", ""BEV1_2025-01-14_drive2.csv"", ""BEV1_2025-01-14_drive3.csv"", ""BEV1_2025-01-15_drive1.csv"", ""BEV1_2025-01-15_drive2.csv"", ""BEV1_2025-01-16_drive1.csv""]",[],ff6d36bfbaf9bfe7c45a427f53f2a8e811076672ded456eeeca8ef20833a6468,6abb9cbbae563adf1c62772e030942eb22d9f869b213d40b3684fff711201db3
BEV1_2025-01-16_drive3.csv,validation,1737049485000000000,844,228,"[""BEV1_2025-01-12_drive1.csv"", ""BEV1_2025-01-13_drive1.csv"", ""BEV1_2025-01-13_drive2.csv"", ""BEV1_2025-01-14_drive1.csv"", ""BEV1_2025-01-14_drive2.csv"", ""BEV1_2025-01-14_drive3.csv"", ""BEV1_2025-01-15_drive1.csv"", ""BEV1_2025-01-15_drive2.csv"", ""BEV1_2025-01-16_drive1.csv"", ""BEV1_2025-01-16_drive2.csv""]",[],8afc8ad3b89ed0a96d25d80f3c001f495bf4861874d2a5a4a60c083d0975953e,93e5431cdb0a92da4bc95617ea304864a549a30ea7d64d87f6834da6cf1d17f2
BEV2_2025-01-16_drive1.csv,validation,1737057515000000000,845,616,"[""BEV2_2025-01-07_drive1.csv"", ""BEV2_2025-01-09_drive1.csv"", ""BEV2_2025-01-09_drive2.csv"", ""BEV2_2025-01-09_drive5.csv"", ""BEV2_2025-01-10_drive1.csv"", ""BEV2_2025-01-11_drive1.csv"", ""BEV2_2025-01-11_drive2.csv"", ""BEV2_2025-01-12_drive2.csv"", ""BEV2_2025-01-12_drive3.csv"", ""BEV2_2025-01-15_drive1.csv""]",[],846c7cb69ec1cb118f4a38ba21dd672e75a182e6fd33e0d4805e71010ae29ece,0757aef3c5d1d9f3a296af79ca39c7d3904ff8e1a8acbded70521496aa42107a
BEV1_2025-01-16_drive4.csv,validation,1737061969000000000,845,229,"[""BEV1_2025-01-13_drive1.csv"", ""BEV1_2025-01-13_drive2.csv"", ""BEV1_2025-01-14_drive1.csv"", ""BEV1_2025-01-14_drive2.csv"", ""BEV1_2025-01-14_drive3.csv"", ""BEV1_2025-01-15_drive1.csv"", ""BEV1_2025-01-15_drive2.csv"", ""BEV1_2025-01-16_drive1.csv"", ""BEV1_2025-01-16_drive2.csv"", ""BEV1_2025-01-16_drive3.csv""]",[],6f67b79bf45ef657029768b98ca030b7e540a269f1d96ca6062bfe531eae62d6,6e05771d2447a5e6183b637876a6c65e31434e2079917c3d888f78e2385f95a6
BEV2_2025-01-17_drive1.csv,validation,1737097703000000000,847,617,"[""BEV2_2025-01-09_drive1.csv"", ""BEV2_2025-01-09_drive2.csv"", ""BEV2_2025-01-09_drive5.csv"", ""BEV2_2025-01-10_drive1.csv"", ""BEV2_2025-01-11_drive1.csv"", ""BEV2_2025-01-11_drive2.csv"", ""BEV2_2025-01-12_drive2.csv"", ""BEV2_2025-01-12_drive3.csv"", ""BEV2_2025-01-15_drive1.csv"", ""BEV2_2025-01-16_drive1.csv""]",[],7cfbbcd31cfeae3ff2812822f63aee2f1bf8697dc38c8119fcf4339b4cce68cf,e808a76c536e2dcf4e00ac2eddcdd8a06914ad6a89b753752424dee6700f800a
BEV2_2025-01-17_drive2.csv,validation,1737131488000000000,848,618,"[""BEV2_2025-01-09_drive2.csv"", ""BEV2_2025-01-09_drive5.csv"", ""BEV2_2025-01-10_drive1.csv"", ""BEV2_2025-01-11_drive1.csv"", ""BEV2_2025-01-11_drive2.csv"", ""BEV2_2025-01-12_drive2.csv"", ""BEV2_2025-01-12_drive3.csv"", ""BEV2_2025-01-15_drive1.csv"", ""BEV2_2025-01-16_drive1.csv"", ""BEV2_2025-01-17_drive1.csv""]",[],672af6de24d78c98181b4dac08128d4c5f48ec5b71b2f03e1cd01fbce82acf05,3eaeaf01005c8caa8e57f6e7a52642ceb05f0af29aa1adfdcc7157aea9b1cc44
BEV1_2025-01-17_drive1.csv,validation,1737135732000000000,849,230,"[""BEV1_2025-01-13_drive2.csv"", ""BEV1_2025-01-14_drive1.csv"", ""BEV1_2025-01-14_drive2.csv"", ""BEV1_2025-01-14_drive3.csv"", ""BEV1_2025-01-15_drive1.csv"", ""BEV1_2025-01-15_drive2.csv"", ""BEV1_2025-01-16_drive1.csv"", ""BEV1_2025-01-16_drive2.csv"", ""BEV1_2025-01-16_drive3.csv"", ""BEV1_2025-01-16_drive4.csv""]",[],fb85c29d523a041f964898fac90dfbbbbd08ba2397b7f55adf55f949174410c9,d6de8b72cb20a33f2b5e81a15307758bf7516f883e9c3f436fef48ee2e92b080
BEV1_2025-01-17_drive2.csv,validation,1737142627000000000,850,231,"[""BEV1_2025-01-14_drive1.csv"", ""BEV1_2025-01-14_drive2.csv"", ""BEV1_2025-01-14_drive3.csv"", ""BEV1_2025-01-15_drive1.csv"", ""BEV1_2025-01-15_drive2.csv"", ""BEV1_2025-01-16_drive1.csv"", ""BEV1_2025-01-16_drive2.csv"", ""BEV1_2025-01-16_drive3.csv"", ""BEV1_2025-01-16_drive4.csv"", ""BEV1_2025-01-17_drive1.csv""]",[],322f88fc4963e12baca9216e4a8dd4576998b589a5d8851d1fcf4416e413c81c,e56b94979c4bbaf7af908ad379037daf46dbe7364ec56df2dcb8329d8142d65d
BEV2_2025-01-18_drive1.csv,validation,1737187258000000000,851,619,"[""BEV2_2025-01-09_drive5.csv"", ""BEV2_2025-01-10_drive1.csv"", ""BEV2_2025-01-11_drive1.csv"", ""BEV2_2025-01-11_drive2.csv"", ""BEV2_2025-01-12_drive2.csv"", ""BEV2_2025-01-12_drive3.csv"", ""BEV2_2025-01-15_drive1.csv"", ""BEV2_2025-01-16_drive1.csv"", ""BEV2_2025-01-17_drive1.csv"", ""BEV2_2025-01-17_drive2.csv""]",[],37e595faa45a0811b80d4b7efa61e89ac96001db095b5d7e5fa5e568f68634a7,390e4d731de54e4b3bb3a159d7205af73d40dd0cd1fdb8dcc631ef7d1f594951
BEV1_2025-01-18_drive1.csv,validation,1737192068000000000,852,232,"[""BEV1_2025-01-14_drive2.csv"", ""BEV1_2025-01-14_drive3.csv"", ""BEV1_2025-01-15_drive1.csv"", ""BEV1_2025-01-15_drive2.csv"", ""BEV1_2025-01-16_drive1.csv"", ""BEV1_2025-01-16_drive2.csv"", ""BEV1_2025-01-16_drive3.csv"", ""BEV1_2025-01-16_drive4.csv"", ""BEV1_2025-01-17_drive1.csv"", ""BEV1_2025-01-17_drive2.csv""]",[],4a9e25bd9b30f9548af83be43bb6f81e72f0b14ea9029ff5eac9531beedde97c,ebe6e2c257697e401be96341eac4481ef0aef98d8f922451efbe20a12bb98ed9
BEV1_2025-01-18_drive2.csv,validation,1737222298000000000,853,233,"[""BEV1_2025-01-14_drive3.csv"", ""BEV1_2025-01-15_drive1.csv"", ""BEV1_2025-01-15_drive2.csv"", ""BEV1_2025-01-16_drive1.csv"", ""BEV1_2025-01-16_drive2.csv"", ""BEV1_2025-01-16_drive3.csv"", ""BEV1_2025-01-16_drive4.csv"", ""BEV1_2025-01-17_drive1.csv"", ""BEV1_2025-01-17_drive2.csv"", ""BEV1_2025-01-18_drive1.csv""]",[],6ea5e9a0538f09f47ec4b9ffa31a53bcb6c227dd0a62c96f2fbac2e077482ef4,5c1e8e3a42867ff25ee6dcf23964c55ab48acf29ba0c0bf8fe112d2baceeb24a
BEV1_2025-01-18_drive3.csv,validation,1737224125000000000,854,234,"[""BEV1_2025-01-15_drive1.csv"", ""BEV1_2025-01-15_drive2.csv"", ""BEV1_2025-01-16_drive1.csv"", ""BEV1_2025-01-16_drive2.csv"", ""BEV1_2025-01-16_drive3.csv"", ""BEV1_2025-01-16_drive4.csv"", ""BEV1_2025-01-17_drive1.csv"", ""BEV1_2025-01-17_drive2.csv"", ""BEV1_2025-01-18_drive1.csv"", ""BEV1_2025-01-18_drive2.csv""]",[],81e02630ef2715fe321d648afc3357e37f5cb24866e74c04d0215ad615e684de,d98acc90e1ba2d42063f19e89cd475ec75293d0640f33a5ea8e513f7c4e16565
BEV1_2025-01-18_drive4.csv,validation,1737233222000000000,854,234,"[""BEV1_2025-01-15_drive1.csv"", ""BEV1_2025-01-15_drive2.csv"", ""BEV1_2025-01-16_drive1.csv"", ""BEV1_2025-01-16_drive2.csv"", ""BEV1_2025-01-16_drive3.csv"", ""BEV1_2025-01-16_drive4.csv"", ""BEV1_2025-01-17_drive1.csv"", ""BEV1_2025-01-17_drive2.csv"", ""BEV1_2025-01-18_drive1.csv"", ""BEV1_2025-01-18_drive2.csv""]",[],81e02630ef2715fe321d648afc3357e37f5cb24866e74c04d0215ad615e684de,2fb81e6386b3229e552c0f67f4887f2269b285e826027c67f8ac5325a003a995
BEV1_2025-01-19_drive1.csv,validation,1737289468000000000,855,235,"[""BEV1_2025-01-15_drive2.csv"", ""BEV1_2025-01-16_drive1.csv"", ""BEV1_2025-01-16_drive2.csv"", ""BEV1_2025-01-16_drive3.csv"", ""BEV1_2025-01-16_drive4.csv"", ""BEV1_2025-01-17_drive1.csv"", ""BEV1_2025-01-17_drive2.csv"", ""BEV1_2025-01-18_drive1.csv"", ""BEV1_2025-01-18_drive2.csv"", ""BEV1_2025-01-18_drive4.csv""]",[],7644bb6f180d4024e645df7c67c49cfc2c5afdd5c9ad4bc099021b32b346f181,5c5a62507ef0ae3176edf2811c65392c8674b1798692c0864c11c5896f4f5a11
BEV1_2025-01-19_drive3.csv,validation,1737292019000000000,856,236,"[""BEV1_2025-01-16_drive1.csv"", ""BEV1_2025-01-16_drive2.csv"", ""BEV1_2025-01-16_drive3.csv"", ""BEV1_2025-01-16_drive4.csv"", ""BEV1_2025-01-17_drive1.csv"", ""BEV1_2025-01-17_drive2.csv"", ""BEV1_2025-01-18_drive1.csv"", ""BEV1_2025-01-18_drive2.csv"", ""BEV1_2025-01-18_drive4.csv"", ""BEV1_2025-01-19_drive1.csv""]",[],5af9e3f206b4960b35275e04c4f56254df4aa0fe08141b6a12a27184bb18fba2,c5e3ba787e5b48a77ae50471fc8b1ba6fa14df4e395c63b842ce62c754fe3863
BEV1_2025-01-19_drive4.csv,validation,1737292861000000000,857,237,"[""BEV1_2025-01-16_drive2.csv"", ""BEV1_2025-01-16_drive3.csv"", ""BEV1_2025-01-16_drive4.csv"", ""BEV1_2025-01-17_drive1.csv"", ""BEV1_2025-01-17_drive2.csv"", ""BEV1_2025-01-18_drive1.csv"", ""BEV1_2025-01-18_drive2.csv"", ""BEV1_2025-01-18_drive4.csv"", ""BEV1_2025-01-19_drive1.csv"", ""BEV1_2025-01-19_drive3.csv""]",[],414c89f0ebe6d667dee01709ae941f796247ae399872cfce6cdcdbf580ec9baa,3d5cae68707d3d096e8531ce607e4abd3150cca94ebf4497275ef5363b0bdff6
BEV1_2025-01-19_drive5.csv,validation,1737319695000000000,857,237,"[""BEV1_2025-01-16_drive2.csv"", ""BEV1_2025-01-16_drive3.csv"", ""BEV1_2025-01-16_drive4.csv"", ""BEV1_2025-01-17_drive1.csv"", ""BEV1_2025-01-17_drive2.csv"", ""BEV1_2025-01-18_drive1.csv"", ""BEV1_2025-01-18_drive2.csv"", ""BEV1_2025-01-18_drive4.csv"", ""BEV1_2025-01-19_drive1.csv"", ""BEV1_2025-01-19_drive3.csv""]",[],414c89f0ebe6d667dee01709ae941f796247ae399872cfce6cdcdbf580ec9baa,e3ea19fe692887b8437e8ce9afa8d1870e6330bd3c63da3e6d650cd3452f7453
BEV2_2025-01-20_drive1.csv,validation,1737369613000000000,858,620,"[""BEV2_2025-01-10_drive1.csv"", ""BEV2_2025-01-11_drive1.csv"", ""BEV2_2025-01-11_drive2.csv"", ""BEV2_2025-01-12_drive2.csv"", ""BEV2_2025-01-12_drive3.csv"", ""BEV2_2025-01-15_drive1.csv"", ""BEV2_2025-01-16_drive1.csv"", ""BEV2_2025-01-17_drive1.csv"", ""BEV2_2025-01-17_drive2.csv"", ""BEV2_2025-01-18_drive1.csv""]","[""BEV2_2025-01-10_drive1.csv""]",7d8ba2a4ea2a0dc88784de07ec52c5a847503cf803ec8e97af862a07b0ecf5d4,7deeca34429282b4082d17617ce7aed8c00c8eee8e4315da94616083f7864c39
BEV1_2025-01-20_drive1.csv,validation,1737386109000000000,859,238,"[""BEV1_2025-01-16_drive3.csv"", ""BEV1_2025-01-16_drive4.csv"", ""BEV1_2025-01-17_drive1.csv"", ""BEV1_2025-01-17_drive2.csv"", ""BEV1_2025-01-18_drive1.csv"", ""BEV1_2025-01-18_drive2.csv"", ""BEV1_2025-01-18_drive4.csv"", ""BEV1_2025-01-19_drive1.csv"", ""BEV1_2025-01-19_drive3.csv"", ""BEV1_2025-01-19_drive5.csv""]",[],11a33df77c28bda5341cd945683ae079a6e29d99fe252c5419288a225ce03648,c8824ac23eb07a2efa94e079e6461f9e77d1bd00ff8e39bc468bb5fbce93e7c2
BEV1_2025-01-20_drive2.csv,validation,1737388614000000000,860,239,"[""BEV1_2025-01-16_drive4.csv"", ""BEV1_2025-01-17_drive1.csv"", ""BEV1_2025-01-17_drive2.csv"", ""BEV1_2025-01-18_drive1.csv"", ""BEV1_2025-01-18_drive2.csv"", ""BEV1_2025-01-18_drive4.csv"", ""BEV1_2025-01-19_drive1.csv"", ""BEV1_2025-01-19_drive3.csv"", ""BEV1_2025-01-19_drive5.csv"", ""BEV1_2025-01-20_drive1.csv""]",[],6bc317247ac1357eb78e0a88a7b4c194e78ea25a27fb31f0fbb00cc0b37e89ad,ab836264cdce9a67ac27b4ce28cccd6860f1580e7764d9fa4a3134acded60c4d
BEV1_2025-01-21_drive1.csv,validation,1737445078000000000,861,240,"[""BEV1_2025-01-17_drive1.csv"", ""BEV1_2025-01-17_drive2.csv"", ""BEV1_2025-01-18_drive1.csv"", ""BEV1_2025-01-18_drive2.csv"", ""BEV1_2025-01-18_drive4.csv"", ""BEV1_2025-01-19_drive1.csv"", ""BEV1_2025-01-19_drive3.csv"", ""BEV1_2025-01-19_drive5.csv"", ""BEV1_2025-01-20_drive1.csv"", ""BEV1_2025-01-20_drive2.csv""]",[],9575d2c5a514d22653b698cb65f5c02a693ec150a79e0e954df71a34a5b57e36,6d5d25b161a13924e8f2d90d07c78e63e72e5aa718d5c0bbc72b8fe7e4964f16
BEV1_2025-01-21_drive2.csv,validation,1737477176000000000,862,241,"[""BEV1_2025-01-17_drive2.csv"", ""BEV1_2025-01-18_drive1.csv"", ""BEV1_2025-01-18_drive2.csv"", ""BEV1_2025-01-18_drive4.csv"", ""BEV1_2025-01-19_drive1.csv"", ""BEV1_2025-01-19_drive3.csv"", ""BEV1_2025-01-19_drive5.csv"", ""BEV1_2025-01-20_drive1.csv"", ""BEV1_2025-01-20_drive2.csv"", ""BEV1_2025-01-21_drive1.csv""]",[],c3227ab893c0e4abaeeb63c2211d0283c2700cfc0ac6e594203ea4bc53fb2c27,dcf561acb75c97089dda3be8d2636a9b4fa0abab465199b7513b1833dcb09351
BEV1_2025-01-22_drive1.csv,validation,1737528348000000000,863,242,"[""BEV1_2025-01-18_drive1.csv"", ""BEV1_2025-01-18_drive2.csv"", ""BEV1_2025-01-18_drive4.csv"", ""BEV1_2025-01-19_drive1.csv"", ""BEV1_2025-01-19_drive3.csv"", ""BEV1_2025-01-19_drive5.csv"", ""BEV1_2025-01-20_drive1.csv"", ""BEV1_2025-01-20_drive2.csv"", ""BEV1_2025-01-21_drive1.csv"", ""BEV1_2025-01-21_drive2.csv""]",[],cdf46f0f0112d6e94fb9f8358cf16b6f751a41930e00ee52602722ef4952d9fb,bf8cf68b009e0b4ee0848e55e296df0d33daa322c22f7cf23f2ef9d1be231744
BEV2_2025-01-22_drive1.csv,validation,1737531140000000000,864,621,"[""BEV2_2025-01-11_drive1.csv"", ""BEV2_2025-01-11_drive2.csv"", ""BEV2_2025-01-12_drive2.csv"", ""BEV2_2025-01-12_drive3.csv"", ""BEV2_2025-01-15_drive1.csv"", ""BEV2_2025-01-16_drive1.csv"", ""BEV2_2025-01-17_drive1.csv"", ""BEV2_2025-01-17_drive2.csv"", ""BEV2_2025-01-18_drive1.csv"", ""BEV2_2025-01-20_drive1.csv""]",[],f391754a7b58d980767c312513f6953a03c293d2d3b2437f5ac6b4aa52888013,b50b2fc927ac3a727d60094e9ee295b2b07b8b74c6093e0bbdfdf4d98a28c041
BEV1_2025-01-22_drive2.csv,validation,1737560794000000000,865,243,"[""BEV1_2025-01-18_drive2.csv"", ""BEV1_2025-01-18_drive4.csv"", ""BEV1_2025-01-19_drive1.csv"", ""BEV1_2025-01-19_drive3.csv"", ""BEV1_2025-01-19_drive5.csv"", ""BEV1_2025-01-20_drive1.csv"", ""BEV1_2025-01-20_drive2.csv"", ""BEV1_2025-01-21_drive1.csv"", ""BEV1_2025-01-21_drive2.csv"", ""BEV1_2025-01-22_drive1.csv""]",[],dcf98f8614ac5c53d350086b482d5175868e8184c6dd6c9519ffa32b1b8cdf79,ca0f69a348507f8f1ea721983f4bf1110d2bf1462145377724e622b2655231b2
BEV2_2025-01-22_drive2.csv,validation,1737563763000000000,865,622,"[""BEV2_2025-01-11_drive2.csv"", ""BEV2_2025-01-12_drive2.csv"", ""BEV2_2025-01-12_drive3.csv"", ""BEV2_2025-01-15_drive1.csv"", ""BEV2_2025-01-16_drive1.csv"", ""BEV2_2025-01-17_drive1.csv"", ""BEV2_2025-01-17_drive2.csv"", ""BEV2_2025-01-18_drive1.csv"", ""BEV2_2025-01-20_drive1.csv"", ""BEV2_2025-01-22_drive1.csv""]",[],6565bb4be1e80cd01a8a4466d8a38611ed94268b949a1ca94007c679fd249c92,8e26be409b37ff23395e8d7a50bfff2e222293898cdade7440e263cd0a2a7df2
BEV1_2025-01-22_drive3.csv,validation,1737582878000000000,866,243,"[""BEV1_2025-01-18_drive2.csv"", ""BEV1_2025-01-18_drive4.csv"", ""BEV1_2025-01-19_drive1.csv"", ""BEV1_2025-01-19_drive3.csv"", ""BEV1_2025-01-19_drive5.csv"", ""BEV1_2025-01-20_drive1.csv"", ""BEV1_2025-01-20_drive2.csv"", ""BEV1_2025-01-21_drive1.csv"", ""BEV1_2025-01-21_drive2.csv"", ""BEV1_2025-01-22_drive1.csv""]","[""BEV1_2025-01-19_drive5.csv""]",dcf98f8614ac5c53d350086b482d5175868e8184c6dd6c9519ffa32b1b8cdf79,aa01182ce7c450f26681ab70dd8004e26e32605996267dfd5d7984b9a22d98a3
BEV1_2025-01-23_drive1.csv,validation,1737616864000000000,867,244,"[""BEV1_2025-01-18_drive4.csv"", ""BEV1_2025-01-19_drive1.csv"", ""BEV1_2025-01-19_drive3.csv"", ""BEV1_2025-01-19_drive5.csv"", ""BEV1_2025-01-20_drive1.csv"", ""BEV1_2025-01-20_drive2.csv"", ""BEV1_2025-01-21_drive1.csv"", ""BEV1_2025-01-21_drive2.csv"", ""BEV1_2025-01-22_drive1.csv"", ""BEV1_2025-01-22_drive3.csv""]",[],6918f93a7e91e4e46bf6c916b60756b3e2ec39d38d4b44c2073a5134f1cbc1c6,f9c03de31c30e905d4d180e37dac1f5b5d8e207cf0742f9f9992d5d531e3e4b7
BEV1_2025-01-23_drive2.csv,validation,1737647402000000000,867,244,"[""BEV1_2025-01-18_drive4.csv"", ""BEV1_2025-01-19_drive1.csv"", ""BEV1_2025-01-19_drive3.csv"", ""BEV1_2025-01-19_drive5.csv"", ""BEV1_2025-01-20_drive1.csv"", ""BEV1_2025-01-20_drive2.csv"", ""BEV1_2025-01-21_drive1.csv"", ""BEV1_2025-01-21_drive2.csv"", ""BEV1_2025-01-22_drive1.csv"", ""BEV1_2025-01-22_drive3.csv""]",[],6918f93a7e91e4e46bf6c916b60756b3e2ec39d38d4b44c2073a5134f1cbc1c6,8a49f1bfb7a270ce458fef1b064579aa6be4e2d27414dc68d310be3f2b8e8f15
BEV1_2025-01-23_drive3.csv,validation,1737649482000000000,868,245,"[""BEV1_2025-01-19_drive1.csv"", ""BEV1_2025-01-19_drive3.csv"", ""BEV1_2025-01-19_drive5.csv"", ""BEV1_2025-01-20_drive1.csv"", ""BEV1_2025-01-20_drive2.csv"", ""BEV1_2025-01-21_drive1.csv"", ""BEV1_2025-01-21_drive2.csv"", ""BEV1_2025-01-22_drive1.csv"", ""BEV1_2025-01-22_drive3.csv"", ""BEV1_2025-01-23_drive2.csv""]",[],83115f3e8e90820d9f66214c2df5501a244733d6f639550761b0d1f7a1be82f1,c1369650bf13394c283e9bf829fc37a6a41e58a5f5af308ddf28037cb8a14591
BEV1_2025-01-23_drive4.csv,validation,1737651187000000000,869,246,"[""BEV1_2025-01-19_drive3.csv"", ""BEV1_2025-01-19_drive5.csv"", ""BEV1_2025-01-20_drive1.csv"", ""BEV1_2025-01-20_drive2.csv"", ""BEV1_2025-01-21_drive1.csv"", ""BEV1_2025-01-21_drive2.csv"", ""BEV1_2025-01-22_drive1.csv"", ""BEV1_2025-01-22_drive3.csv"", ""BEV1_2025-01-23_drive2.csv"", ""BEV1_2025-01-23_drive3.csv""]",[],f3a7452599123eb6f7ad81cbe31bd15699c365de3923e3889083f56a1519781d,c6e146e4dfa9b81280ce3feae4e28133375038ad76d2f40e1612a77884fec4ec
BEV1_2025-01-23_drive5.csv,validation,1737654479000000000,870,247,"[""BEV1_2025-01-19_drive5.csv"", ""BEV1_2025-01-20_drive1.csv"", ""BEV1_2025-01-20_drive2.csv"", ""BEV1_2025-01-21_drive1.csv"", ""BEV1_2025-01-21_drive2.csv"", ""BEV1_2025-01-22_drive1.csv"", ""BEV1_2025-01-22_drive3.csv"", ""BEV1_2025-01-23_drive2.csv"", ""BEV1_2025-01-23_drive3.csv"", ""BEV1_2025-01-23_drive4.csv""]",[],db6bb39034a38fe6f8834f4ed35b5eac4820bd3cea6276ad7d31dfb9e31f5dd7,7381d9f029fb4e08373594ee68ec3f9a50eed732f13f7b67b658bd1dbb736e20
BEV1_2025-01-23_drive6.csv,validation,1737665978000000000,871,248,"[""BEV1_2025-01-20_drive1.csv"", ""BEV1_2025-01-20_drive2.csv"", ""BEV1_2025-01-21_drive1.csv"", ""BEV1_2025-01-21_drive2.csv"", ""BEV1_2025-01-22_drive1.csv"", ""BEV1_2025-01-22_drive3.csv"", ""BEV1_2025-01-23_drive2.csv"", ""BEV1_2025-01-23_drive3.csv"", ""BEV1_2025-01-23_drive4.csv"", ""BEV1_2025-01-23_drive5.csv""]",[],9c77ddda480bffc2e8ad45edc0c1102ab9c83228bb9842ef1cc83707066b9c56,11c944c29a92e9e9b620274fae314c570e1fab1c74e708f20e2149d7a53bca00
BEV2_2025-02-16_drive1.csv,future,1739696593000000000,872,623,"[""BEV2_2025-01-12_drive2.csv"", ""BEV2_2025-01-12_drive3.csv"", ""BEV2_2025-01-15_drive1.csv"", ""BEV2_2025-01-16_drive1.csv"", ""BEV2_2025-01-17_drive1.csv"", ""BEV2_2025-01-17_drive2.csv"", ""BEV2_2025-01-18_drive1.csv"", ""BEV2_2025-01-20_drive1.csv"", ""BEV2_2025-01-22_drive1.csv"", ""BEV2_2025-01-22_drive2.csv""]",[],a57d9387b9b39c35e6f739e4ba8e1abc8459dd4ed1fff0ff8cfb6d2630b1d1a6,670f253003c81b811ad58f7cefd0eb951d7a1c919879dc0aed408797cd5cf0df
BEV2_2025-02-16_drive2.csv,future,1739704038000000000,873,624,"[""BEV2_2025-01-12_drive3.csv"", ""BEV2_2025-01-15_drive1.csv"", ""BEV2_2025-01-16_drive1.csv"", ""BEV2_2025-01-17_drive1.csv"", ""BEV2_2025-01-17_drive2.csv"", ""BEV2_2025-01-18_drive1.csv"", ""BEV2_2025-01-20_drive1.csv"", ""BEV2_2025-01-22_drive1.csv"", ""BEV2_2025-01-22_drive2.csv"", ""BEV2_2025-02-16_drive1.csv""]",[],43bd4080afb649d8d8e9d88fe406316b0ee3a38c008ffbb36cfe29400ec84c8a,28fe14cc090628a2b78cac9447ff7a67ede2d0adc87d00a660ba685efd44fa91
BEV1_2025-02-16_drive1.csv,future,1739707683000000000,873,249,"[""BEV1_2025-01-20_drive2.csv"", ""BEV1_2025-01-21_drive1.csv"", ""BEV1_2025-01-21_drive2.csv"", ""BEV1_2025-01-22_drive1.csv"", ""BEV1_2025-01-22_drive3.csv"", ""BEV1_2025-01-23_drive2.csv"", ""BEV1_2025-01-23_drive3.csv"", ""BEV1_2025-01-23_drive4.csv"", ""BEV1_2025-01-23_drive5.csv"", ""BEV1_2025-01-23_drive6.csv""]",[],503f9ae677cb44858951b16a4e171196f03f356b2b3b2390cca8d21c956a2510,d87f5dc23ac23474a83d2fa842137b4109580e7e557839d0e5683b9f1c896181
BEV2_2025-02-16_drive3.csv,future,1739710222000000000,874,624,"[""BEV2_2025-01-12_drive3.csv"", ""BEV2_2025-01-15_drive1.csv"", ""BEV2_2025-01-16_drive1.csv"", ""BEV2_2025-01-17_drive1.csv"", ""BEV2_2025-01-17_drive2.csv"", ""BEV2_2025-01-18_drive1.csv"", ""BEV2_2025-01-20_drive1.csv"", ""BEV2_2025-01-22_drive1.csv"", ""BEV2_2025-01-22_drive2.csv"", ""BEV2_2025-02-16_drive1.csv""]",[],43bd4080afb649d8d8e9d88fe406316b0ee3a38c008ffbb36cfe29400ec84c8a,f8acb5e042db272dd0b6c6172912f741284459c0775fb236dc8c6a97e1463ce0
BEV1_2025-02-16_drive2.csv,future,1739711098000000000,874,250,"[""BEV1_2025-01-21_drive1.csv"", ""BEV1_2025-01-21_drive2.csv"", ""BEV1_2025-01-22_drive1.csv"", ""BEV1_2025-01-22_drive3.csv"", ""BEV1_2025-01-23_drive2.csv"", ""BEV1_2025-01-23_drive3.csv"", ""BEV1_2025-01-23_drive4.csv"", ""BEV1_2025-01-23_drive5.csv"", ""BEV1_2025-01-23_drive6.csv"", ""BEV1_2025-02-16_drive1.csv""]",[],e9a9526be49d046eee2dd7b1c1e42e935bb6e3de67944dda38538c43c61c72e5,b3d86d2f47eb169aa0e63b4e78c5ab9a54e5fd87d01c3f2f49962da38ac34f75
BEV1_2025-02-16_drive3.csv,future,1739711677000000000,875,251,"[""BEV1_2025-01-21_drive2.csv"", ""BEV1_2025-01-22_drive1.csv"", ""BEV1_2025-01-22_drive3.csv"", ""BEV1_2025-01-23_drive2.csv"", ""BEV1_2025-01-23_drive3.csv"", ""BEV1_2025-01-23_drive4.csv"", ""BEV1_2025-01-23_drive5.csv"", ""BEV1_2025-01-23_drive6.csv"", ""BEV1_2025-02-16_drive1.csv"", ""BEV1_2025-02-16_drive2.csv""]",[],9aa141184a4a710c97c98aac9a427a0605b1a44b72be6bd3964833488a533ed4,94747d000aa36e35b0afeccdc46db1483084913ddb93b7b07e69ce0bc2718027
BEV2_2025-02-16_drive4.csv,future,1739722156000000000,877,625,"[""BEV2_2025-01-15_drive1.csv"", ""BEV2_2025-01-16_drive1.csv"", ""BEV2_2025-01-17_drive1.csv"", ""BEV2_2025-01-17_drive2.csv"", ""BEV2_2025-01-18_drive1.csv"", ""BEV2_2025-01-20_drive1.csv"", ""BEV2_2025-01-22_drive1.csv"", ""BEV2_2025-01-22_drive2.csv"", ""BEV2_2025-02-16_drive1.csv"", ""BEV2_2025-02-16_drive3.csv""]",[],b35ae8b9410adab73abb0126b1e2a13a7f1da5e5711a3d4536e5035133b6a984,5da222194c7240a9382b3d7232618867e644ebbd5a168b3bdddc8ef80697289b
BEV2_2025-02-16_drive6.csv,future,1739730989000000000,878,626,"[""BEV2_2025-01-16_drive1.csv"", ""BEV2_2025-01-17_drive1.csv"", ""BEV2_2025-01-17_drive2.csv"", ""BEV2_2025-01-18_drive1.csv"", ""BEV2_2025-01-20_drive1.csv"", ""BEV2_2025-01-22_drive1.csv"", ""BEV2_2025-01-22_drive2.csv"", ""BEV2_2025-02-16_drive1.csv"", ""BEV2_2025-02-16_drive3.csv"", ""BEV2_2025-02-16_drive4.csv""]",[],0d337952c5dbacece9676cc606e36602b93fc41fc4a58fc18cb21de40af8ee22,98f7c5d2f1332deb56f6492e97847e47361f20b550b724dfe151ccc138895f3b
BEV2_2025-02-16_drive7.csv,future,1739737422000000000,879,627,"[""BEV2_2025-01-17_drive1.csv"", ""BEV2_2025-01-17_drive2.csv"", ""BEV2_2025-01-18_drive1.csv"", ""BEV2_2025-01-20_drive1.csv"", ""BEV2_2025-01-22_drive1.csv"", ""BEV2_2025-01-22_drive2.csv"", ""BEV2_2025-02-16_drive1.csv"", ""BEV2_2025-02-16_drive3.csv"", ""BEV2_2025-02-16_drive4.csv"", ""BEV2_2025-02-16_drive6.csv""]",[],e77b0d59be7579a168bca325124237c38ebe49bd94231a405b47296210673314,61853b1fbf7d1b9e80599dcb5819c0b3f407406eb297aaa4ecb9789d56f088fc
BEV2_2025-02-16_drive8.csv,future,1739738732000000000,879,627,"[""BEV2_2025-01-17_drive1.csv"", ""BEV2_2025-01-17_drive2.csv"", ""BEV2_2025-01-18_drive1.csv"", ""BEV2_2025-01-20_drive1.csv"", ""BEV2_2025-01-22_drive1.csv"", ""BEV2_2025-01-22_drive2.csv"", ""BEV2_2025-02-16_drive1.csv"", ""BEV2_2025-02-16_drive3.csv"", ""BEV2_2025-02-16_drive4.csv"", ""BEV2_2025-02-16_drive6.csv""]",[],e77b0d59be7579a168bca325124237c38ebe49bd94231a405b47296210673314,523b06528406b9192e13cbafe0ca4914273fe9742ee1ccd32cb1b55dce82f581
BEV2_2025-02-17_drive1.csv,future,1739774473000000000,880,628,"[""BEV2_2025-01-17_drive2.csv"", ""BEV2_2025-01-18_drive1.csv"", ""BEV2_2025-01-20_drive1.csv"", ""BEV2_2025-01-22_drive1.csv"", ""BEV2_2025-01-22_drive2.csv"", ""BEV2_2025-02-16_drive1.csv"", ""BEV2_2025-02-16_drive3.csv"", ""BEV2_2025-02-16_drive4.csv"", ""BEV2_2025-02-16_drive6.csv"", ""BEV2_2025-02-16_drive8.csv""]",[],534f7aa11649a60e5ce5eb1fb244429be313a42ff9e8aec111201fff72dc6527,e6d2a83360b3299dd6bab7cc9752a8af0b5e970bd405987ad42b205673745b41
BEV1_2025-02-17_drive1.csv,future,1739787275000000000,881,252,"[""BEV1_2025-01-22_drive1.csv"", ""BEV1_2025-01-22_drive3.csv"", ""BEV1_2025-01-23_drive2.csv"", ""BEV1_2025-01-23_drive3.csv"", ""BEV1_2025-01-23_drive4.csv"", ""BEV1_2025-01-23_drive5.csv"", ""BEV1_2025-01-23_drive6.csv"", ""BEV1_2025-02-16_drive1.csv"", ""BEV1_2025-02-16_drive2.csv"", ""BEV1_2025-02-16_drive3.csv""]",[],637c06aae405bb9cd26029c1206f06e1f0d731cf429c92252cc28c926d140076,b5575653795123da69d6d1f408091c1a70809f51205a47c90e1420ae139194cf
BEV2_2025-02-17_drive2.csv,future,1739791546000000000,882,629,"[""BEV2_2025-01-18_drive1.csv"", ""BEV2_2025-01-20_drive1.csv"", ""BEV2_2025-01-22_drive1.csv"", ""BEV2_2025-01-22_drive2.csv"", ""BEV2_2025-02-16_drive1.csv"", ""BEV2_2025-02-16_drive3.csv"", ""BEV2_2025-02-16_drive4.csv"", ""BEV2_2025-02-16_drive6.csv"", ""BEV2_2025-02-16_drive8.csv"", ""BEV2_2025-02-17_drive1.csv""]",[],0de4358c9c5539dda31feb0694bd9c416c8041f8051a97225af5f476bd0d239e,c377c1388deb8dd4a168aa404325f1ae1d0e99162187ab9099805847491e0df5
BEV1_2025-02-17_drive2.csv,future,1739793860000000000,883,253,"[""BEV1_2025-01-22_drive3.csv"", ""BEV1_2025-01-23_drive2.csv"", ""BEV1_2025-01-23_drive3.csv"", ""BEV1_2025-01-23_drive4.csv"", ""BEV1_2025-01-23_drive5.csv"", ""BEV1_2025-01-23_drive6.csv"", ""BEV1_2025-02-16_drive1.csv"", ""BEV1_2025-02-16_drive2.csv"", ""BEV1_2025-02-16_drive3.csv"", ""BEV1_2025-02-17_drive1.csv""]",[],90cf480dd28da7ad2c90ce11394c31579f0643c56e1578963e73fb0af84632c6,07d8b4329bea39dec50f66b262d63a161b01d9907e968cf88428b274773255e4
BEV1_2025-02-17_drive3.csv,future,1739795974000000000,884,254,"[""BEV1_2025-01-23_drive2.csv"", ""BEV1_2025-01-23_drive3.csv"", ""BEV1_2025-01-23_drive4.csv"", ""BEV1_2025-01-23_drive5.csv"", ""BEV1_2025-01-23_drive6.csv"", ""BEV1_2025-02-16_drive1.csv"", ""BEV1_2025-02-16_drive2.csv"", ""BEV1_2025-02-16_drive3.csv"", ""BEV1_2025-02-17_drive1.csv"", ""BEV1_2025-02-17_drive2.csv""]",[],75b199b31684ab1c9838e13899e0d1893030d6d296f277f51c98baef9a89a4e6,7dff65705dccebb42d7f7ce8a9af567491b5070256d0639bfb48471f454c35ec
BEV1_2025-02-17_drive4.csv,future,1739799217000000000,885,255,"[""BEV1_2025-01-23_drive3.csv"", ""BEV1_2025-01-23_drive4.csv"", ""BEV1_2025-01-23_drive5.csv"", ""BEV1_2025-01-23_drive6.csv"", ""BEV1_2025-02-16_drive1.csv"", ""BEV1_2025-02-16_drive2.csv"", ""BEV1_2025-02-16_drive3.csv"", ""BEV1_2025-02-17_drive1.csv"", ""BEV1_2025-02-17_drive2.csv"", ""BEV1_2025-02-17_drive3.csv""]",[],79982e2aa797ef5d74e76d9e800185008457b3151c0ce569765f9bfcd6be2aaf,f365c81cc503f542ca9319e369c3eb7a7c7ecda236ad5298823551b42cc315d4
BEV1_2025-02-17_drive5.csv,future,1739800436000000000,886,256,"[""BEV1_2025-01-23_drive4.csv"", ""BEV1_2025-01-23_drive5.csv"", ""BEV1_2025-01-23_drive6.csv"", ""BEV1_2025-02-16_drive1.csv"", ""BEV1_2025-02-16_drive2.csv"", ""BEV1_2025-02-16_drive3.csv"", ""BEV1_2025-02-17_drive1.csv"", ""BEV1_2025-02-17_drive2.csv"", ""BEV1_2025-02-17_drive3.csv"", ""BEV1_2025-02-17_drive4.csv""]",[],141683dbc58b19004bd57e3689be7acbe7a5919c36bbe308ec19ace6f22b4ca8,f264d0ba33b6a2293463d206977890a9f5149bd26d2e4b88f5ecf5ee67fe59a8
BEV2_2025-02-17_drive3.csv,future,1739800547000000000,886,630,"[""BEV2_2025-01-20_drive1.csv"", ""BEV2_2025-01-22_drive1.csv"", ""BEV2_2025-01-22_drive2.csv"", ""BEV2_2025-02-16_drive1.csv"", ""BEV2_2025-02-16_drive3.csv"", ""BEV2_2025-02-16_drive4.csv"", ""BEV2_2025-02-16_drive6.csv"", ""BEV2_2025-02-16_drive8.csv"", ""BEV2_2025-02-17_drive1.csv"", ""BEV2_2025-02-17_drive2.csv""]","[""BEV2_2025-01-20_drive1.csv""]",8601b8b1ad27afa8335ebba8658dd2938734be9cc8a88070edf3e70e46e4cbc0,38dbcba6e9b69a777cc4cd0dba79afdd78893f0848898ee1007abe70e8b367e9
BEV1_2025-02-17_drive6.csv,future,1739801291000000000,888,257,"[""BEV1_2025-01-23_drive5.csv"", ""BEV1_2025-01-23_drive6.csv"", ""BEV1_2025-02-16_drive1.csv"", ""BEV1_2025-02-16_drive2.csv"", ""BEV1_2025-02-16_drive3.csv"", ""BEV1_2025-02-17_drive1.csv"", ""BEV1_2025-02-17_drive2.csv"", ""BEV1_2025-02-17_drive3.csv"", ""BEV1_2025-02-17_drive4.csv"", ""BEV1_2025-02-17_drive5.csv""]",[],d4d0ed92d79ef99d7d875f9f6c863007e579cd843f2c712021971d60e983f62c,41455460f84870a83434afb79a0d780a1e4c82b869a8dd668a3ee2a3dedc5bfc
BEV1_2025-02-17_drive7.csv,future,1739802706000000000,889,258,"[""BEV1_2025-01-23_drive6.csv"", ""BEV1_2025-02-16_drive1.csv"", ""BEV1_2025-02-16_drive2.csv"", ""BEV1_2025-02-16_drive3.csv"", ""BEV1_2025-02-17_drive1.csv"", ""BEV1_2025-02-17_drive2.csv"", ""BEV1_2025-02-17_drive3.csv"", ""BEV1_2025-02-17_drive4.csv"", ""BEV1_2025-02-17_drive5.csv"", ""BEV1_2025-02-17_drive6.csv""]",[],3157b1530bbb527c1e689dea5e151410d7965b73de4448ec91aff24ae35a8422,7f0bdf057439347340c75c60fba30fd4cfd2f399cd2f80575b50892d1a129010
BEV1_2025-02-18_drive1.csv,future,1739862677000000000,890,259,"[""BEV1_2025-02-16_drive1.csv"", ""BEV1_2025-02-16_drive2.csv"", ""BEV1_2025-02-16_drive3.csv"", ""BEV1_2025-02-17_drive1.csv"", ""BEV1_2025-02-17_drive2.csv"", ""BEV1_2025-02-17_drive3.csv"", ""BEV1_2025-02-17_drive4.csv"", ""BEV1_2025-02-17_drive5.csv"", ""BEV1_2025-02-17_drive6.csv"", ""BEV1_2025-02-17_drive7.csv""]",[],d47356d873ace9a569ed004483712e5854ece44acb45eb94864877ab1716e150,832ac3ea92e2d61fd5ce78ea7bcfd71dbfc098a6ef66a3ec3061383a84b3f7ea
BEV2_2025-02-19_drive1.csv,future,1739955511000000000,891,631,"[""BEV2_2025-01-22_drive1.csv"", ""BEV2_2025-01-22_drive2.csv"", ""BEV2_2025-02-16_drive1.csv"", ""BEV2_2025-02-16_drive3.csv"", ""BEV2_2025-02-16_drive4.csv"", ""BEV2_2025-02-16_drive6.csv"", ""BEV2_2025-02-16_drive8.csv"", ""BEV2_2025-02-17_drive1.csv"", ""BEV2_2025-02-17_drive2.csv"", ""BEV2_2025-02-17_drive3.csv""]",[],c5f51753bffaeb03b484887002f8ad7655d4b49007fb07945da079f87c2e3b8a,0a147d7eb82d1d26a34331761afc497d8b99c29067c75a7d514ae716c0083c79
BEV2_2025-02-19_drive2.csv,future,1739981221000000000,892,632,"[""BEV2_2025-01-22_drive2.csv"", ""BEV2_2025-02-16_drive1.csv"", ""BEV2_2025-02-16_drive3.csv"", ""BEV2_2025-02-16_drive4.csv"", ""BEV2_2025-02-16_drive6.csv"", ""BEV2_2025-02-16_drive8.csv"", ""BEV2_2025-02-17_drive1.csv"", ""BEV2_2025-02-17_drive2.csv"", ""BEV2_2025-02-17_drive3.csv"", ""BEV2_2025-02-19_drive1.csv""]",[],91747c9418617591d11e4dcc9a846f67fa1c2ae98f93a927eddd2111fdca17d9,80e58d5eaba5656a3b75a5603672e56b9c21270e05ca6ea39fab76a15925cfc9
BEV2_2025-02-21_drive1.csv,future,1740160362000000000,893,633,"[""BEV2_2025-02-16_drive1.csv"", ""BEV2_2025-02-16_drive3.csv"", ""BEV2_2025-02-16_drive4.csv"", ""BEV2_2025-02-16_drive6.csv"", ""BEV2_2025-02-16_drive8.csv"", ""BEV2_2025-02-17_drive1.csv"", ""BEV2_2025-02-17_drive2.csv"", ""BEV2_2025-02-17_drive3.csv"", ""BEV2_2025-02-19_drive1.csv"", ""BEV2_2025-02-19_drive2.csv""]",[],502d5104f6c96ed0aa759e2ee116bcf4a4a3314e920dbd46cedad653caf359cc,9b9d2a9370ad6086b0c6f560d55bb24daea9aa3e7deaed540833fe798d47089c
BEV2_2025-02-22_drive1.csv,future,1740220903000000000,894,634,"[""BEV2_2025-02-16_drive3.csv"", ""BEV2_2025-02-16_drive4.csv"", ""BEV2_2025-02-16_drive6.csv"", ""BEV2_2025-02-16_drive8.csv"", ""BEV2_2025-02-17_drive1.csv"", ""BEV2_2025-02-17_drive2.csv"", ""BEV2_2025-02-17_drive3.csv"", ""BEV2_2025-02-19_drive1.csv"", ""BEV2_2025-02-19_drive2.csv"", ""BEV2_2025-02-21_drive1.csv""]",[],e4f7318ebc8429f4d308f1cf83de699b3411a309560a48cebf07fe8e9d823b0a,37757e0ac7f87abeff06ecf50547b23f5370dc866a11a47704e740ba96b5faff
BEV2_2025-02-23_drive1.csv,future,1740299871000000000,895,635,"[""BEV2_2025-02-16_drive4.csv"", ""BEV2_2025-02-16_drive6.csv"", ""BEV2_2025-02-16_drive8.csv"", ""BEV2_2025-02-17_drive1.csv"", ""BEV2_2025-02-17_drive2.csv"", ""BEV2_2025-02-17_drive3.csv"", ""BEV2_2025-02-19_drive1.csv"", ""BEV2_2025-02-19_drive2.csv"", ""BEV2_2025-02-21_drive1.csv"", ""BEV2_2025-02-22_drive1.csv""]",[],a6e57ef2169baf9342334e7ba71702c1cc08b8e5a948f247f0beed7f60520f89,0c35746de05aa519db369a93d4ea5299af1d563b24c54256ff599f1c0534f829
BEV2_2025-02-24_drive1.csv,future,1740409855000000000,896,636,"[""BEV2_2025-02-16_drive6.csv"", ""BEV2_2025-02-16_drive8.csv"", ""BEV2_2025-02-17_drive1.csv"", ""BEV2_2025-02-17_drive2.csv"", ""BEV2_2025-02-17_drive3.csv"", ""BEV2_2025-02-19_drive1.csv"", ""BEV2_2025-02-19_drive2.csv"", ""BEV2_2025-02-21_drive1.csv"", ""BEV2_2025-02-22_drive1.csv"", ""BEV2_2025-02-23_drive1.csv""]",[],98bedfb4c1ee484f5ccb4dc72601357ccfb496e24df7688fcd46d31e1f93cfa7,41949506b69e7c2d1f0f376c9bf8dea1dc919d67e6d8b0c072e5a258b663765b
BEV2_2025-02-24_drive2.csv,future,1740411573000000000,897,637,"[""BEV2_2025-02-16_drive8.csv"", ""BEV2_2025-02-17_drive1.csv"", ""BEV2_2025-02-17_drive2.csv"", ""BEV2_2025-02-17_drive3.csv"", ""BEV2_2025-02-19_drive1.csv"", ""BEV2_2025-02-19_drive2.csv"", ""BEV2_2025-02-21_drive1.csv"", ""BEV2_2025-02-22_drive1.csv"", ""BEV2_2025-02-23_drive1.csv"", ""BEV2_2025-02-24_drive1.csv""]",[],3fceafd78bba6196f0d1087f4feb2d008a9566dc7552b7d70248976dfa4d33e4,e7d73ff5baf3ac212cd7b338fe6add1ff1ff73be22e459ed1b3b2c7b1ba39c8c
BEV2_2025-02-26_drive1.csv,future,1740555994000000000,898,638,"[""BEV2_2025-02-17_drive1.csv"", ""BEV2_2025-02-17_drive2.csv"", ""BEV2_2025-02-17_drive3.csv"", ""BEV2_2025-02-19_drive1.csv"", ""BEV2_2025-02-19_drive2.csv"", ""BEV2_2025-02-21_drive1.csv"", ""BEV2_2025-02-22_drive1.csv"", ""BEV2_2025-02-23_drive1.csv"", ""BEV2_2025-02-24_drive1.csv"", ""BEV2_2025-02-24_drive2.csv""]",[],e2d0d5600a54131b29b0d2b43c9869cf816476ba09954d3597b6df518478c797,fab717b698020652b6b307ea29e89730be52de58c2557249754580327b238604
BEV2_2025-02-26_drive2.csv,future,1740590656000000000,899,639,"[""BEV2_2025-02-17_drive2.csv"", ""BEV2_2025-02-17_drive3.csv"", ""BEV2_2025-02-19_drive1.csv"", ""BEV2_2025-02-19_drive2.csv"", ""BEV2_2025-02-21_drive1.csv"", ""BEV2_2025-02-22_drive1.csv"", ""BEV2_2025-02-23_drive1.csv"", ""BEV2_2025-02-24_drive1.csv"", ""BEV2_2025-02-24_drive2.csv"", ""BEV2_2025-02-26_drive1.csv""]",[],430b8a50c31e163e258410f0b9604896c0882c4002b20efe295b4ec69f1a8e29,ff30baa29fc1fd873f0148be5d983d48df9c780880de29982985d1cefcddc3fe
BEV2_2025-02-27_drive1.csv,future,1740638394000000000,900,640,"[""BEV2_2025-02-17_drive3.csv"", ""BEV2_2025-02-19_drive1.csv"", ""BEV2_2025-02-19_drive2.csv"", ""BEV2_2025-02-21_drive1.csv"", ""BEV2_2025-02-22_drive1.csv"", ""BEV2_2025-02-23_drive1.csv"", ""BEV2_2025-02-24_drive1.csv"", ""BEV2_2025-02-24_drive2.csv"", ""BEV2_2025-02-26_drive1.csv"", ""BEV2_2025-02-26_drive2.csv""]",[],eab6750b4eabb704d4a266e53c98829aed232bf63ad577743b0aed3acc645c1f,66a0af93ad05b5ccff9fba6ed0cefde49eb6bc06285b93ce71d834dc4968098c
BEV2_2025-02-27_drive2.csv,future,1740639087000000000,901,641,"[""BEV2_2025-02-19_drive1.csv"", ""BEV2_2025-02-19_drive2.csv"", ""BEV2_2025-02-21_drive1.csv"", ""BEV2_2025-02-22_drive1.csv"", ""BEV2_2025-02-23_drive1.csv"", ""BEV2_2025-02-24_drive1.csv"", ""BEV2_2025-02-24_drive2.csv"", ""BEV2_2025-02-26_drive1.csv"", ""BEV2_2025-02-26_drive2.csv"", ""BEV2_2025-02-27_drive1.csv""]",[],9d98012c18d3cae6143ebfdc6b59159ecdb894896d19074fbb5c271cf923afe2,31efb3c92bf09c93734cac0f7be152cbf458d7684ee5f04a943a748932464126
BEV2_2025-02-27_drive3.csv,future,1740675276000000000,902,642,"[""BEV2_2025-02-19_drive2.csv"", ""BEV2_2025-02-21_drive1.csv"", ""BEV2_2025-02-22_drive1.csv"", ""BEV2_2025-02-23_drive1.csv"", ""BEV2_2025-02-24_drive1.csv"", ""BEV2_2025-02-24_drive2.csv"", ""BEV2_2025-02-26_drive1.csv"", ""BEV2_2025-02-26_drive2.csv"", ""BEV2_2025-02-27_drive1.csv"", ""BEV2_2025-02-27_drive2.csv""]",[],68afc6ec5c4eddd9b8c137569c4da833c39379f921f4a81174f870f31c2eaff0,a6230b3b42b9665c6b02ba7351d02f2d63f87b8050973b3a5548e35c7bb7c474
BEV2_2025-02-27_drive4.csv,future,1740676450000000000,903,643,"[""BEV2_2025-02-21_drive1.csv"", ""BEV2_2025-02-22_drive1.csv"", ""BEV2_2025-02-23_drive1.csv"", ""BEV2_2025-02-24_drive1.csv"", ""BEV2_2025-02-24_drive2.csv"", ""BEV2_2025-02-26_drive1.csv"", ""BEV2_2025-02-26_drive2.csv"", ""BEV2_2025-02-27_drive1.csv"", ""BEV2_2025-02-27_drive2.csv"", ""BEV2_2025-02-27_drive3.csv""]",[],6a82f411e1db736275bb834f935f202e481fd0a1fc6c7ee19419ff55c3fd0f90,fdfb7060461b4b174ebfc991a437f2802cca54f754cb0319b225a5966dd361a9
BEV2_2025-02-28_drive1.csv,future,1740725602000000000,904,644,"[""BEV2_2025-02-22_drive1.csv"", ""BEV2_2025-02-23_drive1.csv"", ""BEV2_2025-02-24_drive1.csv"", ""BEV2_2025-02-24_drive2.csv"", ""BEV2_2025-02-26_drive1.csv"", ""BEV2_2025-02-26_drive2.csv"", ""BEV2_2025-02-27_drive1.csv"", ""BEV2_2025-02-27_drive2.csv"", ""BEV2_2025-02-27_drive3.csv"", ""BEV2_2025-02-27_drive4.csv""]",[],bd6736734b9249aadb90571d301aeb46297246e64abdeae303f24f0d1d22943f,cb2eccc0b461462f673f88920485b3e44188729496a3a8adeac06f92b4e74189
BEV2_2025-02-28_drive2.csv,future,1740732917000000000,905,645,"[""BEV2_2025-02-23_drive1.csv"", ""BEV2_2025-02-24_drive1.csv"", ""BEV2_2025-02-24_drive2.csv"", ""BEV2_2025-02-26_drive1.csv"", ""BEV2_2025-02-26_drive2.csv"", ""BEV2_2025-02-27_drive1.csv"", ""BEV2_2025-02-27_drive2.csv"", ""BEV2_2025-02-27_drive3.csv"", ""BEV2_2025-02-27_drive4.csv"", ""BEV2_2025-02-28_drive1.csv""]",[],cb6a32ced5e6a2c6ae86db2677215c4d870cd67e9009f542affd7eb49b86d782,4f1fb63502f18c2d14f72c0d6e434cd25c0dd871c540cd47b31f404ff38d23b4
BEV2_2025-02-28_drive3.csv,future,1740733557000000000,906,646,"[""BEV2_2025-02-24_drive1.csv"", ""BEV2_2025-02-24_drive2.csv"", ""BEV2_2025-02-26_drive1.csv"", ""BEV2_2025-02-26_drive2.csv"", ""BEV2_2025-02-27_drive1.csv"", ""BEV2_2025-02-27_drive2.csv"", ""BEV2_2025-02-27_drive3.csv"", ""BEV2_2025-02-27_drive4.csv"", ""BEV2_2025-02-28_drive1.csv"", ""BEV2_2025-02-28_drive2.csv""]",[],ac843535df4513ae26b90228adcc41fec48d3f1a308f41c9963bff5992e6c984,0a115cc7823f937198a16c6550020b2bc270adcdbabc30851d027eb97a5edc1f
BEV2_2025-02-28_drive4.csv,future,1740740548000000000,907,647,"[""BEV2_2025-02-24_drive2.csv"", ""BEV2_2025-02-26_drive1.csv"", ""BEV2_2025-02-26_drive2.csv"", ""BEV2_2025-02-27_drive1.csv"", ""BEV2_2025-02-27_drive2.csv"", ""BEV2_2025-02-27_drive3.csv"", ""BEV2_2025-02-27_drive4.csv"", ""BEV2_2025-02-28_drive1.csv"", ""BEV2_2025-02-28_drive2.csv"", ""BEV2_2025-02-28_drive3.csv""]",[],6e52474273edeae2dc8edc470963ca1fa605298df4e374ab80e41532c204790f,7629e28c1fbf765d967f92df2d78cec2d5b21057dca61de1e91e8b5bce2eeaf7
BEV2_2025-02-28_drive5.csv,future,1740767574000000000,908,648,"[""BEV2_2025-02-26_drive1.csv"", ""BEV2_2025-02-26_drive2.csv"", ""BEV2_2025-02-27_drive1.csv"", ""BEV2_2025-02-27_drive2.csv"", ""BEV2_2025-02-27_drive3.csv"", ""BEV2_2025-02-27_drive4.csv"", ""BEV2_2025-02-28_drive1.csv"", ""BEV2_2025-02-28_drive2.csv"", ""BEV2_2025-02-28_drive3.csv"", ""BEV2_2025-02-28_drive4.csv""]",[],cae043e223e2ee7e66aaf2bd861191de474326ba29733bdfec9ef7c6dbcfa642,aaa022c95f87f53d8f6375d6b8a12ea76fe5c6c5ffa73462105940826eb57c6e
BEV2_2025-03-02_drive1.csv,future,1740906978000000000,909,649,"[""BEV2_2025-02-26_drive2.csv"", ""BEV2_2025-02-27_drive1.csv"", ""BEV2_2025-02-27_drive2.csv"", ""BEV2_2025-02-27_drive3.csv"", ""BEV2_2025-02-27_drive4.csv"", ""BEV2_2025-02-28_drive1.csv"", ""BEV2_2025-02-28_drive2.csv"", ""BEV2_2025-02-28_drive3.csv"", ""BEV2_2025-02-28_drive4.csv"", ""BEV2_2025-02-28_drive5.csv""]",[],4682bb58461254ec73a9883ad2734faff47aadafe57adb7f4f49a28218e23966,2841fd204f9ae375545511a8c69029776e6fa692930fa9e05fa30245aeaa8aea
BEV2_2025-03-02_drive2.csv,future,1740908387000000000,910,650,"[""BEV2_2025-02-27_drive1.csv"", ""BEV2_2025-02-27_drive2.csv"", ""BEV2_2025-02-27_drive3.csv"", ""BEV2_2025-02-27_drive4.csv"", ""BEV2_2025-02-28_drive1.csv"", ""BEV2_2025-02-28_drive2.csv"", ""BEV2_2025-02-28_drive3.csv"", ""BEV2_2025-02-28_drive4.csv"", ""BEV2_2025-02-28_drive5.csv"", ""BEV2_2025-03-02_drive1.csv""]",[],9cce38515fd999e3d896b05062790f65282b8c5564137bbf1ee96a3dff85e02a,f8bbef2917da9cb27bf2b367620f7def7b4aa632f9f0821d4bd66491f84c402d
BEV2_2025-03-02_drive3.csv,future,1740919394000000000,911,651,"[""BEV2_2025-02-27_drive2.csv"", ""BEV2_2025-02-27_drive3.csv"", ""BEV2_2025-02-27_drive4.csv"", ""BEV2_2025-02-28_drive1.csv"", ""BEV2_2025-02-28_drive2.csv"", ""BEV2_2025-02-28_drive3.csv"", ""BEV2_2025-02-28_drive4.csv"", ""BEV2_2025-02-28_drive5.csv"", ""BEV2_2025-03-02_drive1.csv"", ""BEV2_2025-03-02_drive2.csv""]",[],40db9ad156644f573a703b7156a1e4bbabccf245bcba153731a0ab9df5c46e64,589e7c70dd5cb282c83e2955d642a2e8943418f497d9f6c29210f68550e80e22
BEV2_2025-03-02_drive4.csv,future,1740925108000000000,912,652,"[""BEV2_2025-02-27_drive3.csv"", ""BEV2_2025-02-27_drive4.csv"", ""BEV2_2025-02-28_drive1.csv"", ""BEV2_2025-02-28_drive2.csv"", ""BEV2_2025-02-28_drive3.csv"", ""BEV2_2025-02-28_drive4.csv"", ""BEV2_2025-02-28_drive5.csv"", ""BEV2_2025-03-02_drive1.csv"", ""BEV2_2025-03-02_drive2.csv"", ""BEV2_2025-03-02_drive3.csv""]",[],53473452b5815d5c6ace309e6d74058f659feb8f730452381d4cfec8edbbf370,4b05ddcdc64363ba48f6c33363ae11414d4bd7970e879ebc6b164118dc6a05b2
BEV2_2025-03-02_drive5.csv,future,1740937347000000000,913,653,"[""BEV2_2025-02-27_drive4.csv"", ""BEV2_2025-02-28_drive1.csv"", ""BEV2_2025-02-28_drive2.csv"", ""BEV2_2025-02-28_drive3.csv"", ""BEV2_2025-02-28_drive4.csv"", ""BEV2_2025-02-28_drive5.csv"", ""BEV2_2025-03-02_drive1.csv"", ""BEV2_2025-03-02_drive2.csv"", ""BEV2_2025-03-02_drive3.csv"", ""BEV2_2025-03-02_drive4.csv""]",[],73a9f261fe975d1653670ecf472df75b5b3efeaed3eedc801c9c456095c8d9cc,9d3301606620a059dc6617c6c4394b3185cf0abdcfccb1cdc4a4727911d4e340
BEV2_2025-03-02_drive6.csv,future,1740953576000000000,914,654,"[""BEV2_2025-02-28_drive1.csv"", ""BEV2_2025-02-28_drive2.csv"", ""BEV2_2025-02-28_drive3.csv"", ""BEV2_2025-02-28_drive4.csv"", ""BEV2_2025-02-28_drive5.csv"", ""BEV2_2025-03-02_drive1.csv"", ""BEV2_2025-03-02_drive2.csv"", ""BEV2_2025-03-02_drive3.csv"", ""BEV2_2025-03-02_drive4.csv"", ""BEV2_2025-03-02_drive5.csv""]",[],dd0ade180d8407c27c05af36ba1172b3091892c694a60650e46f9526a224c8cd,f4e3603c73bc27564da663c56e813d972286a42bc4bd3ed2f9d44c3bff90f0ba
BEV2_2025-03-03_drive1.csv,future,1740984557000000000,915,655,"[""BEV2_2025-02-28_drive2.csv"", ""BEV2_2025-02-28_drive3.csv"", ""BEV2_2025-02-28_drive4.csv"", ""BEV2_2025-02-28_drive5.csv"", ""BEV2_2025-03-02_drive1.csv"", ""BEV2_2025-03-02_drive2.csv"", ""BEV2_2025-03-02_drive3.csv"", ""BEV2_2025-03-02_drive4.csv"", ""BEV2_2025-03-02_drive5.csv"", ""BEV2_2025-03-02_drive6.csv""]",[],4088a30ef3d8f4e8b44837cbf7b5e7ac55348bf3fc32ecd13de4a621187c2866,91b9189afbd9f5389760efd29dd5066e931e41eb6a228761244bac8b221b79c1
BEV2_2025-03-03_drive2.csv,future,1741022298000000000,916,656,"[""BEV2_2025-02-28_drive3.csv"", ""BEV2_2025-02-28_drive4.csv"", ""BEV2_2025-02-28_drive5.csv"", ""BEV2_2025-03-02_drive1.csv"", ""BEV2_2025-03-02_drive2.csv"", ""BEV2_2025-03-02_drive3.csv"", ""BEV2_2025-03-02_drive4.csv"", ""BEV2_2025-03-02_drive5.csv"", ""BEV2_2025-03-02_drive6.csv"", ""BEV2_2025-03-03_drive1.csv""]","[""BEV2_2025-02-28_drive5.csv""]",5f07dac1bc83c48c0e5ebe40c3dfd5f84ff2b16919473b27d2dfb7fca5d92921,8b2e0fd7af94f072b110018bf4538c0b8f1a4eda529e3729a93528bc65581951
BEV2_2025-03-04_drive1.csv,future,1741057981000000000,917,657,"[""BEV2_2025-02-28_drive4.csv"", ""BEV2_2025-02-28_drive5.csv"", ""BEV2_2025-03-02_drive1.csv"", ""BEV2_2025-03-02_drive2.csv"", ""BEV2_2025-03-02_drive3.csv"", ""BEV2_2025-03-02_drive4.csv"", ""BEV2_2025-03-02_drive5.csv"", ""BEV2_2025-03-02_drive6.csv"", ""BEV2_2025-03-03_drive1.csv"", ""BEV2_2025-03-03_drive2.csv""]",[],19a631c6ecd51be6839b011e81d6b5a070e277ec4db4b38a1baa2701b972e7e9,8cabf9999aac5f44ae5ceb99285b76c5aa96082d6894baa8ff27901cb774044e
BEV2_2025-03-06_drive1.csv,future,1741281289000000000,918,658,"[""BEV2_2025-02-28_drive5.csv"", ""BEV2_2025-03-02_drive1.csv"", ""BEV2_2025-03-02_drive2.csv"", ""BEV2_2025-03-02_drive3.csv"", ""BEV2_2025-03-02_drive4.csv"", ""BEV2_2025-03-02_drive5.csv"", ""BEV2_2025-03-02_drive6.csv"", ""BEV2_2025-03-03_drive1.csv"", ""BEV2_2025-03-03_drive2.csv"", ""BEV2_2025-03-04_drive1.csv""]",[],41a65304d5cb8b952eb01f8bbf8f62167042fc54e406ad9c5d4c0c8c9016063c,63870e1edd2c5f75887c8a9acc496d1c2328c94915539388754c1029eca848dc
BEV2_2025-03-07_drive1.csv,future,1741331770000000000,919,659,"[""BEV2_2025-03-02_drive1.csv"", ""BEV2_2025-03-02_drive2.csv"", ""BEV2_2025-03-02_drive3.csv"", ""BEV2_2025-03-02_drive4.csv"", ""BEV2_2025-03-02_drive5.csv"", ""BEV2_2025-03-02_drive6.csv"", ""BEV2_2025-03-03_drive1.csv"", ""BEV2_2025-03-03_drive2.csv"", ""BEV2_2025-03-04_drive1.csv"", ""BEV2_2025-03-06_drive1.csv""]","[""BEV2_2025-03-03_drive1.csv""]",67fef97cfa9a5f05607ddb2f3f4bcef497fb5a5cc6cb15c8d56206b83c4feb5b,a93514a6ad0e3d307f4c2dfebd8c4d962a0f0d9ff21ff301efedd1c4cb7b4f3e
BEV2_2025-03-07_drive2.csv,future,1741356613000000000,920,660,"[""BEV2_2025-03-02_drive2.csv"", ""BEV2_2025-03-02_drive3.csv"", ""BEV2_2025-03-02_drive4.csv"", ""BEV2_2025-03-02_drive5.csv"", ""BEV2_2025-03-02_drive6.csv"", ""BEV2_2025-03-03_drive1.csv"", ""BEV2_2025-03-03_drive2.csv"", ""BEV2_2025-03-04_drive1.csv"", ""BEV2_2025-03-06_drive1.csv"", ""BEV2_2025-03-07_drive1.csv""]",[],d5b08c3ddf1f9f512f4887b5a7d8bf33b729c9a770d4a1f3ec11e915ca0fae00,a0d48c2270c9b6f4c1ac4f736d9f5a6f1ad24eb078574eaf25f932fae431a76d
BEV2_2025-03-07_drive3.csv,future,1741365840000000000,921,661,"[""BEV2_2025-03-02_drive3.csv"", ""BEV2_2025-03-02_drive4.csv"", ""BEV2_2025-03-02_drive5.csv"", ""BEV2_2025-03-02_drive6.csv"", ""BEV2_2025-03-03_drive1.csv"", ""BEV2_2025-03-03_drive2.csv"", ""BEV2_2025-03-04_drive1.csv"", ""BEV2_2025-03-06_drive1.csv"", ""BEV2_2025-03-07_drive1.csv"", ""BEV2_2025-03-07_drive2.csv""]",[],bb2f438756105d869956428e3ac65db6fd4d0440254b4d26821ed966f107d021,712447e7f1fbac95b06bda8379cf9bf915eed362e1015d8ed266d1d3067c5321
BEV2_2025-03-07_drive4.csv,future,1741366148000000000,922,662,"[""BEV2_2025-03-02_drive4.csv"", ""BEV2_2025-03-02_drive5.csv"", ""BEV2_2025-03-02_drive6.csv"", ""BEV2_2025-03-03_drive1.csv"", ""BEV2_2025-03-03_drive2.csv"", ""BEV2_2025-03-04_drive1.csv"", ""BEV2_2025-03-06_drive1.csv"", ""BEV2_2025-03-07_drive1.csv"", ""BEV2_2025-03-07_drive2.csv"", ""BEV2_2025-03-07_drive3.csv""]",[],b688cc39dd9fed01f807b5356b54cca8669cc145a9738f70332efa71c4088343,affd0182782aaffd14017d13df304afd8a75e63ec8df1be2915f1c8da5400c9a
BEV2_2025-03-07_drive5.csv,future,1741368516000000000,923,663,"[""BEV2_2025-03-02_drive5.csv"", ""BEV2_2025-03-02_drive6.csv"", ""BEV2_2025-03-03_drive1.csv"", ""BEV2_2025-03-03_drive2.csv"", ""BEV2_2025-03-04_drive1.csv"", ""BEV2_2025-03-06_drive1.csv"", ""BEV2_2025-03-07_drive1.csv"", ""BEV2_2025-03-07_drive2.csv"", ""BEV2_2025-03-07_drive3.csv"", ""BEV2_2025-03-07_drive4.csv""]",[],5825b8fefd80242fbfabc881dc3746a16187cfa479b3aa73dc7d8a31e0186ec0,1be876977ffe16e974ecc53b9c35f3aff9ae7ae0ffac4eeca751f20633dde004
BEV2_2025-03-07_drive6.csv,future,1741369616000000000,924,664,"[""BEV2_2025-03-02_drive6.csv"", ""BEV2_2025-03-03_drive1.csv"", ""BEV2_2025-03-03_drive2.csv"", ""BEV2_2025-03-04_drive1.csv"", ""BEV2_2025-03-06_drive1.csv"", ""BEV2_2025-03-07_drive1.csv"", ""BEV2_2025-03-07_drive2.csv"", ""BEV2_2025-03-07_drive3.csv"", ""BEV2_2025-03-07_drive4.csv"", ""BEV2_2025-03-07_drive5.csv""]",[],27cf5a6deaf522edf9d51797185df058a78fe22e49704b2f4dd86fbd955c54c8,4cc32d1447bd0291e2ea41cbb255ad7036be159b4f5479353a2e6a73c13ebc98
BEV2_2025-03-08_drive1.csv,future,1741424378000000000,925,665,"[""BEV2_2025-03-03_drive1.csv"", ""BEV2_2025-03-03_drive2.csv"", ""BEV2_2025-03-04_drive1.csv"", ""BEV2_2025-03-06_drive1.csv"", ""BEV2_2025-03-07_drive1.csv"", ""BEV2_2025-03-07_drive2.csv"", ""BEV2_2025-03-07_drive3.csv"", ""BEV2_2025-03-07_drive4.csv"", ""BEV2_2025-03-07_drive5.csv"", ""BEV2_2025-03-07_drive6.csv""]",[],4877718483fa0838cd2ba51e38d3c52df3eb91aa6ebb6052b61286ea7497475c,7144679794367505f5753f0a85f92eee43a7cbee00de3d2be5d6d99b635b1f4e
BEV2_2025-03-08_drive2.csv,future,1741426163000000000,925,665,"[""BEV2_2025-03-03_drive1.csv"", ""BEV2_2025-03-03_drive2.csv"", ""BEV2_2025-03-04_drive1.csv"", ""BEV2_2025-03-06_drive1.csv"", ""BEV2_2025-03-07_drive1.csv"", ""BEV2_2025-03-07_drive2.csv"", ""BEV2_2025-03-07_drive3.csv"", ""BEV2_2025-03-07_drive4.csv"", ""BEV2_2025-03-07_drive5.csv"", ""BEV2_2025-03-07_drive6.csv""]","[""BEV2_2025-03-07_drive4.csv""]",4877718483fa0838cd2ba51e38d3c52df3eb91aa6ebb6052b61286ea7497475c,9c01a7465dae0ccd89033029d119980c954f4b6280e75afcd7c2200a12fc62ca
BEV2_2025-03-08_drive3.csv,future,1741458257000000000,926,666,"[""BEV2_2025-03-03_drive2.csv"", ""BEV2_2025-03-04_drive1.csv"", ""BEV2_2025-03-06_drive1.csv"", ""BEV2_2025-03-07_drive1.csv"", ""BEV2_2025-03-07_drive2.csv"", ""BEV2_2025-03-07_drive3.csv"", ""BEV2_2025-03-07_drive4.csv"", ""BEV2_2025-03-07_drive5.csv"", ""BEV2_2025-03-07_drive6.csv"", ""BEV2_2025-03-08_drive2.csv""]",[],e1f8f0cb290e7844c416ca2966c19e3ae36f1f786b809e7cde9e38b030ed25bf,7b2ee889e86a1f0f9d22a862a49e822afc05d7bbbe5dfbbb394e3edbf1cb1897
BEV2_2025-03-08_drive4.csv,future,1741466167000000000,927,667,"[""BEV2_2025-03-04_drive1.csv"", ""BEV2_2025-03-06_drive1.csv"", ""BEV2_2025-03-07_drive1.csv"", ""BEV2_2025-03-07_drive2.csv"", ""BEV2_2025-03-07_drive3.csv"", ""BEV2_2025-03-07_drive4.csv"", ""BEV2_2025-03-07_drive5.csv"", ""BEV2_2025-03-07_drive6.csv"", ""BEV2_2025-03-08_drive2.csv"", ""BEV2_2025-03-08_drive3.csv""]",[],2f26d61a618423354a3ece8938997fffe52e1426f71c01501a8624c908600e9a,d1f8a4e805babde8c510c801a54cc98b8f56d7230b5e715edb207be88c4f89ff
BEV2_2025-03-09_drive1.csv,future,1741513765000000000,928,668,"[""BEV2_2025-03-06_drive1.csv"", ""BEV2_2025-03-07_drive1.csv"", ""BEV2_2025-03-07_drive2.csv"", ""BEV2_2025-03-07_drive3.csv"", ""BEV2_2025-03-07_drive4.csv"", ""BEV2_2025-03-07_drive5.csv"", ""BEV2_2025-03-07_drive6.csv"", ""BEV2_2025-03-08_drive2.csv"", ""BEV2_2025-03-08_drive3.csv"", ""BEV2_2025-03-08_drive4.csv""]",[],c47c9cfc7cfc3ce2ac65047a00074efbe9518507490404c21dc11945617c25b1,2e4b89062211ab4e6fdeb396c236864537c4b8c77defa493aa973ec331bcc7d7
BEV2_2025-03-09_drive2.csv,future,1741517140000000000,929,669,"[""BEV2_2025-03-07_drive1.csv"", ""BEV2_2025-03-07_drive2.csv"", ""BEV2_2025-03-07_drive3.csv"", ""BEV2_2025-03-07_drive4.csv"", ""BEV2_2025-03-07_drive5.csv"", ""BEV2_2025-03-07_drive6.csv"", ""BEV2_2025-03-08_drive2.csv"", ""BEV2_2025-03-08_drive3.csv"", ""BEV2_2025-03-08_drive4.csv"", ""BEV2_2025-03-09_drive1.csv""]",[],0b050363da51c572e4c47adb2119d7242a1bbb08d738ae3de584b45732ccc68e,63a4c28d8a4dde932454a47c7367bd6b3553b9f69f976f34779d7d4a4fff7334
BEV2_2025-03-09_drive3.csv,future,1741519386000000000,930,670,"[""BEV2_2025-03-07_drive2.csv"", ""BEV2_2025-03-07_drive3.csv"", ""BEV2_2025-03-07_drive4.csv"", ""BEV2_2025-03-07_drive5.csv"", ""BEV2_2025-03-07_drive6.csv"", ""BEV2_2025-03-08_drive2.csv"", ""BEV2_2025-03-08_drive3.csv"", ""BEV2_2025-03-08_drive4.csv"", ""BEV2_2025-03-09_drive1.csv"", ""BEV2_2025-03-09_drive2.csv""]",[],64bac9dddb5439904e7af3091b151f0ce6298bb83d86b96a04bed0f034c006fe,3e809aeb409886a32e082c7255b49a7d0a1ff8f237f9995c7edbd7cd07034744
BEV2_2025-03-09_drive4.csv,future,1741528366000000000,931,671,"[""BEV2_2025-03-07_drive3.csv"", ""BEV2_2025-03-07_drive4.csv"", ""BEV2_2025-03-07_drive5.csv"", ""BEV2_2025-03-07_drive6.csv"", ""BEV2_2025-03-08_drive2.csv"", ""BEV2_2025-03-08_drive3.csv"", ""BEV2_2025-03-08_drive4.csv"", ""BEV2_2025-03-09_drive1.csv"", ""BEV2_2025-03-09_drive2.csv"", ""BEV2_2025-03-09_drive3.csv""]",[],6124cd541b82a2b2785c94b413306b1f0fc82d50695f0935d871744afb51c1b4,4ea3216f211675962a6aeab2e66c6633db8c7262d4ee0d7adfb0b83ae87b9d58
BEV2_2025-03-09_drive5.csv,future,1741536212000000000,932,672,"[""BEV2_2025-03-07_drive4.csv"", ""BEV2_2025-03-07_drive5.csv"", ""BEV2_2025-03-07_drive6.csv"", ""BEV2_2025-03-08_drive2.csv"", ""BEV2_2025-03-08_drive3.csv"", ""BEV2_2025-03-08_drive4.csv"", ""BEV2_2025-03-09_drive1.csv"", ""BEV2_2025-03-09_drive2.csv"", ""BEV2_2025-03-09_drive3.csv"", ""BEV2_2025-03-09_drive4.csv""]",[],f2c8e7c534486f9484aba21c1bc70a08c281dc6820b17e56cc625a7a3a6c886d,276fe32648eaa12b9af2f1a284ec07e3d7b166f9e51337936ce5e4cc41ca0a8f
BEV2_2025-03-09_drive6.csv,future,1741549686000000000,933,673,"[""BEV2_2025-03-07_drive5.csv"", ""BEV2_2025-03-07_drive6.csv"", ""BEV2_2025-03-08_drive2.csv"", ""BEV2_2025-03-08_drive3.csv"", ""BEV2_2025-03-08_drive4.csv"", ""BEV2_2025-03-09_drive1.csv"", ""BEV2_2025-03-09_drive2.csv"", ""BEV2_2025-03-09_drive3.csv"", ""BEV2_2025-03-09_drive4.csv"", ""BEV2_2025-03-09_drive5.csv""]",[],a4aa7fbb9a189aec4d05faf18741a2e7f9a7fe039176103317269e082a1f8df9,12203995332a9ec192eab4a195306b83190af0828658cb3603958eac9cf807a7
BEV2_2025-03-09_drive7.csv,future,1741550827000000000,934,674,"[""BEV2_2025-03-07_drive6.csv"", ""BEV2_2025-03-08_drive2.csv"", ""BEV2_2025-03-08_drive3.csv"", ""BEV2_2025-03-08_drive4.csv"", ""BEV2_2025-03-09_drive1.csv"", ""BEV2_2025-03-09_drive2.csv"", ""BEV2_2025-03-09_drive3.csv"", ""BEV2_2025-03-09_drive4.csv"", ""BEV2_2025-03-09_drive5.csv"", ""BEV2_2025-03-09_drive6.csv""]",[],61d03b544ff0f2c6f072d7395e0d3d2ccee88088f6310e1e899521f3da84b608,d793de9b4491f4d848f1665df5de9b2449fdb6ddbf46960abaa66fed20847e7c
BEV2_2025-03-10_drive1.csv,future,1741588428000000000,935,675,"[""BEV2_2025-03-08_drive2.csv"", ""BEV2_2025-03-08_drive3.csv"", ""BEV2_2025-03-08_drive4.csv"", ""BEV2_2025-03-09_drive1.csv"", ""BEV2_2025-03-09_drive2.csv"", ""BEV2_2025-03-09_drive3.csv"", ""BEV2_2025-03-09_drive4.csv"", ""BEV2_2025-03-09_drive5.csv"", ""BEV2_2025-03-09_drive6.csv"", ""BEV2_2025-03-09_drive7.csv""]",[],092177151e4ac854238bba1eb02c799831452d963c5c183eba01e2199c292622,8c799761fcb9ff41047f8912af400133d34a2e1931dfb5321ed88c6326da4a53
BEV2_2025-03-10_drive2.csv,future,1741600967000000000,936,676,"[""BEV2_2025-03-08_drive3.csv"", ""BEV2_2025-03-08_drive4.csv"", ""BEV2_2025-03-09_drive1.csv"", ""BEV2_2025-03-09_drive2.csv"", ""BEV2_2025-03-09_drive3.csv"", ""BEV2_2025-03-09_drive4.csv"", ""BEV2_2025-03-09_drive5.csv"", ""BEV2_2025-03-09_drive6.csv"", ""BEV2_2025-03-09_drive7.csv"", ""BEV2_2025-03-10_drive1.csv""]",[],51a923d6115b76a60fcfd0e7a773e072d5e58aa70a31bf8e2e6fa50eae4f73fe,cbe3fa435ede974b10d2d1fa5e2bc3e8922b01edf7d2111cc755d779f5e47206
BEV2_2025-03-10_drive3.csv,future,1741623899000000000,937,677,"[""BEV2_2025-03-08_drive4.csv"", ""BEV2_2025-03-09_drive1.csv"", ""BEV2_2025-03-09_drive2.csv"", ""BEV2_2025-03-09_drive3.csv"", ""BEV2_2025-03-09_drive4.csv"", ""BEV2_2025-03-09_drive5.csv"", ""BEV2_2025-03-09_drive6.csv"", ""BEV2_2025-03-09_drive7.csv"", ""BEV2_2025-03-10_drive1.csv"", ""BEV2_2025-03-10_drive2.csv""]",[],d5295231b82f7bbb904ade6b922a5e66e36742e65322cf40523f3218ed0c3490,a39db1abbd949e1526bc6c57fe86c98b5c65eecae438fc3a9694debc94565fc3
BEV2_2025-03-11_drive1.csv,future,1741674791000000000,938,678,"[""BEV2_2025-03-09_drive1.csv"", ""BEV2_2025-03-09_drive2.csv"", ""BEV2_2025-03-09_drive3.csv"", ""BEV2_2025-03-09_drive4.csv"", ""BEV2_2025-03-09_drive5.csv"", ""BEV2_2025-03-09_drive6.csv"", ""BEV2_2025-03-09_drive7.csv"", ""BEV2_2025-03-10_drive1.csv"", ""BEV2_2025-03-10_drive2.csv"", ""BEV2_2025-03-10_drive3.csv""]","[""BEV2_2025-03-10_drive1.csv""]",ec2768e89db6cbb0f8c2c0af50a526b6cf7809e783d95420ea927ffcdd7bbc29,6ba292a42a5552aa5e75a876ddd860cc4a9b9dc1aac4c532acee2763c3f083ea
BEV2_2025-03-11_drive2.csv,future,1741706821000000000,939,679,"[""BEV2_2025-03-09_drive2.csv"", ""BEV2_2025-03-09_drive3.csv"", ""BEV2_2025-03-09_drive4.csv"", ""BEV2_2025-03-09_drive5.csv"", ""BEV2_2025-03-09_drive6.csv"", ""BEV2_2025-03-09_drive7.csv"", ""BEV2_2025-03-10_drive1.csv"", ""BEV2_2025-03-10_drive2.csv"", ""BEV2_2025-03-10_drive3.csv"", ""BEV2_2025-03-11_drive1.csv""]","[""BEV2_2025-03-10_drive3.csv""]",a839ceab2669eef9cb70362e1efb94dfd78fb36c54b6143c7271babf0eb73fa6,5fbe9e5c88be9a0d569e0116c92d17506e559af82d2a8ca388f7897042bd259e
BEV2_2025-03-11_drive3.csv,future,1741712152000000000,940,680,"[""BEV2_2025-03-09_drive3.csv"", ""BEV2_2025-03-09_drive4.csv"", ""BEV2_2025-03-09_drive5.csv"", ""BEV2_2025-03-09_drive6.csv"", ""BEV2_2025-03-09_drive7.csv"", ""BEV2_2025-03-10_drive1.csv"", ""BEV2_2025-03-10_drive2.csv"", ""BEV2_2025-03-10_drive3.csv"", ""BEV2_2025-03-11_drive1.csv"", ""BEV2_2025-03-11_drive2.csv""]",[],d2976c0a533fc561325a51d118c8ed4392ac468a7c0a8f17502b1e678365d5d0,0fd8a38d175dee54423e4d2f1bd49496cef617cc42549595dde623f173cb7781
BEV2_2025-03-11_drive4.csv,future,1741724900000000000,941,681,"[""BEV2_2025-03-09_drive4.csv"", ""BEV2_2025-03-09_drive5.csv"", ""BEV2_2025-03-09_drive6.csv"", ""BEV2_2025-03-09_drive7.csv"", ""BEV2_2025-03-10_drive1.csv"", ""BEV2_2025-03-10_drive2.csv"", ""BEV2_2025-03-10_drive3.csv"", ""BEV2_2025-03-11_drive1.csv"", ""BEV2_2025-03-11_drive2.csv"", ""BEV2_2025-03-11_drive3.csv""]",[],9b3bca67a519566b55ef1dec259c5946a1cea1761b3a12a5a9782cae00c572c3,7dcf500ec22f6cb6758f6f77506a70698917f65b1de853f55c111e23f84d4aec
BEV2_2025-03-11_drive5.csv,future,1741725454000000000,942,682,"[""BEV2_2025-03-09_drive5.csv"", ""BEV2_2025-03-09_drive6.csv"", ""BEV2_2025-03-09_drive7.csv"", ""BEV2_2025-03-10_drive1.csv"", ""BEV2_2025-03-10_drive2.csv"", ""BEV2_2025-03-10_drive3.csv"", ""BEV2_2025-03-11_drive1.csv"", ""BEV2_2025-03-11_drive2.csv"", ""BEV2_2025-03-11_drive3.csv"", ""BEV2_2025-03-11_drive4.csv""]",[],d2306d225f0394ee65a308cf49e286cf11598b15e1876a1cfc266fc9a77eb47d,f27fcd57f382bbb5acb05ca9cd5326d61caa42478cf919b9a7df11a6d7a710c8
BEV2_2025-03-12_drive1.csv,future,1741759687000000000,943,683,"[""BEV2_2025-03-09_drive6.csv"", ""BEV2_2025-03-09_drive7.csv"", ""BEV2_2025-03-10_drive1.csv"", ""BEV2_2025-03-10_drive2.csv"", ""BEV2_2025-03-10_drive3.csv"", ""BEV2_2025-03-11_drive1.csv"", ""BEV2_2025-03-11_drive2.csv"", ""BEV2_2025-03-11_drive3.csv"", ""BEV2_2025-03-11_drive4.csv"", ""BEV2_2025-03-11_drive5.csv""]",[],5a302e4d3dced2731826a065a48555cd2f21697b5e7ee474cc7efe13256587bf,fbd9d8d81aef816de83fccdd76339828bc788152fbd79af23da227c9f148dbfc
BEV2_2025-03-12_drive2.csv,future,1741788396000000000,944,684,"[""BEV2_2025-03-09_drive7.csv"", ""BEV2_2025-03-10_drive1.csv"", ""BEV2_2025-03-10_drive2.csv"", ""BEV2_2025-03-10_drive3.csv"", ""BEV2_2025-03-11_drive1.csv"", ""BEV2_2025-03-11_drive2.csv"", ""BEV2_2025-03-11_drive3.csv"", ""BEV2_2025-03-11_drive4.csv"", ""BEV2_2025-03-11_drive5.csv"", ""BEV2_2025-03-12_drive1.csv""]",[],23567b50121b64a32a23eafbb79bd0dc657b7f608688395d880a9c18192d163e,5974fda6a615b3a5a9e73036796ac357e0cc277e0a7eb2ec4323a51520a38259
BEV2_2025-03-12_drive3.csv,future,1741801352000000000,945,685,"[""BEV2_2025-03-10_drive1.csv"", ""BEV2_2025-03-10_drive2.csv"", ""BEV2_2025-03-10_drive3.csv"", ""BEV2_2025-03-11_drive1.csv"", ""BEV2_2025-03-11_drive2.csv"", ""BEV2_2025-03-11_drive3.csv"", ""BEV2_2025-03-11_drive4.csv"", ""BEV2_2025-03-11_drive5.csv"", ""BEV2_2025-03-12_drive1.csv"", ""BEV2_2025-03-12_drive2.csv""]",[],3a4242ddf591d83ad05a1c28ee5a1368165e0783db09ee3a543b9c765e5c1a67,4e090f8dfa2bb4cb9098eeb661eee5326f0d5f72699b9b27e403780542bf417b
BEV2_2025-03-12_drive4.csv,future,1741808549000000000,946,686,"[""BEV2_2025-03-10_drive2.csv"", ""BEV2_2025-03-10_drive3.csv"", ""BEV2_2025-03-11_drive1.csv"", ""BEV2_2025-03-11_drive2.csv"", ""BEV2_2025-03-11_drive3.csv"", ""BEV2_2025-03-11_drive4.csv"", ""BEV2_2025-03-11_drive5.csv"", ""BEV2_2025-03-12_drive1.csv"", ""BEV2_2025-03-12_drive2.csv"", ""BEV2_2025-03-12_drive3.csv""]",[],357ba3d036a4d4d1d6169d476c34f153f92b7f98d041efebdb4c430f9ce0bcf4,e7a9a44df76aa96102cd709dd6ba02dce5fa22ec0ded43a3a4944c880ec8e62d
BEV2_2025-03-13_drive1.csv,future,1741848059000000000,946,686,"[""BEV2_2025-03-10_drive2.csv"", ""BEV2_2025-03-10_drive3.csv"", ""BEV2_2025-03-11_drive1.csv"", ""BEV2_2025-03-11_drive2.csv"", ""BEV2_2025-03-11_drive3.csv"", ""BEV2_2025-03-11_drive4.csv"", ""BEV2_2025-03-11_drive5.csv"", ""BEV2_2025-03-12_drive1.csv"", ""BEV2_2025-03-12_drive2.csv"", ""BEV2_2025-03-12_drive3.csv""]","[""BEV2_2025-03-11_drive1.csv""]",357ba3d036a4d4d1d6169d476c34f153f92b7f98d041efebdb4c430f9ce0bcf4,6616a662b55c1b8573c3919fb9b4ec117c9768205a1cdf527ecd5f8a624fbbaf
BEV2_2025-03-13_drive2.csv,future,1741881141000000000,947,687,"[""BEV2_2025-03-10_drive3.csv"", ""BEV2_2025-03-11_drive1.csv"", ""BEV2_2025-03-11_drive2.csv"", ""BEV2_2025-03-11_drive3.csv"", ""BEV2_2025-03-11_drive4.csv"", ""BEV2_2025-03-11_drive5.csv"", ""BEV2_2025-03-12_drive1.csv"", ""BEV2_2025-03-12_drive2.csv"", ""BEV2_2025-03-12_drive3.csv"", ""BEV2_2025-03-13_drive1.csv""]","[""BEV2_2025-03-10_drive3.csv"", ""BEV2_2025-03-11_drive2.csv""]",f6f28b9a59cd24cb88934cc0f58b2bf1b8547739cb09022b797935263bda121c,af13732f52ed5ad491371625ef60943341b5fead8d1352bad4a8eab698c87da0
BEV2_2025-03-13_drive3.csv,future,1741883643000000000,948,688,"[""BEV2_2025-03-11_drive1.csv"", ""BEV2_2025-03-11_drive2.csv"", ""BEV2_2025-03-11_drive3.csv"", ""BEV2_2025-03-11_drive4.csv"", ""BEV2_2025-03-11_drive5.csv"", ""BEV2_2025-03-12_drive1.csv"", ""BEV2_2025-03-12_drive2.csv"", ""BEV2_2025-03-12_drive3.csv"", ""BEV2_2025-03-13_drive1.csv"", ""BEV2_2025-03-13_drive2.csv""]",[],4f1b3aa4975dcb3411077deadef5b5dba8b7a7208e6f1bfd8a31f1aeac499f1c,c0470a8b475cd293942fd0691d9d0e7d6920f51b5c390297b0e483eadb96f4f6
BEV2_2025-03-13_drive4.csv,future,1741897584000000000,949,689,"[""BEV2_2025-03-11_drive2.csv"", ""BEV2_2025-03-11_drive3.csv"", ""BEV2_2025-03-11_drive4.csv"", ""BEV2_2025-03-11_drive5.csv"", ""BEV2_2025-03-12_drive1.csv"", ""BEV2_2025-03-12_drive2.csv"", ""BEV2_2025-03-12_drive3.csv"", ""BEV2_2025-03-13_drive1.csv"", ""BEV2_2025-03-13_drive2.csv"", ""BEV2_2025-03-13_drive3.csv""]",[],b4fc66f30bfb51caccda881473f475ac6a546a80de4c50d55e9226a9b27f23cd,af05be0ab112aae828f4843c2f71ba0b5166caf0c0ce4cfa73cbdb62097e4a3e
BEV2_2025-03-14_drive1.csv,future,1741935265000000000,950,690,"[""BEV2_2025-03-11_drive3.csv"", ""BEV2_2025-03-11_drive4.csv"", ""BEV2_2025-03-11_drive5.csv"", ""BEV2_2025-03-12_drive1.csv"", ""BEV2_2025-03-12_drive2.csv"", ""BEV2_2025-03-12_drive3.csv"", ""BEV2_2025-03-13_drive1.csv"", ""BEV2_2025-03-13_drive2.csv"", ""BEV2_2025-03-13_drive3.csv"", ""BEV2_2025-03-13_drive4.csv""]",[],49d98a119b07e32ee96c25cbcb193d0c6d47fe61281179c843a42b880d28240d,7ac8fef45940aaf2adf9cf34ffd07eb951f0ddee68ca8fb63c68a7a688f2db4d
BEV2_2025-03-14_drive2.csv,future,1741942698000000000,951,691,"[""BEV2_2025-03-11_drive4.csv"", ""BEV2_2025-03-11_drive5.csv"", ""BEV2_2025-03-12_drive1.csv"", ""BEV2_2025-03-12_drive2.csv"", ""BEV2_2025-03-12_drive3.csv"", ""BEV2_2025-03-13_drive1.csv"", ""BEV2_2025-03-13_drive2.csv"", ""BEV2_2025-03-13_drive3.csv"", ""BEV2_2025-03-13_drive4.csv"", ""BEV2_2025-03-14_drive1.csv""]",[],05aad8080bce6935b083812e566cdbe5cd45b5fb41e605ce32a2f45713d75994,abb2b41ed9db49d08aec9e9952f759905ec7139d1e463fac2debac4470e71bfc
BEV2_2025-03-14_drive3.csv,future,1741943188000000000,951,691,"[""BEV2_2025-03-11_drive4.csv"", ""BEV2_2025-03-11_drive5.csv"", ""BEV2_2025-03-12_drive1.csv"", ""BEV2_2025-03-12_drive2.csv"", ""BEV2_2025-03-12_drive3.csv"", ""BEV2_2025-03-13_drive1.csv"", ""BEV2_2025-03-13_drive2.csv"", ""BEV2_2025-03-13_drive3.csv"", ""BEV2_2025-03-13_drive4.csv"", ""BEV2_2025-03-14_drive1.csv""]",[],05aad8080bce6935b083812e566cdbe5cd45b5fb41e605ce32a2f45713d75994,55dc3149ef3c7bd164c15e847f66a5632e767855817a73870abe2610c1196014
BEV2_2025-03-14_drive4.csv,future,1741951372000000000,952,692,"[""BEV2_2025-03-11_drive5.csv"", ""BEV2_2025-03-12_drive1.csv"", ""BEV2_2025-03-12_drive2.csv"", ""BEV2_2025-03-12_drive3.csv"", ""BEV2_2025-03-13_drive1.csv"", ""BEV2_2025-03-13_drive2.csv"", ""BEV2_2025-03-13_drive3.csv"", ""BEV2_2025-03-13_drive4.csv"", ""BEV2_2025-03-14_drive1.csv"", ""BEV2_2025-03-14_drive3.csv""]",[],bce3576d8a317b8b41491481961a140b58ce98529a275861add60637dda59178,e4599dcd52fe59d2034fd32f3590c3b5eddb33c160607b8b998655c9eec2938e
BEV2_2025-03-14_drive5.csv,future,1741958335000000000,953,693,"[""BEV2_2025-03-12_drive1.csv"", ""BEV2_2025-03-12_drive2.csv"", ""BEV2_2025-03-12_drive3.csv"", ""BEV2_2025-03-13_drive1.csv"", ""BEV2_2025-03-13_drive2.csv"", ""BEV2_2025-03-13_drive3.csv"", ""BEV2_2025-03-13_drive4.csv"", ""BEV2_2025-03-14_drive1.csv"", ""BEV2_2025-03-14_drive3.csv"", ""BEV2_2025-03-14_drive4.csv""]",[],8487825e040280bf18d34df25dae4f56841283abca3debbca6573e5f466177d1,d0fa50f6f5a6ad0fb91066541914bb6e4cf55f9f1e26119403b15852802940ef
BEV2_2025-03-14_drive6.csv,future,1741970691000000000,953,693,"[""BEV2_2025-03-12_drive1.csv"", ""BEV2_2025-03-12_drive2.csv"", ""BEV2_2025-03-12_drive3.csv"", ""BEV2_2025-03-13_drive1.csv"", ""BEV2_2025-03-13_drive2.csv"", ""BEV2_2025-03-13_drive3.csv"", ""BEV2_2025-03-13_drive4.csv"", ""BEV2_2025-03-14_drive1.csv"", ""BEV2_2025-03-14_drive3.csv"", ""BEV2_2025-03-14_drive4.csv""]","[""BEV2_2025-03-13_drive2.csv""]",8487825e040280bf18d34df25dae4f56841283abca3debbca6573e5f466177d1,054bed55f006b7e819a55ff105fdd8a41df84e07795a6c3952048a3c499cc732
BEV2_2025-03-14_drive7.csv,future,1741972094000000000,954,694,"[""BEV2_2025-03-12_drive2.csv"", ""BEV2_2025-03-12_drive3.csv"", ""BEV2_2025-03-13_drive1.csv"", ""BEV2_2025-03-13_drive2.csv"", ""BEV2_2025-03-13_drive3.csv"", ""BEV2_2025-03-13_drive4.csv"", ""BEV2_2025-03-14_drive1.csv"", ""BEV2_2025-03-14_drive3.csv"", ""BEV2_2025-03-14_drive4.csv"", ""BEV2_2025-03-14_drive6.csv""]",[],2ce52ce4d618960d4bc7909606df66eca5dff9145de906e48477bb79fd7aa6bc,cf0fbfdd95259ef15775289ed345337355c2db23db79ef772ebda05010817a4e
BEV2_2025-03-14_drive8.csv,future,1741976396000000000,954,694,"[""BEV2_2025-03-12_drive2.csv"", ""BEV2_2025-03-12_drive3.csv"", ""BEV2_2025-03-13_drive1.csv"", ""BEV2_2025-03-13_drive2.csv"", ""BEV2_2025-03-13_drive3.csv"", ""BEV2_2025-03-13_drive4.csv"", ""BEV2_2025-03-14_drive1.csv"", ""BEV2_2025-03-14_drive3.csv"", ""BEV2_2025-03-14_drive4.csv"", ""BEV2_2025-03-14_drive6.csv""]",[],2ce52ce4d618960d4bc7909606df66eca5dff9145de906e48477bb79fd7aa6bc,4d212b4325c3e2fe64225f45c536c594e519a147cad6dc82d062708303b67160
BEV2_2025-03-15_drive1.csv,future,1742032905000000000,955,695,"[""BEV2_2025-03-12_drive3.csv"", ""BEV2_2025-03-13_drive1.csv"", ""BEV2_2025-03-13_drive2.csv"", ""BEV2_2025-03-13_drive3.csv"", ""BEV2_2025-03-13_drive4.csv"", ""BEV2_2025-03-14_drive1.csv"", ""BEV2_2025-03-14_drive3.csv"", ""BEV2_2025-03-14_drive4.csv"", ""BEV2_2025-03-14_drive6.csv"", ""BEV2_2025-03-14_drive8.csv""]",[],05a0b822ea386ab22edaa93de89c23c59daefd2ba1e564641af88ac10b84f645,6cbf50c5fade2032ba88b7d4e99abbe323ed8948a16e5e5e96216bea5cc49c55
BEV2_2025-03-15_drive2.csv,future,1742033495000000000,956,696,"[""BEV2_2025-03-13_drive1.csv"", ""BEV2_2025-03-13_drive2.csv"", ""BEV2_2025-03-13_drive3.csv"", ""BEV2_2025-03-13_drive4.csv"", ""BEV2_2025-03-14_drive1.csv"", ""BEV2_2025-03-14_drive3.csv"", ""BEV2_2025-03-14_drive4.csv"", ""BEV2_2025-03-14_drive6.csv"", ""BEV2_2025-03-14_drive8.csv"", ""BEV2_2025-03-15_drive1.csv""]",[],d30a1c2378d5a862c96975005648d5ae336a4a2815eee65baeb88d7be37d4df8,70b8318dd47e49263c0cfc9af1d0f9b277bcfc4adf3c089e35d6c5c370909cf0
BEV2_2025-03-15_drive3.csv,future,1742034928000000000,957,697,"[""BEV2_2025-03-13_drive2.csv"", ""BEV2_2025-03-13_drive3.csv"", ""BEV2_2025-03-13_drive4.csv"", ""BEV2_2025-03-14_drive1.csv"", ""BEV2_2025-03-14_drive3.csv"", ""BEV2_2025-03-14_drive4.csv"", ""BEV2_2025-03-14_drive6.csv"", ""BEV2_2025-03-14_drive8.csv"", ""BEV2_2025-03-15_drive1.csv"", ""BEV2_2025-03-15_drive2.csv""]",[],73da96fec61034d5bfc0cef411eeccdd41451b9273aee2544577f0bd3e9051e5,3453074151f7fad5833a0f3f7afa7a78cd887b625c745c961ca24e859d086af7
BEV2_2025-03-15_drive4.csv,future,1742039031000000000,958,698,"[""BEV2_2025-03-13_drive3.csv"", ""BEV2_2025-03-13_drive4.csv"", ""BEV2_2025-03-14_drive1.csv"", ""BEV2_2025-03-14_drive3.csv"", ""BEV2_2025-03-14_drive4.csv"", ""BEV2_2025-03-14_drive6.csv"", ""BEV2_2025-03-14_drive8.csv"", ""BEV2_2025-03-15_drive1.csv"", ""BEV2_2025-03-15_drive2.csv"", ""BEV2_2025-03-15_drive3.csv""]",[],de824a22263759d73945e55d889d1663e827e9e665ce40a58904b13168343970,4f9599830108c83e427ac3114fd8a9f122d70800e103d57fde2ca05216337f4c
BEV2_2025-03-15_drive5.csv,future,1742045880000000000,959,699,"[""BEV2_2025-03-13_drive4.csv"", ""BEV2_2025-03-14_drive1.csv"", ""BEV2_2025-03-14_drive3.csv"", ""BEV2_2025-03-14_drive4.csv"", ""BEV2_2025-03-14_drive6.csv"", ""BEV2_2025-03-14_drive8.csv"", ""BEV2_2025-03-15_drive1.csv"", ""BEV2_2025-03-15_drive2.csv"", ""BEV2_2025-03-15_drive3.csv"", ""BEV2_2025-03-15_drive4.csv""]",[],1c16cd16c37245937339909d4506d4097ad0fa041197eb9f15dc9b92e77115d4,0fa31b24b6cdbe8f9a88e8b34d70021c44cc77e8141cffeaec9d9e4ce6bc8f30
BEV2_2025-03-15_drive6.csv,future,1742050424000000000,960,700,"[""BEV2_2025-03-14_drive1.csv"", ""BEV2_2025-03-14_drive3.csv"", ""BEV2_2025-03-14_drive4.csv"", ""BEV2_2025-03-14_drive6.csv"", ""BEV2_2025-03-14_drive8.csv"", ""BEV2_2025-03-15_drive1.csv"", ""BEV2_2025-03-15_drive2.csv"", ""BEV2_2025-03-15_drive3.csv"", ""BEV2_2025-03-15_drive4.csv"", ""BEV2_2025-03-15_drive5.csv""]",[],6e7098801e05aa113b0af0f9cdeabe4bd14af6d6b1b68f0b2463e51f0bd3f9d5,749b3a6818a45f54bd8a2156c193b61742aba447449d1bfbc3ffaa07b3bd0e90
BEV2_2025-03-15_drive7.csv,future,1742054276000000000,961,701,"[""BEV2_2025-03-14_drive3.csv"", ""BEV2_2025-03-14_drive4.csv"", ""BEV2_2025-03-14_drive6.csv"", ""BEV2_2025-03-14_drive8.csv"", ""BEV2_2025-03-15_drive1.csv"", ""BEV2_2025-03-15_drive2.csv"", ""BEV2_2025-03-15_drive3.csv"", ""BEV2_2025-03-15_drive4.csv"", ""BEV2_2025-03-15_drive5.csv"", ""BEV2_2025-03-15_drive6.csv""]",[],72a2db08092869d5d43b8f51b2e726f4d35f4b35142efcfb7a0cffd53a9701ba,bbf491ba85b481aeb4433253f614b5881c378ad56a8392fd50d6a814849d31fc
BEV2_2025-03-15_drive8.csv,future,1742058012000000000,962,702,"[""BEV2_2025-03-14_drive4.csv"", ""BEV2_2025-03-14_drive6.csv"", ""BEV2_2025-03-14_drive8.csv"", ""BEV2_2025-03-15_drive1.csv"", ""BEV2_2025-03-15_drive2.csv"", ""BEV2_2025-03-15_drive3.csv"", ""BEV2_2025-03-15_drive4.csv"", ""BEV2_2025-03-15_drive5.csv"", ""BEV2_2025-03-15_drive6.csv"", ""BEV2_2025-03-15_drive7.csv""]",[],5ee61962e32e27b2d6a97eb26e76e78512ecc85fa3b7b6470fabb580393f2fbb,df97ed31aa38da752f8015f73b7f27b553e1fbb138d468f6ac95d79d0b6e6671
BEV2_2025-03-16_drive1.csv,future,1742117712000000000,963,703,"[""BEV2_2025-03-14_drive6.csv"", ""BEV2_2025-03-14_drive8.csv"", ""BEV2_2025-03-15_drive1.csv"", ""BEV2_2025-03-15_drive2.csv"", ""BEV2_2025-03-15_drive3.csv"", ""BEV2_2025-03-15_drive4.csv"", ""BEV2_2025-03-15_drive5.csv"", ""BEV2_2025-03-15_drive6.csv"", ""BEV2_2025-03-15_drive7.csv"", ""BEV2_2025-03-15_drive8.csv""]",[],9997b0474b7586f06f7be5df03e97609fb783432153339a150baeb1509ca754d,52e01b84b9a16a0e818126f37af50f1dda3e396ff8c23208fc072864dbecb8af
BEV2_2025-03-16_drive2.csv,future,1742118556000000000,964,704,"[""BEV2_2025-03-14_drive8.csv"", ""BEV2_2025-03-15_drive1.csv"", ""BEV2_2025-03-15_drive2.csv"", ""BEV2_2025-03-15_drive3.csv"", ""BEV2_2025-03-15_drive4.csv"", ""BEV2_2025-03-15_drive5.csv"", ""BEV2_2025-03-15_drive6.csv"", ""BEV2_2025-03-15_drive7.csv"", ""BEV2_2025-03-15_drive8.csv"", ""BEV2_2025-03-16_drive1.csv""]",[],1a6cd86c739526276e96b06e82ac422186c09f63e2eaceb926b2d09d40cd2199,b389a384bed8405aaf8d6d85d8311626c1074eb3c76539a3f12ce070e9463846
BEV2_2025-03-16_drive3.csv,future,1742120953000000000,965,705,"[""BEV2_2025-03-15_drive1.csv"", ""BEV2_2025-03-15_drive2.csv"", ""BEV2_2025-03-15_drive3.csv"", ""BEV2_2025-03-15_drive4.csv"", ""BEV2_2025-03-15_drive5.csv"", ""BEV2_2025-03-15_drive6.csv"", ""BEV2_2025-03-15_drive7.csv"", ""BEV2_2025-03-15_drive8.csv"", ""BEV2_2025-03-16_drive1.csv"", ""BEV2_2025-03-16_drive2.csv""]",[],663eff550e4fdb2b133220986cd0ca40d9c26bbeb1de1f0992efad852e20aa05,32ea4dc607aacbdacd101650f0df2c8b87f1501c824fc2a157c2bf392495e6ab
BEV2_2025-03-16_drive4.csv,future,1742125826000000000,965,705,"[""BEV2_2025-03-15_drive1.csv"", ""BEV2_2025-03-15_drive2.csv"", ""BEV2_2025-03-15_drive3.csv"", ""BEV2_2025-03-15_drive4.csv"", ""BEV2_2025-03-15_drive5.csv"", ""BEV2_2025-03-15_drive6.csv"", ""BEV2_2025-03-15_drive7.csv"", ""BEV2_2025-03-15_drive8.csv"", ""BEV2_2025-03-16_drive1.csv"", ""BEV2_2025-03-16_drive2.csv""]",[],663eff550e4fdb2b133220986cd0ca40d9c26bbeb1de1f0992efad852e20aa05,0357fab1a62e5b99f24e19c7ebc0f17963274116d7819607bac0f05d7afb6482
BEV2_2025-03-16_drive5.csv,future,1742128726000000000,966,706,"[""BEV2_2025-03-15_drive2.csv"", ""BEV2_2025-03-15_drive3.csv"", ""BEV2_2025-03-15_drive4.csv"", ""BEV2_2025-03-15_drive5.csv"", ""BEV2_2025-03-15_drive6.csv"", ""BEV2_2025-03-15_drive7.csv"", ""BEV2_2025-03-15_drive8.csv"", ""BEV2_2025-03-16_drive1.csv"", ""BEV2_2025-03-16_drive2.csv"", ""BEV2_2025-03-16_drive4.csv""]",[],c647e2f6677922d67ff0382f83d158811a870daf9737527c137376fee8621674,31b061f30e8388e8401cbd3b50365a56b3cc37dec6d8af263b25ee49928cb738
BEV2_2025-03-16_drive6.csv,future,1742129405000000000,967,707,"[""BEV2_2025-03-15_drive3.csv"", ""BEV2_2025-03-15_drive4.csv"", ""BEV2_2025-03-15_drive5.csv"", ""BEV2_2025-03-15_drive6.csv"", ""BEV2_2025-03-15_drive7.csv"", ""BEV2_2025-03-15_drive8.csv"", ""BEV2_2025-03-16_drive1.csv"", ""BEV2_2025-03-16_drive2.csv"", ""BEV2_2025-03-16_drive4.csv"", ""BEV2_2025-03-16_drive5.csv""]",[],fdc77581afe1edfe1561adc16ed126ec6ac599f359e93b9b3b9e3ad40235cc85,2662a151b11f3c16590075b82cf194a861ecec5fb5d5c2096caf59fe9884a7d4
BEV2_2025-03-16_drive7.csv,future,1742143209000000000,968,708,"[""BEV2_2025-03-15_drive4.csv"", ""BEV2_2025-03-15_drive5.csv"", ""BEV2_2025-03-15_drive6.csv"", ""BEV2_2025-03-15_drive7.csv"", ""BEV2_2025-03-15_drive8.csv"", ""BEV2_2025-03-16_drive1.csv"", ""BEV2_2025-03-16_drive2.csv"", ""BEV2_2025-03-16_drive4.csv"", ""BEV2_2025-03-16_drive5.csv"", ""BEV2_2025-03-16_drive6.csv""]",[],b7d6b81f27efce634da94b6cd787a6fbc1547bd948957313c0169a49d62eb55c,40ba7a9d7e379b4148127254639356f81b73a2826631a5ad5b913db6c18a1e18
BEV2_2025-03-17_drive1.csv,future,1742193678000000000,969,709,"[""BEV2_2025-03-15_drive5.csv"", ""BEV2_2025-03-15_drive6.csv"", ""BEV2_2025-03-15_drive7.csv"", ""BEV2_2025-03-15_drive8.csv"", ""BEV2_2025-03-16_drive1.csv"", ""BEV2_2025-03-16_drive2.csv"", ""BEV2_2025-03-16_drive4.csv"", ""BEV2_2025-03-16_drive5.csv"", ""BEV2_2025-03-16_drive6.csv"", ""BEV2_2025-03-16_drive7.csv""]",[],6a148709c98c03a624ed83a525e252c4f4b7d01e2ab32adbe4ad6b06849fccea,43aeac13004f1d44dd744ebb1811576aa474a1444e9c9c6a8968ab1a2368fb22
BEV2_2025-03-18_drive1.csv,future,1742282397000000000,970,710,"[""BEV2_2025-03-15_drive6.csv"", ""BEV2_2025-03-15_drive7.csv"", ""BEV2_2025-03-15_drive8.csv"", ""BEV2_2025-03-16_drive1.csv"", ""BEV2_2025-03-16_drive2.csv"", ""BEV2_2025-03-16_drive4.csv"", ""BEV2_2025-03-16_drive5.csv"", ""BEV2_2025-03-16_drive6.csv"", ""BEV2_2025-03-16_drive7.csv"", ""BEV2_2025-03-17_drive1.csv""]",[],e355ecaf3cbaa17de33a62750e6d08b3618af381c9caab82c236bd1edd2dea9b,535f1da7b2a0e5ae0ad7f030a7cc18d8a447bd217150995ba7c4d78495dd94bd
BEV2_2025-03-18_drive2.csv,future,1742313757000000000,971,711,"[""BEV2_2025-03-15_drive7.csv"", ""BEV2_2025-03-15_drive8.csv"", ""BEV2_2025-03-16_drive1.csv"", ""BEV2_2025-03-16_drive2.csv"", ""BEV2_2025-03-16_drive4.csv"", ""BEV2_2025-03-16_drive5.csv"", ""BEV2_2025-03-16_drive6.csv"", ""BEV2_2025-03-16_drive7.csv"", ""BEV2_2025-03-17_drive1.csv"", ""BEV2_2025-03-18_drive1.csv""]",[],66c9b612c5e21df9c572e089882832c2fa6a78955cfa27a6adf3981fb131056c,ca48f6f65dc83dea96029dd43535d850d41cf158ecd6e7edff813ae798e356b7
BEV2_2025-03-20_drive1.csv,future,1742471952000000000,972,712,"[""BEV2_2025-03-15_drive8.csv"", ""BEV2_2025-03-16_drive1.csv"", ""BEV2_2025-03-16_drive2.csv"", ""BEV2_2025-03-16_drive4.csv"", ""BEV2_2025-03-16_drive5.csv"", ""BEV2_2025-03-16_drive6.csv"", ""BEV2_2025-03-16_drive7.csv"", ""BEV2_2025-03-17_drive1.csv"", ""BEV2_2025-03-18_drive1.csv"", ""BEV2_2025-03-18_drive2.csv""]",[],0158b033941c8d938dab243005e5682433c8755a6eac9ec3a3c53f66082edb8b,5bcce74feb240aa5e00226963edee924d5b36754d3fca61426460dce03f14220
BEV2_2025-03-20_drive2.csv,future,1742488760000000000,973,713,"[""BEV2_2025-03-16_drive1.csv"", ""BEV2_2025-03-16_drive2.csv"", ""BEV2_2025-03-16_drive4.csv"", ""BEV2_2025-03-16_drive5.csv"", ""BEV2_2025-03-16_drive6.csv"", ""BEV2_2025-03-16_drive7.csv"", ""BEV2_2025-03-17_drive1.csv"", ""BEV2_2025-03-18_drive1.csv"", ""BEV2_2025-03-18_drive2.csv"", ""BEV2_2025-03-20_drive1.csv""]",[],f6d0fa11e927624371d446fd746b35c3719e9bc94247f917802b70aff374f723,432dc663fab505a0acc1f3d3c539d9c6ac898498f6e94fa5caa3ff28c0e74db6
BEV2_2025-03-22_drive1.csv,future,1742629638000000000,974,714,"[""BEV2_2025-03-16_drive2.csv"", ""BEV2_2025-03-16_drive4.csv"", ""BEV2_2025-03-16_drive5.csv"", ""BEV2_2025-03-16_drive6.csv"", ""BEV2_2025-03-16_drive7.csv"", ""BEV2_2025-03-17_drive1.csv"", ""BEV2_2025-03-18_drive1.csv"", ""BEV2_2025-03-18_drive2.csv"", ""BEV2_2025-03-20_drive1.csv"", ""BEV2_2025-03-20_drive2.csv""]",[],d2328d598c1cd1e64127909d8646dd3698206a8073310a88e7615fb29bb2e683,8f3165ffbc3ae697e886cd57b3fc1ba7527bc3fdbbc94b101da26135bc188b0f
BEV2_2025-03-22_drive2.csv,future,1742643005000000000,975,715,"[""BEV2_2025-03-16_drive4.csv"", ""BEV2_2025-03-16_drive5.csv"", ""BEV2_2025-03-16_drive6.csv"", ""BEV2_2025-03-16_drive7.csv"", ""BEV2_2025-03-17_drive1.csv"", ""BEV2_2025-03-18_drive1.csv"", ""BEV2_2025-03-18_drive2.csv"", ""BEV2_2025-03-20_drive1.csv"", ""BEV2_2025-03-20_drive2.csv"", ""BEV2_2025-03-22_drive1.csv""]",[],ca690d5724a4a7ab2e6064bd49700e241306c5c13d306487a5486fafb7a9c7d1,e4a61c19864104105b901f236437444fd584487b7f4320fdbf299bb76c3ce573
BEV2_2025-03-22_drive3.csv,future,1742651509000000000,976,716,"[""BEV2_2025-03-16_drive5.csv"", ""BEV2_2025-03-16_drive6.csv"", ""BEV2_2025-03-16_drive7.csv"", ""BEV2_2025-03-17_drive1.csv"", ""BEV2_2025-03-18_drive1.csv"", ""BEV2_2025-03-18_drive2.csv"", ""BEV2_2025-03-20_drive1.csv"", ""BEV2_2025-03-20_drive2.csv"", ""BEV2_2025-03-22_drive1.csv"", ""BEV2_2025-03-22_drive2.csv""]",[],a0e4c07cbf1dacd903b21fd97dd265337e982142a25cb0692598aef55e5c4d62,c8bc11e1a65cf0a97e6a62bc5675d23eedf2fc80581ca2415f298555bb36fe90
BEV2_2025-03-22_drive4.csv,future,1742660095000000000,977,717,"[""BEV2_2025-03-16_drive6.csv"", ""BEV2_2025-03-16_drive7.csv"", ""BEV2_2025-03-17_drive1.csv"", ""BEV2_2025-03-18_drive1.csv"", ""BEV2_2025-03-18_drive2.csv"", ""BEV2_2025-03-20_drive1.csv"", ""BEV2_2025-03-20_drive2.csv"", ""BEV2_2025-03-22_drive1.csv"", ""BEV2_2025-03-22_drive2.csv"", ""BEV2_2025-03-22_drive3.csv""]",[],8f2885dcc7d68d925f28e3804e644d418472a53eb299cbcf93d23ad6c01aee5c,02aa87369cf0568b25bdad0477ef934a010d92b2263afc406e0f645bff74073c
BEV2_2025-03-23_drive1.csv,future,1742722511000000000,978,718,"[""BEV2_2025-03-16_drive7.csv"", ""BEV2_2025-03-17_drive1.csv"", ""BEV2_2025-03-18_drive1.csv"", ""BEV2_2025-03-18_drive2.csv"", ""BEV2_2025-03-20_drive1.csv"", ""BEV2_2025-03-20_drive2.csv"", ""BEV2_2025-03-22_drive1.csv"", ""BEV2_2025-03-22_drive2.csv"", ""BEV2_2025-03-22_drive3.csv"", ""BEV2_2025-03-22_drive4.csv""]",[],1f8c7cf485ebec8e5d0f5585719e25c5cf17fa69a88f5be63444805bbfbce5b9,33abbf0330add1dccd0e44cd22dde4f1e9e93ba2e27f49bb7e8da9b6f052fb98
BEV2_2025-03-23_drive2.csv,future,1742755815000000000,979,719,"[""BEV2_2025-03-17_drive1.csv"", ""BEV2_2025-03-18_drive1.csv"", ""BEV2_2025-03-18_drive2.csv"", ""BEV2_2025-03-20_drive1.csv"", ""BEV2_2025-03-20_drive2.csv"", ""BEV2_2025-03-22_drive1.csv"", ""BEV2_2025-03-22_drive2.csv"", ""BEV2_2025-03-22_drive3.csv"", ""BEV2_2025-03-22_drive4.csv"", ""BEV2_2025-03-23_drive1.csv""]",[],e4967ea596264be7740991529790e36dd82cc3dc72b0ebec44b4bc3f84673248,f0a9001a16b4601cadc5e53358d8f5813575c39d62771d82908f934fc909f2cd
BEV2_2025-03-24_drive1.csv,future,1742815512000000000,980,720,"[""BEV2_2025-03-18_drive1.csv"", ""BEV2_2025-03-18_drive2.csv"", ""BEV2_2025-03-20_drive1.csv"", ""BEV2_2025-03-20_drive2.csv"", ""BEV2_2025-03-22_drive1.csv"", ""BEV2_2025-03-22_drive2.csv"", ""BEV2_2025-03-22_drive3.csv"", ""BEV2_2025-03-22_drive4.csv"", ""BEV2_2025-03-23_drive1.csv"", ""BEV2_2025-03-23_drive2.csv""]",[],4ebbd30cfde8372dd8f9a796d28420aabfa070c51487d44b384637f1b7ff5282,551b3f366ec2f545f2d7a904b80c32db709952d3f2fda05db892433fc44759d1
BEV2_2025-03-26_drive1.csv,future,1742971476000000000,981,721,"[""BEV2_2025-03-18_drive2.csv"", ""BEV2_2025-03-20_drive1.csv"", ""BEV2_2025-03-20_drive2.csv"", ""BEV2_2025-03-22_drive1.csv"", ""BEV2_2025-03-22_drive2.csv"", ""BEV2_2025-03-22_drive3.csv"", ""BEV2_2025-03-22_drive4.csv"", ""BEV2_2025-03-23_drive1.csv"", ""BEV2_2025-03-23_drive2.csv"", ""BEV2_2025-03-24_drive1.csv""]",[],171282daa1a862bd3cf2387690220285affcc5dd5b3f7c43c8615aa39d96301e,62fcd8f742141adee9365bbed8797603c7263d73c76172c465dac8e7cd89c879
BEV2_2025-03-28_drive1.csv,future,1743170077000000000,981,721,"[""BEV2_2025-03-18_drive2.csv"", ""BEV2_2025-03-20_drive1.csv"", ""BEV2_2025-03-20_drive2.csv"", ""BEV2_2025-03-22_drive1.csv"", ""BEV2_2025-03-22_drive2.csv"", ""BEV2_2025-03-22_drive3.csv"", ""BEV2_2025-03-22_drive4.csv"", ""BEV2_2025-03-23_drive1.csv"", ""BEV2_2025-03-23_drive2.csv"", ""BEV2_2025-03-24_drive1.csv""]",[],171282daa1a862bd3cf2387690220285affcc5dd5b3f7c43c8615aa39d96301e,ee2be75727c95a0adfe6bd7857a9f300d8a013dddbf23943f1ab53069d379db0
BEV2_2025-03-28_drive2.csv,future,1743175467000000000,982,722,"[""BEV2_2025-03-20_drive1.csv"", ""BEV2_2025-03-20_drive2.csv"", ""BEV2_2025-03-22_drive1.csv"", ""BEV2_2025-03-22_drive2.csv"", ""BEV2_2025-03-22_drive3.csv"", ""BEV2_2025-03-22_drive4.csv"", ""BEV2_2025-03-23_drive1.csv"", ""BEV2_2025-03-23_drive2.csv"", ""BEV2_2025-03-24_drive1.csv"", ""BEV2_2025-03-28_drive1.csv""]",[],157d88ef06bde16f51274be380e59e9e4664a988d3eb6a83b8469ee7866a0326,3368abddd7bc4b1ecc67365c4f5fe52171d3276088f6d0841e5b64d1d9afec0e
BEV2_2025-03-28_drive3.csv,future,1743189420000000000,983,723,"[""BEV2_2025-03-20_drive2.csv"", ""BEV2_2025-03-22_drive1.csv"", ""BEV2_2025-03-22_drive2.csv"", ""BEV2_2025-03-22_drive3.csv"", ""BEV2_2025-03-22_drive4.csv"", ""BEV2_2025-03-23_drive1.csv"", ""BEV2_2025-03-23_drive2.csv"", ""BEV2_2025-03-24_drive1.csv"", ""BEV2_2025-03-28_drive1.csv"", ""BEV2_2025-03-28_drive2.csv""]",[],f7be6272228f90162e20be5122456356e6f1b76e46812a05515dac93f6bd4201,aaf157979f2d8224ea620aa22f52bb25072dab90c80cb896c2ee924adf3d7ae7
BEV2_2025-03-29_drive1.csv,future,1743252828000000000,984,724,"[""BEV2_2025-03-22_drive1.csv"", ""BEV2_2025-03-22_drive2.csv"", ""BEV2_2025-03-22_drive3.csv"", ""BEV2_2025-03-22_drive4.csv"", ""BEV2_2025-03-23_drive1.csv"", ""BEV2_2025-03-23_drive2.csv"", ""BEV2_2025-03-24_drive1.csv"", ""BEV2_2025-03-28_drive1.csv"", ""BEV2_2025-03-28_drive2.csv"", ""BEV2_2025-03-28_drive3.csv""]",[],614e9f3f136338d004dfadfca08bf29079920238adeec61ede5409a9ec70b392,2673c95b339cba6bc36d1c5d6d3fcf11a56be166038f9e5be5dc192582179375
BEV2_2025-03-29_drive2.csv,future,1743259410000000000,985,725,"[""BEV2_2025-03-22_drive2.csv"", ""BEV2_2025-03-22_drive3.csv"", ""BEV2_2025-03-22_drive4.csv"", ""BEV2_2025-03-23_drive1.csv"", ""BEV2_2025-03-23_drive2.csv"", ""BEV2_2025-03-24_drive1.csv"", ""BEV2_2025-03-28_drive1.csv"", ""BEV2_2025-03-28_drive2.csv"", ""BEV2_2025-03-28_drive3.csv"", ""BEV2_2025-03-29_drive1.csv""]",[],461f9f257e3cd3fda394c93551333a67f0aa066153067faf93c7df7d1d41a9e8,44f3618baa679ee5caf7a837f35f6c0bd3d81c831e09304973c003772b426a3b
BEV2_2025-03-29_drive3.csv,future,1743269307000000000,986,726,"[""BEV2_2025-03-22_drive3.csv"", ""BEV2_2025-03-22_drive4.csv"", ""BEV2_2025-03-23_drive1.csv"", ""BEV2_2025-03-23_drive2.csv"", ""BEV2_2025-03-24_drive1.csv"", ""BEV2_2025-03-28_drive1.csv"", ""BEV2_2025-03-28_drive2.csv"", ""BEV2_2025-03-28_drive3.csv"", ""BEV2_2025-03-29_drive1.csv"", ""BEV2_2025-03-29_drive2.csv""]",[],672f20ea8f17af4ccb6312e183ccfe759d584cf3445113bb48fd38218ddd2fcb,e34b0e94b2c66596d594c3c3a61a5ae84d3972a0bb5e0b4503dc4128d111733a
BEV2_2025-03-30_drive2.csv,future,1743360296000000000,987,727,"[""BEV2_2025-03-22_drive4.csv"", ""BEV2_2025-03-23_drive1.csv"", ""BEV2_2025-03-23_drive2.csv"", ""BEV2_2025-03-24_drive1.csv"", ""BEV2_2025-03-28_drive1.csv"", ""BEV2_2025-03-28_drive2.csv"", ""BEV2_2025-03-28_drive3.csv"", ""BEV2_2025-03-29_drive1.csv"", ""BEV2_2025-03-29_drive2.csv"", ""BEV2_2025-03-29_drive3.csv""]",[],18163e3f2a428827b0e3f5d5fb6f880df31ef0ad513db5a5fbe5c8158918fd87,b7fa5b92c3b82f774df6f4ee9c2e9b355d93281c513b0d189129bb80f2cb2c4e
BEV2_2025-03-31_drive1.csv,future,1743400479000000000,988,728,"[""BEV2_2025-03-23_drive1.csv"", ""BEV2_2025-03-23_drive2.csv"", ""BEV2_2025-03-24_drive1.csv"", ""BEV2_2025-03-28_drive1.csv"", ""BEV2_2025-03-28_drive2.csv"", ""BEV2_2025-03-28_drive3.csv"", ""BEV2_2025-03-29_drive1.csv"", ""BEV2_2025-03-29_drive2.csv"", ""BEV2_2025-03-29_drive3.csv"", ""BEV2_2025-03-30_drive2.csv""]",[],9c6d45c4ea046f67195b2912a9a01007f161a9b0b93c5ca40bbe55fe070a4c43,31223f773bf11a58e76ee06f5026c83b950219a05c97b6676d3fb90da90b9532
BEV2_2025-03-31_drive2.csv,future,1743431297000000000,989,729,"[""BEV2_2025-03-23_drive2.csv"", ""BEV2_2025-03-24_drive1.csv"", ""BEV2_2025-03-28_drive1.csv"", ""BEV2_2025-03-28_drive2.csv"", ""BEV2_2025-03-28_drive3.csv"", ""BEV2_2025-03-29_drive1.csv"", ""BEV2_2025-03-29_drive2.csv"", ""BEV2_2025-03-29_drive3.csv"", ""BEV2_2025-03-30_drive2.csv"", ""BEV2_2025-03-31_drive1.csv""]",[],63e02990a215d30945040f145845507078fded5144f74c24e08b10eb673a2f2d,9f50be575e071b9f5036ff5577a5c37794e099469e6eb622ba4176bfb44b7e11
BEV2_2025-04-01_drive1.csv,future,1743504040000000000,990,730,"[""BEV2_2025-03-24_drive1.csv"", ""BEV2_2025-03-28_drive1.csv"", ""BEV2_2025-03-28_drive2.csv"", ""BEV2_2025-03-28_drive3.csv"", ""BEV2_2025-03-29_drive1.csv"", ""BEV2_2025-03-29_drive2.csv"", ""BEV2_2025-03-29_drive3.csv"", ""BEV2_2025-03-30_drive2.csv"", ""BEV2_2025-03-31_drive1.csv"", ""BEV2_2025-03-31_drive2.csv""]",[],50893854b45f1bc5cc93eb8b5c0d7b2cc1f79c13f6f7cbb86fffb2630c052c84,3d74e90c0c78b409c7ea4348ab00dc37a45cff2838c06dfdbb17661ed1b9561b
BEV2_2025-04-01_drive2.csv,future,1743522579000000000,991,731,"[""BEV2_2025-03-28_drive1.csv"", ""BEV2_2025-03-28_drive2.csv"", ""BEV2_2025-03-28_drive3.csv"", ""BEV2_2025-03-29_drive1.csv"", ""BEV2_2025-03-29_drive2.csv"", ""BEV2_2025-03-29_drive3.csv"", ""BEV2_2025-03-30_drive2.csv"", ""BEV2_2025-03-31_drive1.csv"", ""BEV2_2025-03-31_drive2.csv"", ""BEV2_2025-04-01_drive1.csv""]",[],4318cd42cf38f5466c248f4d3501dce1aa2823c5a27ce1139b94fedb775aa6d8,50e049acd3f9e0877d1c06677182af9747f21a036c905f17bf21cb75788b51bc
BEV2_2025-04-03_drive1.csv,future,1743661429000000000,992,732,"[""BEV2_2025-03-28_drive2.csv"", ""BEV2_2025-03-28_drive3.csv"", ""BEV2_2025-03-29_drive1.csv"", ""BEV2_2025-03-29_drive2.csv"", ""BEV2_2025-03-29_drive3.csv"", ""BEV2_2025-03-30_drive2.csv"", ""BEV2_2025-03-31_drive1.csv"", ""BEV2_2025-03-31_drive2.csv"", ""BEV2_2025-04-01_drive1.csv"", ""BEV2_2025-04-01_drive2.csv""]",[],5168bd5ac1cb4e37ee16b90399d27ba5c40db6c14f9b5415be5bc5c4bcaaac9a,7fd3a4a8d3a28be5861efdb5428bee3a419e83eb95cee3d6634f6f93ccc3a2ad
BEV2_2025-04-03_drive2.csv,future,1743693137000000000,993,733,"[""BEV2_2025-03-28_drive3.csv"", ""BEV2_2025-03-29_drive1.csv"", ""BEV2_2025-03-29_drive2.csv"", ""BEV2_2025-03-29_drive3.csv"", ""BEV2_2025-03-30_drive2.csv"", ""BEV2_2025-03-31_drive1.csv"", ""BEV2_2025-03-31_drive2.csv"", ""BEV2_2025-04-01_drive1.csv"", ""BEV2_2025-04-01_drive2.csv"", ""BEV2_2025-04-03_drive1.csv""]",[],385f9914ef172ec7bc9723128a300a8a92e8a93259bcc8cb33d9dd273da3a6ca,bf07403654b344ba2e85a33fc7b69453a870cf52966812d19615fbc0a14af262
BEV2_2025-04-04_drive1.csv,future,1743784497000000000,994,734,"[""BEV2_2025-03-29_drive1.csv"", ""BEV2_2025-03-29_drive2.csv"", ""BEV2_2025-03-29_drive3.csv"", ""BEV2_2025-03-30_drive2.csv"", ""BEV2_2025-03-31_drive1.csv"", ""BEV2_2025-03-31_drive2.csv"", ""BEV2_2025-04-01_drive1.csv"", ""BEV2_2025-04-01_drive2.csv"", ""BEV2_2025-04-03_drive1.csv"", ""BEV2_2025-04-03_drive2.csv""]",[],4c02fafed0b70f6b7fb9cb6f3d5788ecbd3fb63c01b9f51ca1dc12cd2dd3b4a8,e472e118825b13200d9ea6817b2831f168ebe24f8f1c5bf5454c8265599a84b6
BEV2_2025-04-04_drive2.csv,future,1743795106000000000,995,735,"[""BEV2_2025-03-29_drive2.csv"", ""BEV2_2025-03-29_drive3.csv"", ""BEV2_2025-03-30_drive2.csv"", ""BEV2_2025-03-31_drive1.csv"", ""BEV2_2025-03-31_drive2.csv"", ""BEV2_2025-04-01_drive1.csv"", ""BEV2_2025-04-01_drive2.csv"", ""BEV2_2025-04-03_drive1.csv"", ""BEV2_2025-04-03_drive2.csv"", ""BEV2_2025-04-04_drive1.csv""]",[],998e4dee0110d0605f30176139f066362a218bb2ad5bd04af6dbd59b6fcbb24b,cc6a8722ed6c2f8bddd5d87f7e5270c5d6730d1863258bb3d77cec61d37f23c0
BEV2_2025-04-04_drive3.csv,future,1743798539000000000,996,736,"[""BEV2_2025-03-29_drive3.csv"", ""BEV2_2025-03-30_drive2.csv"", ""BEV2_2025-03-31_drive1.csv"", ""BEV2_2025-03-31_drive2.csv"", ""BEV2_2025-04-01_drive1.csv"", ""BEV2_2025-04-01_drive2.csv"", ""BEV2_2025-04-03_drive1.csv"", ""BEV2_2025-04-03_drive2.csv"", ""BEV2_2025-04-04_drive1.csv"", ""BEV2_2025-04-04_drive2.csv""]",[],309a49aa78c621edcf60f2c8a48f017c67ba50e70f7a0e963b9120c83e686317,a0a680ba8c66507c74685713f997e324d767a2b3893acd69fe7c33e88c47205e
BEV2_2025-04-05_drive1.csv,future,1743851994000000000,997,737,"[""BEV2_2025-03-30_drive2.csv"", ""BEV2_2025-03-31_drive1.csv"", ""BEV2_2025-03-31_drive2.csv"", ""BEV2_2025-04-01_drive1.csv"", ""BEV2_2025-04-01_drive2.csv"", ""BEV2_2025-04-03_drive1.csv"", ""BEV2_2025-04-03_drive2.csv"", ""BEV2_2025-04-04_drive1.csv"", ""BEV2_2025-04-04_drive2.csv"", ""BEV2_2025-04-04_drive3.csv""]",[],7071b1eeeaff94d973a858d21ad3a782c1073e79a04dcaba75264b3dd7eaa2ef,d73ba95cd8cf0e70eb697cb31b4aa65d510a2474ea6e561eb9ecdcc743e2001b
BEV2_2025-04-05_drive2.csv,future,1743871649000000000,998,738,"[""BEV2_2025-03-31_drive1.csv"", ""BEV2_2025-03-31_drive2.csv"", ""BEV2_2025-04-01_drive1.csv"", ""BEV2_2025-04-01_drive2.csv"", ""BEV2_2025-04-03_drive1.csv"", ""BEV2_2025-04-03_drive2.csv"", ""BEV2_2025-04-04_drive1.csv"", ""BEV2_2025-04-04_drive2.csv"", ""BEV2_2025-04-04_drive3.csv"", ""BEV2_2025-04-05_drive1.csv""]",[],be02975681f5f515a9ecab047800754278a7424040f4c93eab5b7035fb583dd9,ddb922d96929f104c3e316e721bdee98fafc7b078e664e6f6a3b60699af20467
BEV2_2025-04-06_drive1.csv,future,1743929345000000000,999,739,"[""BEV2_2025-03-31_drive2.csv"", ""BEV2_2025-04-01_drive1.csv"", ""BEV2_2025-04-01_drive2.csv"", ""BEV2_2025-04-03_drive1.csv"", ""BEV2_2025-04-03_drive2.csv"", ""BEV2_2025-04-04_drive1.csv"", ""BEV2_2025-04-04_drive2.csv"", ""BEV2_2025-04-04_drive3.csv"", ""BEV2_2025-04-05_drive1.csv"", ""BEV2_2025-04-05_drive2.csv""]",[],46be865ad669164da3ab5c8be097a9d7139c8ec8843e9002e5323157654fb116,c0bdeea151406ac3494b8dfad26d266f98de4166f889d0d528867e15d4bb2548
BEV2_2025-04-07_drive1.csv,future,1744017294000000000,1000,740,"[""BEV2_2025-04-01_drive1.csv"", ""BEV2_2025-04-01_drive2.csv"", ""BEV2_2025-04-03_drive1.csv"", ""BEV2_2025-04-03_drive2.csv"", ""BEV2_2025-04-04_drive1.csv"", ""BEV2_2025-04-04_drive2.csv"", ""BEV2_2025-04-04_drive3.csv"", ""BEV2_2025-04-05_drive1.csv"", ""BEV2_2025-04-05_drive2.csv"", ""BEV2_2025-04-06_drive1.csv""]",[],4d25d21053c0f47e774abba235298c99a6fa8aa0e357499010f80eb673463cfb,c8f3359f639c9c91b073581a2f65cb3acfed76661597f48e9e39ea1b4b002cd2
BEV2_2025-04-07_drive2.csv,future,1744037154000000000,1001,741,"[""BEV2_2025-04-01_drive2.csv"", ""BEV2_2025-04-03_drive1.csv"", ""BEV2_2025-04-03_drive2.csv"", ""BEV2_2025-04-04_drive1.csv"", ""BEV2_2025-04-04_drive2.csv"", ""BEV2_2025-04-04_drive3.csv"", ""BEV2_2025-04-05_drive1.csv"", ""BEV2_2025-04-05_drive2.csv"", ""BEV2_2025-04-06_drive1.csv"", ""BEV2_2025-04-07_drive1.csv""]",[],52090ebdf1ec893fffc59d7c5f7f9a399f71eb7f5afad0365e3f1a6ce54c507d,b88b38505d293e35f35fd9501e713e2caabb2814e20bd605f4489e4d6d44e138
BEV2_2025-04-10_drive1.csv,future,1744284928000000000,1002,742,"[""BEV2_2025-04-03_drive1.csv"", ""BEV2_2025-04-03_drive2.csv"", ""BEV2_2025-04-04_drive1.csv"", ""BEV2_2025-04-04_drive2.csv"", ""BEV2_2025-04-04_drive3.csv"", ""BEV2_2025-04-05_drive1.csv"", ""BEV2_2025-04-05_drive2.csv"", ""BEV2_2025-04-06_drive1.csv"", ""BEV2_2025-04-07_drive1.csv"", ""BEV2_2025-04-07_drive2.csv""]",[],b6d52e09b56b4f54b7e68c4cfb533bedac5b52e2a0b8ce0c2a355f96075ca941,41bb1d42f00dd32625cf8045b0a42a94786d9fc5187bb290aa020e42730e4163
BEV2_2025-04-11_drive1.csv,future,1744352273000000000,1003,743,"[""BEV2_2025-04-03_drive2.csv"", ""BEV2_2025-04-04_drive1.csv"", ""BEV2_2025-04-04_drive2.csv"", ""BEV2_2025-04-04_drive3.csv"", ""BEV2_2025-04-05_drive1.csv"", ""BEV2_2025-04-05_drive2.csv"", ""BEV2_2025-04-06_drive1.csv"", ""BEV2_2025-04-07_drive1.csv"", ""BEV2_2025-04-07_drive2.csv"", ""BEV2_2025-04-10_drive1.csv""]",[],477ca3d7aad0e66e8db5c308fbd245b15acc48e58cf6b9946a93706d94e976cb,7a1efafcd486336bde4982f61fcb41f007acdd0158839331e9205691c173d6ae
BEV2_2025-04-11_drive2.csv,future,1744386692000000000,1004,744,"[""BEV2_2025-04-04_drive1.csv"", ""BEV2_2025-04-04_drive2.csv"", ""BEV2_2025-04-04_drive3.csv"", ""BEV2_2025-04-05_drive1.csv"", ""BEV2_2025-04-05_drive2.csv"", ""BEV2_2025-04-06_drive1.csv"", ""BEV2_2025-04-07_drive1.csv"", ""BEV2_2025-04-07_drive2.csv"", ""BEV2_2025-04-10_drive1.csv"", ""BEV2_2025-04-11_drive1.csv""]",[],b73f1c88d9548e877f69a18a2a7485fa64c23683b6adf71b52af01dacb2a1251,902b25c47f55f091725cf4f6facc9192f8c25df931c4917334d19aff66d5c055
BEV2_2025-04-11_drive3.csv,future,1744390137000000000,1005,745,"[""BEV2_2025-04-04_drive2.csv"", ""BEV2_2025-04-04_drive3.csv"", ""BEV2_2025-04-05_drive1.csv"", ""BEV2_2025-04-05_drive2.csv"", ""BEV2_2025-04-06_drive1.csv"", ""BEV2_2025-04-07_drive1.csv"", ""BEV2_2025-04-07_drive2.csv"", ""BEV2_2025-04-10_drive1.csv"", ""BEV2_2025-04-11_drive1.csv"", ""BEV2_2025-04-11_drive2.csv""]",[],4626cba5bdde723edfc3c86568c982217142d2827a96a55bb137620c5ef7a981,78b43225924d8b321b056a5e2f0069bd3a9fb8c4af4dc96cfc1c39b27cacf8af
BEV2_2025-04-12_drive1.csv,future,1744481023000000000,1006,746,"[""BEV2_2025-04-04_drive3.csv"", ""BEV2_2025-04-05_drive1.csv"", ""BEV2_2025-04-05_drive2.csv"", ""BEV2_2025-04-06_drive1.csv"", ""BEV2_2025-04-07_drive1.csv"", ""BEV2_2025-04-07_drive2.csv"", ""BEV2_2025-04-10_drive1.csv"", ""BEV2_2025-04-11_drive1.csv"", ""BEV2_2025-04-11_drive2.csv"", ""BEV2_2025-04-11_drive3.csv""]",[],1756acfcbe9828d700dabcb41a6fdcd55608dd83e06086847c1dd70db523675a,8d64d679d894c2226d410a1c97fdc66aef00f8a6fd2a61208b757cc8a206821c
BEV2_2025-04-13_drive1.csv,future,1744535390000000000,1007,747,"[""BEV2_2025-04-05_drive1.csv"", ""BEV2_2025-04-05_drive2.csv"", ""BEV2_2025-04-06_drive1.csv"", ""BEV2_2025-04-07_drive1.csv"", ""BEV2_2025-04-07_drive2.csv"", ""BEV2_2025-04-10_drive1.csv"", ""BEV2_2025-04-11_drive1.csv"", ""BEV2_2025-04-11_drive2.csv"", ""BEV2_2025-04-11_drive3.csv"", ""BEV2_2025-04-12_drive1.csv""]",[],16aa7a82df287292d6958efd2c86a6c24555cb0b16bc74ec9dc16d4a655e106d,ef09547493902b9ac874425a946a3924b07a6df7073641afa6c9a3900c0faf77
BEV2_2025-04-14_drive1.csv,future,1744616981000000000,1008,748,"[""BEV2_2025-04-05_drive2.csv"", ""BEV2_2025-04-06_drive1.csv"", ""BEV2_2025-04-07_drive1.csv"", ""BEV2_2025-04-07_drive2.csv"", ""BEV2_2025-04-10_drive1.csv"", ""BEV2_2025-04-11_drive1.csv"", ""BEV2_2025-04-11_drive2.csv"", ""BEV2_2025-04-11_drive3.csv"", ""BEV2_2025-04-12_drive1.csv"", ""BEV2_2025-04-13_drive1.csv""]",[],35136300bdea1d660bb211123f2d5a052e3b48f898c94d8ab088e4532cc6b669,3d1d22805bbd203e018197bf1c95930b73bd96fbb67725978a3a8f957741c269
BEV2_2025-04-14_drive2.csv,future,1744621174000000000,1009,749,"[""BEV2_2025-04-06_drive1.csv"", ""BEV2_2025-04-07_drive1.csv"", ""BEV2_2025-04-07_drive2.csv"", ""BEV2_2025-04-10_drive1.csv"", ""BEV2_2025-04-11_drive1.csv"", ""BEV2_2025-04-11_drive2.csv"", ""BEV2_2025-04-11_drive3.csv"", ""BEV2_2025-04-12_drive1.csv"", ""BEV2_2025-04-13_drive1.csv"", ""BEV2_2025-04-14_drive1.csv""]",[],36bd3bb1a6848c0736d98d3e2b762d0845ec6103fb3845d166be6c2eeff48208,32bb24ef1090cc8f2937eb3e7463647e7ded81f8da23ec34938ed33dd4ea881d
BEV2_2025-04-14_drive3.csv,future,1744633201000000000,1010,750,"[""BEV2_2025-04-07_drive1.csv"", ""BEV2_2025-04-07_drive2.csv"", ""BEV2_2025-04-10_drive1.csv"", ""BEV2_2025-04-11_drive1.csv"", ""BEV2_2025-04-11_drive2.csv"", ""BEV2_2025-04-11_drive3.csv"", ""BEV2_2025-04-12_drive1.csv"", ""BEV2_2025-04-13_drive1.csv"", ""BEV2_2025-04-14_drive1.csv"", ""BEV2_2025-04-14_drive2.csv""]",[],aba24cee753d799c40a7d0a6dedc99091b52abd8406ecda693f73b7290a4eddb,782d1a04142d75bf3459ba233089595c8806b08810fadbaf173c025cd0ef3753
BEV2_2025-04-14_drive4.csv,future,1744639372000000000,1011,751,"[""BEV2_2025-04-07_drive2.csv"", ""BEV2_2025-04-10_drive1.csv"", ""BEV2_2025-04-11_drive1.csv"", ""BEV2_2025-04-11_drive2.csv"", ""BEV2_2025-04-11_drive3.csv"", ""BEV2_2025-04-12_drive1.csv"", ""BEV2_2025-04-13_drive1.csv"", ""BEV2_2025-04-14_drive1.csv"", ""BEV2_2025-04-14_drive2.csv"", ""BEV2_2025-04-14_drive3.csv""]",[],73c3f737a718f1711ac5e31a2484970476a8a006c1c5d05cdfb5f3fc9ea5f84b,2c404f9ff69dd4fe31e8a20f6971485146ced2b475ba16fb1a5d49e351cd6195
BEV2_2025-04-14_drive5.csv,future,1744643930000000000,1012,752,"[""BEV2_2025-04-10_drive1.csv"", ""BEV2_2025-04-11_drive1.csv"", ""BEV2_2025-04-11_drive2.csv"", ""BEV2_2025-04-11_drive3.csv"", ""BEV2_2025-04-12_drive1.csv"", ""BEV2_2025-04-13_drive1.csv"", ""BEV2_2025-04-14_drive1.csv"", ""BEV2_2025-04-14_drive2.csv"", ""BEV2_2025-04-14_drive3.csv"", ""BEV2_2025-04-14_drive4.csv""]",[],6923e20d3205a5b211da9329020602cefc16d8664d0b52bae66b05c67064bf6c,1b7106d73155251c73bdd3c3a1d03f454cccbdaa36ad52024cc606612b1b2a70
BEV2_2025-04-14_drive6.csv,future,1744655480000000000,1013,753,"[""BEV2_2025-04-11_drive1.csv"", ""BEV2_2025-04-11_drive2.csv"", ""BEV2_2025-04-11_drive3.csv"", ""BEV2_2025-04-12_drive1.csv"", ""BEV2_2025-04-13_drive1.csv"", ""BEV2_2025-04-14_drive1.csv"", ""BEV2_2025-04-14_drive2.csv"", ""BEV2_2025-04-14_drive3.csv"", ""BEV2_2025-04-14_drive4.csv"", ""BEV2_2025-04-14_drive5.csv""]",[],8419b509f9bd5ce85f33b38d1bc95fd317b4355054b5cc34f099857ba8bac3ad,80a891120d1561ca6d26974fa5992e91fdedada3c4dc8801202d2d819bffbc1c
BEV2_2025-04-15_drive1.csv,future,1744736389000000000,1014,754,"[""BEV2_2025-04-11_drive2.csv"", ""BEV2_2025-04-11_drive3.csv"", ""BEV2_2025-04-12_drive1.csv"", ""BEV2_2025-04-13_drive1.csv"", ""BEV2_2025-04-14_drive1.csv"", ""BEV2_2025-04-14_drive2.csv"", ""BEV2_2025-04-14_drive3.csv"", ""BEV2_2025-04-14_drive4.csv"", ""BEV2_2025-04-14_drive5.csv"", ""BEV2_2025-04-14_drive6.csv""]",[],7f5c7b3d71a41f8bbc577c21e75eb7d8b550a4405fbfffff02711d44c4b73bec,cb06449f1970bd94c176e6b3f3552677ea180b8b177afe8e366b78962b52db5a
BEV2_2025-04-16_drive1.csv,future,1744785232000000000,1015,755,"[""BEV2_2025-04-11_drive3.csv"", ""BEV2_2025-04-12_drive1.csv"", ""BEV2_2025-04-13_drive1.csv"", ""BEV2_2025-04-14_drive1.csv"", ""BEV2_2025-04-14_drive2.csv"", ""BEV2_2025-04-14_drive3.csv"", ""BEV2_2025-04-14_drive4.csv"", ""BEV2_2025-04-14_drive5.csv"", ""BEV2_2025-04-14_drive6.csv"", ""BEV2_2025-04-15_drive1.csv""]",[],95815c51df2429bc169b74330cd8538cdf70cdd107d888d8b72456c525a85ea0,20ef1f0557c6f39135b407dd53042899977a35941f72aae952136a863d48f64b
BEV2_2025-04-16_drive2.csv,future,1744817113000000000,1016,756,"[""BEV2_2025-04-12_drive1.csv"", ""BEV2_2025-04-13_drive1.csv"", ""BEV2_2025-04-14_drive1.csv"", ""BEV2_2025-04-14_drive2.csv"", ""BEV2_2025-04-14_drive3.csv"", ""BEV2_2025-04-14_drive4.csv"", ""BEV2_2025-04-14_drive5.csv"", ""BEV2_2025-04-14_drive6.csv"", ""BEV2_2025-04-15_drive1.csv"", ""BEV2_2025-04-16_drive1.csv""]",[],35c31a598877c9c21c86da9e9b1ca21fada1d23f7073ad3a28dfed6fc5a4f59d,420f7f0f97ed03d0fe6cb0497eddae73d616e9f7e262d5f66a458e935400aa84
BEV2_2025-04-17_drive1.csv,future,1744869602000000000,1017,757,"[""BEV2_2025-04-13_drive1.csv"", ""BEV2_2025-04-14_drive1.csv"", ""BEV2_2025-04-14_drive2.csv"", ""BEV2_2025-04-14_drive3.csv"", ""BEV2_2025-04-14_drive4.csv"", ""BEV2_2025-04-14_drive5.csv"", ""BEV2_2025-04-14_drive6.csv"", ""BEV2_2025-04-15_drive1.csv"", ""BEV2_2025-04-16_drive1.csv"", ""BEV2_2025-04-16_drive2.csv""]",[],cfc64898c84d51ca05e27bb904df99a543e69572015e5504d4863560ce9fb845,9eb03a6649af789fa4ccbc0110bd345a799d9b4bf2abdcfd30f49f0b715d2d8b
BEV2_2025-04-17_drive2.csv,future,1744903237000000000,1018,758,"[""BEV2_2025-04-14_drive1.csv"", ""BEV2_2025-04-14_drive2.csv"", ""BEV2_2025-04-14_drive3.csv"", ""BEV2_2025-04-14_drive4.csv"", ""BEV2_2025-04-14_drive5.csv"", ""BEV2_2025-04-14_drive6.csv"", ""BEV2_2025-04-15_drive1.csv"", ""BEV2_2025-04-16_drive1.csv"", ""BEV2_2025-04-16_drive2.csv"", ""BEV2_2025-04-17_drive1.csv""]",[],017ffc851914fedfa7a56622305ed66da6930559ef96c5f64aadfae5448918cf,72c88c290c42b5c0736c7ff984a9e6bc3b5e47c66b66aedab7acee6cb67e03ab
BEV2_2025-04-17_drive3.csv,future,1744907108000000000,1019,759,"[""BEV2_2025-04-14_drive2.csv"", ""BEV2_2025-04-14_drive3.csv"", ""BEV2_2025-04-14_drive4.csv"", ""BEV2_2025-04-14_drive5.csv"", ""BEV2_2025-04-14_drive6.csv"", ""BEV2_2025-04-15_drive1.csv"", ""BEV2_2025-04-16_drive1.csv"", ""BEV2_2025-04-16_drive2.csv"", ""BEV2_2025-04-17_drive1.csv"", ""BEV2_2025-04-17_drive2.csv""]",[],646fa583da23f6be9c3c241d5b9c08eebbb56732eea6d17699e4f476236f3d2b,9cee64ab4d8c1895ae412e3a55002035fd98542cf38866d8c9be430139b4be2f
BEV2_2025-04-17_drive5.csv,future,1744922350000000000,1020,760,"[""BEV2_2025-04-14_drive3.csv"", ""BEV2_2025-04-14_drive4.csv"", ""BEV2_2025-04-14_drive5.csv"", ""BEV2_2025-04-14_drive6.csv"", ""BEV2_2025-04-15_drive1.csv"", ""BEV2_2025-04-16_drive1.csv"", ""BEV2_2025-04-16_drive2.csv"", ""BEV2_2025-04-17_drive1.csv"", ""BEV2_2025-04-17_drive2.csv"", ""BEV2_2025-04-17_drive3.csv""]",[],e2b5311321a2730623a74b00f11c39e7cc0925e41b8665f5e8b0fc161a4fdcae,da36f57b25a39db84f4c4bd5c3d2958059c77895829a932ba913b5cc460d8edf
BEV2_2025-04-18_drive1.csv,future,1744967667000000000,1021,761,"[""BEV2_2025-04-14_drive4.csv"", ""BEV2_2025-04-14_drive5.csv"", ""BEV2_2025-04-14_drive6.csv"", ""BEV2_2025-04-15_drive1.csv"", ""BEV2_2025-04-16_drive1.csv"", ""BEV2_2025-04-16_drive2.csv"", ""BEV2_2025-04-17_drive1.csv"", ""BEV2_2025-04-17_drive2.csv"", ""BEV2_2025-04-17_drive3.csv"", ""BEV2_2025-04-17_drive5.csv""]",[],1d71873dd6e331ebc29c8257811ae16cad36effdc2fe150e871abe15b43f9f3e,d63c9f6d2c998698c5defba9edd209c24e90950d088354c5448b9272eedd690e
BEV2_2025-04-22_drive1.csv,future,1745301070000000000,1022,762,"[""BEV2_2025-04-14_drive5.csv"", ""BEV2_2025-04-14_drive6.csv"", ""BEV2_2025-04-15_drive1.csv"", ""BEV2_2025-04-16_drive1.csv"", ""BEV2_2025-04-16_drive2.csv"", ""BEV2_2025-04-17_drive1.csv"", ""BEV2_2025-04-17_drive2.csv"", ""BEV2_2025-04-17_drive3.csv"", ""BEV2_2025-04-17_drive5.csv"", ""BEV2_2025-04-18_drive1.csv""]",[],531f5ee8f82e0b50318b677a7738110bb3da87abc8e16bdd5bc8a4415852f5dc,9ac8531bb4da12af46143eac9fbff3dc7475f17ec50954b5cf33dd282cc6b749
BEV2_2025-04-22_drive2.csv,future,1745314134000000000,1023,763,"[""BEV2_2025-04-14_drive6.csv"", ""BEV2_2025-04-15_drive1.csv"", ""BEV2_2025-04-16_drive1.csv"", ""BEV2_2025-04-16_drive2.csv"", ""BEV2_2025-04-17_drive1.csv"", ""BEV2_2025-04-17_drive2.csv"", ""BEV2_2025-04-17_drive3.csv"", ""BEV2_2025-04-17_drive5.csv"", ""BEV2_2025-04-18_drive1.csv"", ""BEV2_2025-04-22_drive1.csv""]",[],c865edae7cd55120fa2eb5fede42fa8e03dd92d67c603689242299e606afbc43,f17bb9ae65e95d6e9dd031bf72d6203c73a99b896a86e1142e61b933e7d57cf5
BEV2_2025-04-22_drive4.csv,future,1745353966000000000,1024,764,"[""BEV2_2025-04-15_drive1.csv"", ""BEV2_2025-04-16_drive1.csv"", ""BEV2_2025-04-16_drive2.csv"", ""BEV2_2025-04-17_drive1.csv"", ""BEV2_2025-04-17_drive2.csv"", ""BEV2_2025-04-17_drive3.csv"", ""BEV2_2025-04-17_drive5.csv"", ""BEV2_2025-04-18_drive1.csv"", ""BEV2_2025-04-22_drive1.csv"", ""BEV2_2025-04-22_drive2.csv""]",[],2806dc10fec8c22ae3396b145fe0655d1313dadf68e2248fd0ef5ec463448c33,ba207b360f161a940c3036458984ca61e1794653f57d7f1308afe9c0280b2f19
BEV2_2025-04-23_drive1.csv,future,1745384996000000000,1025,765,"[""BEV2_2025-04-16_drive1.csv"", ""BEV2_2025-04-16_drive2.csv"", ""BEV2_2025-04-17_drive1.csv"", ""BEV2_2025-04-17_drive2.csv"", ""BEV2_2025-04-17_drive3.csv"", ""BEV2_2025-04-17_drive5.csv"", ""BEV2_2025-04-18_drive1.csv"", ""BEV2_2025-04-22_drive1.csv"", ""BEV2_2025-04-22_drive2.csv"", ""BEV2_2025-04-22_drive4.csv""]",[],6fb6b82cd4761e045b407e0443925028741f321982f9e577844dd55ab1c4d8d7,efcec5df8fbe82e56ab2013a79a97362d8fff0bbe5cd7da2f47c757f89a2f270
BEV2_2025-04-25_drive1.csv,future,1745574267000000000,1026,766,"[""BEV2_2025-04-16_drive2.csv"", ""BEV2_2025-04-17_drive1.csv"", ""BEV2_2025-04-17_drive2.csv"", ""BEV2_2025-04-17_drive3.csv"", ""BEV2_2025-04-17_drive5.csv"", ""BEV2_2025-04-18_drive1.csv"", ""BEV2_2025-04-22_drive1.csv"", ""BEV2_2025-04-22_drive2.csv"", ""BEV2_2025-04-22_drive4.csv"", ""BEV2_2025-04-23_drive1.csv""]",[],a31f6920c2c75ad12b3a91d411eb674c11674b44f0e38c80c6a8f07386799be5,2e42091e20ff49d5a2babb63382337fbb9e0f1a4dadd57fae2377286f9ed9ae3
BEV2_2025-04-25_drive2.csv,future,1745583525000000000,1027,767,"[""BEV2_2025-04-17_drive1.csv"", ""BEV2_2025-04-17_drive2.csv"", ""BEV2_2025-04-17_drive3.csv"", ""BEV2_2025-04-17_drive5.csv"", ""BEV2_2025-04-18_drive1.csv"", ""BEV2_2025-04-22_drive1.csv"", ""BEV2_2025-04-22_drive2.csv"", ""BEV2_2025-04-22_drive4.csv"", ""BEV2_2025-04-23_drive1.csv"", ""BEV2_2025-04-25_drive1.csv""]",[],39933e854ae96218b6c2e5fb46bfe22c388e86c82b9a6579d81653d0fb74ecb8,bc07eee68dfbadd33eff0954333e0584c34c836413e1c434013cac3db70f1306
BEV2_2025-04-25_drive3.csv,future,1745602553000000000,1028,768,"[""BEV2_2025-04-17_drive2.csv"", ""BEV2_2025-04-17_drive3.csv"", ""BEV2_2025-04-17_drive5.csv"", ""BEV2_2025-04-18_drive1.csv"", ""BEV2_2025-04-22_drive1.csv"", ""BEV2_2025-04-22_drive2.csv"", ""BEV2_2025-04-22_drive4.csv"", ""BEV2_2025-04-23_drive1.csv"", ""BEV2_2025-04-25_drive1.csv"", ""BEV2_2025-04-25_drive2.csv""]",[],e7199be5070d5b220f92cc6601bd293596856ae2e9fdafadb0d253b4547c8b8a,8d6297d827279dc369fabbc5c7819219e0bc0ea0c703d428416fde3b76387ab7
BEV2_2025-04-26_drive1.csv,future,1745673508000000000,1029,769,"[""BEV2_2025-04-17_drive3.csv"", ""BEV2_2025-04-17_drive5.csv"", ""BEV2_2025-04-18_drive1.csv"", ""BEV2_2025-04-22_drive1.csv"", ""BEV2_2025-04-22_drive2.csv"", ""BEV2_2025-04-22_drive4.csv"", ""BEV2_2025-04-23_drive1.csv"", ""BEV2_2025-04-25_drive1.csv"", ""BEV2_2025-04-25_drive2.csv"", ""BEV2_2025-04-25_drive3.csv""]",[],a257cca0d913fe0d4b5d2dccd1c6384b17e20a003433c64136f40b47f5b73258,281306b85c2effa5a44cc6c374d03ce0939c1afcfbd3592f7a2c83a2c081a686
BEV2_2025-04-26_drive2.csv,future,1745684410000000000,1030,770,"[""BEV2_2025-04-17_drive5.csv"", ""BEV2_2025-04-18_drive1.csv"", ""BEV2_2025-04-22_drive1.csv"", ""BEV2_2025-04-22_drive2.csv"", ""BEV2_2025-04-22_drive4.csv"", ""BEV2_2025-04-23_drive1.csv"", ""BEV2_2025-04-25_drive1.csv"", ""BEV2_2025-04-25_drive2.csv"", ""BEV2_2025-04-25_drive3.csv"", ""BEV2_2025-04-26_drive1.csv""]",[],ee8ded0e93450d1a558729dce1faf1f743ef2109c0236797d98ea5860919b5b9,ca3957ca6b019262caa78a5fec2d4f609eb73541c8c032a67d9a0b15f34adf57
BEV2_2025-04-26_drive3.csv,future,1745688014000000000,1031,771,"[""BEV2_2025-04-18_drive1.csv"", ""BEV2_2025-04-22_drive1.csv"", ""BEV2_2025-04-22_drive2.csv"", ""BEV2_2025-04-22_drive4.csv"", ""BEV2_2025-04-23_drive1.csv"", ""BEV2_2025-04-25_drive1.csv"", ""BEV2_2025-04-25_drive2.csv"", ""BEV2_2025-04-25_drive3.csv"", ""BEV2_2025-04-26_drive1.csv"", ""BEV2_2025-04-26_drive2.csv""]",[],97723377991a85d4c3abc5353fe6c4d0a6f14fbac89e11bc70c0fbde821102ba,c6833c888b9cc4e08840138f1f2ae4db7a2ec1c73e33b54b293699ff8bd622cd
BEV2_2025-04-27_drive1.csv,future,1745746413000000000,1032,772,"[""BEV2_2025-04-22_drive1.csv"", ""BEV2_2025-04-22_drive2.csv"", ""BEV2_2025-04-22_drive4.csv"", ""BEV2_2025-04-23_drive1.csv"", ""BEV2_2025-04-25_drive1.csv"", ""BEV2_2025-04-25_drive2.csv"", ""BEV2_2025-04-25_drive3.csv"", ""BEV2_2025-04-26_drive1.csv"", ""BEV2_2025-04-26_drive2.csv"", ""BEV2_2025-04-26_drive3.csv""]",[],143882ce70937973e8033926f7554a530cd8039f5395bca3062e3a5dc078ca4f,f354a678fad1674160f067d76fcd962ef6cd4d85d5ad51e8d34ab378f0573b2f
BEV2_2025-04-27_drive2.csv,future,1745750760000000000,1033,773,"[""BEV2_2025-04-22_drive2.csv"", ""BEV2_2025-04-22_drive4.csv"", ""BEV2_2025-04-23_drive1.csv"", ""BEV2_2025-04-25_drive1.csv"", ""BEV2_2025-04-25_drive2.csv"", ""BEV2_2025-04-25_drive3.csv"", ""BEV2_2025-04-26_drive1.csv"", ""BEV2_2025-04-26_drive2.csv"", ""BEV2_2025-04-26_drive3.csv"", ""BEV2_2025-04-27_drive1.csv""]","[""BEV2_2025-04-27_drive1.csv""]",23949cfd1a5ae853e6ad1634b5a11cb7032195a1a909f937e2a86b38bbba6647,63b61d188e4b8934a9aa425d6434ddae152d40ef9fcc309fabd8601238f294f7
BEV2_2025-04-27_drive3.csv,future,1745751345000000000,1034,774,"[""BEV2_2025-04-22_drive4.csv"", ""BEV2_2025-04-23_drive1.csv"", ""BEV2_2025-04-25_drive1.csv"", ""BEV2_2025-04-25_drive2.csv"", ""BEV2_2025-04-25_drive3.csv"", ""BEV2_2025-04-26_drive1.csv"", ""BEV2_2025-04-26_drive2.csv"", ""BEV2_2025-04-26_drive3.csv"", ""BEV2_2025-04-27_drive1.csv"", ""BEV2_2025-04-27_drive2.csv""]","[""BEV2_2025-04-25_drive3.csv""]",3d52b2198fe1695f8a7af9de45a792e992e37eb5da12ad76659054ea2d00fac2,609b44678bf5333fa208efa34847595612d429d0bd4c855007c04c98f74addd1
BEV2_2025-04-27_drive4.csv,future,1745752041000000000,1035,775,"[""BEV2_2025-04-23_drive1.csv"", ""BEV2_2025-04-25_drive1.csv"", ""BEV2_2025-04-25_drive2.csv"", ""BEV2_2025-04-25_drive3.csv"", ""BEV2_2025-04-26_drive1.csv"", ""BEV2_2025-04-26_drive2.csv"", ""BEV2_2025-04-26_drive3.csv"", ""BEV2_2025-04-27_drive1.csv"", ""BEV2_2025-04-27_drive2.csv"", ""BEV2_2025-04-27_drive3.csv""]",[],aeab9266fc069a4971df1dbe7dc2d1799735ff45900ab8d56a57b0102bede955,441b6e264cfc0b420d85cfaeebf5c832ce85ea1a67416c73341b72f9949ecd04
BEV2_2025-04-27_drive5.csv,future,1745758372000000000,1036,776,"[""BEV2_2025-04-25_drive1.csv"", ""BEV2_2025-04-25_drive2.csv"", ""BEV2_2025-04-25_drive3.csv"", ""BEV2_2025-04-26_drive1.csv"", ""BEV2_2025-04-26_drive2.csv"", ""BEV2_2025-04-26_drive3.csv"", ""BEV2_2025-04-27_drive1.csv"", ""BEV2_2025-04-27_drive2.csv"", ""BEV2_2025-04-27_drive3.csv"", ""BEV2_2025-04-27_drive4.csv""]","[""BEV2_2025-04-27_drive1.csv"", ""BEV2_2025-04-27_drive2.csv""]",d59f2e665d0aba46192c98ef80337e96de1794bea9eea75d05f93cd000127f1d,4de1ff0f4e4feff62a22e3c45f15aa8b1ed07d92a0b0282f96b8fed6f631d388
BEV2_2025-04-29_drive1.csv,future,1745913710000000000,1037,777,"[""BEV2_2025-04-25_drive2.csv"", ""BEV2_2025-04-25_drive3.csv"", ""BEV2_2025-04-26_drive1.csv"", ""BEV2_2025-04-26_drive2.csv"", ""BEV2_2025-04-26_drive3.csv"", ""BEV2_2025-04-27_drive1.csv"", ""BEV2_2025-04-27_drive2.csv"", ""BEV2_2025-04-27_drive3.csv"", ""BEV2_2025-04-27_drive4.csv"", ""BEV2_2025-04-27_drive5.csv""]",[],2bed2b5aa7a0ef5d37f274df930e9e9b9e89426d848170dc2fb440c8ffd64061,3a0a51ef57362a8f197005bf6683a9caaed32764b585be2adbf4fa2b137505ac
BEV2_2025-04-29_drive2.csv,future,1745940027000000000,1038,778,"[""BEV2_2025-04-25_drive3.csv"", ""BEV2_2025-04-26_drive1.csv"", ""BEV2_2025-04-26_drive2.csv"", ""BEV2_2025-04-26_drive3.csv"", ""BEV2_2025-04-27_drive1.csv"", ""BEV2_2025-04-27_drive2.csv"", ""BEV2_2025-04-27_drive3.csv"", ""BEV2_2025-04-27_drive4.csv"", ""BEV2_2025-04-27_drive5.csv"", ""BEV2_2025-04-29_drive1.csv""]",[],176f450c837a17456eeda13c159c420e97a1c09b101b65ef5d3a4237b0c58ec9,ce03ee21648ae78923752e1e6186d508a7e85d6b7d4eabad53c3163250037536
BEV2_2025-04-30_drive1.csv,future,1745993317000000000,1039,779,"[""BEV2_2025-04-26_drive1.csv"", ""BEV2_2025-04-26_drive2.csv"", ""BEV2_2025-04-26_drive3.csv"", ""BEV2_2025-04-27_drive1.csv"", ""BEV2_2025-04-27_drive2.csv"", ""BEV2_2025-04-27_drive3.csv"", ""BEV2_2025-04-27_drive4.csv"", ""BEV2_2025-04-27_drive5.csv"", ""BEV2_2025-04-29_drive1.csv"", ""BEV2_2025-04-29_drive2.csv""]",[],196237a42df75b713c0581e0ef900020d5149a224010bafc44509e98f6f92e52,11598706628cee772c02b568b89b49e1694506f9757a2f4307c93ea6606492ca
BEV1_2025-05-23_drive1.csv,future,1747995811000000000,1039,260,"[""BEV1_2025-02-16_drive2.csv"", ""BEV1_2025-02-16_drive3.csv"", ""BEV1_2025-02-17_drive1.csv"", ""BEV1_2025-02-17_drive2.csv"", ""BEV1_2025-02-17_drive3.csv"", ""BEV1_2025-02-17_drive4.csv"", ""BEV1_2025-02-17_drive5.csv"", ""BEV1_2025-02-17_drive6.csv"", ""BEV1_2025-02-17_drive7.csv"", ""BEV1_2025-02-18_drive1.csv""]",[],967c5865d1400ae2d6d63681b68686c9812b5114e16a972282437f66bcf4053b,aa3c84f7a57fbdc34d1b4f8f33202cd961360576fcc63765f852eb961cdb7a83
BEV1_2025-05-23_drive2.csv,future,1747997977000000000,1040,261,"[""BEV1_2025-02-16_drive3.csv"", ""BEV1_2025-02-17_drive1.csv"", ""BEV1_2025-02-17_drive2.csv"", ""BEV1_2025-02-17_drive3.csv"", ""BEV1_2025-02-17_drive4.csv"", ""BEV1_2025-02-17_drive5.csv"", ""BEV1_2025-02-17_drive6.csv"", ""BEV1_2025-02-17_drive7.csv"", ""BEV1_2025-02-18_drive1.csv"", ""BEV1_2025-05-23_drive1.csv""]",[],977b6eef4997f1b6f94cf621863c6c55e1964f3092318ca8e2e5d852f91a3869,79bd607b3001fa6ff6554939db8a053f746fb9bf36403a7a2eaa71f10ea315af
BEV1_2025-05-23_drive3.csv,future,1748007885000000000,1040,261,"[""BEV1_2025-02-16_drive3.csv"", ""BEV1_2025-02-17_drive1.csv"", ""BEV1_2025-02-17_drive2.csv"", ""BEV1_2025-02-17_drive3.csv"", ""BEV1_2025-02-17_drive4.csv"", ""BEV1_2025-02-17_drive5.csv"", ""BEV1_2025-02-17_drive6.csv"", ""BEV1_2025-02-17_drive7.csv"", ""BEV1_2025-02-18_drive1.csv"", ""BEV1_2025-05-23_drive1.csv""]",[],977b6eef4997f1b6f94cf621863c6c55e1964f3092318ca8e2e5d852f91a3869,56b23c94387e155438e2d9a82cc73e8e9e9e1b4851f046f02973e64c560b370f
BEV1_2025-05-23_drive4.csv,future,1748013018000000000,1041,262,"[""BEV1_2025-02-17_drive1.csv"", ""BEV1_2025-02-17_drive2.csv"", ""BEV1_2025-02-17_drive3.csv"", ""BEV1_2025-02-17_drive4.csv"", ""BEV1_2025-02-17_drive5.csv"", ""BEV1_2025-02-17_drive6.csv"", ""BEV1_2025-02-17_drive7.csv"", ""BEV1_2025-02-18_drive1.csv"", ""BEV1_2025-05-23_drive1.csv"", ""BEV1_2025-05-23_drive3.csv""]",[],298eebada8a7efb3b2c7dac4aa9b6aecdc6c09f624d82be49902c47d5c120890,8738d17c7df61474351e8accb93d6af147c5eeed1cab93b86db6dd807cead74c
BEV1_2025-05-24_drive1.csv,future,1748085091000000000,1042,263,"[""BEV1_2025-02-17_drive2.csv"", ""BEV1_2025-02-17_drive3.csv"", ""BEV1_2025-02-17_drive4.csv"", ""BEV1_2025-02-17_drive5.csv"", ""BEV1_2025-02-17_drive6.csv"", ""BEV1_2025-02-17_drive7.csv"", ""BEV1_2025-02-18_drive1.csv"", ""BEV1_2025-05-23_drive1.csv"", ""BEV1_2025-05-23_drive3.csv"", ""BEV1_2025-05-23_drive4.csv""]",[],557d291d5425f75b7182e1431d1c8e58b8fd7d2ef75795de4bfb275b88c5f205,af260106240e0c438dd2815a0cc9d0318f9547033f3118f769a229501865caf7
BEV1_2025-05-24_drive2.csv,future,1748094111000000000,1043,264,"[""BEV1_2025-02-17_drive3.csv"", ""BEV1_2025-02-17_drive4.csv"", ""BEV1_2025-02-17_drive5.csv"", ""BEV1_2025-02-17_drive6.csv"", ""BEV1_2025-02-17_drive7.csv"", ""BEV1_2025-02-18_drive1.csv"", ""BEV1_2025-05-23_drive1.csv"", ""BEV1_2025-05-23_drive3.csv"", ""BEV1_2025-05-23_drive4.csv"", ""BEV1_2025-05-24_drive1.csv""]",[],b046f7eafe0af89d741ff7bd8a73257de3e00075e31a50efbef86c352d315f24,866a3db30064a6450bd8cfd7b2e10921d5cddc415cac8ca47c6a9400fb3eb4da
BEV1_2025-05-24_drive3.csv,future,1748101968000000000,1044,265,"[""BEV1_2025-02-17_drive4.csv"", ""BEV1_2025-02-17_drive5.csv"", ""BEV1_2025-02-17_drive6.csv"", ""BEV1_2025-02-17_drive7.csv"", ""BEV1_2025-02-18_drive1.csv"", ""BEV1_2025-05-23_drive1.csv"", ""BEV1_2025-05-23_drive3.csv"", ""BEV1_2025-05-23_drive4.csv"", ""BEV1_2025-05-24_drive1.csv"", ""BEV1_2025-05-24_drive2.csv""]",[],cb3b4ba479ef302a35ffc6aa3b9a56172b2b7d4b0aaf357e4b69c44d2b9afd2e,56cfc6d5c00e16d635d573bf89cef5aeff465f465f8325f2b1cb7161991314da
BEV1_2025-05-24_drive4.csv,future,1748104028000000000,1045,266,"[""BEV1_2025-02-17_drive5.csv"", ""BEV1_2025-02-17_drive6.csv"", ""BEV1_2025-02-17_drive7.csv"", ""BEV1_2025-02-18_drive1.csv"", ""BEV1_2025-05-23_drive1.csv"", ""BEV1_2025-05-23_drive3.csv"", ""BEV1_2025-05-23_drive4.csv"", ""BEV1_2025-05-24_drive1.csv"", ""BEV1_2025-05-24_drive2.csv"", ""BEV1_2025-05-24_drive3.csv""]",[],eaaad2a7dcd59dd4d985e6c49d93ed10a56755ee14ab453944d373a5b562d2f0,478f51264c8986b3f7754319e0799af49e0b1a789889f951857bbbb02663bdd3
BEV1_2025-05-25_drive1.csv,future,1748184946000000000,1046,267,"[""BEV1_2025-02-17_drive6.csv"", ""BEV1_2025-02-17_drive7.csv"", ""BEV1_2025-02-18_drive1.csv"", ""BEV1_2025-05-23_drive1.csv"", ""BEV1_2025-05-23_drive3.csv"", ""BEV1_2025-05-23_drive4.csv"", ""BEV1_2025-05-24_drive1.csv"", ""BEV1_2025-05-24_drive2.csv"", ""BEV1_2025-05-24_drive3.csv"", ""BEV1_2025-05-24_drive4.csv""]",[],d6519c774047aa5fbc600cf0c1b02578589d8cbb98eb161dba12ec8ea9f8c7e4,5723b3a9f6be6968aadbe37f3a3840d947f49cd106e11fea3686a7d14f754d18
BEV1_2025-05-25_drive2.csv,future,1748194827000000000,1047,268,"[""BEV1_2025-02-17_drive7.csv"", ""BEV1_2025-02-18_drive1.csv"", ""BEV1_2025-05-23_drive1.csv"", ""BEV1_2025-05-23_drive3.csv"", ""BEV1_2025-05-23_drive4.csv"", ""BEV1_2025-05-24_drive1.csv"", ""BEV1_2025-05-24_drive2.csv"", ""BEV1_2025-05-24_drive3.csv"", ""BEV1_2025-05-24_drive4.csv"", ""BEV1_2025-05-25_drive1.csv""]",[],9ec9c7c7d3b4692c15dbc8792bd6a3f56122328f2ec2bf653704de94f0e242b1,eadc428b71e4d8439573a8ea7ee71cfb9a50334d66e62d0fdc966734d59960da
BEV1_2025-05-26_drive1.csv,future,1748240244000000000,1048,269,"[""BEV1_2025-02-18_drive1.csv"", ""BEV1_2025-05-23_drive1.csv"", ""BEV1_2025-05-23_drive3.csv"", ""BEV1_2025-05-23_drive4.csv"", ""BEV1_2025-05-24_drive1.csv"", ""BEV1_2025-05-24_drive2.csv"", ""BEV1_2025-05-24_drive3.csv"", ""BEV1_2025-05-24_drive4.csv"", ""BEV1_2025-05-25_drive1.csv"", ""BEV1_2025-05-25_drive2.csv""]",[],037ffbae301c9fc313a7e8ac2a0540f39824a876b50938436c1c0b03af8a9020,d1c1fbbc83191c4314db8be7d3271348b57ea6090bf21f034e916cc01dd7ff81
BEV1_2025-05-26_drive2.csv,future,1748263926000000000,1049,270,"[""BEV1_2025-05-23_drive1.csv"", ""BEV1_2025-05-23_drive3.csv"", ""BEV1_2025-05-23_drive4.csv"", ""BEV1_2025-05-24_drive1.csv"", ""BEV1_2025-05-24_drive2.csv"", ""BEV1_2025-05-24_drive3.csv"", ""BEV1_2025-05-24_drive4.csv"", ""BEV1_2025-05-25_drive1.csv"", ""BEV1_2025-05-25_drive2.csv"", ""BEV1_2025-05-26_drive1.csv""]",[],f1f695dda726682713df437798b8e9edc900bdab88a02f1142f771c73dfdaf5c,1b3d8fa0b6ea01850c1f2fbd88d7b1d1ee393ab032acd0f730322b93f4071444
BEV1_2025-05-26_drive3.csv,future,1748270370000000000,1050,271,"[""BEV1_2025-05-23_drive3.csv"", ""BEV1_2025-05-23_drive4.csv"", ""BEV1_2025-05-24_drive1.csv"", ""BEV1_2025-05-24_drive2.csv"", ""BEV1_2025-05-24_drive3.csv"", ""BEV1_2025-05-24_drive4.csv"", ""BEV1_2025-05-25_drive1.csv"", ""BEV1_2025-05-25_drive2.csv"", ""BEV1_2025-05-26_drive1.csv"", ""BEV1_2025-05-26_drive2.csv""]",[],7e1483964bc3012ec30b59aad30d96fc732781791a962f75f1ecbdec874c815b,df510ed0e22e8b5480315ebdf3a728d35f16bda8d964a11436b6089bac4a1aa8
BEV1_2025-05-26_drive4.csv,future,1748276045000000000,1051,272,"[""BEV1_2025-05-23_drive4.csv"", ""BEV1_2025-05-24_drive1.csv"", ""BEV1_2025-05-24_drive2.csv"", ""BEV1_2025-05-24_drive3.csv"", ""BEV1_2025-05-24_drive4.csv"", ""BEV1_2025-05-25_drive1.csv"", ""BEV1_2025-05-25_drive2.csv"", ""BEV1_2025-05-26_drive1.csv"", ""BEV1_2025-05-26_drive2.csv"", ""BEV1_2025-05-26_drive3.csv""]",[],ea3f02fa7c51e942d48bc4ea0e18738714f62d6b8cff4b74e3adca57a8f33880,aa7d47e21c4d05b6717c0e110923a411102ac049332a643a62ba391e55b1ad2a
BEV1_2025-05-26_drive5.csv,future,1748279542000000000,1052,273,"[""BEV1_2025-05-24_drive1.csv"", ""BEV1_2025-05-24_drive2.csv"", ""BEV1_2025-05-24_drive3.csv"", ""BEV1_2025-05-24_drive4.csv"", ""BEV1_2025-05-25_drive1.csv"", ""BEV1_2025-05-25_drive2.csv"", ""BEV1_2025-05-26_drive1.csv"", ""BEV1_2025-05-26_drive2.csv"", ""BEV1_2025-05-26_drive3.csv"", ""BEV1_2025-05-26_drive4.csv""]",[],6b4d40a3aa1d4d4a590bb70e00b18dbf8aae46d745c463263d433eef6277b1e5,4fc950874678c256967e511351c2484d549d5d967177e73b6d704099d380348c
BEV1_2025-05-27_drive1.csv,future,1748326894000000000,1053,274,"[""BEV1_2025-05-24_drive2.csv"", ""BEV1_2025-05-24_drive3.csv"", ""BEV1_2025-05-24_drive4.csv"", ""BEV1_2025-05-25_drive1.csv"", ""BEV1_2025-05-25_drive2.csv"", ""BEV1_2025-05-26_drive1.csv"", ""BEV1_2025-05-26_drive2.csv"", ""BEV1_2025-05-26_drive3.csv"", ""BEV1_2025-05-26_drive4.csv"", ""BEV1_2025-05-26_drive5.csv""]","[""BEV1_2025-05-26_drive1.csv""]",d1f414a589950b6fc6c6d8096cdf866bca127770229340d42f847a2c3c7e264e,5d32e3759349db9f24d98cf3df0d709949dba5be88447692de40ffb608f21603
