file,vehicle,start_utc,end_utc,t_cut,D,gps_path_plausible_km,gap_gt_2s_count,uncertain_charger_signal_or_mode_overlap,main_view_internal_consistency_checked,main_view_5pct_counter_quantization_sufficient,overlap_conflicting_iv_rows,suspected_charger_signal_or_mode_overlap,confirmed_external_charging_from_counter_or_joint_direct,start_ns,end_ns,cut_ns,split,od_key,distance_bin,od_seen_train,ambient_c,ambient_bin,y_rem,e_prefix,y_full,original_history_age,original_od_history,online_history_age,online_od_history,actual_motion_coverage,pred_S-fixed_rem,pred_S-fixed_full,pred_H-frozen_rem,pred_H-frozen_full,pred_H-online_rem,pred_H-online_full,pred_O-combined_rem,pred_O-combined_full
BEV1_2024-07-24_drive1.csv,BEV1,2024-07-24 06:12:26+00:00,2024-07-24 06:54:03+00:00,2024-07-24 06:12:27+00:00,14.758635413321027,14.758635413321027,0,False,True,True,0.0,False,False,1721801546000000000,1721804043000000000,1721801547000000000,train,1492:22677>1460:22627|14,10-50,True,20.0,10-25,3.109951067145687,4.8932854895160046e-05,3.110000000000582,missing,False,missing,False,0.9815705128205128,3.109507013914622,3.1095559467695173,3.109773276233798,3.1098222090886933,3.109773276233798,3.1098222090886933,3.113633712806411,3.113682645661306
BEV1_2024-07-24_drive2.csv,BEV1,2024-07-24 14:59:40+00:00,2024-07-24 15:41:11+00:00,2024-07-24 14:59:42+00:00,14.67503109073881,14.67503109073881,0,False,True,True,0.0,False,False,1721833180000000000,1721835671000000000,1721833182000000000,train,1460:22627>1492:22677|14,10-50,True,26.5,>25,2.9579497427829966,0.000100568542654,2.9580503113256507,0-1d,False,0-1d,False,0.9803133788670148,2.964933018965169,2.965033587507823,2.970019465782319,2.970120034324973,2.970019465782319,2.970120034324973,2.957265374205583,2.957365942748237
BEV1_2024-07-25_drive1.csv,BEV1,2024-07-25 07:03:43+00:00,2024-07-25 07:53:04+00:00,2024-07-25 07:03:44+00:00,22.511921856260507,22.511921856260507,0,False,True,True,0.0,False,False,1721891023000000000,1721893984000000000,1721891024000000000,train,1492:22677>1552:22706|22,10-50,True,23.5,10-25,3.815950341801095,4.965819961805145e-05,3.816000000000713,0-1d,False,0-1d,False,0.9902027027027028,3.815922071329048,3.815971729528666,3.8156808145802756,3.8157304727798937,3.8156808145802756,3.8157304727798937,3.8173748431365775,3.8174245013361956
BEV1_2024-07-25_drive2.csv,BEV1,2024-07-25 15:48:44+00:00,2024-07-25 16:28:56+00:00,2024-07-25 15:48:45+00:00,17.567144268448473,17.567144268448473,0,False,True,True,0.0,False,False,1721922524000000000,1721924936000000000,1721922525000000000,train,1552:22706>1496:22682|17,10-50,True,27.5,>25,2.087949949373514,5.005062622413081e-05,2.087999999999738,0-1d,False,0-1d,False,0.9966818747407714,2.6519069367902186,2.6519569874164426,2.476207824451869,2.476257875078093,2.476207824451869,2.476257875078093,2.0876043679589804,2.0876544185852044
BEV1_2024-07-25_drive3.csv,BEV1,2024-07-25 16:51:58+00:00,2024-07-25 17:12:59+00:00,2024-07-25 16:52:00+00:00,4.241332865595166,4.241332865595166,0,False,True,True,0.0,False,False,1721926318000000000,1721927579000000000,1721926320000000000,train,1496:22682>1492:22677|4,2-10,True,27.5,>25,0.821950017599359,9.981426666172996e-05,0.8220498318660208,0-1d,False,0-1d,False,0.9968228752978554,0.8192171760977288,0.8193169903643905,0.8217882318067671,0.8218880460734288,0.8217882318067671,0.8218880460734288,0.8219324501395316,0.8220322644061934
BEV1_2024-07-27_drive1.csv,BEV1,2024-07-27 06:34:29+00:00,2024-07-27 07:55:39+00:00,2024-07-27 06:34:30+00:00,47.66343177233314,47.66343177233314,0,False,True,True,0.0,False,False,1722062069000000000,1722066939000000000,1722062070000000000,train,1492:22677>1318:22645|47,10-50,True,20.5,10-25,10.244014040588864,4.937230221202072e-05,10.244063412891077,1-7d,False,1-7d,False,0.955637707948244,10.24184368097317,10.241893053275383,10.210123227666909,10.210172599969122,10.210123227666909,10.210172599969122,10.238482428521532,10.238531800823745
BEV1_2024-07-27_drive3.csv,BEV1,2024-07-27 12:09:12+00:00,2024-07-27 12:58:56+00:00,2024-07-27 12:09:13+00:00,33.809109973557355,33.809109973557355,1,False,True,True,0.0,False,False,1722082152000000000,1722085136000000000,1722082153000000000,train,1318:22645>1351:22736|33,10-50,True,22.5,10-25,6.111066137977585,0.0009338620234042,6.1120000000009895,0-1d,False,0-1d,False,0.9664767013074088,6.088218165448774,6.089152027472179,6.0979678940409645,6.098901756064369,6.0979678940409645,6.098901756064369,6.106283683163898,6.107217545187303
BEV1_2024-07-27_drive4.csv,BEV1,2024-07-27 13:53:39+00:00,2024-07-27 14:51:23+00:00,2024-07-27 13:53:41+00:00,45.6715617762703,45.6715617762703,0,False,True,True,0.0,False,False,1722088419000000000,1722091883000000000,1722088421000000000,train,1351:22736>1492:22677|45,10-50,True,31.0,>25,7.4538652987318414,0.0002475580212083,7.45411285675305,0-1d,False,0-1d,False,0.9644714038128248,8.197421795722173,8.19766935374338,8.398862553270996,8.399110111292204,8.398862553270996,8.399110111292204,8.095657333295017,8.095904891316225
BEV1_2024-07-29_drive1.csv,BEV1,2024-07-29 06:08:07+00:00,2024-07-29 06:38:44+00:00,2024-07-29 06:08:08+00:00,21.225613683622434,21.225613683622434,0,False,True,True,0.0,False,False,1722233287000000000,1722235124000000000,1722233288000000000,train,1492:22677>1552:22706|21,10-50,True,20.5,10-25,2.613950737041395,4.926295636398787e-05,2.613999999997759,1-7d,False,1-7d,False,0.9972766884531592,3.0828666185132865,3.0829158814696505,3.0347584523524986,3.0348077153088626,3.0347584523524986,3.0348077153088626,3.0117763158758546,3.0118255788322186
BEV1_2024-07-29_drive2.csv,BEV1,2024-07-29 15:39:00+00:00,2024-07-29 17:03:14+00:00,2024-07-29 15:39:01+00:00,23.40814428052285,23.40814428052285,0,False,True,True,0.0,False,False,1722267540000000000,1722272594000000000,1722267541000000000,train,1552:22706>1492:22677|23,10-50,True,25.5,>25,3.775950630636751,4.936936308860125e-05,3.77599999999984,0-1d,False,0-1d,False,0.9938650306748468,3.5736985427950287,3.5737479121581175,3.6158321599821437,3.6158815293452324,3.6158321599821437,3.6158815293452324,3.776738138609512,3.7767875079726005
BEV1_2024-07-30_drive1.csv,BEV1,2024-07-30 06:31:58+00:00,2024-07-30 07:13:26+00:00,2024-07-30 06:31:59+00:00,14.34175475343979,14.34175475343979,0,False,True,True,0.0,False,False,1722321118000000000,1722323606000000000,1722321119000000000,train,1492:22677>1460:22627|14,10-50,True,23.5,10-25,3.05800073014708,4.915565497885765e-05,3.058049885802059,0-1d,True,0-1d,True,0.9782870928829916,3.0580819022629226,3.0581310579179015,3.0584172357773025,3.0584663914322814,3.0584172357773025,3.0584663914322814,3.0602465296260886,3.0602956852810674
BEV1_2024-07-30_drive2.csv,BEV1,2024-07-30 15:15:12+00:00,2024-07-30 15:56:19+00:00,2024-07-30 15:15:14+00:00,14.381389745142634,14.381389745142634,0,False,True,True,0.0,False,False,1722352512000000000,1722354979000000000,1722352514000000000,train,1460:22627>1492:22677|14,10-50,True,33.5,>25,3.5274040690101223,0.0013147808097762,3.5287188498198985,0-1d,True,0-1d,True,0.9793103448275862,3.0636666944024187,3.064981475212195,3.257879181793343,3.259193962603119,3.257879181793343,3.259193962603119,3.2237113315778334,3.2250261123876096
BEV1_2024-07-31_drive1.csv,BEV1,2024-07-31 05:47:58+00:00,2024-07-31 06:36:39+00:00,2024-07-31 05:47:59+00:00,20.905772386754585,20.905772386754585,1,False,True,True,0.0,False,False,1722404878000000000,1722407799000000000,1722404879000000000,train,1492:22677>1552:22706|20,10-50,True,24.0,10-25,3.047951239589439,4.8760411245070645e-05,3.048000000000684,0-1d,False,0-1d,False,0.9952054794520548,3.0477346736899493,3.0477834341011945,3.0476158113285603,3.0476645717398054,3.0476158113285603,3.0476645717398054,3.046629370270972,3.046678130682217
BEV1_2024-07-31_drive2.csv,BEV1,2024-07-31 14:56:04+00:00,2024-07-31 16:39:18+00:00,2024-07-31 14:56:06+00:00,32.14480880882378,32.14480880882378,0,False,True,True,0.0,False,False,1722437764000000000,1722443958000000000,1722437766000000000,train,1552:22706>1480:22684|32,10-50,True,23.5,10-25,5.113999793405636,9.899202310415875e-05,5.11409878542874,0-1d,False,0-1d,False,0.9935400516795866,5.118311391958238,5.118410383981342,5.111104515735264,5.111203507758368,5.111104515735264,5.111203507758368,5.113469759601252,5.113568751624356
BEV1_2024-07-31_drive3.csv,BEV1,2024-07-31 17:25:33+00:00,2024-07-31 17:45:48+00:00,2024-07-31 17:25:34+00:00,4.941165557983426,4.941165557983426,0,False,True,True,0.0,False,False,1722446733000000000,1722447948000000000,1722446734000000000,train,1480:22684>1492:22677|4,2-10,True,27.5,>25,0.9220154943054728,4.915695043083491e-05,0.9220646512559036,0-1d,False,0-1d,False,0.99835255354201,0.9173118817541659,0.9173610387045967,0.9252493923188941,0.925298549269325,0.9252493923188941,0.925298549269325,0.9206190219886201,0.920668178939051
BEV1_2024-08-01_drive1.csv,BEV1,2024-08-01 06:27:07+00:00,2024-08-01 07:08:32+00:00,2024-08-01 06:27:08+00:00,15.11754980359898,15.11754980359898,0,False,True,True,0.0,False,False,1722493627000000000,1722496112000000000,1722493628000000000,train,1492:22677>1460:22627|15,10-50,True,24.0,10-25,3.118005197773529,4.863734226669683e-05,3.118053835115796,0-1d,False,0-1d,False,0.9826892109500804,3.1202032209564527,3.1202518582987193,3.1203638434481116,3.120412480790378,3.1203638434481116,3.120412480790378,3.1190259499337714,3.119074587276038
BEV1_2024-08-01_drive2.csv,BEV1,2024-08-01 15:36:22+00:00,2024-08-01 16:17:12+00:00,2024-08-01 15:36:23+00:00,14.357224232367054,14.357224232367054,0,False,True,True,0.0,False,False,1722526582000000000,1722529032000000000,1722526583000000000,train,1460:22627>1492:22677|14,10-50,True,25.5,>25,3.2139994678904693,5.0178187722217504e-05,3.2140496460781915,0-1d,True,0-1d,True,0.9787668436096366,2.9505740337141146,2.950624211901837,3.1680931684948623,3.1681433466825846,3.1680931684948623,3.1681433466825846,3.139008813930705,3.1390589921184273
BEV1_2024-08-02_drive1.csv,BEV1,2024-08-02 08:27:38+00:00,2024-08-02 09:09:05+00:00,2024-08-02 08:27:39+00:00,16.788983732352705,16.788983732352705,0,False,True,True,0.0,False,False,1722587258000000000,1722589745000000000,1722587259000000000,train,1492:22677>1540:22701|16,10-50,True,21.0,10-25,3.735940391270809,4.942512260087077e-05,3.73598981639341,0-1d,False,0-1d,False,0.9823008849557522,3.1456330597577775,3.1456824848803784,2.970183513251123,2.970232938373724,2.970183513251123,2.970232938373724,3.7319260644490364,3.7319754895716373
BEV1_2024-08-06_drive1.csv,BEV1,2024-08-06 15:37:41+00:00,2024-08-06 16:16:21+00:00,2024-08-06 15:37:42+00:00,21.98332272521295,21.98332272521295,0,False,True,True,0.0,False,False,1722958661000000000,1722960981000000000,1722958662000000000,train,1552:22706>1492:22677|21,10-50,True,27.5,>25,2.759932405465811,0.0001165607016639,2.760048966167475,1-7d,False,1-7d,False,0.998706338939198,2.860768187719396,2.8608847484210598,3.1876999081860213,3.1878164688876853,3.1876999081860213,3.1878164688876853,2.765687476811997,2.7658040375136608
BEV1_2024-08-06_drive2.csv,BEV1,2024-08-06 17:02:28+00:00,2024-08-06 17:47:03+00:00,2024-08-06 17:02:30+00:00,1.0643773306934228,1.0643773306934228,0,False,True,True,0.0,False,False,1722963748000000000,1722966423000000000,1722963750000000000,train,1492:22677>1489:22676|1,<2,True,29.0,>25,0.4399503262984403,9.889854062779424e-05,0.4400492248390681,0-1d,False,0-1d,False,0.9996258885147774,0.36454920013227976,0.36464809867290754,0.3881725767117643,0.3882714752523921,0.3881725767117643,0.3882714752523921,0.3902513386494856,0.39035023719011336
BEV1_2024-08-06_drive3.csv,BEV1,2024-08-06 18:10:00+00:00,2024-08-06 18:31:23+00:00,2024-08-06 18:10:02+00:00,1.2318974396690985,1.2318974396690985,0,False,True,True,0.0,False,False,1722967800000000000,1722969083000000000,1722967802000000000,train,1489:22676>1492:22677|1,<2,True,32.5,>25,0.3259336180405768,0.0001357852722421,0.3260694033128189,0-1d,False,0-1d,False,0.9992193598750976,0.3267523214700049,0.326888106742247,0.3381424933694738,0.3382782786417159,0.3381424933694738,0.3382782786417159,0.3279098616925517,0.3280456469647938
BEV1_2024-08-08_drive1.csv,BEV1,2024-08-08 05:10:36+00:00,2024-08-08 05:50:39+00:00,2024-08-08 05:10:37+00:00,20.07540527721473,20.07540527721473,0,False,True,True,0.0,False,False,1723093836000000000,1723096239000000000,1723093837000000000,train,1492:22677>1548:22708|20,10-50,True,21.0,10-25,2.619950616941692,4.938305728921679e-05,2.6199999999989814,1-7d,False,1-7d,False,0.9991673605328892,3.3308612887923315,3.3309106718496206,3.262498703933063,3.262548086990352,3.262498703933063,3.262548086990352,2.9854442959608067,2.985493679018096
BEV1_2024-08-10_drive1.csv,BEV1,2024-08-10 06:13:36+00:00,2024-08-10 06:39:45+00:00,2024-08-10 06:13:37+00:00,1.251733109896746,1.251733109896746,0,False,True,True,0.0,False,False,1723270416000000000,1723271985000000000,1723270417000000000,train,995:21306>992:21308|1,<2,True,18.5,10-25,0.9318032598594068,0.0001967401412915,0.9320000000006984,1-7d,False,1-7d,False,0.9987244897959184,0.43416624133114456,0.43436298147243607,0.43858918429769644,0.43878592443898795,0.43858918429769644,0.43878592443898795,0.48746697923556553,0.48766371937685704
BEV1_2024-08-10_drive2.csv,BEV1,2024-08-10 07:02:22+00:00,2024-08-10 09:07:52+00:00,2024-08-10 07:02:23+00:00,143.57821067948635,143.57821067948635,0,False,True,True,0.0,False,False,1723273342000000000,1723280872000000000,1723273343000000000,train,992:21308>623:21771|143,>=50,True,21.5,10-25,32.08187490952416,0.0001250904743611,32.08199999999852,0-1d,False,0-1d,False,0.9270819497941294,31.76872950302535,31.768854593499714,31.74851507027023,31.748640160744593,31.74851507027023,31.748640160744593,31.3978383048591,31.397963395333463
BEV1_2024-08-10_drive3.csv,BEV1,2024-08-10 10:17:08+00:00,2024-08-10 10:53:22+00:00,2024-08-10 10:17:10+00:00,10.138290490538708,10.138290490538708,0,False,True,True,0.0,False,False,1723285028000000000,1723287202000000000,1723285030000000000,train,623:21771>631:21747|10,10-50,True,26.0,>25,1.5999269818571,0.0001452970004487,1.6000722788575488,0-1d,False,0-1d,False,0.9990791896869244,1.864264237862547,1.8644095348629957,1.7468691062380821,1.7470144032385309,1.7468691062380821,1.7470144032385309,1.8323009965213326,1.8324462935217813
BEV1_2024-08-10_drive4.csv,BEV1,2024-08-10 19:12:13+00:00,2024-08-10 22:18:14+00:00,2024-08-10 19:12:14+00:00,201.23654811817465,201.23654811817465,0,False,True,True,0.0,False,False,1723317133000000000,1723328294000000000,1723317134000000000,train,631:21747>1207:22526|201,>=50,True,29.0,>25,48.16566869252858,0.0003313074706736,48.16599999999926,0-1d,False,0-1d,False,0.903494623655914,44.3116099536747,44.31194126114537,44.30710321180505,44.30743451927572,44.30710321180505,44.30743451927572,44.16314006487913,44.163471372349804
BEV1_2024-08-10_drive5.csv,BEV1,2024-08-10 22:46:11+00:00,2024-08-10 23:30:23+00:00,2024-08-10 22:46:12+00:00,31.03927593217707,31.03927593217707,0,False,True,True,0.0,False,False,1723329971000000000,1723332623000000000,1723329972000000000,train,1207:22526>1245:22657|31,10-50,True,21.0,10-25,5.901983160042733,0.0001215527887222,5.902104712831456,0-1d,False,0-1d,False,0.9377593360995852,5.9851142018793295,5.985235754668052,6.377038351634643,6.377159904423365,6.377038351634643,6.377159904423365,6.8757673384948035,6.875888891283526
BEV1_2024-08-11_drive1.csv,BEV1,2024-08-11 06:26:15+00:00,2024-08-11 07:09:06+00:00,2024-08-11 06:26:17+00:00,5.280606900342455,5.280606900342455,0,False,True,True,0.0,False,False,1723357575000000000,1723360146000000000,1723357577000000000,train,1245:22657>1256:22663|5,2-10,True,21.0,10-25,0.8279221035822073,0.0001551766917156,0.8280772802739229,0-1d,False,0-1d,False,0.9996107434799532,0.8377370376025016,0.8378922142942172,0.8285830911943552,0.8287382678860709,0.8285830911943552,0.8287382678860709,0.8268735025805829,0.8270286792722985
BEV1_2024-08-11_drive2.csv,BEV1,2024-08-11 07:32:12+00:00,2024-08-11 08:27:02+00:00,2024-08-11 07:32:13+00:00,60.73676859632669,60.73676859632669,0,False,True,True,0.0,False,False,1723361532000000000,1723364822000000000,1723361533000000000,train,1256:22663>1492:22678|60,>=50,True,22.5,10-25,12.547705069366248,0.0002949306326152,12.547999999998863,0-1d,False,0-1d,False,0.9264214046822744,12.550143068633787,12.550437999266402,12.545787177596912,12.546082108229527,12.545787177596912,12.546082108229527,12.994811183460827,12.995106114093442
BEV1_2024-08-11_drive3.csv,BEV1,2024-08-11 13:38:15+00:00,2024-08-11 14:32:10+00:00,2024-08-11 13:38:16+00:00,4.300268535268515,4.300268535268515,0,True,True,True,0.0,True,False,1723383495000000000,1723386730000000000,1723383496000000000,train,1492:22678>1492:22677|4,2-10,True,33.5,>25,1.6031822139926304,0.0008177860067291,1.6039999999993595,0-1d,False,0-1d,False,0.9996907854050712,1.0126991609942007,1.0135169470009298,1.026032564926839,1.026850350933568,1.026032564926839,1.026850350933568,1.0399882308445185,1.0408060168512476
BEV1_2024-08-29_drive1.csv,BEV1,2024-08-29 15:20:57+00:00,2024-08-29 15:59:24+00:00,2024-08-29 15:20:58+00:00,20.870890644607883,20.870890644607883,0,False,True,True,0.0,False,False,1724944857000000000,1724947164000000000,1724944858000000000,train,1552:22706>1492:22677|20,10-50,True,28.0,>25,3.185432730279861,0.0005672697198333,3.1859999999996944,>7d,False,>7d,False,0.9861231569817868,2.963536915588283,2.9641041853081163,3.167044648420517,3.1676119181403504,3.167044648420517,3.1676119181403504,3.1728865699030018,3.173453839622835
BEV1_2024-08-30_drive1.csv,BEV1,2024-08-30 06:36:02+00:00,2024-08-30 06:55:38+00:00,2024-08-30 06:36:03+00:00,8.690508607591703,8.690508607591703,0,False,True,True,0.0,False,False,1724999762000000000,1725000938000000000,1724999763000000000,train,1492:22677>1509:22677|8,2-10,True,21.5,10-25,1.1960022436558455,5.005094617005796e-05,1.1960522946020156,0-1d,False,0-1d,False,0.9957446808510638,1.1961521292699666,1.1962021802161367,1.1956751618371986,1.1957252127833686,1.1956751618371986,1.1957252127833686,1.2121576736116682,1.2122077245578382
BEV1_2024-08-30_drive2.csv,BEV1,2024-08-30 08:50:56+00:00,2024-08-30 10:36:30+00:00,2024-08-30 08:50:57+00:00,25.66994166730632,25.66994166730632,0,False,True,True,0.0,False,False,1725007856000000000,1725014190000000000,1725007857000000000,train,1509:22677>1492:22677|25,10-50,True,21.5,10-25,4.031999526844639,4.930478203571031e-05,4.032048831626675,0-1d,False,0-1d,False,0.9939996841939048,4.1968151976600305,4.196864502442066,4.153397828937341,4.153447133719377,4.153397828937341,4.153447133719377,4.38536394308408,4.385413247866116
BEV1_2024-08-31_drive1.csv,BEV1,2024-08-31 18:28:21+00:00,2024-08-31 19:11:33+00:00,2024-08-31 18:28:22+00:00,5.499775910221644,5.499775910221644,0,False,True,True,0.0,False,False,1725128901000000000,1725131493000000000,1725128902000000000,train,1492:22677>1479:22688|5,2-10,True,21.5,10-25,0.8320012850225392,4.938093830909101e-05,0.8320506659608483,1-7d,False,1-7d,False,0.9992280972597452,0.8329199986517513,0.8329693795900603,0.8316670299732456,0.8317164109115547,0.8316670299732456,0.8317164109115547,0.8242684187658508,0.8243177997041599
BEV1_2024-08-31_drive2.csv,BEV1,2024-08-31 20:43:54+00:00,2024-08-31 21:03:56+00:00,2024-08-31 20:43:55+00:00,5.256934927247567,5.256934927247567,0,False,True,True,0.0,False,False,1725137034000000000,1725138236000000000,1725137035000000000,train,1479:22688>1492:22677|5,2-10,True,24.5,10-25,0.7080226572025854,4.935504945790812e-05,0.7080720122520433,0-1d,False,0-1d,False,0.9958368026644464,0.7902934312020389,0.7903427862514968,0.7132973818337123,0.7133467368831702,0.7132973818337123,0.7133467368831702,0.7149928740518461,0.715042229101304
BEV1_2024-09-01_drive1.csv,BEV1,2024-09-01 08:21:55+00:00,2024-09-01 08:24:40+00:00,2024-09-01 08:21:58+00:00,0.1588220656462368,0.1589332607262026,1,False,False,False,0.0,False,False,1725178915000000000,1725179080000000000,1725178918000000000,train,1492:22677>1492:22678|0,<2,True,21.0,10-25,0.0618668541062802,0.0003828223846705,0.0622496764909507,0-1d,False,0-1d,False,0.9814814814814816,0.0636651880484492,0.0640480104331197,0.06183246099909692,0.062215283383767424,0.06183246099909692,0.062215283383767424,0.062035137206119736,0.06241795959079024
BEV1_2024-09-01_drive2.csv,BEV1,2024-09-01 10:23:32+00:00,2024-09-01 10:56:28+00:00,2024-09-01 10:23:33+00:00,15.341477112950145,15.341477112950145,0,True,True,True,0.0,True,False,1725186212000000000,1725188188000000000,1725186213000000000,train,1492:22678>1499:22720|15,10-50,True,30.5,>25,2.483709800347872,0.0002901996543263,2.4840000000021973,0-1d,False,0-1d,False,0.9954430379746836,2.7102559928608465,2.7105461925151726,2.756732706589299,2.757022906243625,2.756732706589299,2.757022906243625,2.5256015849811964,2.5258917846355224
BEV1_2024-09-01_drive3.csv,BEV1,2024-09-01 13:37:25+00:00,2024-09-01 14:11:26+00:00,2024-09-01 13:37:26+00:00,15.727599352846322,15.727599352846322,0,False,True,True,0.0,False,False,1725197845000000000,1725199886000000000,1725197846000000000,train,1499:22720>1492:22678|15,10-50,True,31.0,>25,2.959250634403872,0.0007493655952547,2.959999999999127,0-1d,False,0-1d,False,0.998529411764706,2.9520767684623976,2.9528261340576525,2.962266136377276,2.963015501972531,2.962266136377276,2.963015501972531,2.7825833769623065,2.7833327425575614
BEV1_2024-09-01_drive4.csv,BEV1,2024-09-01 15:38:12+00:00,2024-09-01 17:41:30+00:00,2024-09-01 15:38:13+00:00,169.4550126250787,169.4550126250787,0,True,True,True,0.0,True,False,1725205092000000000,1725212490000000000,1725205093000000000,train,1492:22678>2108:22514|169,>=50,True,36.5,>25,40.24179022063504,0.0002097793633333,40.24199999999837,0-1d,False,0-1d,False,0.901040962552386,37.597990739969205,37.598200519332536,37.30046297379251,37.300672753155844,37.30046297379251,37.300672753155844,37.336897097794576,37.33710687715791
BEV1_2024-09-01_drive5.csv,BEV1,2024-09-01 18:10:43+00:00,2024-09-01 19:35:22+00:00,2024-09-01 18:10:44+00:00,98.9104579010064,98.9104579010064,0,False,True,True,0.0,False,False,1725214243000000000,1725219322000000000,1725214244000000000,train,2108:22514>2421:22203|98,>=50,True,28.5,>25,22.31361433321892,0.0003856667813819,22.314000000000306,0-1d,False,0-1d,False,0.9119732178022844,22.30036919696276,22.300754863744142,22.21460377395703,22.214989440738414,22.21460377395703,22.214989440738414,22.344107180153447,22.34449284693483
BEV1_2024-09-02_drive1.csv,BEV1,2024-09-02 06:23:08+00:00,2024-09-02 07:05:32+00:00,2024-09-02 06:23:09+00:00,2.389657222490684,2.389657222490684,0,False,True,True,0.0,False,False,1725258188000000000,1725260732000000000,1725258189000000000,train,2421:22203>2426:22208|2,2-10,True,29.8,>25,0.7979503862734483,4.96137254166626e-05,0.797999999998865,0-1d,False,0-1d,False,1.0,0.6917132750997247,0.6917628888251414,0.6747180837618121,0.6747676974872288,0.6747180837618121,0.6747676974872288,0.6885776951089971,0.6886273088344138
BEV1_2024-09-02_drive2.csv,BEV1,2024-09-02 15:48:52+00:00,2024-09-02 16:31:51+00:00,2024-09-02 15:48:54+00:00,2.4640399340180164,2.4640399340180164,0,False,True,True,0.0,False,False,1725292132000000000,1725294711000000000,1725292134000000000,train,2426:22208>2421:22203|2,2-10,True,26.5,>25,0.6459505848180986,9.896591456860714e-05,0.6460495507326672,0-1d,False,0-1d,False,0.9996119518820332,0.6841391824644187,0.6842381483789873,0.676643703291561,0.6767426692061296,0.676643703291561,0.6767426692061296,0.6699163226696316,0.6700152885842002
BEV1_2024-09-03_drive1.csv,BEV1,2024-09-03 08:17:57+00:00,2024-09-03 09:25:30+00:00,2024-09-03 08:17:58+00:00,61.96740006142744,61.96740006142744,0,False,True,True,0.0,False,False,1725351477000000000,1725355530000000000,1725351478000000000,train,2421:22203>2266:22433|61,>=50,True,30.0,>25,14.179941971334708,5.802866376412932e-05,14.179999999998472,0-1d,False,0-1d,False,0.9395360315893386,14.183151517805747,14.183209546469511,14.179563654510337,14.179621683174101,14.179563654510337,14.179621683174101,14.187339168764243,14.187397197428007
BEV1_2024-09-03_drive2.csv,BEV1,2024-09-03 10:07:31+00:00,2024-09-03 12:31:18+00:00,2024-09-03 10:07:32+00:00,195.2391550487196,195.2391550487196,0,False,True,True,0.0,False,False,1725358051000000000,1725366678000000000,1725358052000000000,train,2266:22433>1500:22687|195,>=50,True,27.5,>25,41.275598735573205,0.0004012644266388,41.27599999999984,0-1d,False,0-1d,False,0.905750057964294,41.79301974010069,41.793421004527325,41.585679306638404,41.58608057106504,41.585679306638404,41.58608057106504,41.53885337728999,41.539254641716624
BEV1_2024-09-03_drive3.csv,BEV1,2024-09-03 12:41:26+00:00,2024-09-03 13:01:24+00:00,2024-09-03 12:41:27+00:00,2.2328064041654296,2.2328064041654296,0,False,True,True,0.0,False,False,1725367286000000000,1725368484000000000,1725367287000000000,train,1500:22687>1496:22682|2,2-10,True,22.0,10-25,0.4294412133594141,0.0005837511051874,0.4300249644646015,0-1d,False,0-1d,False,0.9991645781119464,0.42952599341831293,0.4301097445235003,0.4288458078081236,0.42942955891331097,0.4288458078081236,0.42942955891331097,0.429883236630334,0.4304669877355214
BEV1_2024-09-03_drive5.csv,BEV1,2024-09-03 16:35:24+00:00,2024-09-03 17:18:45+00:00,2024-09-03 16:35:26+00:00,4.44023860146031,4.44023860146031,0,False,True,True,0.0,False,False,1725381324000000000,1725383925000000000,1725381326000000000,train,1492:22677>1489:22687|4,2-10,True,24.0,10-25,0.7439519925784999,9.66897996566264e-05,0.7440486823781565,0-1d,False,0-1d,False,0.9996152366294728,0.7439497208576957,0.7440464106573523,0.744274407315404,0.7443710971150606,0.744274407315404,0.7443710971150606,0.7608312106962505,0.7609279004959071
BEV1_2024-09-03_drive6.csv,BEV1,2024-09-03 18:51:03+00:00,2024-09-03 19:11:22+00:00,2024-09-03 18:51:04+00:00,4.469119038734317,4.469119038734317,0,False,True,True,0.0,False,False,1725389463000000000,1725390682000000000,1725389464000000000,train,1489:22687>1492:22677|4,2-10,True,27.0,>25,0.7519977373673704,4.942404234113516e-05,0.7520471614097115,0-1d,False,0-1d,False,0.9983579638752051,0.7530443136900289,0.75309373773237,0.7520069148050368,0.7520563388473779,0.7520069148050368,0.7520563388473779,0.7514998263256554,0.7515492503679965
BEV1_2024-09-04_drive1.csv,BEV1,2024-09-04 05:57:36+00:00,2024-09-04 06:46:57+00:00,2024-09-04 05:57:37+00:00,23.06203175851464,23.06203175851464,0,False,True,True,0.0,False,False,1725429456000000000,1725432417000000000,1725429457000000000,train,1492:22677>1552:22706|23,10-50,True,24.5,10-25,4.083950705063367,4.929493555555163e-05,4.083999999998923,0-1d,False,0-1d,False,0.9929054054054054,4.070731749905,4.0707810448405555,4.085137900005227,4.085187194940783,4.085137900005227,4.085187194940783,4.024355090434682,4.024404385370238
BEV1_2024-09-04_drive2.csv,BEV1,2024-09-04 15:32:51+00:00,2024-09-04 16:08:45+00:00,2024-09-04 15:32:52+00:00,20.823081767634143,20.823081767634143,0,True,True,True,0.0,True,False,1725463971000000000,1725466125000000000,1725463972000000000,train,1552:22706>1492:22677|20,10-50,True,29.5,>25,2.7658810953552466,0.0001189046443749,2.7659999999996217,0-1d,False,0-1d,False,0.9888527635856944,2.7655743758383697,2.7656932804827448,2.7608770060754955,2.7609959107198705,2.7608770060754955,2.7609959107198705,2.8065054147394664,2.8066243193838414
BEV1_2024-09-17_drive1.csv,BEV1,2024-09-17 15:50:29+00:00,2024-09-17 16:11:45+00:00,2024-09-17 15:50:30+00:00,0.5397537251157664,0.5483229153458209,0,False,True,True,0.0,False,False,1726588229000000000,1726589505000000000,1726588230000000000,train,1491:22676>1492:22677|0,<2,True,23.0,10-25,0.0843788535099447,0.0036708194534379,0.0880496729633826,>7d,False,>7d,False,0.99921568627451,0.08790102689127163,0.09157184634470954,0.08638541614091085,0.09005623559434875,0.08638541614091085,0.09005623559434875,0.0845193388910529,0.0881901583444908
BEV1_2024-09-18_drive1.csv,BEV1,2024-09-18 07:05:38+00:00,2024-09-18 07:53:25+00:00,2024-09-18 07:05:40+00:00,21.86771564168521,21.86771564168521,0,False,True,True,0.0,False,False,1726643138000000000,1726646005000000000,1726643140000000000,train,1492:22677>1552:22706|21,10-50,True,20.5,10-25,3.865951333082694,9.798146689814052e-05,3.866049314549592,0-1d,False,0-1d,False,0.9863874345549738,3.864988765263246,3.865086746730144,3.8369555688026193,3.8370535502695176,3.8369555688026193,3.8370535502695176,3.8643295800448203,3.8644275615117185
BEV1_2024-09-18_drive2.csv,BEV1,2024-09-18 15:49:18+00:00,2024-09-18 16:49:33+00:00,2024-09-18 15:49:19+00:00,22.596086796887608,22.596086796887608,0,False,True,True,0.0,False,False,1726674558000000000,1726678173000000000,1726674559000000000,train,1552:22706>1492:22677|22,10-50,True,19.5,10-25,2.5699501034524097,4.989654911837782e-05,2.570000000001528,0-1d,False,0-1d,False,0.9975096845600444,2.9570667447836776,2.957116641332796,2.820869790317656,2.820919686866774,2.820869790317656,2.820919686866774,2.74981534709098,2.749865243640098
BEV1_2024-09-18_drive3.csv,BEV1,2024-09-18 19:19:28+00:00,2024-09-18 19:41:12+00:00,2024-09-18 19:19:29+00:00,2.047204216133029,2.047204216133029,0,False,True,True,0.0,False,False,1726687168000000000,1726688472000000000,1726687169000000000,train,1492:22677>1489:22681|2,2-10,True,21.5,10-25,0.3599999931616933,4.948494648989494e-05,0.3600494781081832,0-1d,False,0-1d,False,0.997697620874904,0.39272546752137877,0.39277495246786864,0.3890299212170997,0.38907940616358955,0.3890299212170997,0.38907940616358955,0.35998919257265344,0.3600386775191433
BEV1_2024-09-18_drive4.csv,BEV1,2024-09-18 20:27:18+00:00,2024-09-18 20:49:14+00:00,2024-09-18 20:27:20+00:00,1.9289208185033653,1.9289208185033653,0,False,True,True,0.0,False,False,1726691238000000000,1726692554000000000,1726691240000000000,train,1489:22681>1492:22677|1,<2,True,23.5,10-25,0.3079496766431527,0.0001004768888051,0.3080501535319578,0-1d,False,0-1d,False,1.0,0.30802447897870217,0.30812495586750727,0.3074675078411329,0.307567984729938,0.3074675078411329,0.307567984729938,0.3066174254766358,0.3067179023654409
BEV1_2024-09-19_drive1.csv,BEV1,2024-09-19 06:25:43+00:00,2024-09-19 07:06:38+00:00,2024-09-19 06:25:44+00:00,14.87390005043116,14.87390005043116,0,False,True,True,0.0,False,False,1726727143000000000,1726729598000000000,1726727144000000000,train,1492:22677>1460:22628|14,10-50,True,22.5,10-25,2.66800075733609,4.925765434013221e-05,2.6680500149904303,0-1d,False,0-1d,False,0.9812550937245312,3.1462605899463707,3.146309847600711,2.9554539070361567,2.955503164690497,2.9554539070361567,2.955503164690497,2.847567623038525,2.8476168806928652
BEV1_2024-09-19_drive2.csv,BEV1,2024-09-19 14:47:54+00:00,2024-09-19 15:50:30+00:00,2024-09-19 14:47:55+00:00,15.18035357930234,15.18035357930234,0,False,True,True,0.0,False,False,1726757274000000000,1726761030000000000,1726757275000000000,train,1460:22628>1492:22677|15,10-50,True,26.0,>25,3.3519995660750106,5.167447676388498e-05,3.3520512405517744,0-1d,False,0-1d,False,0.9885486018641813,3.2471124290386135,3.2471641035153773,3.257239925838987,3.257291600315751,3.257239925838987,3.257291600315751,3.2951381476104715,3.2951898220872353
BEV1_2024-09-20_drive1.csv,BEV1,2024-09-20 05:51:12+00:00,2024-09-20 06:41:28+00:00,2024-09-20 05:51:14+00:00,21.021271941625024,21.021271941625024,0,False,True,True,0.0,False,False,1726811472000000000,1726814488000000000,1726811474000000000,train,1492:22677>1552:22706|21,10-50,True,21.0,10-25,3.0439505563750218,9.842512975650324e-05,3.0440489815047784,0-1d,True,0-1d,True,0.9973457199734572,2.979023893216813,2.97912231834657,3.0431543508522116,3.0432527759819683,3.0431543508522116,3.0432527759819683,2.978189339363455,2.9782877644932118
BEV1_2024-09-20_drive2.csv,BEV1,2024-09-20 12:14:52+00:00,2024-09-20 12:56:06+00:00,2024-09-20 12:14:53+00:00,15.386418422341146,15.386418422341146,0,False,True,True,0.0,False,False,1726834492000000000,1726836966000000000,1726834493000000000,train,1552:22706>1511:22678|15,10-50,True,21.0,10-25,2.1279499933641284,5.000663466367816e-05,2.127999999998792,0-1d,False,0-1d,False,0.9919126566922766,2.168438218595467,2.168488225230131,2.130655917739003,2.130705924373667,2.130655917739003,2.130705924373667,2.156703576378261,2.1567535830129247
BEV1_2024-09-20_drive3.csv,BEV1,2024-09-20 15:37:34+00:00,2024-09-20 16:41:29+00:00,2024-09-20 15:37:35+00:00,9.1242741805917,9.1242741805917,0,False,True,True,0.0,False,False,1726846654000000000,1726850489000000000,1726846655000000000,train,1511:22678>1492:22677|9,2-10,True,26.0,>25,1.530002153687438,4.9173616337675685e-05,1.5300513273037757,0-1d,False,0-1d,False,0.9994783515910276,1.438086853154645,1.4381360267709826,1.5121972246498807,1.5122463982662184,1.5121972246498807,1.5122463982662184,1.530026347047427,1.5300755206637646
BEV1_2024-09-21_drive1.csv,BEV1,2024-09-21 08:19:23+00:00,2024-09-21 09:58:12+00:00,2024-09-21 08:19:24+00:00,74.20619285898198,74.20619285898198,0,False,True,True,0.0,False,False,1726906763000000000,1726912692000000000,1726906764000000000,train,1492:22677>1288:22577|74,>=50,True,23.5,10-25,13.791950780241113,4.9219758348897687e-05,13.791999999999462,0-1d,False,0-1d,False,0.956646423751687,14.324485322913494,14.324534542671843,14.585641314643134,14.585690534401483,14.585641314643134,14.585690534401483,14.884330945940757,14.884380165699106
BEV1_2024-09-21_drive2.csv,BEV1,2024-09-21 16:07:03+00:00,2024-09-21 18:22:02+00:00,2024-09-21 16:07:04+00:00,84.32074947363576,84.32074947363576,0,False,True,True,0.0,False,False,1726934823000000000,1726942922000000000,1726934824000000000,train,1288:22577>1492:22677|84,>=50,True,29.0,>25,14.897660567995484,0.000339432005562,14.898000000001048,0-1d,False,0-1d,False,0.9702395653247716,16.36499485180857,16.365334283814132,16.387982105022328,16.38832153702789,16.387982105022328,16.38832153702789,16.159823069030903,16.160162501036464
BEV1_2024-09-22_drive1.csv,BEV1,2024-09-22 09:06:40+00:00,2024-09-22 09:31:57+00:00,2024-09-22 09:06:41+00:00,0.1577558466308778,0.1577558466308778,0,False,True,True,0.0,False,False,1726996000000000000,1726997517000000000,1726996001000000000,train,1492:22677>1492:22678|0,<2,True,20.5,10-25,0.129950907526844,4.90924741745612e-05,0.1300000000010186,0-1d,False,0-1d,False,1.0,0.08119842628195814,0.0812475187561327,0.129916550046917,0.12996564252109155,0.129916550046917,0.12996564252109155,0.13095318138375525,0.1310022738579298
BEV1_2024-09-22_drive2.csv,BEV1,2024-09-22 14:28:47+00:00,2024-09-22 14:51:13+00:00,2024-09-22 14:28:48+00:00,0.1592086371735267,0.1592086371735267,0,False,True,True,0.0,False,False,1727015327000000000,1727016673000000000,1727015328000000000,train,1492:22678>1492:22677|0,<2,True,35.0,>25,0.0999444999284888,5.5500071874995736e-05,0.1000000000003638,0-1d,False,0-1d,False,0.9992565055762082,0.15862058915873814,0.15867608923061313,0.1507464659325246,0.1508019660043996,0.1507464659325246,0.1508019660043996,0.12342225209224933,0.12347775216412432
BEV1_2024-09-23_drive1.csv,BEV1,2024-09-23 05:58:11+00:00,2024-09-23 06:51:20+00:00,2024-09-23 05:58:12+00:00,24.43223727388633,24.43223727388633,0,False,True,True,0.0,False,False,1727071091000000000,1727074280000000000,1727071092000000000,train,1492:22677>1552:22706|24,10-50,True,21.0,10-25,4.2599511010277205,4.8898972497456606e-05,4.260000000000218,0-1d,False,0-1d,False,0.9855708908406524,4.259818487707454,4.259867386679952,4.25896712496624,4.259016023938738,4.25896712496624,4.259016023938738,4.259988069015037,4.260036967987535
BEV1_2024-09-23_drive2.csv,BEV1,2024-09-23 15:48:41+00:00,2024-09-23 16:48:09+00:00,2024-09-23 15:48:43+00:00,22.733516559835884,22.733516559835884,0,False,True,True,0.0,False,False,1727106521000000000,1727110089000000000,1727106523000000000,train,1552:22706>1492:22677|22,10-50,True,20.5,10-25,2.568001656502142,9.993683231007125e-05,2.568101593334452,0-1d,False,0-1d,False,0.9963544587773416,2.871338809619597,2.871438746451907,2.9293605561749754,2.9294604930072854,2.9293605561749754,2.9294604930072854,2.7774726869534465,2.7775726237857565
BEV1_2024-09-24_drive1.csv,BEV1,2024-09-24 08:02:34+00:00,2024-09-24 08:44:38+00:00,2024-09-24 08:02:36+00:00,8.476919037180231,8.476919037180231,0,False,True,True,0.0,False,False,1727164954000000000,1727167478000000000,1727164956000000000,train,1492:22677>1511:22677|8,2-10,True,20.5,10-25,1.279951150447391,9.73085731350038e-05,1.280048459020526,0-1d,False,0-1d,False,0.999206978588422,1.2824091278340632,1.2825064364071983,1.2798454664052803,1.2799427749784154,1.2798454664052803,1.2799427749784154,1.2802829352920406,1.2803802438651757
BEV1_2024-09-24_drive2.csv,BEV1,2024-09-24 11:02:56+00:00,2024-09-24 11:47:26+00:00,2024-09-24 11:02:57+00:00,15.485265792372546,15.485265792372546,1,False,True,True,0.0,False,False,1727175776000000000,1727178446000000000,1727175777000000000,train,1511:22677>1552:22706|15,10-50,True,19.5,10-25,3.26995113192458,4.886807403771822e-05,3.2699999999986176,0-1d,False,0-1d,False,0.9913825402772574,3.2503207511868966,3.250369619260934,3.0975403749137014,3.097589242987739,3.0975403749137014,3.097589242987739,3.1905970541691295,3.190645922243167
BEV1_2024-09-24_drive3.csv,BEV1,2024-09-24 15:56:19+00:00,2024-09-24 16:57:50+00:00,2024-09-24 15:56:21+00:00,21.473275905205224,21.473275905205224,0,False,True,True,0.0,False,False,1727193379000000000,1727197070000000000,1727193381000000000,train,1552:22706>1492:22677|21,10-50,True,17.9,10-25,2.7619022879539616,9.771204666395356e-05,2.7620000000006257,0-1d,False,0-1d,False,0.9978313906207644,2.7558278336645623,2.7559255457112264,2.6976551992990974,2.6977529113457615,2.6976551992990974,2.6977529113457615,2.632689439010139,2.632787151056803
BEV1_2024-09-25_drive1.csv,BEV1,2024-09-25 07:02:43+00:00,2024-09-25 08:04:55+00:00,2024-09-25 07:02:45+00:00,21.233336008985862,21.233336008985862,0,False,True,True,0.0,False,False,1727247763000000000,1727251495000000000,1727247765000000000,train,1492:22677>1552:22706|21,10-50,True,22.5,10-25,2.9979507663531204,9.830898235390994e-05,2.9980490753354743,0-1d,False,0-1d,False,0.9981233243967828,3.2710549924427434,3.2711533014250973,3.2237389602533475,3.2238372692357014,3.2237389602533475,3.2238372692357014,2.98890950681783,2.989007815800184
BEV1_2024-09-25_drive2.csv,BEV1,2024-09-25 15:23:16+00:00,2024-09-25 16:00:52+00:00,2024-09-25 15:23:18+00:00,21.18600253189046,21.18600253189046,0,False,True,True,0.0,False,False,1727277796000000000,1727280052000000000,1727277798000000000,train,1552:22706>1492:22677|21,10-50,True,16.5,10-25,2.4780267339280946,0.0001594465825075,2.478186180510602,0-1d,True,0-1d,True,0.997338065661047,3.1904056211189173,3.190565067701425,2.6605193400285216,2.660678786611029,2.6605193400285216,2.660678786611029,2.6447364855527975,2.644895932135305
BEV1_2024-09-26_drive1.csv,BEV1,2024-09-26 05:38:53+00:00,2024-09-26 06:42:50+00:00,2024-09-26 05:38:55+00:00,14.327616214236029,14.327616214236029,0,False,True,True,0.0,False,False,1727329133000000000,1727332970000000000,1727329135000000000,train,1492:22677>1460:22627|14,10-50,True,19.7,10-25,3.295950629331145,9.890656491704414e-05,3.2960495358960618,0-1d,False,0-1d,False,0.9856584093872228,3.2965846454976013,3.296683552062518,3.1927037537471765,3.1928026603120934,3.1927037537471765,3.1928026603120934,3.279448018545373,3.27954692511029
BEV1_2024-09-26_drive2.csv,BEV1,2024-09-26 15:33:34+00:00,2024-09-26 16:14:05+00:00,2024-09-26 15:33:36+00:00,17.090979104711774,17.090979104711774,0,False,True,True,0.0,False,False,1727364814000000000,1727367245000000000,1727364816000000000,train,1460:22627>1492:22677|17,10-50,True,18.0,10-25,2.800000320919084,9.86054975103652e-05,2.800098926416594,0-1d,False,0-1d,False,0.9938246191848498,2.981146424643769,2.981245030141279,2.8296745502832277,2.829773155780738,2.8296745502832277,2.829773155780738,2.8001674917132164,2.8002660972107267
BEV1_2024-09-27_drive1.csv,BEV1,2024-09-27 05:48:34+00:00,2024-09-27 06:48:56+00:00,2024-09-27 05:48:35+00:00,23.40828092268636,23.40828092268636,0,False,True,True,0.0,False,False,1727416114000000000,1727419736000000000,1727416115000000000,train,1492:22677>1552:22706|23,10-50,True,18.0,10-25,3.786134801362964,4.970651870772567e-05,3.786184507881672,0-1d,False,0-1d,False,0.9933719966859984,3.844750333314927,3.844800039833635,3.783802324051704,3.7838520305704115,3.783802324051704,3.7838520305704115,3.785037885901871,3.7850875924205787
BEV1_2024-10-01_drive1.csv,BEV1,2024-10-01 16:37:04+00:00,2024-10-01 17:39:33+00:00,2024-10-01 16:37:06+00:00,21.289337933121026,21.289337933121026,0,False,True,True,0.0,False,False,1727800624000000000,1727804373000000000,1727800626000000000,train,1552:22706>1492:22677|21,10-50,True,14.5,10-25,2.804000320563268,9.811565935717885e-05,2.8040984362226244,1-7d,True,1-7d,True,0.9978649586335736,2.8623930192399873,2.8624911348993445,2.8190999399591217,2.819198055618479,2.8190999399591217,2.819198055618479,2.804019987736302,2.804118103395659
BEV1_2024-10-02_drive1.csv,BEV1,2024-10-02 07:07:03+00:00,2024-10-02 07:37:35+00:00,2024-10-02 07:07:05+00:00,22.47933778498489,22.47933778498489,0,False,True,True,0.0,False,False,1727852823000000000,1727854655000000000,1727852825000000000,train,1492:22677>1552:22706|22,10-50,True,22.0,10-25,3.9439513155917534,9.850313558365416e-05,3.944049818727338,0-1d,False,0-1d,False,0.9836065573770492,3.944356063027441,3.944454566163025,3.942827419187987,3.9429259223235706,3.942827419187987,3.9429259223235706,3.943526434379616,3.9436249375152
BEV1_2024-10-02_drive2.csv,BEV1,2024-10-02 09:39:38+00:00,2024-10-02 10:39:29+00:00,2024-10-02 09:39:39+00:00,54.31129094640865,54.31129094640865,0,False,True,True,0.0,False,False,1727861978000000000,1727865569000000000,1727861979000000000,train,1552:22706>1311:22647|54,>=50,True,13.0,10-25,11.871945311721296,0.000103133004868,11.872048444726165,0-1d,False,0-1d,False,0.9236768802228412,12.95080829726327,12.950911430268139,12.234524224031215,12.234627357036084,12.234524224031215,12.234627357036084,12.602808467074944,12.602911600079812
BEV1_2024-10-02_drive3.csv,BEV1,2024-10-02 14:06:59+00:00,2024-10-02 15:45:20+00:00,2024-10-02 14:07:00+00:00,63.650251239949824,63.650251239949824,0,False,True,True,0.0,False,False,1727878019000000000,1727883920000000000,1727878020000000000,train,1311:22647>1492:22677|63,>=50,True,15.0,10-25,12.50595083924661,4.916075279390723e-05,12.505999999999403,0-1d,False,0-1d,False,0.9716949152542372,12.497859516395868,12.497908677148661,12.50609943155063,12.506148592303424,12.50609943155063,12.506148592303424,12.5060929913243,12.506142152077093
BEV1_2024-10-03_drive1.csv,BEV1,2024-10-03 06:06:52+00:00,2024-10-03 07:07:25+00:00,2024-10-03 06:06:54+00:00,24.97687793040376,24.97687793040376,0,False,True,True,0.0,False,False,1727935612000000000,1727939245000000000,1727935614000000000,train,1492:22677>1552:22706|24,10-50,True,19.0,10-25,4.649951574608783,9.655482772915878e-05,4.650048129436511,0-1d,False,0-1d,False,0.9898099697053152,4.482838650040943,4.482935204868672,4.5488872561474505,4.548983810975179,4.5488872561474505,4.548983810975179,4.596251859896434,4.5963484147241624
BEV1_2024-10-03_drive2.csv,BEV1,2024-10-03 10:34:56+00:00,2024-10-03 10:37:22+00:00,2024-10-03 10:34:57+00:00,0.0846987582894306,0.0846987582894306,1,False,False,False,0.0,False,False,1727951696000000000,1727951842000000000,1727951697000000000,train,1552:22706>1552:22706|0,<2,True,12.5,10-25,0.041947231446987,5.276855247446594e-05,0.0419999999994615,0-1d,False,0-1d,False,0.9793103448275862,0.042165857725925474,0.04221862627839994,0.042028509412249004,0.04208127796472347,0.042028509412249004,0.04208127796472347,0.04319708503710865,0.043249853589583116
BEV1_2024-10-03_drive3.csv,BEV1,2024-10-03 15:55:06+00:00,2024-10-03 16:56:41+00:00,2024-10-03 15:55:07+00:00,21.715825597246425,21.715825597246425,0,False,True,True,0.0,False,False,1727970906000000000,1727974601000000000,1727970907000000000,train,1552:22706>1492:22677|21,10-50,True,13.5,10-25,3.0659500123801853,4.998762052777349e-05,3.066000000000713,0-1d,True,0-1d,True,0.9983757444504602,3.0653523574222983,3.065402345042826,3.065254737203494,3.065304724824022,3.065254737203494,3.065304724824022,3.0593962313708127,3.0594462189913405
BEV1_2024-10-04_drive1.csv,BEV1,2024-10-04 05:53:11+00:00,2024-10-04 06:48:43+00:00,2024-10-04 05:53:13+00:00,22.671035626563835,22.671035626563835,0,False,True,True,0.0,False,False,1728021191000000000,1728024523000000000,1728021193000000000,train,1492:22677>1552:22706|22,10-50,True,19.5,10-25,3.7099518620260015,9.629678489284832e-05,3.7100481588108942,0-1d,True,0-1d,True,0.9981981981981982,3.739821799762624,3.739918096547517,3.726422499804765,3.726518796589658,3.726422499804765,3.726518796589658,3.6887687509635616,3.6888650477484544
BEV1_2024-10-20_drive1.csv,BEV1,2024-10-20 09:58:46+00:00,2024-10-20 11:00:43+00:00,2024-10-20 09:58:47+00:00,10.795083387624077,10.795083387624077,0,False,True,True,0.0,False,False,1729418326000000000,1729422043000000000,1729418327000000000,train,1492:22677>1508:22690|10,10-50,True,20.0,10-25,1.8959510871166905,4.891288394994685e-05,1.8960000000006405,>7d,False,>7d,False,0.9983853606027988,1.9027993515069443,1.9028482643908944,1.902472462701878,1.9025213755858281,1.902472462701878,1.9025213755858281,1.899154362049217,1.899203274933167
BEV1_2024-10-20_drive2.csv,BEV1,2024-10-20 11:23:47+00:00,2024-10-20 12:05:27+00:00,2024-10-20 11:23:48+00:00,8.258460856739754,8.258460856739754,0,False,True,True,0.0,False,False,1729423427000000000,1729425927000000000,1729423428000000000,train,1508:22690>1492:22677|8,2-10,True,17.0,10-25,1.4159510891589555,4.891084030249563e-05,1.415999999999258,0-1d,False,0-1d,False,0.9995998399359745,1.4169862637208304,1.417035174561133,1.4164853080693989,1.4165342189097014,1.4164853080693989,1.4165342189097014,1.4145487413607587,1.4145976522010613
BEV1_2024-10-22_drive1.csv,BEV1,2024-10-22 05:44:09+00:00,2024-10-22 06:25:21+00:00,2024-10-22 05:44:11+00:00,15.595576489666492,15.595576489666492,0,False,True,True,0.0,False,False,1729575849000000000,1729578321000000000,1729575851000000000,train,1492:22677>1460:22627|15,10-50,True,19.0,10-25,3.3260253196217064,9.820470164553384e-05,3.326123524323352,1-7d,False,1-7d,False,0.9854251012145748,3.3241090723558604,3.3242072770575057,3.3259249074310864,3.3260231121327317,3.3259249074310864,3.3260231121327317,3.3265740581187924,3.3266722628204377
BEV1_2024-10-22_drive2.csv,BEV1,2024-10-22 14:53:49+00:00,2024-10-22 15:34:28+00:00,2024-10-22 14:53:51+00:00,15.398630746776726,15.398630746776726,0,False,True,True,0.0,False,False,1729608829000000000,1729611268000000000,1729608831000000000,train,1460:22627>1492:22677|15,10-50,True,16.5,10-25,2.9279867906081427,0.0001288230890416,2.928115613697184,0-1d,False,0-1d,False,0.9848173984407058,2.9261513025278427,2.926280125616884,2.927965145886261,2.9280939689753023,2.927965145886261,2.9280939689753023,2.9285832607685887,2.92871208385763
BEV1_2024-10-24_drive1.csv,BEV1,2024-10-24 06:02:39+00:00,2024-10-24 06:43:45+00:00,2024-10-24 06:02:41+00:00,15.88451216391162,15.88451216391162,0,False,True,True,0.0,False,False,1729749759000000000,1729752225000000000,1729749761000000000,train,1492:22677>1460:22627|15,10-50,True,18.5,10-25,3.147997745010252,9.736465475925271e-05,3.148095109665011,1-7d,True,1-7d,True,0.987012987012987,3.1438960016227955,3.1439933662775545,3.1479387794037574,3.1480361440585165,3.1479387794037574,3.1480361440585165,3.148058012018574,3.148155376673333
BEV1_2024-10-24_drive2.csv,BEV1,2024-10-24 15:12:01+00:00,2024-10-24 15:45:31+00:00,2024-10-24 15:12:02+00:00,14.82673141100268,14.82673141100268,1,False,True,True,0.0,False,False,1729782721000000000,1729784731000000000,1729782722000000000,train,1460:22627>1492:22678|14,10-50,True,18.5,10-25,2.9579504768195646,4.952318097373978e-05,2.9580000000005384,0-1d,False,0-1d,False,0.9761075161772026,2.9582984375105585,2.9583479606915324,2.95764398414545,2.957693507326424,2.95764398414545,2.957693507326424,2.957622299558458,2.9576718227394316
BEV1_2024-10-24_drive3.csv,BEV1,2024-10-24 19:43:07+00:00,2024-10-24 20:04:49+00:00,2024-10-24 19:43:08+00:00,0.1844689905180861,0.1844689905180861,0,False,True,True,0.0,False,False,1729798987000000000,1729800289000000000,1729798988000000000,train,1492:22678>1492:22677|0,<2,True,28.0,>25,0.1800012931188876,5.192488892600944e-05,0.1800532180078136,0-1d,False,0-1d,False,0.9992313604919292,0.17327164091414793,0.17332356580307393,0.18001938538041942,0.18007131026934542,0.18001938538041942,0.18007131026934542,0.18020611530585634,0.18025804019478234
BEV1_2024-10-25_drive1.csv,BEV1,2024-10-25 06:04:39+00:00,2024-10-25 06:45:35+00:00,2024-10-25 06:04:41+00:00,15.14636863914664,15.14636863914664,0,False,True,True,0.0,False,False,1729836279000000000,1729838735000000000,1729836281000000000,train,1492:22677>1460:22627|15,10-50,True,19.0,10-25,3.197950760462182,9.843677878967712e-05,3.198049197240972,0-1d,True,0-1d,True,0.9832925835370824,3.1945621072755923,3.194660544054382,3.1939271124544395,3.194025549233229,3.1939271124544395,3.194025549233229,3.197785989875157,3.1978844266539466
BEV1_2024-10-25_drive2.csv,BEV1,2024-10-25 14:58:08+00:00,2024-10-25 16:02:17+00:00,2024-10-25 14:58:10+00:00,14.642142547982267,14.642142547982267,0,False,True,True,0.0,False,False,1729868288000000000,1729872137000000000,1729868290000000000,train,1460:22627>1492:22677|14,10-50,True,19.5,10-25,2.867999642014204,0.0001000041050153,2.8680996461192185,0-1d,False,0-1d,False,0.9870028593709383,2.8682535319234184,2.8683535360284336,2.868009215935701,2.8681092200407163,2.868009215935701,2.8681092200407163,2.868638686797469,2.868738690902484
BEV1_2024-10-27_drive1.csv,BEV1,2024-10-27 10:46:26+00:00,2024-10-27 11:46:15+00:00,2024-10-27 10:46:28+00:00,31.09375752660933,31.09375752660933,0,False,True,True,0.0,False,False,1730025986000000000,1730029575000000000,1730025988000000000,train,1492:22677>1375:22667|31,10-50,True,19.0,10-25,5.911977330967825,0.0001408496253358,5.91211818059316,1-7d,False,1-7d,False,0.965151937552272,5.914013397196204,5.914154246821539,5.912339067098944,5.91247991672428,5.912339067098944,5.91247991672428,5.9119782969424,5.912119146567735
BEV1_2024-10-27_drive2.csv,BEV1,2024-10-27 13:18:34+00:00,2024-10-27 14:55:50+00:00,2024-10-27 13:18:35+00:00,43.93690444044199,43.93690444044199,0,False,True,True,0.0,False,False,1730035114000000000,1730040950000000000,1730035115000000000,train,1375:22667>1492:22678|43,10-50,True,17.5,10-25,8.393905527626675,9.447237355775188e-05,8.394000000000233,0-1d,False,0-1d,False,0.9720651242502142,8.382751375776849,8.382845848150406,8.375692842225021,8.375787314598579,8.375692842225021,8.375787314598579,8.393856200949728,8.393950673323285
BEV1_2024-10-27_drive3.csv,BEV1,2024-10-27 19:14:03+00:00,2024-10-27 19:36:29+00:00,2024-10-27 19:14:05+00:00,0.1509359919083398,0.1509359919083398,0,False,True,True,0.0,False,False,1730056443000000000,1730057789000000000,1730056445000000000,train,1492:22678>1492:22677|0,<2,True,23.0,10-25,0.2439508314737354,9.849911104760974e-05,0.2440493305847831,0-1d,True,0-1d,True,1.0,0.12358441807901907,0.12368291719006667,0.16773327974726707,0.16783177885831468,0.16773327974726707,0.16783177885831468,0.2069323996000293,0.2070308987110769
BEV1_2024-10-28_drive1.csv,BEV1,2024-10-28 07:08:27+00:00,2024-10-28 07:50:20+00:00,2024-10-28 07:08:29+00:00,15.6487955178023,15.6487955178023,0,False,True,True,0.0,False,False,1730099307000000000,1730101820000000000,1730099309000000000,train,1492:22677>1460:22627|15,10-50,True,18.5,10-25,3.144000511349164,9.804754980859856e-05,3.144098558898972,0-1d,True,0-1d,True,0.985663082437276,3.1904943484680675,3.190592396017876,3.1419927495705973,3.1420907971204057,3.1419927495705973,3.1420907971204057,3.143908612276821,3.1440066598266294
BEV1_2024-10-28_drive2.csv,BEV1,2024-10-28 15:55:15+00:00,2024-10-28 16:59:24+00:00,2024-10-28 15:55:16+00:00,15.279530289480586,15.279530289480586,0,False,True,True,0.0,False,False,1730130915000000000,1730134764000000000,1730130916000000000,train,1460:22627>1492:22677|15,10-50,True,16.5,10-25,3.0919509570619272,4.904293680654915e-05,3.091999999998734,0-1d,True,0-1d,True,0.9896049896049895,3.0917482876906015,3.0917973306274082,3.0919081058439795,3.091957148780786,3.0919081058439795,3.091957148780786,3.0921935478977276,3.0922425908345343
BEV1_2024-10-29_drive1.csv,BEV1,2024-10-29 06:26:47+00:00,2024-10-29 07:16:53+00:00,2024-10-29 06:26:49+00:00,20.99881232143788,20.99881232143788,0,False,True,True,0.0,False,False,1730183207000000000,1730186213000000000,1730183209000000000,train,1492:22677>1552:22706|20,10-50,True,18.5,10-25,2.8699509580073697,9.84028656827778e-05,2.8700493608730526,0-1d,False,0-1d,False,0.9970039946737684,3.6096174216168677,3.6097158244825507,3.3869242700787705,3.3870226729444535,3.3869242700787705,3.3870226729444535,3.1111299694390717,3.1112283723047547
BEV1_2024-10-29_drive2.csv,BEV1,2024-10-29 16:55:29+00:00,2024-10-29 19:04:47+00:00,2024-10-29 16:55:30+00:00,24.05413538312857,24.05413538312857,0,False,True,True,0.0,False,False,1730220929000000000,1730228687000000000,1730220930000000000,train,1552:22706>1492:22677|24,10-50,True,16.5,10-25,3.677921285735206,7.8714262858478e-05,3.6779999999980646,0-1d,False,0-1d,False,0.9989686734562332,3.6772917124992794,3.677370426762138,3.6769064539492775,3.676985168212136,3.6769064539492775,3.676985168212136,3.7020949367932796,3.702173651056138
BEV1_2024-10-30_drive1.csv,BEV1,2024-10-30 12:09:56+00:00,2024-10-30 14:18:56+00:00,2024-10-30 12:09:57+00:00,28.36818414785988,28.36818414785988,0,False,True,True,0.0,False,False,1730290196000000000,1730297936000000000,1730290197000000000,train,1492:22677>1492:22677|28,10-50,True,18.0,10-25,5.903952370559486,4.762944096527316e-05,5.904000000000451,0-1d,False,0-1d,False,0.9945729422405996,5.903102852572903,5.903150482013868,5.7104712924766785,5.710518921917644,5.7104712924766785,5.710518921917644,5.710230276552086,5.710277905993052
BEV1_2024-10-30_drive2.csv,BEV1,2024-10-30 16:37:28+00:00,2024-10-30 19:33:57+00:00,2024-10-30 16:37:29+00:00,11.245213459943248,11.245213459943248,0,False,True,True,0.0,False,False,1730306248000000000,1730316837000000000,1730306249000000000,train,1492:22677>1492:22677|11,10-50,True,18.0,10-25,2.9299507113677223,4.928863256881223e-05,2.930000000000291,0-1d,False,0-1d,False,0.9994333207404608,2.2184340574641412,2.21848334609671,2.546713152149238,2.546762440781807,2.546713152149238,2.546762440781807,2.514980567932273,2.515029856564842
BEV1_2024-10-31_drive1.csv,BEV1,2024-10-31 07:53:00+00:00,2024-10-31 08:35:22+00:00,2024-10-31 07:53:01+00:00,22.045860794728107,22.045860794728107,0,False,True,True,0.0,False,False,1730361180000000000,1730363722000000000,1730361181000000000,train,1492:22677>1552:22706|22,10-50,True,18.5,10-25,4.663952043900816,4.795609803471737e-05,4.66399999999885,0-1d,False,0-1d,False,0.9862258953168044,4.567287828443654,4.567335784541689,4.277706460642113,4.277754416740148,4.277706460642113,4.277754416740148,4.3390491607882495,4.339097116886284
BEV1_2024-10-31_drive2.csv,BEV1,2024-10-31 13:26:50+00:00,2024-10-31 13:54:59+00:00,2024-10-31 13:26:51+00:00,23.262686005602944,23.262686005602944,0,True,True,True,0.0,True,False,1730381210000000000,1730382899000000000,1730381211000000000,train,1552:22706>1492:22678|23,10-50,True,16.0,10-25,3.975719063269103,0.0002809367314652,3.976000000000568,0-1d,False,0-1d,False,0.9804502369668248,3.975845303467742,3.9761262401992075,3.905636337333526,3.9059172740649912,3.905636337333526,3.9059172740649912,3.9755739221701956,3.975854858901661
BEV1_2024-10-31_drive3.csv,BEV1,2024-10-31 14:51:58+00:00,2024-10-31 16:10:58+00:00,2024-10-31 14:51:59+00:00,36.36149087210893,36.36149087210893,0,True,True,True,0.0,True,False,1730386318000000000,1730391058000000000,1730386319000000000,train,1492:22678>1393:22596|36,10-50,True,25.5,>25,7.385916007901901,8.399209852082768e-05,7.386000000000422,0-1d,False,0-1d,False,0.977632411901245,7.392349119636313,7.392433111734833,7.377638127092462,7.377722119190983,7.377638127092462,7.377722119190983,7.37878694849627,7.3788709405947905
BEV1_2024-10-31_drive4.csv,BEV1,2024-10-31 16:18:34+00:00,2024-10-31 17:23:21+00:00,2024-10-31 16:18:36+00:00,40.52354734283989,40.52354734283989,0,False,True,True,0.0,False,False,1730391514000000000,1730395401000000000,1730391516000000000,train,1393:22596>1217:22634|40,10-50,True,16.5,10-25,8.972125678870237,0.0001815454484344,8.972307224318671,0-1d,False,0-1d,False,0.9634491634491634,8.97602860931965,8.976210154768085,9.005156035100097,9.005337580548531,9.005156035100097,9.005337580548531,8.972146005443879,8.972327550892313
BEV1_2024-10-31_drive5.csv,BEV1,2024-10-31 17:45:17+00:00,2024-10-31 19:32:48+00:00,2024-10-31 17:45:20+00:00,85.57714062199689,85.57714062199689,0,False,True,True,0.0,False,False,1730396717000000000,1730403168000000000,1730396720000000000,train,1217:22634>862:22552|85,>=50,True,21.0,10-25,22.29390543067184,0.000259574331282,22.29416500500312,0-1d,False,0-1d,False,0.94075682382134,19.598621782793725,19.598881357125006,19.487766740270192,19.488026314601473,19.487766740270192,19.488026314601473,19.26165668495563,19.26191625928691
BEV1_2024-11-01_drive1.csv,BEV1,2024-11-01 15:07:39+00:00,2024-11-01 15:27:13+00:00,2024-11-01 15:07:42+00:00,2.78759240204444,2.78759240204444,0,False,True,True,0.0,False,False,1730473659000000000,1730474833000000000,1730473662000000000,train,862:22552>860:22558|2,2-10,True,11.5,10-25,0.911833429010222,0.0004921668259486,0.9123255958361705,0-1d,False,0-1d,False,1.0,0.8642729606999262,0.8647651275258748,0.9075031022647462,0.9079952690906947,0.9075031022647462,0.9079952690906947,0.911435086160943,0.9119272529868916
BEV1_2024-11-02_drive1.csv,BEV1,2024-11-02 09:31:12+00:00,2024-11-02 09:36:12+00:00,2024-11-02 09:31:15+00:00,0.4416986291623815,0.4416986291623815,0,False,True,True,0.0,False,False,1730539872000000000,1730540172000000000,1730539875000000000,train,862:22551>862:22552|0,<2,True,12.0,10-25,0.1858426178912906,0.0005484821182619,0.1863911000095525,0-1d,False,0-1d,False,1.0,0.2269106007326228,0.2274590828508847,0.20109842792539012,0.201646910043652,0.20109842792539012,0.201646910043652,0.18947579679352466,0.19002427891178655
BEV1_2024-11-02_drive2.csv,BEV1,2024-11-02 11:48:43+00:00,2024-11-02 12:53:48+00:00,2024-11-02 11:48:45+00:00,53.26249898485328,53.26249898485328,0,False,True,True,0.0,False,False,1730548123000000000,1730552028000000000,1730548125000000000,train,862:22552>762:22662|53,>=50,True,13.0,10-25,11.7340628950892,0.0003393794669913,11.73440227455619,0-1d,False,0-1d,False,0.9600307455803228,11.648085164216578,11.64842454368357,11.413214024491149,11.41355340395814,11.413214024491149,11.41355340395814,11.733456123886137,11.733795503353129
BEV1_2024-11-02_drive3.csv,BEV1,2024-11-02 13:26:38+00:00,2024-11-02 14:34:00+00:00,2024-11-02 13:26:39+00:00,38.27815128518682,38.27815128518682,0,False,True,True,0.0,False,False,1730553998000000000,1730558040000000000,1730553999000000000,train,762:22662>668:22730|38,10-50,True,13.5,10-25,6.137807970893759,0.0001920291088888,6.138000000002648,0-1d,False,0-1d,False,0.9933184855233852,7.025734803144359,7.025926832253248,7.159734395273065,7.159926424381954,7.159734395273065,7.159926424381954,7.031022778813697,7.031214807922586
BEV1_2024-11-02_drive4.csv,BEV1,2024-11-02 17:35:22+00:00,2024-11-02 18:44:00+00:00,2024-11-02 17:35:23+00:00,66.09107175762752,66.09107175762752,0,False,True,True,0.0,False,False,1730568922000000000,1730573040000000000,1730568923000000000,train,668:22730>854:22550|66,>=50,True,14.0,10-25,15.371870894390314,0.000129105609074,15.371999999999389,0-1d,False,0-1d,False,0.953121204760748,15.421421736037757,15.421550841646832,15.371688106525069,15.371817212134143,15.371688106525069,15.371817212134143,15.296732074852907,15.296861180461981
BEV1_2024-11-02_drive5.csv,BEV1,2024-11-02 19:37:38+00:00,2024-11-02 19:52:41+00:00,2024-11-02 19:37:39+00:00,3.5500750401371706,3.5500750401371706,1,True,False,True,0.0,True,False,1730576258000000000,1730577161000000000,1730576259000000000,train,854:22550>862:22551|3,2-10,True,18.2,10-25,0.7859830916162809,1.6908381958330434e-05,0.7859999999982392,0-1d,False,0-1d,False,0.975609756097561,0.7856770835506882,0.7856939919326466,0.7859510779697202,0.7859679863516785,0.7859510779697202,0.7859679863516785,0.7853934824303456,0.7854103908123039
BEV1_2024-11-04_drive2.csv,BEV1,2024-11-04 16:31:31+00:00,2024-11-04 16:56:31+00:00,2024-11-04 16:31:33+00:00,15.778033331453972,15.778033331453972,0,False,True,True,0.0,False,False,1730737891000000000,1730739391000000000,1730737893000000000,train,1460:22627>1492:22677|15,10-50,True,9.5,<10,3.609815881610657,0.0003639847576265,3.610179866368284,1-7d,False,1-7d,False,0.9766355140186916,3.6073133949708716,3.6076773797284982,3.602917357561516,3.6032813423191428,3.602917357561516,3.6032813423191428,3.620618452054108,3.6209824368117345
BEV1_2024-11-05_drive1.csv,BEV1,2024-11-05 06:47:32+00:00,2024-11-05 07:18:40+00:00,2024-11-05 06:47:35+00:00,20.976541363734743,20.976541363734743,0,False,True,True,0.0,False,False,1730789252000000000,1730791120000000000,1730789255000000000,train,1492:22677>1552:22706|20,10-50,True,17.5,10-25,3.70189260844908,0.0003256385476358,3.702218246996716,0-1d,False,0-1d,False,0.9946380697050938,3.67703951964205,3.677365158189686,3.7414924614403318,3.7418180999879675,3.7414924614403318,3.7418180999879675,3.701954483650603,3.7022801221982387
BEV1_2024-11-05_drive2.csv,BEV1,2024-11-05 16:42:26+00:00,2024-11-05 17:11:52+00:00,2024-11-05 16:42:29+00:00,22.50647804435908,22.50647804435908,0,False,True,True,0.0,False,False,1730824946000000000,1730826712000000000,1730824949000000000,train,1552:22706>1492:22677|22,10-50,True,16.0,10-25,4.355894365884975,0.0006963566673855,4.356590722552361,0-1d,False,0-1d,False,0.9829835507657402,4.166263142148498,4.166959498815884,4.3434468653299,4.344143221997286,4.3434468653299,4.344143221997286,4.35469688196934,4.355393238636726
BEV1_2024-11-06_drive1.csv,BEV1,2024-11-06 08:24:05+00:00,2024-11-06 08:50:39+00:00,2024-11-06 08:24:06+00:00,22.348493274950386,22.348493274950386,0,False,True,True,0.0,False,False,1730881445000000000,1730883039000000000,1730881446000000000,train,1492:22677>1552:22706|22,10-50,True,17.5,10-25,4.643927514850301,7.248514993248103e-05,4.644000000000233,0-1d,False,0-1d,False,0.9792843691148776,4.647537905342216,4.647610390492148,4.650651667327059,4.650724152476991,4.650651667327059,4.650724152476991,4.646652942327882,4.646725427477814
BEV1_2024-11-06_drive3.csv,BEV1,2024-11-06 18:52:07+00:00,2024-11-06 18:58:26+00:00,2024-11-06 18:52:08+00:00,2.1925398345505367,2.1925398345505367,0,False,True,True,0.0,False,False,1730919127000000000,1730919506000000000,1730919128000000000,train,1492:22677>1489:22681|2,2-10,True,13.5,10-25,0.539893623560015,0.0001063764372201,0.5399999999972351,0-1d,False,0-1d,False,0.9973544973544972,0.540025811048658,0.5401321874858781,0.5398961216148496,0.5400024980520697,0.5398961216148496,0.5400024980520697,0.5394518637314349,0.5395582401686551
BEV1_2024-11-06_drive4.csv,BEV1,2024-11-06 20:08:15+00:00,2024-11-06 20:13:27+00:00,2024-11-06 20:08:16+00:00,1.8562384384864528,1.8562384384864528,0,False,True,True,0.0,False,False,1730923695000000000,1730924007000000000,1730923696000000000,train,1489:22681>1492:22677|1,<2,True,10.5,10-25,0.4638028501453159,0.0001971498546258,0.4639999999999418,0-1d,False,0-1d,False,0.9967845659163987,0.4637406498777277,0.4639377997323535,0.46383633240050864,0.46403348225513447,0.46383633240050864,0.46403348225513447,0.46378582865927,0.4639829785138958
BEV1_2024-11-07_drive1.csv,BEV1,2024-11-07 07:31:51+00:00,2024-11-07 07:55:16+00:00,2024-11-07 07:31:52+00:00,15.092697296998905,15.092697296998905,0,False,True,True,0.0,False,False,1730964711000000000,1730966116000000000,1730964712000000000,train,1492:22677>1460:22627|15,10-50,True,17.0,10-25,3.586135143775388,0.0001331232454386,3.5862682670208264,0-1d,False,0-1d,False,0.9672364672364672,3.5866322823217587,3.5867654055671974,3.5892559471558827,3.5893890704013214,3.5892559471558827,3.5893890704013214,3.5872622142213864,3.587395337466825
BEV1_2024-11-07_drive2.csv,BEV1,2024-11-07 16:32:09+00:00,2024-11-07 16:56:41+00:00,2024-11-07 16:32:10+00:00,15.236204964151582,15.236204964151582,0,False,True,True,0.0,False,False,1730997129000000000,1730998601000000000,1730997130000000000,train,1460:22627>1492:22677|15,10-50,True,7.0,<10,3.8683503799130095,0.0002060163677795,3.86855639628079,0-1d,True,0-1d,True,0.9700883752549286,3.870623315047836,3.8708293314156155,3.8682691582565862,3.8684751746243657,3.8682691582565862,3.8684751746243657,3.877962333836207,3.8781683502039863
BEV1_2024-11-08_drive1.csv,BEV1,2024-11-08 09:03:17+00:00,2024-11-08 09:24:40+00:00,2024-11-08 09:03:18+00:00,8.88364905311833,8.88364905311833,0,True,True,True,0.0,True,False,1731056597000000000,1731057880000000000,1731056598000000000,train,1492:22677>1511:22677|8,2-10,True,17.0,10-25,1.811911159977035,8.884002468200798e-05,1.812000000001717,0-1d,False,0-1d,False,0.999219968798752,1.7683239903939834,1.7684128304186653,1.8015016018455314,1.8015904418702133,1.8015016018455314,1.8015904418702133,1.8118207021490338,1.8119095421737157
BEV1_2024-11-08_drive2.csv,BEV1,2024-11-08 12:09:15+00:00,2024-11-08 12:28:59+00:00,2024-11-08 12:09:17+00:00,8.648206666081098,8.648206666081098,0,False,True,True,0.0,False,False,1731067755000000000,1731068939000000000,1731067757000000000,train,1511:22677>1492:22677|8,2-10,True,6.5,<10,1.5519189131929163,0.0001597390035537,1.55207865219647,0-1d,False,0-1d,False,0.9983079526226736,1.552215877694518,1.5523756166980718,1.5505139460470072,1.550673685050561,1.5505139460470072,1.550673685050561,1.5529372308137863,1.55309696981734
BEV1_2024-11-08_drive3.csv,BEV1,2024-11-08 17:49:26+00:00,2024-11-08 18:10:17+00:00,2024-11-08 17:49:28+00:00,6.60955907488347,6.60955907488347,0,False,True,True,0.0,False,False,1731088166000000000,1731089417000000000,1731088168000000000,train,1492:22677>1489:22687|6,2-10,True,16.0,10-25,1.19409061368379,0.0002629651614936,1.1943535788452837,0-1d,False,0-1d,False,0.9983987189751802,1.1939816810863,1.1942446462477936,1.194493665848869,1.1947566310103626,1.194493665848869,1.1947566310103626,1.1944295592883802,1.1946925244498738
BEV1_2024-11-08_drive4.csv,BEV1,2024-11-08 22:53:05+00:00,2024-11-08 23:03:32+00:00,2024-11-08 22:53:06+00:00,4.388636414756694,4.388767835438668,0,False,True,True,0.0,False,False,1731106385000000000,1731107012000000000,1731106386000000000,train,1489:22687>1492:22677|4,2-10,True,7.5,<10,0.9177682050754796,0.0002317949241856,0.9179999999996652,0-1d,False,0-1d,False,0.9952076677316294,0.9177151607246593,0.9179469556488449,0.9171154424703912,0.9173472373945768,0.9171154424703912,0.9173472373945768,0.9176820466149656,0.9179138415391511
BEV1_2024-11-10_drive1.csv,BEV1,2024-11-10 15:58:47+00:00,2024-11-10 16:07:37+00:00,2024-11-10 15:58:48+00:00,3.325516700981168,3.325516700981168,0,False,True,True,0.0,False,False,1731254327000000000,1731254857000000000,1731254328000000000,train,1492:22677>1489:22673|3,2-10,True,17.5,10-25,0.534008974939168,0.000137604941948,0.534146579881116,1-7d,False,1-7d,False,0.998109640831758,0.6054730561530507,0.6056106610949987,0.6212707242469936,0.6214083291889416,0.6212707242469936,0.6214083291889416,0.534115345948912,0.53425295089086
BEV1_2024-11-10_drive2.csv,BEV1,2024-11-10 17:04:43+00:00,2024-11-10 17:14:09+00:00,2024-11-10 17:04:44+00:00,3.2957000631333733,3.2957000631333733,0,False,True,True,0.0,False,False,1731258283000000000,1731258849000000000,1731258284000000000,train,1489:22673>1492:22678|3,2-10,True,14.0,10-25,0.4698838615728888,0.0001161384282753,0.4700000000011641,0-1d,False,0-1d,False,0.9982300884955752,0.474818822845674,0.4749349612739493,0.5393413953535472,0.5394575337818225,0.5393413953535472,0.5394575337818225,0.5053009453446046,0.5054170837728799
BEV1_2024-11-10_drive3.csv,BEV1,2024-11-10 19:45:56+00:00,2024-11-10 19:59:42+00:00,2024-11-10 19:45:57+00:00,4.585605942245161,4.585605942245161,0,False,True,True,0.0,False,False,1731267956000000000,1731268782000000000,1731267957000000000,train,1492:22678>1498:22684|4,2-10,True,11.5,10-25,0.9520067655604736,0.000104183083058,0.9521109486435316,0-1d,False,0-1d,False,0.9987878787878788,0.9524038923053008,0.9525080753883588,0.9519901885365687,0.9520943716196267,0.9519901885365687,0.9520943716196267,0.9523954817043667,0.9524996647874248
BEV1_2024-11-10_drive4.csv,BEV1,2024-11-10 20:30:41+00:00,2024-11-10 20:38:36+00:00,2024-11-10 20:30:42+00:00,4.387842837211826,4.387842837211826,0,False,True,True,0.0,False,False,1731270641000000000,1731271116000000000,1731270642000000000,train,1498:22684>1492:22677|4,2-10,True,11.0,10-25,0.959853381431126,0.0001466185680007,0.9599999999991268,0-1d,False,0-1d,False,0.989451476793249,0.960562096690121,0.9607087152581217,0.9597981786838684,0.9599447972518691,0.9597981786838684,0.9599447972518691,0.9600286354277037,0.9601752539957044
BEV1_2024-11-11_drive1.csv,BEV1,2024-11-11 10:50:14+00:00,2024-11-11 12:31:01+00:00,2024-11-11 10:50:15+00:00,115.94223922677104,115.94223922677104,0,False,True,True,0.0,False,False,1731322214000000000,1731328261000000000,1731322215000000000,train,1492:22677>1950:22680|115,>=50,True,17.0,10-25,27.22988691277243,0.0001130872271342,27.229999999999563,0-1d,False,0-1d,False,0.9214356599404564,26.423575799190893,26.423688886418027,26.26984853125602,26.269961618483155,26.26984853125602,26.269961618483155,26.518512598109048,26.518625685336183
BEV1_2024-11-11_drive2.csv,BEV1,2024-11-11 16:51:20+00:00,2024-11-11 16:57:51+00:00,2024-11-11 16:51:22+00:00,0.3200538213013044,0.3200538213013044,0,False,True,True,0.0,False,False,1731343880000000000,1731344271000000000,1731343882000000000,train,1950:22680>1950:22680|0,<2,True,27.0,>25,0.1979096248646326,0.0001720015973747,0.1980816264620073,0-1d,False,0-1d,False,1.0,0.19817859344064492,0.19835059503801963,0.19593185274983305,0.19610385434720776,0.19593185274983305,0.19610385434720776,0.18879459418580521,0.18896659578317992
BEV1_2024-11-11_drive3.csv,BEV1,2024-11-11 17:01:22+00:00,2024-11-11 17:15:43+00:00,2024-11-11 17:01:23+00:00,3.624030777607163,3.624030777607163,0,False,True,True,0.0,False,False,1731344482000000000,1731345343000000000,1731344483000000000,train,1950:22680>1948:22672|3,2-10,True,26.0,>25,0.6479252936924711,0.0001926071608034,0.6481179008532745,0-1d,False,0-1d,False,0.9988372093023256,0.6984082172551183,0.6986008244159216,0.6479820567274217,0.6481746638882251,0.6479820567274217,0.6481746638882251,0.6482642539719607,0.6484568611327641
BEV1_2024-11-11_drive4.csv,BEV1,2024-11-11 17:59:21+00:00,2024-11-11 19:45:43+00:00,2024-11-11 17:59:22+00:00,112.3894420909918,112.3894420909918,0,False,True,True,0.0,False,False,1731347961000000000,1731354343000000000,1731347962000000000,train,1948:22672>1492:22677|112,>=50,True,19.0,10-25,28.081972589523254,0.0001061907150916,28.082078780238344,0-1d,False,0-1d,False,0.9349631719166276,25.398730910424444,25.398837101139534,25.27950094048429,25.27960713119938,25.27950094048429,25.27960713119938,25.659581754470388,25.65968794518548
BEV1_2024-11-12_drive1.csv,BEV1,2024-11-12 07:01:32+00:00,2024-11-12 07:39:19+00:00,2024-11-12 07:01:33+00:00,23.13103505160575,23.13103505160575,0,False,True,True,0.0,False,False,1731394892000000000,1731397159000000000,1731394893000000000,train,1492:22677>1552:22706|23,10-50,True,17.0,10-25,4.633925952079635,7.404791856022454e-05,4.633999999998196,0-1d,False,0-1d,False,0.9911738746690204,4.624750000657989,4.624824048576549,4.633786415105464,4.633860463024025,4.633786415105464,4.633860463024025,4.633428488049732,4.633502535968292
BEV1_2024-11-12_drive2.csv,BEV1,2024-11-12 16:42:51+00:00,2024-11-12 17:21:14+00:00,2024-11-12 16:42:53+00:00,24.59053264721761,24.59053264721761,0,False,True,True,0.0,False,False,1731429771000000000,1731432074000000000,1731429773000000000,train,1552:22706>1492:22677|24,10-50,True,11.0,10-25,4.817907197846739,0.0001840889617079,4.818091286808447,0-1d,False,0-1d,False,0.984354628422425,4.760760025555525,4.760944114517233,4.81720290046981,4.817386989431518,4.81720290046981,4.817386989431518,4.746381250384532,4.74656533934624
BEV1_2024-11-13_drive1.csv,BEV1,2024-11-13 07:43:28+00:00,2024-11-13 08:03:36+00:00,2024-11-13 07:43:30+00:00,15.122443662221606,15.122443662221606,0,False,True,True,0.0,False,False,1731483808000000000,1731485016000000000,1731483810000000000,train,1492:22677>1460:22628|15,10-50,True,17.0,10-25,3.595808613174701,0.0003890908110902,3.5961977039857915,0-1d,False,0-1d,False,0.9626865671641792,3.5955446160340863,3.5959337068451767,3.602184836692235,3.6025739275033253,3.602184836692235,3.6025739275033253,3.5969506635527577,3.597339754363848
BEV1_2024-11-13_drive2.csv,BEV1,2024-11-13 16:41:28+00:00,2024-11-13 17:08:00+00:00,2024-11-13 16:41:29+00:00,15.373936525040705,15.373936525040705,0,False,True,True,0.0,False,False,1731516088000000000,1731517680000000000,1731516089000000000,train,1460:22628>1492:22677|15,10-50,True,10.0,10-25,3.3658148667008976,0.0001851332990875,3.365999999999985,0-1d,False,0-1d,False,0.9736015084852294,3.386208649063161,3.3863937823622483,3.3658275421872426,3.36601267548633,3.3658275421872426,3.36601267548633,3.375265474386414,3.3754506076855013
BEV1_2024-11-13_drive3.csv,BEV1,2024-11-13 18:07:09+00:00,2024-11-13 18:19:20+00:00,2024-11-13 18:07:11+00:00,6.2797270204717766,6.2797270204717766,0,False,True,True,0.0,False,False,1731521229000000000,1731521960000000000,1731521231000000000,train,1492:22677>1504:22678|6,2-10,True,13.45,10-25,1.0359815891291348,0.0002300484500245,1.0362116375791592,0-1d,False,0-1d,False,0.9972565157750344,1.1089381390428001,1.1091681874928245,1.0356702862410985,1.0359003346911229,1.0356702862410985,1.0359003346911229,1.0371169768703572,1.0373470253203816
BEV1_2024-11-13_drive4.csv,BEV1,2024-11-13 21:41:45+00:00,2024-11-13 21:55:50+00:00,2024-11-13 21:41:46+00:00,6.8451577071156615,6.8451577071156615,0,False,True,True,0.0,False,False,1731534105000000000,1731534950000000000,1731534106000000000,train,1504:22678>1492:22677|6,2-10,True,9.0,<10,1.4377793298308756,0.0002206701692265,1.438000000000102,0-1d,False,0-1d,False,0.9976303317535544,1.437995883047405,1.4382165532166316,1.4380524896431697,1.4382731598123961,1.4380524896431697,1.4382731598123961,1.4361479333943081,1.4363686035635346
BEV1_2024-11-14_drive1.csv,BEV1,2024-11-14 06:53:05+00:00,2024-11-14 07:17:17+00:00,2024-11-14 06:53:06+00:00,8.610733351517831,8.610733351517831,0,False,True,True,0.0,False,False,1731567185000000000,1731568637000000000,1731567186000000000,train,1492:22677>1511:22677|8,2-10,True,16.5,10-25,1.616064866733841,0.0001071134741714,1.6161719802080126,0-1d,False,0-1d,False,0.9979324603721572,1.6168093614043197,1.6169164748784912,1.61622699821004,1.6163341116842114,1.61622699821004,1.6163341116842114,1.6160744851507682,1.6161815986249397
BEV1_2024-11-14_drive2.csv,BEV1,2024-11-14 09:59:32+00:00,2024-11-14 10:19:34+00:00,2024-11-14 09:59:34+00:00,15.633587479056782,15.633587479056782,0,False,True,True,0.0,False,False,1731578372000000000,1731579574000000000,1731578374000000000,train,1511:22677>1552:22706|15,10-50,True,11.0,10-25,3.45392496293746,0.0001490593678142,3.454074022305274,0-1d,False,0-1d,False,0.985,3.4571206809262787,3.457269740294093,3.4542321753526846,3.4543812347204987,3.4542321753526846,3.4543812347204987,3.453606864718453,3.453755924086267
BEV1_2024-11-14_drive3.csv,BEV1,2024-11-14 16:06:05+00:00,2024-11-14 16:40:56+00:00,2024-11-14 16:06:07+00:00,23.42728798714263,23.42788228527972,0,False,True,True,0.0,False,False,1731600365000000000,1731602456000000000,1731600367000000000,train,1552:22706>1492:22677|23,10-50,True,10.5,10-25,4.005863106600181,0.000273981548485,4.006137088148666,0-1d,False,0-1d,False,0.9865964576352322,4.007971024651419,4.008245006199904,4.083942289062183,4.084216270610668,4.083942289062183,4.084216270610668,4.185030807591358,4.185304789139843
BEV1_2024-11-15_drive1.csv,BEV1,2024-11-15 14:39:14+00:00,2024-11-15 16:03:31+00:00,2024-11-15 14:39:15+00:00,94.5506483308774,94.5506483308774,0,False,True,True,0.0,False,False,1731681554000000000,1731686611000000000,1731681555000000000,train,1492:22677>1254:22474|94,>=50,True,16.5,10-25,23.964026982950628,7.603876641097631e-05,23.96410302171704,0-1d,False,0-1d,False,0.9155458860759492,20.936186986741564,20.936263025507976,20.89908960876505,20.89916564753146,20.89908960876505,20.89916564753146,22.28411063584577,22.284186674612183
BEV1_2024-11-17_drive1.csv,BEV1,2024-11-17 22:41:42+00:00,2024-11-17 23:04:26+00:00,2024-11-17 22:41:43+00:00,20.91248633691261,20.91248633691261,0,False,True,True,0.0,False,False,1731883302000000000,1731884666000000000,1731883303000000000,train,1254:22474>1344:22480|20,10-50,True,7.0,<10,7.873568666309317,0.0004313336904793,7.873999999999796,1-7d,False,1-7d,False,0.9486426999266324,5.438911188908392,5.439342522598872,5.2087259360643925,5.209157269754872,5.2087259360643925,5.209157269754872,5.30730677101301,5.30773810470349
BEV1_2024-11-17_drive2.csv,BEV1,2024-11-17 23:22:36+00:00,2024-11-18 00:42:48+00:00,2024-11-17 23:22:37+00:00,87.35427730687434,87.35427730687434,1,False,False,True,0.0,False,False,1731885756000000000,1731890568000000000,1731885757000000000,train,1344:22480>1492:22678|87,>=50,True,6.0,<10,24.517545549178827,0.0004544508212013,24.51800000000003,0-1d,False,0-1d,False,0.918935772188734,18.505064577788236,18.505519028609438,18.794900761418766,18.79535521223997,18.794900761418766,18.79535521223997,20.25387552265158,20.25432997347278
BEV1_2024-11-18_drive1.csv,BEV1,2024-11-18 07:37:12+00:00,2024-11-18 08:00:42+00:00,2024-11-18 07:37:13+00:00,14.959122950664325,14.959122950664325,0,False,True,True,0.0,False,False,1731915432000000000,1731916842000000000,1731915433000000000,train,1492:22678>1460:22627|14,10-50,True,7.5,<10,4.130438736369216,8.923954377288546e-05,4.130527975912989,0-1d,False,0-1d,False,0.9673527324343506,4.0714207063467756,4.071509945890549,4.0736853364156715,4.073774575959445,4.0736853364156715,4.073774575959445,3.8504183478821967,3.8505075874259695
BEV1_2024-11-18_drive2.csv,BEV1,2024-11-18 16:09:30+00:00,2024-11-18 16:33:31+00:00,2024-11-18 16:09:32+00:00,14.32229922342058,14.32229922342058,0,False,True,True,0.0,False,False,1731946170000000000,1731947611000000000,1731946172000000000,train,1460:22627>1492:22676|14,10-50,True,8.5,<10,3.825781567324084,0.0004545741456539,3.826236141469738,0-1d,False,0-1d,False,0.9687282835302292,3.637000747917461,3.637455322063115,3.8255176462352347,3.825972220380889,3.8255176462352347,3.825972220380889,3.8392724005796004,3.8397269747252545
BEV1_2024-11-18_drive3.csv,BEV1,2024-11-18 16:39:09+00:00,2024-11-18 16:47:17+00:00,2024-11-18 16:39:11+00:00,0.8448689952256039,0.8448689952256039,0,False,True,True,0.0,False,False,1731947949000000000,1731948437000000000,1731947951000000000,train,1492:22676>1492:22677|0,<2,True,8.5,<10,0.1378043178193987,0.0004568002557719,0.1382611180751707,0-1d,False,0-1d,False,0.9979423868312756,0.21970753102442886,0.22016433128020077,0.17715490780155266,0.17761170805732457,0.17715490780155266,0.17761170805732457,0.2386545195788719,0.23911131983464382
BEV1_2024-11-19_drive1.csv,BEV1,2024-11-19 07:27:37+00:00,2024-11-19 07:49:43+00:00,2024-11-19 07:27:39+00:00,14.676304138272474,14.676304138272474,0,False,True,True,0.0,False,False,1732001257000000000,1732002583000000000,1732001259000000000,train,1492:22677>1460:22627|14,10-50,True,16.0,10-25,3.6658611090376048,0.0002754577582082,3.666136566795813,0-1d,False,0-1d,False,0.9614803625377644,3.6675848623513887,3.6678603201095967,3.6896522858423526,3.6899277436005606,3.6896522858423526,3.6899277436005606,3.7249339858523065,3.7252094436105145
BEV1_2024-11-19_drive2.csv,BEV1,2024-11-19 16:09:09+00:00,2024-11-19 16:32:34+00:00,2024-11-19 16:09:11+00:00,15.719908177844026,15.719908177844026,0,False,True,True,0.0,False,False,1732032549000000000,1732033954000000000,1732032551000000000,train,1460:22627>1492:22677|15,10-50,True,6.0,<10,4.021869733424747,0.0002606299552199,4.022130363379967,0-1d,False,0-1d,False,0.9757662152530292,4.024943948008954,4.025204577964174,4.021310047496301,4.02157067745152,4.021310047496301,4.02157067745152,4.031774955823175,4.032035585778394
BEV1_2024-11-20_drive1.csv,BEV1,2024-11-20 07:50:06+00:00,2024-11-20 08:23:59+00:00,2024-11-20 07:50:07+00:00,23.952159965967983,23.952159965967983,0,False,True,True,0.0,False,False,1732089006000000000,1732091039000000000,1732089007000000000,train,1492:22677>1552:22706|23,10-50,True,14.0,10-25,5.019860384682983,0.0001396153174536,5.020000000000437,0-1d,False,0-1d,False,0.9955708661417324,5.0197921074122895,5.019931722729743,5.0200246072837835,5.020164222601237,5.0200246072837835,5.020164222601237,5.015139773255587,5.015279388573041
BEV1_2024-11-20_drive2.csv,BEV1,2024-11-20 16:53:18+00:00,2024-11-20 17:26:19+00:00,2024-11-20 16:53:19+00:00,21.58451090140221,21.58451090140221,0,False,True,True,0.0,False,False,1732121598000000000,1732123579000000000,1732121599000000000,train,1552:22706>1492:22677|21,10-50,True,4.0,<10,3.731875941082786,0.0002743125993621,3.732150253682148,0-1d,False,0-1d,False,0.996969696969697,3.826917389872269,3.827191702471631,4.0544189925582765,4.054693305157639,4.0544189925582765,4.054693305157639,3.8579837299407678,3.85825804254013
BEV1_2024-11-20_drive3.csv,BEV1,2024-11-20 18:17:42+00:00,2024-11-20 18:28:30+00:00,2024-11-20 18:17:43+00:00,4.441103539407793,4.441103539407793,0,False,True,True,0.0,False,False,1732126662000000000,1732127310000000000,1732126663000000000,train,1492:22677>1489:22687|4,2-10,True,8.0,<10,0.9382444986021116,0.0001657002408587,0.9384101988429704,0-1d,False,0-1d,False,0.9984544049459042,0.9382100798481632,0.9383757800890219,0.9698353282884777,0.9700010285293365,0.9698353282884777,0.9700010285293365,0.9391234998074125,0.9392892000482712
BEV1_2024-11-20_drive4.csv,BEV1,2024-11-20 20:02:35+00:00,2024-11-20 20:18:48+00:00,2024-11-20 20:02:37+00:00,4.533251730367311,4.533251730367311,0,False,True,True,0.0,False,False,1732132955000000000,1732133928000000000,1732132957000000000,train,1489:22687>1492:22677|4,2-10,True,1.5,<10,1.7236178056926044,0.0007315208267435,1.724349326519348,0-1d,False,0-1d,False,1.0,1.2570915740454596,1.2578230948722031,1.2151451059910652,1.2158766268178087,1.2151451059910652,1.2158766268178087,1.3280894606250333,1.3288209814517769
BEV1_2024-11-21_drive1.csv,BEV1,2024-11-21 06:27:04+00:00,2024-11-21 07:02:04+00:00,2024-11-21 06:27:05+00:00,23.26565846820354,23.26565846820354,0,True,True,True,0.0,True,False,1732170424000000000,1732172524000000000,1732170425000000000,train,1492:22677>1552:22706|23,10-50,True,14.0,10-25,5.483996955343326,0.0002621962830175,5.484259151626343,0-1d,True,0-1d,True,0.9880895664602192,5.19097641647292,5.191238612755938,5.287307667470666,5.287569863753683,5.287307667470666,5.287569863753683,5.3592545874525355,5.359516783735553
BEV1_2024-11-21_drive2.csv,BEV1,2024-11-21 14:28:53+00:00,2024-11-21 15:31:58+00:00,2024-11-21 14:28:54+00:00,55.38547877327292,55.38547877327292,1,True,True,True,0.0,True,False,1732199333000000000,1732203118000000000,1732199334000000000,train,1552:22706>1313:22648|55,>=50,True,3.0,<10,14.105875510227012,0.0001244897727552,14.105999999999767,0-1d,False,0-1d,False,0.9323467230443976,13.497696751997994,13.49782124177075,13.45947805266168,13.459602542434435,13.45947805266168,13.459602542434435,13.809592454926328,13.809716944699083
BEV1_2024-11-21_drive3.csv,BEV1,2024-11-21 17:55:06+00:00,2024-11-21 18:08:16+00:00,2024-11-21 17:55:07+00:00,3.667560898688304,3.667560898688304,0,False,True,True,0.0,False,False,1732211706000000000,1732212496000000000,1732211707000000000,train,1313:22648>1319:22653|3,2-10,True,8.0,<10,0.9539269512887386,7.304871098503153e-05,0.9539999999997236,0-1d,False,0-1d,False,1.0,0.954301948138543,0.954374996849528,0.9647720731419991,0.9648451218529841,0.9647720731419991,0.9648451218529841,0.976308348206691,0.976381396917676
BEV1_2024-11-21_drive4.csv,BEV1,2024-11-21 20:08:48+00:00,2024-11-21 21:03:01+00:00,2024-11-21 20:08:49+00:00,51.516793559202085,51.516793559202085,0,False,True,True,0.0,False,False,1732219728000000000,1732222981000000000,1732219729000000000,train,1319:22653>1492:22677|51,>=50,True,13.0,10-25,12.78586298835796,0.0001370116402781,12.78599999999824,0-1d,False,0-1d,False,0.9464944649446494,11.850958209207027,11.851095220847306,11.902442374185732,11.90257938582601,11.902442374185732,11.90257938582601,11.649194872422203,11.649331884062482
BEV1_2024-11-22_drive1.csv,BEV1,2024-11-22 09:18:26+00:00,2024-11-22 09:31:07+00:00,2024-11-22 09:18:27+00:00,7.915478459949508,7.915478459949508,0,False,True,True,0.0,False,False,1732267106000000000,1732267867000000000,1732267107000000000,train,1492:22677>1511:22677|7,2-10,True,14.0,10-25,1.6162156503150409,0.0002168904890134,1.6164325408040543,0-1d,False,0-1d,False,0.988157894736842,1.607271880677898,1.6074887711669115,1.6162556162096615,1.616472506698675,1.6162556162096615,1.616472506698675,1.6094049094630316,1.609621799952045
BEV1_2024-11-22_drive2.csv,BEV1,2024-11-22 11:35:01+00:00,2024-11-22 12:28:36+00:00,2024-11-22 11:35:02+00:00,52.85857387422733,52.85857387422733,1,False,True,True,0.0,False,False,1732275301000000000,1732278516000000000,1732275302000000000,train,1511:22677>1313:22648|52,>=50,True,3.5,<10,13.677799615376284,0.0002003846235982,13.677999999999884,0-1d,False,0-1d,False,0.9306160547604232,12.776643250430025,12.776843635053623,12.914849442303762,12.91504982692736,12.914849442303762,12.91504982692736,13.178517751334502,13.1787181359581
BEV1_2024-11-22_drive4.csv,BEV1,2024-11-22 17:43:30+00:00,2024-11-22 18:23:08+00:00,2024-11-22 17:43:31+00:00,20.57829379038999,20.57829379038999,0,False,True,True,0.0,False,False,1732297410000000000,1732299788000000000,1732297411000000000,train,1492:22677>1547:22703|20,10-50,True,10.5,10-25,4.489920241939916,7.975805986554356e-05,4.489999999999782,0-1d,False,0-1d,False,0.9877997475809844,4.478055953998481,4.478135712058347,4.490654001339096,4.490733759398962,4.490654001339096,4.490733759398962,4.489571964907603,4.489651722967469
BEV1_2024-11-22_drive5.csv,BEV1,2024-11-22 21:03:45+00:00,2024-11-22 21:40:56+00:00,2024-11-22 21:03:46+00:00,19.09168329828833,19.09168329828833,0,False,True,True,0.0,False,False,1732309425000000000,1732311656000000000,1732309426000000000,train,1547:22703>1492:22677|19,10-50,True,1.5,<10,3.87477061094924,0.001229389050964,3.876000000000204,0-1d,False,0-1d,False,0.9955156950672646,3.8753070545796016,3.8765364436305654,3.874626609839552,3.8758559988905157,3.874626609839552,3.8758559988905157,3.8749348555715764,3.87616424462254
BEV1_2024-11-23_drive1.csv,BEV1,2024-11-23 13:23:01+00:00,2024-11-23 13:37:52+00:00,2024-11-23 13:23:03+00:00,2.975686732997385,2.975686732997385,0,False,True,True,0.0,False,False,1732368181000000000,1732369072000000000,1732368183000000000,train,1492:22677>1496:22679|2,2-10,True,13.0,10-25,0.5598731183305603,0.0002391585706966,0.5601122769012569,0-1d,False,0-1d,False,0.998875140607424,0.5352685367872848,0.5355076953579814,0.559802061552767,0.5600412201234636,0.559802061552767,0.5600412201234636,0.5596251100225378,0.5598642685932343
BEV1_2024-11-23_drive2.csv,BEV1,2024-11-23 13:39:42+00:00,2024-11-23 13:43:26+00:00,2024-11-23 13:39:43+00:00,0.0768317688569679,0.0768317688569679,0,False,True,False,0.0,False,False,1732369182000000000,1732369406000000000,1732369183000000000,train,1496:22679>1496:22679|0,<2,True,7.0,<10,0.0420174728137784,0.0001019879866354,0.0421194608004138,0-1d,False,0-1d,False,0.9955156950672646,0.0420535186024798,0.0421555065891152,0.04699393033092674,0.047095918317562144,0.04699393033092674,0.047095918317562144,0.042009665562600496,0.0421116535492359
BEV1_2024-11-23_drive3.csv,BEV1,2024-11-23 16:49:15+00:00,2024-11-23 16:55:58+00:00,2024-11-23 16:49:17+00:00,0.8635021837032789,0.8635021837032789,0,False,True,True,0.0,False,False,1732380555000000000,1732380958000000000,1732380557000000000,train,1496:22679>1496:22682|0,<2,True,7.0,<10,0.4276458838014248,0.000711090964034,0.4283569747654588,0-1d,False,0-1d,False,0.9975062344139652,0.40338776272733073,0.4040988536913647,0.3273669504434925,0.3280780414075265,0.3273669504434925,0.3280780414075265,0.3940184764317288,0.3947295673957628
BEV1_2024-11-23_drive4.csv,BEV1,2024-11-23 17:42:19+00:00,2024-11-23 17:59:37+00:00,2024-11-23 17:42:20+00:00,4.346160285894058,4.346160285894058,0,False,True,True,0.0,False,False,1732383739000000000,1732384777000000000,1732383740000000000,train,1496:22682>1492:22677|4,2-10,True,7.0,<10,1.0940688957901423,6.842239231874203e-05,1.094137318182461,0-1d,False,0-1d,False,0.9971070395371264,1.0938340527232786,1.0939024751155972,1.093432635965136,1.0935010583574547,1.093432635965136,1.0935010583574547,1.0939400609433951,1.0940084833357138
BEV1_2024-11-24_drive1.csv,BEV1,2024-11-24 10:08:09+00:00,2024-11-24 10:18:09+00:00,2024-11-24 10:08:10+00:00,4.286046805006736,4.286046805006736,0,False,True,True,0.0,False,False,1732442889000000000,1732443489000000000,1732442890000000000,train,1492:22677>1481:22684|4,2-10,True,14.5,10-25,0.7159724588533488,0.0001364980173914,0.7161089568707402,0-1d,False,0-1d,False,0.994991652754591,0.7160191015031125,0.7161555995205039,0.84504489649646,0.8451813945138513,0.84504489649646,0.8451813945138513,0.7553065745254085,0.7554430725427999
BEV1_2024-11-24_drive2.csv,BEV1,2024-11-24 10:24:51+00:00,2024-11-24 10:35:18+00:00,2024-11-24 10:24:52+00:00,5.099727750463452,5.099727750463452,0,False,True,True,0.0,False,False,1732443891000000000,1732444518000000000,1732443892000000000,train,1481:22684>1492:22677|5,2-10,True,16.0,10-25,0.7978916184992918,0.0001083814995731,0.797999999998865,0-1d,False,0-1d,False,0.9984025559105432,0.8049930501302586,0.8051014316298317,0.9137489306284758,0.913857312128049,0.9137489306284758,0.913857312128049,0.8740315129560937,0.8741398944556669
BEV1_2024-11-25_drive1.csv,BEV1,2024-11-25 07:27:05+00:00,2024-11-25 07:29:21+00:00,2024-11-25 07:27:06+00:00,0.1501305818370706,0.1501305818370706,0,False,True,False,0.0,False,False,1732519625000000000,1732519761000000000,1732519626000000000,train,1492:22677>1492:22678|0,<2,True,15.5,10-25,0.0632775404903833,0.0007224595081033,0.0639999999984866,0-1d,False,0-1d,False,1.0,0.06313805892536306,0.06386051843346637,0.06306537381631203,0.06378783332441533,0.06306537381631203,0.06378783332441533,0.06315415271942029,0.0638766122275236
BEV1_2024-11-25_drive2.csv,BEV1,2024-11-25 12:33:09+00:00,2024-11-25 13:19:07+00:00,2024-11-25 12:33:10+00:00,50.55618598664888,50.55618598664888,0,False,True,True,0.0,False,False,1732537989000000000,1732540747000000000,1732537990000000000,train,1492:22678>1313:22647|50,>=50,True,15.0,10-25,12.309906908944804,9.30910546869126e-05,12.30999999999949,0-1d,False,0-1d,False,0.932898077620602,11.660389005437406,11.660482096492093,12.117009446425225,12.117102537479912,12.117009446425225,12.117102537479912,12.315920212243494,12.316013303298181
BEV1_2024-11-25_drive3.csv,BEV1,2024-11-25 13:47:40+00:00,2024-11-25 13:59:09+00:00,2024-11-25 13:47:41+00:00,3.410905412585084,3.41097559798653,0,False,True,True,0.0,False,False,1732542460000000000,1732543149000000000,1732542461000000000,train,1313:22647>1319:22653|3,2-10,True,10.0,10-25,0.8139671436074092,0.0001742157983409,0.81414135940575,0-1d,False,0-1d,False,0.998546511627907,0.8127019644791745,0.8128761802775154,0.8131439986898441,0.813318214488185,0.8131439986898441,0.813318214488185,0.815005766755632,0.8151799825539728
BEV1_2024-11-25_drive4.csv,BEV1,2024-11-25 16:45:28+00:00,2024-11-25 17:35:06+00:00,2024-11-25 16:45:30+00:00,45.14889719668942,45.14889719668942,0,False,True,True,0.0,False,False,1732553128000000000,1732556106000000000,1732553130000000000,train,1319:22653>1492:22677|45,10-50,True,14.0,10-25,10.529900160583878,0.0001993422996691,10.530099502883548,0-1d,False,0-1d,False,0.9290994623655914,10.5338314872299,10.53403082952957,10.544166317444866,10.544365659744535,10.544166317444866,10.544365659744535,10.541529012747565,10.541728355047235
BEV1_2024-11-26_drive1.csv,BEV1,2024-11-26 07:26:54+00:00,2024-11-26 08:03:11+00:00,2024-11-26 07:26:55+00:00,22.99612995758933,22.99612995758933,0,False,True,True,0.0,False,False,1732606014000000000,1732608191000000000,1732606015000000000,train,1492:22677>1552:22706|22,10-50,True,14.5,10-25,4.871763090441343,0.0002369095598647,4.872000000001208,0-1d,False,0-1d,False,0.9898897058823528,4.873965034829878,4.874201944389743,4.871121966949247,4.871358876509112,4.871121966949247,4.871358876509112,4.88742078564117,4.887657695201035
BEV1_2024-11-26_drive2.csv,BEV1,2024-11-26 16:07:04+00:00,2024-11-26 16:42:59+00:00,2024-11-26 16:07:05+00:00,22.6070859934332,22.6070859934332,0,False,True,True,0.0,False,False,1732637224000000000,1732639379000000000,1732637225000000000,train,1552:22706>1492:22677|22,10-50,True,10.5,10-25,4.639894017386805,0.0001059826144322,4.640000000001237,0-1d,False,0-1d,False,0.9860724233983288,4.547195983482866,4.547301966097298,4.640716412286762,4.640822394901194,4.640716412286762,4.640822394901194,4.569665041867249,4.569771024481681
BEV1_2024-11-28_drive1.csv,BEV1,2024-11-28 07:11:31+00:00,2024-11-28 07:50:49+00:00,2024-11-28 07:11:32+00:00,23.411108600587127,23.411108600587127,0,True,True,True,0.0,True,False,1732777891000000000,1732780249000000000,1732777892000000000,train,1492:22677>1552:22706|23,10-50,True,14.5,10-25,5.022025590059514,0.0001025948586219,5.022128184918136,1-7d,False,1-7d,False,0.9910903691132796,5.082406789333969,5.082509384192591,5.025772665412511,5.025875260271133,5.025772665412511,5.025875260271133,5.03040804734145,5.030510642200072
BEV1_2024-11-28_drive2.csv,BEV1,2024-11-28 11:33:57+00:00,2024-11-28 11:53:39+00:00,2024-11-28 11:33:58+00:00,15.56245491931212,15.56245491931212,0,False,True,True,0.0,False,False,1732793637000000000,1732794819000000000,1732793638000000000,train,1552:22706>1511:22678|15,10-50,True,8.785714285714286,<10,2.849928910198704,7.108980166005618e-05,2.850000000000364,1-7d,False,1-7d,False,0.9847586790855208,2.8410924563329902,2.8411635461346503,2.852057112810992,2.852128202612652,2.852057112810992,2.852128202612652,3.1025075444976227,3.1025786342992827
BEV1_2024-11-28_drive3.csv,BEV1,2024-11-28 14:43:53+00:00,2024-11-28 15:23:11+00:00,2024-11-28 14:43:54+00:00,15.259406776653297,15.259406776653297,0,False,True,True,0.0,False,False,1732805033000000000,1732807391000000000,1732805034000000000,train,1511:22678>1552:22706|15,10-50,True,10.0,10-25,3.8129699924618095,0.0001105477456217,3.813080540207432,0-1d,False,0-1d,False,0.9881204921510396,3.6289462233894656,3.629056771135087,3.6411611223417846,3.641271670087406,3.6411611223417846,3.641271670087406,3.6091422869348344,3.609252834680456
BEV1_2024-11-28_drive4.csv,BEV1,2024-11-28 17:07:16+00:00,2024-11-28 17:45:45+00:00,2024-11-28 17:07:17+00:00,20.354688667787865,20.354688667787865,0,False,True,True,0.0,False,False,1732813636000000000,1732815945000000000,1732813637000000000,train,1552:22706>1492:22680|20,10-50,True,8.5,<10,3.8540469693969848,6.938361315620461e-05,3.854116353010141,0-1d,False,0-1d,False,0.996100519930676,3.8534845378315667,3.853553921444723,3.8551625848296522,3.8552319684428085,3.8551625848296522,3.8552319684428085,3.761618266852048,3.761687650465204
BEV1_2024-11-28_drive5.csv,BEV1,2024-11-28 19:38:38+00:00,2024-11-28 19:48:39+00:00,2024-11-28 19:38:39+00:00,3.37061638478869,3.37061638478869,0,False,True,True,0.0,False,False,1732822718000000000,1732823319000000000,1732822719000000000,train,1492:22680>1492:22677|3,2-10,True,7.0,<10,0.6676480136269579,0.0003519863727074,0.6679999999996653,0-1d,False,0-1d,False,0.9983333333333332,0.66781168965906,0.6681636760317674,0.6917889368622965,0.6921409232350039,0.6917889368622965,0.6921409232350039,0.6915785380232603,0.6919305243959677
BEV1_2024-11-29_drive1.csv,BEV1,2024-11-29 06:43:58+00:00,2024-11-29 07:21:57+00:00,2024-11-29 06:43:59+00:00,22.86084343878949,22.86084343878949,0,True,True,True,0.0,True,False,1732862638000000000,1732864917000000000,1732862639000000000,train,1492:22677>1552:22706|22,10-50,True,15.0,10-25,5.140147548913414,0.0001034316690744,5.140250980582488,0-1d,True,0-1d,True,0.9863915715539948,4.929736075223074,4.929839506892148,4.97383918407704,4.973942615746114,4.97383918407704,4.973942615746114,4.992151718603425,4.992255150272499
BEV1_2024-11-29_drive2.csv,BEV1,2024-11-29 16:32:24+00:00,2024-11-29 17:09:09+00:00,2024-11-29 16:32:25+00:00,22.84088172049701,22.84088172049701,0,False,True,True,0.0,False,False,1732897944000000000,1732900149000000000,1732897945000000000,train,1552:22706>1492:22677|22,10-50,True,5.5,<10,4.288035055050025,0.0001041356145323,4.288139190664557,0-1d,True,0-1d,True,0.985480943738657,4.2892191816436185,4.289323317258151,4.287403704677668,4.2875078402922,4.287403704677668,4.2875078402922,4.407898648689843,4.408002784304375
BEV1_2024-11-30_drive1.csv,BEV1,2024-11-30 11:01:29+00:00,2024-11-30 11:10:04+00:00,2024-11-30 11:01:31+00:00,2.1273332183568323,2.1273332183568323,0,False,True,True,0.0,False,False,1732964489000000000,1732965004000000000,1732964491000000000,train,1492:22677>1496:22677|2,2-10,True,15.0,10-25,0.3758872047697106,0.0002225258937039,0.3761097306634146,0-1d,False,0-1d,False,1.0,0.37572821033562165,0.37595073622932557,0.3758506714212997,0.3760731973150036,0.3758506714212997,0.3760731973150036,0.3772398880721919,0.3774624139658958
BEV1_2024-11-30_drive2.csv,BEV1,2024-11-30 11:20:58+00:00,2024-11-30 11:50:16+00:00,2024-11-30 11:21:00+00:00,1.7383013299221637,1.7383013299221637,0,False,True,True,0.0,False,False,1732965658000000000,1732967416000000000,1732965660000000000,train,1496:22677>1496:22682|1,<2,True,11.0,10-25,0.5198790380248607,0.00022911036523,0.5201081483900907,0-1d,False,0-1d,False,0.9994305239179956,0.5099152999297283,0.5101444102949583,0.4862472582389207,0.48647636860415067,0.4862472582389207,0.48647636860415067,0.5202102310167229,0.5204393413819529
BEV1_2024-11-30_drive3.csv,BEV1,2024-11-30 12:21:50+00:00,2024-11-30 12:33:36+00:00,2024-11-30 12:21:51+00:00,2.6206382524999947,2.6206382524999947,0,False,True,True,0.0,False,False,1732969310000000000,1732970016000000000,1732969311000000000,train,1496:22682>1495:22680|2,2-10,True,7.5,<10,0.5160260679333513,0.000114942618902,0.5161410105522533,0-1d,False,0-1d,False,0.997163120567376,0.5823033324798942,0.5824182750987962,0.5394775729626454,0.5395925155815474,0.5394775729626454,0.5395925155815474,0.5414779523031761,0.5415928949220781
BEV1_2024-11-30_drive4.csv,BEV1,2024-11-30 13:30:55+00:00,2024-11-30 13:49:41+00:00,2024-11-30 13:30:57+00:00,4.622642464359817,4.622642464359817,0,False,True,True,0.0,False,False,1732973455000000000,1732974581000000000,1732973457000000000,train,1495:22680>1492:22677|4,2-10,True,13.0,10-25,0.8580562684246836,0.0001636867245282,0.8582199551492118,0-1d,False,0-1d,False,0.998220640569395,0.8576168506580597,0.8577805373825879,0.8579671287651971,0.8581308154897253,0.8579671287651971,0.8581308154897253,0.8578036010824047,0.8579672878069329
BEV2_2024-05-16_drive1.csv,BEV2,2024-05-16 16:04:42+00:00,2024-05-16 16:23:27+00:00,2024-05-16 16:04:44+00:00,5.195659129734151,5.195659129734151,0,False,True,True,0.0,False,False,1715875482000000000,1715876607000000000,1715875484000000000,train,1552:22706>1543:22693|5,2-10,True,22.2,10-25,0.8379473323392104,0.0002268875267322,0.8381742198659425,missing,False,missing,False,0.9982190560997328,0.8358654873371758,0.836092374863908,0.8378772395265642,0.8381041270532964,0.8378772395265642,0.8381041270532964,0.8379527243327577,0.8381796118594899
BEV2_2024-05-17_drive2.csv,BEV2,2024-05-17 16:20:21+00:00,2024-05-17 17:28:52+00:00,2024-05-17 16:20:23+00:00,60.96840313753393,60.96840313753393,0,False,True,True,0.0,False,False,1715962821000000000,1715966932000000000,1715962823000000000,train,1552:22706>1318:22645|60,>=50,True,16.0,10-25,14.111899078170962,0.0001935953572916,14.112092673528254,0-1d,False,0-1d,False,0.959600876125578,14.111252874225647,14.111446469582939,13.603035336476875,13.603228931834167,13.603035336476875,13.603228931834167,13.06475998726075,13.064953582618042
BEV2_2024-05-18_drive1.csv,BEV2,2024-05-18 09:06:10+00:00,2024-05-18 10:45:46+00:00,2024-05-18 09:06:12+00:00,8.381069314440527,8.381069314440527,0,False,True,True,0.0,False,False,1716023170000000000,1716029146000000000,1716023172000000000,train,1318:22645>1318:22645|8,2-10,True,13.5,10-25,2.317951994010361,0.0002599968480555,2.318211990858416,0-1d,False,0-1d,False,0.9998326079678608,1.899794158890051,1.9000541557381065,1.8847126785262152,1.8849726753742706,1.8847126785262152,1.8849726753742706,2.004390761693336,2.0046507585413913
BEV2_2024-05-18_drive2.csv,BEV2,2024-05-18 11:58:52+00:00,2024-05-18 14:08:13+00:00,2024-05-18 11:58:54+00:00,65.65820574049943,65.65820574049943,0,False,True,True,0.0,False,False,1716033532000000000,1716041293000000000,1716033534000000000,train,1318:22645>1236:22808|65,>=50,True,16.5,10-25,11.797935501523115,0.0002140653602286,11.798149566883344,0-1d,False,0-1d,False,0.9824719680371182,12.170870898475938,12.171084963836167,12.253744622123177,12.253958687483406,12.253744622123177,12.253958687483406,12.256008659434638,12.256222724794867
BEV2_2024-05-18_drive3.csv,BEV2,2024-05-18 15:07:24+00:00,2024-05-18 16:02:53+00:00,2024-05-18 15:07:26+00:00,35.4952526223462,35.4952526223462,0,False,True,True,0.0,False,False,1716044844000000000,1716048173000000000,1716044846000000000,train,1236:22808>1251:22656|35,10-50,True,24.0,10-25,8.019969354354634,0.0002214949320478,8.020190849286681,0-1d,False,0-1d,False,0.9594229035166816,7.5019259297055,7.502147424637548,7.729703761832605,7.729925256764653,7.729703761832605,7.729925256764653,8.021718824955979,8.021940319888026
BEV2_2024-05-18_drive4.csv,BEV2,2024-05-18 16:29:54+00:00,2024-05-18 17:03:01+00:00,2024-05-18 16:29:56+00:00,24.88437260632617,24.88437260632617,0,False,True,True,0.0,False,False,1716049794000000000,1716051781000000000,1716049796000000000,train,1251:22656>1313:22659|24,10-50,True,25.5,>25,4.861885925037473,0.0002163508193761,4.8621022758568495,0-1d,False,0-1d,False,0.9712846347607051,4.637728442275439,4.637944793094815,4.78997987494355,4.7901962257629265,4.78997987494355,4.7901962257629265,4.853651689936286,4.853868040755662
BEV2_2024-05-18_drive5.csv,BEV2,2024-05-18 17:28:45+00:00,2024-05-18 17:40:26+00:00,2024-05-18 17:28:46+00:00,4.813995978320194,4.813995978320194,0,False,True,True,0.0,False,False,1716053325000000000,1716054026000000000,1716053326000000000,train,1313:22659>1318:22645|4,2-10,True,19.3,10-25,0.9176620650531674,0.0004419444287222,0.9181040094818896,0-1d,False,0-1d,False,1.0,0.9176556733233882,0.9180976177521104,0.917672620179043,0.9181145646077653,0.917672620179043,0.9181145646077653,0.9176115630651437,0.9180535074938659
BEV2_2024-05-18_drive6.csv,BEV2,2024-05-18 18:35:46+00:00,2024-05-18 18:57:28+00:00,2024-05-18 18:35:47+00:00,2.2513747380494693,2.2513747380494693,0,False,True,True,0.0,False,False,1716057346000000000,1716058648000000000,1716057347000000000,train,1318:22645>1316:22651|2,2-10,True,21.0,10-25,0.3419519227383674,9.144634717160244e-05,0.342043369085539,0-1d,False,0-1d,False,0.9992313604919292,0.3419555886401574,0.342047034987329,0.3417317815160384,0.34182322786321,0.3417317815160384,0.34182322786321,0.3562705888095628,0.3563620351567344
BEV2_2024-05-18_drive7.csv,BEV2,2024-05-18 19:37:57+00:00,2024-05-18 19:58:31+00:00,2024-05-18 19:37:59+00:00,2.3907151673710048,2.3907151673710048,0,False,True,True,0.0,False,False,1716061077000000000,1716062311000000000,1716061079000000000,train,1316:22651>1318:22646|2,2-10,True,21.0,10-25,0.6619242924462596,0.0002228465641747,0.6621471390104343,0-1d,False,0-1d,False,0.9991883116883116,0.6454679845853057,0.6456908311494804,0.657166121673452,0.6573889682376267,0.657166121673452,0.6573889682376267,0.66187977356888,0.6621026201330547
BEV2_2024-05-19_drive1.csv,BEV2,2024-05-19 06:51:33+00:00,2024-05-19 07:14:25+00:00,2024-05-19 06:51:35+00:00,1.1071462194297894,1.1071462194297894,0,False,True,True,0.0,False,False,1716101493000000000,1716102865000000000,1716101495000000000,train,1318:22646>1315:22647|1,<2,True,13.5,10-25,0.2779229103765505,0.0003184294196429,0.2782413397961934,0-1d,False,0-1d,False,0.9992700729927008,0.27787056427217294,0.2781889936918158,0.2782428618395674,0.2785612912592103,0.2782428618395674,0.2785612912592103,0.2790501441799539,0.27936857359959677
BEV2_2024-05-19_drive2.csv,BEV2,2024-05-19 07:28:02+00:00,2024-05-19 07:51:32+00:00,2024-05-19 07:28:04+00:00,0.9364759475292712,0.9364759475292712,0,False,True,True,0.0,False,False,1716103682000000000,1716105092000000000,1716103684000000000,train,1315:22647>1318:22645|0,<2,True,14.0,10-25,0.4098900121680361,0.0002123415900693,0.4101023537581054,0-1d,False,0-1d,False,1.0,0.35887963571235526,0.35909197730242454,0.40758513728188983,0.4077974788719591,0.40758513728188983,0.4077974788719591,0.4124737357215351,0.4126860773116044
BEV2_2024-05-19_drive4.csv,BEV2,2024-05-19 11:27:39+00:00,2024-05-19 13:29:12+00:00,2024-05-19 11:27:41+00:00,103.1385835283434,103.13865372008031,0,False,True,True,0.0,False,False,1716118059000000000,1716125352000000000,1716118061000000000,train,1318:22645>1679:22798|103,>=50,True,17.5,10-25,22.107940910069463,0.0002838743755032,22.10822478444497,0-1d,False,0-1d,False,0.937731449732547,22.18053781211022,22.180821686485725,22.090656294460448,22.090940168835953,22.090656294460448,22.090940168835953,22.121666708963733,22.12195058333924
BEV2_2024-05-19_drive5.csv,BEV2,2024-05-19 15:22:39+00:00,2024-05-19 17:28:14+00:00,2024-05-19 15:22:41+00:00,117.59477320001452,117.59477320001452,0,False,True,True,0.0,False,False,1716132159000000000,1716139694000000000,1716132161000000000,train,1679:22798>1261:22651|117,>=50,True,22.625,10-25,25.60589498088621,0.00020706499823,25.60610204588444,0-1d,False,0-1d,False,0.9457055621930174,25.38942974804703,25.389636813045257,25.425896671870007,25.426103736868235,25.425896671870007,25.426103736868235,25.56293590603104,25.56314297102927
BEV2_2024-05-19_drive6.csv,BEV2,2024-05-19 18:01:10+00:00,2024-05-19 18:18:21+00:00,2024-05-19 18:01:11+00:00,15.67338199612309,15.67338199612309,0,False,True,True,0.0,False,False,1716141670000000000,1716142701000000000,1716141671000000000,train,1261:22651>1318:22645|15,10-50,True,24.5,10-25,3.3375982455762068,0.0004693201300138,3.3380675657062207,0-1d,False,0-1d,False,0.9533980582524272,3.2652875474850167,3.2657568676150306,3.3343326525526296,3.3348019726826434,3.3343326525526296,3.3348019726826434,3.337972208147136,3.33844152827715
BEV2_2024-05-19_drive7.csv,BEV2,2024-05-19 19:22:45+00:00,2024-05-19 19:41:37+00:00,2024-05-19 19:22:48+00:00,3.6580393943447,3.6580393943447,0,False,True,True,0.0,False,False,1716146565000000000,1716147697000000000,1716146568000000000,train,1318:22645>1318:22645|3,2-10,True,29.5,>25,0.6819083565681153,0.0003624980132995,0.6822708545814148,0-1d,False,0-1d,False,0.9991142604074402,0.6822623981706292,0.6826248961839286,0.6822570169921103,0.6826195150054097,0.6822570169921103,0.6826195150054097,0.6817396394434292,0.6821021374567287
BEV2_2024-05-20_drive1.csv,BEV2,2024-05-20 18:19:31+00:00,2024-05-20 18:59:05+00:00,2024-05-20 18:19:33+00:00,6.730778021910058,6.730778021910058,0,False,True,True,0.0,False,False,1716229171000000000,1716231545000000000,1716229173000000000,train,1318:22645>1318:22645|6,2-10,True,21.0,10-25,1.199936389464008,0.0002110864008818,1.2001474758648898,0-1d,False,0-1d,False,0.9995784148397976,1.2412425860316705,1.2414536724325522,1.2024366921370266,1.2026477785379084,1.2024366921370266,1.2026477785379084,1.294713894969161,1.2949249813700427
BEV2_2024-05-21_drive1.csv,BEV2,2024-05-21 06:00:03+00:00,2024-05-21 06:34:44+00:00,2024-05-21 06:00:05+00:00,6.265634119935,6.265634119935,0,False,True,True,0.0,False,False,1716271203000000000,1716273284000000000,1716271205000000000,train,1318:22645>1313:22647|6,2-10,True,15.0,10-25,1.3258700801203305,0.0002591806460166,1.3261292607663469,0-1d,False,0-1d,False,1.0,1.3259449217295407,1.3262041023755573,1.3260415297677084,1.326300710413725,1.3260415297677084,1.326300710413725,1.327224896592397,1.3274840772384136
BEV2_2024-05-21_drive2.csv,BEV2,2024-05-21 10:12:48+00:00,2024-05-21 10:33:54+00:00,2024-05-21 10:12:50+00:00,2.5257126916477626,2.52578287703109,0,False,True,True,0.0,False,False,1716286368000000000,1716287634000000000,1716286370000000000,train,1313:22647>1318:22645|2,2-10,True,19.0,10-25,0.6818977618413004,0.0001989885854201,0.6820967504267205,0-1d,False,0-1d,False,1.0,0.6794257427508474,0.6796247313362676,0.6820174042378682,0.6822163928232883,0.6820174042378682,0.6822163928232883,0.681710259763423,0.6819092483488431
BEV2_2024-05-21_drive3.csv,BEV2,2024-05-21 11:41:33+00:00,2024-05-21 12:22:14+00:00,2024-05-21 11:41:35+00:00,6.477128919654108,6.477128919654108,0,False,True,True,0.0,False,False,1716291693000000000,1716294134000000000,1716291695000000000,train,1318:22645>1318:22645|6,2-10,True,17.5,10-25,1.1618467215089334,0.0002988449348664,1.1621455664437998,0-1d,True,0-1d,True,1.0,1.2440904123224603,1.2443892572573267,1.251935287854524,1.2522341327893904,1.251935287854524,1.2522341327893904,1.3148623447717713,1.3151611897066378
BEV2_2024-05-21_drive4.csv,BEV2,2024-05-21 15:30:34+00:00,2024-05-21 15:54:23+00:00,2024-05-21 15:30:36+00:00,14.65817418693465,14.65817418693465,0,False,True,True,0.0,False,False,1716305434000000000,1716306863000000000,1716305436000000000,train,1318:22645>1263:22658|14,10-50,True,17.916666666666668,10-25,3.5311652791198136,0.0002273811957574,3.531392660315571,0-1d,False,0-1d,False,0.959355290819902,3.4459255881949336,3.446152969390691,3.4343961244818333,3.4346235056775907,3.4343961244818333,3.4346235056775907,3.4913873319481343,3.4916147131438917
BEV2_2024-05-21_drive5.csv,BEV2,2024-05-21 17:09:30+00:00,2024-05-21 17:37:13+00:00,2024-05-21 17:09:33+00:00,8.894973027002301,8.894973027002301,0,False,True,True,0.0,False,False,1716311370000000000,1716313033000000000,1716311373000000000,train,1241:22818>1233:22828|8,2-10,True,19.1,10-25,3.341598836841804,0.0011986464343246,3.342797483276128,0-1d,False,0-1d,False,0.9987951807228916,1.7421600834342006,1.7433587298685251,1.8080571897489013,1.8092558361832258,1.8080571897489013,1.8092558361832258,1.7703634312465504,1.771562077680875
BEV2_2024-05-21_drive6.csv,BEV2,2024-05-21 18:08:34+00:00,2024-05-21 18:21:59+00:00,2024-05-21 18:08:35+00:00,4.904813461583163,4.904813461583163,0,False,True,True,0.0,False,False,1716314914000000000,1716315719000000000,1716314915000000000,train,1233:22828>1242:22821|4,2-10,True,21.0,10-25,0.9996268813879792,0.0004408051511527,1.000067686539132,0-1d,False,0-1d,False,0.9987562189054726,0.9982215966743774,0.9986624018255301,0.9996812417229578,1.0001220468741105,0.9996812417229578,1.0001220468741105,0.9994837300239275,0.9999245351750803
BEV2_2024-05-21_drive7.csv,BEV2,2024-05-21 19:18:31+00:00,2024-05-21 19:40:56+00:00,2024-05-21 19:18:34+00:00,1.489986392101586,1.489986392101586,0,False,True,True,0.0,False,False,1716319111000000000,1716320456000000000,1716319114000000000,train,1242:22821>1245:22822|1,<2,True,27.0,>25,0.4238969837225308,0.0003990904544856,0.4242960741770164,0-1d,False,0-1d,False,0.9992548435171386,0.3375128861158058,0.33791197657029143,0.3744474383746691,0.3748465288291547,0.3744474383746691,0.3748465288291547,0.4238201252839667,0.4242192157384523
BEV2_2024-05-21_drive8.csv,BEV2,2024-05-21 20:24:52+00:00,2024-05-21 22:06:44+00:00,2024-05-21 20:24:53+00:00,65.04424429469594,65.04424429469594,0,False,True,True,0.0,False,False,1716323092000000000,1716329204000000000,1716323093000000000,train,1245:22822>1318:22645|65,>=50,True,20.0,10-25,14.681945539132863,9.502813073388552e-05,14.682040567263597,0-1d,False,0-1d,False,0.965472099492718,13.866039876031344,13.866134904162077,13.740395982372657,13.74049101050339,13.740395982372657,13.74049101050339,13.558636703169693,13.558731731300426
BEV2_2024-05-22_drive1.csv,BEV2,2024-05-22 04:56:24+00:00,2024-05-22 05:14:13+00:00,2024-05-22 04:56:27+00:00,4.642376148627978,4.642557536578301,0,False,True,True,0.0,False,False,1716353784000000000,1716354853000000000,1716353787000000000,train,1318:22645>1321:22656|4,2-10,True,14.5,10-25,0.7477979871638858,0.0003764250049307,0.7481744121688165,0-1d,False,0-1d,False,0.99906191369606,0.805777502131615,0.8061539271365458,0.85103694912767,0.8514133741326008,0.85103694912767,0.8514133741326008,0.7932929274755227,0.7936693524804534
BEV2_2024-05-22_drive2.csv,BEV2,2024-05-22 18:31:15+00:00,2024-05-22 18:56:36+00:00,2024-05-22 18:31:18+00:00,4.462156806677352,4.462156806677352,1,False,True,True,0.0,False,False,1716402675000000000,1716404196000000000,1716402678000000000,train,1321:22656>1318:22645|4,2-10,True,17.0,10-25,1.033700313697523,0.0004310607959822,1.034131374493505,0-1d,False,0-1d,False,0.997364953886693,1.0337012722146162,1.0341323330105983,1.0337087020093916,1.0341397628053737,1.0337087020093916,1.0341397628053737,1.0338084979272097,1.0342395587231918
BEV2_2024-05-23_drive1.csv,BEV2,2024-05-23 05:58:47+00:00,2024-05-23 06:29:38+00:00,2024-05-23 05:58:50+00:00,6.187630487695959,6.187630487695959,0,False,True,True,0.0,False,False,1716443927000000000,1716445778000000000,1716443930000000000,train,1318:22645>1313:22648|6,2-10,True,13.3,10-25,1.276000387168525,0.0003983617161018,1.276398748884627,0-1d,False,0-1d,False,0.9994588744588744,1.2755223980665087,1.2759207597826105,1.2761548271937426,1.2765531889098445,1.2761548271937426,1.2765531889098445,1.2758825082750829,1.2762808699911847
BEV2_2024-06-14_drive1.csv,BEV2,2024-06-14 18:24:26+00:00,2024-06-14 18:44:29+00:00,2024-06-14 18:24:28+00:00,2.313728589937774,2.313728589937774,0,False,True,True,0.0,False,False,1718389466000000000,1718390669000000000,1718389468000000000,train,1318:22645>1313:22647|2,2-10,True,21.5,10-25,0.337676765000996,0.0006468089714007,0.3383235739723967,>7d,False,>7d,False,1.0,0.33774018558725294,0.3383869945586536,0.33846979165701585,0.33911660062841653,0.33846979165701585,0.33911660062841653,0.33727998198168274,0.3379267909530834
BEV2_2024-06-14_drive2.csv,BEV2,2024-06-14 20:01:39+00:00,2024-06-14 20:22:29+00:00,2024-06-14 20:01:42+00:00,2.533412943972796,2.533412943972796,0,False,True,True,0.0,False,False,1718395299000000000,1718396549000000000,1718395302000000000,train,1313:22647>1318:22645|2,2-10,True,22.0,10-25,0.617884234766011,0.0003218055257992,0.6182060402918101,0-1d,False,0-1d,False,1.0,0.6178825231738393,0.6182043286996385,0.6177886807266173,0.6181104862524165,0.6177886807266173,0.6181104862524165,0.6275195572346499,0.6278413627604491
BEV2_2024-06-15_drive1.csv,BEV2,2024-06-15 09:48:09+00:00,2024-06-15 11:24:54+00:00,2024-06-15 09:48:12+00:00,18.388579963397664,18.388650154984106,0,False,True,True,0.0,False,False,1718444889000000000,1718450694000000000,1718444892000000000,train,1318:22645>1318:22645|18,10-50,True,16.5,10-25,3.4619752301815043,0.0003080423207463,3.4622832725022508,0-1d,False,0-1d,False,0.9986211651154774,3.456497033750884,3.4568050760716305,3.4612189922076735,3.46152703452842,3.4612189922076735,3.46152703452842,3.458973000081626,3.4592810424023726
BEV2_2024-06-15_drive2.csv,BEV2,2024-06-15 12:32:02+00:00,2024-06-15 13:59:46+00:00,2024-06-15 12:32:05+00:00,62.71113373111048,62.71113373111048,0,False,True,True,0.0,False,False,1718454722000000000,1718459986000000000,1718454725000000000,train,1318:22645>1236:22808|62,>=50,True,17.8,10-25,11.42394616992362,0.0003318903158348,11.424278060239454,0-1d,False,0-1d,False,0.9642653487930052,11.424033328122466,11.4243652184383,11.762091358767226,11.76242324908306,11.762091358767226,11.76242324908306,11.820376302700002,11.820708193015836
BEV2_2024-06-15_drive3.csv,BEV2,2024-06-15 15:02:10+00:00,2024-06-15 16:35:37+00:00,2024-06-15 15:02:13+00:00,53.675101970977806,53.675101970977806,0,False,True,True,0.0,False,False,1718463730000000000,1718469337000000000,1718463733000000000,train,1236:22808>1318:22645|53,>=50,True,25.5,>25,12.059884315119854,0.000317546335991,12.060201861455845,0-1d,False,0-1d,False,0.9644896502498216,11.392070900062574,11.392388446398565,11.445320343638702,11.445637889974693,11.445320343638702,11.445637889974693,11.527970257815541,11.528287804151532
BEV2_2024-06-18_drive1.csv,BEV2,2024-06-18 16:34:48+00:00,2024-06-18 17:30:13+00:00,2024-06-18 16:34:51+00:00,24.771576084012885,24.771576084012885,0,False,True,True,0.0,False,False,1718728488000000000,1718731813000000000,1718728491000000000,train,1256:22662>1318:22645|24,10-50,True,17.0,10-25,4.765901364757854,0.000264958665576,4.7661663234234295,1-7d,False,1-7d,False,0.9834437086092715,4.770680456011212,4.770945414676788,4.772032748452445,4.772297707118021,4.772032748452445,4.772297707118021,4.765996605371377,4.766261564036953
BEV2_2024-06-19_drive1.csv,BEV2,2024-06-19 05:47:50+00:00,2024-06-19 06:42:41+00:00,2024-06-19 05:47:53+00:00,6.45828516039442,6.45828516039442,0,False,True,True,0.0,False,False,1718776070000000000,1718779361000000000,1718776073000000000,train,1318:22645>1313:22648|6,2-10,True,15.0,10-25,1.477921093762656,0.0003423161838248,1.4782634099464809,0-1d,True,0-1d,True,1.0,1.3848027304123343,1.385145046596159,1.371701324905152,1.3720436410889767,1.371701324905152,1.3720436410889767,1.477495453613406,1.4778377697972307
BEV2_2024-06-19_drive2.csv,BEV2,2024-06-19 07:56:35+00:00,2024-06-19 08:35:41+00:00,2024-06-19 07:56:38+00:00,5.040106801499823,5.040408759115612,0,False,True,True,0.0,False,False,1718783795000000000,1718786141000000000,1718783798000000000,train,1313:22648>1318:22645|5,2-10,True,16.5,10-25,1.3659725951074968,0.0003104840933902,1.366283079200887,0-1d,False,0-1d,False,0.9995731967562952,1.2763037542109696,1.27661423830436,1.311752791320459,1.3120632754138493,1.311752791320459,1.3120632754138493,1.3192861255129078,1.319596609606298
BEV2_2024-06-19_drive3.csv,BEV2,2024-06-19 10:30:23+00:00,2024-06-19 11:07:13+00:00,2024-06-19 10:30:26+00:00,6.429478700831664,6.429701090992303,0,False,True,True,0.0,False,False,1718793023000000000,1718795233000000000,1718793026000000000,train,1318:22645>1318:22645|6,2-10,True,19.0,10-25,1.353970748442273,0.0003195939342599,1.354290342376533,0-1d,False,0-1d,False,1.0,1.353950078628967,1.354269672563227,1.354399775560853,1.354719369495113,1.354399775560853,1.354719369495113,1.3614998654139152,1.3618194593481752
BEV2_2024-06-19_drive4.csv,BEV2,2024-06-19 14:34:43+00:00,2024-06-19 14:40:59+00:00,2024-06-19 14:34:46+00:00,1.7939823878301404,1.7939823878301404,0,False,True,True,0.0,False,False,1718807683000000000,1718808059000000000,1718807686000000000,train,1318:22645>1320:22648|1,<2,True,25.0,10-25,0.2978831260214565,0.0003353287008266,0.2982184547222831,0-1d,False,0-1d,False,1.0,0.2979148789551168,0.2982502076559434,0.29790350924205244,0.29823883794287903,0.29790350924205244,0.29823883794287903,0.2954412966199563,0.29577662532078286
BEV2_2024-06-19_drive5.csv,BEV2,2024-06-19 15:23:15+00:00,2024-06-19 15:41:07+00:00,2024-06-19 15:23:16+00:00,1.6813902345333205,1.6813902345333205,0,True,True,True,0.0,True,False,1718810595000000000,1718811667000000000,1718810596000000000,train,1320:22648>1318:22645|1,<2,True,29.0,>25,0.631714762270746,0.0002852377288611,0.6319999999996071,0-1d,False,0-1d,False,1.0,0.5282630712367541,0.5285483089656152,0.5609049615912826,0.5611901993201437,0.5609049615912826,0.5611901993201437,0.5759912265220273,0.5762764642508884
BEV2_2024-06-19_drive6.csv,BEV2,2024-06-19 17:41:45+00:00,2024-06-19 17:59:22+00:00,2024-06-19 17:41:48+00:00,4.469947435301315,4.469947435301315,0,False,True,True,0.0,False,False,1718818905000000000,1718819962000000000,1718818908000000000,train,1318:22645>1313:22647|4,2-10,True,24.0,10-25,0.6439137709435319,0.0003482814695252,0.644262052413057,0-1d,False,0-1d,False,1.0,0.6741741675700152,0.6745224490395404,0.6833519326523149,0.68370021412184,0.6833519326523149,0.68370021412184,0.6515471562675075,0.6518954377370326
BEV2_2024-06-19_drive7.csv,BEV2,2024-06-19 21:17:37+00:00,2024-06-19 21:38:26+00:00,2024-06-19 21:17:40+00:00,2.5813253946439083,2.5813253946439083,0,False,True,True,0.0,False,False,1718831857000000000,1718833106000000000,1718831860000000000,train,1313:22647>1318:22645|2,2-10,True,22.0,10-25,0.6419143718371769,0.0003653069700685,0.6422796788072455,0-1d,True,0-1d,True,0.9991974317817014,0.6421682290973093,0.6425335360673778,0.6418672641004541,0.6422325710705227,0.6418672641004541,0.6422325710705227,0.6534373178639218,0.6538026248339903
BEV2_2024-06-20_drive1.csv,BEV2,2024-06-20 09:41:56+00:00,2024-06-20 10:01:19+00:00,2024-06-20 09:41:59+00:00,2.762514939465538,2.762514939465538,0,False,True,True,0.0,False,False,1718876516000000000,1718877679000000000,1718876519000000000,train,1318:22645>1318:22645|2,2-10,True,20.0,10-25,0.5598936188245939,0.0003915247537352,0.560285143578329,0-1d,False,0-1d,False,1.0,0.5598812134849724,0.5602727382387076,0.5590066870687205,0.5593982118224556,0.5590066870687205,0.5593982118224556,0.5599849283367476,0.5603764530904828
BEV2_2024-06-20_drive2.csv,BEV2,2024-06-20 17:42:44+00:00,2024-06-20 18:01:09+00:00,2024-06-20 17:42:45+00:00,3.682124635798612,3.682124635798612,0,False,True,True,0.0,False,False,1718905364000000000,1718906469000000000,1718905365000000000,train,1318:22645>1318:22645|3,2-10,True,18.5,10-25,0.6619487803017691,8.954854118575809e-05,0.6620383288429549,0-1d,False,0-1d,False,0.9990942028985508,0.6620123383221159,0.6621018868633017,0.6613122074955071,0.6614017560366929,0.6613122074955071,0.6614017560366929,0.6611968843387668,0.6612864328799526
BEV2_2024-06-21_drive1.csv,BEV2,2024-06-21 05:51:29+00:00,2024-06-21 06:31:37+00:00,2024-06-21 05:51:32+00:00,6.666763492189709,6.666833684268289,0,False,True,True,0.0,False,False,1718949089000000000,1718951497000000000,1718949092000000000,train,1318:22645>1318:22645|6,2-10,True,17.0,10-25,1.421888173358837,0.0003618180172229,1.42224999137606,0-1d,True,0-1d,True,0.9995841995841996,1.4218749605280794,1.4222367785453023,1.4149721055211788,1.4153339235384017,1.4149721055211788,1.4153339235384017,1.4233632476861844,1.4237250657034073
BEV2_2024-06-21_drive10.csv,BEV2,2024-06-21 18:15:13+00:00,2024-06-21 18:32:02+00:00,2024-06-21 18:15:17+00:00,1.9886741272710755,1.9889257065211727,0,False,True,True,0.0,False,False,1718993713000000000,1718994722000000000,1718993717000000000,train,1318:22645>1313:22647|1,<2,True,17.5,10-25,0.2459052908889777,0.0004337865394933,0.246339077428471,0-1d,False,0-1d,False,0.999004975124378,0.24586758960078026,0.24630137614027356,0.24365195898437073,0.24408574552386403,0.24365195898437073,0.24408574552386403,0.3067249977787293,0.3071587843182226
BEV2_2024-06-21_drive2.csv,BEV2,2024-06-21 18:43:10+00:00,2024-06-21 18:58:30+00:00,2024-06-21 18:43:13+00:00,2.301352203140174,2.301693091758928,0,False,True,True,0.0,False,False,1718995390000000000,1718996310000000000,1718995393000000000,train,1313:22647>1318:22645|2,2-10,True,16.666666666666668,10-25,0.5998778282714146,0.0004071234015879,0.6002849516730024,0-1d,True,0-1d,True,1.0,0.600772808535608,0.6011799319371959,0.6006476669099147,0.6010547903115026,0.6006476669099147,0.6010547903115026,0.5998051136440699,0.6002122370456577
BEV2_2024-06-21_drive3.csv,BEV2,2024-06-21 08:37:08+00:00,2024-06-21 09:08:36+00:00,2024-06-21 08:37:11+00:00,3.014748527178074,3.0149817316239096,0,False,True,True,0.0,False,False,1718959028000000000,1718960916000000000,1718959031000000000,train,1318:22645>1316:22653|3,2-10,True,17.5,10-25,0.7138739470342869,0.0003478837317932,0.71422183076608,0-1d,False,0-1d,False,0.99946949602122,0.6424774947209637,0.6428253784527569,0.6580793263658375,0.6584272100976307,0.6580793263658375,0.6584272100976307,0.7139317152383233,0.7142795989701165
BEV2_2024-06-21_drive4.csv,BEV2,2024-06-21 10:17:01+00:00,2024-06-21 11:18:43+00:00,2024-06-21 10:17:04+00:00,6.431144762759693,6.431144762759693,0,False,True,True,0.0,False,False,1718965021000000000,1718968723000000000,1718965024000000000,train,1316:22653>1313:22648|6,2-10,True,17.0,10-25,1.831884810390237,0.0003117554606716,1.8321965658509085,0-1d,False,0-1d,False,1.0,1.4859326057116884,1.48624436117236,1.4859400518275694,1.486251807288241,1.4859400518275694,1.486251807288241,1.5787796356118036,1.579091391072475
BEV2_2024-06-21_drive5.csv,BEV2,2024-06-21 13:48:31+00:00,2024-06-21 13:54:07+00:00,2024-06-21 13:48:32+00:00,0.1614939207700449,0.1614939207700449,1,True,False,True,0.0,True,False,1718977711000000000,1718978047000000000,1718977712000000000,train,1313:22648>1313:22647|0,<2,True,19.0,10-25,0.112064909552483,4.5151589833326856e-05,0.1121100611423164,0-1d,False,0-1d,False,0.9731343283582088,0.11176667244593935,0.11181182403577268,0.11217106370221681,0.11221621529205014,0.11217106370221681,0.11221621529205014,0.11219118535578645,0.11223633694561978
BEV2_2024-06-21_drive6.csv,BEV2,2024-06-21 15:08:53+00:00,2024-06-21 15:24:13+00:00,2024-06-21 15:08:56+00:00,2.580161410630425,2.580161410630425,0,False,True,True,0.0,False,False,1718982533000000000,1718983453000000000,1718982536000000000,train,1313:22647>1318:22645|2,2-10,True,18.0,10-25,0.6978786657551844,0.0004066195824841,0.6982852853376685,0-1d,True,0-1d,True,0.9989094874591058,0.6902908787958452,0.6906974983783293,0.6986112195469323,0.6990178391294164,0.6986112195469323,0.6990178391294164,0.6978837806758513,0.6982904002583354
BEV2_2024-06-21_drive7.csv,BEV2,2024-06-21 16:10:12+00:00,2024-06-21 16:29:55+00:00,2024-06-21 16:10:15+00:00,2.4959247562624194,2.4959247562624194,0,False,True,True,0.0,False,False,1718986212000000000,1718987395000000000,1718986215000000000,train,1318:22645>1317:22652|2,2-10,True,16.0,10-25,0.487900908228646,0.0004179224009775,0.4883188306296235,0-1d,False,0-1d,False,0.9991525423728812,0.48789608130867823,0.4883140037096557,0.48790561916129643,0.4883235415622739,0.48790561916129643,0.4883235415622739,0.48781535265413833,0.4882332750551158
BEV2_2024-06-21_drive8.csv,BEV2,2024-06-21 16:35:34+00:00,2024-06-21 16:48:00+00:00,2024-06-21 16:35:38+00:00,2.639032869210095,2.6391440642900608,0,False,True,True,0.0,False,False,1718987734000000000,1718988480000000000,1718987738000000000,train,1317:22652>1318:22645|2,2-10,True,17.0,10-25,0.6316809303964613,0.000832726566707,0.6325136569631683,0-1d,False,0-1d,False,0.9986522911051212,0.6316559480756962,0.6324886746424032,0.631014341060546,0.631847067627253,0.631014341060546,0.631847067627253,0.6323888934303465,0.6332216199970535
BEV2_2024-06-21_drive9.csv,BEV2,2024-06-21 17:44:29+00:00,2024-06-21 18:01:45+00:00,2024-06-21 17:44:32+00:00,3.679378115867504,3.6796843833096,0,False,True,True,0.0,False,False,1718991869000000000,1718992905000000000,1718991872000000000,train,1318:22645>1318:22645|3,2-10,True,16.5,10-25,0.7998889412793267,0.0002949193311674,0.8001838606104942,0-1d,True,0-1d,True,1.0,0.7920273543144889,0.7923222736456563,0.79994973048163,0.8002446498127974,0.79994973048163,0.8002446498127974,0.7877664038764925,0.78806132320766
BEV2_2024-06-22_drive1.csv,BEV2,2024-06-22 10:26:08+00:00,2024-06-22 10:36:29+00:00,2024-06-22 10:26:11+00:00,3.018298321050914,3.018298321050914,0,False,True,True,0.0,False,False,1719051968000000000,1719052589000000000,1719051971000000000,train,1318:22645>1310:22648|3,2-10,True,18.5,10-25,0.399823880234828,0.0004896298645147,0.4003135100993427,0-1d,False,0-1d,False,1.0,0.45123869252700133,0.451728322391516,0.49843315521963777,0.49892278508415244,0.49843315521963777,0.49892278508415244,0.45854334162898475,0.4590329714934994
BEV2_2024-06-22_drive2.csv,BEV2,2024-06-22 11:47:51+00:00,2024-06-22 14:05:20+00:00,2024-06-22 11:47:54+00:00,66.08198999405346,66.08198999405346,0,False,True,True,0.0,False,False,1719056871000000000,1719065120000000000,1719056874000000000,train,1310:22648>1236:22808|66,>=50,True,18.0,10-25,12.843912419133792,0.0003022252629075,12.8442146443967,0-1d,False,0-1d,False,0.979505214649527,12.570000504634944,12.570302729897852,12.798629574162907,12.798931799425816,12.798629574162907,12.798931799425816,12.831244738228603,12.831546963491512
BEV2_2024-06-22_drive3.csv,BEV2,2024-06-22 14:59:04+00:00,2024-06-22 15:32:58+00:00,2024-06-22 14:59:07+00:00,14.257758987211602,14.257890190427048,0,False,True,True,0.0,False,False,1719068344000000000,1719070378000000000,1719068347000000000,train,1236:22808>1245:22822|14,10-50,True,25.5,>25,2.537897620807253,0.0003414296741289,2.538239050481382,0-1d,False,0-1d,False,0.9935992122107336,2.5379109025361517,2.5382523322102806,2.5373739195124494,2.5377153491865783,2.5373739195124494,2.5377153491865783,2.5377252978559772,2.538066727530106
BEV2_2024-06-22_drive4.csv,BEV2,2024-06-22 15:37:05+00:00,2024-06-22 16:47:39+00:00,2024-06-22 15:37:09+00:00,60.87147648791737,60.87154608266043,0,False,True,True,0.0,False,False,1719070625000000000,1719074859000000000,1719070629000000000,train,1245:22822>1318:22645|60,>=50,True,23.5,10-25,12.915909292108571,0.000450013569462,12.916359305678036,0-1d,False,0-1d,False,0.9453900709219858,12.585705256142795,12.586155269712258,12.630394230369573,12.630844243939036,12.630394230369573,12.630844243939036,12.915994561855786,12.916444575425249
BEV2_2024-06-22_drive5.csv,BEV2,2024-06-22 17:20:02+00:00,2024-06-22 17:37:21+00:00,2024-06-22 17:20:05+00:00,3.6666980758593706,3.6666980758593706,0,False,True,True,0.0,False,False,1719076802000000000,1719077841000000000,1719076805000000000,train,1318:22645>1318:22645|3,2-10,True,25.0,10-25,0.6778940240963528,0.0002928341903724,0.6781868582867252,0-1d,True,0-1d,True,1.0,0.6779060615473993,0.6781988957377717,0.6781371519811277,0.6784299861715001,0.6781371519811277,0.6784299861715001,0.678667919192615,0.6789607533829874
BEV2_2024-06-22_drive6.csv,BEV2,2024-06-22 18:26:04+00:00,2024-06-22 18:36:35+00:00,2024-06-22 18:26:07+00:00,3.155193325956786,3.155193325956786,0,False,True,True,0.0,False,False,1719080764000000000,1719081395000000000,1719080767000000000,train,1318:22645>1313:22647|3,2-10,True,25.0,10-25,0.3858833912187963,0.000307990957484,0.3861913821762803,0-1d,False,0-1d,False,1.0,0.4098776242966228,0.4101856152541068,0.385896309688084,0.38620430064556804,0.385896309688084,0.38620430064556804,0.38595056321188775,0.38625855416937177
BEV2_2024-06-22_drive7.csv,BEV2,2024-06-22 22:36:51+00:00,2024-06-22 22:52:11+00:00,2024-06-22 22:36:54+00:00,2.58809879425052,2.58809879425052,1,True,False,True,0.0,True,False,1719095811000000000,1719096731000000000,1719095814000000000,train,1313:22647>1318:22645|2,2-10,True,20.5,10-25,0.6379015787785979,0.0003395760282825,0.6382411548068804,0-1d,True,0-1d,True,0.9640130861504908,0.6379922124005496,0.6383317884288321,0.6377834645440816,0.6381230405723641,0.6377834645440816,0.6381230405723641,0.6379054709697711,0.6382450469980536
BEV2_2024-06-23_drive1.csv,BEV2,2024-06-23 06:35:56+00:00,2024-06-23 06:53:35+00:00,2024-06-23 06:35:59+00:00,2.222280523751229,2.222280523751229,0,False,True,True,0.0,False,False,1719124556000000000,1719125615000000000,1719124559000000000,train,1318:22645>1315:22648|2,2-10,True,15.0,10-25,0.4958609980174451,0.0003695940894436,0.4962305921068887,0-1d,False,0-1d,False,0.9990530303030304,0.4955505774069168,0.4959201714963604,0.4952565466921501,0.49562614078159367,0.4952565466921501,0.49562614078159367,0.48710375200837225,0.48747334609781584
BEV2_2024-06-23_drive2.csv,BEV2,2024-06-23 07:15:02+00:00,2024-06-23 07:55:34+00:00,2024-06-23 07:15:04+00:00,31.77680036754071,31.77680036754071,0,False,True,True,0.0,False,False,1719126902000000000,1719129334000000000,1719126904000000000,train,1315:22648>1394:22700|31,10-50,True,18.5,10-25,6.757893819173454,0.0002009115811966,6.75809473075465,0-1d,False,0-1d,False,0.9522633744855968,6.762912145706418,6.763113057287614,6.396098095124975,6.396299006706172,6.396098095124975,6.396299006706172,6.758061619241504,6.758262530822701
BEV2_2024-06-23_drive3.csv,BEV2,2024-06-23 09:09:49+00:00,2024-06-23 09:25:09+00:00,2024-06-23 09:09:52+00:00,2.370191017124774,2.370191017124774,0,False,True,True,0.0,False,False,1719133789000000000,1719134709000000000,1719133792000000000,train,1394:22700>1386:22699|2,2-10,True,22.0,10-25,0.4839091772418647,0.0003389197314942,0.4842480969733589,0-1d,False,0-1d,False,1.0,0.47653846969392427,0.47687738942541846,0.4837302657943669,0.4840691855258611,0.4837302657943669,0.4840691855258611,0.4846024880851092,0.4849414078166034
BEV2_2024-06-23_drive4.csv,BEV2,2024-06-23 09:38:40+00:00,2024-06-23 10:13:15+00:00,2024-06-23 09:38:44+00:00,27.19741110005478,27.19741110005478,0,False,True,True,0.0,False,False,1719135520000000000,1719137595000000000,1719135524000000000,train,1386:22699>1318:22646|27,10-50,True,26.0,>25,5.777868549521615,0.0004521641371649,5.77832071365878,0-1d,False,0-1d,False,0.9531627233220666,5.421383497178585,5.42183566131575,5.471718486979539,5.472170651116705,5.471718486979539,5.472170651116705,5.539296209546017,5.5397483736831825
BEV2_2024-06-24_drive1.csv,BEV2,2024-06-24 05:53:29+00:00,2024-06-24 06:28:02+00:00,2024-06-24 05:53:33+00:00,6.504816439533244,6.504886630701241,0,False,True,True,0.0,False,False,1719208409000000000,1719210482000000000,1719208413000000000,train,1318:22646>1313:22648|6,2-10,True,16.0,10-25,1.285959057465961,0.0005262307158331,1.286485288181794,0-1d,False,0-1d,False,0.999516674722088,1.285898892861983,1.2864251235778161,1.2861969974948182,1.2867232282106513,1.2861969974948182,1.2867232282106513,1.2859674732932609,1.286493704009094
BEV2_2024-06-24_drive2.csv,BEV2,2024-06-24 15:25:48+00:00,2024-06-24 15:41:55+00:00,2024-06-24 15:25:52+00:00,2.7997282294932653,2.7997282294932653,0,False,True,True,0.0,False,False,1719242748000000000,1719243715000000000,1719242752000000000,train,1313:22648>1318:22645|2,2-10,True,18.0,10-25,0.7538992466965801,0.0004633589863049,0.754362605682885,0-1d,False,0-1d,False,0.9989615784008308,0.7538179904168862,0.7542813494031911,0.7539247799162648,0.7543881389025697,0.7539247799162648,0.7543881389025697,0.7538802033536577,0.7543435623399626
BEV2_2024-06-24_drive3.csv,BEV2,2024-06-24 16:25:03+00:00,2024-06-24 16:41:58+00:00,2024-06-24 16:25:07+00:00,3.650714983078122,3.650714983078122,0,False,True,True,0.0,False,False,1719246303000000000,1719247318000000000,1719246307000000000,train,1318:22645>1318:22645|3,2-10,True,24.0,10-25,0.6801477575022287,0.0004102681999927,0.6805580257022213,0-1d,True,0-1d,True,0.9990108803165184,0.6800183115709801,0.6804285797709728,0.6801554097454863,0.680565677945479,0.6801554097454863,0.680565677945479,0.6802707430499773,0.6806810112499699
BEV2_2024-06-24_drive4.csv,BEV2,2024-06-24 17:08:07+00:00,2024-06-24 17:39:07+00:00,2024-06-24 17:08:11+00:00,19.74494518967767,19.74494518967767,0,False,True,True,0.0,False,False,1719248887000000000,1719250747000000000,1719248891000000000,train,1318:22645>1318:22645|19,10-50,True,25.5,>25,2.5338858808131364,0.0004145886963838,2.53430046950952,0-1d,False,0-1d,False,0.9994612068965516,3.4316627042432377,3.4320772929396215,3.478244879784907,3.4786594684812906,3.478244879784907,3.4786594684812906,3.044436690118374,3.044851278814758
BEV2_2024-06-25_drive1.csv,BEV2,2024-06-25 04:13:36+00:00,2024-06-25 05:09:56+00:00,2024-06-25 04:13:40+00:00,38.566089854230135,38.566089854230135,0,False,True,True,0.0,False,False,1719288816000000000,1719292196000000000,1719288820000000000,train,1318:22645>1466:22625|38,10-50,True,18.0,10-25,6.593888472954768,0.0005201726337162,6.5944086455884845,0-1d,False,0-1d,False,0.9774881516587678,6.925483169939182,6.926003342572898,7.012528245870967,7.013048418504683,7.012528245870967,7.013048418504683,6.633609470986205,6.634129643619921
BEV2_2024-06-25_drive2.csv,BEV2,2024-06-25 06:20:57+00:00,2024-06-25 07:28:37+00:00,2024-06-25 06:21:01+00:00,38.02498942637125,38.02498942637125,0,False,True,True,0.0,False,False,1719296457000000000,1719300517000000000,1719296461000000000,train,1466:22625>1313:22648|38,10-50,True,22.0,10-25,7.029898738712196,0.000434224656697,7.030332963368893,0-1d,False,0-1d,False,0.9610453648915188,7.029467731838065,7.029901956494762,7.020740622059661,7.021174846716358,7.020740622059661,7.021174846716358,7.097166004655886,7.097600229312583
BEV2_2024-06-25_drive3.csv,BEV2,2024-06-25 09:57:15+00:00,2024-06-25 10:44:12+00:00,2024-06-25 09:57:19+00:00,22.440764880941032,22.441180337633654,0,False,True,True,0.0,False,False,1719309435000000000,1719312252000000000,1719309439000000000,train,1313:22648>1313:22648|22,10-50,True,21.5,10-25,3.48337174432853,0.0017855520618958,3.4851572963904256,0-1d,False,0-1d,False,0.9992890152861712,4.021090320665163,4.022875872727059,4.126700527092836,4.128486079154731,4.126700527092836,4.128486079154731,3.6546412079412094,3.656426760003105
BEV2_2024-06-25_drive5.csv,BEV2,2024-06-25 15:59:15+00:00,2024-06-25 16:37:17+00:00,2024-06-25 15:59:19+00:00,12.880733026552864,12.880733026552864,0,False,True,True,0.0,False,False,1719331155000000000,1719333437000000000,1719331159000000000,train,1313:22648>1318:22645|12,10-50,True,27.0,>25,2.2478889485038285,0.000498634410916,2.2483875829147446,0-1d,False,0-1d,False,0.9995610184372256,2.246838981907002,2.247337616317918,2.247076337202105,2.2475749716130213,2.247076337202105,2.2475749716130213,2.2475903077839776,2.2480889421948937
BEV2_2024-06-26_drive1.csv,BEV2,2024-06-26 06:10:06+00:00,2024-06-26 06:19:49+00:00,2024-06-26 06:10:10+00:00,2.3903904689198656,2.3904606610211347,0,False,True,True,0.0,False,False,1719382206000000000,1719382789000000000,1719382210000000000,train,1318:22645>1313:22648|2,2-10,True,20.0,10-25,0.3738602003069143,0.0005324575874758,0.3743926578943901,0-1d,False,0-1d,False,1.0,0.3726767863538052,0.37320924394128097,0.38235793103135013,0.3828903886188259,0.38235793103135013,0.3828903886188259,0.3736800337999445,0.3742124913874203
BEV2_2024-06-26_drive2.csv,BEV2,2024-06-26 09:38:49+00:00,2024-06-26 10:32:44+00:00,2024-06-26 09:38:53+00:00,26.09690666682904,26.09690666682904,0,True,True,True,0.0,True,False,1719394729000000000,1719397964000000000,1719394733000000000,train,1313:22648>1315:22646|26,10-50,True,25.5,>25,5.135871448470195,0.000508349365172,5.136379797835367,0-1d,False,0-1d,False,0.9798823893531414,5.140194269602482,5.140702618967654,5.134322600016247,5.13483094938142,5.134322600016247,5.13483094938142,5.109953314242152,5.110461663607325
BEV2_2024-06-26_drive3.csv,BEV2,2024-06-26 10:37:04+00:00,2024-06-26 10:52:23+00:00,2024-06-26 10:37:05+00:00,1.6299846155436502,1.6299846155436502,0,False,True,True,0.0,False,False,1719398224000000000,1719399143000000000,1719398225000000000,train,1315:22646>1313:22648|1,<2,True,33.0,>25,0.3478877696255232,0.0001122303744331,0.3479999999999563,0-1d,False,0-1d,False,0.9978213507625272,0.34789836947805647,0.34801059985248955,0.3504279927055253,0.3505402230799584,0.3504279927055253,0.3505402230799584,0.34837507239292076,0.34848730276735385
BEV2_2024-06-26_drive4.csv,BEV2,2024-06-26 13:13:01+00:00,2024-06-26 13:39:33+00:00,2024-06-26 13:13:03+00:00,18.312918957005387,18.312918957005387,0,False,True,True,0.0,False,False,1719407581000000000,1719409173000000000,1719407583000000000,train,1313:22648>1241:22648|18,10-50,True,23.5,10-25,3.4098947520544938,0.0001998276564621,3.410094579710956,0-1d,False,0-1d,False,0.9767295597484276,3.408748942969149,3.4089487706256114,3.412589388201776,3.4127892158582385,3.412589388201776,3.4127892158582385,3.409678841290862,3.409878668947324
BEV2_2024-06-26_drive7.csv,BEV2,2024-06-26 18:34:08+00:00,2024-06-26 19:39:38+00:00,2024-06-26 18:34:12+00:00,58.79739314521323,58.79739314521323,0,False,True,True,0.0,False,False,1719426848000000000,1719430778000000000,1719426852000000000,train,1237:22806>1318:22645|58,>=50,True,26.0,>25,12.097867701388733,0.0004723389874158,12.098340040376147,0-1d,False,0-1d,False,0.9452368823229752,12.097590166152871,12.098062505140287,11.96598991446256,11.966462253449976,11.96598991446256,11.966462253449976,12.098980349501433,12.09945268848885
BEV2_2024-06-27_drive7.csv,BEV2,2024-06-27 16:11:09+00:00,2024-06-27 16:32:15+00:00,2024-06-27 16:11:13+00:00,1.8676236419345893,1.8676236419345893,1,False,False,True,0.0,False,False,1719504669000000000,1719505935000000000,1719504673000000000,train,1318:22645>1318:22645|1,<2,True,29.0,>25,0.5558723768685286,0.0004548967083043,0.556327273576833,0-1d,False,0-1d,False,0.9833597464342314,0.5486560149982782,0.5491109117065825,0.5489373936000722,0.5493922903083766,0.5489373936000722,0.5493922903083766,0.5560040036985446,0.556458900406849
BEV2_2024-06-27_drive8.csv,BEV2,2024-06-27 18:10:29+00:00,2024-06-27 18:50:53+00:00,2024-06-27 18:10:30+00:00,13.770704970696746,13.770704970696746,0,True,True,True,0.0,True,False,1719511829000000000,1719514253000000000,1719511830000000000,train,1318:22645>1318:22645|13,10-50,True,30.85,>25,2.377624869674292,0.0003751303244999,2.377999999998792,0-1d,False,0-1d,False,0.9991745769706974,2.3774906732395396,2.3778658035640396,2.409134587498913,2.409509717823413,2.409134587498913,2.409509717823413,2.372036939968161,2.372412070292661
BEV2_2024-06-28_drive2.csv,BEV2,2024-06-28 09:52:41+00:00,2024-06-28 11:04:46+00:00,2024-06-28 09:52:45+00:00,59.81395715892722,59.81395715892722,0,False,True,True,0.0,False,False,1719568361000000000,1719572686000000000,1719568365000000000,train,1313:22648>1552:22706|59,>=50,True,19.0,10-25,11.507873585924594,0.0004421525956378,11.508315738520231,1-7d,False,1-7d,False,0.9483915760240684,12.282173168247153,12.28261532084279,12.090195752323742,12.09063790491938,12.090195752323742,12.09063790491938,11.614986445601945,11.615428598197582
BEV2_2024-06-29_drive7.csv,BEV2,2024-06-29 16:33:52+00:00,2024-06-29 16:46:32+00:00,2024-06-29 16:33:56+00:00,2.490382526856372,2.4904527186023624,0,False,True,True,0.0,False,False,1719678832000000000,1719679592000000000,1719678836000000000,train,1318:22645>1317:22652|2,2-10,True,25.0,10-25,0.5978835568805658,0.0003709699791768,0.5982545268597427,1-7d,False,1-7d,False,1.0,0.4815492781795437,0.4819202481587205,0.5908731435887294,0.5912441135679063,0.5908731435887294,0.5912441135679063,0.551586915314639,0.5519578852938158
BEV2_2024-06-29_drive8.csv,BEV2,2024-06-29 17:51:18+00:00,2024-06-29 18:54:46+00:00,2024-06-29 17:51:19+00:00,20.48948629924868,20.48948629924868,0,True,True,True,0.0,True,False,1719683478000000000,1719687286000000000,1719683479000000000,train,1317:22652>1318:22645|20,10-50,True,22.0,10-25,3.2697252098238048,0.0002976281051249,3.27002283792893,0-1d,False,0-1d,False,0.9994746519569214,3.53719112274638,3.537488750851505,3.406296626398806,3.406594254503931,3.406296626398806,3.406594254503931,3.384881725713593,3.385179353818718
BEV2_2024-06-30_drive6.csv,BEV2,2024-06-30 15:40:48+00:00,2024-06-30 16:48:10+00:00,2024-06-30 15:40:49+00:00,53.83907259877628,53.83907259877628,1,False,True,True,0.0,False,False,1719762048000000000,1719766090000000000,1719762049000000000,train,1236:22808>1318:22645|53,>=50,True,27.5,>25,10.657899613136626,0.0001003868628221,10.657999999999449,0-1d,False,0-1d,False,0.9566938876515714,11.143143816008578,11.1432442028714,10.653125374388967,10.65322576125179,10.653125374388967,10.65322576125179,10.657923169626278,10.6580235564891
BEV2_2024-07-04_drive1.csv,BEV2,2024-07-04 05:56:25+00:00,2024-07-04 06:16:08+00:00,2024-07-04 05:56:26+00:00,2.264871651157902,2.264871651157902,0,False,True,True,0.0,False,False,1720072585000000000,1720073768000000000,1720072586000000000,train,1318:22645>1313:22648|2,2-10,True,16.5,10-25,0.4678701750752779,0.0001298249236598,0.4679999999989377,1-7d,True,1-7d,True,0.9974619289340102,0.4667180799333328,0.4668479048569926,0.467380425431702,0.4675102503553618,0.467380425431702,0.4675102503553618,0.46663439874084267,0.4667642236645025
BEV2_2024-07-05_drive3.csv,BEV2,2024-07-05 10:06:08+00:00,2024-07-05 10:20:47+00:00,2024-07-05 10:06:10+00:00,3.562197990926477,3.562197990926477,0,False,True,True,0.0,False,False,1720173968000000000,1720174847000000000,1720173970000000000,train,1313:22648>1318:22645|3,2-10,True,18.0,10-25,0.8396790374603682,0.0006342223243155,0.8403132597846837,1-7d,False,1-7d,False,0.998859749144812,0.8772601287419076,0.8778943510662232,0.8396226374721445,0.84025685979646,0.8396226374721445,0.84025685979646,0.8396828865929161,0.8403171089172317
BEV2_2024-07-05_drive4.csv,BEV2,2024-07-05 10:28:01+00:00,2024-07-05 11:35:22+00:00,2024-07-05 10:28:03+00:00,21.78310116556868,21.78310116556868,0,False,True,True,0.0,False,False,1720175281000000000,1720179322000000000,1720175283000000000,train,1318:22645>1326:22670|21,10-50,True,17.0,10-25,3.801917298104744,0.0001913308284496,3.8021086289331936,0-1d,False,0-1d,False,0.9886110423372122,3.7986481475324325,3.798839478360882,3.8021300398399407,3.8023213706683903,3.8021300398399407,3.8023213706683903,3.8021631099487463,3.802354440777196
BEV2_2024-07-05_drive5.csv,BEV2,2024-07-05 11:40:23+00:00,2024-07-05 13:21:21+00:00,2024-07-05 11:40:25+00:00,75.13204714862411,75.13204714862411,0,False,True,True,0.0,False,False,1720179623000000000,1720185681000000000,1720179625000000000,train,1326:22670>1245:22822|75,>=50,True,17.5,10-25,13.291935030556488,0.000176124206967,13.292111154763454,0-1d,False,0-1d,False,0.9668097754293264,13.291959458530986,13.292135582737952,13.551338418726443,13.55151454293341,13.551338418726443,13.55151454293341,13.59293533450876,13.593111458715725
BEV2_2024-07-05_drive6.csv,BEV2,2024-07-05 13:22:53+00:00,2024-07-05 13:57:56+00:00,2024-07-05 13:22:55+00:00,6.445539199448428,6.445539199448428,0,False,True,True,0.0,False,False,1720185773000000000,1720187876000000000,1720185775000000000,train,1245:22822>1236:22808|6,2-10,True,19.0,10-25,1.247905726714467,0.0001772644242679,1.2480829911387352,0-1d,False,0-1d,False,0.9985721085197524,1.2478743806269124,1.2480516450511803,1.2485244376871651,1.248701702111433,1.2485244376871651,1.248701702111433,1.2478903841949034,1.2480676486191713
BEV2_2024-07-05_drive8.csv,BEV2,2024-07-05 19:36:11+00:00,2024-07-05 19:57:42+00:00,2024-07-05 19:36:13+00:00,5.793248048147726,5.793248048147726,0,False,True,True,0.0,False,False,1720208171000000000,1720209462000000000,1720208173000000000,train,1318:22645>1318:22645|5,2-10,True,24.5,10-25,0.9439059155748938,0.0002121522579355,0.9441180678328293,0-1d,False,0-1d,False,0.99922420480993,0.9622528146251721,0.9624649668831076,1.0133819574208753,1.0135941096788108,1.0133819574208753,1.0135941096788108,0.9438727089566095,0.9440848612145449
BEV2_2024-07-05_drive9.csv,BEV2,2024-07-05 22:01:38+00:00,2024-07-05 22:21:19+00:00,2024-07-05 22:01:40+00:00,3.675068822021731,3.675068822021731,0,False,True,True,0.0,False,False,1720216898000000000,1720218079000000000,1720216900000000000,train,1318:22645>1318:22645|3,2-10,True,22.0,10-25,0.6799032142260193,0.0002089198256936,0.6801121340517129,0-1d,False,0-1d,False,0.9991518235793044,0.6798450059071857,0.6800539257328793,0.6796316663466963,0.6798405861723898,0.6796316663466963,0.6798405861723898,0.679968134485688,0.6801770543113816
BEV2_2024-07-29_drive1.csv,BEV2,2024-07-29 12:05:00+00:00,2024-07-29 13:30:34+00:00,2024-07-29 12:05:03+00:00,63.92193041933874,63.92193041933874,0,False,True,True,0.0,False,False,1722254700000000000,1722259834000000000,1722254703000000000,train,1318:22645>1251:22818|63,>=50,True,29.5,>25,12.681933275741995,0.0004650920903836,12.68239836783238,>7d,False,>7d,False,0.9577080491132332,12.401791611518894,12.402256703609277,12.652870398687993,12.653335490778376,12.652870398687993,12.653335490778376,12.410497403417624,12.410962495508008
BEV2_2024-07-29_drive2.csv,BEV2,2024-07-29 13:51:16+00:00,2024-07-29 14:27:58+00:00,2024-07-29 13:51:19+00:00,8.58218898124717,8.58218898124717,0,False,True,True,0.0,False,False,1722261076000000000,1722263278000000000,1722261079000000000,train,1251:22818>1236:22808|8,2-10,True,31.5,>25,1.7638883199455613,0.0002990876991666,1.764187407644728,0-1d,False,0-1d,False,1.0,1.6150528659605905,1.6153519536597571,1.762632856464403,1.7629319441635696,1.762632856464403,1.7629319441635696,1.7651458370178454,1.765444924717012
BEV2_2024-07-29_drive3.csv,BEV2,2024-07-29 16:52:52+00:00,2024-07-29 17:58:00+00:00,2024-07-29 16:52:55+00:00,53.89016653960943,53.89016653960943,0,False,True,True,0.0,False,False,1722271972000000000,1722275880000000000,1722271975000000000,train,1236:22808>1317:22652|53,>=50,True,28.5,>25,10.92188072234715,0.000313596445257,10.922194318792409,0-1d,False,0-1d,False,0.9490396927016646,10.91520797185143,10.915521568296688,10.921642324733853,10.92195592117911,10.921642324733853,10.92195592117911,10.92180749861323,10.922121095058488
BEV2_2024-07-29_drive4.csv,BEV2,2024-07-29 19:56:22+00:00,2024-07-29 20:05:42+00:00,2024-07-29 19:56:23+00:00,2.336241759344654,2.336241759344654,0,True,True,True,0.0,True,False,1722282982000000000,1722283542000000000,1722282983000000000,train,1317:22652>1318:22645|2,2-10,True,23.5,10-25,0.5875136294366895,0.0004863705630486,0.5879999999997381,0-1d,False,0-1d,False,1.0,0.5454016967453553,0.5458880673084039,0.582785689619373,0.5832720601824216,0.582785689619373,0.5832720601824216,0.5675099697702498,0.5679963403332984
BEV2_2024-07-30_drive2.csv,BEV2,2024-07-30 17:03:42+00:00,2024-07-30 17:40:29+00:00,2024-07-30 17:03:45+00:00,5.883300758247566,5.883300758247566,0,False,True,True,0.0,False,False,1722359022000000000,1722361229000000000,1722359025000000000,train,1318:22645>1318:22645|5,2-10,True,33.5,>25,1.343909595720424,0.0004405974112316,1.3443501931316555,0-1d,True,0-1d,True,0.9995462794918332,1.146202733640719,1.1466433310519506,1.1934227865448024,1.193863383956034,1.1934227865448024,1.193863383956034,1.3440051649639995,1.344445762375231
BEV2_2024-07-30_drive3.csv,BEV2,2024-07-30 19:38:46+00:00,2024-07-30 19:56:07+00:00,2024-07-30 19:38:49+00:00,5.655760321194259,5.655760321194259,0,False,True,True,0.0,False,False,1722368326000000000,1722369367000000000,1722368329000000000,train,1318:22645>1318:22645|5,2-10,True,33.0,>25,0.865916739744761,0.0003580959338763,0.8662748356786373,0-1d,True,0-1d,True,0.9990366088631984,0.916263286712371,0.9166213826462473,0.8730540938725178,0.873412189806394,0.8730540938725178,0.873412189806394,0.8643568586924152,0.8647149546262914
BEV2_2024-07-31_drive2.csv,BEV2,2024-07-31 12:00:11+00:00,2024-07-31 12:12:35+00:00,2024-07-31 12:00:14+00:00,2.748883486239498,2.748883486239498,0,False,True,True,0.0,False,False,1722427211000000000,1722427955000000000,1722427214000000000,train,1313:22648>1318:22645|2,2-10,True,20.5,10-25,0.6598803432433324,0.0003325900736105,0.660212933316943,0-1d,False,0-1d,False,1.0,0.6765218677237779,0.6768544577973884,0.6684388038240011,0.6687713938976116,0.6684388038240011,0.6687713938976116,0.6600557062679782,0.6603882963415887
BEV2_2024-07-31_drive3.csv,BEV2,2024-07-31 14:03:33+00:00,2024-07-31 15:12:54+00:00,2024-07-31 14:03:36+00:00,16.410218607737733,16.410218607737733,0,False,True,True,0.0,False,False,1722434613000000000,1722438774000000000,1722434616000000000,train,1318:22645>1326:22670|16,10-50,True,27.5,>25,2.8779193569840804,0.0003527821758577,2.878272139159938,0-1d,False,0-1d,False,1.0,2.8779076986479666,2.8782604808238244,2.877848107244231,2.878200889420089,2.877848107244231,2.878200889420089,2.8023625458150274,2.802715327990885
BEV2_2024-07-31_drive4.csv,BEV2,2024-07-31 15:20:55+00:00,2024-07-31 15:54:58+00:00,2024-07-31 15:20:57+00:00,12.16812709652735,12.168197203490031,0,False,True,True,0.0,False,False,1722439255000000000,1722441298000000000,1722439257000000000,train,1326:22670>1315:22645|12,10-50,True,39.5,>25,2.681894344412362,0.0001837545767105,2.6820780989890727,0-1d,False,0-1d,False,0.9857912787849094,2.469870746707832,2.4700545012845425,2.356291346696888,2.3564751012735985,2.356291346696888,2.3564751012735985,2.5192625865732414,2.519446341149952
BEV2_2024-07-31_drive5.csv,BEV2,2024-07-31 15:58:22+00:00,2024-07-31 16:16:02+00:00,2024-07-31 15:58:25+00:00,1.6334790598044466,1.6334790598044466,0,False,True,True,0.0,False,False,1722441502000000000,1722442562000000000,1722441505000000000,train,1315:22645>1318:22645|1,<2,True,33.0,>25,0.5578693255336069,0.0003818283449104,0.5582511538785173,0-1d,False,0-1d,False,0.999053926206244,0.4114132253947157,0.4117950537396261,0.45303067721267853,0.45341250555758894,0.45303067721267853,0.45341250555758894,0.46410859159174844,0.46449041993665885
BEV2_2024-08-01_drive1.csv,BEV2,2024-08-01 06:50:36+00:00,2024-08-01 07:10:34+00:00,2024-08-01 06:50:39+00:00,2.158314066038112,2.158314066038112,0,False,True,True,0.0,False,False,1722495036000000000,1722496234000000000,1722495039000000000,train,1318:22645>1313:22648|2,2-10,True,20.0,10-25,0.3838663580544866,0.0003924506026404,0.3842588086571271,0-1d,False,0-1d,False,1.0,0.3765395209496234,0.3769319715522638,0.3838585417563147,0.3842509923589551,0.3838585417563147,0.3842509923589551,0.3848329147117404,0.38522536531438084
BEV2_2024-08-01_drive2.csv,BEV2,2024-08-01 10:52:37+00:00,2024-08-01 11:10:04+00:00,2024-08-01 10:52:40+00:00,2.746285130261209,2.746285130261209,0,False,True,True,0.0,False,False,1722509557000000000,1722510604000000000,1722509560000000000,train,1313:22648>1318:22645|2,2-10,True,20.5,10-25,0.8579613398302847,0.000276573848361,0.8582379136786457,0-1d,True,0-1d,True,0.9990421455938696,0.722661140487407,0.722937714335768,0.753732794605266,0.754009368453627,0.753732794605266,0.754009368453627,0.7548266178416857,0.7551031916900467
BEV2_2024-08-01_drive3.csv,BEV2,2024-08-01 15:43:13+00:00,2024-08-01 16:15:37+00:00,2024-08-01 15:43:16+00:00,5.713345486537786,5.713456681617752,0,False,True,True,0.0,False,False,1722526993000000000,1722528937000000000,1722526996000000000,train,1318:22645>1316:22650|5,2-10,True,24.5,10-25,1.21388210145379,0.0003411904309157,1.2142232918847056,0-1d,False,0-1d,False,1.0,1.161751945498866,1.1620931359297817,1.1520826853541208,1.1524238757850365,1.1520826853541208,1.1524238757850365,1.213895902873587,1.2142370933045026
BEV2_2024-08-01_drive4.csv,BEV2,2024-08-01 16:38:01+00:00,2024-08-01 16:57:47+00:00,2024-08-01 16:38:04+00:00,1.9271759705249176,1.9271759705249176,0,False,True,True,0.0,False,False,1722530281000000000,1722531467000000000,1722530284000000000,train,1316:22650>1318:22645|1,<2,True,27.5,>25,0.6179002776796781,0.0003483309229404,0.6182486086026185,0-1d,False,0-1d,False,0.9991546914623838,0.6179768576345228,0.6183251885574632,0.5923537474468734,0.5927020783698138,0.5923537474468734,0.5927020783698138,0.6077096390388298,0.6080579699617702
BEV2_2024-08-01_drive5.csv,BEV2,2024-08-01 20:12:20+00:00,2024-08-01 20:46:32+00:00,2024-08-01 20:12:23+00:00,6.51589940417809,6.51589940417809,0,False,True,True,0.0,False,False,1722543140000000000,1722545192000000000,1722543143000000000,train,1318:22645>1318:22645|6,2-10,True,24.0,10-25,1.2039806307474927,0.0003431691046625,1.2043237998521552,0-1d,False,0-1d,False,1.0,1.1793033161705626,1.179646485275225,1.2038037145062512,1.2041468836109137,1.2038037145062512,1.2041468836109137,1.2040453102946973,1.2043884793993598
BEV2_2024-08-02_drive1.csv,BEV2,2024-08-02 06:37:23+00:00,2024-08-02 06:45:16+00:00,2024-08-02 06:37:26+00:00,2.073475738870698,2.073475738870698,0,False,True,True,0.0,False,False,1722580643000000000,1722581116000000000,1722580646000000000,train,1318:22645>1318:22651|2,2-10,True,19.5,10-25,0.2898412532412085,0.0004297081008249,0.2902709613420334,0-1d,False,0-1d,False,1.0,0.32666622848583243,0.3270959365866573,0.2899335796040441,0.29036328770486897,0.2899335796040441,0.29036328770486897,0.28919581475373135,0.2896255228545562
BEV2_2024-08-02_drive2.csv,BEV2,2024-08-02 07:31:11+00:00,2024-08-02 07:42:17+00:00,2024-08-02 07:31:12+00:00,2.671979679806542,2.671979679806542,0,True,True,True,0.0,True,False,1722583871000000000,1722584537000000000,1722583872000000000,train,1318:22651>1318:22645|2,2-10,True,20.5,10-25,0.5477277980436953,0.0003400208624652,0.5480678189061605,0-1d,False,0-1d,False,1.0,0.5481503739121221,0.5484903947745873,0.5482535658580365,0.5485935867205017,0.5482535658580365,0.5485935867205017,0.547712297110942,0.5480523179734073
BEV2_2024-08-02_drive3.csv,BEV2,2024-08-02 08:03:43+00:00,2024-08-02 08:19:03+00:00,2024-08-02 08:03:47+00:00,1.17921133952197,1.1793904254858585,0,False,True,True,0.0,False,False,1722585823000000000,1722586743000000000,1722585827000000000,train,1318:22645>1315:22648|1,<2,True,23.5,10-25,0.1658651229131051,0.0004445948123425,0.1663097177254476,0-1d,False,0-1d,False,0.9989082969432316,0.16594208729897103,0.16638668211131352,0.16655063587508906,0.16699523068743155,0.16655063587508906,0.16699523068743155,0.1658226269939993,0.1662672218063418
BEV2_2024-08-02_drive4.csv,BEV2,2024-08-02 09:07:42+00:00,2024-08-02 09:47:15+00:00,2024-08-02 09:07:46+00:00,5.08328717612331,5.083620761363915,0,False,True,True,0.0,False,False,1722589662000000000,1722592035000000000,1722589666000000000,train,1315:22648>1318:22645|5,2-10,True,22.0,10-25,1.3178807572486213,0.0004779148769457,1.318358672125567,0-1d,False,0-1d,False,1.0,1.1314189190034594,1.131896833880405,1.1761602912038405,1.176638206080786,1.1761602912038405,1.176638206080786,1.2413872580872207,1.2418651729641663
BEV2_2024-08-02_drive5.csv,BEV2,2024-08-02 11:38:44+00:00,2024-08-02 13:07:48+00:00,2024-08-02 11:38:45+00:00,52.008011898537504,52.008011898537504,0,False,True,True,0.0,False,False,1722598724000000000,1722604068000000000,1722598725000000000,train,1318:22645>1236:22808|52,>=50,True,29.0,>25,10.345958175061837,8.768724511110616e-05,10.346045862306946,0-1d,False,0-1d,False,0.9689313119970054,10.341310636289696,10.341398323534808,10.357205180045348,10.35729286729046,10.357205180045348,10.35729286729046,10.347500050273824,10.347587737518936
BEV2_2024-08-02_drive8.csv,BEV2,2024-08-02 20:21:51+00:00,2024-08-02 20:24:54+00:00,2024-08-02 20:21:55+00:00,0.0429072731045614,0.0429072731045614,1,False,False,True,0.0,False,False,1722630111000000000,1722630294000000000,1722630115000000000,train,964:22878>964:22878|0,<2,True,23.5,10-25,0.0878537675521686,0.0006097050817872,0.0884634726339558,0-1d,False,0-1d,False,0.9832402234636872,0.087772922512694,0.0883826275944812,0.08554705156860126,0.08615675665038847,0.08554705156860126,0.08615675665038847,0.08090498080490698,0.08151468588669418
BEV2_2024-08-03_drive1.csv,BEV2,2024-08-03 07:10:36+00:00,2024-08-03 07:22:48+00:00,2024-08-03 07:10:37+00:00,2.3156159712969804,2.3156159712969804,0,False,True,True,0.0,False,False,1722669036000000000,1722669768000000000,1722669037000000000,train,964:22878>967:22882|2,2-10,True,21.0,10-25,0.3658925886722199,0.0001074113277654,0.3659999999999854,0-1d,False,0-1d,False,0.9958960328317372,0.3919546254050798,0.39206203673284523,0.36934586330690566,0.3694532746346711,0.36934586330690566,0.3694532746346711,0.4050992416809498,0.4052066530087152
BEV2_2024-08-03_drive2.csv,BEV2,2024-08-03 07:29:27+00:00,2024-08-03 07:50:41+00:00,2024-08-03 07:29:30+00:00,2.328639217124379,2.328639217124379,0,False,True,True,0.0,False,False,1722670167000000000,1722671441000000000,1722670170000000000,train,967:22882>964:22878|2,2-10,True,22.5,10-25,0.4059235752655844,0.0003114552525011,0.4062350305180855,0-1d,False,0-1d,False,0.999213217938631,0.40421627110372926,0.40452772635623035,0.4031382697867449,0.403449725039246,0.4031382697867449,0.403449725039246,0.4235072416930331,0.4238186969455342
BEV2_2024-08-03_drive3.csv,BEV2,2024-08-03 09:41:38+00:00,2024-08-03 10:19:33+00:00,2024-08-03 09:41:42+00:00,8.005494938656284,8.005494938656284,0,False,True,True,0.0,False,False,1722678098000000000,1722680373000000000,1722678102000000000,train,964:22878>946:22868|8,2-10,True,22.0,10-25,1.5178954752735432,0.0004324182306232,1.5183278935041664,0-1d,False,0-1d,False,0.9995596653456628,1.5167804887806458,1.517212907011269,1.5086043538935903,1.5090367721242135,1.5086043538935903,1.5090367721242135,1.5179481805491721,1.5183805987797954
BEV2_2024-08-03_drive4.csv,BEV2,2024-08-03 12:22:42+00:00,2024-08-03 12:55:20+00:00,2024-08-03 12:22:46+00:00,8.137769484348638,8.137769484348638,0,False,True,True,0.0,False,False,1722687762000000000,1722689720000000000,1722687766000000000,train,946:22868>964:22878|8,2-10,True,21.5,10-25,1.3459144900468696,0.0004644538887314,1.346378943935601,0-1d,False,0-1d,False,1.0,1.34640938533443,1.3468738392231616,1.3459579432460949,1.3464223971348264,1.3459579432460949,1.3464223971348264,1.3914285891489009,1.3918930430376324
BEV2_2024-08-04_drive1.csv,BEV2,2024-08-04 12:05:15+00:00,2024-08-04 12:35:21+00:00,2024-08-04 12:05:19+00:00,3.8351192527230418,3.8351192527230418,0,False,True,True,0.0,False,False,1722773115000000000,1722774921000000000,1722773119000000000,train,964:22878>954:22879|3,2-10,True,21.0,10-25,0.901849974141009,0.0006246038019409,0.9024745779429498,0-1d,False,0-1d,False,1.0,0.9018787782025125,0.9025033820044533,0.8427667862112868,0.8433913900132276,0.8427667862112868,0.8433913900132276,0.8732227335354602,0.873847337337401
BEV2_2024-08-04_drive2.csv,BEV2,2024-08-04 15:50:42+00:00,2024-08-04 16:09:56+00:00,2024-08-04 15:50:43+00:00,3.8140216540496543,3.8140216540496543,0,False,True,True,0.0,False,False,1722786642000000000,1722787796000000000,1722786643000000000,train,954:22879>964:22878|3,2-10,True,22.0,10-25,0.7179063218536593,9.367814709735878e-05,0.7180000000007567,0-1d,False,0-1d,False,0.9982653946227232,0.7248718009763414,0.7249654791234388,0.7209647982278793,0.7210584763749767,0.7209647982278793,0.7210584763749767,0.717764818025621,0.7178584961727184
BEV2_2024-08-04_drive4.csv,BEV2,2024-08-04 17:46:03+00:00,2024-08-04 17:56:56+00:00,2024-08-04 17:46:07+00:00,0.9127698368045536,0.9127698368045536,0,False,True,True,0.0,False,False,1722793563000000000,1722794216000000000,1722793567000000000,train,963:22879>964:22878|0,<2,True,28.0,>25,0.1998493466848253,0.0004982153816203,0.2003475620664456,0-1d,False,0-1d,False,1.0,0.2106395252840183,0.2111377406656386,0.19985522147903462,0.2003534368606549,0.19985522147903462,0.2003534368606549,0.19976881739020505,0.20026703277182534
BEV2_2024-08-05_drive1.csv,BEV2,2024-08-05 06:58:08+00:00,2024-08-05 07:50:02+00:00,2024-08-05 06:58:12+00:00,60.70529935795883,60.70550993501199,0,False,True,True,0.0,False,False,1722841088000000000,1722844202000000000,1722841092000000000,train,1318:22645>1552:22706|60,>=50,True,17.5,10-25,12.819768354645705,0.000894784648998,12.820663139294703,0-1d,False,0-1d,False,0.9141479099678456,12.842799397455824,12.843694182104823,12.836480032591291,12.83737481724029,12.836480032591291,12.83737481724029,12.952391729197974,12.953286513846972
BEV2_2024-08-05_drive2.csv,BEV2,2024-08-05 15:21:36+00:00,2024-08-05 16:32:18+00:00,2024-08-05 15:21:38+00:00,55.62059235248788,55.62059235248788,0,False,True,True,0.0,False,False,1722871296000000000,1722875538000000000,1722871298000000000,train,1552:22706>1318:22645|55,>=50,True,25.0,10-25,12.799731862682412,0.0006185117098727,12.800350374392284,0-1d,False,0-1d,False,0.9346698113207548,12.797576996000977,12.79819550771085,12.469383216235288,12.47000172794516,12.469383216235288,12.47000172794516,12.741738026174955,12.742356537884827
BEV2_2024-08-05_drive3.csv,BEV2,2024-08-05 17:56:12+00:00,2024-08-05 18:25:10+00:00,2024-08-05 17:56:14+00:00,13.492449688036972,13.492449688036972,0,False,True,True,0.0,False,False,1722880572000000000,1722882310000000000,1722880574000000000,train,1318:22645>1318:22645|13,10-50,True,28.3,>25,1.8939353902571123,0.0001859332364009,1.8941213234935133,0-1d,False,0-1d,False,0.9988479262672812,2.3044372033275016,2.3046231365639023,2.2493672121275146,2.2495531453639153,2.2493672121275146,2.2495531453639153,2.003570189865081,2.0037561231014815
BEV2_2024-08-06_drive1.csv,BEV2,2024-08-06 06:41:51+00:00,2024-08-06 07:02:26+00:00,2024-08-06 06:41:53+00:00,2.1758226119723627,2.1759541080779696,0,False,True,True,0.0,False,False,1722926511000000000,1722927746000000000,1722926513000000000,train,1318:22645>1313:22648|2,2-10,True,19.0,10-25,0.3458861740801878,0.0002117953229049,0.3460979694030927,0-1d,False,0-1d,False,1.0,0.35359863333896735,0.35381042866187223,0.3462818456466701,0.34649364096957497,0.3462818456466701,0.34649364096957497,0.34542668809690996,0.34563848341981485
BEV2_2024-08-06_drive2.csv,BEV2,2024-08-06 12:36:10+00:00,2024-08-06 12:54:01+00:00,2024-08-06 12:36:12+00:00,2.753195465021015,2.753195465021015,0,False,True,True,0.0,False,False,1722947770000000000,1722948841000000000,1722947772000000000,train,1313:22648>1318:22645|2,2-10,True,20.0,10-25,0.7559265020704855,0.0002182481689444,0.75614475023943,0-1d,False,0-1d,False,0.999064546304958,0.7557333093991471,0.7559515575680915,0.7560223440401385,0.7562405922090829,0.7560223440401385,0.7562405922090829,0.7559220679275511,0.7561403160964956
BEV2_2024-08-06_drive3.csv,BEV2,2024-08-06 14:24:11+00:00,2024-08-06 15:00:42+00:00,2024-08-06 14:24:12+00:00,4.944603521971615,4.944603521971615,0,False,True,True,0.0,False,False,1722954251000000000,1722956442000000000,1722954252000000000,train,1318:22645>1317:22659|4,2-10,True,31.5,>25,0.8799534981130298,7.97223959670107e-05,0.8800332205089968,0-1d,False,0-1d,False,1.0,0.8865263582744689,0.8866060806704359,0.8790663020955892,0.8791460244915562,0.8790663020955892,0.8791460244915562,0.8799687620076976,0.8800484844036646
BEV2_2024-08-06_drive4.csv,BEV2,2024-08-06 16:15:45+00:00,2024-08-06 16:34:06+00:00,2024-08-06 16:15:47+00:00,4.810989779973622,4.81105992500048,0,False,True,True,0.0,False,False,1722960945000000000,1722962046000000000,1722960947000000000,train,1317:22659>1318:22645|4,2-10,True,30.0,>25,0.9879397418756448,0.000203473643754,0.9881432155193988,0-1d,False,0-1d,False,1.0,0.9882925682380138,0.9884960418817678,0.9878267395318063,0.9880302131755603,0.9878267395318063,0.9880302131755603,0.9876930463084886,0.9878965199522426
BEV2_2024-08-06_drive5.csv,BEV2,2024-08-06 16:51:37+00:00,2024-08-06 17:11:44+00:00,2024-08-06 16:51:39+00:00,6.569934088893436,6.569934088893436,0,False,True,True,0.0,False,False,1722963097000000000,1722964304000000000,1722963099000000000,train,1318:22645>1318:22645|6,2-10,True,29.0,>25,1.0399228766398596,0.0001820250743919,1.0401049017142514,0-1d,False,0-1d,False,1.0,1.0386864539482452,1.038868479022637,1.038685960833852,1.0388679859082437,1.038685960833852,1.0388679859082437,1.0398903365903678,1.0400723616647596
BEV2_2024-08-07_drive1.csv,BEV2,2024-08-07 06:03:39+00:00,2024-08-07 06:45:01+00:00,2024-08-07 06:03:41+00:00,34.82211744387949,34.82211744387949,0,False,True,True,0.0,False,False,1723010619000000000,1723013101000000000,1723010621000000000,train,1318:22645>1451:22628|34,10-50,True,18.5,10-25,5.941869724659375,0.0002461869998194,5.942115911659195,0-1d,False,0-1d,False,0.9737903225806452,5.944232341866385,5.944478528866205,6.122984413182317,6.123230600182136,6.122984413182317,6.123230600182136,5.796450867799035,5.796697054798855
BEV2_2024-08-07_drive2.csv,BEV2,2024-08-07 07:01:46+00:00,2024-08-07 07:17:06+00:00,2024-08-07 07:01:48+00:00,4.316369365048928,4.316369365048928,0,False,True,True,0.0,False,False,1723014106000000000,1723015026000000000,1723014108000000000,train,1451:22628>1460:22625|4,2-10,True,23.0,10-25,0.6938924836820043,0.0002597874230546,0.6941522711050588,0-1d,False,0-1d,False,1.0,0.6676317613820846,0.6678915488051391,0.6937391137890855,0.69399890121214,0.6937391137890855,0.69399890121214,0.6930615435143218,0.6933213309373764
BEV2_2024-08-07_drive3.csv,BEV2,2024-08-07 07:21:06+00:00,2024-08-07 07:49:09+00:00,2024-08-07 07:21:08+00:00,10.380091785527792,10.380091785527792,0,False,True,True,0.0,False,False,1723015266000000000,1723016949000000000,1723015268000000000,train,1460:22625>1451:22628|10,10-50,True,23.0,10-25,1.6059120065149273,0.0001999179123749,1.606111924427302,0-1d,False,0-1d,False,0.9994051160023796,1.6029534940214578,1.6031534119338327,1.6043093292622626,1.6045092471746374,1.6043093292622626,1.6045092471746374,1.6058785424929538,1.6060784604053286
BEV2_2024-08-07_drive4.csv,BEV2,2024-08-07 10:13:24+00:00,2024-08-07 10:28:44+00:00,2024-08-07 10:13:26+00:00,3.082419045795876,3.082419045795876,0,False,True,True,0.0,False,False,1723025604000000000,1723026524000000000,1723025606000000000,train,1451:22628>1455:22625|3,2-10,True,19.0,10-25,0.5839140646464452,0.0002140345123423,0.5841280991587875,0-1d,False,0-1d,False,1.0,0.5839842148728652,0.5841982493852075,0.5857213805043371,0.5859354150166793,0.5857213805043371,0.5859354150166793,0.584512678948241,0.5847267134605832
BEV2_2024-08-07_drive5.csv,BEV2,2024-08-07 10:51:59+00:00,2024-08-07 11:24:07+00:00,2024-08-07 10:52:01+00:00,2.529316013903192,2.529316013903192,0,False,True,True,0.0,False,False,1723027919000000000,1723029847000000000,1723027921000000000,train,1455:22625>1451:22628|2,2-10,True,18.5,10-25,0.8899216295554238,0.0002105169313238,0.8901321464867475,0-1d,False,0-1d,False,1.0,0.5592534277211855,0.5594639446525093,0.609796832102692,0.6100073490340158,0.609796832102692,0.6100073490340158,0.7415435180342458,0.7417540349655696
BEV2_2024-08-07_drive6.csv,BEV2,2024-08-07 14:39:39+00:00,2024-08-07 15:23:51+00:00,2024-08-07 14:39:41+00:00,33.58538476890048,33.58538476890048,0,False,True,True,0.0,False,False,1723041579000000000,1723044231000000000,1723041581000000000,train,1451:22628>1318:22645|33,10-50,True,24.0,10-25,6.147911494352837,0.0002251261738656,6.148136620526702,0-1d,False,0-1d,False,0.9735849056603774,6.14754465766914,6.147769783843006,6.146379266570083,6.146604392743948,6.146379266570083,6.146604392743948,6.029100531538335,6.0293256577122
BEV2_2024-08-07_drive7.csv,BEV2,2024-08-07 16:21:33+00:00,2024-08-07 16:50:06+00:00,2024-08-07 16:21:34+00:00,5.445771951651432,5.445771951651432,0,False,True,True,0.0,False,False,1723047693000000000,1723049406000000000,1723047694000000000,train,1318:22645>1318:22645|5,2-10,True,24.5,10-25,1.107923741822895,0.0001012513918565,1.1080249932147517,0-1d,False,0-1d,False,0.9994158878504672,1.098858153771873,1.0989594051637295,1.0358582081986967,1.0359594595905532,1.0358582081986967,1.0359594595905532,1.1078242744326248,1.1079255258244813
BEV2_2024-08-07_drive8.csv,BEV2,2024-08-07 18:59:15+00:00,2024-08-07 19:14:28+00:00,2024-08-07 18:59:17+00:00,3.6731631841506425,3.673342270093293,0,False,True,True,0.0,False,False,1723057155000000000,1723058068000000000,1723057157000000000,train,1318:22645>1318:22645|3,2-10,True,23.5,10-25,0.6018966051708685,0.0001945159455694,0.6020911211164379,0-1d,False,0-1d,False,1.0,0.6574506349114624,0.6576451508570318,0.6286266797479885,0.6288211956935579,0.6286266797479885,0.6288211956935579,0.6019961143122392,0.6021906302578086
BEV2_2024-08-07_drive9.csv,BEV2,2024-08-07 20:02:00+00:00,2024-08-07 20:23:21+00:00,2024-08-07 20:02:03+00:00,5.662599717148559,5.662599717148559,0,False,True,True,0.0,False,False,1723060920000000000,1723062201000000000,1723060923000000000,train,1318:22645>1318:22645|5,2-10,True,22.0,10-25,0.8618560116269623,0.0003425053861861,0.8621985170131484,0-1d,True,0-1d,True,0.9992175273865416,0.9469706749943358,0.9473131803805219,0.8741667878839819,0.874509293270168,0.8741667878839819,0.874509293270168,0.9399236068551322,0.9402661122413183
BEV2_2024-08-08_drive1.csv,BEV2,2024-08-08 06:50:55+00:00,2024-08-08 06:52:48+00:00,2024-08-08 06:50:57+00:00,0.0528221873839798,0.0528221873839798,1,False,False,False,0.0,False,False,1723099855000000000,1723099968000000000,1723099857000000000,train,1318:22645>1318:22645|0,<2,True,17.5,10-25,0.0658264075964773,0.0003130023230879,0.0661394099195652,0-1d,False,0-1d,False,0.972972972972973,0.06620535225461369,0.06651835457770158,0.0353916938429282,0.035704696166016105,0.0353916938429282,0.035704696166016105,0.06578412796927954,0.06609713029236744
BEV2_2024-08-08_drive2.csv,BEV2,2024-08-08 09:03:24+00:00,2024-08-08 09:23:24+00:00,2024-08-08 09:03:25+00:00,6.381992589057493,6.381992589057493,0,True,True,True,0.0,True,False,1723107804000000000,1723109004000000000,1723107805000000000,train,1318:22645>1318:22645|6,2-10,True,23.0,10-25,1.0239288116580616,0.0001039289643958,1.0240327406224574,0-1d,True,0-1d,True,0.999165971643036,1.038815666314381,1.0389195952787769,1.0244479095359211,1.024551838500317,1.0244479095359211,1.024551838500317,1.023937426329861,1.0240413552942569
BEV2_2024-08-08_drive3.csv,BEV2,2024-08-08 17:25:46+00:00,2024-08-08 17:44:08+00:00,2024-08-08 17:25:48+00:00,2.5354624089351847,2.5355326005983896,0,False,True,True,0.0,False,False,1723137946000000000,1723139048000000000,1723137948000000000,train,1318:22645>1317:22652|2,2-10,True,25.0,10-25,0.4499563583920221,0.0002149515976212,0.4501713099896433,0-1d,False,0-1d,False,1.0,0.4499557309158778,0.450170682513499,0.44991643498005,0.4501313865776712,0.44991643498005,0.4501313865776712,0.4642433614315777,0.4644583130291989
BEV2_2024-08-08_drive4.csv,BEV2,2024-08-08 19:44:38+00:00,2024-08-08 19:52:13+00:00,2024-08-08 19:44:40+00:00,2.5385531047534715,2.5385531047534715,0,False,True,True,0.0,False,False,1723146278000000000,1723146733000000000,1723146280000000000,train,1317:22652>1318:22645|2,2-10,True,26.0,>25,0.5298923905305952,0.0002065905119932,0.5300989810425885,0-1d,False,0-1d,False,1.0,0.5301721317498019,0.5303787222617952,0.5293444085914448,0.5295509991034381,0.5293444085914448,0.5295509991034381,0.5298486411865921,0.5300552316985854
BEV2_2024-08-09_drive2.csv,BEV2,2024-08-09 13:52:46+00:00,2024-08-09 14:10:17+00:00,2024-08-09 13:52:48+00:00,2.824624078301115,2.824624078301115,0,False,True,True,0.0,False,False,1723211566000000000,1723212617000000000,1723211568000000000,train,1313:22648>1318:22645|2,2-10,True,20.88888888888889,10-25,0.7819048594778737,0.0002318408024383,0.782136700280312,0-1d,False,0-1d,False,0.9990467111534796,0.772644218300281,0.7728760591027193,0.7565669474495084,0.7567987882519467,0.7565669474495084,0.7567987882519467,0.7808108350725331,0.7810426758749714
BEV2_2024-08-09_drive3.csv,BEV2,2024-08-09 14:26:57+00:00,2024-08-09 15:01:13+00:00,2024-08-09 14:26:59+00:00,6.1923875203899446,6.1923875203899446,0,False,True,True,0.0,False,False,1723213617000000000,1723215673000000000,1723213619000000000,train,1318:22645>1323:22652|6,2-10,True,24.0,10-25,1.1318928007008708,0.0002017131854622,1.132094513886333,0-1d,False,0-1d,False,1.0,1.1322205919309771,1.1324223051164393,1.128126836623105,1.1283285498085671,1.128126836623105,1.1283285498085671,1.1319600887479255,1.1321618019333877
BEV2_2024-08-09_drive4.csv,BEV2,2024-08-09 15:08:54+00:00,2024-08-09 15:29:57+00:00,2024-08-09 15:08:57+00:00,4.16564178137169,4.16564178137169,0,False,True,True,0.0,False,False,1723216134000000000,1723217397000000000,1723216137000000000,train,1323:22652>1318:22645|4,2-10,True,27.5,>25,0.939761798037664,0.0003430040176588,0.9401048020553228,0-1d,False,0-1d,False,1.0,0.9407688586028382,0.9411118626204971,0.9412484395808175,0.9415914435984764,0.9412484395808175,0.9415914435984764,0.9308744844532695,0.9312174884709283
BEV2_2024-08-09_drive5.csv,BEV2,2024-08-09 17:11:33+00:00,2024-08-09 17:29:53+00:00,2024-08-09 17:11:35+00:00,2.557030421153724,2.557030421153724,0,False,True,True,0.0,False,False,1723223493000000000,1723224593000000000,1723223495000000000,train,1318:22645>1317:22652|2,2-10,True,25.5,>25,0.481889973570872,0.0002104398302812,0.4821004134011532,0-1d,True,0-1d,True,1.0,0.48184801944021205,0.48205845927049323,0.4815113911193349,0.48172183094961607,0.4815113911193349,0.48172183094961607,0.48186879418274997,0.48207923401303115
BEV2_2024-08-09_drive6.csv,BEV2,2024-08-09 19:42:59+00:00,2024-08-09 19:58:19+00:00,2024-08-09 19:43:01+00:00,2.658923926941299,2.658923926941299,0,False,True,True,0.0,False,False,1723232579000000000,1723233499000000000,1723232581000000000,train,1317:22652>1318:22645|2,2-10,True,26.0,>25,0.5959085804541455,0.0002224581849974,0.596131038639143,0-1d,True,0-1d,True,1.0,0.6232991280360322,0.6235215862210296,0.6234262236693747,0.6236486818543722,0.6234262236693747,0.6236486818543722,0.6380769022794854,0.6382993604644829
BEV2_2024-08-09_drive7.csv,BEV2,2024-08-09 21:17:17+00:00,2024-08-09 21:37:35+00:00,2024-08-09 21:17:18+00:00,1.8708876525962623,1.8708876525962623,0,False,True,True,0.0,False,False,1723238237000000000,1723239455000000000,1723238238000000000,train,1318:22645>1316:22651|1,<2,True,20.0,10-25,0.2919282864245278,9.721726736189663e-05,0.2920255036918897,0-1d,False,0-1d,False,1.0,0.29200986846560856,0.29210708573297045,0.2951618009131185,0.2952590181804804,0.2951618009131185,0.2952590181804804,0.291863992631799,0.2919612098991609
BEV2_2024-08-09_drive8.csv,BEV2,2024-08-09 21:43:36+00:00,2024-08-09 21:58:56+00:00,2024-08-09 21:43:38+00:00,1.921702815810613,1.9217729896253808,0,False,True,True,0.0,False,False,1723239816000000000,1723240736000000000,1723239818000000000,train,1316:22651>1318:22645|1,<2,True,21.5,10-25,0.5119281500394119,0.0001910723155517,0.5121192223549637,0-1d,False,0-1d,False,0.9989106753812635,0.5013788280105876,0.5015699003261394,0.5119129098049101,0.5121039821204618,0.5119129098049101,0.5121039821204618,0.5118531894338096,0.5120442617493614
BEV2_2024-08-10_drive1.csv,BEV2,2024-08-10 12:06:06+00:00,2024-08-10 14:06:35+00:00,2024-08-10 12:06:08+00:00,64.945913811871,64.945913811871,0,False,True,True,0.0,False,False,1723291566000000000,1723298795000000000,1723291568000000000,train,1318:22645>1236:22808|64,>=50,True,26.5,>25,12.905931112081944,0.0002585325619756,12.90618964464392,0-1d,False,0-1d,False,0.9781375397813754,12.73288735311964,12.733145885681616,12.876752423012292,12.877010955574267,12.876752423012292,12.877010955574267,12.82679235347778,12.827050886039755
BEV2_2024-08-10_drive2.csv,BEV2,2024-08-10 15:16:32+00:00,2024-08-10 16:24:35+00:00,2024-08-10 15:16:34+00:00,50.954021841641385,50.95437004878755,0,False,True,True,0.0,False,False,1723302992000000000,1723307075000000000,1723302994000000000,train,1236:22808>1318:22645|50,>=50,True,32.0,>25,10.487947043255758,0.0001862719872372,10.488133315242996,0-1d,False,0-1d,False,0.9556481254594462,10.687862181619762,10.688048453607,10.687690706194125,10.687876978181363,10.687690706194125,10.687876978181363,10.500049650172095,10.500235922159332
BEV2_2024-08-11_drive1.csv,BEV2,2024-08-11 07:18:42+00:00,2024-08-11 07:48:28+00:00,2024-08-11 07:18:44+00:00,29.9729923918906,29.9729923918906,0,False,True,True,0.0,False,False,1723360722000000000,1723362508000000000,1723360724000000000,train,1318:22645>1394:22700|29,10-50,True,20.428571428571427,10-25,6.489876292354821,0.000237347471522,6.490113639826343,0-1d,False,0-1d,False,0.9288116591928252,5.750783246734628,5.75102059420615,5.773259526041792,5.773496873513314,5.773259526041792,5.773496873513314,6.479152534183133,6.479389881654655
BEV2_2024-08-11_drive2.csv,BEV2,2024-08-11 09:25:25+00:00,2024-08-11 09:58:45+00:00,2024-08-11 09:25:27+00:00,25.712399987643742,25.712399987643742,0,False,True,True,0.0,False,False,1723368325000000000,1723370325000000000,1723368327000000000,train,1394:22700>1315:22649|25,10-50,True,24.428571428571427,10-25,5.1258788370978445,0.000216916230244,5.126095753328088,0-1d,False,0-1d,False,0.9569569569569568,5.127395530955596,5.1276124471858395,5.126016574567211,5.126233490797454,5.126016574567211,5.126233490797454,5.125572914103154,5.125789830333398
BEV2_2024-08-11_drive3.csv,BEV2,2024-08-11 10:45:52+00:00,2024-08-11 11:26:12+00:00,2024-08-11 10:45:53+00:00,4.358009938413873,4.358009938413873,0,True,True,True,0.0,True,False,1723373152000000000,1723375572000000000,1723373153000000000,train,1315:22649>1318:22645|4,2-10,True,30.0,>25,1.3690474475421897,0.0009525524567916,1.3699999999989814,0-1d,False,0-1d,False,1.0,1.0374389003799818,1.0383914528367735,1.1034022201193259,1.1043547725761176,1.1034022201193259,1.1043547725761176,1.1307468568668808,1.1316994093236725
BEV2_2024-08-11_drive4.csv,BEV2,2024-08-11 12:13:41+00:00,2024-08-11 12:40:50+00:00,2024-08-11 12:13:42+00:00,5.4161060230813245,5.4161060230813245,0,False,True,True,0.0,False,False,1723378421000000000,1723380050000000000,1723378422000000000,train,1318:22645>1318:22645|5,2-10,True,31.5,>25,1.2779390502501349,7.812572815471033e-05,1.2780171759782897,0-1d,False,0-1d,False,1.0,1.1119637659087642,1.112041891636919,1.1517823706510433,1.151860496379198,1.1517823706510433,1.151860496379198,1.2095243855087332,1.209602511236888
BEV2_2024-08-12_drive2.csv,BEV2,2024-08-12 18:27:38+00:00,2024-08-12 18:42:53+00:00,2024-08-12 18:27:39+00:00,3.689779530300165,3.689779530300165,0,False,True,True,0.0,False,False,1723487258000000000,1723488173000000000,1723487259000000000,train,1318:22645>1318:22645|3,2-10,True,34.0,>25,0.7378668030320668,0.0001605702917375,0.7380273733238043,1-7d,False,1-7d,False,0.99890590809628,0.7375433848469615,0.737703955138699,0.7379397036058031,0.7381002738975406,0.7379397036058031,0.7381002738975406,0.7378970204860191,0.7380575907777567
BEV2_2024-08-13_drive1.csv,BEV2,2024-08-13 05:53:42+00:00,2024-08-13 06:01:14+00:00,2024-08-13 05:53:44+00:00,2.0489930227464743,2.0489930227464743,0,False,True,True,0.0,False,False,1723528422000000000,1723528874000000000,1723528424000000000,train,1318:22645>1313:22648|2,2-10,True,22.5,10-25,0.2798741565125437,0.0002413628609418,0.2801155193734855,0-1d,False,0-1d,False,1.0,0.28017371329079865,0.28041507615174044,0.2811343636823568,0.28137572654329857,0.2811343636823568,0.28137572654329857,0.2798006359551447,0.2800419988160865
BEV2_2024-08-13_drive2.csv,BEV2,2024-08-13 09:32:33+00:00,2024-08-13 09:47:53+00:00,2024-08-13 09:32:35+00:00,2.730249944167637,2.730249944167637,0,False,True,True,0.0,False,False,1723541553000000000,1723542473000000000,1723541555000000000,train,1313:22648>1318:22645|2,2-10,True,26.0,>25,0.6979151363900894,0.0002100501189976,0.698125186509087,0-1d,False,0-1d,False,1.0,0.6980965710464346,0.6983066211654322,0.702450861552215,0.7026609116712126,0.702450861552215,0.7026609116712126,0.710322217317626,0.7105322674366236
BEV2_2024-08-13_drive3.csv,BEV2,2024-08-13 10:36:10+00:00,2024-08-13 10:55:31+00:00,2024-08-13 10:36:12+00:00,2.107684737615689,2.107684737615689,0,False,True,True,0.0,False,False,1723545370000000000,1723546531000000000,1723545372000000000,train,1318:22645>1313:22648|2,2-10,True,30.5,>25,0.5179204031048833,0.0002047080125833,0.5181251111174666,0-1d,True,0-1d,True,0.999137187230371,0.4592333099650884,0.4594380179776717,0.45223972382045285,0.4524444318330362,0.45223972382045285,0.4524444318330362,0.4894952297132125,0.48969993772579584
BEV2_2024-08-13_drive4.csv,BEV2,2024-08-13 14:37:10+00:00,2024-08-13 14:51:39+00:00,2024-08-13 14:37:12+00:00,2.748126308310729,2.748126308310729,0,False,True,True,0.0,False,False,1723559830000000000,1723560699000000000,1723559832000000000,train,1313:22648>1318:22645|2,2-10,True,25.0,10-25,0.7479057354509409,0.0002085786975555,0.7481143141484964,0-1d,True,0-1d,True,1.0,0.7477558577220046,0.7479644364195601,0.747906536623331,0.7481151153208865,0.747906536623331,0.7481151153208865,0.7479749052941163,0.7481834839916718
BEV2_2024-08-13_drive5.csv,BEV2,2024-08-13 15:01:12+00:00,2024-08-13 15:47:28+00:00,2024-08-13 15:01:14+00:00,6.281028055889271,6.281098247624725,0,False,True,True,0.0,False,False,1723561272000000000,1723564048000000000,1723561274000000000,train,1318:22645>1317:22659|6,2-10,True,31.5,>25,1.2139352993314223,0.0001762110950308,1.214111510426453,0-1d,False,0-1d,False,1.0,1.2135720532901049,1.2137482643851356,1.2128031747924415,1.2129793858874722,1.2128031747924415,1.2129793858874722,1.2138449402479539,1.2140211513429846
BEV2_2024-08-13_drive6.csv,BEV2,2024-08-13 16:12:45+00:00,2024-08-13 16:28:05+00:00,2024-08-13 16:12:47+00:00,4.62889711655918,4.62889711655918,0,False,True,True,0.0,False,False,1723565565000000000,1723566485000000000,1723565567000000000,train,1317:22659>1318:22645|4,2-10,True,33.5,>25,0.9379286036648544,0.0001909798037624,0.9381195834686168,0-1d,False,0-1d,False,1.0,0.9402159407394548,0.9404069205432172,0.9383853239685523,0.9385763037723147,0.9383853239685523,0.9385763037723147,0.9379616843287738,0.9381526641325362
BEV2_2024-08-13_drive7.csv,BEV2,2024-08-13 16:43:40+00:00,2024-08-13 16:59:19+00:00,2024-08-13 16:43:42+00:00,5.434028635547497,5.434028635547497,0,False,True,True,0.0,False,False,1723567420000000000,1723568359000000000,1723567422000000000,train,1318:22645>1318:22645|5,2-10,True,32.5,>25,0.9498669374422906,0.0002510744414452,0.9501180118837358,0-1d,True,0-1d,True,0.9989327641408752,0.9706485326508233,0.9708996070922685,0.952469532548532,0.9527206069899772,0.952469532548532,0.9527206069899772,0.9501966629335821,0.9504477373750273
BEV2_2024-08-13_drive8.csv,BEV2,2024-08-13 18:00:03+00:00,2024-08-13 18:16:57+00:00,2024-08-13 18:00:05+00:00,5.42449596920898,5.42449596920898,0,False,True,True,0.0,False,False,1723572003000000000,1723573017000000000,1723572005000000000,train,1318:22645>1318:22645|5,2-10,True,33.0,>25,0.9678970015108748,0.0001944734230424,0.9680914749339172,0-1d,True,0-1d,True,1.0,0.9658267264520436,0.966021199875086,0.9677009402214811,0.9678954136445235,0.9677009402214811,0.9678954136445235,0.9680222420940192,0.9682167155170616
BEV2_2024-08-14_drive1.csv,BEV2,2024-08-14 08:47:06+00:00,2024-08-14 09:21:18+00:00,2024-08-14 08:47:08+00:00,10.966529715962317,10.966529715962317,0,False,True,True,0.0,False,False,1723625226000000000,1723627278000000000,1723625228000000000,train,1318:22645>1355:22637|10,10-50,True,20.0,10-25,2.1918991926361744,0.0002533584306249,2.1921525510667994,0-1d,False,0-1d,False,0.9868292682926828,2.192644232425439,2.192897590856064,2.1939924301069795,2.1942457885376045,2.1939924301069795,2.1942457885376045,2.190542245306778,2.1907956037374032
BEV2_2024-08-14_drive2.csv,BEV2,2024-08-14 09:31:01+00:00,2024-08-14 09:51:00+00:00,2024-08-14 09:31:03+00:00,1.9053395190267224,1.9053395190267224,0,False,True,True,0.0,False,False,1723627861000000000,1723629060000000000,1723627863000000000,train,1355:22637>1353:22633|1,<2,True,24.0,10-25,0.5098951604635655,0.0002010158956898,0.5100961763592553,0-1d,False,0-1d,False,1.0,0.5098768084111953,0.5100778243068851,0.509993785266142,0.5101948011618318,0.509993785266142,0.5101948011618318,0.5222225579614254,0.5224235738571151
BEV2_2024-08-14_drive3.csv,BEV2,2024-08-14 10:13:10+00:00,2024-08-14 10:50:29+00:00,2024-08-14 10:13:12+00:00,12.010230733119997,12.010230733119997,0,False,True,True,0.0,False,False,1723630390000000000,1723632629000000000,1723630392000000000,train,1353:22633>1318:22645|12,10-50,True,22.5,10-25,2.561679952714141,0.0006401809352591,2.5623201336494,0-1d,False,0-1d,False,0.9870362092087618,2.394079191340118,2.394719372275377,2.479264206415876,2.479904387351135,2.479264206415876,2.479904387351135,2.5611729211859093,2.5618131021211683
BEV2_2024-08-14_drive5.csv,BEV2,2024-08-14 17:22:37+00:00,2024-08-14 17:45:35+00:00,2024-08-14 17:22:39+00:00,5.659151812610179,5.659151812610179,0,False,True,True,0.0,False,False,1723656157000000000,1723657535000000000,1723656159000000000,train,1318:22645>1318:22645|5,2-10,True,28.0,>25,1.1398909691581969,0.0002567846433657,1.1401477538015623,0-1d,True,0-1d,True,1.0,1.1398029188188434,1.140059703462209,1.139720723163168,1.1399775078065337,1.139720723163168,1.1399775078065337,1.1398756448665346,1.1401324295099002
BEV2_2024-08-14_drive6.csv,BEV2,2024-08-14 20:11:02+00:00,2024-08-14 20:21:59+00:00,2024-08-14 20:11:04+00:00,1.818880728460122,1.8189509208157104,0,False,True,True,0.0,False,False,1723666262000000000,1723666919000000000,1723666264000000000,train,1318:22645>1316:22651|1,<2,True,23.0,10-25,0.1999034416476725,0.0002120621528425,0.200115503800515,0-1d,False,0-1d,False,0.998473282442748,0.2274851468491961,0.2276972090020386,0.23874866832268615,0.23896073047552865,0.23874866832268615,0.23896073047552865,0.29626986066788397,0.29648192282072644
BEV2_2024-08-14_drive7.csv,BEV2,2024-08-14 20:26:23+00:00,2024-08-14 20:36:15+00:00,2024-08-14 20:26:25+00:00,2.490409425716986,2.490409425716986,0,False,True,True,0.0,False,False,1723667183000000000,1723667775000000000,1723667185000000000,train,1316:22651>1318:22645|2,2-10,True,24.5,10-25,0.6039060885993807,0.0001808603946232,0.6040869489940038,0-1d,False,0-1d,False,1.0,0.6039157106305186,0.6040965710251418,0.6048987452028955,0.6050796055975187,0.6048987452028955,0.6050796055975187,0.6039157437671144,0.6040966041617376
BEV2_2024-08-15_drive1.csv,BEV2,2024-08-15 07:35:22+00:00,2024-08-15 07:54:09+00:00,2024-08-15 07:35:24+00:00,0.146016293842419,0.146016293842419,0,False,True,True,0.0,False,False,1723707322000000000,1723708449000000000,1723707324000000000,train,1318:22645>1318:22646|0,<2,True,20.0,10-25,0.1418940675162819,0.0001987239211251,0.142092791437407,0-1d,False,0-1d,False,1.0,0.1410140299870935,0.1412127539082186,0.14188730222519086,0.14208602614631596,0.14188730222519086,0.14208602614631596,0.14189324034537185,0.14209196426649695
BEV2_2024-08-15_drive10.csv,BEV2,2024-08-15 16:51:27+00:00,2024-08-15 17:03:27+00:00,2024-08-15 16:51:29+00:00,7.630724084105584,7.630724084105584,0,False,True,True,0.0,False,False,1723740687000000000,1723741407000000000,1723740689000000000,train,1393:22619>1424:22622|7,2-10,True,30.5,>25,0.7358801951006586,0.0002651708580044,0.736145365958663,0-1d,False,0-1d,False,0.9944289693593314,1.4569725838122234,1.4572377546702278,1.5574767460181804,1.5577419168761848,1.5574767460181804,1.5577419168761848,0.8607244921743825,0.8609896630323869
BEV2_2024-08-15_drive11.csv,BEV2,2024-08-15 17:10:22+00:00,2024-08-15 18:20:06+00:00,2024-08-15 17:10:25+00:00,45.86752893179989,45.86950225616378,0,False,True,True,0.0,False,False,1723741822000000000,1723746006000000000,1723741825000000000,train,1424:22622>1318:22645|45,10-50,True,30.5,>25,7.949894115264622,0.0002875421939822,7.950181657458605,0-1d,False,0-1d,False,0.986127720640995,8.215755629780933,8.216043171974915,8.253621485471328,8.25390902766531,8.253621485471328,8.25390902766531,7.984113051533814,7.984400593727797
BEV2_2024-08-15_drive2.csv,BEV2,2024-08-15 19:10:25+00:00,2024-08-15 19:21:18+00:00,2024-08-15 19:10:27+00:00,3.513943798441141,3.513943798441141,0,False,True,True,0.0,False,False,1723749025000000000,1723749678000000000,1723749027000000000,train,1318:22645>1313:22647|3,2-10,True,25.5,>25,0.5118932555255363,0.0002008811954474,0.5120941367209837,0-1d,False,0-1d,False,1.0,0.5144929701861394,0.5146938513815867,0.5122658635587884,0.5124667447542358,0.5122658635587884,0.5124667447542358,0.5108892837023264,0.5110901648977738
BEV2_2024-08-15_drive3.csv,BEV2,2024-08-15 22:15:17+00:00,2024-08-15 22:35:03+00:00,2024-08-15 22:15:18+00:00,4.211390054808039,4.211390054808039,0,True,True,True,0.0,True,False,1723760117000000000,1723761303000000000,1723760118000000000,train,1313:22647>1318:22645|4,2-10,True,19.0,10-25,0.9197178714212398,0.0003271080129722,0.920044979434212,0-1d,False,0-1d,False,1.0,0.9197355209276016,0.9200626289405738,0.9199350423847483,0.9202621503977205,0.9199350423847483,0.9202621503977205,0.9211351472081526,0.9214622552211248
BEV2_2024-08-15_drive4.csv,BEV2,2024-08-15 09:57:35+00:00,2024-08-15 10:31:15+00:00,2024-08-15 09:57:37+00:00,3.440752906364437,3.440752906364437,0,False,True,True,0.0,False,False,1723715855000000000,1723717875000000000,1723715857000000000,train,1318:22646>1318:22645|3,2-10,True,26.5,>25,0.9178787128222068,0.0002286514500448,0.9181073642722516,0-1d,False,0-1d,False,1.0,0.8586862525312271,0.8589149039812719,0.8477029459915786,0.8479315974416234,0.8477029459915786,0.8479315974416234,0.9136689531301382,0.913897604580183
BEV2_2024-08-15_drive5.csv,BEV2,2024-08-15 11:05:22+00:00,2024-08-15 11:39:45+00:00,2024-08-15 11:05:24+00:00,4.848238056533055,4.848238056533055,0,False,True,True,0.0,False,False,1723719922000000000,1723721985000000000,1723719924000000000,train,1318:22645>1318:22645|4,2-10,True,27.0,>25,1.0719265703823269,0.0001696160483207,1.0720961864306475,0-1d,False,0-1d,False,0.9995147986414362,1.0228571299816183,1.023026746029939,1.0525608857595767,1.0527305018078974,1.0525608857595767,1.0527305018078974,1.0778967120043605,1.0780663280526812
BEV2_2024-08-15_drive6.csv,BEV2,2024-08-15 12:10:07+00:00,2024-08-15 13:15:34+00:00,2024-08-15 12:10:09+00:00,48.79088107774495,48.79088107774495,0,False,True,True,0.0,False,False,1723723807000000000,1723727734000000000,1723723809000000000,train,1318:22645>1245:22822|48,10-50,True,28.5,>25,10.845929381048055,0.0001637993412591,10.846093180389316,0-1d,False,0-1d,False,0.9235668789808916,10.495380638330197,10.495544437671455,10.675531642351078,10.675695441692337,10.675531642351078,10.675695441692337,10.850499053803906,10.850662853145165
BEV2_2024-08-15_drive7.csv,BEV2,2024-08-15 13:28:04+00:00,2024-08-15 13:57:05+00:00,2024-08-15 13:28:06+00:00,7.366607407376499,7.366607407376499,0,False,True,True,0.0,False,False,1723728484000000000,1723730225000000000,1723728486000000000,train,1245:22822>1236:22808|7,2-10,True,27.5,>25,1.1639071918914323,0.0001966098848916,1.164103801776324,0-1d,False,0-1d,False,0.9994249568717654,1.231053415976649,1.2312500258615406,1.1915430173941357,1.1917396272790273,1.1915430173941357,1.1917396272790273,1.1907576309087893,1.1909542407936808
BEV2_2024-08-15_drive8.csv,BEV2,2024-08-15 15:04:12+00:00,2024-08-15 15:28:57+00:00,2024-08-15 15:04:14+00:00,12.665274716061464,12.665274716061464,0,False,True,True,0.0,False,False,1723734252000000000,1723735737000000000,1723734254000000000,train,1236:22808>1243:22752|12,10-50,True,30.5,>25,2.6898877374038106,0.0002469885875093,2.69013472599132,0-1d,False,0-1d,False,0.9730276466621712,2.6901823699188583,2.6904293585063677,2.6886550551093853,2.6889020436968947,2.6886550551093853,2.6889020436968947,2.689555984300763,2.6898029728882724
BEV2_2024-08-15_drive9.csv,BEV2,2024-08-15 15:31:53+00:00,2024-08-15 16:31:51+00:00,2024-08-15 15:31:55+00:00,55.5196337642422,55.51970359487368,0,False,True,True,0.0,False,False,1723735913000000000,1723739511000000000,1723735915000000000,train,1243:22752>1393:22619|55,>=50,True,30.0,>25,11.779915247020648,0.0001862374118812,11.78010148443253,0-1d,False,0-1d,False,0.9399332591768632,11.781823880783364,11.782010118195245,11.778096700448732,11.778282937860613,11.778096700448732,11.778282937860613,11.774930358067056,11.775116595478938
BEV2_2024-08-16_drive1.csv,BEV2,2024-08-16 05:59:38+00:00,2024-08-16 06:41:43+00:00,2024-08-16 05:59:40+00:00,34.92564745446701,34.92564745446701,0,False,True,True,0.0,False,False,1723787978000000000,1723790503000000000,1723787980000000000,train,1318:22645>1451:22628|34,10-50,True,19.5,10-25,5.421884368284211,0.0002234591319737,5.422107827416184,0-1d,False,0-1d,False,0.9750297265160524,5.873603860782209,5.873827319914183,6.259159552235095,6.259383011367069,6.259159552235095,6.259383011367069,5.616021036202617,5.61624449533459
BEV2_2024-08-16_drive2.csv,BEV2,2024-08-16 07:08:08+00:00,2024-08-16 07:40:25+00:00,2024-08-16 07:08:10+00:00,20.09170248502359,20.09170248502359,0,False,True,True,0.0,False,False,1723792088000000000,1723794025000000000,1723792090000000000,train,1451:22628>1496:22677|20,10-50,True,23.0,10-25,2.8839322367058515,0.0001960133641342,2.8841282500699856,0-1d,False,0-1d,False,0.9974160206718348,3.070861604361861,3.071057617725995,3.1046965122776546,3.1048925256417887,3.1046965122776546,3.1048925256417887,2.8806916921951276,2.8808877055592617
BEV2_2024-08-16_drive3.csv,BEV2,2024-08-16 09:24:50+00:00,2024-08-16 09:36:18+00:00,2024-08-16 09:24:52+00:00,1.7821447536477222,1.7821447536477222,0,False,True,True,0.0,False,False,1723800290000000000,1723800978000000000,1723800292000000000,train,1496:22677>1494:22672|1,<2,True,27.0,>25,0.4899265544024437,0.0001745188684029,0.4901010732708466,0-1d,False,0-1d,False,0.998542274052478,0.4905559890959594,0.4907305079643623,0.4836642111624473,0.4838387300308502,0.4836642111624473,0.4838387300308502,0.44242337326589554,0.44259789213429845
BEV2_2024-08-16_drive4.csv,BEV2,2024-08-16 09:56:31+00:00,2024-08-16 10:13:53+00:00,2024-08-16 09:56:33+00:00,7.3983393581160115,7.3983393581160115,0,False,True,True,0.0,False,False,1723802191000000000,1723803233000000000,1723802193000000000,train,1494:22672>1493:22686|7,2-10,True,22.0,10-25,1.1999608454889257,0.0002032858266336,1.200164131315559,0-1d,False,0-1d,False,0.989423076923077,1.2003216818959395,1.200524967722573,1.2001162901193223,1.200319575945956,1.2001162901193223,1.200319575945956,1.1999753463958267,1.2001786322224604
BEV2_2024-08-16_drive5.csv,BEV2,2024-08-16 12:45:32+00:00,2024-08-16 13:17:50+00:00,2024-08-16 12:45:34+00:00,22.330497448488096,22.330497448488096,1,False,True,True,0.0,False,False,1723812332000000000,1723814270000000000,1723812334000000000,train,1493:22686>1451:22628|22,10-50,True,22.714285714285715,10-25,4.375903426619988,0.0001824806908437,4.376085907310832,0-1d,False,0-1d,False,0.9803719008264464,4.367153190070852,4.367335670761695,4.264214496319025,4.264396977009868,4.264214496319025,4.264396977009868,4.1994658460675955,4.199648326758439
BEV2_2024-08-16_drive6.csv,BEV2,2024-08-16 19:36:56+00:00,2024-08-16 20:18:22+00:00,2024-08-16 19:36:58+00:00,35.39123109737704,35.39123109737704,2,True,False,True,0.0,True,False,1723837016000000000,1723839502000000000,1723837018000000000,train,1451:22628>1318:22645|35,10-50,True,22.5,10-25,5.695899494739201,0.0001914359607242,5.696090930699926,0-1d,False,0-1d,False,0.964170692431562,6.301296251230426,6.30148768719115,6.3922956260910135,6.392487062051738,6.3922956260910135,6.392487062051738,6.028400487798308,6.028591923759032
BEV2_2024-08-16_drive7.csv,BEV2,2024-08-16 23:24:57+00:00,2024-08-17 01:57:55+00:00,2024-08-16 23:25:00+00:00,109.91912827124638,109.91912827124638,0,False,True,True,0.0,False,False,1723850697000000000,1723859875000000000,1723850700000000000,train,1318:22645>1318:22645|109,>=50,True,20.0,10-25,25.447864282698376,0.0003503515304852,25.44821463422886,0-1d,False,0-1d,False,0.9604359673024524,22.01138396380351,22.011734315333996,22.030760459690327,22.031110811220813,22.030760459690327,22.031110811220813,22.31941761764199,22.319767969172474
BEV2_2024-08-17_drive1.csv,BEV2,2024-08-17 10:38:08+00:00,2024-08-17 10:44:08+00:00,2024-08-17 10:38:09+00:00,0.0873792282600241,0.0873792282600241,0,False,True,True,0.0,False,False,1723891088000000000,1723891448000000000,1723891089000000000,train,1318:22645>1318:22645|0,<2,True,24.5,10-25,0.1399883068711679,5.5199688347217575e-05,0.1400435065595151,0-1d,False,0-1d,False,1.0,0.09939044810767272,0.09944564779601994,0.13905301514168728,0.1391082148300345,0.13905301514168728,0.1391082148300345,0.140204480960862,0.1402596806492092
BEV2_2024-08-17_drive2.csv,BEV2,2024-08-17 11:53:59+00:00,2024-08-17 12:36:34+00:00,2024-08-17 11:54:02+00:00,3.7281066314184512,3.7281066314184512,0,False,True,True,0.0,False,False,1723895639000000000,1723898194000000000,1723895642000000000,train,1318:22645>1313:22648|3,2-10,True,25.5,>25,0.8499002890605241,0.0002691757370878,0.8501694647976119,0-1d,False,0-1d,False,1.0,0.7735139426000612,0.7737831183371491,0.7696411001080045,0.7699102758450923,0.7696411001080045,0.7699102758450923,0.8508484559545262,0.851117631691614
BEV2_2024-08-17_drive4.csv,BEV2,2024-08-17 16:15:14+00:00,2024-08-17 16:33:55+00:00,2024-08-17 16:15:17+00:00,2.0081605951041133,2.0081605951041133,0,False,True,True,0.0,False,False,1723911314000000000,1723912435000000000,1723911317000000000,train,1316:22650>1318:22645|2,2-10,True,26.5,>25,0.5938992739228289,0.0003143194582945,0.5942135933811235,0-1d,False,0-1d,False,0.9991055456171736,0.5938644792864426,0.5941787987447371,0.5945321930857532,0.5948465125440477,0.5945321930857532,0.5948465125440477,0.5941069292231702,0.5944212486814647
BEV2_2024-08-17_drive5.csv,BEV2,2024-08-17 17:00:04+00:00,2024-08-17 17:17:12+00:00,2024-08-17 17:00:07+00:00,3.662241743293646,3.6623119349342734,0,False,True,True,0.0,False,False,1723914004000000000,1723915032000000000,1723914007000000000,train,1318:22645>1318:22645|3,2-10,True,27.5,>25,0.673886437294714,0.0002965414909068,0.6741829787856208,0-1d,False,0-1d,False,1.0,0.68128922528145,0.6815857667723568,0.6766910141173437,0.6769875556082505,0.6766910141173437,0.6769875556082505,0.6791446202902174,0.6794411617811242
BEV2_2024-08-17_drive6.csv,BEV2,2024-08-17 18:04:51+00:00,2024-08-17 18:27:37+00:00,2024-08-17 18:04:54+00:00,6.914188445506328,6.914188445506328,0,False,True,True,0.0,False,False,1723917891000000000,1723919257000000000,1723917894000000000,train,1318:22645>1313:22647|6,2-10,True,27.2,>25,0.9338833290984184,0.0003156529973392,0.9341989820957576,0-1d,False,0-1d,False,1.0,1.1191113824817083,1.1194270354790474,0.9883962615556696,0.9887119145530088,0.9883962615556696,0.9887119145530088,0.9678154371143776,0.9681310901117167
BEV2_2024-08-17_drive7.csv,BEV2,2024-08-17 23:54:31+00:00,2024-08-18 00:05:21+00:00,2024-08-17 23:54:34+00:00,2.633986158720068,2.6341176514240487,0,False,True,True,0.0,False,False,1723938871000000000,1723939521000000000,1723938874000000000,train,1313:22647>1318:22645|2,2-10,True,22.0,10-25,0.6158905371765554,0.0003356193665575,0.6162261565431129,0-1d,False,0-1d,False,0.9984544049459042,0.6253266991977704,0.6256623185643279,0.6154046603848964,0.6157402797514538,0.6154046603848964,0.6157402797514538,0.615105731472555,0.6154413508391124
BEV2_2024-08-18_drive1.csv,BEV2,2024-08-18 07:29:59+00:00,2024-08-18 07:50:15+00:00,2024-08-18 07:30:02+00:00,5.197558455405632,5.197558455405632,0,False,True,True,0.0,False,False,1723966199000000000,1723967415000000000,1723966202000000000,train,1318:22645>1313:22647|5,2-10,True,19.5,10-25,0.7618649513079662,0.0003742594052038,0.7622392107131699,0-1d,False,0-1d,False,1.0,0.8198297076982931,0.8202039671034969,0.8039122097655335,0.8042864691707372,0.8039122097655335,0.8042864691707372,0.7615704791113256,0.7619447385165293
BEV2_2024-08-18_drive2.csv,BEV2,2024-08-18 10:52:42+00:00,2024-08-18 11:25:51+00:00,2024-08-18 10:52:45+00:00,7.958084254364477,7.958263330598863,0,False,True,True,0.0,False,False,1723978362000000000,1723980351000000000,1723978365000000000,train,1313:22647>1318:22645|7,2-10,True,22.0,10-25,1.505920901245953,0.0002906085021162,1.506211509748069,0-1d,False,0-1d,False,1.0,1.5059187921490385,1.5062094006511546,1.5063195381102974,1.5066101466124135,1.5063195381102974,1.5066101466124135,1.506285734919868,1.506576343421984
BEV2_2024-08-18_drive3.csv,BEV2,2024-08-18 12:13:26+00:00,2024-08-18 12:31:56+00:00,2024-08-18 12:13:29+00:00,2.092674780473174,2.092674780473174,0,False,True,True,0.0,False,False,1723983206000000000,1723984316000000000,1723983209000000000,train,1318:22645>1313:22648|2,2-10,True,26.5,>25,0.4099293670526052,0.0002672080857084,0.4101965751383136,0-1d,False,0-1d,False,0.999096657633243,0.4100263012556539,0.41029350934136233,0.4035095227076708,0.4037767307933792,0.4035095227076708,0.4037767307933792,0.41004398472513576,0.41031119281084416
BEV2_2024-08-18_drive4.csv,BEV2,2024-08-18 13:08:01+00:00,2024-08-18 14:17:07+00:00,2024-08-18 13:08:04+00:00,50.36701734048691,50.36701734048691,0,False,True,True,0.0,False,False,1723986481000000000,1723990627000000000,1723986484000000000,train,1313:22648>1236:22808|50,>=50,True,26.5,>25,10.081910141302425,0.000284020399412,10.082194161701835,0-1d,False,0-1d,False,0.9604151580979966,10.070384356673786,10.070668377073199,10.075688453433543,10.075972473832955,10.075688453433543,10.075972473832955,10.044421763489654,10.044705783889066
BEV2_2024-08-18_drive5.csv,BEV2,2024-08-18 15:06:48+00:00,2024-08-18 16:03:33+00:00,2024-08-18 15:06:51+00:00,45.10218573231303,45.10218573231303,0,False,True,True,0.0,False,False,1723993608000000000,1723997013000000000,1723993611000000000,train,1236:22808>1313:22647|45,10-50,True,28.5,>25,9.833906544999351,0.0003218315890975,9.83422837658845,0-1d,False,0-1d,False,0.921222810111699,9.821255234453067,9.821577066042165,9.821960295758766,9.822282127347863,9.821960295758766,9.822282127347863,9.738865192532543,9.739187024121641
BEV2_2024-08-18_drive6.csv,BEV2,2024-08-18 16:26:23+00:00,2024-08-18 16:43:21+00:00,2024-08-18 16:26:26+00:00,4.419912915982604,4.419912915982604,0,False,True,True,0.0,False,False,1723998383000000000,1723999401000000000,1723998386000000000,train,1313:22647>1318:22645|4,2-10,True,25.5,>25,0.9839651073408242,0.0002700784638974,0.9842351858047216,0-1d,False,0-1d,False,0.9990147783251232,0.9838870985846512,0.9841571770485485,0.9905948478724738,0.9908649263363711,0.9905948478724738,0.9908649263363711,0.961209948628575,0.9614800270924724
BEV2_2024-08-18_drive7.csv,BEV2,2024-08-18 18:03:29+00:00,2024-08-18 18:19:13+00:00,2024-08-18 18:03:32+00:00,3.5431220899966203,3.543355294702298,0,False,True,True,0.0,False,False,1724004209000000000,1724005153000000000,1724004212000000000,train,1318:22645>1313:22647|3,2-10,True,24.5,10-25,0.5698764687896757,0.0003278612931361,0.5702043300828118,0-1d,False,0-1d,False,1.0,0.5644519005999059,0.564779761893042,0.5493448497891038,0.5496727110822399,0.5493448497891038,0.5496727110822399,0.56973292057502,0.5700607818681561
BEV2_2024-08-18_drive8.csv,BEV2,2024-08-18 23:32:54+00:00,2024-08-18 23:43:43+00:00,2024-08-18 23:32:57+00:00,3.256415088750246,3.256415088750246,0,False,True,True,0.0,False,False,1724023974000000000,1724024623000000000,1724023977000000000,train,1313:22647>1318:22645|3,2-10,True,19.0,10-25,0.7338871904474584,0.0003409402590634,0.7342281307065218,0-1d,False,0-1d,False,1.0,0.733808733495233,0.7341496737542964,0.7317283437970843,0.7320692840561477,0.7317283437970843,0.7320692840561477,0.7337705717075578,0.7341115119666212
BEV2_2024-08-19_drive1.csv,BEV2,2024-08-19 09:02:56+00:00,2024-08-19 09:20:06+00:00,2024-08-19 09:02:59+00:00,1.9490865814960256,1.9490865814960256,0,False,True,True,0.0,False,False,1724058176000000000,1724059206000000000,1724058179000000000,train,1318:22645>1315:22645|1,<2,True,22.5,10-25,0.3118767801691319,0.0003510224757718,0.3122278026449037,0-1d,False,0-1d,False,1.0,0.31186808631479446,0.31221910879056625,0.31226683718757076,0.31261785966334255,0.31226683718757076,0.31261785966334255,0.34360521207477634,0.34395623455054813
BEV2_2024-08-19_drive2.csv,BEV2,2024-08-19 09:24:23+00:00,2024-08-19 09:52:53+00:00,2024-08-19 09:24:24+00:00,7.048786401718493,7.048786401718493,0,False,True,True,0.0,False,False,1724059463000000000,1724061173000000000,1724059464000000000,train,1315:22645>1318:22645|7,2-10,True,21.5,10-25,1.2839283459909276,9.170679547302e-05,1.2840200527864007,0-1d,False,0-1d,False,0.9988297249853716,1.2846200203361073,1.2847117271315804,1.2840259823229714,1.2841176891184445,1.2840259823229714,1.2841176891184445,1.2838566454793503,1.2839483522748234
BEV2_2024-08-19_drive4.csv,BEV2,2024-08-19 14:56:57+00:00,2024-08-19 15:36:36+00:00,2024-08-19 14:57:00+00:00,27.531876228156367,27.53205524913288,0,False,True,True,0.0,False,False,1724079417000000000,1724081796000000000,1724079420000000000,train,1227:22658>1318:22646|27,10-50,True,26.0,>25,4.5818940887063695,0.0003298526133456,4.582223941319715,0-1d,False,0-1d,False,0.9755892255892256,4.7936025898672385,4.7939324424805845,4.742005074416457,4.742334927029803,4.742005074416457,4.742334927029803,4.802316364533938,4.802646217147284
BEV2_2024-08-19_drive5.csv,BEV2,2024-08-19 16:19:58+00:00,2024-08-19 16:39:21+00:00,2024-08-19 16:20:01+00:00,4.600782722569065,4.600923105070631,0,False,True,True,0.0,False,False,1724084398000000000,1724085561000000000,1724084401000000000,train,1318:22646>1318:22646|4,2-10,True,24.5,10-25,0.8698621307012062,0.0003355020750808,0.870197632776287,0-1d,False,0-1d,False,1.0,0.8697976899545675,0.8701331920296483,0.8671094088129908,0.8674449108880716,0.8671094088129908,0.8674449108880716,0.8702944488810755,0.8706299509561564
BEV2_2024-08-19_drive6.csv,BEV2,2024-08-19 17:33:22+00:00,2024-08-19 17:54:43+00:00,2024-08-19 17:33:25+00:00,8.651994307764124,8.651994307764124,0,False,True,True,0.0,False,False,1724088802000000000,1724090083000000000,1724088805000000000,train,1318:22646>1313:22659|8,2-10,True,24.0,10-25,1.2518947696934626,0.0002902849834414,1.252185054676904,0-1d,False,0-1d,False,0.9992175273865416,1.3543864872048081,1.3546767721882496,1.325314505487232,1.3256047904706734,1.325314505487232,1.3256047904706734,1.251270345959852,1.2515606309432934
BEV2_2024-08-19_drive7.csv,BEV2,2024-08-19 18:36:27+00:00,2024-08-19 18:47:45+00:00,2024-08-19 18:36:28+00:00,4.232725050914092,4.232836245994058,0,False,True,True,0.0,False,False,1724092587000000000,1724093265000000000,1724092588000000000,train,1313:22659>1313:22647|4,2-10,True,21.0,10-25,0.5894790177917276,0.0005864207350833,0.5900654385268109,0-1d,False,0-1d,False,1.0,0.59079447482282,0.5913808955579033,0.6803296404753951,0.6809160612104784,0.6803296404753951,0.6809160612104784,0.6172063985002263,0.6177928192353096
BEV2_2024-08-19_drive8.csv,BEV2,2024-08-19 21:46:16+00:00,2024-08-19 21:58:04+00:00,2024-08-19 21:46:19+00:00,2.6769374284694782,2.677007613822756,0,False,True,True,0.0,False,False,1724103976000000000,1724104684000000000,1724103979000000000,train,1313:22647>1318:22645|2,2-10,True,22.5,10-25,0.6659087724278896,0.0003359649504149,0.6662447373783045,0-1d,False,0-1d,False,0.998581560283688,0.6659137045982789,0.6662496695486938,0.6657989816698004,0.6661349466202153,0.6657989816698004,0.6661349466202153,0.6653649561571953,0.6657009211076101
BEV2_2024-08-20_drive1.csv,BEV2,2024-08-20 05:59:10+00:00,2024-08-20 06:10:01+00:00,2024-08-20 05:59:13+00:00,2.1204255399871506,2.1205367350671165,0,False,True,True,0.0,False,False,1724133550000000000,1724134201000000000,1724133553000000000,train,1318:22645>1313:22647|2,2-10,True,16.0,10-25,0.3198770563147858,0.0003697382303316,0.3202467945451174,0-1d,False,0-1d,False,1.0,0.3197473243179202,0.3201170625482518,0.31986432689709665,0.32023406512742825,0.31986432689709665,0.32023406512742825,0.31989598639505923,0.3202657246253908
BEV2_2024-08-20_drive3.csv,BEV2,2024-08-20 10:34:57+00:00,2024-08-20 10:52:47+00:00,2024-08-20 10:35:00+00:00,3.735424347865321,3.735424347865321,0,False,True,True,0.0,False,False,1724150097000000000,1724151167000000000,1724150100000000000,train,1318:22645>1313:22648|3,2-10,True,24.5,10-25,0.6479176437126039,0.0003025758641247,0.6482202195767286,0-1d,False,0-1d,False,0.999062792877226,0.6466844150501394,0.6469869909142641,0.6477008278204762,0.648003403684601,0.6477008278204762,0.648003403684601,0.6482228665566663,0.648525442420791
BEV2_2024-08-20_drive4.csv,BEV2,2024-08-20 15:46:23+00:00,2024-08-20 15:59:17+00:00,2024-08-20 15:46:25+00:00,2.7858291330722342,2.7858291330722342,0,False,True,True,0.0,False,False,1724168783000000000,1724169557000000000,1724168785000000000,train,1313:22648>1318:22645|2,2-10,True,22.0,10-25,0.6978957629570914,0.000201607368235,0.6980973703253265,0-1d,False,0-1d,False,0.9987046632124352,0.6979438823743606,0.6981454897425956,0.6983991359182935,0.6986007432865285,0.6983991359182935,0.6986007432865285,0.7091728220786525,0.7093744294468876
BEV2_2024-08-20_drive5.csv,BEV2,2024-08-20 16:35:40+00:00,2024-08-20 16:53:29+00:00,2024-08-20 16:35:43+00:00,5.436534765981667,5.436534765981667,0,False,True,True,0.0,False,False,1724171740000000000,1724172809000000000,1724171743000000000,train,1318:22645>1318:22645|5,2-10,True,20.0,10-25,0.957887209505868,0.0003058722142629,0.9581930817201308,0-1d,False,0-1d,False,1.0,0.9931992814673464,0.9935051536816093,0.9584921354761087,0.9587980076903716,0.9584921354761087,0.9587980076903716,0.9600683004005335,0.9603741726147964
BEV2_2024-08-20_drive6.csv,BEV2,2024-08-20 20:26:45+00:00,2024-08-20 20:51:56+00:00,2024-08-20 20:26:46+00:00,4.153490752178934,4.153490752178934,0,False,True,True,0.0,False,False,1724185605000000000,1724187116000000000,1724185606000000000,train,1318:22645>1318:22646|4,2-10,True,17.5,10-25,0.9159405021614822,9.166361367581556e-05,0.916032165775158,0-1d,False,0-1d,False,0.9993377483443708,0.9161510115341205,0.9162426751477963,0.9159961485927172,0.916087812206393,0.9159961485927172,0.916087812206393,0.9166465070128573,0.9167381706265332
BEV2_2024-08-21_drive1.csv,BEV2,2024-08-21 05:45:48+00:00,2024-08-21 05:57:04+00:00,2024-08-21 05:45:51+00:00,2.017324158137336,2.017324158137336,0,False,True,True,0.0,False,False,1724219148000000000,1724219824000000000,1724219151000000000,train,1318:22646>1313:22647|2,2-10,True,13.0,10-25,0.4038674225907537,0.0003831915623976,0.4042506141531513,0-1d,False,0-1d,False,1.0,0.4046227661463235,0.40500595770872105,0.4041161541108486,0.4044993456732462,0.4041161541108486,0.4044993456732462,0.40387704733298346,0.40426023889538104
BEV2_2024-08-21_drive2.csv,BEV2,2024-08-21 06:08:55+00:00,2024-08-21 09:17:38+00:00,2024-08-21 06:08:58+00:00,128.0059394123156,128.0059394123156,0,False,True,True,0.0,False,False,1724220535000000000,1724231858000000000,1724220538000000000,train,1313:22647>940:22541|128,>=50,True,14.0,10-25,27.183849017577305,0.000369215391808,27.184218232969112,0-1d,False,0-1d,False,0.97226148409894,26.371300485860438,26.371669701252245,26.195710802795706,26.196080018187512,26.195710802795706,26.196080018187512,26.059952063945904,26.06032127933771
BEV2_2024-08-22_drive1.csv,BEV2,2024-08-22 11:45:10+00:00,2024-08-22 13:30:16+00:00,2024-08-22 11:45:13+00:00,103.60682686827153,103.60682686827153,0,False,True,True,0.0,False,False,1724327110000000000,1724333416000000000,1724327113000000000,train,940:22541>1318:22645|103,>=50,True,23.0,10-25,21.19987736837689,0.000374415454188,21.20025178383108,1-7d,False,1-7d,False,0.9401872124385212,21.199339839053494,21.199714254507683,21.18270667175568,21.183081087209867,21.18270667175568,21.183081087209867,21.19979449067314,21.200168906127328
BEV2_2024-08-22_drive2.csv,BEV2,2024-08-22 13:52:41+00:00,2024-08-22 14:13:42+00:00,2024-08-22 13:52:44+00:00,4.210517521599348,4.210517521599348,0,False,True,True,0.0,False,False,1724334761000000000,1724336022000000000,1724334764000000000,train,1318:22645>1318:22645|4,2-10,True,26.0,>25,0.9398999559342456,0.0003074724222472,0.9402074283564926,0-1d,False,0-1d,False,0.9992050874403816,0.9399249148384474,0.9402323872606946,0.9371920424423337,0.9374995148645808,0.9371920424423337,0.9374995148645808,0.9402286244359208,0.940536096858168
BEV2_2024-08-22_drive3.csv,BEV2,2024-08-22 14:50:20+00:00,2024-08-22 15:01:02+00:00,2024-08-22 14:50:23+00:00,2.7471198470399387,2.7471198470399387,0,False,True,True,0.0,False,False,1724338220000000000,1724338862000000000,1724338223000000000,train,1318:22645>1318:22645|2,2-10,True,25.5,>25,0.4578929317442987,0.0002823183720936,0.4581752501163923,0-1d,False,0-1d,False,1.0,0.45815155553643067,0.45843387390852425,0.47331498283613693,0.4735973012082305,0.47331498283613693,0.4735973012082305,0.458766040479561,0.45904835885165457
BEV2_2024-08-22_drive4.csv,BEV2,2024-08-22 16:02:24+00:00,2024-08-22 16:21:58+00:00,2024-08-22 16:02:27+00:00,5.510132939850092,5.510132939850092,0,False,True,True,0.0,False,False,1724342544000000000,1724343718000000000,1724342547000000000,train,1318:22645>1318:22645|5,2-10,True,24.5,10-25,0.9998929966828036,0.0002908447027269,1.0001838413855306,0-1d,True,0-1d,True,1.0,0.9999318899000339,1.0002227346027608,0.9989955810976643,0.9992864258003912,0.9989955810976643,0.9992864258003912,0.9998675876128802,1.0001584323156072
BEV2_2024-08-22_drive5.csv,BEV2,2024-08-22 18:00:43+00:00,2024-08-22 18:18:41+00:00,2024-08-22 18:00:46+00:00,5.830529076459103,5.830529076459103,0,False,True,True,0.0,False,False,1724349643000000000,1724350721000000000,1724349646000000000,train,1318:22645>1313:22659|5,2-10,True,24.0,10-25,0.9718911910429704,0.000281168606077,0.9721723596490474,0-1d,False,0-1d,False,1.0,0.9699598186984066,0.9702409873044836,0.970299800990498,0.9705809695965749,0.970299800990498,0.9705809695965749,0.9714311775572052,0.9717123461632822
BEV2_2024-08-22_drive6.csv,BEV2,2024-08-22 19:08:02+00:00,2024-08-22 19:32:46+00:00,2024-08-22 19:08:03+00:00,4.771867284251945,4.771867284251945,0,False,True,True,0.0,False,False,1724353682000000000,1724355166000000000,1724353683000000000,train,1313:22659>1318:22645|4,2-10,True,23.0,10-25,0.8415775422237133,0.0004415572258888,0.8420190994496021,0-1d,False,0-1d,False,1.0,0.8415453869167699,0.8419869441426587,0.8416448719153388,0.8420864291412276,0.8416448719153388,0.8420864291412276,0.8415725299998222,0.842014087225711
BEV2_2024-08-23_drive1.csv,BEV2,2024-08-23 06:24:27+00:00,2024-08-23 06:59:47+00:00,2024-08-23 06:24:30+00:00,8.385214208509987,8.385214208509987,0,False,True,True,0.0,False,False,1724394267000000000,1724396387000000000,1724394270000000000,train,1318:22645>1313:22647|8,2-10,True,19.5,10-25,1.4018811689315818,0.0003580324542672,1.402239201385849,0-1d,False,0-1d,False,1.0,1.4012212495305567,1.4015792819848238,1.3741659367202883,1.3745239691745554,1.3741659367202883,1.3745239691745554,1.3998461042923624,1.4002041367466296
BEV2_2024-08-23_drive4.csv,BEV2,2024-08-23 13:35:12+00:00,2024-08-23 14:03:49+00:00,2024-08-23 13:35:15+00:00,5.091020348145886,5.091020348145886,0,False,True,True,0.0,False,False,1724420112000000000,1724421829000000000,1724420115000000000,train,1318:22645>1317:22659|5,2-10,True,20.0,10-25,0.8958938838447945,0.0003315786212965,0.896225462466091,0-1d,False,0-1d,False,0.999416569428238,0.8958840592539963,0.8962156378752928,0.8957378330928449,0.8960694117141415,0.8957378330928449,0.8960694117141415,0.8961417953859117,0.8964733740072082
BEV2_2024-08-23_drive5.csv,BEV2,2024-08-23 14:37:41+00:00,2024-08-23 14:58:47+00:00,2024-08-23 14:37:45+00:00,4.671652275137646,4.671652275137646,0,False,True,True,0.0,False,False,1724423861000000000,1724425127000000000,1724423865000000000,train,1317:22659>1318:22645|4,2-10,True,24.0,10-25,1.0818680439343484,0.0004570022592797,1.0823250461936282,0-1d,False,0-1d,False,0.9992076069730588,0.9801354049058344,0.9805924071651141,1.0573658008248348,1.0578228030841146,1.0573658008248348,1.0578228030841146,1.0536100898717975,1.0540670921310773
BEV2_2024-08-23_drive6.csv,BEV2,2024-08-23 16:40:04+00:00,2024-08-23 17:08:26+00:00,2024-08-23 16:40:07+00:00,9.983961337140675,9.983961337140675,0,False,True,True,0.0,False,False,1724431204000000000,1724432906000000000,1724431207000000000,train,1318:22645>1318:22645|9,2-10,True,23.0,10-25,1.447913336115387,0.0002874570734596,1.4482007931888468,0-1d,False,0-1d,False,0.9994114184814596,1.569243724503844,1.5695311815773036,1.5213250429069745,1.5216124999804341,1.5213250429069745,1.5216124999804341,1.5860975261376813,1.586384983211141
BEV2_2024-08-23_drive7.csv,BEV2,2024-08-23 18:01:07+00:00,2024-08-23 18:18:16+00:00,2024-08-23 18:01:10+00:00,5.5810777462245165,5.5810777462245165,0,False,True,True,0.0,False,False,1724436067000000000,1724437096000000000,1724436070000000000,train,1318:22645>1318:22645|5,2-10,True,21.0,10-25,0.9558928745669776,0.0002799385770227,0.9561728131440002,0-1d,True,0-1d,True,1.0,0.9610492612959991,0.9613291998730218,0.9557293284178328,0.9560092669948554,0.9557293284178328,0.9560092669948554,0.9552739969918342,0.9555539355688569
BEV2_2024-08-23_drive8.csv,BEV2,2024-08-23 19:59:36+00:00,2024-08-23 20:16:51+00:00,2024-08-23 19:59:39+00:00,6.337543305835222,6.337543305835222,0,False,True,True,0.0,False,False,1724443176000000000,1724444211000000000,1724443179000000000,train,1318:22645>1318:22646|6,2-10,True,21.0,10-25,1.0259599669698325,0.0003020477253975,1.02626201469523,0-1d,False,0-1d,False,0.999031007751938,1.025794995447642,1.0260970431730394,1.0261508162892068,1.0264528640146042,1.0261508162892068,1.0264528640146042,1.0259435438167035,1.026245591542101
BEV2_2024-08-24_drive1.csv,BEV2,2024-08-24 09:26:23+00:00,2024-08-24 10:07:31+00:00,2024-08-24 09:26:27+00:00,25.335014818586604,25.335014818586604,0,False,True,True,0.0,False,False,1724491583000000000,1724494051000000000,1724491587000000000,train,1318:22646>1357:22595|25,10-50,True,23.0,10-25,4.145866188025045,0.000639143082829,4.146505331107874,0-1d,False,0-1d,False,0.999594155844156,4.586743571673013,4.587382714755842,4.5495558745352955,4.550195017618124,4.5495558745352955,4.550195017618124,4.145870334467478,4.146509477550307
BEV2_2024-08-24_drive2.csv,BEV2,2024-08-24 14:43:33+00:00,2024-08-24 15:58:34+00:00,2024-08-24 14:43:35+00:00,25.440363825702143,25.440363825702143,0,False,True,True,0.0,False,False,1724510613000000000,1724515114000000000,1724510615000000000,train,1357:22595>1318:22645|25,10-50,True,33.0,>25,4.137893200029543,0.0002965131188024,4.138189713148345,0-1d,False,0-1d,False,0.9982218270726828,4.139627927221865,4.139924440340667,4.294202983441709,4.294499496560511,4.294202983441709,4.294499496560511,4.135188653206928,4.13548516632573
BEV2_2024-08-24_drive3.csv,BEV2,2024-08-24 16:28:23+00:00,2024-08-24 16:45:42+00:00,2024-08-24 16:28:27+00:00,4.628371522455479,4.628371522455479,0,False,True,True,0.0,False,False,1724516903000000000,1724517942000000000,1724516907000000000,train,1318:22645>1316:22646|4,2-10,True,23.5,10-25,0.8419526135565902,0.0004200101738073,0.8423726237303976,0-1d,False,0-1d,False,0.9990338164251208,0.8408749166453339,0.8412949268191412,0.8419594741075225,0.8423794842813298,0.8419594741075225,0.8423794842813298,0.8297849593733945,0.8302049695472018
BEV2_2024-08-24_drive4.csv,BEV2,2024-08-24 19:59:13+00:00,2024-08-24 20:10:52+00:00,2024-08-24 19:59:17+00:00,1.6175758503822162,1.6175758503822162,0,False,True,True,0.0,False,False,1724529553000000000,1724530252000000000,1724529557000000000,train,1316:22646>1318:22645|1,<2,True,20.0,10-25,0.4478937240038484,0.0003534515866857,0.4482471755905341,0-1d,False,0-1d,False,1.0,0.447889215251513,0.4482426668381987,0.44779059968431845,0.44814405127100415,0.44779059968431845,0.44814405127100415,0.44790969481560616,0.44826314640229187
BEV2_2024-08-25_drive1.csv,BEV2,2024-08-25 08:19:38+00:00,2024-08-25 08:33:55+00:00,2024-08-25 08:19:40+00:00,3.287715534025825,3.287715534025825,0,False,True,True,0.0,False,False,1724573978000000000,1724574835000000000,1724573980000000000,train,1318:22645>1314:22648|3,2-10,True,15.5,10-25,0.532963578713819,0.0023820202487946,0.5353455989626137,0-1d,False,0-1d,False,1.0,0.6213660927211688,0.6237481129699635,0.6094011128741605,0.6117831331229552,0.6094011128741605,0.6117831331229552,0.5565616768962863,0.558943697145081
BEV2_2024-08-25_drive2.csv,BEV2,2024-08-25 09:01:19+00:00,2024-08-25 09:19:42+00:00,2024-08-25 09:01:20+00:00,1.330574968186725,1.330574968186725,0,False,True,True,0.0,False,False,1724576479000000000,1724577582000000000,1724576480000000000,train,1314:22648>1318:22645|1,<2,True,17.5,10-25,0.3839196846869583,8.031531123720194e-05,0.3839999999981955,0-1d,False,0-1d,False,1.0,0.38410010875776146,0.38418042406899866,0.38392261597904087,0.38400293129027807,0.38392261597904087,0.38400293129027807,0.3854867508525168,0.385567066163754
BEV2_2024-08-25_drive3.csv,BEV2,2024-08-25 11:59:49+00:00,2024-08-25 12:24:00+00:00,2024-08-25 11:59:53+00:00,15.604068320397053,15.604068320397053,0,False,True,True,0.0,False,False,1724587189000000000,1724588640000000000,1724587193000000000,train,1318:22645>1258:22652|15,10-50,True,20.0,10-25,3.683779096894885,0.0007686907908131,3.684547787685698,0-1d,False,0-1d,False,0.9647546648237734,3.4612665674299428,3.462035258220756,3.2739804533601244,3.2747491441509378,3.2739804533601244,3.2747491441509378,3.6838922222272,3.6846609130180132
BEV2_2024-08-25_drive4.csv,BEV2,2024-08-25 13:09:08+00:00,2024-08-25 14:00:12+00:00,2024-08-25 13:09:10+00:00,38.27179352629288,38.27179352629288,0,False,True,True,0.0,False,False,1724591348000000000,1724594412000000000,1724591350000000000,train,1258:22652>1236:22808|38,10-50,True,24.5,10-25,7.025893127347283,0.0002003334791865,7.02609346082647,0-1d,False,0-1d,False,0.961463096015676,7.090923494682319,7.091123828161506,7.111818655747379,7.1120189892265655,7.111818655747379,7.1120189892265655,7.0331451319230025,7.033345465402189
BEV2_2024-08-25_drive5.csv,BEV2,2024-08-25 15:13:46+00:00,2024-08-25 16:17:13+00:00,2024-08-25 15:13:49+00:00,50.66889754675159,50.66889754675159,0,False,True,True,0.0,False,False,1724598826000000000,1724602633000000000,1724598829000000000,train,1236:22808>1318:22645|50,>=50,True,26.5,>25,10.879878910547884,0.0003627487542407,10.880241659302124,0-1d,False,0-1d,False,0.9458464773922188,10.879811882746491,10.880174631500731,10.880271593585606,10.880634342339846,10.880271593585606,10.880634342339846,10.88005497998829,10.88041772874253
BEV2_2024-08-25_drive6.csv,BEV2,2024-08-25 21:58:55+00:00,2024-08-25 22:17:25+00:00,2024-08-25 21:58:59+00:00,3.6662761779757744,3.6669531647129183,0,False,True,True,0.0,False,False,1724623135000000000,1724624245000000000,1724623139000000000,train,1318:22645>1318:22645|3,2-10,True,16.5,10-25,0.6718692950253137,0.0005859976767777,0.6724552927020914,0-1d,False,0-1d,False,0.9990958408679927,0.6718385215393441,0.6724245192161218,0.671327787502475,0.6719137851792527,0.671327787502475,0.6719137851792527,0.6720828998256577,0.6726688975024354
BEV2_2024-08-26_drive2.csv,BEV2,2024-08-26 17:28:43+00:00,2024-08-26 18:37:46+00:00,2024-08-26 17:28:47+00:00,14.99851583680408,14.99851583680408,0,False,True,True,0.0,False,False,1724693323000000000,1724697466000000000,1724693327000000000,train,1313:22648>1321:22652|14,10-50,True,19.5,10-25,2.667885288435477,0.0005160605263209,2.668401348961798,0-1d,False,0-1d,False,1.0,2.6687516670950435,2.6692677276213645,2.7344508283343134,2.7349668888606344,2.7344508283343134,2.7349668888606344,2.6678368889654873,2.6683529494918083
BEV2_2024-08-26_drive3.csv,BEV2,2024-08-26 20:30:32+00:00,2024-08-26 20:47:11+00:00,2024-08-26 20:30:36+00:00,5.911708195502091,5.911839679163082,0,False,True,True,0.0,False,False,1724704232000000000,1724705231000000000,1724704236000000000,train,1321:22652>1318:22645|5,2-10,True,18.5,10-25,1.0378523644713968,0.0005009211896218,1.0383532856610187,0-1d,False,0-1d,False,1.0,1.0375497976270704,1.0380507188166923,1.0374375922558368,1.0379385134454586,1.0374375922558368,1.0379385134454586,1.0376525638395266,1.0381534850291485
BEV2_2024-08-27_drive2.csv,BEV2,2024-08-27 10:05:57+00:00,2024-08-27 10:17:53+00:00,2024-08-27 10:06:01+00:00,2.904316981406032,2.904448473726795,0,False,True,True,0.0,False,False,1724753157000000000,1724753873000000000,1724753161000000000,train,1313:22648>1318:22645|2,2-10,True,18.0,10-25,0.7338804754512955,0.0004576706341584,0.7343381460854539,0-1d,False,0-1d,False,0.9985955056179776,0.7895038851605976,0.7899615557947559,0.7561170894191385,0.7565747600532968,0.7561170894191385,0.7565747600532968,0.7338488630576692,0.7343065336918275
BEV2_2024-08-28_drive2.csv,BEV2,2024-08-28 15:13:39+00:00,2024-08-28 16:23:41+00:00,2024-08-28 15:13:41+00:00,55.87027623739696,55.87034622311517,0,False,True,True,0.0,False,False,1724858019000000000,1724862221000000000,1724858021000000000,train,1552:22706>1378:22611|55,>=50,True,30.5,>25,9.72793066788157,0.0002110641197408,9.72814173200131,1-7d,False,1-7d,False,0.9623809523809524,11.166937026960861,11.167148091080602,10.853621853491475,10.853832917611216,10.853621853491475,10.853832917611216,10.51596472111611,10.51617578523585
BEV2_2024-08-28_drive3.csv,BEV2,2024-08-28 16:30:31+00:00,2024-08-28 16:51:39+00:00,2024-08-28 16:30:33+00:00,15.736637531778248,15.73677814876407,0,False,True,True,0.0,False,False,1724862631000000000,1724863899000000000,1724862633000000000,train,1378:22611>1318:22645|15,10-50,True,32.0,>25,3.007930901285065,0.0001626064683914,3.0080935077534567,0-1d,False,0-1d,False,0.957345971563981,3.0101488571134616,3.010311463581853,3.007099402946516,3.0072620094149074,3.007099402946516,3.0072620094149074,3.0031259982441267,3.0032886047125182
BEV2_2024-08-28_drive4.csv,BEV2,2024-08-28 19:28:32+00:00,2024-08-28 19:43:52+00:00,2024-08-28 19:28:34+00:00,0.0626649541678399,0.0627351466889975,0,False,True,True,0.0,False,False,1724873312000000000,1724874232000000000,1724873314000000000,train,1318:22645>1318:22645|0,<2,True,26.5,>25,0.1139179088982865,0.0002128614811543,0.1141307703794408,0-1d,False,0-1d,False,1.0,0.11400460091750445,0.11421746239865875,0.11386248386890399,0.1140753453500583,0.11386248386890399,0.1140753453500583,0.11001171403698183,0.11022457551813614
BEV2_2024-08-29_drive1.csv,BEV2,2024-08-29 06:01:17+00:00,2024-08-29 06:53:56+00:00,2024-08-29 06:01:20+00:00,31.183083911634824,31.183083911634824,0,False,True,True,0.0,False,False,1724911277000000000,1724914436000000000,1724911280000000000,train,1318:22645>1451:22628|31,10-50,True,19.5,10-25,5.537868303766163,0.000350015335171,5.538218319101334,0-1d,False,0-1d,False,0.9632446134347274,5.537926326309296,5.538276341644467,5.534058377656011,5.534408392991183,5.534058377656011,5.534408392991183,5.538122025039609,5.5384720403747805
BEV2_2024-08-29_drive2.csv,BEV2,2024-08-29 06:58:05+00:00,2024-08-29 07:13:25+00:00,2024-08-29 06:58:07+00:00,0.7566918388601752,0.7566918388601752,0,False,True,True,0.0,False,False,1724914685000000000,1724915605000000000,1724914687000000000,train,1451:22628>1453:22627|0,<2,True,26.0,>25,0.2418764922052872,0.0002314887188402,0.2421079809241275,0-1d,False,0-1d,False,1.0,0.24192658542925766,0.24215807414809787,0.24189837029521524,0.24212985901405545,0.24189837029521524,0.24212985901405545,0.24193871015957596,0.24217019887841618
BEV2_2024-08-29_drive3.csv,BEV2,2024-08-29 07:25:36+00:00,2024-08-29 08:15:35+00:00,2024-08-29 07:25:38+00:00,36.931865587070185,36.931865587070185,0,False,True,True,0.0,False,False,1724916336000000000,1724919335000000000,1724916338000000000,train,1453:22627>1313:22648|36,10-50,True,25.0,10-25,5.583922286469818,0.0001971995689459,5.584119486038764,0-1d,False,0-1d,False,0.9813146479813146,6.484029673827069,6.4842268733960156,6.653874673697227,6.654071873266173,6.653874673697227,6.654071873266173,5.934189212598288,5.9343864121672345
BEV2_2024-08-29_drive4.csv,BEV2,2024-08-29 09:58:17+00:00,2024-08-29 10:15:10+00:00,2024-08-29 09:58:19+00:00,2.7857430512910826,2.787017332338748,0,False,True,True,0.0,False,False,1724925497000000000,1724926510000000000,1724925499000000000,train,1313:22648>1318:22645|2,2-10,True,24.0,10-25,0.7815794626282642,0.000834412477941,0.7824138751062052,0-1d,True,0-1d,True,0.9990108803165184,0.7817486206886904,0.7825830331666315,0.7805433072221679,0.7813777197001089,0.7805433072221679,0.7813777197001089,0.7809251855374868,0.7817595980154278
BEV2_2024-08-29_drive5.csv,BEV2,2024-08-29 10:43:10+00:00,2024-08-29 11:02:39+00:00,2024-08-29 10:43:12+00:00,2.0562398170148684,2.0562398170148684,0,False,True,True,0.0,False,False,1724928190000000000,1724929359000000000,1724928192000000000,train,1318:22645>1313:22648|2,2-10,True,28.0,>25,0.393897581559281,0.0002200199801388,0.3941176015394199,0-1d,False,0-1d,False,1.0,0.3933013321272914,0.3935213521074302,0.3934930533465084,0.39371307332664723,0.3934930533465084,0.39371307332664723,0.3944897896048066,0.3947098095849454
BEV2_2024-08-29_drive6.csv,BEV2,2024-08-29 17:39:54+00:00,2024-08-29 17:52:33+00:00,2024-08-29 17:39:56+00:00,2.8210923743916703,2.8210923743916703,0,False,True,True,0.0,False,False,1724953194000000000,1724953953000000000,1724953196000000000,train,1313:22648>1318:22645|2,2-10,True,21.5,10-25,0.6959150268720458,0.0002305145650118,0.6961455414370575,0-1d,True,0-1d,True,1.0,0.6955760380048287,0.6958065525698405,0.695962100190927,0.6961926147559387,0.695962100190927,0.6961926147559387,0.6960695586936755,0.6963000732586873
BEV2_2024-08-29_drive7.csv,BEV2,2024-08-29 18:02:00+00:00,2024-08-29 18:21:34+00:00,2024-08-29 18:02:02+00:00,2.4522381950760748,2.4522381950760748,0,False,True,True,0.0,False,False,1724954520000000000,1724955694000000000,1724954522000000000,train,1318:22645>1317:22652|2,2-10,True,24.0,10-25,0.447950396025097,0.0001710266719706,0.4481214226970677,0-1d,False,0-1d,False,0.9991467576791808,0.44824424943560043,0.44841527610757104,0.4473703841325632,0.4475414108045338,0.4473703841325632,0.4475414108045338,0.44814314915757697,0.4483141758295476
BEV2_2024-08-29_drive8.csv,BEV2,2024-08-29 20:05:55+00:00,2024-08-29 20:25:20+00:00,2024-08-29 20:05:57+00:00,2.462081476704358,2.462081476704358,0,False,True,True,0.0,False,False,1724961955000000000,1724963120000000000,1724961957000000000,train,1317:22652>1318:22645|2,2-10,True,25.0,10-25,0.5859044908768378,0.0002423402052885,0.5861468310821263,0-1d,False,0-1d,False,0.999140154772141,0.5856970753954895,0.585939415600778,0.585853976746117,0.5860963169514054,0.585853976746117,0.5860963169514054,0.5979212349442983,0.5981635751495867
BEV2_2024-08-30_drive1.csv,BEV2,2024-08-30 07:31:57+00:00,2024-08-30 07:49:15+00:00,2024-08-30 07:31:59+00:00,4.956094859441992,4.956094859441992,0,False,True,True,0.0,False,False,1725003117000000000,1725004155000000000,1725003119000000000,train,1318:22645>1308:22656|4,2-10,True,18.0,10-25,1.0439689579623943,0.0002084030529405,1.044177361015335,0-1d,False,0-1d,False,0.999034749034749,1.0440920621536707,1.0443004652066112,1.0307928925227052,1.0310012955756458,1.0307928925227052,1.0310012955756458,0.9923779299649328,0.9925863330178732
BEV2_2024-08-30_drive2.csv,BEV2,2024-08-30 08:44:31+00:00,2024-08-30 09:19:41+00:00,2024-08-30 08:44:33+00:00,2.973632232276388,2.973632232276388,0,False,True,True,0.0,False,False,1725007471000000000,1725009581000000000,1725007473000000000,train,1308:22656>1315:22654|2,2-10,True,18.35,10-25,0.4078965954878571,0.0001951692229259,0.408091764710783,0-1d,False,0-1d,False,1.0,0.5382935062925264,0.5384886755154523,0.5458811778773873,0.5460763471003133,0.5458811778773873,0.5460763471003133,0.5951559412859057,0.5953511105088316
BEV2_2024-08-30_drive3.csv,BEV2,2024-08-30 09:25:59+00:00,2024-08-30 09:41:46+00:00,2024-08-30 09:26:01+00:00,3.321799327598787,3.321799327598787,0,False,True,True,0.0,False,False,1725009959000000000,1725010906000000000,1725009961000000000,train,1315:22654>1318:22645|3,2-10,True,19.0,10-25,0.7498889998819862,0.0002138518021119,0.7501028516840981,0-1d,False,0-1d,False,1.0,0.7500891559906985,0.7503030077928103,0.7507616659111828,0.7509755177132946,0.7507616659111828,0.7509755177132946,0.7501925000259346,0.7504063518280465
BEV2_2024-08-30_drive4.csv,BEV2,2024-08-30 10:54:22+00:00,2024-08-30 11:02:22+00:00,2024-08-30 10:54:23+00:00,2.062960867713877,2.062960867713877,0,False,True,True,0.0,False,False,1725015262000000000,1725015742000000000,1725015263000000000,train,1318:22645>1313:22648|2,2-10,True,21.0,10-25,0.2598914486391072,0.0001085513611111,0.2600000000002183,0-1d,True,0-1d,True,1.0,0.25884601943019603,0.2589545707913071,0.2595264828843913,0.2596350342455024,0.2595264828843913,0.2596350342455024,0.25916304760115094,0.25927159896226204
BEV2_2024-08-30_drive5.csv,BEV2,2024-08-30 15:38:09+00:00,2024-08-30 17:07:59+00:00,2024-08-30 15:38:10+00:00,19.49764330502087,19.49764330502087,1,False,True,True,0.0,False,False,1725032289000000000,1725037679000000000,1725032290000000000,train,1313:22648>1318:22645|19,10-50,True,26.5,>25,3.533956096335373,4.39036642777716e-05,3.5339999999996508,0-1d,False,0-1d,False,0.9988866208944146,3.5531303098567064,3.5531742135209843,3.5629157014192576,3.5629596050835355,3.5629157014192576,3.5629596050835355,3.554762904297571,3.5548068079618487
BEV2_2024-08-30_drive6.csv,BEV2,2024-08-30 21:43:34+00:00,2024-08-30 22:33:47+00:00,2024-08-30 21:43:36+00:00,16.313354860524434,16.313354860524434,0,False,True,True,0.0,False,False,1725054214000000000,1725057227000000000,1725054216000000000,train,1318:22645>1318:22645|16,10-50,True,16.5,10-25,2.487900715900242,0.0001861502287591,2.488086866129001,0-1d,False,0-1d,False,0.9996678844237796,2.674563085516742,2.674749235745501,2.6590374313481604,2.6592235815769194,2.6590374313481604,2.6592235815769194,2.5575579405316233,2.5577440907603823
BEV2_2024-08-31_drive1.csv,BEV2,2024-08-31 07:49:48+00:00,2024-08-31 09:14:55+00:00,2024-08-31 07:49:50+00:00,70.83323810339652,70.83323810339652,0,False,True,True,0.0,False,False,1725090588000000000,1725095695000000000,1725090590000000000,train,1318:22645>1305:22644|70,>=50,True,17.0,10-25,12.597921639541054,0.0002775246235019,12.598199164164557,0-1d,False,0-1d,False,0.9708129285014692,13.062928863015573,13.063206387639076,13.20997722248219,13.210254747105692,13.20997722248219,13.210254747105692,13.342186746842113,13.342464271465616
BEV2_2024-08-31_drive2.csv,BEV2,2024-08-31 09:27:13+00:00,2024-08-31 11:37:59+00:00,2024-08-31 09:27:15+00:00,105.3447433086429,105.3447433086429,0,False,True,True,0.0,False,False,1725096433000000000,1725104279000000000,1725096435000000000,train,1305:22644>901:22800|105,>=50,True,23.5,10-25,18.469917648461347,0.0001947650151318,18.47011241347648,0-1d,False,0-1d,False,0.9625191228964812,21.71372745616893,21.71392222118406,21.635718554676405,21.635913319691536,21.635718554676405,21.635913319691536,20.43846379683298,20.43865856184811
BEV2_2024-08-31_drive4.csv,BEV2,2024-08-31 20:11:34+00:00,2024-08-31 20:38:39+00:00,2024-08-31 20:11:36+00:00,22.10730967198865,22.10730967198865,0,False,True,True,0.0,False,False,1725135094000000000,1725136719000000000,1725135096000000000,train,1357:22595>1318:22645|22,10-50,True,21.5,10-25,2.778111560337947,0.0001874191852271,2.778298979523174,0-1d,False,0-1d,False,0.9919901417128774,3.3863478394925197,3.3865352586777466,3.522736410204513,3.52292382938974,3.522736410204513,3.52292382938974,3.243922224708906,3.244109643894133
BEV2_2024-09-01_drive1.csv,BEV2,2024-09-01 08:13:52+00:00,2024-09-01 08:25:53+00:00,2024-09-01 08:13:53+00:00,3.46526697293599,3.46526697293599,1,True,True,True,0.0,True,False,1725178432000000000,1725179153000000000,1725178433000000000,train,1318:22645>1315:22649|3,2-10,True,23.5,10-25,0.5856335181222395,0.0003664818807291,0.5860000000029686,0-1d,False,0-1d,False,0.9958333333333332,0.6563551095762179,0.656721591456947,0.5857512988261224,0.5861177807068515,0.5857512988261224,0.5861177807068515,0.5858505139531379,0.586216995833867
BEV2_2024-09-01_drive3.csv,BEV2,2024-09-01 12:46:27+00:00,2024-09-01 14:09:37+00:00,2024-09-01 12:46:29+00:00,51.74102850975079,51.74102850975079,0,False,True,True,0.0,False,False,1725194787000000000,1725199777000000000,1725194789000000000,train,1318:22645>1236:22808|51,>=50,True,31.5,>25,10.501839937409107,0.000354457396243,10.50219439480535,0-1d,False,0-1d,False,0.9643143544506816,10.501133006050066,10.50148746344631,10.501055800481971,10.501410257878215,10.501055800481971,10.501410257878215,10.49988063064663,10.500235088042873
BEV2_2024-09-01_drive4.csv,BEV2,2024-09-01 15:23:47+00:00,2024-09-01 15:41:13+00:00,2024-09-01 15:23:48+00:00,3.913386834514785,3.913386834514785,0,False,True,True,0.0,False,False,1725204227000000000,1725205273000000000,1725204228000000000,train,1236:22808>1230:22799|3,2-10,True,32.5,>25,0.8599050214963783,9.497850056583772e-05,0.8599999999969441,0-1d,False,0-1d,False,0.999043062200957,0.859908019166825,0.8600029976673909,0.8625655751302475,0.8626605536308133,0.8625655751302475,0.8626605536308133,0.8603573686816668,0.8604523471822326
BEV2_2024-09-01_drive5.csv,BEV2,2024-09-01 17:50:13+00:00,2024-09-01 18:40:58+00:00,2024-09-01 17:50:16+00:00,48.73510263107917,48.73510263107917,0,False,True,True,0.0,False,False,1725213013000000000,1725216058000000000,1725213016000000000,train,1230:22799>1318:22645|48,10-50,True,33.0,>25,10.208005594607531,0.0002743449321653,10.208279939539697,0-1d,False,0-1d,False,0.9322813938198552,10.249817580442677,10.250091925374843,10.216198432042244,10.21647277697441,10.216198432042244,10.21647277697441,10.207528553882721,10.207802898814887
BEV2_2024-09-02_drive1.csv,BEV2,2024-09-02 11:17:19+00:00,2024-09-02 11:54:48+00:00,2024-09-02 11:17:22+00:00,11.761410386632814,11.761410386632814,0,False,True,True,0.0,False,False,1725275839000000000,1725278088000000000,1725275842000000000,train,1318:22645>1318:22645|11,10-50,True,28.0,>25,2.2338380106904485,0.0004408681510695,2.234278878841518,0-1d,False,0-1d,False,1.0,2.231504967825481,2.2319458359765503,2.234925228195786,2.2353660963468553,2.234925228195786,2.2353660963468553,2.2296975742506775,2.230138442401747
BEV2_2024-09-02_drive2.csv,BEV2,2024-09-02 13:06:47+00:00,2024-09-02 13:47:32+00:00,2024-09-02 13:06:49+00:00,22.85502400201686,22.85502400201686,0,False,True,True,0.0,False,False,1725282407000000000,1725284852000000000,1725282409000000000,train,1318:22645>1402:22618|22,10-50,True,29.5,>25,4.129929801688231,0.0001697962032831,4.1300995978915145,0-1d,False,0-1d,False,0.9787146950470732,4.24697584843491,4.247145644638193,4.226802073763227,4.22697186996651,4.226802073763227,4.22697186996651,4.195520558546197,4.19569035474948
BEV2_2024-09-02_drive3.csv,BEV2,2024-09-02 14:17:52+00:00,2024-09-02 14:45:09+00:00,2024-09-02 14:17:55+00:00,21.2360679912924,21.23660567956693,0,False,True,True,0.0,False,False,1725286672000000000,1725288309000000000,1725286675000000000,train,1402:22618>1318:22645|21,10-50,True,29.3,>25,4.415904169091084,0.0002896920357916,4.416193861126875,0-1d,False,0-1d,False,0.9608323133414932,4.236315284028549,4.236604976064341,4.214551057739775,4.214840749775567,4.214551057739775,4.214840749775567,4.309128244906139,4.309417936941931
BEV2_2024-09-03_drive1.csv,BEV2,2024-09-03 06:11:03+00:00,2024-09-03 06:27:55+00:00,2024-09-03 06:11:06+00:00,4.312121557398728,4.3122327524794,0,False,True,True,0.0,False,False,1725343863000000000,1725344875000000000,1725343866000000000,train,1318:22645>1313:22648|4,2-10,True,20.0,10-25,0.6940033788350316,0.000387056137914,0.6943904349729456,0-1d,False,0-1d,False,0.9990089197224976,0.6932676506331326,0.6936547067710466,0.6939595570114125,0.6943466131493266,0.6939595570114125,0.6943466131493266,0.6941496424719956,0.6945366986099096
BEV2_2024-09-03_drive2.csv,BEV2,2024-09-03 09:30:54+00:00,2024-09-03 09:44:10+00:00,2024-09-03 09:30:55+00:00,2.779865332384625,2.779865332384625,1,True,False,True,0.0,True,False,1725355854000000000,1725356650000000000,1725355855000000000,train,1313:22648>1318:22645|2,2-10,True,22.0,10-25,0.6799476457525411,5.23542477499947e-05,0.680000000000291,0-1d,False,0-1d,False,0.9886792452830188,0.6800094608113777,0.6800618150591277,0.6799819690736308,0.6800343233213808,0.6799819690736308,0.6800343233213808,0.6797154887001906,0.6797678429479406
BEV2_2024-09-03_drive3.csv,BEV2,2024-09-03 10:18:19+00:00,2024-09-03 10:35:27+00:00,2024-09-03 10:18:22+00:00,4.938092148394224,4.938092148394224,0,False,True,True,0.0,False,False,1725358699000000000,1725359727000000000,1725358702000000000,train,1318:22645>1311:22648|4,2-10,True,23.0,10-25,0.7899615468281296,0.0002881408551733,0.7902496876833028,0-1d,False,0-1d,False,1.0,0.9140340276628698,0.914322168518043,0.8204343423319687,0.8207224831871419,0.8204343423319687,0.8207224831871419,0.8219630116195199,0.8222511524746932
BEV2_2024-09-03_drive4.csv,BEV2,2024-09-03 13:21:05+00:00,2024-09-03 13:36:41+00:00,2024-09-03 13:21:08+00:00,1.316517405955685,1.316517405955685,0,False,True,True,0.0,False,False,1725369665000000000,1725370601000000000,1725369668000000000,train,1311:22648>1313:22647|1,<2,True,24.5,10-25,0.3179171710395857,0.0003109378750238,0.3182281089146095,0-1d,False,0-1d,False,0.9989281886387996,0.32044564730538755,0.32075658518041134,0.31791782188492945,0.31822875975995324,0.31791782188492945,0.31822875975995324,0.31790187234618816,0.31821281022121195
BEV2_2024-09-03_drive5.csv,BEV2,2024-09-03 14:42:04+00:00,2024-09-03 15:09:26+00:00,2024-09-03 14:42:07+00:00,5.585550830996008,5.585550830996008,1,False,False,True,0.0,False,False,1725374524000000000,1725376166000000000,1725374527000000000,train,1313:22647>1320:22653|5,2-10,True,26.5,>25,1.1519048587482867,0.0002998496903477,1.1522047084386344,0-1d,False,0-1d,False,0.9786455155582672,1.1519768030728395,1.1522766527631871,1.1519219602226165,1.1522218099129642,1.1519219602226165,1.1522218099129642,1.152097732547705,1.1523975822380528
BEV2_2024-09-03_drive6.csv,BEV2,2024-09-03 16:02:37+00:00,2024-09-03 16:22:23+00:00,2024-09-03 16:02:40+00:00,2.5158157506454373,2.5158157506454373,0,False,True,True,0.0,False,False,1725379357000000000,1725380543000000000,1725379360000000000,train,1320:22653>1317:22659|2,2-10,True,28.0,>25,0.4819334560785616,0.0003339022631582,0.4822673583417198,0-1d,False,0-1d,False,0.9991546914623838,0.48193623960434756,0.4822701418675058,0.48283524930563865,0.48316915156879686,0.48283524930563865,0.48316915156879686,0.482225892507913,0.4825597947710712
BEV2_2024-09-04_drive1.csv,BEV2,2024-09-04 06:09:34+00:00,2024-09-04 06:33:44+00:00,2024-09-04 06:09:37+00:00,4.781324905692864,4.781324905692864,0,False,True,True,0.0,False,False,1725430174000000000,1725431624000000000,1725430177000000000,train,1318:22645>1313:22648|4,2-10,True,17.0,10-25,0.9058685094658312,0.0003479827658347,0.906216492231666,0-1d,True,0-1d,True,1.0,0.9053841396652358,0.9057321224310705,0.9063826140851641,0.9067305968509988,0.9063826140851641,0.9067305968509988,0.9057552677401399,0.9061032505059746
BEV2_2024-09-04_drive2.csv,BEV2,2024-09-04 10:24:30+00:00,2024-09-04 10:42:30+00:00,2024-09-04 10:24:33+00:00,2.7720648953736955,2.7720648953736955,0,False,True,True,0.0,False,False,1725445470000000000,1725446550000000000,1725445473000000000,train,1313:22648>1318:22645|2,2-10,True,19.5,10-25,0.7999464780443446,0.0003302851624912,0.8002767632068358,0-1d,False,0-1d,False,1.0,0.7679744981654961,0.7683047833279874,0.7764804466305663,0.7768107317930575,0.7764804466305663,0.7768107317930575,0.7829224369100789,0.7832527220725701
BEV2_2024-09-04_drive3.csv,BEV2,2024-09-04 11:34:19+00:00,2024-09-04 12:03:52+00:00,2024-09-04 11:34:22+00:00,3.080126636077028,3.080237831157701,0,False,True,True,0.0,False,False,1725449659000000000,1725451432000000000,1725449662000000000,train,1318:22645>1319:22654|3,2-10,True,20.0,10-25,0.7039086512905766,0.0003125246396162,0.7042211759301927,0-1d,False,0-1d,False,0.9994350282485877,0.6258026113925894,0.6261151360322056,0.6564632503448704,0.6567757749844866,0.6564632503448704,0.6567757749844866,0.6688636376543831,0.6691761622939992
BEV2_2024-09-04_drive4.csv,BEV2,2024-09-04 13:10:49+00:00,2024-09-04 13:22:02+00:00,2024-09-04 13:10:52+00:00,0.6860742916289149,0.6862057724063537,0,False,True,True,0.0,False,False,1725455449000000000,1725456122000000000,1725455452000000000,train,1319:22654>1320:22653|0,<2,True,23.0,10-25,0.187855668358255,0.0004600899397117,0.1883157582979667,0-1d,False,0-1d,False,1.0,0.18799166747876464,0.18845175741847633,0.18826284857940054,0.18872293851911223,0.18826284857940054,0.18872293851911223,0.18806807579900617,0.18852816573871786
BEV2_2024-09-04_drive5.csv,BEV2,2024-09-04 14:00:15+00:00,2024-09-04 14:52:03+00:00,2024-09-04 14:00:18+00:00,23.691543207504484,23.691543207504484,0,False,True,True,0.0,False,False,1725458415000000000,1725461523000000000,1725458418000000000,train,1320:22653>1256:22662|23,10-50,True,23.5,10-25,4.791851049995572,0.0003653784198553,4.792216428415427,0-1d,False,0-1d,False,0.9822866344605476,4.4752048113356935,4.475570189755548,4.7908777558206905,4.7912431342405455,4.7908777558206905,4.7912431342405455,4.648052058420902,4.648417436840757
BEV2_2024-09-06_drive1.csv,BEV2,2024-09-06 08:19:12+00:00,2024-09-06 08:55:42+00:00,2024-09-06 08:19:15+00:00,22.359184182908457,22.359184182908457,0,False,True,True,0.0,False,False,1725610752000000000,1725612942000000000,1725610755000000000,train,1256:22662>1318:22645|22,10-50,True,19.5,10-25,4.399875533493353,0.0004614464860607,4.400336979979414,1-7d,False,1-7d,False,0.9716506630086876,4.402570915382,4.403032361868061,4.399648423675366,4.400109870161427,4.399648423675366,4.400109870161427,4.403516882544726,4.403978329030787
BEV2_2024-09-06_drive2.csv,BEV2,2024-09-06 10:30:56+00:00,2024-09-06 10:50:14+00:00,2024-09-06 10:30:59+00:00,3.146530197583041,3.146530197583041,0,False,True,True,0.0,False,False,1725618656000000000,1725619814000000000,1725618659000000000,train,1318:22645>1313:22648|3,2-10,True,18.5,10-25,0.4978831934827584,0.0003153161930461,0.4981985096758045,0-1d,False,0-1d,False,1.0,0.5006829528424984,0.5009982690355446,0.5131234371194863,0.5134387533125324,0.5131234371194863,0.5134387533125324,0.5090438218832197,0.5093591380762659
BEV2_2024-09-06_drive3.csv,BEV2,2024-09-06 16:55:15+00:00,2024-09-06 17:07:43+00:00,2024-09-06 16:55:18+00:00,2.7366750934204607,2.7366750934204607,0,False,True,True,0.0,False,False,1725641715000000000,1725642463000000000,1725641718000000000,train,1313:22648>1318:22645|2,2-10,True,20.0,10-25,0.7058639245858954,0.0003672284550718,0.7062311530409672,0-1d,True,0-1d,True,1.0,0.7146497232752013,0.715016951730273,0.7056398744388279,0.7060071028938997,0.7056398744388279,0.7060071028938997,0.7058516534703163,0.7062188819253881
BEV2_2024-09-07_drive1.csv,BEV2,2024-09-07 09:40:26+00:00,2024-09-07 09:55:47+00:00,2024-09-07 09:40:29+00:00,3.308270207464338,3.308270207464338,0,False,True,True,0.0,False,False,1725702026000000000,1725702947000000000,1725702029000000000,train,1318:22645>1320:22653|3,2-10,True,22.0,10-25,0.5498651638423693,0.0004005463071364,0.5502657101495056,0-1d,False,0-1d,False,0.9989106753812635,0.5499026390666157,0.5503031853737521,0.5499008043412829,0.5503013506484192,0.5499008043412829,0.5503013506484192,0.5509578772514516,0.551358423558588
BEV2_2024-09-07_drive2.csv,BEV2,2024-09-07 09:59:20+00:00,2024-09-07 10:15:11+00:00,2024-09-07 09:59:23+00:00,3.096248289034341,3.096511255465746,0,False,True,True,0.0,False,False,1725703160000000000,1725704111000000000,1725703163000000000,train,1320:22653>1318:22645|3,2-10,True,23.0,10-25,0.65187244342998,0.0003344901166078,0.6522069335465878,0-1d,False,0-1d,False,0.9989451476793249,0.6517231513447846,0.6520576414613924,0.6513417653848945,0.6516762555015023,0.6513417653848945,0.6516762555015023,0.6518857255246782,0.652220215641286
BEV2_2024-09-07_drive3.csv,BEV2,2024-09-07 12:21:23+00:00,2024-09-07 13:41:14+00:00,2024-09-07 12:21:25+00:00,39.78404751917566,39.78404751917566,0,False,True,True,0.0,False,False,1725711683000000000,1725716474000000000,1725711685000000000,train,1318:22645>1318:22645|39,10-50,True,27.45,>25,9.125940781276883,0.0001174767243962,9.12605825800128,0-1d,False,0-1d,False,0.9500939653372312,8.01428671274874,8.014404189473137,8.082244777257133,8.082362253981529,8.082244777257133,8.082362253981529,8.3464952849105,8.346612761634896
BEV2_2024-09-07_drive4.csv,BEV2,2024-09-07 13:54:24+00:00,2024-09-07 14:21:17+00:00,2024-09-07 13:54:27+00:00,7.527474065854566,7.527544257752524,0,False,True,True,0.0,False,False,1725717264000000000,1725718877000000000,1725717267000000000,train,1318:22645>1319:22663|7,2-10,True,30.5,>25,1.221879098338431,0.0003232041853653,1.222202302523796,0-1d,False,0-1d,False,1.0,1.2321803598706362,1.2325035640560016,1.2221684496998617,1.222491653885227,1.2221684496998617,1.222491653885227,1.2220328440972705,1.2223560482826359
BEV2_2024-09-07_drive5.csv,BEV2,2024-09-07 14:31:48+00:00,2024-09-07 15:07:47+00:00,2024-09-07 14:31:51+00:00,5.421654797421056,5.421654797421056,0,False,True,True,0.0,False,False,1725719508000000000,1725721667000000000,1725719511000000000,train,1319:22663>1318:22645|5,2-10,True,33.2,>25,1.225914723532695,0.0003087149223662,1.2262234384550612,0-1d,False,0-1d,False,0.9995361781076066,1.1596971255299922,1.1600058404523583,1.1639817993965371,1.1642905143189033,1.1639817993965371,1.1642905143189033,1.1699038739079788,1.170212588830345
BEV2_2024-09-07_drive6.csv,BEV2,2024-09-07 16:07:30+00:00,2024-09-07 16:27:14+00:00,2024-09-07 16:07:33+00:00,2.507339901211361,2.507339901211361,0,False,True,True,0.0,False,False,1725725250000000000,1725726434000000000,1725725253000000000,train,1318:22645>1317:22652|2,2-10,True,32.0,>25,0.4058810560925185,0.0003180721708676,0.4061991282633861,0-1d,False,0-1d,False,1.0,0.4169034412923984,0.417221513463266,0.40609880497093137,0.40641687714179897,0.40609880497093137,0.40641687714179897,0.4576532839890078,0.4579713561598754
BEV2_2024-09-08_drive2.csv,BEV2,2024-09-08 10:05:07+00:00,2024-09-08 10:35:13+00:00,2024-09-08 10:05:10+00:00,15.656277551803392,15.656347559883,0,False,True,True,0.0,False,False,1725789907000000000,1725791713000000000,1725789910000000000,train,1394:22700>1361:22700|15,10-50,True,21.0,10-25,1.9438404134141327,0.0004599054033737,1.9443003188175063,0-1d,False,0-1d,False,0.995008319467554,2.239575451541305,2.240035356944679,2.4551724787629006,2.4556323841662744,2.4551724787629006,2.4556323841662744,2.0725766077692502,2.073036513172624
BEV2_2024-09-08_drive3.csv,BEV2,2024-09-08 11:14:19+00:00,2024-09-08 11:43:59+00:00,2024-09-08 11:14:22+00:00,19.43011603675572,19.43022723183568,0,False,True,True,0.0,False,False,1725794059000000000,1725795839000000000,1725794062000000000,train,1361:22700>1318:22645|19,10-50,True,23.5,10-25,4.255885491883277,0.0003077280324359,4.256193219915713,0-1d,False,0-1d,False,0.9667979741136749,4.19872140658061,4.1990291346130455,4.151079551078549,4.151387279110985,4.151079551078549,4.151387279110985,4.037122630896874,4.03743035892931
BEV2_2024-09-08_drive4.csv,BEV2,2024-09-08 12:30:58+00:00,2024-09-08 13:31:06+00:00,2024-09-08 12:31:01+00:00,57.33296587233503,57.33296587233503,0,False,True,True,0.0,False,False,1725798658000000000,1725802266000000000,1725798661000000000,train,1318:22645>1247:22825|57,>=50,True,24.0,10-25,10.291904940323006,0.000328833381746,10.292233773704751,0-1d,False,0-1d,False,0.9500693481276006,10.600010147457574,10.60033898083932,10.612028001832995,10.61235683521474,10.612028001832995,10.61235683521474,10.65447445862578,10.654803292007525
BEV2_2024-09-08_drive5.csv,BEV2,2024-09-08 13:44:50+00:00,2024-09-08 14:14:36+00:00,2024-09-08 13:44:53+00:00,6.948993138315811,6.948993138315811,0,False,True,True,0.0,False,False,1725803090000000000,1725804876000000000,1725803093000000000,train,1247:22825>1236:22808|6,2-10,True,24.0,10-25,1.16988688019897,0.0003399376974832,1.1702268178964534,0-1d,False,0-1d,False,1.0,1.200361292851013,1.2007012305484963,1.1663387781353787,1.166678715832862,1.1663387781353787,1.166678715832862,1.1698245562414746,1.170164493938958
BEV2_2024-09-09_drive1.csv,BEV2,2024-09-09 06:06:21+00:00,2024-09-09 06:23:59+00:00,2024-09-09 06:06:24+00:00,3.917111095737492,3.917111095737492,0,False,True,True,0.0,False,False,1725861981000000000,1725863039000000000,1725861984000000000,train,1318:22645>1313:22648|3,2-10,True,15.5,10-25,0.6739071891982267,0.0004032685888325,0.6743104577870592,0-1d,False,0-1d,False,1.0,0.6844277393110647,0.6848310078998973,0.6733516128529387,0.6737548814417712,0.6733516128529387,0.6737548814417712,0.6737743033757456,0.6741775719645782
BEV2_2024-09-09_drive2.csv,BEV2,2024-09-09 15:36:05+00:00,2024-09-09 15:51:31+00:00,2024-09-09 15:36:07+00:00,2.829567739485692,2.829567739485692,0,False,True,True,0.0,False,False,1725896165000000000,1725897091000000000,1725896167000000000,train,1313:22648>1318:22645|2,2-10,True,18.666666666666668,10-25,0.7678834760862328,0.0002206055091667,0.7681040815953994,0-1d,False,0-1d,False,1.0,0.76787175013753,0.7680923556466966,0.7678745305805544,0.7680951360897211,0.7678745305805544,0.7680951360897211,0.7695800487171893,0.769800654226356
BEV2_2024-09-09_drive3.csv,BEV2,2024-09-09 16:31:27+00:00,2024-09-09 17:40:05+00:00,2024-09-09 16:31:30+00:00,8.787435021263338,8.787435021263338,0,False,True,True,0.0,False,False,1725899487000000000,1725903605000000000,1725899490000000000,train,1318:22645>1318:22646|8,2-10,True,19.0,10-25,2.233958828009337,0.0002670300323104,2.234225858041648,0-1d,False,0-1d,False,0.9997569866342648,1.9728217955495109,1.9730888255818213,1.9182359661278177,1.918502996160128,1.9182359661278177,1.918502996160128,1.9730006133318014,1.9732676433641119
BEV2_2024-09-10_drive1.csv,BEV2,2024-09-10 03:06:20+00:00,2024-09-10 03:31:55+00:00,2024-09-10 03:06:23+00:00,10.219449935071491,10.219449935071491,0,False,True,True,0.0,False,False,1725937580000000000,1725939115000000000,1725937583000000000,train,1318:22646>1318:22646|10,10-50,True,13.166666666666666,10-25,1.6818732384242707,0.0003391735217525,1.6822124119460231,0-1d,False,0-1d,False,0.9993472584856395,1.9288451422961113,1.9291843158178636,1.6810051793295018,1.6813443528512542,1.6810051793295018,1.6813443528512542,1.7073613014775852,1.7077004749993376
BEV2_2024-09-10_drive2.csv,BEV2,2024-09-10 07:27:01+00:00,2024-09-10 07:47:15+00:00,2024-09-10 07:27:04+00:00,2.1146096594955783,2.1146096594955783,0,False,True,True,0.0,False,False,1725953221000000000,1725954435000000000,1725953224000000000,train,1318:22646>1313:22648|2,2-10,True,14.5,10-25,0.3538472361910759,0.0003643503213948,0.3542115865124707,0-1d,False,0-1d,False,1.0,0.35442651771804357,0.3547908680394384,0.3536772221000043,0.3540415724213991,0.3536772221000043,0.3540415724213991,0.3542969730963282,0.354661323417723
BEV2_2024-09-10_drive3.csv,BEV2,2024-09-10 12:39:05+00:00,2024-09-10 13:50:03+00:00,2024-09-10 12:39:08+00:00,56.59453225198857,56.59453225198857,0,False,True,True,0.0,False,False,1725971945000000000,1725976203000000000,1725971948000000000,train,1313:22648>1077:22696|56,>=50,True,17.5,10-25,11.27589747600692,0.000345098297916,11.276242574304838,0-1d,False,0-1d,False,0.9539365452408932,11.642480940873348,11.642826039171265,11.289880124681622,11.290225222979538,11.289880124681622,11.290225222979538,11.267695783435045,11.268040881732961
BEV2_2024-09-10_drive5.csv,BEV2,2024-09-10 18:08:31+00:00,2024-09-10 19:13:43+00:00,2024-09-10 18:08:34+00:00,73.58431740934665,73.58431740934665,0,False,True,True,0.0,False,False,1725991711000000000,1725995623000000000,1725991714000000000,train,1039:22735>1313:22659|73,>=50,True,16.0,10-25,17.427852788738203,0.0003470312022054,17.42819981994041,0-1d,False,0-1d,False,0.9322077257610644,16.15659607237278,16.156943103574985,15.849931499803729,15.850278531005934,15.849931499803729,15.850278531005934,15.77735684375127,15.777703874953476
BEV2_2024-09-10_drive6.csv,BEV2,2024-09-10 19:49:45+00:00,2024-09-10 20:14:43+00:00,2024-09-10 19:49:46+00:00,5.361317941629369,5.361317941629369,0,False,True,True,0.0,False,False,1725997785000000000,1725999283000000000,1725997786000000000,train,1313:22659>1318:22645|5,2-10,True,24.5,10-25,0.9695949133585114,0.0004050866426527,0.9700000000011642,0-1d,False,0-1d,False,1.0,1.0112159107438465,1.0116209973864991,0.9939466843045278,0.9943517709471805,0.9939466843045278,0.9943517709471805,0.9831536719411206,0.9835587585837733
BEV2_2024-09-11_drive1.csv,BEV2,2024-09-11 07:14:15+00:00,2024-09-11 07:51:00+00:00,2024-09-11 07:14:16+00:00,18.698205677117823,18.698205677117823,0,False,True,True,0.0,False,False,1726038855000000000,1726041060000000000,1726038856000000000,train,1318:22645>1384:22622|18,10-50,True,11.0,10-25,4.360000000000582,0.00011089686935,4.360110896869932,0-1d,False,0-1d,False,0.970508166969147,4.362322736026492,4.362433632895842,4.0370547128145144,4.037165609683864,4.0370547128145144,4.037165609683864,4.205182898611667,4.205293795481016
BEV2_2024-09-11_drive2.csv,BEV2,2024-09-11 10:46:39+00:00,2024-09-11 11:43:18+00:00,2024-09-11 10:46:43+00:00,52.29337211967324,52.29337211967324,0,False,True,True,0.0,False,False,1726051599000000000,1726054998000000000,1726051603000000000,train,1384:22622>1552:22706|52,>=50,True,12.0,10-25,9.065874750185714,0.000451715277691,9.066326465463405,0-1d,False,0-1d,False,0.9690721649484536,10.849895262334993,10.850346977612684,10.301828442866244,10.302280158143935,10.301828442866244,10.302280158143935,9.366497362427634,9.366949077705325
BEV2_2024-09-11_drive3.csv,BEV2,2024-09-11 14:52:23+00:00,2024-09-11 16:10:13+00:00,2024-09-11 14:52:24+00:00,59.67826283635112,59.67826283635112,0,True,True,True,0.0,True,False,1726066343000000000,1726071013000000000,1726066344000000000,train,1552:22706>1318:22645|59,>=50,True,15.0,10-25,12.545728672204358,0.0002713277940972,12.545999999998456,0-1d,False,0-1d,False,0.9488113086313986,12.944771037575313,12.94504236536941,12.609978859182833,12.61025018697693,12.609978859182833,12.61025018697693,12.53833782281577,12.538609150609867
BEV2_2024-09-12_drive1.csv,BEV2,2024-09-12 10:10:30+00:00,2024-09-12 10:27:45+00:00,2024-09-12 10:10:32+00:00,5.640747444549909,5.640747444549909,1,False,False,True,0.0,False,False,1726135830000000000,1726136865000000000,1726135832000000000,train,1318:22645>1319:22651|5,2-10,True,12.5,10-25,0.9958329558062816,0.0003143623150231,0.9961473181213047,0-1d,False,0-1d,False,0.9699903194578896,1.1089777635604836,1.1092921258755066,1.0879850111880578,1.0882993735030808,1.0879850111880578,1.0882993735030808,1.1070692093612808,1.1073835716763039
BEV2_2024-09-12_drive2.csv,BEV2,2024-09-12 10:30:33+00:00,2024-09-12 10:33:26+00:00,2024-09-12 10:30:35+00:00,0.8674934841008484,0.8674934841008484,0,False,True,True,0.0,False,False,1726137033000000000,1726137206000000000,1726137035000000000,train,1319:22651>1316:22650|0,<2,True,13.0,10-25,0.0838659462370342,0.0002554133268111,0.0841213595638454,0-1d,False,0-1d,False,0.9941520467836256,0.08058533682533688,0.08084075015214798,0.08386071665774136,0.08411612998455247,0.08386071665774136,0.08411612998455247,0.08375143523742194,0.08400684856423304
BEV2_2024-09-12_drive3.csv,BEV2,2024-09-12 10:35:42+00:00,2024-09-12 10:42:39+00:00,2024-09-12 10:35:44+00:00,1.5514056413339914,1.5514056413339914,0,False,True,True,0.0,False,False,1726137342000000000,1726137759000000000,1726137344000000000,train,1316:22650>1315:22645|1,<2,True,13.0,10-25,0.385840087822166,0.0003139525605439,0.3861540403827099,0-1d,False,0-1d,False,1.0,0.3854460934263403,0.3857600459868842,0.38540063601855323,0.38571458857909713,0.38540063601855323,0.38571458857909713,0.3863620757986974,0.3866760283592413
BEV2_2024-09-12_drive4.csv,BEV2,2024-09-12 10:51:37+00:00,2024-09-12 10:56:21+00:00,2024-09-12 10:51:39+00:00,1.6694730372865192,1.6696134261489868,0,False,True,True,0.0,False,False,1726138297000000000,1726138581000000000,1726138299000000000,train,1315:22645>1318:22645|1,<2,True,13.0,10-25,0.3598094940079541,0.000476997925174,0.3602864919331282,0-1d,False,0-1d,False,1.0,0.3597475947977066,0.36022459272288065,0.35981932043199755,0.3602963183571716,0.35981932043199755,0.3602963183571716,0.34944652007831845,0.3499235180034925
BEV2_2024-09-12_drive5.csv,BEV2,2024-09-12 10:57:35+00:00,2024-09-12 10:58:50+00:00,2024-09-12 10:57:37+00:00,0.0594384410490603,0.05961982815197,0,False,True,False,0.0,False,False,1726138655000000000,1726138730000000000,1726138657000000000,train,1318:22645>1318:22645|0,<2,True,12.5,10-25,0.0477414682913788,0.0005051639250474,0.0482466322164262,0-1d,False,0-1d,False,0.9863013698630136,0.04821263242375797,0.048717796348805374,0.047737664801361664,0.048242828726409066,0.047737664801361664,0.048242828726409066,0.04770552693371708,0.048210690858764484
BEV2_2024-09-12_drive6.csv,BEV2,2024-09-12 13:12:23+00:00,2024-09-12 13:25:14+00:00,2024-09-12 13:12:25+00:00,5.4819041225996985,5.481974314175547,0,False,True,True,0.0,False,False,1726146743000000000,1726147514000000000,1726146745000000000,train,1318:22645>1329:22650|5,2-10,True,14.2,10-25,0.9519787139738216,0.0004689500736736,0.9524476640474951,0-1d,False,0-1d,False,0.9986996098829648,0.9525232017641161,0.9529921518377897,0.9509453485907176,0.9514142986643912,0.9509453485907176,0.9514142986643912,0.9519686418459935,0.9524375919196671
BEV2_2024-09-12_drive8.csv,BEV2,2024-09-12 15:47:41+00:00,2024-09-12 15:59:23+00:00,2024-09-12 15:47:43+00:00,1.8390413709373143,1.8390413709373143,0,False,True,True,0.0,False,False,1726156061000000000,1726156763000000000,1726156063000000000,train,1318:22645>1318:22645|1,<2,True,15.5,10-25,0.4458768166921145,0.0002317102243927,0.4461085269165072,0-1d,False,0-1d,False,0.9985714285714286,0.44582539591597625,0.446057106140369,0.44585747782391844,0.44608918804831116,0.44585747782391844,0.44608918804831116,0.44587670240865995,0.4461084126330527
BEV2_2024-09-13_drive1.csv,BEV2,2024-09-13 06:02:20+00:00,2024-09-13 06:10:18+00:00,2024-09-13 06:02:21+00:00,2.1662699541085297,2.1662699541085297,0,False,True,True,0.0,False,False,1726207340000000000,1726207818000000000,1726207341000000000,train,1318:22645>1313:22648|2,2-10,True,6.0,<10,0.6182140009510187,0.0002204065833186,0.6184344075343373,0-1d,False,0-1d,False,0.9979035639412998,0.6179987716550166,0.6182191782383352,0.6220566963810994,0.622277102964418,0.6220566963810994,0.622277102964418,0.6188343521190932,0.6190547587024118
BEV2_2024-09-13_drive2.csv,BEV2,2024-09-13 09:28:43+00:00,2024-09-13 09:42:10+00:00,2024-09-13 09:28:45+00:00,2.7152223360976944,2.7155804862415245,0,False,True,True,0.0,False,False,1726219723000000000,1726220530000000000,1726219725000000000,train,1313:22648>1318:22647|2,2-10,True,13.5,10-25,0.8599704279634223,0.0003920542546762,0.8603624822180985,0-1d,False,0-1d,False,0.9987577639751553,0.8487045526185936,0.8490966068732698,0.8593662701172604,0.8597583243719367,0.8593662701172604,0.8597583243719367,0.8601618705118463,0.8605539247665226
BEV2_2024-09-13_drive3.csv,BEV2,2024-09-13 09:43:27+00:00,2024-09-13 09:50:30+00:00,2024-09-13 09:43:29+00:00,2.1308312311483166,2.130962724871137,0,False,True,True,0.0,False,False,1726220607000000000,1726221030000000000,1726220609000000000,train,1318:22647>1313:22648|2,2-10,True,14.0,10-25,0.2877951423375633,0.0003250772623024,0.2881202195998657,0-1d,False,0-1d,False,0.997624703087886,0.4006405782855449,0.4009656555478473,0.40400933644461623,0.40433441370691864,0.40400933644461623,0.40433441370691864,0.33519074714237584,0.33551582440467825
BEV2_2024-09-13_drive4.csv,BEV2,2024-09-13 14:55:21+00:00,2024-09-13 15:24:59+00:00,2024-09-13 14:55:23+00:00,8.082314082653449,8.082806182742804,0,False,True,True,0.0,False,False,1726239321000000000,1726241099000000000,1726239323000000000,train,1313:22648>1317:22659|8,2-10,True,16.5,10-25,1.7137642414907543,0.000468113002424,1.7142323544931783,0-1d,False,0-1d,False,1.0,1.7136609790070496,1.7141290920094736,1.714185408865831,1.714653521868255,1.714185408865831,1.714653521868255,1.7134791533962639,1.7139472663986879
BEV2_2024-09-13_drive5.csv,BEV2,2024-09-13 16:02:52+00:00,2024-09-13 16:20:27+00:00,2024-09-13 16:02:54+00:00,5.191683110668419,5.191683110668419,0,False,True,True,0.0,False,False,1726243372000000000,1726244427000000000,1726243374000000000,train,1317:22659>1318:22646|5,2-10,True,15.4,10-25,1.1718947150858408,0.0001952242180895,1.1720899393039304,0-1d,False,0-1d,False,1.0,1.172482192862863,1.1726774170809526,1.1718609143390564,1.172056138557146,1.1718609143390564,1.172056138557146,1.1718998825110307,1.1720951067291203
BEV2_2024-09-13_drive6.csv,BEV2,2024-09-13 18:30:21+00:00,2024-09-13 18:30:55+00:00,2024-09-13 18:30:23+00:00,0.0764064406826482,0.0764064406826482,0,False,True,False,0.0,False,False,1726252221000000000,1726252255000000000,1726252223000000000,train,1318:22646>1318:22645|0,<2,True,14.5,10-25,0.0312012622009215,0.0030466603878728,0.0342479225887943,0-1d,False,0-1d,False,1.0,0.031209845731636564,0.03425650611950937,0.031526339215081016,0.03457299960295382,0.031526339215081016,0.03457299960295382,0.029867798476376807,0.03291445886424961
BEV2_2024-09-13_drive7.csv,BEV2,2024-09-13 20:29:53+00:00,2024-09-13 20:59:31+00:00,2024-09-13 20:29:55+00:00,6.445594168534267,6.445594168534267,0,False,True,True,0.0,False,False,1726259393000000000,1726261171000000000,1726259395000000000,train,1318:22645>1318:22645|6,2-10,True,13.5,10-25,1.5059038388007089,0.0001808819321041,1.5060847207328127,0-1d,False,0-1d,False,1.0,1.3759638578959923,1.3761447398280964,1.394914774298036,1.39509565623014,1.394914774298036,1.39509565623014,1.4992832882601415,1.4994641701922455
BEV2_2024-09-13_drive8.csv,BEV2,2024-09-13 22:36:55+00:00,2024-09-13 23:23:08+00:00,2024-09-13 22:36:57+00:00,8.638150173305455,8.638150173305455,0,True,True,True,0.0,True,False,1726267015000000000,1726269788000000000,1726267017000000000,train,1318:22645>1318:22645|8,2-10,True,10.5,10-25,2.025900438223799,0.0001823455165133,2.0260827837403124,0-1d,False,0-1d,False,1.0,1.9914776897010134,1.9916600352175267,2.0223896916831983,2.0225720371997116,2.0223896916831983,2.0225720371997116,2.0261987631121263,2.0263811086286396
BEV2_2024-09-14_drive1.csv,BEV2,2024-09-14 06:38:55+00:00,2024-09-14 06:45:46+00:00,2024-09-14 06:38:57+00:00,3.4356904518282843,3.4356904518282843,0,False,True,True,0.0,False,False,1726295935000000000,1726296346000000000,1726295937000000000,train,1318:22645>1321:22656|3,2-10,True,8.5,<10,0.4562450959958272,0.0003632561060932,0.4566083521019204,0-1d,False,0-1d,False,0.9975550122249388,0.5642383104527856,0.5646015665588788,0.5804440518394934,0.5808073079455867,0.5804440518394934,0.5808073079455867,0.5135219039371515,0.5138851600432447
BEV2_2024-09-14_drive2.csv,BEV2,2024-09-14 07:55:13+00:00,2024-09-14 08:10:17+00:00,2024-09-14 07:55:15+00:00,4.238034557452519,4.238034557452519,0,False,True,True,0.0,False,False,1726300513000000000,1726301417000000000,1726300515000000000,train,1321:22656>1318:22645|4,2-10,True,13.0,10-25,1.0878430008658224,0.0002851634552536,1.088128164321076,0-1d,False,0-1d,False,1.0,1.0902153743240586,1.0905005377793122,1.0990004549454473,1.099285618400701,1.0990004549454473,1.099285618400701,1.0884325472920044,1.088717710747258
BEV2_2024-09-14_drive3.csv,BEV2,2024-09-14 08:51:51+00:00,2024-09-14 09:50:54+00:00,2024-09-14 08:51:53+00:00,47.33274904034269,47.33274904034269,0,False,True,True,0.0,False,False,1726303911000000000,1726307454000000000,1726303913000000000,train,1318:22645>1313:22647|47,10-50,True,15.5,10-25,9.096033723857245,0.0003696758180717,9.096403399675316,0-1d,False,0-1d,False,0.95989833380401,9.095580673104974,9.095950348923045,9.216221239080323,9.216590914898394,9.216221239080323,9.216590914898394,9.439917507475691,9.440287183293762
BEV2_2024-09-14_drive5.csv,BEV2,2024-09-14 13:04:27+00:00,2024-09-14 13:28:29+00:00,2024-09-14 13:04:29+00:00,7.85301403117904,7.853193117246276,2,False,True,True,0.0,False,False,1726319067000000000,1726320509000000000,1726319069000000000,train,1318:22645>1318:22645|7,2-10,True,21.0,10-25,1.501814828921456,0.000473969603801,1.5022887985252569,0-1d,False,0-1d,False,0.9875,1.5017852444936977,1.5022592140974986,1.513954701112851,1.5144286707166519,1.513954701112851,1.5144286707166519,1.501938296853304,1.502412266457105
BEV2_2024-09-14_drive7.csv,BEV2,2024-09-14 15:04:00+00:00,2024-09-14 15:19:33+00:00,2024-09-14 15:04:03+00:00,4.628607671605001,4.628677817265875,0,False,True,True,0.0,False,False,1726326240000000000,1726327173000000000,1726326243000000000,train,1317:22659>1318:22645|4,2-10,True,21.5,10-25,0.8977784599935473,0.0006433998143196,0.8984218598078669,0-1d,False,0-1d,False,1.0,0.8978667357703722,0.8985101355846918,0.8980207961827423,0.8986641959970619,0.8980207961827423,0.8986641959970619,0.8977316235866873,0.898375023401007
BEV2_2024-09-14_drive8.csv,BEV2,2024-09-14 16:35:42+00:00,2024-09-14 17:06:08+00:00,2024-09-14 16:35:43+00:00,23.869862650449388,23.869862650449388,0,False,True,True,0.0,False,False,1726331742000000000,1726333568000000000,1726331743000000000,train,1318:22645>1225:22632|23,10-50,True,18.0,10-25,4.921881973489486,0.0001180265091753,4.921999999998661,0-1d,False,0-1d,False,0.9556164383561644,4.901858105779235,4.90197613228841,4.917400806206018,4.917518832715193,4.917400806206018,4.917518832715193,4.926344725854005,4.92646275236318
BEV2_2024-09-14_drive9.csv,BEV2,2024-09-14 18:31:17+00:00,2024-09-14 19:03:32+00:00,2024-09-14 18:31:19+00:00,24.23051389027819,24.23051389027819,0,False,True,True,0.0,False,False,1726338677000000000,1726340612000000000,1726338679000000000,train,1225:22632>1318:22645|24,10-50,True,22.0,10-25,5.063884909363971,0.00022858738819,5.064113496752161,0-1d,False,0-1d,False,0.9539575788929124,4.8984820867627255,4.898710674150916,5.06651798013268,5.0667465675208705,5.06651798013268,5.0667465675208705,5.066565612329343,5.066794199717534
BEV2_2024-09-15_drive1.csv,BEV2,2024-09-15 08:34:00+00:00,2024-09-15 08:44:52+00:00,2024-09-15 08:34:02+00:00,2.7063630627032422,2.7063630627032422,0,False,True,True,0.0,False,False,1726389240000000000,1726389892000000000,1726389242000000000,train,1318:22645>1315:22648|2,2-10,True,13.0,10-25,0.4998486697541399,0.000299248254809,0.5001479180089489,0-1d,False,0-1d,False,1.0,0.4998264254583741,0.5001256737131831,0.5002205647852559,0.5005198130400649,0.5002205647852559,0.5005198130400649,0.49984016133856174,0.5001394095933708
BEV2_2024-09-15_drive2.csv,BEV2,2024-09-15 09:21:28+00:00,2024-09-15 09:27:08+00:00,2024-09-15 09:21:30+00:00,1.364641876205759,1.3648799798357008,0,False,True,True,0.0,False,False,1726392088000000000,1726392428000000000,1726392090000000000,train,1315:22648>1318:22645|1,<2,True,13.5,10-25,0.3737654752743236,0.0004638806955555,0.3742293559698791,0-1d,False,0-1d,False,1.0,0.39198064763454005,0.3924445283300955,0.37359199714505087,0.37405587784060634,0.37359199714505087,0.37405587784060634,0.37381853762488915,0.3742824183204446
BEV2_2024-09-15_drive3.csv,BEV2,2024-09-15 12:41:05+00:00,2024-09-15 13:43:40+00:00,2024-09-15 12:41:07+00:00,50.44110260128721,50.44117279295348,0,False,True,True,0.0,False,False,1726404065000000000,1726407820000000000,1726404067000000000,train,1318:22645>1236:22808|50,>=50,True,20.5,10-25,9.599477934752631,0.0010339275425154,9.600511862295146,0-1d,False,0-1d,False,0.947242206235012,9.600057595990043,9.601091523532558,9.603407103174987,9.604441030717503,9.603407103174987,9.604441030717503,9.599542957029147,9.600576884571662
BEV2_2024-09-15_drive4.csv,BEV2,2024-09-15 15:01:47+00:00,2024-09-15 15:20:12+00:00,2024-09-15 15:01:48+00:00,7.414081456819737,7.414081456819737,0,False,True,True,0.0,False,False,1726412507000000000,1726413612000000000,1726412508000000000,train,1236:22808>1245:22822|7,2-10,True,25.5,>25,1.1317918455951477,0.0002081544062785,1.132000000001426,0-1d,False,0-1d,False,0.9981884057971014,1.2303497772872236,1.230557931693502,1.1845563722235934,1.1847645266298719,1.1845563722235934,1.1847645266298719,1.175483239012767,1.1756913934190454
BEV2_2024-09-15_drive5.csv,BEV2,2024-09-15 15:43:46+00:00,2024-09-15 16:52:05+00:00,2024-09-15 15:43:48+00:00,56.66813724702638,56.66813724702638,0,False,True,True,0.0,False,False,1726415026000000000,1726419125000000000,1726415028000000000,train,1245:22822>1318:22645|56,>=50,True,20.0,10-25,11.163792079434462,0.0004383258223133,11.164230405256776,0-1d,False,0-1d,False,0.94898706370515,11.159776992244348,11.160215318066662,11.147136964988661,11.147575290810975,11.147136964988661,11.147575290810975,11.15646511815582,11.156903443978134
BEV2_2024-09-15_drive6.csv,BEV2,2024-09-15 20:47:19+00:00,2024-09-15 20:55:11+00:00,2024-09-15 20:47:21+00:00,2.6450685140514465,2.64513870578389,0,False,True,True,0.0,False,False,1726433239000000000,1726433711000000000,1726433241000000000,train,1318:22645>1315:22648|2,2-10,True,14.5,10-25,0.334126637725585,0.0005529938932109,0.3346796316187959,0-1d,True,0-1d,True,0.997872340425532,0.41308584662814274,0.41363884052135363,0.377066369003488,0.3776193628966989,0.377066369003488,0.3776193628966989,0.334066433772947,0.3346194276661579
BEV2_2024-09-15_drive7.csv,BEV2,2024-09-15 20:58:16+00:00,2024-09-15 21:08:54+00:00,2024-09-15 20:58:18+00:00,1.055454696251924,1.055454696251924,0,False,True,True,0.0,False,False,1726433896000000000,1726434534000000000,1726433898000000000,train,1315:22648>1316:22651|1,<2,True,16.5,10-25,0.2757454369043655,0.0004781643918794,0.2762236012962449,0-1d,False,0-1d,False,1.0,0.27272471086145,0.2732028752533294,0.27466916930647106,0.2751473336983505,0.27466916930647106,0.2751473336983505,0.27482222087220937,0.2753003852640888
BEV2_2024-09-15_drive8.csv,BEV2,2024-09-15 21:16:06+00:00,2024-09-15 21:22:30+00:00,2024-09-15 21:16:07+00:00,2.7173836296089178,2.7173836296089178,0,False,True,True,0.0,False,False,1726434966000000000,1726435350000000000,1726434967000000000,train,1316:22651>1318:22645|2,2-10,True,16.5,10-25,0.5020415887375941,0.0001073859354022,0.5021489746729962,0-1d,False,0-1d,False,0.9973890339425588,0.5753955452683164,0.5755029312037185,0.578216739561924,0.5783241254973261,0.578216739561924,0.5783241254973261,0.5019004724194864,0.5020078583548886
BEV2_2024-09-16_drive2.csv,BEV2,2024-09-16 09:53:10+00:00,2024-09-16 09:54:26+00:00,2024-09-16 09:53:11+00:00,0.0396406696942112,0.0396406696942112,0,True,True,False,0.0,True,False,1726480390000000000,1726480466000000000,1726480391000000000,train,1313:22648>1313:22648|0,<2,True,18.5,10-25,0.0415607491303852,0.0004392508690763,0.0419999999994615,0-1d,False,0-1d,False,1.0,0.021423546045151332,0.02186279691422763,0.04123952322821289,0.04167877409728919,0.04123952322821289,0.04167877409728919,0.04185636888848546,0.042295619757561756
BEV2_2024-09-16_drive3.csv,BEV2,2024-09-16 11:37:20+00:00,2024-09-16 11:50:34+00:00,2024-09-16 11:37:22+00:00,3.762720866178114,3.762720866178114,0,False,True,True,0.0,False,False,1726486640000000000,1726487434000000000,1726486642000000000,train,1313:22648>1317:22652|3,2-10,True,20.5,10-25,0.7578669440092456,0.0002677946631907,0.7581347386724363,0-1d,False,0-1d,False,0.9987373737373736,0.7580485371952366,0.7583163318584273,0.7578901924905602,0.7581579871537509,0.7578901924905602,0.7581579871537509,0.7578464761124083,0.758114270775599
BEV2_2024-09-16_drive4.csv,BEV2,2024-09-16 12:56:02+00:00,2024-09-16 13:04:29+00:00,2024-09-16 12:56:03+00:00,2.3817991697080423,2.3817991697080423,0,False,True,True,0.0,False,False,1726491362000000000,1726491869000000000,1726491363000000000,train,1317:22652>1318:22645|2,2-10,True,20.5,10-25,0.5340933866355752,0.0001249172719923,0.5342183039075674,0-1d,False,0-1d,False,0.9980237154150198,0.5343862567283956,0.5345111740003878,0.5340965735055495,0.5342214907775418,0.5340965735055495,0.5342214907775418,0.5340520749816031,0.5341769922535954
BEV2_2024-09-16_drive5.csv,BEV2,2024-09-16 13:30:50+00:00,2024-09-16 13:38:32+00:00,2024-09-16 13:30:53+00:00,2.0908207909586003,2.0908207909586003,0,False,True,True,0.0,False,False,1726493450000000000,1726493912000000000,1726493453000000000,train,1318:22645>1313:22648|2,2-10,True,22.0,10-25,0.2917755800157667,0.0007479242413779,0.2925235042571446,0-1d,False,0-1d,False,0.9978213507625272,0.29139451502832575,0.2921424392697036,0.29177989927222825,0.2925278235136061,0.29177989927222825,0.2925278235136061,0.29174372546564364,0.2924916497070215
BEV2_2024-09-16_drive6.csv,BEV2,2024-09-16 15:41:34+00:00,2024-09-16 16:10:13+00:00,2024-09-16 15:41:36+00:00,4.605385755848967,4.605385755848967,0,False,True,True,0.0,False,False,1726501294000000000,1726503013000000000,1726501296000000000,train,1313:22648>1318:22645|4,2-10,True,21.5,10-25,1.283805228705138,0.0004120156166437,1.2842172443217816,0-1d,False,0-1d,False,1.0,1.1704202874215142,1.1708323030381578,1.20564866732344,1.2060606829400835,1.20564866732344,1.2060606829400835,1.2510478438343564,1.251459859451
BEV2_2024-09-17_drive1.csv,BEV2,2024-09-17 10:17:15+00:00,2024-09-17 11:53:52+00:00,2024-09-17 10:17:18+00:00,99.33884016464066,99.33884016464066,0,False,True,True,0.0,False,False,1726568235000000000,1726574032000000000,1726568238000000000,train,1318:22645>1385:22955|99,>=50,True,20.0,10-25,18.811731817995245,0.0007796486010734,18.81251146659632,0-1d,False,0-1d,False,0.9366586123576112,19.26278702147513,19.263566670076205,19.421551195120525,19.4223308437216,19.421551195120525,19.4223308437216,19.579197361352087,19.57997700995316
BEV2_2024-09-17_drive2.csv,BEV2,2024-09-17 15:56:31+00:00,2024-09-17 17:35:13+00:00,2024-09-17 15:56:33+00:00,103.1533616956742,103.1533616956742,0,False,True,True,0.0,False,False,1726588591000000000,1726594513000000000,1726588593000000000,train,1385:22955>1316:22647|103,>=50,True,22.0,10-25,18.308143184367605,0.0003176285513135,18.30846081291892,0-1d,False,0-1d,False,0.9395270270270272,20.021396418121082,20.021714046672397,20.272011319495043,20.272328948046358,20.272011319495043,20.272328948046358,20.086922403719765,20.08724003227108
BEV2_2024-09-17_drive3.csv,BEV2,2024-09-17 18:14:34+00:00,2024-09-17 18:48:03+00:00,2024-09-17 18:14:36+00:00,4.992161899656711,4.992161899656711,0,False,True,True,0.0,False,False,1726596874000000000,1726598883000000000,1726596876000000000,train,1316:22647>1318:22645|4,2-10,True,22.5,10-25,1.221986061852506,0.0002462264337929,1.2222322882862988,0-1d,False,0-1d,False,1.0,1.020360625979621,1.0206068524134138,1.0940808934298696,1.0943271198636624,1.0940808934298696,1.0943271198636624,1.2022622638713232,1.202508490305116
BEV2_2024-09-18_drive1.csv,BEV2,2024-09-18 05:51:01+00:00,2024-09-18 06:00:48+00:00,2024-09-18 05:51:04+00:00,2.1980076393414163,2.1983271087491656,0,False,True,True,0.0,False,False,1726638661000000000,1726639248000000000,1726638664000000000,train,1318:22645>1313:22648|2,2-10,True,15.0,10-25,0.4656811580611899,0.0008339887759888,0.4665151468371787,0-1d,True,0-1d,True,1.0,0.4559645983411996,0.4567985871171884,0.4657132031227252,0.46654719189871396,0.4657132031227252,0.46654719189871396,0.4654959513186238,0.4663299400946126
BEV2_2024-09-18_drive2.csv,BEV2,2024-09-18 10:19:27+00:00,2024-09-18 10:32:34+00:00,2024-09-18 10:19:30+00:00,2.800838523252919,2.800838523252919,1,True,False,True,0.0,True,False,1726654767000000000,1726655554000000000,1726654770000000000,train,1313:22648>1318:22645|2,2-10,True,22.5,10-25,0.797974757296042,0.000325625432835,0.7983003827288769,0-1d,False,0-1d,False,0.9834183673469388,0.743577505773185,0.74390313120602,0.7979755641259951,0.7983011895588301,0.7979755641259951,0.7983011895588301,0.7889181620416696,0.7892437874745046
BEV2_2024-09-18_drive3.csv,BEV2,2024-09-18 13:34:07+00:00,2024-09-18 14:15:57+00:00,2024-09-18 13:34:08+00:00,21.417588971862983,21.417588971862983,0,False,True,True,0.0,False,False,1726666447000000000,1726668957000000000,1726666448000000000,train,1318:22645>1319:22653|21,10-50,True,26.0,>25,4.364001719562555,0.0002444266054131,4.364246146167968,0-1d,False,0-1d,False,0.9788760462335592,4.20726085282026,4.207505279425673,4.352664363532656,4.352908790138069,4.352664363532656,4.352908790138069,4.363937446221512,4.364181872826925
BEV2_2024-09-18_drive4.csv,BEV2,2024-09-18 14:36:03+00:00,2024-09-18 14:54:11+00:00,2024-09-18 14:36:05+00:00,2.741453110413772,2.741453110413772,0,False,True,True,0.0,False,False,1726670163000000000,1726671251000000000,1726670165000000000,train,1319:22653>1318:22645|2,2-10,True,30.5,>25,0.7557787130356265,0.0004395088351896,0.7562182218708161,0-1d,False,0-1d,False,1.0,0.6962589834911832,0.6966984923263728,0.7378699929117887,0.7383095017469783,0.7378699929117887,0.7383095017469783,0.7299343992509391,0.7303739080861287
BEV2_2024-09-18_drive5.csv,BEV2,2024-09-18 16:08:51+00:00,2024-09-18 16:16:22+00:00,2024-09-18 16:08:53+00:00,1.1458986803329017,1.1461318847723945,0,False,True,True,0.0,False,False,1726675731000000000,1726676182000000000,1726675733000000000,train,1318:22645>1315:22648|1,<2,True,24.25,10-25,0.171898078890487,0.0001928260620602,0.1720909049525472,0-1d,False,0-1d,False,1.0,0.17181627837507224,0.17200910443713244,0.17182339307456146,0.17201621913662166,0.17182339307456146,0.17201621913662166,0.17185289076839522,0.17204571683045541
BEV2_2024-09-19_drive1.csv,BEV2,2024-09-19 05:50:48+00:00,2024-09-19 06:45:01+00:00,2024-09-19 05:50:50+00:00,61.44865088518458,61.44865088518458,0,False,True,True,0.0,False,False,1726725048000000000,1726728301000000000,1726725050000000000,train,1318:22645>1552:22706|61,>=50,True,14.5,10-25,13.825873539448583,0.0005163913518764,13.82638993080046,0-1d,False,0-1d,False,0.9212549984620116,13.845375754153611,13.845892145505488,13.823889412597273,13.82440580394915,13.823889412597273,13.82440580394915,13.810583139492522,13.811099530844398
BEV2_2024-09-19_drive2.csv,BEV2,2024-09-19 15:48:42+00:00,2024-09-19 17:06:53+00:00,2024-09-19 15:48:44+00:00,51.08663114802222,51.08663114802222,0,False,True,True,0.0,False,False,1726760922000000000,1726765613000000000,1726760924000000000,train,1552:22706>1318:22645|51,>=50,True,22.0,10-25,11.951985826779117,0.0002275282610978,11.952213355040213,0-1d,False,0-1d,False,0.9383663894220516,11.939493093345636,11.939720621606734,11.80935256065808,11.809580088919178,11.80935256065808,11.809580088919178,11.746588386973453,11.746815915234551
BEV2_2024-09-20_drive1.csv,BEV2,2024-09-20 05:30:34+00:00,2024-09-20 05:38:35+00:00,2024-09-20 05:30:36+00:00,2.475367422361961,2.475367422361961,0,False,True,True,0.0,False,False,1726810234000000000,1726810715000000000,1726810236000000000,train,1318:22645>1313:22648|2,2-10,True,13.5,10-25,0.5122266196771416,0.0004649841213976,0.5126916037985392,0-1d,True,0-1d,True,1.0,0.5123287589312371,0.5127937430526347,0.5125143897019078,0.5129793738233054,0.5125143897019078,0.5129793738233054,0.4991621274409039,0.4996271115623015
BEV2_2024-09-20_drive2.csv,BEV2,2024-09-20 15:59:04+00:00,2024-09-20 16:40:20+00:00,2024-09-20 15:59:06+00:00,9.92743258753529,9.92743258753529,0,False,True,True,0.0,False,False,1726847944000000000,1726850420000000000,1726847946000000000,train,1313:22648>1318:22646|9,2-10,True,18.0,10-25,2.0419463885370805,0.0004275447272083,2.042373933264289,0-1d,False,0-1d,False,0.9995957962813258,2.043420332508021,2.0438478772352293,2.0443751303067947,2.044802675034003,2.0443751303067947,2.044802675034003,2.0419412615499097,2.042368806277118
BEV2_2024-09-20_drive3.csv,BEV2,2024-09-20 17:12:42+00:00,2024-09-20 17:43:11+00:00,2024-09-20 17:12:45+00:00,7.76333120171213,7.76333120171213,0,False,True,True,0.0,False,False,1726852362000000000,1726854191000000000,1726852365000000000,train,1318:22646>1315:22648|7,2-10,True,21.6,10-25,1.3916694789781758,0.0004942333033827,1.3921637122815584,0-1d,False,0-1d,False,1.0,1.3916959219067568,1.3921901552101394,1.3905422178993148,1.3910364512026974,1.3905422178993148,1.3910364512026974,1.392194916888554,1.3926891501919365
BEV2_2024-09-20_drive4.csv,BEV2,2024-09-20 19:33:11+00:00,2024-09-20 19:39:52+00:00,2024-09-20 19:33:14+00:00,1.2975934475721096,1.2975934475721096,0,False,True,True,0.0,False,False,1726860791000000000,1726861192000000000,1726860794000000000,train,1315:22648>1318:22645|1,<2,True,22.0,10-25,0.4282505137507107,0.0003188492758976,0.4285693630266083,0-1d,False,0-1d,False,0.9974874371859296,0.4298422723137338,0.4301611215896314,0.4282576790750464,0.428576528350944,0.4282576790750464,0.428576528350944,0.42824271174708606,0.42856156102298365
BEV2_2024-09-21_drive1.csv,BEV2,2024-09-21 11:06:34+00:00,2024-09-21 11:42:02+00:00,2024-09-21 11:06:36+00:00,32.63551852288699,32.63551852288699,0,False,True,True,0.0,False,False,1726916794000000000,1726918922000000000,1726916796000000000,train,1318:22645>1318:22645|32,10-50,True,24.0,10-25,6.162221121496831,0.0002658410030866,6.1624869624999175,0-1d,False,0-1d,False,0.9637817497648166,6.161333018289881,6.161598859292967,6.150440161761345,6.150706002764432,6.150440161761345,6.150706002764432,6.162172287970846,6.162438128973933
BEV2_2024-09-21_drive2.csv,BEV2,2024-09-21 11:59:30+00:00,2024-09-21 12:23:45+00:00,2024-09-21 11:59:32+00:00,13.491533746491251,13.491533746491251,0,False,True,True,0.0,False,False,1726919970000000000,1726921425000000000,1726919972000000000,train,1318:22645>1326:22670|13,10-50,True,26.916666666666668,>25,2.9281348750911014,0.0001931782889228,2.928328053380024,0-1d,False,0-1d,False,0.956641431520991,2.5907100317923084,2.590903210081231,2.6136509389276026,2.613844117216525,2.6136509389276026,2.613844117216525,2.7169066609897117,2.7170998392786343
BEV2_2024-09-21_drive3.csv,BEV2,2024-09-21 12:24:52+00:00,2024-09-21 12:42:38+00:00,2024-09-21 12:24:55+00:00,17.369756053391793,17.369896267344213,0,False,True,True,0.0,False,False,1726921492000000000,1726922558000000000,1726921495000000000,train,1326:22670>1318:22645|17,10-50,True,26.5,>25,3.068148218316344,0.0006380076791525,3.0687862259954963,0-1d,False,0-1d,False,0.9661335841956726,3.095710935184506,3.096348942863658,3.0665704473483135,3.067208455027466,3.0665704473483135,3.067208455027466,3.0904636333644793,3.0911016410436316
BEV2_2024-09-21_drive4.csv,BEV2,2024-09-21 12:47:16+00:00,2024-09-21 13:53:10+00:00,2024-09-21 12:47:17+00:00,52.84724305734632,52.84724305734632,0,False,True,True,0.0,False,False,1726922836000000000,1726926790000000000,1726922837000000000,train,1318:22645>1236:22808|52,>=50,True,27.0,>25,9.211925612050369,0.0001908029492039,9.212116414999572,0-1d,False,0-1d,False,0.957500632431065,9.526382655596043,9.526573458545247,9.669582186696069,9.669772989645272,9.669582186696069,9.669772989645272,9.321744496328147,9.321935299277351
BEV2_2024-09-21_drive5.csv,BEV2,2024-09-21 17:26:57+00:00,2024-09-21 18:27:35+00:00,2024-09-21 17:27:00+00:00,57.10704275537624,57.10704275537624,1,False,True,True,0.0,False,False,1726939617000000000,1726943255000000000,1726939620000000000,train,1236:22808>1318:22645|57,>=50,True,26.0,>25,10.49188063910685,0.0003294635118333,10.492210102618683,0-1d,False,0-1d,False,0.9565337001375516,11.21977378338781,11.220103246899644,11.130617016090943,11.130946479602777,11.130617016090943,11.130946479602777,10.868258352781837,10.86858781629367
BEV2_2024-09-21_drive6.csv,BEV2,2024-09-21 19:23:31+00:00,2024-09-21 19:30:19+00:00,2024-09-21 19:23:32+00:00,1.8271780928690635,1.8271780928690635,0,True,True,True,0.0,True,False,1726946611000000000,1726947019000000000,1726946612000000000,train,1318:22645>1316:22651|1,<2,True,22.5,10-25,0.1778751828828643,0.000231582203743,0.1781067650866074,0-1d,False,0-1d,False,1.0,0.17776841727718895,0.17799999948093195,0.1744214009423029,0.1746529831460459,0.1744214009423029,0.1746529831460459,0.17780806421836715,0.17803964642211015
BEV2_2024-09-21_drive7.csv,BEV2,2024-09-21 20:32:25+00:00,2024-09-21 20:42:33+00:00,2024-09-21 20:32:27+00:00,1.9509070540283555,1.9509070540283555,0,False,True,True,0.0,False,False,1726950745000000000,1726951353000000000,1726950747000000000,train,1316:22651>1318:22645|1,<2,True,20.0,10-25,0.5238946781132063,0.0002018523383214,0.5240965304515277,0-1d,False,0-1d,False,1.0,0.523829398290537,0.5240312506288584,0.5286060651856285,0.5288079175239498,0.5286060651856285,0.5288079175239498,0.5247690211943453,0.5249708735326667
BEV2_2024-09-22_drive1.csv,BEV2,2024-09-22 09:16:53+00:00,2024-09-22 09:31:34+00:00,2024-09-22 09:16:54+00:00,3.070775014329703,3.070775014329703,0,False,True,True,0.0,False,False,1726996613000000000,1726997494000000000,1726996614000000000,train,1318:22645>1314:22648|3,2-10,True,19.0,10-25,0.5938178810362452,0.0002901365803194,0.5941080176165646,0-1d,False,0-1d,False,0.9988636363636364,0.5942283520006957,0.5945184885810151,0.5938552964649447,0.5941454330452641,0.5938552964649447,0.5941454330452641,0.5938475774428735,0.5941377140231929
BEV2_2024-09-22_drive2.csv,BEV2,2024-09-22 10:05:05+00:00,2024-09-22 10:14:24+00:00,2024-09-22 10:05:08+00:00,2.078336651638048,2.0786702368786525,0,False,True,True,0.0,False,False,1726999505000000000,1727000064000000000,1726999508000000000,train,1314:22648>1318:22645|2,2-10,True,24.0,10-25,0.4819427086999094,0.0005593083299075,0.482502017029817,0-1d,False,0-1d,False,0.9982014388489208,0.4821086933054731,0.48266800163538065,0.4820548424737336,0.4826141508036411,0.4820548424737336,0.4826141508036411,0.49140834731810185,0.49196765564800937
BEV2_2024-09-22_drive3.csv,BEV2,2024-09-22 11:55:57+00:00,2024-09-22 12:14:57+00:00,2024-09-22 11:56:00+00:00,4.530004861581923,4.530116056662596,0,False,True,True,0.0,False,False,1727006157000000000,1727007297000000000,1727006160000000000,train,1318:22645>1318:22645|4,2-10,True,22.5,10-25,0.8437750562525027,0.0006081136229749,0.8443831698754776,0-1d,False,0-1d,False,0.9991204925241864,0.8437633803027642,0.8443714939257391,0.8429557375302543,0.8435638511532292,0.8429557375302543,0.8435638511532292,0.8906655550986771,0.8912736687216519
BEV2_2024-09-23_drive1.csv,BEV2,2024-09-23 06:05:10+00:00,2024-09-23 06:15:22+00:00,2024-09-23 06:05:13+00:00,2.478509439244008,2.478509439244008,0,False,True,True,0.0,False,False,1727071510000000000,1727072122000000000,1727071513000000000,train,1318:22645>1313:22648|2,2-10,True,16.0,10-25,0.4940528869613131,0.0007073067121743,0.4947601936734874,0-1d,False,0-1d,False,1.0,0.48727193404348645,0.48797924075566074,0.494063339315116,0.49477064602729026,0.494063339315116,0.49477064602729026,0.4927084024205968,0.4934157091327711
BEV2_2024-09-23_drive2.csv,BEV2,2024-09-23 08:49:39+00:00,2024-09-23 09:05:06+00:00,2024-09-23 08:49:42+00:00,2.857441672078634,2.857441672078634,0,False,True,True,0.0,False,False,1727081379000000000,1727082306000000000,1727081382000000000,train,1313:22648>1318:22645|2,2-10,True,17.5,10-25,0.8140618920737709,0.0004373538421986,0.8144992459159694,0-1d,False,0-1d,False,1.0,0.807910380627727,0.8083477344699256,0.7974433606946956,0.7978807145368941,0.7974433606946956,0.7978807145368941,0.8054632363013821,0.8059005901435806
BEV2_2024-09-23_drive3.csv,BEV2,2024-09-23 09:42:10+00:00,2024-09-23 09:57:13+00:00,2024-09-23 09:42:13+00:00,4.287640722107736,4.28778110788463,1,False,False,True,0.0,False,False,1727084530000000000,1727085433000000000,1727084533000000000,train,1318:22645>1321:22656|4,2-10,True,18.0,10-25,0.6379003976589294,0.0006535528968357,0.638553950555765,0-1d,False,0-1d,False,0.9688888888888888,0.7427029869088797,0.7433565398057154,0.7416948732219666,0.7423484261188023,0.7416948732219666,0.7423484261188023,0.6377763367887263,0.6384298896855619
BEV2_2024-09-24_drive1.csv,BEV2,2024-09-24 21:53:14+00:00,2024-09-24 22:04:10+00:00,2024-09-24 21:53:17+00:00,4.215932718539399,4.215932718539399,0,False,True,True,0.0,False,False,1727214794000000000,1727215450000000000,1727214797000000000,train,1321:22656>1318:22646|4,2-10,True,18.5,10-25,0.957841682833428,0.0004691402310075,0.9583108230644354,1-7d,False,1-7d,False,1.0,0.9573802186664789,0.9578493588974865,0.9577175189373709,0.9581866591683784,0.9577175189373709,0.9581866591683784,0.9581839016570994,0.958653041888107
BEV2_2024-09-25_drive1.csv,BEV2,2024-09-25 07:04:59+00:00,2024-09-25 07:21:56+00:00,2024-09-25 07:05:02+00:00,3.321624388966219,3.321624388966219,0,False,True,True,0.0,False,False,1727247899000000000,1727248916000000000,1727247902000000000,train,1318:22646>1315:22647|3,2-10,True,14.0,10-25,0.7536501112325927,0.0010359285376876,0.7546860397702804,0-1d,False,0-1d,False,0.9990138067061144,0.7535021847129285,0.7545381132506161,0.7432540962240567,0.7442900247617443,0.7432540962240567,0.7442900247617443,0.7461957183830543,0.747231646920742
BEV2_2024-09-25_drive2.csv,BEV2,2024-09-25 07:25:31+00:00,2024-09-25 07:29:41+00:00,2024-09-25 07:25:34+00:00,0.903978982044745,0.9041193527753844,0,False,True,True,0.0,False,False,1727249131000000000,1727249381000000000,1727249134000000000,train,1315:22647>1318:22645|0,<2,True,14.5,10-25,0.3214474301772136,0.0011364354555575,0.3225838656327712,0-1d,False,0-1d,False,0.9959514170040484,0.3215220624025583,0.32265849785811584,0.3214762764844602,0.3226127119400177,0.3214762764844602,0.3226127119400177,0.32145363546864,0.3225900709241975
BEV2_2024-09-25_drive3.csv,BEV2,2024-09-25 13:14:14+00:00,2024-09-25 13:21:39+00:00,2024-09-25 13:14:17+00:00,2.098983547132541,2.098983547132541,0,False,True,True,0.0,False,False,1727270054000000000,1727270499000000000,1727270057000000000,train,1318:22645>1313:22648|2,2-10,True,18.0,10-25,0.2238108739638332,0.00057224421214,0.2243831181759732,0-1d,True,0-1d,True,1.0,0.2710011233704829,0.2715733675826229,0.26327613465171873,0.26384837886385876,0.26327613465171873,0.26384837886385876,0.3215432032121799,0.3221154474243199
BEV2_2024-09-25_drive4.csv,BEV2,2024-09-25 18:12:43+00:00,2024-09-25 18:27:00+00:00,2024-09-25 18:12:44+00:00,2.8864539540365115,2.8864539540365115,0,False,True,True,0.0,False,False,1727287963000000000,1727288820000000000,1727287964000000000,train,1313:22648>1318:22645|2,2-10,True,18.0,10-25,0.8021215469038564,0.0001724722607776,0.8022940191646339,0-1d,True,0-1d,True,0.9988317757009346,0.8025754264591461,0.8027478987199237,0.8020670586163541,0.8022395308771316,0.8020670586163541,0.8022395308771316,0.8044080558174984,0.804580528078276
BEV2_2024-09-26_drive1.csv,BEV2,2024-09-26 05:48:22+00:00,2024-09-26 05:58:16+00:00,2024-09-26 05:48:24+00:00,2.270270092496706,2.270270092496706,0,False,True,True,0.0,False,False,1727329702000000000,1727330296000000000,1727329704000000000,train,1318:22645>1313:22648|2,2-10,True,15.0,10-25,0.4797346450476781,0.0005340163089139,0.4802686613565921,0-1d,True,0-1d,True,1.0,0.4781582001082695,0.4786922164171834,0.4983623733624602,0.4988963896713741,0.4983623733624602,0.4988963896713741,0.5369252688791909,0.5374592851881048
BEV2_2024-09-26_drive2.csv,BEV2,2024-09-26 16:59:04+00:00,2024-09-26 17:07:59+00:00,2024-09-26 16:59:07+00:00,1.7167707151773628,1.7169931053372944,0,False,True,True,0.0,False,False,1727369944000000000,1727370479000000000,1727369947000000000,train,1313:22648>1312:22647|1,<2,True,17.5,10-25,0.4979129311317244,0.0005877535646842,0.4985006846964087,0-1d,False,0-1d,False,0.9981203007518796,0.49779531800273513,0.49838307156741934,0.4979037281123406,0.49849148167702484,0.4979037281123406,0.49849148167702484,0.49811194991957364,0.49869970348425785
BEV2_2024-09-26_drive3.csv,BEV2,2024-09-26 17:09:12+00:00,2024-09-26 17:19:43+00:00,2024-09-26 17:09:14+00:00,2.989050159062878,2.989050159062878,0,False,True,True,0.0,False,False,1727370552000000000,1727371183000000000,1727370554000000000,train,1312:22647>1318:22645|2,2-10,True,14.5,10-25,0.795734957340285,0.0005079996907683,0.7962429570310533,0-1d,False,0-1d,False,0.9984101748807632,0.7956611989083081,0.7961691985990764,0.7956881699089453,0.7961961695997136,0.7956881699089453,0.7961961695997136,0.7965938857739968,0.7971018854647651
BEV2_2024-09-27_drive1.csv,BEV2,2024-09-27 05:45:53+00:00,2024-09-27 06:39:37+00:00,2024-09-27 05:45:55+00:00,61.6944225712266,61.69455406789647,0,False,True,True,0.0,False,False,1727415953000000000,1727419177000000000,1727415955000000000,train,1318:22645>1540:22693|61,>=50,True,12.0,10-25,13.233737443063903,0.0005235429240317,13.234260985987936,0-1d,False,0-1d,False,0.9211669770328988,13.269508590610062,13.270032133534094,13.50516713546932,13.505690678393352,13.50516713546932,13.505690678393352,13.703629505209701,13.704153048133733
BEV2_2024-09-27_drive2.csv,BEV2,2024-09-27 09:49:13+00:00,2024-09-27 10:39:51+00:00,2024-09-27 09:49:16+00:00,58.80652931012192,58.80652931012192,0,False,True,True,0.0,False,False,1727430553000000000,1727433591000000000,1727430556000000000,train,1540:22693>1313:22647|58,>=50,True,17.5,10-25,14.219778522450898,0.0006247043332533,14.220403226784152,0-1d,False,0-1d,False,0.9189456342668864,13.492868159782189,13.493492864115442,13.76969398022615,13.770318684559403,13.76969398022615,13.770318684559403,13.654265229246754,13.654889933580007
BEV2_2024-09-27_drive3.csv,BEV2,2024-09-27 16:16:40+00:00,2024-09-27 16:25:47+00:00,2024-09-27 16:16:41+00:00,2.536067880290246,2.536067880290246,0,False,True,True,0.0,False,False,1727453800000000000,1727454347000000000,1727453801000000000,train,1313:22647>1318:22645|2,2-10,True,20.1,10-25,0.6817092274660176,0.0002907725364999,0.6820000000025175,0-1d,False,0-1d,False,1.0,0.6682944685404838,0.6685852410769837,0.6815570197155151,0.681847792252015,0.6815570197155151,0.681847792252015,0.680748862508805,0.6810396350453048
BEV2_2024-09-27_drive4.csv,BEV2,2024-09-27 16:44:51+00:00,2024-09-27 17:37:29+00:00,2024-09-27 16:44:54+00:00,61.62254111811343,61.62261130983232,0,False,True,True,0.0,False,False,1727455491000000000,1727458649000000000,1727455494000000000,train,1318:22645>1407:22759|61,>=50,True,12.5,10-25,13.342008275070231,0.0003489855377381,13.34235726060797,0-1d,False,0-1d,False,0.93026941362916,12.944669650697264,12.945018636235002,13.027424105490018,13.027773091027756,13.027424105490018,13.027773091027756,13.384767195700332,13.38511618123807
BEV2_2024-09-27_drive5.csv,BEV2,2024-09-27 21:35:12+00:00,2024-09-27 22:27:08+00:00,2024-09-27 21:35:15+00:00,53.12030312451292,53.12030312451292,0,False,True,True,0.0,False,False,1727472912000000000,1727476028000000000,1727472915000000000,train,1407:22759>1318:22645|53,>=50,True,11.0,10-25,13.246223389652409,0.0003604519658419,13.24658384161825,0-1d,False,0-1d,False,0.9267587536138772,11.027540582250543,11.027901034216384,11.298866012844615,11.299226464810456,11.298866012844615,11.299226464810456,12.865710614550801,12.866071066516643
BEV2_2024-09-28_drive1.csv,BEV2,2024-09-28 08:42:53+00:00,2024-09-28 09:16:17+00:00,2024-09-28 08:42:56+00:00,24.365504902442588,24.365504902442588,0,False,True,True,0.0,False,False,1727512973000000000,1727514977000000000,1727512976000000000,train,1318:22645>1226:22640|24,10-50,True,10.5,10-25,5.674075759596849,0.0003663337065385,5.674442093303387,0-1d,False,0-1d,False,0.95952023988006,5.678384687267449,5.678751020973987,5.67935701702034,5.679723350726879,5.67935701702034,5.679723350726879,5.646633254116198,5.646999587822736
BEV2_2024-09-28_drive2.csv,BEV2,2024-09-28 10:41:30+00:00,2024-09-28 11:07:46+00:00,2024-09-28 10:41:33+00:00,22.51407440191301,22.514516530375744,0,False,True,True,0.0,False,False,1727520090000000000,1727521666000000000,1727520093000000000,train,1226:22640>1318:22645|22,10-50,True,12.5,10-25,4.675824150856164,0.0004384618602522,4.676262612716416,0-1d,False,0-1d,False,0.9427844882390336,4.7868202262601915,4.787258688120444,4.792938818077603,4.793377279937856,4.792938818077603,4.793377279937856,4.778085089837234,4.778523551697486
BEV2_2024-09-28_drive4.csv,BEV2,2024-09-28 15:39:14+00:00,2024-09-28 16:00:18+00:00,2024-09-28 15:39:17+00:00,7.486388629242761,7.486388629242761,0,False,True,True,0.0,False,False,1727537954000000000,1727539218000000000,1727537957000000000,train,1236:22808>1245:22822|7,2-10,True,23.0,10-25,1.2301984607522591,0.0003276762976789,1.230526137049938,0-1d,False,0-1d,False,0.999206978588422,1.229423473562881,1.22975114986056,1.229297992335067,1.229625668632746,1.229297992335067,1.229625668632746,1.2401015808591414,1.2404292571568203
BEV2_2024-09-28_drive5.csv,BEV2,2024-09-28 16:07:04+00:00,2024-09-28 17:06:17+00:00,2024-09-28 16:07:06+00:00,56.87995879557788,56.87995879557788,0,False,True,True,0.0,False,False,1727539624000000000,1727543177000000000,1727539626000000000,train,1245:22822>1316:22651|56,>=50,True,14.0,10-25,10.291869629854512,0.000247312738627,10.29211694259314,0-1d,False,0-1d,False,0.951844550830752,10.460923917101457,10.461171229840085,10.850191439551715,10.850438752290342,10.850191439551715,10.850438752290342,10.824746377417302,10.82499369015593
BEV2_2024-09-28_drive6.csv,BEV2,2024-09-28 17:32:00+00:00,2024-09-28 17:42:43+00:00,2024-09-28 17:32:03+00:00,2.710947247683757,2.710947247683757,1,False,False,True,0.0,False,False,1727544720000000000,1727545363000000000,1727544723000000000,train,1316:22651>1318:22645|2,2-10,True,19.25,10-25,0.6638897346987112,0.0003027864286448,0.6641925211273559,0-1d,False,0-1d,False,0.95625,0.6027349164474696,0.6030377028761144,0.6481748728005102,0.648477659229155,0.6481748728005102,0.648477659229155,0.6640021076084953,0.6643048940371401
BEV2_2024-09-29_drive1.csv,BEV2,2024-09-29 04:27:28+00:00,2024-09-29 04:58:35+00:00,2024-09-29 04:27:31+00:00,26.92402242659616,26.924133621676123,1,False,False,True,0.0,False,False,1727584048000000000,1727585915000000000,1727584051000000000,train,1318:22645>1213:22665|26,10-50,True,4.0,<10,7.43178891235085,0.0005063567046226,7.432295269055473,0-1d,False,0-1d,False,0.921137339055794,6.663349171336941,6.663855528041564,6.394908340307181,6.3954146970118035,6.394908340307181,6.3954146970118035,7.178933335831963,7.179439692536586
BEV2_2024-09-29_drive2.csv,BEV2,2024-09-29 11:24:15+00:00,2024-09-29 12:16:28+00:00,2024-09-29 11:24:16+00:00,36.12861622553554,36.12861622553554,0,False,True,True,0.0,False,False,1727609055000000000,1727612188000000000,1727609056000000000,train,1213:22665>1313:22659|36,10-50,True,13.5,10-25,6.153880859323748,0.0002372466609586,6.154118105984707,0-1d,False,0-1d,False,0.9776500638569604,6.425541749120162,6.425778995781121,6.8296458388222305,6.829883085483189,6.8296458388222305,6.829883085483189,6.899898183621458,6.9001354302824165
BEV2_2024-09-29_drive3.csv,BEV2,2024-09-29 13:17:59+00:00,2024-09-29 13:27:09+00:00,2024-09-29 13:18:00+00:00,4.234501549719883,4.234633020575711,0,False,True,True,0.0,False,False,1727615879000000000,1727616429000000000,1727615880000000000,train,1313:22659>1313:22647|4,2-10,True,19.0,10-25,0.5740205225241989,9.389034104166104e-05,0.5741144128652406,0-1d,False,0-1d,False,0.9981785063752276,0.5825052072333632,0.5825990975744049,0.6018941948473704,0.6019880851884121,0.6018941948473704,0.6019880851884121,0.609945150688588,0.6100390410296297
BEV2_2024-09-29_drive4.csv,BEV2,2024-09-29 15:57:02+00:00,2024-09-29 16:05:19+00:00,2024-09-29 15:57:05+00:00,2.7802772508167384,2.7802772508167384,0,False,True,True,0.0,False,False,1727625422000000000,1727625919000000000,1727625425000000000,train,1313:22647>1318:22645|2,2-10,True,18.5,10-25,0.7176892934733798,0.0007432398145176,0.7184325332878975,0-1d,True,0-1d,True,1.0,0.7178327986767961,0.7185760384913137,0.7176907001539015,0.7184339399684191,0.7176907001539015,0.7184339399684191,0.7169937496955371,0.7177369895100547
BEV2_2024-09-29_drive5.csv,BEV2,2024-09-29 19:32:46+00:00,2024-09-29 20:11:46+00:00,2024-09-29 19:32:49+00:00,7.842799654164258,7.842869847088801,1,False,False,True,0.0,False,False,1727638366000000000,1727640706000000000,1727638369000000000,train,1318:22645>1318:22645|7,2-10,True,11.5,10-25,1.802227315385812,0.0003528276525382,1.8025801430383503,0-1d,False,0-1d,False,0.983739837398374,1.752226487497771,1.7525793151503093,1.7690140974080508,1.769366925060589,1.7690140974080508,1.769366925060589,1.802072528905198,1.8024253565577362
BEV2_2024-09-30_drive1.csv,BEV2,2024-09-30 05:43:03+00:00,2024-09-30 05:51:10+00:00,2024-09-30 05:43:05+00:00,2.253714036992406,2.253714036992406,0,False,True,True,0.0,False,False,1727674983000000000,1727675470000000000,1727674985000000000,train,1318:22645>1313:22648|2,2-10,True,11.0,10-25,0.4177936433266038,0.00039274874768,0.4181863920742838,0-1d,False,0-1d,False,1.0,0.46584803889772447,0.4662407876454045,0.42419926578343736,0.4245920145311174,0.42419926578343736,0.4245920145311174,0.4258888916904806,0.42628164043816064
BEV2_2024-09-30_drive2.csv,BEV2,2024-09-30 09:36:59+00:00,2024-09-30 09:47:06+00:00,2024-09-30 09:37:00+00:00,2.787008718600977,2.787008718600977,0,False,True,True,0.0,False,False,1727689019000000000,1727689626000000000,1727689020000000000,train,1313:22648>1318:22645|2,2-10,True,15.0,10-25,0.7800333276411993,0.0001921816765432,0.7802255093177425,0-1d,False,0-1d,False,0.9966996699669968,0.7884833831126766,0.7886755647892199,0.7800334133828423,0.7802255950593855,0.7800334133828423,0.7802255950593855,0.7794035100315849,0.7795956917081281
BEV2_2024-09-30_drive3.csv,BEV2,2024-09-30 09:49:24+00:00,2024-09-30 09:54:05+00:00,2024-09-30 09:49:27+00:00,1.197607317175625,1.197607317175625,0,False,True,True,0.0,False,False,1727689764000000000,1727690045000000000,1727689767000000000,train,1318:22645>1315:22648|1,<2,True,14.0,10-25,0.0957812984642803,0.0006650326236956,0.096446331087976,0-1d,False,0-1d,False,1.0,0.11778370731919045,0.11844873994288606,0.10175051082450515,0.10241554344820075,0.10175051082450515,0.10241554344820075,0.13769836518598838,0.13836339780968399
BEV2_2024-09-30_drive4.csv,BEV2,2024-09-30 10:45:39+00:00,2024-09-30 10:56:34+00:00,2024-09-30 10:45:42+00:00,3.6020454092522485,3.6020454092522485,0,False,True,True,0.0,False,False,1727693139000000000,1727693794000000000,1727693142000000000,train,1315:22648>1313:22648|3,2-10,True,14.5,10-25,0.6822261932225931,0.0003688779079004,0.6825950711304936,0-1d,False,0-1d,False,1.0,0.7400947497781578,0.7404636276860582,0.7089964367464301,0.7093653146543305,0.7089964367464301,0.7093653146543305,0.7090945833345956,0.709463461242496
BEV2_2024-09-30_drive5.csv,BEV2,2024-09-30 16:20:34+00:00,2024-09-30 16:32:16+00:00,2024-09-30 16:20:36+00:00,2.8106160436708008,2.8106862283376146,0,False,True,True,0.0,False,False,1727713234000000000,1727713936000000000,1727713236000000000,train,1313:22648>1318:22645|2,2-10,True,16.5,10-25,0.7777321190399688,0.0005349956541388,0.7782671146941076,0-1d,True,0-1d,True,1.0,0.7936060488987825,0.7941410445529213,0.7777426880526739,0.7782776837068127,0.7777426880526739,0.7782776837068127,0.7776575660067684,0.7781925616609072
BEV2_2024-09-30_drive6.csv,BEV2,2024-09-30 18:28:16+00:00,2024-09-30 19:54:48+00:00,2024-09-30 18:28:18+00:00,108.5698404413487,108.5698404413487,0,False,True,True,0.0,False,False,1727720896000000000,1727726088000000000,1727720898000000000,train,1318:22645>855:22833|108,>=50,True,15.0,10-25,26.26401190096173,0.0002222846069478,26.26423418556868,0-1d,False,0-1d,False,0.911175337186898,23.75572280157007,23.755945086177018,23.435009172970336,23.435231457577284,23.435009172970336,23.435231457577284,23.537397864098057,23.537620148705006
BEV2_2024-10-01_drive1.csv,BEV2,2024-10-01 06:47:02+00:00,2024-10-01 07:07:05+00:00,2024-10-01 06:47:04+00:00,10.825585170582652,10.825585170582652,1,False,False,True,0.0,False,False,1727765222000000000,1727766425000000000,1727765224000000000,train,855:22833>839:22806|10,10-50,True,13.5,10-25,2.029677157433239,0.0006475177534138,2.0303246751866526,0-1d,False,0-1d,False,0.9567027477102414,2.029295744537375,2.029943262290789,2.0257897946431616,2.0264373123965753,2.0257897946431616,2.0264373123965753,2.031082507449616,2.03173002520303
BEV2_2024-10-01_drive2.csv,BEV2,2024-10-01 15:00:45+00:00,2024-10-01 16:37:48+00:00,2024-10-01 15:00:47+00:00,110.30437233218515,110.30437233218515,0,False,True,True,0.0,False,False,1727794845000000000,1727800668000000000,1727794847000000000,train,839:22806>1313:22659|110,>=50,True,15.0,10-25,19.92000867944999,0.000236976935358,19.920245656385347,0-1d,False,0-1d,False,0.926816698161828,23.42147077086175,23.421707747797107,23.210769252828573,23.21100622976393,23.210769252828573,23.21100622976393,23.610133910075035,23.610370887010394
BEV2_2024-10-01_drive3.csv,BEV2,2024-10-01 17:26:58+00:00,2024-10-01 17:37:04+00:00,2024-10-01 17:26:59+00:00,4.78361713582416,4.783728330904125,0,False,True,True,0.0,False,False,1727803618000000000,1727804224000000000,1727803619000000000,train,1313:22659>1318:22645|4,2-10,True,15.5,10-25,0.8239412485393387,0.0004003253167708,0.8243415738561095,0-1d,False,0-1d,False,1.0,0.8239590914380452,0.824359416754816,0.8238737824330234,0.8242741077497943,0.8238737824330234,0.8242741077497943,0.8236969439267652,0.824097269243536
BEV2_2024-10-02_drive1.csv,BEV2,2024-10-02 05:46:38+00:00,2024-10-02 06:47:26+00:00,2024-10-02 05:46:40+00:00,57.59991580630175,57.59991580630175,0,False,True,True,0.0,False,False,1727847998000000000,1727851646000000000,1727848000000000000,train,1318:22645>1552:22706|57,>=50,True,8.0,<10,14.423835746227835,0.0005873740864327,14.42442312031427,0-1d,False,0-1d,False,0.9157981349424026,13.291302659243819,13.291890033330251,13.274822490183826,13.275409864270259,13.274822490183826,13.275409864270259,13.665260946877808,13.66584832096424
BEV2_2024-10-02_drive2.csv,BEV2,2024-10-02 09:21:51+00:00,2024-10-02 10:24:12+00:00,2024-10-02 09:21:53+00:00,60.95905866292618,60.95905866292618,0,False,True,True,0.0,False,False,1727860911000000000,1727864652000000000,1727860913000000000,train,1552:22706>1315:22648|60,>=50,True,12.0,10-25,13.394074172780574,0.0003079669001859,13.39438213968076,0-1d,False,0-1d,False,0.920032094142819,13.402685702121037,13.402993669021223,13.39463495252702,13.394942919427207,13.39463495252702,13.394942919427207,13.78518133863534,13.785489305535526
BEV2_2024-10-02_drive3.csv,BEV2,2024-10-02 11:31:24+00:00,2024-10-02 11:42:50+00:00,2024-10-02 11:31:26+00:00,2.0488154765799576,2.0488154765799576,0,False,True,True,0.0,False,False,1727868684000000000,1727869370000000000,1727868686000000000,train,1315:22648>1313:22647|2,2-10,True,17.0,10-25,0.4901481408025521,0.000236513964787,0.4903846547673391,0-1d,False,0-1d,False,0.9985380116959064,0.4901419265016714,0.4903784404664584,0.4901694939297077,0.49040600789449473,0.4901694939297077,0.49040600789449473,0.48942388913840074,0.48966040310318776
BEV2_2024-10-02_drive4.csv,BEV2,2024-10-02 16:21:08+00:00,2024-10-02 16:31:36+00:00,2024-10-02 16:21:09+00:00,3.0766451973830025,3.0766451973830025,0,False,True,True,0.0,False,False,1727886068000000000,1727886696000000000,1727886069000000000,train,1313:22647>1312:22652|3,2-10,True,14.5,10-25,0.7118376956783492,0.0002753887290948,0.712113084407444,0-1d,False,0-1d,False,0.9984051036682616,0.7107148565999812,0.7109902453290761,0.7119018636184632,0.712177252347558,0.7119018636184632,0.712177252347558,0.6969492438483188,0.6972246325774136
BEV2_2024-10-02_drive5.csv,BEV2,2024-10-02 17:09:26+00:00,2024-10-02 17:20:25+00:00,2024-10-02 17:09:28+00:00,3.422264342272296,3.422264342272296,0,False,True,True,0.0,False,False,1727888966000000000,1727889625000000000,1727888968000000000,train,1312:22652>1318:22645|3,2-10,True,14.0,10-25,0.771859223089864,0.000481344627351,0.772340567717215,0-1d,False,0-1d,False,0.9984779299847792,0.7803098742814264,0.7807912189087775,0.77184619843315,0.7723275430605011,0.77184619843315,0.7723275430605011,0.7721605623461373,0.7726419069734883
BEV2_2024-10-03_drive1.csv,BEV2,2024-10-03 05:45:45+00:00,2024-10-03 05:55:55+00:00,2024-10-03 05:45:46+00:00,2.0412373922321203,2.0412373922321203,0,False,True,True,0.0,False,False,1727934345000000000,1727934955000000000,1727934346000000000,train,1318:22645>1313:22647|2,2-10,True,7.5,<10,0.7502268514170165,0.0002786213578395,0.750505472774856,0-1d,False,0-1d,False,1.0,0.5648525434699242,0.5651311648277637,0.5966251974453731,0.5969038188032126,0.5966251974453731,0.5969038188032126,0.6753200020368886,0.6755986233947281
BEV2_2024-10-03_drive2.csv,BEV2,2024-10-03 09:41:10+00:00,2024-10-03 09:48:57+00:00,2024-10-03 09:41:12+00:00,2.5815684997607447,2.5815684997607447,0,False,True,True,0.0,False,False,1727948470000000000,1727948937000000000,1727948472000000000,train,1313:22647>1318:22645|2,2-10,True,11.0,10-25,0.7040230239154314,0.0002099668793148,0.7042329907947462,0-1d,False,0-1d,False,0.9978494623655914,0.7623278553584588,0.7625378222377737,0.703786931347538,0.7039968982268529,0.703786931347538,0.7039968982268529,0.7041665985399698,0.7043765654192846
BEV2_2024-10-03_drive3.csv,BEV2,2024-10-03 10:07:02+00:00,2024-10-03 10:18:12+00:00,2024-10-03 10:07:04+00:00,2.904034431909305,2.904034431909305,0,False,True,True,0.0,False,False,1727950022000000000,1727950692000000000,1727950024000000000,train,1318:22645>1313:22648|2,2-10,True,12.5,10-25,0.4260467541998327,0.0002023677300728,0.4262491219299055,0-1d,False,0-1d,False,1.0,0.5911742927993402,0.591376660529413,0.5151664701615644,0.5153688378916371,0.5151664701615644,0.5153688378916371,0.5569306574026146,0.5571330251326874
BEV2_2024-10-03_drive4.csv,BEV2,2024-10-03 16:57:09+00:00,2024-10-03 17:08:02+00:00,2024-10-03 16:57:10+00:00,2.7370836317635963,2.7370836317635963,0,False,True,True,0.0,False,False,1727974629000000000,1727975282000000000,1727974630000000000,train,1313:22648>1318:22645|2,2-10,True,15.5,10-25,0.7700167429490348,0.0002698927219945,0.7702866356710293,0-1d,False,0-1d,False,0.9984662576687116,0.7649289646667935,0.765198857388788,0.7700024789659152,0.7702723716879097,0.7700024789659152,0.7702723716879097,0.7700504465691377,0.7703203392911322
BEV2_2024-10-03_drive5.csv,BEV2,2024-10-03 17:30:42+00:00,2024-10-03 17:50:19+00:00,2024-10-03 17:30:44+00:00,6.824312694135492,6.824312694135492,0,False,True,True,0.0,False,False,1727976642000000000,1727977819000000000,1727976644000000000,train,1318:22645>1318:22645|6,2-10,True,14.4,10-25,1.1920109351394252,0.0002024563354207,1.1922133914748458,0-1d,False,0-1d,False,0.9991489361702128,1.2079064640888342,1.2081089204242548,1.1920517743659524,1.192254230701373,1.1920517743659524,1.192254230701373,1.1899238236286722,1.1901262799640928
BEV2_2024-10-03_drive6.csv,BEV2,2024-10-03 19:31:49+00:00,2024-10-03 19:53:24+00:00,2024-10-03 19:31:51+00:00,7.511700373092687,7.511811568172653,0,False,True,True,0.0,False,False,1727983909000000000,1727985204000000000,1727983911000000000,train,1318:22645>1318:22645|7,2-10,True,11.5,10-25,1.423765964676707,0.0004216842263811,1.424187648903088,0-1d,False,0-1d,False,1.0,1.423783251147274,1.4242049353736552,1.513847063378293,1.5142687476046741,1.513847063378293,1.5142687476046741,1.4245442067856346,1.4249658910120158
BEV2_2024-10-04_drive1.csv,BEV2,2024-10-04 05:44:29+00:00,2024-10-04 05:52:52+00:00,2024-10-04 05:44:30+00:00,2.175490033163728,2.175490033163728,0,True,True,True,0.0,True,False,1728020669000000000,1728021172000000000,1728020670000000000,train,1318:22645>1313:22648|2,2-10,True,6.0,<10,0.4148290478393357,0.0016155340680555,0.4164445819073912,0-1d,True,0-1d,True,0.99800796812749,0.5339441726834318,0.5355597067514872,0.4184572237188122,0.4200727577868677,0.4184572237188122,0.4200727577868677,0.4505937875579997,0.4522093216260552
BEV2_2024-10-04_drive2.csv,BEV2,2024-10-04 17:39:13+00:00,2024-10-04 17:53:43+00:00,2024-10-04 17:39:14+00:00,4.47513644972127,4.475247644801236,0,False,True,True,0.0,False,False,1728063553000000000,1728064423000000000,1728063554000000000,train,1313:22648>1317:22652|4,2-10,True,15.5,10-25,1.0597904203072528,0.0002095796940568,1.0600000000013097,0-1d,False,0-1d,False,0.998849252013809,1.0596924680633415,1.0599020477573984,1.059813187649267,1.0600227673433238,1.059813187649267,1.0600227673433238,1.048213558671091,1.0484231383651479
BEV2_2024-10-05_drive1.csv,BEV2,2024-10-05 05:54:27+00:00,2024-10-05 05:55:15+00:00,2024-10-05 05:54:28+00:00,0.0368481300820595,0.0368481300820595,0,False,True,False,0.0,False,False,1728107667000000000,1728107715000000000,1728107668000000000,train,1322:22641>1322:22641|0,<2,True,4.0,<10,0.0485953657102782,0.0002715550623057,0.048866920772584,0-1d,False,0-1d,False,0.9787234042553192,0.0488160858479439,0.0490876409102496,0.04232842982645833,0.042599984888764035,0.04232842982645833,0.042599984888764035,0.0595122272159628,0.0597837822782685
BEV2_2024-10-06_drive1.csv,BEV2,2024-10-06 13:37:17+00:00,2024-10-06 13:42:57+00:00,2024-10-06 13:37:18+00:00,0.5964239839079357,0.5964239839079357,0,False,True,True,0.0,False,False,1728221837000000000,1728222177000000000,1728221838000000000,train,1237:22809>1236:22808|0,<2,True,18.0,10-25,0.197978791448377,0.0003519826106974,0.1983307740590744,1-7d,False,1-7d,False,0.9970501474926252,0.19563611525386498,0.1959880978645624,0.19208605037221768,0.1924380329829151,0.19208605037221768,0.1924380329829151,0.1979405566068525,0.1982925392175499
BEV2_2024-10-06_drive2.csv,BEV2,2024-10-06 15:10:46+00:00,2024-10-06 15:17:55+00:00,2024-10-06 15:10:47+00:00,2.915971769541044,2.915971769541044,0,False,True,True,0.0,False,False,1728227446000000000,1728227875000000000,1728227447000000000,train,1240:22825>1245:22822|2,2-10,True,19.5,10-25,0.358796528800932,0.0053135658369174,0.3641100946378494,0-1d,False,0-1d,False,0.9953271028037384,0.4834485016466989,0.4887620674836163,0.46716222363002935,0.47247578946694674,0.46716222363002935,0.47247578946694674,0.43799347015759227,0.44330703599450966
BEV2_2024-10-06_drive3.csv,BEV2,2024-10-06 16:37:47+00:00,2024-10-06 16:39:05+00:00,2024-10-06 16:37:48+00:00,0.4311069002471934,0.4311069002471934,0,False,True,False,0.0,False,False,1728232667000000000,1728232745000000000,1728232668000000000,train,1317:22646>1316:22647|0,<2,True,15.5,10-25,0.0055615655726385,-0.0031890813280149,0.0023724842446236,0-1d,False,0-1d,False,1.0,0.016792729701643,0.0136036483736281,0.004055406549114335,0.000866325221099435,0.004055406549114335,0.000866325221099435,0.005535907498410209,0.0023468261703953087
BEV2_2024-10-07_drive1.csv,BEV2,2024-10-07 06:39:31+00:00,2024-10-07 06:40:14+00:00,2024-10-07 06:39:33+00:00,0.1003689694426359,0.1003689694426359,0,False,True,False,0.0,False,False,1728283171000000000,1728283214000000000,1728283173000000000,train,1313:22647>1313:22648|0,<2,True,14.0,10-25,0.0108236808620566,0.0023656934083055,0.0131893742703622,0-1d,False,0-1d,False,1.0,0.011325850491477553,0.013691543899783054,0.010229706453277365,0.012595399861582864,0.010229706453277365,0.012595399861582864,0.010746965080872245,0.013112658489177746
BEV2_2024-10-07_drive2.csv,BEV2,2024-10-07 18:35:01+00:00,2024-10-07 18:38:03+00:00,2024-10-07 18:35:02+00:00,1.0678654490225368,1.0678654490225368,0,False,True,True,0.0,False,False,1728326101000000000,1728326283000000000,1728326102000000000,train,1315:22648>1318:22645|1,<2,True,16.0,10-25,0.250358357309416,0.0059540382899867,0.2563123955994027,0-1d,False,0-1d,False,1.0,0.30773388008923264,0.31368791837921933,0.27302942011963394,0.27898345840962063,0.27302942011963394,0.27898345840962063,0.27475414995608205,0.28070818824606875
BEV2_2024-10-08_drive1.csv,BEV2,2024-10-08 06:04:54+00:00,2024-10-08 06:47:28+00:00,2024-10-08 06:04:55+00:00,49.4935625090725,49.4935625090725,0,False,True,True,0.0,False,False,1728367494000000000,1728370048000000000,1728367495000000000,train,1319:22666>1552:22706|49,10-50,True,15.5,10-25,10.43587641612903,0.0021235838692546,10.437999999998285,0-1d,False,0-1d,False,0.9103016059537798,10.512897790669545,10.515021374538799,10.463324562268046,10.4654481461373,10.463324562268046,10.4654481461373,11.074659060859847,11.076782644729102
BEV2_2024-10-08_drive2.csv,BEV2,2024-10-08 09:20:47+00:00,2024-10-08 10:40:53+00:00,2024-10-08 09:20:48+00:00,50.256628020611934,50.256628020611934,0,False,True,True,0.0,False,False,1728379247000000000,1728384053000000000,1728379248000000000,train,1463:22710>1236:22808|50,>=50,True,18.5,10-25,11.041326420665325,0.0030161334423792,11.044342554107702,0-1d,False,0-1d,False,0.9506763787721124,11.044740989634464,11.047757123076844,11.04932993872277,11.05234607216515,11.04932993872277,11.05234607216515,11.03293259860133,11.035948732043709
BEV2_2024-10-08_drive3.csv,BEV2,2024-10-08 11:21:20+00:00,2024-10-08 11:32:16+00:00,2024-10-08 11:21:21+00:00,1.9733575661908167,1.9733575661908167,0,False,True,True,0.0,False,False,1728386480000000000,1728387136000000000,1728386481000000000,train,1243:22816>1246:22821|1,<2,True,20.0,10-25,0.4398528766916335,0.0001471233106948,0.4400000000023283,0-1d,False,0-1d,False,0.998473282442748,0.4309978129366485,0.4311449362473433,0.4395068904306215,0.4396540137413163,0.4395068904306215,0.4396540137413163,0.43985211626462073,0.4399992395753155
BEV2_2024-10-08_drive4.csv,BEV2,2024-10-08 12:40:55+00:00,2024-10-08 12:53:11+00:00,2024-10-08 12:40:57+00:00,3.3137494183556564,3.314089426091096,0,False,True,True,0.0,False,False,1728391255000000000,1728391991000000000,1728391257000000000,train,1238:22818>1236:22808|3,2-10,True,22.0,10-25,0.6497183838886962,0.0008860620710586,0.6506044459597548,0-1d,False,0-1d,False,1.0,0.6467954507127088,0.6476815127837674,0.6490868788871622,0.6499729409582208,0.6490868788871622,0.6499729409582208,0.6494674836416721,0.6503535457127306
BEV2_2024-10-08_drive5.csv,BEV2,2024-10-08 13:50:18+00:00,2024-10-08 14:57:15+00:00,2024-10-08 13:50:19+00:00,47.58741725511617,47.58741725511617,0,False,True,True,0.0,False,False,1728395418000000000,1728399435000000000,1728395419000000000,train,1235:22803>1313:22647|47,10-50,True,21.0,10-25,9.357832380050628,0.0042918509986327,9.36212423104926,0-1d,False,0-1d,False,0.9584163346613546,9.357831189289717,9.362123040288349,9.468161093661289,9.47245294465992,9.468161093661289,9.47245294465992,9.356778088872495,9.361069939871127
BEV2_2024-10-08_drive6.csv,BEV2,2024-10-08 18:34:11+00:00,2024-10-08 19:17:19+00:00,2024-10-08 18:34:12+00:00,4.454790559546742,4.454790559546742,0,True,True,True,0.0,True,False,1728412451000000000,1728415039000000000,1728412452000000000,train,1318:22645>1318:22645|4,2-10,True,16.5,10-25,1.1738079398241106,0.0003037959489027,1.1741117357730133,0-1d,False,0-1d,False,0.9996134518747584,1.003117930163315,1.0034217261122178,1.0180225226062458,1.0183263185551485,1.0180225226062458,1.0183263185551485,1.1403363761582908,1.1406401721071935
BEV2_2024-10-08_drive7.csv,BEV2,2024-10-08 19:19:41+00:00,2024-10-08 19:36:30+00:00,2024-10-08 19:19:42+00:00,4.441857978143018,4.441857978143018,0,False,True,True,0.0,False,False,1728415181000000000,1728416190000000000,1728415182000000000,train,1318:22645>1318:22645|4,2-10,True,17.5,10-25,0.8678814110547713,0.0001185889474405,0.8680000000022119,0-1d,False,0-1d,False,1.0,0.8684931777185331,0.8686117666659736,0.8680819158448912,0.8682005047923318,0.8680819158448912,0.8682005047923318,0.8686537441628077,0.8687723331102483
BEV2_2024-10-09_drive1.csv,BEV2,2024-10-09 05:44:58+00:00,2024-10-09 05:46:39+00:00,2024-10-09 05:45:00+00:00,0.0819443510709079,0.0819443510709079,0,False,True,False,0.0,False,False,1728452698000000000,1728452799000000000,1728452700000000000,train,1318:22645>1318:22645|0,<2,True,14.0,10-25,0.0698552292472455,0.00026267670101,0.0701179059482556,0-1d,False,0-1d,False,1.0,0.07075419486355841,0.07101687156456842,0.07092836091272915,0.07119103761373916,0.07092836091272915,0.07119103761373916,0.0698619341250463,0.0701246108260563
BEV2_2024-10-09_drive2.csv,BEV2,2024-10-09 09:10:34+00:00,2024-10-09 09:17:02+00:00,2024-10-09 09:10:36+00:00,2.498525900359203,2.498525900359203,0,False,True,True,0.0,False,False,1728465034000000000,1728465422000000000,1728465036000000000,train,1318:22645>1313:22648|2,2-10,True,15.0,10-25,0.3501005827562853,0.0005809520310756,0.3506815347873609,0-1d,False,0-1d,False,1.0,0.40791698025095935,0.40849793228203496,0.3658237415293265,0.3664046935604021,0.3658237415293265,0.3664046935604021,0.3490611984033323,0.3496421504344079
BEV2_2024-10-09_drive3.csv,BEV2,2024-10-09 13:27:50+00:00,2024-10-09 13:35:07+00:00,2024-10-09 13:27:52+00:00,2.1863706484677907,2.186502140781921,0,False,True,True,0.0,False,False,1728480470000000000,1728480907000000000,1728480472000000000,train,1313:22648>1311:22648|2,2-10,True,16.5,10-25,0.4880452861703271,0.0003467813771756,0.4883920675475027,0-1d,False,0-1d,False,1.0,0.4879819026021436,0.48832868397931917,0.48803989208236537,0.48838667345954095,0.48803989208236537,0.48838667345954095,0.4880064577362312,0.4883532391134068
BEV2_2024-10-09_drive4.csv,BEV2,2024-10-09 15:59:13+00:00,2024-10-09 16:10:44+00:00,2024-10-09 15:59:15+00:00,2.820562595108431,2.820562595108431,0,False,True,True,0.0,False,False,1728489553000000000,1728490244000000000,1728489555000000000,train,1311:22648>1318:22646|2,2-10,True,15.5,10-25,0.8480267705337532,0.0006359634718513,0.8486627340056045,0-1d,False,0-1d,False,1.0,0.8453706086791585,0.8460065721510098,0.8411213588169311,0.8417573222887824,0.8411213588169311,0.8417573222887824,0.8198538961809685,0.8204898596528198
BEV2_2024-10-10_drive1.csv,BEV2,2024-10-10 05:41:11+00:00,2024-10-10 05:48:06+00:00,2024-10-10 05:41:13+00:00,2.1588889537568425,2.1588889537568425,0,False,True,True,0.0,False,False,1728538871000000000,1728539286000000000,1728538873000000000,train,1318:22646>1313:22648|2,2-10,True,13.0,10-25,0.4857947868697101,0.0004123165422444,0.4862071034119545,0-1d,False,0-1d,False,1.0,0.485741196411552,0.4861535129537964,0.4858444325371979,0.4862567490794423,0.4858444325371979,0.4862567490794423,0.48559118418507996,0.48600350072732434
BEV2_2024-10-10_drive2.csv,BEV2,2024-10-10 14:10:12+00:00,2024-10-10 14:36:32+00:00,2024-10-10 14:10:13+00:00,6.215323682838111,6.215323682838111,0,False,True,True,0.0,False,False,1728569412000000000,1728570992000000000,1728569413000000000,train,1313:22648>1318:22655|6,2-10,True,15.5,10-25,1.4659658037105032,0.0002979434659686,1.466263747176472,0-1d,False,0-1d,False,1.0,1.4667123087289626,1.4670102521949313,1.470477006515273,1.4707749499812417,1.470477006515273,1.4707749499812417,1.465988172848146,1.4662861163141148
BEV2_2024-10-10_drive3.csv,BEV2,2024-10-10 16:07:51+00:00,2024-10-10 16:40:31+00:00,2024-10-10 16:07:53+00:00,4.403392915569897,4.403392915569897,0,False,True,True,0.0,False,False,1728576471000000000,1728578431000000000,1728576473000000000,train,1318:22655>1318:22645|4,2-10,True,16.0,10-25,1.5022473588846177,0.000202667719779,1.5024500266043967,0-1d,False,0-1d,False,1.0,1.2089922095850507,1.2091948773048298,1.2162315710203937,1.2164342387401728,1.2162315710203937,1.2164342387401728,1.2251197916513006,1.2253224593710796
BEV2_2024-10-11_drive2.csv,BEV2,2024-10-11 17:25:36+00:00,2024-10-11 17:37:20+00:00,2024-10-11 17:25:38+00:00,2.764816366403433,2.765049568615341,0,False,True,True,0.0,False,False,1728667536000000000,1728668240000000000,1728667538000000000,train,1313:22648>1318:22645|2,2-10,True,14.0,10-25,0.8618011823141015,0.0004126962213333,0.8622138785354349,1-7d,False,1-7d,False,1.0,0.8618108502840262,0.8622235465053595,0.8629852972726579,0.8633979934939913,0.8629852972726579,0.8633979934939913,0.8669413071084651,0.8673540033297984
BEV2_2024-10-11_drive3.csv,BEV2,2024-10-11 18:09:00+00:00,2024-10-11 18:18:41+00:00,2024-10-11 18:09:02+00:00,2.5505834091079507,2.5505834091079507,0,False,True,True,0.0,False,False,1728670140000000000,1728670721000000000,1728670142000000000,train,1318:22645>1317:22653|2,2-10,True,11.0,10-25,0.550308757739647,0.0002413051600325,0.5505500628996796,0-1d,False,0-1d,False,1.0,0.5504592807267741,0.5507005858868066,0.5505070107698347,0.5507483159298672,0.5505070107698347,0.5507483159298672,0.5499209061282104,0.5501622112882429
BEV2_2024-10-11_drive4.csv,BEV2,2024-10-11 20:04:59+00:00,2024-10-11 20:28:04+00:00,2024-10-11 20:05:01+00:00,2.674443491146312,2.674443491146312,0,False,True,True,0.0,False,False,1728677099000000000,1728678484000000000,1728677101000000000,train,1317:22653>1318:22645|2,2-10,True,15.0,10-25,1.0357174529992537,0.0005399426691666,1.0362573956684202,0-1d,False,0-1d,False,1.0,0.7664150764943178,0.7669550191634844,0.7982710360523,0.7988109787214666,0.7982710360523,0.7988109787214666,0.8901534376276617,0.8906933802968283
BEV2_2024-10-12_drive1.csv,BEV2,2024-10-12 16:15:06+00:00,2024-10-12 16:25:12+00:00,2024-10-12 16:15:08+00:00,1.4116800744741482,1.4116800744741482,0,False,True,True,0.0,False,False,1728749706000000000,1728750312000000000,1728749708000000000,train,1318:22645>1315:22648|1,<2,True,11.5,10-25,0.4520813886588589,0.0003213744504878,0.4524027631093467,0-1d,False,0-1d,False,0.9983443708609272,0.4522981455452902,0.452619519995778,0.4171329785618634,0.4174543530123512,0.4171329785618634,0.4174543530123512,0.45187130334158954,0.45219267779207734
BEV2_2024-10-12_drive2.csv,BEV2,2024-10-12 18:10:58+00:00,2024-10-12 18:15:24+00:00,2024-10-12 18:11:00+00:00,1.2921813908318125,1.2921813908318125,0,False,True,True,0.0,False,False,1728756658000000000,1728756924000000000,1728756660000000000,train,1315:22648>1318:22645|1,<2,True,11.5,10-25,0.5018822448599849,0.0002150200453164,0.5020972649053013,0-1d,False,0-1d,False,1.0,0.5015685628793264,0.5017835829246428,0.5020345375291875,0.5022495575745038,0.5020345375291875,0.5022495575745038,0.4956602422222706,0.49587526226758705
BEV2_2024-10-13_drive1.csv,BEV2,2024-10-13 08:22:04+00:00,2024-10-13 08:50:16+00:00,2024-10-13 08:22:06+00:00,21.614558013372235,21.614558013372235,1,False,False,True,0.0,False,False,1728807724000000000,1728809416000000000,1728807726000000000,train,1318:22645>1364:22585|21,10-50,True,9.5,<10,5.111836224261615,0.0002862665316357,5.112122490793251,0-1d,False,0-1d,False,0.9349112426035504,5.112185226173647,5.112471492705283,5.107933130613638,5.108219397145274,5.107933130613638,5.108219397145274,5.244713945002462,5.245000211534098
BEV2_2024-10-13_drive2.csv,BEV2,2024-10-13 10:04:09+00:00,2024-10-13 10:34:24+00:00,2024-10-13 10:04:11+00:00,22.59512371558316,22.59512371558316,0,False,True,True,0.0,False,False,1728813849000000000,1728815664000000000,1728813851000000000,train,1364:22585>1318:22645|22,10-50,True,10.5,10-25,5.301982874445828,0.0001919675659305,5.302174842011759,0-1d,False,0-1d,False,0.964699393270822,5.19351948991712,5.193711457483051,5.134562488578341,5.134754456144272,5.134562488578341,5.134754456144272,5.30148801176876,5.301679979334691
BEV2_2024-10-13_drive3.csv,BEV2,2024-10-13 11:53:21+00:00,2024-10-13 12:02:29+00:00,2024-10-13 11:53:23+00:00,1.9646492986702184,1.9646492986702184,0,False,True,True,0.0,False,False,1728820401000000000,1728820949000000000,1728820403000000000,train,1318:22645>1313:22647|1,<2,True,12.0,10-25,0.3178331601625385,0.0002690993049631,0.3181022594675016,0-1d,False,0-1d,False,1.0,0.3186706395443875,0.3189397388493506,0.3181477034032826,0.3184168027082457,0.3181477034032826,0.3184168027082457,0.31836732484864094,0.31863642415360405
BEV2_2024-10-13_drive4.csv,BEV2,2024-10-13 14:37:57+00:00,2024-10-13 14:48:01+00:00,2024-10-13 14:37:58+00:00,2.605113913126785,2.605113913126785,0,True,True,True,0.0,True,False,1728830277000000000,1728830881000000000,1728830278000000000,train,1313:22647>1318:22645|2,2-10,True,13.5,10-25,0.6418936706918392,0.0002129316259861,0.6421066023178253,0-1d,False,0-1d,False,1.0,0.6418410492977642,0.6420539809237503,0.6599904393946951,0.6602033710206813,0.6599904393946951,0.6602033710206813,0.6567466599017316,0.6569595915277178
BEV2_2024-10-13_drive5.csv,BEV2,2024-10-13 20:15:33+00:00,2024-10-13 20:46:15+00:00,2024-10-13 20:15:35+00:00,7.106128961662677,7.106128961662677,0,False,True,True,0.0,False,False,1728850533000000000,1728852375000000000,1728850535000000000,train,1318:22645>1318:22645|7,2-10,True,9.35,<10,1.7461095401160374,0.0005765755198634,1.7466861156359008,0-1d,False,0-1d,False,0.9994565217391304,1.7319006914091417,1.7324772669290052,1.7459846737561115,1.746561249275975,1.7459846737561115,1.746561249275975,1.7461359840422181,1.7467125595620816
BEV2_2024-10-14_drive1.csv,BEV2,2024-10-14 05:41:15+00:00,2024-10-14 06:36:50+00:00,2024-10-14 05:41:17+00:00,55.08496075032837,55.08496075032837,0,False,True,True,0.0,False,False,1728884475000000000,1728887810000000000,1728884477000000000,train,1318:22645>1540:22693|55,>=50,True,6.0,<10,13.651961826099807,0.0005469012989725,13.65250872739878,0-1d,False,0-1d,False,0.9243924392439244,12.331536262380611,12.332083163679584,12.606853818130315,12.607400719429288,12.606853818130315,12.607400719429288,13.225989436762202,13.226536338061175
BEV2_2024-10-14_drive2.csv,BEV2,2024-10-14 09:56:20+00:00,2024-10-14 10:14:11+00:00,2024-10-14 09:56:22+00:00,6.537586143195533,6.537717553093154,0,False,True,True,0.0,False,False,1728899780000000000,1728900851000000000,1728899782000000000,train,1540:22693>1552:22706|6,2-10,True,14.5,10-25,1.3677593797871357,0.0004644060985859,1.3682237858857214,0-1d,False,0-1d,False,0.9981290926099158,1.3676824848240716,1.3681468909226575,1.3677184133432814,1.3681828194418673,1.3677184133432814,1.3681828194418673,1.3677670192538192,1.368231425352405
BEV2_2024-10-14_drive3.csv,BEV2,2024-10-14 10:45:56+00:00,2024-10-14 12:53:14+00:00,2024-10-14 10:45:57+00:00,75.92805416302318,75.92805416302318,0,True,True,True,0.0,True,False,1728902756000000000,1728910394000000000,1728902757000000000,train,1552:22706>1230:22803|75,>=50,True,11.0,10-25,15.97430502515107,8.591945633332792e-05,15.974390944607403,0-1d,False,0-1d,False,0.9725022914757104,15.972046373604254,15.972132293060588,16.03026253022818,16.03034844968451,16.03026253022818,16.03034844968451,15.980343899997818,15.980429819454152
BEV2_2024-10-14_drive4.csv,BEV2,2024-10-14 14:09:29+00:00,2024-10-14 14:52:18+00:00,2024-10-14 14:09:31+00:00,37.83576021897776,37.83576021897776,0,False,True,True,0.0,False,False,1728914969000000000,1728917538000000000,1728914971000000000,train,1230:22803>1263:22653|37,10-50,True,16.5,10-25,8.224029190631638,0.0006536732517786,8.224682863883418,0-1d,False,0-1d,False,0.9501363459291,7.993044891822515,7.993698565074293,8.2219388935368,8.22259256678858,8.2219388935368,8.22259256678858,8.136689135127353,8.137342808379133
BEV2_2024-10-14_drive5.csv,BEV2,2024-10-14 15:03:42+00:00,2024-10-14 15:29:25+00:00,2024-10-14 15:03:43+00:00,17.184624008835897,17.184624008835897,0,False,True,True,0.0,False,False,1728918222000000000,1728919765000000000,1728918223000000000,train,1263:22653>1318:22645|17,10-50,True,12.0,10-25,2.8897766312447875,0.0002233687546305,2.889999999999418,0-1d,False,0-1d,False,0.9850843060959792,2.907704753986182,2.9079281227408122,3.0890858822016467,3.089309250956277,3.0890858822016467,3.089309250956277,3.0527974791518337,3.053020847906464
BEV2_2024-10-15_drive1.csv,BEV2,2024-10-15 06:11:10+00:00,2024-10-15 06:13:37+00:00,2024-10-15 06:11:12+00:00,0.5018770790309816,0.5018770790309816,0,False,True,True,0.0,False,False,1728972670000000000,1728972817000000000,1728972672000000000,train,1318:22645>1318:22645|0,<2,True,9.0,<10,0.2218643613831751,0.000264013218448,0.2221283746016231,0-1d,False,0-1d,False,1.0,0.22185126584710083,0.22211527906554882,0.2214042593051117,0.2216682725235597,0.2214042593051117,0.2216682725235597,0.22196008596705413,0.22222409918550212
BEV2_2024-10-15_drive2.csv,BEV2,2024-10-15 10:42:40+00:00,2024-10-15 10:45:18+00:00,2024-10-15 10:42:42+00:00,0.0968080174950066,0.0968080174950066,0,False,True,True,0.0,False,False,1728988960000000000,1728989118000000000,1728988962000000000,train,1318:22645>1318:22645|0,<2,True,14.0,10-25,0.0818147122775703,0.0003734576301913,0.0821881699077616,0-1d,True,0-1d,True,0.9935897435897436,0.08198775262437423,0.08236121025456553,0.08108625856154829,0.08145971619173958,0.08108625856154829,0.08145971619173958,0.08727963629991116,0.08765309393010245
BEV2_2024-10-16_drive1.csv,BEV2,2024-10-16 04:01:42+00:00,2024-10-16 04:03:33+00:00,2024-10-16 04:01:44+00:00,0.4894963767335139,0.4894963767335139,0,False,True,True,0.0,False,False,1729051302000000000,1729051413000000000,1729051304000000000,train,1318:22645>1318:22645|0,<2,True,12.0,10-25,0.1648415020609674,0.0003600425894256,0.165201544650393,0-1d,True,0-1d,True,1.0,0.16482256485817698,0.16518260744760258,0.1646446995097671,0.1650047420991927,0.1646446995097671,0.1650047420991927,0.16475927382162525,0.16511931641105085
BEV2_2024-10-16_drive2.csv,BEV2,2024-10-16 04:10:28+00:00,2024-10-16 04:32:08+00:00,2024-10-16 04:10:30+00:00,5.69205569032964,5.692318682695353,1,False,False,True,0.0,False,False,1729051828000000000,1729053128000000000,1729051830000000000,train,1318:22645>1318:22645|5,2-10,True,12.0,10-25,1.315738012250638,0.0004933005982395,1.3162313128488776,0-1d,False,0-1d,False,0.9738058551617874,1.3185339706975068,1.3190272712957463,1.3151699456300348,1.3156632462282742,1.3151699456300348,1.3156632462282742,1.315713082760468,1.3162063833587074
BEV2_2024-10-16_drive3.csv,BEV2,2024-10-16 07:01:37+00:00,2024-10-16 07:08:27+00:00,2024-10-16 07:01:38+00:00,2.32775800556336,2.327889502259743,0,False,True,True,0.0,False,False,1729062097000000000,1729062507000000000,1729062098000000000,train,1318:22645>1313:22647|2,2-10,True,13.5,10-25,0.3942601165956513,0.00022371862234,0.3944838352179913,0-1d,False,0-1d,False,1.0,0.39415763422185957,0.39438135284419956,0.39375157936964233,0.39397529799198233,0.39375157936964233,0.39397529799198233,0.39422702907908974,0.39445074770142974
BEV2_2024-10-16_drive4.csv,BEV2,2024-10-16 09:35:26+00:00,2024-10-16 09:39:55+00:00,2024-10-16 09:35:27+00:00,1.636140003058472,1.636140003058472,0,False,True,True,0.0,False,False,1729071326000000000,1729071595000000000,1729071327000000000,train,1313:22647>1315:22647|1,<2,True,15.5,10-25,0.3859687627445395,0.000373536264259,0.3863422990087985,0-1d,False,0-1d,False,1.0,0.38410910906315393,0.38448264532741294,0.38544596744978216,0.38581950371404117,0.38544596744978216,0.38581950371404117,0.3859662743039336,0.3863398105681926
BEV2_2024-10-16_drive5.csv,BEV2,2024-10-16 09:44:47+00:00,2024-10-16 09:48:21+00:00,2024-10-16 09:44:49+00:00,1.0743525704992307,1.0743525704992307,0,False,True,True,0.0,False,False,1729071887000000000,1729072101000000000,1729071889000000000,train,1315:22647>1318:22645|1,<2,True,17.0,10-25,0.3337954200030611,0.0003995156604722,0.3341949356635333,0-1d,False,0-1d,False,1.0,0.33391311903902665,0.33431263469949885,0.33380744851165955,0.33420696417213175,0.33380744851165955,0.33420696417213175,0.3337254950542931,0.3341250107147653
BEV2_2024-10-16_drive6.csv,BEV2,2024-10-16 12:04:54+00:00,2024-10-16 12:36:03+00:00,2024-10-16 12:04:55+00:00,20.35089600636284,20.35089600636284,0,False,True,True,0.0,False,False,1729080294000000000,1729082163000000000,1729080295000000000,train,1318:22645>1256:22662|20,10-50,True,20.0,10-25,4.518129546874264,0.0001919244793509,4.518321471353615,0-1d,False,0-1d,False,0.965203426124197,4.516143568373145,4.5163354928524955,4.3842393962462465,4.384431320725597,4.3842393962462465,4.384431320725597,4.51801290467169,4.518204829151041
BEV2_2024-10-17_drive1.csv,BEV2,2024-10-17 22:22:03+00:00,2024-10-17 22:45:02+00:00,2024-10-17 22:22:05+00:00,20.915513112131265,20.915513112131265,0,False,True,True,0.0,False,False,1729203723000000000,1729205102000000000,1729203725000000000,train,1256:22662>1318:22645|20,10-50,True,17.0,10-25,4.953511419723668,0.000973734912831,4.954485154636499,1-7d,False,1-7d,False,0.9404502541757443,4.652790056271281,4.6537637911841125,4.6553950432505085,4.65636877816334,4.6553950432505085,4.65636877816334,4.891354582329793,4.892328317242624
BEV2_2024-10-18_drive1.csv,BEV2,2024-10-18 06:29:23+00:00,2024-10-18 07:35:11+00:00,2024-10-18 06:29:24+00:00,51.80627463381953,51.80627463381953,0,False,True,True,0.0,False,False,1729232963000000000,1729236911000000000,1729232964000000000,train,1318:22645>1234:22807|51,>=50,True,15.5,10-25,10.539994361136989,0.000294858151858,10.540289219288844,0-1d,False,0-1d,False,0.952115530782873,10.435798896006844,10.436093754158701,10.545668966357338,10.545963824509196,10.545668966357338,10.545963824509196,10.532850050989936,10.533144909141793
BEV2_2024-10-18_drive2.csv,BEV2,2024-10-18 10:46:05+00:00,2024-10-18 11:46:08+00:00,2024-10-18 10:46:07+00:00,52.18880010317217,52.18880010317217,0,False,True,True,0.0,False,False,1729248365000000000,1729251968000000000,1729248367000000000,train,1234:22807>1313:22647|52,>=50,True,22.5,10-25,10.760214994248388,0.0002148184692031,10.760429812717591,0-1d,False,0-1d,False,0.95084698694807,10.767783118027362,10.767997936496565,10.776598351199942,10.776813169669145,10.776598351199942,10.776813169669145,10.762351541078878,10.762566359548082
BEV2_2024-10-18_drive3.csv,BEV2,2024-10-18 15:04:43+00:00,2024-10-18 15:13:08+00:00,2024-10-18 15:04:44+00:00,1.9517955284402853,1.9517955284402853,0,True,True,True,0.0,True,False,1729263883000000000,1729264388000000000,1729263884000000000,train,1313:22647>1310:22648|1,<2,True,18.0,10-25,0.4960554204465083,9.163241833332796e-05,0.4961470528648417,0-1d,False,0-1d,False,0.998015873015873,0.47911567885928175,0.47920731127761507,0.49614232925422896,0.4962339616725623,0.49614232925422896,0.4962339616725623,0.4909738767732904,0.49106550919162373
BEV2_2024-10-18_drive4.csv,BEV2,2024-10-18 19:23:18+00:00,2024-10-18 19:38:23+00:00,2024-10-18 19:23:20+00:00,3.050234630118521,3.050472734575024,0,False,True,True,0.0,False,False,1729279398000000000,1729280303000000000,1729279400000000000,train,1310:22648>1318:22645|3,2-10,True,17.5,10-25,0.8280666546381881,0.0004223671334674,0.8284890217716555,0-1d,False,0-1d,False,0.9988925802879292,0.8282853727210612,0.8287077398545286,0.8278908528233947,0.8283132199568621,0.8278908528233947,0.8283132199568621,0.8280034879611065,0.8284258550945739
BEV2_2024-10-19_drive1.csv,BEV2,2024-10-19 12:35:22+00:00,2024-10-19 13:34:14+00:00,2024-10-19 12:35:23+00:00,57.072323579515846,57.072323579515846,0,False,True,True,0.0,False,False,1729341322000000000,1729344854000000000,1729341323000000000,train,1318:22645>1245:22822|57,>=50,True,15.5,10-25,10.679771357914705,0.0002286420855901,10.680000000000293,0-1d,False,0-1d,False,0.9484565278957804,10.70373616317906,10.70396480526465,10.739137706492786,10.739366348578375,10.739137706492786,10.739366348578375,10.875215927038992,10.875444569124582
BEV2_2024-10-19_drive2.csv,BEV2,2024-10-19 13:45:22+00:00,2024-10-19 14:04:16+00:00,2024-10-19 13:45:23+00:00,6.182628791624925,6.182628791624925,0,False,True,True,0.0,False,False,1729345522000000000,1729346656000000000,1729345523000000000,train,1245:22822>1236:22808|6,2-10,True,16.5,10-25,1.160002305118649,0.0001347031949526,1.1601370083136016,0-1d,False,0-1d,False,0.999117387466902,1.1586616482539267,1.1587963514488793,1.158744127068587,1.1588788302635395,1.158744127068587,1.1588788302635395,1.1586196690782204,1.158754372273173
BEV2_2024-10-19_drive3.csv,BEV2,2024-10-19 14:55:04+00:00,2024-10-19 16:06:38+00:00,2024-10-19 14:55:06+00:00,52.83047873983727,52.83047873983727,0,False,True,True,0.0,False,False,1729349704000000000,1729353998000000000,1729349706000000000,train,1236:22808>1318:22645|52,>=50,True,21.0,10-25,10.91990029466292,0.0001887168712929,10.920089011534213,0-1d,False,0-1d,False,0.9606244175209692,10.899092405540816,10.89928112241211,10.920061318935025,10.920250035806317,10.920061318935025,10.920250035806317,10.920134007340343,10.920322724211635
BEV2_2024-10-19_drive4.csv,BEV2,2024-10-19 18:14:34+00:00,2024-10-19 18:36:56+00:00,2024-10-19 18:14:36+00:00,15.06470421204484,15.064774403748684,1,False,False,True,0.0,False,False,1729361674000000000,1729363016000000000,1729361676000000000,train,1318:22645>1315:22648|15,10-50,True,15.0,10-25,2.9259148003756548,0.0003899148491753,2.92630471522483,0-1d,False,0-1d,False,0.942537313432836,2.9247794062411505,2.925169321090326,2.9259137458062074,2.9263036606553827,2.9259137458062074,2.9263036606553827,2.9225474415075654,2.9229373563567407
BEV2_2024-10-19_drive5.csv,BEV2,2024-10-19 18:39:52+00:00,2024-10-19 18:43:48+00:00,2024-10-19 18:39:54+00:00,1.1770422705116554,1.1770422705116554,0,False,True,True,0.0,False,False,1729363192000000000,1729363428000000000,1729363194000000000,train,1315:22648>1318:22645|1,<2,True,15.0,10-25,0.3801638798337501,0.000419141577222,0.3805830214109721,0-1d,False,0-1d,False,0.9957264957264956,0.3469952575459414,0.3474143991231634,0.35839334163281356,0.35881248321003556,0.35839334163281356,0.35881248321003556,0.31264255109360334,0.31306169267082534
BEV2_2024-10-20_drive1.csv,BEV2,2024-10-20 09:25:41+00:00,2024-10-20 09:38:49+00:00,2024-10-20 09:25:43+00:00,2.9247142463620204,2.9247142463620204,0,False,True,True,0.0,False,False,1729416341000000000,1729417129000000000,1729416343000000000,train,1318:22645>1315:22649|2,2-10,True,16.0,10-25,0.554002800580672,0.0002495857609045,0.5542523863415765,0-1d,False,0-1d,False,1.0,0.5535310529226322,0.5537806386835367,0.5540573520964701,0.5543069378573746,0.5540573520964701,0.5543069378573746,0.5543178999281412,0.5545674856890457
BEV2_2024-10-20_drive2.csv,BEV2,2024-10-20 10:18:43+00:00,2024-10-20 10:24:40+00:00,2024-10-20 10:18:44+00:00,1.3972263451828413,1.3972263451828413,0,True,True,True,0.0,True,False,1729419523000000000,1729419880000000000,1729419524000000000,train,1315:22649>1318:22645|1,<2,True,16.5,10-25,0.3756923470710163,0.0003076529291874,0.3760000000002037,0-1d,False,0-1d,False,1.0,0.3756968473861336,0.376004500315321,0.37733823054201193,0.3776458834711993,0.37733823054201193,0.3776458834711993,0.37593760296331014,0.3762452558924975
BEV2_2024-10-20_drive3.csv,BEV2,2024-10-20 16:34:39+00:00,2024-10-20 16:55:18+00:00,2024-10-20 16:34:41+00:00,4.782404345165065,4.782404345165065,0,False,True,True,0.0,False,False,1729442079000000000,1729443318000000000,1729442081000000000,train,1318:22645>1318:22645|4,2-10,True,17.5,10-25,0.9941039288970333,0.0002217346877191,0.9943256635847524,0-1d,False,0-1d,False,0.9991915925626516,0.994123379779863,0.9943451144675821,0.994097536556477,0.9943192712441962,0.994097536556477,0.9943192712441962,0.994659555942537,0.9948812906302561
BEV2_2024-10-20_drive4.csv,BEV2,2024-10-20 18:21:52+00:00,2024-10-20 18:32:25+00:00,2024-10-20 18:21:55+00:00,2.071986024373801,2.071986024373801,0,False,True,True,0.0,False,False,1729448512000000000,1729449145000000000,1729448515000000000,train,1318:22645>1316:22651|2,2-10,True,17.5,10-25,0.3518678951369106,0.0003276949794249,0.3521955901163355,0-1d,False,0-1d,False,1.0,0.35197115433039966,0.3522988493098246,0.35217801006190086,0.3525057050413258,0.35217801006190086,0.3525057050413258,0.3554477997567409,0.3557754947361658
BEV2_2024-10-20_drive5.csv,BEV2,2024-10-20 18:37:40+00:00,2024-10-20 18:46:15+00:00,2024-10-20 18:37:42+00:00,2.412322908254053,2.412878883655297,0,False,True,True,0.0,False,False,1729449460000000000,1729449975000000000,1729449462000000000,train,1316:22651>1318:22645|2,2-10,True,18.0,10-25,0.5662211035491386,0.0001720634453015,0.5663931669944401,0-1d,False,0-1d,False,1.0,0.5662382903237521,0.5664103537690536,0.5669307983853651,0.5671028618306666,0.5669307983853651,0.5671028618306666,0.5661616635818791,0.5663337270271807
BEV2_2024-10-21_drive1.csv,BEV2,2024-10-21 06:01:22+00:00,2024-10-21 06:13:27+00:00,2024-10-21 06:01:23+00:00,2.1883530120502503,2.1883530120502503,0,False,True,True,0.0,False,False,1729490482000000000,1729491207000000000,1729490483000000000,train,1318:22645>1313:22648|2,2-10,True,14.0,10-25,0.5458233926989742,0.0002979293052293,0.5461213220042035,0-1d,False,0-1d,False,1.0,0.4953409054178354,0.4956388347230647,0.5461117483171322,0.5464096776223615,0.5461117483171322,0.5464096776223615,0.5458662057530644,0.5461641350582938
BEV2_2024-10-21_drive2.csv,BEV2,2024-10-21 10:23:39+00:00,2024-10-21 10:25:38+00:00,2024-10-21 10:23:41+00:00,0.0347510410771532,0.0347510410771532,0,False,True,False,0.0,False,False,1729506219000000000,1729506338000000000,1729506221000000000,train,1313:22648>1313:22648|0,<2,True,18.375,10-25,0.051894815843297,0.0001996686696752,0.0520944845129722,0-1d,False,0-1d,False,1.0,0.10630581561151843,0.10650548428119364,0.08419800651747131,0.08439767518714651,0.08419800651747131,0.08439767518714651,0.04944084195498612,0.049640510624661315
BEV2_2024-10-21_drive3.csv,BEV2,2024-10-21 11:57:13+00:00,2024-10-21 12:28:36+00:00,2024-10-21 11:57:15+00:00,20.71030495230852,20.71030495230852,1,False,True,True,0.0,False,False,1729511833000000000,1729513716000000000,1729511835000000000,train,1313:22648>1256:22662|20,10-50,True,17.0,10-25,4.185884467256072,0.0002215872713447,4.186106054527417,0-1d,False,0-1d,False,0.9744816586921852,4.186192284450651,4.186413871721996,4.190993438464097,4.191215025735442,4.190993438464097,4.191215025735442,4.186146862717375,4.18636844998872
BEV2_2024-10-23_drive1.csv,BEV2,2024-10-23 21:36:22+00:00,2024-10-23 22:00:33+00:00,2024-10-23 21:36:24+00:00,20.991861317430327,20.991861317430327,0,False,True,True,0.0,False,False,1729719382000000000,1729720833000000000,1729719384000000000,train,1256:22662>1318:22645|20,10-50,True,12.0,10-25,5.461213184174457,0.001569316414755,5.462782500589212,1-7d,False,1-7d,False,0.945479641131815,4.615255842389617,4.616825158804372,4.624016712864998,4.625586029279753,4.624016712864998,4.625586029279753,5.082588404300798,5.084157720715552
BEV2_2024-10-24_drive1.csv,BEV2,2024-10-24 05:28:17+00:00,2024-10-24 05:39:48+00:00,2024-10-24 05:28:18+00:00,3.677385633457948,3.677385633457948,0,True,True,True,0.0,True,False,1729747697000000000,1729748388000000000,1729747698000000000,train,1318:22645>1321:22656|3,2-10,True,6.0,<10,0.8980349922982781,0.0001286383209372,0.8981636306192153,0-1d,False,0-1d,False,0.9985507246376812,0.8979729434811743,0.8981015818021115,0.8979618562407817,0.898090494561719,0.8979618562407817,0.898090494561719,0.8982410155856244,0.8983696539065616
BEV2_2024-10-24_drive2.csv,BEV2,2024-10-24 15:20:45+00:00,2024-10-24 15:36:06+00:00,2024-10-24 15:20:47+00:00,4.062758513679995,4.062758513679995,0,False,True,True,0.0,False,False,1729783245000000000,1729784166000000000,1729783247000000000,train,1321:22656>1318:22646|4,2-10,True,15.0,10-25,1.078053372661796,0.0005924441448847,1.0786458168066808,0-1d,False,0-1d,False,0.998911860718172,1.0783211247076114,1.0789135688524962,1.0781547300523089,1.0787471741971937,1.0781547300523089,1.0787471741971937,1.0778668194361627,1.0784592635810475
BEV2_2024-10-25_drive1.csv,BEV2,2024-10-25 05:52:59+00:00,2024-10-25 06:02:57+00:00,2024-10-25 05:53:01+00:00,2.1035222151311945,2.1035924056684587,0,False,True,True,0.0,False,False,1729835579000000000,1729836177000000000,1729835581000000000,train,1318:22646>1313:22648|2,2-10,True,10.5,10-25,0.6257722483065649,0.0004424514644754,0.6262146997710403,0-1d,False,0-1d,False,1.0,0.6257173443198963,0.6261597957843718,0.6012282955808317,0.6016707470453071,0.6012282955808317,0.6016707470453071,0.6164347804580748,0.6168772319225502
BEV2_2024-10-25_drive2.csv,BEV2,2024-10-25 17:00:36+00:00,2024-10-25 17:19:02+00:00,2024-10-25 17:00:38+00:00,3.282851609586962,3.282851609586962,0,False,True,True,0.0,False,False,1729875636000000000,1729876742000000000,1729875638000000000,train,1313:22648>1318:22645|3,2-10,True,15.5,10-25,1.149757224760234,0.0004804561240237,1.1502376808842576,0-1d,False,0-1d,False,1.0,1.0049079337902003,1.005388389914224,1.061536667025013,1.0620171231490367,1.061536667025013,1.0620171231490367,1.0580133415372248,1.0584937976612485
BEV2_2024-10-26_drive1.csv,BEV2,2024-10-26 12:41:06+00:00,2024-10-26 14:00:28+00:00,2024-10-26 12:41:09+00:00,55.348663211860185,55.348663211860185,0,False,True,True,0.0,False,False,1729946466000000000,1729951228000000000,1729946469000000000,train,1318:22645>1236:22808|55,>=50,True,20.0,10-25,11.573715213607535,0.0008554675724545,11.574570681179992,0-1d,False,0-1d,False,0.9653288505988652,11.270023574794173,11.270879042366628,11.398978660464529,11.399834128036984,11.398978660464529,11.399834128036984,11.57401886948413,11.574874337056585
BEV2_2024-10-26_drive2.csv,BEV2,2024-10-26 17:26:31+00:00,2024-10-26 17:48:37+00:00,2024-10-26 17:26:33+00:00,6.834239323670524,6.834239323670524,0,False,True,True,0.0,False,False,1729963591000000000,1729964917000000000,1729963593000000000,train,1236:22808>1249:22821|6,2-10,True,24.0,10-25,1.2782347219627934,0.0002063268068796,1.2784410487696731,0-1d,False,0-1d,False,1.0,1.2183217612545787,1.2185280880614584,1.2799790831306186,1.2801854099374983,1.2799790831306186,1.2801854099374983,1.2781209409141767,1.2783272677210564
BEV2_2024-10-26_drive3.csv,BEV2,2024-10-26 20:20:01+00:00,2024-10-26 21:12:55+00:00,2024-10-26 20:20:02+00:00,54.762601542294654,54.762601542294654,0,False,True,True,0.0,False,False,1729974001000000000,1729977175000000000,1729974002000000000,train,1249:22821>1318:22645|54,>=50,True,18.5,10-25,12.23577316948816,0.0002268305089876,12.235999999997148,0-1d,False,0-1d,False,0.9300346675070912,11.580047552624357,11.580274383133345,11.838130917510844,11.838357748019831,11.838130917510844,11.838357748019831,12.24308192702821,12.243308757537198
BEV2_2024-10-27_drive1.csv,BEV2,2024-10-27 10:18:44+00:00,2024-10-27 10:28:23+00:00,2024-10-27 10:18:46+00:00,2.5579471220111367,2.5579471220111367,0,False,True,True,0.0,False,False,1730024324000000000,1730024903000000000,1730024326000000000,train,1318:22645>1315:22649|2,2-10,True,15.5,10-25,0.4339444945015083,0.0002874280871873,0.4342319225886956,0-1d,False,0-1d,False,1.0,0.4344339588381779,0.4347213869253652,0.433038428312838,0.4333258564000253,0.433038428312838,0.4333258564000253,0.43394273248754345,0.43423016057473074
BEV2_2024-10-27_drive2.csv,BEV2,2024-10-27 11:08:35+00:00,2024-10-27 11:15:22+00:00,2024-10-27 11:08:37+00:00,1.4133073829063263,1.4134185779862922,0,False,True,True,0.0,False,False,1730027315000000000,1730027722000000000,1730027317000000000,train,1315:22649>1318:22645|1,<2,True,17.0,10-25,0.395784050569922,0.0004227893967838,0.3962068399667058,0-1d,False,0-1d,False,0.9975308641975308,0.3957757299839303,0.3961985193807141,0.3954188410047125,0.3958416304014963,0.3954188410047125,0.3958416304014963,0.39583976227631956,0.39626255167310337
BEV2_2024-10-27_drive3.csv,BEV2,2024-10-27 13:08:46+00:00,2024-10-27 14:02:22+00:00,2024-10-27 13:08:48+00:00,37.865512269443656,37.865512269443656,0,False,True,True,0.0,False,False,1730034526000000000,1730037742000000000,1730034528000000000,train,1318:22645>1451:22628|37,10-50,True,18.0,10-25,6.791801101790533,0.0003969558141698,6.792198057604702,0-1d,False,0-1d,False,0.9741754822650902,6.790606573843624,6.791003529657793,7.172356744708627,7.172753700522796,7.172356744708627,7.172753700522796,6.791891110773489,6.792288066587658
BEV2_2024-10-27_drive4.csv,BEV2,2024-10-27 16:38:10+00:00,2024-10-27 17:14:15+00:00,2024-10-27 16:38:12+00:00,34.19736562227016,34.19743587347978,0,False,True,True,0.0,False,False,1730047090000000000,1730049255000000000,1730047092000000000,train,1451:22628>1318:22645|34,10-50,True,17.5,10-25,5.999997324245317,0.0005317672818302,6.000529091527148,0-1d,False,0-1d,False,0.9704114655570968,6.030872622200972,6.031404389482803,6.554356721139241,6.554888488421072,6.554356721139241,6.554888488421072,5.994537600979894,5.995069368261724
BEV2_2024-10-27_drive5.csv,BEV2,2024-10-27 20:29:46+00:00,2024-10-27 21:04:36+00:00,2024-10-27 20:29:48+00:00,4.486131700575735,4.486131700575735,0,False,True,True,0.0,False,False,1730060986000000000,1730063076000000000,1730060988000000000,train,1318:22645>1318:22645|4,2-10,True,13.0,10-25,1.327948866491024,0.0003096595487305,1.3282585260397544,0-1d,False,0-1d,False,0.9995210727969348,0.9786549184805233,0.9789645780292539,1.0734529644964255,1.0737626240451559,1.0734529644964255,1.0737626240451559,1.207540307881916,1.2078499674306464
BEV2_2024-10-28_drive1.csv,BEV2,2024-10-28 07:13:00+00:00,2024-10-28 07:21:42+00:00,2024-10-28 07:13:02+00:00,2.066337424941951,2.066337424941951,0,False,True,True,0.0,False,False,1730099580000000000,1730100102000000000,1730099582000000000,train,1318:22645>1313:22648|2,2-10,True,12.5,10-25,0.5584386315458467,0.0001886604434264,0.5586272919892731,0-1d,False,0-1d,False,0.9980769230769232,0.46868665220891315,0.46887531265233956,0.5036002155211475,0.5037888759645739,0.5036002155211475,0.5037888759645739,0.4733544663136342,0.4735431267570606
BEV2_2024-10-28_drive2.csv,BEV2,2024-10-28 11:15:17+00:00,2024-10-28 11:24:46+00:00,2024-10-28 11:15:18+00:00,2.8297095157685845,2.8297095157685845,0,False,True,True,0.0,False,False,1730114117000000000,1730114686000000000,1730114118000000000,train,1313:22648>1318:22645|2,2-10,True,15.0,10-25,0.763839589597295,0.000249406618322,0.764088996215617,0-1d,False,0-1d,False,0.9982394366197184,0.772304381839706,0.7725537884580279,0.7643801608721503,0.7646295674904723,0.7643801608721503,0.7646295674904723,0.7657884214463907,0.7660378280647127
BEV2_2024-10-28_drive3.csv,BEV2,2024-10-28 15:42:14+00:00,2024-10-28 16:04:32+00:00,2024-10-28 15:42:17+00:00,11.438396596154558,11.438528092661295,0,False,True,True,0.0,False,False,1730130134000000000,1730131472000000000,1730130137000000000,train,1318:22645>1355:22637|11,10-50,True,15.5,10-25,2.4698283902261364,0.0007090525511618,2.470537442777298,0-1d,False,0-1d,False,0.9812734082397004,2.4709072187390353,2.471616271290197,2.469621901261761,2.4703309538129226,2.469621901261761,2.4703309538129226,2.4697831733198528,2.4704922258710145
BEV2_2024-10-28_drive4.csv,BEV2,2024-10-28 16:23:15+00:00,2024-10-28 17:07:46+00:00,2024-10-28 16:23:18+00:00,11.086222422449447,11.086222422449447,0,False,True,True,0.0,False,False,1730132595000000000,1730135266000000000,1730132598000000000,train,1355:22637>1318:22645|11,10-50,True,15.5,10-25,2.5237528608717508,0.0007503816772581,2.524503242549009,0-1d,False,0-1d,False,0.9865067466266868,2.4206792502686563,2.4214296319459145,2.5233845806240507,2.524134962301309,2.5233845806240507,2.524134962301309,2.4428578754425274,2.4436082571197857
BEV2_2024-10-29_drive1.csv,BEV2,2024-10-29 08:05:55+00:00,2024-10-29 08:22:58+00:00,2024-10-29 08:05:57+00:00,5.708157258493826,5.708157258493826,1,False,False,True,0.0,False,False,1730189155000000000,1730190178000000000,1730189157000000000,train,1318:22645>1318:22645|5,2-10,True,13.0,10-25,1.1300915153828386,0.0005252381530076,1.1306167535358462,0-1d,False,0-1d,False,0.9529872673849168,1.1707385015934737,1.1712637397464813,1.2026366119579077,1.2031618501109154,1.2026366119579077,1.2031618501109154,1.1300870841933786,1.1306123223463862
BEV2_2024-10-29_drive2.csv,BEV2,2024-10-29 08:26:00+00:00,2024-10-29 09:18:14+00:00,2024-10-29 08:26:02+00:00,59.895175563447765,59.895175563447765,0,True,True,True,0.0,True,False,1730190360000000000,1730193494000000000,1730190362000000000,train,1318:22645>1552:22706|59,>=50,True,13.5,10-25,13.831742493338362,0.0005126705748132,13.832255163913176,0-1d,False,0-1d,False,0.9096424010217112,13.324050509129652,13.324563179704466,13.506118115663615,13.506630786238428,13.506118115663615,13.506630786238428,13.78391011472222,13.784422785297034
BEV2_2024-10-29_drive3.csv,BEV2,2024-10-29 15:22:36+00:00,2024-10-29 15:34:36+00:00,2024-10-29 15:22:37+00:00,4.9798697475904605,4.9798697475904605,0,False,True,True,0.0,False,False,1730215356000000000,1730216076000000000,1730215357000000000,train,1552:22706>1544:22714|4,2-10,True,17.5,10-25,1.0799086473798252,0.0002381880640488,1.080146835443874,0-1d,False,0-1d,False,1.0,0.9849760022576948,0.9852141903217436,1.0136732046760837,1.0139113927401324,1.0136732046760837,1.0139113927401324,0.9677885322752511,0.9680267203392999
BEV2_2024-10-29_drive4.csv,BEV2,2024-10-29 15:42:23+00:00,2024-10-29 16:44:15+00:00,2024-10-29 15:42:26+00:00,79.31393894009219,79.31393894009219,0,False,True,True,0.0,False,False,1730216543000000000,1730220255000000000,1730216546000000000,train,1544:22714>1318:22645|79,>=50,True,14.5,10-25,13.704004294634595,0.0003146409447495,13.704318935579344,0-1d,False,0-1d,False,0.9994607710973308,14.830437955657342,14.83075259660209,15.209821822521356,15.210136463466105,15.209821822521356,15.210136463466105,14.114104690173772,14.11441933111852
BEV2_2024-10-30_drive1.csv,BEV2,2024-10-30 06:58:17+00:00,2024-10-30 07:06:28+00:00,2024-10-30 06:58:19+00:00,2.037003129936729,2.037003129936729,0,False,True,True,0.0,False,False,1730271497000000000,1730271988000000000,1730271499000000000,train,1318:22645>1313:22648|2,2-10,True,12.25,10-25,0.4160297049220279,0.000263468040033,0.416293172962061,0-1d,True,0-1d,True,1.0,0.3897869935680055,0.3900504616080385,0.4160866358571197,0.4163501038971527,0.4160866358571197,0.4163501038971527,0.4154402223860298,0.4157036904260628
BEV2_2024-10-30_drive2.csv,BEV2,2024-10-30 10:29:58+00:00,2024-10-30 10:39:00+00:00,2024-10-30 10:30:00+00:00,2.7719559317300986,2.7720671268107715,0,False,True,True,0.0,False,False,1730284198000000000,1730284740000000000,1730284200000000000,train,1313:22648>1318:22645|2,2-10,True,14.5,10-25,0.7280161818600607,0.0005610408984497,0.7285772227585103,0-1d,True,0-1d,True,0.998148148148148,0.7889535507604619,0.7895145916589116,0.7409788903073504,0.7415399312058001,0.7409788903073504,0.7415399312058001,0.727947000778025,0.7285080416764746
BEV2_2024-10-30_drive3.csv,BEV2,2024-10-30 11:43:01+00:00,2024-10-30 11:50:33+00:00,2024-10-30 11:43:02+00:00,2.0960055767807257,2.0960055767807257,0,False,True,True,0.0,False,False,1730288581000000000,1730289033000000000,1730288582000000000,train,1318:22645>1313:22648|2,2-10,True,14.0,10-25,0.334204303532358,0.0002163713189814,0.3344206748513394,0-1d,True,0-1d,True,0.9977827050997784,0.3341254457327858,0.3343418170517672,0.3373931382544044,0.3376095095733858,0.3373931382544044,0.3376095095733858,0.3295730165981448,0.3297893879171262
BEV2_2024-10-30_drive4.csv,BEV2,2024-10-30 14:34:29+00:00,2024-10-30 14:42:04+00:00,2024-10-30 14:34:32+00:00,2.194468100390462,2.194649480080096,0,False,True,True,0.0,False,False,1730298869000000000,1730299324000000000,1730298872000000000,train,1313:22648>1310:22648|2,2-10,True,15.3,10-25,0.5879429387952928,0.0005943935758823,0.5885373323711751,0-1d,False,0-1d,False,0.9977876106194692,0.5757937110543223,0.5763881046302046,0.5879363681129943,0.5885307616888766,0.5879363681129943,0.5885307616888766,0.5878554848946719,0.5884498784705542
BEV2_2024-10-30_drive5.csv,BEV2,2024-10-30 17:03:09+00:00,2024-10-30 17:15:30+00:00,2024-10-30 17:03:12+00:00,3.129841232317152,3.129841232317152,0,False,True,True,0.0,False,False,1730307789000000000,1730308530000000000,1730307792000000000,train,1310:22648>1318:22645|3,2-10,True,14.0,10-25,0.9240350062093876,0.0005760111203738,0.9246110173297614,0-1d,False,0-1d,False,1.0,0.8948858729826059,0.8954618841029797,0.9238755897772175,0.9244516008975913,0.9238755897772175,0.9244516008975913,0.9215921592310286,0.9221681703514023
BEV2_2024-10-30_drive6.csv,BEV2,2024-10-30 19:21:55+00:00,2024-10-30 19:42:05+00:00,2024-10-30 19:21:58+00:00,5.704284651396502,5.704284651396502,0,False,True,True,0.0,False,False,1730316115000000000,1730317325000000000,1730316118000000000,train,1318:22645>1318:22645|5,2-10,True,14.0,10-25,1.137861520579107,0.0003332582277449,1.1381947788068518,0-1d,False,0-1d,False,1.0,1.1376217518360776,1.1379550100638225,1.1380577470303264,1.1383910052580712,1.1380577470303264,1.1383910052580712,1.1378209418767964,1.1381542001045413
BEV2_2024-10-31_drive1.csv,BEV2,2024-10-31 06:46:32+00:00,2024-10-31 06:55:25+00:00,2024-10-31 06:46:35+00:00,2.18738506351204,2.1878298438326107,0,False,True,True,0.0,False,False,1730357192000000000,1730357725000000000,1730357195000000000,train,1318:22645>1313:22648|2,2-10,True,12.5,10-25,0.4613598344856116,0.0022218985023711,0.4635817329879827,0-1d,True,0-1d,True,1.0,0.4620501802595694,0.4642720787619405,0.46116940116950966,0.46339129967188075,0.46116940116950966,0.46339129967188075,0.46166279829233736,0.46388469679470845
BEV2_2024-10-31_drive2.csv,BEV2,2024-10-31 09:43:52+00:00,2024-10-31 09:44:56+00:00,2024-10-31 09:43:54+00:00,0.1077652577697969,0.1077652577697969,0,False,True,False,0.0,False,False,1730367832000000000,1730367896000000000,1730367834000000000,train,1313:22648>1313:22648|0,<2,True,15.5,10-25,0.0484935672001965,0.0001541276501247,0.0486476948503212,0-1d,False,0-1d,False,0.9838709677419356,0.059473564752196464,0.059627692402321165,0.048502618999253344,0.048656746649378045,0.048502618999253344,0.048656746649378045,0.048492128532655436,0.04864625618278014
BEV2_2024-10-31_drive3.csv,BEV2,2024-10-31 11:01:55+00:00,2024-10-31 11:11:23+00:00,2024-10-31 11:01:58+00:00,2.766956702211275,2.7670881945141272,0,False,True,True,0.0,False,False,1730372515000000000,1730373083000000000,1730372518000000000,train,1313:22648>1318:22645|2,2-10,True,15.5,10-25,0.7877251508013476,0.0007910940805161,0.7885162448818638,0-1d,True,0-1d,True,1.0,0.7958603736174799,0.796651467697996,0.7917360364491677,0.7925271305296838,0.7917360364491677,0.7925271305296838,0.7898920205924057,0.7906831146729218
BEV2_2024-10-31_drive4.csv,BEV2,2024-10-31 11:23:55+00:00,2024-10-31 11:33:04+00:00,2024-10-31 11:23:58+00:00,2.1027652321071297,2.1027652321071297,0,False,True,True,0.0,False,False,1730373835000000000,1730374384000000000,1730373838000000000,train,1318:22645>1313:22648|2,2-10,True,15.5,10-25,0.3598483034715672,0.0004066488512464,0.3602549523228136,0-1d,True,0-1d,True,1.0,0.36003612548183245,0.36044277433307886,0.3550816923127881,0.3554883411640345,0.3550816923127881,0.3554883411640345,0.3596939413402822,0.3601005901915286
BEV2_2024-10-31_drive5.csv,BEV2,2024-10-31 16:34:59+00:00,2024-10-31 16:49:29+00:00,2024-10-31 16:35:01+00:00,3.324963690584319,3.325074885664285,0,False,True,True,0.0,False,False,1730392499000000000,1730393369000000000,1730392501000000000,train,1313:22648>1317:22652|3,2-10,True,16.5,10-25,0.9019423919875164,0.000401786010483,0.9023441779979994,0-1d,False,0-1d,False,0.9988479262672812,0.8698015073060822,0.8702032933165652,0.8865121068683464,0.8869138928788294,0.8865121068683464,0.8869138928788294,0.9016364778708852,0.9020382638813682
BEV2_2024-10-31_drive6.csv,BEV2,2024-10-31 18:21:00+00:00,2024-10-31 18:30:11+00:00,2024-10-31 18:21:02+00:00,2.85167920154585,2.851819537811912,0,False,True,True,0.0,False,False,1730398860000000000,1730399411000000000,1730398862000000000,train,1317:22652>1318:22646|2,2-10,True,16.5,10-25,0.7218699903102105,0.0002526028462407,0.7221225931564512,0-1d,False,0-1d,False,1.0,0.7218803368170085,0.7221329396632492,0.7217743422871271,0.7220269451333678,0.7217743422871271,0.7220269451333678,0.721863108411311,0.7221157112575517
BEV2_2024-10-31_drive7.csv,BEV2,2024-10-31 20:15:04+00:00,2024-10-31 20:32:22+00:00,2024-10-31 20:15:06+00:00,4.328689420795705,4.328922624918786,0,False,True,True,0.0,False,False,1730405704000000000,1730406742000000000,1730405706000000000,train,1318:22646>1318:22645|4,2-10,True,11.0,10-25,1.0939038917659476,0.0001792791424274,1.094083170908375,0-1d,False,0-1d,False,0.999034749034749,1.0936699690052805,1.0938492481477078,1.0961306077491086,1.096309886891536,1.0961306077491086,1.096309886891536,1.0938952834778666,1.094074562620294
BEV2_2024-11-01_drive1.csv,BEV2,2024-11-01 02:44:35+00:00,2024-11-01 04:13:06+00:00,2024-11-01 02:44:36+00:00,125.38816854899108,125.38816854899108,0,False,True,True,0.0,False,False,1730429075000000000,1730434386000000000,1730429076000000000,train,1318:22645>1509:22911|125,>=50,True,10.0,10-25,24.38198811939516,0.0002555514492739,24.382243670844435,0-1d,False,0-1d,False,0.9926553672316384,24.535220049874763,24.535475601324038,24.976329424891766,24.97658497634104,24.976329424891766,24.97658497634104,24.335499106645837,24.335754658095112
BEV2_2024-11-04_drive1.csv,BEV2,2024-11-04 10:55:34+00:00,2024-11-04 12:23:58+00:00,2024-11-04 10:55:36+00:00,115.09677551497046,115.09677551497046,0,False,True,True,0.0,False,False,1730717734000000000,1730723038000000000,1730717736000000000,train,1509:22911>1318:22645|115,>=50,True,8.0,<10,21.433948546692527,0.0006410171653634,21.43458956385789,1-7d,False,1-7d,False,0.990192380233874,22.27055770196839,22.271198719133753,22.464129894702243,22.464770911867607,22.464129894702243,22.464770911867607,22.183538541686968,22.184179558852332
BEV2_2024-11-04_drive2.csv,BEV2,2024-11-04 12:30:24+00:00,2024-11-04 12:47:37+00:00,2024-11-04 12:30:26+00:00,5.956196937058181,5.956196937058181,0,False,True,True,0.0,False,False,1730723424000000000,1730724457000000000,1730723426000000000,train,1318:22645>1318:22645|5,2-10,True,8.5,<10,1.137791922671205,0.0004237410130516,1.1382156636842566,0-1d,True,0-1d,True,1.0,1.1378172832457643,1.138241024258816,1.137815096835219,1.1382388378482706,1.137815096835219,1.1382388378482706,1.1496687777541037,1.1500925187671553
BEV2_2024-11-04_drive3.csv,BEV2,2024-11-04 12:52:35+00:00,2024-11-04 13:06:10+00:00,2024-11-04 12:52:37+00:00,13.530206666566269,13.53031786164694,0,False,True,True,0.0,False,False,1730724755000000000,1730725570000000000,1730724757000000000,train,1318:22645>1313:22659|13,10-50,True,8.75,<10,2.4498993313155406,0.0001843881439799,2.4500837194595206,0-1d,False,0-1d,False,0.997539975399754,2.450000660780092,2.450185048924072,2.448312862868915,2.448497251012895,2.448312862868915,2.448497251012895,2.372409469419267,2.372593857563247
BEV2_2024-11-04_drive4.csv,BEV2,2024-11-04 13:54:25+00:00,2024-11-04 14:58:13+00:00,2024-11-04 13:54:26+00:00,56.90487608717186,56.904987282251824,0,False,True,True,0.0,False,False,1730728465000000000,1730732293000000000,1730728466000000000,train,1313:22659>1236:22808|56,>=50,True,20.9,10-25,10.73160139134228,0.0003986086576944,10.731999999999973,0-1d,False,0-1d,False,0.9819702116540372,10.731630674394372,10.732029283052066,10.734310021651245,10.734708630308939,10.734310021651245,10.734708630308939,10.714299542286037,10.71469815094373
BEV2_2024-11-04_drive5.csv,BEV2,2024-11-04 15:58:49+00:00,2024-11-04 16:19:52+00:00,2024-11-04 15:58:51+00:00,6.354264548512125,6.354334189991276,0,False,True,True,0.0,False,False,1730735929000000000,1730737192000000000,1730735931000000000,train,1236:22808>1245:22822|6,2-10,True,16.5,10-25,1.2820043158860743,0.0005692706433947,1.282573586529469,0-1d,False,0-1d,False,0.999206978588422,1.281778716957157,1.2823479876005517,1.2819337511517575,1.282503021795152,1.2819337511517575,1.282503021795152,1.2820187314374776,1.2825880020808722
BEV2_2024-11-04_drive6.csv,BEV2,2024-11-04 16:31:09+00:00,2024-11-04 16:38:51+00:00,2024-11-04 16:31:11+00:00,2.2999686794429564,2.300146831225411,0,False,True,True,0.0,False,False,1730737869000000000,1730738331000000000,1730737871000000000,train,1245:22822>1242:22821|2,2-10,True,9.0,<10,0.5337117756915368,0.0005008411765238,0.5342126168680607,0-1d,False,0-1d,False,1.0,0.5319742809380199,0.5324751221145437,0.5322733566262289,0.5327741978027527,0.5322733566262289,0.5327741978027527,0.5324907324292971,0.532991573605821
BEV2_2024-11-04_drive7.csv,BEV2,2024-11-04 17:28:34+00:00,2024-11-04 17:55:02+00:00,2024-11-04 17:28:36+00:00,12.674643676317748,12.674643676317748,0,False,True,True,0.0,False,False,1730741314000000000,1730742902000000000,1730741316000000000,train,1242:22821>1248:22782|12,10-50,True,9.5,<10,2.1019254759467065,0.0006071673698178,2.102532643316524,0-1d,False,0-1d,False,0.9993694829760404,2.2345719613743564,2.235179128744174,2.1266076866086108,2.1272148539784284,2.1266076866086108,2.1272148539784284,2.101743402242223,2.1023505696120406
BEV2_2024-11-04_drive8.csv,BEV2,2024-11-04 20:48:34+00:00,2024-11-04 21:42:11+00:00,2024-11-04 20:48:36+00:00,54.90074653103095,54.90074653103095,0,False,True,True,0.0,False,False,1730753314000000000,1730756531000000000,1730753316000000000,train,1248:22782>1318:22645|54,>=50,True,6.5,<10,11.057702191894888,0.0005891177243423,11.058291309619229,0-1d,False,0-1d,False,0.9782270606531882,11.057813271519755,11.058402389244097,11.060113003413425,11.060702121137767,11.060113003413425,11.060702121137767,10.936329065200427,10.936918182924769
BEV2_2024-11-05_drive1.csv,BEV2,2024-11-05 06:49:20+00:00,2024-11-05 07:01:09+00:00,2024-11-05 06:49:21+00:00,2.1759979398248825,2.1759979398248825,0,True,True,True,0.0,True,False,1730789360000000000,1730790069000000000,1730789361000000000,train,1318:22645>1313:22648|2,2-10,True,3.3,<10,0.7463225974292875,0.0001088247618968,0.7464314221911843,0-1d,False,0-1d,False,1.0,0.6384610294532125,0.6385698542151093,0.7229252760685977,0.7230341008304945,0.7229252760685977,0.7230341008304945,0.7462302970084865,0.7463391217703833
BEV2_2024-11-05_drive2.csv,BEV2,2024-11-05 16:56:40+00:00,2024-11-05 17:08:56+00:00,2024-11-05 16:56:42+00:00,2.909549645818798,2.909549645818798,0,False,True,True,0.0,False,False,1730825800000000000,1730826536000000000,1730825802000000000,train,1313:22648>1318:22645|2,2-10,True,12.8,10-25,0.9656845178037944,0.0006416563446979,0.9663261741484924,0-1d,False,0-1d,False,1.0,0.9538752423875163,0.9545168987322142,0.9363853844721409,0.9370270408168389,0.9363853844721409,0.9370270408168389,0.9327379879984432,0.9333796443431411
BEV2_2024-11-12_drive1.csv,BEV2,2024-11-12 17:04:01+00:00,2024-11-12 17:56:30+00:00,2024-11-12 17:04:03+00:00,77.48253548046893,77.48253548046893,0,False,True,True,0.0,False,False,1731431041000000000,1731434190000000000,1731431043000000000,train,1552:22706>1318:22645|77,>=50,True,9.0,<10,14.908279527300284,0.0002003465302951,14.90847987383058,1-7d,False,1-7d,False,0.9841118525579916,14.929832251353131,14.930032597883427,14.927259150243303,14.927459496773599,14.927259150243303,14.927459496773599,15.38506250116417,15.385262847694465
BEV2_2024-11-13_drive1.csv,BEV2,2024-11-13 07:13:27+00:00,2024-11-13 07:24:58+00:00,2024-11-13 07:13:29+00:00,2.500475222502505,2.500475222502505,0,False,True,True,0.0,False,False,1731482007000000000,1731482698000000000,1731482009000000000,train,1318:22645>1313:22648|2,2-10,True,5.0,<10,0.8296676799370309,0.0005816113175503,0.8302492912545812,0-1d,False,0-1d,False,1.0,0.8295315986767331,0.8301132099942834,0.839417675444514,0.8399992867620643,0.839417675444514,0.8399992867620643,0.828913834624357,0.8294954459419073
BEV2_2024-11-13_drive2.csv,BEV2,2024-11-13 15:07:01+00:00,2024-11-13 15:27:44+00:00,2024-11-13 15:07:02+00:00,8.693162498311512,8.693162498311512,0,False,True,True,0.0,False,False,1731510421000000000,1731511664000000000,1731510422000000000,train,1313:22648>1309:22656|8,2-10,True,12.0,10-25,2.1181464416208944,0.0002536237711267,2.118400065392021,0-1d,False,0-1d,False,1.0,2.0000295138022883,2.000283137573415,2.0544263178779056,2.0546799416490322,2.0544263178779056,2.0546799416490322,1.8262890996806835,1.8265427234518103
BEV2_2024-11-13_drive3.csv,BEV2,2024-11-13 18:44:47+00:00,2024-11-13 19:01:17+00:00,2024-11-13 18:44:50+00:00,3.720175481196587,3.720175481196587,0,False,True,True,0.0,False,False,1731523487000000000,1731524477000000000,1731523490000000000,train,1309:22656>1316:22651|3,2-10,True,9.5,<10,0.6819518814239219,0.0008781214852455,0.6828300029091674,0-1d,False,0-1d,False,0.9989868287740628,0.8378766826548658,0.8387548041401113,0.8996580359661231,0.9005361574513686,0.8996580359661231,0.9005361574513686,0.87863400899888,0.8795121304841255
BEV2_2024-11-13_drive4.csv,BEV2,2024-11-13 21:08:02+00:00,2024-11-13 21:20:22+00:00,2024-11-13 21:08:04+00:00,3.0724901905965365,3.0724901905965365,0,False,True,True,0.0,False,False,1731532082000000000,1731532822000000000,1731532084000000000,train,1316:22651>1318:22645|3,2-10,True,8.5,<10,0.9343023143294118,0.0001969453392314,0.9344992596686432,0-1d,False,0-1d,False,0.9986449864498644,0.9520770456189935,0.952273990958225,0.9335265147063159,0.9337234600455473,0.9335265147063159,0.9337234600455473,0.9342131202292667,0.9344100655684981
BEV2_2024-11-14_drive1.csv,BEV2,2024-11-14 06:51:12+00:00,2024-11-14 07:03:02+00:00,2024-11-14 06:51:14+00:00,2.205978630226132,2.206048821893797,0,False,True,True,0.0,False,False,1731567072000000000,1731567782000000000,1731567074000000000,train,1318:22645>1313:22648|2,2-10,True,9.0,<10,0.6481243748568601,0.000435487787194,0.6485598626440542,0-1d,True,0-1d,True,0.998587570621469,0.6481717844786942,0.6486072722658882,0.6528609074130803,0.6532963952002744,0.6528609074130803,0.6532963952002744,0.6922741994449187,0.6927096872321128
BEV2_2024-11-14_drive2.csv,BEV2,2024-11-14 09:50:28+00:00,2024-11-14 10:39:45+00:00,2024-11-14 09:50:30+00:00,31.958282576508,31.95841406880844,0,False,True,True,0.0,False,False,1731577828000000000,1731580785000000000,1731577830000000000,train,1313:22648>1218:22649|31,10-50,True,12.0,10-25,5.805747986608315,0.0005022256319183,5.806250212240234,0-1d,False,0-1d,False,0.9996615905245348,5.810821723166455,5.811323948798374,5.805048810128271,5.80555103576019,5.805048810128271,5.80555103576019,5.803391143904222,5.803893369536141
BEV2_2024-11-14_drive3.csv,BEV2,2024-11-14 17:47:12+00:00,2024-11-14 18:29:13+00:00,2024-11-14 17:47:14+00:00,33.16092534720728,33.16113588710902,0,False,True,True,0.0,False,False,1731606432000000000,1731608953000000000,1731606434000000000,train,1218:22649>1318:22645|33,10-50,True,14.0,10-25,6.2937037192708125,0.0005679153615606,6.2942716346323735,0-1d,False,0-1d,False,1.0,6.29526420444345,6.295832119805011,6.290198699394004,6.290766614755565,6.290198699394004,6.290766614755565,6.289857688250059,6.29042560361162
BEV2_2024-11-15_drive2.csv,BEV2,2024-11-15 06:28:31+00:00,2024-11-15 06:30:34+00:00,2024-11-15 06:28:33+00:00,0.5392452527192758,0.539376748972954,0,False,True,True,0.0,False,False,1731652111000000000,1731652234000000000,1731652113000000000,train,1318:22645>1318:22645|0,<2,True,9.0,<10,0.2026523164797017,0.0005120207453958,0.2031643372250975,0-1d,False,0-1d,False,0.9917355371900828,0.202661439415239,0.2031734601606348,0.20265288178834565,0.20316490253374145,0.20265288178834565,0.20316490253374145,0.22191650698976884,0.22242852773516464
BEV2_2024-11-15_drive3.csv,BEV2,2024-11-15 08:36:32+00:00,2024-11-15 08:42:39+00:00,2024-11-15 08:36:34+00:00,1.956874308844613,1.9569445004972816,0,False,True,True,0.0,False,False,1731659792000000000,1731660159000000000,1731659794000000000,train,1318:22645>1313:22647|1,<2,True,9.0,<10,0.3878274915019118,0.0005714730401505,0.3883989645420623,0-1d,False,0-1d,False,0.9972602739726028,0.3884575250241628,0.3890289980643133,0.3875767726577498,0.3881482456979003,0.3875767726577498,0.3881482456979003,0.3875119967685438,0.3880834698086943
BEV2_2024-11-15_drive4.csv,BEV2,2024-11-15 11:01:09+00:00,2024-11-15 11:10:31+00:00,2024-11-15 11:01:10+00:00,2.546976247866839,2.546976247866839,0,False,True,True,0.0,False,False,1731668469000000000,1731669031000000000,1731668470000000000,train,1313:22647>1318:22645|2,2-10,True,10.0,10-25,0.788068657459809,0.0001776571967781,0.7882463146565871,0-1d,False,0-1d,False,1.0,0.7939847633410427,0.7941624205378208,0.7885373345845028,0.7887149917812809,0.7885373345845028,0.7887149917812809,0.7909350976648128,0.7911127548615909
BEV2_2024-11-15_drive5.csv,BEV2,2024-11-15 12:15:01+00:00,2024-11-15 12:22:29+00:00,2024-11-15 12:15:02+00:00,2.121385057335854,2.121385057335854,0,False,True,True,0.0,False,False,1731672901000000000,1731673349000000000,1731672902000000000,train,1318:22645>1313:22648|2,2-10,True,10.5,10-25,0.3779291454037047,0.0002209599068641,0.3781501053105688,0-1d,True,0-1d,True,1.0,0.40208658618388493,0.40230754609074904,0.3779374505642571,0.3781584104711212,0.3779374505642571,0.3781584104711212,0.39684050278630706,0.39706146269317116
BEV2_2024-11-15_drive6.csv,BEV2,2024-11-15 18:00:10+00:00,2024-11-15 18:10:40+00:00,2024-11-15 18:00:12+00:00,2.802199144626387,2.80231033970706,0,False,True,True,0.0,False,False,1731693610000000000,1731694240000000000,1731693612000000000,train,1313:22648>1318:22645|2,2-10,True,13.0,10-25,0.9199107986560184,0.0004534691467361,0.9203642678027544,0-1d,False,0-1d,False,1.0,0.885958354866769,0.886411824013505,0.9198283323338445,0.9202818014805806,0.9198283323338445,0.9202818014805806,0.8799965444323039,0.88045001357904
BEV2_2024-11-15_drive7.csv,BEV2,2024-11-15 18:13:40+00:00,2024-11-15 19:08:44+00:00,2024-11-15 18:13:43+00:00,14.558823929056333,14.558894121070246,0,False,True,True,0.0,False,False,1731694420000000000,1731697724000000000,1731694423000000000,train,1318:22645>1317:22652|14,10-50,True,11.0,10-25,2.938206747574561,0.0006921357781712,2.938898883352732,0-1d,False,0-1d,False,0.9996970614965162,2.9379200904710414,2.9386122262492127,2.926611593629924,2.9273037294080955,2.926611593629924,2.9273037294080955,2.93005448496666,2.930746620744831
BEV2_2024-11-15_drive8.csv,BEV2,2024-11-15 21:33:23+00:00,2024-11-15 22:20:40+00:00,2024-11-15 21:33:24+00:00,16.75719945819101,16.75719945819101,0,False,True,True,0.0,False,False,1731706403000000000,1731709240000000000,1731706404000000000,train,1317:22652>1318:22645|16,10-50,True,14.0,10-25,3.116141181315448,0.0001094064783502,3.1162505877937976,0-1d,False,0-1d,False,0.9996473906911142,3.116112121795993,3.1162215282743433,3.154445007095502,3.154554413573852,3.154445007095502,3.154554413573852,3.122843006069056,3.122952412547406
BEV2_2024-11-16_drive1.csv,BEV2,2024-11-16 08:09:51+00:00,2024-11-16 08:16:38+00:00,2024-11-16 08:09:53+00:00,2.500299222770723,2.500299222770723,0,False,True,True,0.0,False,False,1731744591000000000,1731744998000000000,1731744593000000000,train,1318:22645>1317:22652|2,2-10,True,7.0,<10,0.5183159538843178,0.0002790750230131,0.5185950289073309,0-1d,False,0-1d,False,0.9975308641975308,0.5632941119966023,0.5635731870196153,0.5178858148046745,0.5181648898276876,0.5178858148046745,0.5181648898276876,0.5183176889590155,0.5185967639820286
BEV2_2024-11-16_drive2.csv,BEV2,2024-11-16 08:52:51+00:00,2024-11-16 09:02:55+00:00,2024-11-16 08:52:53+00:00,2.4201383061112045,2.4201383061112045,0,False,True,True,0.0,False,False,1731747171000000000,1731747775000000000,1731747173000000000,train,1317:22652>1318:22645|2,2-10,True,11.0,10-25,0.7660368796799816,0.0002065547209548,0.7662434344009363,0-1d,False,0-1d,False,0.9983388704318936,0.7440094675864033,0.7442160223073581,0.6633818217932459,0.6635883765142007,0.6633818217932459,0.6635883765142007,0.7659160889002565,0.7661226436212113
BEV2_2024-11-16_drive3.csv,BEV2,2024-11-16 10:08:24+00:00,2024-11-16 10:20:12+00:00,2024-11-16 10:08:26+00:00,3.489477073560888,3.489477073560888,0,False,True,True,0.0,False,False,1731751704000000000,1731752412000000000,1731751706000000000,train,1318:22645>1320:22653|3,2-10,True,7.5,<10,0.7220526869342796,0.0001926393316275,0.7222453262659071,0-1d,False,0-1d,False,0.9985835694050992,0.7327652000261002,0.7329578393577277,0.724621341110001,0.7248139804416285,0.724621341110001,0.7248139804416285,0.7211113328949629,0.7213039722265904
BEV2_2024-11-16_drive4.csv,BEV2,2024-11-16 10:23:50+00:00,2024-11-16 10:30:46+00:00,2024-11-16 10:23:51+00:00,2.53779120377813,2.53779120377813,0,False,True,True,0.0,False,False,1731752630000000000,1731753046000000000,1731752631000000000,train,1320:22653>1318:22645|2,2-10,True,8.0,<10,0.6021616571668045,0.0002430690886207,0.6024047262554252,0-1d,False,0-1d,False,1.0,0.6592104623430529,0.6594535314316736,0.6022573676641186,0.6025004367527393,0.6022573676641186,0.6025004367527393,0.6024529913685724,0.6026960604571932
BEV2_2024-11-16_drive5.csv,BEV2,2024-11-16 13:48:32+00:00,2024-11-16 15:07:39+00:00,2024-11-16 13:48:34+00:00,74.9384934535224,74.9384934535224,1,False,True,True,0.0,False,False,1731764912000000000,1731769659000000000,1731764914000000000,train,1318:22645>1236:22808|74,>=50,True,8.5,<10,13.707781744296485,0.0004374392056005,13.708219183502084,0-1d,False,0-1d,False,0.9936775553213908,13.8843794628209,13.8848169020265,14.240831510648427,14.241268949854026,14.240831510648427,14.241268949854026,14.003753801105987,14.004191240311586
BEV2_2024-11-16_drive6.csv,BEV2,2024-11-16 16:45:47+00:00,2024-11-16 17:07:56+00:00,2024-11-16 16:45:48+00:00,7.5589782692297875,7.5589782692297875,0,False,True,True,0.0,False,False,1731775547000000000,1731776876000000000,1731775548000000000,train,1236:22808>1245:22822|7,2-10,True,15.5,10-25,1.3880684540567876,0.0002715919392973,1.3883400459960848,0-1d,False,0-1d,False,1.0,1.3880402955088438,1.388311887448141,1.3873631594248146,1.3876347513641119,1.3873631594248146,1.3876347513641119,1.3880509438235624,1.3883225357628597
BEV2_2024-11-16_drive7.csv,BEV2,2024-11-16 17:26:57+00:00,2024-11-16 18:38:53+00:00,2024-11-16 17:26:59+00:00,75.90409325999455,75.90409325999455,0,False,True,True,0.0,False,False,1731778017000000000,1731782333000000000,1731778019000000000,train,1245:22822>1318:22645|75,>=50,True,10.0,10-25,12.979803626548865,0.0003907174038654,12.98019434395273,0-1d,False,0-1d,False,1.0,14.155890804311396,14.156281521715261,14.57521332427834,14.575604041682206,14.57521332427834,14.575604041682206,14.04165350313338,14.042044220537246
BEV2_2024-11-17_drive1.csv,BEV2,2024-11-17 11:53:02+00:00,2024-11-17 11:55:34+00:00,2024-11-17 11:53:04+00:00,0.7194648434710341,0.7194648434710341,0,False,True,True,0.0,False,False,1731844382000000000,1731844534000000000,1731844384000000000,train,1318:22645>1318:22646|0,<2,True,9.5,<10,0.2618817424788075,0.0002396495899637,0.2621213920687712,0-1d,False,0-1d,False,0.9933333333333332,0.2621443830351503,0.262384032625114,0.26196131666878014,0.26220096625874384,0.26196131666878014,0.26220096625874384,0.258379659850806,0.2586193094407697
BEV2_2024-11-17_drive2.csv,BEV2,2024-11-17 20:10:50+00:00,2024-11-17 20:34:47+00:00,2024-11-17 20:10:52+00:00,4.401217534336256,4.401328729416222,0,False,True,True,0.0,False,False,1731874250000000000,1731875687000000000,1731874252000000000,train,1318:22646>1318:22646|4,2-10,True,6.5,<10,1.4001680484524035,0.0003753192151788,1.4005433676675825,0-1d,False,0-1d,False,1.0,1.293749187766205,1.2941245069813838,1.2540632844503647,1.2544386036655435,1.2540632844503647,1.2544386036655435,1.325458678902844,1.3258339981180227
BEV2_2024-11-18_drive1.csv,BEV2,2024-11-18 07:04:41+00:00,2024-11-18 07:18:31+00:00,2024-11-18 07:04:43+00:00,2.185303267827951,2.185303267827951,0,False,True,True,0.0,False,False,1731913481000000000,1731914311000000000,1731913483000000000,train,1318:22646>1313:22648|2,2-10,True,7.5,<10,0.7902008663120685,0.0004056420622106,0.7906065083742791,0-1d,False,0-1d,False,1.0,0.7010383386998489,0.7014439807620595,0.7740044783410616,0.7744101204032722,0.7740044783410616,0.7744101204032722,0.7866794255269569,0.7870850675891675
BEV2_2024-11-18_drive2.csv,BEV2,2024-11-18 10:51:04+00:00,2024-11-18 11:01:21+00:00,2024-11-18 10:51:06+00:00,2.8005403258237624,2.8006718181418804,0,False,True,True,0.0,False,False,1731927064000000000,1731927681000000000,1731927066000000000,train,1313:22648>1318:22645|2,2-10,True,11.0,10-25,0.8416706044801919,0.000621714800123,0.8422923192803149,0-1d,False,0-1d,False,1.0,0.9121975643647069,0.9128192791648299,0.8582172791609536,0.8588389939610765,0.8582172791609536,0.8588389939610765,0.8946370080776769,0.8952587228777998
BEV2_2024-11-18_drive3.csv,BEV2,2024-11-18 11:40:44+00:00,2024-11-18 11:47:18+00:00,2024-11-18 11:40:46+00:00,2.056156889581629,2.056156889581629,0,False,True,True,0.0,False,False,1731930044000000000,1731930438000000000,1731930046000000000,train,1318:22645>1313:22648|2,2-10,True,9.5,<10,0.3039639873162515,0.0003894939187839,0.3043534812350355,0-1d,False,0-1d,False,1.0,0.48039744702058745,0.48078694093937135,0.40435298197051034,0.40474247588929424,0.40435298197051034,0.40474247588929424,0.3448904805173979,0.3452799744361818
BEV2_2024-11-18_drive4.csv,BEV2,2024-11-18 16:45:59+00:00,2024-11-18 16:57:39+00:00,2024-11-18 16:46:01+00:00,2.8264583005146084,2.8264583005146084,0,False,True,True,0.0,False,False,1731948359000000000,1731949059000000000,1731948361000000000,train,1313:22648>1318:22645|2,2-10,True,11.75,10-25,1.0041660024008645,0.0004491042362767,1.0046151066371412,0-1d,True,0-1d,True,1.0,0.9665442741890473,0.9669933784253241,0.9456729840944744,0.9461220883307512,0.9456729840944744,0.9461220883307512,0.950193914468463,0.9506430187047398
BEV2_2024-11-19_drive1.csv,BEV2,2024-11-19 06:56:47+00:00,2024-11-19 07:10:15+00:00,2024-11-19 06:56:49+00:00,2.277638371413276,2.277708563781017,0,False,True,True,0.0,False,False,1731999407000000000,1732000215000000000,1731999409000000000,train,1318:22645>1313:22648|2,2-10,True,11.0,10-25,0.7159933408797666,0.0004279213869362,0.7164212622667028,0-1d,True,0-1d,True,0.9987593052109182,0.676118664376989,0.6765465857639251,0.7160107750658797,0.7164386964528159,0.7160107750658797,0.7164386964528159,0.7462532279496994,0.7466811493366355
BEV2_2024-11-19_drive2.csv,BEV2,2024-11-19 17:29:59+00:00,2024-11-19 17:42:07+00:00,2024-11-19 17:30:01+00:00,2.832903341434979,2.832903341434979,0,False,True,True,0.0,False,False,1732037399000000000,1732038127000000000,1732037401000000000,train,1313:22648>1318:22645|2,2-10,True,11.0,10-25,0.9478886633207269,0.0005120080003993,0.948400671321126,0-1d,True,0-1d,True,0.9986225895316804,0.9484300635137541,0.9489420715141534,0.9478909627598873,0.9484029707602866,0.9478909627598873,0.9484029707602866,0.9499723371406308,0.9504843451410301
BEV2_2024-11-20_drive1.csv,BEV2,2024-11-20 06:19:38+00:00,2024-11-20 06:28:33+00:00,2024-11-20 06:19:39+00:00,2.2509925503313912,2.2509925503313912,0,False,True,True,0.0,False,False,1732083578000000000,1732084113000000000,1732083579000000000,train,1318:22645>1313:22648|2,2-10,True,2.5,<10,0.7191484679055681,0.004851532089135,0.7239999999947031,0-1d,True,0-1d,True,1.0,0.7626391298025326,0.7674906618916676,0.7180295551923119,0.722881087281447,0.7180295551923119,0.722881087281447,0.7062925763372578,0.7111441084263929
BEV2_2024-11-20_drive2.csv,BEV2,2024-11-20 09:09:52+00:00,2024-11-20 10:05:15+00:00,2024-11-20 09:09:54+00:00,67.35741891212687,67.35741891212687,0,True,True,True,0.0,True,False,1732093792000000000,1732097115000000000,1732093794000000000,train,1313:22648>1552:22706|67,>=50,True,8.277777777777779,<10,16.299522571967614,0.0007549628149004,16.300277534782516,0-1d,False,0-1d,False,0.96386630532972,14.842444755827763,14.843199718642664,14.754133038566177,14.754888001381078,14.754133038566177,14.754888001381078,14.448272690867753,14.449027653682654
BEV2_2024-11-20_drive3.csv,BEV2,2024-11-20 13:45:27+00:00,2024-11-20 14:38:50+00:00,2024-11-20 13:45:29+00:00,72.46682889781913,72.46682889781913,0,False,True,True,0.0,False,False,1732110327000000000,1732113530000000000,1732110329000000000,train,1552:22706>1311:22647|72,>=50,True,4.5,<10,15.303822701506077,0.0005142795727198,15.304336981078796,0-1d,False,0-1d,False,0.9781318338019368,15.304056756928562,15.304571036501281,15.3150834332369,15.31559771280962,15.3150834332369,15.31559771280962,15.297052651032882,15.297566930605601
BEV2_2024-11-20_drive4.csv,BEV2,2024-11-20 17:04:50+00:00,2024-11-20 17:14:44+00:00,2024-11-20 17:04:52+00:00,2.3256905697428856,2.3257607575060817,0,False,True,True,0.0,False,False,1732122290000000000,1732122884000000000,1732122292000000000,train,1311:22647>1318:22645|2,2-10,True,3.5,<10,0.7978114161091806,0.000575812525328,0.7983872286345086,0-1d,False,0-1d,False,0.9983108108108107,0.782777597414573,0.783353409939901,0.7979742230066962,0.7985500355320242,0.7979742230066962,0.7985500355320242,0.7671449438258737,0.7677207563512017
BEV2_2024-11-21_drive1.csv,BEV2,2024-11-21 11:28:06+00:00,2024-11-21 11:34:39+00:00,2024-11-21 11:28:07+00:00,2.1056879254645646,2.1056879254645646,0,False,True,True,0.0,False,False,1732188486000000000,1732188879000000000,1732188487000000000,train,1318:22645>1313:22648|2,2-10,True,-7.0,<10,0.4256415326215527,0.00083027147234,0.4264718040938927,0-1d,True,0-1d,True,0.9974489795918368,0.5895836097294189,0.590413881201759,0.5099203244128752,0.5107505958852152,0.5099203244128752,0.5107505958852152,0.44676870822919884,0.44759897970153883
BEV2_2024-11-21_drive2.csv,BEV2,2024-11-21 17:07:58+00:00,2024-11-21 17:16:11+00:00,2024-11-21 17:08:00+00:00,2.426385519574879,2.4264557041905688,0,False,True,True,0.0,False,False,1732208878000000000,1732209371000000000,1732208880000000000,train,1313:22648>1316:22650|2,2-10,True,6.5,<10,0.6744418393922634,0.0004561846230823,0.6748980240153457,0-1d,False,0-1d,False,0.9979633401221996,0.6755123640645672,0.6759685486876494,0.7240330864832248,0.7244892711063071,0.7240330864832248,0.7244892711063071,0.6751227970198787,0.6755789816429609
BEV2_2024-11-21_drive3.csv,BEV2,2024-11-21 17:18:38+00:00,2024-11-21 17:23:17+00:00,2024-11-21 17:18:39+00:00,1.5775777969302531,1.5775777969302531,0,False,True,True,0.0,False,False,1732209518000000000,1732209797000000000,1732209519000000000,train,1316:22650>1313:22647|1,<2,True,1.5,<10,0.4022460482418468,0.0002132723827436,0.4024593206245904,0-1d,False,0-1d,False,0.9964028776978416,0.5086941615638879,0.5089074339466315,0.40950313914085124,0.40971641152359484,0.40950313914085124,0.40971641152359484,0.40185838431880055,0.40207165670154416
BEV2_2024-11-21_drive4.csv,BEV2,2024-11-21 17:24:53+00:00,2024-11-21 17:36:37+00:00,2024-11-21 17:24:57+00:00,1.9522540098084007,1.9523652048890745,1,False,False,True,0.0,False,False,1732209893000000000,1732210597000000000,1732209897000000000,train,1313:22647>1315:22646|1,<2,True,0.5,<10,0.686134262603475,0.0012354581653657,0.6873697207688407,0-1d,False,0-1d,False,0.9328571428571428,0.6876799619756158,0.6889154201409815,0.6369783357861691,0.6382137939515349,0.6369783357861691,0.6382137939515349,0.6856975701981927,0.6869330283635584
BEV2_2024-11-21_drive5.csv,BEV2,2024-11-21 17:40:14+00:00,2024-11-21 17:44:36+00:00,2024-11-21 17:40:16+00:00,1.253834986222044,1.253966481319342,0,False,True,True,0.0,False,False,1732210814000000000,1732211076000000000,1732210816000000000,train,1315:22646>1318:22645|1,<2,True,0.5,<10,0.4138182390070496,0.0003551309448784,0.414173369951928,0-1d,False,0-1d,False,1.0,0.4364219759141885,0.4367771068590669,0.4253089150587772,0.4256640460036556,0.4253089150587772,0.4256640460036556,0.4132264507702046,0.41358158171508297
BEV2_2024-11-21_drive6.csv,BEV2,2024-11-21 19:14:41+00:00,2024-11-21 19:30:29+00:00,2024-11-21 19:14:43+00:00,4.8334079231567415,4.8334079231567415,1,False,False,True,0.0,False,False,1732216481000000000,1732217429000000000,1732216483000000000,train,1318:22645>1313:22647|4,2-10,True,0.0,<10,1.2738219839048976,0.0003548782370948,1.2741768621419924,0-1d,False,0-1d,False,0.9482029598308668,1.2972429836935975,1.2975978619306923,1.274157053426117,1.2745119316632119,1.274157053426117,1.2745119316632119,1.2773004418898648,1.2776553201269596
BEV2_2024-11-21_drive7.csv,BEV2,2024-11-21 22:47:30+00:00,2024-11-21 22:54:37+00:00,2024-11-21 22:47:32+00:00,2.621441979620092,2.621441979620092,0,False,True,True,0.0,False,False,1732229250000000000,1732229677000000000,1732229252000000000,train,1313:22647>1318:22645|2,2-10,True,0.0,<10,0.9835528354282658,0.0008359372253041,0.9843887726535698,0-1d,False,0-1d,False,1.0,0.9676171555408908,0.9684530927661948,0.9695707015735033,0.9704066387988074,0.9695707015735033,0.9704066387988074,0.7824527006379542,0.7832886378632583
BEV2_2024-11-22_drive1.csv,BEV2,2024-11-22 06:00:52+00:00,2024-11-22 06:13:00+00:00,2024-11-22 06:00:54+00:00,3.594320066988037,3.594320066988037,0,False,True,True,0.0,False,False,1732255252000000000,1732255980000000000,1732255254000000000,train,1318:22645>1321:22656|3,2-10,True,0.5,<10,1.20207046617044,0.0002506047112864,1.2023210708817265,0-1d,False,0-1d,False,0.9986225895316804,1.1126866565442728,1.1129372612555593,1.1029547828860342,1.1032053875973207,1.1029547828860342,1.1032053875973207,1.1326380144299586,1.132888619141245
BEV2_2024-11-22_drive2.csv,BEV2,2024-11-22 09:01:24+00:00,2024-11-22 09:49:04+00:00,2024-11-22 09:01:26+00:00,66.95040020419074,66.95040020419074,0,False,True,True,0.0,False,False,1732266084000000000,1732268944000000000,1732266086000000000,train,1321:22656>1552:22706|66,>=50,True,3.5,<10,13.903709007131155,0.0004940875720736,13.90420309470323,0-1d,False,0-1d,False,0.986703988803359,13.901490334878373,13.901984422450447,13.8947770854471,13.895271173019173,13.8947770854471,13.895271173019173,13.904574740952095,13.905068828524168
BEV2_2024-11-22_drive3.csv,BEV2,2024-11-22 10:10:58+00:00,2024-11-22 10:19:43+00:00,2024-11-22 10:10:59+00:00,4.374686408885732,4.374686408885732,0,False,True,True,0.0,False,False,1732270258000000000,1732270783000000000,1732270259000000000,train,1552:22706>1556:22696|4,2-10,True,3.0,<10,1.0978523515123797,0.000321576858587,1.0981739283709664,0-1d,False,0-1d,False,1.0,1.0978074121309718,1.0981289889895587,1.0980166379732073,1.0983382148317942,1.0980166379732073,1.0983382148317942,1.0698416930599761,1.070163269918563
BEV2_2024-11-23_drive1.csv,BEV2,2024-11-23 08:54:33+00:00,2024-11-23 09:11:58+00:00,2024-11-23 08:54:35+00:00,3.3119317424785404,3.3119317424785404,0,False,True,True,0.0,False,False,1732352073000000000,1732353118000000000,1732352075000000000,train,1318:22645>1324:22651|3,2-10,True,3.5,<10,1.0442729169059333,0.0003930097296169,1.0446659266355502,0-1d,False,0-1d,False,0.9990412272291468,1.0087765864936509,1.0091695962232679,0.969077309601879,0.9694703193314959,0.969077309601879,0.9694703193314959,1.0461328766906473,1.0465258864202642
BEV2_2024-11-23_drive2.csv,BEV2,2024-11-23 15:30:20+00:00,2024-11-23 15:33:06+00:00,2024-11-23 15:30:22+00:00,1.2682140494264684,1.286813621519269,0,False,True,True,0.0,False,False,1732375820000000000,1732375986000000000,1732375822000000000,train,1447:22626>1451:22628|1,<2,True,6.5,<10,0.1625508698628995,0.0025882407932638,0.1651391106561633,0-1d,False,0-1d,False,0.9939024390243902,0.2300853567902023,0.23267359758346612,0.24656023726750842,0.24914847806077223,0.24656023726750842,0.24914847806077223,0.16291894611030883,0.16550718690357263
BEV2_2024-11-23_drive3.csv,BEV2,2024-11-23 16:47:47+00:00,2024-11-23 16:51:59+00:00,2024-11-23 16:47:49+00:00,1.9000868896665184,1.906803139649429,0,False,True,True,0.0,False,False,1732380467000000000,1732380719000000000,1732380469000000000,train,1322:22642>1318:22645|1,<2,True,7.5,<10,0.2547998725219897,0.020578156327062,0.2753780288490517,0-1d,False,0-1d,False,1.0,0.25758373031662085,0.27816188664368285,0.25325839378031356,0.27383655010737556,0.25325839378031356,0.27383655010737556,0.26304436677423676,0.28362252310129876
BEV2_2024-11-24_drive1.csv,BEV2,2024-11-24 13:25:28+00:00,2024-11-24 13:42:28+00:00,2024-11-24 13:25:30+00:00,12.202655657717282,12.235140996672772,0,False,True,True,0.0,False,False,1732454728000000000,1732455748000000000,1732454730000000000,train,1237:22781>1251:22818|12,10-50,True,18.5,10-25,1.1048541051721976,-0.0093180369746804,1.0955360681975173,0-1d,False,0-1d,False,1.0,1.8827142677257322,1.8733962307510519,2.10177778764475,2.0924597506700695,2.10177778764475,2.0924597506700695,1.90115769620866,1.8918396592339797
BEV2_2024-11-24_drive2.csv,BEV2,2024-11-24 17:35:25+00:00,2024-11-24 18:55:20+00:00,2024-11-24 17:35:26+00:00,73.888833253108,73.888833253108,0,False,True,True,0.0,False,False,1732469725000000000,1732474520000000000,1732469726000000000,train,1233:22828>1318:22645|73,>=50,True,20.0,10-25,14.713570535507554,0.0004294644887499,14.713999999996304,0-1d,False,0-1d,False,1.0,14.696385098358553,14.696814562847303,14.713166207903733,14.713595672392483,14.713166207903733,14.713595672392483,14.482526522518148,14.482955987006898
BEV2_2024-11-26_drive1.csv,BEV2,2024-11-26 11:44:20+00:00,2024-11-26 12:00:30+00:00,2024-11-26 11:44:22+00:00,19.806119240568314,19.876678545646435,0,False,True,True,0.0,False,False,1732621460000000000,1732622430000000000,1732621462000000000,train,1481:22711>1552:22706|19,10-50,True,11.4,10-25,3.4124940163416007,0.0156712153567588,3.4281652316983595,1-7d,False,1-7d,False,0.9989669421487604,3.6187748591769986,3.6344460745337575,3.757680937164246,3.7733521525210048,3.757680937164246,3.7733521525210048,3.4125573111244116,3.4282285264811705
BEV2_2024-11-26_drive2.csv,BEV2,2024-11-26 16:40:14+00:00,2024-11-26 17:07:32+00:00,2024-11-26 16:40:15+00:00,31.608081249962414,31.63902291589045,0,False,True,True,0.0,False,False,1732639214000000000,1732640852000000000,1732639215000000000,train,1404:22685>1320:22650|31,10-50,True,8.5,<10,5.7837684252881125,0.0002315747151766,5.784000000003289,0-1d,False,0-1d,False,0.9993891264508248,5.782805327496989,5.7830369022121655,5.782133284484604,5.78236485919978,5.782133284484604,5.78236485919978,5.632733900587012,5.632965475302188
BEV2_2024-11-27_drive1.csv,BEV2,2024-11-27 07:26:38+00:00,2024-11-27 07:35:16+00:00,2024-11-27 07:26:40+00:00,2.049830523702794,2.0525322327796296,0,False,True,True,0.0,False,False,1732692398000000000,1732692916000000000,1732692400000000000,train,1318:22645>1313:22647|2,2-10,True,9.5,<10,0.5339367598767393,0.0072810662676832,0.5412178261444225,0-1d,False,0-1d,False,1.0,0.5198976193468097,0.5271786856144929,0.5343747625239195,0.5416558287916027,0.5343747625239195,0.5416558287916027,0.5394078811351509,0.5466889474028341
BEV2_2024-11-27_drive2.csv,BEV2,2024-11-27 07:40:25+00:00,2024-11-27 07:54:25+00:00,2024-11-27 07:40:27+00:00,4.278121102230537,4.278191287598812,0,False,True,True,0.0,False,False,1732693225000000000,1732694065000000000,1732693227000000000,train,1313:22647>1313:22647|4,2-10,True,9.5,<10,1.1000403273422197,0.0006369706210943,1.1006772979633137,0-1d,False,0-1d,False,0.9988066825775656,1.1003555442168622,1.1009925148379565,1.100023920889626,1.1006608915107203,1.100023920889626,1.1006608915107203,0.9912955174911521,0.9919324881122463
BEV2_2024-11-27_drive3.csv,BEV2,2024-11-27 14:39:01+00:00,2024-11-27 14:45:46+00:00,2024-11-27 14:39:03+00:00,1.8909984061126748,1.8909984061126748,0,False,True,True,0.0,False,False,1732718341000000000,1732718746000000000,1732718343000000000,train,1313:22647>1310:22648|1,<2,True,11.5,10-25,0.5657664670861331,0.0004697530546933,0.5662362201408264,0-1d,False,0-1d,False,1.0,0.5664985005172027,0.5669682535718961,0.5932555760530464,0.5937253291077397,0.5932555760530464,0.5937253291077397,0.5662834017135188,0.5667531547682121
BEV2_2024-11-27_drive4.csv,BEV2,2024-11-27 17:08:05+00:00,2024-11-27 17:32:05+00:00,2024-11-27 17:08:07+00:00,3.93271429173632,3.93271429173632,0,False,True,True,0.0,False,False,1732727285000000000,1732728725000000000,1732727287000000000,train,1310:22648>1316:22653|3,2-10,True,10.0,10-25,1.1596731145265224,0.0006058536057937,1.1602789681323162,0-1d,False,0-1d,False,1.0,1.0369509317764862,1.03755678538228,1.0764948671756849,1.0771007207814787,1.0764948671756849,1.0771007207814787,1.1709912767312296,1.1715971303370234
BEV2_2024-11-27_drive5.csv,BEV2,2024-11-27 19:48:07+00:00,2024-11-27 20:01:17+00:00,2024-11-27 19:48:10+00:00,3.153031217188789,3.153031217188789,0,False,True,True,0.0,False,False,1732736887000000000,1732737677000000000,1732736890000000000,train,1316:22653>1318:22645|3,2-10,True,8.0,<10,1.0281634100329802,0.0007998055478354,1.0289632155808155,0-1d,False,0-1d,False,1.0,1.0129159022467866,1.013715707794622,0.9771400857025714,0.9779398912504068,0.9771400857025714,0.9779398912504068,1.0281861085839878,1.0289859141318232
BEV2_2024-11-28_drive1.csv,BEV2,2024-11-28 06:48:18+00:00,2024-11-28 07:02:00+00:00,2024-11-28 06:48:21+00:00,2.2043842316578384,2.2043842316578384,0,False,True,True,0.0,False,False,1732776498000000000,1732777320000000000,1732776501000000000,train,1318:22645>1313:22648|2,2-10,True,5.0,<10,0.8840913512233599,0.0009974230497101,0.88508877427307,0-1d,False,0-1d,False,0.9987789987789988,0.7521232112758321,0.7531206343255422,0.7993252442743406,0.8003226673240507,0.7993252442743406,0.8003226673240507,0.8425947739403226,0.8435921969900326
BEV2_2024-11-28_drive2.csv,BEV2,2024-11-28 10:57:28+00:00,2024-11-28 11:50:03+00:00,2024-11-28 10:57:29+00:00,74.88372408242566,74.88372408242566,0,False,True,True,0.0,False,False,1732791448000000000,1732794603000000000,1732791449000000000,train,1313:22648>1552:22706|74,>=50,True,10.5,10-25,14.417782648809514,0.0002173511883331,14.417999999997846,0-1d,False,0-1d,False,0.9990488268864932,14.408187773687269,14.408405124875602,14.436463361156308,14.436680712344641,14.436463361156308,14.436680712344641,14.417247549684827,14.41746490087316
BEV2_2024-11-28_drive3.csv,BEV2,2024-11-28 15:23:30+00:00,2024-11-28 16:22:44+00:00,2024-11-28 15:23:32+00:00,80.58904184576534,80.58904184576534,0,False,True,True,0.0,False,False,1732807410000000000,1732810964000000000,1732807412000000000,train,1552:22706>1318:22645|80,>=50,True,15.5,10-25,14.19576955870536,0.0003897023165365,14.196159261021895,0-1d,False,0-1d,False,0.9994369369369368,14.961026544442172,14.961416246758708,15.24958170252816,15.249971404844695,15.24958170252816,15.249971404844695,14.421271194298669,14.421660896615204
BEV2_2024-11-28_drive4.csv,BEV2,2024-11-28 17:17:26+00:00,2024-11-28 17:47:54+00:00,2024-11-28 17:17:29+00:00,11.573673943331444,11.573896333492083,0,False,True,True,0.0,False,False,1732814246000000000,1732816074000000000,1732814249000000000,train,1318:22645>1318:22645|11,10-50,True,6.0,<10,2.4758252031211447,0.0004420433524845,2.476267246473629,0-1d,False,0-1d,False,1.0,2.474463118419572,2.4749051617720563,2.4766095742385823,2.4770516175910666,2.4766095742385823,2.4770516175910666,2.4759605051332687,2.476402548485753
BEV2_2024-11-29_drive1.csv,BEV2,2024-11-29 07:07:28+00:00,2024-11-29 07:26:25+00:00,2024-11-29 07:07:31+00:00,2.5971810490742264,2.5973125455086827,0,False,True,True,0.0,False,False,1732864048000000000,1732865185000000000,1732864051000000000,train,1318:22645>1317:22652|2,2-10,True,-1.0,<10,1.452127782103135,0.0009324553180822,1.4530602374212174,0-1d,False,0-1d,False,0.9991181657848324,0.8760706683422903,0.8770031236603725,0.918120416794243,0.9190528721123252,0.918120416794243,0.9190528721123252,0.9599614688919105,0.9608939242099926
BEV2_2024-11-29_drive2.csv,BEV2,2024-11-29 12:25:18+00:00,2024-11-29 12:34:34+00:00,2024-11-29 12:25:21+00:00,2.4353119734336457,2.435452309145676,0,False,True,True,0.0,False,False,1732883118000000000,1732883674000000000,1732883121000000000,train,1317:22652>1313:22647|2,2-10,True,11.5,10-25,0.6621415172044118,0.0007631203339008,0.6629046375383126,0-1d,False,0-1d,False,0.9981916817359856,0.6835557120416834,0.6843188323755842,0.6605041596316754,0.6612672799655762,0.6605041596316754,0.6612672799655762,0.6654223779232032,0.666185498257104
BEV2_2024-11-29_drive3.csv,BEV2,2024-11-29 18:24:06+00:00,2024-11-29 18:47:43+00:00,2024-11-29 18:24:08+00:00,4.51924484128197,4.519315026000019,0,False,True,True,0.0,False,False,1732904646000000000,1732906063000000000,1732904648000000000,train,1313:22647>1318:22645|4,2-10,True,10.0,10-25,1.5037817271250795,0.0004387579557945,1.504220485080874,0-1d,False,0-1d,False,1.0,1.3285401717751109,1.3289789297309054,1.2791039977181313,1.2795427556739258,1.2791039977181313,1.2795427556739258,1.37941829065569,1.3798570486114845
BEV2_2024-11-29_drive4.csv,BEV2,2024-11-29 20:20:42+00:00,2024-11-29 20:34:53+00:00,2024-11-29 20:20:43+00:00,5.887187479612589,5.887187479612589,0,False,True,True,0.0,False,False,1732911642000000000,1732912493000000000,1732911643000000000,train,1318:22645>1316:22645|5,2-10,True,4.0,<10,1.3242690850911647,0.0001877636025677,1.3244568486937325,0-1d,False,0-1d,False,0.9976470588235294,1.4824976414249278,1.4826854050274956,1.3290214650479435,1.3292092286505113,1.3290214650479435,1.3292092286505113,1.3282100955478093,1.3283978591503771
BEV2_2024-11-29_drive5.csv,BEV2,2024-11-29 20:36:42+00:00,2024-11-29 20:41:32+00:00,2024-11-29 20:36:45+00:00,1.6058877322731837,1.6059579255379504,0,False,True,True,0.0,False,False,1732912602000000000,1732912892000000000,1732912605000000000,train,1316:22645>1318:22645|1,<2,True,3.0,<10,0.3797119695780117,0.0007700943343609,0.3804820639123726,0-1d,False,0-1d,False,1.0,0.4591079657037835,0.4598780600381444,0.43303339165572435,0.4338034859900853,0.43303339165572435,0.4338034859900853,0.3796018166033952,0.38037191093775613
BEV2_2024-11-30_drive1.csv,BEV2,2024-11-30 09:29:35+00:00,2024-11-30 09:45:58+00:00,2024-11-30 09:29:38+00:00,5.081130028165273,5.081432013932686,0,False,True,True,0.0,False,False,1732958975000000000,1732959958000000000,1732958978000000000,train,1318:22645>1318:22645|5,2-10,True,3.0,<10,1.5038178302483012,0.0004611477820562,1.5042789780303574,0-1d,False,0-1d,False,0.9989795918367348,1.4127526014584628,1.413213749240519,1.4456457231102133,1.4461068708922695,1.4456457231102133,1.4461068708922695,1.3766515211876773,1.3771126689697335
BEV2_2024-11-30_drive2.csv,BEV2,2024-11-30 11:21:20+00:00,2024-11-30 11:41:20+00:00,2024-11-30 11:21:23+00:00,5.017799376416763,5.017799376416763,0,False,True,True,0.0,False,False,1732965680000000000,1732966880000000000,1732965683000000000,train,1318:22645>1318:22645|5,2-10,True,6.0,<10,1.227738210209572,0.0007264707812576,1.2284646809908295,0-1d,True,0-1d,True,1.0,1.3499757241802515,1.350702194961509,1.2581694569441806,1.2588959277254381,1.2581694569441806,1.2588959277254381,1.2364377515818696,1.2371642223631272
BEV2_2024-11-30_drive3.csv,BEV2,2024-11-30 13:51:06+00:00,2024-11-30 13:59:47+00:00,2024-11-30 13:51:09+00:00,2.037120148601685,2.037120148601685,0,False,True,True,0.0,False,False,1732974666000000000,1732975187000000000,1732974669000000000,train,1318:22645>1313:22647|2,2-10,True,7.5,<10,0.3998725409464945,0.0007228673964705,0.400595408342965,0-1d,False,0-1d,False,0.998069498069498,0.4010660402735385,0.40178890767000897,0.39867757716877195,0.39940044456524243,0.39867757716877195,0.39940044456524243,0.3998287920667389,0.40055165946320936
BEV2_2024-11-30_drive4.csv,BEV2,2024-11-30 14:02:12+00:00,2024-11-30 14:57:28+00:00,2024-11-30 14:02:15+00:00,68.04933974494149,68.04933974494149,0,False,True,True,0.0,False,False,1732975332000000000,1732978648000000000,1732975335000000000,train,1313:22647>1236:22808|68,>=50,True,7.5,<10,12.019900209149007,0.0007404517776986,12.020640660926706,0-1d,False,0-1d,False,0.9993963175369756,12.604285368409892,12.60502582018759,12.63688426197891,12.637624713756608,12.63688426197891,12.637624713756608,12.34459736503606,12.345337816813759
BEV2_2024-11-30_drive5.csv,BEV2,2024-11-30 16:00:05+00:00,2024-11-30 16:21:14+00:00,2024-11-30 16:00:06+00:00,6.362120808245239,6.362120808245239,0,False,True,True,0.0,False,False,1732982405000000000,1732983674000000000,1732982406000000000,train,1236:22808>1245:22822|6,2-10,True,13.0,10-25,1.2579161515688502,0.000243930080006,1.258160081648856,0-1d,False,0-1d,False,0.999211356466877,1.2583889258267786,1.2586328559067845,1.257750194752788,1.257994124832794,1.257750194752788,1.257994124832794,1.2513742119305873,1.2516181420105932
BEV2_2024-11-30_drive6.csv,BEV2,2024-11-30 16:34:31+00:00,2024-11-30 17:13:30+00:00,2024-11-30 16:34:34+00:00,49.58555823156391,49.58562782629032,0,False,True,True,0.0,False,False,1732984471000000000,1732986810000000000,1732984474000000000,train,1245:22822>1251:22656|49,10-50,True,9.5,<10,8.601756416386257,0.0007179178628397,8.602474334249097,0-1d,False,0-1d,False,1.0,9.301989447183958,9.302707365046798,9.416275519207852,9.416993437070692,9.416275519207852,9.416993437070692,8.921151579324917,8.921869497187757
BEV2_2024-11-30_drive7.csv,BEV2,2024-11-30 17:29:56+00:00,2024-11-30 18:04:08+00:00,2024-11-30 17:29:58+00:00,22.02453965907222,22.02453965907222,0,False,True,True,0.0,False,False,1732987796000000000,1732989848000000000,1732987798000000000,train,1251:22656>1318:22645|22,10-50,True,8.0,<10,4.197800013881149,0.0003984193849904,4.198198433266139,0-1d,False,0-1d,False,1.0,4.193716295919614,4.194114715304605,4.186936231672442,4.187334651057433,4.186936231672442,4.187334651057433,4.1723551291392305,4.172753548524221
