file,vehicle,start_utc,end_utc,t_cut,D,gps_path_plausible_km,gap_gt_2s_count,uncertain_charger_signal_or_mode_overlap,main_view_internal_consistency_checked,main_view_5pct_counter_quantization_sufficient,overlap_conflicting_iv_rows,suspected_charger_signal_or_mode_overlap,confirmed_external_charging_from_counter_or_joint_direct,start_ns,end_ns,cut_ns,split,od_key,distance_bin,od_seen_train,ambient_c,ambient_bin,y_rem,e_prefix,y_full,original_history_age,original_od_history,online_history_age,online_od_history,actual_motion_coverage,pred_S-fixed_rem,pred_S-fixed_full,pred_H-frozen_rem,pred_H-frozen_full,pred_H-online_rem,pred_H-online_full,pred_O-combined_rem,pred_O-combined_full,pred_O-time_rem,pred_O-time_full,pred_O-motion_rem,pred_O-motion_full,pred_O-quality_rem,pred_O-quality_full
BEV1_2025-02-16_drive1.csv,BEV1,2025-02-16 12:08:01+00:00,2025-02-16 12:15:15+00:00,2025-02-16 12:08:03+00:00,2.922930206528512,2.922930206528512,0,False,True,True,0.0,False,False,1739707681000000000,1739708115000000000,1739707683000000000,future,1492:22678>1485:22682|2,2-10,False,3.5,<10,0.6277914255967922,0.0003976809498871,0.6281891065466794,>7d,False,>7d,False,1.0,0.7293841643253635,0.7297818452752506,0.7442270644092207,0.7446247453591078,0.7909089078384297,0.7913065887883168,0.5800090911439383,0.5804067720938254,0.5611991652368544,0.5615968461867415,0.6590521685033031,0.6594498494531902,0.7649357112697157,0.7653333922196028
BEV1_2025-02-16_drive2.csv,BEV1,2025-02-16 13:04:57+00:00,2025-02-16 13:07:10+00:00,2025-02-16 13:04:58+00:00,0.1870581212884473,0.1870581212884473,0,False,True,True,0.0,False,False,1739711097000000000,1739711230000000000,1739711098000000000,future,1485:22682>1486:22682|0,<2,False,6.5,<10,0.0913230167993561,0.0006769832011968,0.0920000000005529,>7d,False,0-1d,False,1.0,0.15736631960910935,0.15804330281030615,0.18331442318624153,0.18399140638743833,0.13115079706359645,0.13182778026479325,0.1878273452641761,0.1885043284653729,0.16875874205618327,0.16943572525738007,0.13091930151548373,0.13159628471668053,0.18228880812335907,0.18296579132455587
BEV1_2025-02-16_drive3.csv,BEV1,2025-02-16 13:14:35+00:00,2025-02-16 13:24:09+00:00,2025-02-16 13:14:37+00:00,2.887401331682453,2.887471401289132,0,False,True,True,0.0,False,False,1739711675000000000,1739712249000000000,1739711677000000000,future,1486:22682>1492:22677|2,2-10,False,6.5,<10,0.7597604875833299,0.0004048777250965,0.7601653653084264,>7d,False,0-1d,False,1.0,0.6928650148578291,0.6932698925829256,0.7169262926542618,0.7173311703793582,0.6658672074532815,0.666272085178378,0.7168980597294462,0.7173029374545427,0.7338784465325081,0.7342833242576046,0.6593926713383914,0.6597975490634879,0.753312089985202,0.7537169677102985
BEV1_2025-02-17_drive1.csv,BEV1,2025-02-17 10:14:34+00:00,2025-02-17 10:55:25+00:00,2025-02-17 10:14:35+00:00,60.42416741933844,60.42416741933844,0,False,True,True,0.0,False,False,1739787274000000000,1739789725000000000,1739787275000000000,future,1492:22677>1308:22654|60,>=50,False,11.714285714285714,10-25,12.053921321575135,0.000198255566243,12.054119577141378,>7d,False,0-1d,False,0.9991836734693876,13.063137587020247,13.06333584258649,12.286626344928322,12.286824600494565,12.603765046546878,12.60396330211312,12.392886508998764,12.393084764565007,12.53699967855107,12.537197934117312,13.053310517135225,13.053508772701468,11.624509319991498,11.624707575557741
BEV1_2025-02-17_drive2.csv,BEV1,2025-02-17 12:04:19+00:00,2025-02-17 12:19:26+00:00,2025-02-17 12:04:20+00:00,5.966303673418618,5.966303673418618,0,False,True,True,0.0,False,False,1739793859000000000,1739794766000000000,1739793860000000000,future,1308:22654>1317:22653|5,2-10,False,6.857142857142857,<10,0.9338559221695674,0.0001440778297196,0.933999999999287,>7d,False,0-1d,False,1.0,1.264132369803139,1.2642764476328587,1.2507733789882252,1.2509174568179449,1.3102562740738253,1.310400351903545,1.220629411873855,1.2207734897035747,1.2057889498157677,1.2059330276454874,1.2554056507512887,1.2555497285810084,1.292359089049231,1.2925031668789506
BEV1_2025-02-17_drive3.csv,BEV1,2025-02-17 12:39:33+00:00,2025-02-17 13:28:40+00:00,2025-02-17 12:39:34+00:00,50.390817583012,50.390817583012,0,False,True,True,0.0,False,False,1739795973000000000,1739798920000000000,1739795974000000000,future,1317:22653>1454:22625|50,>=50,False,6.0,<10,9.695999070541834,0.0001060306843168,9.69610510122615,>7d,False,0-1d,False,1.0,10.96099774709904,10.961103777783356,10.559899419558118,10.560005450242434,10.732750803354516,10.732856834038833,9.743802847723432,9.743908878407748,10.629397954603146,10.629503985287462,9.985083649181732,9.985189679866048,10.025620269592228,10.025726300276544
BEV1_2025-02-17_drive4.csv,BEV1,2025-02-17 13:33:36+00:00,2025-02-17 13:47:35+00:00,2025-02-17 13:33:37+00:00,2.2519901382400467,2.2519901382400467,0,False,True,True,0.0,False,False,1739799216000000000,1739800055000000000,1739799217000000000,future,1454:22625>1459:22628|2,2-10,False,4.5,<10,0.4199137121544438,8.628784744791251e-05,0.4200000000018917,>7d,False,0-1d,False,1.0,0.5693284327370067,0.5694147205844546,0.5598557051647937,0.5599419930122416,0.5397707352217178,0.5398570230691657,0.6536301250212431,0.653716412868691,0.5564689831229259,0.5565552709703738,0.6676915307753489,0.6677778186227968,0.563490161442594,0.5635764492900419
BEV1_2025-02-17_drive5.csv,BEV1,2025-02-17 13:53:55+00:00,2025-02-17 13:57:22+00:00,2025-02-17 13:53:56+00:00,0.1216094373390894,0.1216094373390894,0,False,True,True,0.0,False,False,1739800435000000000,1739800642000000000,1739800436000000000,future,1459:22628>1458:22628|0,<2,False,4.5,<10,0.1023451548669357,0.0002278353292344,0.1025729901961701,>7d,False,0-1d,False,0.9951456310679612,0.15721224619439655,0.15744008152363095,0.14907266824515045,0.14930050357438485,0.11230585629116863,0.11253369162040303,0.10798788022755837,0.10821571555679277,0.09949765652688194,0.09972549185611634,0.1350595017583684,0.1352873370876028,0.15862141584712608,0.15884925117636048
BEV1_2025-02-17_drive6.csv,BEV1,2025-02-17 14:08:10+00:00,2025-02-17 14:24:41+00:00,2025-02-17 14:08:11+00:00,0.0530132291669114,0.0530132291669114,0,False,True,True,0.0,False,False,1739801290000000000,1739802281000000000,1739801291000000000,future,1458:22628>1458:22628|0,<2,False,6.5,<10,0.3558498295652384,0.0001501704345287,0.3559999999997671,>7d,False,0-1d,False,1.0,0.13020455342386614,0.13035472385839483,0.1010554706527888,0.1012056410873175,0.07213388494247674,0.07228405537700544,0.17778452833149425,0.17793469876602294,0.15207316405853274,0.15222333449306144,0.11009142373035333,0.11024159416488202,0.11987037710135659,0.12002054753588529
BEV1_2025-02-17_drive7.csv,BEV1,2025-02-17 14:31:45+00:00,2025-02-17 14:40:29+00:00,2025-02-17 14:31:46+00:00,1.303995702258101,1.303995702258101,0,False,True,True,0.0,False,False,1739802705000000000,1739803229000000000,1739802706000000000,future,1458:22628>1460:22627|1,<2,False,1.0,<10,0.3959733002978819,0.0001267008462449,0.3961000011441268,>7d,False,0-1d,False,1.0,0.4562651129144423,0.45639181376068716,0.46017178033658207,0.46029848118282696,0.42362402868384536,0.42375072953009024,0.39193502069292496,0.39206172153916985,0.4144624626426795,0.4145891634889244,0.45502609249110026,0.45515279333734515,0.47244530859362377,0.47257200943986866
BEV1_2025-02-18_drive1.csv,BEV1,2025-02-18 07:11:16+00:00,2025-02-18 07:43:44+00:00,2025-02-18 07:11:17+00:00,21.96939026743884,21.96939026743884,0,False,True,True,0.0,False,False,1739862676000000000,1739864624000000000,1739862677000000000,future,1492:22677>1552:22706|21,10-50,True,10.928571428571429,10-25,4.35992361344837,7.638655039358052e-05,4.359999999998763,>7d,False,0-1d,False,1.0,4.330778307449991,4.330854694000385,4.015147385874434,4.015223772424828,4.193081535076461,4.193157921626854,3.775328958788343,3.7754053453387364,4.19777083323216,4.197847219782553,3.787522051565295,3.7875984381156886,4.091893651750526,4.09197003830092
BEV1_2025-05-23_drive1.csv,BEV1,2025-05-23 10:23:30+00:00,2025-05-23 10:30:04+00:00,2025-05-23 10:23:31+00:00,1.1699817125000902,1.1699817125000902,0,False,True,True,0.0,False,False,1747995810000000000,1747996204000000000,1747995811000000000,future,1310:22648>1313:22647|1,<2,False,13.0,10-25,0.3419179986610214,8.200133771258117e-05,0.341999999998734,>7d,False,>7d,False,0.9974554707379136,0.351765225720172,0.35184722705788457,0.34084831419288575,0.3409303155305983,0.3460345853234073,0.3461165866611199,0.32478319985259163,0.3248652011903042,0.33693890931874426,0.33702091065645684,0.3171448555156343,0.3172268568533469,0.3345934856402603,0.3346754869779729
BEV1_2025-05-23_drive2.csv,BEV1,2025-05-23 10:59:35+00:00,2025-05-23 11:49:39+00:00,2025-05-23 10:59:37+00:00,62.2947718813456,62.2947718813456,0,True,True,True,0.0,True,False,1747997975000000000,1748000979000000000,1747997977000000000,future,1313:22647>1492:22678|62,>=50,False,14.5,10-25,10.23586597606101,0.0002693679231072,10.236135343984117,>7d,False,0-1d,False,0.9996668887408394,12.771880391775431,12.772149759698538,12.592107214748477,12.592376582671584,12.824593031420752,12.824862399343859,11.826248708980305,11.826518076903412,12.689633204329564,12.68990257225267,11.929458656121431,11.929728024044538,12.151118084853351,12.151387452776458
BEV1_2025-05-23_drive3.csv,BEV1,2025-05-23 13:44:43+00:00,2025-05-23 14:00:18+00:00,2025-05-23 13:44:45+00:00,8.349377412882024,8.349447495736696,0,False,True,True,0.0,False,False,1748007883000000000,1748008818000000000,1748007885000000000,future,1492:22678>1511:22678|8,2-10,False,23.0,10-25,1.4359440089505744,0.0005250407426886,1.436469049693263,>7d,False,0-1d,False,0.9989281886387996,1.234884415101385,1.2354094558440736,1.4563813913640733,1.456906432106762,1.5296756762057167,1.5302007169484053,1.1943807203392454,1.194905761081934,1.3605367576529255,1.3610617983956141,1.2830242986323686,1.2835493393750572,1.3970976441034937,1.3976226848461824
BEV1_2025-05-23_drive4.csv,BEV1,2025-05-23 15:10:16+00:00,2025-05-23 15:23:45+00:00,2025-05-23 15:10:18+00:00,8.38844362040365,8.38844362040365,0,False,True,True,0.0,False,False,1748013016000000000,1748013825000000000,1748013018000000000,future,1511:22678>1492:22678|8,2-10,False,20.5,10-25,1.489757260323115,0.0004664370260415,1.4902236973491565,>7d,False,0-1d,False,0.9987608426270136,1.1581299812717554,1.1585964182977968,1.4619604619651578,1.4624268989911993,1.577398617909526,1.5778650549355675,1.0849703362066967,1.0854367732327381,1.4135585645397946,1.414025001565836,1.2208334016106828,1.2212998386367242,1.4361250518589674,1.4365914888850089
BEV1_2025-05-24_drive1.csv,BEV1,2025-05-24 11:11:30+00:00,2025-05-24 11:24:21+00:00,2025-05-24 11:11:31+00:00,6.950714050424244,6.950714050424244,0,False,True,True,0.0,False,False,1748085090000000000,1748085861000000000,1748085091000000000,future,1492:22678>1499:22693|6,2-10,False,18.0,10-25,1.1500460697506514,7.288913636342259e-05,1.1501189588870149,>7d,False,0-1d,False,0.9987012987012988,1.3144725532594945,1.314545442395858,1.2557092596531474,1.2557821487895109,1.2816876112529838,1.2817605003893473,0.9985198305895284,0.9985927197258918,1.2005971100431265,1.20066999917949,1.0655577701757497,1.0656306593121132,1.2357217678015133,1.2357946569378768
BEV1_2025-05-24_drive2.csv,BEV1,2025-05-24 13:41:50+00:00,2025-05-24 13:53:07+00:00,2025-05-24 13:41:51+00:00,4.886095162930911,4.886095162930911,0,False,True,True,0.0,False,False,1748094110000000000,1748094787000000000,1748094111000000000,future,1499:22693>1489:22687|4,2-10,False,14.0,10-25,0.8460693650236728,0.0001463796555023,0.8462157446791752,>7d,False,0-1d,False,0.9985207100591716,0.9609708576142112,0.9611172372697135,0.9663925749157953,0.9665389545712977,0.9871078384038726,0.987254218059375,0.8773270766665556,0.877473456322058,0.905999863436237,0.9061462430917393,0.9166961671171896,0.916842546772692,0.9786316747352486,0.9787780543907509
BEV1_2025-05-24_drive3.csv,BEV1,2025-05-24 15:52:47+00:00,2025-05-24 16:03:25+00:00,2025-05-24 15:52:48+00:00,4.703239813647174,4.703239813647174,0,False,True,True,0.0,False,False,1748101967000000000,1748102605000000000,1748101968000000000,future,1489:22687>1496:22682|4,2-10,False,12.5,10-25,0.823807760012761,0.0001922399859439,0.8239999999987049,>7d,False,0-1d,False,1.0,0.9100354493732485,0.9102276893591924,0.9356450647049828,0.9358373046909266,0.9784672300000548,0.9786594699859986,0.938827676007375,0.9390199159933189,0.9682162774969473,0.9684085174828911,0.8823481268636636,0.8825403668496075,1.05894019144134,1.059132431427284
BEV1_2025-05-24_drive4.csv,BEV1,2025-05-24 16:27:07+00:00,2025-05-24 16:38:08+00:00,2025-05-24 16:27:08+00:00,4.497189036933831,4.497189036933831,0,False,True,True,0.0,False,False,1748104027000000000,1748104688000000000,1748104028000000000,future,1496:22682>1492:22677|4,2-10,True,12.5,10-25,0.9661869364449964,0.0002199321093517,0.9664068685543482,>7d,False,0-1d,False,1.0,0.9468327417296826,0.9470526738390342,0.8798448032425699,0.8800647353519215,0.9235827704965385,0.9238027026058901,0.8020061954196965,0.8022261275290482,0.8395514564698201,0.8397713885791718,0.7159938554740376,0.7162137875833893,0.9311131000208297,0.9313330321301814
BEV1_2025-05-25_drive1.csv,BEV1,2025-05-25 14:55:44+00:00,2025-05-25 15:16:06+00:00,2025-05-25 14:55:46+00:00,23.550604141502767,23.550604141502767,0,False,True,True,0.0,False,False,1748184944000000000,1748186166000000000,1748184946000000000,future,1492:22677>1531:22623|23,10-50,False,17.1,10-25,4.281770282915417,0.0004259120782184,4.282196194993635,>7d,False,0-1d,False,0.9991803278688524,4.936576048638571,4.937001960716789,4.675913383745013,4.676339295823231,4.735453270205089,4.735879182283307,4.086966021288138,4.087391933366356,4.789511857232408,4.789937769310626,4.216520822137306,4.216946734215524,4.251220795176989,4.251646707255207
BEV1_2025-05-25_drive2.csv,BEV1,2025-05-25 17:40:26+00:00,2025-05-25 18:10:25+00:00,2025-05-25 17:40:27+00:00,23.805327542020443,23.805327542020443,0,False,True,True,0.0,False,False,1748194826000000000,1748196625000000000,1748194827000000000,future,1531:22623>1492:22678|23,10-50,False,20.0,10-25,3.9659122819698345,8.771803051445167e-05,3.966000000000349,>7d,False,0-1d,False,0.99944382647386,4.422287327143437,4.422375045173951,4.5761496088096045,4.576237326840119,4.6254007257662595,4.625488443796774,3.9160471261825953,3.9161348442131096,4.636172696781725,4.63626041481224,4.423603223997594,4.4236909420281085,4.161027880425575,4.16111559845609
BEV1_2025-05-26_drive1.csv,BEV1,2025-05-26 06:17:23+00:00,2025-05-26 06:52:36+00:00,2025-05-26 06:17:24+00:00,21.56817048354983,21.56817048354983,0,False,True,True,0.0,False,False,1748240243000000000,1748242356000000000,1748240244000000000,future,1492:22678>1552:22706|21,10-50,False,13.0,10-25,3.241887613135673,0.0001123868645157,3.242000000000189,>7d,False,0-1d,False,1.0,4.448731472672978,4.448843859537494,4.178254772605947,4.178367159470463,4.233575538912938,4.2336879257774545,3.67485367915215,3.674966066016666,4.285197736314188,4.2853101231787045,3.652386482388276,3.6524988692527915,3.9701570443036225,3.970269431168138
BEV1_2025-05-26_drive2.csv,BEV1,2025-05-26 12:52:05+00:00,2025-05-26 13:50:17+00:00,2025-05-26 12:52:06+00:00,23.098224110658727,23.098224110658727,0,False,True,True,0.0,False,False,1748263925000000000,1748267417000000000,1748263926000000000,future,1552:22706>1489:22681|23,10-50,False,17.0,10-25,4.002234065360669,7.000752588684172e-05,4.002304072886556,>7d,False,0-1d,False,0.9997135491263248,4.298559775526951,4.298629783052838,4.052983917706883,4.05305392523277,4.153893201550737,4.153963209076624,3.641566375351408,3.641636382877295,4.025461910828771,4.025531918354657,3.76375097323296,3.763820980758847,3.854283759796187,3.854353767322074
BEV1_2025-05-26_drive3.csv,BEV1,2025-05-26 14:39:28+00:00,2025-05-26 14:45:13+00:00,2025-05-26 14:39:30+00:00,1.9454167111463687,1.945527906226335,0,False,True,True,0.0,False,False,1748270368000000000,1748270713000000000,1748270370000000000,future,1489:22681>1492:22678|1,<2,False,27.5,>25,0.3498203527303157,0.0003578273027434,0.3501781800330591,>7d,False,0-1d,False,1.0,0.3695920495874804,0.3699498768902238,0.42058841293272176,0.4209462402354652,0.43841239954717187,0.4387702268499153,0.3059172489314612,0.30627507623420464,0.397696786188139,0.3980546134908824,0.22570895183179088,0.22606677913453427,0.4528864105440855,0.45324423784682893
BEV1_2025-05-26_drive4.csv,BEV1,2025-05-26 16:14:04+00:00,2025-05-26 16:32:25+00:00,2025-05-26 16:14:05+00:00,12.927089666352051,12.927089666352051,0,False,True,True,0.0,False,False,1748276044000000000,1748277145000000000,1748276045000000000,future,1492:22678>1528:22691|12,10-50,False,24.0,10-25,1.6719097609282796,9.023907220056928e-05,1.6720000000004802,>7d,False,0-1d,False,1.0,2.3039525205268476,2.304042759599048,2.442713567858136,2.4428038069303364,2.5110106652428454,2.511100904315046,1.9955034113281658,1.9955936504003664,2.3555709344830085,2.355661173555209,1.9942614630977604,1.994351702169961,2.3795704730450735,2.379660712117274
BEV1_2025-05-26_drive5.csv,BEV1,2025-05-26 17:12:21+00:00,2025-05-26 17:30:00+00:00,2025-05-26 17:12:22+00:00,12.467868001452374,12.467868001452374,0,False,True,True,0.0,False,False,1748279541000000000,1748280600000000000,1748279542000000000,future,1528:22691>1492:22678|12,10-50,False,22.0,10-25,1.8180149475467964,8.797867828915721e-05,1.8181029262250856,>7d,False,0-1d,False,0.999054820415879,2.121156960713609,2.1212449393918984,2.3019629055575925,2.302050884235882,2.3963616661370843,2.3964496448153736,1.78445703474111,1.7845450134193992,2.284479110577734,2.284567089256023,1.7816536542390073,1.7817416329172966,2.141747356361765,2.1418353350400543
BEV1_2025-05-27_drive1.csv,BEV1,2025-05-27 06:21:33+00:00,2025-05-27 06:55:14+00:00,2025-05-27 06:21:34+00:00,21.322688898598035,21.322688898598035,0,False,True,True,0.0,False,False,1748326893000000000,1748328914000000000,1748326894000000000,future,1492:22678>1552:22706|21,10-50,False,13.5,10-25,3.152044703233099,7.643956374587991e-05,3.1521211427968447,>7d,False,0-1d,True,0.9975247524752476,4.774990554201271,4.775066993765018,4.340291176563361,4.340367616127107,4.175730891246858,4.1758073308106045,3.5745245071172924,3.5746009466810382,4.425482393994902,4.425558833558648,3.6254211789564965,3.6254976185202423,3.911230618921355,3.9113070584851006
BEV2_2025-02-16_drive1.csv,BEV2,2025-02-16 09:03:11+00:00,2025-02-16 09:12:09+00:00,2025-02-16 09:03:13+00:00,3.4648047377230498,3.465015312911349,0,False,True,True,0.0,False,False,1739696591000000000,1739697129000000000,1739696593000000000,future,1318:22645>1318:22654|3,2-10,False,0.5,<10,0.721617056894919,0.0006563852235169,0.7222734421184358,>7d,False,>7d,False,1.0,0.9757898805139973,0.9764462657375141,0.9659495415179984,0.9666059267415152,0.9685641923667363,0.9692205775902532,0.8802228771519007,0.8808792623754176,0.8485951483102956,0.8492515335338124,0.8398604121311991,0.840516797354716,1.0189156966566624,1.0195720818801792
BEV2_2025-02-16_drive2.csv,BEV2,2025-02-16 11:07:17+00:00,2025-02-16 11:21:18+00:00,2025-02-16 11:07:18+00:00,3.7526095837196434,3.7526095837196434,0,True,True,True,0.0,True,False,1739704037000000000,1739704878000000000,1739704038000000000,future,1318:22654>1318:22645|3,2-10,False,2.0,<10,1.0054775587817293,0.000522441219493,1.0060000000012224,>7d,False,0-1d,False,0.9988095238095238,0.937486774700399,0.938009215919892,0.9768164400406621,0.9773388812601551,0.9520068601781418,0.9525293013976348,1.0757757294085648,1.0762981706280579,0.9563144188636525,0.9568368600831455,1.1093380912721686,1.1098605324916617,0.9382660655001158,0.9387885067196088
BEV2_2025-02-16_drive3.csv,BEV2,2025-02-16 12:50:20+00:00,2025-02-16 14:46:56+00:00,2025-02-16 12:50:22+00:00,144.13192368913354,144.13192368913354,0,False,True,True,0.0,False,False,1739710220000000000,1739717216000000000,1739710222000000000,future,1318:22645>1236:22808|144,>=50,False,6.833333333333333,<10,25.18375107172192,0.0005012832606692,25.18425235498259,>7d,False,0-1d,False,0.999714040606234,27.97079506244549,27.971296345706158,28.38492831582707,28.38542959908774,28.277755421687086,28.278256704947754,28.023680137975685,28.024181421236353,28.42994763740097,28.43044892066164,27.957473886653663,27.95797516991433,28.25655560748576,28.257056890746426
BEV2_2025-02-16_drive4.csv,BEV2,2025-02-16 16:09:13+00:00,2025-02-16 16:28:49+00:00,2025-02-16 16:09:16+00:00,7.558125846950912,7.558125846950912,0,False,True,True,0.0,False,False,1739722153000000000,1739723329000000000,1739722156000000000,future,1236:22808>1245:22822|7,2-10,True,10.5,10-25,1.4442447386993589,0.0003922334828848,1.4446369721822434,>7d,False,0-1d,False,1.0,1.3264664887629505,1.3268587222458352,1.4129343759247757,1.4133266094076604,1.376785814737425,1.3771780482203098,1.4202924280449476,1.4206846615278323,1.3758884628602326,1.3762806963431173,1.4870946139400552,1.48748684742294,1.469066064907406,1.4694582983902909
BEV2_2025-02-16_drive6.csv,BEV2,2025-02-16 18:36:28+00:00,2025-02-16 19:18:51+00:00,2025-02-16 18:36:29+00:00,8.858794019318127,8.858794019318127,0,False,True,True,0.0,False,False,1739730988000000000,1739733531000000000,1739730989000000000,future,1313:22659>1318:22645|8,2-10,False,1.0,<10,1.7713586071008036,0.0006413929000405,1.772000000000844,>7d,False,0-1d,False,1.0,1.8760032632717039,1.8766446561717443,1.931191925605207,1.9318333185052474,1.9365009750620965,1.937142367962137,2.062200920847655,2.0628423137476952,1.9184261463417274,1.9190675392417678,2.0331616336592604,2.033803026559301,1.9726005147726815,1.973241907672722
BEV2_2025-02-16_drive7.csv,BEV2,2025-02-16 20:23:40+00:00,2025-02-16 20:35:49+00:00,2025-02-16 20:23:42+00:00,2.3249036679673667,2.3249036679673667,1,False,False,True,0.0,False,False,1739737420000000000,1739738149000000000,1739737422000000000,future,1318:22645>1316:22651|2,2-10,True,3.5,<10,0.4958243627676797,0.0005482902520439,0.4963726530197236,>7d,False,0-1d,False,0.9642365887207704,0.5745829388970017,0.5751312291490457,0.569911330665265,0.570459620917309,0.5733078743112203,0.5738561645632643,0.83769995211263,0.838248242364674,0.5826585369899975,0.5832068272420414,0.5768255614456544,0.5773738516976984,0.8272186425258696,0.8277669327779136
BEV2_2025-02-16_drive8.csv,BEV2,2025-02-16 20:45:29+00:00,2025-02-16 20:52:57+00:00,2025-02-16 20:45:32+00:00,1.9111704988165577,1.9113019850311024,0,False,True,True,0.0,False,False,1739738729000000000,1739739177000000000,1739738732000000000,future,1316:22651>1318:22645|1,<2,True,1.5,<10,0.5678587129525655,0.0003685185566839,0.5682272315092494,>7d,False,0-1d,False,1.0,0.5790122857139888,0.5793808042706726,0.5635738326721855,0.5639423512288694,0.5784415813371573,0.5788100998938411,0.5403525801731904,0.5407210987298743,0.5246899483827556,0.5250584669394395,0.6364963721227217,0.6368648906794055,0.6213217787670573,0.6216902973237411
BEV2_2025-02-17_drive1.csv,BEV2,2025-02-17 06:41:10+00:00,2025-02-17 06:52:00+00:00,2025-02-17 06:41:13+00:00,2.190139810840789,2.190139810840789,0,False,True,True,0.0,False,False,1739774470000000000,1739775120000000000,1739774473000000000,future,1318:22645>1313:22648|2,2-10,True,-4.0,<10,1.0449904254591214,0.0050737470135021,1.0500641724726234,>7d,False,0-1d,False,0.9984544049459042,0.6994391805074076,0.7045129275209097,0.5732866046574776,0.5783603516709797,0.607067973441229,0.612141720454731,0.6477239582694061,0.6527977052829081,0.6023739945010779,0.6074477415145799,0.683885033843483,0.688958780856985,0.5695697246456506,0.5746434716591526
BEV2_2025-02-17_drive2.csv,BEV2,2025-02-17 11:25:44+00:00,2025-02-17 11:54:11+00:00,2025-02-17 11:25:46+00:00,9.32632800202159,9.326636298559665,0,False,True,True,0.0,False,False,1739791544000000000,1739793251000000000,1739791546000000000,future,1313:22648>1313:22648|9,2-10,False,5.0,<10,2.091771818283026,0.0004598334710209,2.0922316517540467,>7d,False,0-1d,False,0.9994134897360704,2.0250878212373444,2.0255476547083653,2.1856882276864678,2.1861480611574886,2.15150045856057,2.151960292031591,2.0895216027655494,2.0899814362365703,2.168633375493436,2.169093208964457,2.1122052719668187,2.1126651054378396,2.1934251641240317,2.1938849975950525
BEV2_2025-02-17_drive3.csv,BEV2,2025-02-17 13:55:46+00:00,2025-02-17 13:59:30+00:00,2025-02-17 13:55:47+00:00,1.1232292059132358,1.1232292059132358,0,False,True,True,0.0,False,False,1739800546000000000,1739800770000000000,1739800547000000000,future,1315:22648>1318:22645|1,<2,True,5.5,<10,0.3582185806626396,0.002208280190733,0.3604268608533726,>7d,False,0-1d,True,0.9955156950672646,0.4993431795905478,0.5015514597812808,0.4459901365631804,0.44819841675391336,0.42475761829047987,0.42696589848121286,0.38626277627940364,0.38847105647013663,0.42642192381307686,0.42863020400380986,0.4300607431902777,0.4322690233810107,0.4364030033826204,0.4386112835733534
BEV2_2025-02-19_drive1.csv,BEV2,2025-02-19 08:58:30+00:00,2025-02-19 09:32:22+00:00,2025-02-19 08:58:31+00:00,50.84281879191627,50.84281879191627,0,False,True,True,0.0,False,False,1739955510000000000,1739957542000000000,1739955511000000000,future,1345:22688>1552:22706|50,>=50,False,1.5,<10,11.506391155234228,0.0136088447625722,11.5199999999968,>7d,False,1-7d,False,0.9581486952240276,11.18346579845639,11.197074643218963,11.065484939561113,11.079093784323685,11.040295086040784,11.053903930803356,11.146490513455522,11.160099358218094,10.965430583041794,10.979039427804366,10.8631574556693,10.876766300431873,10.96753314858743,10.981141993350002
BEV2_2025-02-19_drive2.csv,BEV2,2025-02-19 16:07:00+00:00,2025-02-19 16:39:58+00:00,2025-02-19 16:07:01+00:00,53.44049824717472,53.4757334480057,0,False,True,True,0.0,False,False,1739981220000000000,1739983198000000000,1739981221000000000,future,1475:22710>1313:22647|53,>=50,False,7.0,<10,9.517734936077014,0.0062650639205985,9.523999999997612,>7d,False,0-1d,False,0.9994941831057156,10.773714588854988,10.779979652775586,10.599401964939334,10.605667028859932,10.603521100474318,10.609786164394915,10.671513230239634,10.677778294160232,10.740127355011365,10.746392418931963,11.727535713486835,11.733800777407433,10.076340312389274,10.082605376309871
BEV2_2025-02-21_drive1.csv,BEV2,2025-02-21 17:52:41+00:00,2025-02-21 18:12:56+00:00,2025-02-21 17:52:42+00:00,3.9046485454981417,3.9046485454981417,0,False,True,True,0.0,False,False,1740160361000000000,1740161576000000000,1740160362000000000,future,1316:22651>1318:22645|3,2-10,True,16.0,10-25,1.0020246821859138,0.0003288890814999,1.0023535712674136,>7d,False,1-7d,False,0.999176276771005,0.8154746151426872,0.815803504224187,0.8401375438379555,0.8404664329194553,0.8479944341841897,0.8483233232656896,0.9768200853753093,0.9771489744568091,0.8993152625182446,0.8996441515997444,0.8932928408463549,0.8936217299278547,0.8832147753516271,0.8835436644331269
BEV2_2025-02-22_drive1.csv,BEV2,2025-02-22 10:41:42+00:00,2025-02-22 11:04:14+00:00,2025-02-22 10:41:43+00:00,3.405278482442593,3.405278482442593,0,False,True,True,0.0,False,False,1740220902000000000,1740222254000000000,1740220903000000000,future,1320:22653>1318:22645|3,2-10,True,11.5,10-25,0.9858032098327986,0.0003331016955892,0.9861363115283878,>7d,False,0-1d,False,0.999259807549963,0.8795819611685846,0.8799150628641738,0.8494088962030303,0.8497419978986195,0.8502655107835491,0.8505986124791383,1.0135034667886478,1.013836568484237,0.9662195673609446,0.9665526690565338,0.9675736477790341,0.9679067494746233,0.8884203226693137,0.8887534243649029
BEV2_2025-02-23_drive1.csv,BEV2,2025-02-23 08:37:49+00:00,2025-02-23 08:41:49+00:00,2025-02-23 08:37:51+00:00,1.271634451827809,1.282581974863256,0,False,True,True,0.0,False,False,1740299869000000000,1740300109000000000,1740299871000000000,future,1314:22647>1314:22648|1,<2,False,8.5,<10,0.2322813419867264,0.0070730253263541,0.2393543673130805,>7d,False,0-1d,False,0.9957983193277312,0.33980282085200186,0.346875846178356,0.3978978941029815,0.4049709194293356,0.36764522553899404,0.37471825086534816,0.4182090546979663,0.42528208002432044,0.3608032231839595,0.36787624851031364,0.45372184504894125,0.4607948703752954,0.35079094726971766,0.3578639725960718
BEV2_2025-02-24_drive1.csv,BEV2,2025-02-24 15:10:53+00:00,2025-02-24 15:17:05+00:00,2025-02-24 15:10:55+00:00,1.1573813516416795,1.1706104529401165,0,False,True,True,0.0,False,False,1740409853000000000,1740410225000000000,1740409855000000000,future,1316:22648>1318:22645|1,<2,False,11.5,10-25,0.4224911345725856,-0.0014638785970336,0.421027255975552,>7d,False,1-7d,False,0.9972972972972972,0.35403583589365767,0.35257195729662405,0.4211392655795708,0.4196753869825372,0.41379865389595283,0.4123347752989192,0.40363676555072175,0.40217288695368814,0.38560558817358737,0.38414170957655375,0.4119288846643673,0.41046500606733366,0.3896511790087287,0.3881873004116951
BEV2_2025-02-24_drive2.csv,BEV2,2025-02-24 15:39:32+00:00,2025-02-24 15:40:04+00:00,2025-02-24 15:39:33+00:00,0.0242096489542456,0.0242096489542456,0,False,True,False,0.0,False,False,1740411572000000000,1740411604000000000,1740411573000000000,future,1318:22645>1318:22645|0,<2,True,11.5,10-25,0.0058855940226735,-0.0018855940218586,0.0040000000008149,>7d,False,0-1d,False,1.0,0.040965091971763276,0.039079497949904674,0.04774553743655377,0.04585994341469517,0.07132244305521965,0.06943684903336104,0.012619825522707014,0.010734231500848415,0.10358734219264541,0.10170174817078681,-0.03537776841501825,-0.037263362436876855,-0.05323466379356939,-0.055120257815427995
BEV2_2025-02-26_drive1.csv,BEV2,2025-02-26 07:46:32+00:00,2025-02-26 07:51:57+00:00,2025-02-26 07:46:34+00:00,1.2273510313313534,1.2354694889749225,0,False,True,True,0.0,False,False,1740555992000000000,1740556317000000000,1740555994000000000,future,1549:22708>1552:22706|1,<2,False,5.2,<10,0.3156068516939032,-0.0071677751951916,0.3084390764987116,>7d,False,1-7d,False,1.0,0.3613388677031565,0.35417109250796486,0.3510868001112245,0.3439190249160329,0.3473470662714404,0.3401792910762488,0.34805285843526407,0.3408850832400725,0.3488281258728941,0.3416603506777025,0.36857946750222653,0.36141169230703496,0.3930656267560974,0.38589785156090584
BEV2_2025-02-26_drive2.csv,BEV2,2025-02-26 17:24:15+00:00,2025-02-26 18:18:16+00:00,2025-02-26 17:24:16+00:00,83.0393485182459,83.0393485182459,0,False,True,True,0.0,False,False,1740590655000000000,1740593896000000000,1740590656000000000,future,1552:22706>1318:22646|83,>=50,False,9.0,<10,16.523765210662916,0.0003892734631488,16.524154484126065,>7d,False,0-1d,False,0.9962962962962963,16.142507182166398,16.142896455629547,16.15808952189275,16.1584787953559,16.47011147883545,16.470500752298598,16.315592596971506,16.315981870434655,16.30586888900389,16.30625816246704,17.152372422055336,17.152761695518485,15.698164626917986,15.698553900381135
BEV2_2025-02-27_drive1.csv,BEV2,2025-02-27 06:39:52+00:00,2025-02-27 06:43:53+00:00,2025-02-27 06:39:54+00:00,0.559573878861594,0.5596850739422672,0,False,True,True,0.0,False,False,1740638392000000000,1740638633000000000,1740638394000000000,future,1318:22646>1318:22645|0,<2,True,3.5,<10,0.4922403417166674,0.003504809395466,0.4957451511121334,>7d,False,0-1d,False,1.0,0.288558204910094,0.29206301430556,0.3072050122461618,0.3107098216416278,0.3031085365921573,0.3066133459876233,0.2965222679998736,0.30002707739533957,0.2847952575419488,0.2883000669374148,0.313905452100849,0.317410261496315,0.27249856885330653,0.2760033782487725
BEV2_2025-02-27_drive2.csv,BEV2,2025-02-27 06:51:25+00:00,2025-02-27 07:17:26+00:00,2025-02-27 06:51:27+00:00,6.179687399146404,6.179687399146404,0,False,True,True,0.0,False,False,1740639085000000000,1740640646000000000,1740639087000000000,future,1318:22645>1313:22648|6,2-10,True,3.5,<10,1.5877498468281677,0.0004049578091836,1.5881548046373513,>7d,False,0-1d,False,1.0,1.5097818905241898,1.5101868483333734,1.5301768113935093,1.5305817692026928,1.3974995672126151,1.3979045250217987,1.561886647968257,1.5622916057774405,1.6051930763405675,1.605598034149751,1.5896165575967918,1.5900215154059754,1.5591894183779957,1.5595943761871793
BEV2_2025-02-27_drive3.csv,BEV2,2025-02-27 16:54:34+00:00,2025-02-27 17:10:22+00:00,2025-02-27 16:54:36+00:00,4.013509123211172,4.013509123211172,0,False,True,True,0.0,False,False,1740675274000000000,1740676222000000000,1740675276000000000,future,1313:22648>1320:22653|4,2-10,False,9.9,<10,1.1377654776010384,0.0004652419721432,1.1382307195731816,>7d,False,0-1d,False,1.0,0.9970845271678467,0.9975497691399898,1.0559645242138742,1.0564297661860174,1.048251017542897,1.04871625951504,1.0334697784363658,1.033935020408509,1.0182052002284878,1.018670442200631,0.9964961372028059,0.9969613791749491,1.0729548537529876,1.0734200957251308
BEV2_2025-02-27_drive4.csv,BEV2,2025-02-27 17:14:09+00:00,2025-02-27 17:24:33+00:00,2025-02-27 17:14:10+00:00,2.5704360672623,2.5704360672623,0,False,True,True,0.0,False,False,1740676449000000000,1740677073000000000,1740676450000000000,future,1320:22653>1318:22645|2,2-10,True,7.5,<10,0.6682379486777007,0.0001865718090833,0.668424520486784,>7d,False,0-1d,False,0.9983948635634028,0.6861654826952933,0.6863520545043766,0.7435717689274316,0.7437583407365149,0.6381475554580222,0.6383341272671055,0.806763753034621,0.8069503248437043,0.7183582560696444,0.7185448278787278,0.768928666992635,0.7691152388017183,0.6719446574417249,0.6721312292508083
BEV2_2025-02-28_drive1.csv,BEV2,2025-02-28 06:53:20+00:00,2025-02-28 07:03:49+00:00,2025-02-28 06:53:22+00:00,2.282043840957292,2.282043840957292,0,False,True,True,0.0,False,False,1740725600000000000,1740726229000000000,1740725602000000000,future,1318:22645>1313:22648|2,2-10,True,5.0,<10,0.7379309404616483,0.0004393973005315,0.7383703377621799,>7d,False,0-1d,False,0.9984051036682616,0.7301762515192447,0.7306156488197763,0.6924297480995343,0.6928691454000658,0.6434785411842239,0.6439179384847554,0.7396787737114942,0.7401181710120257,0.6682583014482915,0.668697698748823,0.7383532715023295,0.7387926688028611,0.6482461075021816,0.6486855048027131
BEV2_2025-02-28_drive2.csv,BEV2,2025-02-28 08:55:15+00:00,2025-02-28 09:04:18+00:00,2025-02-28 08:55:17+00:00,1.7733197798327485,1.7733197798327485,0,False,True,True,0.0,False,False,1740732915000000000,1740733458000000000,1740732917000000000,future,1313:22648>1315:22645|1,<2,False,8.5,<10,0.6503281161022895,0.0002539903514444,0.6505821064537338,>7d,False,0-1d,False,0.99815157116451,0.5028809333619604,0.5031349237134047,0.592681529617231,0.5929355199686753,0.5340625478832325,0.5343165382346768,0.5861266282346278,0.5863806185860722,0.5294462074807971,0.5297001978322414,0.5962177431266815,0.5964717334781259,0.5268328734727425,0.5270868638241869
BEV2_2025-02-28_drive3.csv,BEV2,2025-02-28 09:05:55+00:00,2025-02-28 09:16:01+00:00,2025-02-28 09:05:57+00:00,2.809637566308657,2.8097487613886227,0,False,True,True,0.0,False,False,1740733555000000000,1740734161000000000,1740733557000000000,future,1315:22645>1311:22648|2,2-10,False,7.0,<10,0.7517701206240334,0.0004565513198333,0.7522266719438667,>7d,False,0-1d,False,1.0,0.6725251120346197,0.6729816633544531,0.7403899524034547,0.7408465037232881,0.6493634111767015,0.6498199624965348,0.7351080958205414,0.7355646471403747,0.7024282180421286,0.702884769361962,0.7801256991773163,0.7805822504971497,0.7629766409200219,0.7634331922398553
BEV2_2025-02-28_drive4.csv,BEV2,2025-02-28 11:02:26+00:00,2025-02-28 11:08:10+00:00,2025-02-28 11:02:28+00:00,1.6150847641488602,1.6152162546945918,0,False,True,True,0.0,False,False,1740740546000000000,1740740890000000000,1740740548000000000,future,1311:22648>1313:22648|1,<2,False,7.0,<10,0.5182157235012566,0.0004636486814839,0.5186793721827404,>7d,False,0-1d,False,1.0,0.49387758497999956,0.49434123366148347,0.5780410300169478,0.5785046786984317,0.5471771668164146,0.5476408154978984,0.518580388692121,0.5190440373736048,0.546826979895046,0.5472906285765299,0.5340384391212207,0.5345020878027046,0.5931160253950835,0.5935796740765673
BEV2_2025-02-28_drive5.csv,BEV2,2025-02-28 18:32:52+00:00,2025-02-28 18:42:46+00:00,2025-02-28 18:32:54+00:00,2.540085600100717,2.5401557846802807,0,False,True,True,0.0,False,False,1740767572000000000,1740768166000000000,1740767574000000000,future,1313:22648>1318:22645|2,2-10,True,10.0,10-25,0.8877586544223647,0.0004855393504535,0.8882441937728182,>7d,False,0-1d,False,0.9983108108108107,0.8258330196610206,0.8263185590114741,0.8197165792120045,0.820202118562458,0.8407164297204803,0.8412019690709338,0.8161218400889878,0.8166073794394413,0.8116775784242647,0.8121631177747182,0.8025108948136674,0.8029964341641209,0.7796717442480992,0.7801572835985526
BEV2_2025-03-02_drive1.csv,BEV2,2025-03-02 09:16:16+00:00,2025-03-02 09:23:06+00:00,2025-03-02 09:16:18+00:00,2.4791349318421747,2.4791349318421747,0,False,True,True,0.0,False,False,1740906976000000000,1740907386000000000,1740906978000000000,future,1318:22645>1315:22648|2,2-10,True,2.5,<10,0.7218786285573078,0.00022012576974,0.7220987543270477,>7d,False,1-7d,False,1.0,0.6700715710329479,0.6702916968026879,0.7230257658893853,0.7232458916591252,0.6674128846981614,0.6676330104679014,0.5726500770200728,0.5728702027898127,0.5920516400075004,0.5922717657772404,0.581120214706677,0.5813403404764169,0.7414808678519248,0.7417009936216648
BEV2_2025-03-02_drive2.csv,BEV2,2025-03-02 09:39:45+00:00,2025-03-02 09:45:52+00:00,2025-03-02 09:39:47+00:00,1.2548304444107372,1.2549006271041594,0,False,True,True,0.0,False,False,1740908385000000000,1740908752000000000,1740908387000000000,future,1315:22648>1318:22645|1,<2,True,4.5,<10,0.4757168535668032,0.0005097434352936,0.4762265970020968,>7d,False,0-1d,False,0.9972602739726028,0.4789425985354925,0.47945234197078607,0.5546043690246396,0.5551141124599333,0.4493881472028808,0.44989789063817437,0.5109628647662261,0.5114726082015197,0.4802082238500201,0.4807179672853137,0.5465777945154424,0.5470875379507361,0.47692554025076617,0.47743528368605975
BEV2_2025-03-02_drive3.csv,BEV2,2025-03-02 12:43:12+00:00,2025-03-02 14:05:26+00:00,2025-03-02 12:43:14+00:00,68.83968881231758,68.83982030830106,1,False,True,True,0.0,False,False,1740919392000000000,1740924326000000000,1740919394000000000,future,1318:22645>1245:22822|68,>=50,False,9.5,<10,11.520195641817953,0.0002875218448479,11.5204831636628,>7d,False,0-1d,False,0.994728304947283,13.152743524672788,13.153031046517636,13.22275417832903,13.223041700173878,13.521183558874592,13.52147108071944,13.180735772166939,13.181023294011787,13.386219600833527,13.386507122678376,13.350968168783522,13.35125569062837,12.936510797524832,12.93679831936968
BEV2_2025-03-02_drive4.csv,BEV2,2025-03-02 14:18:26+00:00,2025-03-02 14:37:18+00:00,2025-03-02 14:18:28+00:00,6.183128583193825,6.183128583193825,0,False,True,True,0.0,False,False,1740925106000000000,1740926238000000000,1740925108000000000,future,1245:22822>1236:22808|6,2-10,True,10.6,10-25,1.0999929862825406,0.0002124158156881,1.1002054020982288,>7d,False,0-1d,False,0.9991150442477876,1.1375265270229435,1.1377389428386318,1.2276664779957145,1.2278788938114027,1.1771658541462533,1.1773782699619415,1.2990983709579713,1.2993107867736595,1.1840821887075412,1.1842946045232294,1.2221843792870402,1.2223967951027284,1.2580722692931587,1.258284685108847
BEV2_2025-03-02_drive5.csv,BEV2,2025-03-02 17:42:25+00:00,2025-03-02 17:53:27+00:00,2025-03-02 17:42:27+00:00,1.7496063517563034,1.7502331248099967,0,False,True,True,0.0,False,False,1740937345000000000,1740938007000000000,1740937347000000000,future,1236:22808>1238:22806|1,<2,False,14.5,10-25,0.5462647881184843,0.0001939335208371,0.5464587216393214,>7d,False,0-1d,False,0.9984848484848484,0.3910389724510158,0.3912329059718529,0.40261146672637943,0.4028054002472165,0.4000358740172676,0.40022980753810466,0.4163142681036077,0.4165082016244448,0.4134127864368256,0.4136067199576627,0.4180023760350248,0.4181963095558619,0.40148676109402853,0.4016806946148656
BEV2_2025-03-02_drive6.csv,BEV2,2025-03-02 22:12:54+00:00,2025-03-02 23:05:22+00:00,2025-03-02 22:12:56+00:00,66.68975231742512,66.68975231742512,0,False,True,True,0.0,False,False,1740953574000000000,1740956722000000000,1740953576000000000,future,1238:22806>1318:22645|66,>=50,False,11.8,10-25,13.935885943974151,0.0002088185682685,13.93609476254242,>7d,False,0-1d,False,1.0,12.903751151125038,12.903959969693306,13.173962770074043,13.174171588642311,13.261968239138973,13.262177057707241,12.651272307645916,12.651481126214184,13.002323471962137,13.002532290530405,12.703426711192751,12.70363552976102,12.734487648355202,12.73469646692347
BEV2_2025-03-03_drive1.csv,BEV2,2025-03-03 06:49:15+00:00,2025-03-03 06:57:21+00:00,2025-03-03 06:49:17+00:00,2.312406093319985,2.312406093319985,0,False,True,True,0.0,False,False,1740984555000000000,1740985041000000000,1740984557000000000,future,1318:22645>1313:22648|2,2-10,True,-1.5,<10,0.8537007324244292,0.0005905532629861,0.8542912856874153,>7d,False,0-1d,False,1.0,0.6418243717280743,0.6424149249910603,0.7183286145674439,0.71891916783043,0.7021390900059932,0.7027296432689792,0.6710733941860125,0.6716639474489986,0.6394308988183361,0.6400214520813222,0.7421929341328708,0.7427834873958569,0.7154016124104285,0.7159921656734146
BEV2_2025-03-03_drive2.csv,BEV2,2025-03-03 17:18:16+00:00,2025-03-03 17:29:12+00:00,2025-03-03 17:18:18+00:00,2.5562606157202064,2.5565236003422447,0,False,True,True,0.0,False,False,1741022296000000000,1741022952000000000,1741022298000000000,future,1313:22648>1318:22645|2,2-10,True,9.5,<10,0.8977954256588533,0.0004051217256111,0.8982005473844644,>7d,False,0-1d,True,1.0,0.8511868664427776,0.8515919881683888,0.8439467392467179,0.8443518609723291,0.8442812253893788,0.8446863471149899,0.8718914114380927,0.8722965331637038,0.8259152261938834,0.8263203479194945,0.8562919483378163,0.8566970700634274,0.8435754255018321,0.8439805472274432
BEV2_2025-03-04_drive1.csv,BEV2,2025-03-04 03:12:59+00:00,2025-03-04 03:35:52+00:00,2025-03-04 03:13:01+00:00,24.83498474566916,24.83511624169221,0,False,True,True,0.0,False,False,1741057979000000000,1741059352000000000,1741057981000000000,future,1318:22645>1256:22662|24,10-50,False,0.0,<10,5.965457229311735,0.0020198355699765,5.967477064881711,>7d,False,0-1d,False,0.99927060539752,5.311920562331018,5.3139403979009945,4.91344213160816,4.915461967178136,4.932694763358115,4.934714598928092,4.6390464330481755,4.641066268618152,4.932354979479817,4.934374815049794,4.701906977268607,4.703926812838583,4.817746493811578,4.8197663293815545
BEV2_2025-03-06_drive1.csv,BEV2,2025-03-06 17:14:47+00:00,2025-03-06 17:45:14+00:00,2025-03-06 17:14:49+00:00,26.68188909033281,26.682068086286325,0,False,True,True,0.0,False,False,1741281287000000000,1741283114000000000,1741281289000000000,future,1256:22662>1318:22645|26,10-50,False,12.0,10-25,4.246043401949852,0.000544069576784,4.246587471526636,>7d,False,1-7d,False,0.9994520547945206,5.483715888610642,5.484259958187426,5.31137586453755,5.311919934114334,5.297091291947221,5.297635361524005,5.0635923547821164,5.0641364243589,5.27344500136533,5.273989070942114,5.114020811153058,5.114564880729842,5.075338969298961,5.0758830388757445
BEV2_2025-03-07_drive1.csv,BEV2,2025-03-07 07:16:08+00:00,2025-03-07 07:25:26+00:00,2025-03-07 07:16:10+00:00,2.219827446461872,2.219827446461872,0,False,True,True,0.0,False,False,1741331768000000000,1741332326000000000,1741331770000000000,future,1318:22645>1313:22648|2,2-10,True,5.5,<10,0.568058641998109,0.0004722229026466,0.5685308649007556,>7d,False,0-1d,True,0.9982014388489208,0.6872405189738068,0.6877127418764534,0.5802794813125218,0.5807517042151684,0.5630235418328252,0.5634957647354718,0.6249017903926457,0.6253740132952923,0.571168728320332,0.5716409512229786,0.6745650478253471,0.6750372707279937,0.5537747092435151,0.5542469321461617
BEV2_2025-03-07_drive2.csv,BEV2,2025-03-07 14:10:11+00:00,2025-03-07 14:11:50+00:00,2025-03-07 14:10:13+00:00,0.0329118431807289,0.0330433355047357,0,False,True,True,0.0,False,False,1741356611000000000,1741356710000000000,1741356613000000000,future,1313:22648>1313:22648|0,<2,True,11.0,10-25,0.0853896256457155,0.0008763423027126,0.0862659679484281,>7d,False,0-1d,False,1.0,0.12499507002329568,0.1258714123260083,0.1401923668117719,0.14106870911448452,0.09937147684808792,0.10024781915080051,0.1531687449152625,0.1540450872179751,0.09001983326150476,0.09089617556421735,0.14965872187803636,0.15053506418074897,0.04820617597660438,0.04908251827931698
BEV2_2025-03-07_drive3.csv,BEV2,2025-03-07 16:43:59+00:00,2025-03-07 16:46:02+00:00,2025-03-07 16:44:00+00:00,0.2496336054495977,0.2496336054495977,0,False,True,True,0.0,False,False,1741365839000000000,1741365962000000000,1741365840000000000,future,1313:22648>1313:22647|0,<2,True,11.5,10-25,0.1579480837217922,0.0002005475484635,0.1581486312702557,>7d,False,0-1d,False,0.9918032786885246,0.16740085986622644,0.16760140741468993,0.16455397044632142,0.1647545179947849,0.1416006739686957,0.14180122151715918,0.16335600291283653,0.16355655046130002,0.1807495067815365,0.18095005433,0.1713507104444661,0.17155125799292958,0.1744664330600079,0.17466698060847138
BEV2_2025-03-07_drive4.csv,BEV2,2025-03-07 16:49:06+00:00,2025-03-07 17:02:01+00:00,2025-03-07 16:49:08+00:00,2.392304891212861,2.3924363839608564,1,False,True,True,0.0,False,False,1741366146000000000,1741366921000000000,1741366148000000000,future,1313:22647>1318:22645|2,2-10,True,12.0,10-25,0.7537581053574192,0.0004842769785453,0.7542423823359644,>7d,False,0-1d,False,0.9922380336351876,0.6913901341764817,0.6918744111550269,0.7010050619701114,0.7014893389486566,0.6481137687840519,0.6485980457625972,0.7324318240290186,0.7329161010075639,0.7326678957938999,0.7331521727724452,0.7579260633429852,0.7584103403215304,0.6550119528601774,0.6554962298387227
BEV2_2025-03-07_drive5.csv,BEV2,2025-03-07 17:28:34+00:00,2025-03-07 17:35:53+00:00,2025-03-07 17:28:36+00:00,2.256138954811844,2.256138954811844,0,False,True,True,0.0,False,False,1741368514000000000,1741368953000000000,1741368516000000000,future,1318:22645>1318:22652|2,2-10,False,15.0,10-25,0.3618628124363265,0.0002543321567255,0.362117144593052,>7d,False,0-1d,False,0.9977116704805492,0.41322473910654134,0.41347907126326683,0.5032448587845457,0.5034991909412713,0.48083540414494774,0.48108973630167323,0.45597294310725395,0.45622727526397944,0.4716732489945458,0.4719275811512713,0.512053166401798,0.5123074985585235,0.43242667378138777,0.43268100593811326
BEV2_2025-03-07_drive6.csv,BEV2,2025-03-07 17:46:54+00:00,2025-03-07 17:55:06+00:00,2025-03-07 17:46:56+00:00,2.504211138130042,2.5044216488297306,0,False,True,True,0.0,False,False,1741369614000000000,1741370106000000000,1741369616000000000,future,1318:22652>1318:22645|2,2-10,False,14.5,10-25,0.595659048109089,0.0014796361271546,0.5971386842362436,>7d,False,0-1d,False,1.0,0.6359592722948625,0.6374389084220171,0.6771791622030602,0.6786587983302148,0.6408386077908828,0.6423182439180374,0.6697678461538121,0.6712474822809668,0.6268865396005227,0.6283661757276773,0.6897598235342318,0.6912394596613864,0.6570297744777425,0.6585094106048971
BEV2_2025-03-08_drive1.csv,BEV2,2025-03-08 08:59:36+00:00,2025-03-08 09:26:33+00:00,2025-03-08 08:59:38+00:00,3.383162012022533,3.383162012022533,1,False,False,True,0.0,False,False,1741424376000000000,1741425993000000000,1741424378000000000,future,1318:22645>1313:22647|3,2-10,True,10.5,10-25,0.8718654702180376,0.0003867295722818,0.8722521997903194,>7d,False,0-1d,False,0.9882352941176472,0.8510765835173709,0.8514633130896527,0.8240631717038843,0.8244499012761661,0.7866748396867664,0.7870615692590482,1.0019857830488734,1.0023725126211551,0.9237144011634875,0.9241011307357693,0.9681832942157533,0.9685700237880351,0.7808647805963643,0.7812515101686461
BEV2_2025-03-08_drive2.csv,BEV2,2025-03-08 09:29:21+00:00,2025-03-08 09:38:14+00:00,2025-03-08 09:29:23+00:00,2.6001117035402483,2.6001117035402483,0,False,True,True,0.0,False,False,1741426161000000000,1741426694000000000,1741426163000000000,future,1313:22647>1318:22645|2,2-10,True,11.0,10-25,0.6558728788190379,0.0004068046133811,0.6562796834324189,>7d,False,0-1d,True,0.9981167608286252,0.8451988872359484,0.8456056918493294,0.8544753900961671,0.8548821947095482,0.8319673672612299,0.8323741718746109,0.8025360050701978,0.8029428096835789,0.7832587587528652,0.7836655633662463,0.8447530586805898,0.8451598632939709,0.787299521429446,0.7877063260428271
BEV2_2025-03-08_drive3.csv,BEV2,2025-03-08 18:24:15+00:00,2025-03-08 18:36:51+00:00,2025-03-08 18:24:17+00:00,3.8972730018611887,3.8972730018611887,0,False,True,True,0.0,False,False,1741458255000000000,1741459011000000000,1741458257000000000,future,1318:22645>1317:22652|3,2-10,False,14.5,10-25,0.7322262995195775,0.0003253520339478,0.7325516515535253,>7d,False,0-1d,False,0.9986737400530504,0.7961356528402086,0.7964610048741564,0.9729956384812661,0.9733209905152139,0.9612103089158666,0.9615356609498144,0.9092124248007679,0.9095377768347157,0.8978520491817206,0.8981774012156684,0.8613232834823794,0.8616486355163272,0.9109677719057755,0.9112931239397233
BEV2_2025-03-08_drive4.csv,BEV2,2025-03-08 20:36:05+00:00,2025-03-08 20:43:19+00:00,2025-03-08 20:36:07+00:00,2.382846578776047,2.3829780623872248,0,False,True,True,0.0,False,False,1741466165000000000,1741466599000000000,1741466167000000000,future,1317:22652>1318:22645|2,2-10,True,13.5,10-25,0.6362903536709572,0.0002028203312525,0.6364931740022097,>7d,False,0-1d,False,0.9976851851851852,0.6311191915824444,0.631322011913697,0.5500005428826642,0.5502033632139167,0.574194347938402,0.5743971682696545,0.5699689267041832,0.5701717470354357,0.5236224631912971,0.5238252835225496,0.5795690613488288,0.5797718816800813,0.4948707114358869,0.4950735317671394
BEV2_2025-03-09_drive1.csv,BEV2,2025-03-09 09:49:24+00:00,2025-03-09 09:59:48+00:00,2025-03-09 09:49:25+00:00,1.9569108899779544,1.9569108899779544,0,False,True,True,0.0,False,False,1741513764000000000,1741514388000000000,1741513765000000000,future,1318:22645>1315:22648|1,<2,True,15.5,10-25,0.3220163054497441,0.0001945005745069,0.322210806024251,>7d,False,0-1d,False,0.9983948635634028,0.4843765788837347,0.48457107945824157,0.48469857043553055,0.4848930710100374,0.4769730933751062,0.47716759394961306,0.5031751257384709,0.5033696263129778,0.5132734944808909,0.5134679950553978,0.5071324638505739,0.5073269644250807,0.45258481561373626,0.45277931618824313
BEV2_2025-03-09_drive2.csv,BEV2,2025-03-09 10:45:38+00:00,2025-03-09 10:52:11+00:00,2025-03-09 10:45:40+00:00,1.212876817895685,1.212876817895685,0,False,True,True,0.0,False,False,1741517138000000000,1741517531000000000,1741517140000000000,future,1315:22648>1318:22645|1,<2,True,20.0,10-25,0.4079878765083121,0.000211415952381,0.4081992924606931,>7d,False,0-1d,False,0.9974424552429668,0.31375468857272104,0.31396610452510204,0.32213026602469813,0.32234168197707913,0.35172125475074334,0.35193267070312434,0.3729497451811534,0.3731611611335344,0.34014405598546404,0.34035547193784504,0.33080081081746554,0.33101222676984654,0.36930593005491985,0.36951734600730085
BEV2_2025-03-09_drive3.csv,BEV2,2025-03-09 11:23:04+00:00,2025-03-09 11:39:07+00:00,2025-03-09 11:23:06+00:00,5.03741920529836,5.03741920529836,0,False,True,True,0.0,False,False,1741519384000000000,1741520347000000000,1741519386000000000,future,1318:22645>1318:22645|5,2-10,True,20.5,10-25,0.920137178645047,0.0002054439837083,0.9203426226287552,>7d,True,0-1d,False,1.0,1.1124530834174817,1.11265852740119,1.173875512772226,1.1740809567559343,1.166657555953657,1.1668629999373652,1.154211254657246,1.1544166986409543,1.1062574266851983,1.1064628706689066,1.1478740707156825,1.1480795146993907,1.1421785509519242,1.1423839949356325
BEV2_2025-03-09_drive4.csv,BEV2,2025-03-09 13:52:45+00:00,2025-03-09 14:56:33+00:00,2025-03-09 13:52:46+00:00,63.78092448217731,63.78092448217731,0,False,True,True,0.0,False,False,1741528365000000000,1741532193000000000,1741528366000000000,future,1318:22645>1236:22808|63,>=50,False,21.5,10-25,10.811965930456648,0.0001327118418947,10.812098642298542,>7d,False,0-1d,False,0.9986934935981188,12.170601503694643,12.170734215536537,12.396941296477657,12.397074008319551,12.732915423626649,12.733048135468543,11.698213002352253,11.698345714194147,12.610297170739493,12.610429882581387,12.006684960496242,12.006817672338137,11.849684434312692,11.849817146154587
BEV2_2025-03-09_drive5.csv,BEV2,2025-03-09 16:03:30+00:00,2025-03-09 17:08:22+00:00,2025-03-09 16:03:32+00:00,67.78620940930003,67.78651883728497,0,False,True,True,0.0,False,False,1741536210000000000,1741540102000000000,1741536212000000000,future,1236:22808>1318:22645|67,>=50,False,23.5,10-25,11.36789376633669,0.0002009980440909,11.368094764380782,>7d,False,0-1d,False,0.9994858611825193,13.357812140664388,13.358013138708479,13.433300495447673,13.433501493491764,13.594802419149016,13.595003417193107,12.808067468158299,12.80826846620239,13.420382400901687,13.420583398945778,13.088114074326231,13.088315072370323,13.021311619002951,13.021512617047042
BEV2_2025-03-09_drive6.csv,BEV2,2025-03-09 19:48:04+00:00,2025-03-09 19:58:55+00:00,2025-03-09 19:48:06+00:00,1.8475405371279825,1.8475405371279825,0,False,True,True,0.0,False,False,1741549684000000000,1741550335000000000,1741549686000000000,future,1318:22645>1316:22651|1,<2,True,15.0,10-25,0.3158576453483148,0.0002505115695004,0.3161081569178152,>7d,False,0-1d,False,0.9984591679506932,0.3205281399367475,0.3207786515062479,0.339199147616162,0.3394496591856624,0.32290559294978394,0.32315610451928434,0.3388305615319469,0.3390810731014473,0.3179416833754494,0.3181921949449498,0.348408334051115,0.3486588456206154,0.3051377781747472,0.3053882897442476
BEV2_2025-03-09_drive7.csv,BEV2,2025-03-09 20:07:05+00:00,2025-03-09 20:16:21+00:00,2025-03-09 20:07:07+00:00,2.498582339560066,2.498582339560066,0,False,True,True,0.0,False,False,1741550825000000000,1741551381000000000,1741550827000000000,future,1316:22651>1318:22645|2,2-10,True,14.0,10-25,0.6057386290811768,0.0005017992744243,0.6062404283556011,>7d,False,0-1d,False,0.9981949458483754,0.568032703413665,0.5685345026880892,0.5715128985159089,0.5720146977903332,0.5539435547015239,0.5544453539759482,0.5622813773958328,0.5627831766702571,0.5676755182829907,0.568177317557415,0.6104916951247369,0.6109934943991612,0.5617197087950021,0.5622215080694264
BEV2_2025-03-10_drive1.csv,BEV2,2025-03-10 06:33:46+00:00,2025-03-10 06:42:06+00:00,2025-03-10 06:33:48+00:00,2.512508474262595,2.5125786670185035,0,False,True,True,0.0,False,False,1741588426000000000,1741588926000000000,1741588428000000000,future,1318:22645>1313:22648|2,2-10,True,4.0,<10,0.5518032055487355,0.0004025226406709,0.5522057281894064,>7d,False,0-1d,False,1.0,0.7044980528928676,0.7049005755335385,0.6308652406744474,0.6312677633151182,0.5754265445261786,0.5758290671668495,0.647078149553383,0.6474806721940539,0.5591871978058636,0.5595897204465344,0.6864338649241429,0.6868363875648138,0.6574237766417348,0.6578262992824057
BEV2_2025-03-10_drive2.csv,BEV2,2025-03-10 10:02:45+00:00,2025-03-10 10:03:37+00:00,2025-03-10 10:02:47+00:00,0.0182366551011973,0.0182366551011973,0,False,True,False,0.0,False,False,1741600965000000000,1741601017000000000,1741600967000000000,future,1313:22648>1313:22648|0,<2,True,10.72222222222222,10-25,0.0278781894666762,0.0002445251130258,0.028122714579702,>7d,False,0-1d,False,1.0,0.15447904568552223,0.15472357079854804,0.23613871424257576,0.23638323935560157,0.2103674263360335,0.2106119514490593,0.1033351252014417,0.1035796503144675,0.161538281897318,0.1617828070103438,0.13969273683766545,0.13993726195069126,0.10814030553786685,0.10838483065089266
BEV2_2025-03-10_drive3.csv,BEV2,2025-03-10 16:24:57+00:00,2025-03-10 16:39:13+00:00,2025-03-10 16:24:59+00:00,2.5936355897369543,2.593767081932977,0,False,True,True,0.0,False,False,1741623897000000000,1741624753000000000,1741623899000000000,future,1313:22648>1318:22645|2,2-10,True,12.5,10-25,0.8818048003622442,0.0003952675685093,0.8822000679307535,>7d,False,0-1d,False,1.0,0.774758917577183,0.7751541851456922,0.7398439320769897,0.740239199645499,0.7529504683359509,0.7533457359044602,0.7764091316907011,0.7768043992592104,0.7633446235865715,0.7637398911550808,0.8002192000034973,0.8006144675720066,0.7561461517705987,0.756541419339108
BEV2_2025-03-11_drive1.csv,BEV2,2025-03-11 06:33:10+00:00,2025-03-11 06:45:13+00:00,2025-03-11 06:33:11+00:00,2.272564991171646,2.272564991171646,0,False,True,True,0.0,False,False,1741674790000000000,1741675513000000000,1741674791000000000,future,1318:22645>1313:22648|2,2-10,True,6.5,<10,0.7499589316204409,0.0002061984826263,0.7501651301030672,>7d,False,0-1d,True,0.9986149584487536,0.6693341801973621,0.6695403786799884,0.758141147254555,0.7583473457371812,0.7200669177518222,0.7202731162344485,0.7678013082649499,0.7680075067475761,0.7626814574273104,0.7628876559099367,0.7771149908993691,0.7773211893819953,0.7283026253982565,0.7285088238808828
BEV2_2025-03-11_drive2.csv,BEV2,2025-03-11 15:27:00+00:00,2025-03-11 15:39:23+00:00,2025-03-11 15:27:01+00:00,2.580828018096766,2.580828018096766,0,False,True,True,0.0,False,False,1741706820000000000,1741707563000000000,1741706821000000000,future,1313:22648>1318:22645|2,2-10,True,10.5,10-25,0.8816938056836175,0.0003061943178085,0.8820000000014261,>7d,False,0-1d,True,1.0,0.8656282679038574,0.8659344622216659,0.8508410984223362,0.8511472927401448,0.8610132120853927,0.8613194064032013,0.8885906379064407,0.8888968322242492,0.8769667003197076,0.8772728946375161,0.8452899439058064,0.8455961382236149,0.8547686462756636,0.8550748405934722
BEV2_2025-03-11_drive3.csv,BEV2,2025-03-11 16:55:50+00:00,2025-03-11 17:09:39+00:00,2025-03-11 16:55:52+00:00,2.644499228218504,2.644499228218504,0,False,True,True,0.0,False,False,1741712150000000000,1741712979000000000,1741712152000000000,future,1318:22645>1317:22652|2,2-10,True,8.5,<10,0.6757632977575319,0.0004167399997176,0.6761800377572494,>7d,False,0-1d,False,0.9987908101571948,0.6009263091414181,0.6013430491411357,0.7408513930406941,0.7412681330404117,0.6662893952306393,0.6667061352303569,0.7875987606092856,0.7880155006090032,0.7092679422119578,0.7096846822116754,0.7385500140305924,0.73896675403031,0.7518090304572045,0.7522257704569221
BEV2_2025-03-11_drive4.csv,BEV2,2025-03-11 20:28:17+00:00,2025-03-11 20:36:10+00:00,2025-03-11 20:28:20+00:00,2.071276382479281,2.0713465507644253,0,False,True,True,0.0,False,False,1741724897000000000,1741725370000000000,1741724900000000000,future,1317:22652>1318:22647|2,2-10,False,11.5,10-25,0.6299361369752229,0.0007460818992095,0.6306822188744324,>7d,False,0-1d,False,0.997872340425532,0.5819219992801078,0.5826680811793173,0.5735951338128904,0.5743412157121,0.5764864385711915,0.5772325204704011,0.5904480582237347,0.5911941401229442,0.5555709004689018,0.5563169823681113,0.6252456987664811,0.6259917806656906,0.5580331019081006,0.5587791838073102
BEV2_2025-03-11_drive5.csv,BEV2,2025-03-11 20:37:32+00:00,2025-03-11 20:39:51+00:00,2025-03-11 20:37:34+00:00,0.6291609880918104,0.6291609880918104,0,False,True,True,0.0,False,False,1741725452000000000,1741725591000000000,1741725454000000000,future,1318:22647>1318:22645|0,<2,False,9.5,<10,0.1856948915146808,0.0005945820784392,0.1862894735931201,>7d,False,0-1d,False,1.0,0.2614289126471877,0.2620234947256269,0.30717587694261994,0.30777045902105915,0.28015135743865605,0.28074593951709526,0.3026530435926945,0.3032476256711337,0.31285628473318206,0.31345086681162126,0.28104784187603665,0.28164242395447586,0.30361750780706415,0.30421208988550336
BEV2_2025-03-12_drive1.csv,BEV2,2025-03-12 06:08:04+00:00,2025-03-12 08:04:48+00:00,2025-03-12 06:08:07+00:00,118.61681416499748,118.61692536007745,0,False,True,True,0.0,False,False,1741759684000000000,1741766688000000000,1741759687000000000,future,1318:22645>1530:22908|118,>=50,False,2.0,<10,22.153970047471383,0.0014035971620083,22.15537364463339,>7d,False,0-1d,False,0.9995714897871733,23.74912265742695,23.750526254588955,23.61169999774595,23.613103594907958,23.81685739168049,23.818260988842496,23.171971753243042,23.17337535040505,23.8501112782326,23.851514875394606,23.202286752073746,23.203690349235753,23.48501044532847,23.486414042490477
BEV2_2025-03-12_drive2.csv,BEV2,2025-03-12 14:06:34+00:00,2025-03-12 15:50:12+00:00,2025-03-12 14:06:36+00:00,123.5655971141568,123.5655971141568,0,False,True,True,0.0,False,False,1741788394000000000,1741794612000000000,1741788396000000000,future,1530:22908>1318:22645|123,>=50,False,8.0,<10,21.115971125557813,0.0002188423167984,21.11618996787461,>7d,False,0-1d,False,0.9998391248391248,24.125419001716505,24.125637844033303,24.45546740530166,24.45568624761846,24.439067306633138,24.439286148949936,24.0406419718317,24.0408608141485,24.47178277235785,24.47200161467465,24.03312827979391,24.03334712211071,24.200978436153118,24.201197278469916
BEV2_2025-03-12_drive3.csv,BEV2,2025-03-12 17:42:30+00:00,2025-03-12 17:49:35+00:00,2025-03-12 17:42:32+00:00,1.9353049666435576,1.9353049666435576,1,False,True,True,0.0,False,False,1741801350000000000,1741801775000000000,1741801352000000000,future,1318:22645>1313:22647|1,<2,True,6.5,<10,0.439817186991483,0.0003668165949841,0.4401840035864671,>7d,False,0-1d,False,0.9929078014184396,0.3937879719171093,0.3941547885120934,0.457243659249259,0.45761047584424314,0.41998436743973255,0.42035118403471666,0.44757519955199254,0.44794201614697665,0.39206000618351844,0.39242682277850255,0.3738719771236408,0.3742387937186249,0.42142895423798304,0.42179577083296715
BEV2_2025-03-12_drive4.csv,BEV2,2025-03-12 19:42:28+00:00,2025-03-12 19:52:22+00:00,2025-03-12 19:42:29+00:00,2.501142728054829,2.501142728054829,0,True,True,True,0.0,True,False,1741808548000000000,1741809142000000000,1741808549000000000,future,1313:22647>1318:22645|2,2-10,True,5.0,<10,0.7836068728504554,0.0003931271528333,0.7840000000032887,>7d,False,0-1d,False,1.0,0.7116274141441387,0.712020541296972,0.7274571303078919,0.7278502574607253,0.7109599156482486,0.7113530428010819,0.7321117692221321,0.7325048963749654,0.7113140076957348,0.7117071348485682,0.8311209216984782,0.8315140488513115,0.7333038648745472,0.7336969920273806
BEV2_2025-03-13_drive1.csv,BEV2,2025-03-13 06:40:56+00:00,2025-03-13 06:52:24+00:00,2025-03-13 06:40:59+00:00,2.432225326271836,2.432649406162935,0,False,True,True,0.0,False,False,1741848056000000000,1741848744000000000,1741848059000000000,future,1318:22645>1313:22648|2,2-10,True,1.0,<10,0.8857699269219633,0.0006558973022919,0.8864258242242552,>7d,False,0-1d,True,1.0,0.736503377487773,0.7371592747900648,0.6678762511807058,0.6685321484829977,0.6271823817893046,0.6278382790915965,0.6969681377174838,0.6976240350197757,0.6397569793175484,0.6404128766198403,0.7195047891128927,0.7201606864151846,0.6614459597520661,0.662101857054358
BEV2_2025-03-13_drive2.csv,BEV2,2025-03-13 15:52:19+00:00,2025-03-13 16:03:37+00:00,2025-03-13 15:52:21+00:00,2.7635735417119616,2.763643726262924,0,False,True,True,0.0,False,False,1741881139000000000,1741881817000000000,1741881141000000000,future,1313:22648>1318:22645|2,2-10,True,10.0,10-25,0.919736408480981,0.0005774570544031,0.9203138655353842,>7d,False,0-1d,True,1.0,0.8197607497272701,0.8203382067816732,0.8326119845399678,0.8331894415943709,0.8381496928325387,0.8387271498869419,0.8973750399804059,0.8979524970348091,0.862205181074137,0.8627826381285402,0.8856888431853513,0.8862663002397545,0.8750073347380982,0.8755847917925014
BEV2_2025-03-13_drive3.csv,BEV2,2025-03-13 16:34:01+00:00,2025-03-13 17:42:27+00:00,2025-03-13 16:34:03+00:00,70.33462936452685,70.33476086117098,0,False,True,True,0.0,False,False,1741883641000000000,1741887747000000000,1741883643000000000,future,1318:22645>1496:22675|70,>=50,False,7.5,<10,12.505773078829955,0.0004491764991251,12.50622225532908,>7d,False,0-1d,False,0.9992690058479532,13.944336185196684,13.944785361695809,13.900293699922319,13.900742876421443,13.807613978051599,13.808063154550723,13.64553191191529,13.645981088414414,13.975821521262688,13.976270697761812,14.07450472986179,14.074953906360914,13.489682737722427,13.490131914221552
BEV2_2025-03-13_drive4.csv,BEV2,2025-03-13 20:26:22+00:00,2025-03-13 21:14:18+00:00,2025-03-13 20:26:24+00:00,62.06901902204709,62.06901902204709,0,False,True,True,0.0,False,False,1741897582000000000,1741900458000000000,1741897584000000000,future,1496:22675>1318:22646|62,>=50,False,5.0,<10,13.324079009041249,0.0006043393563765,13.324683348397626,>7d,False,0-1d,False,0.9794711203897007,12.267200163703603,12.26780450305998,11.867455863694692,11.86806020305107,11.835102141906349,11.835706481262726,12.770980369395634,12.77158470875201,12.053469745024861,12.054074084381238,12.599538387868858,12.600142727225235,12.298766614503366,12.299370953859743
BEV2_2025-03-14_drive1.csv,BEV2,2025-03-14 06:54:22+00:00,2025-03-14 07:29:18+00:00,2025-03-14 06:54:25+00:00,6.291162442372462,6.291162442372462,0,False,True,True,0.0,False,False,1741935262000000000,1741937358000000000,1741935265000000000,future,1318:22646>1313:22647|6,2-10,False,1.5,<10,2.122510095705464,0.0047306779881752,2.127240773693639,>7d,False,0-1d,False,0.9995222169135212,1.523989402787522,1.5287200807756973,1.4980193731131757,1.502750051101351,1.5099766684114704,1.5147073463996457,1.6089203926998712,1.6136510706880465,1.514533523817787,1.5192642018059623,1.5952634424478536,1.5999941204360288,1.4794629864884385,1.4841936644766138
BEV2_2025-03-14_drive2.csv,BEV2,2025-03-14 08:58:17+00:00,2025-03-14 09:04:30+00:00,2025-03-14 08:58:18+00:00,2.341477175415726,2.341477175415726,0,True,True,True,0.0,True,False,1741942697000000000,1741943070000000000,1741942698000000000,future,1313:22647>1318:22645|2,2-10,True,3.5,<10,0.7239025188040286,9.748119431249598e-05,0.7239999999983411,>7d,False,0-1d,False,0.9973118279569892,0.6874390074331846,0.6875364886274972,0.7477849612316686,0.7478824424259811,0.7009464238548826,0.7010439050491951,0.6462959288349412,0.6463934100292538,0.6690220638619622,0.6691195450562747,0.7371544171608715,0.737251898355184,0.7036288058081079,0.7037262870024205
BEV2_2025-03-14_drive3.csv,BEV2,2025-03-14 09:06:26+00:00,2025-03-14 09:20:00+00:00,2025-03-14 09:06:28+00:00,3.4684336244648994,3.4684336244648994,0,False,True,True,0.0,False,False,1741943186000000000,1741944000000000000,1741943188000000000,future,1318:22645>1310:22648|3,2-10,True,4.5,<10,0.7903428673439123,0.0002007683776012,0.7905436357215135,>7d,False,0-1d,False,0.998768472906404,0.8617195036324007,0.8619202720100019,0.882053286995072,0.8822540553726732,0.8321760463683842,0.8323768147459853,0.9315747670790061,0.9317755354566073,0.8659883664115553,0.8661891347891565,0.9302213527591541,0.9304221211367553,0.8868175414163635,0.8870183097939647
BEV2_2025-03-14_drive4.csv,BEV2,2025-03-14 11:22:51+00:00,2025-03-14 11:37:23+00:00,2025-03-14 11:22:52+00:00,3.672446105570852,3.672446105570852,0,False,True,True,0.0,False,False,1741951371000000000,1741952243000000000,1741951372000000000,future,1310:22648>1317:22652|3,2-10,False,10.0,10-25,0.8839790304387942,0.0002149466989014,0.8841939771376957,>7d,False,0-1d,False,0.9988518943742823,0.792067713584891,0.7922826602837925,0.8616183404454774,0.8618332871443788,0.855212005002472,0.8554269517013734,0.9592600394737028,0.9594749861726042,0.8707698655386811,0.8709848122375825,0.9649933643991868,0.9652083110980882,0.9055658962222082,0.9057808429211096
BEV2_2025-03-14_drive5.csv,BEV2,2025-03-14 13:18:54+00:00,2025-03-14 13:28:40+00:00,2025-03-14 13:18:55+00:00,2.2462080755627483,2.2462080755627483,0,True,True,True,0.0,True,False,1741958334000000000,1741958920000000000,1741958335000000000,future,1317:22652>1313:22648|2,2-10,False,10.0,10-25,0.5236978507209251,0.0003021492803263,0.5240000000012515,>7d,False,0-1d,False,1.0,0.5243375786587946,0.524639727939121,0.584366723504091,0.5846688727844174,0.5568000387344197,0.5571021880147461,0.6122285314088346,0.612530680689161,0.5734137603758205,0.5737159096561468,0.5741378703827149,0.5744400196630413,0.5636831324394016,0.563985281719728
BEV2_2025-03-14_drive6.csv,BEV2,2025-03-14 16:44:50+00:00,2025-03-14 16:55:36+00:00,2025-03-14 16:44:51+00:00,2.6119578845735143,2.6119578845735143,0,False,True,True,0.0,False,False,1741970690000000000,1741971336000000000,1741970691000000000,future,1313:22648>1318:22645|2,2-10,True,10.5,10-25,0.8141722326410264,0.0002368366522135,0.81440906929324,>7d,False,0-1d,True,0.9968992248062016,0.7757736383432455,0.776010474995459,0.7799412315853527,0.7801780682375662,0.7630345444735429,0.7632713811257564,0.78373767799175,0.7839745146439635,0.7874002503673769,0.7876370870195905,0.800120701082091,0.8003575377343045,0.7417588981567205,0.741995734808934
BEV2_2025-03-14_drive7.csv,BEV2,2025-03-14 17:08:11+00:00,2025-03-14 17:26:21+00:00,2025-03-14 17:08:14+00:00,4.5002356040640175,4.5002356040640175,1,False,False,True,0.0,False,False,1741972091000000000,1741973181000000000,1741972094000000000,future,1318:22645>1318:22645|4,2-10,True,9.0,<10,1.0280192927832228,0.0003167410406865,1.0283360338239094,>7d,False,0-1d,False,0.9558417663293468,1.0481043549801237,1.0484210960208102,1.0650222332231731,1.0653389742638597,1.0110967421810002,1.0114134832216868,1.1610257434973619,1.1613424845380484,1.079056671028599,1.0793734120692855,1.0966499744167308,1.0969667154574174,1.1101680568494943,1.1104847978901808
BEV2_2025-03-14_drive8.csv,BEV2,2025-03-14 18:19:54+00:00,2025-03-14 18:37:57+00:00,2025-03-14 18:19:56+00:00,4.805720084240486,4.805720084240486,0,False,True,True,0.0,False,False,1741976394000000000,1741977477000000000,1741976396000000000,future,1318:22645>1318:22645|4,2-10,True,7.0,<10,1.1461397900570482,0.0002490868191848,1.1463888768762331,>7d,False,0-1d,False,0.9990749306197964,1.2468823926484667,1.2471314794676516,1.2257058396554683,1.2259549264746532,1.1572517427224964,1.1575008295416813,1.2092415581272395,1.2094906449464244,1.2346453106501245,1.2348943974693094,1.1921135634244657,1.1923626502436506,1.2325659183549236,1.2328150051741085
BEV2_2025-03-15_drive1.csv,BEV2,2025-03-15 10:01:43+00:00,2025-03-15 10:07:32+00:00,2025-03-15 10:01:45+00:00,3.034250009933908,3.034250009933908,0,False,True,True,0.0,False,False,1742032903000000000,1742033252000000000,1742032905000000000,future,1318:22645>1323:22642|3,2-10,False,3.0,<10,0.7900699330194983,0.000204122279848,0.7902740552993464,>7d,False,0-1d,False,1.0,1.0341211784088185,1.0343253006886663,0.9507812064953769,0.9509853287752249,0.9345460988104889,0.9347502210903369,0.7800999518639451,0.7803040741437931,0.8252751767816316,0.8254792990614797,0.799253004817845,0.799457127097693,0.946392937232567,0.946597059512415
BEV2_2025-03-15_drive2.csv,BEV2,2025-03-15 10:11:32+00:00,2025-03-15 10:17:18+00:00,2025-03-15 10:11:35+00:00,2.474703221011598,2.479285943601381,0,False,True,True,0.0,False,False,1742033492000000000,1742033838000000000,1742033495000000000,future,1323:22642>1318:22645|2,2-10,False,4.0,<10,0.5501131555493114,0.0069650460083467,0.5570782015576581,>7d,False,0-1d,False,0.9970845481049564,0.7811836860358651,0.7881487320442118,0.7309486901149922,0.7379137361233389,0.573979402605538,0.5809444486138847,0.5307998092755214,0.5377648552838681,0.6053778944566133,0.61234294046496,0.5847703732996857,0.5917354193080324,0.7085026268293868,0.7154676728377335
BEV2_2025-03-15_drive3.csv,BEV2,2025-03-15 10:35:26+00:00,2025-03-15 10:44:10+00:00,2025-03-15 10:35:28+00:00,2.6929484853382646,2.6929484853382646,0,False,True,True,0.0,False,False,1742034926000000000,1742035450000000000,1742034928000000000,future,1318:22645>1317:22652|2,2-10,True,4.5,<10,0.5259089514242349,0.0001696233490113,0.5260785747732462,>7d,False,0-1d,False,1.0,0.8632678920660458,0.8634375154150571,0.8823996815258601,0.8825693048748714,0.730285544037631,0.7304551673866423,0.7580792779942078,0.7582489013432191,0.7649417251989286,0.7651113485479398,0.7674652332705263,0.7676348566195376,0.8692361416664721,0.8694057650154834
BEV2_2025-03-15_drive4.csv,BEV2,2025-03-15 11:43:49+00:00,2025-03-15 11:52:39+00:00,2025-03-15 11:43:51+00:00,2.6348895549084443,2.6348895549084443,0,False,True,True,0.0,False,False,1742039029000000000,1742039559000000000,1742039031000000000,future,1317:22652>1318:22645|2,2-10,True,9.5,<10,0.7679872213859418,0.0002789974724984,0.7682662188584402,>7d,False,0-1d,False,1.0,0.868845019588293,0.8691240170607913,0.8683036244422104,0.8685826219147088,0.7696613682432236,0.769940365715722,0.8042176927798196,0.804496690252318,0.7913474143976423,0.7916264118701407,0.8002419678880541,0.8005209653605525,0.8382550176731256,0.838534015145624
BEV2_2025-03-15_drive5.csv,BEV2,2025-03-15 13:37:58+00:00,2025-03-15 14:41:01+00:00,2025-03-15 13:38:00+00:00,69.12072680684508,69.12072680684508,0,False,True,True,0.0,False,False,1742045878000000000,1742049661000000000,1742045880000000000,future,1318:22645>1245:22822|69,>=50,False,8.5,<10,11.986194105317113,0.0003676562878803,11.986561761604992,>7d,False,0-1d,False,0.9989420788151284,12.913658208616917,12.914025864904797,13.327361481195652,13.327729137483532,13.290818025963697,13.291185682251577,12.962517775824992,12.962885432112872,13.443952653579544,13.444320309867424,12.8530008885468,12.85336854483468,13.018521456704772,13.018889112992651
BEV2_2025-03-15_drive6.csv,BEV2,2025-03-15 14:53:43+00:00,2025-03-15 15:08:58+00:00,2025-03-15 14:53:44+00:00,6.198239235561769,6.198239235561769,0,False,True,True,0.0,False,False,1742050423000000000,1742051338000000000,1742050424000000000,future,1245:22822>1236:22808|6,2-10,True,,missing,1.0899692948327586,0.0003226893944334,1.090291984227192,>7d,False,0-1d,False,0.99890590809628,1.1778356623580954,1.178158351752529,1.174961475836358,1.1752841652307915,1.1440126801311676,1.144335369525601,1.1957920433738143,1.1961147327682478,1.1607511276160245,1.161073817010458,1.1418966757071247,1.1422193651015582,1.137833684203984,1.1381563735984175
BEV2_2025-03-15_drive7.csv,BEV2,2025-03-15 15:57:54+00:00,2025-03-15 16:44:03+00:00,2025-03-15 15:57:56+00:00,37.23558665607075,37.23558665607075,0,False,True,True,0.0,False,False,1742054274000000000,1742057043000000000,1742054276000000000,future,1236:22808>1263:22653|37,10-50,False,12.5,10-25,8.320051511422527,0.000557162798979,8.320608674221505,>7d,False,0-1d,False,0.9475966750993856,8.337449693624663,8.338006856423641,8.142635814918826,8.143192977717804,8.135433024984923,8.135990187783902,7.814859518114616,7.815416680913596,8.096814199308199,8.097371362107177,7.618531851844346,7.619089014643325,8.382914750892727,8.383471913691706
BEV2_2025-03-15_drive8.csv,BEV2,2025-03-15 17:00:09+00:00,2025-03-15 17:17:48+00:00,2025-03-15 17:00:12+00:00,18.55826795629741,18.55826795629741,0,False,True,True,0.0,False,False,1742058009000000000,1742059068000000000,1742058012000000000,future,1263:22653>1318:22645|18,10-50,False,7.1,<10,3.4297026949590683,0.0008751668415288,3.430577861800597,>7d,False,0-1d,False,1.0,3.4826218723924365,3.4834970392339653,3.4083464310581286,3.4092215978996574,3.430253204988776,3.431128371830305,3.2638132669419444,3.264688433783473,3.483967483589065,3.484842650430594,3.415835952384547,3.416711119226076,3.304238011290242,3.3051131781317706
BEV2_2025-03-16_drive1.csv,BEV2,2025-03-16 09:35:10+00:00,2025-03-16 09:42:25+00:00,2025-03-16 09:35:12+00:00,1.888382997833248,1.888382997833248,0,False,True,True,0.0,False,False,1742117710000000000,1742118145000000000,1742117712000000000,future,1318:22645>1316:22651|1,<2,True,5.0,<10,0.3198130461917942,0.0003672925463048,0.320180338738099,>7d,False,0-1d,False,0.9976905311778292,0.4964380757225145,0.4968053682688193,0.5462130675925049,0.5465803601388097,0.5353667666595544,0.5357340592058593,0.5853024786903311,0.585669771236636,0.4498242305339363,0.4501915230802411,0.5900498153466867,0.5904171078929915,0.5018266066333832,0.502193899179688
BEV2_2025-03-16_drive2.csv,BEV2,2025-03-16 09:49:14+00:00,2025-03-16 09:58:18+00:00,2025-03-16 09:49:16+00:00,1.285399658639642,1.2855311451562823,0,False,True,True,0.0,False,False,1742118554000000000,1742119098000000000,1742118556000000000,future,1316:22651>1315:22649|1,<2,False,5.0,<10,0.42174058132948,0.0004588253141679,0.4221994066436479,>7d,False,0-1d,False,1.0,0.4503746078110883,0.4508334331252562,0.481605673493972,0.4820644988081399,0.401834844448554,0.4022936697627219,0.5331847406526361,0.533643565966804,0.45629493564369,0.4567537609578579,0.5450391731617188,0.5454979984758866,0.4744277867256442,0.4748866120398121
BEV2_2025-03-16_drive3.csv,BEV2,2025-03-16 10:29:12+00:00,2025-03-16 10:39:06+00:00,2025-03-16 10:29:13+00:00,1.4636909539090466,1.4636909539090466,1,True,False,True,0.0,True,False,1742120952000000000,1742121546000000000,1742120953000000000,future,1315:22649>1318:22645|1,<2,True,7.0,<10,0.4378247267165871,0.0004516318641874,0.4382763585807745,>7d,False,0-1d,False,0.9629005059021922,0.4484686641680301,0.4489202960322175,0.5561946491419589,0.5566462810061463,0.4912439168039843,0.4916955486681717,0.6236539550149507,0.6241055868791381,0.5310378167421345,0.5314894486063219,0.5687207608908342,0.5691723927550216,0.5497922393212678,0.5502438711854551
BEV2_2025-03-16_drive4.csv,BEV2,2025-03-16 11:50:25+00:00,2025-03-16 12:05:08+00:00,2025-03-16 11:50:26+00:00,5.180963657107678,5.180963657107678,0,False,True,True,0.0,False,False,1742125825000000000,1742126708000000000,1742125826000000000,future,1318:22645>1318:22645|5,2-10,True,11.0,10-25,0.9618906713991462,0.0002398227560474,0.9621304941551936,>7d,True,0-1d,False,0.9977324263038548,1.246226163045642,1.2464659858016893,1.1858108320513214,1.1860506548073688,1.140038790710322,1.1402786134663694,1.2357279015175302,1.2359677242735776,1.1910243666317246,1.191264189387772,1.2106437391031852,1.2108835618592326,1.1598072887793822,1.1600471115354296
BEV2_2025-03-16_drive5.csv,BEV2,2025-03-16 12:38:45+00:00,2025-03-16 12:48:39+00:00,2025-03-16 12:38:46+00:00,0.0357049983400387,0.0357049983400387,0,False,True,True,0.0,False,False,1742128725000000000,1742129319000000000,1742128726000000000,future,1318:22645>1318:22645|0,<2,True,12.5,10-25,0.1159696546259439,0.0001426950669819,0.1161123496929258,>7d,False,0-1d,False,1.0,0.18554693726425334,0.18568963233123523,0.09765067791347236,0.09779337298045426,0.02522243602377034,0.02536513109075224,0.18290814351109821,0.1830508385780801,0.1445040669278556,0.1446467619948375,0.21762305665737638,0.21776575172435828,0.06847772138900451,0.06862041645598642
BEV2_2025-03-16_drive6.csv,BEV2,2025-03-16 12:50:03+00:00,2025-03-16 13:13:05+00:00,2025-03-16 12:50:05+00:00,26.03957894224698,26.0396491342789,0,False,True,True,0.0,False,False,1742129403000000000,1742130785000000000,1742129405000000000,future,1318:22645>1357:22595|26,10-50,False,12.5,10-25,4.869821179400818,0.000299271324516,4.8701204507253335,>7d,False,0-1d,False,1.0,5.1662198423962815,5.166519113720797,4.9830485584814515,4.983347829805967,4.952973052526199,4.953272323850714,4.779383874893718,4.779683146218233,5.007522917715505,5.007822189040021,4.826272927135101,4.826572198459616,4.829537652369476,4.829836923693992
BEV2_2025-03-16_drive7.csv,BEV2,2025-03-16 16:40:07+00:00,2025-03-16 17:08:14+00:00,2025-03-16 16:40:09+00:00,26.43827858007608,26.43827858007608,0,False,True,True,0.0,False,False,1742143207000000000,1742144894000000000,1742143209000000000,future,1357:22595>1318:22646|26,10-50,False,8.5,<10,4.831974780594432,0.0002855108448285,4.832260291439261,>7d,False,0-1d,False,0.998813056379822,5.12184802249485,5.122133533339679,4.985857327011366,4.986142837856194,4.886125982510396,4.886411493355225,4.787531820945169,4.787817331789998,4.971928183894262,4.97221369473909,4.9340577867496345,4.934343297594463,4.840956891923249,4.841242402768078
BEV2_2025-03-17_drive1.csv,BEV2,2025-03-17 06:41:15+00:00,2025-03-17 06:49:50+00:00,2025-03-17 06:41:18+00:00,2.127209671715221,2.127279862609273,1,False,True,True,0.0,False,False,1742193675000000000,1742194190000000000,1742193678000000000,future,1318:22646>1313:22648|2,2-10,True,4.0,<10,0.5698073503634721,0.0006084145745489,0.5704157649380209,>7d,False,0-1d,False,0.994140625,0.6451410143010851,0.6457494288756339,0.615992775664662,0.6166011902392109,0.6007293162032886,0.6013377307778375,0.6013795265316384,0.6019879411061873,0.5591436873764786,0.5597521019510274,0.6512727156276674,0.6518811302022163,0.5486534510111489,0.5492618655856978
BEV2_2025-03-18_drive1.csv,BEV2,2025-03-18 07:19:56+00:00,2025-03-18 08:02:36+00:00,2025-03-18 07:19:57+00:00,72.87751909395857,72.91088509661535,0,False,True,True,0.0,False,False,1742282396000000000,1742284956000000000,1742282397000000000,future,1305:22653>1552:22706|72,>=50,False,3.0,<10,15.21384932109534,0.0101506789066414,15.22400000000198,>7d,False,1-7d,False,0.9988276670574444,15.257090996264102,15.267241675170743,15.081675399878648,15.091826078785289,14.976109091490194,14.986259770396835,14.542912206247347,14.553062885153988,14.951752655462283,14.961903334368923,14.95548451162609,14.96563519053273,14.479116574293707,14.489267253200348
BEV2_2025-03-18_drive2.csv,BEV2,2025-03-18 16:02:34+00:00,2025-03-18 17:00:40+00:00,2025-03-18 16:02:37+00:00,83.04699708852033,83.04699708852033,0,False,True,True,0.0,False,False,1742313754000000000,1742317240000000000,1742313757000000000,future,1552:22706>1318:22645|83,>=50,False,10.0,10-25,14.245708329239676,0.0008618690566107,14.246570198296286,>7d,False,0-1d,False,1.0,16.007107962175613,16.007969831232224,16.125858599202992,16.126720468259602,16.40192268541278,16.40278455446939,15.59987174055471,15.60073360961132,16.122587045371834,16.123448914428444,15.670983249156405,15.671845118213016,15.75147403536183,15.752335904418441
BEV2_2025-03-20_drive1.csv,BEV2,2025-03-20 11:59:11+00:00,2025-03-20 12:20:11+00:00,2025-03-20 11:59:12+00:00,24.39558392901953,24.39558392901953,0,False,True,True,0.0,False,False,1742471951000000000,1742473211000000000,1742471952000000000,future,1462:22708>1552:22706|24,10-50,False,19.0,10-25,4.094049319310374,-0.0040493193138652,4.089999999996508,>7d,False,1-7d,False,1.0,4.523567562307817,4.519518242993952,4.7823751158841175,4.778325796570252,4.67810771814143,4.674058398827564,4.246420342223278,4.2423710229094125,4.775011934376084,4.770962615062219,4.580761575369774,4.576712256055909,4.350951533371051,4.346902214057185
BEV2_2025-03-20_drive2.csv,BEV2,2025-03-20 16:39:19+00:00,2025-03-20 17:28:12+00:00,2025-03-20 16:39:20+00:00,61.7625464932263,61.77493118964482,0,False,True,True,0.0,False,False,1742488759000000000,1742491692000000000,1742488760000000000,future,1501:22714>1318:22646|61,>=50,False,20.0,10-25,10.47979691294096,-0.0097969129397947,10.470000000001164,>7d,False,0-1d,False,0.9996589358799456,12.050629365620185,12.040832452680391,12.3106346022944,12.300837689354605,12.29106625515679,12.281269342216996,11.499053010613803,11.489256097674009,12.295092536115964,12.28529562317617,11.688928627852905,11.67913171491311,11.631648174729367,11.621851261789573
BEV2_2025-03-22_drive1.csv,BEV2,2025-03-22 07:47:17+00:00,2025-03-22 07:55:47+00:00,2025-03-22 07:47:18+00:00,7.135557482741984,7.16094425003288,0,False,True,True,0.0,False,False,1742629637000000000,1742630147000000000,1742629638000000000,future,1305:22643>1318:22645|7,2-10,False,15.0,10-25,1.1189124859223716,-0.0046218096015929,1.1142906763207787,>7d,False,1-7d,False,0.9980353634577604,1.3909506131743827,1.3863288035727899,1.4103675387073467,1.4057457291057538,1.396665866264167,1.3920440566625742,1.2430062823238195,1.2383844727222266,1.3879465610554875,1.3833247514538947,1.2181095207905765,1.2134877111889837,1.3719356229402573,1.3673138133386644
BEV2_2025-03-22_drive2.csv,BEV2,2025-03-22 11:30:03+00:00,2025-03-22 11:39:33+00:00,2025-03-22 11:30:05+00:00,3.3947704482492527,3.4078013339096223,0,False,True,True,0.0,False,False,1742643003000000000,1742643573000000000,1742643005000000000,future,1313:22653>1318:22646|3,2-10,False,17.5,10-25,0.6417665376378484,-0.0042996413455864,0.637466896292262,>7d,False,0-1d,False,0.9982394366197184,0.7879378258520716,0.7836381845064853,0.7686986612457195,0.7643990199001331,0.7664946479831404,0.762195006637554,0.8001473268539686,0.7958476855083823,0.7189466561545603,0.714647014808974,0.73968357928078,0.7353839379351936,0.7292817171206931,0.7249820757751068
BEV2_2025-03-22_drive3.csv,BEV2,2025-03-22 13:51:48+00:00,2025-03-22 14:31:16+00:00,2025-03-22 13:51:49+00:00,50.36415043096811,50.36415043096811,0,False,True,True,0.0,False,False,1742651508000000000,1742653876000000000,1742651509000000000,future,1263:22658>1245:22822|50,>=50,False,19.0,10-25,7.03551977529748,0.0088086248415793,7.04432840013906,>7d,False,0-1d,False,0.9995775242923532,9.370072624434433,9.378881249276013,9.675817532529168,9.684626157370747,9.617210593634322,9.626019218475902,8.813330723753134,8.822139348594714,9.652309092182582,9.661117717024162,9.316178278194505,9.324986903036084,9.306265534722518,9.315074159564098
BEV2_2025-03-22_drive4.csv,BEV2,2025-03-22 16:14:53+00:00,2025-03-22 16:53:29+00:00,2025-03-22 16:14:55+00:00,43.08424363053743,43.09259373413412,0,False,True,True,0.0,False,False,1742660093000000000,1742662409000000000,1742660095000000000,future,1235:22797>1262:22653|43,10-50,False,19.5,10-25,6.8561118527599785,0.0149705286177638,6.871082381377742,>7d,False,0-1d,False,1.0,8.590754368407637,8.605724897025402,8.489467036928698,8.504437565546462,8.496743910266636,8.5117144388844,7.774146637349913,7.789117165967677,8.534536973589491,8.549507502207256,8.146731360704038,8.161701889321803,7.978638328341998,7.993608856959762
BEV2_2025-03-23_drive1.csv,BEV2,2025-03-23 09:35:10+00:00,2025-03-23 09:44:09+00:00,2025-03-23 09:35:11+00:00,1.5318047416705314,1.5318047416705314,0,False,True,True,0.0,False,False,1742722510000000000,1742723049000000000,1742722511000000000,future,1315:22648>1314:22648|1,<2,False,14.0,10-25,0.4159533351134618,0.0001543507855841,0.4161076858990459,>7d,False,0-1d,False,1.0,0.31620267345852554,0.31635702424410966,0.3308984680457365,0.33105281883132065,0.3381787996230913,0.3383331504086754,0.3442483622717185,0.34440271305730263,0.34175397753088355,0.34190832831646767,0.35182067312883974,0.35197502391442387,0.317519618480748,0.3176739692663321
BEV2_2025-03-23_drive2.csv,BEV2,2025-03-23 18:50:14+00:00,2025-03-23 19:05:35+00:00,2025-03-23 18:50:15+00:00,3.678561909118801,3.678561909118801,0,False,True,True,0.0,False,False,1742755814000000000,1742756735000000000,1742755815000000000,future,1318:22645>1318:22645|3,2-10,True,14.0,10-25,0.7260545632713478,0.0001117516953656,0.7261663149667134,>7d,False,0-1d,False,0.9978260869565218,0.752133402763434,0.7522451544587996,0.8007259295940703,0.8008376812894359,0.7894439679568753,0.7895557196522409,0.7919362983778288,0.7920480500731943,0.7608940535222766,0.7610058052176422,0.7728013626727558,0.7729131143681214,0.7284792810767337,0.7285910327720992
BEV2_2025-03-24_drive1.csv,BEV2,2025-03-24 11:25:09+00:00,2025-03-24 11:25:45+00:00,2025-03-24 11:25:12+00:00,0.0142001861854138,0.0142001861854138,0,False,True,False,0.0,False,False,1742815509000000000,1742815545000000000,1742815512000000000,future,1313:22648>1313:22648|0,<2,True,12.5,10-25,0.0263659614161388,0.0009269029773011,0.02729286439344,>7d,False,0-1d,False,0.9696969696969696,0.1516696390329556,0.1525965420102567,0.1242676898550964,0.1251945928323975,0.17158015648621816,0.17250705946351927,0.10283305621111272,0.10375995918841381,0.11519992687202978,0.11612682984933087,0.061458260165313895,0.062385163142615,0.4444209369050134,0.44534783988231447
BEV2_2025-03-26_drive1.csv,BEV2,2025-03-26 06:44:35+00:00,2025-03-26 07:29:47+00:00,2025-03-26 06:44:36+00:00,51.49785496638743,51.507681442980704,0,True,True,True,0.0,True,False,1742971475000000000,1742974187000000000,1742971476000000000,future,1315:22659>1552:22706|51,>=50,False,8.0,<10,12.94241416570436,-1.5626278264264237e-05,12.942398539426096,>7d,False,1-7d,False,0.9096274437476946,11.432519774201602,11.432504147923337,11.285256601778379,11.285240975500114,11.175463367001674,11.17544774072341,11.916966501528965,11.9169508752507,11.405327141648097,11.405311515369833,11.728055075978803,11.728039449700539,12.22884451729852,12.228828891020255
BEV2_2025-03-28_drive1.csv,BEV2,2025-03-28 13:54:35+00:00,2025-03-28 13:57:56+00:00,2025-03-28 13:54:37+00:00,0.6178635334170043,0.6258994903148138,0,False,True,True,0.0,False,False,1743170075000000000,1743170276000000000,1743170077000000000,future,1320:22653>1320:22655|0,<2,False,12.5,10-25,0.1057519382595817,-0.0045134482273055,0.1012384900322763,>7d,False,1-7d,False,0.9949748743718592,0.18576329595393742,0.1812498477266319,0.2563184528990261,0.2518050046717206,0.257467760251786,0.25295431202448054,0.19205345381102829,0.18754000558372277,0.23011632633457324,0.22560287810726773,0.197945062463487,0.1934316142361815,0.21166690108286415,0.20715345285555864
BEV2_2025-03-28_drive2.csv,BEV2,2025-03-28 15:24:26+00:00,2025-03-28 15:27:53+00:00,2025-03-28 15:24:27+00:00,0.9894054268575728,0.9988097174599996,0,False,True,True,0.0,False,False,1743175466000000000,1743175673000000000,1743175467000000000,future,1315:22650>1313:22647|0,<2,False,13.0,10-25,0.1547301761659379,0.001472050317584,0.1562022264835219,>7d,False,0-1d,False,0.9951456310679612,0.18702528162987903,0.18849733194746301,0.3527455295681121,0.35421757988569613,0.250768518656292,0.25224056897387603,0.24654449548924773,0.24801654580683172,0.3351384786809338,0.33661052899851784,0.3337411871884751,0.33521323750605914,0.19428745376541515,0.19575950408299914
BEV2_2025-03-28_drive3.csv,BEV2,2025-03-28 19:16:58+00:00,2025-03-28 19:34:36+00:00,2025-03-28 19:17:00+00:00,8.798452443506548,8.811162673382189,0,False,True,True,0.0,False,False,1743189418000000000,1743190476000000000,1743189420000000000,future,1315:22651>1318:22645|8,2-10,False,12.5,10-25,1.679969168433337,-0.001164740117412,1.6788044283159254,>7d,False,0-1d,False,0.9990530303030304,1.8074568384378265,1.8062920983204145,1.7688138007345118,1.7676490606170998,1.7257182277225802,1.7245534876051682,1.7817139199056873,1.7805491797882753,1.7746610721755978,1.7734963320581858,1.722576567559219,1.721411827441807,1.7012808035279003,1.7001160634104884
BEV2_2025-03-29_drive1.csv,BEV2,2025-03-29 12:53:46+00:00,2025-03-29 13:26:44+00:00,2025-03-29 12:53:48+00:00,5.8922098288820575,5.8922098288820575,0,False,True,True,0.0,False,False,1743252826000000000,1743254804000000000,1743252828000000000,future,1316:22651>1318:22645|5,2-10,False,13.5,10-25,1.3118673292032312,0.0003216381286926,1.3121889673319238,>7d,False,0-1d,False,1.0,1.2233677421434548,1.2236893802721474,1.265147991607347,1.2654696297360395,1.2581542911010364,1.258475929229729,1.4372414338256372,1.4375630719543298,1.3094435410334058,1.3097651791620983,1.4092959392163105,1.409617577345003,1.3014610616908122,1.3017826998195048
BEV2_2025-03-29_drive2.csv,BEV2,2025-03-29 14:43:29+00:00,2025-03-29 14:59:52+00:00,2025-03-29 14:43:30+00:00,4.12490986722235,4.12490986722235,0,False,True,True,0.0,False,False,1743259409000000000,1743260392000000000,1743259410000000000,future,1235:22797>1236:22808|4,2-10,False,13.5,10-25,0.756228453122843,0.0001478203032615,0.7563762734261046,>7d,False,0-1d,False,0.9989816700610998,0.6848246418448112,0.6849724621480727,0.7233095630122147,0.7234573833154763,0.7461874506856826,0.7463352709889441,0.8502415775364656,0.8503893978397271,0.7584238404962276,0.7585716607994891,0.7782540000946884,0.7784018203979499,0.8367739577533743,0.8369217780566358
BEV2_2025-03-29_drive3.csv,BEV2,2025-03-29 17:28:26+00:00,2025-03-29 18:16:19+00:00,2025-03-29 17:28:27+00:00,63.70855286801565,63.70855286801565,0,False,True,True,0.0,False,False,1743269306000000000,1743272179000000000,1743269307000000000,future,1236:22805>1318:22645|63,>=50,False,14.0,10-25,10.503971036936369,0.0003792933100462,10.504350330246414,>7d,False,0-1d,False,0.9993036211699164,12.628640869221465,12.629020162531512,12.637268729655478,12.637648022965525,12.71239689258722,12.712776185897267,12.071018960206562,12.071398253516609,12.729555333291312,12.72993462660136,12.335775457136553,12.3361547504466,12.04496149717365,12.045340790483698
BEV2_2025-03-30_drive2.csv,BEV2,2025-03-30 18:44:55+00:00,2025-03-30 19:17:33+00:00,2025-03-30 18:44:56+00:00,4.507597870278857,4.507597870278857,0,False,True,True,0.0,False,False,1743360295000000000,1743362253000000000,1743360296000000000,future,1318:22645>1318:22645|4,2-10,True,12.5,10-25,1.0377720140739746,0.0004897614790452,1.0382617755530197,>7d,False,1-7d,False,0.9994890137966276,0.825969237066738,0.8264589985457832,0.934313543552262,0.9348033050313073,0.9003609582768363,0.9008507197558815,1.1153897103516142,1.1158794718306593,0.9857337371683079,0.9862234986473531,1.0529025115129242,1.0533922729919694,0.8851848140890148,0.8856745755680601
BEV2_2025-03-31_drive1.csv,BEV2,2025-03-31 05:54:37+00:00,2025-03-31 05:57:03+00:00,2025-03-31 05:54:39+00:00,0.0869506968592403,0.0923792505846445,0,False,True,False,0.0,False,False,1743400477000000000,1743400623000000000,1743400479000000000,future,1313:22647>1313:22648|0,<2,True,7.5,<10,0.0567601811802696,-0.0014120218430572,0.0553481593372124,>7d,False,0-1d,False,0.9930555555555556,0.08293539715579573,0.08152337531273852,0.07339202874861186,0.07198000690555466,0.051515946641727116,0.050103924798669916,0.13442078248307804,0.13300876064002085,0.08698938277878612,0.08557736093572892,0.16605286510740097,0.16464084326434378,0.08108334355056918,0.07967132170751197
BEV2_2025-03-31_drive2.csv,BEV2,2025-03-31 14:28:15+00:00,2025-03-31 14:54:21+00:00,2025-03-31 14:28:17+00:00,6.599638890319478,6.615961078919249,0,False,True,True,0.0,False,False,1743431295000000000,1743432861000000000,1743431297000000000,future,1318:22646>1318:22645|6,2-10,False,14.4,10-25,1.1929867501898506,0.0099343731324991,1.2029211233223496,>7d,False,0-1d,False,0.9993606138107416,1.337376855477362,1.347311228609861,1.4465682656218952,1.4565026387543942,1.4207658739523545,1.4307002470848535,1.5057937583402519,1.5157281314727509,1.5421651960850986,1.5520995692175976,1.4563805254102344,1.4663148985427334,1.4533630217220008,1.4632973948544998
BEV2_2025-04-01_drive1.csv,BEV2,2025-04-01 10:40:39+00:00,2025-04-01 10:44:22+00:00,2025-04-01 10:40:40+00:00,0.8987702879924191,0.8987702879924191,0,False,True,True,0.0,False,False,1743504039000000000,1743504262000000000,1743504040000000000,future,1549:22707>1552:22706|0,<2,False,13.5,10-25,0.1440000000002327,-0.0028129714334985,0.1411870285667342,>7d,False,0-1d,False,1.0,0.20207565112246145,0.19926267968896294,0.21346468587070844,0.21065171443720992,0.20136165019534483,0.19854867876184631,0.22873053657247788,0.22591756513897937,0.24575647057111616,0.24294349913761765,0.19229046823908186,0.18947749680558335,0.2472485088109284,0.2444355373774299
BEV2_2025-04-01_drive2.csv,BEV2,2025-04-01 15:49:37+00:00,2025-04-01 16:27:47+00:00,2025-04-01 15:49:39+00:00,62.2504685555737,62.27620242832398,0,False,True,True,0.0,False,False,1743522577000000000,1743524867000000000,1743522579000000000,future,1483:22712>1318:22645|62,>=50,False,15.5,10-25,9.447736004772748,0.0102093606698333,9.457945365442582,>7d,False,0-1d,False,0.9995629370629372,11.69439239556194,11.704601756231773,12.08903792748611,12.099247288155944,12.106618033275069,12.116827393944902,12.088412338702856,12.09862169937269,12.171739424555552,12.181948785225385,12.883907742306128,12.894117102975962,11.55828201382034,11.568491374490174
BEV2_2025-04-03_drive1.csv,BEV2,2025-04-03 06:23:48+00:00,2025-04-03 07:12:46+00:00,2025-04-03 06:23:49+00:00,75.22036741807669,75.25442562683324,0,False,True,True,0.0,False,False,1743661428000000000,1743664366000000000,1743661429000000000,future,1312:22641>1552:22707|75,>=50,False,11.0,10-25,12.767335887440217,0.0048527654609319,12.772188652901146,>7d,False,1-7d,False,0.9989785495403471,15.236276348447175,15.241129113908107,15.265678604301582,15.270531369762514,15.238245636871786,15.243098402332718,14.85645676866886,14.861309534129791,15.124908218396746,15.129760983857677,15.041704984490309,15.04655774995124,14.733047525241043,14.737900290701974
BEV2_2025-04-03_drive2.csv,BEV2,2025-04-03 15:12:14+00:00,2025-04-03 16:35:04+00:00,2025-04-03 15:12:17+00:00,81.37424530743942,81.37431529284552,0,False,True,True,0.0,False,False,1743693134000000000,1743698104000000000,1743693137000000000,future,1552:22706>1318:22645|81,>=50,False,18.5,10-25,12.841792599975763,0.0005272994919675,12.84231989946773,>7d,False,0-1d,False,0.9995973424602376,15.207168924689604,15.207696224181571,15.743197440960099,15.743724740452066,15.593081411260428,15.593608710752395,15.137139447235516,15.137666746727483,15.90450919730339,15.905036496795358,15.129713239223658,15.130240538715626,15.46871599667835,15.469243296170317
BEV2_2025-04-04_drive1.csv,BEV2,2025-04-04 16:34:55+00:00,2025-04-04 16:43:21+00:00,2025-04-04 16:34:57+00:00,0.0409915464599855,0.0409915464599855,0,False,True,True,0.0,False,False,1743784495000000000,1743785001000000000,1743784497000000000,future,1318:22645>1318:22645|0,<2,True,21.0,10-25,0.1298702752156575,0.0002638723396419,0.1301341475552994,>7d,False,0-1d,False,1.0,0.043598858087281714,0.04386273042692362,0.04094959569810307,0.04121346803774497,0.08392325138109627,0.08418712372073817,0.029844773403266592,0.03010864574290849,0.1686011894225803,0.16886506176222219,0.07455358539503579,0.07481745773467768,-0.05570071043576379,-0.05543683809612188
BEV2_2025-04-04_drive2.csv,BEV2,2025-04-04 19:31:44+00:00,2025-04-04 19:39:07+00:00,2025-04-04 19:31:46+00:00,2.994805125678675,3.008640283581303,0,False,True,True,0.0,False,False,1743795104000000000,1743795547000000000,1743795106000000000,future,1312:22654>1318:22645|2,2-10,False,18.5,10-25,0.3920994567095615,0.0003659887271356,0.3924654454366971,>7d,False,0-1d,False,0.9977324263038548,0.6962637656919325,0.696629754419068,0.5967738841957546,0.5971398729228902,0.6446706895344501,0.6450366782615856,0.6054367794026572,0.6058027681297927,0.5743887653960567,0.5747547541231922,0.6813656944330161,0.6817316831601516,0.6082175386586128,0.6085835273857484
BEV2_2025-04-04_drive3.csv,BEV2,2025-04-04 20:28:58+00:00,2025-04-04 20:32:16+00:00,2025-04-04 20:28:59+00:00,1.7404649093030609,1.7490280816451065,0,False,True,True,0.0,False,False,1743798538000000000,1743798736000000000,1743798539000000000,future,1322:22642>1318:22645|1,<2,True,17.5,10-25,0.1791550612574735,0.0029961072117558,0.1821511684692293,>7d,False,0-1d,False,0.9949238578680204,0.26277800019949304,0.26577410741124885,0.2769064665567225,0.2799025737684783,0.31941568442656154,0.32241179163831735,0.24208645741717497,0.24508256462893077,0.2961643869252214,0.2991604941369772,0.16436945295570277,0.16736556016745857,0.26935007257087856,0.27234617978263437
BEV2_2025-04-05_drive1.csv,BEV2,2025-04-05 11:19:52+00:00,2025-04-05 11:39:25+00:00,2025-04-05 11:19:54+00:00,7.180646469189158,7.186149146697189,0,False,True,True,0.0,False,False,1743851992000000000,1743853165000000000,1743851994000000000,future,1314:22659>1318:22645|7,2-10,False,19.5,10-25,1.0361551879485085,0.0245550855094154,1.060710273457924,>7d,False,0-1d,False,1.0,1.2268825720548768,1.2514376575642923,1.3093840749112653,1.3339391604206807,1.3056853918034401,1.3302404773128556,1.4498295616519699,1.4743846471613853,1.341480003185734,1.3660350886951493,1.4050303636846617,1.4295854491940772,1.3692945656896618,1.3938496511990772
BEV2_2025-04-05_drive2.csv,BEV2,2025-04-05 16:47:27+00:00,2025-04-05 16:58:46+00:00,2025-04-05 16:47:29+00:00,2.8714598262779525,2.8714598262779525,0,False,True,True,0.0,False,False,1743871647000000000,1743872326000000000,1743871649000000000,future,1241:22817>1249:22821|2,2-10,False,18.5,10-25,0.6080860599786846,0.0003031304872708,0.6083891904659554,>7d,False,0-1d,False,1.0,0.5148914348059722,0.515194565293243,0.5115440475736812,0.511847178060952,0.5428182539306265,0.5431213844178974,0.560350605362115,0.5606537358493858,0.5119551474734747,0.5122582779607455,0.5748279382839172,0.575131068771188,0.5870704710118668,0.5873736014991376
BEV2_2025-04-06_drive1.csv,BEV2,2025-04-06 08:49:03+00:00,2025-04-06 09:06:33+00:00,2025-04-06 08:49:05+00:00,3.532589801842512,3.532589801842512,0,False,True,True,0.0,False,False,1743929343000000000,1743930393000000000,1743929345000000000,future,1318:22645>1315:22648|3,2-10,False,10.0,10-25,0.667714475679789,0.0005765285522338,0.6682910042320228,>7d,False,0-1d,False,1.0,0.7071059813695634,0.7076825099217972,0.7370354935062593,0.7376120220584931,0.7254768143618577,0.7260533429140915,0.8186630297475258,0.8192395582997596,0.793156620501517,0.7937331490537508,0.7346506603909652,0.7352271889431989,0.822340917013975,0.8229174455662088
BEV2_2025-04-07_drive1.csv,BEV2,2025-04-07 09:14:52+00:00,2025-04-07 09:44:45+00:00,2025-04-07 09:14:54+00:00,40.98867214568696,41.0078727091302,0,False,True,True,0.0,False,False,1744017292000000000,1744019085000000000,1744017294000000000,future,1044:22714>928:22630|40,10-50,False,12.0,10-25,6.1278464568421285,0.0076053157521854,6.135451772594314,>7d,False,1-7d,False,0.9994416527079844,8.73274229770035,8.740347613452535,8.406306803874546,8.413912119626731,8.360585023954963,8.368190339707148,7.59699763586857,7.604602951620755,8.323426455372712,8.331031771124897,8.17713426287056,8.184739578622745,7.625764776980576,7.633370092732761
BEV2_2025-04-07_drive2.csv,BEV2,2025-04-07 14:45:53+00:00,2025-04-07 15:57:09+00:00,2025-04-07 14:45:54+00:00,72.96677174953442,72.96677174953442,0,False,True,True,0.0,False,False,1744037153000000000,1744041429000000000,1744037154000000000,future,993:22684>1256:22662|72,>=50,False,16.5,10-25,11.841461940238204,0.0025380597627569,11.84400000000096,>7d,False,0-1d,False,0.9871345029239766,15.553264059936929,15.555802119699687,15.375865306416301,15.37840336617906,15.23959619222757,15.242134251990327,13.953034496884491,13.95557255664725,15.067961559389243,15.070499619152,14.0268591035759,14.029397163338658,14.620739904454531,14.623277964217289
BEV2_2025-04-10_drive1.csv,BEV2,2025-04-10 11:35:26+00:00,2025-04-10 12:02:46+00:00,2025-04-10 11:35:28+00:00,22.98750402641803,22.98750402641803,0,False,True,True,0.0,False,False,1744284926000000000,1744286566000000000,1744284928000000000,future,1256:22662>1313:22648|22,10-50,False,13.5,10-25,3.613753513558904,0.0004828935325654,3.614236407091469,>7d,False,1-7d,False,1.0,4.268867832662764,4.269350726195329,4.411705943113368,4.412188836645933,4.313054182018742,4.313537075551307,4.17036455821818,4.1708474517507454,4.3745530120866905,4.375035905619256,4.2788882607481264,4.279371154280692,4.281438713350749,4.281921606883314
BEV2_2025-04-11_drive1.csv,BEV2,2025-04-11 06:17:52+00:00,2025-04-11 07:06:21+00:00,2025-04-11 06:17:53+00:00,79.11095265856233,79.12465198052527,0,False,True,True,0.0,False,False,1744352272000000000,1744355181000000000,1744352273000000000,future,1319:22644>1552:22706|79,>=50,False,4.0,<10,14.368999248136788,0.0050007518630087,14.373999999999796,>7d,False,0-1d,False,0.999656121045392,16.06318034238654,16.06818109424955,15.8699634012147,15.874964153077709,15.86382030059389,15.868821052456898,15.768220369663979,15.773221121526987,15.91698948571892,15.921990237581928,16.405222002070733,16.41022275393374,15.534151886887686,15.539152638750695
BEV2_2025-04-11_drive2.csv,BEV2,2025-04-11 15:51:30+00:00,2025-04-11 16:34:05+00:00,2025-04-11 15:51:32+00:00,67.8519926355048,67.88235540799187,0,False,True,True,0.0,False,False,1744386690000000000,1744389245000000000,1744386692000000000,future,1511:22714>1318:22645|67,>=50,False,20.0,10-25,10.11333404770708,0.0091043199040155,10.122438367611096,>7d,False,0-1d,False,0.9933411672542108,13.094480121942635,13.10358444184665,13.350286664059508,13.359390983963523,13.341267003518032,13.350371323422047,12.60963547145093,12.618739791354946,13.359544484246374,13.36864880415039,12.88709066227333,12.896194982177345,12.771685892395135,12.78079021229915
BEV2_2025-04-11_drive3.csv,BEV2,2025-04-11 16:48:55+00:00,2025-04-11 17:08:09+00:00,2025-04-11 16:48:57+00:00,4.393995419135334,4.394065603443945,0,False,True,True,0.0,False,False,1744390135000000000,1744391289000000000,1744390137000000000,future,1320:22648>1317:22652|4,2-10,False,22.5,10-25,0.9808333716092664,0.0014903009860468,0.9823236725953132,>7d,False,0-1d,False,0.9991319444444444,0.8202540682583571,0.821744369244404,0.8385804539221349,0.8400707549081817,0.8622173681821702,0.8637076691682171,0.8613328018777355,0.8628231028637824,0.8315510263530174,0.8330413273390642,0.8747240177359742,0.876214318722021,0.8125374689162375,0.8140277699022843
BEV2_2025-04-12_drive1.csv,BEV2,2025-04-12 18:03:41+00:00,2025-04-12 18:07:58+00:00,2025-04-12 18:03:43+00:00,2.3574245190289287,2.365821876660589,0,False,True,True,0.0,False,False,1744481021000000000,1744481278000000000,1744481023000000000,future,1322:22640>1318:22645|2,2-10,False,23.0,10-25,0.2061800169197289,0.0197586912874512,0.2259387082071801,>7d,False,1-7d,False,1.0,0.4293068596028047,0.4490655508902559,0.39220555208153085,0.4119642433689821,0.4160190044707684,0.4357776957582196,0.3886237032904261,0.40838239457787734,0.45926256714628905,0.47902125843374027,0.3044652036136859,0.3242238949011371,0.4373617428242969,0.45712043411174813
BEV2_2025-04-13_drive1.csv,BEV2,2025-04-13 09:09:48+00:00,2025-04-13 09:16:00+00:00,2025-04-13 09:09:50+00:00,1.0126843336649676,1.0126843336649676,0,False,True,True,0.0,False,False,1744535388000000000,1744535760000000000,1744535390000000000,future,1315:22647>1318:22645|1,<2,True,14.5,10-25,0.3379275896485866,0.0006846338719928,0.3386122235205794,>7d,False,0-1d,False,1.0,0.31328940930777915,0.31397404317977196,0.3255773412459676,0.3262619751179604,0.32818694759809053,0.32887158147008333,0.33866482752845567,0.33934946140044847,0.32890152693984426,0.32958616081183706,0.34737242936548135,0.34805706323747415,0.33185231097347756,0.33253694484547036
BEV2_2025-04-14_drive1.csv,BEV2,2025-04-14 07:49:40+00:00,2025-04-14 07:54:59+00:00,2025-04-14 07:49:41+00:00,4.095773072314868,4.128125065953538,0,False,True,True,0.0,False,False,1744616980000000000,1744617299000000000,1744616981000000000,future,1329:22639>1318:22645|4,2-10,False,12.5,10-25,0.2666188269722259,0.0053811730249801,0.271999999997206,>7d,False,0-1d,False,1.0,0.733531703015189,0.7389128760401691,0.8051841294443017,0.8105653024692818,0.776387653422485,0.781768826447465,0.5858832524249866,0.5912644254499667,0.7284045120453017,0.7337856850702817,0.519985527958875,0.5253667009838551,0.8282141456839076,0.8335953187088877
BEV2_2025-04-14_drive2.csv,BEV2,2025-04-14 08:59:32+00:00,2025-04-14 09:21:47+00:00,2025-04-14 08:59:34+00:00,23.22134090878403,23.246294255460818,0,False,True,True,0.0,False,False,1744621172000000000,1744622507000000000,1744621174000000000,future,1326:22650>1318:22645|23,10-50,False,15.0,10-25,3.776122788229901,0.0012894421984957,3.777412230428397,>7d,False,0-1d,False,1.0,4.142868445173455,4.144157887371951,4.320609212230054,4.32189865442855,4.238685131352256,4.239974573550752,4.139599034276525,4.140888476475021,4.302312768077217,4.303602210275712,4.257666791330293,4.258956233528789,4.151518776706366,4.152808218904862
BEV2_2025-04-14_drive3.csv,BEV2,2025-04-14 12:19:59+00:00,2025-04-14 13:21:01+00:00,2025-04-14 12:20:01+00:00,69.13831453726729,69.13831453726729,0,False,True,True,0.0,False,False,1744633199000000000,1744636861000000000,1744633201000000000,future,1318:22645>1245:22822|69,>=50,False,21.5,10-25,9.34937242365736,0.0012498819343776,9.350622305591736,>7d,False,0-1d,False,0.9991803278688524,12.677628202837044,12.678878084771421,13.219515857025534,13.220765738959912,13.053531247762837,13.054781129697215,12.35830285657067,12.359552738505048,13.299208837955184,13.300458719889562,12.73011705225797,12.731366934192348,12.877848478552233,12.87909836048661
BEV2_2025-04-14_drive4.csv,BEV2,2025-04-14 14:02:50+00:00,2025-04-14 14:13:55+00:00,2025-04-14 14:02:52+00:00,2.419186247314097,2.423300465282737,0,False,True,True,0.0,False,False,1744639370000000000,1744640035000000000,1744639372000000000,future,1238:22815>1236:22808|2,2-10,False,21.0,10-25,0.5380403403716606,0.0083104233990009,0.5463507637706615,>7d,False,0-1d,False,1.0,0.49685295886963926,0.5051633822686402,0.4314562886689029,0.4397667120679038,0.4775280023191917,0.4858384257181926,0.5282663166595968,0.5365767400585977,0.43345822374320575,0.44176864714220665,0.47597354278518417,0.48428396618418507,0.5139021458451735,0.5222125692441744
BEV2_2025-04-14_drive5.csv,BEV2,2025-04-14 15:18:48+00:00,2025-04-14 16:09:05+00:00,2025-04-14 15:18:50+00:00,62.00846755686321,62.01325560408722,0,False,True,True,0.0,False,False,1744643928000000000,1744646945000000000,1744643930000000000,future,1237:22798>1318:22645|62,>=50,False,20.0,10-25,9.59263865591223,-0.0022891780626214,9.590349477849609,>7d,False,0-1d,False,0.9986733001658374,12.180307549881315,12.178018371818693,12.171294689548144,12.169005511485523,12.213152424997455,12.210863246934833,11.726762843519776,11.724473665457154,12.16402173596573,12.161732557903107,11.845370468094075,11.843081290031453,11.742231825624515,11.739942647561893
BEV2_2025-04-14_drive6.csv,BEV2,2025-04-14 18:31:18+00:00,2025-04-14 18:38:06+00:00,2025-04-14 18:31:20+00:00,0.8993409685922175,0.8993409685922175,0,False,True,True,0.0,False,False,1744655478000000000,1744655886000000000,1744655480000000000,future,1319:22650>1320:22648|0,<2,False,19.0,10-25,0.1377888069454965,0.0004221633346695,0.138210970280166,>7d,False,0-1d,False,1.0,0.24256335753441005,0.24298552086907954,0.18257995898544727,0.18300212232011676,0.17926314179435668,0.17968530512902617,0.24493357936419427,0.24535574269886376,0.2386347172236671,0.2390568805583366,0.24228162111160179,0.24270378444627128,0.2528200981032022,0.2532422614378717
BEV2_2025-04-15_drive1.csv,BEV2,2025-04-15 16:59:47+00:00,2025-04-15 17:01:45+00:00,2025-04-15 16:59:49+00:00,0.7178545950412827,0.7316772056644536,0,False,True,False,0.0,False,False,1744736387000000000,1744736505000000000,1744736389000000000,future,1319:22644>1318:22645|0,<2,False,18.5,10-25,0.0425042153149238,-0.0053374423122291,0.0371667730026947,>7d,False,0-1d,False,1.0,0.22514235178363348,0.21980490947140438,0.21457140980634373,0.20923396749411463,0.22843647832179326,0.22309903600956416,0.17389133359808667,0.16855389128585757,0.23174254900661584,0.22640510669438674,0.1680585547486266,0.1627211124363975,0.2012886627351756,0.1959512204229465
BEV2_2025-04-16_drive1.csv,BEV2,2025-04-16 06:33:50+00:00,2025-04-16 06:37:41+00:00,2025-04-16 06:33:52+00:00,0.8953772575868865,0.9338952409578116,0,False,True,True,0.0,False,False,1744785230000000000,1744785461000000000,1744785232000000000,future,1549:22707>1552:22706|0,<2,False,11.5,10-25,0.103960208347088,0.0051876570804493,0.1091478654275373,>7d,False,0-1d,False,1.0,0.21309175294989396,0.21827941003034326,0.2274124691194056,0.2326001261998549,0.20568267207450958,0.21087032915495887,0.22719473806499138,0.23238239514544068,0.25029176811058884,0.25547942519103817,0.20876900472632265,0.21395666180677195,0.2585971157727941,0.2637847728532434
BEV2_2025-04-16_drive2.csv,BEV2,2025-04-16 15:25:11+00:00,2025-04-16 16:13:23+00:00,2025-04-16 15:25:13+00:00,73.04904804594348,73.04928561336448,0,False,True,True,0.0,False,False,1744817111000000000,1744820003000000000,1744817113000000000,future,1543:22708>1315:22647|73,>=50,False,13.5,10-25,11.82194803828782,0.0007384728275941,11.822686511115414,>7d,False,0-1d,False,0.9993079584775086,14.238122380629804,14.238860853457398,14.433943106049432,14.434681578877026,14.53332466567814,14.534063138505735,14.412838126367033,14.413576599194627,14.465759321548923,14.466497794376517,15.049513243656826,15.05025171648442,13.899220108033827,13.899958580861421
BEV2_2025-04-17_drive1.csv,BEV2,2025-04-17 06:00:00+00:00,2025-04-17 06:34:24+00:00,2025-04-17 06:00:02+00:00,55.22397528755913,55.29548607839857,0,False,True,True,0.0,False,False,1744869600000000000,1744871664000000000,1744869602000000000,future,1348:22691>1552:22706|55,>=50,False,10.0,10-25,9.345037360002513,0.0104420635207118,9.355479423523224,>7d,False,0-1d,False,0.9990300678952472,11.613107145051913,11.623549208572625,11.630467033838107,11.640909097358819,11.637488617847547,11.647930681368258,10.950628068522235,10.961070132042947,11.552325425658118,11.56276748917883,11.816863046007814,11.827305109528526,10.476563890821136,10.487005954341848
BEV2_2025-04-17_drive2.csv,BEV2,2025-04-17 15:20:36+00:00,2025-04-17 16:08:12+00:00,2025-04-17 15:20:37+00:00,70.0683700376162,70.08079527199853,0,False,True,True,0.0,False,False,1744903236000000000,1744906092000000000,1744903237000000000,future,1515:22714>1318:22645|70,>=50,False,9.0,<10,11.7036164442357,-0.0016164442382047,11.701999999997495,>7d,False,0-1d,False,0.9992994746059544,13.58419137307672,13.582574928838516,13.806094094490884,13.80447765025268,13.784546871156312,13.782930426918108,13.095714131810842,13.094097687572638,13.870392140338119,13.868775696099915,13.147088007081722,13.145471562843518,13.199962338892663,13.198345894654459
BEV2_2025-04-17_drive3.csv,BEV2,2025-04-17 16:25:07+00:00,2025-04-17 17:41:09+00:00,2025-04-17 16:25:08+00:00,61.25414890232785,61.2866785352082,0,False,True,True,0.0,False,False,1744907107000000000,1744911669000000000,1744907108000000000,future,1288:22648>1313:22647|61,>=50,False,9.9,<10,8.600395880798416,0.0096041192021666,8.610000000000582,>7d,False,0-1d,False,0.9997807498355624,11.755105519624689,11.764709638826854,12.027184496425997,12.036788615628163,11.903513748360348,11.913117867562514,11.478324126883232,11.487928246085398,11.89036255074291,11.899966669945076,11.515079501429906,11.524683620632072,11.716861324830571,11.726465444032737
BEV2_2025-04-17_drive5.csv,BEV2,2025-04-17 20:39:09+00:00,2025-04-17 22:07:00+00:00,2025-04-17 20:39:10+00:00,65.80729214358725,65.84023747212166,0,False,True,True,0.0,False,False,1744922349000000000,1744927620000000000,1744922350000000000,future,1310:22641>1318:22645|65,>=50,False,8.5,<10,10.815564485071793,0.0025690308520792,10.81813351592387,>7d,False,0-1d,False,1.0,12.8317118953665,12.834280926218579,13.07993258513603,13.08250161598811,13.033778128792818,13.036347159644897,12.652058942206775,12.654627973058854,12.945833975127954,12.948403005980033,12.82520437341844,12.82777340427052,12.69395702866019,12.69652605951227
BEV2_2025-04-18_drive1.csv,BEV2,2025-04-18 09:14:26+00:00,2025-04-18 09:18:05+00:00,2025-04-18 09:14:27+00:00,1.4551903900927528,1.4551903900927528,0,False,True,True,0.0,False,False,1744967666000000000,1744967885000000000,1744967667000000000,future,1313:22647>1315:22646|1,<2,True,11.5,10-25,0.2376485905099059,0.0003514094912873,0.2380000000011932,>7d,False,0-1d,False,1.0,0.31261249399286706,0.31296390348415437,0.370426313915192,0.3707777234064793,0.333127737610029,0.3334791471013163,0.3206923495382421,0.3210437590295294,0.34769491294489174,0.34804632243617906,0.3417272184998124,0.3420786279910997,0.31182411895645534,0.31217552844774266
BEV2_2025-04-22_drive1.csv,BEV2,2025-04-22 05:51:08+00:00,2025-04-22 06:39:30+00:00,2025-04-22 05:51:10+00:00,73.41358820310695,73.42029774337823,0,False,True,True,0.0,False,False,1745301068000000000,1745303970000000000,1745301070000000000,future,1305:22643>1552:22706|73,>=50,False,10.5,10-25,12.57049958295524,0.0026545943706388,12.57315417732588,>7d,False,1-7d,False,0.9996551724137932,15.418582901698947,15.421237496069587,15.281245823038173,15.283900417408812,15.232234973562555,15.234889567933195,14.627977637345145,14.630632231715785,15.049243046352084,15.051897640722723,14.938183206737056,14.940837801107696,14.5557977282748,14.55845232264544
BEV2_2025-04-22_drive2.csv,BEV2,2025-04-22 09:28:52+00:00,2025-04-22 10:12:58+00:00,2025-04-22 09:28:54+00:00,69.82490123980928,69.83825951714988,0,False,True,True,0.0,False,False,1745314132000000000,1745316778000000000,1745314134000000000,future,1553:22700>1308:22654|69,>=50,False,15.2,10-25,11.249672942434112,-0.0076599991029428,11.24201294333117,>7d,False,0-1d,False,0.9992435703479576,14.913250192987077,14.905590193884134,14.780712738139774,14.773052739036832,14.578866781828811,14.571206782725868,13.711454430002563,13.70379443089962,14.424684086965655,14.417024087862712,14.708241673844872,14.70058167474193,13.424202598551148,13.416542599448205
BEV2_2025-04-22_drive4.csv,BEV2,2025-04-22 20:32:45+00:00,2025-04-22 20:35:40+00:00,2025-04-22 20:32:46+00:00,0.4983097246386507,0.4983097246386507,0,False,True,True,0.0,False,False,1745353965000000000,1745354140000000000,1745353966000000000,future,1317:22646>1318:22645|0,<2,False,14.0,10-25,0.1426975604134693,0.003602533005303,0.1463000934187723,>7d,False,0-1d,False,1.0,0.1872529164712845,0.1908554494765875,0.18123916256359168,0.18484169556889468,0.19990280041273484,0.20350533341803784,0.19330401600918817,0.19690654901449117,0.189107642987839,0.192710175993142,0.2016294113495856,0.2052319443548886,0.1949643685506075,0.1985669015559105
BEV2_2025-04-23_drive1.csv,BEV2,2025-04-23 05:09:54+00:00,2025-04-23 05:27:21+00:00,2025-04-23 05:09:56+00:00,14.094295174649377,14.11992386625131,0,False,True,True,0.0,False,False,1745384994000000000,1745386041000000000,1745384996000000000,future,1288:22648>1256:22662|14,10-50,False,11.0,10-25,1.860757406308208,0.0099743251290469,1.8707317314372551,>7d,False,0-1d,False,1.0,2.890263629896917,2.900237955025964,2.7283370601983044,2.7383113853273513,2.682475433456112,2.692449758585159,2.389203901300469,2.399178226429516,2.734783952624868,2.744758277753915,2.3217328686972625,2.3317071938263094,2.677724854833482,2.687699179962529
BEV2_2025-04-25_drive1.csv,BEV2,2025-04-25 09:44:26+00:00,2025-04-25 09:59:11+00:00,2025-04-25 09:44:27+00:00,4.3947562641922655,4.4065513139650765,0,False,True,True,0.0,False,False,1745574266000000000,1745575151000000000,1745574267000000000,future,1220:22659>1220:22645|4,2-10,False,11.0,10-25,0.5760000000009313,0.0002694976000911,0.5762694976010224,>7d,False,1-7d,False,1.0,0.9404119678150847,0.9406814654151758,0.950429907131267,0.950699404731358,0.9374465617313674,0.9377160593314585,1.0978677792960296,1.0981372768961208,1.0250525300356328,1.025322027635724,1.166131749671334,1.1664012472714251,0.9693093624920178,0.9695788600921089
BEV2_2025-04-25_drive2.csv,BEV2,2025-04-25 12:18:44+00:00,2025-04-25 12:55:53+00:00,2025-04-25 12:18:45+00:00,27.99395941595957,27.99615639122696,0,False,True,True,0.0,False,False,1745583524000000000,1745585753000000000,1745583525000000000,future,1220:22645>1313:22648|27,10-50,False,15.0,10-25,4.3957193939395065,0.0006274222231998,4.396346816162707,>7d,False,0-1d,False,0.9995511669658886,5.371279810507703,5.371907232730903,5.361176852045585,5.361804274268785,5.197260014619354,5.197887436842554,4.992363220686031,4.9929906429092314,5.335480666469496,5.336108088692696,5.038384793327096,5.039012215550296,5.141692133146128,5.142319555369328
BEV2_2025-04-25_drive3.csv,BEV2,2025-04-25 17:35:52+00:00,2025-04-25 17:39:59+00:00,2025-04-25 17:35:53+00:00,0.5213677548385437,0.5213677548385437,0,False,True,True,0.0,False,False,1745602552000000000,1745602799000000000,1745602553000000000,future,1316:22647>1315:22648|0,<2,False,13.0,10-25,0.1496129704637472,-0.0076129704602839,0.1420000000034633,>7d,False,0-1d,False,1.0,0.12964210334982768,0.12202913288954377,0.09802251087934083,0.09040954041905692,0.11067476600030728,0.10306179554002337,0.16462638667863833,0.15701341621835443,0.13435836317575417,0.12674539271547028,0.14148769214213738,0.1338747216818535,0.16107148744576008,0.1534585169854762
BEV2_2025-04-26_drive1.csv,BEV2,2025-04-26 13:18:27+00:00,2025-04-26 13:56:35+00:00,2025-04-26 13:18:28+00:00,40.73399390499024,40.73399390499024,0,False,True,True,0.0,False,False,1745673507000000000,1745675795000000000,1745673508000000000,future,1248:22661>1236:22808|40,10-50,False,20.5,10-25,6.828577680295989,-0.002282096578147,6.826295583717842,>7d,False,0-1d,False,0.9965019676432006,7.558034651448535,7.555752554870388,7.882501698139569,7.880219601561421,7.763584503362885,7.761302406784738,7.752645918684246,7.750363822106099,7.801272013167539,7.798989916589392,8.89311163763331,8.890829541055163,7.242193636879084,7.239911540300937
BEV2_2025-04-26_drive2.csv,BEV2,2025-04-26 16:20:09+00:00,2025-04-26 16:49:06+00:00,2025-04-26 16:20:10+00:00,39.45562953739973,39.45562953739973,0,False,True,True,0.0,False,False,1745684409000000000,1745686146000000000,1745684410000000000,future,1238:22794>1251:22656|39,10-50,False,21.5,10-25,5.720917790247079,-0.0007972804115525,5.720120509835526,>7d,False,0-1d,False,0.9988479262672812,7.887277303796834,7.886480023385282,7.77680953081645,7.776012250404898,7.739746163338143,7.738948882926591,7.044080304666812,7.04328302425526,7.691101156205223,7.690303875793671,7.535880888812415,7.535083608400863,7.276913586493153,7.276116306081601
BEV2_2025-04-26_drive3.csv,BEV2,2025-04-26 17:20:13+00:00,2025-04-26 17:32:51+00:00,2025-04-26 17:20:14+00:00,11.37986120434242,11.4108088774315,0,False,True,True,0.0,False,False,1745688013000000000,1745688771000000000,1745688014000000000,future,1272:22651>1318:22645|11,10-50,False,21.5,10-25,2.154556276940731,0.0034437230587158,2.157999999999447,>7d,False,0-1d,False,0.9154557463672393,2.290558436782818,2.2940021598415337,2.3496483342697156,2.3530920573284315,2.3848452886004763,2.388289011659192,2.8004306466849225,2.8038743697436384,2.340706074782887,2.344149797841603,2.543419128065483,2.546862851124199,3.2735496847261087,3.2769934077848246
BEV2_2025-04-27_drive1.csv,BEV2,2025-04-27 09:33:31+00:00,2025-04-27 09:41:11+00:00,2025-04-27 09:33:33+00:00,1.5442335395609248,1.546860897491326,0,False,True,True,0.0,False,False,1745746411000000000,1745746871000000000,1745746413000000000,future,1315:22648>1318:22645|1,<2,True,18.0,10-25,0.4402370113280226,-0.0002222106618645,0.4400148006661581,>7d,False,0-1d,False,0.9978165938864628,0.4605898306847687,0.4603676200229042,0.42351716902812275,0.42329495836625824,0.4425694373704475,0.442347226708583,0.45396422870183806,0.45374201803997355,0.4545248828553101,0.4543026721934456,0.4766658320327577,0.4764436213708932,0.4259394712672888,0.4257172606054243
BEV2_2025-04-27_drive2.csv,BEV2,2025-04-27 10:45:59+00:00,2025-04-27 10:52:26+00:00,2025-04-27 10:46:00+00:00,1.055098358455509,1.055098358455509,0,False,True,True,0.0,False,False,1745750759000000000,1745751146000000000,1745750760000000000,future,1315:22648>1318:22645|1,<2,True,18.5,10-25,0.3393030404509832,0.0010343731298333,0.3403374135808165,>7d,False,0-1d,True,0.9974093264248703,0.32501040584631996,0.32604477897615325,0.26911067203251093,0.2701450451623442,0.30819442738754865,0.30922880051738194,0.3100009194030899,0.31103529253292317,0.25819188784361863,0.2592262609734519,0.3319410992750731,0.3329754724049064,0.30820686811728804,0.3092412412471213
BEV2_2025-04-27_drive3.csv,BEV2,2025-04-27 10:55:43+00:00,2025-04-27 10:58:35+00:00,2025-04-27 10:55:45+00:00,0.3450208695844796,0.3450208695844796,0,False,True,True,0.0,False,False,1745751343000000000,1745751515000000000,1745751345000000000,future,1316:22647>1315:22648|0,<2,False,22.0,10-25,0.1078047532214246,0.0004958811201402,0.1083006343415648,>7d,False,0-1d,True,1.0,0.020139649201637147,0.020635530321777347,-0.04018208877789785,-0.03968620765775765,-0.021086937203435865,-0.020591056083295665,0.07799517105571806,0.07849105217585825,0.0478942486378852,0.0483901297580254,0.11903177044510602,0.11952765156524622,0.09142100027211912,0.09191688139225931
BEV2_2025-04-27_drive4.csv,BEV2,2025-04-27 11:07:19+00:00,2025-04-27 11:10:13+00:00,2025-04-27 11:07:21+00:00,0.9920201034141184,1.0026489918371777,0,False,True,True,0.0,False,False,1745752039000000000,1745752213000000000,1745752041000000000,future,1316:22648>1318:22645|0,<2,False,23.0,10-25,0.2599060396533235,-0.0017219162631075,0.258184123390216,>7d,False,0-1d,False,0.994186046511628,0.3098779476475867,0.30815603138447917,0.22618263787075607,0.22446072160764857,0.22916106498445532,0.22743914872134782,0.24756246557103184,0.24584054930792434,0.25163086515744054,0.24990894889433304,0.18488354318238556,0.18316162691927806,0.2875897263724228,0.2858678101093153
BEV2_2025-04-27_drive5.csv,BEV2,2025-04-27 12:52:51+00:00,2025-04-27 12:55:38+00:00,2025-04-27 12:52:52+00:00,1.0574531248537455,1.062901683784805,0,False,True,True,0.0,False,False,1745758371000000000,1745758538000000000,1745758372000000000,future,1315:22648>1318:22645|1,<2,True,22.5,10-25,0.2882093713781631,0.0001645403940208,0.2883739117721839,>7d,False,0-1d,True,0.993975903614458,0.3558272252620551,0.35599176565607593,0.3322406918191726,0.3324052322131934,0.3635133782326286,0.3636779186266494,0.3265034835236823,0.3266680239177031,0.34579887274410603,0.34596341313812684,0.33619952909284895,0.33636406948686975,0.35522217143270973,0.35538671182673054
BEV2_2025-04-29_drive1.csv,BEV2,2025-04-29 08:01:48+00:00,2025-04-29 08:07:02+00:00,2025-04-29 08:01:50+00:00,1.568154411739033,1.5803370137546495,0,False,True,True,0.0,False,False,1745913708000000000,1745914022000000000,1745913710000000000,future,1311:22649>1313:22648|1,<2,False,15.5,10-25,0.3647832418750266,0.0024295284713037,0.3672127703463303,>7d,False,1-7d,False,1.0,0.33682307646644094,0.3392526049377446,0.324552765111277,0.3269822935825807,0.32557277139541135,0.32800229986671503,0.35070569846394023,0.3531352269352439,0.36666923188656,0.36909876035786365,0.32927228514116663,0.3317018136124703,0.34633849185619564,0.3487680203274993
BEV2_2025-04-29_drive2.csv,BEV2,2025-04-29 15:20:25+00:00,2025-04-29 15:22:09+00:00,2025-04-29 15:20:27+00:00,0.6872922378775063,0.6981813223656599,0,False,True,True,0.0,False,False,1745940025000000000,1745940129000000000,1745940027000000000,future,1316:22647>1319:22647|0,<2,False,23.5,10-25,0.1846292137765862,0.0193707862213183,0.2039999999979045,>7d,False,0-1d,False,1.0,0.041699131943339865,0.06106991816465816,0.14370636987002286,0.16307715609134116,0.10530567277357744,0.12467645899489574,0.05155540954404346,0.07092619576536176,0.251595821539291,0.2709666077606093,0.0228661439657748,0.0422369301870931,0.08142299103651611,0.10079377725783441
BEV2_2025-04-30_drive1.csv,BEV2,2025-04-30 06:08:35+00:00,2025-04-30 06:43:04+00:00,2025-04-30 06:08:37+00:00,45.34022457847651,45.37561614248277,0,True,True,True,0.0,True,False,1745993315000000000,1745995384000000000,1745993317000000000,future,1347:22690>1552:22706|45,10-50,False,13.5,10-25,9.325717465725372,0.0204298959720558,9.346147361697428,>7d,False,0-1d,False,0.9250120948234156,10.27895335310217,10.299383249074225,9.920784008248178,9.941213904220234,9.945096744766353,9.965526640738409,10.522535788267048,10.542965684239103,9.96777454137215,9.988204437344205,10.278067202055299,10.298497098027354,10.87477695950321,10.895206855475266
