file,vehicle,split,cut_ns,end_ns
BEV1_2024-07-24_drive1.csv,BEV1,train,1721801547000000000,1721804043000000000
BEV1_2024-07-24_drive2.csv,BEV1,train,1721833182000000000,1721835671000000000
BEV1_2024-07-25_drive1.csv,BEV1,train,1721891024000000000,1721893984000000000
BEV1_2024-07-25_drive2.csv,BEV1,train,1721922525000000000,1721924936000000000
BEV1_2024-07-25_drive3.csv,BEV1,train,1721926320000000000,1721927579000000000
BEV1_2024-07-27_drive1.csv,BEV1,train,1722062070000000000,1722066939000000000
BEV1_2024-07-27_drive3.csv,BEV1,train,1722082153000000000,1722085136000000000
BEV1_2024-07-27_drive4.csv,BEV1,train,1722088421000000000,1722091883000000000
BEV1_2024-07-29_drive1.csv,BEV1,train,1722233288000000000,1722235124000000000
BEV1_2024-07-29_drive2.csv,BEV1,train,1722267541000000000,1722272594000000000
BEV1_2024-07-30_drive1.csv,BEV1,train,1722321119000000000,1722323606000000000
BEV1_2024-07-30_drive2.csv,BEV1,train,1722352514000000000,1722354979000000000
BEV1_2024-07-31_drive1.csv,BEV1,train,1722404879000000000,1722407799000000000
BEV1_2024-07-31_drive2.csv,BEV1,train,1722437766000000000,1722443958000000000
BEV1_2024-07-31_drive3.csv,BEV1,train,1722446734000000000,1722447948000000000
BEV1_2024-08-01_drive1.csv,BEV1,train,1722493628000000000,1722496112000000000
BEV1_2024-08-01_drive2.csv,BEV1,train,1722526583000000000,1722529032000000000
BEV1_2024-08-02_drive1.csv,BEV1,train,1722587259000000000,1722589745000000000
BEV1_2024-08-06_drive1.csv,BEV1,train,1722958662000000000,1722960981000000000
BEV1_2024-08-06_drive2.csv,BEV1,train,1722963750000000000,1722966423000000000
BEV1_2024-08-06_drive3.csv,BEV1,train,1722967802000000000,1722969083000000000
BEV1_2024-08-08_drive1.csv,BEV1,train,1723093837000000000,1723096239000000000
BEV1_2024-08-10_drive1.csv,BEV1,train,1723270417000000000,1723271985000000000
BEV1_2024-08-10_drive2.csv,BEV1,train,1723273343000000000,1723280872000000000
BEV1_2024-08-10_drive3.csv,BEV1,train,1723285030000000000,1723287202000000000
BEV1_2024-08-10_drive4.csv,BEV1,train,1723317134000000000,1723328294000000000
BEV1_2024-08-10_drive5.csv,BEV1,train,1723329972000000000,1723332623000000000
BEV1_2024-08-11_drive1.csv,BEV1,train,1723357577000000000,1723360146000000000
BEV1_2024-08-11_drive2.csv,BEV1,train,1723361533000000000,1723364822000000000
BEV1_2024-08-11_drive3.csv,BEV1,train,1723383496000000000,1723386730000000000
BEV1_2024-08-29_drive1.csv,BEV1,train,1724944858000000000,1724947164000000000
BEV1_2024-08-30_drive1.csv,BEV1,train,1724999763000000000,1725000938000000000
BEV1_2024-08-30_drive2.csv,BEV1,train,1725007857000000000,1725014190000000000
BEV1_2024-08-31_drive1.csv,BEV1,train,1725128902000000000,1725131493000000000
BEV1_2024-08-31_drive2.csv,BEV1,train,1725137035000000000,1725138236000000000
BEV1_2024-09-01_drive1.csv,BEV1,train,1725178918000000000,1725179080000000000
BEV1_2024-09-01_drive2.csv,BEV1,train,1725186213000000000,1725188188000000000
BEV1_2024-09-01_drive3.csv,BEV1,train,1725197846000000000,1725199886000000000
BEV1_2024-09-01_drive4.csv,BEV1,train,1725205093000000000,1725212490000000000
BEV1_2024-09-01_drive5.csv,BEV1,train,1725214244000000000,1725219322000000000
BEV1_2024-09-02_drive1.csv,BEV1,train,1725258189000000000,1725260732000000000
BEV1_2024-09-02_drive2.csv,BEV1,train,1725292134000000000,1725294711000000000
BEV1_2024-09-03_drive1.csv,BEV1,train,1725351478000000000,1725355530000000000
BEV1_2024-09-03_drive2.csv,BEV1,train,1725358052000000000,1725366678000000000
BEV1_2024-09-03_drive3.csv,BEV1,train,1725367287000000000,1725368484000000000
BEV1_2024-09-03_drive5.csv,BEV1,train,1725381326000000000,1725383925000000000
BEV1_2024-09-03_drive6.csv,BEV1,train,1725389464000000000,1725390682000000000
BEV1_2024-09-04_drive1.csv,BEV1,train,1725429457000000000,1725432417000000000
BEV1_2024-09-04_drive2.csv,BEV1,train,1725463972000000000,1725466125000000000
BEV1_2024-09-17_drive1.csv,BEV1,train,1726588230000000000,1726589505000000000
BEV1_2024-09-18_drive1.csv,BEV1,train,1726643140000000000,1726646005000000000
BEV1_2024-09-18_drive2.csv,BEV1,train,1726674559000000000,1726678173000000000
BEV1_2024-09-18_drive3.csv,BEV1,train,1726687169000000000,1726688472000000000
BEV1_2024-09-18_drive4.csv,BEV1,train,1726691240000000000,1726692554000000000
BEV1_2024-09-19_drive1.csv,BEV1,train,1726727144000000000,1726729598000000000
BEV1_2024-09-19_drive2.csv,BEV1,train,1726757275000000000,1726761030000000000
BEV1_2024-09-20_drive1.csv,BEV1,train,1726811474000000000,1726814488000000000
BEV1_2024-09-20_drive2.csv,BEV1,train,1726834493000000000,1726836966000000000
BEV1_2024-09-20_drive3.csv,BEV1,train,1726846655000000000,1726850489000000000
BEV1_2024-09-21_drive1.csv,BEV1,train,1726906764000000000,1726912692000000000
BEV1_2024-09-21_drive2.csv,BEV1,train,1726934824000000000,1726942922000000000
BEV1_2024-09-22_drive1.csv,BEV1,train,1726996001000000000,1726997517000000000
BEV1_2024-09-22_drive2.csv,BEV1,train,1727015328000000000,1727016673000000000
BEV1_2024-09-23_drive1.csv,BEV1,train,1727071092000000000,1727074280000000000
BEV1_2024-09-23_drive2.csv,BEV1,train,1727106523000000000,1727110089000000000
BEV1_2024-09-24_drive1.csv,BEV1,train,1727164956000000000,1727167478000000000
BEV1_2024-09-24_drive2.csv,BEV1,train,1727175777000000000,1727178446000000000
BEV1_2024-09-24_drive3.csv,BEV1,train,1727193381000000000,1727197070000000000
BEV1_2024-09-25_drive1.csv,BEV1,train,1727247765000000000,1727251495000000000
BEV1_2024-09-25_drive2.csv,BEV1,train,1727277798000000000,1727280052000000000
BEV1_2024-09-26_drive1.csv,BEV1,train,1727329135000000000,1727332970000000000
BEV1_2024-09-26_drive2.csv,BEV1,train,1727364816000000000,1727367245000000000
BEV1_2024-09-27_drive1.csv,BEV1,train,1727416115000000000,1727419736000000000
BEV1_2024-10-01_drive1.csv,BEV1,train,1727800626000000000,1727804373000000000
BEV1_2024-10-02_drive1.csv,BEV1,train,1727852825000000000,1727854655000000000
BEV1_2024-10-02_drive2.csv,BEV1,train,1727861979000000000,1727865569000000000
BEV1_2024-10-02_drive3.csv,BEV1,train,1727878020000000000,1727883920000000000
BEV1_2024-10-03_drive1.csv,BEV1,train,1727935614000000000,1727939245000000000
BEV1_2024-10-03_drive2.csv,BEV1,train,1727951697000000000,1727951842000000000
BEV1_2024-10-03_drive3.csv,BEV1,train,1727970907000000000,1727974601000000000
BEV1_2024-10-04_drive1.csv,BEV1,train,1728021193000000000,1728024523000000000
BEV1_2024-10-20_drive1.csv,BEV1,train,1729418327000000000,1729422043000000000
BEV1_2024-10-20_drive2.csv,BEV1,train,1729423428000000000,1729425927000000000
BEV1_2024-10-22_drive1.csv,BEV1,train,1729575851000000000,1729578321000000000
BEV1_2024-10-22_drive2.csv,BEV1,train,1729608831000000000,1729611268000000000
BEV1_2024-10-24_drive1.csv,BEV1,train,1729749761000000000,1729752225000000000
BEV1_2024-10-24_drive2.csv,BEV1,train,1729782722000000000,1729784731000000000
BEV1_2024-10-24_drive3.csv,BEV1,train,1729798988000000000,1729800289000000000
BEV1_2024-10-25_drive1.csv,BEV1,train,1729836281000000000,1729838735000000000
BEV1_2024-10-25_drive2.csv,BEV1,train,1729868290000000000,1729872137000000000
BEV1_2024-10-27_drive1.csv,BEV1,train,1730025988000000000,1730029575000000000
BEV1_2024-10-27_drive2.csv,BEV1,train,1730035115000000000,1730040950000000000
BEV1_2024-10-27_drive3.csv,BEV1,train,1730056445000000000,1730057789000000000
BEV1_2024-10-28_drive1.csv,BEV1,train,1730099309000000000,1730101820000000000
BEV1_2024-10-28_drive2.csv,BEV1,train,1730130916000000000,1730134764000000000
BEV1_2024-10-29_drive1.csv,BEV1,train,1730183209000000000,1730186213000000000
BEV1_2024-10-29_drive2.csv,BEV1,train,1730220930000000000,1730228687000000000
BEV1_2024-10-30_drive1.csv,BEV1,train,1730290197000000000,1730297936000000000
BEV1_2024-10-30_drive2.csv,BEV1,train,1730306249000000000,1730316837000000000
BEV1_2024-10-31_drive1.csv,BEV1,train,1730361181000000000,1730363722000000000
BEV1_2024-10-31_drive2.csv,BEV1,train,1730381211000000000,1730382899000000000
BEV1_2024-10-31_drive3.csv,BEV1,train,1730386319000000000,1730391058000000000
BEV1_2024-10-31_drive4.csv,BEV1,train,1730391516000000000,1730395401000000000
BEV1_2024-10-31_drive5.csv,BEV1,train,1730396720000000000,1730403168000000000
BEV1_2024-11-01_drive1.csv,BEV1,train,1730473662000000000,1730474833000000000
BEV1_2024-11-02_drive1.csv,BEV1,train,1730539875000000000,1730540172000000000
BEV1_2024-11-02_drive2.csv,BEV1,train,1730548125000000000,1730552028000000000
BEV1_2024-11-02_drive3.csv,BEV1,train,1730553999000000000,1730558040000000000
BEV1_2024-11-02_drive4.csv,BEV1,train,1730568923000000000,1730573040000000000
BEV1_2024-11-02_drive5.csv,BEV1,train,1730576259000000000,1730577161000000000
BEV1_2024-11-04_drive2.csv,BEV1,train,1730737893000000000,1730739391000000000
BEV1_2024-11-05_drive1.csv,BEV1,train,1730789255000000000,1730791120000000000
BEV1_2024-11-05_drive2.csv,BEV1,train,1730824949000000000,1730826712000000000
BEV1_2024-11-06_drive1.csv,BEV1,train,1730881446000000000,1730883039000000000
BEV1_2024-11-06_drive3.csv,BEV1,train,1730919128000000000,1730919506000000000
BEV1_2024-11-06_drive4.csv,BEV1,train,1730923696000000000,1730924007000000000
BEV1_2024-11-07_drive1.csv,BEV1,train,1730964712000000000,1730966116000000000
BEV1_2024-11-07_drive2.csv,BEV1,train,1730997130000000000,1730998601000000000
BEV1_2024-11-08_drive1.csv,BEV1,train,1731056598000000000,1731057880000000000
BEV1_2024-11-08_drive2.csv,BEV1,train,1731067757000000000,1731068939000000000
BEV1_2024-11-08_drive3.csv,BEV1,train,1731088168000000000,1731089417000000000
BEV1_2024-11-08_drive4.csv,BEV1,train,1731106386000000000,1731107012000000000
BEV1_2024-11-10_drive1.csv,BEV1,train,1731254328000000000,1731254857000000000
BEV1_2024-11-10_drive2.csv,BEV1,train,1731258284000000000,1731258849000000000
BEV1_2024-11-10_drive3.csv,BEV1,train,1731267957000000000,1731268782000000000
BEV1_2024-11-10_drive4.csv,BEV1,train,1731270642000000000,1731271116000000000
BEV1_2024-11-11_drive1.csv,BEV1,train,1731322215000000000,1731328261000000000
BEV1_2024-11-11_drive2.csv,BEV1,train,1731343882000000000,1731344271000000000
BEV1_2024-11-11_drive3.csv,BEV1,train,1731344483000000000,1731345343000000000
BEV1_2024-11-11_drive4.csv,BEV1,train,1731347962000000000,1731354343000000000
BEV1_2024-11-12_drive1.csv,BEV1,train,1731394893000000000,1731397159000000000
BEV1_2024-11-12_drive2.csv,BEV1,train,1731429773000000000,1731432074000000000
BEV1_2024-11-13_drive1.csv,BEV1,train,1731483810000000000,1731485016000000000
BEV1_2024-11-13_drive2.csv,BEV1,train,1731516089000000000,1731517680000000000
BEV1_2024-11-13_drive3.csv,BEV1,train,1731521231000000000,1731521960000000000
BEV1_2024-11-13_drive4.csv,BEV1,train,1731534106000000000,1731534950000000000
BEV1_2024-11-14_drive1.csv,BEV1,train,1731567186000000000,1731568637000000000
BEV1_2024-11-14_drive2.csv,BEV1,train,1731578374000000000,1731579574000000000
BEV1_2024-11-14_drive3.csv,BEV1,train,1731600367000000000,1731602456000000000
BEV1_2024-11-15_drive1.csv,BEV1,train,1731681555000000000,1731686611000000000
BEV1_2024-11-17_drive1.csv,BEV1,train,1731883303000000000,1731884666000000000
BEV1_2024-11-17_drive2.csv,BEV1,train,1731885757000000000,1731890568000000000
BEV1_2024-11-18_drive1.csv,BEV1,train,1731915433000000000,1731916842000000000
BEV1_2024-11-18_drive2.csv,BEV1,train,1731946172000000000,1731947611000000000
BEV1_2024-11-18_drive3.csv,BEV1,train,1731947951000000000,1731948437000000000
BEV1_2024-11-19_drive1.csv,BEV1,train,1732001259000000000,1732002583000000000
BEV1_2024-11-19_drive2.csv,BEV1,train,1732032551000000000,1732033954000000000
BEV1_2024-11-20_drive1.csv,BEV1,train,1732089007000000000,1732091039000000000
BEV1_2024-11-20_drive2.csv,BEV1,train,1732121599000000000,1732123579000000000
BEV1_2024-11-20_drive3.csv,BEV1,train,1732126663000000000,1732127310000000000
BEV1_2024-11-20_drive4.csv,BEV1,train,1732132957000000000,1732133928000000000
BEV1_2024-11-21_drive1.csv,BEV1,train,1732170425000000000,1732172524000000000
BEV1_2024-11-21_drive2.csv,BEV1,train,1732199334000000000,1732203118000000000
BEV1_2024-11-21_drive3.csv,BEV1,train,1732211707000000000,1732212496000000000
BEV1_2024-11-21_drive4.csv,BEV1,train,1732219729000000000,1732222981000000000
BEV1_2024-11-22_drive1.csv,BEV1,train,1732267107000000000,1732267867000000000
BEV1_2024-11-22_drive2.csv,BEV1,train,1732275302000000000,1732278516000000000
BEV1_2024-11-22_drive4.csv,BEV1,train,1732297411000000000,1732299788000000000
BEV1_2024-11-22_drive5.csv,BEV1,train,1732309426000000000,1732311656000000000
BEV1_2024-11-23_drive1.csv,BEV1,train,1732368183000000000,1732369072000000000
BEV1_2024-11-23_drive2.csv,BEV1,train,1732369183000000000,1732369406000000000
BEV1_2024-11-23_drive3.csv,BEV1,train,1732380557000000000,1732380958000000000
BEV1_2024-11-23_drive4.csv,BEV1,train,1732383740000000000,1732384777000000000
BEV1_2024-11-24_drive1.csv,BEV1,train,1732442890000000000,1732443489000000000
BEV1_2024-11-24_drive2.csv,BEV1,train,1732443892000000000,1732444518000000000
BEV1_2024-11-25_drive1.csv,BEV1,train,1732519626000000000,1732519761000000000
BEV1_2024-11-25_drive2.csv,BEV1,train,1732537990000000000,1732540747000000000
BEV1_2024-11-25_drive3.csv,BEV1,train,1732542461000000000,1732543149000000000
BEV1_2024-11-25_drive4.csv,BEV1,train,1732553130000000000,1732556106000000000
BEV1_2024-11-26_drive1.csv,BEV1,train,1732606015000000000,1732608191000000000
BEV1_2024-11-26_drive2.csv,BEV1,train,1732637225000000000,1732639379000000000
BEV1_2024-11-28_drive1.csv,BEV1,train,1732777892000000000,1732780249000000000
BEV1_2024-11-28_drive2.csv,BEV1,train,1732793638000000000,1732794819000000000
BEV1_2024-11-28_drive3.csv,BEV1,train,1732805034000000000,1732807391000000000
BEV1_2024-11-28_drive4.csv,BEV1,train,1732813637000000000,1732815945000000000
BEV1_2024-11-28_drive5.csv,BEV1,train,1732822719000000000,1732823319000000000
BEV1_2024-11-29_drive1.csv,BEV1,train,1732862639000000000,1732864917000000000
BEV1_2024-11-29_drive2.csv,BEV1,train,1732897945000000000,1732900149000000000
BEV1_2024-11-30_drive1.csv,BEV1,train,1732964491000000000,1732965004000000000
BEV1_2024-11-30_drive2.csv,BEV1,train,1732965660000000000,1732967416000000000
BEV1_2024-11-30_drive3.csv,BEV1,train,1732969311000000000,1732970016000000000
BEV1_2024-11-30_drive4.csv,BEV1,train,1732973457000000000,1732974581000000000
BEV1_2024-12-01_drive1.csv,BEV1,validation,1733068775000000000,1733069499000000000
BEV1_2024-12-01_drive2.csv,BEV1,validation,1733069882000000000,1733071047000000000
BEV1_2024-12-01_drive3.csv,BEV1,validation,1733073112000000000,1733074054000000000
BEV1_2024-12-01_drive4.csv,BEV1,validation,1733074871000000000,1733074916000000000
BEV1_2024-12-01_drive5.csv,BEV1,validation,1733075512000000000,1733076738000000000
BEV1_2024-12-01_drive6.csv,BEV1,validation,1733077525000000000,1733078089000000000
BEV1_2024-12-02_drive1.csv,BEV1,validation,1733125030000000000,1733126402000000000
BEV1_2024-12-02_drive2.csv,BEV1,validation,1733156551000000000,1733158698000000000
BEV1_2024-12-02_drive3.csv,BEV1,validation,1733160749000000000,1733161184000000000
BEV1_2024-12-02_drive4.csv,BEV1,validation,1733161579000000000,1733162014000000000
BEV1_2024-12-02_drive5.csv,BEV1,validation,1733162790000000000,1733164277000000000
BEV1_2024-12-02_drive6.csv,BEV1,validation,1733169787000000000,1733170931000000000
BEV1_2024-12-03_drive1.csv,BEV1,validation,1733209064000000000,1733211364000000000
BEV1_2024-12-03_drive2.csv,BEV1,validation,1733231959000000000,1733235686000000000
BEV1_2024-12-03_drive3.csv,BEV1,validation,1733236851000000000,1733237467000000000
BEV1_2024-12-03_drive4.csv,BEV1,validation,1733240298000000000,1733241358000000000
BEV1_2024-12-04_drive1.csv,BEV1,validation,1733329899000000000,1733330516000000000
BEV1_2024-12-04_drive2.csv,BEV1,validation,1733332777000000000,1733333368000000000
BEV1_2024-12-04_drive3.csv,BEV1,validation,1733338101000000000,1733338834000000000
BEV1_2024-12-05_drive1.csv,BEV1,validation,1733384381000000000,1733385735000000000
BEV1_2024-12-05_drive2.csv,BEV1,validation,1733416471000000000,1733417865000000000
BEV1_2024-12-05_drive3.csv,BEV1,validation,1733418044000000000,1733418789000000000
BEV1_2024-12-05_drive4.csv,BEV1,validation,1733419312000000000,1733420043000000000
BEV1_2024-12-06_drive1.csv,BEV1,validation,1733468209000000000,1733470450000000000
BEV1_2024-12-06_drive2.csv,BEV1,validation,1733500656000000000,1733502683000000000
BEV1_2024-12-06_drive3.csv,BEV1,validation,1733508250000000000,1733509217000000000
BEV1_2024-12-06_drive4.csv,BEV1,validation,1733525345000000000,1733526574000000000
BEV1_2024-12-07_drive1.csv,BEV1,validation,1733567511000000000,1733567799000000000
BEV1_2024-12-07_drive3.csv,BEV1,validation,1733584776000000000,1733590417000000000
BEV1_2024-12-07_drive4.csv,BEV1,validation,1733591068000000000,1733595686000000000
BEV1_2024-12-08_drive1.csv,BEV1,validation,1733616067000000000,1733617538000000000
BEV1_2024-12-08_drive2.csv,BEV1,validation,1733658531000000000,1733660634000000000
BEV1_2024-12-08_drive3.csv,BEV1,validation,1733667878000000000,1733670328000000000
BEV1_2024-12-08_drive4.csv,BEV1,validation,1733672683000000000,1733679846000000000
BEV1_2024-12-09_drive1.csv,BEV1,validation,1733732098000000000,1733733934000000000
BEV1_2024-12-09_drive2.csv,BEV1,validation,1733738738000000000,1733738876000000000
BEV1_2024-12-09_drive3.csv,BEV1,validation,1733750783000000000,1733751944000000000
BEV1_2024-12-09_drive4.csv,BEV1,validation,1733758678000000000,1733759257000000000
BEV1_2024-12-09_drive5.csv,BEV1,validation,1733761119000000000,1733761761000000000
BEV1_2024-12-09_drive6.csv,BEV1,validation,1733764108000000000,1733764717000000000
BEV1_2024-12-10_drive1.csv,BEV1,validation,1733821430000000000,1733821905000000000
BEV1_2024-12-10_drive2.csv,BEV1,validation,1733822419000000000,1733823863000000000
BEV1_2024-12-10_drive3.csv,BEV1,validation,1733848798000000000,1733850305000000000
BEV1_2024-12-10_drive4.csv,BEV1,validation,1733858533000000000,1733859022000000000
BEV1_2024-12-11_drive1.csv,BEV1,validation,1733900853000000000,1733905968000000000
BEV1_2024-12-11_drive2.csv,BEV1,validation,1733932833000000000,1733938798000000000
BEV1_2024-12-11_drive3.csv,BEV1,validation,1733950975000000000,1733955469000000000
BEV1_2024-12-12_drive1.csv,BEV1,validation,1733992138000000000,1733993092000000000
BEV1_2024-12-12_drive2.csv,BEV1,validation,1734001400000000000,1734004604000000000
BEV1_2024-12-12_drive3.csv,BEV1,validation,1734014302000000000,1734019833000000000
BEV1_2025-01-07_drive1.csv,BEV1,validation,1736233734000000000,1736235008000000000
BEV1_2025-01-07_drive2.csv,BEV1,validation,1736266820000000000,1736268560000000000
BEV1_2025-01-07_drive3.csv,BEV1,validation,1736270876000000000,1736271941000000000
BEV1_2025-01-08_drive1.csv,BEV1,validation,1736321668000000000,1736323105000000000
BEV1_2025-01-08_drive2.csv,BEV1,validation,1736354226000000000,1736356455000000000
BEV1_2025-01-08_drive3.csv,BEV1,validation,1736371922000000000,1736372745000000000
BEV1_2025-01-09_drive1.csv,BEV1,validation,1736405229000000000,1736406941000000000
BEV1_2025-01-09_drive2.csv,BEV1,validation,1736437951000000000,1736439859000000000
BEV1_2025-01-12_drive1.csv,BEV1,validation,1736689764000000000,1736690309000000000
BEV1_2025-01-12_drive2.csv,BEV1,validation,1736700605000000000,1736701154000000000
BEV1_2025-01-13_drive1.csv,BEV1,validation,1736752157000000000,1736753455000000000
BEV1_2025-01-13_drive2.csv,BEV1,validation,1736784932000000000,1736786708000000000
BEV1_2025-01-14_drive1.csv,BEV1,validation,1736840035000000000,1736841588000000000
BEV1_2025-01-14_drive2.csv,BEV1,validation,1736871474000000000,1736873784000000000
BEV1_2025-01-14_drive3.csv,BEV1,validation,1736875207000000000,1736875952000000000
BEV1_2025-01-15_drive1.csv,BEV1,validation,1736966292000000000,1736966542000000000
BEV1_2025-01-15_drive2.csv,BEV1,validation,1736968498000000000,1736968656000000000
BEV1_2025-01-16_drive1.csv,BEV1,validation,1737013438000000000,1737015332000000000
BEV1_2025-01-16_drive2.csv,BEV1,validation,1737046307000000000,1737048167000000000
BEV1_2025-01-16_drive3.csv,BEV1,validation,1737049485000000000,1737050179000000000
BEV1_2025-01-16_drive4.csv,BEV1,validation,1737061969000000000,1737063220000000000
BEV1_2025-01-17_drive1.csv,BEV1,validation,1737135732000000000,1737136400000000000
BEV1_2025-01-17_drive2.csv,BEV1,validation,1737142627000000000,1737143588000000000
BEV1_2025-01-18_drive1.csv,BEV1,validation,1737192068000000000,1737193886000000000
BEV1_2025-01-18_drive2.csv,BEV1,validation,1737222298000000000,1737222686000000000
BEV1_2025-01-18_drive3.csv,BEV1,validation,1737224125000000000,1737224935000000000
BEV1_2025-01-18_drive4.csv,BEV1,validation,1737233222000000000,1737234078000000000
BEV1_2025-01-19_drive1.csv,BEV1,validation,1737289468000000000,1737291104000000000
BEV1_2025-01-19_drive3.csv,BEV1,validation,1737292019000000000,1737292746000000000
BEV1_2025-01-19_drive4.csv,BEV1,validation,1737292861000000000,1737293940000000000
BEV1_2025-01-19_drive5.csv,BEV1,validation,1737319695000000000,1737319803000000000
BEV1_2025-01-20_drive1.csv,BEV1,validation,1737386109000000000,1737386964000000000
BEV1_2025-01-20_drive2.csv,BEV1,validation,1737388614000000000,1737389796000000000
BEV1_2025-01-21_drive1.csv,BEV1,validation,1737445078000000000,1737446358000000000
BEV1_2025-01-21_drive2.csv,BEV1,validation,1737477176000000000,1737478721000000000
BEV1_2025-01-22_drive1.csv,BEV1,validation,1737528348000000000,1737529636000000000
BEV1_2025-01-22_drive2.csv,BEV1,validation,1737560794000000000,1737562864000000000
BEV1_2025-01-22_drive3.csv,BEV1,validation,1737582878000000000,1737582990000000000
BEV1_2025-01-23_drive1.csv,BEV1,validation,1737616864000000000,1737618893000000000
BEV1_2025-01-23_drive2.csv,BEV1,validation,1737647402000000000,1737648732000000000
BEV1_2025-01-23_drive3.csv,BEV1,validation,1737649482000000000,1737650381000000000
BEV1_2025-01-23_drive4.csv,BEV1,validation,1737651187000000000,1737651573000000000
BEV1_2025-01-23_drive5.csv,BEV1,validation,1737654479000000000,1737655199000000000
BEV1_2025-01-23_drive6.csv,BEV1,validation,1737665978000000000,1737667405000000000
BEV1_2025-01-27_drive1.csv,BEV1,calibration,1737962592000000000,1737963886000000000
BEV1_2025-01-27_drive2.csv,BEV1,calibration,1737991151000000000,1737992527000000000
BEV1_2025-01-27_drive3.csv,BEV1,calibration,1737999330000000000,1737999835000000000
BEV1_2025-01-27_drive4.csv,BEV1,calibration,1738002262000000000,1738003070000000000
BEV1_2025-01-27_drive5.csv,BEV1,calibration,1738003203000000000,1738003622000000000
BEV1_2025-01-27_drive6.csv,BEV1,calibration,1738014865000000000,1738014978000000000
BEV1_2025-01-28_drive1.csv,BEV1,calibration,1738061474000000000,1738064236000000000
BEV1_2025-01-28_drive2.csv,BEV1,calibration,1738081307000000000,1738084974000000000
BEV1_2025-01-29_drive1.csv,BEV1,calibration,1738133290000000000,1738135036000000000
BEV1_2025-01-29_drive2.csv,BEV1,calibration,1738168076000000000,1738169589000000000
BEV1_2025-01-29_drive3.csv,BEV1,calibration,1738176421000000000,1738176925000000000
BEV1_2025-01-30_drive1.csv,BEV1,calibration,1738220857000000000,1738223144000000000
BEV1_2025-01-30_drive2.csv,BEV1,calibration,1738253823000000000,1738255693000000000
BEV1_2025-01-30_drive3.csv,BEV1,calibration,1738259347000000000,1738260107000000000
BEV1_2025-01-30_drive4.csv,BEV1,calibration,1738269077000000000,1738269975000000000
BEV1_2025-01-31_drive1.csv,BEV1,calibration,1738309895000000000,1738311708000000000
BEV1_2025-01-31_drive2.csv,BEV1,calibration,1738321731000000000,1738321835000000000
BEV1_2025-01-31_drive3.csv,BEV1,calibration,1738322267000000000,1738323691000000000
BEV1_2025-01-31_drive4.csv,BEV1,calibration,1738325672000000000,1738328577000000000
BEV1_2025-01-31_drive5.csv,BEV1,calibration,1738333587000000000,1738334416000000000
BEV1_2025-01-31_drive6.csv,BEV1,calibration,1738339567000000000,1738340503000000000
BEV1_2025-02-02_drive1.csv,BEV1,calibration,1738502901000000000,1738503528000000000
BEV1_2025-02-02_drive2.csv,BEV1,calibration,1738504056000000000,1738504742000000000
BEV1_2025-02-02_drive3.csv,BEV1,calibration,1738505425000000000,1738506907000000000
BEV1_2025-02-02_drive4.csv,BEV1,calibration,1738510637000000000,1738512176000000000
BEV1_2025-02-02_drive6.csv,BEV1,calibration,1738525698000000000,1738526610000000000
BEV1_2025-02-03_drive1.csv,BEV1,calibration,1738566641000000000,1738567967000000000
BEV1_2025-02-03_drive2.csv,BEV1,calibration,1738597228000000000,1738599831000000000
BEV1_2025-02-03_drive3.csv,BEV1,calibration,1738606431000000000,1738606927000000000
BEV1_2025-02-04_drive1.csv,BEV1,calibration,1738653054000000000,1738654387000000000
BEV1_2025-02-04_drive2.csv,BEV1,calibration,1738683966000000000,1738686428000000000
BEV1_2025-02-04_drive3.csv,BEV1,calibration,1738694268000000000,1738694499000000000
BEV1_2025-02-05_drive1.csv,BEV1,calibration,1738740081000000000,1738741991000000000
BEV1_2025-02-05_drive2.csv,BEV1,calibration,1738774946000000000,1738776748000000000
BEV1_2025-02-05_drive3.csv,BEV1,calibration,1738777725000000000,1738778255000000000
BEV1_2025-02-06_drive1.csv,BEV1,calibration,1738825077000000000,1738827082000000000
BEV1_2025-02-06_drive2.csv,BEV1,calibration,1738860005000000000,1738861793000000000
BEV1_2025-02-07_drive1.csv,BEV1,calibration,1738910092000000000,1738910202000000000
BEV1_2025-02-07_drive2.csv,BEV1,calibration,1738915317000000000,1738920390000000000
BEV1_2025-02-09_drive1.csv,BEV1,calibration,1739136663000000000,1739138909000000000
BEV1_2025-02-09_drive2.csv,BEV1,calibration,1739140619000000000,1739144258000000000
BEV1_2025-02-10_drive1.csv,BEV1,calibration,1739194707000000000,1739195484000000000
BEV1_2025-02-10_drive2.csv,BEV1,calibration,1739196676000000000,1739196849000000000
BEV1_2025-02-10_drive3.csv,BEV1,calibration,1739206849000000000,1739207710000000000
BEV1_2025-02-10_drive4.csv,BEV1,calibration,1739208612000000000,1739209272000000000
BEV1_2025-02-10_drive5.csv,BEV1,calibration,1739215960000000000,1739216632000000000
BEV1_2025-02-11_drive1.csv,BEV1,calibration,1739256859000000000,1739258378000000000
BEV1_2025-02-11_drive2.csv,BEV1,calibration,1739289674000000000,1739291925000000000
BEV1_2025-02-11_drive3.csv,BEV1,calibration,1739299565000000000,1739299780000000000
BEV1_2025-02-12_drive1.csv,BEV1,calibration,1739344778000000000,1739346021000000000
BEV1_2025-02-12_drive2.csv,BEV1,calibration,1739376683000000000,1739379113000000000
BEV1_2025-02-12_drive3.csv,BEV1,calibration,1739381490000000000,1739383121000000000
BEV1_2025-02-12_drive4.csv,BEV1,calibration,1739386256000000000,1739388312000000000
BEV1_2025-02-13_drive1.csv,BEV1,calibration,1739432679000000000,1739433990000000000
BEV1_2025-02-13_drive2.csv,BEV1,calibration,1739465555000000000,1739467224000000000
BEV1_2025-02-13_drive3.csv,BEV1,calibration,1739479376000000000,1739479935000000000
BEV1_2025-02-13_drive4.csv,BEV1,calibration,1739480059000000000,1739481160000000000
BEV1_2025-02-14_drive1.csv,BEV1,calibration,1739545997000000000,1739546842000000000
BEV1_2025-02-14_drive2.csv,BEV1,calibration,1739552081000000000,1739552948000000000
BEV1_2025-02-14_drive3.csv,BEV1,calibration,1739557038000000000,1739558507000000000
BEV1_2025-02-14_drive4.csv,BEV1,calibration,1739566749000000000,1739567771000000000
BEV1_2025-02-15_drive1.csv,BEV1,calibration,1739607526000000000,1739607671000000000
BEV1_2025-02-15_drive2.csv,BEV1,calibration,1739613587000000000,1739613988000000000
BEV1_2025-02-15_drive3.csv,BEV1,calibration,1739614253000000000,1739617419000000000
BEV1_2025-02-15_drive4.csv,BEV1,calibration,1739635404000000000,1739636451000000000
BEV1_2025-02-15_drive5.csv,BEV1,calibration,1739659067000000000,1739662868000000000
BEV1_2025-02-16_drive1.csv,BEV1,future,1739707683000000000,1739708115000000000
BEV1_2025-02-16_drive2.csv,BEV1,future,1739711098000000000,1739711230000000000
BEV1_2025-02-16_drive3.csv,BEV1,future,1739711677000000000,1739712249000000000
BEV1_2025-02-17_drive1.csv,BEV1,future,1739787275000000000,1739789725000000000
BEV1_2025-02-17_drive2.csv,BEV1,future,1739793860000000000,1739794766000000000
BEV1_2025-02-17_drive3.csv,BEV1,future,1739795974000000000,1739798920000000000
BEV1_2025-02-17_drive4.csv,BEV1,future,1739799217000000000,1739800055000000000
BEV1_2025-02-17_drive5.csv,BEV1,future,1739800436000000000,1739800642000000000
BEV1_2025-02-17_drive6.csv,BEV1,future,1739801291000000000,1739802281000000000
BEV1_2025-02-17_drive7.csv,BEV1,future,1739802706000000000,1739803229000000000
BEV1_2025-02-18_drive1.csv,BEV1,future,1739862677000000000,1739864624000000000
BEV1_2025-05-23_drive1.csv,BEV1,future,1747995811000000000,1747996204000000000
BEV1_2025-05-23_drive2.csv,BEV1,future,1747997977000000000,1748000979000000000
BEV1_2025-05-23_drive3.csv,BEV1,future,1748007885000000000,1748008818000000000
BEV1_2025-05-23_drive4.csv,BEV1,future,1748013018000000000,1748013825000000000
BEV1_2025-05-24_drive1.csv,BEV1,future,1748085091000000000,1748085861000000000
BEV1_2025-05-24_drive2.csv,BEV1,future,1748094111000000000,1748094787000000000
BEV1_2025-05-24_drive3.csv,BEV1,future,1748101968000000000,1748102605000000000
BEV1_2025-05-24_drive4.csv,BEV1,future,1748104028000000000,1748104688000000000
BEV1_2025-05-25_drive1.csv,BEV1,future,1748184946000000000,1748186166000000000
BEV1_2025-05-25_drive2.csv,BEV1,future,1748194827000000000,1748196625000000000
BEV1_2025-05-26_drive1.csv,BEV1,future,1748240244000000000,1748242356000000000
BEV1_2025-05-26_drive2.csv,BEV1,future,1748263926000000000,1748267417000000000
BEV1_2025-05-26_drive3.csv,BEV1,future,1748270370000000000,1748270713000000000
BEV1_2025-05-26_drive4.csv,BEV1,future,1748276045000000000,1748277145000000000
BEV1_2025-05-26_drive5.csv,BEV1,future,1748279542000000000,1748280600000000000
BEV1_2025-05-27_drive1.csv,BEV1,future,1748326894000000000,1748328914000000000
BEV2_2024-05-16_drive1.csv,BEV2,train,1715875484000000000,1715876607000000000
BEV2_2024-05-17_drive2.csv,BEV2,train,1715962823000000000,1715966932000000000
BEV2_2024-05-18_drive1.csv,BEV2,train,1716023172000000000,1716029146000000000
BEV2_2024-05-18_drive2.csv,BEV2,train,1716033534000000000,1716041293000000000
BEV2_2024-05-18_drive3.csv,BEV2,train,1716044846000000000,1716048173000000000
BEV2_2024-05-18_drive4.csv,BEV2,train,1716049796000000000,1716051781000000000
BEV2_2024-05-18_drive5.csv,BEV2,train,1716053326000000000,1716054026000000000
BEV2_2024-05-18_drive6.csv,BEV2,train,1716057347000000000,1716058648000000000
BEV2_2024-05-18_drive7.csv,BEV2,train,1716061079000000000,1716062311000000000
BEV2_2024-05-19_drive1.csv,BEV2,train,1716101495000000000,1716102865000000000
BEV2_2024-05-19_drive2.csv,BEV2,train,1716103684000000000,1716105092000000000
BEV2_2024-05-19_drive4.csv,BEV2,train,1716118061000000000,1716125352000000000
BEV2_2024-05-19_drive5.csv,BEV2,train,1716132161000000000,1716139694000000000
BEV2_2024-05-19_drive6.csv,BEV2,train,1716141671000000000,1716142701000000000
BEV2_2024-05-19_drive7.csv,BEV2,train,1716146568000000000,1716147697000000000
BEV2_2024-05-20_drive1.csv,BEV2,train,1716229173000000000,1716231545000000000
BEV2_2024-05-21_drive1.csv,BEV2,train,1716271205000000000,1716273284000000000
BEV2_2024-05-21_drive2.csv,BEV2,train,1716286370000000000,1716287634000000000
BEV2_2024-05-21_drive3.csv,BEV2,train,1716291695000000000,1716294134000000000
BEV2_2024-05-21_drive4.csv,BEV2,train,1716305436000000000,1716306863000000000
BEV2_2024-05-21_drive5.csv,BEV2,train,1716311373000000000,1716313033000000000
BEV2_2024-05-21_drive6.csv,BEV2,train,1716314915000000000,1716315719000000000
BEV2_2024-05-21_drive7.csv,BEV2,train,1716319114000000000,1716320456000000000
BEV2_2024-05-21_drive8.csv,BEV2,train,1716323093000000000,1716329204000000000
BEV2_2024-05-22_drive1.csv,BEV2,train,1716353787000000000,1716354853000000000
BEV2_2024-05-22_drive2.csv,BEV2,train,1716402678000000000,1716404196000000000
BEV2_2024-05-23_drive1.csv,BEV2,train,1716443930000000000,1716445778000000000
BEV2_2024-06-14_drive1.csv,BEV2,train,1718389468000000000,1718390669000000000
BEV2_2024-06-14_drive2.csv,BEV2,train,1718395302000000000,1718396549000000000
BEV2_2024-06-15_drive1.csv,BEV2,train,1718444892000000000,1718450694000000000
BEV2_2024-06-15_drive2.csv,BEV2,train,1718454725000000000,1718459986000000000
BEV2_2024-06-15_drive3.csv,BEV2,train,1718463733000000000,1718469337000000000
BEV2_2024-06-18_drive1.csv,BEV2,train,1718728491000000000,1718731813000000000
BEV2_2024-06-19_drive1.csv,BEV2,train,1718776073000000000,1718779361000000000
BEV2_2024-06-19_drive2.csv,BEV2,train,1718783798000000000,1718786141000000000
BEV2_2024-06-19_drive3.csv,BEV2,train,1718793026000000000,1718795233000000000
BEV2_2024-06-19_drive4.csv,BEV2,train,1718807686000000000,1718808059000000000
BEV2_2024-06-19_drive5.csv,BEV2,train,1718810596000000000,1718811667000000000
BEV2_2024-06-19_drive6.csv,BEV2,train,1718818908000000000,1718819962000000000
BEV2_2024-06-19_drive7.csv,BEV2,train,1718831860000000000,1718833106000000000
BEV2_2024-06-20_drive1.csv,BEV2,train,1718876519000000000,1718877679000000000
BEV2_2024-06-20_drive2.csv,BEV2,train,1718905365000000000,1718906469000000000
BEV2_2024-06-21_drive1.csv,BEV2,train,1718949092000000000,1718951497000000000
BEV2_2024-06-21_drive10.csv,BEV2,train,1718993717000000000,1718994722000000000
BEV2_2024-06-21_drive2.csv,BEV2,train,1718995393000000000,1718996310000000000
BEV2_2024-06-21_drive3.csv,BEV2,train,1718959031000000000,1718960916000000000
BEV2_2024-06-21_drive4.csv,BEV2,train,1718965024000000000,1718968723000000000
BEV2_2024-06-21_drive5.csv,BEV2,train,1718977712000000000,1718978047000000000
BEV2_2024-06-21_drive6.csv,BEV2,train,1718982536000000000,1718983453000000000
BEV2_2024-06-21_drive7.csv,BEV2,train,1718986215000000000,1718987395000000000
BEV2_2024-06-21_drive8.csv,BEV2,train,1718987738000000000,1718988480000000000
BEV2_2024-06-21_drive9.csv,BEV2,train,1718991872000000000,1718992905000000000
BEV2_2024-06-22_drive1.csv,BEV2,train,1719051971000000000,1719052589000000000
BEV2_2024-06-22_drive2.csv,BEV2,train,1719056874000000000,1719065120000000000
BEV2_2024-06-22_drive3.csv,BEV2,train,1719068347000000000,1719070378000000000
BEV2_2024-06-22_drive4.csv,BEV2,train,1719070629000000000,1719074859000000000
BEV2_2024-06-22_drive5.csv,BEV2,train,1719076805000000000,1719077841000000000
BEV2_2024-06-22_drive6.csv,BEV2,train,1719080767000000000,1719081395000000000
BEV2_2024-06-22_drive7.csv,BEV2,train,1719095814000000000,1719096731000000000
BEV2_2024-06-23_drive1.csv,BEV2,train,1719124559000000000,1719125615000000000
BEV2_2024-06-23_drive2.csv,BEV2,train,1719126904000000000,1719129334000000000
BEV2_2024-06-23_drive3.csv,BEV2,train,1719133792000000000,1719134709000000000
BEV2_2024-06-23_drive4.csv,BEV2,train,1719135524000000000,1719137595000000000
BEV2_2024-06-24_drive1.csv,BEV2,train,1719208413000000000,1719210482000000000
BEV2_2024-06-24_drive2.csv,BEV2,train,1719242752000000000,1719243715000000000
BEV2_2024-06-24_drive3.csv,BEV2,train,1719246307000000000,1719247318000000000
BEV2_2024-06-24_drive4.csv,BEV2,train,1719248891000000000,1719250747000000000
BEV2_2024-06-25_drive1.csv,BEV2,train,1719288820000000000,1719292196000000000
BEV2_2024-06-25_drive2.csv,BEV2,train,1719296461000000000,1719300517000000000
BEV2_2024-06-25_drive3.csv,BEV2,train,1719309439000000000,1719312252000000000
BEV2_2024-06-25_drive5.csv,BEV2,train,1719331159000000000,1719333437000000000
BEV2_2024-06-26_drive1.csv,BEV2,train,1719382210000000000,1719382789000000000
BEV2_2024-06-26_drive2.csv,BEV2,train,1719394733000000000,1719397964000000000
BEV2_2024-06-26_drive3.csv,BEV2,train,1719398225000000000,1719399143000000000
BEV2_2024-06-26_drive4.csv,BEV2,train,1719407583000000000,1719409173000000000
BEV2_2024-06-26_drive7.csv,BEV2,train,1719426852000000000,1719430778000000000
BEV2_2024-06-27_drive7.csv,BEV2,train,1719504673000000000,1719505935000000000
BEV2_2024-06-27_drive8.csv,BEV2,train,1719511830000000000,1719514253000000000
BEV2_2024-06-28_drive2.csv,BEV2,train,1719568365000000000,1719572686000000000
BEV2_2024-06-29_drive7.csv,BEV2,train,1719678836000000000,1719679592000000000
BEV2_2024-06-29_drive8.csv,BEV2,train,1719683479000000000,1719687286000000000
BEV2_2024-06-30_drive6.csv,BEV2,train,1719762049000000000,1719766090000000000
BEV2_2024-07-04_drive1.csv,BEV2,train,1720072586000000000,1720073768000000000
BEV2_2024-07-05_drive3.csv,BEV2,train,1720173970000000000,1720174847000000000
BEV2_2024-07-05_drive4.csv,BEV2,train,1720175283000000000,1720179322000000000
BEV2_2024-07-05_drive5.csv,BEV2,train,1720179625000000000,1720185681000000000
BEV2_2024-07-05_drive6.csv,BEV2,train,1720185775000000000,1720187876000000000
BEV2_2024-07-05_drive8.csv,BEV2,train,1720208173000000000,1720209462000000000
BEV2_2024-07-05_drive9.csv,BEV2,train,1720216900000000000,1720218079000000000
BEV2_2024-07-29_drive1.csv,BEV2,train,1722254703000000000,1722259834000000000
BEV2_2024-07-29_drive2.csv,BEV2,train,1722261079000000000,1722263278000000000
BEV2_2024-07-29_drive3.csv,BEV2,train,1722271975000000000,1722275880000000000
BEV2_2024-07-29_drive4.csv,BEV2,train,1722282983000000000,1722283542000000000
BEV2_2024-07-30_drive2.csv,BEV2,train,1722359025000000000,1722361229000000000
BEV2_2024-07-30_drive3.csv,BEV2,train,1722368329000000000,1722369367000000000
BEV2_2024-07-31_drive2.csv,BEV2,train,1722427214000000000,1722427955000000000
BEV2_2024-07-31_drive3.csv,BEV2,train,1722434616000000000,1722438774000000000
BEV2_2024-07-31_drive4.csv,BEV2,train,1722439257000000000,1722441298000000000
BEV2_2024-07-31_drive5.csv,BEV2,train,1722441505000000000,1722442562000000000
BEV2_2024-08-01_drive1.csv,BEV2,train,1722495039000000000,1722496234000000000
BEV2_2024-08-01_drive2.csv,BEV2,train,1722509560000000000,1722510604000000000
BEV2_2024-08-01_drive3.csv,BEV2,train,1722526996000000000,1722528937000000000
BEV2_2024-08-01_drive4.csv,BEV2,train,1722530284000000000,1722531467000000000
BEV2_2024-08-01_drive5.csv,BEV2,train,1722543143000000000,1722545192000000000
BEV2_2024-08-02_drive1.csv,BEV2,train,1722580646000000000,1722581116000000000
BEV2_2024-08-02_drive2.csv,BEV2,train,1722583872000000000,1722584537000000000
BEV2_2024-08-02_drive3.csv,BEV2,train,1722585827000000000,1722586743000000000
BEV2_2024-08-02_drive4.csv,BEV2,train,1722589666000000000,1722592035000000000
BEV2_2024-08-02_drive5.csv,BEV2,train,1722598725000000000,1722604068000000000
BEV2_2024-08-02_drive8.csv,BEV2,train,1722630115000000000,1722630294000000000
BEV2_2024-08-03_drive1.csv,BEV2,train,1722669037000000000,1722669768000000000
BEV2_2024-08-03_drive2.csv,BEV2,train,1722670170000000000,1722671441000000000
BEV2_2024-08-03_drive3.csv,BEV2,train,1722678102000000000,1722680373000000000
BEV2_2024-08-03_drive4.csv,BEV2,train,1722687766000000000,1722689720000000000
BEV2_2024-08-04_drive1.csv,BEV2,train,1722773119000000000,1722774921000000000
BEV2_2024-08-04_drive2.csv,BEV2,train,1722786643000000000,1722787796000000000
BEV2_2024-08-04_drive4.csv,BEV2,train,1722793567000000000,1722794216000000000
BEV2_2024-08-05_drive1.csv,BEV2,train,1722841092000000000,1722844202000000000
BEV2_2024-08-05_drive2.csv,BEV2,train,1722871298000000000,1722875538000000000
BEV2_2024-08-05_drive3.csv,BEV2,train,1722880574000000000,1722882310000000000
BEV2_2024-08-06_drive1.csv,BEV2,train,1722926513000000000,1722927746000000000
BEV2_2024-08-06_drive2.csv,BEV2,train,1722947772000000000,1722948841000000000
BEV2_2024-08-06_drive3.csv,BEV2,train,1722954252000000000,1722956442000000000
BEV2_2024-08-06_drive4.csv,BEV2,train,1722960947000000000,1722962046000000000
BEV2_2024-08-06_drive5.csv,BEV2,train,1722963099000000000,1722964304000000000
BEV2_2024-08-07_drive1.csv,BEV2,train,1723010621000000000,1723013101000000000
BEV2_2024-08-07_drive2.csv,BEV2,train,1723014108000000000,1723015026000000000
BEV2_2024-08-07_drive3.csv,BEV2,train,1723015268000000000,1723016949000000000
BEV2_2024-08-07_drive4.csv,BEV2,train,1723025606000000000,1723026524000000000
BEV2_2024-08-07_drive5.csv,BEV2,train,1723027921000000000,1723029847000000000
BEV2_2024-08-07_drive6.csv,BEV2,train,1723041581000000000,1723044231000000000
BEV2_2024-08-07_drive7.csv,BEV2,train,1723047694000000000,1723049406000000000
BEV2_2024-08-07_drive8.csv,BEV2,train,1723057157000000000,1723058068000000000
BEV2_2024-08-07_drive9.csv,BEV2,train,1723060923000000000,1723062201000000000
BEV2_2024-08-08_drive1.csv,BEV2,train,1723099857000000000,1723099968000000000
BEV2_2024-08-08_drive2.csv,BEV2,train,1723107805000000000,1723109004000000000
BEV2_2024-08-08_drive3.csv,BEV2,train,1723137948000000000,1723139048000000000
BEV2_2024-08-08_drive4.csv,BEV2,train,1723146280000000000,1723146733000000000
BEV2_2024-08-09_drive2.csv,BEV2,train,1723211568000000000,1723212617000000000
BEV2_2024-08-09_drive3.csv,BEV2,train,1723213619000000000,1723215673000000000
BEV2_2024-08-09_drive4.csv,BEV2,train,1723216137000000000,1723217397000000000
BEV2_2024-08-09_drive5.csv,BEV2,train,1723223495000000000,1723224593000000000
BEV2_2024-08-09_drive6.csv,BEV2,train,1723232581000000000,1723233499000000000
BEV2_2024-08-09_drive7.csv,BEV2,train,1723238238000000000,1723239455000000000
BEV2_2024-08-09_drive8.csv,BEV2,train,1723239818000000000,1723240736000000000
BEV2_2024-08-10_drive1.csv,BEV2,train,1723291568000000000,1723298795000000000
BEV2_2024-08-10_drive2.csv,BEV2,train,1723302994000000000,1723307075000000000
BEV2_2024-08-11_drive1.csv,BEV2,train,1723360724000000000,1723362508000000000
BEV2_2024-08-11_drive2.csv,BEV2,train,1723368327000000000,1723370325000000000
BEV2_2024-08-11_drive3.csv,BEV2,train,1723373153000000000,1723375572000000000
BEV2_2024-08-11_drive4.csv,BEV2,train,1723378422000000000,1723380050000000000
BEV2_2024-08-12_drive2.csv,BEV2,train,1723487259000000000,1723488173000000000
BEV2_2024-08-13_drive1.csv,BEV2,train,1723528424000000000,1723528874000000000
BEV2_2024-08-13_drive2.csv,BEV2,train,1723541555000000000,1723542473000000000
BEV2_2024-08-13_drive3.csv,BEV2,train,1723545372000000000,1723546531000000000
BEV2_2024-08-13_drive4.csv,BEV2,train,1723559832000000000,1723560699000000000
BEV2_2024-08-13_drive5.csv,BEV2,train,1723561274000000000,1723564048000000000
BEV2_2024-08-13_drive6.csv,BEV2,train,1723565567000000000,1723566485000000000
BEV2_2024-08-13_drive7.csv,BEV2,train,1723567422000000000,1723568359000000000
BEV2_2024-08-13_drive8.csv,BEV2,train,1723572005000000000,1723573017000000000
BEV2_2024-08-14_drive1.csv,BEV2,train,1723625228000000000,1723627278000000000
BEV2_2024-08-14_drive2.csv,BEV2,train,1723627863000000000,1723629060000000000
BEV2_2024-08-14_drive3.csv,BEV2,train,1723630392000000000,1723632629000000000
BEV2_2024-08-14_drive5.csv,BEV2,train,1723656159000000000,1723657535000000000
BEV2_2024-08-14_drive6.csv,BEV2,train,1723666264000000000,1723666919000000000
BEV2_2024-08-14_drive7.csv,BEV2,train,1723667185000000000,1723667775000000000
BEV2_2024-08-15_drive1.csv,BEV2,train,1723707324000000000,1723708449000000000
BEV2_2024-08-15_drive10.csv,BEV2,train,1723740689000000000,1723741407000000000
BEV2_2024-08-15_drive11.csv,BEV2,train,1723741825000000000,1723746006000000000
BEV2_2024-08-15_drive2.csv,BEV2,train,1723749027000000000,1723749678000000000
BEV2_2024-08-15_drive3.csv,BEV2,train,1723760118000000000,1723761303000000000
BEV2_2024-08-15_drive4.csv,BEV2,train,1723715857000000000,1723717875000000000
BEV2_2024-08-15_drive5.csv,BEV2,train,1723719924000000000,1723721985000000000
BEV2_2024-08-15_drive6.csv,BEV2,train,1723723809000000000,1723727734000000000
BEV2_2024-08-15_drive7.csv,BEV2,train,1723728486000000000,1723730225000000000
BEV2_2024-08-15_drive8.csv,BEV2,train,1723734254000000000,1723735737000000000
BEV2_2024-08-15_drive9.csv,BEV2,train,1723735915000000000,1723739511000000000
BEV2_2024-08-16_drive1.csv,BEV2,train,1723787980000000000,1723790503000000000
BEV2_2024-08-16_drive2.csv,BEV2,train,1723792090000000000,1723794025000000000
BEV2_2024-08-16_drive3.csv,BEV2,train,1723800292000000000,1723800978000000000
BEV2_2024-08-16_drive4.csv,BEV2,train,1723802193000000000,1723803233000000000
BEV2_2024-08-16_drive5.csv,BEV2,train,1723812334000000000,1723814270000000000
BEV2_2024-08-16_drive6.csv,BEV2,train,1723837018000000000,1723839502000000000
BEV2_2024-08-16_drive7.csv,BEV2,train,1723850700000000000,1723859875000000000
BEV2_2024-08-17_drive1.csv,BEV2,train,1723891089000000000,1723891448000000000
BEV2_2024-08-17_drive2.csv,BEV2,train,1723895642000000000,1723898194000000000
BEV2_2024-08-17_drive4.csv,BEV2,train,1723911317000000000,1723912435000000000
BEV2_2024-08-17_drive5.csv,BEV2,train,1723914007000000000,1723915032000000000
BEV2_2024-08-17_drive6.csv,BEV2,train,1723917894000000000,1723919257000000000
BEV2_2024-08-17_drive7.csv,BEV2,train,1723938874000000000,1723939521000000000
BEV2_2024-08-18_drive1.csv,BEV2,train,1723966202000000000,1723967415000000000
BEV2_2024-08-18_drive2.csv,BEV2,train,1723978365000000000,1723980351000000000
BEV2_2024-08-18_drive3.csv,BEV2,train,1723983209000000000,1723984316000000000
BEV2_2024-08-18_drive4.csv,BEV2,train,1723986484000000000,1723990627000000000
BEV2_2024-08-18_drive5.csv,BEV2,train,1723993611000000000,1723997013000000000
BEV2_2024-08-18_drive6.csv,BEV2,train,1723998386000000000,1723999401000000000
BEV2_2024-08-18_drive7.csv,BEV2,train,1724004212000000000,1724005153000000000
BEV2_2024-08-18_drive8.csv,BEV2,train,1724023977000000000,1724024623000000000
BEV2_2024-08-19_drive1.csv,BEV2,train,1724058179000000000,1724059206000000000
BEV2_2024-08-19_drive2.csv,BEV2,train,1724059464000000000,1724061173000000000
BEV2_2024-08-19_drive4.csv,BEV2,train,1724079420000000000,1724081796000000000
BEV2_2024-08-19_drive5.csv,BEV2,train,1724084401000000000,1724085561000000000
BEV2_2024-08-19_drive6.csv,BEV2,train,1724088805000000000,1724090083000000000
BEV2_2024-08-19_drive7.csv,BEV2,train,1724092588000000000,1724093265000000000
BEV2_2024-08-19_drive8.csv,BEV2,train,1724103979000000000,1724104684000000000
BEV2_2024-08-20_drive1.csv,BEV2,train,1724133553000000000,1724134201000000000
BEV2_2024-08-20_drive3.csv,BEV2,train,1724150100000000000,1724151167000000000
BEV2_2024-08-20_drive4.csv,BEV2,train,1724168785000000000,1724169557000000000
BEV2_2024-08-20_drive5.csv,BEV2,train,1724171743000000000,1724172809000000000
BEV2_2024-08-20_drive6.csv,BEV2,train,1724185606000000000,1724187116000000000
BEV2_2024-08-21_drive1.csv,BEV2,train,1724219151000000000,1724219824000000000
BEV2_2024-08-21_drive2.csv,BEV2,train,1724220538000000000,1724231858000000000
BEV2_2024-08-22_drive1.csv,BEV2,train,1724327113000000000,1724333416000000000
BEV2_2024-08-22_drive2.csv,BEV2,train,1724334764000000000,1724336022000000000
BEV2_2024-08-22_drive3.csv,BEV2,train,1724338223000000000,1724338862000000000
BEV2_2024-08-22_drive4.csv,BEV2,train,1724342547000000000,1724343718000000000
BEV2_2024-08-22_drive5.csv,BEV2,train,1724349646000000000,1724350721000000000
BEV2_2024-08-22_drive6.csv,BEV2,train,1724353683000000000,1724355166000000000
BEV2_2024-08-23_drive1.csv,BEV2,train,1724394270000000000,1724396387000000000
BEV2_2024-08-23_drive4.csv,BEV2,train,1724420115000000000,1724421829000000000
BEV2_2024-08-23_drive5.csv,BEV2,train,1724423865000000000,1724425127000000000
BEV2_2024-08-23_drive6.csv,BEV2,train,1724431207000000000,1724432906000000000
BEV2_2024-08-23_drive7.csv,BEV2,train,1724436070000000000,1724437096000000000
BEV2_2024-08-23_drive8.csv,BEV2,train,1724443179000000000,1724444211000000000
BEV2_2024-08-24_drive1.csv,BEV2,train,1724491587000000000,1724494051000000000
BEV2_2024-08-24_drive2.csv,BEV2,train,1724510615000000000,1724515114000000000
BEV2_2024-08-24_drive3.csv,BEV2,train,1724516907000000000,1724517942000000000
BEV2_2024-08-24_drive4.csv,BEV2,train,1724529557000000000,1724530252000000000
BEV2_2024-08-25_drive1.csv,BEV2,train,1724573980000000000,1724574835000000000
BEV2_2024-08-25_drive2.csv,BEV2,train,1724576480000000000,1724577582000000000
BEV2_2024-08-25_drive3.csv,BEV2,train,1724587193000000000,1724588640000000000
BEV2_2024-08-25_drive4.csv,BEV2,train,1724591350000000000,1724594412000000000
BEV2_2024-08-25_drive5.csv,BEV2,train,1724598829000000000,1724602633000000000
BEV2_2024-08-25_drive6.csv,BEV2,train,1724623139000000000,1724624245000000000
BEV2_2024-08-26_drive2.csv,BEV2,train,1724693327000000000,1724697466000000000
BEV2_2024-08-26_drive3.csv,BEV2,train,1724704236000000000,1724705231000000000
BEV2_2024-08-27_drive2.csv,BEV2,train,1724753161000000000,1724753873000000000
BEV2_2024-08-28_drive2.csv,BEV2,train,1724858021000000000,1724862221000000000
BEV2_2024-08-28_drive3.csv,BEV2,train,1724862633000000000,1724863899000000000
BEV2_2024-08-28_drive4.csv,BEV2,train,1724873314000000000,1724874232000000000
BEV2_2024-08-29_drive1.csv,BEV2,train,1724911280000000000,1724914436000000000
BEV2_2024-08-29_drive2.csv,BEV2,train,1724914687000000000,1724915605000000000
BEV2_2024-08-29_drive3.csv,BEV2,train,1724916338000000000,1724919335000000000
BEV2_2024-08-29_drive4.csv,BEV2,train,1724925499000000000,1724926510000000000
BEV2_2024-08-29_drive5.csv,BEV2,train,1724928192000000000,1724929359000000000
BEV2_2024-08-29_drive6.csv,BEV2,train,1724953196000000000,1724953953000000000
BEV2_2024-08-29_drive7.csv,BEV2,train,1724954522000000000,1724955694000000000
BEV2_2024-08-29_drive8.csv,BEV2,train,1724961957000000000,1724963120000000000
BEV2_2024-08-30_drive1.csv,BEV2,train,1725003119000000000,1725004155000000000
BEV2_2024-08-30_drive2.csv,BEV2,train,1725007473000000000,1725009581000000000
BEV2_2024-08-30_drive3.csv,BEV2,train,1725009961000000000,1725010906000000000
BEV2_2024-08-30_drive4.csv,BEV2,train,1725015263000000000,1725015742000000000
BEV2_2024-08-30_drive5.csv,BEV2,train,1725032290000000000,1725037679000000000
BEV2_2024-08-30_drive6.csv,BEV2,train,1725054216000000000,1725057227000000000
BEV2_2024-08-31_drive1.csv,BEV2,train,1725090590000000000,1725095695000000000
BEV2_2024-08-31_drive2.csv,BEV2,train,1725096435000000000,1725104279000000000
BEV2_2024-08-31_drive4.csv,BEV2,train,1725135096000000000,1725136719000000000
BEV2_2024-09-01_drive1.csv,BEV2,train,1725178433000000000,1725179153000000000
BEV2_2024-09-01_drive3.csv,BEV2,train,1725194789000000000,1725199777000000000
BEV2_2024-09-01_drive4.csv,BEV2,train,1725204228000000000,1725205273000000000
BEV2_2024-09-01_drive5.csv,BEV2,train,1725213016000000000,1725216058000000000
BEV2_2024-09-02_drive1.csv,BEV2,train,1725275842000000000,1725278088000000000
BEV2_2024-09-02_drive2.csv,BEV2,train,1725282409000000000,1725284852000000000
BEV2_2024-09-02_drive3.csv,BEV2,train,1725286675000000000,1725288309000000000
BEV2_2024-09-03_drive1.csv,BEV2,train,1725343866000000000,1725344875000000000
BEV2_2024-09-03_drive2.csv,BEV2,train,1725355855000000000,1725356650000000000
BEV2_2024-09-03_drive3.csv,BEV2,train,1725358702000000000,1725359727000000000
BEV2_2024-09-03_drive4.csv,BEV2,train,1725369668000000000,1725370601000000000
BEV2_2024-09-03_drive5.csv,BEV2,train,1725374527000000000,1725376166000000000
BEV2_2024-09-03_drive6.csv,BEV2,train,1725379360000000000,1725380543000000000
BEV2_2024-09-04_drive1.csv,BEV2,train,1725430177000000000,1725431624000000000
BEV2_2024-09-04_drive2.csv,BEV2,train,1725445473000000000,1725446550000000000
BEV2_2024-09-04_drive3.csv,BEV2,train,1725449662000000000,1725451432000000000
BEV2_2024-09-04_drive4.csv,BEV2,train,1725455452000000000,1725456122000000000
BEV2_2024-09-04_drive5.csv,BEV2,train,1725458418000000000,1725461523000000000
BEV2_2024-09-06_drive1.csv,BEV2,train,1725610755000000000,1725612942000000000
BEV2_2024-09-06_drive2.csv,BEV2,train,1725618659000000000,1725619814000000000
BEV2_2024-09-06_drive3.csv,BEV2,train,1725641718000000000,1725642463000000000
BEV2_2024-09-07_drive1.csv,BEV2,train,1725702029000000000,1725702947000000000
BEV2_2024-09-07_drive2.csv,BEV2,train,1725703163000000000,1725704111000000000
BEV2_2024-09-07_drive3.csv,BEV2,train,1725711685000000000,1725716474000000000
BEV2_2024-09-07_drive4.csv,BEV2,train,1725717267000000000,1725718877000000000
BEV2_2024-09-07_drive5.csv,BEV2,train,1725719511000000000,1725721667000000000
BEV2_2024-09-07_drive6.csv,BEV2,train,1725725253000000000,1725726434000000000
BEV2_2024-09-08_drive2.csv,BEV2,train,1725789910000000000,1725791713000000000
BEV2_2024-09-08_drive3.csv,BEV2,train,1725794062000000000,1725795839000000000
BEV2_2024-09-08_drive4.csv,BEV2,train,1725798661000000000,1725802266000000000
BEV2_2024-09-08_drive5.csv,BEV2,train,1725803093000000000,1725804876000000000
BEV2_2024-09-09_drive1.csv,BEV2,train,1725861984000000000,1725863039000000000
BEV2_2024-09-09_drive2.csv,BEV2,train,1725896167000000000,1725897091000000000
BEV2_2024-09-09_drive3.csv,BEV2,train,1725899490000000000,1725903605000000000
BEV2_2024-09-10_drive1.csv,BEV2,train,1725937583000000000,1725939115000000000
BEV2_2024-09-10_drive2.csv,BEV2,train,1725953224000000000,1725954435000000000
BEV2_2024-09-10_drive3.csv,BEV2,train,1725971948000000000,1725976203000000000
BEV2_2024-09-10_drive5.csv,BEV2,train,1725991714000000000,1725995623000000000
BEV2_2024-09-10_drive6.csv,BEV2,train,1725997786000000000,1725999283000000000
BEV2_2024-09-11_drive1.csv,BEV2,train,1726038856000000000,1726041060000000000
BEV2_2024-09-11_drive2.csv,BEV2,train,1726051603000000000,1726054998000000000
BEV2_2024-09-11_drive3.csv,BEV2,train,1726066344000000000,1726071013000000000
BEV2_2024-09-12_drive1.csv,BEV2,train,1726135832000000000,1726136865000000000
BEV2_2024-09-12_drive2.csv,BEV2,train,1726137035000000000,1726137206000000000
BEV2_2024-09-12_drive3.csv,BEV2,train,1726137344000000000,1726137759000000000
BEV2_2024-09-12_drive4.csv,BEV2,train,1726138299000000000,1726138581000000000
BEV2_2024-09-12_drive5.csv,BEV2,train,1726138657000000000,1726138730000000000
BEV2_2024-09-12_drive6.csv,BEV2,train,1726146745000000000,1726147514000000000
BEV2_2024-09-12_drive8.csv,BEV2,train,1726156063000000000,1726156763000000000
BEV2_2024-09-13_drive1.csv,BEV2,train,1726207341000000000,1726207818000000000
BEV2_2024-09-13_drive2.csv,BEV2,train,1726219725000000000,1726220530000000000
BEV2_2024-09-13_drive3.csv,BEV2,train,1726220609000000000,1726221030000000000
BEV2_2024-09-13_drive4.csv,BEV2,train,1726239323000000000,1726241099000000000
BEV2_2024-09-13_drive5.csv,BEV2,train,1726243374000000000,1726244427000000000
BEV2_2024-09-13_drive6.csv,BEV2,train,1726252223000000000,1726252255000000000
BEV2_2024-09-13_drive7.csv,BEV2,train,1726259395000000000,1726261171000000000
BEV2_2024-09-13_drive8.csv,BEV2,train,1726267017000000000,1726269788000000000
BEV2_2024-09-14_drive1.csv,BEV2,train,1726295937000000000,1726296346000000000
BEV2_2024-09-14_drive2.csv,BEV2,train,1726300515000000000,1726301417000000000
BEV2_2024-09-14_drive3.csv,BEV2,train,1726303913000000000,1726307454000000000
BEV2_2024-09-14_drive5.csv,BEV2,train,1726319069000000000,1726320509000000000
BEV2_2024-09-14_drive7.csv,BEV2,train,1726326243000000000,1726327173000000000
BEV2_2024-09-14_drive8.csv,BEV2,train,1726331743000000000,1726333568000000000
BEV2_2024-09-14_drive9.csv,BEV2,train,1726338679000000000,1726340612000000000
BEV2_2024-09-15_drive1.csv,BEV2,train,1726389242000000000,1726389892000000000
BEV2_2024-09-15_drive2.csv,BEV2,train,1726392090000000000,1726392428000000000
BEV2_2024-09-15_drive3.csv,BEV2,train,1726404067000000000,1726407820000000000
BEV2_2024-09-15_drive4.csv,BEV2,train,1726412508000000000,1726413612000000000
BEV2_2024-09-15_drive5.csv,BEV2,train,1726415028000000000,1726419125000000000
BEV2_2024-09-15_drive6.csv,BEV2,train,1726433241000000000,1726433711000000000
BEV2_2024-09-15_drive7.csv,BEV2,train,1726433898000000000,1726434534000000000
BEV2_2024-09-15_drive8.csv,BEV2,train,1726434967000000000,1726435350000000000
BEV2_2024-09-16_drive2.csv,BEV2,train,1726480391000000000,1726480466000000000
BEV2_2024-09-16_drive3.csv,BEV2,train,1726486642000000000,1726487434000000000
BEV2_2024-09-16_drive4.csv,BEV2,train,1726491363000000000,1726491869000000000
BEV2_2024-09-16_drive5.csv,BEV2,train,1726493453000000000,1726493912000000000
BEV2_2024-09-16_drive6.csv,BEV2,train,1726501296000000000,1726503013000000000
BEV2_2024-09-17_drive1.csv,BEV2,train,1726568238000000000,1726574032000000000
BEV2_2024-09-17_drive2.csv,BEV2,train,1726588593000000000,1726594513000000000
BEV2_2024-09-17_drive3.csv,BEV2,train,1726596876000000000,1726598883000000000
BEV2_2024-09-18_drive1.csv,BEV2,train,1726638664000000000,1726639248000000000
BEV2_2024-09-18_drive2.csv,BEV2,train,1726654770000000000,1726655554000000000
BEV2_2024-09-18_drive3.csv,BEV2,train,1726666448000000000,1726668957000000000
BEV2_2024-09-18_drive4.csv,BEV2,train,1726670165000000000,1726671251000000000
BEV2_2024-09-18_drive5.csv,BEV2,train,1726675733000000000,1726676182000000000
BEV2_2024-09-19_drive1.csv,BEV2,train,1726725050000000000,1726728301000000000
BEV2_2024-09-19_drive2.csv,BEV2,train,1726760924000000000,1726765613000000000
BEV2_2024-09-20_drive1.csv,BEV2,train,1726810236000000000,1726810715000000000
BEV2_2024-09-20_drive2.csv,BEV2,train,1726847946000000000,1726850420000000000
BEV2_2024-09-20_drive3.csv,BEV2,train,1726852365000000000,1726854191000000000
BEV2_2024-09-20_drive4.csv,BEV2,train,1726860794000000000,1726861192000000000
BEV2_2024-09-21_drive1.csv,BEV2,train,1726916796000000000,1726918922000000000
BEV2_2024-09-21_drive2.csv,BEV2,train,1726919972000000000,1726921425000000000
BEV2_2024-09-21_drive3.csv,BEV2,train,1726921495000000000,1726922558000000000
BEV2_2024-09-21_drive4.csv,BEV2,train,1726922837000000000,1726926790000000000
BEV2_2024-09-21_drive5.csv,BEV2,train,1726939620000000000,1726943255000000000
BEV2_2024-09-21_drive6.csv,BEV2,train,1726946612000000000,1726947019000000000
BEV2_2024-09-21_drive7.csv,BEV2,train,1726950747000000000,1726951353000000000
BEV2_2024-09-22_drive1.csv,BEV2,train,1726996614000000000,1726997494000000000
BEV2_2024-09-22_drive2.csv,BEV2,train,1726999508000000000,1727000064000000000
BEV2_2024-09-22_drive3.csv,BEV2,train,1727006160000000000,1727007297000000000
BEV2_2024-09-23_drive1.csv,BEV2,train,1727071513000000000,1727072122000000000
BEV2_2024-09-23_drive2.csv,BEV2,train,1727081382000000000,1727082306000000000
BEV2_2024-09-23_drive3.csv,BEV2,train,1727084533000000000,1727085433000000000
BEV2_2024-09-24_drive1.csv,BEV2,train,1727214797000000000,1727215450000000000
BEV2_2024-09-25_drive1.csv,BEV2,train,1727247902000000000,1727248916000000000
BEV2_2024-09-25_drive2.csv,BEV2,train,1727249134000000000,1727249381000000000
BEV2_2024-09-25_drive3.csv,BEV2,train,1727270057000000000,1727270499000000000
BEV2_2024-09-25_drive4.csv,BEV2,train,1727287964000000000,1727288820000000000
BEV2_2024-09-26_drive1.csv,BEV2,train,1727329704000000000,1727330296000000000
BEV2_2024-09-26_drive2.csv,BEV2,train,1727369947000000000,1727370479000000000
BEV2_2024-09-26_drive3.csv,BEV2,train,1727370554000000000,1727371183000000000
BEV2_2024-09-27_drive1.csv,BEV2,train,1727415955000000000,1727419177000000000
BEV2_2024-09-27_drive2.csv,BEV2,train,1727430556000000000,1727433591000000000
BEV2_2024-09-27_drive3.csv,BEV2,train,1727453801000000000,1727454347000000000
BEV2_2024-09-27_drive4.csv,BEV2,train,1727455494000000000,1727458649000000000
BEV2_2024-09-27_drive5.csv,BEV2,train,1727472915000000000,1727476028000000000
BEV2_2024-09-28_drive1.csv,BEV2,train,1727512976000000000,1727514977000000000
BEV2_2024-09-28_drive2.csv,BEV2,train,1727520093000000000,1727521666000000000
BEV2_2024-09-28_drive4.csv,BEV2,train,1727537957000000000,1727539218000000000
BEV2_2024-09-28_drive5.csv,BEV2,train,1727539626000000000,1727543177000000000
BEV2_2024-09-28_drive6.csv,BEV2,train,1727544723000000000,1727545363000000000
BEV2_2024-09-29_drive1.csv,BEV2,train,1727584051000000000,1727585915000000000
BEV2_2024-09-29_drive2.csv,BEV2,train,1727609056000000000,1727612188000000000
BEV2_2024-09-29_drive3.csv,BEV2,train,1727615880000000000,1727616429000000000
BEV2_2024-09-29_drive4.csv,BEV2,train,1727625425000000000,1727625919000000000
BEV2_2024-09-29_drive5.csv,BEV2,train,1727638369000000000,1727640706000000000
BEV2_2024-09-30_drive1.csv,BEV2,train,1727674985000000000,1727675470000000000
BEV2_2024-09-30_drive2.csv,BEV2,train,1727689020000000000,1727689626000000000
BEV2_2024-09-30_drive3.csv,BEV2,train,1727689767000000000,1727690045000000000
BEV2_2024-09-30_drive4.csv,BEV2,train,1727693142000000000,1727693794000000000
BEV2_2024-09-30_drive5.csv,BEV2,train,1727713236000000000,1727713936000000000
BEV2_2024-09-30_drive6.csv,BEV2,train,1727720898000000000,1727726088000000000
BEV2_2024-10-01_drive1.csv,BEV2,train,1727765224000000000,1727766425000000000
BEV2_2024-10-01_drive2.csv,BEV2,train,1727794847000000000,1727800668000000000
BEV2_2024-10-01_drive3.csv,BEV2,train,1727803619000000000,1727804224000000000
BEV2_2024-10-02_drive1.csv,BEV2,train,1727848000000000000,1727851646000000000
BEV2_2024-10-02_drive2.csv,BEV2,train,1727860913000000000,1727864652000000000
BEV2_2024-10-02_drive3.csv,BEV2,train,1727868686000000000,1727869370000000000
BEV2_2024-10-02_drive4.csv,BEV2,train,1727886069000000000,1727886696000000000
BEV2_2024-10-02_drive5.csv,BEV2,train,1727888968000000000,1727889625000000000
BEV2_2024-10-03_drive1.csv,BEV2,train,1727934346000000000,1727934955000000000
BEV2_2024-10-03_drive2.csv,BEV2,train,1727948472000000000,1727948937000000000
BEV2_2024-10-03_drive3.csv,BEV2,train,1727950024000000000,1727950692000000000
BEV2_2024-10-03_drive4.csv,BEV2,train,1727974630000000000,1727975282000000000
BEV2_2024-10-03_drive5.csv,BEV2,train,1727976644000000000,1727977819000000000
BEV2_2024-10-03_drive6.csv,BEV2,train,1727983911000000000,1727985204000000000
BEV2_2024-10-04_drive1.csv,BEV2,train,1728020670000000000,1728021172000000000
BEV2_2024-10-04_drive2.csv,BEV2,train,1728063554000000000,1728064423000000000
BEV2_2024-10-05_drive1.csv,BEV2,train,1728107668000000000,1728107715000000000
BEV2_2024-10-06_drive1.csv,BEV2,train,1728221838000000000,1728222177000000000
BEV2_2024-10-06_drive2.csv,BEV2,train,1728227447000000000,1728227875000000000
BEV2_2024-10-06_drive3.csv,BEV2,train,1728232668000000000,1728232745000000000
BEV2_2024-10-07_drive1.csv,BEV2,train,1728283173000000000,1728283214000000000
BEV2_2024-10-07_drive2.csv,BEV2,train,1728326102000000000,1728326283000000000
BEV2_2024-10-08_drive1.csv,BEV2,train,1728367495000000000,1728370048000000000
BEV2_2024-10-08_drive2.csv,BEV2,train,1728379248000000000,1728384053000000000
BEV2_2024-10-08_drive3.csv,BEV2,train,1728386481000000000,1728387136000000000
BEV2_2024-10-08_drive4.csv,BEV2,train,1728391257000000000,1728391991000000000
BEV2_2024-10-08_drive5.csv,BEV2,train,1728395419000000000,1728399435000000000
BEV2_2024-10-08_drive6.csv,BEV2,train,1728412452000000000,1728415039000000000
BEV2_2024-10-08_drive7.csv,BEV2,train,1728415182000000000,1728416190000000000
BEV2_2024-10-09_drive1.csv,BEV2,train,1728452700000000000,1728452799000000000
BEV2_2024-10-09_drive2.csv,BEV2,train,1728465036000000000,1728465422000000000
BEV2_2024-10-09_drive3.csv,BEV2,train,1728480472000000000,1728480907000000000
BEV2_2024-10-09_drive4.csv,BEV2,train,1728489555000000000,1728490244000000000
BEV2_2024-10-10_drive1.csv,BEV2,train,1728538873000000000,1728539286000000000
BEV2_2024-10-10_drive2.csv,BEV2,train,1728569413000000000,1728570992000000000
BEV2_2024-10-10_drive3.csv,BEV2,train,1728576473000000000,1728578431000000000
BEV2_2024-10-11_drive2.csv,BEV2,train,1728667538000000000,1728668240000000000
BEV2_2024-10-11_drive3.csv,BEV2,train,1728670142000000000,1728670721000000000
BEV2_2024-10-11_drive4.csv,BEV2,train,1728677101000000000,1728678484000000000
BEV2_2024-10-12_drive1.csv,BEV2,train,1728749708000000000,1728750312000000000
BEV2_2024-10-12_drive2.csv,BEV2,train,1728756660000000000,1728756924000000000
BEV2_2024-10-13_drive1.csv,BEV2,train,1728807726000000000,1728809416000000000
BEV2_2024-10-13_drive2.csv,BEV2,train,1728813851000000000,1728815664000000000
BEV2_2024-10-13_drive3.csv,BEV2,train,1728820403000000000,1728820949000000000
BEV2_2024-10-13_drive4.csv,BEV2,train,1728830278000000000,1728830881000000000
BEV2_2024-10-13_drive5.csv,BEV2,train,1728850535000000000,1728852375000000000
BEV2_2024-10-14_drive1.csv,BEV2,train,1728884477000000000,1728887810000000000
BEV2_2024-10-14_drive2.csv,BEV2,train,1728899782000000000,1728900851000000000
BEV2_2024-10-14_drive3.csv,BEV2,train,1728902757000000000,1728910394000000000
BEV2_2024-10-14_drive4.csv,BEV2,train,1728914971000000000,1728917538000000000
BEV2_2024-10-14_drive5.csv,BEV2,train,1728918223000000000,1728919765000000000
BEV2_2024-10-15_drive1.csv,BEV2,train,1728972672000000000,1728972817000000000
BEV2_2024-10-15_drive2.csv,BEV2,train,1728988962000000000,1728989118000000000
BEV2_2024-10-16_drive1.csv,BEV2,train,1729051304000000000,1729051413000000000
BEV2_2024-10-16_drive2.csv,BEV2,train,1729051830000000000,1729053128000000000
BEV2_2024-10-16_drive3.csv,BEV2,train,1729062098000000000,1729062507000000000
BEV2_2024-10-16_drive4.csv,BEV2,train,1729071327000000000,1729071595000000000
BEV2_2024-10-16_drive5.csv,BEV2,train,1729071889000000000,1729072101000000000
BEV2_2024-10-16_drive6.csv,BEV2,train,1729080295000000000,1729082163000000000
BEV2_2024-10-17_drive1.csv,BEV2,train,1729203725000000000,1729205102000000000
BEV2_2024-10-18_drive1.csv,BEV2,train,1729232964000000000,1729236911000000000
BEV2_2024-10-18_drive2.csv,BEV2,train,1729248367000000000,1729251968000000000
BEV2_2024-10-18_drive3.csv,BEV2,train,1729263884000000000,1729264388000000000
BEV2_2024-10-18_drive4.csv,BEV2,train,1729279400000000000,1729280303000000000
BEV2_2024-10-19_drive1.csv,BEV2,train,1729341323000000000,1729344854000000000
BEV2_2024-10-19_drive2.csv,BEV2,train,1729345523000000000,1729346656000000000
BEV2_2024-10-19_drive3.csv,BEV2,train,1729349706000000000,1729353998000000000
BEV2_2024-10-19_drive4.csv,BEV2,train,1729361676000000000,1729363016000000000
BEV2_2024-10-19_drive5.csv,BEV2,train,1729363194000000000,1729363428000000000
BEV2_2024-10-20_drive1.csv,BEV2,train,1729416343000000000,1729417129000000000
BEV2_2024-10-20_drive2.csv,BEV2,train,1729419524000000000,1729419880000000000
BEV2_2024-10-20_drive3.csv,BEV2,train,1729442081000000000,1729443318000000000
BEV2_2024-10-20_drive4.csv,BEV2,train,1729448515000000000,1729449145000000000
BEV2_2024-10-20_drive5.csv,BEV2,train,1729449462000000000,1729449975000000000
BEV2_2024-10-21_drive1.csv,BEV2,train,1729490483000000000,1729491207000000000
BEV2_2024-10-21_drive2.csv,BEV2,train,1729506221000000000,1729506338000000000
BEV2_2024-10-21_drive3.csv,BEV2,train,1729511835000000000,1729513716000000000
BEV2_2024-10-23_drive1.csv,BEV2,train,1729719384000000000,1729720833000000000
BEV2_2024-10-24_drive1.csv,BEV2,train,1729747698000000000,1729748388000000000
BEV2_2024-10-24_drive2.csv,BEV2,train,1729783247000000000,1729784166000000000
BEV2_2024-10-25_drive1.csv,BEV2,train,1729835581000000000,1729836177000000000
BEV2_2024-10-25_drive2.csv,BEV2,train,1729875638000000000,1729876742000000000
BEV2_2024-10-26_drive1.csv,BEV2,train,1729946469000000000,1729951228000000000
BEV2_2024-10-26_drive2.csv,BEV2,train,1729963593000000000,1729964917000000000
BEV2_2024-10-26_drive3.csv,BEV2,train,1729974002000000000,1729977175000000000
BEV2_2024-10-27_drive1.csv,BEV2,train,1730024326000000000,1730024903000000000
BEV2_2024-10-27_drive2.csv,BEV2,train,1730027317000000000,1730027722000000000
BEV2_2024-10-27_drive3.csv,BEV2,train,1730034528000000000,1730037742000000000
BEV2_2024-10-27_drive4.csv,BEV2,train,1730047092000000000,1730049255000000000
BEV2_2024-10-27_drive5.csv,BEV2,train,1730060988000000000,1730063076000000000
BEV2_2024-10-28_drive1.csv,BEV2,train,1730099582000000000,1730100102000000000
BEV2_2024-10-28_drive2.csv,BEV2,train,1730114118000000000,1730114686000000000
BEV2_2024-10-28_drive3.csv,BEV2,train,1730130137000000000,1730131472000000000
BEV2_2024-10-28_drive4.csv,BEV2,train,1730132598000000000,1730135266000000000
BEV2_2024-10-29_drive1.csv,BEV2,train,1730189157000000000,1730190178000000000
BEV2_2024-10-29_drive2.csv,BEV2,train,1730190362000000000,1730193494000000000
BEV2_2024-10-29_drive3.csv,BEV2,train,1730215357000000000,1730216076000000000
BEV2_2024-10-29_drive4.csv,BEV2,train,1730216546000000000,1730220255000000000
BEV2_2024-10-30_drive1.csv,BEV2,train,1730271499000000000,1730271988000000000
BEV2_2024-10-30_drive2.csv,BEV2,train,1730284200000000000,1730284740000000000
BEV2_2024-10-30_drive3.csv,BEV2,train,1730288582000000000,1730289033000000000
BEV2_2024-10-30_drive4.csv,BEV2,train,1730298872000000000,1730299324000000000
BEV2_2024-10-30_drive5.csv,BEV2,train,1730307792000000000,1730308530000000000
BEV2_2024-10-30_drive6.csv,BEV2,train,1730316118000000000,1730317325000000000
BEV2_2024-10-31_drive1.csv,BEV2,train,1730357195000000000,1730357725000000000
BEV2_2024-10-31_drive2.csv,BEV2,train,1730367834000000000,1730367896000000000
BEV2_2024-10-31_drive3.csv,BEV2,train,1730372518000000000,1730373083000000000
BEV2_2024-10-31_drive4.csv,BEV2,train,1730373838000000000,1730374384000000000
BEV2_2024-10-31_drive5.csv,BEV2,train,1730392501000000000,1730393369000000000
BEV2_2024-10-31_drive6.csv,BEV2,train,1730398862000000000,1730399411000000000
BEV2_2024-10-31_drive7.csv,BEV2,train,1730405706000000000,1730406742000000000
BEV2_2024-11-01_drive1.csv,BEV2,train,1730429076000000000,1730434386000000000
BEV2_2024-11-04_drive1.csv,BEV2,train,1730717736000000000,1730723038000000000
BEV2_2024-11-04_drive2.csv,BEV2,train,1730723426000000000,1730724457000000000
BEV2_2024-11-04_drive3.csv,BEV2,train,1730724757000000000,1730725570000000000
BEV2_2024-11-04_drive4.csv,BEV2,train,1730728466000000000,1730732293000000000
BEV2_2024-11-04_drive5.csv,BEV2,train,1730735931000000000,1730737192000000000
BEV2_2024-11-04_drive6.csv,BEV2,train,1730737871000000000,1730738331000000000
BEV2_2024-11-04_drive7.csv,BEV2,train,1730741316000000000,1730742902000000000
BEV2_2024-11-04_drive8.csv,BEV2,train,1730753316000000000,1730756531000000000
BEV2_2024-11-05_drive1.csv,BEV2,train,1730789361000000000,1730790069000000000
BEV2_2024-11-05_drive2.csv,BEV2,train,1730825802000000000,1730826536000000000
BEV2_2024-11-12_drive1.csv,BEV2,train,1731431043000000000,1731434190000000000
BEV2_2024-11-13_drive1.csv,BEV2,train,1731482009000000000,1731482698000000000
BEV2_2024-11-13_drive2.csv,BEV2,train,1731510422000000000,1731511664000000000
BEV2_2024-11-13_drive3.csv,BEV2,train,1731523490000000000,1731524477000000000
BEV2_2024-11-13_drive4.csv,BEV2,train,1731532084000000000,1731532822000000000
BEV2_2024-11-14_drive1.csv,BEV2,train,1731567074000000000,1731567782000000000
BEV2_2024-11-14_drive2.csv,BEV2,train,1731577830000000000,1731580785000000000
BEV2_2024-11-14_drive3.csv,BEV2,train,1731606434000000000,1731608953000000000
BEV2_2024-11-15_drive2.csv,BEV2,train,1731652113000000000,1731652234000000000
BEV2_2024-11-15_drive3.csv,BEV2,train,1731659794000000000,1731660159000000000
BEV2_2024-11-15_drive4.csv,BEV2,train,1731668470000000000,1731669031000000000
BEV2_2024-11-15_drive5.csv,BEV2,train,1731672902000000000,1731673349000000000
BEV2_2024-11-15_drive6.csv,BEV2,train,1731693612000000000,1731694240000000000
BEV2_2024-11-15_drive7.csv,BEV2,train,1731694423000000000,1731697724000000000
BEV2_2024-11-15_drive8.csv,BEV2,train,1731706404000000000,1731709240000000000
BEV2_2024-11-16_drive1.csv,BEV2,train,1731744593000000000,1731744998000000000
BEV2_2024-11-16_drive2.csv,BEV2,train,1731747173000000000,1731747775000000000
BEV2_2024-11-16_drive3.csv,BEV2,train,1731751706000000000,1731752412000000000
BEV2_2024-11-16_drive4.csv,BEV2,train,1731752631000000000,1731753046000000000
BEV2_2024-11-16_drive5.csv,BEV2,train,1731764914000000000,1731769659000000000
BEV2_2024-11-16_drive6.csv,BEV2,train,1731775548000000000,1731776876000000000
BEV2_2024-11-16_drive7.csv,BEV2,train,1731778019000000000,1731782333000000000
BEV2_2024-11-17_drive1.csv,BEV2,train,1731844384000000000,1731844534000000000
BEV2_2024-11-17_drive2.csv,BEV2,train,1731874252000000000,1731875687000000000
BEV2_2024-11-18_drive1.csv,BEV2,train,1731913483000000000,1731914311000000000
BEV2_2024-11-18_drive2.csv,BEV2,train,1731927066000000000,1731927681000000000
BEV2_2024-11-18_drive3.csv,BEV2,train,1731930046000000000,1731930438000000000
BEV2_2024-11-18_drive4.csv,BEV2,train,1731948361000000000,1731949059000000000
BEV2_2024-11-19_drive1.csv,BEV2,train,1731999409000000000,1732000215000000000
BEV2_2024-11-19_drive2.csv,BEV2,train,1732037401000000000,1732038127000000000
BEV2_2024-11-20_drive1.csv,BEV2,train,1732083579000000000,1732084113000000000
BEV2_2024-11-20_drive2.csv,BEV2,train,1732093794000000000,1732097115000000000
BEV2_2024-11-20_drive3.csv,BEV2,train,1732110329000000000,1732113530000000000
BEV2_2024-11-20_drive4.csv,BEV2,train,1732122292000000000,1732122884000000000
BEV2_2024-11-21_drive1.csv,BEV2,train,1732188487000000000,1732188879000000000
BEV2_2024-11-21_drive2.csv,BEV2,train,1732208880000000000,1732209371000000000
BEV2_2024-11-21_drive3.csv,BEV2,train,1732209519000000000,1732209797000000000
BEV2_2024-11-21_drive4.csv,BEV2,train,1732209897000000000,1732210597000000000
BEV2_2024-11-21_drive5.csv,BEV2,train,1732210816000000000,1732211076000000000
BEV2_2024-11-21_drive6.csv,BEV2,train,1732216483000000000,1732217429000000000
BEV2_2024-11-21_drive7.csv,BEV2,train,1732229252000000000,1732229677000000000
BEV2_2024-11-22_drive1.csv,BEV2,train,1732255254000000000,1732255980000000000
BEV2_2024-11-22_drive2.csv,BEV2,train,1732266086000000000,1732268944000000000
BEV2_2024-11-22_drive3.csv,BEV2,train,1732270259000000000,1732270783000000000
BEV2_2024-11-23_drive1.csv,BEV2,train,1732352075000000000,1732353118000000000
BEV2_2024-11-23_drive2.csv,BEV2,train,1732375822000000000,1732375986000000000
BEV2_2024-11-23_drive3.csv,BEV2,train,1732380469000000000,1732380719000000000
BEV2_2024-11-24_drive1.csv,BEV2,train,1732454730000000000,1732455748000000000
BEV2_2024-11-24_drive2.csv,BEV2,train,1732469726000000000,1732474520000000000
BEV2_2024-11-26_drive1.csv,BEV2,train,1732621462000000000,1732622430000000000
BEV2_2024-11-26_drive2.csv,BEV2,train,1732639215000000000,1732640852000000000
BEV2_2024-11-27_drive1.csv,BEV2,train,1732692400000000000,1732692916000000000
BEV2_2024-11-27_drive2.csv,BEV2,train,1732693227000000000,1732694065000000000
BEV2_2024-11-27_drive3.csv,BEV2,train,1732718343000000000,1732718746000000000
BEV2_2024-11-27_drive4.csv,BEV2,train,1732727287000000000,1732728725000000000
BEV2_2024-11-27_drive5.csv,BEV2,train,1732736890000000000,1732737677000000000
BEV2_2024-11-28_drive1.csv,BEV2,train,1732776501000000000,1732777320000000000
BEV2_2024-11-28_drive2.csv,BEV2,train,1732791449000000000,1732794603000000000
BEV2_2024-11-28_drive3.csv,BEV2,train,1732807412000000000,1732810964000000000
BEV2_2024-11-28_drive4.csv,BEV2,train,1732814249000000000,1732816074000000000
BEV2_2024-11-29_drive1.csv,BEV2,train,1732864051000000000,1732865185000000000
BEV2_2024-11-29_drive2.csv,BEV2,train,1732883121000000000,1732883674000000000
BEV2_2024-11-29_drive3.csv,BEV2,train,1732904648000000000,1732906063000000000
BEV2_2024-11-29_drive4.csv,BEV2,train,1732911643000000000,1732912493000000000
BEV2_2024-11-29_drive5.csv,BEV2,train,1732912605000000000,1732912892000000000
BEV2_2024-11-30_drive1.csv,BEV2,train,1732958978000000000,1732959958000000000
BEV2_2024-11-30_drive2.csv,BEV2,train,1732965683000000000,1732966880000000000
BEV2_2024-11-30_drive3.csv,BEV2,train,1732974669000000000,1732975187000000000
BEV2_2024-11-30_drive4.csv,BEV2,train,1732975335000000000,1732978648000000000
BEV2_2024-11-30_drive5.csv,BEV2,train,1732982406000000000,1732983674000000000
BEV2_2024-11-30_drive6.csv,BEV2,train,1732984474000000000,1732986810000000000
BEV2_2024-11-30_drive7.csv,BEV2,train,1732987798000000000,1732989848000000000
BEV2_2024-12-01_drive1.csv,BEV2,validation,1733042059000000000,1733042741000000000
BEV2_2024-12-01_drive2.csv,BEV2,validation,1733042995000000000,1733043310000000000
BEV2_2024-12-01_drive3.csv,BEV2,validation,1733044886000000000,1733045195000000000
BEV2_2024-12-01_drive4.csv,BEV2,validation,1733048240000000000,1733048324000000000
BEV2_2024-12-01_drive5.csv,BEV2,validation,1733052783000000000,1733053711000000000
BEV2_2024-12-01_drive6.csv,BEV2,validation,1733063519000000000,1733064181000000000
BEV2_2024-12-01_drive7.csv,BEV2,validation,1733079680000000000,1733080846000000000
BEV2_2024-12-01_drive8.csv,BEV2,validation,1733080982000000000,1733081334000000000
BEV2_2024-12-08_drive1.csv,BEV2,validation,1733650584000000000,1733651245000000000
BEV2_2024-12-08_drive2.csv,BEV2,validation,1733653082000000000,1733653504000000000
BEV2_2024-12-08_drive3.csv,BEV2,validation,1733656988000000000,1733658140000000000
BEV2_2024-12-08_drive4.csv,BEV2,validation,1733664640000000000,1733667944000000000
BEV2_2024-12-08_drive5.csv,BEV2,validation,1733669405000000000,1733670304000000000
BEV2_2024-12-08_drive6.csv,BEV2,validation,1733674034000000000,1733677640000000000
BEV2_2024-12-09_drive1.csv,BEV2,validation,1733726707000000000,1733729168000000000
BEV2_2024-12-09_drive2.csv,BEV2,validation,1733741585000000000,1733742408000000000
BEV2_2024-12-09_drive3.csv,BEV2,validation,1733746012000000000,1733746889000000000
BEV2_2024-12-09_drive4.csv,BEV2,validation,1733761911000000000,1733763211000000000
BEV2_2024-12-09_drive5.csv,BEV2,validation,1733776396000000000,1733777018000000000
BEV2_2024-12-09_drive6.csv,BEV2,validation,1733778195000000000,1733779958000000000
BEV2_2024-12-10_drive1.csv,BEV2,validation,1733813080000000000,1733814058000000000
BEV2_2024-12-10_drive2.csv,BEV2,validation,1733851504000000000,1733852239000000000
BEV2_2024-12-10_drive3.csv,BEV2,validation,1733852413000000000,1733853022000000000
BEV2_2024-12-11_drive1.csv,BEV2,validation,1733900033000000000,1733901060000000000
BEV2_2024-12-11_drive2.csv,BEV2,validation,1733936541000000000,1733937250000000000
BEV2_2024-12-12_drive1.csv,BEV2,validation,1733985837000000000,1733991004000000000
BEV2_2024-12-12_drive2.csv,BEV2,validation,1734001314000000000,1734005928000000000
BEV2_2024-12-12_drive3.csv,BEV2,validation,1734017271000000000,1734017917000000000
BEV2_2024-12-13_drive1.csv,BEV2,validation,1734072427000000000,1734074415000000000
BEV2_2024-12-13_drive2.csv,BEV2,validation,1734110885000000000,1734111653000000000
BEV2_2024-12-13_drive4.csv,BEV2,validation,1734127130000000000,1734128005000000000
BEV2_2024-12-14_drive1.csv,BEV2,validation,1734167209000000000,1734168410000000000
BEV2_2024-12-14_drive2.csv,BEV2,validation,1734178450000000000,1734179616000000000
BEV2_2024-12-14_drive3.csv,BEV2,validation,1734184576000000000,1734187500000000000
BEV2_2024-12-14_drive4.csv,BEV2,validation,1734194630000000000,1734195954000000000
BEV2_2024-12-14_drive5.csv,BEV2,validation,1734198592000000000,1734199805000000000
BEV2_2024-12-14_drive6.csv,BEV2,validation,1734206852000000000,1734207796000000000
BEV2_2024-12-15_drive1.csv,BEV2,validation,1734252941000000000,1734253809000000000
BEV2_2024-12-15_drive2.csv,BEV2,validation,1734255800000000000,1734256387000000000
BEV2_2024-12-15_drive3.csv,BEV2,validation,1734268083000000000,1734272048000000000
BEV2_2024-12-15_drive4.csv,BEV2,validation,1734279305000000000,1734283183000000000
BEV2_2024-12-15_drive5.csv,BEV2,validation,1734290627000000000,1734291787000000000
BEV2_2024-12-15_drive6.csv,BEV2,validation,1734292393000000000,1734294049000000000
BEV2_2024-12-15_drive7.csv,BEV2,validation,1734305677000000000,1734306830000000000
BEV2_2024-12-16_drive1.csv,BEV2,validation,1734332155000000000,1734332811000000000
BEV2_2024-12-17_drive1.csv,BEV2,validation,1734453174000000000,1734454835000000000
BEV2_2024-12-19_drive2.csv,BEV2,validation,1734632471000000000,1734633761000000000
BEV2_2024-12-20_drive1.csv,BEV2,validation,1734718994000000000,1734720394000000000
BEV2_2024-12-22_drive1.csv,BEV2,validation,1734893218000000000,1734893679000000000
BEV2_2024-12-23_drive1.csv,BEV2,validation,1734941689000000000,1734945987000000000
BEV2_2024-12-23_drive2.csv,BEV2,validation,1734980508000000000,1734982156000000000
BEV2_2024-12-24_drive1.csv,BEV2,validation,1735052817000000000,1735054026000000000
BEV2_2024-12-24_drive2.csv,BEV2,validation,1735062271000000000,1735062403000000000
BEV2_2024-12-26_drive1.csv,BEV2,validation,1735221611000000000,1735223591000000000
BEV2_2024-12-27_drive1.csv,BEV2,validation,1735329424000000000,1735333625000000000
BEV2_2024-12-28_drive1.csv,BEV2,validation,1735376937000000000,1735377390000000000
BEV2_2024-12-28_drive2.csv,BEV2,validation,1735396889000000000,1735397075000000000
BEV2_2024-12-31_drive1.csv,BEV2,validation,1735631887000000000,1735634753000000000
BEV2_2024-12-31_drive2.csv,BEV2,validation,1735646968000000000,1735650426000000000
BEV2_2024-12-31_drive3.csv,BEV2,validation,1735652706000000000,1735654443000000000
BEV2_2024-12-31_drive4.csv,BEV2,validation,1735656932000000000,1735657186000000000
BEV2_2024-12-31_drive5.csv,BEV2,validation,1735659824000000000,1735660014000000000
BEV2_2025-01-01_drive1.csv,BEV2,validation,1735759419000000000,1735759732000000000
BEV2_2025-01-01_drive2.csv,BEV2,validation,1735761282000000000,1735762370000000000
BEV2_2025-01-02_drive1.csv,BEV2,validation,1735817798000000000,1735818033000000000
BEV2_2025-01-02_drive2.csv,BEV2,validation,1735822452000000000,1735822703000000000
BEV2_2025-01-03_drive1.csv,BEV2,validation,1735913723000000000,1735915183000000000
BEV2_2025-01-03_drive2.csv,BEV2,validation,1735946621000000000,1735947465000000000
BEV2_2025-01-04_drive1.csv,BEV2,validation,1735973769000000000,1735976376000000000
BEV2_2025-01-04_drive2.csv,BEV2,validation,1735992720000000000,1735992966000000000
BEV2_2025-01-04_drive3.csv,BEV2,validation,1736011555000000000,1736011899000000000
BEV2_2025-01-04_drive4.csv,BEV2,validation,1736029114000000000,1736030519000000000
BEV2_2025-01-05_drive1.csv,BEV2,validation,1736099469000000000,1736099791000000000
BEV2_2025-01-05_drive2.csv,BEV2,validation,1736111842000000000,1736112058000000000
BEV2_2025-01-05_drive3.csv,BEV2,validation,1736113974000000000,1736114896000000000
BEV2_2025-01-05_drive4.csv,BEV2,validation,1736116323000000000,1736117320000000000
BEV2_2025-01-07_drive1.csv,BEV2,validation,1736280250000000000,1736280734000000000
BEV2_2025-01-09_drive1.csv,BEV2,validation,1736407578000000000,1736408010000000000
BEV2_2025-01-09_drive2.csv,BEV2,validation,1736422879000000000,1736423191000000000
BEV2_2025-01-09_drive5.csv,BEV2,validation,1736446364000000000,1736446665000000000
BEV2_2025-01-10_drive1.csv,BEV2,validation,1736529887000000000,1736530176000000000
BEV2_2025-01-11_drive1.csv,BEV2,validation,1736602300000000000,1736607411000000000
BEV2_2025-01-11_drive2.csv,BEV2,validation,1736613579000000000,1736616102000000000
BEV2_2025-01-12_drive1.csv,BEV2,validation,1736671107000000000,1736672575000000000
BEV2_2025-01-12_drive2.csv,BEV2,validation,1736704125000000000,1736705214000000000
BEV2_2025-01-12_drive3.csv,BEV2,validation,1736710262000000000,1736710366000000000
BEV2_2025-01-15_drive1.csv,BEV2,validation,1736947930000000000,1736949187000000000
BEV2_2025-01-16_drive1.csv,BEV2,validation,1737057515000000000,1737062687000000000
BEV2_2025-01-17_drive1.csv,BEV2,validation,1737097703000000000,1737100540000000000
BEV2_2025-01-17_drive2.csv,BEV2,validation,1737131488000000000,1737134926000000000
BEV2_2025-01-18_drive1.csv,BEV2,validation,1737187258000000000,1737188536000000000
BEV2_2025-01-20_drive1.csv,BEV2,validation,1737369613000000000,1737369847000000000
BEV2_2025-01-22_drive1.csv,BEV2,validation,1737531140000000000,1737532884000000000
BEV2_2025-01-22_drive2.csv,BEV2,validation,1737563763000000000,1737565516000000000
BEV2_2025-01-24_drive1.csv,BEV2,calibration,1737702986000000000,1737707808000000000
BEV2_2025-01-24_drive2.csv,BEV2,calibration,1737725478000000000,1737727748000000000
BEV2_2025-01-25_drive2.csv,BEV2,calibration,1737823924000000000,1737824708000000000
BEV2_2025-01-27_drive1.csv,BEV2,calibration,1737960874000000000,1737962226000000000
BEV2_2025-01-27_drive2.csv,BEV2,calibration,1737991091000000000,1737992597000000000
BEV2_2025-01-29_drive1.csv,BEV2,calibration,1738135456000000000,1738136776000000000
BEV2_2025-01-29_drive2.csv,BEV2,calibration,1738161530000000000,1738165012000000000
BEV2_2025-01-30_drive1.csv,BEV2,calibration,1738243455000000000,1738246825000000000
BEV2_2025-01-30_drive2.csv,BEV2,calibration,1738250136000000000,1738252920000000000
BEV2_2025-01-30_drive3.csv,BEV2,calibration,1738257672000000000,1738258736000000000
BEV2_2025-01-31_drive1.csv,BEV2,calibration,1738322518000000000,1738323015000000000
BEV2_2025-01-31_drive2.csv,BEV2,calibration,1738337314000000000,1738337380000000000
BEV2_2025-01-31_drive3.csv,BEV2,calibration,1738342577000000000,1738343157000000000
BEV2_2025-02-01_drive1.csv,BEV2,calibration,1738416133000000000,1738416435000000000
BEV2_2025-02-01_drive2.csv,BEV2,calibration,1738432075000000000,1738432576000000000
BEV2_2025-02-01_drive3.csv,BEV2,calibration,1738432669000000000,1738433001000000000
BEV2_2025-02-01_drive4.csv,BEV2,calibration,1738435067000000000,1738435507000000000
BEV2_2025-02-01_drive5.csv,BEV2,calibration,1738441386000000000,1738441693000000000
BEV2_2025-02-01_drive6.csv,BEV2,calibration,1738452646000000000,1738452976000000000
BEV2_2025-02-02_drive1.csv,BEV2,calibration,1738485227000000000,1738485951000000000
BEV2_2025-02-02_drive2.csv,BEV2,calibration,1738491218000000000,1738491678000000000
BEV2_2025-02-02_drive3.csv,BEV2,calibration,1738504016000000000,1738504460000000000
BEV2_2025-02-02_drive4.csv,BEV2,calibration,1738518841000000000,1738519175000000000
BEV2_2025-02-02_drive5.csv,BEV2,calibration,1738519277000000000,1738521197000000000
BEV2_2025-02-02_drive6.csv,BEV2,calibration,1738521760000000000,1738522136000000000
BEV2_2025-02-02_drive7.csv,BEV2,calibration,1738525424000000000,1738525699000000000
BEV2_2025-02-02_drive8.csv,BEV2,calibration,1738536072000000000,1738536440000000000
BEV2_2025-02-03_drive1.csv,BEV2,calibration,1738561096000000000,1738562870000000000
BEV2_2025-02-03_drive2.csv,BEV2,calibration,1738562955000000000,1738562970000000000
BEV2_2025-02-03_drive3.csv,BEV2,calibration,1738563584000000000,1738564258000000000
BEV2_2025-02-03_drive4.csv,BEV2,calibration,1738571754000000000,1738571820000000000
BEV2_2025-02-03_drive5.csv,BEV2,calibration,1738598872000000000,1738599238000000000
BEV2_2025-02-03_drive6.csv,BEV2,calibration,1738611540000000000,1738612155000000000
BEV2_2025-02-03_drive7.csv,BEV2,calibration,1738625174000000000,1738625517000000000
BEV2_2025-02-04_drive1.csv,BEV2,calibration,1738650985000000000,1738651594000000000
BEV2_2025-02-04_drive2.csv,BEV2,calibration,1738653409000000000,1738656962000000000
BEV2_2025-02-04_drive3.csv,BEV2,calibration,1738676140000000000,1738678442000000000
BEV2_2025-02-04_drive4.csv,BEV2,calibration,1738685614000000000,1738686319000000000
BEV2_2025-02-05_drive1.csv,BEV2,calibration,1738749889000000000,1738752032000000000
BEV2_2025-02-05_drive2.csv,BEV2,calibration,1738773960000000000,1738776372000000000
BEV2_2025-02-06_drive1.csv,BEV2,calibration,1738825518000000000,1738829023000000000
BEV2_2025-02-06_drive2.csv,BEV2,calibration,1738859082000000000,1738861632000000000
BEV2_2025-02-07_drive1.csv,BEV2,calibration,1738934984000000000,1738937599000000000
BEV2_2025-02-07_drive2.csv,BEV2,calibration,1738939328000000000,1738939414000000000
BEV2_2025-02-07_drive3.csv,BEV2,calibration,1738944818000000000,1738946942000000000
BEV2_2025-02-09_drive1.csv,BEV2,calibration,1739129408000000000,1739129996000000000
BEV2_2025-02-11_drive1.csv,BEV2,calibration,1739254221000000000,1739256822000000000
BEV2_2025-02-11_drive2.csv,BEV2,calibration,1739304605000000000,1739306256000000000
BEV2_2025-02-12_drive1.csv,BEV2,calibration,1739342719000000000,1739344962000000000
BEV2_2025-02-12_drive2.csv,BEV2,calibration,1739380256000000000,1739382669000000000
BEV2_2025-02-12_drive3.csv,BEV2,calibration,1739392706000000000,1739393484000000000
BEV2_2025-02-14_drive1.csv,BEV2,calibration,1739546740000000000,1739548207000000000
BEV2_2025-02-14_drive2.csv,BEV2,calibration,1739549228000000000,1739549934000000000
BEV2_2025-02-15_drive1.csv,BEV2,calibration,1739609070000000000,1739609764000000000
BEV2_2025-02-15_drive2.csv,BEV2,calibration,1739613377000000000,1739613588000000000
BEV2_2025-02-15_drive3.csv,BEV2,calibration,1739623969000000000,1739624204000000000
BEV2_2025-02-15_drive4.csv,BEV2,calibration,1739639371000000000,1739640049000000000
BEV2_2025-02-15_drive5.csv,BEV2,calibration,1739643436000000000,1739651429000000000
BEV2_2025-02-15_drive6.csv,BEV2,calibration,1739653576000000000,1739653979000000000
BEV2_2025-02-16_drive1.csv,BEV2,future,1739696593000000000,1739697129000000000
BEV2_2025-02-16_drive2.csv,BEV2,future,1739704038000000000,1739704878000000000
BEV2_2025-02-16_drive3.csv,BEV2,future,1739710222000000000,1739717216000000000
BEV2_2025-02-16_drive4.csv,BEV2,future,1739722156000000000,1739723329000000000
BEV2_2025-02-16_drive6.csv,BEV2,future,1739730989000000000,1739733531000000000
BEV2_2025-02-16_drive7.csv,BEV2,future,1739737422000000000,1739738149000000000
BEV2_2025-02-16_drive8.csv,BEV2,future,1739738732000000000,1739739177000000000
BEV2_2025-02-17_drive1.csv,BEV2,future,1739774473000000000,1739775120000000000
BEV2_2025-02-17_drive2.csv,BEV2,future,1739791546000000000,1739793251000000000
BEV2_2025-02-17_drive3.csv,BEV2,future,1739800547000000000,1739800770000000000
BEV2_2025-02-19_drive1.csv,BEV2,future,1739955511000000000,1739957542000000000
BEV2_2025-02-19_drive2.csv,BEV2,future,1739981221000000000,1739983198000000000
BEV2_2025-02-21_drive1.csv,BEV2,future,1740160362000000000,1740161576000000000
BEV2_2025-02-22_drive1.csv,BEV2,future,1740220903000000000,1740222254000000000
BEV2_2025-02-23_drive1.csv,BEV2,future,1740299871000000000,1740300109000000000
BEV2_2025-02-24_drive1.csv,BEV2,future,1740409855000000000,1740410225000000000
BEV2_2025-02-24_drive2.csv,BEV2,future,1740411573000000000,1740411604000000000
BEV2_2025-02-26_drive1.csv,BEV2,future,1740555994000000000,1740556317000000000
BEV2_2025-02-26_drive2.csv,BEV2,future,1740590656000000000,1740593896000000000
BEV2_2025-02-27_drive1.csv,BEV2,future,1740638394000000000,1740638633000000000
BEV2_2025-02-27_drive2.csv,BEV2,future,1740639087000000000,1740640646000000000
BEV2_2025-02-27_drive3.csv,BEV2,future,1740675276000000000,1740676222000000000
BEV2_2025-02-27_drive4.csv,BEV2,future,1740676450000000000,1740677073000000000
BEV2_2025-02-28_drive1.csv,BEV2,future,1740725602000000000,1740726229000000000
BEV2_2025-02-28_drive2.csv,BEV2,future,1740732917000000000,1740733458000000000
BEV2_2025-02-28_drive3.csv,BEV2,future,1740733557000000000,1740734161000000000
BEV2_2025-02-28_drive4.csv,BEV2,future,1740740548000000000,1740740890000000000
BEV2_2025-02-28_drive5.csv,BEV2,future,1740767574000000000,1740768166000000000
BEV2_2025-03-02_drive1.csv,BEV2,future,1740906978000000000,1740907386000000000
BEV2_2025-03-02_drive2.csv,BEV2,future,1740908387000000000,1740908752000000000
BEV2_2025-03-02_drive3.csv,BEV2,future,1740919394000000000,1740924326000000000
BEV2_2025-03-02_drive4.csv,BEV2,future,1740925108000000000,1740926238000000000
BEV2_2025-03-02_drive5.csv,BEV2,future,1740937347000000000,1740938007000000000
BEV2_2025-03-02_drive6.csv,BEV2,future,1740953576000000000,1740956722000000000
BEV2_2025-03-03_drive1.csv,BEV2,future,1740984557000000000,1740985041000000000
BEV2_2025-03-03_drive2.csv,BEV2,future,1741022298000000000,1741022952000000000
BEV2_2025-03-04_drive1.csv,BEV2,future,1741057981000000000,1741059352000000000
BEV2_2025-03-06_drive1.csv,BEV2,future,1741281289000000000,1741283114000000000
BEV2_2025-03-07_drive1.csv,BEV2,future,1741331770000000000,1741332326000000000
BEV2_2025-03-07_drive2.csv,BEV2,future,1741356613000000000,1741356710000000000
BEV2_2025-03-07_drive3.csv,BEV2,future,1741365840000000000,1741365962000000000
BEV2_2025-03-07_drive4.csv,BEV2,future,1741366148000000000,1741366921000000000
BEV2_2025-03-07_drive5.csv,BEV2,future,1741368516000000000,1741368953000000000
BEV2_2025-03-07_drive6.csv,BEV2,future,1741369616000000000,1741370106000000000
BEV2_2025-03-08_drive1.csv,BEV2,future,1741424378000000000,1741425993000000000
BEV2_2025-03-08_drive2.csv,BEV2,future,1741426163000000000,1741426694000000000
BEV2_2025-03-08_drive3.csv,BEV2,future,1741458257000000000,1741459011000000000
BEV2_2025-03-08_drive4.csv,BEV2,future,1741466167000000000,1741466599000000000
BEV2_2025-03-09_drive1.csv,BEV2,future,1741513765000000000,1741514388000000000
BEV2_2025-03-09_drive2.csv,BEV2,future,1741517140000000000,1741517531000000000
BEV2_2025-03-09_drive3.csv,BEV2,future,1741519386000000000,1741520347000000000
BEV2_2025-03-09_drive4.csv,BEV2,future,1741528366000000000,1741532193000000000
BEV2_2025-03-09_drive5.csv,BEV2,future,1741536212000000000,1741540102000000000
BEV2_2025-03-09_drive6.csv,BEV2,future,1741549686000000000,1741550335000000000
BEV2_2025-03-09_drive7.csv,BEV2,future,1741550827000000000,1741551381000000000
BEV2_2025-03-10_drive1.csv,BEV2,future,1741588428000000000,1741588926000000000
BEV2_2025-03-10_drive2.csv,BEV2,future,1741600967000000000,1741601017000000000
BEV2_2025-03-10_drive3.csv,BEV2,future,1741623899000000000,1741624753000000000
BEV2_2025-03-11_drive1.csv,BEV2,future,1741674791000000000,1741675513000000000
BEV2_2025-03-11_drive2.csv,BEV2,future,1741706821000000000,1741707563000000000
BEV2_2025-03-11_drive3.csv,BEV2,future,1741712152000000000,1741712979000000000
BEV2_2025-03-11_drive4.csv,BEV2,future,1741724900000000000,1741725370000000000
BEV2_2025-03-11_drive5.csv,BEV2,future,1741725454000000000,1741725591000000000
BEV2_2025-03-12_drive1.csv,BEV2,future,1741759687000000000,1741766688000000000
BEV2_2025-03-12_drive2.csv,BEV2,future,1741788396000000000,1741794612000000000
BEV2_2025-03-12_drive3.csv,BEV2,future,1741801352000000000,1741801775000000000
BEV2_2025-03-12_drive4.csv,BEV2,future,1741808549000000000,1741809142000000000
BEV2_2025-03-13_drive1.csv,BEV2,future,1741848059000000000,1741848744000000000
BEV2_2025-03-13_drive2.csv,BEV2,future,1741881141000000000,1741881817000000000
BEV2_2025-03-13_drive3.csv,BEV2,future,1741883643000000000,1741887747000000000
BEV2_2025-03-13_drive4.csv,BEV2,future,1741897584000000000,1741900458000000000
BEV2_2025-03-14_drive1.csv,BEV2,future,1741935265000000000,1741937358000000000
BEV2_2025-03-14_drive2.csv,BEV2,future,1741942698000000000,1741943070000000000
BEV2_2025-03-14_drive3.csv,BEV2,future,1741943188000000000,1741944000000000000
BEV2_2025-03-14_drive4.csv,BEV2,future,1741951372000000000,1741952243000000000
BEV2_2025-03-14_drive5.csv,BEV2,future,1741958335000000000,1741958920000000000
BEV2_2025-03-14_drive6.csv,BEV2,future,1741970691000000000,1741971336000000000
BEV2_2025-03-14_drive7.csv,BEV2,future,1741972094000000000,1741973181000000000
BEV2_2025-03-14_drive8.csv,BEV2,future,1741976396000000000,1741977477000000000
BEV2_2025-03-15_drive1.csv,BEV2,future,1742032905000000000,1742033252000000000
BEV2_2025-03-15_drive2.csv,BEV2,future,1742033495000000000,1742033838000000000
BEV2_2025-03-15_drive3.csv,BEV2,future,1742034928000000000,1742035450000000000
BEV2_2025-03-15_drive4.csv,BEV2,future,1742039031000000000,1742039559000000000
BEV2_2025-03-15_drive5.csv,BEV2,future,1742045880000000000,1742049661000000000
BEV2_2025-03-15_drive6.csv,BEV2,future,1742050424000000000,1742051338000000000
BEV2_2025-03-15_drive7.csv,BEV2,future,1742054276000000000,1742057043000000000
BEV2_2025-03-15_drive8.csv,BEV2,future,1742058012000000000,1742059068000000000
BEV2_2025-03-16_drive1.csv,BEV2,future,1742117712000000000,1742118145000000000
BEV2_2025-03-16_drive2.csv,BEV2,future,1742118556000000000,1742119098000000000
BEV2_2025-03-16_drive3.csv,BEV2,future,1742120953000000000,1742121546000000000
BEV2_2025-03-16_drive4.csv,BEV2,future,1742125826000000000,1742126708000000000
BEV2_2025-03-16_drive5.csv,BEV2,future,1742128726000000000,1742129319000000000
BEV2_2025-03-16_drive6.csv,BEV2,future,1742129405000000000,1742130785000000000
BEV2_2025-03-16_drive7.csv,BEV2,future,1742143209000000000,1742144894000000000
BEV2_2025-03-17_drive1.csv,BEV2,future,1742193678000000000,1742194190000000000
BEV2_2025-03-18_drive1.csv,BEV2,future,1742282397000000000,1742284956000000000
BEV2_2025-03-18_drive2.csv,BEV2,future,1742313757000000000,1742317240000000000
BEV2_2025-03-20_drive1.csv,BEV2,future,1742471952000000000,1742473211000000000
BEV2_2025-03-20_drive2.csv,BEV2,future,1742488760000000000,1742491692000000000
BEV2_2025-03-22_drive1.csv,BEV2,future,1742629638000000000,1742630147000000000
BEV2_2025-03-22_drive2.csv,BEV2,future,1742643005000000000,1742643573000000000
BEV2_2025-03-22_drive3.csv,BEV2,future,1742651509000000000,1742653876000000000
BEV2_2025-03-22_drive4.csv,BEV2,future,1742660095000000000,1742662409000000000
BEV2_2025-03-23_drive1.csv,BEV2,future,1742722511000000000,1742723049000000000
BEV2_2025-03-23_drive2.csv,BEV2,future,1742755815000000000,1742756735000000000
BEV2_2025-03-24_drive1.csv,BEV2,future,1742815512000000000,1742815545000000000
BEV2_2025-03-26_drive1.csv,BEV2,future,1742971476000000000,1742974187000000000
BEV2_2025-03-28_drive1.csv,BEV2,future,1743170077000000000,1743170276000000000
BEV2_2025-03-28_drive2.csv,BEV2,future,1743175467000000000,1743175673000000000
BEV2_2025-03-28_drive3.csv,BEV2,future,1743189420000000000,1743190476000000000
BEV2_2025-03-29_drive1.csv,BEV2,future,1743252828000000000,1743254804000000000
BEV2_2025-03-29_drive2.csv,BEV2,future,1743259410000000000,1743260392000000000
BEV2_2025-03-29_drive3.csv,BEV2,future,1743269307000000000,1743272179000000000
BEV2_2025-03-30_drive2.csv,BEV2,future,1743360296000000000,1743362253000000000
BEV2_2025-03-31_drive1.csv,BEV2,future,1743400479000000000,1743400623000000000
BEV2_2025-03-31_drive2.csv,BEV2,future,1743431297000000000,1743432861000000000
BEV2_2025-04-01_drive1.csv,BEV2,future,1743504040000000000,1743504262000000000
BEV2_2025-04-01_drive2.csv,BEV2,future,1743522579000000000,1743524867000000000
BEV2_2025-04-03_drive1.csv,BEV2,future,1743661429000000000,1743664366000000000
BEV2_2025-04-03_drive2.csv,BEV2,future,1743693137000000000,1743698104000000000
BEV2_2025-04-04_drive1.csv,BEV2,future,1743784497000000000,1743785001000000000
BEV2_2025-04-04_drive2.csv,BEV2,future,1743795106000000000,1743795547000000000
BEV2_2025-04-04_drive3.csv,BEV2,future,1743798539000000000,1743798736000000000
BEV2_2025-04-05_drive1.csv,BEV2,future,1743851994000000000,1743853165000000000
BEV2_2025-04-05_drive2.csv,BEV2,future,1743871649000000000,1743872326000000000
BEV2_2025-04-06_drive1.csv,BEV2,future,1743929345000000000,1743930393000000000
BEV2_2025-04-07_drive1.csv,BEV2,future,1744017294000000000,1744019085000000000
BEV2_2025-04-07_drive2.csv,BEV2,future,1744037154000000000,1744041429000000000
BEV2_2025-04-10_drive1.csv,BEV2,future,1744284928000000000,1744286566000000000
BEV2_2025-04-11_drive1.csv,BEV2,future,1744352273000000000,1744355181000000000
BEV2_2025-04-11_drive2.csv,BEV2,future,1744386692000000000,1744389245000000000
BEV2_2025-04-11_drive3.csv,BEV2,future,1744390137000000000,1744391289000000000
BEV2_2025-04-12_drive1.csv,BEV2,future,1744481023000000000,1744481278000000000
BEV2_2025-04-13_drive1.csv,BEV2,future,1744535390000000000,1744535760000000000
BEV2_2025-04-14_drive1.csv,BEV2,future,1744616981000000000,1744617299000000000
BEV2_2025-04-14_drive2.csv,BEV2,future,1744621174000000000,1744622507000000000
BEV2_2025-04-14_drive3.csv,BEV2,future,1744633201000000000,1744636861000000000
BEV2_2025-04-14_drive4.csv,BEV2,future,1744639372000000000,1744640035000000000
BEV2_2025-04-14_drive5.csv,BEV2,future,1744643930000000000,1744646945000000000
BEV2_2025-04-14_drive6.csv,BEV2,future,1744655480000000000,1744655886000000000
BEV2_2025-04-15_drive1.csv,BEV2,future,1744736389000000000,1744736505000000000
BEV2_2025-04-16_drive1.csv,BEV2,future,1744785232000000000,1744785461000000000
BEV2_2025-04-16_drive2.csv,BEV2,future,1744817113000000000,1744820003000000000
BEV2_2025-04-17_drive1.csv,BEV2,future,1744869602000000000,1744871664000000000
BEV2_2025-04-17_drive2.csv,BEV2,future,1744903237000000000,1744906092000000000
BEV2_2025-04-17_drive3.csv,BEV2,future,1744907108000000000,1744911669000000000
BEV2_2025-04-17_drive5.csv,BEV2,future,1744922350000000000,1744927620000000000
BEV2_2025-04-18_drive1.csv,BEV2,future,1744967667000000000,1744967885000000000
BEV2_2025-04-22_drive1.csv,BEV2,future,1745301070000000000,1745303970000000000
BEV2_2025-04-22_drive2.csv,BEV2,future,1745314134000000000,1745316778000000000
BEV2_2025-04-22_drive4.csv,BEV2,future,1745353966000000000,1745354140000000000
BEV2_2025-04-23_drive1.csv,BEV2,future,1745384996000000000,1745386041000000000
BEV2_2025-04-25_drive1.csv,BEV2,future,1745574267000000000,1745575151000000000
BEV2_2025-04-25_drive2.csv,BEV2,future,1745583525000000000,1745585753000000000
BEV2_2025-04-25_drive3.csv,BEV2,future,1745602553000000000,1745602799000000000
BEV2_2025-04-26_drive1.csv,BEV2,future,1745673508000000000,1745675795000000000
BEV2_2025-04-26_drive2.csv,BEV2,future,1745684410000000000,1745686146000000000
BEV2_2025-04-26_drive3.csv,BEV2,future,1745688014000000000,1745688771000000000
BEV2_2025-04-27_drive1.csv,BEV2,future,1745746413000000000,1745746871000000000
BEV2_2025-04-27_drive2.csv,BEV2,future,1745750760000000000,1745751146000000000
BEV2_2025-04-27_drive3.csv,BEV2,future,1745751345000000000,1745751515000000000
BEV2_2025-04-27_drive4.csv,BEV2,future,1745752041000000000,1745752213000000000
BEV2_2025-04-27_drive5.csv,BEV2,future,1745758372000000000,1745758538000000000
BEV2_2025-04-29_drive1.csv,BEV2,future,1745913710000000000,1745914022000000000
BEV2_2025-04-29_drive2.csv,BEV2,future,1745940027000000000,1745940129000000000
BEV2_2025-04-30_drive1.csv,BEV2,future,1745993317000000000,1745995384000000000
